gujarati_female_000047|C32 C0 C11 C22 C0 C24 C0 C1 C23 <wb> C21 C0 C36 C13 C0 C9 C0 C1 C23 C24 C0 C26 <wb> C31 C0 C16 C32 C0 C21 C0 <wb> C30 C0 C28 C0 C29 C0 C31 C0 <wb> C32 C0 C33 C0 C1 <wb> C19 C0 C23 C28 C0 C37 C0 C1 C24 C0 C11 <wb> C19 C0 C1 C29 C0 C25 C0 C11 <wb> C30 C0 C32 C0 C32 C0 <wb> C8 C0 C29 C0 C36 C17 C0 C38 C0 C1 <wb> C19 C0 C29 C0 C32 C0 C16 <wb> C3 C0 C1 C28 C0 C36 C24 C0 C16 <wb> C1 C23 C13 C0 C21 C0 C16 C26 C22 C0 C1 C23 C33 C0 C16 <wb> C0 C22 C0 C1 C29 C0 C1 <wb> C28 C0 C29 C0 <wb> C6 C0 C21 C0 C19 C0 C1 C32 C0 C1 <wb> C37 C0 C15 C0 C1 C21 C0 C24 C0 C1 <wb> C6 C0 C1 C23 C34 C0 C1 <wb> C15 C0 C17 C0 C16 <wb> C11 <wb> C11 C17 C0 <wb> C14 C0 C29 C0 C22 C0 C1 C23 <wb> C19 C0 C38 C0 C1 C23 C19 C0 <wb> C28 C0 C9 C0 C38 C0 C1 <wb> C15 C0 C31 C0 C11
gujarati_female_000090|C1 <wb> C37 C0 C16 C17 C0 C38 C0 <wb> C7 C0 C37 C0 C1 C29 C0 C1 <wb> C4 C0 C1 C29 C0 C32 C0 C11 <wb> C26 C30 C0 C34 C0 C29 C0 C11 C21 C0 C16 C38 C0 C1 C24 C0 C11 <wb> C30 C0 C32 C0 C32 C0 <wb> C30 C0 C26 C21 C0 <wb> C22 C0 C11 C5 C0 C26 <wb> C17 C0 C16 C32 C0 C37 C0 C1 C24 C0 C26 <wb> C5 C0 C1 C21 C0 C16 <wb> C29 C0 C15 C0 C11 C21 C0 C26 <wb> C36 C28 C0 C19 C0 C29 C0 C22 C0 <wb> C32 C0 C26 C9 C0 C38 C0 C26 <wb> C15 C0 C32 C0 C26 <wb> C0 C24 C0 C11 <wb> C4 C0 C1 C29 C0 C32 C0 C24 C0 C16 <wb> C34 C0 C16 C22 C0 C24 C0 C11 <wb> C13 C0 C36 C22 C0 C1 C37 C0 C16 <wb> C7 C0 C16 C8 C0 C11 C21 C0 C26 <wb> C1 C32 C0 C22 C0 C37 C0 C16 C31 C0 C37 C0 C1 C30 C0 <wb> C28 C0 C1 C6 C0 C26 <wb> C0 C28 C0 C1 C37 C0 C38 C0 C26 <wb> C15 C0 C32 C0 C26
gujarati_female_000120|C15 C0 C1 C16 C9 C0 C29 C0 C26 C17 C0 C24 C0 <wb> C17 C0 C11 C37 C0 C1 <wb> C15 C0 C21 C0 C19 C0 C1 <wb> C32 C0 C32 C0 C32 C0 C37 C0 C26 <wb> C32 C0 C1 C29 C0 C1 C24 C0 C1 <wb> C15 C0 C1 C29 C0 C7 C0 C22 C0 C1 C23 <wb> C30 C0 C23 C21 C0 C38 C0 C24 C0 <wb> C28 C0 C1 C22 C0 C11 <wb> C11 C34 C0 C21 C0 C11 <wb> C19 C0 C11 <wb> C33 C0 C29 C0 C22 C0 C26 C24 C0 C38 C0 C36 C19 C0 C21 C0 C16 C38 C0 C29 C0 <wb> C28 C0 C29 C0 C19 C0 C29 C0 C16 C38 C0 C1 <wb> C19 C0 C29 C0 C11 <wb> C32 C0 C38 C0 C1 C29 C0 C11 <wb> C28 C0 C29 C0 C19 C0 C1 C31 C0 <wb> C36 C29 C0 C17 C0 C1 C24 C0 C1 <wb> C19 C0 C25 C0 C26 <wb> C11 C37 C0 C1 <wb> C12 C0 C26 C34 C0 C26 C24 C0 <wb> C36 C32 C0 C28 C0 C24 C0 C24 C0 <wb> C33 C0 C1 C38 C0 <wb> C6 C0 C11
gujarati_female_000123|C11 C28 C0 C29 C0 C16 C21 C0 <wb> C3 C0 C11 <wb> C15 C0 C17 C0 C1 C29 C0 <wb> C7 C0 C31 C0 <wb> C24 C0 C16 <wb> C17 C0 C16 C11 C30 C0 C11 C21 C0 C37 C0 C16 <wb> C9 C0 C16 <wb> C32 C0 C29 C0 C25 C0 <wb> C24 C0 C16 <wb> C36 C9 C0 C1 C24 C0 C22 C0 C1 C23 <wb> C4 C0 C1 C29 C0 C32 C0 C22 C0 C1 C23 <wb> C3 C0 C24 C0 C1 C37 C0 C11 C21 C0 <wb> C28 C0 C29 C0 C33 C0 C22 C0 <wb> C19 C0 C29 C0 C1 C38 C0 C26 C17 C0 C11 C24 C0 C16 C19 C0 <wb> C11 C24 C0 C17 C0 C16 C24 C0 C24 C0 C16 <wb> C3 C0 C11 <wb> C22 C0 C26 C34 C0 C29 C0 C26 <wb> C7 C0 C1 C13 C0 C16 <wb> C24 C0 C15 C0 C16 C23 <wb> C28 C0 C29 C0 C16 C25 C0 C1 C22 C0 C11 <wb> C32 C0 C11 <wb> C22 C0 C16 C31 C0 C24 C0 <wb> C24 C0 C16 C31 C0 C12 C0 C21 C0 <wb> C13 C0 C38 C0 C36 C23 <wb> C15 C0 C32 C0 C36 C23
gujarati_female_000127|C20 C1 C30 C0 C19 C0 C29 C16 C24 C11 <wb> C11 C31 C0 C16 C38 C0 C1 <wb> C0 C24 C0 C11 <wb> C1 C12 C0 C29 C0 C16 C19 C0 C1 C22 C0 C1 C23 <wb> C17 C0 C22 C0 C16 C24 C0 <wb> C0 C8 C0 C16 C13 C0 C29 C0 C15 C0 C25 C0 C24 C0 C16 <wb> C1 <wb> C21 C0 C15 C0 C11 C29 C0 C11 <wb> C20 C0 C11 C9 C0 C36 C32 C0 C26 C24 C0 C1 <wb> C15 C0 C19 C0 C19 C0 <wb> C0 C24 C0 C11 <wb> C20 C0 C1 C7 C0 C38 C0 <wb> C30 C0 C36 C29 C0 C19 C0 C31 C0 C1 <wb> C30 C0 C1 C33 C0 C11 <wb> C17 C0 C26 C9 C0 C1 C38 C0 C11 C21 C0 C16 <wb> C5 C0 C16 C23 C32 C0 C1 C26 C22 C0 C1 C23 <wb> C37 C0 C8 C0 C1 C29 C0 C26 <wb> C19 C0 C29 C0 C38 C0 C26 <wb> C6 C0 C11
gujarati_female_000139|C16 C23 C13 C0 C21 C0 C11 C24 C0 C9 C0 <wb> C37 C0 C32 C0 C24 C0 <wb> C28 C0 C29 C0 C32 C0 <wb> C12 C0 C29 C0 C11 <wb> C32 C0 C11 <wb> C30 C0 C22 C0 C38 C0 <wb> C11 C34 C0 C21 C0 C11 <wb> C19 C0 C11 <wb> C32 C0 C29 C0 C11 C37 C0 C16 C30 C0 <wb> C9 C0 C16 C30 C0 C11 C22 C0 C3 C0 C29 C0 C33 C0 C16 <wb> C7 C0 C30 C0 <wb> C17 C0 C1 C24 C0 C38 C0 C36 C37 C0 C1 C29 C0 C16 <wb> C7 C0 C29 C0 C22 C0 C16 C38 C0 C1 C24 C0 <wb> C4 C0 C1 C29 C0 C32 C0 <wb> C0 C24 C0 C11 <wb> C28 C0 C1 C19 C0 C16 C30 C0 C32 C0 C1 C24 C0 <wb> C37 C0 C5 C0 C5 C0 C11 <wb> C19 C0 C29 C0 C16 C19 C0 C11 C34 C0 <wb> C31 C0 C29 C0 C11 C25 C0 C16 <wb> C29 C0 C22 C0 C1 C37 C0 C37 C0 C1 C24 C0 C16 <wb> C30 C0 C23 C4 C0 C1 C37 C0 C24 C0 C1 <wb> C6 C0 C11
gujarati_female_000154|C0 C22 C0 C11 C29 C0 C16 C19 C0 C1 C24 C0 C1 <wb> C17 C0 C11 <wb> C19 C0 C22 C0 C1 C24 C0 C9 C0 C26 C11 <wb> C26 C30 C0 C1 C22 C0 C1 <wb> C3 C0 C16 C24 C0 <wb> C21 C0 C1 C7 C0 C11 C24 C0 C24 C0 C26 <wb> C14 C0 C1 C32 C0 <wb> C19 C0 C29 C0 C38 C0 C26 <wb> C32 C0 C11 <wb> C3 C0 C8 C0 C1 <wb> C30 C0 C21 C0 C1 C22 C0 C32 C0 <wb> C29 C0 C16 C32 C0 C11 <wb> C28 C0 C26 C32 C0 C1 C24 C0 C1 <wb> C17 C0 C15 C0 C1 C17 C0 <wb> C28 C0 C29 C0 <wb> C28 C0 C1 C6 C0 C1 <wb> C12 C0 C29 C0 C38 C0 C1 <wb> C32 C0 C11 <wb> C3 C0 C32 C0 C1 C37 C0 C11 <wb> C6 C0 C11 <wb> C19 C0 C11 <wb> C32 C0 C11 C26 <wb> C15 C0 C1 C16 C34 C0 C11 C19 C0 C33 C0 C16 <wb> C30 C0 C36 C29 C0 C19 C0 C31 C0 C16 C32 C0 <wb> C15 C0 C32 C0 C1
gujarati_female_000156|C28 C0 C33 C0 C37 C0 C16 C24 C0 C1 <wb> C24 C0 C16 C29 C0 C37 C0 C8 C0 C16 <wb> C28 C0 C34 C0 <wb> C28 C0 C29 C0 <wb> C36 C4 C0 C11 C21 C0 C1 C23 <wb> C1 <wb> C37 C0 C19 C0 C31 C0 C26 <wb> C37 C0 C16 C31 C0 C1 C21 C0 <wb> C31 C0 C32 C0 C29 C0 C23 C17 C0 C12 C0 C21 C0 C19 C0 <wb> C28 C0 C29 C0 <wb> C22 C0 C36 C19 C0 C1 C38 C0 C11 C21 C0 C1 C23 <wb> C28 C0 C38 C0 C1 C7 C0 C1 C23 <wb> C17 C0 C11 C37 C0 C1 C23 <wb> C21 C0 C1 C13 C0 C11 <wb> C6 C0 C11 <wb> C31 C0 C23 C13 C0 C11 C33 C0 C16 <wb> C32 C0 C22 C0 C11 <wb> C11 C22 C0 C24 C0 C11 <wb> C17 C0 C26 C38 C0 C1 C23 <wb> C15 C0 C31 C0 C11 <wb> C32 C0 C26 <wb> C1 <wb> C37 C0 C1 C32 C0 <wb> C18 C0 C34 C0 <wb> C30 C0 C22 C0 C17 C0 C1 C16 <wb> C17 C0 C31 C0 C11
gujarati_female_000175|C22 C0 C15 C0 C1 C29 C0 C1 C31 C0 C34 C0 C29 C0 C24 C0 C1 <wb> C24 C0 C23 C7 C0 C36 C29 C0 C3 C0 C1 C29 C0 <wb> C17 C0 C16 C21 C0 C21 C0 C1 C22 C0 C1 C23 <wb> C7 C0 C29 C0 C11 C19 C0 <wb> C4 C0 C1 C29 C0 C32 C0 C16 C38 C0 C24 C0 C11 <wb> C20 C0 C1 C30 C0 <wb> C28 C0 C29 C0 C19 C0 C1 C29 C0 C24 C0 C26 <wb> C3 C0 C1 C29 C0 <wb> C1 C23 C19 C0 C9 C0 C1 C37 C0 C1 C21 C0 C26 <wb> C38 C0 C36 C24 C0 C16 C19 C0 <wb> C1 C16 C9 C0 C11 C24 C0 C34 C0 C16 C12 C0 C16 C19 C0 C11 C31 C0 C24 C0 <wb> C1 C28 C0 C37 C0 C1 C24 C0 C1 <wb> C28 C0 C29 C0 C26 C17 C0 C11 C19 C0 C34 C0 C24 C0 C26 <wb> C31 C0 C36 C4 C0 C1 C29 C0 C23 C4 C0 <wb> C33 C0 C38 C0 C26
gujarati_female_000196|C5 C0 C36 C23 C34 C0 C25 C0 C16 C24 C0 C1 C23 <wb> C28 C0 C29 C0 C16 C25 C0 C1 C22 C0 <wb> C28 C0 C6 C0 C16 <wb> C22 C0 C36 C21 C0 C1 C38 C0 C22 C0 C30 C0 C16 C23 C14 C0 <wb> C38 C0 C1 C7 C0 C37 C0 C11 <wb> C4 C0 C1 C29 C0 C32 C0 C24 C0 C1 <wb> C21 C0 C26 C19 C0 C31 C0 C1 C15 C0 C16 <wb> C29 C0 C1 C17 C0 C19 C0 C1 C29 C0 C25 C0 C22 C0 C1 C23 <wb> C37 C0 C14 C0 C36 <wb> C11 C19 C0 <wb> C37 C0 C23 C31 C0 C28 C0 C29 C0 C23 C28 C0 C29 C0 C1 C24 C0 C26 <wb> C36 C22 C0 C11 C29 C0 C26 <wb> C19 C0 C38 C0 C26 C23 <wb> C6 C0 C11
gujarati_female_000231|C28 C0 C29 C0 C11 C32 C0 C1 C32 C0 C22 C0 C1 C31 C0 C19 C0 C32 C0 C16 C24 C0 C1 <wb> C0 C30 C0 C32 C0 C16 C32 C0 C37 C0 C24 C0 C1 <wb> C28 C0 C29 C0 C38 C0 C26 C13 C0 C26 C24 C0 C16 <wb> C19 C0 C30 C0 C26 C34 C0 C16 <wb> C19 C0 C29 C0 C1 C16 <wb> C15 C0 C32 C0 C16 <wb> C11 <wb> C3 C0 C11 C35 C0 C19 C0 <wb> C7 C0 C29 C0 C22 C0 C16 C38 C0 C1 C24 C0 <wb> C21 C0 C1 C16 C34 C0 <wb> C37 C0 C29 C0 C32 C0 C22 C0 C1 C24 C0 C28 C0 C32 C0 C29 C0 C24 C0 C1 <wb> C28 C0 C29 C0 C32 C0 C16 C24 C0 C16 C8 C0 C16 <wb> C9 C0 C30 C0 C24 C0 <wb> C29 C0 C26 C17 C0 C29 C0 C30 C0 <wb> C28 C0 C25 C0 <wb> C15 C0 C1 C17 C0 C29 C0 <wb> C15 C0 C32 C0 C1
gujarati_female_000251|C15 C0 C38 C0 C36 C22 C0 C24 C0 <wb> C17 C0 C11 C24 C0 C26 C22 C0 <wb> C30 C0 C16 C19 C0 C37 C0 C24 C0 C30 C0 <wb> C36 C19 C0 C11 C21 C0 C37 C0 C1 C24 C0 C16 <wb> C1 C28 C0 C25 C0 C16 <wb> C38 C0 C26 C13 C0 C38 C0 C32 C0 C1 <wb> C19 C0 C11 <wb> C0 C38 C0 C26 C13 C0 C38 C0 C32 C0 C1 C24 C0 C26 <wb> C1 C8 C0 C1 C29 C0 <wb> C1 C28 C0 C25 C0 C11 <wb> C30 C0 C16 C19 C0 C37 C0 C24 C0 C30 C0 <wb> C22 C0 C1 C34 C0 C11 <wb> C19 C0 C38 C0 C1 C23 <wb> C19 C0 C37 C0 C26 C21 C0 C16 C34 C0 C16 <wb> C30 C0 C34 C0 C1 C24 C0 C9 C0 C29 C0 C9 C0 <wb> C24 C0 C19 C0 C19 C0 C16 <wb> C19 C0 C29 C0 C16 C11 <wb> C6 C0 C16 C11 <wb> C32 C0 C11 C24 C0 C1 C23 <wb> C36 C28 C0 C29 C0 <wb> C29 C0 C15 C0 C11 C21 C0 C26 <wb> C6 C0 C11
gujarati_female_000262|C15 C0 C37 C0 C11 <wb> C30 C0 C29 C0 C19 C0 C1 C29 C0 <wb> C32 C0 C29 C0 C12 C0 C33 C0 C16 <wb> C21 C0 C16 C21 C0 C16 <wb> C18 C0 C23 C9 C0 C16 <wb> C22 C0 C21 C0 C38 C0 C1 <wb> C3 C0 C1 C7 C0 <wb> C28 C0 C15 C0 C11 C21 C0 C16 C37 C0 C1 C29 C0 <wb> C3 C0 C16 C30 C0 C16 C30 C0 C16 C1 C16 C11 <wb> C28 C0 C25 C0 <wb> C30 C0 C23 C19 C0 C11 C32 C0 <wb> C1 C28 C0 C16 <wb> C7 C0 C16 C8 C0 C1 <wb> C6 C0 C11 <wb> C19 C0 C11 <wb> C3 C0 C23 C24 C0 C11 <wb> C7 C0 C11 C31 C0 C26 <wb> C37 C0 C5 C0 C5 C0 C11 <wb> C19 C0 C29 C0 C16 C19 C0 C11 C34 C0 <wb> C30 C0 C3 C0 C23 C8 C0 C26 <wb> C30 C0 C36 C8 C0 C1 C29 C0 C37 C0 C1 C22 C0 C1 C23 <wb> C1 C37 C0 C11
gujarati_female_000311|C30 C0 C16 C23 C7 C0 C36 C29 C0 C16 <wb> C29 C0 C23 C13 C0 C24 C0 C1 C23 <wb> C22 C0 C26 C34 C0 C1 <wb> C22 C0 C26 C34 C0 C1 <wb> C12 C0 C36 C21 C0 C13 C0 C36 C5 C0 C6 C0 C1 <wb> C0 C24 C0 C11 <wb> C14 C0 C11 C29 C0 C1 C23 <wb> C21 C0 C16 C21 C0 C1 C23 <wb> C28 C0 C1 C24 C0 C33 C0 C16 <wb> C31 C0 C26 C4 C0 C32 C0 C1 C23 <wb> C28 C0 C11 C21 C0 C1 C23 <wb> C22 C0 C26 C34 C0 C1 C23 <wb> C37 C0 C19 C0 C31 C0 C26 C24 C0 C36 C23 <wb> C28 C0 C29 C0 C5 C0 C21 C0 C16 C32 C0 <wb> C24 C0 C1 C22 C0 <wb> C22 C0 C24 C0 C11 <wb> C28 C0 C30 C0 C23 C7 C0 <wb> C24 C0 C33 C0 C16
gujarati_female_000314|C3 C0 C29 C0 C16 C34 C0 C24 C0 C24 C0 C1 <wb> C22 C0 C29 C0 C11 C24 C0 C11 <wb> C19 C0 C1 C29 C0 C19 C0 C16 C29 C0 C7 C0 C16 C24 C0 C16 <wb> C32 C0 C29 C0 C16 C17 C0 C16 <wb> C13 C0 C29 C0 C1 C24 C0 C9 C0 <wb> C30 C0 C21 C0 C11 C22 C0 <wb> C12 C0 C1 C16 C24 C0 C21 C0 C22 C0 C1 C23 <wb> C28 C0 C25 C0 <wb> C29 C0 C24 C0 C29 C0 C30 C0 <wb> C0 C28 C0 C24 C0 C16 <wb> C34 C0 C29 C0 C26 C12 C0 C16 C33 C0 C16 <wb> C30 C0 C23 C32 C0 C26 C31 C0 <wb> C22 C0 C1 C24 C0 C37 C0 C26 <wb> C28 C0 C9 C0 C38 C0 C26 <wb> C15 C0 C32 C0 C26
gujarati_female_000439|C19 C0 C38 C0 C1 C29 C0 C11 C19 C0 <wb> C22 C0 C36 C31 C0 C1 C38 C0 C29 C0 C1 <wb> C19 C0 C11 <wb> C19 C0 C37 C0 C16 <wb> C30 C0 C23 C22 C0 C11 C21 C0 C24 C0 C26 C22 C0 C1 C23 <wb> C22 C0 C1 C24 C0 C30 C0 C16 C19 C0 <wb> C28 C0 C16 C9 C0 C1 <wb> C1 C28 C0 C16 <wb> C33 C0 C19 C0 C37 C0 C16 <wb> C24 C0 C1 C20 C0 C24 C0 C1 C29 C0 C1 C23 <wb> C21 C0 C1 C23 C3 C0 C1 C21 C0 C5 C0 C19 C0 <wb> C4 C0 C1 C31 C0 C25 C0 C26 C33 C0 C16 <wb> C19 C0 C23 C34 C0 C1 C21 C0 C26 <wb> C1 C37 C0 C11 <wb> C6 C0 C11
gujarati_female_000440|C37 C0 C2 C31 C0 C25 C0 C37 C0 C24 C0 C26 <wb> C22 C0 C36 C20 C0 C38 C0 <wb> C8 C0 C29 C0 C22 C0 <wb> C11 <wb> C17 C0 <wb> C6 C0 C11 <wb> C19 C0 C11 <wb> C28 C0 C26 C32 C0 C1 C24 C0 C1 <wb> C15 C0 C7 C0 C38 C0 C22 C0 C1 C23 <wb> C28 C0 C29 C0 C4 C0 C36 C24 C0 C36 C23 <wb> C30 C0 C37 C0 C29 C0 C36 C28 C0 <wb> C37 C0 C16 C29 C0 C36 C7 C0 C8 C0 <wb> C8 C0 C29 C0 C22 C0 C26 C24 C0 C1 <wb> C1 C31 C0 C29 C0 C38 C0 C38 C0 C36 C19 C0 C32 C0 <wb> C6 C0 C11
gujarati_female_000473|C7 C0 C19 C0 C31 C0 C16 C25 C0 <wb> C1 C12 C0 C29 C0 C16 C19 C0 C1 C24 C0 C1 <wb> C24 C0 C15 C0 C26 C29 C0 C37 C0 C1 C21 C0 C1 <wb> C7 C0 C11 C9 C0 C19 C0 C1 <wb> C24 C0 C36 C23 <wb> C37 C0 C2 C17 C0 C24 C0 C1 C24 C0 C16 C19 C0 <wb> C24 C0 C1 C22 C0 <wb> C18 C0 C11 C24 C0 C26 C28 C0 C30 C0 <wb> C21 C0 C11 C37 C0 C16 C30 C0 <wb> C6 C0 C11
gujarati_female_000475|C17 C0 C36 C24 C0 <wb> C30 C0 C28 C0 C34 C0 C11 C22 C0 C3 C0 C29 C0 C22 C0 C1 C23 <wb> C22 C0 C16 C21 C0 C26 C24 C0 C11 <wb> C28 C0 C16 C30 C0 C32 C0 C1 C21 C0 C16 C30 C0 <wb> C21 C0 C1 C20 C0 <wb> C34 C0 C24 C0 C24 C0 C26 <wb> C22 C0 C29 C0 C38 C0 C1 C7 C0 C16 C32 C0 <wb> C17 C0 C33 C0 C33 C0 C26 <wb> C22 C0 C36 C19 C0 C32 C0 <wb> C3 C0 C17 C0 C1 C29 C0 C22 C0 C1 C23 <wb> C37 C0 C11 C5 C0 C37 C0 C1 C24 C0 C16 <wb> C22 C0 C23 C17 C0 C36 C29 C0 C16 <wb> C22 C0 C21 C0 C31 C0 C11
gujarati_female_000479|C38 C0 C1 C4 C0 C38 C0 C1 C23 <wb> C37 C0 C16 C24 C0 C1 C24 C0 <wb> C28 C0 C31 C0 C38 C0 C23 C32 C0 C16 <wb> C30 C0 C16 C14 C0 C8 C0 C1 C23 <wb> C30 C0 C37 C0 C1 C24 C0 C32 C0 C30 C0 C33 C0 <wb> C22 C0 C16 C31 C0 C37 C0 C29 C0 C22 C0
gujarati_female_000495|C24 C0 C38 C0 C36 C34 C0 C29 C0 C26 C24 C0 <wb> C32 C0 C1 C29 C0 C1 C24 C0 C36 C23 <wb> C14 C0 C34 C0 C32 C0 C37 C0 <wb> C11 C34 C0 C21 C0 C36 C23 <wb> C15 C0 C26 C38 C0 <wb> C6 C0 C11 <wb> C19 C0 C11 <wb> C32 C0 C11 C24 C0 C1 <wb> C34 C0 C1 C23 C5 C0 C25 C0 C16 C24 C0 C1 <wb> C34 C0 C26 C5 C0 <wb> C17 C0 C11 C34 C0 C21 C0 C1 <wb> C7 C0 C29 C0 C37 C0 C38 C0 C24 C0 C36 C23 <wb> C37 C0 C17 C0 C24 C0 <wb> C11 C19 C0 <wb> C15 C0 C17 C0 C1 C29 C0 <wb> C34 C0 C24 C0 <wb> C33 C0 C1 C38 C0
gujarati_female_000515|C24 C0 C11 C31 C0 C24 C0 C21 C0 <wb> C16 C24 C0 C30 C0 C34 C0 C16 C34 C0 C38 C0 C36 C34 C0 <wb> C26 C12 C0 <wb> C15 C0 C11 C21 C0 C33 C0 C24 C0 C1 C23 <wb> C17 C0 C11 C22 C0 C30 C0 <wb> C37 C0 C16 C23 C13 C0 C1 C29 C0 C9 C0 C24 C0 C11 <wb> C1 C23 C32 C0 C29 C0 C29 C0 C1 C31 C0 C34 C0 C29 C0 C16 C38 C0 <wb> C30 C0 C15 C0 C38 C0 C26 C13 C0 <wb> C22 C0 C11 C21 C0 C37 C0 C37 C0 C1 C24 C0 C36 C23 <wb> C31 C0 C29 C0 C36 <wb> C19 C0 C29 C0 C38 C0 C36 C23
gujarati_female_000532|C30 C0 C1 C29 C0 C16 <wb> C0 C24 C0 C11 <wb> C31 C0 C29 C0 C11 C31 C0 C35 C0 <wb> C13 C0 C36 C9 C0 <wb> C0 C24 C0 C11 <wb> C11 C19 C0 C30 C0 C34 C0 C29 C0 C1 <wb> C26 C29 C0 C9 C0 C16 C24 C0 C29 C0 C16 <wb> C37 C0 C5 C0 C5 C0 C11 C24 C0 C16 <wb> C28 C0 C1 C32 C0 C21 C0 C16 <wb> C4 C0 C11 C7 C0 C29 C0 C11 C20 C0 C1 <wb> C30 C0 C22 C0 C17 C0 C1 C37 C0 C37 C0 C1 <wb> C22 C0 C1 C23 C13 C0 C36 <wb> C6 C0 C36 C23
gujarati_female_000544|C32 C0 C11 C26 <wb> C22 C0 C11 C34 C0 C29 C0 C26 <wb> C29 C0 C11 C21 C0 C24 C0 C1 <wb> C3 C0 C11 C18 C0 <wb> C30 C0 C34 C0 C11 C31 C0 C24 C0 C26 <wb> C30 C0 C33 C0 C1 C28 C0 C37 C0 C1 <wb> C22 C0 C1 C34 C0 C11 <wb> C0 C22 C0 C7 C0 C1 C37 C0 C1 C7 C0 <wb> C0 C24 C0 C11 <wb> C13 C0 C1 C23 C8 C0 C16 C24 C0 C13 C0 C29 C0 <wb> C17 C0 C16 C21 C0 C21 C0 C1 <wb> C19 C0 C21 C0 C11 C19 C0 C34 C0 C29 C0 C26 <wb> C28 C0 C1 C30 C0 C11 <wb> C17 C0 C22 C0 C16 C24 C0 C24 C0 C16 <wb> C22 C0 C1 C13 C0 C25 C0 C16 <wb> C19 C0 C29 C0 C16 <wb> C6 C0 C11
gujarati_female_000559|C32 C0 C11 C24 C0 C16 <wb> C28 C0 C1 C6 C0 C21 C0 <wb> C1 C8 C0 C36 C24 C0 C16 C19 C0 <wb> C19 C29 C31 C16 C37 C16 C17 C24 C1 C24 C0 <wb> C31 C0 C16 C32 C0 <wb> C28 C29 C27 C7 C38 C26 C13 C16 C19 C16 <wb> C29 C11 C12 C29 C16 C17 C0 C29 C11 C31 C0 C24 C0 <wb> C0 C24 C0 C11 <wb> C37 C2 C31 C37 C16 C19 C0 C29 C0 C25 C0 <wb> C22 C0 C36 C20 C0 C38 C0 <wb> C28 C0 C29 C0 C16 C3 C0 C21 C0 <wb> C6 C0 C11
gujarati_female_000567|C28 C0 C26 C19 C0 C11 C22 C0 C26 C24 C0 <wb> C0 C24 C0 C11 <wb> C3 C0 C11 C24 C0 C34 C0 C11 C24 C0 <wb> C17 C0 C11 C37 C0 C16 <wb> C17 C0 C1 C28 C0 C24 C0 C16 C18 C0 <wb> C19 C0 C1 C29 C0 C34 C0 C36 C24 C0 <wb> C12 C0 C16 C21 C0 C22 C0 C26 <wb> C28 C0 C29 C0 <wb> C32 C0 C38 C0 C1 C23 C24 C0 C16 <wb> C30 C0 C29 C0 C19 C0 C1 C29 C0 C26 C11 <wb> C28 C0 C25 C0 <wb> C5 C0 C16 C24 C0 C24 C0 C16 <wb> C17 C0 C11 C22 C0 <wb> C28 C0 C29 C0 C32 C0 C16 C3 C0 C23 C8 C0 <wb> C21 C0 C1 C13 C0 C36 <wb> C28 C0 C1 C9 C0 C38 C0 C26 <wb> C6 C0 C11
gujarati_female_000627|C34 C29 C11 C17 C11 C9 C16 <wb> C0 C12 C0 <wb> C17 C16 C24 C24 C1 C15 C0 <wb> C21 C0 C11 C20 C0 C19 C0 <wb> C19 C0 C2 C21 C0 C1 C30 C0 <wb> C5 C0 C24 C0 C7 C0 C29 C0 <wb> C37 C0 C29 C0 C22 C0 C1 <wb> C28 C0 C3 C0 C21 C0 C16 C31 C0 C16 C23 C13 C0 <wb> C19 C0 C23 C28 C0 C24 C0 C16
gujarati_female_000629|C17 C0 C16 C23 C7 C0 C13 C0 C16 <wb> C0 C24 C0 C11 <wb> C22 C0 C32 C0 C38 C0 C36 C24 C0 C36 C23 <wb> C5 C0 C19 C0 C29 C0 <wb> C24 C0 C1 C22 C0 C24 C0 C1 <wb> C28 C0 C36 C30 C0 C32 C0 C19 C0 C24 C0 C1 <wb> C21 C0 C11 C20 C0 C19 C0 <wb> C12 C0 C16 C21 C0 C16 C28 C0 <wb> C19 C0 C11 C28 C0 C21 C0 C11 C37 C0 C11 <wb> C11 C19 C0 <wb> C7 C0 C31 C0 C34 C0 C1 C23 C32 C0 <wb> C1 C28 C0 C38 C0 C36 C23 <wb> C6 C0 C11
gujarati_female_000632|C5 C0 C26 C23 C19 C0 C1 C37 C0 C24 C0 C1 C29 C0 C36 C23 <wb> C32 C0 C1 C29 C0 C25 C0 <wb> C37 C0 C16 C30 C0 <wb> C33 C0 C16 <wb> C26 C13 C0 C25 C0 C28 C0 C5 C0 C1 C30 C0 <wb> C37 C0 C29 C0 C31 C0 C24 C0 C1 <wb> C28 C0 C36 C29 C0 C36 C31 C0 C26 <wb> C29 C0 C15 C0 C16 <wb> C17 C0 C31 C0 C11 <wb> C0 C28 C0 C29 C0 C16 C25 C0 C16 C32 C0 <wb> C19 C0 C24 C0 C38 C0 C1 <wb> C4 C0 C29 C0 C36 C25 C0 <wb> C15 C0 C32 C0 C38 C0 C1 <wb> C19 C0 C1 C29 C0 C25 C0 C4 C0 C36 C32 C0
gujarati_female_000642|C32 C0 C29 C0 C16 C17 C0 C1 <wb> C32 C0 C3 C0 C19 C0 C19 C0 C1 C22 C0 C1 C23 <wb> C3 C0 C30 C0 C30 C0 C26 <wb> C28 C0 C5 C0 C1 C30 C0 <wb> C19 C0 C16 C21 C0 C26 C22 C0 C16 C34 C0 C29 C0 C11 <wb> C0 C13 C0 C38 C0 C1 C29 C0 C30 C0 C26 <wb> C32 C0 C29 C0 C16 C30 C0 <wb> C30 C0 C11 C19 C0 C24 C0 C9 C0 <wb> C30 C0 C36 C8 C0 C16 <wb> C22 C0 C26 C34 C0 C29 C0 <wb> C7 C0 C1 C13 C0 C32 C0 C1 C23 <wb> C30 C0 C11 C19 C0 C24 C0 C9 C0 C24 C0 C1 <wb> C7 C0 C30 C0 <wb> C22 C0 C1 C23 <wb> C4 C0 C1 C13 C0 <wb> C33 C0 C16 <wb> C11 <wb> C17 C0 C16 C32 C0 C16 <wb> C13 C0 C38 C0 C26
gujarati_female_000646|C7 C0 C29 C0 C11 C19 C0 <wb> C34 C0 C29 C0 C1 C24 C0 C18 C0 C11 C19 C0 C31 C0 C24 C0 <wb> C37 C0 C20 C0 C32 C0 C11 <wb> C28 C16 C24 C0 <wb> C3 C0 C7 C0 C21 C0 C37 C1 <wb> C28 C0 C1 C6 C0 C21 C0 C24 C0 C26 <wb> C22 C36 C21 C0 <wb> C15 C0 C11 C32 C0 C36 <wb> C13 C11 C29 C0 C29 C16 C32 C16 <wb> C0 C34 C0 C19 C1 C37 C0 C37 C1 C24 C26 <wb> C6 C0 C11
gujarati_female_000669|C4 C0 C1 C29 C0 C32 C0 C22 C0 C1 C23 <wb> C3 C0 C11 <wb> C15 C0 C18 C0 C1 C29 C0 <wb> C3 C0 C1 C37 C0 C16 C30 C0 <wb> C30 C0 C36 C8 C0 C16 C22 C0 C1 C23 <wb> C37 C0 C16 C30 C0 <wb> C15 C0 C18 C0 C1 C29 C0 <wb> C22 C11 C13 C1 C37 C26 C34 C0 <wb> C30 C27 C29 C0 <wb> C37 C0 C16 C7 C0 C38 C0 C36 C32 C0 <wb> C36 C29 C0 C17 C0 C1 <wb> C36 C32 C0 C28 C0 C24 C0 C24 C0 <wb> C19 C0 C29 C0 C16 <wb> C31 C0 C19 C0 C11 <wb> C6 C0 C11
gujarati_female_000699|C19 C0 C22 C16 C31 C0 C24 C0 C29 C0 <wb> C32 C0 C29 C0 C16 C19 C0 C11 <wb> C24 C0 C16 C22 C0 C25 C0 C36 C23 C19 C0 C24 C0 C11 <wb> C3 C0 C1 C29 C0 <wb> C22 C0 C16 <wb> C17 C36 C21 C1 C16 C24 C1 <wb> C29 C0 C26 C17 C0 <wb> C11 C19 C0 <wb> C37 C0 C29 C0 C31 C0 <wb> C28 C0 C36 C29 C0 C36 C23 <wb> C33 C0 C38 C0 C36 C23 <wb> C32 C0 C11 <wb> C24 C0 C16 C22 C0 C16 C32 C0 C32 C0 C11 <wb> C28 C0 C32 C0 C29 C0 C19 C0 C1 C29 C0 C26 <wb> C30 C0 C1 C33 C0 C11 <wb> C37 C0 C1 C32 C0 C5 C0 C16 C32 C0 <wb> C19 C0 C29 C0 C16
gujarati_female_000710|C30 C37 C0 C30 C32 C16 C29 C16 C14 C8 C16 <wb> C28 C29 C0 C28 C0 C33 C11 <wb> C31 C29 C11 C31 C35 C1 <wb> C29 C11 C19 C0 C25 C0 <wb> C30 C37 C0 C30 C32 C38 C1 C22 C16 <wb> C38 C0 <wb> C37 C1 C22 C0 C22 C11 C32 C16 <wb> C30 C1 C24 C26
gujarati_female_000726|C32 C0 C22 C0 C11 <wb> C12 C26 C34 C26 C13 C29 C1 C12 C0 <wb> C30 C0 C1 C33 C0 C11 <wb> C17 C1 C32 C0 C17 C1 C32 C0 C24 C16 <wb> C34 C29 C16 C19 C0 <wb> C19 C0 C29 C0 C16 <wb> C31 C0 C19 C26 <wb> C6 C0 C26 <wb> C0 C24 C0 C11 <wb> C0 C37 C0 C24 C0 C37 C1 <wb> C22 C0 C21 C34 C16 C34 C29 C11 C19 C0 <wb> C30 C1 C36 C24 C9 C0 <wb> C32 C0 C2 C38 C0 C1 C29 C0 <wb> C19 C0 C29 C0 C16 <wb> C31 C0 C19 C26 <wb> C6 C0 C26
gujarati_female_000729|C26 C13 C0 C25 C0 C16 C30 C0 C26 <wb> C0 C13 C0 C25 C1 C11 C31 C16 <wb> C22 C0 C1 C23 <wb> C0 C22 C0 C11 C29 C0 C16 C19 C0 C1 C24 C0 C1 C23 <wb> C33 C29 C16 C22 C1 C16 C21 C0 <wb> C1 C16 C21 C11 C24 C9 C0 <wb> C20 C0 C1 C32 C0 C11 <wb> C1 C37 C0 C11 C21 C0 <wb> C21 C0 C1 C16 C34 C0 <wb> C37 C0 C26 C34 C0 C29 C0 <wb> C29 C16 C38 C11 C19 C0 C34 C0 C29 C0 C24 C36 C23 <wb> C1 C23 C31 C16 C19 C0 <wb> C22 C11 C21 C34 C0 <wb> C9 C1 C36 C24 C0
gujarati_female_000740|C1 <wb> C38 C36 C7 C8 C0 C24 C11 <wb> C0 C34 C0 C19 C1 C37 C0 C37 C1 <wb> C22 C0 C1 C34 C0 C11 <wb> C31 C0 C16 C37 C0 C17 C0 C16 <wb> C0 C13 C24 C16 C22 C0 C15 C1 C21 C16 C23 C13 C0 <wb> C32 C0 C29 C0 C16 C19 C0 C11 <wb> C32 C0 C38 C0 C1 C23 <wb> C30 C0 C33 C0 C1 C28 C0 C16 C32 C0 <wb> C33 C0 C38 C0 C1 <wb> C32 C0 C11 C24 C0 C36 C23 <wb> C22 C0 C36 C21 C0 <wb> C28 C1 C32 C1 C21 C0 C33 C16 <wb> C28 C0 C25 C0 <wb> C24 C0 C16 C5 C0 C11 <wb> C6 C0 C11
gujarati_female_000746|C32 C0 C38 C0 C1 C29 C0 C3 C0 C1 C7 C0 <wb> C11 C31 C0 C16 C38 C0 C1 C22 C0 C1 C23 <wb> C4 C1 C29 C0 C32 C0 C20 C0 C23 C9 C0 C22 C1 C23 <wb> C28 C0 C31 C0 C5 C0 C16 C22 C0 <wb> C11 C31 C0 C16 C38 C0 C1 C22 C0 C1 C23 <wb> C16 C17 C16 C28 C32 C0 C22 C1 C23 <wb> C13 C29 C16 C30 C0 C22 C1 C23 <wb> C37 C0 C13 C0 C11 C29 C0 C11 C22 C0 C1 C23 <wb> C28 C0 C32 C0 C23 C13 C0 <wb> C5 C0 C13 C1 C37 C0 C37 C1 C24 C16 <wb> C28 C0 C29 C0 C33 C0 C1 <wb> C28 C0 C29 C0 C5 C0 C21 C0 C16 C32 C0 <wb> C3 C0 C24 C0 C16
gujarati_female_000750|C7 C0 C29 C0 C22 C0 C16 C38 C0 C1 C24 C0 <wb> C3 C16 C30 C16 C30 C16 C38 C1 C16 C24 C16 <wb> C37 C0 C29 C19 C16 C23 C13 C0 <wb> C19 C0 C22 C0 C16 C34 C0 C16 C11 <wb> C3 C0 C11 <wb> C15 C0 C18 C0 C1 C29 C0 <wb> C3 C0 C1 C29 C0 <wb> C32 C0 C11 C29 C0 <wb> C24 C0 C16 <wb> C30 C16 C18 C0 C24 C0 <wb> C30 C0 C1 C33 C0 C11 <wb> C29 C0 C25 C0 C17 C16 <wb> C12 C0 C26 C29 C0 C22 C0 C11 C34 C0 C22 C0 C1 C23 <wb> C12 C0 C11 C29 C0 C12 C0 C1 C29 C0 <wb> C19 C0 C29 C0 C37 C1 C24 C11 <wb> C22 C0 C23 C17 C36 C16 <wb> C1 C28 C0 C16 <wb> C7 C0 C16 C8 C0 C16 <wb> C6 C0 C11
gujarati_female_000782|C28 C0 C1 C29 C0 C33 C0 C16 C37 C0 <wb> C28 C0 C34 C0 C11 C21 C0 C24 C0 C11 <wb> C16 C17 C0 C1 C13 C0 C29 C0 C30 C0 C32 C0 <wb> C32 C11 C23 C9 C36 C21 C0 C19 C0 C29 C0 C24 C1 <wb> C30 C0 C33 C0 C1 C24 C0 C11 <wb> C3 C0 C1 C19 C0 C16 C24 C0 C16 <wb> C32 C0 C29 C0 C25 C0 <wb> C37 C0 C24 C0 <wb> C9 C0 C11 <wb> C22 C0 C1 C34 C0 C11 <wb> C30 C0 C1 C36 C33 C0 <wb> C1 C12 C0 C29 C0 C16 C19 C0 C1 <wb> C32 C0 C1 C3 C0 C9 C0 C32 C0 C26 C3 C0 <wb> C3 C0 C26 C21 C0 C1 C37 C0 C1 C38 C0 C26
gujarati_female_000795|C21 C1 C32 C36 C29 C0 <wb> C0 C24 C0 C11 <wb> C3 C1 C29 C1 C22 C0 C32 C16 C24 C1 <wb> C31 C0 C36 C34 C0 C16 C23 C13 C0 <wb> C7 C0 C29 C0 C22 C0 C16 C38 C0 C1 C24 C0 <wb> C32 C38 C1 C23 C24 C1 <wb> C21 C0 C26 C19 C0 C26 <wb> C16 C22 C0 C29 C1 C24 C0 <wb> C28 C0 C1 C6 C0 C21 C0 <wb> C13 C0 C1 C23 C9 C0 C1 <wb> C3 C0 C24 C0 C16 <wb> C13 C0 C38 C0 C1 <wb> C15 C0 C32 C0 C1
gujarati_female_000798|C16 C30 C34 C0 <wb> C37 C0 C11 C30 C0 C34 C0 <wb> C19 C26 C29 C16 C9 C26 <wb> C0 C22 C0 C7 C0 C1 C37 C0 C1 C7 C0 <wb> C33 C0 C21 C0 C32 C11 C17 C0 <wb> C30 C0 C34 C0 C11 C31 C0 C24 C0 <wb> C14 C1 C23 C8 C16 C24 C0 C13 C0 C29 C0 <wb> C0 C22 C0 C7 C0 C1 C37 C0 C1 C7 C0 <wb> C29 C36 C34 C0 <wb> C32 C0 C2 C38 C0 C1 C29 C0 <wb> C19 C0 C29 C0 C16 <wb> C7 C11 C37 C1 C31 C11
gujarati_female_000816|C5 C0 C11 C16 C24 C0 <wb> C29 C16 C38 C11 C19 C0 C31 C0 C24 C0 C24 C11 <wb> C30 C0 C23 C28 C0 C36 C29 C0 C25 C0 <wb> C3 C0 C23 C8 C0 <wb> C19 C0 C29 C0 C16 <wb> C18 C0 C16 C29 C0 C26 <wb> C0 C37 C0 C30 C33 C1 <wb> C21 C0 C1 C37 C0 C37 C0 C1 <wb> C22 C0 C1 C34 C0 C11 <wb> C11 C34 C0 C21 C0 C11 <wb> C19 C0 C11 <wb> C19 C0 C23 C28 C21 C16 C34 C0 <wb> C31 C0 C34 C0 C9 C1 C36 C24 C0 <wb> C22 C0 C1 C34 C0 C11 <wb> C28 C0 C25 C0 <wb> C19 C0 C23 C34 C0 C29 C0 C26 C21 C0 <wb> C29 C26 C9 C0 C17 C0 <wb> C37 C0 C1 C28 C0 C29 C0 C37 C0 C1 C22 C0 C1 C23 <wb> C1 C37 C0 C11 <wb> C6 C0 C11
gujarati_female_000827|C17 C0 C29 C0 C1 <wb> C20 C0 C36 C21 C0 C21 C0 C1 <wb> C29 C0 C15 C0 C16 <wb> C13 C0 C38 C0 C11 C21 C0 C1 <wb> C24 C0 C21 C0 C22 C1 C23 C33 C16 <wb> C34 C0 C28 C0 C19 C0 C32 C1 <wb> C28 C0 C1 C25 C0 C16 C24 C0 C1 C23 <wb> C34 C0 C16 C28 C0 C1 C23 <wb> C36 C23 C14 C36 C23 <wb> C37 C0 C1 C21 C0 C16 <wb> C7 C16 C8 C11 C21 C36 C23 <wb> C22 C1 C34 C0 C21 C1 <wb> C28 C0 C29 C0 <wb> C34 C0 C28 C0 C19 C11 <wb> C6 C0 C11
gujarati_female_000833|C1 C28 C0 C25 C0 C36 C23 <wb> C3 C0 C8 C36 C23 C17 C0 <wb> C8 C0 C38 C0 C1 C24 C0 <wb> C3 C0 C15 C0 C1 C29 C0 C24 C0 C16 <wb> C30 C0 C13 C0 C37 C0 C9 C0 C26 <wb> C36 C4 C0 C16 <wb> C19 C0 C29 C0 C37 C0 C1 C22 C0 C1 C23 <wb> C3 C0 C15 C0 C1 C29 C0 C24 C0 C1 C23 <wb> C30 C0 C36 C20 C0 <wb> C30 C1 C15 C11 C3 C16 C24 C16 <wb> C28 C0 C29 C0 C1 C28 C0 C32 C0 C16 <wb> C19 C0 C29 C0 C37 C0 C1 C22 C0 C1 C23 <wb> C19 C0 C11 C24 C0 C7 C0 C29 C0 C16 C32 C0 <wb> C33 C0 C38 C0 C11 C21 C0 C36 C23 <wb> C6 C0 C11
gujarati_female_000848|C37 C0 C16 C31 C0 C37 C0 C24 C0 C1 <wb> C30 C0 C36 C28 C0 C29 C0 C30 C0 C16 C7 C0 C8 C0 <wb> C1 C29 C38 C0 C13 C29 C0 C23 C33 C0 <wb> C3 C29 C0 C22 C0 C15 C0 C30 C36 C32 C29 C0 <wb> C24 C0 C36 C23 <wb> C21 C0 C11 C20 C0 C24 C0 <wb> C37 C38 C1 C30 C0 C17 C16 C38 C11 <wb> C1 <wb> C7 C0 C16 C37 C0 C30 C0 C11 <wb> C31 C0 C29 C0 C36 <wb> C19 C0 C29 C0 C38 C0 C36 C23
gujarati_female_000850|C9 C1 C36 <wb> C19 C26 C29 C28 C26 C29 C11 C31 C0 C24 C0 <wb> C21 C0 C23 C9 C0 C24 C0 C22 C0 C1 C23 <wb> C38 C26 C17 C1 C24 C1 C29 C16 <wb> C26 C21 C16 C22 C28 C16 C19 C0 C22 C1 C23 <wb> C30 C28 C26 C24 C30 C0 C29 C0 <wb> C3 C0 C24 C0 C37 C0 C1 <wb> C1 C13 C0 C21 C0 <wb> C1 C37 C0 C38 C0 C36 C23 <wb> C32 C0 C38 C0 C1 C29 C0 C11 <wb> C37 C16 C29 C26 C8 C0 C37 C0 C23 C34 C26 C21 C0 <wb> C17 C0 C1 C13 C0 C38 C0 C26
gujarati_female_000852|C11 C19 C0 <wb> C9 C1 C21 C0 C33 C16 <wb> C3 C0 C16 C17 C0 C16 <wb> C9 C1 C21 C0 <wb> C28 C0 C29 C0 <wb> C20 C0 C36 C3 C0 <wb> C24 C0 C17 C0 C16 C19 C0 <wb> C33 C0 C16 <wb> C36 C9 C1 C24 C0 <wb> C4 C0 C29 C0 C32 C1 <wb> C7 C36 C8 C0 C29 C1 C17 C0 C24 C11 <wb> C24 C16 C15 C1 C21 C0 C37 C26 <wb> C32 C0 C11 <wb> C21 C15 C1 C37 C26 <wb> C13 C0 C25 C0 C1 C38 C0 <wb> C6 C0 C11
gujarati_female_000853|C15 C0 C1 C21 C0 <wb> C15 C0 C11 C9 C0 C29 C0 C26 C24 C0 <wb> C19 C0 C26 C21 C0 C1 C16 C9 C0 C29 C0 <wb> C5 C16 C28 C0 <wb> C24 C0 C1 <wb> C3 C0 C11 <wb> C28 C29 C26 C34 C26 C3 C16 C22 C30 C0 C24 C16 <wb> C0 C33 C0 C9 C1 C22 C0 C25 C26 <wb> C19 C0 C29 C1 C37 C0 C37 C1 <wb> C30 C0 C19 C0 C31 C0 C22 C0 <wb> C6 C0 C11
gujarati_female_000859|C1 C22 C0 <wb> C6 C0 C32 C0 C1 C23 <wb> C29 C0 C16 C30 C0 C29 C0 C5 C0 <wb> C11 C24 C0 C9 C0 <wb> C11 C24 C1 C21 C16 C30 C16 C30 C0 <wb> C37 C16 C23 C13 C0 <wb> C29 C26 <wb> C16 C24 C0 C34 C0 C11 C21 C0 C16 C17 C0 C24 C0 C30 C0 <wb> C3 C38 C36 C29 C26 <wb> C1 C16 C3 C16 <wb> C15 C0 C1 C17 C0 C29 C0 <wb> C15 C0 C32 C0 C1
gujarati_female_000866|C22 C29 C13 C0 <wb> C32 C1 C29 C1 C19 C0 C22 C0 C23 C9 C0 C21 C0 <wb> C0 C29 C0 C33 C0 C1 C32 C0 <wb> C22 C29 C13 C0 <wb> C24 C0 C19 C31 C0 C32 C29 C0 C22 C1 C23 <wb> C1 C37 C0 C11 C21 C0 <wb> C1 C7 C29 C1 <wb> C3 C16 C34 C0 C21 C0 C13 C16 C38 C36 C18 C0 <wb> C32 C1 C29 C1 C22 C1 C23 <wb> C33 C0 C24 C0 C1 C29 C0 C1 <wb> C22 C0 C15 C1 C37 C16 C30 C12 C26 C34 C0 <wb> C0 C23 C13 C0 C11 C24 C0 C16 <wb> C6 C0 C11
gujarati_female_000869|C8 C0 C16 <wb> C9 C16 C37 C26 C34 C11 <wb> C12 C29 C11 C24 C9 C0 <wb> C17 C16 C13 C0 C29 C16 <wb> C7 C26 C30 C32 C0 <wb> C24 C0 C1 C22 C0 C24 C0 C16 <wb> C1 <wb> C37 C0 C1 C29 C0 C32 C0 C1 C22 C0 C1 C23 <wb> C16 C23 C13 C0 C21 C0 C11 C24 C0 C9 C0 C24 C0 C1 <wb> C11 C19 C0 <wb> C22 C0 C15 C0 C1 C24 C0 <wb> C19 C0 C34 C1 C19 C31 C0 <wb> C21 C0 C11 C20 C0 C19 C0 <wb> C15 C0 C32 C0 C1
gujarati_female_000878|C28 C0 C25 C0 <wb> C11 <wb> C30 C0 C13 C0 C9 C16 <wb> C11 <wb> C7 C0 C11 C37 C0 C32 C0 C1 <wb> C11 <wb> C15 C11 C32 C1 C21 C0 <wb> C15 C0 C1 C33 C0 <wb> C24 C0 C11 <wb> C11 C37 C0 C1 C23 <wb> C21 C1 C21 C0 <wb> C18 C0 C29 C0 C32 C1 C23 <wb> C24 C0 C16 C29 C0 C7 C0 C26 C31 C0 <wb> C22 C26 C10 C1 C23 <wb> C19 C0 C38 C0 C1 C23 C33 C0 C16 <wb> C21 C1 C37 C36 C23
gujarati_female_000885|C32 C0 C11 C22 C0 C1 C23 <wb> C0 C32 C0 C38 C0 C23 C32 C0 <wb> C24 C0 C16 C22 C0 C24 C0 <wb> C32 C0 C1 C28 C0 C22 C0 C1 C24 C0 <wb> C17 C1 C21 C0 C37 C0 C37 C1 C24 C36 C23 <wb> C15 C0 C26 C37 C0 C1 C33 C0 C16 <wb> C36 C31 C22 C1 <wb> C0 C37 C1 C15 C0 C19 C0 <wb> C11 C34 C0 C21 C0 C11 <wb> C19 C0 C11 <wb> C33 C0 C29 C22 C0 C21 C0 <wb> C16 C24 C30 C38 C36 C21 C11 C31 C0 C24 C0 <wb> C14 C0 C25 C0 C26 <wb> C4 C0 C1 C13 C0 <wb> C4 C0 C17 C0 C37 C0 C11 <wb> C6 C0 C11
gujarati_female_000894|C28 C0 C25 C0 <wb> C37 C0 C1 C32 C0 <wb> C22 C0 C1 C32 C0 C29 C0 <wb> C1 C34 C0 C21 C0 C16 <wb> C17 C0 <wb> C24 C0 C33 C0 C16 <wb> C11 <wb> C11 C22 C0 C24 C0 C26 <wb> C26 C13 C0 C25 C0 C16 C30 C0 C26 <wb> C3 C1 C37 C16 C30 C0 C24 C26 <wb> C24 C0 C3 C16 C23 C8 C0 <wb> C29 C1 C3 C0 C29 C16 <wb> C26 C12 C0 <wb> C30 C26 C16 C21 C0 <wb> C3 C0 C1 C23 C13 C0 C21 C0 C1 <wb> C31 C16 C29 C31 C0 C19 C0 <wb> C4 C26 C21 C1 C4 C1 C16 <wb> C17 C0 C1 C25 C0 C11 <wb> C37 C0 C1 C23 C5 C0 C32 C0 C1 C23 <wb> C30 C0 C22 C0 C17 C0 C1 C38 C0 <wb> C6 C0 C11
gujarati_female_000895|C30 C1 C3 C36 C24 C1 <wb> C28 C0 C29 C0 C28 C26 C34 C1 <wb> C28 C29 C31 C34 C0 C32 C1 C25 C0 <wb> C0 C21 C28 C16 C31 C35 C0 <wb> C28 C29 C31 C35 C26 <wb> C12 C26 C3 C26 C24 C1 C30 C16 <wb> C30 C0 C23 C20 C38 C1 C26 <wb> C25 C0 <wb> C30 C0 C23 C20 C38 C1 C26 <wb> C13 C0 C25 C0 C16 C32 C0 <wb> C37 C0 C16 C17 C0 C24 C0 C1 C24 C0 <wb> C22 C0 C1 C23 <wb> C1 C37 C0 C11 <wb> C6 C0 C11
gujarati_female_000908|C30 C0 C29 C0 C19 C0 C1 C29 C0 C24 C0 C16 <wb> C24 C0 C37 C0 C16 <wb> C24 C0 C16 C32 C0 C16 <wb> C28 C0 C29 C0 C22 C0 C1 C25 C0 C11 <wb> C16 C24 C34 C0 C29 C0 C24 C11 C34 C0 <wb> C28 C0 C29 C0 <wb> C19 C0 C26 C16 <wb> C8 C16 C19 C19 C1 C29 C1 C30 C28 C0 C7 C0 <wb> C37 C0 C16 C37 C0 C1 C7 C0 C1 C30 C0 C28 C0 C7 C0 <wb> C19 C0 C11 <wb> C8 C29 C25 C1 C30 C28 C0 C7 C0 <wb> C34 C16 C28 C28 C0 C25 C16 <wb> C19 C0 C29 C0 C37 C0 C16 <wb> C11 <wb> C13 C0 C36 C24 C0 C26 <wb> C3 C0 C24 C0 C11 <wb> C6 C0 C11
gujarati_female_000912|C5 C26 C19 C0 C21 C11 C34 C0 <wb> C5 C38 C36 C23 C16 C23 C13 C0 <wb> C13 C0 C22 C0 C24 C1 <wb> C17 C0 C22 C1 C24 C1 C24 C1 C23 <wb> C1 <wb> C3 C0 C1 C21 C0 C19 C0 C26 <wb> C32 C0 C26 <wb> C19 C0 C7 C0 C1 C5 C0 <wb> C33 C36 C23 C19 C16 C38 C11 <wb> C19 C0 C1 C10 C0 C11
gujarati_female_000914|C1 <wb> C7 C0 C11 C31 C0 C26 <wb> C22 C0 C11 C19 C0 C30 C0 C16 C19 C0 C26 C24 C0 C1 <wb> C31 C0 C15 C0 C11 C29 C0 <wb> C21 C26 C30 C0 <wb> C19 C1 C3 C26 C30 C0 C22 C1 C23 <wb> C17 C0 C16 <wb> C37 C0 C16 C30 C0 <wb> C24 C0 C16 <wb> C3 C11 C35 C0 C19 C0 C24 C11 <wb> C28 C0 C29 C0 C4 C0 C1 C37 C0 C16 C32 C0 <wb> C19 C0 C29 C0 C37 C0 C1 C22 C0 C1 C23 <wb> C30 C0 C12 C0 C21 C0 <wb> C29 C0 C15 C0 C38 C0 C1 <wb> C6 C0 C11
gujarati_female_000946|C30 C0 C1 C23 C17 C0 C11 <wb> C30 C0 C1 C32 C0 <wb> C37 C0 C1 C13 C0 C11 <wb> C22 C36 C15 C36 C29 C0 C32 C0 <wb> C3 C11 C31 C0 C30 C11 <wb> C11 C34 C0 C21 C0 C11 <wb> C28 C0 C21 C1 C25 C1 C22 C1 C23 <wb> C15 C0 C17 C0 C1 C29 C0 C26 <wb> C31 C29 C0 C14 C8 C1 C21 C36 C26 <wb> C36 C22 C0 C34 C0 C31 C0 C11
gujarati_female_000950|C17 C0 C26 C19 C0 C11 <wb> C15 C0 C17 C0 C36 <wb> C6 C0 C11 C21 C0 C21 C0 C1 <wb> C30 C34 C11 C17 C0 C22 C1 C23 <wb> C19 C11 C24 C30 C0 C29 C0 C24 C36 C23 <wb> C24 C0 C16 C7 C0 C1 C24 C0 <wb> C33 C0 C1 C38 C0 <wb> C32 C0 C26 <wb> C32 C0 C11 C37 C0 C1 <wb> C7 C0 C29 C0 C7 C0 C16 C24 C0 C11 <wb> C30 C0 C23 C28 C0 C36 C29 C0 C25 C0 <wb> C29 C26 C13 C0 C22 C36 C19 C32 C0 <wb> C19 C0 C29 C0 C37 C0 C1 <wb> C0 C23 C13 C0 C11 <wb> C19 C0 C26 C16 <wb> C29 C1 C22 C0 C3 C1 C25 C0 <wb> C16 C21 C1 C17 C0 <wb> C22 C0 C21 C0 C38 C0 C26 <wb> C24 C0 C33 C0 C16
gujarati_female_000953|C28 C1 C29 C0 C23 C28 C0 C29 C16 C19 C0 <wb> C30 C26 C21 C38 C36 C31 C0 C24 C30 C0 <wb> C30 C11 C21 C16 C23 C13 C0 <wb> C33 C0 C16 <wb> C16 C24 C0 C30 C1 C16 C34 C0 <wb> C30 C11 C21 C16 C23 C13 C0 <wb> C30 C0 C36 C8 C0 C16 <wb> C1 <wb> C7 C0 C11 C31 C0 C11 <wb> C38 C36 C11 C30 C0 C28 C16 C24 C11 <wb> C11 C19 C0 <wb> C24 C0 C37 C0 C16 <wb> C36 C23 C5 C0 C1 C16 <wb> C30 C0 C36 C8 C0 C16 <wb> C28 C0 C15 C0 C26 C23 C5 C0 C1 C9 C0 C16 <wb> C6 C0 C11
gujarati_female_000958|C29 C36 C28 C0 C21 C0 C3 C11 C24 C0 <wb> C19 C0 C15 C0 C11 <wb> C6 C0 C11 <wb> C19 C0 C26 C21 C0 C11 C17 C0 C24 C0 C1 <wb> C30 C34 C36 C9 C0 C24 C34 C30 C0 <wb> C17 C0 C26 <wb> C28 C26 C19 C11 C34 C0 <wb> C22 C0 C24 C16 <wb> C37 C0 C9 C0 C11 <wb> C30 C0 C22 C0 C1 C17 C0 C24 C0 C16 <wb> C30 C0 C11 C37 C0 C1 <wb> C19 C0 C29 C0 C32 C0 C1 <wb> C15 C0 C26 C38 C0 <wb> C32 C0 C26 <wb> C0 C22 C0 C11 <wb> C28 C0 C25 C0 <wb> C0 C22 C0 C1 C29 C0 C1 <wb> C19 C0 C1 C22 C0 <wb> C37 C0 C9 C0 C11 <wb> C30 C0 C22 C0 C1 C17 C0 C24 C0 C11 <wb> C22 C0 C7 C0 C7 C0 C29 C0 C36 C28 C0 <wb> C33 C0 C16 <wb> C31 C0 C19 C0 C16 C11 <wb> C6 C0 C16 C11
gujarati_female_000983|C28 C0 C25 C0 <wb> C28 C0 C26 C32 C0 C1 C24 C0 C1 C23 <wb> C30 C0 C23 C32 C0 C1 C24 C0 C26 C24 C0 C11 <wb> C29 C0 C22 C0 C32 C0 <wb> C13 C0 C22 C0 C32 C0 <wb> C32 C0 C29 C0 C12 C0 <wb> C10 C0 C21 C0 C32 C1 C23 <wb> C17 C26 C16 C24 C11 <wb> C22 C1 C3 C1 C28 C26 C11 <wb> C30 C0 C29 C0 C19 C0 C1 C29 C0 C24 C0 C1 <wb> C12 C0 C32 C0 C37 C1 C6 C1 C28 C0 <wb> C24 C0 C16 C29 C0 C25 C0 C38 C0 C24 C0 C11 <wb> C20 C11 C21 C0 C7 C16 C21 C16 C28 C36 C29 C37 C0 C19 C0 <wb> C37 C0 C20 C1 C25 C38 C26
gujarati_female_001011|C11 C37 C1 C22 C1 C23 <wb> C11 C25 C0 C11 <wb> C22 C36 C21 C21 C1 C23 <wb> C24 C0 C30 C0 C29 C36 C7 C7 C16 C24 C0 C24 C11 <wb> C37 C0 C29 C0 C30 C1 C7 C0 C33 C16 <wb> C3 C0 C5 C0 C37 C0 C1 <wb> C7 C26 C34 C0 <wb> C19 C0 C1 C10 C0 C16 C24 C0 C11 <wb> C17 C0 C32 C0 C1 <wb> C17 C0 C26 C38 C0 C1
gujarati_female_001013|C37 C0 C29 C0 C21 C0 C9 C0 <wb> C19 C0 C28 C0 <wb> C3 C0 C1 C7 C0 <wb> C32 C0 C29 C0 C32 C0 C17 C0 <wb> C1 C16 C28 C0 C16 C11 C21 C0 C22 C0 C1 C23 <wb> C7 C0 C30 C0 <wb> C34 C0 C16 C22 C0 C26 <wb> C37 C0 C5 C0 C5 C0 C11 <wb> C17 C0 C23 C13 C0 <wb> C17 C1 C22 C0 C31 C11 <wb> C4 C0 C1 C29 C0 C32 C0 <wb> C37 C0 C11 C30 C0 C34 C0 <wb> C16 C24 C9 C16 C18 C0 <wb> C0 C24 C0 C11 <wb> C16 C23 C13 C21 C11 C24 C9 C0 C24 C26 <wb> C28 C0 C29 C0 C37 C0 C1 C30 C0 <wb> C20 C11 C9 C0 C31 C11
gujarati_female_001029|C17 C11 C22 C0 C24 C16 <wb> C17 C16 C24 C11 C34 C16 C19 C0 <wb> C3 C21 C36 <wb> C28 C29 C16 C24 C34 C0 C22 C1 C23 <wb> C11 C19 C0 C37 C0 C9 C1 <wb> C3 C1 C23 C8 C1 C24 C1 <wb> C17 C0 <wb> C29 C0 C15 C0 C11 C37 C0 C1 C24 C0 C36 C23 <wb> C28 C29 C26 C13 C29 C1 C22 C16 C23 C13 C0 <wb> C33 C0 C38 C0 C36 C23 <wb> C15 C0 C26 C38 C0
gujarati_female_001032|C15 C0 C37 C0 C11 <wb> C32 C0 C11 C26 <wb> C32 C0 C11 C22 C0 C24 C0 C16 <wb> C34 C0 C29 C0 C11 C24 C0 C16 C23 C13 C0 <wb> C0 C24 C0 C11 <wb> C12 C16 C34 C0 C24 C11 C30 C0 <wb> C17 C0 C1 C21 C0 C37 C0 C16 <wb> C29 C0 C1 C20 C0 C37 C0 C1 C24 C0 C1 <wb> C31 C11 C9 C0 C38 C36 C21 C0 C24 C26 <wb> C1 C29 C0 C23 C4 C0 <wb> C19 C0 C29 C0 C16 <wb> C7 C0 C11 C31 C0 C11
gujarati_female_001036|C15 C26 C22 C16 C38 C1 C29 C0 <wb> C22 C26 C22 C11 C9 C0 C17 C16 <wb> C3 C26 C22 C3 C11 C24 C1 <wb> C3 C0 C21 C0 C1 C16 C24 C0 C9 C0 <wb> C19 C0 C26 C21 C0 C11 C17 C0 <wb> C24 C0 C1 <wb> C28 C0 C29 C0 C26 C12 C0 C11 C30 C0 C29 C0 <wb> C6 C0 C11
gujarati_female_001037|C26 C13 C0 C25 C0 C16 C30 C0 C26 <wb> C6 C0 C24 C0 C24 C0 C36 C23 <wb> C22 C0 C1 C23 <wb> C15 C0 C29 C16 C7 C37 C1 C29 C0 C22 C1 C23 <wb> C38 C26 C17 C1 C38 C11 C21 C1 <wb> C19 C36 C23 C4 C0 C22 C11 C21 C1 C22 C1 C23 <wb> C8 C0 C19 C19 C1 <wb> C22 C36 C19 C19 C16 <wb> C33 C0 C32 C0 C1 C23 <wb> C26 C13 C0 C25 C0 <wb> C5 C0 C1 C21 C0 C16 C30 C0 <wb> C21 C0 C26 C19 C0 C26 C24 C0 C1 <wb> C22 C0 C26 C32 C0 <wb> C33 C0 C38 C0 C1 C23 <wb> C15 C0 C32 C0 C1 C23
gujarati_female_001038|C1 C22 C0 <wb> C13 C11 C3 C0 C24 C1 <wb> C13 C1 C38 C0 C19 C0 <wb> C3 C1 C28 C36 C30 C1 C15 C11 C3 C0 <wb> C13 C1 C38 C0 C19 C0 C37 C1 C9 C11 <wb> C0 C21 C28 C0 <wb> C28 C0 C25 C0 <wb> C0 C7 C0 C4 C0 C36 C32 C0 <wb> C29 C0 C5 C0 C24 C0 C1 C26 <wb> C1 C28 C0 C16 <wb> C6 C0 C11
gujarati_female_001040|C0 C24 C0 C11 <wb> C32 C0 C21 C0 C37 C0 C1 C29 C0 C24 C0 C1 <wb> C7 C0 C1 C37 C0 <wb> C20 C11 C21 C0 C37 C1 C22 C1 C23 <wb> C28 C0 C36 C29 C0 C25 C0 <wb> C21 C0 C1 C38 C0 C19 C0 C1 C32 C0 <wb> C28 C0 C29 C0 C1 C28 C0 C32 C0 <wb> C19 C0 C29 C0 C37 C0 C1 <wb> C32 C0 C1 C21 C0 C16 C22 C0 <wb> C21 C0 C11 C37 C0 C1 <wb> C22 C0 C1 C23 C9 C0 C16
gujarati_female_001054|C30 C0 C13 C0 C37 C0 C9 C0 <wb> C28 C0 C29 C0 C32 C0 C38 C0 C11 <wb> C7 C37 C11 C31 C0 <wb> C29 C0 C1 C20 C0 C24 C0 C1 C29 C0 <wb> C28 C38 C36 C29 C16 C34 C0 C24 C26 <wb> C30 C36 C20 C0 C37 C16 C29 C26 C8 C16 <wb> C0 C24 C0 C11 <wb> C17 C16 C37 C0 C24 C0 C37 C16 C29 C26 C8 C16 <wb> C37 C0 C1 C32 C0 C26 <wb> C19 C0 C29 C0 C32 C0 C1 C23 <wb> C17 C0 <wb> C29 C0 C15 C0 C11 <wb> C6 C0 C11
gujarati_female_001060|C17 C0 C26 C19 C0 C11 <wb> C1 C17 C0 C24 C0 C16 <wb> C3 C0 C28 C0 C26 C29 C0 <wb> C0 C24 C36 C4 C0 C37 C38 C1 <wb> C28 C0 C6 C0 C16 <wb> C29 C32 C36 C30 C0 C23 C15 C1 C29 C0 C22 C1 C23 <wb> C1 C37 C0 C11 C21 C0 C36 C23 <wb> C13 C29 C16 C31 C22 C0 C24 C36 C23 <wb> C37 C0 C29 C0 C25 C0 C24 C0 <wb> C8 C0 C38 C0 C1 C24 C0 C22 C0 C1 C23 <wb> C1 C37 C0 C11
gujarati_female_001070|C26 C21 C0 C22 C28 C16 C19 C0 C22 C1 C23 <wb> C4 C0 C1 C29 C0 C32 C0 C24 C0 C1 <wb> C11 C19 C38 C1 C30 C16 <wb> C20 C0 C11 C21 C0 C1 C9 C0 C16 C26 <wb> C4 C0 C1 C13 C0 <wb> C21 C0 C11 C31 C0 C11 <wb> C1 C17 C0 C33 C0 C16 <wb> C34 C29 C11 C24 C16 C23 C13 C0 C24 C26 <wb> C28 C0 C29 C0 C1 C29 C0 C23 C4 C0
gujarati_female_001076|C15 C0 C11 C29 C0 C16 C30 C0 C24 C0 C16 <wb> C30 C0 C36 C5 C0 C24 C0 C1 <wb> C28 C0 C29 C0 C22 C0 C1 C25 C0 C11 <wb> C30 C16 C11 C24 C30 C0 <wb> C7 C0 C29 C0 C22 C0 C16 C38 C0 C1 C24 C0 <wb> C3 C0 C8 C1 C11 <wb> C28 C0 C26 C32 C0 C1 C24 C0 C16 <wb> C3 C0 C1 C17 C0 C36 C22 C0 C1 C23 <wb> C3 C11 C35 C11 C21 C1 C24 C26 <wb> C15 C0 C1 C33 C0 <wb> C28 C0 C19 C0 C9 C0 C16 <wb> C30 C0 C1 C23 C19 C0 C21 C0 <wb> C3 C0 C24 C0 C1 C37 C0 C16 <wb> C7 C0 C16 C8 C0 C16
gujarati_female_001077|C1 <wb> C30 C0 C23 C31 C0 C26 C8 C0 C24 C0 <wb> C24 C0 C37 C0 C16 <wb> C28 C29 C0 C17 C1 C32 C16 <wb> C18 C16 C1 C26 C34 C16 C24 C0 C13 C16 C26 <wb> C18 C0 C15 C11 C23 C24 C13 C16 <wb> C24 C0 C1 <wb> C17 C16 C37 C1 C31 C22 C0 <wb> C22 C0 C21 C0 C16 <wb> C1 C37 C0 C32 C0 C1 C23 <wb> C32 C0 C11 C24 C0 C16 <wb> C30 C0 C1 C33 C0 C11 <wb> C1 C29 C0 C19 C16 C26 C28 C0 C34 C11 C29 C16 C19 C30 C0 C24 C1 <wb> C17 C16 C37 C1 C31 C22 C0 C24 C11 <wb> C30 C0 C29 C0 C20 C1 C37 C0 C32 C1 C23 <wb> C33 C0 C16 <wb> C6 C0 C11
gujarati_female_001082|C14 C26 C30 C34 C0 C19 C1 C29 C0 C24 C16 <wb> C20 C1 C30 C16 C38 C0 C32 C0 <wb> C11 <wb> C6 C0 C11 <wb> C19 C0 C11 <wb> C32 C0 C11 <wb> C13 C21 C1 C30 C0 <wb> C17 C0 C11 C37 C0 C1 C23 <wb> C7 C0 C11 C20 C0 C1 C32 C0 C1 <wb> C34 C29 C1 C24 C30 C0 C28 C0 C29 C0 C24 C34 C0 <wb> C11 C34 C0 C21 C0 C11 <wb> C19 C0 C11 <wb> C30 C0 C23 C28 C0 C36 C29 C0 C25 C0 <wb> C28 C0 C1 C29 C0 C7 C0 C29 C0 C31 C0 C19 C0 <wb> C28 C21 C1 C30 C34 C16 C19 C0 C24 C16 <wb> C3 C0 C24 C0 C11 C21 C0 C16 <wb> C6 C0 C11
gujarati_female_001106|C37 C0 C29 C0 C32 C0 C22 C0 C1 C24 C0 <wb> C28 C11 C10 C16 C24 C1 <wb> C19 C0 C29 C0 C16 C19 C0 C11 C34 C0 C29 C0 C26 <wb> C34 C0 C11 C30 C0 C34 C0 <wb> C19 C0 C29 C0 C16 C19 C0 C11 C34 C0 C24 C0 C11 <wb> C37 C0 C8 C0 C1 C29 C0 C11 <wb> C28 C0 C29 C0 C1 C8 C0 C1 C24 C0 C38 C0 <wb> C1 C28 C0 C38 C0 C1 <wb> C37 C0 C16 C24 C0 C1 <wb> C34 C0 C37 C0 C11 C24 C0 C34 C0 C16 <wb> C34 C0 C37 C0 C11 C24 C0 C34 C0 C16 <wb> C12 C26 C29 C22 C11 C34 C0 <wb> C36 C28 C0 C29 C0 <wb> C37 C0 C8 C0 C1 C29 C0 C11 <wb> C14 C0 C38 C0 C1 C24 C0 <wb> C19 C0 C11 C24 C0 C7 C0 C29 C0 C16 C32 C0 <wb> C19 C0 C29 C0 C11 <wb> C6 C0 C11
gujarati_female_001110|C37 C0 C29 C0 C32 C0 C22 C0 C1 C24 C0 <wb> C19 C26 C22 C28 C34 C29 C26 C21 C0 C29 C0 <wb> C11 C24 C0 C9 C0 <wb> C26 C9 C0 C16 C34 C0 C29 C0 <wb> C17 C0 C24 C0 C29 C0 C21 C0 <wb> C37 C0 C16 C24 C0 C26 C7 C0 <wb> C29 C0 C1 C38 C0 <wb> C11 C19 C0 <wb> C9 C0 C13 C0 C21 C36 C23 <wb> C1 C13 C0 C21 C0 <wb> C37 C0 C8 C0 C38 C0 C1 <wb> C6 C0 C11
gujarati_female_001114|C3 C1 C3 C16 <wb> C29 C36 C21 C0 C29 C30 C0 <wb> C26 C12 C0 <wb> C30 C26 C29 C0 C35 C0 <wb> C13 C29 C0 C23 C33 C26 <wb> C0 C24 C0 C11 <wb> C16 C32 C16 C15 C1 C30 C0 C19 C1 C29 C26 <wb> C31 C0 C29 C0 C16 <wb> C31 C0 C23 C4 C36 <wb> C28 C29 C0 C30 C1 C7 C0 <wb> C7 C11 C30 C1 C16 C24 C16 <wb> C29 C0 C5 C0 C24 C0 C1 C26 <wb> C6 C0 C11
gujarati_female_001127|C31 C16 C29 C16 C31 C0 C24 C1 C23 <wb> C12 C36 C21 C0 C24 C26 <wb> C30 C36 C23 C37 C1 C21 C26 <wb> C22 C0 C7 C0 C36 <wb> C22 C16 C35 C26 <wb> C21 C0 C16 C21 C0 C26 <wb> C19 C36 C22 C1 C31 C0 C4 C0 C29 C38 C26 <wb> C30 C0 C28 C0 C29 C0 C31 C0
gujarati_female_001140|C7 C0 C11 C31 C0 C24 C0 C1 <wb> C0 C24 C0 C38 C0 <wb> C19 C0 C11 C34 C0 C21 C0 C1 C19 C0 <wb> C34 C0 C26 C5 C0 C24 C0 C1 <wb> C20 C11 C21 C1 C9 C16 C26 C24 C16 <wb> C17 C0 C11 C22 C0 <wb> C29 C0 C1 C15 C0 C36 C21 C0 <wb> C7 C29 C0 C37 C16 C9 C0 C24 C11 <wb> C28 C0 C25 C0 <wb> C17 C0 C1 C15 C0 C11 C29 C0 <wb> C20 C0 C3 C0 C29 C0 C24 C1 <wb> C19 C0 C29 C0 C26 C9 C0 C26 C24 C0 C1 <wb> C19 C0 C26 C24 C0 C34 C0 C29 C0 C1 C19 C0 C34 C0 <wb> C22 C0 C21 C0 C32 C0 C1 <wb> C15 C0 C32 C0 C1
gujarati_female_001150|C30 C16 C29 C12 C0 <wb> C0 C15 C11 C30 C1 C30 C0 <wb> C15 C0 C2 <wb> C38 C0 C11 <wb> C29 C36 C15 C0 C30 C11 <wb> C22 C0 C15 C11 C30 C36 C30 C0 <wb> C19 C0 C29 C0 C26
gujarati_female_001151|C32 C11 C15 C16 <wb> C7 C11 C20 C0 C15 C36 <wb> C24 C16 C17 C0 <wb> C24 C0 C38 C0 C24 C0 C22 C2 C23 <wb> C38 C0 C15 C0 <wb> C37 C0 C29 C0 C7 C1 C24 C0 <wb> C24 C0 <wb> C1 C24 C0
gujarati_female_001162|C32 C0 C38 C0 C1 C23 <wb> C9 C16 C37 C26 C29 C30 C0 <wb> C19 C0 C11 C19 C0 <wb> C0 C24 C0 C11 <wb> C9 C16 C37 C26 C29 C30 C0 <wb> C29 C16 C23 C13 C0 C24 C1 <wb> C30 C34 C26 C21 C30 C0 <wb> C21 C1 C13 C11 C21 C1 <wb> C6 C0 C11
gujarati_female_001174|C30 C0 C27 <wb> C28 C0 C32 C0 C16 C24 C0 C11 <wb> C22 C0 C15 C11 C25 C1 C23 C34 C26 C25 C1 C23 <wb> C22 C0 C1 C29 C0 C11 <wb> C6 C0 C11 <wb> C28 C0 C29 C0 C23 C32 C0 C36 <wb> C28 C0 C32 C0 C16 <wb> C3 C0 C7 C8 C0 <wb> C6 C0 C11 <wb> C19 C0 C23 C16 C19 C0 <wb> C0 C23 C31 C0 C11 <wb> C15 C11 C21 C28 C0 C21 C11 C30 C0 <wb> C21 C0 C1 C5 C0 C1 C29 C0 <wb> C6 C0 C11 <wb> C11 <wb> C28 C0 C26 C32 C0 C11 <wb> C29 C0 C15 C11 C23 C30 C1 C38 C26 <wb> C6 C0 C11
gujarati_female_001178|C30 C0 C36 C8 C0 C1 <wb> C22 C36 C29 C32 C16 C24 C26 <wb> C3 C0 C26 C8 C0 <wb> C0 C32 C0 C16 C31 C0 C38 C0 <wb> C21 C0 C26 C4 C0 <wb> C19 C0 C29 C0 C24 C1 C29 C0 C24 C11 <wb> C6 C0 C11 C37 C0 C34 C0 C11 <wb> C32 C0 C26 <wb> C24 C36 C19 C0 C31 C1 C24 C0 <wb> C17 C0 <wb> C33 C0 C1 C38 C0 <wb> C6 C0 C11
gujarati_female_001183|C4 C2 C29 C0 C37 C0 <wb> C32 C0 C26 <wb> C32 C0 C29 C0 C32 C0 <wb> C17 C0 <wb> C21 C0 C9 C0 C37 C1 <wb> C22 C0 C1 C23 C9 C0 C38 C0 C26 <wb> C15 C0 C26 C38 C0 <wb> C19 C0 C1 C23 C16 <wb> C1 <wb> C32 C0 C26 <wb> C30 C0 C1 C37 C0 <wb> C20 C0 C26 C34 C0 C16 <wb> C37 C0 C15 C0 C11 C23 C5 C0 C25 C0 C16 <wb> C6 C0 C11
gujarati_female_001184|C28 C0 C5 C0 C16 C30 C0 <wb> C22 C0 C16 <wb> C9 C0 C16 C30 C0 C11 C22 C0 C3 C0 C29 C0 C24 C0 C1 <wb> C29 C0 C26 C17 C0 <wb> C36 C9 C1 C24 C0 <wb> C37 C0 C20 C0 C32 C0 C11 <wb> C17 C0 <wb> C24 C0 C16 C31 C0 C12 C0 C21 C0 <wb> C13 C0 C38 C0 C11 C21 C0 <wb> C17 C16 C26 C30 C16 C24 C19 C29 C26 C28 C29 C0 C30 C0 <wb> C30 C11 C34 C11 C21 C1 C16 C34 C0 <wb> C21 C0 C26 C23 C5 C0 <wb> C37 C11 C15 C16 C19 C0 C21 C0
gujarati_female_001200|C19 C29 C36 C9 C0 C24 C1 <wb> C4 C1 C37 C0 C37 C0 C8 C1 C29 C1 C33 C16 <wb> C20 C0 C11 C9 C0 C36 C32 C0 C26 C24 C0 C11 <wb> C37 C1 C28 C0 C29 C0 C37 C16 <wb> C28 C0 C9 C0 C32 C0 C16 <wb> C17 C0 C23 C32 C36 C24 C1 C31 C0 C19 C0 <wb> C7 C0 C37 C0 C1 C26 <wb> C28 C0 C23 C7 C0 C29 C0 <wb> C33 C0 C16 <wb> C37 C0 C16 C30 C0 <wb> C34 C0 C19 C0 C1 <wb> C22 C0 C26 C23 C14 C0 C16 <wb> C33 C0 C16 <wb> C29 C0 C15 C0 C16 <wb> C6 C0 C11
gujarati_female_001214|C11 C19 C0 C7 C0 C22 C0 <wb> C32 C0 C26 <wb> C29 C16 C23 C6 C0 <wb> C30 C0 C22 C0 C17 C0 C16 <wb> C24 C0 <wb> C31 C0 C19 C0 C38 C0 C36 C23 <wb> C19 C0 C11 <wb> C31 C0 C36 C23 <wb> C33 C0 C38 C0 C36 C23 <wb> C28 C0 C25 C0 <wb> C37 C1 C37 C1 C18 C26 C9 C1 C24 C26 <wb> C20 C0 C38 C0 C1 C21 C0 <wb> C1 C37 C0 C32 C1 C23 C17 C0 <wb> C32 C0 C11 <wb> C5 C16 C30 C0 <wb> C28 C0 C1 C9 C0 C16 <wb> C36 C35 C0 C38 C0 C36 C23
gujarati_female_001221|C0 C31 C34 C1 C19 C1 C29 C0 <wb> C22 C0 C23 C32 C0 C29 C0 <wb> C31 C0 C29 C0 C16 C19 C0 C31 C0 C25 C0 <wb> C31 C0 C29 C0 C25 C0 C23 <wb> C22 C0 C22 C0 C24 C36 C23 <wb> C0 C31 C34 C0 <wb> C28 C29 C0 C15 C38 C0 <wb> C30 C22 C0 C29 C0 C25 C0 <wb> C19 C0 C29 C0 C37 C0 C36 C23
gujarati_female_001227|C0 C24 C0 C11 <wb> C19 C0 C21 C0 C19 C0 C32 C32 C1 C24 C1 <wb> C30 C34 C11 C9 C16 C38 C0 C22 C0 <wb> C28 C0 C29 C0 <wb> C17 C0 C16 C24 C11 <wb> C22 C0 C1 C12 C0 C16 <wb> C22 C0 C1 C13 C0 C11 <wb> C11 <wb> C3 C0 C23 C24 C0 C11 <wb> C12 C29 C0 C24 C34 C0 C28 C11 C17 C0 <wb> C24 C38 C36 C18 C0 <wb> C3 C0 C24 C0 C16 <wb> C17 C0 C1 C38 C0 <wb> C6 C0 C11
gujarati_female_001240|C29 C0 C22 C0 C32 C0 C37 C16 C29 C0 <wb> C26 C6 C0 C16 <wb> C5 C0 C29 C0 C3 C16 C37 C1 C21 C16 <wb> C9 C11 C29 C16 <wb> C24 C16 C28 C0 C17 C0 <wb> C28 C0 C36 C31 C0 C19 C0 C21 C0 <wb> C21 C11 C37 C1 C33 C16 <wb> C17 C0 C11 C22 C0 C1 C23 <wb> C7 C0 C36 C8 C0 <wb> C38 C0 C26 C13 C0 C29 C0 C34 C0 <wb> C5 C0 C16 C18 C0 <wb> C37 C0 C13 C0 C11 C29 C0 C11 <wb> C1 C37 C0 C11 <wb> C6 C0 C11
gujarati_female_001243|C17 C1 C32 C0 C30 C38 C0 <wb> C15 C16 <wb> C8 C36 C29 C0 C37 C26 C29 C0 <wb> C22 C0 C32 C0 C38 C0 C36 <wb> C0 C29 C0 C33 C0 C1 C32 C0 <wb> C17 C0 C24 C22 C11 C21 C1 C24 C36 C23 <wb> C22 C0 C32 C0 C38 C0 C36 <wb> C24 C0 C16 C31 C0 C5 C0 C16 C32 C0 <wb> C6 C0 C11
gujarati_female_001245|C22 C0 C26 C34 C0 C1 C4 C0 C1 C13 C0 C24 C0 C1 <wb> C37 C0 C38 C0 C1 C38 C0 C1 C22 C0 <wb> C22 C0 C1 C34 C0 C11 <wb> C13 C0 C21 C0 C36 C19 C0 C26 C18 C0 <wb> C22 C0 C24 C0 <wb> C28 C0 C30 C0 C23 C7 C0 <wb> C36 C29 C17 C1 C24 C26 <wb> C30 C0 C32 C0 C29 C0 C26 C32 C0 <wb> C6 C0 C11
gujarati_female_001246|C17 C24 C1 C24 C0 C38 C26 C13 C16 <wb> C31 C0 C29 C0 C16 <wb> C5 C0 C23 C7 C36 C4 C1 C16 C11 <wb> C37 C0 C1 C32 C0 C24 C0 C36 C23 <wb> C30 C0 C22 C1 C28 C0 C24 C0 <wb> C19 C0 C29 C0 C32 C0 C1 C23 <wb> C19 C0 C15 C0 C38 C0 C36 C23 <wb> C28 C0 C29 C0 C22 C1 C32 C22 C1 C24 C26 <wb> C30 C1 C19 C31 C1 C32 C19 C0 C29 C0 <wb> C33 C0 C1 C38 C0 <wb> C6 C0 C11 <wb> C32 C0 C38 C0 C1 C29 C0 C11 <wb> C19 C0 C15 C0 C11 <wb> C6 C0 C11 <wb> C3 C0 C23 C14 C36 C17 C0 <wb> C22 C0 C21 C0 C16 <wb> C17 C0 C1 C38 C0 <wb> C6 C0 C11
gujarati_female_001247|C1 C22 C0 <wb> C31 C16 C37 C0 C29 C1 C32 C29 C16 C24 C1 <wb> C22 C0 C15 C1 C28 C0 C29 C37 C0 <wb> C28 C0 C29 C0 C30 C0 C23 C13 C0 C11 <wb> C29 C0 C1 C32 C0 C29 C0 C11 <wb> C31 C0 C16 C37 C0 C17 C0 C16 <wb> C36 C28 C0 C29 C0 <wb> C3 C16 C21 C16 <wb> C5 C0 C10 C0 C1 C37 C0 C16 <wb> C0 C4 C0 C16 C31 C0 C11 C19 C0 <wb> C19 C0 C29 C0 C37 C0 C1 C33 C0 C16 <wb> C0 C24 C0 C23 C32 C0 <wb> C28 C36 C24 C38 C0 <wb> C28 C0 C29 C0 C1 C28 C0 C32 C0 <wb> C33 C0 C1 C38 C0 <wb> C6 C0 C11
gujarati_female_001250|C28 C0 C25 C0 <wb> C4 C0 C27 C32 C0 C16 C19 C0 <wb> C30 C0 C12 C0 C21 C0 C32 C0 C1 <wb> C19 C0 C7 C0 C1 C5 C0 <wb> C24 C0 C1 <wb> C28 C0 C25 C0 <wb> C22 C0 C21 C0 C16 <wb> C32 C0 C26 <wb> C28 C0 C25 C0 <wb> C37 C0 C16 C28 C0 C29 C0 C16 C32 C0 <wb> C30 C0 C23 C38 C0 C26 C13 C0 C26 <wb> C37 C0 C5 C0 C5 C0 C11 <wb> C30 C0 C37 C0 C5 C0 C6 C0 <wb> C0 C24 C0 C11 <wb> C30 C0 C22 C0 C32 C0 C26 C21 C0 <wb> C29 C0 C15 C0 C16 <wb> C31 C0 C19 C0 C1 C38 C0 <wb> C6 C0 C11
gujarati_female_001252|C14 C0 C29 C0 C22 C1 C23 C33 C16 <wb> C19 C0 C11 C34 C0 C21 C0 C1 C23 C38 C0 C24 C0 C11 <wb> C37 C0 C16 C7 C0 C1 C38 C0 <wb> C1 C28 C0 C16 <wb> C6 C0 C11 <wb> C0 C24 C0 C11 <wb> C28 C0 C6 C0 C16 <wb> C36 C7 C0 C1 C30 C0 <wb> C22 C0 C24 C0 C11 <wb> C14 C0 C11 C29 C0 <wb> C28 C0 C1 C6 C0 C26 <wb> C1 C37 C0 C16 C24 C0 C11 <wb> C9 C1 C22 C0 C5 C16 C38 C1 <wb> C28 C0 C29 C0 <wb> C36 C23 C14 C0 C22 C36 C8 C0 <wb> C30 C0 C36 C16 <wb> C13 C0 C38 C0 C26 <wb> C6 C0 C36 C23
gujarati_female_001280|C28 C1 C19 C16 C30 C32 C1 C24 C0 C24 C1 <wb> C30 C16 C23 C8 C0 C22 C1 C23 <wb> C36 C7 C4 C0 C37 C11 C21 C1 C23 <wb> C9 C0 C30 C34 C0 <wb> C30 C34 C26 C29 C22 C0 C24 C1 <wb> C19 C0 C1 C29 C0 C25 C0 C11 <wb> C30 C0 C22 C0 C13 C0 C29 C0 <wb> C13 C0 C36 C17 C0 C29 C0 C1 C32 C0 C24 C0 C1 <wb> C37 C0 C1 C32 C0 C1 C37 C0 C29 C0 C25 C0 C22 C0 C1 C23 <wb> C0 C25 C0 C8 C1 C29 C38 C26 <wb> C3 C0 C7 C0 C21 C0 C1 C37 C0 <wb> C17 C0 C26 C37 C0 C1 <wb> C22 C0 C21 C0 C38 C0 C26 <wb> C15 C0 C32 C0 C26
gujarati_female_001289|C28 C29 C11 C32 C1 C32 C22 C1 C11 <wb> C19 C0 C15 C0 C38 C0 C36 C23 <wb> C26 C15 C0 <wb> C28 C1 <wb> C19 C26 C34 C30 C0 <wb> C15 C0 C36 C23 <wb> C9 C0 C11 C37 C0 C16 C9 C0 <wb> C6 C0 C36 C23
gujarati_female_001292|C20 C0 C13 C29 C1 C30 C0 <wb> C13 C0 C29 C0 C15 C0 C25 C0 <wb> C37 C0 C20 C0 C32 C0 C11 <wb> C32 C0 C9 C0 C19 C26 <wb> C19 C1 C21 C1 C31 C0 <wb> C28 C0 C9 C0 C32 C0 C26 <wb> C33 C0 C1 C38 C0 <wb> C6 C0 C11
gujarati_female_001295|C30 C0 C36 C20 C0 <wb> C0 C24 C0 C38 C0 <wb> C17 C16 C37 C26 <wb> C30 C0 C1 C33 C0 C11 <wb> C37 C0 C15 C11 C5 C0 C37 C36 <wb> C0 C24 C0 C11 <wb> C7 C0 C36 C15 C20 C0 <wb> C4 C0 C26 C13 C0 C37 C0 C16 <wb> C21 C0 C11 C37 C0 C36 C23 <wb> C32 C26 C17 C0 <wb> C1 C32 C22 C1 C24 C16 <wb> C36 C24 C24 C0 C32 C16 C24 C26 <wb> C22 C0 C1 C29 C0 C13 C0 <wb> C22 C0 C21 C0 C11
gujarati_female_001309|C19 C1 C5 C0 C24 C1 <wb> C28 C26 C34 C0 <wb> C19 C1 C5 C0 C24 C16 <wb> C22 C36 C29 C32 C16 C26 <wb> C19 C1 C5 C0 C24 C16 <wb> C12 C0 C29 C0 C11 C22 C0 <wb> C37 C0 C13 C0 C11 C29 C0 C11 <wb> C17 C0 C11 C37 C0 C16 <wb> C37 C0 C30 C32 C36 C37 C26 <wb> C0 C32 C0 C38 C0 C1 C29 C0 C11 <wb> C14 C0 C29 C0 C26 C22 C0 C1 C23 <wb> C31 C0 C26 <wb> C28 C0 C16 C30 C0 <wb> C32 C0 C29 C0 C16 C19 C0 C11 <wb> C36 C28 C0 C38 C0 C26 C13 C0 C22 C0 C1 C23 <wb> C1 C37 C0 C16 <wb> C29 C0 C15 C0 C38 C0 C1 <wb> C6 C0 C11
gujarati_female_001319|C1 C28 C0 <wb> C19 C0 C15 C38 C26 <wb> C37 C0 C29 C0 <wb> C22 C0 C1 C23 C13 C0 <wb> C31 C0 C16 C37 C0 <wb> C32 C0 C3 C0 <wb> C24 C29 C28 C0 <wb> C37 C0 C16 C24 C0 C38 C0 <wb> C3 C0 C20 C1 C24 C0
gujarati_female_001324|C16 C29 C1 C7 C1 C28 C36 C29 C37 C0 C19 C0 <wb> C28 C0 C26 C32 C0 C1 C24 C0 C11 <wb> C37 C0 C16 C30 C0 C12 C0 C26 C34 C0 C33 C0 C16 <wb> C36 C9 C0 C1 C9 C0 C16 <wb> C7 C0 C11 <wb> C32 C0 C11 <wb> C28 C0 C15 C0 C11 C21 C0 C1 C23 <wb> C12 C11 C23 C19 C1 C16 <wb> C17 C0 C31 C0 C11 <wb> C37 C38 C26 C22 C26 C24 C26 C34 C0 C30 C0 <wb> C30 C0 C1 C33 C0 C11 C24 C0 C16 <wb> C32 C0 C11 <wb> C19 C11 C28 C0 <wb> C30 C38 C36 C21 C0 <wb> C3 C0 C23 C13 C0 C1 C21 C0 C24 C0 C1 <wb> C36 C28 C0 C30 C1 C13 C0 C29 C0 C22 C1 C23 <wb> C36 C32 C0 C29 C0 C16 <wb> C28 C0 C9 C0 C31 C0 C11
gujarati_female_001330|C15 C0 C36 C23 <wb> C29 C0 C26 C17 C0 <wb> C36 C24 C1 C21 C1 C24 C1 <wb> C3 C0 C21 C0 C3 C0 C21 C0 C32 C1 <wb> C32 C0 C9 C0 C19 C0 C1 C24 C0 C16 <wb> C37 C0 C5 C0 C5 C0 C11 <wb> C6 C1 C23 C38 C26 <wb> C0 C24 C0 C11 <wb> C12 C0 C36 C21 C0 <wb> C0 C24 C0 C11 <wb> C30 C0 C36 C13 C0 C23 C8 C0 <wb> C31 C26 C8 C38 C1 <wb> C19 C0 C29 C0 C36 C23 <wb> C6 C0 C36 C23
gujarati_female_001339|C37 C0 C16 C30 C0 C22 C0 C16 <wb> C30 C0 C7 C16 C24 C26 <wb> C28 C0 C29 C0 C33 C0 C22 C0 <wb> C7 C0 C16 C37 C0 C30 C0 <wb> C11 C34 C0 C21 C0 C11 <wb> C26 C13 C0 C25 C0 C16 C30 C0 C26 <wb> C11 C19 C0 <wb> C24 C0 C16 <wb> C17 C1 C24 C38 C36 C37 C1 C29 C16 C24 C16 <wb> C28 C0 C15 C0 C11 C21 C0 C16 <wb> C32 C0 C1 C29 C0 C16 C20 C0 <wb> C11 C19 C0 C37 C0 C16 C30 C0 C22 C0 C16 <wb> C30 C0 C7 C16 C24 C26 <wb> C28 C0 C29 C0 C33 C0 C22 C0 <wb> C7 C0 C16 C37 C0 C30 C0 <wb> C11 C34 C0 C21 C0 C11 <wb> C11 C19 C0 <wb> C11 C19 C0 <wb> C3 C0 C11 C15 C0 C17 C0 C1 C29 C0 <wb> C11 C19 C0
gujarati_female_001345|C32 C0 C11 C22 C0 C1 C23 <wb> C31 C16 C20 C0 C37 C1 C9 C1 C38 C0 <wb> C6 C0 C11 <wb> C19 C0 C11 <wb> C6 C36 C34 C1 C6 C11 C9 C1 <wb> C28 C0 C1 C29 C0 C34 C0 C16 <wb> C19 C0 C11 <wb> C12 C29 C16 C9 C0 C22 C0 <wb> C9 C11 C30 C0 <wb> C19 C0 C11 C37 C0 C16 <wb> C29 C0 C16 C32 C0 C11 <wb> C36 C17 C0 C37 C0 C37 C1 <wb> C17 C0 C26 C16 C11
gujarati_female_001348|C17 C0 C38 C0 C1 C23 <wb> C32 C0 C11 <wb> C8 C0 C38 C0 C1 C24 C0 C22 C0 C1 C23 <wb> C36 C4 C0 C1 <wb> C6 C0 C11 <wb> C32 C0 C38 C0 C1 C23 <wb> C5 C0 C1 C29 C0 C11 <wb> C19 C0 C26 C29 C0 <wb> C14 C0 C11 C14 C0 C36 C29 C0 <wb> C14 C0 C1 C30 C0 <wb> C36 C13 C38 C36 C23 <wb> C6 C0 C11
gujarati_female_001361|C1 C28 C0 C25 C0 C26 <wb> C17 C0 <wb> C34 C0 C36 C23 C19 C0 C26 <wb> C30 C0 C37 C0 C1 C29 C0 C33 C0 <wb> C30 C0 C1 C8 C0 C37 C0 C1 C22 C0 C1 C23 <wb> C1 C28 C0 C25 C0 C11 <wb> C29 C0 C5 C38 C1 C23 C28 C0 C5 C38 C1 C23 <wb> C29 C0 C15 C16 C11 <wb> C6 C0 C16 C11
gujarati_female_001366|C34 C0 C22 C11 <wb> C28 C0 C25 C0 <wb> C28 C1 C23 C5 C11 C38 C0 <wb> C17 C0 C25 C0 <wb> C30 C0 C23 C28 C0 C33 C16 <wb> C29 C0 C15 C11 C31 C26 <wb> C32 C0 C26 <wb> C22 C0 C17 C0 C3 C0 C36 C32 C0 <wb> C3 C0 C24 C0 C31 C26 <wb> C28 C0 C29 C0 C23 C32 C0 C36 <wb> C21 C0 C9 C16 <wb> C18 C0 C14 C0 C9 C16 C24 C11 <wb> C0 C21 C0 C13 C0 <wb> C0 C21 C0 C13 C0 <wb> C29 C0 C15 C11 C31 C26 <wb> C32 C0 C26 <wb> C19 C0 C22 C0 C17 C26 C29 C0 <wb> C3 C0 C24 C0 C31 C26
gujarati_female_001372|C1 C28 C0 C25 C0 C11 <wb> C20 C36 C7 C0 C17 C0 <wb> C28 C29 C0 C31 C24 C26 C24 C11 <wb> C36 C4 C0 C1 <wb> C19 C0 C29 C0 C16 C11 <wb> C6 C0 C16 C11 <wb> C0 C24 C0 C11 <wb> C32 C0 C11 C24 C0 C11 <wb> C36 C19 C11 C21 C0 C37 C1 C22 C1 C23 <wb> C19 C0 C16 C23 C22 C0 C32 C0 C16 <wb> C30 C0 C22 C0 C38 C0 <wb> C37 C11 C9 C0 C12 C16 C11 <wb> C6 C0 C16 C11
gujarati_female_001374|C30 C26 C29 C0 C35 C0 C24 C1 <wb> C8 C0 C29 C22 C0 C30 C0 C15 C16 C31 C25 C36 <wb> C24 C0 C37 C1 C3 C11 <wb> C28 C0 C26 C32 C0 C1 C24 C0 C1 <wb> C29 C0 C1 C17 C0 C22 C0 C15 C0 C11 C21 C0 C22 C0 C1 C23 <wb> C30 C0 C15 C0 C17 C0 C1 C24 C0 C23 C7 C0 <wb> C30 C37 C1 C22 C16 C24 C1 C23 <wb> C28 C0 C13 C0 C21 C0 C1 C23 <wb> C19 C0 C29 C1 C37 C38 C1 C23
gujarati_female_001385|C30 C0 C16 C7 C0 C8 C0 C1 C23 C32 C0 <wb> C17 C0 C26 <wb> C1 C34 C0 C21 C0 C26 <wb> C3 C0 C8 C0 C26 <wb> C5 C0 C36 C30 C0 C32 C0 <wb> C0 C24 C0 C11 <wb> C38 C0 C1 C23 C32 C0 C29 C0 C16 C19 C0 <wb> C15 C0 C26 C38 C0 <wb> C32 C0 C26 <wb> C22 C0 C1 C29 C0 C1 <wb> C17 C0 C16 C37 C0 C24 C0 C24 C0 C26 <wb> C19 C0 C26 C16 <wb> C0 C29 C0 C33 C0 <wb> C17 C0 <wb> C29 C0 C15 C0 C11 C32 C0 C26 <wb> C24 C0 C33 C0 C16
gujarati_female_001400|C17 C16 C24 C16 C37 C1 <wb> C28 C0 C1 C30 C0 C11 C24 C0 C36 C23 <wb> C1 <wb> C21 C0 C1 C29 C0 C17 C0 <wb> C15 C0 C11 C9 C0 C29 C0 C26 C24 C0 <wb> C19 C0 C26 C21 C0 C1 C16 C9 C0 C29 C0 <wb> C30 C0 C32 C0 C32 C0 C29 C0 <wb> C22 C0 C1 C16 C21 C0 <wb> C30 C0 C32 C38 C1 C37 C16 C30 C0 <wb> C19 C0 C16 C21 C0 C26 <wb> C22 C0 C16 C34 C0 C29 C0 <wb> C21 C0 C23 C3 C0 C1 C16 C24 C0 C16 <wb> C13 C0 C26 C21 C0 C1 C19 C0 C1 C29 C0 <wb> C34 C0 C24 C0 C21 C0 <wb> C6 C0 C11
gujarati_female_001405|C1 C28 C0 C25 C0 C16 <wb> C28 C0 C33 C0 C37 C0 C16 <wb> C36 C28 C0 C29 C0 <wb> C17 C0 C11 C34 C0 C21 C0 C36 C23 <wb> C28 C0 C1 C25 C0 C16 <wb> C6 C0 C11 <wb> C32 C11 C22 C1 C23 C24 C36 C23 <wb> C30 C0 C32 C32 C1 C25 C36 <wb> C34 C0 C19 C0 C1 <wb> C22 C0 C15 C1 C30 C1 C13 C0 C29 C26 C24 C1 <wb> C20 C1 C29 C1 C23 <wb> C17 C0 C21 C0 C24 C1 <wb> C29 C29 C28 C0 C22 C1 C23 <wb> C22 C26 C17 C36 C7 C0 <wb> C6 C0 C11
gujarati_female_001423|C9 C0 C30 C34 C0 <wb> C15 C11 C18 C16 <wb> C30 C19 C1 C38 C0 <wb> C11 C34 C0 C21 C0 C11 <wb> C8 C36 C21 C0 C24 C16 <wb> C9 C0 C22 C0 C29 C16 C33 C16 <wb> C6 C0 C37 C1 C38 C11 C21 C1 <wb> C1 C19 C1 C31 C0 C24 C16 <wb> C30 C0 C33 C0 C16 C32 C0 C16 <wb> C30 C0 C29 C0 C17 C0 C1 C16 <wb> C15 C0 C32 C0 C16
gujarati_female_001430|C24 C0 C1 C30 C0 C32 C0 C16 C19 C0 C26 <wb> C4 C0 C13 C0 C37 C1 C24 C0 C24 C1 <wb> C20 C38 C1 C21 C0 C24 C36 C23 <wb> C22 C1 C24 C0 C30 C0 C31 C1 C30 C32 C29 C16 C38 C0 <wb> C22 C0 C15 C0 C32 C0 C32 C0 C37 C0 <wb> C30 C0 C22 C0 C17 C0 C11 <wb> C30 C0 C37 C0 C16 C19 C0 C1 C29 C0 C11 <wb> C0 C24 C0 C11 <wb> C1 C30 C0 C32 C0 C16 C19 C0 C26 <wb> C32 C0 C11 C22 C0 C24 C0 C1 <wb> C22 C0 C32 C0 C11 <wb> C17 C0 C11 <wb> C4 C0 C13 C0 C37 C0 C1 C24 C0 C24 C0 C16 <wb> C21 C0 C16 C21 C0 C1 <wb> C6 C0 C11
gujarati_female_001432|C1 C33 C0 C16 <wb> C11 C24 C0 C1 C23 <wb> C3 C2 C29 C1 C23 <wb> C6 C0 C26 C19 C0 C29 C0 C1 C23 <wb> C15 C1 C9 C0 C28 C16 C23 C17 C0 C29 C0 <wb> C17 C0 C11 C37 C0 C1 C23 <wb> C33 C0 C16 <wb> C13 C0 C38 C0 C1 C23 <wb> C6 C0 C11
gujarati_female_001434|C32 C0 C11 C24 C0 C1 <wb> C31 C0 C29 C0 C16 C29 C0 C24 C0 C16 <wb> C21 C0 C23 C3 C0 C1 C16 <wb> C28 C0 C1 C23 C30 C0 C26 <wb> C22 C16 C21 C16 C22 C16 C34 C0 C29 C0 <wb> C30 C0 C36 C8 C0 C16 <wb> C15 C0 C26 C16 <wb> C31 C0 C19 C0 C11 <wb> C32 C0 C11 C24 C0 C36 C23 <wb> C37 C0 C17 C0 C24 C0 <wb> C0 C23 C7 C0 C1 C17 C0 C11 <wb> C3 C0 C32 C0 C29 C0 C16 C30 C0 <wb> C22 C16 C21 C16 C13 C29 C1 C22 C0 <wb> C15 C0 C31 C0 C11
gujarati_female_001450|C32 C0 C11 C22 C0 C25 C0 C11 <wb> C32 C0 C11 C22 C0 C24 C0 C1 <wb> C1 C15 C0 C1 C29 C0 C22 C0 C1 C23 <wb> C21 C0 C26 C15 C0 <wb> C18 C16 C23 C19 C0 <wb> C0 C24 C0 C11 <wb> C37 C0 C16 C34 C0 C1 C22 C0 C16 C24 C0 <wb> C3 C0 C16 <wb> C3 C0 C1 C29 C0 <wb> C24 C0 C16 <wb> C36 C25 C0 C28 C0 <wb> C24 C0 <wb> C29 C0 C15 C0 C11 <wb> C32 C0 C11 C22 C0 <wb> C29 C0 C1 C20 C0 C37 C0 C36 C23 <wb> C17 C0 C26 C16 C11
gujarati_female_001464|C1 <wb> C24 C11 C24 C11 C24 C34 C11 C24 C1 C24 C16 <wb> C12 C16 C21 C22 C0 <wb> C0 C8 C0 C26 C29 C0 C19 C0 C32 C0 <wb> C19 C16 C29 C0 C25 C26 C24 C36 C23 <wb> C28 C0 C29 C0 C13 C0 C29 C0 C15 C0 C25 C0 <wb> C19 C0 C29 C0 C11 <wb> C6 C0 C11
gujarati_female_001467|C30 C11 C37 C1 C24 C36 C23 <wb> C19 C0 C1 C22 C0 <wb> C19 C0 C29 C0 C32 C0 C1 C23 <wb> C28 C0 C25 C0 <wb> C37 C0 C29 C0 C32 C0 <wb> C4 C0 C23 C13 C0 <wb> C33 C0 C38 C0 C36 C23 <wb> C22 C0 C1 C24 C0 C11 <wb> C11 C37 C0 C16 <wb> C30 C0 C22 C0 C17 C0 C25 C0 C37 C1 C21 C1 C26 C11 <wb> C30 C1 C8 C0 C19 C0 C24 C16 <wb> C37 C0 C38 C0 C1 C20 C0 C38 C0 C1 <wb> C30 C0 C23 C3 C0 C23 C8 C0 C16 <wb> C37 C0 C16 C5 C0 C1 C29 C0 <wb> C19 C0 C29 C0 C37 C0 C26 <wb> C17 C0 C26 C16 C11
gujarati_female_001470|C3 C11 C21 C1 C30 C34 C16 C19 C0 <wb> C22 C0 C16 C30 C0 C1 C16 C21 C0 <wb> C6 C0 C26 C9 C0 C37 C0 C1 <wb> C22 C0 C1 C34 C0 C11 <wb> C22 C0 C8 C38 C0 C4 C1 C13 C11 <wb> C21 C0 C26 C24 C0 C5 C0 C16 C23 C13 C0 <wb> C34 C0 C38 C36 C3 C0 <wb> C15 C0 C26 C38 C0 <wb> C6 C0 C11
gujarati_female_001484|C32 C0 C22 C0 C11 <wb> C17 C0 C36 C26 <wb> C19 C0 C11 <wb> C11 <wb> C28 C36 C29 C37 C26 C32 C32 C0 C29 C0 <wb> C4 C0 C1 C29 C0 C32 C0 C22 C0 C1 C23 <wb> C0 C19 C1 C7 C1 C22 C16 C24 C16 <wb> C20 C0 C1 C30 C0 <wb> C12 C11 C21 C26 C31 C16 C28 C0 <wb> C28 C0 C36 C29 C0 C37 C0 C19 C0 <wb> C14 C0 C36 C22 C0 C11 <wb> C6 C0 C11 <wb> C32 C0 C26 <wb> C11 C22 C0 C1 C23 <wb> C28 C0 C25 C0 <wb> C28 C0 C29 C0 C13 C0 C34 C0 <wb> C33 C0 C32 C0 C16 <wb> C1 C37 C0 C11 <wb> C6 C0 C11
gujarati_female_001491|C15 C1 C21 C26 C21 C0 <wb> C29 C0 C26 C9 C0 <wb> C28 C0 C29 C0 <wb> C30 C0 C34 C0 C11 C9 C0 C16 C38 C0 C22 C0 <wb> C22 C0 C1 C34 C0 C11 <wb> C11 C19 C0 C30 C0 C26 <wb> C6 C0 <wb> C37 C0 C16 C14 C0 C1 <wb> C17 C0 C22 C0 C16 C24 C0 C24 C0 C11 <wb> C29 C1 C17 C0 C38 C0 <wb> C30 C0 C29 C0 C19 C0 C1 C29 C0 <wb> C7 C0 C37 C0 C1 C29 C0 C1 <wb> C28 C0 C25 C0 <wb> C22 C0 C23 C17 C36 C29 C16 C24 C16 <wb> C22 C0 C15 C26 C29 C0 <wb> C21 C0 C13 C0 C1 C37 C0 C16 <wb> C7 C0 C11 C37 C0 C1 C22 C0 C1 C23 <wb> C1 C37 C0 C16 <wb> C6 C0 C11
gujarati_female_001498|C11 C24 C0 C29 C0 C17 C0 C16 <wb> C17 C0 C11 C21 C0 <wb> C3 C0 C30 C0 C30 C0 C26 <wb> C22 C16 C21 C16 C22 C16 C34 C0 C29 C0 <wb> C28 C29 C0 C37 C1 C15 C16 C22 C1 C23 <wb> C28 C0 C5 C0 C5 C0 C16 C30 C0 <wb> C13 C0 C29 C0 C1 C22 C0 <wb> C19 C0 C1 C29 C0 C3 C0 C26 C15 C0 C1 C16 C9 C0 C29 C0 C11 C34 C0 <wb> C26 C19 C0 C30 C0 C16 C17 C0 C24 C0 <wb> C31 C0 C37 C0 C1 C30 C0 C22 C0 C1 C23 <wb> C21 C0 C11 C37 C0 C1 C24 C0 C36 C23 <wb> C22 C0 C1 C28 C0
gujarati_female_001510|C8 C0 C24 C0 C1 C10 C0 C38 C0 <wb> C3 C0 C29 C0 C1 C15 C0 C22 C0 C25 C0 <wb> C30 C27 C22 C16 C21 C0 C24 C1 <wb> C37 C0 C16 C31 C0 C1 C21 C0 <wb> C38 C0 C17 C0 C24 C0 <wb> C22 C0 C23 C9 C0 C21 C0 <wb> C28 C0 C1 C30 C0 C11 <wb> C1 <wb> C7 C0 C16 C37 C0 C38 C0 <wb> C37 C0 C16 C22 C0 C1 C24 C0 C26 <wb> C15 C0 C22 C0 C25 C0 C1 C23 <wb> C36 C32 C0 C29 C0 C31 C11
gujarati_female_001512|C0 C24 C38 C0 C33 C1 <wb> C17 C0 C16 C37 C0 C24 C0 <wb> C4 C0 C1 C37 C0 <wb> C16 C5 C6 C1 C22 C1 C23 <wb> C26 C32 C0 C28 C29 C26 C32 C0 <wb> C3 C0 C24 C0 C11 <wb> C3 C0 C29 C0 C15 C0 C22 C0 C1 C17 C0 C16 C24 C0 C1 C23 <wb> C32 C0 C28 C0 <wb> C7 C0 C37 C0 C1 C29 C0 C1 <wb> C17 C0 C11 <wb> C28 C0 C1 C23 C5 C0 <wb> C22 C36 C20 C0 C24 C1 <wb> C31 C0 C16 C37 C0 C17 C0 C16 C24 C0 C36 C23 <wb> C37 C0 C29 C0 C25 C0 C24 C0 <wb> C17 C26 C38 C0
gujarati_female_001517|C0 C24 C0 C11 <wb> C11 C24 C0 C1 <wb> C0 C17 C0 C37 C1 C21 C11 <wb> C17 C16 C37 C0 C24 C0 C19 C36 C5 C0 <wb> C1 C29 C0 C23 C4 C1 C38 C0 <wb> C32 C0 C26 <wb> C35 C26 C19 C0 C29 C26 C24 C26 <wb> C4 C0 C38 C0 <wb> C26 C6 C0 C26 <wb> C6 C0 C11
gujarati_female_001518|C37 C0 C26 C21 C0 C22 C0 C1 C29 C0 C34 C0 <wb> C16 C5 C0 C6 C0 C11 <wb> C6 C0 C11 <wb> C19 C0 C11 <wb> C19 C11 C28 C16 C11 C22 C0 C17 C16 <wb> C4 C0 C1 C29 C0 C32 C0 C22 C0 C1 C23 <wb> C32 C0 C11 C24 C0 C1 <wb> C30 C0 C11 C23 C19 C0 C9 C0 C26 <wb> C37 C11 C24 C9 C0 C29 C30 C0 <wb> C0 C24 C0 C11 <wb> C30 C0 C28 C21 C1 C38 C0 C29 C17 C0 C24 C11 <wb> C5 C0 C19 C1 C30 C11
gujarati_female_001529|C37 C0 C16 C28 C0 C36 C21 C0 <wb> C28 C0 C29 C0 C22 C0 C1 C25 C0 C22 C0 C1 C23 <wb> C32 C0 C30 C37 C16 C29 C26 <wb> C30 C22 C0 C29 C0 C25 C16 C19 C1 C26 <wb> C9 C26 C19 C38 C36 C22 C11 C24 C34 C0 C29 C16 <wb> C12 C0 C16 C21 C0 C22 C0 C26 <wb> C17 C0 C13 C0 C32 C0 <wb> C30 C0 C22 C0 C19 C0 C31 C0 <wb> C29 C0 C17 C0 C36 <wb> C19 C0 C29 C0 C11 C21 C0 <wb> C6 C0 C11
gujarati_female_001534|C0 C22 C0 C11 C29 C0 C16 C19 C0 C1 C24 C0 C1 <wb> C15 C2 C24 C26 C19 C0 <wb> C22 C2 C19 C0 C19 C1 C29 C34 C16 <wb> C32 C38 C1 C23 C24 C1 <wb> C21 C0 C26 C19 C0 C26 C24 C0 C11 <wb> C17 C0 C16 C37 C0 C24 C0 C22 C0 C1 C23 <wb> C28 C0 C29 C0 C11 C29 C0 C25 C0 C1 <wb> C1 C28 C0 C11 <wb> C32 C0 C11 C37 C0 C16 <wb> C37 C0 C1 C32 C0 C26 <wb> C19 C0 C15 C0 C11 <wb> C6 C0 C11
gujarati_female_001542|C6 C0 <wb> C13 C0 C29 C0 C1 C22 C0 <wb> C19 C1 C29 C3 C0 <wb> C13 C36 C25 C38 C1 <wb> C28 C1 C36 C24 C9 C0 C22 C1 C23 <wb> C31 C0 C29 C0 C16 C29 C0 C24 C0 C36 C23 <wb> C37 C0 C17 C0 C24 C0 <wb> C3 C0 C29 C0 C1 C3 C0 C29 C0 <wb> C29 C0 C26 C17 C0 C24 C0 C1 <wb> C13 C0 C29 C0 C1 C22 C0 <wb> C19 C1 C29 C3 C0 <wb> C13 C0 C25 C0 C1 C38 C0
gujarati_female_001573|C28 C16 C21 C16 <wb> C8 C0 C22 C0 C29 C0 C19 C0 <wb> C5 C36 C23 C7 C0 C9 C16 C26 <wb> C26 C10 C11 C21 C16 <wb> C15 C0 C32 C0 C16 <wb> C0 C24 C0 C11 <wb> C30 C0 C26 C21 C0 <wb> C31 C0 C25 C0 C13 C1 C29 C0 C33 C16 <wb> C30 C0 C17 C11 C21 C16 <wb> C15 C0 C32 C0 C16
gujarati_female_001574|C15 C0 C16 C23 C7 C0 C36 <wb> C22 C0 C36 C30 C0 C21 C0 C16 C22 C0 <wb> C2 C19 C38 C0 <wb> C33 C0 C16 C24 C0 C11 <wb> C13 C1 C11 <wb> C30 C0 C37 C0 <wb> C13 C36 C25 C0 C13 C1 C24 C0
gujarati_female_001583|C14 C0 C25 C0 C16 C37 C0 C1 C29 C0 <wb> C32 C0 C11 <wb> C19 C0 C15 C0 C11 <wb> C22 C0 C11 C23 <wb> C7 C0 C30 C0 <wb> C37 C0 C29 C0 C31 C0 C33 C0 C16 <wb> C1 C16 C30 C19 C29 C16 C22 C0 <wb> C5 C1 C20 C38 C26 <wb> C17 C0 <wb> C24 C0 C33 C0 C16
gujarati_female_001590|C28 C0 C25 C0 <wb> C11 <wb> C28 C38 C1 C29 C16 <wb> C19 C16 C22 C32 C16 <wb> C37 C0 C30 C0 C32 C0 C36 <wb> C19 C0 C16 <wb> C29 C1 C25 C16 <wb> C6 C0 C26 C19 C0 C29 C0 C1 C23 <wb> C29 C0 C1 C17 C0 C38 C0 <wb> C8 C0 C24 C0 <wb> C4 C0 C29 C0 C11 C21 C0 C16 <wb> C32 C16 C17 C26 C29 C16 <wb> C29 C0 C1 C17 C0 C1 C11 <wb> C37 C0 C16 C5 C0 C1 C29 C0 <wb> C19 C0 C29 C0 C37 C0 C1 <wb> C22 C0 C1 C23 C9 C0 C38 C0 C26
gujarati_female_001592|C37 C0 C9 C1 C28 C29 C0 C8 C1 C24 C11 <wb> C38 C36 C29 C26 C18 C26 C24 C0 C24 C16 <wb> C22 C0 C7 C0 C7 C0 <wb> C22 C0 C1 C34 C0 C11 <wb> C3 C0 C24 C0 C11 C21 C0 C1 <wb> C5 C0 C1 C29 C0 C30 C0 C26 <wb> C32 C16 C30 C0 <wb> C0 C3 C0 C17 C0 <wb> C9 C0 C26 C21 C0 C29 C0 C24 C0 C1 <wb> C12 C0 C23 C9 C0 C22 C1 C23 <wb> C4 C0 C1 C29 C0 C32 C0 <wb> C32 C0 C29 C0 C12 C0 C33 C0 C16
gujarati_female_001605|C32 C0 C11 C24 C0 C1 <wb> C21 C0 C16 C8 C0 C11 <wb> C32 C0 C11 C24 C0 C16 <wb> C8 C0 C16 C22 C0 C16 <wb> C30 C32 C0 C23 C4 C16 <wb> C18 C0 C9 C0 C28 C0 <wb> C15 C0 C31 C0 C11 <wb> C0 C24 C0 C11 <wb> C37 C0 C21 C0 C1 C23 C19 C0 C24 C0 C16 <wb> C32 C29 C16 C17 C0 C38 C1 <wb> C22 C0 C29 C0 C38 C0 C1 C7 C0 C16 C32 C0 <wb> C15 C0 C31 C0 C11
gujarati_female_001608|C22 C0 C24 C0 C36 <wb> C3 C29 C0 C15 C22 C0 C29 C31 C16 C24 C1 C23 <wb> C37 C0 C23 C31 C0 C17 C0 C26 <wb> C21 C0 C26 C15 C0 <wb> C30 C0 C23 C15 C16 C32 C0 C24 C1 <wb> C0 C8 C0 C16 C28 C0 C32 C0 C16 <wb> C6 C0 C11 <wb> C32 C0 C11 C24 C0 C1 <wb> C37 C0 C23 C31 C0 C17 C0 C26 <wb> C21 C0 C36 C15 C0 C1 C29 C0 <wb> C33 C0 C16 <wb> C26 C21 C0 C20 C0 C1 C38 C0 <wb> C6 C0 C11
gujarati_female_001615|C29 C1 C22 C0 C24 C0 C37 C0 C22 C16 <wb> C19 C0 C31 C0 C25 C0 <wb> C17 C0 C24 C22 C1 C31 C35 C0 C22 C16 <wb> C11 C19 C1 C7 C0 C31 C16 <wb> C37 C0 C29 C0 C32 C0 <wb> C19 C0 C29 C0 C37 C0 C1 C24 C0 C26 <wb> C0 C8 C0 C16 C19 C0 C1 C29 C0 <wb> C6 C0 C11
gujarati_female_001626|C32 C0 C38 C0 C1 C23 <wb> C31 C0 C36 C24 C0 C38 C0 <wb> C0 C23 C31 C0 <wb> C30 C0 C11 C21 C0 C30 C0 C16 C38 C0 C30 C0 <wb> C11 C34 C0 C21 C0 C11 <wb> C3 C0 C29 C0 C12 C0 C24 C1 <wb> C32 C1 C28 C0 C22 C1 C24 C0 C33 C16 <wb> C28 C0 C25 C0 <wb> C20 C0 C36 C3 C0 <wb> C24 C0 C16 C5 C0 C36 C23 <wb> C32 C0 C1 C28 C0 C22 C0 C1 C24 C0 <wb> C17 C0 C1 C38 C0 <wb> C6 C0 C11
gujarati_female_001628|C1 <wb> C36 C28 C0 C29 C0 C1 C23 C32 C0 <wb> C1 C24 C0 C23 C7 C0 C24 C0 C13 C0 C29 C0 <wb> C30 C0 C11 C19 C0 C34 C0 C29 C0 <wb> C30 C0 C32 C38 C1 C37 C16 C30 C0 <wb> C20 C0 C1 C32 C0 C11 <wb> C7 C0 C16 C37 C0 C38 C0 <wb> C17 C0 C16 C37 C0 C24 C0 <wb> C30 C0 C23 C14 C0 <wb> C7 C0 C37 C0 C1 C29 C0 C1 <wb> C30 C0 C22 C36 C15 C0 C22 C0 C23 C32 C29 C0 <wb> C17 C1 C28 C0 <wb> C19 C0 C29 C0 C37 C0 C1 C22 C0 C1 C23 <wb> C1 C37 C0 C38 C0 C1 <wb> C15 C0 C32 C0 C1
gujarati_female_001641|C13 C0 C16 C32 C0 <wb> C13 C26 C37 C16 C24 C7 C0 <wb> C24 C0 C1 C22 C0 C24 C0 C1 <wb> C19 C1 C37 C38 C0 C22 C1 C23 <wb> C17 C0 C38 C0 C7 C11 C37 C0 <wb> C19 C0 C37 C16 C11 <wb> C22 C1 C24 C1 C7 C16 C19 C0 <wb> C37 C16 C15 C0 C29 C1 C7 C16 <wb> C30 C0 C29 C0 C37 C0 <wb> C21 C0 C16 C21 C0 C1 <wb> C19 C36 C22 C1 C29 C16 C19 C1 C24 C1 <wb> C4 C0 C1 C37 C0 C33 C0 C16 <wb> C37 C0 C29 C25 C0 C37 C16 <wb> C6 C0 C11
gujarati_female_001649|C32 C0 C11 C24 C0 C1 <wb> C13 C0 C29 C0 C1 C22 C0 C38 C0 <wb> C37 C0 C16 C30 C0 C32 C0 C1 C29 C0 C24 C0 C1 <wb> C30 C33 C0 C21 C26 C11 C33 C16 <wb> C22 C0 C21 C0 C11 C21 C0 <wb> C37 C0 C24 C0 C30 C0 C28 C0 C32 C0 C16 C24 C0 C1 <wb> C0 C37 C0 C31 C11 C31 C26 <wb> C24 C27 <wb> C15 C0 C18 C0 C1 C29 C0 <wb> C33 C0 C16 <wb> C5 C0 C27 C7 C0 <wb> C15 C0 C18 C0 C1 C29 C0 <wb> C37 C0 C29 C0 C31 C0 C26 <wb> C28 C0 C15 C0 C11 C21 C0 C1 C24 C0 C1 <wb> C6 C0 C11
gujarati_female_001655|C7 C1 C23 C32 C0 C24 C16 <wb> C29 C36 C34 C0 C19 C11 C24 C1 C21 C0 <wb> C34 C29 C16 C34 C0 C22 C11 C24 C34 C0 C24 C16 <wb> C17 C36 C24 C16 <wb> C28 C0 C8 C0 C8 C0 C32 C0 C16 <wb> C3 C0 C7 C0 C21 C0 C16 <wb> C24 C0 C37 C0 C16 <wb> C28 C0 C8 C0 C8 C0 C32 C0 C16 <wb> C7 C0 C1 C20 C0 C21 C0 <wb> C19 C0 C29 C0 C16 <wb> C6 C0 C11
gujarati_female_001664|C20 C0 C9 C0 C19 C0 C26 C24 C0 C1 C23 <wb> C19 C0 C11 C34 C0 C21 C0 C1 C23 C19 C0 <wb> C30 C11 C22 C28 C0 C21 C26 C24 C11 <wb> C32 C0 C11 C22 C0 C25 C0 C11 <wb> C16 C24 C0 C34 C0 C29 C0 C24 C0 C11 C31 C0 C24 C0 C21 C0 <wb> C30 C0 C28 C0 C11 C30 C0 <wb> C30 C0 C34 C0 C11 C31 C0 C24 C0 <wb> C24 C0 C16 <wb> C3 C0 C1 C15 C0 C38 C0 <wb> C7 C16 C37 C1 C21 C26 <wb> C28 C0 C29 C0 <wb> C7 C0 C26 C10 C0 <wb> C37 C0 C29 C0 C31 C0 <wb> C30 C0 C36 C8 C0 C16 <wb> C29 C1 C20 C38 C1 C23 <wb> C15 C0 C32 C0 C1 C23
gujarati_female_001665|C11 C24 C0 C26 <wb> C30 C0 C1 C22 C0 C24 C0 C26 <wb> C19 C0 C29 C0 C37 C0 C1 C24 C0 C36 C23 <wb> C22 C1 C25 C0 C30 C0 C24 C36 C23 <wb> C13 C0 C17 C36 C23 <wb> C24 C0 C33 C0 C16 <wb> C29 C0 C15 C0 C11 C32 C0 C36 C23 <wb> C32 C0 C38 C0 C1 C29 C0 C11 <wb> C22 C0 C1 C25 C0 C30 C0 <wb> C17 C36 C35 C36 C23 <wb> C3 C0 C26 C21 C0 C11 <wb> C6 C0 C11 <wb> C7 C0 C23 C4 C0 <wb> C19 C0 C29 C0 C11 <wb> C6 C0 C11 <wb> C3 C0 C9 C1 C31 C26 <wb> C15 C1 C23 C19 C11 <wb> C6 C0 C11
gujarati_female_001675|C22 C0 C1 C24 C0 C37 C0 C24 C0 C1 <wb> C22 C1 C15 C38 C0 C21 C1 C22 C1 C23 <wb> C30 C37 C0 C4 C1 C37 C0 <wb> C15 C0 C19 C1 C29 C0 C32 C22 C0 <wb> C19 C0 C11 <wb> C28 C0 C26 C18 C0 C16 C34 C0 C16 C37 C0 <wb> C17 C0 <wb> C0 C4 C0 C16 C13 C0 C22 C0 <wb> C15 C0 C26 C37 C0 C26 <wb> C17 C0 C26 C16 C11
gujarati_female_001685|C19 C0 C22 C3 C26 C9 C16 C38 C1 <wb> C30 C0 C33 C0 C16 C32 C0 <wb> C0 C23 C19 C26 C29 C0 C37 C1 C34 C0 <wb> C22 C0 C23 C7 C0 C16 C29 C0 <wb> C0 C32 C0 C38 C0 C1 C29 C0 <wb> C30 C36 C8 C16 C24 C36 <wb> C7 C36 C24 C16 C38 C1 C24 C36 C23 <wb> C30 C0 C27 C33 C0 C16 <wb> C36 C23 C5 C0 C36 <wb> C15 C16 C24 C7 C36 <wb> C22 C0 C23 C7 C0 C16 C29 C0 <wb> C6 C0 C11
gujarati_female_001691|C26 C30 C34 C29 C11 C21 C16 C38 C0 C24 C26 C24 C11 <wb> C32 C0 C38 C0 C1 C29 C0 C11 <wb> C37 C0 C24 C0 <wb> C9 C0 C11 <wb> C29 C0 C22 C0 C32 C1 <wb> C1 C37 C0 C9 C0 C32 C36 <wb> C24 C0 C15 C0 C32 C36 <wb> C32 C0 C11 C37 C0 C16 <wb> C19 C0 C3 C36 C21 C1 C32 C0 <wb> C19 C0 C29 C0 C32 C0 C1 C23 <wb> C15 C11 C29 C1 C21 C9 C0 <wb> C30 C0 C24 C0 C24 C11 <wb> C1 C28 C0 C11 C21 C0 C16 <wb> C22 C0 C36 C21 C0 C1 C19 C0 C1 C32 C0 C22 C0 C1 C23 <wb> C21 C26 C29 C16 C11 <wb> C19 C0 C15 C0 C38 C0 C36 C23
gujarati_female_001694|C11 C37 C36 C23 C17 C0 <wb> C19 C0 C29 C25 C1 C34 C0 C19 C0 C22 C1 C23 <wb> C13 C36 C21 C0 C3 C0 C29 C13 C0 <wb> C17 C0 C16 C21 C0 C21 C0 C1 C22 C0 C1 C23 <wb> C7 C29 C1 C19 C31 C0 C24 C16 <wb> C20 C0 C11 C32 C0 C16 <wb> C22 C0 C1 C34 C0 C11 <wb> C37 C0 C14 C0 C36 <wb> C28 C0 C1 C25 C0 C16 C24 C0 C26 <wb> C36 C28 C0 C38 C0 C26 C13 C0 <wb> C19 C0 C29 C1 C32 C26 <wb> C15 C0 C32 C0 C26
gujarati_female_001707|C0 C22 C36 C21 C0 <wb> C31 C1 C15 C11 <wb> C11 C22 C0 C24 C0 C1 <wb> C22 C0 C24 C0 C24 C16 C38 C0 <wb> C28 C0 C36 C30 C0 C32 C0 C19 C0 <wb> C17 C0 C16 C37 C0 C24 C0 C24 C0 C36 C23 <wb> C32 C0 C32 C0 C37 C0 C17 C0 C24 C0 C1 C24 C0 <wb> C1 C8 C0 C36 C24 C0 C16 C19 C0 <wb> C7 C0 C31 C34 C16 C11 <wb> C22 C0 C1 C23 <wb> C16 C31 C0 C37 C0 C29 C0 <wb> C8 C0 C29 C0 C22 C0 <wb> C0 C24 C0 C11 <wb> C30 C0 C22 C0 C1 C17 C0 <wb> C37 C0 C16 C31 C0 C11 <wb> C37 C16 C31 C21 C11 C31 C0 C25 C0 <wb> C19 C0 C29 C0 C32 C0 C1 C23 <wb> C21 C0 C20 C0 C38 C0 C36 C23 <wb> C6 C0 C11
gujarati_female_001715|C38 C0 C36 C24 C0 C16 C37 C0 C29 C0 C30 C0 C16 C34 C0 C16 <wb> C26 C12 C0 <wb> C22 C16 C38 C1 C22 C16 C24 C1 <wb> C4 C36 C30 C32 C0 C29 C0 C37 C16 C17 C24 C1 C24 C0 <wb> C37 C0 C16 C4 C0 C1 C13 C0 C24 C0 C1 <wb> C28 C29 C1 C8 C38 C1 C28 C0 C19 C0 <wb> C11 C22 C16 C21 C16 C38 C1 C24 C16 C38 C11 <wb> C28 C0 C26 C32 C0 C1 C24 C0 C1 <wb> C28 C0 C36 C30 C0 C32 C0 C19 C0 <wb> C28 C0 C21 C0 C11 C24 C0 C11 C34 C0 <wb> C0 C29 C0 C33 C0 <wb> C28 C0 C29 C0 <wb> C11 C19 C0 <wb> C37 C1 C7 C0 <wb> C1 C28 C0 C38 C0 C26 <wb> C6 C0 C11
gujarati_female_001718|C1 C24 C0 C23 C7 C0 <wb> C0 C24 C0 C11 <wb> C22 C0 C30 C32 C16 C22 C1 C23 <wb> C18 C0 C36 C22 C0 C32 C0 C1 <wb> C15 C1 C33 C16 C26 C24 C11 <wb> C7 C26 C9 C0 C8 C1 C22 C0 C24 C11 <wb> C19 C0 C1 C29 C0 C25 C0 <wb> C30 C0 C30 C0 C21 C1 C23 C26 C24 C1 C23 <wb> C14 C0 C29 C0 C22 C0 C1 C23 <wb> C7 C0 C29 C0 <wb> C4 C0 C1 C23 C13 C0 C16 <wb> C13 C0 C38 C0 C1 C23
gujarati_female_001737|C1 C22 C0 <wb> C3 C1 C28 C36 C30 C1 C15 C11 C3 C0 <wb> C13 C1 C38 C0 C19 C0 C37 C1 C9 C0 C24 C26 <wb> C4 C0 C19 C0 C32 C0 C16 C4 C0 C1 C37 C0 <wb> C37 C0 C8 C0 C16 C24 C0 C11 <wb> C37 C0 C14 C0 C36 <wb> C13 C36 C10 C0 <wb> C29 C0 C16 C32 C0 C11 <wb> C8 C36 C23 C34 C1 C37 C1 <wb> C21 C0 C1 C13 C0 C38 C0 C26
gujarati_female_001753|C37 C0 C29 C0 C21 C0 C9 C0 <wb> C19 C0 C28 C0 <wb> C3 C0 C11 <wb> C15 C0 C17 C0 C1 C29 C0 <wb> C0 C13 C0 C38 C0 C1 C29 C0 <wb> C24 C0 C36 C23 <wb> C30 C0 C22 C1 C28 C0 C24 C0 <wb> C3 C0 C16 C17 C0 C16 <wb> C11 C28 C0 C29 C0 C16 C21 C0 C11 <wb> C33 C0 C31 C0 C11 <wb> C0 C24 C0 C11 <wb> C32 C0 C11 C24 C0 C1 <wb> C6 C0 <wb> C7 C0 C16 C37 C0 C30 C0 <wb> C3 C0 C1 C7 C0 <wb> C17 C0 <wb> C14 C0 C29 C0 C1 C23 C13 C0 C25 C0 C11 <wb> C1 C16 C28 C16 C11 C21 C0 C24 C26 <wb> C28 C0 C29 C0 C1 C29 C0 C23 C4 C0 <wb> C33 C0 C31 C0 C11
gujarati_female_001755|C29 C1 C37 C0 C30 C1 C15 C11 C3 C0 C24 C36 C23 <wb> C24 C0 C1 C22 C0 <wb> C1 <wb> C28 C0 C29 C0 C32 C0 C16 C31 C0 C35 C0 C16 C32 C0 <wb> C1 C23 C32 C0 C29 C0 C29 C0 C1 C31 C0 C34 C0 C29 C0 C16 C38 C0 <wb> C11 C37 C0 C26 C29 C0 C9 C0 <wb> C22 C0 C1 C34 C0 C11 <wb> C30 C36 C5 C0 C37 C0 C37 C1 <wb> C24 C0 C16 C29 C0 C25 C0 C38 C0 <wb> C21 C0 C16 C8 C0 C26 <wb> C15 C0 C32 C0 C26
gujarati_female_001763|C22 C0 C1 C29 C0 C1 <wb> C20 C1 C34 C0 C21 C1 C24 C16 <wb> C16 C30 C0 <wb> C28 C0 C29 C0 <wb> C0 C7 C29 C0 C31 C38 C0 <wb> C3 C0 C11 C30 C0 C16 <wb> C17 C0 C32 C0 C16 <wb> C0 C24 C0 C11 <wb> C0 C22 C0 C11 <wb> C15 C0 C26 C35 C0 <wb> C36 C14 C1 C9 C38 C1 <wb> C37 C0 C16 C24 C0 C1 <wb> C7 C16 C37 C0 C30 C0 C24 C36 C23 <wb> C28 C0 C15 C0 C11 C21 C0 C36 C23 <wb> C0 C17 C0 C37 C0 C1 C21 C0 C36 C23 <wb> C33 C0 C1 C38 C0 <wb> C32 C0 C38 C0 C1 C23 <wb> C30 C0 C36 C8 C0 C16 <wb> C37 C0 C1 C32 C0 C26 <wb> C19 C0 C29 C0 C38 C0 C1 <wb> C19 C0 C29 C0 C32 C0 C1 C23
gujarati_female_001770|C7 C0 C11 C31 C0 C24 C0 C1 <wb> C28 C0 C29 C0 C33 C0 C22 C0 <wb> C31 C29 C11 C25 C16 C24 C1 <wb> C0 C9 C32 C1 C21 C16 C30 C0 <wb> C0 C24 C0 C11 <wb> C3 C0 C16 C17 C0 C16 <wb> C31 C29 C11 C25 C16 C24 C1 <wb> C6 C0 C1 C30 C0 C35 C0 <wb> C31 C0 C15 C0 C11 C29 C0 C26 <wb> C24 C0 C7 C16 C26 C22 C1 C23 <wb> C13 C0 C23 C7 C36 <wb> C28 C0 C1 C25 C0 C16 <wb> C35 C1 C21 C0 C37 C11 <wb> C6 C0 C11
gujarati_female_001781|C11 C24 C17 C11 C21 C1 C24 C36 C23 <wb> C24 C0 C1 C22 C0 <wb> C11 C19 C0 <wb> C30 C0 C22 C0 C38 C0 C11 <wb> C29 C0 C25 C0 C3 C0 C16 C29 C0 <wb> C30 C0 C1 C33 C0 C11 <wb> C17 C26 C9 C1 C38 C36 C23 <wb> C15 C0 C32 C0 C36 C23
gujarati_female_001795|C0 C24 C0 C11 <wb> C24 C0 C11 C31 C0 C24 C0 C21 C0 <wb> C3 C0 C26 C29 C0 C9 C0 <wb> C12 C0 C26 C29 C0 <wb> C15 C1 C38 C0 C29 C0 <wb> C22 C11 C33 C11 C22 C11 C34 C16 C19 C30 C0 <wb> C17 C0 C11 C37 C0 C16 <wb> C28 C0 C29 C0 C32 C0 C16 C31 C0 C35 C0 C16 C32 C0 <wb> C30 C0 C23 C30 C0 C33 C0 C1 C26 C11 <wb> C32 C0 C11 C22 C0 C24 C0 C36 C23 <wb> C3 C0 C15 C0 C36 C22 C0 C1 C24 C0 <wb> C19 C0 C29 C0 C11 C21 C0 <wb> C15 C0 C32 C0 C36 C23
gujarati_female_001801|C11 C24 C0 C36 C23 <wb> C22 C0 C36 C21 C0 C38 C0 C1 C23 C19 C0 C24 C0 <wb> C19 C0 C29 C0 C37 C0 C1 C24 C0 C16 <wb> C12 C36 C29 C0 C30 C0 C7 C0 <wb> C1 C17 C0 C11 <wb> C19 C26 C16 C24 C11 C38 C0 <wb> C24 C0 C33 C0 C16
gujarati_female_001802|C7 C0 C36 C24 C0 C16 C38 C0 C1 C22 C0 C1 C23 <wb> C28 C0 C1 C25 C0 C16 C24 C0 C26 <wb> C19 C0 C1 C29 C0 C26 C3 C0 C1 C29 C0 <wb> C19 C0 C29 C0 C32 C0 C16 <wb> C7 C0 C30 C0 <wb> C34 C26 C5 C0 C24 C16 <wb> C19 C0 C23 C28 C0 C24 C0 C16 C26 <wb> C36 C28 C0 C29 C0 <wb> C4 C29 C0 C31 C34 C1 C5 C1 C29 C0 C24 C1 <wb> C0 C24 C0 C11 <wb> C13 C11 C29 C0 C29 C16 C32 C16 C24 C1 <wb> C0 C24 C0 C11 C19 C0 <wb> C1 C19 C31 C11 C28 C26 <wb> C33 C0 C38 C0 C1 <wb> C6 C0 C11
gujarati_female_001817|C30 C0 C32 C38 C0 C37 C16 C30 C0 <wb> C17 C0 C36 C24 C0 <wb> C30 C0 C36 C8 C0 C16 <wb> C19 C0 C36 C21 C0 <wb> C24 C0 C11 C37 C0 C36 C23 <wb> C21 C0 C1 C20 C0 <wb> C28 C0 C5 C0 C1 C30 C0 <wb> C15 C0 C17 C0 C1 C29 C0 <wb> C21 C0 C26 C19 C0 C26 C24 C0 C11 <wb> C38 C36 C1 C16 C9 C16 <wb> C1 C28 C0 C16 <wb> C7 C0 C11 C37 C0 C1 C22 C0 C1 C23 <wb> C1 C37 C0 C38 C0 C1 <wb> C6 C0 C11
gujarati_female_001823|C28 C0 C26 C32 C0 C1 C24 C0 C16 <wb> C17 C0 C1 C32 C0 C24 C0 C11 <wb> C28 C0 C26 C32 C0 C1 C24 C0 C26 <wb> C28 C0 C29 C0 C22 C0 <wb> C15 C16 C32 C11 C5 C6 C36 <wb> C13 C0 C25 C11 <wb> C6 C0 C11 <wb> C28 C0 C25 C0 <wb> C19 C0 C1 C22 C0 <wb> C19 C0 C29 C0 C11 <wb> C6 C0 C11 <wb> C28 C0 C26 C32 C0 C1 C24 C0 C1 <wb> C19 C0 C34 C34 C0 C29 C0 <wb> C15 C16 C32 C0 C31 C0 C32 C29 C36 C24 C36 C23
gujarati_female_001824|C19 C0 C26 C16 <wb> C19 C0 C15 C11 C31 C11 <wb> C0 C22 C0 C11 <wb> C19 C0 C38 C0 C1 C23 <wb> C21 C0 C11 C20 C0 C19 C0 <wb> C19 C0 C37 C0 C16 <wb> C5 C0 C16 C32 C0 C29 C0 C19 C0 C1 C29 C0 <wb> C19 C0 C11 <wb> C30 C0 C23 C13 C0 C16 C32 C0 C19 C0 C1 C29 C0 <wb> C6 C0 C16 C11 <wb> C19 C0 C11 <wb> C0 C22 C0 C24 C0 C11 <wb> C18 C0 C29 C0 C25 C1 C24 C1 <wb> C30 C0 C23 C13 C0 C16 C32 C0 C22 C0 C1 C23 <wb> C30 C36 C29 C38 C1 C30 C32 C0 C24 C1 <wb> C29 C0 C23 C13 C26 C22 C1 C23 <wb> C19 C0 C11 <wb> C32 C0 C1 C29 C0 C1 <wb> C4 C0 C29 C0 C11 C21 C0 C16 <wb> C29 C1 C32 C26 C22 C1 C23 <wb> C29 C0 C30 C0 <wb> C28 C0 C9 C0 C11
gujarati_female_001825|C22 C26 C13 C0 C21 C0 <wb> C30 C0 C22 C29 C1 C34 C0 <wb> C31 C0 C1 C15 C0 C17 C0 C15 C0 C1 C23 <wb> C28 C0 C1 C30 C0 C11 <wb> C32 C0 C11 <wb> C15 C0 C32 C0 C26 <wb> C1 <wb> C15 C16 C29 C1 C11 <wb> C29 C0 C17 C0 C37 C1 C9 C1 C26 C24 C16 <wb> C14 C0 C25 C0 C16 <wb> C36 C33 C0 C21 C0 C28 C1 C33 C0 C21 C26 <wb> C17 C0 C26 C16 <wb> C6 C0 C11
gujarati_female_001839|C30 C0 C1 C22 C0 C11 <wb> C28 C0 C19 C0 C31 C0 C11 <wb> C1 C28 C0 C25 C0 C36 C23 <wb> C34 C0 C26 C5 C0 C24 C0 C36 C23 <wb> C24 C0 C11 C32 C0 C32 C0 C37 C0 <wb> C30 C0 C23 C30 C0 C7 C0 C22 C0 C1 C23 <wb> C30 C0 C1 C16 C35 C0 <wb> C37 C0 C29 C0 C31 C0 <wb> C28 C0 C36 C29 C0 C1 C23 <wb> C33 C0 C37 C0 C1 C24 C0 C1 <wb> C28 C0 C29 C0 C30 C0 C23 C13 C0 C11 <wb> C19 C1 C29 C34 C36 C24 C0 C24 C11 <wb> C22 C0 C36 C7 C0 C7 C0 C11 <wb> C5 C0 C29 C0 C5 C0 C1 <wb> C19 C0 C29 C0 C16 <wb> C29 C0 C15 C0 C38 C0 C36 C23 <wb> C6 C0 C11
gujarati_female_001864|C1 C33 C0 C16 <wb> C1 C17 C0 C11 <wb> C37 C16 C19 C0 C30 C16 C32 C0 <wb> C7 C0 C36 C24 C0 C16 C38 C0 C1 C22 C0 C1 C23 <wb> C22 C0 C1 C32 C0 C29 C0 <wb> C7 C0 C37 C0 C1 <wb> C32 C0 C33 C0 C1 <wb> C16 C21 C1 C17 C0 <wb> C17 C0 <wb> C1 C29 C0 C26 C13 C0 C38 C0 C24 C0 C16 <wb> C7 C11 C20 C0 C29 C11 C20 C0 C24 C1 <wb> C0 C30 C0 C29 C0 C19 C0 C1 C29 C0 C19 C0 <wb> C36 C28 C0 C1 C38 C0 <wb> C24 C0 C33 C0 C16 <wb> C22 C0 C1 C24 C0 C37 C0 C1 C22 C0 C1 C23 <wb> C1 C37 C0 C32 C0 C1
gujarati_female_001868|C3 C0 C24 C0 C16 <wb> C31 C0 C19 C0 C11 <wb> C19 C0 C11 <wb> C0 C23 C32 C0 C29 C16 C19 C31 C0 C24 C16 <wb> C15 C1 C9 C0 C22 C1 C29 C16 <wb> C4 C0 C29 C16 <wb> C17 C0 C13 C38 C1 C26 C22 C1 C23 <wb> C37 C0 C30 C0 C32 C0 C1 <wb> C1 <wb> C11 C21 C0 C16 C38 C0 C24 C0 C30 C0 <wb> C30 C0 C36 C19 C0 C31 C0 C22 C0 <wb> C28 C0 C29 C0 C1 C29 C0 C23 C4 C0 C16 C19 C0 <wb> C19 C0 C19 C31 C1 C24 C1 C23 <wb> C17 C0 C16 C37 C0 <wb> C19 C0 C11 <wb> C3 C0 C11 C19 C0 C34 C0 C11 C29 C0 C16 C38 C0 C1 <wb> C28 C0 C25 C0 <wb> C15 C0 C26 C16 <wb> C31 C0 C19 C0 C11
gujarati_female_001870|C14 C1 C34 C0 C19 C26 C28 C0 C29 C0 C24 C1 <wb> C0 C37 C1 C37 C0 C29 C36 <wb> C14 C0 C29 C0 C24 C0 C1 <wb> C3 C0 C1 C33 C0 C29 C0 C36 C22 C0 C22 C0 C1 C23 <wb> C19 C1 C24 C0 C20 C0 C17 C36 C29 C1 <wb> C13 C0 C34 C0 C29 C0 C22 C1 C23 C33 C16 <wb> C3 C0 C15 C0 C1 C29 C0 <wb> C1 C37 C0 C16 <wb> C17 C0 C32 C0 C26
gujarati_female_001874|C26 C5 C16 C23 C32 C26 <wb> C1 C37 C0 C16 C24 C0 C11 <wb> C11 C34 C0 C21 C0 C1 <wb> C17 C26 C30 C0 C33 C16 <wb> C11 C24 C0 C1 <wb> C28 C0 C29 C0 <wb> C15 C0 C30 C0 C32 C0 C26 <wb> C15 C0 C30 C0 C32 C0 C26 <wb> C19 C36 C7 C16 <wb> C28 C0 C9 C0 C11 <wb> C19 C0 C11 <wb> C22 C26 C29 C0 C24 C1 C23 <wb> C30 C0 C36 C23 C7 C0 C29 C0 <wb> C1 C23 C20 C26 C37 C1 C21 C1 C23 <wb> C28 C16 C6 C1 C23 <wb> C4 C16 C23 C17 C0 C37 C16 <wb> C24 C0 C1 C20 C0 C11
gujarati_female_001881|C22 C0 C32 C0 C38 C0 C36 <wb> C30 C0 C22 C0 C38 C0 C11 <wb> C11 C22 C0 C24 C0 C36 C23 <wb> C37 C0 C17 C0 C24 C0 <wb> C12 C0 C19 C0 C32 C0 <wb> C6 C11 C23 C32 C1 C21 C16 C30 C0 <wb> C29 C0 C32 C0 C21 C0 <wb> C15 C0 C32 C0 C36 C23
gujarati_female_001882|C3 C26 C21 C16 C23 C17 C0 C29 C0 <wb> C26 C28 C0 C24 C0 C29 C0 <wb> C13 C0 C23 C4 C0 C16 C29 C0 C24 C0 C11 <wb> C6 C0 <wb> C29 C0 C24 C0 C24 C0 C1 <wb> C37 C0 C38 C0 C19 C0 C32 C0 C16 C13 C0 C32 C0 <wb> C30 C0 C19 C0 C26 C29 C0 <wb> C28 C0 C29 C0 <wb> C28 C11 C37 C11 C21 C16 C38 C0 C24 C0 <wb> C4 C11 C13 C26 <wb> C19 C0 C29 C0 C38 C0 C26 <wb> C15 C0 C32 C0 C26
gujarati_female_001883|C33 C0 C1 C19 C0 <wb> C37 C0 C16 C24 C0 C1 <wb> C1 C29 C1 C22 C0 C24 C16 <wb> C22 C0 C16 C35 C0 C1 C31 C0 <wb> C31 C0 C36 C23 <wb> C3 C0 C7 C1 C22 C0 <wb> C15 C0 C26 C38 C0 <wb> C19 C0 C11 <wb> C3 C16 C30 C19 C16 C34 C0 <wb> C15 C0 C26 C38 C0
gujarati_female_001886|C17 C0 C22 C1 C7 C1 C29 C0 <wb> C30 C0 C1 C15 C0 C11 C3 C0 <wb> C31 C0 C19 C0 <wb> C36 C28 C0 C29 C0 C33 C0 C16 <wb> C19 C0 C26 C16 C24 C0 C1 <wb> C14 C0 C11 C29 C0 <wb> C32 C0 C21 C1 C31 C16 <wb> C21 C0 C11 C37 C0 C16 <wb> C19 C0 C11 <wb> C18 C0 C9 C0 C32 C16 <wb> C19 C0 C29 C0 C37 C0 C16 <wb> C11 <wb> C13 C0 C11 C29 C0 C19 C0 C1 C24 C0 C36 C24 C0 C16 <wb> C24 C0 C33 C0 C16
gujarati_female_001893|C26 C13 C0 C25 C0 C16 C30 C0 C26 <wb> C16 C33 C38 C26 C32 C11 C29 C0 <wb> C24 C0 C16 <wb> C30 C0 C1 C21 C0 C22 C0 C1 C23 <wb> C28 C0 C25 C0 <wb> C30 C0 C34 C0 C11 C22 C0 C28 C0 C11 C9 C0 <wb> C33 C0 C38 C0 C36 C23 <wb> C15 C0 C32 C0 C36 C23
gujarati_female_001897|C5 C0 C32 C36 C29 C0 <wb> C7 C16 C19 C0 C29 C16 C24 C26 <wb> C30 C0 C1 C23 C19 C0 C11 C32 C0 C16 C19 C0 <wb> C28 C0 C29 C0 C31 C0 C24 C0 <wb> C3 C1 C28 C0 <wb> C30 C0 C22 C0 C17 C0 C16 <wb> C13 C0 C38 C0 C26
gujarati_female_001898|C28 C0 C19 C0 C31 C0 C16 <wb> C30 C29 C31 C34 C16 C24 C1 <wb> C31 C0 C29 C0 C11 C31 C0 C35 C0 <wb> C30 C0 C16 C37 C0 C16 C21 C0 <wb> C11 C24 C17 C16 C24 C16 C0 C29 C30 C0 <wb> C15 C0 C32 C0 C1
gujarati_female_001904|C0 C21 C19 C1 C34 C29 C11 C18 C0 C24 C26 <wb> C1 <wb> C34 C0 C1 C28 C0 C36 <wb> C11 C24 C0 C16 <wb> C32 C0 C26 C12 C0 C1 C24 C0 C16 <wb> C17 C0 C11 C21 C0 <wb> C22 C0 C1 C34 C0 C11 <wb> C19 C36 C20 C38 C1 C32 C0 <wb> C6 C0 C11
gujarati_female_001906|C24 C0 C26 C23 C8 C0 C24 C0 C16 C38 C0 <wb> C37 C0 C1 C32 C0 <wb> C32 C0 C26 <wb> C11 C6 C11 C19 C11 <wb> C6 C0 C11 C21 C0 C21 C0 C1 C23 <wb> C3 C0 C11 <wb> C7 C0 C16 C37 C0 C30 C0 C22 C0 C1 C23 <wb> C28 C0 C9 C0 C11 C21 C0 C1 C23 <wb> C22 C36 C31 C0 C21 C1 C8 C1 C29 C0 <wb> C37 C0 C29 C0 C30 C1 C7 C11 <wb> C30 C1 C3 C0 C29 C0 C19 C1 C35 C1 C23 <wb> C0 C24 C0 C11 <wb> C3 C0 C24 C1 C30 C0 C19 C1 C35 C1 C23 C22 C1 C23 <wb> C17 C36 C24 C0 <wb> C17 C0 C36 C21 C0 C1 C16 C24 C0 C16 <wb> C14 C0 C34 C0 <wb> C28 C36 C29 C16 <wb> C7 C0 C16 C8 C0 C16 <wb> C6 C0 C11
gujarati_female_001915|C21 C0 C26 C19 C0 C26 C22 C0 C1 C23 <wb> C11 C37 C0 C16 <wb> C0 C12 C0 C37 C0 C1 <wb> C12 C0 C11 C21 C0 C1 C16 <wb> C13 C0 C16 <wb> C19 C0 C11 <wb> C1 <wb> C3 C0 C26 C22 C0 C3 C0 <wb> C3 C0 C21 C0 C1 C30 C0 C34 C0 <wb> C6 C0 C11
gujarati_female_001916|C31 C0 C1 C30 C0 C32 C0 C29 C0 C26 C22 C0 C1 C23 <wb> C17 C0 C25 C0 C1 C37 C0 C38 C0 C1 <wb> C22 C0 C36 C17 C0 C3 C0 <wb> C22 C0 C23 C32 C0 C29 C0 <wb> C32 C16 C29 C33 C26 <wb> C17 C38 C26 C32 C16 C31 C16 <wb> C7 C11 C37 C0 <wb> C7 C0 C37 C0 C1 C22 C0 C1 C23 <wb> C17 C0 C11 C37 C0 C16 <wb> C17 C0 C11 C24 C0 C16 <wb> C31 C29 C0 C14 C8 C1 <wb> C15 C0 C26 C38 C0 <wb> C32 C0 C11 C37 C0 C16 <wb> C32 C0 C11 C24 C0 C11 <wb> C30 C0 C16 C7 C0 C8 C0 C16 <wb> C22 C0 C21 C0 C11 <wb> C6 C0 C11
gujarati_female_001942|C0 C22 C0 C7 C0 C1 C37 C0 C1 C7 C0 C24 C0 C1 <wb> C26 C10 C0 C37 C0 <wb> C37 C0 C16 C30 C0 C32 C0 C1 C29 C0 C22 C0 C1 C23 <wb> C29 C0 C15 C0 C11 C32 C0 C1 <wb> C17 C0 C1 C13 C0 C32 C0 C16 C3 C0 C15 C0 C11 C24 C0 <wb> C31 C1 C15 C0 C24 C11 <wb> C3 C1 C21 C0 C28 C0 C25 C0 C33 C16 <wb> C17 C0 <wb> C15 C1 C33 C0 C24 C16 <wb> C1 C23 C13 C0 C21 C16 C26 <wb> C24 C0 C33 C0 C16
gujarati_female_001949|C22 C0 C1 C29 C0 C1 <wb> C30 C36 C37 C1 C24 C1 <wb> C29 C0 C36 C22 C0 C22 C0 C1 C23 <wb> C28 C0 C29 C0 C33 C0 C22 C0 <wb> C37 C0 C1 C29 C0 <wb> C19 C0 C26 C16 <wb> C30 C32 C29 C16 C24 C1 C23 <wb> C37 C0 C30 C32 C29 C26 C24 C26 <wb> C30 C0 C21 C0 C37 C0 C21 C1 C34 C0 <wb> C30 C0 C23 C4 C0 C21 C1 C38 C26 <wb> C15 C0 C32 C0 C26
gujarati_female_001951|C16 C35 C38 C26 C32 C11 C29 C0 <wb> C12 C16 C19 C0 C30 C9 C0 <wb> C11 C19 C0 C30 C1 C16 C18 C0 <wb> C9 C0 C38 C36 C34 C16 <wb> C36 C14 C0 C29 C0 C1 C37 C0 C11 <wb> C6 C0 C11
gujarati_female_001955|C28 C0 C29 C0 C33 C0 C22 C0 <wb> C28 C0 C32 C0 C23 C13 C0 <wb> C5 C0 C13 C1 C37 C0 C24 C1 C29 C0 <wb> C5 C16 C24 C0 C24 C1 <wb> C15 C36 C1 C24 C0 <wb> C33 C11 C23 C13 C0 <wb> C15 C0 C32 C0 C1 <wb> C32 C0 C11 C22 C0 <wb> C22 C0 C24 C0 C1 C38 C0 <wb> C6 C0 C11
gujarati_female_001962|C22 C0 C17 C0 C3 C0 C36 C32 C0 <wb> C19 C0 C22 C1 C9 C0 C22 C1 C23 <wb> C30 C1 C22 C1 C37 C1 C21 C1 C24 C11 <wb> C17 C0 C26 C16 <wb> C31 C0 C19 C0 C1 C38 C0 <wb> C11 C37 C0 C36 C23 <wb> C6 C0 C16 C7 C0 C29 C0 <wb> C29 C0 C1 C20 C0 C11 C21 C0 C36 C23 <wb> C15 C0 C32 C0 C36 C23
gujarati_female_001990|C7 C0 C21 C1 C31 C11 C35 C0 <wb> C11 C19 C0 C7 C0 C22 C0 <wb> C13 C0 C4 C0 C29 C1 C38 C1 <wb> C0 C24 C0 C11 <wb> C3 C36 C22 C0 <wb> C28 C0 C1 C9 C0 C16 <wb> C24 C0 C1 <wb> C4 C0 C16 C30 C1 C3 C0 <wb> C24 C0 C1
gujarati_female_001996|C32 C0 C11 C24 C0 C16 <wb> C28 C0 C5 C5 C16 C5 C0 <wb> C22 C0 C16 C34 C0 C29 C0 <wb> C28 C0 C15 C0 C26 C21 C0 C16 <wb> C3 C26 C9 C16 C22 C1 C23 <wb> C29 C0 C15 C0 C11 C32 C0 C1 <wb> C30 C2 C24 C16 C19 C26 C24 C36 C23 <wb> C17 C0 C16 C37 C0 C24 C0 <wb> C21 C0 C19 C0 C18 C36 C29 C16 C38 C0 C30 C0 <wb> C15 C0 C26 C32 C0 C36 C23 <wb> C24 C0 C33 C0 C16 <wb> C28 C0 C25 C0 <wb> C19 C0 C31 C34 C0 C7 C1 C38 C0 C19 C0 <wb> C15 C0 C26 C38 C0 <wb> C6 C0 C11
gujarati_female_001997|C3 C0 C19 C0 C29 C16 C24 C16 <wb> C17 C0 C11 C22 C0 <wb> C1 C28 C0 C25 C0 C11 <wb> C1 C20 C0 C26 <wb> C7 C0 C16 C37 C0 C30 C0 <wb> C19 C0 C23 C16 <wb> C24 C0 C11 <wb> C19 C0 C23 C16 <wb> C5 C1 C37 C38 C1 <wb> C17 C0 <wb> C19 C0 C29 C0 C16 C11 <wb> C28 C0 C6 C0 C16 <wb> C1 C28 C0 C25 C0 C24 C0 C11 <wb> C19 C31 C36 C8 C1 <wb> C31 C1 C23 C32 C16 C24 C26 <wb> C30 C0 C23 C32 C0 C26 C31 C0 <wb> C19 C0 C38 C0 C1 C23 C33 C0 C16 <wb> C30 C1 C23 C28 C0 C9 C0 C37 C1 C24 C26 <wb> C15 C0 C32 C0 C26
gujarati_female_002011|C0 C22 C0 C7 C1 C37 C1 C7 C0 C22 C1 C23 C33 C16 <wb> C15 C0 C36 C23 <wb> C37 C0 C29 C0 C31 C0 C22 C0 C1 C23 <wb> C28 C0 C5 C0 C1 C30 C0 <wb> C33 C0 C16 <wb> C31 C1 C15 C16 C35 C0 <wb> C38 C1 C32 C29 C1 C21 C36 C26 C24 C11 <wb> C30 C0 C1 C32 C0 <wb> C19 C0 C2 C21 C0 C1 C30 C0 <wb> C31 C16 C20 C0 C29 C26 C24 C16 <wb> C38 C0 C1 C32 C0 C29 C0 C1 <wb> C19 C0 C29 C0 C1 C37 C0 C36 C23 <wb> C6 C0 C36 C23
gujarati_female_002013|C12 C0 C26 C24 C0 <wb> C0 C24 C0 C11 <wb> C34 C11 C3 C21 C11 C34 C0 C24 C11 <wb> C19 C0 C1 C29 C0 C25 C0 C11 <wb> C22 C0 C1 C25 C0 C30 C0 C26 C24 C0 C11 <wb> C30 C0 C32 C0 C32 C0 <wb> C30 C0 C19 C0 C29 C0 C16 C24 C0 C22 C0 C1 C23 <wb> C22 C0 C26 C23 <wb> C20 C26 C30 C16 C24 C11 <wb> C3 C0 C11 C30 C0 C16 <wb> C29 C0 C15 C0 C11 <wb> C6 C0 C11
gujarati_female_002015|C37 C16 C9 C16 C38 C26 <wb> C22 C0 C1 C29 C0 C12 C0 C32 C0 <wb> C31 C0 C16 C19 C0 C31 C0 C25 C0 <wb> C19 C0 C31 C0 C11 C32 C0 C29 C0 C11 <wb> C19 C0 C29 C0 C1 C23 C32 C0 C16 <wb> C38 C0 C36 <wb> C34 C0 C38 C0 C36 C3 C0 <wb> C28 C0 C29 C0 <wb> C24 C0 C37 C0 C26 <wb> C19 C0 C21 C1 C30 C0 C29 C36 C22 C0
gujarati_female_002023|C37 C0 C29 C0 C21 C0 C9 C0 <wb> C19 C0 C28 C0 C24 C0 C16 <wb> C26 C13 C0 C25 C0 C16 C30 C0 <wb> C12 C11 C3 C29 C1 C29 C16 C33 C16 <wb> C37 C0 C16 C30 C0 <wb> C22 C0 C1 C29 C0 C5 C0 <wb> C30 C0 C36 C8 C0 C16 <wb> C29 C0 C22 C1 C24 C1 C29 C16 <wb> C3 C0 C11 C32 C0 C1 C21 C0 C16 C30 C0 <wb> C22 C0 C11 C5 C0 C26 <wb> C24 C0 C1 C34 C0 C19 C0 <wb> C28 C0 C36 C29 C0 C32 C0 C16 <wb> C17 C0 <wb> C6 C0 C11
gujarati_female_002026|C32 C0 C38 C0 C1 C29 C0 C11 <wb> C17 C38 C1 C29 C17 C0 <wb> C21 C26 C29 C11 C24 C30 C0 <wb> C32 C0 C11 C24 C0 C16 <wb> C36 C28 C0 C29 C0 <wb> C30 C0 C32 C0 C32 C0 C29 C0 <wb> C19 C0 C7 C1 C37 C0 C29 C0 <wb> C28 C0 C32 C0 C23 C13 C26 <wb> C37 C0 C9 C0 C11 <wb> C11 C19 C0 <wb> C22 C0 C26 C34 C0 C26 <wb> C19 C11 C22 C11 C29 C26 <wb> C5 C0 C9 C0 C1 C37 C0 C38 C0 C26 <wb> C15 C0 C32 C0 C26
gujarati_female_002038|C3 C16 C30 C16 C30 C16 C1 C16 C24 C16 <wb> C37 C0 C29 C19 C16 C23 C13 C0 <wb> C19 C0 C22 C16 C34 C16 C24 C16 <wb> C3 C0 C11 C35 C0 C19 C0 <wb> C3 C0 C1 C7 C0 <wb> C3 C0 C16 C30 C0 C16 C30 C0 C16 C1 C16 <wb> C36 C28 C0 C28 C29 C0 C22 C36 C20 C0 <wb> C29 C0 C1 C17 C0 C16 C37 C0 <wb> C31 C36 C19 C21 C1 C11 <wb> C17 C0 C25 C0 C1 C37 C0 C38 C0 C36 C23 <wb> C15 C0 C32 C0 C36 C23
gujarati_female_002042|C1 C37 C0 C1 <wb> C22 C0 C15 C1 C28 C36 C29 C29 C31 C0 C24 C16 <wb> C17 C0 C24 C22 C0 C31 C0 C32 C1 C3 C7 C16 <wb> C36 C17 C0 C37 C0 C37 C1 <wb> C4 C0 C11 C13 C0 C1 <wb> C33 C0 C38 C0 C11 C21 C0 C1 <wb> C4 C0 C19 C32 C26 C22 C1 C23 <wb> C8 C0 C19 C0 C19 C0 C1 C22 C0 C36 C19 C0 C19 C0 C16 <wb> C33 C0 C1 C38 C0 <wb> C6 C0 C11
gujarati_female_002044|C3 C0 C1 C21 C0 C19 C0 C26 C24 C0 C1 <wb> C19 C26 C22 C0 C21 C0 <wb> C22 C0 C13 C0 C17 C0 <wb> C28 C0 C29 C0 <wb> C13 C36 C24 C1 C20 C26 C29 C16 <wb> C22 C1 C29 C0 C8 C1 C9 C0 <wb> C0 C24 C0 C11 <wb> C19 C0 C32 C21 C11 C1 C22 C0 <wb> C17 C0 C11 C37 C0 C1 C23 <wb> C7 C36 C31 C0 C25 C26 C24 C1 C23 <wb> C3 C16 C17 C0 <wb> C29 C26 C28 C0 C32 C16
gujarati_female_002056|C29 C26 C15 C16 C32 C0 C31 C0 C29 C22 C1 C24 C16 <wb> C3 C0 C11 C34 C0 C16 C23 C13 C0 <wb> C34 C11 C19 C0 C24 C16 C19 C0 C22 C1 C23 <wb> C15 C0 C17 C0 C36 <wb> C28 C0 C25 C0 <wb> C31 C26 C29 C34 C0 <wb> C28 C0 C16 C5 C0 <wb> C3 C26 C21 C0 C24 C1 <wb> C30 C0 C23 C7 C0 C29 C4 C0 C25 C1 C23 <wb> C20 C0 C1 C22 C0 C16 <wb> C17 C0 C25 C0 C1 C38 C0 <wb> C6 C0 C11
gujarati_female_002074|C0 C25 C0 C36 C36 C29 C0 C17 C0 C1 <wb> C7 C0 C37 C0 C1 C29 C0 C1 <wb> C37 C0 C16 C17 C0 <wb> C36 C32 C0 C28 C0 C1 C7 C0 C16 C32 C0 <wb> C19 C0 C29 C0 C37 C0 C1 C24 C0 C1 <wb> C3 C16 C18 C0 C24 C11 C30 C0 C22 C1 C23 <wb> C17 C0 C29 C0 C22 C0 C24 C0 C16 <wb> C11 C19 C0 <wb> C30 C0 C31 C0 C19 C32 C0 <wb> C4 C0 C1 C13 C0 C16 C7 C0 C1 C29 C0 <wb> C6 C0 C11
gujarati_female_002077|C30 C19 C36 C21 C0 C22 C1 C23 <wb> C28 C0 C25 C0 <wb> C3 C0 C16 C17 C0 C16 <wb> C30 C28 C26 C29 C34 C30 C0 <wb> C11 C19 C34 C16 C37 C16 C34 C16 <wb> C19 C0 C29 C0 C32 C0 C1 C23 <wb> C32 C0 C11 C24 C0 C16 <wb> C12 C0 C29 C0 C30 C0 C34 C0 <wb> C5 C26 C16 C30 C0 <wb> C1 C17 C0 C11 <wb> C28 C0 C25 C0 <wb> C22 C1 C32 C29 C0 C24 C11 <wb> C22 C0 C1 C32 C0 C29 C0 <wb> C19 C0 C29 C0 C16 C19 C0 C11 C34 C0 <wb> C17 C0 <wb> C6 C0 C11
gujarati_female_002084|C32 C26 C38 C11 <wb> C11 <wb> C0 C32 C0 C9 C1 C28 C0 C25 C36 C23 <wb> C17 C1 C21 C0 C37 C16 C24 C11 <wb> C33 C0 C26 C9 C0 C16 C19 C0 <wb> C32 C26 C6 C0 C9 C16 <wb> C29 C0 C16 C32 C0 C11 <wb> C17 C0 <wb> C37 C0 C1 C32 C0 <wb> C19 C0 C29 C0 C11 <wb> C6 C0 C11
gujarati_female_002090|C32 C0 C11 <wb> C30 C0 C19 C0 C29 C0 C16 C24 C0 <wb> C28 C0 C29 C0 <wb> C3 C0 C16 C18 C0 C24 C0 C11 C30 C0 <wb> C5 C0 C19 C0 C29 C0 C24 C0 C36 C23 <wb> C30 C19 C11 C5 C0 <wb> C32 C0 C2 C38 C0 C1 C29 C0 <wb> C19 C0 C29 C0 C11 <wb> C6 C0 C11
gujarati_female_002095|C11 C25 C0 C11 <wb> C7 C26 C9 C16 C24 C11 <wb> C14 C0 C29 C0 C22 C0 C1 C23 <wb> C28 C11 C30 C0 C37 C1 <wb> C19 C0 C26 C31 C0 C16 C31 C0 <wb> C19 C0 C29 C0 C16 <wb> C28 C0 C29 C0 C23 C32 C0 C36 <wb> C7 C37 C1 C29 C0 C28 C1 C21 C26 C11 <wb> C11 C24 C0 C16 <wb> C13 C0 C29 C0 C7 C0 C24 C0 <wb> C28 C0 C19 C0 C9 C0 C16 C24 C0 C11 <wb> C31 C11 C29 C16 C24 C16 <wb> C8 C36 C21 C0 C22 C1 C23 <wb> C12 C0 C11 C23 C19 C0 C16 <wb> C7 C0 C16 C8 C0 C26
gujarati_female_002102|C28 C0 C13 C0 C22 C0 C1 C23 <wb> C3 C0 C36 C34 C0 <wb> C32 C0 C26 <wb> C22 C0 C11 C23 <wb> C19 C0 C21 C0 C11 C17 C0 C22 C0 C1 C23 <wb> C0 C8 C0 C38 C0 C1 C28 C0 C19 C0 <wb> C33 C0 C38 C0 C1 <wb> C28 C0 C6 C0 C16 <wb> C16 C9 C0 C29 C0 C22 C1 C23 <wb> C28 C0 C15 C0 C11 C21 C0 C16 C37 C0 C1 C29 C0 <wb> C20 C0 C29 C16 C7 C16 C24 C11 <wb> C28 C15 C11 C29 C38 C1 <wb> C15 C0 C32 C0 C1
gujarati_female_002121|C32 C0 C11 C24 C0 C16 <wb> C38 C0 C1 C7 C0 C16 <wb> C36 C32 C30 C1 C15 C0 C4 C11 C29 C0 <wb> C3 C0 C24 C0 C1 C37 C0 C32 C0 C16 <wb> C37 C0 C20 C0 C32 C0 C11 <wb> C37 C0 C16 C17 C0 C24 C0 C1 C24 C0 C24 C0 C11 <wb> C28 C0 C26 C32 C0 C1 C24 C0 C36 C23 <wb> C24 C2 C30 C0 C29 C13 C16 C19 C0 <wb> C37 C0 C16 C29 C0 C26 C8 C0 C16 <wb> C13 C0 C25 C0 C24 C1 C29 C1 <wb> C21 C0 C26 C19 C0 C26 <wb> C11 <wb> C15 C0 C19 C0 C16 C19 C0 C32 C0 <wb> C4 C0 C36 C21 C0 C16 <wb> C17 C0 C1 C38 C0 <wb> C6 C0 C11
gujarati_female_002123|C7 C0 C21 C1 C31 C11 C35 C0 <wb> C29 C0 C9 C0 C22 C0 C30 C0 <wb> C33 C0 C16 C24 C0 C11 <wb> C3 C0 C26 C21 C0 C38 C0 C1 <wb> C22 C0 C1 C29 C0 C16 <wb> C28 C1 C14 C0 C9 C16 C24 C16 <wb> C8 C0 C9 C0 C22 C1 C23 <wb> C28 C0 C5 C0 C1 C30 C0 <wb> C29 C0 C36 C28 C0 C16 C38 C0 C1 <wb> C6 C0 C11
gujarati_female_002143|C20 C0 C1 C30 C0 <wb> C32 C0 C26 <wb> C1 <wb> C19 C0 C1 C29 C0 C25 C0 C26 C30 C0 C29 C0 <wb> C0 C32 C0 C38 C0 C1 C29 C0 C11 <wb> C1 <wb> C19 C0 C29 C0 C16 C30 C0 C34 C0 C21 C0 <wb> C15 C0 C26 C22 C0 <wb> C9 C11 C19 C26 C29 C11 C31 C0 C24 C0 <wb> C21 C0 C26 C19 C0 C26 C22 C0 C1 C23 <wb> C20 C36 C3 C0 <wb> C17 C0 <wb> C28 C0 C29 C0 C5 C0 C21 C0 C16 C32 C0 <wb> C6 C0 C11
gujarati_female_002144|C17 C0 C11 C24 C0 C36 C23 <wb> C3 C0 C1 C23 C8 C0 C19 C0 C1 C22 C0 <wb> C13 C16 C18 C1 C24 C1 <wb> C28 C16 C29 C1 C22 C16 C9 C0 <wb> C19 C0 C11 <wb> C11 C33 C11 C24 C30 C0 C24 C1 <wb> C11 C19 C29 C26 C28 C26 C21 C16 C30 C0 <wb> C17 C0 C11 C37 C0 C36 C23 <wb> C4 C0 C37 C0 C38 C0 <wb> C15 C0 C31 C0 C11
gujarati_female_002149|C22 C0 C11 C34 C0 C29 C0 C26 <wb> C29 C0 C11 C21 C0 C37 C0 C11 <wb> C21 C0 C16 C23 C19 C0 <wb> C28 C0 C29 C0 C26 C17 C0 C11 C19 C0 C34 C0 <wb> C22 C0 C1 C34 C0 C11 <wb> C5 C16 C22 C0 C24 C0 C4 C1 C16 <wb> C28 C0 C34 C0 C11 C21 C0 <wb> C3 C29 C16 C17 C0 C24 C1 <wb> C6 C0 C11 C9 C0 C11 <wb> C0 C5 C11 C29 C0 <wb> C13 C0 C1 C22 C0 C24 C0 C16 <wb> C30 C0 C29 C0 C19 C0 C1 C29 C0 C16 <wb> C17 C0 C22 C0 C16 C24 C0 <wb> C22 C0 C11 C21 C0 C37 C0 C37 C0 C1 <wb> C22 C0 C1 C34 C0 C11 C24 C0 C16 <wb> C19 C0 C1 C29 C0 C38 C0 C37 C0 C1 C15 C0 C16 <wb> C15 C0 C1 C33 C0 <wb> C8 C0 C29 C1 C16 <wb> C6 C0 C11
gujarati_female_002160|C28 C0 C19 C0 C31 C0 C16 C26 C24 C0 C16 <wb> C18 C0 C21 C0 C15 C0 C21 C0 C32 C16 <wb> C16 C22 C1 C29 C0 C32 C26 <wb> C30 C0 C1 C33 C0 C11 <wb> C0 C33 C0 C9 C1 C22 C0 C25 C0 <wb> C17 C0 C11 C37 C0 C1 <wb> C3 C0 C24 C0 C1 C37 C0 C26 <wb> C37 C0 C29 C0 C32 C0 C22 C0 C1 C24 C0 <wb> C28 C0 C32 C29 C26 C22 C1 C23 <wb> C15 C11 C9 C0 C21 C1 C16 C24 C30 C0 <wb> C32 C0 C29 C0 C16 C19 C0 C11 <wb> C4 C0 C21 C0 C11 <wb> C5 C0 C21 C0 C19 C0 C32 C1 <wb> C15 C0 C26 C38 C0
gujarati_female_002172|C19 C0 C1 C29 C0 C24 C0 C1 <wb> C28 C0 C1 C29 C0 C34 C0 C30 C0 <wb> C36 C28 C0 C29 C0 <wb> C32 C1 C23 C3 C1 C24 C26 <wb> C10 C0 C26 C21 C0 <wb> C5 C0 C9 C1 C37 C0 C37 C1 C22 C1 C23 <wb> C1 C37 C0 C38 C0 C26 <wb> C15 C0 C32 C0 C26
gujarati_female_002194|C22 C0 C8 C0 C38 C0 C22 C0 <wb> C19 C0 C7 C0 C24 C1 <wb> C19 C0 C3 C0 C1 C34 C0 <wb> C17 C11 C37 C0 C9 C1 C23 <wb> C3 C0 C11 <wb> C30 C0 C28 C0 C16 C19 C0 C29 C0 <wb> C15 C0 C32 C0 C1 C23
gujarati_female_002196|C28 C0 C13 C0 <wb> C36 C14 C0 C1 C9 C0 C1 <wb> C15 C0 C32 C0 C1 <wb> C28 C0 C25 C0 <wb> C9 C1 C22 C0 C29 C0 C24 C1 <wb> C29 C0 C30 C32 C1 C24 C16 <wb> C3 C0 C23 C24 C0 C11 <wb> C3 C0 C1 C17 C0 C36 <wb> C8 C36 C21 C16 C38 C26 <wb> C22 C1 C29 C0 C13 C0 <wb> C30 C0 C1 C5 C0 C1 <wb> C0 C29 C0 C33 C0 C22 C0 C1 C23 <wb> C12 C36 C34 C0 C28 C1 C33 C0 <wb> C15 C0 C32 C0 C26
gujarati_female_002221|C17 C0 C26 <wb> C36 C28 C0 C29 C0 C26 C19 C0 C32 C0 <wb> C30 C0 C23 C31 C0 C26 C8 C0 C24 C0 <wb> C30 C0 C1 C5 C0 C36 C23 <wb> C35 C0 C29 C0 C31 C11 <wb> C0 C24 C0 C11 <wb> C15 C0 C22 C18 C1 <wb> C24 C0 C7 C0 C16 C24 C0 C1 <wb> C28 C0 C1 C25 C0 C16 C24 C0 C26 <wb> C36 C28 C0 C38 C0 C26 C13 C0 <wb> C19 C0 C29 C0 C37 C0 C1 C24 C0 C16 <wb> C34 C0 C11 C19 C0 C24 C0 C26 C21 C0 C26 C17 C0 C16 <wb> C37 C0 C16 C19 C0 C1 C30 C0 <wb> C28 C0 C1 C22 C0 C31 C0 C11
gujarati_female_002227|C30 C36 C17 C16 C32 C0 <wb> C30 C0 C29 C0 C19 C0 C1 C29 C0 <wb> C7 C16 C13 C7 C0 C29 C31 C16 C32 C0 <wb> C12 C0 C16 C21 C0 C22 C0 <wb> C7 C0 C37 C0 C1 C29 C0 C1 <wb> C3 C0 C11 <wb> C15 C0 C17 C0 C1 C29 C0 <wb> C3 C0 C1 C29 C0 <wb> C22 C0 C1 C23 <wb> C1 C15 C0 C24 C1 C24 C36 C23 <wb> C3 C0 C26 C21 C0 C16 C37 C0 C36 C9 C0 C22 C0 C1 C23 <wb> C28 C0 C7 C1 C29 C28 C0 C25 C0 <wb> C33 C0 C16 <wb> C29 C0 C15 C0 C38 C0 C36 C23 <wb> C6 C0 C11
gujarati_female_002232|C37 C0 C29 C0 C31 C0 C22 C0 C1 C23 <wb> C3 C0 C11 <wb> C37 C0 C1 C29 C0 <wb> C15 C0 C36 C23 <wb> C28 C0 C7 C0 C38 C1 C32 C29 C16 C26 C24 C11 <wb> C21 C0 C16 C24 C0 C11 <wb> C15 C16 C22 C1 C5 C0 C21 C0 C22 C1 C23 <wb> C1 C37 C0 C11 C21 C0 <wb> C31 C29 C16 C20 C0 C23 C9 C0 <wb> C19 C0 C2 C21 C0 C1 C30 C0 <wb> C0 C24 C0 C11 <wb> C19 C16 C24 C24 C0 C29 C0 <wb> C19 C2 C21 C1 C30 C0 C24 C16 <wb> C38 C0 C1 C32 C0 C29 C0 C1 <wb> C19 C0 C29 C0 C1 C37 C0 C36 C23 <wb> C6 C0 C36 C23
gujarati_female_002233|C3 C29 C16 C30 C3 C11 C24 C0 C24 C1 <wb> C22 C11 C38 C0 C29 C0 <wb> C21 C26 C29 C9 C0 <wb> C19 C11 C22 C28 C0 C3 C11 C21 C0 <wb> C24 C38 C36 C22 C11 C24 C11 <wb> C17 C0 C25 C0 C1 C37 C0 C38 C0 C36 C23 <wb> C15 C0 C32 C0 C36 C23 <wb> C19 C0 C11 <wb> C1 C17 C0 C24 C0 C26 <wb> C7 C0 C16 C37 C0 C30 C0 <wb> C30 C0 C15 C0 C38 C0 <wb> C15 C0 C32 C0 C26 <wb> C1 C37 C0 C32 C0 C16 <wb> C19 C0 C1 C21 C0 <wb> C37 C0 C8 C0 C36 <wb> C20 C0 C29 C0 C1 C3 C0 <wb> C15 C0 C31 C0 C11 <wb> C0 C24 C0 C11 <wb> C13 C36 C29 C36 C37 C1 C29 C0 <wb> C37 C16 C24 C1 C31 C0 C19 C0 <wb> C3 C0 C24 C0 C16 <wb> C17 C0 C31 C0 C11
gujarati_female_002234|C28 C0 C29 C25 C26 C22 C1 C23 C33 C16 <wb> C24 C16 C21 C0 C13 C16 C29 C16 C24 C16 <wb> C32 C0 C16 C37 C0 C29 C0 <wb> C13 C0 C23 C8 C0 <wb> C12 C11 C12 C0 C30 C1 C23 <wb> C30 C0 C36 C8 C0 C16 <wb> C28 C0 C15 C0 C26 C23 C5 C0 C16 <wb> C17 C0 C1 C38 C0 <wb> C6 C0 C11
gujarati_female_002236|C5 C16 C24 C0 C24 C36 C23 <wb> C17 C0 C26 <wb> C31 C0 C9 C0 C38 C0 C23 C32 C29 C0 <wb> C30 C0 C12 C0 C21 C0 <wb> C29 C0 C15 C0 C11 C31 C0 C11 <wb> C32 C0 C26 <wb> C0 C12 C0 C14 C0 C1 C24 C0 C16 C30 C0 C32 C0 C1 C24 C0 <wb> C28 C0 C29 C0 C33 C0 C16 <wb> C4 C0 C1 C29 C0 C32 C0 C24 C0 C26 <wb> C28 C0 C29 C0 C4 C0 C1 C37 C0 <wb> C26 C30 C0 C29 C0 C16 <wb> C31 C0 C19 C0 C11 <wb> C6 C0 C11
gujarati_female_002241|C1 C29 C0 C33 C0 C29 C0 <wb> C11 C24 C9 C0 C29 C0 C30 C0 C24 C11 <wb> C34 C16 C24 C0 <wb> C12 C36 C23 C9 C0 C22 C1 C23 <wb> C11 C37 C0 C1 C23 <wb> C3 C11 C19 C11 C34 C0 C29 C16 C38 C1 <wb> C31 C0 C26 C8 C0 C16 <wb> C19 C0 C1 C10 C0 C38 C0 C1 <wb> C17 C0 C11 <wb> C15 C1 C16 <wb> C9 C26 C18 C0 <wb> C13 C0 C1 C22 C0 C1 <wb> C29 C0 C11 <wb> C24 C0 C11 <wb> C28 C0 C25 C0 <wb> C28 C0 C5 C1 C37 C16 <wb> C17 C0 C16 C24 C0 C11 <wb> C17 C0 C16 C37 C0 C32 C0 C1 <wb> C29 C0 C15 C0 C11 C32 C0 C1 C23 <wb> C15 C0 C32 C0 C1 C23
gujarati_female_002243|C1 <wb> C7 C0 C37 C0 C1 C29 C0 C1 <wb> C31 C37 C11 C32 C0 C29 C36 C28 C0 <wb> C8 C0 C1 C29 C0 C25 C0 <wb> C19 C0 C29 C0 C38 C0 C36 C23 <wb> C17 C0 C11 <wb> C19 C0 C29 C22 C0 C24 C16 <wb> C31 C0 C37 C0 C11 C32 C0 <wb> C19 C0 C29 C0 C1 C23 C32 C0 C16 <wb> C30 C0 C37 C0 C29 C0 C36 C28 C0 <wb> C6 C0 C11
gujarati_female_002251|C34 C0 C36 C23 C19 C0 C22 C0 C1 C23 <wb> C7 C0 C11 C31 C0 C22 C0 C1 C23 <wb> C3 C0 C11 <wb> C15 C0 C17 C0 C1 C29 C0 <wb> C5 C0 C1 C29 C0 <wb> C28 C0 C1 C5 C0 <wb> C22 C0 C1 C23 <wb> C19 C0 C36 C21 C0 <wb> C37 C0 C30 C32 C16 C24 C1 <wb> C30 C1 C9 C0 C32 C29 C16 C30 C0 <wb> C28 C0 C26 C16 C24 C0 C34 C0 <wb> C3 C0 C11 <wb> C34 C0 C19 C0 C1 <wb> C21 C0 C26 C19 C0 C26 <wb> C13 C0 C29 C0 C16 C3 C0 <wb> C15 C0 C32 C0 C1
gujarati_female_002295|C0 C23 C8 C0 C1 C29 C0 C1 C24 C0 C16 <wb> C30 C0 C1 C22 C0 C11 <wb> C28 C0 C29 C0 C19 C0 C1 C31 C0 <wb> C38 C36 C7 C8 C11 <wb> C5 C0 C10 C0 C11 <wb> C6 C0 C11 <wb> C19 C0 C11 <wb> C28 C29 C0 C19 C1 C31 C0 C24 C11 <wb> C28 C0 C6 C1 C9 C0 C37 C1 C24 C36 C23 <wb> C0 C23 C8 C0 C1 C29 C0 C36 C23 <wb> C19 C0 C1 C37 C0 C32 C0 C29 C0 C36 C23 <wb> C14 C0 C9 C0 C11 <wb> C6 C0 C11 <wb> C1 C37 C0 C1 C23 <wb> C32 C0 C26 <wb> C19 C11 C34 C0 C19 C11 C34 C0 C21 C1 C23 <wb> C37 C16 C30 C22 C0 C38 C26
gujarati_female_002310|C30 C34 C16 C37 C0 <wb> C17 C26 C3 C30 C0 <wb> C0 C24 C0 C11 <wb> C8 C0 C16 C29 C0 C36 C4 C0 C1 C16 <wb> C0 C23 C3 C1 C25 C16 <wb> C17 C0 C11 C37 C0 C16 <wb> C30 C0 C16 C7 C0 C8 C0 C16 C26 <wb> C22 C0 C11 C21 C0 C37 C0 C37 C0 C1 C24 C0 C36 C23 <wb> C30 C0 C37 C0 C28 C0 C24 C0 <wb> C22 C0 C26 C34 C0 C1 C4 C0 C1 C13 C0 C24 C0 C1 <wb> C36 C7 C38 C26 C13 C0 C28 C0 C32 C16 C26 C24 C11 <wb> C28 C0 C25 C0 <wb> C1 C37 C0 C11 <wb> C6 C0 C11
gujarati_female_002324|C0 C22 C0 C1 C29 C0 C26 <wb> C34 C0 C1 C29 C0 C13 C0 C11 C34 C0 <wb> C19 C0 C37 C0 C26 C21 C0 C16 C34 C0 C16 <wb> C28 C0 C29 C0 C26 C9 C0 C19 C0 C34 C0 <wb> C1 C28 C0 C37 C0 C1 C24 C0 C16 <wb> C30 C0 C1 C33 C0 C11 <wb> C7 C0 C36 C24 C0 C16 C38 C0 C1 <wb> C22 C0 C1 C34 C0 C11 <wb> C36 C7 C1 C15 C0 C29 C0 C25 C0 C29 C36 C28 C0 <wb> C3 C0 C24 C1 C37 C1 C24 C26 <wb> C28 C0 C25 C0 <wb> C6 C0 C11
gujarati_female_002339|C28 C0 C1 C25 C0 C16 C22 C0 C1 C23 <wb> C28 C0 C24 C16 C15 C1 C29 C16 C26 C24 C26 <wb> C19 C0 C21 C0 C3 C0 C21 C1 C34 C0 <wb> C28 C29 C0 C32 C16 C3 C16 C23 C3 C1 C38 C0 <wb> C6 C0 C11
gujarati_female_002343|C3 C0 C29 C0 C16 C34 C0 C16 C31 C0 <wb> C22 C11 C13 C11 C18 C16 C24 C0 <wb> C8 C0 <wb> C21 C11 C24 C30 C11 C34 C0 C24 C26 <wb> C29 C0 C16 C28 C0 C26 C29 C0 C34 C0 <wb> C17 C0 C25 C0 C1 C37 C0 C11 <wb> C6 C0 C11 <wb> C19 C0 C11 <wb> C3 C0 C11 <wb> C15 C0 C17 C0 C1 C29 C0 <wb> C7 C0 C30 C0 <wb> C22 C0 C1 C23 <wb> C4 C0 C1 C29 C0 C32 C0 C22 C0 C1 C23 <wb> C19 C0 C11 C24 C0 C30 C0 C29 C0 C24 C0 C11 <wb> C21 C0 C16 C8 C0 C11 <wb> C30 C1 C9 C1 <wb> C28 C0 C1 C23 C5 C0 <wb> C21 C0 C1 C20 C0 C33 C0 C16 <wb> C37 C0 C8 C36 C24 C1 C23 <wb> C22 C0 C26 C32 C0 <wb> C33 C0 C38 C0 C1 <wb> C6 C0 C11
gujarati_female_002347|C30 C0 C8 C26 C17 C1 C32 C1 C37 C0 C32 C1 C29 C0 <wb> C3 C0 C29 C0 C15 C0 C22 C0 C1 C17 C0 C16 C11 <wb> C32 C0 C28 C0 <wb> C19 C0 C29 C0 C16 <wb> C28 C0 C29 C0 C33 C0 C22 C0 <wb> C19 C0 C21 C28 C0 C22 C1 C23 <wb> C31 C37 C11 C32 C0 C29 C36 C28 C0 <wb> C8 C0 C1 C29 C0 C25 C0 <wb> C19 C0 C29 C0 C38 C0 C36 C23
gujarati_female_002356|C22 C26 C23 C22 C1 C23 <wb> C7 C0 C1 C23 C32 C0 <wb> C15 C0 C26 C38 C0 <wb> C6 C0 C11 <wb> C11 C24 C0 C26 <wb> C22 C0 C32 C0 C21 C0 C3 C0 <wb> C11 <wb> C33 C0 C38 C0 C26 <wb> C19 C0 C11 <wb> C22 C26 C23 C22 C1 C23 <wb> C14 C0 C29 C0 <wb> C37 C0 C1 C21 C0 C16 <wb> C26 C29 C0 C32 C0 C24 C11 <wb> C32 C0 C38 C0 C1 C23 <wb> C15 C1 C33 C16 C7 C1 C23 C32 C0 C24 C1 <wb> C5 C36 C9 C0 C21 C1 C24 C16 <wb> C7 C0 C36 C19 C0 C1 C24 C0 <wb> C6 C0 C11
gujarati_female_002383|C3 C0 C24 C0 C24 C0 C11 <wb> C19 C0 C23 C28 C0 C24 C0 C16 C22 C0 C1 C23 <wb> C28 C1 C16 C21 C0 C34 C0 C24 C16 <wb> C3 C0 C10 C0 C32 C16 <wb> C0 C24 C0 C11 <wb> C30 C16 C24 C16 C38 C26 C29 C16 C34 C16 <wb> C24 C0 C19 C0 C19 C0 C16 <wb> C19 C0 C29 C0 C37 C0 C1 C24 C0 C1 C23 <wb> C8 C0 C26 C29 C0 C25 C0 <wb> C17 C0 C36 C7 C0 C1 C23 <wb> C15 C0 C32 C0 C1 C23
gujarati_female_005682|C3 C0 C2 C19 C0 C26 C24 C0 C36 C29 C0 C33 C0 C16 <wb> C29 C0 C37 C0 C1 C24 C0 C1 <wb> C33 C0 C16 <wb> C29 C0 C15 C0 C11 C21 C0 C1 <wb> C0 C37 C0 C19 C0 C1 C31 C0 C38 C0 C1 C24 C0 C22 C0 C1 C23 <wb> C32 C0 C11 C22 C0 C24 C0 C16 <wb> C30 C0 C1 C33 C0 C11 <wb> C29 C0 C31 C0 C16 C38 C0 C24 C0 <wb> C12 C0 C11 C9 C0 C29 C0 C21 C0 <wb> C30 C0 C28 C0 C11 C30 C0 <wb> C11 C17 C0 C24 C0 C30 C0 C16 C24 C0 C1 <wb> C38 C0 C36 C29 C0 C16 <wb> C22 C0 C1 C21 C0 C11 C24 C0 C31 C0 C11 C24 C0 C19 C0 C26 <wb> C0 C24 C0 C11 <wb> C17 C0 C1 C28 C0 C1 C24 C0 <wb> C11 C29 C0 C26 C30 C0 C28 C0 C11 C30 C0 <wb> C11 C19 C0 C30 C0 C28 C0 C21 C0 C26 C29 C0 C11 C31 C0 C24 C0 <wb> C11 C17 C0 C24 C0 C30 C0 C16 C24 C0 C1 <wb> C0 C19 C0 C16 C15 C0 C16 C32 C0 C26 <wb> C15 C0 C26 C31 C0 C16 C7 C0 C11 <wb> C11 C22 C0 <wb> C3 C0 C11 <wb> C12 C0 C21 C0 C1 C16 C34 C0 <wb> C11 C24 C0 C17 C0 C16 C24 C0 C16 C38 C0 C29 C0 <wb> C28 C0 C25 C0 <wb> C17 C0 C26 C9 C0 C1 C31 C0 C11
gujarati_female_005684|C0 C10 C0 C1 C29 C0 <wb> C22 C0 C15 C0 C16 C24 C0 C1 C33 C0 C16 <wb> C4 C0 C1 C29 C0 C11 <wb> C22 C0 C33 C0 C1 C22 C0 C25 C0 <wb> C19 C0 C29 C0 C32 C0 C1 <wb> C28 C0 C29 C0 C26 C34 C0 C26 C24 C0 <wb> C19 C0 C26 C21 C0 C16 C18 C0 C24 C0 <wb> C28 C0 C29 C0 C38 C0 C26 C13 C0 C22 C0 C1 C23 <wb> C12 C0 C29 C0 C1 C24 C0 C30 C0 <wb> C0 C24 C0 C11 <wb> C30 C0 C37 C0 C16 C32 C0 C18 C0 C29 C0 C21 C0 C11 C24 C0 C9 C0 <wb> C30 C0 C29 C0 C15 C0 C7 C0 C11 <wb> C17 C0 C16 C24 C0 C16 C37 C0 C1 <wb> C28 C0 C1 C30 C0 C11 <wb> C37 C0 C16 C17 C0 C24 C0 C1 C24 C0 C24 C0 C16 C26 C11 <wb> C21 C0 C1 C29 C0 C17 C0 <wb> C15 C0 C11 C9 C0 C29 C0 C26 C24 C0 <wb> C19 C0 C26 C21 C0 C1 C16 C9 C0 C29 C0 C22 C0 C1 C23 <wb> C28 C0 C29 C0 C26 C34 C0 C26 C24 C0 C24 C0 C1 <wb> C3 C0 C11 <wb> C19 C0 C16 C29 C0 C25 C0 C26 <wb> C30 C0 C1 C22 C0 C30 C0 C1 C22 C0 C11 <wb> C0 C33 C0 C9 C0 C1 C37 C0 C16 <wb> C28 C0 C29 C0 C38 C0 C26 C13 C0 <wb> C19 C0 C29 C0 C16 <wb> C0 C7 C0 C4 C0 C36 C32 C0 <wb> C30 C0 C12 C0 C21 C0 C32 C0 C1 <wb> C22 C0 C11 C21 C0 C37 C0 C16 <wb> C6 C0 C11
gujarati_female_005690|C5 C0 C1 C21 C0 C26 <wb> C15 C0 C37 C0 C11 C33 C0 C16 <wb> C11 C19 C0 C1 C23 C32 C0 C24 C0 C26 <wb> C28 C0 C25 C0 <wb> C26 C5 C0 C6 C0 C37 C0 <wb> C19 C0 C29 C0 C16 C11 <wb> C33 C0 C26 C9 C0 C26 <wb> C17 C0 C1 C32 C0 C24 C0 C11 <wb> C30 C0 C22 C0 C38 C0 <wb> C1 C28 C0 C16 C11 <wb> C30 C0 C1 C22 C0 C11 C37 C0 C1 C21 C0 C16 <wb> C37 C0 C38 C0 C19 C0 C32 C0 C16 <wb> C28 C0 C1 C30 C0 C11 C33 C0 C16 <wb> C3 C0 C36 <wb> C0 C28 C0 C11 C19 C0 C31 C0 C1 <wb> C24 C0 <wb> C29 C0 C1 C20 C0 C16 C38 C0 C11 <wb> C30 C0 C32 C0 C32 C0 <wb> C24 C0 C36 <wb> C17 C0 C1 C25 C0 C16 C11 <wb> C22 C0 C1 C24 C0 C16 C38 C0 C11 <wb> C17 C0 C26 C16 C38 C0 C11 <wb> C37 C0 C1 C23 C5 C0 C16 C11 <wb> C0 C24 C0 C11 <wb> C24 C0 C37 C0 C1 C23 <wb> C30 C0 C33 C0 C21 C0 C26 <wb> C0 C24 C0 C11 <wb> C21 C0 C26 C19 C0 C26 C24 C0 C11 <wb> C20 C0 C36 C21 C0 C21 C0 C1 <wb> C7 C0 C16 C21 C0 C11 <wb> C30 C0 C37 C0 C16 C19 C0 C1 C29 C0 C16 C11
gujarati_female_005700|C37 C0 C16 C29 C0 C17 C0 <wb> C37 C0 C1 C30 C0 C24 C0 C1 <wb> C29 C0 C15 C0 C16 C32 C0 <wb> C37 C0 C16 C37 C0 C1 C15 C0 <wb> C11 C19 C0 C3 C0 C16 C17 C0 C1 C24 C0 C11 <wb> C17 C0 C26 C9 C0 C11 <wb> C37 C0 C16 C31 C0 C37 C0 <wb> C13 C0 C26 C21 C0 C1 C19 C0 C1 C29 C0 <wb> C12 C0 C11 C29 C0 C37 C0 C11 <wb> C37 C0 C16 C31 C0 C26 C19 C0 <wb> C17 C0 C16 C37 C0 C24 C0 <wb> C4 C0 C1 C37 C0 <wb> C28 C0 C29 C0 C19 C0 C32 C0 C16 <wb> C30 C0 C1 C33 C0 C11 <wb> C17 C0 C26 C9 C0 C11 <wb> C1 C37 C0 C1 <wb> C4 C0 C1 C37 C0 <wb> C30 C0 C1 C33 C0 C11 <wb> C3 C0 C29 C0 C15 C0 C22 C0 C1 C17 C0 C16 C11 <wb> C5 C0 C1 C29 C0 <wb> C30 C0 C37 C0 C29 C0 C36 C28 C0 C24 C0 C1 <wb> C28 C0 C36 C32 C0 C29 C0 C26 <wb> C36 C32 C0 C28 C0 C24 C0 C24 C0 <wb> C19 C0 C29 C0 C16 <wb> C22 C0 C1 C24 C0 C37 C0 <wb> C7 C0 C11 C15 C0 C24 C0 C16 <wb> C5 C0 C11 C32 C0 C24 C0 C1 <wb> C30 C0 C37 C0 C29 C0 C36 C28 C0 <wb> C17 C0 C16 C37 C0 C24 C0 <wb> C4 C0 C1 C37 C0 <wb> C1 C28 C0 C38 C0 C26
gujarati_female_005710|C11 C24 C0 C16 <wb> C22 C0 C1 C32 C0 C1 <wb> C31 C0 C3 C0 C24 C0 C22 C0 <wb> C30 C0 C16 C23 C24 C0 C1 <wb> C17 C0 C25 C0 C1 C37 C0 C37 C0 C1 <wb> C22 C0 C36 C17 C0 C3 C0 <wb> C28 C0 C29 C0 C1 C29 C0 C23 C4 C0 C16 C19 C0 <wb> C22 C0 C11 C9 C0 C16 C19 C0 C21 C0 <wb> C29 C0 C16 C28 C0 C26 C29 C0 C34 C0 C30 C0 <wb> C11 C37 C0 C36 C23 <wb> C30 C0 C36 C5 C0 C37 C0 C32 C0 C1 <wb> C15 C0 C32 C0 C1 <wb> C19 C0 C11 <wb> C38 C0 C36 C37 C0 C29 C0 C1 C17 C0 C24 C0 C1 <wb> C9 C0 C1 C3 C0 C1 <wb> C12 C0 C11 C12 C0 C30 C0 C1 C24 C0 C16 <wb> C36 C28 C0 C29 C0 <wb> C21 C0 C16 C22 C0 C12 C0 C26 C22 C0 C1 C23 <wb> C19 C0 C15 C0 C11 C37 C0 C1 C32 C0 C16 <wb> C0 C30 C0 C1 C8 C0 C1 C29 C0 C25 C0 <wb> C34 C0 C16 C38 C0 C36 C22 C0 C29 C0 <wb> C19 C0 C11 <wb> C17 C0 C11 <wb> C19 C0 C11 C24 C0 C30 C0 C29 C0 C24 C0 C16 <wb> C13 C0 C1 C23 C35 C0 <wb> C15 C0 C26 C16 <wb> C31 C0 C19 C0 C11 <wb> C6 C0 C11
gujarati_female_005741|C4 C0 C36 C19 C0 C23 C28 C0 <wb> C0 C24 C0 C11 <wb> C30 C0 C36 C24 C0 C1 C22 C0 C16 <wb> C7 C0 C37 C0 C1 C29 C0 C1 <wb> C28 C0 C1 C37 C0 C29 C0 <wb> C28 C0 C21 C0 C1 C24 C0 C34 C0 C24 C0 C1 C23 <wb> C29 C0 C16 C11 C19 C0 C34 C0 C29 C0 C22 C0 C1 C23 <wb> C19 C0 C16 <wb> C30 C0 C22 C0 C30 C0 C38 C0 C1 <wb> C30 C0 C29 C0 C17 C0 C1 C16 <wb> C17 C0 C11 <wb> C6 C0 C11 C37 C0 C34 C0 C11 <wb> C7 C0 C36 C29 C0 C14 C0 C34 C0 C24 C0 C1 C22 C0 C1 C23 <wb> C12 C0 C11 C29 C0 C37 C0 C1 C16 <wb> C13 C0 C16 <wb> C32 C0 C11 C24 C0 C16 <wb> C37 C0 C16 C13 C0 C32 C0 C26 C24 C0 C16 <wb> C15 C0 C37 C0 C11 <wb> C28 C0 C6 C0 C16 C24 C0 C1 C23 <wb> C0 C23 C19 C0 C22 C0 C1 C23 <wb> C37 C0 C16 C30 C0 C32 C0 C1 C29 C0 C28 C0 C36 C29 C0 C37 C0 C19 C0 <wb> C30 C0 C22 C0 C16 C19 C0 C31 C0 C1 <wb> C19 C0 C29 C0 C37 C0 C1 C22 C0 C1 C23 <wb> C1 C37 C0 C31 C0 C11
gujarati_female_005767|C30 C0 C32 C38 C1 C37 C16 C30 C30 C26 <wb> C6 C0 C1 C30 C0 C35 C0 <wb> C22 C0 C1 C23 <wb> C33 C0 C38 C0 C1 <wb> C32 C0 C29 C0 C25 C0 <wb> C7 C0 C11 C31 C0 C26 C24 C0 C1 <wb> C29 C1 C17 C0 C7 C37 C1 C29 C16 C26 <wb> C24 C0 C11 C37 C0 C36 C23 <wb> C7 C0 C11 C31 C0 C26 <wb> C0 C24 C0 C11 <wb> C7 C0 C11 C31 C0 C24 C0 C1 <wb> C26 C13 C0 C25 C0 C16 C30 C0 <wb> C29 C1 C17 C0 C38 C26 C24 C1 <wb> C28 C29 C0 C32 C16 C24 C16 C8 C16 C26 <wb> C15 C0 C1 C17 C0 C29 C0 <wb> C13 C0 C36 C17 C0 C29 C0 C1 C32 C0 <wb> C37 C0 C16 C19 C0 C1 C30 C0 C24 C0 C16 <wb> C30 C0 C15 C0 C4 C1 C13 C16 C32 C1 C24 C26 <wb> C37 C16 C31 C37 C0 C22 C0 C23 C5 C0 <wb> C3 C0 C24 C0 C37 C0 C1 C24 C0 C16 <wb> C19 C0 C31 C0 C22 C0 C32 C0 C1 <wb> C8 C0 C29 C0 C1 C37 C0 C11 <wb> C6 C0 C11
gujarati_female_005770|C28 C0 C5 C0 C5 C0 C16 C30 C0 <wb> C9 C0 C16 C30 C0 C11 C22 C0 C3 C0 C29 C0 <wb> C3 C0 C11 <wb> C15 C0 C17 C0 C1 C29 C0 <wb> C0 C13 C0 C38 C0 C1 C29 C0 <wb> C24 C0 C16 <wb> C17 C16 C11 C30 C0 C11 C21 C0 C37 C16 C24 C16 <wb> C36 C9 C1 C24 C0 <wb> C28 C0 C29 C0 C33 C0 C22 C0 <wb> C32 C0 C3 C0 C19 C0 C19 C0 C11 <wb> C17 C0 <wb> C24 C0 C16 C31 C0 C12 C0 C21 C0 <wb> C17 C0 C32 C0 C1 C23 <wb> C29 C0 C36 C28 C0 C16 C38 C0 C1 <wb> C11 C19 C0 C30 C0 C26 <wb> C28 C0 C5 C0 C5 C0 C16 C30 C0 <wb> C19 C0 C29 C0 C26 C9 C0 C24 C0 C26 <wb> C30 C0 C23 C5 C0 C1 C29 C0 <wb> C36 C28 C0 C13 C0 C29 C0 C15 C0 <wb> C24 C0 C31 C34 C0 <wb> C33 C0 C16 <wb> C13 C0 C38 C0 C26 <wb> C0 C24 C0 C11 <wb> C1 <wb> C38 C0 C26 C17 C0 C24 C0 C1 <wb> C28 C0 C1 C6 C0 C21 C0 C24 C0 C26 <wb> C19 C0 C36 C21 C0 <wb> C20 C0 C29 C0 C5 C0 <wb> C29 C0 C36 C28 C0 C16 C38 C0 C1 <wb> C32 C0 C29 C0 C25 C0 C30 C0 C26 <wb> C28 C0 C5 C0 C5 C0 C16 C30 C0 <wb> C19 C0 C29 C0 C26 C9 C0 <wb> C11 C21 C11 <wb> C13 C0 C38 C0 C26
gujarati_female_005776|C11 C19 C0 <wb> C32 C0 C17 C0 C17 C0 C24 C0 C1 <wb> C17 C0 C15 C0 C26 C24 C0 <wb> C26 C30 C0 C34 C0 C29 C0 C26 C11 <wb> C26 C13 C0 C25 C0 C16 C30 C0 C26 <wb> C30 C0 C16 C32 C0 C32 C0 C11 C29 C0 <wb> C24 C0 C1 <wb> C7 C0 C1 C38 C0 C19 C0 C1 C22 C0 C1 C23 <wb> C17 C0 C25 C0 C1 C37 C0 C38 C0 C36 C23 <wb> C15 C0 C32 C0 C36 C23 <wb> C19 C0 C11 <wb> C33 C0 C11 C29 C0 C1 C28 C0 C26 C9 C0 <wb> C9 C0 C1 C38 C0 C24 C0 C1 C30 C0 C26 C29 C0 <wb> C22 C0 C1 C23 <wb> C17 C0 <wb> C28 C0 C19 C0 C31 C0 C16 C26 C24 C0 C16 <wb> C36 C32 C0 C19 C0 C29 C0 C1 C23 C32 C0 C16 <wb> C33 C0 C16 <wb> C15 C0 C32 C0 C16 <wb> C0 C24 C0 C11 <wb> C1 C29 C0 C19 C0 C16 C26 C28 C0 C34 C0 C11 C29 C0 C16 C19 C0 C30 C0 <wb> C32 C0 C11 C24 C0 C26 <wb> C37 C0 C16 C31 C0 C16 C31 C0 C34 C0 <wb> C28 C0 C36 C29 C0 C1 C37 C0 C26 <wb> C6 C0 C11
gujarati_female_005802|C11 C28 C0 C29 C0 C16 C21 C0 <wb> C3 C0 C11 <wb> C15 C0 C17 C0 C1 C29 C0 <wb> C7 C0 C31 C0 <wb> C24 C0 C16 <wb> C17 C0 C16 C11 C30 C0 C11 C21 C0 C37 C0 C16 <wb> C9 C0 C16 <wb> C32 C0 C29 C0 C25 C0 <wb> C24 C0 C16 <wb> C36 C9 C0 C1 C24 C0 C22 C0 C1 C23 <wb> C4 C0 C1 C29 C0 C32 C0 C22 C0 C1 C23 <wb> C3 C0 C24 C0 C1 C37 C0 C11 C21 C0 <wb> C28 C0 C29 C0 C33 C0 C22 C0 <wb> C19 C0 C29 C0 C1 C38 C0 C26 C17 C0 C11 C24 C0 C16 C19 C0 <wb> C11 C24 C0 C17 C0 C16 C24 C0 C24 C0 C16 <wb> C3 C0 C11 <wb> C22 C0 C26 C34 C0 C29 C0 C26 <wb> C7 C0 C1 C13 C0 C16 <wb> C24 C0 C15 C0 C16 C23 <wb> C28 C0 C29 C0 C16 C25 C0 C1 C22 C0 C11 <wb> C32 C0 C11 <wb> C22 C0 C16 C31 C0 C24 C0 <wb> C24 C0 C16 C31 C0 C12 C0 C21 C0 <wb> C13 C0 C38 C0 C36 C23 <wb> C15 C0 C32 C0 C36 C23
gujarati_female_005804|C31 C0 C29 C0 C16 <wb> C22 C0 C36 C23 C3 C0 C16 <wb> C17 C0 C2 C24 C0 <wb> C38 C0 C36 C37 C0 C19 C0 <wb> C30 C0 C23 C14 C0 C24 C0 C1 <wb> C36 C28 C0 C19 C0 C29 C0 C22 C0 C11 <wb> C5 C0 C29 C0 C5 C0 C13 C0 C11 C34 C0 C24 C0 C1 <wb> C28 C0 C1 C34 C0 C19 C0 C29 C0 <wb> C30 C0 C4 C0 C1 C13 C0 C15 C0 C22 C0 C1 C23 <wb> C1 C38 C0 C26 C17 C0 C16 C32 C0 <wb> C28 C0 C15 C0 C11 C21 C0 C37 C0 C15 C0 C11 C21 C0 C16 <wb> C13 C27 C32 C0 C22 C0 <wb> C19 C0 C33 C1 <wb> C29 C0 C17 C0 C36 <wb> C19 C0 C29 C0 C32 C0 C1 <wb> C13 C36 C17 C0 C29 C1 C32 C0 <wb> C30 C0 C22 C1 C5 C1 C29 C0 C24 C1 <wb> C28 C0 C29 C0 C32 C0 C16 C31 C0 C35 C0 C16 C32 C0 <wb> C19 C0 C34 C0 C1 C29 C0 C21 C0 C11 C20 C0 C19 C0 <wb> C9 C0 C26 C19 C0 C34 C0 C29 C0 <wb> C0 C21 C0 C38 C0 <wb> C3 C0 C11 C23 C19 C0 C29 C0 <wb> C15 C0 C1 C17 C0 C29 C0 <wb> C15 C0 C32 C0 C1 C23
gujarati_female_005807|C11 C22 C0 C24 C0 C1 <wb> C22 C0 C1 C34 C0 C11 <wb> C29 C0 C5 C0 C1 C38 C0 C11 C21 C0 C1 <wb> C11 C19 C0 <wb> C28 C0 C29 C0 C31 C0 C30 C0 C32 C0 C16 <wb> C13 C0 C16 C32 C0 C22 C0 C1 C23 <wb> C19 C0 C37 C0 C16 <wb> C24 C0 C26 C23 C8 C0 C11 <wb> C6 C0 C11 <wb> C19 C0 C11 <wb> C3 C0 C1 C21 C0 C19 C0 C26 <wb> C22 C0 C1 C23 C7 C0 C1 <wb> C28 C0 C9 C0 C11 <wb> C32 C0 C38 C0 C1 C29 C0 C11 <wb> C21 C0 C26 C19 C0 C26 <wb> C32 C0 C11 C22 C0 C24 C0 C11 <wb> C30 C0 C1 C17 C0 C1 <wb> C19 C0 C29 C0 C37 C0 C1 <wb> C22 C0 C1 C34 C0 C11 <wb> C24 C0 C37 C0 C1 C3 C0 <wb> C22 C0 C15 C0 C1 C3 C0 C32 C0 C20 C0 C1 C24 C0 C17 C0 C16 C24 C0 C1 <wb> C20 C0 C26 C21 C0 C1 C22 C0 C1 C23 <wb> C21 C0 C26 C34 C0 C1 C9 C0 C37 C0 C1 C24 C0 C16 <wb> C22 C0 C1 C24 C0 C32 C0 C1 <wb> C22 C0 C1 C24 C0 C32 C0 C1
gujarati_female_005817|C1 C37 C0 C16 <wb> C30 C0 C33 C0 C16 C32 C0 C16 C22 C0 C1 C23 <wb> C1 C32 C0 C22 C0 C24 C0 C16 C29 C0 C16 C19 C0 C31 C0 C25 C0 <wb> C19 C0 C29 C0 C16 <wb> C15 C0 C7 C0 C38 C0 C37 C0 C38 C0 C1 C28 C0 C1 C29 C0 <wb> C0 C24 C0 C11 <wb> C22 C0 C24 C0 C26 C37 C0 C38 C0 C1 C28 C0 C1 C29 C0 C22 C0 C1 C23 <wb> C36 C5 C0 C16 C32 C0 <wb> C12 C0 C11 C29 C0 C12 C0 C1 C29 C0 C26 <wb> C7 C0 C37 C0 C1 C29 C0 C1 <wb> C30 C0 C22 C0 C13 C0 C29 C0 <wb> C17 C0 C16 C37 C0 C24 C0 C24 C0 C1 <wb> C30 C0 C23 C17 C0 C26 C13 C0 C26 <wb> C0 C24 C0 C11 <wb> C37 C0 C16 C31 C0 C22 C0 <wb> C28 C0 C29 C0 C16 C30 C0 C33 C0 C16 C32 C0 C16 C24 C0 C11 <wb> C28 C0 C21 C0 C34 C0 C1 C37 C0 C37 C0 C1 C23 <wb> C31 C0 C19 C0 C38 C0 <wb> C6 C0 C11
gujarati_female_005822|C1 <wb> C19 C0 C25 C0 <wb> C21 C0 C13 C0 C4 C0 C13 C0 <wb> C28 C0 C29 C0 C19 C0 C1 C31 C0 <wb> C17 C0 C11 C34 C0 C21 C0 C16 <wb> C18 C0 C9 C0 C28 C0 C11 <wb> C7 C0 C26 C9 C0 C32 C0 C1 <wb> C30 C0 C1 C22 C0 C30 C0 C1 C22 C0 C11 <wb> C0 C33 C0 C9 C0 C1 C32 C0 C1 <wb> C1 <wb> C0 C33 C0 C9 C0 C1 C22 C0 C25 C0 C24 C0 C11 <wb> C28 C0 C29 C0 C16 C25 C0 C1 C22 C0 C11 <wb> C3 C0 C29 C0 C15 C0 C22 C0 C1 C23 C9 C0 C24 C0 C1 <wb> C17 C0 C24 C0 C22 C0 <wb> C37 C0 C20 C0 C32 C0 C11 <wb> C17 C0 C11 C37 C0 C36 C23 <wb> C37 C0 C1 C7 C0 C21 C0 <wb> C30 C0 C29 C0 C17 C0 C1 C38 C0 C36 C23 <wb> C15 C0 C32 C0 C36 C23 <wb> C32 C0 C11 C37 C0 C36 C23 <wb> C3 C0 C16 C13 C0 C3 C0 C11 C24 C0 C13 C0 <wb> C17 C0 C11 C37 C0 C26 <wb> C8 C0 C9 C0 C1 C19 C0 C26 <wb> C33 C0 C38 C0 C26 <wb> C15 C0 C32 C0 C26
gujarati_female_005841|C0 C32 C0 C38 C0 C23 C32 C0 <wb> C35 C0 C23 C9 C0 C36 <wb> C37 C0 C1 C32 C0 C1 C37 C0 C29 C0 C25 C0 <wb> C0 C23 C32 C0 C29 C0 C16 C19 C0 C31 C0 <wb> C0 C24 C0 C11 <wb> C30 C0 C32 C0 C32 C0 <wb> C29 C0 C11 C9 C0 C16 C38 C0 C11 C31 C0 C24 C0 C22 C0 C1 C23 <wb> C29 C0 C15 C0 C11 C21 C0 <wb> C20 C0 C9 C0 C19 C0 C26 C24 C0 C1 C23 <wb> C30 C0 C11 C22 C0 C28 C0 C21 C0 <wb> C28 C0 C1 C6 C0 C1 C23 <wb> C28 C0 C33 C0 C37 C0 C16 <wb> C28 C0 C29 C0 <wb> C21 C0 C1 C37 C0 C37 C0 C1 C22 C0 C1 C23 <wb> C1 C37 C0 C38 C0 C1 <wb> C32 C0 C38 C0 C1 C29 C0 C11 <wb> C19 C0 C11 C34 C0 C21 C0 C1 C23 C19 C0 <wb> C30 C0 C36 C19 C0 C31 C0 C22 C0 <wb> C17 C0 C16 C37 C0 <wb> C34 C0 C19 C0 C16 <wb> C13 C0 C38 C0 C1 <wb> C0 C24 C0 C11 <wb> C3 C0 C5 C0 C16 <wb> C13 C0 C38 C0 C1 <wb> C15 C0 C32 C0 C1
gujarati_female_005848|C4 C0 C36 C17 C0 <wb> C19 C0 C1 C38 C0 C22 C0 <wb> C22 C0 C1 C34 C0 C11 <wb> C6 C0 C26 C9 C0 C16 C24 C0 C11 <wb> C0 C22 C0 C7 C0 C1 C37 C0 C1 C7 C0 <wb> C1 C37 C0 C38 C0 C1 C23 <wb> C32 C0 C26 <wb> C11 C19 C0 <wb> C30 C0 C15 C0 C19 C0 C1 C29 C0 C38 C0 C19 C0 C29 C0 C32 C0 C1 C11 <wb> C11 C24 C0 C1 <wb> C37 C0 C16 C7 C0 C11 C31 C0 C22 C0 C1 C23 <wb> C37 C0 C30 C0 C32 C0 C1 <wb> C30 C0 C13 C0 C1 C24 C0 C26 <wb> C3 C0 C23 C13 C0 C21 C0 C26 <wb> C30 C0 C5 C0 C37 C0 C1 C38 C0 <wb> C32 C0 C11 <wb> C15 C0 C11 C32 C0 C36 C33 C0 C16 <wb> C0 C22 C0 C24 C0 C11 <wb> C11 C22 C0 <wb> C24 C0 C11 <wb> C11 C22 C0 <wb> C37 C0 C1 C28 C0 C29 C0 C37 C0 C1 <wb> C1 C28 C0 C16 <wb> C7 C0 C16 C8 C0 C26
gujarati_female_005850|C17 C0 C26 <wb> C3 C0 C21 C0 C1 C16 C24 C0 C9 C0 <wb> C33 C0 C11 C29 C0 C1 C28 C0 C16 C30 C0 C34 C0 C24 C0 C11 <wb> C17 C0 C1 C25 C0 C37 C0 C36 C23 <wb> C15 C0 C26 C38 C0 <wb> C19 C0 C11 <wb> C19 C0 C11 C34 C0 C21 C0 C1 <wb> C22 C0 C16 C24 C0 C16 C34 C0 C24 C0 C16 <wb> C34 C0 C29 C0 C16 C34 C0 C22 C0 C11 C24 C0 C34 C0 <wb> C33 C0 C16 <wb> C11 <wb> C22 C0 C1 C34 C0 C11 <wb> C16 C24 C0 C12 C0 C26 <wb> C3 C0 C34 C0 C24 C0 <wb> C7 C0 C3 C0 C1 C37 C0 C37 C0 C1 C33 C0 C16 <wb> C22 C0 C31 C0 C16 C24 C0 <wb> C37 C0 C26 C16 C30 C0 C22 C0 C1 C23 <wb> C28 C0 C26 C32 C0 C1 C24 C0 C36 C23 <wb> C12 C0 C16 C9 C0 C3 C0 C11 C19 C0 <wb> C1 C28 C0 C11 <wb> C6 C0 C11
gujarati_female_005853|C31 C1 C23 C32 C16 C24 C16 C19 C11 C32 C0 C24 C0 C24 C16 <wb> C11 C19 C0 <wb> C15 C26 C30 C34 C11 C21 C0 C22 C1 C23 <wb> C28 C0 C33 C1 C29 C16 C22 C1 C23 <wb> C28 C11 C31 C1 C3 C0 <wb> C19 C0 C29 C0 C16 <wb> C17 C0 C24 C1 C29 C16 <wb> C3 C1 C21 C0 C19 C16 C24 C11 <wb> C28 C11 C31 C1 C3 C0 C37 C1 C21 C16 <wb> C4 C0 C16 C24 C0 C16 <wb> C28 C0 C33 C0 C1 C29 C0 C16 <wb> C5 C1 C34 C0 C37 C1 <wb> C22 C0 C1 C34 C0 C11 <wb> C22 C0 C17 C0 C3 C36 C29 C0 <wb> C19 C0 C29 C0 C24 C0 C1 C29 C0 C16 <wb> C37 C26 C29 C9 C0 C24 C0 C24 C11 <wb> C19 C0 C9 C0 C19 C0 <wb> C30 C0 C17 C0 C1 <wb> C22 C0 C21 C0 C37 C0 C16 <wb> C17 C0 C26 C16 C11 <wb> C11 C22 C0 C1 C23 <wb> C19 C0 C26 C16 <wb> C3 C11 C22 C0 C32 C0 <wb> C24 C0 C33 C0 C16
gujarati_female_005870|C30 C0 C32 C0 C29 C0 C16 C26 C24 C0 C11 <wb> C29 C0 C26 C17 C0 C17 C0 C11 <wb> C14 C0 C29 C0 C24 C0 C1 C23 <wb> C3 C0 C8 C0 C1 C23 <wb> C17 C0 <wb> C19 C0 C1 C22 C0 <wb> C30 C0 C37 C0 C1 C29 C0 C11 <wb> C3 C0 C8 C0 C1 C23 C33 C0 C16 <wb> C37 C0 C15 C0 C11 C21 C0 C1 <wb> C36 C35 C0 C16 <wb> C29 C0 C1 C32 C0 C29 C0 C11 <wb> C30 C0 C36 C32 C0 C1 <wb> C30 C0 C36 C8 C0 C16 <wb> C30 C0 C32 C0 C32 C0 <wb> C0 C33 C0 C1 C13 C0 <wb> C28 C0 C29 C0 C16 C31 C0 C29 C0 C22 C0 <wb> C19 C0 C29 C0 C16 C24 C0 C11 <wb> C19 C0 C38 C0 C1 C29 C0 C11 C19 C0 <wb> C19 C0 C23 C34 C0 C1 C21 C0 C26 <wb> C19 C0 C11 <wb> C13 C0 C36 C30 C0 C30 C0 C26 <wb> C1 C37 C0 C11 <wb> C6 C0 C11
gujarati_female_005883|C24 C0 C38 C0 C36 C19 C0 C21 C0 C16 C38 C0 C29 C0 <wb> C28 C0 C1 C37 C0 C29 C0 <wb> C28 C0 C21 C0 C1 C24 C0 C34 C0 C24 C0 C1 <wb> C1 <wb> C17 C0 C26 C20 C0 C22 C0 <wb> C8 C0 C38 C0 C1 C24 C0 C22 C0 C1 C23 <wb> C29 C0 C1 C20 C0 C16 C24 C0 C11 <wb> C32 C0 C29 C0 C25 C0 <wb> C37 C0 C29 C0 C31 C0 <wb> C28 C0 C15 C0 C11 C21 C0 C1 C23 <wb> C24 C0 C11 C31 C0 C24 C0 C21 C0 <wb> C9 C0 C16 C18 C0 C1 C30 C0 C34 C0 C29 C0 <wb> C22 C0 C11 C24 C0 C11 C17 C0 C22 C0 C11 C24 C0 C34 C0 <wb> C26 C33 C0 C26 C29 C0 C16 C34 C0 C16 <wb> C11 C24 C0 C9 C0 C16 C11 C22 C0 C11 <wb> C24 C0 C16 <wb> C29 C0 C5 C0 C24 C0 C1 <wb> C19 C0 C29 C0 C37 C0 C1 C22 C0 C1 C23 <wb> C1 C37 C0 C16 <wb> C15 C0 C32 C0 C16
gujarati_female_005888|C11 C19 C0 <wb> C30 C0 C1 C22 C0 C1 C24 C0 C38 C0 <wb> C22 C0 C1 C24 C0 C38 C0 C32 C0 C1 <wb> C11 C37 C0 C16 <wb> C28 C0 C25 C0 <wb> C5 C0 C1 C21 C0 C16 <wb> C1 C37 C0 C11 <wb> C6 C0 C11 <wb> C19 C0 C11 <wb> C3 C0 C1 C21 C0 C19 C0 C26 <wb> C30 C0 C1 C29 C0 C16 <wb> C29 C0 C16 C32 C0 C11 <wb> C0 C4 C0 C38 C0 C1 C30 C0 <wb> C19 C0 C29 C0 C11 <wb> C32 C0 C11 C24 C0 C11 <wb> C22 C0 C1 C34 C0 C11 <wb> C32 C0 C11 C22 C0 C24 C0 C11 <wb> C31 C0 C1 C29 C0 C16 C29 C0 C16 C19 C0 <wb> C30 C0 C17 C0 C1 <wb> C12 C0 C34 C0 C19 C0 C1 C29 C0 C37 C0 C16 <wb> C19 C0 C11 <wb> C32 C0 C11 C22 C0 C24 C0 C16 <wb> C28 C0 C1 C30 C0 C11 <wb> C8 C0 C1 C19 C0 <wb> C8 C0 C22 C0 C19 C0 C16 C33 C0 C16 <wb> C19 C0 C1 C22 C0 <wb> C21 C0 C11 C37 C0 C36 C23 <wb> C17 C0 C29 C0 C36 C29 C0 C16 <wb> C6 C0 C11
gujarati_female_005890|C31 C0 C15 C0 C11 C29 C0 C24 C0 C1 <wb> C13 C0 C29 C0 C16 C3 C0 <wb> C19 C0 C16 C31 C0 C26 C29 C0 C26 <wb> C38 C0 C36 C37 C0 C1 C24 C0 C26 <wb> C17 C0 C11 <wb> C20 C0 C1 C24 C0 C13 C0 C16 <wb> C19 C0 C29 C0 C16 C19 C0 C11 C34 C0 <wb> C11 C19 C0 C11 C9 C0 C11 C22 C0 C16 C22 C0 C1 C23 <wb> C17 C0 C16 <wb> C31 C0 C19 C0 C32 C0 C1 <wb> C24 C0 C33 C0 C16 <wb> C32 C0 C11 C26 C24 C0 C11 <wb> C3 C0 C16 C30 C0 C16 C11 <wb> C32 C0 C7 C0 C7 C0 C24 C0 <wb> C22 C0 C1 C22 C0 C36 C21 C0 C16 <wb> C29 C0 C19 C0 C22 C0 C11 <wb> C21 C0 C16 C24 C0 C11 <wb> C19 C0 C26 C5 C0 C16 C23 C13 C0 <wb> C1 C28 C0 C31 C0 C11
gujarati_female_005892|C0 C22 C0 C11 C29 C0 C16 C19 C0 C1 C24 C0 C1 <wb> C4 C0 C36 C32 C0 C28 C0 C36 C29 C0 C37 C0 <wb> C30 C0 C23 C29 C0 C19 C0 C31 C0 C25 C0 <wb> C24 C0 C16 C31 C0 C25 C0 C1 C32 C0 C26 <wb> C24 C0 C1 <wb> C17 C0 C25 C0 C1 C37 C0 C38 C0 C1 <wb> C28 C0 C29 C0 C22 C0 C1 C25 C0 C11 <wb> C32 C0 C11 <wb> C15 C0 C11 C21 C0 C16 C19 C0 C26 C28 C0 C34 C0 C29 C0 C26 <wb> C30 C0 C16 C29 C0 C19 C0 C26 C30 C0 C19 C0 C16 <wb> C11 C5 C0 <wb> C30 C0 C1 C15 C0 C16 C23 C35 C0 <wb> C3 C0 C21 C0 C11 C19 C0 <wb> C15 C0 C26 C19 C0 <wb> C24 C0 C1 C22 C0 C24 C0 C1 <wb> C15 C0 C11 C21 C0 C16 C19 C0 C26 C28 C0 C34 C0 C29 C0 C24 C0 C36 C23 <wb> C30 C0 C36 C8 C0 C1 C29 C0 C1 <wb> C37 C0 C8 C0 C1 C29 C0 C1 <wb> C19 C0 C29 C0 C11 C21 C0 C36 C23 <wb> C29 C0 C36 C28 C0 <wb> C15 C0 C32 C0 C36 C23
gujarati_female_005894|C24 C0 C1 C25 C0 C1 <wb> C22 C0 C23 C32 C0 C29 C0 C16 <wb> C28 C0 C29 C0 C25 C0 C37 C0 <wb> C22 C0 C36 C20 C0 C29 C0 C17 C0 C16 C11 <wb> C1 C17 C0 C11 <wb> C21 C0 C26 C19 C0 C30 C0 C4 C0 C1 C22 C0 C1 C23 <wb> C29 C0 C17 C0 C36 <wb> C19 C0 C29 C0 C11 C21 C0 C1 <wb> C3 C0 C11 <wb> C15 C0 C17 C0 C1 C29 C0 <wb> C0 C13 C0 C38 C0 C1 C29 C0 <wb> C3 C0 C1 C29 C0 <wb> C24 C0 C1 <wb> C37 C0 C29 C0 C31 C0 C24 C0 C1 <wb> C19 C0 C11 C24 C0 C7 C0 C29 C0 C16 C38 C0 <wb> C0 C23 C7 C0 C1 C17 C0 C28 C0 C32 C0 C29 C0 C22 C0 C1 C23 <wb> C37 C0 C8 C0 C36 <wb> C28 C0 C23 C7 C0 C29 C0 <wb> C22 C0 C11 C13 C0 C1 <wb> C12 C0 C36 C9 C0 <wb> C28 C0 C1 C29 C0 C19 C0 <wb> C30 C0 C33 C0 C1 C28 C0 C37 C0 C1 C24 C0 C16 <wb> C7 C0 C29 C0 C20 C0 C1 C30 C0 C32 C0 <wb> C19 C0 C29 C0 C16 <wb> C6 C0 C11
gujarati_female_005904|C28 C0 C29 C0 C33 C0 C22 C0 <wb> C32 C0 C26 <wb> C32 C0 C11 C22 C0 C25 C0 C11 <wb> C32 C0 C1 C29 C0 C37 C0 C38 C0 C36 C23 <wb> C19 C0 C11 <wb> C1 C29 C0 C19 C0 C16 C26 <wb> C26 C28 C0 C34 C0 C11 C29 C0 C16 C19 C0 C30 C0 <wb> C0 C24 C0 C11 <wb> C32 C0 C1 C17 C0 C11 C32 C0 C29 C0 C22 C0 C1 C23 <wb> C17 C0 C11 C24 C0 C1 <wb> C17 C0 C16 C37 C0 C1 C31 C0 C22 C0 C26 <wb> C22 C0 C21 C0 C16 <wb> C1 C37 C0 C11 C21 C0 <wb> C6 C0 C11 <wb> C32 C0 C11 <wb> C18 C0 C16 C1 C26 C24 C0 C34 C0 C16 C17 C0 C16 C24 C0 C16 C1 <wb> C37 C0 C5 C0 C5 C0 C11 <wb> C1 C23 C20 C0 C11 <wb> C36 C9 C0 C16 C24 C0 C11 <wb> C37 C0 C21 C0 C13 C0 C11 <wb> C32 C0 C11 C37 C0 C16 <wb> C30 C0 C22 C0 C29 C0 C36 C28 C0 C32 C0 C1 <wb> C6 C0 C11
gujarati_female_005909|C28 C0 C29 C0 C11 C32 C0 C1 C32 C0 C22 C0 C1 C31 C0 C19 C0 C32 C0 C16 C24 C0 C1 <wb> C0 C30 C0 C32 C0 C16 C32 C0 C37 C0 C24 C0 C1 <wb> C28 C0 C29 C0 C38 C0 C26 C13 C0 C26 C24 C0 C16 <wb> C19 C0 C30 C0 C26 C34 C0 C16 <wb> C19 C0 C29 C0 C1 C16 <wb> C15 C0 C32 C0 C16 <wb> C11 <wb> C3 C0 C11 C35 C0 C19 C0 <wb> C7 C0 C29 C0 C22 C0 C16 C38 C0 C1 C24 C0 <wb> C21 C0 C1 C16 C34 C0 <wb> C37 C0 C29 C0 C32 C0 C22 C0 C1 C24 C0 C28 C0 C32 C0 C29 C0 C24 C0 C1 <wb> C28 C0 C29 C0 C32 C0 C16 C24 C0 C16 C8 C0 C16 <wb> C9 C0 C30 C0 C24 C0 <wb> C29 C0 C26 C17 C0 C29 C0 C30 C0 <wb> C28 C0 C25 C0 <wb> C15 C0 C1 C17 C0 C29 C0 <wb> C15 C0 C32 C0 C1
gujarati_female_005910|C16 C24 C0 C9 C0 C26 C24 C0 C11 C31 C0 C16 C38 C0 C24 C0 <wb> C26 C28 C0 C24 C0 <wb> C3 C0 C11 C9 C0 C22 C0 C16 C23 C13 C0 C34 C0 C24 C0 <wb> C34 C0 C36 C29 C0 C24 C0 C1 C22 C0 C11 C24 C0 C34 C0 C22 C0 C1 C23 <wb> C32 C0 C11 C25 C0 C11 <wb> C17 C0 C11 <wb> C12 C0 C26 C29 C0 C22 C0 <wb> C7 C0 C11 C20 C0 C1 C9 C0 C38 C0 C36 C23 <wb> C6 C0 C11 <wb> C32 C0 C11 <wb> C1 C13 C0 C21 C0 <wb> C28 C0 C25 C0 <wb> C17 C0 C21 C0 C37 C0 C1 C16 <wb> C29 C0 C15 C0 C38 C0 C36 C23 <wb> C32 C0 C26 <wb> C21 C0 C23 C9 C0 C24 C0 C22 C0 C1 C23 <wb> C32 C0 C11 <wb> C4 C0 C1 C29 C0 C32 C0 C24 C0 C11 <wb> C22 C0 C11 C9 C0 C21 C0 <wb> C0 C28 C0 C1 C37 C0 C37 C0 C1 <wb> C22 C0 C1 C34 C0 C11 <wb> C30 C0 C19 C0 C31 C0 C22 C0 <wb> C6 C0 C11
gujarati_female_005924|C28 C0 C29 C0 C23 C32 C0 C36 <wb> C22 C0 C36 C21 C0 <wb> C30 C0 C22 C0 C30 C0 C38 C0 C1 <wb> C28 C0 C1 C25 C0 C16 C24 C0 C1 <wb> C37 C0 C14 C0 C36 <wb> C36 C28 C0 C38 C0 C26 C13 C0 <wb> C24 C0 C16 <wb> C6 C0 C11 <wb> C0 C24 C0 C11 <wb> C32 C0 C11 <wb> C28 C0 C25 C0 <wb> C19 C0 C16 C30 C0 C1 C24 C0 C26 <wb> C7 C0 C37 C0 C1 C29 C0 C1 <wb> C33 C0 C32 C0 C1 <wb> C37 C0 C14 C0 C36 <wb> C36 C28 C0 C38 C0 C26 C13 C0 C24 C0 C16 <wb> C3 C0 C11 <wb> C15 C0 C17 C0 C1 C29 C0 <wb> C24 C0 C1 <wb> C37 C0 C29 C0 C31 C0 C22 C0 C1 C23 <wb> C7 C0 C11 C31 C0 C22 C0 C1 C23 <wb> C28 C0 C1 C25 C0 C16 C24 C0 C26 <wb> C24 C0 C11 C37 C0 C38 C0 C1 C30 C0 C16 <wb> C34 C0 C19 C0 C1 <wb> C37 C0 C28 C0 C29 C0 C1 C31 C0 <wb> C20 C0 C11 C32 C0 C16 <wb> C22 C0 C1 C34 C0 C11 <wb> C33 C0 C32 C0 C26 <wb> C15 C0 C32 C0 C26
gujarati_female_005927|C12 C0 C16 C21 C0 C22 C0 C24 C0 C36 C23 <wb> C30 C0 C23 C13 C0 C16 C32 C0 <wb> C32 C0 C26 <wb> C21 C0 C26 C24 C0 C5 C0 <wb> C33 C0 C38 C0 C1 C23 <wb> C3 C0 C1 C7 C0 <wb> C17 C0 <wb> C15 C0 C16 C34 C0 <wb> C33 C0 C16 <wb> C13 C0 C38 C0 C36 C23 <wb> C6 C0 C11 <wb> C32 C0 C11 C22 C0 C1 C23 C38 C0 <wb> C20 C0 C1 C30 C0 <wb> C19 C0 C29 C0 C16 C24 C0 C11 <wb> C12 C0 C16 C21 C0 C22 C0 C24 C0 C36 C23 <wb> C34 C0 C1 C16 C34 C0 C21 C0 <wb> C30 C0 C26 C23 C13 C0 <wb> C3 C0 C26 C21 C0 <wb> C3 C0 C5 C0 C5 C0 C24 C0 <wb> C22 C0 C1 C23 <wb> C0 C22 C0 C16 C32 C0 C1 C4 C0 <wb> C3 C0 C5 C0 C5 C0 C24 C0 C11 <wb> C22 C0 C15 C0 C11 C22 C0 C1 C24 C0 <wb> C19 C0 C21 C0 C1 C19 C0 C1 C29 C0 <wb> C32 C0 C29 C0 C16 C19 C0 C11 <wb> C15 C0 C1 C17 C0 C29 C0 C16 <wb> C1 C28 C0 C16 <wb> C6 C0 C11
gujarati_female_005932|C1 <wb> C7 C0 C36 C29 C0 C14 C0 C34 C0 C24 C0 C1 <wb> C28 C0 C6 C0 C16 <wb> C32 C0 C32 C0 C19 C0 C1 C21 C0 C16 C24 C0 <wb> C37 C0 C9 C0 C1 <wb> C28 C0 C29 C0 C8 C0 C1 C24 C0 <wb> C28 C0 C23 C9 C0 C16 C32 C0 <wb> C24 C0 C15 C0 C11 C29 C0 C36 C11 <wb> C34 C0 C16 C28 C0 C28 C0 C25 C0 <wb> C19 C0 C29 C0 C16 <wb> C15 C0 C32 C0 C16 <wb> C19 C0 C11 <wb> C24 C0 C11 C32 C0 C1 C26 C11 <wb> C19 C0 C36 C23 C4 C0 <wb> C22 C0 C11 C21 C0 C1 C24 C0 C16 <wb> C22 C0 C36 C21 C0 C1 C19 C0 C1 C32 C0 C11 <wb> C17 C0 C37 C0 C1 C24 C0 C26 <wb> C22 C0 C26 C15 C0 <wb> C34 C0 C1 C21 C0 C37 C0 C26 <wb> C17 C0 C26 C16 C11
gujarati_female_005935|C11 C19 C0 <wb> C22 C0 C26 C34 C0 C16 <wb> C5 C0 C21 C0 C37 C0 C21 C0 C24 C0 C11 <wb> C21 C0 C26 C19 C0 C28 C0 C1 C21 C0 <wb> C24 C0 C1 C22 C0 C24 C0 C16 <wb> C19 C0 C1 C24 C0 C36 C24 C0 C16 <wb> C14 C0 C34 C0 C24 C0 C1 C22 C0 C1 C23 <wb> C1 <wb> C15 C0 C7 C0 C11 <wb> C13 C0 C23 C35 C0 C1 C37 C0 C1 <wb> C7 C0 C16 C11 <wb> C0 C24 C0 C11 <wb> C11 C24 C0 C11 <wb> C29 C0 C1 C17 C0 C19 C0 C16 C38 C0 <wb> C15 C0 C1 C33 C0 C26 <wb> C3 C0 C24 C0 C37 C0 C1 <wb> C7 C0 C16 C11 <wb> C32 C0 C26 <wb> C3 C0 C11 <wb> C15 C0 C17 C0 C1 C29 C0 <wb> C3 C0 C1 C29 C0 <wb> C24 C0 C36 C23 <wb> C37 C0 C29 C0 C31 C0 <wb> C36 C25 C0 C36 C23 C0 C21 C0 C36 C25 C0 C36 C23 <wb> C3 C0 C24 C0 C16 <wb> C29 C0 C15 C0 C11 C31 C0 C11
gujarati_female_005937|C28 C0 C29 C38 C1 C38 C0 <wb> C29 C36 C28 C11 <wb> C16 C33 C11 C24 C26 C21 C0 C24 C26 <wb> C36 C28 C0 C38 C0 C26 C13 C0 <wb> C33 C0 C16 <wb> C31 C0 C19 C0 C11 <wb> C28 C0 C29 C0 C23 C32 C0 C36 <wb> C28 C0 C11 C34 C0 C29 C0 C26 C21 C0 C16 C38 C0 C22 C0 C24 C0 C16 <wb> C21 C1 C16 C24 C0 C22 C1 C23 C33 C16 <wb> C32 C0 C11 <wb> C28 C0 C30 C0 C1 C29 C0 <wb> C33 C0 C16 <wb> C31 C0 C19 C0 C32 C0 C36 C23 <wb> C24 C0 C33 C0 C16 <wb> C19 C0 C1 C29 C0 C25 C0 <wb> C19 C0 C11 <wb> C21 C0 C26 <wb> C11 C24 C0 C29 C0 C17 C0 C16 <wb> C9 C11 C24 C30 C16 C34 C16 <wb> C8 C0 C29 C0 C1 C37 C0 C11 <wb> C6 C0 C11
gujarati_female_005945|C13 C0 C36 C21 C0 C1 C3 C0 C16 <wb> C29 C0 C23 C13 C0 C24 C0 C16 <wb> C30 C0 C1 C37 C0 <wb> C1 C6 C0 C16 <wb> C18 C0 C1 C23 C38 C0 C37 C0 C1 C21 C0 C1 <wb> C31 C0 C36 C4 C0 C29 C0 C33 C0 C16 <wb> C22 C0 C1 C23 C9 C0 C16 C24 C0 C11 <wb> C14 C0 C1 C34 C0 C1 <wb> C13 C0 C36 C21 C0 C1 C3 C0 C16 <wb> C30 C0 C36 C8 C0 C16 C24 C0 C1 <wb> C29 C0 C23 C13 C0 <wb> C11 C24 C0 C16 <wb> C22 C0 C23 C17 C0 C29 C0 C16 C26 C22 C0 C1 C23 <wb> C11 C19 C0 C30 C0 C1 C33 C0 C11 <wb> C17 C0 C26 C37 C0 C1 <wb> C22 C0 C21 C0 C11 <wb> C11 <wb> C7 C0 C29 C0 C31 C0 C38 C0 <wb> C22 C0 C24 C0 C22 C0 C26 C15 C0 C19 C0 <wb> C15 C0 C26 C38 C0 <wb> C6 C0 C11
gujarati_female_005946|C3 C0 C11 <wb> C32 C0 C29 C0 C25 C0 <wb> C7 C0 C16 C37 C0 C30 C0 <wb> C30 C0 C36 C8 C0 C16 <wb> C4 C0 C1 C29 C0 C11 <wb> C37 C0 C29 C0 C30 C0 C1 C7 C0 <wb> C24 C0 C15 C0 C16 C23 <wb> C33 C0 C1 C38 C0 <wb> C0 C29 C0 C3 C0 C16 <wb> C30 C0 C22 C0 C36 C7 C0 C29 C0 C22 C0 C1 C23 <wb> C22 C0 C26 C24 C0 C30 C0 C36 C24 C0 <wb> C19 C0 C29 C0 C23 C34 C0 <wb> C0 C24 C0 C11 <wb> C30 C0 C1 C38 C0 C19 C0 C21 C0 C26 C24 C0 C16 C19 C0 <wb> C30 C0 C16 C30 C0 C34 C0 C22 C0 <wb> C29 C0 C12 C0 C11 C7 C0 C12 C0 C11 <wb> C15 C0 C1 C21 C0 C22 C0 C1 C23 <wb> C19 C0 C26 C16 <wb> C22 C0 C26 C24 C0 C30 C0 C36 C24 C0 <wb> C30 C0 C16 C30 C0 C34 C0 C22 C0 <wb> C28 C0 C25 C0 <wb> C9 C0 C11 C37 C0 C21 C0 C28 C0 <wb> C33 C0 C16 <wb> C29 C0 C15 C0 C16 <wb> C24 C0 C33 C0 C16
gujarati_female_005955|C1 <wb> C0 C23 C13 C0 C11 <wb> C17 C0 C32 C0 C16 C24 C0 <wb> C31 C0 C1 C15 C0 <wb> C19 C0 C15 C0 C11 <wb> C6 C0 C11 <wb> C19 C0 C11 <wb> C17 C0 C26 <wb> C0 C17 C0 C1 C25 C0 C38 C0 C1 <wb> C22 C0 C1 C25 C0 C30 C0 C24 C0 C11 <wb> C1 <wb> C22 C0 C31 C0 C16 C24 C0 <wb> C26 C28 C0 C29 C0 C11 C34 C0 <wb> C19 C0 C29 C0 C37 C0 C36 C23 <wb> C15 C0 C26 C38 C0 <wb> C32 C0 C26 <wb> C32 C0 C11 <wb> C22 C0 C1 C34 C0 C11 <wb> C34 C0 C29 C0 C11 C24 C0 C16 C23 C13 C0 <wb> C22 C0 C26 C9 C0 C24 C0 C16 <wb> C30 C0 C36 C37 C0 C16 C8 C0 C1 <wb> C28 C0 C25 C0 <wb> C1 <wb> C9 C0 C16 C18 C0 C16 C34 C0 C21 C0 <wb> C22 C0 C31 C0 C16 C24 C0 C22 C0 C1 C23 <wb> C30 C0 C22 C0 C1 C37 C0 C37 C0 C1 C22 C0 C1 C23 <wb> C1 C37 C0 C16 <wb> C6 C0 C11
gujarati_female_005988|C3 C0 C11 C23 C13 C0 C19 C0 C26 C19 C0 C22 C0 C1 C23 <wb> C38 C0 C26 C17 C0 C1 C24 C0 C1 C29 C0 <wb> C29 C0 C26 C3 C0 C26 C19 C0 C26 C24 C0 <wb> C16 C24 C0 C34 C0 C29 C0 C24 C0 C11 C31 C0 C24 C0 C21 C0 <wb> C19 C0 C26 C22 C0 C28 C0 C16 C34 C0 C16 C31 C0 C24 C0 C22 C0 C1 C23 <wb> C24 C0 C16 C29 C0 C22 C0 C1 <wb> C16 C24 C0 C30 C0 C34 C0 C16 C34 C0 C38 C0 C36 C34 C0 <wb> C26 C12 C0 <wb> C34 C0 C11 C19 C0 C24 C0 C26 C21 C0 C26 C17 C0 C16 C24 C0 C1 <wb> C30 C0 C34 C0 C36 C9 C0 C24 C0 C34 C0 C30 C0 <wb> C7 C0 C11 C31 C0 <wb> C32 C0 C29 C0 C12 C0 C33 C0 C16 <wb> C4 C0 C1 C13 C0 <wb> C21 C0 C11 C31 C0 C11
gujarati_female_005993|C4 C0 C1 C13 C0 C37 C0 C32 C0 <wb> C19 C0 C33 C0 C1 <wb> C0 C24 C0 C36 C30 C0 C1 C29 C0 <wb> C4 C0 C13 C0 C37 C0 C1 C24 C0 <wb> C31 C0 C29 C0 C16 C19 C0 C31 C0 C25 C0 C24 C0 C11 <wb> C28 C0 C29 C0 C22 C0 C23 <wb> C3 C0 C29 C0 C15 C0 C22 C0 <wb> C30 C0 C37 C0 C29 C0 C36 C28 C0 C11 <wb> C3 C0 C11 <wb> C37 C0 C38 C0 C19 C0 C32 C0 C16 C11 <wb> C26 C21 C0 C20 C0 C38 C0 C1 <wb> C11 C19 C0 <wb> C22 C0 C1 C32 C0 C1 <wb> C19 C0 C36 C24 C0 C32 C0 C1 <wb> C24 C0 C11 <wb> C3 C0 C16 C17 C0 C1 <wb> C4 C0 C16 C31 C0 C22 C0 <wb> C28 C0 C16 C32 C0 C1 C22 C0 C15 C0
gujarati_female_005999|C3 C0 C29 C0 C15 C0 C22 C0 C1 C23 C9 C0 <wb> C28 C0 C36 C29 C0 C1 C25 C0 <wb> C37 C0 C16 C31 C0 C37 C0 C3 C0 C29 C0 C15 C0 C22 C0 C19 C0 C36 C21 C0 <wb> C0 C20 C0 C38 C0 C1 C24 C0 <wb> C30 C0 C19 C0 C24 C0 C7 C0 <wb> C28 C0 C36 C29 C0 C1 C25 C0 <wb> C28 C0 C29 C0 C4 C0 C1 C30 C0 C20 C0 C23 C9 C0 <wb> C37 C0 C31 C0 C16 C31 C0 C35 C0 <wb> C28 C0 C36 C29 C0 C1 C25 C0 C19 C0 C1 C23 C9 C0 <wb> C32 C0 C29 C0 C25 C0 <wb> C1 <wb> C13 C0 C29 C0 C23 C33 C0 C26 C22 C0 C1 C23 <wb> C32 C0 C11 C24 C0 C36 C23 <wb> C28 C0 C29 C0 C22 C0 C1 C25 C0 <wb> C17 C0 C26 C37 C0 C1 <wb> C22 C0 C21 C0 C11 <wb> C6 C0 C11
gujarati_female_006000|C36 C13 C0 C29 C0 C30 C0 C11 C24 C0 <wb> C13 C0 C10 C0 <wb> C20 C0 C11 C23 C13 C0 C1 C29 C0 <wb> C13 C0 C10 C0 <wb> C22 C0 C36 C30 C0 C32 C0 C12 C0 C1 C3 C0 C1 C7 C0 <wb> C19 C0 C16 C21 C0 C21 C0 C1 <wb> C11 <wb> C13 C0 C16 C29 C0 C24 C0 C1 C29 C0 <wb> C30 C0 C1 C29 C0 C37 C0 C4 C0 C27 C22 C0 <wb> C24 C0 C29 C0 C11 C24 C0 C7 C0 C29 C0 C28 C0 C36 C29 C0 <wb> C17 C0 C36 C24 C0 C1 C25 C0 C36 C23 <wb> C0 C24 C0 C11 <wb> C6 C0 C11 C21 C0 C21 C0 C11 <wb> C1 C37 C0 C38 C0 C36 C23 <wb> C17 C0 C36 C24 C0 C1 C13 C0 C10 C0
gujarati_female_006014|C15 C0 C16 C13 C0 C30 C0 <wb> C28 C0 C1 C29 C0 C34 C0 C16 C19 C0 C21 C0 <wb> C11 C34 C0 C21 C0 C11 <wb> C19 C0 C11 <wb> C15 C0 C16 C13 C0 C30 C0 <wb> C3 C0 C26 C30 C0 C26 C24 C0 <wb> C0 C29 C0 C33 C0 C1 C32 C0 <wb> C13 C0 C26 C9 C0 <wb> C28 C0 C1 C29 C0 C34 C0 C16 C19 C0 C21 C0 <wb> C37 C0 C16 C31 C0 C11 <wb> C26 C13 C0 C25 C0 C16 C30 C0 <wb> C30 C0 C26 <wb> C5 C0 C26 C30 C0 C35 C0 <wb> C22 C0 C1 C23 <wb> C3 C0 C29 C0 C16 C34 C0 C16 C31 C0 <wb> C37 C0 C16 C17 C0 C24 C0 C1 C24 C0 C16 <wb> C28 C0 C16 C34 C0 C29 C0 <wb> C15 C0 C16 C13 C0 C30 C0 <wb> C30 C0 C15 C0 C16 C32 C0 C24 C0 C1 <wb> C6 C0 <wb> C4 C0 C27 C32 C0 C16 C19 C0 C31 C0 C1 C30 C0 C32 C0 C29 C0 C16 C26 C11 <wb> C33 C0 C16 C38 C0 C29 C0 C16 <wb> C7 C0 C29 C0 C31 C0 C1 C37 C0 C16 <wb> C15 C0 C32 C0 C16
gujarati_female_006018|C13 C0 C25 C0 C16 C32 C0 C24 C0 C11 <wb> C1 C32 C0 C22 C0 C30 C0 C1 C32 C0 <wb> C19 C0 C29 C0 C24 C0 C1 C29 C0 <wb> C0 C8 C0 C38 C0 C1 C28 C0 C19 C0 <wb> C0 C24 C0 C24 C0 C1 C30 C0 C37 C0 C1 C22 C0 C16 <wb> C29 C0 C23 C13 C0 C24 C0 C1 C33 C0 <wb> C29 C0 C1 C37 C0 C24 C0 C36 C23 <wb> C30 C0 C26 C22 C0 C37 C0 C1 C29 C0 <wb> C32 C0 C1 C29 C0 C16 C20 C0 <wb> C0 C13 C0 C16 C38 C0 C1 C29 C0 <wb> C11 C28 C0 C29 C0 C16 C21 C0 <wb> C3 C0 C11 <wb> C15 C0 C17 C0 C1 C29 C0 <wb> C0 C13 C16 C38 C1 C29 C0 C24 C1 <wb> C29 C0 C26 C17 C0 <wb> C0 C37 C0 C30 C0 C1 C24 C0 <wb> C33 C0 C38 C0 C36 C23 <wb> C6 C0 C11
gujarati_female_006026|C17 C0 C23 C13 C0 C21 C0 C22 C0 C1 C23 <wb> C11 C24 C0 C11 <wb> C13 C0 C4 C0 C29 C0 C1 C16 C24 C0 C11 <wb> C4 C0 C1 C13 C0 C32 C0 C26 <wb> C17 C0 C26 C16 C24 C0 C11 <wb> C29 C0 C16 C23 C6 C0 C11 <wb> C11 C24 C0 C11 <wb> C29 C0 C26 C19 C0 C16 C24 C0 C11 <wb> C28 C0 C36 C6 C0 C38 C0 C36 C23 <wb> C37 C0 C1 C14 C0 <wb> C29 C0 C1 C17 C0 C1 <wb> C1 C17 C0 <wb> C1 C34 C0 C21 C0 C1 <wb> C18 C0 C9 C0 C28 C0 C33 C0 C16 <wb> C19 C0 C38 C0 C1 C23 <wb> C7 C0 C1 C37 C0 <wb> C22 C0 C1 C29 C0 C37 C0 C1 <wb> C24 C0 C16 C19 C0 C21 C0 C38 C0 C1 <wb> C6 C0 C26
gujarati_female_006029|C32 C0 C29 C0 C25 C0 <wb> C30 C0 C28 C0 C16 C9 C0 <wb> C34 C0 C29 C0 C1 C24 C0 C30 C0 C22 C0 C16 C31 C0 C24 C0 <wb> C6 C0 <wb> C30 C0 C16 C21 C0 C16 C24 C0 C9 C0 C29 C0 C37 C0 C1 C21 C0 C36 C23 <wb> C11 C24 C0 C17 C0 C16 C24 C0 <wb> C19 C0 C26 C16 C21 C0 <wb> C30 C0 C28 C0 C29 C0 C16 C23 C13 C0 <wb> C30 C0 C37 C0 C32 C0 C23 C32 C0 C29 C0 C32 C0 C1 C37 C0 C1 C21 C0 C16 <wb> C12 C0 C29 C0 C24 C0 C34 C0 <wb> C30 C0 C30 C0 C28 C0 C11 C24 C0 C31 C0 C24 C0
gujarati_female_006055|C3 C0 C11 <wb> C15 C0 C17 C0 C1 C29 C0 <wb> C7 C0 C30 C0 <wb> C22 C0 C1 C23 <wb> C30 C0 C16 C21 C0 C16 C19 C0 C26 C24 C0 <wb> C37 C11 C21 C16 C24 C1 <wb> C37 C11 C24 C5 C0 C29 C0 <wb> C19 C11 C28 C16 C34 C0 C21 C16 C30 C34 C0 <wb> C17 C0 C26 C24 C0 <wb> C9 C26 C11 C29 C0 C24 C16 <wb> C28 C0 C32 C0 C24 C0 C16 <wb> C11 C24 C0 <wb> C9 C26 C11 C29 C11 C11 <wb> C20 C1 C24 C0 C24 C16 <wb> C19 C0 C21 C28 C0 C24 C1 C31 C16 C21 C0 C32 C1 C33 C16 <wb> C28 C0 C29 C0 C4 C0 C1 C37 C0 C16 C32 C0 <wb> C33 C0 C16 C24 C0 C11 <wb> C11 C19 C0 <wb> C21 C0 C1 C20 C0 <wb> C9 C0 C26 C21 C0 C29 C0 C24 C0 C36 C23 <wb> C7 C0 C1 C24 C0 <wb> C1 C28 C0 C38 C0 C36 C23 <wb> C15 C0 C32 C0 C36 C23
gujarati_female_006102|C4 C0 C1 C29 C0 C32 C0 C24 C0 C16 <wb> C34 C0 C16 C22 C0 C22 C0 C1 C23 <wb> C17 C0 C11 C24 C0 C34 C0 C21 C0 C22 C0 C11 C24 C0 <wb> C32 C0 C29 C0 C16 C19 C0 C11 C24 C0 C16 <wb> C6 C0 C1 C28 C0 <wb> C8 C0 C29 C0 C1 C37 C0 C32 C0 C26 <wb> C29 C0 C1 C15 C0 C36 C21 C0 <wb> C7 C0 C29 C0 C37 C0 C16 C9 C0 <wb> C13 C0 C22 C0 C11 <wb> C32 C0 C11 C37 C0 C16 <wb> C22 C0 C36 C31 C0 C19 C0 C11 C21 C0 <wb> C28 C0 C29 C0 C16 C30 C0 C33 C0 C16 C32 C0 C16 C22 C0 C1 C23 <wb> C28 C0 C25 C0 <wb> C28 C0 C26 C32 C0 C1 C24 C0 C1 <wb> C22 C0 C13 C0 C17 C0 C24 C0 C16 <wb> C30 C0 C22 C0 C32 C0 C36 C21 C0 C1 <wb> C13 C0 C36 C22 C0 C1 C37 C0 C32 C0 C26 <wb> C24 C0 C15 C0 C26 C32 C0 C26
gujarati_female_006113|C24 C0 C16 C31 C0 C1 C21 C0 <wb> C28 C0 C1 C30 C0 C11 <wb> C1 C37 C0 C11 C21 C0 C16 <wb> C32 C0 C21 C0 C1 C37 C0 C9 C0 C16 C24 C0 C16 <wb> C28 C0 C1 C21 C0 <wb> C28 C0 C29 C0 <wb> C14 C0 C34 C0 C1 C34 C0 C26 C28 C0 <wb> C19 C0 C11 C29 C0 C9 C0 C1 C23 C22 C0 C1 C23 <wb> C30 C0 C23 C32 C0 C1 C16 C24 C0 C11 <wb> C1 C23 C3 C0 C26 <wb> C5 C0 C36 C30 C0 C37 C0 C1 C24 C0 C16 <wb> C22 C0 C17 C0 C1 C22 C0 C1 C23 <wb> C28 C0 C29 C0 C1 C29 C0 C33 C0 C24 C0 C1 C22 C0 C1 C23 <wb> C22 C0 C26 C9 C0 C1 <wb> C28 C0 C9 C0 C37 C0 C1 C24 C0 C16 <wb> C3 C0 C16 C19 C0 <wb> C4 C0 C36 C21 C0 C1 C16 <wb> C17 C0 C32 C0 C16
gujarati_female_006120|C24 C0 C37 C0 C29 C0 C1 C32 C0 C29 C0 C16 C24 C0 C1 <wb> C28 C0 C29 C0 C33 C0 C22 C0 <wb> C7 C0 C16 C37 C0 C30 C0 C11 <wb> C17 C0 C26 C8 C0 C28 C0 C36 C29 C0 C24 C0 C1 <wb> C28 C0 C29 C0 C30 C0 C16 C7 C0 C8 C0 <wb> C22 C0 C15 C0 C11 C29 C0 C1 C22 C0 C13 C0 C10 C0 <wb> C19 C0 C16 C21 C0 C21 C0 C1 C24 C0 C16 <wb> C22 C0 C36 C21 C0 C1 C19 C0 C1 C32 C0 C11 <wb> C1 C31 C0 C29 C0 C11 <wb> C28 C0 C5 C0 C5 C0 C16 C30 C0 <wb> C15 C0 C17 C0 C1 C29 C0 <wb> C4 C0 C19 C0 C32 C0 C26 <wb> C1 C37 C0 C38 C0 C1 <wb> C15 C0 C32 C0 C1
gujarati_female_006128|C32 C0 C29 C0 C25 C0 <wb> C37 C0 C1 C13 C0 C38 C0 C11 <wb> C22 C0 C15 C0 C1 C28 C0 C36 C17 C0 C1 <wb> C30 C0 C1 C32 C0 <wb> C37 C0 C1 C13 C0 C38 C0 C11 <wb> C28 C0 C29 C0 C1 C32 C0 C15 <wb> C1 C29 C0 C32 C0 C16 <wb> C1 C35 C0 <wb> C37 C0 C1 C13 C0 C38 C0 C11 <wb> C30 C0 C37 C0 C1 C21 C0 C19 C0 C31 C0 <wb> C3 C0 C16 C21 C0 C37 C0 <wb> C28 C0 C36 C17 C0 C1 <wb> C0 C13 C0 C16 C38 C0 C1 C29 C0 <wb> C37 C0 C1 C13 C0 C38 C0 C11 <wb> C22 C0 C15 C0 C1 C7 C0 C36 C13 C0 C8 C0 <wb> C0 C4 C0 C16 C31 C0 C11 C19 C0
gujarati_female_006129|C29 C0 C1 C31 C0 C34 C0 C29 C0 C13 C0 C16 C32 C0 C24 C0 C1 <wb> C30 C0 C29 C0 C17 C0 C19 C0 <wb> C29 C0 C37 C0 C16 C24 C0 C7 C0 C29 C0 C24 C0 C1 C33 C0 C24 C0 C11 <wb> C29 C0 C1 C31 C0 C34 C0 C29 C0 C37 C0 C1 C7 C0 C24 C0 C16 <wb> C17 C0 C11 <wb> C22 C0 C29 C0 C38 C0 C1 C7 C0 C1 C26 <wb> C30 C0 C22 C0 C17 C0 C1 C16 <wb> C15 C0 C32 C0 C16 <wb> C11 C24 C0 C1 <wb> C36 C17 C0 C1 C30 C0 C22 C0 C1 C23 <wb> C4 C0 C26 C21 C0 C1 C4 C0 C1 C16 C24 C0 C36 C23 <wb> C7 C0 C11 C31 C0 <wb> C0 C24 C0 C11 <wb> C13 C0 C36 C17 C0 C29 C0 C1 C32 C0 C24 C0 C1 <wb> C15 C0 C1 C21 C0 C24 C0 C1 <wb> C7 C0 C26 C29 C0 C22 C0 C1 C23 <wb> C19 C0 C11 C37 C0 C36 C23 C19 C0 <wb> C1 C19 C0 C21 C0 C24 C0 <wb> C15 C0 C31 C0 C11
gujarati_female_006130|C28 C0 C23 C7 C0 C29 C0 <wb> C37 C0 C29 C0 C31 C0 <wb> C28 C0 C15 C0 C11 C21 C0 C1 C23 <wb> C11 C19 C0 <wb> C17 C0 C16 C37 C0 C23 C32 C0 <wb> C17 C0 C1 C32 C0 C16 C24 C0 C1 C23 <wb> C30 C0 C17 C0 C16 C37 C0 <wb> C24 C0 C11 <wb> C12 C0 C21 C0 C36 C24 C0 C1 C23 <wb> C37 C0 C1 C38 C0 C29 C0 C30 C0 C24 C0 C26 <wb> C30 C0 C23 C28 C0 C36 C29 C0 C25 C0 <wb> C17 C0 C11 C24 C0 C26 C22 C0 <wb> C36 C19 C0 C11 C21 C0 C16 <wb> C24 C0 C1 C20 C0 C38 C0 C26 <wb> C15 C0 C32 C0 C26
gujarati_female_006140|C28 C0 C29 C0 C7 C0 C38 C0 C36 C22 C0 C24 C0 <wb> C20 C0 C1 C5 C0 C29 C0 <wb> C24 C0 C26 C23 C8 C0 C11 <wb> C6 C0 C11 <wb> C19 C0 C11 <wb> C22 C0 C15 C0 C1 C3 C0 C32 C0 C20 C0 C1 C24 C0 C17 C0 C16 <wb> C32 C0 C29 C0 C16 C17 C0 C1 C11 <wb> C19 C0 C9 C0 C19 C0 <wb> C15 C0 C1 C33 C0 C11 <wb> C19 C0 C1 C22 C0 <wb> C21 C0 C16 <wb> C15 C0 C16 C23 C7 C0 C36 <wb> C22 C0 C36 C30 C0 C21 C0 C16 C22 C0 <wb> C11 C19 C0 C32 C0 C1 <wb> C17 C0 C1 C21 C0 C37 C0 C16 <wb> C29 C0 C1 C20 C0 C37 C0 C1 C24 C0 C36 C23 <wb> C37 C0 C21 C0 C25 C0 <wb> C29 C0 C1 C20 C0 C38 C0 C36 C23 <wb> C15 C0 C32 C0 C36 C23
gujarati_female_006154|C30 C0 C23 C28 C0 C36 C29 C0 C25 C0 <wb> C22 C0 C11 C21 C0 C34 C0 C9 C0 C1 C36 C24 C0 <wb> C33 C0 C32 C0 C1 <wb> C0 C25 C0 C36 C4 C0 C35 C0 C35 C0 C16 C24 C0 C16 <wb> C30 C0 C34 C0 C16 C21 C0 C24 C0 C16 <wb> C7 C0 C16 C37 C0 C1 C21 C0 C26 <wb> C32 C0 C33 C0 C1 <wb> C0 C24 C0 C38 C0 <wb> C29 C0 C19 C0 C31 C0 C25 C0 C1 C32 C0 C22 C0 C19 C0 <wb> C1 C9 C0 C31 C0 C26 <wb> C28 C0 C25 C0 <wb> C32 C0 C36 C34 C0 C37 C0 C1 <wb> C22 C0 C1 C23 C9 C0 C11 <wb> C6 C0 C11
gujarati_female_006164|C0 C24 C0 C11 <wb> C29 C0 C25 C0 C3 C0 C16 C29 C0 C24 C0 C16 <wb> C12 C0 C16 C21 C0 C22 C0 <wb> C0 C17 C0 C3 C0 <wb> C28 C0 C29 C0 C11 C22 C0 <wb> C19 C0 C16 <wb> C13 C0 C18 C0 C3 C0 <wb> C19 C0 C15 C0 C1 C24 C0 C16 <wb> C24 C0 C16 <wb> C29 C0 C16 C21 C0 C16 C18 C0 <wb> C7 C0 C29 C0 C22 C0 C16 C38 C0 C1 C24 C0 <wb> C29 C0 C25 C0 C3 C0 C16 C29 C0 <wb> C30 C0 C21 C0 C22 C0 C1 C24 C0 C24 C0 C16 <wb> C11 C19 C0 <wb> C30 C0 C22 C0 C38 C0 C24 C0 C16 <wb> C28 C0 C29 C0 C11 C22 C0 C16 C19 C0 C1 <wb> C19 C0 C11 C34 C0 C29 C0 C16 C24 C0 C1 <wb> C19 C0 C2 C12 C0 C24 C0 C1 <wb> C28 C0 C29 C0 C11 C22 C0 C22 C0 C1 C23 <wb> C15 C0 C26 C37 C0 C1 C24 C0 C16 <wb> C28 C0 C25 C0 <wb> C11 C19 C0 <wb> C0 C12 C0 C37 C0 C1 <wb> C15 C0 C32 C0 C16
gujarati_female_006193|C24 C0 C11 C31 C0 C24 C0 C21 C0 <wb> C16 C24 C0 C30 C0 C34 C0 C16 C34 C0 C38 C0 C36 C34 C0 <wb> C26 C12 C0 <wb> C15 C0 C11 C21 C0 C33 C0 C24 C0 C1 C23 <wb> C17 C0 C11 C22 C0 C30 C0 <wb> C37 C0 C16 C23 C13 C0 C1 C29 C0 C9 C0 C24 C0 C11 <wb> C1 C23 C32 C0 C29 C0 C29 C0 C1 C31 C0 C34 C0 C29 C0 C16 C38 C0 <wb> C30 C0 C15 C0 C38 C0 C26 C13 C0 <wb> C22 C0 C11 C21 C0 C37 C0 C37 C0 C1 C24 C0 C36 C23 <wb> C31 C0 C29 C0 C36 <wb> C19 C0 C29 C0 C38 C0 C36 C23
gujarati_female_006200|C19 C0 C1 C29 C0 <wb> C9 C0 C16 C18 C0 C1 C16 C24 C0 C24 C0 C1 C23 <wb> C19 C0 C26 C24 C0 C30 C0 C11 C28 C0 C34 C0 C22 C0 C1 C23 <wb> C30 C0 C1 C32 C0 <wb> C7 C0 C1 C38 C0 C19 C0 C1 C22 C0 C1 C23 <wb> C19 C0 C11 C37 C0 C1 C23 <wb> C12 C0 C11 C29 C0 C12 C0 C1 C29 C0 C26 <wb> C33 C0 C38 C0 C1 C23 <wb> C6 C0 C11 <wb> C32 C0 C11 C24 C0 C36 C23 <wb> C32 C0 C11 <wb> C17 C0 C16 C37 C0 C32 C0 C36 C23 <wb> C17 C0 C1 C13 C0 C32 C0 C36 C23 <wb> C36 C7 C0 C1 C15 C0 C29 C0 C25 C0 <wb> C6 C0 C11
gujarati_female_006205|C19 C0 C30 C0 C32 C0 C36 C29 C0 C16 C29 C0 C23 C13 C0 C24 C0 C24 C0 C1 <wb> C37 C0 C9 C0 C28 C0 C25 C0 <wb> C24 C0 C16 C5 C0 C11 <wb> C28 C0 C29 C0 C26 C13 C0 C29 C0 C1 C22 C0 <wb> C29 C0 C16 C37 C0 C38 C0 C36 <wb> C0 C24 C0 C11 <wb> C30 C0 C34 C0 C29 C0 C11 C34 C0 C11 C17 C0 C16 <wb> C19 C0 C22 C0 C16 C34 C0 C16 <wb> C19 C0 C1 C29 C0 C38 C0 C19 C0 C29 C0 C22 C0 C24 C0 C16 <wb> C12 C0 C11 C29 C0 <wb> C37 C0 C16 C5 C0 C1 C29 C0 C25 C0 C1 <wb> C0 C24 C0 C11 <wb> C37 C0 C38 C0 C36 C15 C0 C29 C0 C5 C0 C24 C0 C1 <wb> C22 C0 C1 C34 C0 C11 C24 C0 C16 <wb> C30 C0 C22 C0 C16 C32 C0 C16 <wb> C29 C0 C5 C0 C16 <wb> C6 C0 C11
gujarati_female_006212|C17 C0 C26 <wb> C19 C0 C29 C0 C25 C0 <wb> C4 C0 C16 C31 C0 C22 C0 <wb> C28 C0 C16 C32 C0 C1 C22 C0 C15 C0 C24 C0 C1 <wb> C24 C0 C11 C32 C0 C32 C0 C37 C0 <wb> C15 C0 C11 C35 C0 C21 C0 <wb> C21 C0 C9 C0 C38 C0 C26 <wb> C15 C0 C26 C32 C0 <wb> C32 C0 C26 <wb> C22 C0 C15 C0 C1 C4 C0 C1 C29 C0 C32 C0 C24 C0 C1 <wb> C38 C0 C36 C7 C0 C8 C0 C24 C0 C26 <wb> C0 C23 C32 C0 <wb> C19 C0 C7 C0 C1 C5 C0 <wb> C17 C0 C36 C7 C0 C16 <wb> C29 C0 C16 C32 C0 C11 <wb> C28 C0 C25 C0 <wb> C1 C37 C38 C0 <wb> C15 C0 C26 C32 C0
gujarati_female_006214|C30 C0 C37 C0 C32 C0 C23 C32 C0 C29 C0 <wb> C12 C0 C16 C21 C0 C22 C0 C37 C0 C16 C32 C0 C29 C0 C19 C0 <wb> C30 C0 C36 C24 C0 C16 C21 C0 <wb> C37 C0 C1 C8 C0 C37 C0 C1 C24 C0 C1 <wb> C17 C0 C25 C0 C1 C37 C0 C38 C0 C1 <wb> C22 C0 C36 C17 C0 C3 C0 <wb> C37 C0 C29 C0 C31 C0 <wb> C3 C0 C11 <wb> C15 C0 C17 C0 C1 C29 C0 <wb> C7 C0 C30 C0 <wb> C24 C0 C16 <wb> C11 C19 C0 <wb> C30 C0 C26 <wb> C3 C0 C11 <wb> C12 C0 C16 C21 C0 C22 C0 C24 C0 C26 <wb> C19 C0 C36 C21 C0 <wb> C37 C0 C19 C0 C29 C0 C26 <wb> C5 C0 C27 C7 C0 <wb> C30 C0 C26 <wb> C24 C0 C11 <wb> C11 C19 C0 <wb> C19 C0 C29 C0 C26 C9 C0 <wb> C29 C0 C15 C0 C38 C0 C26 <wb> C6 C0 C11
gujarati_female_006217|C38 C0 C26 C19 C0 C26 C37 C0 C16 C5 C0 <wb> C3 C0 C16 C17 C0 C16 <wb> C37 C0 C20 C0 C32 C0 <wb> C26 C30 C0 C34 C0 C29 C0 C11 C21 C0 C16 C38 C0 C24 C0 <wb> C26 C28 C0 C24 C0 <wb> C5 C0 C11 C22 C0 C28 C0 C16 C38 C0 C24 C0 <wb> C22 C0 C29 C0 C11 <wb> C19 C0 C1 C29 C0 C19 C0 C16 C29 C0 C7 C0 C16 C24 C0 C16 <wb> C32 C0 C29 C0 C16 C17 C0 C16 <wb> C13 C0 C29 C0 C1 C24 C0 C9 C0 <wb> C30 C0 C21 C0 C11 C22 C0 C22 C0 C1 C23 <wb> C28 C0 C25 C0 <wb> C34 C0 C1 C16 C34 C0 C21 C0 C33 C0 C16 <wb> C37 C0 C23 C5 C0 C16 C32 C0
gujarati_female_006219|C28 C0 C29 C0 C23 C32 C0 C36 <wb> C1 <wb> C11 C37 C0 C26 <wb> C30 C0 C22 C0 C38 C0 C24 C0 C26 <wb> C13 C0 C1 C21 C0 C26 <wb> C15 C0 C32 C0 C26 <wb> C17 C0 C38 C0 C1 C29 C0 C11 <wb> C6 C0 C16 C6 C0 C29 C0 C1 <wb> C15 C0 C36 C23 C12 C0 C1 C21 C0 C1 <wb> C36 C31 C0 C25 C0 C19 C0 C34 C0 C16 C3 C0 C23 C8 C0 C24 C0 C1 <wb> C28 C0 C1 C25 C0 C16 C22 C0 C1 C23 <wb> C38 C0 C36 C29 C0 C26 C28 C0 <wb> C7 C0 C37 C0 C16 C28 C0 C30 C0 C22 C0 C36 C15 C0 <wb> C15 C0 C32 C0 C26
gujarati_female_006224|C24 C0 C26 C19 C0 C29 C0 C16 C38 C0 C1 C32 C0 C26 C24 C0 C1 C23 <wb> C36 C17 C0 C21 C0 C1 C23 <wb> C24 C0 C11 <wb> C24 C0 C37 C0 C1 C23 <wb> C19 C0 C28 C0 C9 C0 C1 C23 <wb> C14 C0 C11 C29 C0 <wb> C29 C0 C15 C0 C11 C24 C0 C1 C29 C0 C1 C23 <wb> C19 C0 C36 C32 C0 C36 C15 C0 C21 C0 C33 C0 C16 <wb> C17 C0 C26 C16 <wb> C29 C0 C15 C0 C11 <wb> C19 C0 C26 C19 C0 <wb> C4 C0 C1 C37 C0 <wb> C28 C0 C36 C6 C0 C11
gujarati_female_006243|C3 C0 C16 C17 C0 C11 <wb> C19 C0 C11 <wb> C32 C29 C16 C17 C11 <wb> C37 C0 C29 C0 C31 C0 C11 <wb> C32 C0 C11 C22 C0 C24 C0 C11 <wb> C37 C16 C31 C1 C20 C1 C28 C0 C34 C34 C0 C24 C0 C22 C0 <wb> C20 C0 C1 C32 C0 C11 C24 C0 C1 <wb> C1 C16 C11 C24 C0 C11 C30 C0 <wb> C37 C16 C18 C1 C13 C0 <wb> C24 C0 C1 C22 C0 C24 C0 C16 <wb> C34 C0 C29 C0 C11 C24 C0 C16 C23 C13 C0 <wb> C30 C19 C36 C21 C0 C22 C1 C23 <wb> C19 C11 C22 C28 C0 <wb> C28 C0 C29 C0 <wb> C17 C0 C37 C0 C1 C24 C0 C16 <wb> C32 C0 C19 C0 <wb> C22 C0 C21 C0 C11 <wb> C6 C0 C11
gujarati_female_006255|C30 C0 C11 C19 C0 C29 C0 C11 C34 C0 C29 C0 C16 <wb> C32 C0 C29 C0 C16 C19 C0 C11 <wb> C20 C0 C29 C36 C23 <wb> C19 C0 C15 C0 C16 C11 <wb> C32 C0 C26 <wb> C30 C0 C34 C0 C11 C24 C0 C26 C13 C0 C29 C0 C1 C12 C0 C29 C0 <wb> C32 C0 C29 C0 C16 C19 C0 C11 <wb> C12 C0 C29 C0 C17 C0 <wb> C3 C0 C17 C0 C1 C37 C0 C24 C0 C1 C29 C0 C16 <wb> C1 <wb> C38 C0 C36 C37 C0 C32 C0 C16 C24 C0 C1 <wb> C28 C0 C29 C0 C11 C22 C0 C22 C0 C1 C23 <wb> C28 C0 C9 C0 C16 C24 C0 C11 <wb> C28 C0 C6 C0 C16 <wb> C32 C0 C11 C24 C0 C16 <wb> C30 C0 C1 C33 C0 C11 <wb> C21 C0 C13 C0 C24 C0 <wb> C19 C0 C29 C0 C38 C0 C1 C23
gujarati_female_006265|C32 C0 C11 C24 C0 C26 <wb> C0 C29 C0 C33 C0 <wb> C11 <wb> C24 C0 C33 C0 C16 <wb> C19 C0 C11 <wb> C19 C0 C1 C29 C0 C3 C0 C26 C15 C0 C1 C16 C9 C0 C29 C0 C11 C34 C0 C24 C0 C11 <wb> C1 C9 C0 C11 C8 C0 C9 C0 <wb> C1 C15 C0 C1 C29 C0 C22 C0 C1 C23 <wb> C30 C0 C33 C0 C1 C24 C0 <wb> C1 C28 C0 C37 C0 C36 C23 <wb> C30 C0 C36 C28 C0 C1 C5 C0 C38 C0 <wb> C19 C0 C1 C29 C0 C3 C0 C26 C15 C0 C1 C16 C9 C0 C29 C0 C11 C34 C0 C24 C0 C36 C23 <wb> C29 C0 C36 C28 C0 C1 C23 C32 C0 C29 C0 <wb> C30 C0 C1 C7 C0 C16 <wb> C31 C0 C29 C0 C19 C0 C29 C0 C1 <wb> C29 C0 C28 C0 C11 <wb> C29 C0 C28 C0 C1 C23 C32 C0 C29 C0 <wb> C33 C0 C1 C38 C0 <wb> C6 C0 C11
gujarati_female_006269|C32 C0 C11 C24 C0 C1 <wb> C21 C0 C11 C3 C0 C26 C29 C0 C11 C34 C0 C29 C0 C16 <wb> C30 C0 C1 C38 C0 C24 C0 C34 C0 C16 C30 C0 C34 C0 <wb> C30 C0 C11 C21 C0 C30 C0 <wb> C26 C12 C0 C16 C30 C0 C29 C0 <wb> C19 C0 C26 C29 C0 C28 C0 C26 C29 C0 C11 C34 C0 <wb> C11 C19 C0 C18 C0 C16 C19 C0 C38 C0 C36 C34 C0 C16 C37 C0 <wb> C37 C0 C13 C0 C11 C29 C0 C11 C24 C0 C11 <wb> C7 C0 C26 C31 C0 C16 C32 C0 <wb> C35 C0 C11 C29 C0 C37 C0 C37 C0 C1 C22 C0 C1 C23 <wb> C24 C0 <wb> C1 C37 C0 C11 <wb> C32 C0 C26 <wb> C19 C0 C11 C30 C0 <wb> C19 C0 C29 C0 C37 C0 C1 C24 C0 C26 <wb> C12 C0 C1 C38 C0 C7 C0 C26 <wb> C17 C0 <wb> C33 C0 C32 C0 C26 <wb> C24 C0 C33 C0 C16
gujarati_female_006290|C15 C0 C22 C0 C25 C0 C1 C23 <wb> C22 C0 C1 C29 C0 C26 <wb> C37 C0 C1 C14 C0 <wb> C22 C0 C38 C0 C1 C36 C23 <wb> C19 C0 C29 C0 C32 C0 C26 C19 C0 <wb> C36 C4 C0 C26 <wb> C33 C0 C31 C0 C11 <wb> C24 C0 C11 <wb> C15 C0 C22 C0 C25 C0 C1 C23 <wb> C15 C0 C36 C23 <wb> C11 C24 C0 C11 <wb> C15 C0 C29 C0 C20 C0 C4 C0 C11 C29 C0 <wb> C32 C0 C11 C9 C0 C16 <wb> C21 C0 C16 C31 C0
gujarati_female_006292|C36 C5 C0 C5 C0 <wb> C3 C0 C38 C0 C36 C29 C0 C26 C19 C0 C29 C0 C11 C34 C0 C16 C19 C0 <wb> C37 C0 C38 C0 C37 C0 C30 C0 C33 C0 C1 C37 C0 C1 C21 C0 C1 <wb> C28 C0 C26 C29 C0 C34 C0 <wb> C22 C0 C11 C24 C0 C11 C17 C0 C22 C0 C11 C24 C0 C34 C0 C22 C0 C1 C23 <wb> C1 C37 C0 C16 <wb> C30 C0 C33 C0 C16 C32 C0 C16 C22 C0 C1 C23 <wb> C19 C0 C26 C16 <wb> C30 C0 C1 C22 C0 C1 C24 C0 C38 C0 <wb> C24 C0 C1 C13 C0 C29 C0 C16 C19 C0 C24 C0 C26 <wb> C17 C0 C16 C37 C0 <wb> C3 C0 C5 C0 C1 C37 C0 C37 C0 C1 C24 C0 C16 <wb> C19 C0 C1 C29 C0 C38 C0 C37 C0 C1 C15 C0 C16 <wb> C24 C0 C33 C0 C16 <wb> C33 C0 C32 C0 C16
gujarati_female_006293|C11 <wb> C3 C0 C1 C21 C0 C19 C0 <wb> C4 C0 C16 C9 C0 <wb> C0 C24 C0 C11 <wb> C14 C0 C26 C23 C14 C0 C1 C34 C0 <wb> C31 C0 C22 C0 C16 <wb> C17 C0 C1 C38 C0 <wb> C32 C0 C38 C0 C1 C29 C0 C11 <wb> C32 C0 C22 C0 C29 C0 C1 C23 C24 C0 C1 <wb> C32 C0 C29 C0 C22 C0 <wb> C32 C0 C29 C0 C22 C0 <wb> C37 C0 C5 C0 C5 C0 C11 C33 C0 C16 <wb> C29 C0 C36 C22 C0 C18 C0 C36 C22 C0 <wb> C19 C0 C29 C0 C32 C0 C26 <wb> C5 C0 C1 C21 C0 C38 C0 C26 <wb> C17 C0 C16 <wb> C12 C0 C29 C0 C16 <wb> C17 C0 C29 C0 C16 C38 C0 C1 C24 C0 <wb> C37 C0 C30 C0 C32 C0 C29 C0 C26 <wb> C28 C0 C15 C0 C11 C29 C0 C16 <wb> C21 C0 C11 C32 C0 C26 <wb> C15 C0 C31 C0 C11
gujarati_female_006301|C0 C20 C0 C3 C0 C1 C29 C0 C26 <wb> C30 C0 C1 C22 C0 C1 C38 C0 C19 C0 C26 C24 C0 C1 <wb> C37 C0 C1 C5 C0 C19 C0 C26 C11 <wb> C19 C0 C26 C22 C0 C24 C0 <wb> C37 C0 C11 C21 C0 C33 C0 <wb> C13 C0 C11 C22 C0 <wb> C30 C0 C16 <wb> C9 C0 C3 C0 C21 C0 C38 C0 C36 <wb> C17 C0 C16 <wb> C19 C0 C27 C4 C0 C1 C23 C9 C0 <wb> C24 C0 C16 <wb> C20 C0 C36 C3 C0 <wb> C24 C0 C16 C23 C7 C0 C1 <wb> C19 C0 C29 C0 C16
gujarati_female_006311|C1 C22 C0 <wb> C37 C0 C16 C5 C0 C1 C29 C0 C16 C24 C0 C11 <wb> C37 C0 C1 C14 C0 <wb> C22 C0 C24 C26 C22 C0 C24 C0 <wb> C9 C0 C29 C16 <wb> C13 C0 C38 C0 C26 <wb> C0 C24 C0 C11 <wb> C37 C0 C1 C37 C0 C1 C18 C0 C26 C9 C0 C1 C24 C0 C1 <wb> C22 C1 C29 C0 C33 C16 <wb> C3 C0 C5 C0 C37 C0 C1 <wb> C22 C0 C1 C34 C0 C11 <wb> C5 C0 C36 C28 C0 C5 C0 C1 C28 C0 <wb> C18 C1 C9 C16 C22 C1 C23 C33 C16 <wb> C24 C0 C16 C19 C0 C21 C0 C16 <wb> C14 C0 C11 C34 C0 C1 C23 <wb> C3 C0 C19 C0 C29 C1 C23 C22 C1 C23 <wb> C4 C0 C21 C0 C16 <wb> C13 C0 C38 C0 C26
gujarati_female_006314|C30 C0 C32 C0 C32 C0 C1 C37 C0 C1 C21 C0 C1 C26 C24 C0 C1 <wb> C17 C0 C25 C0 C1 C37 C0 C38 C0 C1 <wb> C22 C0 C36 C17 C0 C3 C0 <wb> C3 C0 C29 C0 C16 C30 C0 C3 C0 C11 C24 C0 <wb> C0 C24 C0 C11 <wb> C16 C28 C0 C30 C0 C37 C0 C16 C5 C0 <wb> C30 C0 C1 C22 C0 C11 <wb> C18 C0 C21 C0 C36 C23 C3 C0 C32 C0 C16 <wb> C28 C0 C36 C29 C0 C24 C0 C16 <wb> C22 C0 C15 C0 C1 C1 C12 C0 C32 C0 <wb> C26 C13 C0 C25 C0 C16 C30 C0 C30 C0 C26 <wb> C5 C0 C36 C22 C0 C3 C0 C26 C32 C0 C11 C29 C0 <wb> C24 C0 C16 <wb> C1 C12 C0 C32 C0 <wb> C19 C0 C29 C0 C32 C0 C1 C23 <wb> C37 C0 C8 C0 C36 <wb> C20 C0 C29 C0 C1 C3 C0 <wb> C6 C0 C11
gujarati_female_006316|C29 C0 C11 C13 C0 C16 C30 C0 C32 C0 C29 C0 C1 C29 C0 <wb> C11 <wb> C1 <wb> C22 C0 C1 C15 C0 C16 C32 C0 C16 <wb> C38 C0 C36 <wb> C1 C16 <wb> C9 C0 C16 <wb> C11 <wb> C1 C16 <wb> C24 C0 C1 <wb> C3 C0 C11 C23 C13 C0 C21 C0 C26 C29 C0 <wb> C20 C0 C1 C32 C0 C11 <wb> C1 C37 C0 C11 C21 C0 C1 <wb> C30 C0 C11 C24 C0 C34 C0 C29 C0 C21 C0 <wb> C1 C16 C9 C0 C11 C24 C0 C34 C0 C16 C34 C0 C16 C18 C0 <wb> C9 C0 C11 C34 C0 C1 <wb> C29 C0 C16 C28 C0 C26 C18 C0 C16 C34 C0 C29 C0 C16 <wb> C30 C0 C16 C1 C16 C9 C0 C16 C1 C29 C0 <wb> C24 C0 C11 <wb> C22 C0 C26 C19 C0 C21 C0 C16 <wb> C7 C0 C11 <wb> C6 C0 C11
gujarati_female_006327|C37 C0 C29 C21 C9 C0 C37 C1 C16 C9 C0 <wb> C37 C0 C11 C3 C0 <wb> C11 C34 C0 C21 C0 C11 <wb> C19 C0 C11 <wb> C9 C0 C3 C0 C21 C0 C38 C0 C36 <wb> C9 C0 C3 C0 C21 C0 C38 C0 C36 <wb> C9 C0 C3 C0 C21 C0 C38 C0 C36 <wb> C17 C0 C11 <wb> C16 C24 C34 C0 C29 C0 C24 C11 C34 C0 C22 C1 C23 <wb> C38 C36 C1 C29 C0 C11 C21 C0 <wb> C34 C0 C1 C16 C28 C0 <wb> C19 C0 C29 C0 C32 C0 C16 <wb> C37 C0 C20 C0 C32 C0 C11 <wb> C21 C0 C20 C1 C38 C0 <wb> C6 C0 C11
gujarati_female_006329|C28 C0 C21 C30 C1 C29 C0 C24 C1 <wb> C28 C0 C29 C0 C5 C0 C23 C9 C0 <wb> C13 C36 C29 C36 C32 C37 C0 C33 C16 <wb> C32 C0 C11 <wb> C7 C0 C21 C0 C7 C1 C29 C0 <wb> C32 C0 C1 C29 C0 C1 C24 C0 C36 C23 <wb> C7 C0 C29 C0 C37 C0 C38 C0 <wb> C20 C11 C23 C5 C1 C38 C0 <wb> C17 C0 C32 C0 C1 <wb> C17 C0 C11 <wb> C3 C0 C1 C19 C0 C16 <wb> C29 C0 C15 C0 C11 <wb> C32 C0 C11 <wb> C13 C0 C29 C0 C15 C0 <wb> C6 C0 C11
gujarati_female_006338|C28 C0 C5 C0 C1 C30 C0 <wb> C21 C0 C1 C20 C0 <wb> C38 C36 C18 C0 C29 C0 <wb> C28 C0 C29 C0 C32 C0 C16 C22 C0 C1 C30 C0 <wb> C30 C0 C26 C21 C0 <wb> C19 C0 C29 C0 C26 C9 C0 <wb> C37 C16 C9 C16 C38 C26 <wb> C3 C0 C11 <wb> C15 C0 C18 C0 C1 C29 C0 <wb> C6 C0 <wb> C33 C0 C16 <wb> C0 C32 C0 C38 C0 C1 C29 C0 <wb> C30 C0 C36 C8 C0 C16 C22 C0 C1 C23 <wb> C17 C26 C37 C1 C38 C1 <wb> C3 C0 C30 C0 C30 C0 C26 <wb> C5 C0 C26 C32 C0 C29 C0 C16 C30 C0 <wb> C7 C0 C11 C31 C0 C26 <wb> C0 C24 C0 C11 <wb> C19 C0 C31 C0 C11 C32 C0 C29 C0 C26 C22 C0 C1 C23 <wb> C20 C0 C1 C24 C0 <wb> C0 C19 C0 C1 C7 C0 C22 C0 C16 C24 C0 C26 <wb> C36 C28 C0 C38 C0 C26 C13 C0 <wb> C33 C0 C1 C38 C0 <wb> C6 C0 C11
gujarati_female_006345|C19 C0 C21 C0 C1 <wb> C28 C0 C1 C6 C0 C21 C0 <wb> C13 C0 C1 C23 C9 C0 C1 <wb> C33 C0 C38 C0 C11 C21 C0 C1 <wb> C1 C28 C0 C25 C0 C11 <wb> C19 C36 C7 C0 C29 C0 C32 C0 C24 C16 <wb> C22 C36 C23 C13 C16 <wb> C3 C11 C12 C16 C19 C0 C29 C16 C22 C1 C23 C33 C16 <wb> C19 C0 C23 C16 C19 C0 <wb> C28 C0 C1 C35 C0 <wb> C31 C16 C20 C0 C37 C26 <wb> C17 C0 C26 C16 C11
gujarati_female_006346|C4 C0 C1 C29 C0 C32 C0 C22 C0 C1 C23 <wb> C3 C0 C11 <wb> C15 C0 C18 C0 C1 C29 C0 <wb> C3 C0 C1 C37 C0 C16 C30 C0 <wb> C30 C0 C36 C8 C0 C16 C22 C0 C1 C23 <wb> C37 C0 C16 C30 C0 <wb> C15 C0 C18 C0 C1 C29 C0 <wb> C22 C11 C13 C1 C37 C26 C34 C0 <wb> C30 C27 C29 C0 <wb> C37 C0 C16 C7 C0 C38 C0 C36 C32 C0 <wb> C36 C29 C0 C17 C0 C1 <wb> C36 C32 C0 C28 C0 C24 C0 C24 C0 <wb> C19 C0 C29 C0 C16 <wb> C31 C0 C19 C0 C11 <wb> C6 C0 C11
gujarati_female_006349|C17 C0 C26 C19 C0 C11 <wb> C3 C0 C11 <wb> C15 C0 C18 C0 C1 C29 C0 <wb> C22 C0 C1 C23 <wb> C28 C29 C11 C30 C16 C9 C11 C24 C34 C0 <wb> C3 C0 C16 C21 C0 <wb> C19 C0 C21 C16 C24 C34 C0 C24 C11 <wb> C17 C0 C25 C0 C1 C37 C0 C16 <wb> C7 C0 C16 C8 C0 C36 C23 <wb> C19 C0 C11 <wb> C17 C0 C11 C24 C0 C26 C22 C0 <wb> C30 C19 C16 C37 C0 C24 C30 C0 <wb> C22 C0 C1 C34 C0 C11 <wb> C28 C0 C11 C34 C0 C24 C0 C34 C0 <wb> C1 C28 C0 C37 C0 C1 C22 C0 C1 C23 <wb> C24 C0 C15 C0 C16 C23 <wb> C1 C37 C0 C11
gujarati_female_006365|C29 C1 C37 C0 C30 C1 C15 C11 C3 C0 C24 C26 <wb> C17 C0 C24 C0 C22 C0 <wb> C32 C0 C1 C22 C0 C16 C21 C0 C24 C0 C1 C9 C0 C36 C24 C0 C1 <wb> C17 C0 C19 C0 <wb> C30 C0 C22 C36 C7 C29 C0 C22 <wb> C13 C0 C1 C22 C0 C22 C0 C1 C23 <wb> C32 C0 C29 C0 C11 C37 C0 C16 C30 C0 <wb> C22 C0 C16 <wb> C30 C0 C28 C0 C34 C0 C11 C22 C0 C3 C0 C29 C0 <wb> C26 C13 C0 C25 C0 C16 C30 C0 C26 <wb> C1 C35 C0 <wb> C24 C0 C1 <wb> C29 C0 C26 C17 C0 <wb> C33 C0 C38 C0 C26 <wb> C15 C0 C32 C0 C26
gujarati_female_006366|C3 C0 C24 C0 C24 C0 C11 <wb> C13 C26 C21 C1 C29 C33 C26 C24 C11 <wb> C0 C21 C0 C13 C0 <wb> C28 C1 C9 C0 C32 C16 <wb> C19 C0 C1 C21 C0 C28 C0 C24 C0 C16 C19 C0 <wb> C29 C0 C11 C20 C0 C1 <wb> C37 C16 C31 C36 C37 C0 C37 C29 C32 C0 <wb> C28 C0 C29 C0 <wb> C30 C36 C29 C38 C0 C24 C1 C23 <wb> C19 C0 C16 C29 C0 C25 C0 C26 <wb> C19 C1 C34 C0 C20 C36 C25 C11 <wb> C28 C0 C9 C0 C11 <wb> C6 C0 C11 <wb> C11 C34 C0 C21 C0 C11 <wb> C19 C0 C11 <wb> C21 C0 C23 C3 C0 <wb> C28 C0 C9 C0 C11 <wb> C6 C0 C11
gujarati_female_006372|C11 <wb> C7 C0 C16 C37 C0 C30 C0 C26 C22 C0 C1 C23 <wb> C24 C0 C16 C22 C0 C24 C0 <wb> C22 C0 C8 C38 C0 C22 C0 C37 C0 C29 C13 C0 C24 C1 <wb> C4 C0 C1 C29 C0 C32 C0 C16 C38 C0 <wb> C19 C36 C34 C36 C23 C3 C26 C22 C1 C23 <wb> C22 C11 C34 C29 C16 C19 C38 C36 C21 C11 C31 C0 C24 C0 <wb> C33 C0 C37 C0 C36 C23 <wb> C32 C0 C11 <wb> C28 C0 C25 C0 <wb> C14 C0 C25 C0 C36 C23 <wb> C31 C0 C16 C19 C0 C31 C0 C25 C0 <wb> C22 C0 C1 C24 C0 C37 C0 C1 C22 C0 C1 C23 <wb> C1 C37 C0 C32 C0 C36 C23 <wb> C15 C0 C32 C0 C36 C23
gujarati_female_006385|C20 C0 C13 C0 C26 C21 C0 <wb> C37 C0 C16 C17 C0 C24 C0 C1 C24 C0 C16 C26 C11 <wb> C32 C0 C1 C17 C0 C11 C32 C0 C29 C0 C22 C0 C1 C23 <wb> C11 C19 C0 <wb> C0 C7 C0 C4 C0 C36 C32 C0 <wb> C17 C0 C13 C0 C32 C0 <wb> C9 C1 C38 C0 C22 C0 C23 C9 C0 <wb> C28 C0 C21 C0 C11 C24 C0 C11 C34 C0 <wb> C31 C26 C8 C11 C21 C0
gujarati_female_006387|C31 C29 C1 C37 C0 C25 C0 <wb> C22 C0 C1 C30 C0 C24 C0 C1 <wb> C28 C0 C29 C0 C33 C0 C22 C0 <wb> C30 C0 C26 C22 C0 C37 C0 C1 C29 C0 <wb> C24 C0 C16 C22 C0 C16 C32 C0 C32 C0 C11 <wb> C1 C37 C0 C32 C0 C16 C19 C0 C1 C21 C0 C11 <wb> C17 C36 C24 C1 C14 C0 C10 C0 C24 C1 <wb> C4 C36 C32 C0 C24 C1 C33 C0 <wb> C4 C0 C37 C0 C24 C1 C33 C0 <wb> C0 C24 C0 C11 <wb> C37 C0 C30 C32 C29 C1 <wb> C28 C0 C33 C11 C31 C37 C0 C29 C0 C22 C1 C23 <wb> C22 C11 C21 C26 <wb> C4 C0 C29 C1 C31 C11
gujarati_female_006391|C30 C0 C5 C0 C16 C24 C0 <wb> C32 C0 C11 C23 C9 C0 C36 C21 C0 C19 C0 C29 C0 <wb> C34 C0 C11 C30 C0 C34 C0 C22 C0 C1 C23 <wb> C32 C0 C11 C29 C0 <wb> C15 C0 C18 C0 C1 C29 C0 <wb> C3 C0 C30 C0 C30 C0 C26 <wb> C0 C35 C38 C1 C31 C16 <wb> C0 C24 C0 C11 <wb> C37 C0 C24 C0 <wb> C9 C0 C11 <wb> C22 C0 C1 C23 <wb> C7 C0 C30 C0 <wb> C15 C0 C18 C0 C1 C29 C0 <wb> C1 C35 C0 C30 C0 C26 <wb> C24 C11 C37 C38 C1 C31 C16 <wb> C7 C0 C30 C0 <wb> C15 C0 C18 C0 C1 C29 C0 <wb> C29 C0 C24 C0 <wb> C28 C36 C29 C1 <wb> C19 C0 C29 C0 C38 C0 C1 <wb> C15 C0 C26 C38 C0 <wb> C32 C0 C11 C37 C0 C26 <wb> C11 C19 C0 <wb> C22 C0 C1 C32 C0 C29 C0 <wb> C4 C0 C1 C29 C0 C32 C0 C16 C38 C0 <wb> C20 C16 C21 C1 C9 C16 <wb> C6 C0 C11
gujarati_female_006392|C13 C0 C34 C0 C29 C0 <wb> C36 C4 C0 C29 C1 C16 <wb> C17 C0 C37 C0 C16 <wb> C32 C0 C11 C22 C0 C17 C0 <wb> C4 C0 C38 C0 C23 C19 C0 C29 C0 <wb> C34 C0 C29 C0 C1 C12 C0 C16 C19 C0 <wb> C17 C1 C22 C0 <wb> C17 C0 C11 C37 C0 C16 <wb> C30 C0 C22 C0 C30 C38 C1 C24 C26 <wb> C30 C0 C1 C22 C0 C24 C0 C26 <wb> C19 C0 C29 C0 C37 C0 C26 <wb> C28 C0 C9 C0 C31 C0 C11 <wb> C0 C24 C0 C11 <wb> C3 C0 C11 <wb> C15 C0 C18 C0 C1 C29 C0 <wb> C32 C0 C29 C0 C16 C30 C0 <wb> C30 C0 C36 C8 C0 C16 <wb> C28 C0 C29 C0 C16 C30 C0 C33 C0 C16 C32 C0 C16 <wb> C30 C0 C1 C37 C0 <wb> C37 C0 C25 C0 C30 C0 C16 <wb> C17 C0 C31 C0 C11
gujarati_female_006396|C5 C0 C16 C7 C0 C22 C0 C3 C0 C29 C0 C22 C0 C11 <wb> C3 C0 C36 C8 C0 C37 C0 C1 C29 C0 C11 <wb> C30 C0 C28 C0 C31 C0 C34 C0 C28 C0 C25 C0 C11 <wb> C19 C0 C15 C0 C16 <wb> C7 C0 C16 C8 C0 C36 C23 <wb> C6 C0 C11 <wb> C19 C0 C11 <wb> C22 C0 C36 C23 C3 C0 C16 C22 C0 C1 C23 <wb> C6 C0 C37 C0 C37 C0 C16 C30 C0 <wb> C24 C0 C37 C0 C11 C22 C0 C3 C0 C29 C0 C11 <wb> C33 C0 C38 C0 C11 C21 C0 C1 <wb> C1 C32 C0 C23 C19 C0 C37 C0 C1 C7 C0 C16 <wb> C15 C36 C22 C0 C21 C1 C22 C1 C23 <wb> C28 C1 C19 C16 C30 C32 C1 C24 C0 C24 C26 <wb> C15 C0 C1 C33 C0 <wb> C6 C0 C11
gujarati_female_006410|C1 C23 C32 C0 C29 C0 C29 C0 C1 C31 C0 C34 C0 C29 C0 C16 C38 C0 <wb> C37 C0 C24 C0 <wb> C9 C11 C24 C1 <wb> C16 C32 C16 C15 C1 C30 C0 C24 C16 <wb> C30 C0 C27 C28 C0 C29 C0 C33 C0 C22 C0 <wb> C37 C0 C16 C19 C0 C11 C34 C0 <wb> C18 C0 C9 C0 C28 C0 C37 C1 C24 C26 <wb> C29 C0 C11 C19 C0 C26 C29 C0 C9 C0 <wb> C26 C30 C0 C34 C0 C29 C0 C11 C21 C0 C16 C38 C0 C1 C24 C0 C1 <wb> C11 C21 C0 C24 C0 <wb> C12 C29 C26 C13 C16 <wb> C33 C26 C22 C30 C0 C24 C0 C24 C1 <wb> C24 C0 C1 C22 C0 C11 <wb> C24 C26 C23 C8 C1 C38 C0 C21 C26 <wb> C6 C0 C11
gujarati_female_006412|C28 C0 C29 C0 C16 C25 C0 C1 C22 C0 C11 <wb> C19 C0 C38 C0 C1 C29 C0 C11 C19 C0 <wb> C1 C14 C0 C38 C0 C1 C32 C0 C22 C0 C16 C19 C0 <wb> C17 C0 C13 C0 C32 C0 C22 C0 C1 C23 <wb> C37 C0 C38 C0 C37 C0 C15 C0 C1 C29 C0 <wb> C17 C0 C13 C0 C32 C0 C24 C11 <wb> C32 C36 C5 C6 C0 C32 C1 <wb> C19 C0 C11 <wb> C19 C31 C36 C7 C29 C0 C32 C1 C33 C16 <wb> C17 C0 C26 C37 C0 C1 C24 C0 C16 <wb> C37 C0 C32 C0 C32 C0 C16 <wb> C17 C0 C26 C37 C0 C1 <wb> C22 C0 C21 C0 C11 <wb> C6 C0 C11
gujarati_female_006415|C27 C29 C0 <wb> C1 C32 C22 C0 C30 C0 C22 C22 C1 C24 C0 <wb> C5 C1 C15 C16 C11 <wb> C17 C16 C30 C0 <wb> C19 C0 C16 <wb> C21 C0 C16 C19 C0 <wb> C15 C0 C22 C0 <wb> C9 C1 C21 C0 <wb> C29 C0 C15 C0 C11 <wb> C15 C0 C2 <wb> C15 C0 C22 C1 C29 C16 <wb> C17 C0 C22 C0 C16 C24 C0 <wb> C30 C0 C11 <wb> C15 C0 C34 C0 <wb> C17 C1 C26
gujarati_female_006416|C1 <wb> C38 C36 C7 C8 C0 C24 C11 <wb> C0 C34 C0 C19 C1 C37 C0 C37 C1 <wb> C22 C0 C1 C34 C0 C11 <wb> C31 C0 C16 C37 C0 C17 C0 C16 <wb> C0 C13 C24 C16 C22 C0 C15 C1 C21 C16 C23 C13 C0 <wb> C32 C0 C29 C0 C16 C19 C0 C11 <wb> C32 C0 C38 C0 C1 C23 <wb> C30 C0 C33 C0 C1 C28 C0 C16 C32 C0 <wb> C33 C0 C38 C0 C1 <wb> C32 C0 C11 C24 C0 C36 C23 <wb> C22 C0 C36 C21 C0 <wb> C28 C1 C32 C1 C21 C0 C33 C16 <wb> C28 C0 C25 C0 <wb> C24 C0 C16 C5 C0 C11 <wb> C6 C0 C11
gujarati_female_006440|C13 C0 C38 C0 C1 <wb> C37 C0 C29 C0 C31 C0 C11 <wb> C22 C0 C7 C29 C1 C30 C0 C22 C1 C23 <wb> C28 C0 C9 C11 C21 C0 <wb> C7 C36 C31 C19 C1 C21 C0 C22 C1 C23 <wb> C24 C16 C21 C0 C13 C16 C29 C16 C24 C1 <wb> C37 C29 C19 C31 C26 C24 C11 <wb> C17 C0 C37 C0 C1 C3 C0 C7 C0 C1 C29 C0 <wb> C13 C0 C25 C0 C37 C0 C1 C22 C0 C1 C23 <wb> C1 C37 C0 C38 C0 C1
gujarati_female_006453|C3 C0 C1 C21 C0 C28 C0 C25 C0 C22 C0 C1 C23 <wb> C5 C26 C19 C0 C21 C11 C34 C0 C24 C16 <wb> C7 C0 C36 C19 C0 C1 C24 C0 <wb> C19 C0 C11 <wb> C29 C0 C22 C0 C19 C0 C9 C1 C24 C1 <wb> C30 C34 C26 C29 C0 C24 C26 <wb> C22 C0 C1 C21 C0 C16 C19 C0 <wb> C3 C0 C24 C0 C37 C0 C1 <wb> C22 C0 C24 C0 <wb> C33 C0 C24 C0 C13 C0 C24 C0 C32 C36 C23 <wb> C15 C0 C26 C38 C0
gujarati_female_006463|C0 C38 C0 C26 C8 C0 C38 C0 C1 C22 C0 C1 C23 <wb> C29 C0 C1 C22 C0 C29 C0 C1 C17 C0 C38 C0 <wb> C30 C33 C0 C28 C1 C38 C36 C23 <wb> C0 C24 C0 C11 <wb> C26 C5 C16 C23 C32 C26 <wb> C30 C16 C32 C1 C32 C38 C1 C13 C0 C24 C26 <wb> C28 C0 C29 C0 C30 C0 C23 C13 C0 <wb> C36 C28 C0 C30 C0 C33 C0 C16 C32 C0 <wb> C33 C0 C38 C0 C26
gujarati_female_006469|C28 C29 C27 C10 C1 C37 C0 C30 C33 C1 <wb> C11 C19 C0 <wb> C30 C0 C28 C0 C32 C0 C1 C15 C0 C24 C0 C16 <wb> C29 C0 C1 C20 C0 C16 <wb> C0 C24 C0 C11 <wb> C37 C29 C7 C8 C1 C37 C0 C30 C33 C1 <wb> C32 C0 C26 <wb> C22 C0 C11 C23 <wb> C0 C10 C0 C16 <wb> C19 C0 C21 C1 C19 C0 C17 C0 <wb> C37 C11 C35 C16 <wb> C6 C0 C11
gujarati_female_006475|C17 C0 C11 C22 C0 C1 C23 <wb> C21 C0 C26 C19 C0 C4 C0 C26 C13 C0 C38 C0 <wb> C30 C0 C1 C7 C0 C16 <wb> C30 C0 C29 C0 C21 C0 <wb> C4 C0 C1 C31 C0 C1 C22 C0 C1 C23 <wb> C16 C32 C0 C16 C15 C0 C1 C30 C0 <wb> C1 C20 C38 C1 C24 C0 <wb> C36 C28 C1 C20 C38 C1 C24 C0 <wb> C7 C0 C29 C0 C31 C0 C34 C0 C1 C23 C32 C0 <wb> C0 C24 C0 C11 <wb> C7 C0 C11 C37 C0 C16 <wb> C7 C11 C37 C0 C32 C1 C26 C24 C16 <wb> C19 C0 C33 C0 C1 <wb> C22 C0 C1 C15 C0 C16 C32 C0 C16 <wb> C17 C0 C26 C37 C0 C1 <wb> C22 C0 C21 C0 C11 <wb> C6 C0 C11
gujarati_female_006479|C7 C0 C16 C21 C0 C15 C0 C16 C22 C0 C1 C23 <wb> C1 C23 C3 C0 C11 C9 C0 C19 C0 C29 C0 <wb> C30 C0 C34 C0 C11 C9 C0 C16 C38 C0 C22 C0 <wb> C0 C24 C0 C11 <wb> C12 C0 C16 C29 C0 C26 C18 C0 C31 C0 C1 C15 C0 <wb> C19 C0 C26 C34 C0 C21 C0 C1 <wb> C22 C0 C11 C7 C0 C1 C24 C0 C22 C0 C1 C23 <wb> C7 C0 C1 C29 C0 C1 C30 C0 C16 C23 C15 C0 C24 C0 C16 <wb> C19 C36 C30 C32 C16 C24 C16 <wb> C34 C16 C19 C16 C34 C26 <wb> C22 C0 C1 C34 C0 C11 <wb> C22 C0 C1 C29 C0 C1 C22 C0 C1 C29 C0 C16 <wb> C28 C0 C25 C0 <wb> C33 C0 C32 C0 C16 <wb> C15 C0 C32 C0 C16
gujarati_female_006483|C11 <wb> C17 C0 C1 C25 C0 C11 <wb> C19 C0 C11 <wb> C3 C0 C11 <wb> C15 C0 C18 C0 C1 C29 C0 <wb> C3 C0 C1 C29 C0 <wb> C24 C0 C16 <wb> C28 C0 C29 C16 C38 C1 C37 C0 C29 C0 C25 C0 <wb> C5 C0 C16 C23 C32 C0 C1 <wb> C28 C0 C29 C0 <wb> C1 C23 C13 C0 C21 C0 C16 <wb> C22 C0 C36 C19 C0 C16 <wb> C6 C0 C11 <wb> C19 C0 C11 <wb> C19 C36 C7 C0 C29 C0 C32 C0 C22 C1 C23 C33 C16 <wb> C1 <wb> C3 C0 C8 C0 C36 C23 <wb> C17 C0 C2 C37 C0 C16 C19 C0 <wb> C37 C0 C2 C37 C0 C16 C8 C0 C38 C0 <wb> C24 C0 C31 C34 C0 <wb> C33 C0 C31 C0 C11
gujarati_female_006498|C29 C0 C1 C15 C0 C36 C21 C0 <wb> C7 C0 C29 C0 C37 C0 C16 C9 C0 C11 <wb> C28 C0 C26 C32 C0 C1 C24 C0 C1 <wb> C37 C0 C16 C7 C0 C1 C38 C0 <wb> C28 C29 C0 C37 C0 C5 C0 C24 C0 C22 C1 C23 <wb> C0 C32 C0 C38 C0 C23 C32 C0 <wb> C30 C0 C36 C5 C0 C19 C0 <wb> C10 C0 C3 C0 C11 <wb> C19 C0 C15 C0 C38 C0 C36 C23 <wb> C6 C0 C11 <wb> C19 C0 C11 <wb> C4 C0 C1 C29 C0 C32 C0 C24 C0 C1 <wb> C0 C24 C0 C38 C0 <wb> C19 C0 C26 C16 <wb> C28 C0 C25 C0 <wb> C6 C26 C19 C0 C29 C1 C24 C16 <wb> C17 C0 C11 C22 C0 <wb> C11 C19 C0 <wb> C30 C0 C22 C0 C38 C0 C11 <wb> C15 C0 C36 C23 <wb> C28 C0 C25 C0 <wb> C17 C0 C16 C37 C0 C32 C0 C26 <wb> C15 C0 C32 C0 C26
gujarati_female_006512|C32 C0 C11 <wb> C30 C0 C22 C0 C38 C0 C11 <wb> C11 C24 C0 C11 <wb> C28 C0 C19 C0 C9 C0 C37 C1 <wb> C28 C1 C23 C17 C0 C29 C1 <wb> C22 C36 C19 C1 C32 C1 C23 <wb> C31 C11 C29 C16 C24 C1 <wb> C19 C0 C36 C32 C0 C29 C0 C1 C24 C0 C11 <wb> C5 C16 C28 C16 C38 C1 C33 C16 <wb> C28 C0 C19 C0 C9 C0 C32 C1 <wb> C19 C0 C11 <wb> C18 C0 C11 C29 C0 C16 <wb> C21 C1 C9 C0 C37 C1 <wb> C20 C0 C37 C0 C9 C1 C37 C0 C32 C1 <wb> C15 C0 C32 C0 C1
gujarati_female_006518|C19 C0 C26 C16 <wb> C16 C22 C28 C29 C11 C31 C0 C24 C16 C30 C34 C0 <wb> C19 C0 C21 C1 C19 C1 C29 C11 <wb> C1 C6 C0 C1 <wb> C14 C0 C11 C29 C0 C1 <wb> C17 C1 C23 C3 C0 C21 C16 <wb> C29 C0 C23 C13 C0 C24 C0 C1 <wb> C24 C0 C1 C24 C0 C1 C22 C0 C26 C34 C0 C1 <wb> C28 C16 C23 C6 C16 <wb> C21 C16 C30 C26 C34 C1 <wb> C19 C0 C29 C0 C16 <wb> C19 C0 C29 C0 C16 C24 C0 C11 <wb> C37 C0 C19 C0 C31 C0 <wb> C5 C16 C32 C0 C29 C38 C36 C23 <wb> C15 C0 C26 C38 C0 <wb> C11 C37 C0 C36 C23 <wb> C21 C0 C1 C13 C0 C11 <wb> C6 C0 C11
gujarati_female_006524|C37 C0 C16 C31 C0 C37 C0 C24 C0 C1 <wb> C30 C0 C36 C28 C0 C29 C0 C30 C0 C16 C7 C0 C8 C0 <wb> C1 C29 C38 C0 C13 C29 C0 C23 C33 C0 <wb> C3 C29 C0 C22 C0 C15 C0 C30 C36 C32 C29 C0 <wb> C24 C0 C36 C23 <wb> C21 C0 C11 C20 C0 C24 C0 <wb> C37 C38 C1 C30 C0 C17 C16 C38 C11 <wb> C1 <wb> C7 C0 C16 C37 C0 C30 C0 C11 <wb> C31 C0 C29 C0 C36 <wb> C19 C0 C29 C0 C38 C0 C36 C23
gujarati_female_006527|C28 C0 C29 C0 C23 C32 C0 C36 <wb> C30 C0 C15 C0 C36 C33 C0 C16 <wb> C36 C32 C0 C32 C0 C22 C0 <wb> C22 C1 C14 C0 <wb> C22 C0 C1 C30 C0 C22 C0 C1 C23 <wb> C19 C0 C31 C0 C25 C0 <wb> C28 C0 C19 C0 C31 C0 C24 C0 C16 <wb> C5 C27 C7 C0 C31 C0 C24 C16 <wb> C29 C0 C1 C32 C0 C29 C0 C16 C24 C0 C36 C23 <wb> C22 C0 C15 C1 C31 C16 C37 C0 C29 C1 C32 C29 C16 <wb> C37 C0 C29 C0 C32 C0 <wb> C36 C32 C0 C32 C0 C22 C0 <wb> C37 C0 C29 C0 C32 C0 <wb> C19 C0 C15 C0 C11 <wb> C6 C0 C11
gujarati_female_006536|C0 C24 C0 C11 <wb> C1 <wb> C19 C0 C23 C16 <wb> C36 C23 C9 C26 <wb> C19 C0 C36 C37 C0 C26 <wb> C33 C0 C26 C9 C0 C26 <wb> C6 C0 C11 <wb> C6 C16 C6 C0 C29 C36 C23 <wb> C32 C0 C21 C1 C37 C0 <wb> C6 C0 C11 <wb> C11 C19 C0 <wb> C6 C0 C21 C1 C23 C13 C0 <wb> C22 C1 C29 C0 C31 C26 <wb> C24 C0 C11 <wb> C30 C0 C16 C8 C0 C1 <wb> C30 C0 C1 C22 C0 C11 <wb> C19 C0 C16 C24 C0 C1 C29 C0 C11 <wb> C32 C0 C22 C0 C1 C29 C0 C1 <wb> C17 C0 C11 C37 C0 C1 C24 C0 C11 <wb> C37 C0 C1 C29 C0 <wb> C19 C0 C11 C34 C0 C21 C0 C16
gujarati_female_006552|C17 C0 C26 <wb> C32 C0 C11 C26 <wb> C1 C22 C0 <wb> C24 C0 C15 C0 C16 C23 <wb> C19 C0 C29 C0 C16 <wb> C31 C0 C19 C0 C38 C0 C1 <wb> C32 C0 C26 <wb> C32 C0 C11 C22 C0 C24 C0 C26 <wb> C37 C0 C9 C0 C1 C28 C0 C29 C0 C8 C0 C1 C24 C0 <wb> C12 C0 C11 C30 C0 C3 C0 C36 C19 C0 <wb> C28 C0 C36 C29 C0 C32 C0 C26 <wb> C17 C0 <wb> C22 C0 C29 C0 C38 C0 C1 C7 C0 C16 C32 C0 <wb> C29 C0 C15 C0 C16 <wb> C17 C0 C31 C0 C11
gujarati_female_006560|C1 <wb> C9 C0 C16 C18 C0 C16 C34 C0 C21 C0 <wb> C22 C0 C31 C0 C16 C24 C0 C24 C0 C16 <wb> C9 C16 C18 C1 C16 C24 C0 <wb> C28 C21 C1 C24 C16 C23 C13 C0 <wb> C0 C24 C0 C11 <wb> C22 C11 C24 C38 C36 C12 C11 C19 C5 C0 C29 C16 C23 C13 C0 <wb> C19 C0 C29 C0 C37 C0 C1 <wb> C20 C0 C36 C3 C0 <wb> C30 C0 C22 C0 C38 C0 <wb> C21 C0 C1 C13 C0 C38 C0 C26 <wb> C6 C0 C11
gujarati_female_006561|C32 C0 C11 C22 C0 C1 C23 <wb> C0 C32 C0 C38 C0 C23 C32 C0 <wb> C24 C0 C16 C22 C0 C24 C0 <wb> C32 C0 C1 C28 C0 C22 C0 C1 C24 C0 <wb> C17 C1 C21 C0 C37 C0 C37 C1 C24 C36 C23 <wb> C15 C0 C26 C37 C0 C1 C33 C0 C16 <wb> C36 C31 C22 C1 <wb> C0 C37 C1 C15 C0 C19 C0 <wb> C11 C34 C0 C21 C0 C11 <wb> C19 C0 C11 <wb> C33 C0 C29 C22 C0 C21 C0 <wb> C16 C24 C30 C38 C36 C21 C11 C31 C0 C24 C0 <wb> C14 C0 C25 C0 C26 <wb> C4 C0 C1 C13 C0 <wb> C4 C0 C17 C0 C37 C0 C11 <wb> C6 C0 C11
gujarati_female_006577|C37 C0 C29 C0 C30 C0 C1 C7 C0 <wb> C20 C11 C23 C5 C1 C32 C1 C23 <wb> C20 C1 C23 C9 C0 C24 C26 <wb> C4 C0 C1 C37 C0 <wb> C29 C0 C36 C28 C0 C16 C38 C0 C1 <wb> C32 C0 C29 C0 C25 C0 <wb> C15 C0 C17 C0 C1 C29 C0 <wb> C28 C1 C24 C0 C30 C26 <wb> C28 C0 C5 C1 C30 C0 C24 C16 <wb> C29 C0 C11 C19 C0 C26 C29 C0 C9 C0 <wb> C34 C0 C26 C5 C0 C11 <wb> C11 C19 C0 <wb> C17 C0 <wb> C7 C0 C16 C37 C0 C30 C0 C22 C0 C1 C23 <wb> C19 C37 C16 C24 C34 C0 C21 C11 <wb> C29 C0 C36 C28 C0 C16 C38 C0 C1 <wb> C3 C0 C30 C0 C30 C0 C26 <wb> C37 C0 C8 C0 C38 C0 C1
gujarati_female_006583|C11 C19 C0 <wb> C37 C0 C20 C0 C32 C0 <wb> C17 C26 C9 C1 C25 C26 <wb> C19 C0 C28 C0 C1 C38 C0 <wb> C13 C0 C38 C0 C1 <wb> C11 C34 C0 C21 C0 C11 <wb> C17 C0 C16 <wb> C11 C30 C0 <wb> C11 C21 C0 <wb> C37 C0 C16 <wb> C11 C12 C0 <wb> C18 C0 C16 C29 C0 C26 <wb> C6 C0 <wb> C13 C0 C32 C0 C16 <wb> C28 C0 C33 C0 C22 C1 C23 <wb> C32 C0 C29 C0 C36 C34 C0 C16 C26 <wb> C30 C0 C29 C0 C17 C0 C1 C37 C0 C1 <wb> C21 C0 C1 C13 C0 C16 <wb> C0 C24 C0 C11 <wb> C36 C9 C1 C24 C0 <wb> C28 C0 C6 C0 C16 <wb> C32 C29 C11 C28 C0 C24 C0 <wb> C30 C11 C19 C0 C23 C9 C0 <wb> C22 C0 C1 C23 <wb> C17 C0 <wb> C37 C0 C16 C24 C0 C1 C31 C0 <wb> C30 C0 C29 C0 C17 C0 C1 C38 C0 C26
gujarati_female_006586|C17 C0 C24 C0 C22 C0 <wb> C30 C0 C22 C0 C38 C0 C11 <wb> C32 C0 C11 C26 <wb> C31 C0 C38 C0 C1 C22 C0 <wb> C37 C0 C29 C25 C0 C24 C1 <wb> C15 C0 C26 C37 C0 C1 C33 C0 C16 <wb> C19 C0 C31 C0 C25 C0 <wb> C0 C24 C0 C11 <wb> C38 C0 C22 C0 C36 C24 C0 C1 <wb> C7 C37 C16 C28 C0 C22 C1 C23 <wb> C29 C0 C15 C0 C11 C32 C0 C1 <wb> C15 C0 C26 C37 C0 C1 C33 C0 C16 <wb> C7 C29 C2 C28 C1 C38 C0 C24 C0 <wb> C19 C0 C15 C11 C37 C1 C38 C1
gujarati_female_006588|C5 C26 C19 C0 C21 C11 C34 C0 <wb> C5 C38 C36 C23 C16 C23 C13 C0 <wb> C13 C0 C22 C0 C24 C1 <wb> C17 C0 C22 C1 C24 C1 C24 C1 C23 <wb> C1 <wb> C3 C0 C1 C21 C0 C19 C0 C26 <wb> C32 C0 C26 <wb> C19 C0 C7 C0 C1 C5 C0 <wb> C33 C36 C23 C19 C16 C38 C11 <wb> C19 C0 C1 C10 C0 C11
gujarati_female_006591|C1 <wb> C30 C16 C21 C0 C30 C16 C21 C1 C22 C1 C23 <wb> C1 C28 C0 C25 C0 C16 <wb> C30 C0 C23 C30 C0 C7 C0 <wb> C1 C28 C0 C25 C0 C16 <wb> C30 C0 C1 C23 C30 C0 C19 C0 C32 C0 C16 C19 C0 <wb> C0 C24 C0 C11 <wb> C28 C0 C29 C0 C1 C7 C0 C11 C31 C0 C16 C19 C0 <wb> C4 C16 C24 C24 C0 C32 C1 C26 <wb> C32 C0 C33 C0 C1 <wb> C30 C0 C1 C22 C0 C1 C17 C0 C16 C19 C0 <wb> C38 C0 C33 C1 C29 C33 C0 C24 C36 C23 <wb> C37 C0 C8 C0 C36 <wb> C36 C17 C0 C21 C36 C23 <wb> C7 C0 C29 C28 C0 C25 C0 <wb> C3 C0 C24 C0 C11 C21 C0 C16 <wb> C6 C0 C11
gujarati_female_006592|C1 <wb> C30 C0 C37 C0 C1 C21 C0 <wb> C11 C34 C0 C21 C0 C1 <wb> C22 C0 C1 C34 C0 C11 <wb> C36 C4 C0 C26 <wb> C33 C0 C38 C0 C26 <wb> C6 C0 C11 <wb> C19 C0 C11 C22 C0 <wb> C19 C0 C11 <wb> C30 C0 C29 C0 C19 C0 C1 C29 C0 C24 C0 C26 <wb> C32 C1 C17 C11 C32 C0 C29 C0 C24 C26 <wb> C11 C19 C0 <wb> C24 C0 C16 C29 C0 C25 C0 C38 C0 <wb> C32 C0 C11 C24 C0 C1 <wb> C14 C26 C31 C16 C32 C0 <wb> C36 C7 C7 C11 C31 C38 C0 C33 C16 <wb> C32 C0 C7 C0 C7 C0 C24 C0 <wb> C37 C16 C29 C36 C7 C8 C0 <wb> C6 C0 C11
gujarati_female_006618|C32 C0 C26 <wb> C19 C0 C11 C34 C0 C21 C0 C1 C23 C19 C0 <wb> C32 C0 C11 C24 C0 C16 <wb> C34 C0 C16 C19 C0 C1 <wb> C19 C0 C29 C0 C32 C0 C1 C23 <wb> C19 C0 C15 C0 C11 <wb> C6 C0 C11 <wb> C19 C0 C11 <wb> C19 C0 C11 C13 C0 <wb> C28 C0 C26 C32 C0 C1 C24 C0 C1 <wb> C30 C0 C32 C0 C32 C0 C1 <wb> C19 C31 C11 C32 C29 C0 C33 C16 <wb> C3 C0 C15 C0 C1 C29 C0 <wb> C24 C0 C16 C19 C0 C21 C0 C16 C24 C0 C11 <wb> C30 C0 C29 C0 C19 C0 C1 C29 C0 C24 C0 C1 <wb> C0 C8 C0 C16 C19 C0 C1 C29 C0 <wb> C19 C0 C31 C0 C11 C32 C0 C29 C0 C22 C0 C1 C23 <wb> C28 C29 C0 C37 C11 C31 C0 C37 C1 C24 C26 <wb> C28 C0 C29 C0 C38 C0 C32 C0 C24 C0 <wb> C19 C0 C29 C0 C16 <wb> C29 C0 C15 C0 C16 <wb> C6 C0 C11
gujarati_female_006636|C22 C0 C1 C24 C0 C37 C0 <wb> C7 C11 C15 C11 <wb> C17 C38 C1 C29 C0 <wb> C30 C0 C36 C8 C0 C16 <wb> C37 C0 C32 C0 C32 C0 C16 <wb> C31 C0 C36 C7 C0 C8 C0 <wb> C24 C0 <wb> C33 C0 C1 C38 C0 <wb> C32 C0 C38 C0 C1 C23 <wb> C30 C0 C36 C8 C0 C16 <wb> C16 C31 C0 C37 C0 C29 C0 <wb> C38 C26 C24 C16 <wb> C22 C0 C1 C24 C0 C37 C0 <wb> C38 C26 C24 C16 <wb> C28 C0 C31 C0 C36 <wb> C38 C26 C24 C16 <wb> C28 C0 C19 C0 C31 C0 C16 <wb> C38 C26 C24 C16 C22 C1 C23 <wb> C4 C0 C34 C0 C19 C1 C21 C11 <wb> C6 C0 C11
gujarati_female_006637|C30 C37 C1 C22 C16 <wb> C37 C16 C37 C11 C19 C1 C24 C0 C23 C7 C0 C17 C16 <wb> C11 <wb> C37 C0 C16 C31 C0 C37 C0 C22 C0 C1 C23 <wb> C30 C0 C15 C36 C24 C11 <wb> C12 C29 C16 C9 C0 C22 C0 <wb> C0 C24 C0 C11 <wb> C15 C11 C28 C16 C24 C11 C30 C0 <wb> C22 C0 C21 C0 C11 <wb> C0 C24 C0 C11 <wb> C24 C26 C21 C11 C17 C0 <wb> C22 C0 C21 C0 C11 <wb> C32 C0 C11 C37 C0 C1 <wb> C30 C0 C22 C0 C1 C17 C0 C24 C0 C16 <wb> C15 C16 C22 C1 C38 C0 C32 C0 <wb> C19 C0 C29 C0 C16 <wb> C15 C0 C32 C0 C16
gujarati_female_006645|C13 C0 C25 C0 C16 C32 C0 C24 C0 C11 <wb> C29 C0 C30 C0 C28 C0 C29 C0 C7 C0 <wb> C3 C0 C24 C0 C1 C37 C0 C37 C0 C1 <wb> C29 C1 C37 C0 C30 C1 C15 C11 C3 C11 <wb> C3 C0 C30 C0 C30 C0 C26 <wb> C33 C0 C16 <wb> C37 C0 C8 C0 C1 C29 C0 C11 <wb> C22 C26 C9 C11 C21 C26 <wb> C34 C16 C5 C16 C23 C13 C0 <wb> C11 C16 C9 C18 C0 <wb> C0 C24 C0 C11 <wb> C28 C0 C18 C0 C21 C30 C0 <wb> C32 C0 C2 C38 C0 C1 C29 C0 <wb> C19 C0 C29 C0 C38 C0 C1 <wb> C15 C0 C32 C0 C1
gujarati_female_006663|C0 C24 C0 C38 C0 <wb> C32 C0 C36 C22 C0 C1 C23 <wb> C1 <wb> C29 C0 C36 C19 C0 C31 C0 <wb> C37 C0 C19 C0 C31 C0 <wb> C20 C0 C1 C21 C0 C16 <wb> C20 C1 C20 C0 C29 C26 <wb> C21 C0 C1 C13 C0 C11 <wb> C28 C0 C25 C0 <wb> C37 C0 C30 C0 C23 C32 C0 C22 C0 C1 C23 <wb> C32 C0 C26 <wb> C3 C0 C30 C0 <wb> C37 C0 C2 C4 C0 C37 C0 C16 <wb> C28 C0 C21 C1 C31 C0 <wb> C17 C0
gujarati_female_006670|C30 C32 C29 C16 C24 C11 <wb> C22 C0 C21 C0 C32 C0 C26 <wb> C28 C0 C13 C0 C1 C29 C0 <wb> C11 C24 C0 C11 <wb> C30 C0 C15 C11 C37 C16 <wb> C28 C0 C9 C0 C32 C0 C16 <wb> C19 C0 C35 C0 C16 C24 C0 <wb> C28 C0 C29 C16 C30 C33 C16 C32 C16 C26 <wb> C11 <wb> C3 C0 C8 C0 C1 C24 C0 C16 <wb> C30 C1 C33 C26 C30 C1 C33 C0 <wb> C22 C11 C23 C13 C21 C26 C29 C0 C22 C1 C23 <wb> C3 C16 C9 C16 <wb> C37 C1 C21 C0 C24 C1 C29 C16 <wb> C17 C0 C26 C37 C0 C1 <wb> C22 C0 C21 C0 C11 <wb> C6 C0 C11
gujarati_female_006671|C32 C0 C11 C22 C0 C24 C0 C1 <wb> C9 C0 C22 C0 C29 C36 C24 C1 <wb> C24 C1 C7 C0 C22 C1 C23 C33 C16 <wb> C37 C38 C1 C19 C0 C29 C0 C25 C0 C31 C1 C30 C32 C29 C26 C24 C1 <wb> C3 C16 C17 C0 C22 C0 C23 C32 C29 C26 <wb> C28 C0 C29 C0 C1 C28 C0 C32 C0 <wb> C33 C0 C1 C38 C0 <wb> C6 C0 C11
gujarati_female_006675|C24 C0 <wb> C4 C36 C21 C1 C38 C0 <wb> C32 C0 C11 C37 C0 C36 C23 <wb> C7 C0 C31 C38 C0 <wb> C22 C16 C21 C11 C31 C16 C38 C1 C24 C26 <wb> C17 C1 C23 C3 C0 C21 C16 <wb> C29 C0 C23 C13 C0 <wb> C24 C0 C16 C21 C0 <wb> C22 C0 C15 C26 C29 C0 <wb> C17 C0 C11 C34 C0 C21 C0 C26 <wb> C7 C11 C20 C16 C32 C26 <wb> C4 C0 C4 C0 C19 C0 C7 C1 C29 C0 <wb> C24 C0 C33 C0 C16 <wb> C15 C26 C32 C26 <wb> C28 C0 C25 C0 <wb> C11 C24 C0 C16 <wb> C29 C0 C23 C13 C0 C6 C1 C38 C1 <wb> C37 C0 C8 C0 C36 <wb> C30 C0 C23 C19 C0 C36 C21 C0 <wb> C15 C0 C26 C38 C0 <wb> C6 C0 C11
gujarati_female_006676|C3 C16 C1 C29 C0 C34 C16 C11 C30 C0 <wb> C26 C13 C0 C30 C0 C34 C0 <wb> C30 C0 C36 C8 C0 C16 <wb> C28 C0 C36 C29 C0 C25 C0 <wb> C19 C0 C29 C0 C1 C31 C0 C11 <wb> C17 C0 C38 C0 C1 C29 C0 C11 <wb> C22 C26 C9 C0 C21 C0 <wb> C29 C26 C9 C0 C24 C1 <wb> C30 C0 C34 C0 C29 C0 C16 C34 C0 <wb> C37 C11 C24 C9 C0 C29 C30 C0 C24 C11 <wb> C11 C19 C0 C32 C29 C16 C30 C0 C22 C16 <wb> C17 C0 C36 C21 C0 C1 C16 <wb> C30 C0 C36 C8 C0 C16 C22 C0 C1 C23 <wb> C20 C0 C30 C11 C9 C1 C31 C11
gujarati_female_006686|C19 C0 C29 C0 C25 C0 <wb> C19 C27 C29 C0 C37 C0 <wb> C28 C0 C19 C0 C31 C0 C11 <wb> C29 C0 C15 C0 C38 C0 C26 <wb> C28 C0 C25 C0 <wb> C4 C0 C16 C31 C0 C22 C0 <wb> C28 C0 C16 C32 C0 C1 C22 C0 C15 C0 C24 C0 C1 <wb> C24 C0 C11 C32 C0 C32 C0 C37 C0 <wb> C24 C0 C16 C5 C0 C11 <wb> C32 C0 C11 C25 C0 C11 <wb> C21 C0 C9 C0 C37 C1 C24 C16 <wb> C24 C0 C1 <wb> C28 C0 C1 C9 C0 C16 <wb> C32 C0 C11 <wb> C37 C0 C1 C32 C0 C24 C0 C11 <wb> C19 C0 C11 C22 C0 <wb> C22 C36 C21 C0 C37 C16 <wb> C31 C0 C19 C0 C1 C38 C0
gujarati_female_006701|C15 C26 C22 C26 <wb> C30 C11 C28 C16 C38 C0 C24 C30 C0 <wb> C11 C34 C0 C21 C0 C11 <wb> C0 C29 C37 C1 C5 C16 C24 C0 <wb> C22 C0 C1 C24 C0 C37 C0 C16 <wb> C11 <wb> C1 C17 C0 C33 C0 C16 <wb> C21 C0 C13 C0 C4 C0 C13 C0 <wb> C3 C0 C1 C29 C0 <wb> C33 C0 C16 <wb> C5 C0 C27 C7 C0 <wb> C15 C0 C17 C0 C1 C29 C0 <wb> C37 C0 C29 C0 C31 C0 C26 <wb> C28 C0 C15 C0 C11 C21 C0 C1 C23 <wb> C6 C0 C11 C19 C0 <wb> C28 C0 C36 C29 C0 C37 C0 <wb> C11 C31 C0 C16 C38 C0 C1 <wb> C24 C0 C17 C0 C16 C19 C0 <wb> C33 C0 C38 C0 C26 <wb> C13 C0 C25 C0 C1 C38 C0
gujarati_female_006702|C1 <wb> C28 C0 C36 C30 C0 C32 C0 C19 C0 C24 C0 C16 <wb> C32 C0 C16 C37 C0 C29 C0 <wb> C0 C30 C0 C29 C0 <wb> C15 C11 C35 C0 C21 C0 C17 C0 <wb> C1 C20 C0 C16 <wb> C30 C0 C29 C37 C26 C7 C0 C38 C0 C24 C16 <wb> C37 C16 C5 C1 C29 C0 C8 C1 C29 C1 <wb> C1 C37 C0 C16 <wb> C0 C24 C0 C11 <wb> C13 C0 C1 C23 C8 C0 C16 C24 C0 C11 <wb> C7 C0 C29 C16 C7 C29 C0 <wb> C24 C0 C1 C29 C0 C1 C38 C0 C25 C0 <wb> C24 C0 C16 <wb> C30 C11 C37 C1 C24 C26 <wb> C22 C0 C1 C29 C0 C13 C0 <wb> C22 C0 C21 C0 C38 C0 C26
gujarati_female_006710|C32 C0 C29 C0 C25 C0 C30 C0 C26 <wb> C16 C19 C0 C26 C32 C0 C11 C29 C0 <wb> C29 C0 C24 C0 C24 C0 C1 <wb> C28 C0 C9 C0 C19 C0 C1 C29 C0 <wb> C30 C0 C1 C22 C0 C11 <wb> C3 C0 C1 C23 C13 C0 C21 C0 C1 C7 C0 C11 C31 C0 C24 C0 C1 <wb> C28 C0 C5 C0 C1 C30 C0 <wb> C26 C37 C0 C29 C0 C26 C22 C0 C1 C23 <wb> C24 C0 C37 C0 <wb> C37 C0 C16 C19 C0 C11 C34 C0 C11 <wb> C3 C0 C30 C0 C30 C0 C26 <wb> C32 C0 C38 C0 C1 C23 C30 C0 C16 <wb> C29 C0 C24 C0 <wb> C0 C24 C0 C11 <wb> C4 C0 C1 C29 C0 C32 C0 C24 C0 C26 <wb> C30 C16 C32 C38 C1 C30 C16 <wb> C29 C0 C24 C0 C33 C16 <wb> C37 C0 C16 C17 C0 C38 C0
gujarati_female_006719|C30 C0 C16 C29 C0 C1 C22 C0 C16 C19 C0 C24 C0 C16 <wb> C3 C0 C29 C0 C25 C0 C16 C22 C0 C1 C23 <wb> C32 C0 C29 C0 C16 C30 C0 <wb> C30 C0 C11 C22 C0 C28 C0 C21 C0 <wb> C34 C38 C36 C3 C0 <wb> C29 C0 C15 C0 C11 C31 C0 C11 <wb> C17 C0 C11 C22 C0 C1 C23 <wb> C7 C0 C30 C0 <wb> C0 C21 C0 C13 C0 <wb> C0 C21 C0 C13 C0 <wb> C17 C1 C32 C16 C24 C1 C23 <wb> C22 C0 C1 C16 C19 C0 C29 C0 C26 <wb> C26 C29 C0 C13 C0 C11 C24 C0 C16 C18 C0 C22 C0 <wb> C15 C0 C31 C0 C11
gujarati_female_006734|C32 C0 C28 C32 C0 <wb> C13 C0 C29 C0 C22 C16 C24 C36 C23 <wb> C14 C11 C24 C0 <wb> C36 C32 C0 C1 C29 C0 C37 C0 C1 <wb> C22 C0 C1 C34 C0 C11 C24 C0 C1 <wb> C1 C38 C0 C36 C29 C0 C37 C0 C11 C7 C0 C16 C19 C0 <wb> C13 C0 C36 C25 C0 C26 <wb> C3 C16 C21 C37 C0 C28 C0 C32 C29 C0 C22 C1 C23 <wb> C6 C0 C11
gujarati_female_006746|C32 C0 C38 C0 C1 C29 C0 C11 <wb> C26 C30 C0 C34 C0 C29 C0 C11 C21 C0 C16 C38 C0 C1 C24 C0 C1 <wb> C4 C0 C36 C32 C0 C28 C0 C36 C29 C0 C37 C0 <wb> C19 C0 C11 C28 C0 C34 C0 C24 C0 <wb> C3 C0 C16 C21 C0 <wb> C21 C26 C29 C16 C11 <wb> C1 C23 C32 C0 C29 C0 C29 C0 C1 C31 C0 C34 C0 C29 C0 C16 C38 C0 <wb> C37 C0 C24 C0 <wb> C9 C0 C11 <wb> C19 C0 C29 C0 C16 C19 C0 C11 C34 C0 C24 C0 C1 <wb> C17 C0 C24 C0 C19 C0 <wb> C32 C0 C29 C16 C19 C11 C24 C26 <wb> C31 C0 C29 C0 C11 C38 C0 <wb> C30 C0 C29 C0 <wb> C9 C0 C26 C24 C0 <wb> C3 C29 C11 C9 C0 C22 C11 C24 C0 C24 C11 <wb> C1 C28 C0 C38 C0 C26 <wb> C15 C0 C32 C0 C26
gujarati_female_006757|C14 C26 C30 C34 C0 C19 C1 C29 C0 C24 C16 <wb> C20 C1 C30 C16 C38 C0 C32 C0 <wb> C11 <wb> C6 C0 C11 <wb> C19 C0 C11 <wb> C32 C0 C11 <wb> C13 C21 C1 C30 C0 <wb> C17 C0 C11 C37 C0 C1 C23 <wb> C7 C0 C11 C20 C0 C1 C32 C0 C1 <wb> C34 C29 C1 C24 C30 C0 C28 C0 C29 C0 C24 C34 C0 <wb> C11 C34 C0 C21 C0 C11 <wb> C19 C0 C11 <wb> C30 C0 C23 C28 C0 C36 C29 C0 C25 C0 <wb> C28 C0 C1 C29 C0 C7 C0 C29 C0 C31 C0 C19 C0 <wb> C28 C21 C1 C30 C34 C16 C19 C0 C24 C16 <wb> C3 C0 C24 C0 C11 C21 C0 C16 <wb> C6 C0 C11
gujarati_female_006760|C3 C0 C11 <wb> C15 C0 C17 C0 C1 C29 C0 <wb> C30 C0 C1 C32 C0 <wb> C24 C0 C1 <wb> C37 C0 C29 C0 C21 C0 C9 C0 <wb> C19 C0 C28 C0 C22 C0 C1 C23 <wb> C1 C38 C26 C17 C0 C19 C26 C11 <wb> C13 C0 C23 C4 C0 C16 C29 C0 <wb> C4 C0 C36 C21 C0 <wb> C19 C0 C29 C0 C32 C0 C1 C23 <wb> C13 C29 C36 C28 C16 C23 C13 C0 <wb> C11 <wb> C29 C0 C16 C32 C0 C11 <wb> C19 C0 C29 C0 C38 C0 C36 C23 <wb> C15 C0 C32 C0 C36 C23
gujarati_female_006766|C29 C2 C37 C0 C32 C1 C5 C0 C21 C0 <wb> C36 C17 C17 C0 C38 C0 C23 C32 C0 <wb> C1 C7 C0 C16 <wb> C24 C0 C1 C22 C0 C11 <wb> C26 C21 C0 C20 C0 C1 C32 C0 C26 <wb> C28 C0 C36 C29 C0 C1 C25 C0 <wb> C28 C0 C29 C0 C30 C0 C16 C7 C0 C8 C0 <wb> C13 C0 C29 C0 C37 C26 <wb> C13 C0 C16 C29 C0 C24 C0 C1 C29 C0
gujarati_female_006777|C32 C0 C11 <wb> C30 C0 C33 C0 C21 C0 <wb> C24 C0 C36 C23 <wb> C11 C28 C16 C30 C11 C24 C34 C0 C29 C0 <wb> C24 C36 C19 C0 C31 C1 C24 C0 <wb> C13 C29 C0 C30 C32 C0 <wb> C28 C0 C29 C0 C22 C0 C1 C25 C0 C36 <wb> C28 C0 C21 C0 C1 C24 C0 C34 C0 <wb> C24 C0 C16 <wb> C7 C0 C19 C0 C31 C0 C16 C25 C0 <wb> C7 C16 C31 C1 C22 C1 C23 C33 C16 <wb> C11 C19 C38 C1 C30 C16 <wb> C19 C0 C16 C21 C0 C26 C22 C0 C16 C34 C0 C29 C0 <wb> C7 C0 C36 C29 C0 <wb> C15 C0 C32 C0 C36 C23
gujarati_female_006782|C1 <wb> C7 C0 C29 C0 C22 C0 C16 C38 C0 C1 C24 C0 <wb> C28 C16 C32 C0 C29 C1 C16 <wb> C3 C0 C15 C0 C11 C24 C0 <wb> C24 C1 C7 C16 C38 C1 C24 C11 <wb> C28 C0 C26 C32 C0 C1 C24 C0 C1 <wb> C11 C21 C0 C17 C16 C3 C29 C1 <wb> C15 C26 C22 C0 C37 C0 C29 C19 C0 <wb> C22 C0 C1 C34 C0 C11 <wb> C32 C0 C11 C22 C0 C24 C0 C16 <wb> C22 C0 C7 C0 C7 C0 C24 C16 <wb> C17 C0 C29 C0 C36 C29 C0 <wb> C28 C0 C9 C0 C16
gujarati_female_006793|C13 C0 C38 C0 C1 <wb> C37 C0 C29 C0 C31 C0 C11 <wb> C17 C0 C38 C0 C1 C29 C0 C11 <wb> C11 <wb> C1 C29 C0 <wb> C29 C0 C15 C11 C22 C1 C24 C0 C24 C1 <wb> C30 C0 C23 C13 C0 C16 C32 C0 <wb> C22 C0 C10 C38 C36 C23 <wb> C30 C0 C32 C38 C0 C22 C11 C37 C0 <wb> C17 C0 C38 C0 C32 C11 <wb> C13 C0 C37 C1 C38 C36 C23 <wb> C32 C0 C38 C0 C1 C29 C0 C11 <wb> C21 C0 C26 C19 C0 C26 <wb> C18 C36 C22 C16 <wb> C36 C35 C0 C38 C0 C1 <wb> C15 C0 C32 C0 C1
gujarati_female_006802|C31 C16 C29 C16 C31 C0 C24 C1 C23 <wb> C12 C36 C21 C0 C24 C26 <wb> C30 C36 C23 C37 C1 C21 C26 <wb> C22 C0 C7 C0 C36 <wb> C22 C16 C35 C26 <wb> C21 C0 C16 C21 C0 C26 <wb> C19 C36 C22 C1 C31 C0 C4 C0 C29 C38 C26 <wb> C30 C0 C28 C0 C29 C0 C31 C0
gujarati_female_006803|C1 C17 C0 C11 <wb> C38 C26 C17 C1 C38 C11 C21 C16 <wb> C37 C0 C29 C19 C16 C23 C13 C0 <wb> C19 C0 C22 C16 C34 C16 <wb> C3 C0 C1 C7 C0 <wb> C11 C19 C0 <wb> C30 C0 C4 C38 C11 <wb> C17 C0 C25 C0 C1 C37 C0 C38 C0 C36 C23 <wb> C15 C0 C32 C0 C36 C23 <wb> C19 C0 C11 <wb> C19 C16 C29 C0 C25 C0 <wb> C22 C26 C29 C11 C11 <wb> C1 C16 C30 C16 C11 C21 C0 C22 C1 C23 <wb> C17 C26 C9 C1 C37 C0 C37 C1 <wb> C3 C0 C7 C0 C21 C0 <wb> C22 C0 C1 C12 C0 C16 <wb> C22 C1 C13 C16 <wb> C21 C0 C16 C8 C0 C16 <wb> C6 C0 C11
gujarati_female_006804|C29 C0 C37 C2 C38 C1 <wb> C37 C0 C30 C32 C1 <wb> C37 C2 C38 C1 <wb> C1 <wb> C13 C0 C16 C32 C0 <wb> C13 C1 C32 C1 <wb> C13 C1 C32 C1 <wb> C13 C0 C29 C0 C16 C3 C0 <wb> C22 C0 C17 C0 C36 C29 C0 C26 <wb> C1 C24 C0 C23 C7 C0 C37 C16 C4 C26 C29 C0 <wb> C33 C0 C16 <wb> C24 C1 C5 C0 C32 C1 <wb> C3 C0 C32 C0 C1 C37 C0 C38 C0 C1 <wb> C6 C0 C11
gujarati_female_006817|C28 C0 C25 C0 <wb> C17 C0 C1 C28 C0 C1 C24 C0 C16 C18 C0 <wb> C0 C8 C16 C19 C1 C29 C16 C26 C11 <wb> C30 C0 C37 C0 C16 C19 C0 C1 C29 C0 C38 C0 C36 C23 <wb> C6 C0 C11 <wb> C19 C0 C11 <wb> C0 C23 C31 C0 C32 C0 C15 <wb> C22 C0 C11 C21 C0 C34 C0 C9 C0 C1 C36 C24 C0 <wb> C31 C0 C29 C0 C36 <wb> C33 C0 C16 <wb> C13 C0 C38 C0 C36 C23 <wb> C6 C0 C11 <wb> C17 C0 C11 <wb> C5 C0 C16 C23 C32 C0 C1 <wb> C17 C0 C24 C0 C19 C0 <wb> C3 C0 C1 C3 C0 C32 C0 <wb> C6 C0 C11
gujarati_female_006824|C30 C36 C32 C0 C21 C16 <wb> C3 C26 C22 C3 C0 <wb> C12 C36 C34 C11 <wb> C28 C0 C29 C0 C7 C11 C31 C16 <wb> C15 C0 C37 C0 C1 C16 <wb> C24 C0 C11 <wb> C3 C0 C21 C36 C24 C0 <wb> C21 C0 C1 C37 C0 C38 C0 C1 <wb> C15 C0 C26 C38 C0 <wb> C32 C0 C11 <wb> C5 C0 C10 C0 C11
gujarati_female_006834|C30 C0 C7 C13 C36 C29 C36 <wb> C22 C11 C14 C0 C24 C16 <wb> C17 C0 C11 C22 C0 <wb> C31 C0 C16 C31 C0 C38 C0 <wb> C28 C0 C29 C0 <wb> C17 C24 C1 C24 C0 C37 C29 C31 C34 C16 <wb> C19 C0 C29 C0 C16 <wb> C32 C0 C11 C24 C0 C1 <wb> C0 C23 C8 C0 C19 C0 C1 C29 C0 <wb> C0 C24 C0 C11 <wb> C0 C17 C0 C24 C0 C1 C24 C0 <wb> C15 C0 C29 C16 <wb> C21 C0 C11 <wb> C6 C0 C11
gujarati_female_006837|C32 C0 C38 C0 C1 C23 <wb> C9 C16 C37 C26 C29 C30 C0 <wb> C19 C0 C11 C19 C0 <wb> C0 C24 C0 C11 <wb> C9 C16 C37 C26 C29 C30 C0 <wb> C29 C16 C23 C13 C0 C24 C1 <wb> C30 C34 C26 C21 C30 C0 <wb> C21 C1 C13 C11 C21 C1 <wb> C6 C0 C11
gujarati_female_006844|C4 C26 C28 C1 C21 C0 C22 C1 C23 <wb> C33 C0 C38 C0 C11 C21 C0 C1 <wb> C28 C0 C29 C0 C38 C0 C1 C37 C0 C29 C0 C25 C0 C24 C0 C1 <wb> C24 C0 C36 C19 C0 C30 C0 C1 C24 C0 <wb> C0 C24 C0 C11 <wb> C32 C0 C11 C24 C0 C26 <wb> C4 C0 C26 C13 C0 <wb> C3 C0 C24 C0 C11 C21 C0 C1 <wb> C21 C0 C26 C19 C0 C26 C24 C0 C1 <wb> C22 C0 C1 C22 C0 C21 C0 C11 <wb> C0 C22 C0 C11 C29 C0 C16 C19 C0 C1 C24 C0 C16 <wb> C19 C0 C23 C28 C0 C24 C0 C16 <wb> C38 C0 C36 C24 C0 C16 C0 C24 C0 <wb> C19 C0 C1 C29 C0 C3 C0 C1 C16 C9 C0 <wb> C19 C26 C29 C28 C26 C29 C11 C31 C0 C24 C0 <wb> C38 C36 C30 C16 C30 C16 <wb> C19 C0 C11 <wb> C32 C0 C11 C24 C0 C26 <wb> C32 C0 C32 C0 C19 C0 C1 C21 C0 C16 C24 C0 <wb> C37 C0 C9 C26 <wb> C37 C26 C29 C0 C24 C0 <wb> C11 C24 C0 C9 C0 C29 C0 C30 C0 C24 C0 <wb> C19 C0 C26 C16 <wb> C29 C0 C16 C32 C0 C11 <wb> C17 C0 C37 C0 C1 C3 C0 C7 C0 C1 C29 C0 <wb> C24 C0 C33 C0 C16
gujarati_female_006845|C19 C0 C26 C16 <wb> C20 C0 C23 C9 C16 C32 C0 <wb> C32 C0 C26 <wb> C19 C0 C26 C16 <wb> C24 C1 C24 C0 C19 C16 <wb> C10 C0 C13 C0 C21 C16 <wb> C17 C0 C11 C37 C0 C1 C23 <wb> C19 C0 C26 C16 <wb> C28 C0 C9 C0 C6 C0 C23 C7 C0 <wb> C37 C0 C16 C29 C0 <wb> C17 C0 C11 C37 C0 C1 C23
gujarati_female_006847|C28 C29 C16 C38 C0 C28 C1 C32 C29 C0 C24 C11 <wb> C28 C1 C22 C0 C37 C1 C24 C16 <wb> C30 C0 C12 C0 C29 C0 <wb> C28 C0 C36 C29 C0 C16 <wb> C33 C0 C1 C38 C0 <wb> C19 C0 C11 <wb> C19 C0 C1 C29 C0 C19 C0 C16 C29 C0 C7 C0 C16 C24 C0 C16 <wb> C34 C0 C26 C5 C0 <wb> C1 C23 C3 C0 C37 C1 C24 C36 C23 <wb> C1 C15 C0 C37 C0 C1 C24 C0 <wb> C1 C7 C0 C22 C16 C24 C11 <wb> C17 C0 C23 C28 C0 C37 C1 <wb> C24 C0 <wb> C7 C0 C11
gujarati_female_006848|C17 C0 C11 C24 C0 C11 <wb> C8 C0 C29 C0 C32 C0 C16 C22 C0 C1 C23 <wb> C30 C0 C32 C38 C1 C37 C16 C30 C0 <wb> C19 C0 C16 C21 C0 C26 C22 C0 C16 C34 C0 C29 C0 <wb> C21 C0 C1 C23 C3 C0 C16 <wb> C13 C0 C26 C21 C0 C1 C19 C0 C1 C29 C0 <wb> C4 C36 C13 C0 C29 C4 C0 <wb> C3 C26 C13 C0 C7 C1 C22 C1 C23 <wb> C28 C0 C29 C0 C26 C34 C0 C26 C24 C0 C24 C0 C1 <wb> C19 C16 C29 C0 C25 C26 C24 C26 <wb> C22 C0 C1 C29 C0 C26 <wb> C5 C0 C21 C0 C1 C37 C0 C16 <wb> C0 C33 C0 C9 C0 C1 C37 C0 C37 C0 C1 C22 C0 C1 C23 <wb> C1 C37 C0 C38 C0 C1 <wb> C15 C0 C32 C0 C1
gujarati_female_006858|C4 C2 C29 C0 C37 C0 <wb> C32 C0 C26 <wb> C32 C0 C29 C0 C32 C0 <wb> C17 C0 <wb> C21 C0 C9 C0 C37 C1 <wb> C22 C0 C1 C23 C9 C0 C38 C0 C26 <wb> C15 C0 C26 C38 C0 <wb> C19 C0 C1 C23 C16 <wb> C1 <wb> C32 C0 C26 <wb> C30 C0 C1 C37 C0 <wb> C20 C0 C26 C34 C0 C16 <wb> C37 C0 C15 C0 C11 C23 C5 C0 C25 C0 C16 <wb> C6 C0 C11
gujarati_female_006859|C28 C0 C5 C0 C16 C30 C0 <wb> C22 C0 C16 <wb> C9 C0 C16 C30 C0 C11 C22 C0 C3 C0 C29 C0 C24 C0 C1 <wb> C29 C0 C26 C17 C0 <wb> C36 C9 C1 C24 C0 <wb> C37 C0 C20 C0 C32 C0 C11 <wb> C17 C0 <wb> C24 C0 C16 C31 C0 C12 C0 C21 C0 <wb> C13 C0 C38 C0 C11 C21 C0 <wb> C17 C16 C26 C30 C16 C24 C19 C29 C26 C28 C29 C0 C30 C0 <wb> C30 C11 C34 C11 C21 C1 C16 C34 C0 <wb> C21 C0 C26 C23 C5 C0 <wb> C37 C11 C15 C16 C19 C0 C21 C0
gujarati_female_006867|C3 C0 C16 C17 C0 C26 <wb> C28 C0 C29 C38 C1 C38 C0 <wb> C1 C16 C30 C26 C3 C38 C36 C34 C11 C24 C26 C30 C0 C24 C26 <wb> C6 C0 C11 <wb> C28 C0 C25 C0 <wb> C17 C0 C16 C37 C0 C1 C25 C0 C36 C23 C26 <wb> C37 C0 C9 C0 C11 <wb> C32 C0 C11 <wb> C36 C32 C0 C28 C0 C24 C0 C24 C0 <wb> C19 C0 C29 C0 C37 C0 C36 C23 <wb> C22 C0 C36 C31 C0 C19 C0 C11 C21 C0 <wb> C6 C0 C11
gujarati_female_006887|C13 C36 C21 C0 <wb> C22 C0 C15 C26 C29 C0 C24 C1 C23 <wb> C12 C0 C36 C21 C0 C26 <wb> C15 C0 C17 C0 C16 <wb> C19 C0 C37 C16 C32 C1 <wb> C24 C0 C15 C0 C26 C32 C0 C1 C23 <wb> C3 C0 C24 C0 C38 C0 C1 C23 <wb> C32 C0 C38 C0 C1 C29 C0 C11 <wb> C28 C0 C25 C0 <wb> C11 C24 C0 C16 <wb> C6 C1 C23 C34 C0 C7 C1 C29 C0 <wb> C28 C1 C23 C20 C0 C9 C16 C24 C1 <wb> C30 C37 C1 C7 C0 C24 C16 <wb> C20 C0 C34 C1 C31 C0 <wb> C22 C1 C25 C0 C32 C1 <wb> C15 C0 C32 C0 C1
gujarati_female_006891|C28 C0 C25 C0 <wb> C7 C1 C7 C16 <wb> C1 C37 C0 C11 <wb> C11 <wb> C28 C0 C15 C0 C11 C21 C0 C1 C23 <wb> C32 C0 C26 <wb> C22 C0 C11 C23 <wb> C30 C36 C23 C9 C0 C21 C26 <wb> C36 C23 C5 C0 C19 C1 C37 C16 C24 C11 <wb> C20 C16 C30 C0 C19 C26 C21 C16 C24 C11 <wb> C19 C0 C11 C7 C0 <wb> C22 C0 C36 C19 C0 C32 C0 <wb> C19 C0 C29 C0 C16 <wb> C7 C0 C16 C8 C0 C16
gujarati_female_006892|C36 C22 C0 C23 C13 C0 <wb> C0 C24 C0 C11 <wb> C37 C16 C31 C37 C0 C19 C0 C21 C38 C1 C25 C0 C24 C16 <wb> C4 C0 C1 C37 C0 C24 C0 C1 <wb> C30 C0 C1 C33 C0 C11 <wb> C3 C0 C11 <wb> C15 C0 C17 C0 C1 C29 C0 <wb> C0 C13 C16 C38 C1 C29 C0 C24 C1 <wb> C30 C37 C0 C29 C25 C16 C22 C0 <wb> C36 C7 C0 C38 C0 C24 C11 <wb> C4 C1 C37 C0 C4 C0 C29 C38 C26 <wb> C1 C37 C0 C19 C1 C29 C0 <wb> C0 C28 C0 C1 C38 C0 C26 <wb> C15 C0 C32 C0 C26
gujarati_female_006896|C0 C31 C34 C1 C19 C1 C29 C0 <wb> C22 C0 C23 C32 C0 C29 C0 <wb> C31 C0 C29 C0 C16 C19 C0 C31 C0 C25 C0 <wb> C31 C0 C29 C0 C25 C0 C23 <wb> C22 C0 C22 C0 C24 C36 C23 <wb> C0 C31 C34 C0 <wb> C28 C29 C0 C15 C38 C0 <wb> C30 C22 C0 C29 C0 C25 C0 <wb> C19 C0 C29 C0 C37 C0 C36 C23
gujarati_female_006903|C15 C1 C16 C3 C29 C16 C9 C0 <wb> C28 C0 C7 C0 C8 C0 C32 C0 C16 <wb> C7 C0 C37 C0 C1 C29 C0 C1 <wb> C29 C0 C23 C13 C0 C16 C24 C0 <wb> C22 C1 C6 C0 C21 C16 C26 C24 C16 <wb> C37 C11 C29 C1 C38 C0 C34 C16 <wb> C28 C0 C11 C7 C0 C1 <wb> C19 C0 C29 C0 C37 C0 C1 C22 C0 C1 C23 <wb> C1 C37 C0 C11 <wb> C6 C0 C11
gujarati_female_006905|C28 C0 C1 C23 C5 C0 <wb> C26 C37 C0 C29 C0 C26 C22 C0 C1 C23 <wb> C3 C0 C23 C24 C11 C11 <wb> C0 C13 C0 C25 C38 C26 <wb> C30 C0 C16 C32 C0 C32 C0 C11 C29 C0 <wb> C29 C0 C24 C0 <wb> C36 C22 C11 C29 C38 C1 <wb> C15 C0 C32 C0 C1 <wb> C0 C24 C0 C11 <wb> C22 C0 C26 C34 C0 C16 <wb> C4 C0 C1 C13 C0 C16 C7 C0 C1 C29 C0 C16 <wb> C22 C0 C1 C34 C0 C11 <wb> C30 C0 C11 C34 C0 <wb> C33 C0 C16 <wb> C13 C0 C38 C0 C1 <wb> C15 C0 C32 C0 C1
gujarati_female_006907|C0 C13 C0 C16 C38 C0 C1 C29 C0 <wb> C37 C0 C29 C0 C31 C0 <wb> C28 C0 C36 C29 C0 C37 C0 C11 <wb> C32 C0 C11 C25 C0 C11 <wb> C5 C27 C7 C0 C22 C16 <wb> C17 C1 C24 C38 C36 C1 C29 C16 C11 <wb> C19 C0 C15 C26 C24 C1 <wb> C28 C38 C1 C29 C0 <wb> C15 C0 C2 <wb> C30 C0 C1 C33 C0 C11 <wb> C3 C26 C21 C16 C37 C36 C9 C0 C22 C1 C23 <wb> C1 C13 C0 C22 C0 C24 C0 <wb> C19 C0 C29 C0 C38 C0 C36 C23 <wb> C15 C0 C32 C0 C36 C23
gujarati_female_006909|C22 C11 C33 C1 C11 C19 C29 C11 C21 C16 C19 C0 <wb> C11 C30 C16 C9 C0 <wb> C0 C24 C0 C11 <wb> C22 C11 C33 C1 C24 C26 C21 C0 <wb> C37 C0 C5 C0 C5 C0 C11 <wb> C29 C1 C30 C1 C38 C0 C25 C16 C19 C0 <wb> C28 C0 C29 C0 C19 C0 C29 C0 C16 C38 C0 C1 <wb> C7 C0 C37 C0 C1 C29 C0 C1 <wb> C22 C16 C33 C1 C16 C21 C0 <wb> C22 C11 C33 C1 C11 C19 C29 C16 C21 C11 C34 C0 <wb> C3 C0 C24 C1 C37 C1 C38 C36 C23 <wb> C15 C0 C32 C0 C36 C23
gujarati_female_006926|C4 C0 C1 C29 C0 C32 C0 <wb> C32 C0 C11 C24 C0 C1 <wb> C36 C28 C0 C20 C0 C23 C9 C0 C22 C0 C1 C23 <wb> C17 C0 <wb> C22 C0 C11 C5 C0 <wb> C29 C0 C22 C0 C37 C0 C1 C24 C0 C36 C23 <wb> C15 C0 C26 C16 <wb> C1 C17 C0 C11 <wb> C17 C0 C1 C15 C0 C11 C29 C0 <wb> C33 C0 C38 C0 C11 C21 C0 C16 <wb> C34 C0 C16 C22 C0 C22 C0 C1 C23 <wb> C19 C0 C26 C16 <wb> C16 C17 C0 C1 C13 C0 C29 C0 C30 C0 C32 C0 <wb> C33 C0 C31 C0 C11 <wb> C32 C0 C26 <wb> C4 C0 C1 C29 C0 C32 C0 <wb> C28 C0 C1 C29 C0 C33 C0 C16 C37 C0 <wb> C17 C0 C11 C37 C0 C1 C24 C0 C11 <wb> C5 C0 C1 C21 C0 C36 <wb> C37 C0 C29 C0 C21 C0 C9 C0 C19 C0 C28 C0 <wb> C7 C0 C29 C0 C22 C0 C38 C0 C1 C24 C0 <wb> C30 C0 C1 C22 C0 C11 C21 C0 <wb> C19 C0 C29 C0 C16 <wb> C31 C0 C19 C0 C31 C0 C11
gujarati_female_006943|C3 C0 C11 C23 C13 C0 C19 C0 C26 C19 C0 C22 C0 C1 C23 <wb> C38 C0 C26 C17 C0 C1 C24 C0 C1 C29 C0 <wb> C29 C0 C26 C3 C0 C26 C19 C0 C26 C24 C0 <wb> C16 C24 C0 C34 C0 C29 C0 C24 C0 C11 C31 C0 C24 C0 C21 C0 <wb> C19 C0 C26 C22 C0 C28 C0 C16 C34 C0 C16 C31 C0 C24 C0 C22 C0 C1 C23 <wb> C24 C0 C16 C29 C0 C22 C0 C1 <wb> C16 C24 C0 C30 C0 C34 C0 C16 C34 C0 C38 C0 C36 C34 C0 <wb> C26 C12 C0 <wb> C34 C0 C11 C19 C0 C24 C0 C26 C21 C0 C26 C17 C0 C16 C24 C0 C1 <wb> C30 C0 C34 C0 C36 C9 C0 C24 C0 C34 C0 C30 C0 <wb> C7 C0 C11 C31 C0 <wb> C32 C0 C29 C0 C12 C0 C33 C0 C16 <wb> C4 C0 C1 C13 C0 <wb> C21 C0 C11 C31 C0 C11
gujarati_female_006957|C19 C0 C11 C28 C0 C30 C0 C38 C0 C36 C21 C0 C24 C0 C1 C23 <wb> C22 C0 C8 C0 C38 C0 C4 C0 C1 C13 C0 C22 C0 C1 C23 <wb> C16 C18 C0 C29 C0 C1 C38 C0 C11 C21 C0 C24 C0 C1 C23 <wb> C24 C0 C11 C13 C0 C11 C37 C0 C24 C0 C16 <wb> C12 C0 C21 C0 C7 C0 C29 C0 C36 C28 C0 <wb> C22 C0 C1 C34 C0 C16 C22 C0 C1 C23 <wb> C20 C0 C9 C0 C32 C0 C21 C0 <wb> C22 C0 C1 C16 C19 C0 C29 C0 C26 C26 C29 C0 C13 C0 C11 C24 C0 C16 C18 C0 C22 C0 <wb> C29 C0 C1 C20 C0 C37 C0 C1 C22 C0 C1 C23 <wb> C1 C37 C0 C31 C0 C11
gujarati_female_006958|C7 C0 C19 C0 C31 C0 C16 C25 C0 <wb> C1 C12 C0 C29 C0 C16 C19 C0 C1 C22 C0 C1 C23 <wb> C34 C0 C29 C0 C11 C24 C0 C24 C0 C16 <wb> C11 C19 C0 C1 C23 C19 C0 C16 <wb> C22 C0 C36 C30 C0 C1 C12 C0 C29 C0 C16 <wb> C7 C0 C29 C0 C22 C0 C38 C0 C1 C24 C0 <wb> C1 <wb> C28 C0 C36 C30 C0 C32 C0 C19 C0 C24 C0 C36 C23 <wb> C37 C0 C1 C23 C5 C0 C24 C0 <wb> C22 C0 C26 C15 C0 C24 C0 C7 C0 C1 C30 C0 <wb> C24 C0 C11 <wb> C22 C0 C15 C0 C1 C32 C0 C22 C0 C1 <wb> C3 C0 C24 C0 C1 C37 C0 C24 C0 C1 C29 C0 <wb> C22 C0 C15 C0 C32 C0 C37 C0 C24 C0 C36 C23 <wb> C30 C0 C16 C22 C0 C1 C5 C0 C16 C24 C0 C15 C0 <wb> C3 C0 C24 C0 C16 <wb> C17 C0 C1 C38 C0 <wb> C6 C0 C11
gujarati_female_006970|C22 C0 C29 C0 C11 <wb> C15 C0 C1 C29 C0 C32 C0 C1 C23 <wb> C6 C0 C11 C21 C0 C21 C0 C1 <wb> C28 C0 C23 C5 C0 C26 C32 C0 C32 C0 C11 C29 C0 <wb> C37 C0 C29 C0 C31 C0 C33 C0 C16 <wb> C22 C0 C11 C24 C0 C30 C0 <wb> C30 C0 C16 C23 C13 C0 C21 C0 C30 C0 <wb> C13 C0 C29 C0 C1 C24 C0 C9 C0 <wb> C30 C0 C21 C0 C11 C22 C0 <wb> C5 C0 C11 C22 C0 C28 C0 C16 C38 C0 C24 C0 C24 C0 C16 <wb> C29 C0 C1 C15 C0 <wb> C17 C0 C26 C16 <wb> C29 C0 C15 C0 C11 C21 C0 C1 <wb> C3 C0 C29 C0 C16 C34 C0 C16 C31 C0 <wb> C34 C0 C11 C24 C0 C16 C30 C0 <wb> C28 C0 C29 C0 C11 C22 C0 C16 C26 C22 C0 C1 C23 <wb> C4 C0 C1 C29 C0 C11 <wb> C24 C0 C16 C29 C0 C1 C31 C0 C1 <wb> C12 C0 C11 C21 C0 C1 C37 C0 C1 <wb> C28 C0 C1 C22 C0 C16 <wb> C15 C0 C32 C0 C16
gujarati_female_006984|C32 C0 C29 C0 C25 C0 <wb> C30 C0 C28 C0 C16 C9 C0 <wb> C34 C0 C29 C0 C1 C24 C0 C30 C0 C22 C0 C16 C31 C0 C24 C0 <wb> C6 C0 <wb> C30 C0 C16 C21 C0 C16 C24 C0 C9 C0 C29 C0 C37 C0 C1 C21 C0 C36 C23 <wb> C11 C24 C0 C17 C0 C16 C24 C0 <wb> C19 C0 C26 C16 C21 C0 <wb> C30 C0 C28 C0 C29 C0 C16 C23 C13 C0 <wb> C30 C0 C37 C0 C32 C0 C23 C32 C0 C29 C0 C32 C0 C1 C37 C0 C1 C21 C0 C16 <wb> C12 C0 C29 C0 C24 C0 C34 C0 <wb> C30 C0 C30 C0 C28 C0 C11 C24 C0 C31 C0 C24 C0
gujarati_female_006990|C37 C0 C38 C0 C1 C38 C0 C1 C22 C0 <wb> C28 C0 C31 C0 C5 C0 C1 C32 C0 <wb> C3 C0 C11 <wb> C19 C0 C21 C0 C1 C19 C0 C22 C0 C1 C23 <wb> C28 C0 C29 C0 C26 C34 C0 C16 C24 C0 <wb> C30 C0 C1 C33 C0 C11 <wb> C19 C0 C1 C29 C0 C3 C0 C26 C15 C0 C1 C16 C9 C0 C29 C0 C11 C34 C0 <wb> C17 C0 C26 C9 C0 C1 C37 C0 C1 C33 C0 C16 <wb> C16 C24 C0 C30 C0 C38 C0 C36 C21 C0 C16 C24 C0 C24 C0 C26 <wb> C28 C0 C29 C0 C32 C0 C16 C4 C0 C1 C37 C0 <wb> C21 C0 C13 C0 C4 C0 C13 C0 <wb> C3 C0 C22 C0 C25 C0 C26 <wb> C33 C0 C16 <wb> C17 C0 C1 C38 C0 <wb> C6 C0 C11
gujarati_female_007019|C28 C0 C33 C0 C37 C0 C16 <wb> C3 C0 C1 C21 C0 C32 C0 C25 C0 C26 C33 C0 C16 <wb> C30 C0 C21 C0 C37 C0 C21 C0 C16 <wb> C36 C35 C0 C11 <wb> C6 C0 C11 <wb> C0 C24 C0 C11 <wb> C21 C0 C19 C0 C31 C0 C1 C37 C0 C8 C0 C16 <wb> C17 C0 C16 C37 C0 C30 C0 C31 C0 C34 C0 C16 <wb> C5 C0 C1 C29 C0 C11 <wb> C32 C0 C29 C0 C12 C0 <wb> C24 C0 C1 C5 C0 C37 C0 C1 <wb> C19 C0 C36 C7 C0 C37 C0 C1 <wb> C22 C0 C23 C9 C0 C11 <wb> C6 C0 C11
gujarati_female_007021|C17 C0 C36 C21 C0 C1 C16 C24 C0 C16 <wb> C28 C0 C23 C7 C0 C29 C0 C22 C0 C16 <wb> C33 C0 C16 <wb> C30 C0 C26 C21 C0 <wb> C30 C0 C28 C0 C34 C0 C11 C22 C0 C3 C0 C29 C0 <wb> C30 C0 C36 C8 C0 C16 <wb> C16 C23 C13 C0 C21 C0 C11 C24 C0 C9 C0 C22 C0 C1 C23 <wb> C5 C0 C1 C29 C0 <wb> C34 C0 C11 C30 C0 C34 C0 <wb> C11 C19 C0 <wb> C34 C0 C37 C0 C11 C24 C0 C34 C0 C16 <wb> C34 C0 C37 C0 C11 C24 C0 C34 C0 C16 <wb> C0 C24 C0 C11 <wb> C28 C0 C1 C23 C5 C0 <wb> C37 C0 C24 C0 <wb> C9 C0 C11 C24 C0 C16 <wb> C31 C0 C29 C0 C11 C25 C0 C16 <wb> C36 C28 C0 C29 C0 C1 C23 C32 C0 <wb> C28 C0 C1 C23 C5 C0 <wb> C28 C0 C29 C0 C11 C19 C0 C34 C0 C16 C30 C0 <wb> C22 C0 C11 C5 C0 C26 C24 C0 C36 C23 <wb> C1 C38 C0 C26 C17 C0 C24 C0 <wb> C33 C0 C38 C0 C36 C23 <wb> C6 C0 C11
gujarati_female_007027|C6 C0 C1 C32 C0 C16 <wb> C1 C13 C0 C21 C0 <wb> C3 C0 C11 <wb> C12 C0 C1 C23 C34 C0 C1 C37 C0 C1 C21 C0 C36 C23 <wb> C15 C0 C1 C9 C0 C19 C0 C36 C23 <wb> C36 C9 C0 C37 C0 C1 <wb> C22 C0 C1 C34 C0 C11 C24 C0 C1 <wb> C28 C0 C16 C6 C0 C1 <wb> C28 C0 C1 C23 C20 C0 C26 <wb> C0 C24 C0 C11 <wb> C1 C23 C31 C0 C16 C19 C0 <wb> C29 C0 C16 C32 C0 C11 <wb> C36 C21 C0 C34 C0 C26 <wb> C0 C23 C13 C0 C36 C35 C0 C1 C24 C0 C26 <wb> C30 C0 C22 C0 C1 C37 C0 C11 C31 C0 <wb> C33 C0 C1 C38 C0 <wb> C6 C0 C11
gujarati_female_007030|C15 C0 C32 C0 C16 C19 C0 <wb> C29 C0 C26 C31 C0 C24 C0 C11 <wb> C3 C0 C26 C21 C0 C16 C37 C0 C36 C9 C0 C22 C0 C1 C23 <wb> C0 C13 C0 C16 C38 C0 C1 C29 C0 <wb> C37 C0 C29 C0 C31 C0 <wb> C28 C0 C36 C29 C0 C1 C23 <wb> C19 C0 C29 C0 C38 C0 C1 C23 <wb> C32 C0 C11 C24 C0 C16 <wb> C28 C0 C1 C29 C0 C34 C0 C16 <wb> C31 C0 C1 C15 C0 C29 C0 C36 C20 C0 <wb> C20 C0 C1 C24 C0 C11 <wb> C30 C0 C16 C23 C13 C0 C1 C28 C0 C26 C29 C0 C22 C0 C1 C23 <wb> C1 C28 C0 C16
gujarati_female_007042|C32 C0 C11 C23 C9 C0 C36 C21 C0 C19 C0 C29 C0 <wb> C13 C0 C23 C4 C0 C16 C29 C0 <wb> C18 C0 C15 C0 C16 C29 C0 C20 C0 C1 C24 C0 <wb> C28 C0 C29 C0 C37 C0 C16 C25 C0 <wb> C19 C0 C36 C22 C0 C1 C29 C0 <wb> C30 C0 C11 C15 C0 C37 C0 C1 C13 C0 <wb> C17 C0 C11 C37 C0 C1 <wb> C19 C0 C29 C0 C16 C19 C0 C11 C34 C0 C29 C0 C26 C24 C0 C11 <wb> C33 C0 C38 C0 C11 C21 C0 C16 <wb> C16 C17 C0 C1 <wb> C0 C23 C13 C0 C11 <wb> C32 C0 C11 C25 C0 C11 <wb> C20 C0 C1 C30 C0 <wb> C5 C0 C16 C23 C32 C0 C1 <wb> C37 C0 C38 C0 C19 C0 C32 C0 <wb> C19 C0 C29 C0 C38 C0 C1 <wb> C37 C0 C13 C0 C29 C0 <wb> C19 C0 C15 C0 C38 C0 C36 C23 <wb> C15 C0 C32 C0 C36 C23
gujarati_female_007056|C12 C0 C16 C18 C0 C16 C38 C0 C26 <wb> C33 C0 C11 C29 C0 C28 C0 C16 C24 C0 C1 <wb> C4 C0 C1 C13 C0 C29 C0 C36 C28 C0 C11 <wb> C9 C0 C16 C12 C0 C29 C0 C24 C0 C34 C0 <wb> C16 C21 C0 C11 C19 C0 C34 C0 C29 C0 C16 C19 C0 <wb> C19 C0 C29 C0 C24 C0 C34 C0 <wb> C22 C0 C1 C34 C0 C11 <wb> C16 C24 C0 C34 C0 C29 C0 <wb> C12 C0 C11 C24 C0 C30 C0 C16 C38 C0 C21 C0 <wb> C33 C0 C11 C29 C0 C1 C28 C0 C16 <wb> C22 C0 C31 C0 C16 C24 C0 <wb> C9 C0 C11 C37 C0 C21 C0 C26 C28 C0 <wb> C19 C0 C29 C0 C37 C0 C1 C22 C0 C1 C23 <wb> C1 C37 C0 C38 C0 C36 C23
gujarati_female_007059|C1 C23 C32 C0 C29 C0 C29 C0 C1 C31 C0 C34 C0 C29 C0 C16 C38 C0 <wb> C29 C0 C36 C34 C0 <wb> C28 C0 C29 C0 <wb> C11 C29 C0 <wb> C16 C24 C0 C9 C0 C16 C38 C0 C1 <wb> C24 C0 C1 C23 <wb> C3 C0 C26 C16 C23 C13 C0 <wb> C30 C0 C1 C32 C0 <wb> C30 C0 C26 <wb> C30 C0 C16 C32 C0 C38 C0 C26 C32 C0 C11 C29 C0 <wb> C17 C0 C11 C37 C0 C1 C23 <wb> C22 C0 C26 C34 C0 C1 C23 <wb> C37 C0 C16 C22 C0 C1 C24 C0 C26 C22 C0 C1 C23 <wb> C29 C0 C26 C17 C0 C24 C0 C16 <wb> C30 C0 C29 C0 C11 C29 C0 C1 C31 C0 <wb> C7 C0 C30 C0 <wb> C15 C0 C17 C0 C1 C29 C0 <wb> C3 C0 C11 C35 C0 C19 C0 C26 <wb> C36 C28 C0 C21 C0 C3 C0 C8 C0 <wb> C29 C0 C15 C0 C11 C32 C0 C16 <wb> C15 C0 C32 C0 C16
gujarati_female_007060|C37 C0 C38 C0 C1 C38 C0 C1 C22 C0 <wb> C28 C0 C31 C0 C5 C0 C1 C32 C0 <wb> C13 C0 C21 C0 C1 C38 C0 C19 C0 C26 C17 C0 C16 C24 C0 C24 C0 C26 <wb> C30 C0 C23 C13 C0 C29 C0 C15 C0 <wb> C12 C0 C29 C0 C16 <wb> C28 C0 C36 C29 C0 C26 <wb> C19 C0 C29 C0 C37 C0 C1 <wb> C28 C0 C23 C7 C0 C29 C0 <wb> C22 C0 C16 C24 C0 C16 C34 C0 C22 C0 C1 C23 <wb> C12 C0 C21 C0 C26 <wb> C19 C0 C11 <wb> C32 C0 C11 C24 C0 C1 <wb> C29 C0 C30 C0 <wb> C29 C0 C36 C28 C0 C11 <wb> C19 C0 C1 C29 C0 C3 C0 C26 C15 C0 C1 C16 C9 C0 C29 C0 C11 C34 C0 <wb> C21 C0 C11 C37 C0 C1 <wb> C17 C0 C26 C16 C11
gujarati_female_007069|C32 C0 C11 C22 C0 C17 C0 <wb> C20 C0 C1 C23 C9 C0 <wb> C22 C0 C16 C9 C0 C16 C38 C0 C22 C0 C26 C24 C0 C26 <wb> C4 C0 C1 C37 C0 <wb> C28 C0 C25 C0 <wb> C32 C0 C11 C34 C0 C21 C0 C1 C23 C17 C0 <wb> C22 C0 C1 C29 C0 C17 C0 C16 C24 C0 C33 C0 C16 <wb> C32 C0 C29 C0 C25 C0 <wb> C30 C0 C26 <wb> C24 C0 C1 <wb> C24 C0 C26 C23 C8 C0 C28 C0 C1 C32 C0 C29 C0 <wb> C37 C0 C8 C0 C1 C29 C0 C1 <wb> C30 C0 C1 C33 C0 C11 <wb> C0 C13 C0 C1 C36 C24 C0 C1 <wb> C32 C0 C29 C0 C25 C0 <wb> C15 C0 C17 C0 C1 C29 C0 <wb> C28 C0 C5 C0 C1 C30 C0 <wb> C33 C0 C16 <wb> C11 C19 C0 C32 C0 C29 C0 C16 C30 C0 C26 <wb> C30 C0 C1 C22 C0 C11 <wb> C37 C0 C8 C0 C16 C24 C0 C11 <wb> C32 C0 C29 C0 C25 C0 <wb> C15 C0 C17 C0 C1 C29 C0 <wb> C32 C0 C29 C0 C25 C0 <wb> C30 C0 C26 <wb> C28 C0 C5 C0 C5 C0 C16 C30 C0 <wb> C33 C0 C16 <wb> C32 C0 C29 C0 C25 C0 <wb> C15 C0 C17 C0 C1 C29 C0 <wb> C5 C0 C1 C29 C0 C30 C0 C26 <wb> C33 C0 C38 C0 C26 <wb> C15 C0 C32 C0 C26
gujarati_female_007070|C22 C0 C1 C32 C0 C29 C0 <wb> C31 C0 C37 C0 C11 C32 C0 <wb> C31 C0 C38 C0 C1 C22 C0 <wb> C29 C0 C23 C13 C0 <wb> C8 C0 C29 C0 C1 C37 C0 C32 C0 C36 C23 <wb> C0 C24 C0 C11 <wb> C1 C19 C0 C29 C0 C31 C0 C19 C0 <wb> C7 C0 C11 C15 C0 C21 C0 C1 C21 C0 C16 C32 C0 C38 C0 C24 C0 C36 C23 <wb> C22 C0 C1 C21 C0 C16 C19 C0 <wb> C28 C0 C29 C0 C19 C0 C32 C0 C16 C24 C0 C36 C23 <wb> C20 C0 C36 C3 C0 <wb> C21 C0 C1 C9 C0 C19 C0 C37 C0 C1 C38 C0 C36 C23 <wb> C28 C0 C23 C20 C0 C16 <wb> C32 C0 C11 <wb> C7 C0 C36 C8 C0 C29 C0 C1 C17 C0
gujarati_female_007073|C37 C0 C2 C31 C0 C25 C0 C37 C0 C24 C0 C26 <wb> C22 C0 C36 C20 C0 C38 C0 <wb> C8 C0 C29 C0 C22 C0 <wb> C11 <wb> C17 C0 <wb> C6 C0 C11 <wb> C19 C0 C11 <wb> C28 C0 C26 C32 C0 C1 C24 C0 C1 <wb> C15 C0 C7 C0 C38 C0 C22 C0 C1 C23 <wb> C28 C0 C29 C0 C4 C0 C36 C24 C0 C36 C23 <wb> C30 C0 C37 C0 C29 C0 C36 C28 C0 <wb> C37 C0 C16 C29 C0 C36 C7 C0 C8 C0 <wb> C8 C0 C29 C0 C22 C0 C26 C24 C0 C1 <wb> C1 C31 C0 C29 C0 C38 C0 C38 C0 C36 C19 C0 C32 C0 <wb> C6 C0 C11
gujarati_female_007077|C22 C0 C25 C0 C16 C24 C0 C13 C0 C29 C0 C22 C0 C1 C23 <wb> C29 C0 C15 C0 C11 C32 C0 C1 <wb> C16 C19 C0 C26 C32 C0 C11 C29 C0 <wb> C37 C0 C29 C0 C31 C0 C16 C38 C0 <wb> C29 C0 C17 C0 C24 C0 C16 C19 C0 C1 C24 C0 C32 C0 <wb> C31 C0 C36 C19 C0 C21 C0 <wb> C6 C0 C11 C21 C0 C21 C0 C1 <wb> C3 C0 C1 C29 C0 <wb> C37 C0 C29 C0 C31 C0 C33 C0 C16 <wb> C30 C0 C1 C32 C0 <wb> C19 C0 C2 C21 C0 C1 C30 C0 <wb> C31 C0 C16 C20 C0 C29 C0 C24 C0 C16 <wb> C38 C0 C1 C32 C0 C29 C0 C1 <wb> C19 C0 C29 C0 C11 <wb> C6 C0 C11
gujarati_female_007081|C15 C0 C1 C23 <wb> C20 C0 C11 C23 C25 C0 C16 C23 <wb> C1 C38 C0 <wb> C21 C0 C11 <wb> C20 C0 C1 C37 C0 C16 <wb> C6 C0 C11 <wb> C19 C0 C31 C0 C1 C38 C0 <wb> C30 C0 C23 C19 C0 C26 C5 C0 <wb> C37 C0 C13 C0 C29 C0 <wb> C0 C22 C0 C1 C29 C0 C16 <wb> C30 C0 C15 C0 C28 C0 C1 C35 C0 C16 <wb> C19 C0 C24 C0 C38 C0 C1 C26 <wb> C19 C0 C11 C29 C0 C16 <wb> C21 C0 C16 <wb> C17 C0 C29 C0 C1 <wb> C7 C0 C36 C29 C0 <wb> C17 C0 C16 <wb> C22 C0 C26 C17 C0 C33 C0 C16 <wb> C20 C0 C1 C8 C0 C16
gujarati_female_007082|C6 C0 C32 C0 C1 C23 <wb> C4 C0 C1 C29 C0 C32 C0 C24 C0 C1 <wb> C30 C0 C27 C33 C0 C16 <wb> C30 C0 C26 C15 C0 C1 C22 C0 C25 C0 C1 C23 <wb> C0 C24 C0 C11 <wb> C30 C0 C1 C15 C0 C30 C0 C16 C19 C0 <wb> C19 C0 C29 C0 C16 C19 C0 C11 C34 C0 C29 C0 C11 <wb> C28 C0 C26 C32 C0 C1 C24 C0 C16 <wb> C21 C0 C1 C19 C0 C31 C0 C25 C0 C16 C19 C0 <wb> C3 C0 C11 C28 C0 C29 C0 C37 C0 C1 C16 C33 C0 C16 <wb> C34 C0 C37 C0 C16 C34 C0 C29 C0 <wb> C28 C0 C29 C0 <wb> C21 C0 C20 C0 C38 C0 C36 C23 <wb> C19 C0 C31 C0 C36 C23 <wb> C13 C0 C23 C4 C0 C16 C29 C0 <wb> C24 C0 C33 C0 C16
gujarati_female_007089|C32 C0 C38 C0 C1 C23 <wb> C30 C0 C36 C8 C0 C16 C22 C0 C1 C23 <wb> C34 C0 C11 C21 C0 C16 C37 C0 C16 C18 C0 C24 C0 <wb> C28 C0 C29 C0 <wb> C32 C0 C11 C25 C0 C11 <wb> C22 C0 C1 C29 C0 C8 C0 C1 C9 C0 C24 C0 C1 C23 <wb> C0 C24 C0 C11 <wb> C20 C0 C36 C24 C0 C24 C0 C1 C23 <wb> C0 C10 C0 C1 C29 C0 <wb> C15 C0 C17 C0 C1 C29 C0 <wb> C7 C0 C29 C0 C31 C0 C38 C0 C26 <wb> C0 C24 C0 C11 <wb> C0 C31 C0 C21 C0 C16 C21 C0 C32 C0 C1 C24 C0 C1 C23 <wb> C5 C0 C27 C7 C0 <wb> C15 C0 C17 C0 C1 C29 C0 <wb> C28 C0 C1 C24 C0 <wb> C30 C0 C26 <wb> C7 C0 C29 C0 C31 C0 C38 C0 C26 <wb> C17 C0 C26 C16 <wb> C24 C0 C1 C20 C0 C38 C0 C1 C23 <wb> C15 C0 C26 C38 C0 <wb> C6 C0 C11
gujarati_female_007098|C20 C0 C24 C0 C16 C17 C0 C17 C0 C24 C0 C38 C0 <wb> C3 C0 C21 C0 C32 C0 C25 C0 <wb> C1 C8 C0 C1 C29 C0 C16 C32 C0 <wb> C37 C0 C1 C15 C0 C24 C0 C26 C24 C0 C36 C23 <wb> C22 C0 C16 C31 C0 C29 C0 <wb> C3 C0 C21 C0 C32 C0 C25 C0 C24 C0 C1 <wb> C37 C0 C1 C15 C0 C24 C0 C26 C22 C0 C1 C23 <wb> C29 C0 C36 C28 C0 C1 C23 C32 C0 C29 C0 <wb> C19 C0 C29 C0 C37 C0 C1 <wb> C22 C0 C1 C34 C0 C11 <wb> C37 C0 C28 C0 C29 C0 C1 C32 C0 C16 <wb> C19 C0 C16 C34 C0 <wb> C28 C0 C29 C0 C24 C0 C16 <wb> C1 C3 C0 C19 C0 C1 C29 C0 C16 <wb> C17 C0 C19 C0 C1 C32 C0 <wb> C14 C0 C9 C0 C37 C0 C1 C22 C0 C1 C23 <wb> C1 C37 C0 C16 <wb> C6 C0 C11
gujarati_female_007099|C32 C0 C1 C28 C0 C16 <wb> C24 C0 C7 C0 C16 <wb> C19 C0 C16 C24 C0 C1 C29 C0 C11 <wb> C13 C0 C36 C17 C0 C29 C0 C1 C32 C0 C24 C0 C16 <wb> C0 C30 C0 C22 C0 C16 C32 C0 C1 C24 C0 C16 <wb> C1 C15 C0 C21 C0 C1 C7 C0 C24 C0 C16 <wb> C0 C24 C0 C36 C4 C0 C36 C32 C0 C16 <wb> C19 C0 C29 C0 C1 C37 C0 C32 C0 C26 <wb> C1 C29 C0 C38 C0 <wb> C31 C0 C36 C29 C0 C37 C0 C16 C29 C0 C32 C0 C1 C24 C0 C26 <wb> C16 C32 C0 C16 C15 C0 C1 C30 C0 <wb> C0 C7 C0 C4 C0 C36 C32 C0 <wb> C0 C24 C0 C11 <wb> C13 C0 C27 C29 C0 C37 C0 C37 C0 C23 C32 C0 C26 <wb> C6 C0 C11
gujarati_female_007101|C26 C6 C0 C1 C22 C0 C1 C23 <wb> C26 C6 C0 C16 <wb> C28 C0 C1 C23 C5 C0 <wb> C15 C0 C17 C0 C1 C29 C0 <wb> C24 C0 C16 <wb> C30 C0 C23 C20 C0 C38 C0 C1 <wb> C8 C0 C29 C0 C1 C37 C0 C32 C0 C16 <wb> C17 C0 C13 C0 C38 C0 C1 <wb> C17 C0 C38 C0 C1 C23 <wb> C28 C0 C23 C5 C0 C26 C32 C0 C11 C29 C0 <wb> C34 C0 C19 C0 C1 <wb> C28 C0 C36 C29 C0 C36 C31 C0 C26 C24 C0 C16 <wb> C1 C37 C0 C19 C0 <wb> C20 C0 C11 C32 C0 C16 <wb> C30 C0 C16 C37 C0 C1 C38 C0 C24 C0 C1 <wb> C30 C0 C32 C0 C29 C0 C26 C32 C0 C26 <wb> C28 C0 C29 C0 <wb> C1 C8 C0 C1 C29 C0 C16 C32 C0 <wb> C15 C0 C26 C38 C0 <wb> C6 C0 C11
gujarati_female_007102|C4 C0 C11 C23 C30 C0 C26 <wb> C7 C0 C36 C8 C0 <wb> C7 C0 C11 C32 C0 C16 <wb> C37 C0 C20 C0 C32 C0 C11 <wb> C17 C0 C11 C22 C0 <wb> C1 C23 C20 C0 <wb> C22 C0 C16 C23 C5 C0 C16 C24 C0 C11 <wb> C24 C0 C16 C30 C0 C32 C0 C3 C0 C8 C0 <wb> C36 C4 C0 C16 <wb> C29 C0 C15 C0 C11 <wb> C6 C0 C11 <wb> C32 C0 C11 C22 C0 <wb> C1 C19 C0 C1 C31 C0 <wb> C32 C0 C9 C0 C19 C0 C1 C24 C0 C16 <wb> C30 C0 C11 C29 C0 C26 <wb> C6 C0 C26 C9 C0 C32 C0 C36 C23 <wb> C17 C0 <wb> C29 C0 C15 C0 C11 <wb> C6 C0 C11
gujarati_female_007103|C3 C0 C16 C21 C0 <wb> C19 C0 C21 C0 C16 C24 C0 C34 C0 C24 C0 C24 C0 C1 C23 <wb> C11 C19 C0 <wb> C17 C0 <wb> C30 C0 C34 C0 C11 C34 C0 C22 C0 C11 C24 C0 C34 C0 C33 C0 C16 <wb> C3 C0 C1 C38 C0 C26 C34 C0 C11 C19 C0 <wb> C19 C0 C23 C28 C0 C24 C0 C16 C24 C0 C1 C23 <wb> C31 C0 C11 C29 C0 <wb> C22 C0 C1 C29 C0 C19 C0 C11 C34 C0 C22 C0 C1 C23 <wb> C12 C0 C19 C0 C32 C0 <wb> C3 C0 C11 <wb> C7 C0 C16 C37 C0 C30 C0 C22 C0 C1 C23 <wb> C28 C0 C5 C0 C1 C30 C0 <wb> C0 C3 C0 C17 C0 <wb> C9 C0 C26 C21 C0 C29 C0 C24 C0 C36 C23 <wb> C13 C0 C1 C3 C0 C9 C0 C36 <wb> C28 C0 C9 C0 C38 C0 C36 C23 <wb> C15 C0 C32 C0 C36 C23
gujarati_female_007110|C7 C0 C36 C8 C0 C16 <wb> C19 C0 C1 C19 C0 C9 C0 C16 <wb> C29 C0 C16 C23 C13 C0 C25 C0 <wb> C34 C0 C16 C23 C9 C0 C26 C21 C0 C1 <wb> C4 C0 C16 C23 C9 C0 C1 <wb> C17 C0 C11 C37 C0 C16 <wb> C5 C0 C16 C17 C0 C26 <wb> C14 C0 C29 C0 <wb> C1 C23 C13 C0 C25 C0 C11 <wb> C36 C13 C0 C1 C9 C0 C37 C0 C1 C24 C0 C26 <wb> C28 C0 C29 C0 C38 C0 C1 C30 C0 <wb> C33 C0 C37 C0 C26 <wb> C17 C0 C26 C16 C11 <wb> C0 C24 C0 C11 <wb> C32 C0 C11 <wb> C22 C0 C1 C34 C0 C11 <wb> C28 C0 C29 C0 C26 C32 C0 C30 C0 C1 C15 C0 C24 C0 <wb> C28 C0 C25 C0 <wb> C1 C28 C0 C37 C0 C36 C23 <wb> C17 C0 C26 C16 C11
gujarati_female_007116|C12 C1 C29 C0 C30 C0 <wb> C22 C0 C17 C0 C1 C24 C0 C1 C23 <wb> C28 C0 C1 C19 C0 C11 C21 C0 C1 C23 <wb> C5 C0 C16 C4 C0 C9 C0 C1 C23 <wb> C0 C24 C0 C11 <wb> C29 C0 C30 C0 C7 C0 C1 C29 C0 <wb> C20 C0 C29 C0 C3 C0 C36 C17 C0 C1 C23 <wb> C30 C0 C19 C0 C19 C0 C29 C0 C34 C0 C11 C34 C0 C16 <wb> C24 C0 C16 <wb> C22 C0 C16 C35 C0 C16 <wb> C30 C0 C26 C9 C0 C22 C0 C33 C0 C16 <wb> C1 C20 C0 C36 C23 <wb> C3 C0 C17 C0 C1 C29 C0 <wb> C22 C0 C15 C0 C11 C23 C19 C0 C16 <wb> C36 C35 C0 C38 C0 C36 C23
gujarati_female_007125|C32 C0 C11 <wb> C30 C0 C1 C23 C4 C0 C21 C0 C16 C24 C0 C11 <wb> C15 C0 C30 C0 C32 C1 C23 <wb> C15 C0 C30 C0 C32 C1 C23 <wb> C37 C16 C24 C26 C7 C11 <wb> C19 C0 C15 C0 C38 C0 C36 C23 <wb> C37 C16 C17 C0 C38 C11 <wb> C29 C1 C8 C1 <wb> C30 C0 C1 C33 C0 C11 <wb> C21 C0 C13 C0 C24 C0 <wb> C19 C0 C29 C0 C37 C0 C1 <wb> C22 C0 C1 C34 C0 C11 <wb> C11 C19 C0 <wb> C21 C1 C20 C0 C24 C36 C23 <wb> C7 C0 C15 C11 C17 C0 <wb> C22 C1 C23 C13 C38 C36 C23 <wb> C15 C0 C32 C0 C36 C23
gujarati_female_007128|C19 C1 C29 C0 C25 C0 C19 C11 <wb> C24 C11 C24 C11 C24 C34 C11 C24 C1 C24 C16 <wb> C28 C0 C29 C0 C38 C0 C36 C19 C0 C32 C0 C16 <wb> C0 C8 C0 C26 C29 C0 C19 C0 C32 C0 <wb> C14 C0 C34 C0 C19 C0 C26 C24 C0 C36 C23 <wb> C28 C0 C25 C0 <wb> C28 C0 C29 C0 C13 C0 C29 C0 C15 C0 C25 C0 <wb> C19 C0 C29 C0 C11 <wb> C6 C0 C11
gujarati_female_007141|C15 C0 C37 C0 C11 <wb> C17 C1 C28 C1 C24 C0 C24 C1 C23 <wb> C19 C36 C19 C36 C31 C16 C22 C1 C23 <wb> C24 C38 C36 C19 C0 C21 C16 C38 C0 C29 C0 <wb> C28 C0 C1 C37 C0 C29 C0 <wb> C28 C21 C1 C23 C24 C34 C0 C24 C26 <wb> C1 <wb> C13 C0 C22 C0 C20 C37 C1 C29 C0 <wb> C0 C19 C0 C30 C22 C1 C32 C0 C24 C16 <wb> C32 C0 C37 C1 C29 C16 C20 C0 C22 C1 C23 <wb> C36 C22 C0 C11 C29 C0 C26 <wb> C33 C0 C16 <wb> C29 C0 C15 C0 C11 C21 C0 <wb> C6 C0 C11
gujarati_female_007160|C0 C24 C0 C38 C0 <wb> C28 C0 C23 C20 C16 C26 C24 C16 <wb> C30 C0 C29 C0 C20 C0 C1 C22 C0 C25 C0 C16 C22 C0 C1 C23 <wb> C20 C0 C36 C3 C0 <wb> C36 C23 C14 C0 C25 C0 C31 C16 <wb> C6 C0 C11
gujarati_female_007164|C0 C15 C0 C16 C23 <wb> C32 C0 C26 <wb> C7 C0 C23 C9 C0 C24 C16 <wb> C1 C34 C0 C21 C0 C16 <wb> C29 C0 C19 C0 C22 C0 <wb> C28 C0 C25 C0 <wb> C37 C0 C30 C36 C21 C0 <wb> C33 C0 C37 C0 C1 C24 C0 C16 <wb> C37 C0 C1 C32 C0 <wb> C32 C0 C26 <wb> C3 C0 C1 C17 C0 C36 C11 <wb> C29 C0 C15 C0 C16 <wb> C19 C0 C26 C16 <wb> C28 C0 C25 C0 <wb> C12 C1 C29 C22 C1 <wb> C19 C0 C23 C28 C0 C24 C0 C16 <wb> C30 C0 C1 C22 C0 C11 <wb> C19 C0 C1 C29 C0 C38 C0 C37 C0 C1 C15 C0 C16 <wb> C19 C0 C29 C0 C37 C0 C1 C22 C0 C1 C23 <wb> C1 C37 C0 C16 <wb> C24 C0 C33 C0 C16
gujarati_female_007168|C28 C0 C29 C0 C23 C32 C0 C36 <wb> C1 C28 C0 C25 C0 C16 <wb> C5 C0 C29 C0 C5 C0 C1 <wb> C24 C0 C38 C0 C36 C34 C0 C29 C0 C26 C24 C0 <wb> C32 C0 C1 C29 C0 C1 <wb> C19 C0 C11 <wb> C3 C21 C11 C19 C0 C15 C26 C21 C0 <wb> C0 C23 C13 C0 C11 <wb> C24 C0 C33 C0 C16
gujarati_female_007169|C22 C0 C24 C0 C22 C0 C1 C23 <wb> C1 C37 C0 C26 <wb> C14 C0 C1 C34 C0 <wb> C14 C0 C9 C16 C24 C11 <wb> C11 C19 C0 <wb> C17 C0 C3 C0 C29 C0 C7 C0 C30 C0 C32 C0 <wb> C37 C0 C9 C0 <wb> C28 C0 C29 C0 <wb> C32 C0 C11 <wb> C5 C0 C9 C38 C26
gujarati_female_007178|C1 C20 C0 C29 C0 C11 <wb> C32 C0 C11 C26 C11 <wb> C32 C0 C11 C24 C0 C16 <wb> C20 C0 C1 C30 C0 <wb> C3 C0 C15 C11 C24 C0 C28 C0 C25 C16 C24 C11 <wb> C1 <wb> C19 C0 C1 C22 C0 <wb> C30 C0 C26 C23 C28 C0 C38 C0 C36 C23
gujarati_female_007207|C16 C31 C0 C1 C23 C32 C0 <wb> C31 C0 C29 C0 C22 C0 C1 <wb> C28 C0 C29 C0 C17 C0 C24 C0 C1 C24 C0 <wb> C26 C18 C0 C1 <wb> C29 C0 C37 C0 C16 C24 C0 C7 C0 C29 C0 <wb> C17 C0 C1 C9 C0 C11 C17 C0 C1 <wb> C28 C0 C1 C29 C0 C33 C0 C16 C37 C0 <wb> C28 C0 C34 C0 C11 C21 C0 <wb> C28 C0 C25 C0 <wb> C32 C0 C16 C37 C0 C29 C0 <wb> C15 C0 C29 C0 C16 C12 C0 C1 C16 <wb> C37 C0 C5 C0 C5 C0 C11 <wb> C30 C0 C33 C0 C1 C24 C0 <wb> C24 C0 C33 C0 C16 <wb> C22 C0 C11 C21 C0 C37 C0 C16 <wb> C31 C0 C19 C0 C38 C0 C1
gujarati_female_007210|C32 C0 C26 <wb> C19 C0 C38 C0 C1 C29 C0 C11 C19 C0 <wb> C3 C0 C15 C0 C36 <wb> C21 C0 C1 C23 C3 C0 C1 <wb> C13 C0 C1 C21 C0 C1 C24 C0 C26 <wb> C19 C0 C23 C34 C0 C1 C21 C0 C26 <wb> C22 C0 C1 C25 C0 C30 C0 C24 C0 C11 <wb> C9 C0 C16 C30 C0 C33 C0 C1 C22 C0 C16 C1 <wb> C17 C0 C11 C37 C0 C1 <wb> C11 C19 C0 C7 C0 C22 C0 <wb> C32 C0 C16 C37 C0 C29 C0 <wb> C9 C0 C16 C28 C0 C29 C0 C11 C31 C0 C24 C0 <wb> C0 C24 C0 C11 <wb> C32 C0 C1 C25 C0 <wb> C32 C0 C29 C0 C12 C0 <wb> C28 C0 C25 C0 <wb> C8 C0 C19 C0 C11 C21 C0 C16 <wb> C31 C0 C19 C0 C11 <wb> C6 C0 C11
gujarati_female_007212|C31 C0 C2 C23 C21 C0 C21 C0 <wb> C1 <wb> C19 C0 C31 C0 C11 C32 C0 C29 C0 <wb> C22 C0 C1 C34 C0 C11 <wb> C24 C0 C11 C31 C0 C24 C0 C21 C0 <wb> C30 C0 C11 C24 C0 C34 C0 C29 C0 <wb> C12 C0 C26 C29 C0 <wb> C11 C9 C0 C37 C0 C1 C24 C0 C30 C0 C16 C23 C13 C0 <wb> C34 C0 C29 C0 C1 C24 C0 C30 C0 C28 C0 C21 C0 C11 C31 C0 C24 C0 <wb> C30 C0 C1 C38 C0 C24 C0 C30 C0 <wb> C31 C0 C29 C0 C36 <wb> C19 C0 C29 C0 C16 <wb> C29 C0 C15 C0 C16 <wb> C6 C0 C11
gujarati_female_007216|C1 C14 C0 C38 C0 C1 C32 C0 C22 C0 C16 C19 C0 <wb> C17 C0 C24 C0 C1 C24 C0 C4 C0 C1 C33 C0 C36 <wb> C3 C0 C1 C23 C8 C0 C37 C0 C1 <wb> C22 C0 C1 C34 C0 C11 <wb> C8 C0 C29 C0 C22 C0 C24 C0 C11 <wb> C28 C0 C29 C0 C1 C8 C0 C1 C24 C0 C38 C0 C32 C0 C1 <wb> C1 C28 C0 C16 C24 C0 C11 <wb> C28 C0 C26 C18 C0 C16 C34 C0 C16 C37 C0 <wb> C0 C4 C0 C16 C13 C0 C22 C0 <wb> C0 C28 C0 C24 C0 C1 C37 C0 C37 C0 C26 <wb> C17 C0 C26 C16 C11
gujarati_female_007221|C16 C23 C7 C0 C29 C0 C16 C38 C0 <wb> C0 C24 C0 C11 <wb> C7 C0 C11 C15 C0 C24 C0 C11 <wb> C21 C0 C27 C19 C0 C16 C19 C0 <wb> C19 C0 C1 C29 C0 C38 C0 C1 C7 C0 C16 C22 C0 C1 C23 C33 C0 C16 <wb> C20 C0 C11 C23 C5 C0 C16 <wb> C21 C0 C16 <wb> C4 C0 C13 C0 C37 C0 C32 C0 <wb> C30 C0 C11 C37 C0 C1 C22 C0 C1 C23 <wb> C28 C0 C29 C0 C38 C0 C26 C17 C0 C37 C0 C1 <wb> C24 C0 C11 C32 C0 C29 C0 C24 C0 C26 <wb> C22 C0 C36 C20 C0 C38 C0 <wb> C8 C0 C29 C0 C22 C0 <wb> C28 C0 C29 C0 C4 C0 C36 C24 C0 C1 <wb> C7 C0 C29 C0 C31 C0 C24 C0 <wb> C19 C0 C29 C0 C37 C0 C1 C24 C0 C26 <wb> C6 C0 C11
gujarati_female_007234|C28 C0 C16 C32 C0 C1 C17 C0 C16 C11 <wb> C28 C0 C29 C0 C15 C0 C21 C0 C21 C0 C1 C7 C0 C17 C0 C16 C24 C0 C11 <wb> C4 C0 C13 C0 C37 C0 C32 C0 C30 C0 C22 C0 C29 C0 C25 C0 <wb> C32 C0 C33 C0 C1 <wb> C4 C0 C17 C0 C24 C0 C1 C7 C0 C16 C19 C0 C24 C0 C26 <wb> C32 C0 C38 C0 C1 C13 C0 <wb> C19 C0 C29 C0 C37 C0 C1 <wb> C3 C0 C15 C0 C36 <wb> C28 C0 C29 C0 C19 C0 C1 C29 C0 C11 <wb> C30 C0 C22 C0 C17 C0 C1 C37 C0 C37 C0 C1 <wb> C6 C0 C32 C0 C1 C23 <wb> C32 C0 C11 C22 C0 C25 C0 C11 <wb> C4 C0 C13 C0 C37 C0 C32 C0 <wb> C30 C0 C22 C0 C29 C0 C25 C0 C1 C7 C0 C16 C19 C0 C24 C0 C26 <wb> C32 C0 C38 C0 C1 C13 C0 <wb> C19 C0 C29 C0 C38 C0 C26 <wb> C24 C0 C15 C0 C16
gujarati_female_007245|C28 C0 C29 C0 C23 C32 C0 C36 <wb> C1 <wb> C11 C37 C0 C26 <wb> C30 C0 C22 C0 C38 C0 C24 C0 C26 <wb> C13 C0 C1 C21 C0 C26 <wb> C15 C0 C32 C0 C26 <wb> C17 C0 C38 C0 C1 C29 C0 C11 <wb> C6 C0 C16 C6 C0 C29 C0 C1 <wb> C15 C0 C36 C23 C12 C0 C1 C21 C0 C1 <wb> C36 C31 C0 C25 C0 C19 C0 C34 C0 C16 C3 C0 C23 C8 C0 C24 C0 C1 <wb> C28 C0 C1 C25 C0 C16 C22 C0 C1 C23 <wb> C38 C0 C36 C29 C0 C26 C28 C0 <wb> C7 C0 C37 C0 C16 C28 C0 C30 C0 C22 C0 C36 C15 C0 <wb> C15 C0 C32 C0 C26
gujarati_female_007250|C24 C0 C26 C19 C0 C29 C0 C16 C38 C0 C1 C32 C0 C26 C24 C0 C1 C23 <wb> C36 C17 C0 C21 C0 C1 C23 <wb> C24 C0 C11 <wb> C24 C0 C37 C0 C1 C23 <wb> C19 C0 C28 C0 C9 C0 C1 C23 <wb> C14 C0 C11 C29 C0 <wb> C29 C0 C15 C0 C11 C24 C0 C1 C29 C0 C1 C23 <wb> C19 C0 C36 C32 C0 C36 C15 C0 C21 C0 C33 C0 C16 <wb> C17 C0 C26 C16 <wb> C29 C0 C15 C0 C11 <wb> C19 C0 C26 C19 C0 <wb> C4 C0 C1 C37 C0 <wb> C28 C0 C36 C6 C0 C11
gujarati_female_007261|C26 C13 C0 C25 C0 C16 C30 C0 C26 <wb> C11 C19 C0 C19 C0 C26 C32 C0 C11 C29 C0 <wb> C22 C0 C1 C23 <wb> C26 C30 C0 C34 C0 C29 C0 C11 C21 C0 C16 C38 C0 C1 <wb> C0 C24 C0 C11 <wb> C16 C23 C13 C0 C21 C0 C11 C24 C0 C9 C0 <wb> C37 C0 C5 C0 C5 C0 C11 C24 C0 C16 <wb> C22 C0 C11 C21 C0 C3 C0 C26 C29 C0 C24 C0 <wb> C19 C0 C29 C0 C16 C19 C0 C11 C34 C0 <wb> C13 C0 C29 C0 C1 C36 C24 C0 C9 C0 <wb> C20 C0 C1 C32 C0 C11 C24 C0 C16 <wb> C32 C0 C29 C0 C16 C17 C0 C16 <wb> C11 C31 C0 C16 C18 C0 <wb> C34 C0 C11 C30 C0 C34 C0 <wb> C37 C0 C29 C0 C30 C0 C1 C7 C0 C24 C0 C1 <wb> C19 C0 C1 C29 C0 C25 C0 C11 <wb> C29 C0 C7 C0 <wb> C33 C0 C16 <wb> C15 C0 C32 C0 C16
gujarati_female_007272|C29 C0 C26 C15 C0 C16 C32 C0 <wb> C31 C0 C29 C0 C22 C0 C1 <wb> C0 C24 C0 C11 <wb> C31 C0 C29 C0 C16 C30 C0 C23 C32 C0 C24 C0 C16 <wb> C1 C31 C0 C5 C0 C29 C0 C38 C0 C17 C0 C24 C0 C19 C0 <wb> C3 C0 C1 C7 C0 C3 C0 C1 C19 C0 C16 <wb> C34 C0 C16 C22 C0 C22 C0 C1 C23 <wb> C1 C35 C0 <wb> C3 C0 C11 C34 C0 C30 C0 C22 C0 C11 C24 C0 C26 <wb> C5 C0 C1 C29 C0 <wb> C12 C0 C1 C30 C0 C34 C0 C29 C0 C26 <wb> C0 C24 C0 C11 <wb> C32 C0 C29 C0 C25 C0 <wb> C30 C0 C28 C0 C16 C24 C0 C29 C0 C26
gujarati_female_007278|C30 C0 C1 C35 C0 C24 C0 C16 <wb> C30 C0 C28 C0 C16 C9 C0 C11 <wb> C15 C0 C36 C22 C0 C21 C0 C26 <wb> C19 C0 C29 C0 C16 <wb> C31 C0 C19 C0 C11 <wb> C11 C37 C0 C16 <wb> C1 <wb> C1 C25 C0 C37 C0 C16 C19 C0 <wb> C30 C0 C3 C0 C22 C0 C29 C0 C16 C24 C0 <wb> C11 C23 C31 C0 C16 <wb> C22 C0 C11 C13 C0 C1 C37 C0 C26 C34 C0 C24 C0 C36 C23 <wb> C11 C23 C17 C0 C16 C24 C0 <wb> C8 C0 C29 C0 C1 C37 C0 C11 <wb> C6 C0 C11
gujarati_female_007280|C15 C0 C17 C0 C16 <wb> C1 C17 C0 C11 C38 C0 <wb> C22 C0 C26 C30 C0 C1 C21 C0 C24 C0 C1 <wb> C11 <wb> C13 C0 C1 C22 C0 C24 C0 C16 <wb> C30 C0 C37 C0 C1 C29 C0 <wb> C3 C0 C28 C0 C26 C29 C0 <wb> C30 C0 C1 C23 C17 C0 <wb> C29 C0 C1 C32 C0 C24 C0 C16 <wb> C0 C21 C0 C13 C0 <wb> C0 C21 C0 C13 C0 <wb> C13 C0 C23 C8 C0 C1 C24 C0 C36 C4 C0 C36 C32 C0 C16 <wb> C22 C0 C1 C29 C0 C36 C23 <wb> C22 C0 C24 C0 <wb> C32 C0 C23 C32 C0 C26 C32 C0 C23 C32 C0 <wb> C30 C0 C36 C23 C8 C0 C16 <wb> C31 C0 C19 C0 C11 <wb> C6 C0 C11
gujarati_female_007287|C31 C0 C29 C0 C16 <wb> C37 C0 C16 C31 C0 C37 C0 C19 C0 C29 C0 C22 C0 C1 C24 C0 C1 C23 <wb> C37 C0 C23 C31 C0 C17 C0 C26 <wb> C3 C0 C29 C0 C15 C0 C22 C0 C19 C0 C36 C21 C0 C26 C32 C0 C28 C0 C24 C0 C24 C0 <wb> C19 C0 C15 C0 C11 C37 C0 C1 C38 C0 <wb> C6 C0 C11 <wb> C32 C0 C11 C33 C0 C16 <wb> C37 C0 C2 C7 C0 C16 C19 C0 <wb> C19 C0 C1 C22 C0 C22 C0 C1 C23 <wb> C32 C0 C33 C0 C1 <wb> C31 C0 C16 C21 C0 C28 C0 <wb> C37 C0 C16 C7 C0 C38 C0 C1 C22 C0 C1 C23 <wb> C32 C0 C11 C26 <wb> C24 C0 C16 C28 C0 C36 C25 C0 <wb> C6 C0 C11
gujarati_female_007295|C32 C0 C11 C24 C0 C1 <wb> C21 C0 C11 C3 C0 C26 C29 C0 C11 C34 C0 C29 C0 C16 <wb> C30 C0 C1 C38 C0 C24 C0 C34 C0 C16 C30 C0 C34 C0 <wb> C30 C0 C11 C21 C0 C30 C0 <wb> C26 C12 C0 C16 C30 C0 C29 C0 <wb> C19 C0 C26 C29 C0 C28 C0 C26 C29 C0 C11 C34 C0 <wb> C11 C19 C0 C18 C0 C16 C19 C0 C38 C0 C36 C34 C0 C16 C37 C0 <wb> C37 C0 C13 C0 C11 C29 C0 C11 C24 C0 C11 <wb> C7 C0 C26 C31 C0 C16 C32 C0 <wb> C35 C0 C11 C29 C0 C37 C0 C37 C0 C1 C22 C0 C1 C23 <wb> C24 C0 <wb> C1 C37 C0 C11 <wb> C32 C0 C26 <wb> C19 C0 C11 C30 C0 <wb> C19 C0 C29 C0 C37 C0 C1 C24 C0 C26 <wb> C12 C0 C1 C38 C0 C7 C0 C26 <wb> C17 C0 <wb> C33 C0 C32 C0 C26 <wb> C24 C0 C33 C0 C16
gujarati_female_007305|C30 C0 C32 C0 C29 C0 C30 C0 C26 C3 C0 C1 C37 C0 C24 C0 <wb> C22 C0 C1 C23 <wb> C3 C0 C11 C24 C0 C17 C0 C1 C22 C0 C16 C24 C0 <wb> C12 C0 C29 C0 C11 C24 C0 C19 C0 C21 C0 C16 C24 C0 <wb> C24 C0 C1 C22 C0 C24 C0 C1 <wb> C22 C0 C15 C0 C1 C24 C0 <wb> C31 C0 C26 C8 C0 C19 C0 C11 <wb> C28 C0 C32 C0 C23 C13 C0 <wb> C37 C0 C9 C0 C11 <wb> C8 C0 C29 C0 C32 C0 C16 <wb> C28 C0 C29 C0 <wb> C37 C0 C16 C17 C0 C21 C0 C16 <wb> C36 C32 C0 C28 C0 C24 C0 <wb> C19 C0 C29 C0 C37 C0 C1 C24 C0 C26 <wb> C28 C0 C29 C0 C38 C0 C26 C13 C0 <wb> C19 C0 C29 C0 C38 C0 C26 <wb> C15 C0 C32 C0 C26
gujarati_female_007313|C15 C0 C1 <wb> C24 C0 C1 <wb> C19 C0 C29 C0 C32 C0 C1 C23 <wb> C1 C20 C0 C29 C0 C11 <wb> C28 C0 C1 C31 C0 <wb> C12 C0 C11 C23 C19 C0 C38 C0 C26 <wb> C32 C0 C38 C0 C1 C23 <wb> C21 C0 C16 C23 C13 C0 C22 C0 C1 C23 C33 C0 C16 <wb> C32 C0 C29 C0 C16 C31 C0 C36 C21 C0 C8 C0 C1 C29 C0 C16 <wb> C31 C0 C16 C37 C0 C17 C0 C16 <wb> C28 C0 C29 C0 C13 C0 C34 C0 <wb> C33 C0 C38 C0 C1 <wb> C0 C24 C0 C11 <wb> C8 C0 C31 C0 C34 C0 C32 C0 C1 <wb> C22 C0 C1 C34 C0 C11 <wb> C38 C0 C22 C0 C29 C0 C1 C17 C0 C24 C0 C11 <wb> C30 C0 C1 C23 C4 C0 C21 C0 C37 C0 C36 C23 <wb> C28 C0 C9 C0 C38 C0 C36 C23
gujarati_female_007317|C15 C0 C1 C21 C0 C22 C0 C1 C23 <wb> C22 C16 C33 C0 C13 C0 C37 C1 C25 C11 C22 C1 C23 <wb> C38 C26 C17 C1 C38 C11 C21 C16 <wb> C29 C11 C21 C16 C22 C1 C23 <wb> C31 C0 C16 C37 C0 C30 C0 C11 C24 C0 C1 C24 C0 C1 <wb> C19 C0 C1 C29 C0 C38 C0 C19 C0 C1 C29 C0 C16 <wb> C28 C0 C29 C0 C22 C0 C36 C20 C0 <wb> C36 C8 C8 C0 C37 C0 <wb> C35 C0 C1 C19 C0 C29 C0 C11 C11 <wb> C29 C0 C22 C11 C31 C0 C24 C1 <wb> C37 C0 C21 C0 C25 C0 <wb> C3 C0 C1 C3 C0 C32 C0 C11 <wb> C31 C0 C23 C19 C0 C1 <wb> C37 C0 C38 C0 C19 C0 C32 C0 <wb> C19 C0 C29 C0 C16 <wb> C15 C0 C32 C0 C16
gujarati_female_007319|C11 <wb> C3 C0 C1 C21 C0 C19 C0 <wb> C4 C0 C16 C9 C0 <wb> C0 C24 C0 C11 <wb> C14 C0 C26 C23 C14 C0 C1 C34 C0 <wb> C31 C0 C22 C0 C16 <wb> C17 C0 C1 C38 C0 <wb> C32 C0 C38 C0 C1 C29 C0 C11 <wb> C32 C0 C22 C0 C29 C0 C1 C23 C24 C0 C1 <wb> C32 C0 C29 C0 C22 C0 <wb> C32 C0 C29 C0 C22 C0 <wb> C37 C0 C5 C0 C5 C0 C11 C33 C0 C16 <wb> C29 C0 C36 C22 C0 C18 C0 C36 C22 C0 <wb> C19 C0 C29 C0 C32 C0 C26 <wb> C5 C0 C1 C21 C0 C38 C0 C26 <wb> C17 C0 C16 <wb> C12 C0 C29 C0 C16 <wb> C17 C0 C29 C0 C16 C38 C0 C1 C24 C0 <wb> C37 C0 C30 C0 C32 C0 C29 C0 C26 <wb> C28 C0 C15 C0 C11 C29 C0 C16 <wb> C21 C0 C11 C32 C0 C26 <wb> C15 C0 C31 C0 C11
gujarati_female_007322|C31 C0 C11 C29 C0 C3 C0 C17 C0 C1 C29 C0 C22 C0 C1 C23 <wb> C26 C24 C0 C21 C0 C1 C16 C24 C0 <wb> C34 C0 C29 C0 C11 C9 C0 C16 C23 C13 C0 <wb> C19 C0 C29 C0 C24 C0 C1 C29 C0 C1 C26 C24 C0 C1 <wb> C28 C0 C1 C30 C0 C37 C0 C29 C0 C9 C0 <wb> C28 C0 C25 C0 <wb> C7 C0 C29 C0 C11 C19 C0 <wb> C34 C0 C29 C0 C11 C9 C0 C16 C23 C13 C0 <wb> C37 C0 C20 C0 C32 C0 C11 <wb> C3 C0 C7 C0 C21 C0 C37 C0 C1 C24 C0 C16 <wb> C30 C0 C16 C30 C0 C34 C0 C22 C0 <wb> C14 C0 C25 C0 C16 <wb> C3 C0 C11 C23 C19 C0 C26 C11 <wb> C36 C4 C0 C16 <wb> C19 C0 C29 C0 C16 <wb> C6 C0 C11
gujarati_female_007327|C0 C20 C0 C3 C0 C1 C29 C0 C26 <wb> C30 C0 C1 C22 C0 C1 C38 C0 C19 C0 C26 C24 C0 C1 <wb> C37 C0 C1 C5 C0 C19 C0 C26 C11 <wb> C19 C0 C26 C22 C0 C24 C0 <wb> C37 C0 C11 C21 C0 C33 C0 <wb> C13 C0 C11 C22 C0 <wb> C30 C0 C16 <wb> C9 C0 C3 C0 C21 C0 C38 C0 C36 <wb> C17 C0 C16 <wb> C19 C0 C27 C4 C0 C1 C23 C9 C0 <wb> C24 C0 C16 <wb> C20 C0 C36 C3 C0 <wb> C24 C0 C16 C23 C7 C0 C1 <wb> C19 C0 C29 C0 C16
gujarati_female_007332|C32 C0 C38 C0 C1 C23 <wb> C19 C0 C22 C0 C28 C0 C38 C0 C36 C34 C0 C29 C0 <wb> C15 C0 C31 C0 C11 <wb> C26 C24 C0 C21 C0 C1 C16 C24 C0 <wb> C22 C0 C1 C15 C0 C16 C32 C0 C16 <wb> C19 C0 C11 <wb> C17 C0 C24 C0 C1 C24 C0 <wb> C28 C0 C29 C0 C1 C28 C0 C32 C0 <wb> C19 C0 C29 C0 C32 C0 C1 <wb> C19 C0 C26 C16 C19 C0 <wb> C38 C0 C36 C37 C0 C19 C0 <wb> C38 C0 C36 C37 C0 C32 C0 C16 <wb> C32 C0 C38 C0 C1 C23 <wb> C22 C0 C21 C0 C16 <wb> C17 C0 C31 C0 C11
gujarati_female_007337|C1 C22 C0 <wb> C37 C0 C16 C5 C0 C1 C29 C0 C16 C24 C0 C11 <wb> C37 C0 C1 C14 C0 <wb> C22 C0 C24 C26 C22 C0 C24 C0 <wb> C9 C0 C29 C16 <wb> C13 C0 C38 C0 C26 <wb> C0 C24 C0 C11 <wb> C37 C0 C1 C37 C0 C1 C18 C0 C26 C9 C0 C1 C24 C0 C1 <wb> C22 C1 C29 C0 C33 C16 <wb> C3 C0 C5 C0 C37 C0 C1 <wb> C22 C0 C1 C34 C0 C11 <wb> C5 C0 C36 C28 C0 C5 C0 C1 C28 C0 <wb> C18 C1 C9 C16 C22 C1 C23 C33 C16 <wb> C24 C0 C16 C19 C0 C21 C0 C16 <wb> C14 C0 C11 C34 C0 C1 C23 <wb> C3 C0 C19 C0 C29 C1 C23 C22 C1 C23 <wb> C4 C0 C21 C0 C16 <wb> C13 C0 C38 C0 C26
gujarati_female_007338|C1 C28 C0 C25 C0 C1 <wb> C28 C0 C33 C0 C37 C0 C16 <wb> C13 C0 C29 C0 C15 C0 <wb> C28 C0 C29 C0 <wb> C37 C0 C30 C0 C32 C0 C1 <wb> C26 C34 C0 C16 C38 C0 C24 C0 C30 C0 <wb> C17 C0 C11 C37 C0 C1 C23 <wb> C3 C0 C11 C19 C0 C34 C0 C11 C29 C0 C16 C38 C0 C1 <wb> C4 C0 C37 C0 C16 C31 C0 C38 C0 C24 C0 C16 <wb> C11 C30 C0 C34 C0 C29 C0 C26 C3 C0 C1 C38 C0 C26 C21 C0 C26 C17 C0 C16 <wb> C30 C0 C22 C0 C17 C0 C37 C0 C1 <wb> C22 C0 C1 C34 C0 C11 <wb> C28 C0 C29 C0 C1 C29 C0 C23 C4 C0 C16 C19 C0 <wb> C0 C4 C0 C38 C0 C1 C30 C0 <wb> C30 C0 C1 C3 C0 C16 C32 C0 <wb> C33 C0 C1 C38 C0 <wb> C32 C0 C11 C22 C0 <wb> C6 C0 C11
gujarati_female_007347|C32 C0 C11 C22 C0 C25 C0 C11 <wb> C3 C0 C16 C21 C0 <wb> C13 C0 C11 C34 C0 C30 C0 <wb> C13 C0 C36 C13 C0 C21 C0 C24 C0 C1 <wb> C11 C29 C0 C16 C19 C0 <wb> C30 C0 C22 C0 C16 C9 C0 <wb> C0 C24 C0 C11 <wb> C0 C24 C0 C38 C0 <wb> C19 C0 C11 C34 C0 C21 C0 C1 C19 C0 <wb> C0 C3 C0 C17 C0 C26 C28 C0 C32 C0 C16 C26 C24 C0 C11 <wb> C28 C0 C26 C32 C0 C1 C24 C0 C1 <wb> C28 C0 C21 C0 C21 C0 C1 C23 C22 C0 C1 C23 <wb> C21 C0 C1 C37 C0 C16 <wb> C7 C0 C16 C8 C0 C1 <wb> C6 C0 C11
gujarati_female_007357|C21 C16 C17 C17 C0 C32 C0 C33 C16 <wb> C11 <wb> C24 C0 C15 C0 C16 C23 <wb> C17 C0 C22 C11 <wb> C31 C0 C1 C23 C32 C0 C16 C33 C0 C16 <wb> C30 C37 C0 C30 C33 C0 C32 C1 C33 C16 <wb> C11 <wb> C19 C0 C28 C0 C9 C0 C1 C23 <wb> C24 C0 C15 C0 C16 C23 <wb> C28 C11 C15 C11 C29 C11 <wb> C0 C7 C0 C3 C0 C33 C16 <wb> C11 <wb> C24 C0 C15 C0 C16 C23 <wb> C5 C0 C1 C21 C0 C11 <wb> C24 C16 C29 C1 C23 C32 C0 C33 C16 <wb> C11 <wb> C24 C0 C15 C0 C16 C23 <wb> C3 C0 C11 C30 C0 C11 <wb> C11 <wb> C7 C26 C9 C0 C31 C11 <wb> C0 C24 C0 C11 <wb> C6 C0 C11 C37 C0 C34 C0 C11 <wb> C19 C0 C15 C11 C31 C11 <wb> C19 C0 C11 <wb> C30 C0 C22 C0 C38 C0 <wb> C28 C0 C30 C0 C1 C29 C0 <wb> C17 C0 <wb> C33 C0 C32 C0 C26 <wb> C24 C0 C33 C0 C16
gujarati_female_007359|C15 C0 C1 C21 C0 C22 C0 C1 C23 <wb> C24 C26 C29 C33 C0 <wb> C29 C0 C1 C17 C0 C30 C0 C33 C0 C1 C24 C0 <wb> C28 C0 C31 C0 C5 C0 C16 C22 C0 <wb> C3 C0 C23 C13 C0 C1 C21 C0 C24 C0 C1 <wb> C36 C28 C0 C30 C1 C13 C0 C29 C0 <wb> C32 C0 C29 C0 C12 C0 <wb> C37 C1 C7 C0 C21 C26 C24 C16 <wb> C4 C0 C1 C29 C0 C11 <wb> C15 C0 C21 C0 C5 C0 C21 C0 <wb> C6 C0 C11
gujarati_female_007370|C1 <wb> C19 C0 C23 C28 C0 C24 C0 C16 C26 C22 C0 C1 C23 <wb> C17 C0 C29 C22 C0 C24 C16 C24 C16 <wb> C1 C29 C0 <wb> C9 C0 C3 C0 C21 C38 C36 C16 <wb> C12 C29 C1 C24 C30 C0 C24 C16 <wb> C37 C16 C37 C1 C21 C9 C16 <wb> C12 C29 C1 C24 C30 C0 C24 C16 <wb> C17 C0 <wb> C30 C37 C11 C17 C0 <wb> C21 C16 C38 C26 C24 C11 C17 C0 <wb> C0 C24 C0 C11 <wb> C0 C22 C0 C11 C29 C0 C16 C19 C0 C1 C24 C0 C1 <wb> C11 C24 C0 C29 C26 C24 C0 <wb> C19 C26 C29 C28 C26 C29 C11 C31 C0 C24 C0 C24 C26 <wb> C30 C0 C22 C0 C1 C37 C0 C11 C31 C0 <wb> C33 C0 C1 C38 C0 <wb> C6 C0 C11
gujarati_female_007380|C30 C36 C31 C22 C1 <wb> C24 C0 C1 C9 C0 C16 <wb> C12 C16 C23 C9 C0 C21 C36 <wb> C37 C0 C1 C21 C0 C16 <wb> C31 C0 C29 C28 C0 <wb> C1 C19 C0 C1 C29 C0 <wb> C12 C11 C25 C0 <wb> C5 C0 C9 C1 C37 C16 <wb> C13 C36 C28 C0 C30 C36 C28 C0 <wb> C3 C0 C11 C35 C0 C16 <wb> C6 C0 C11
gujarati_female_007383|C28 C0 C19 C0 C31 C0 C16 C26 C24 C0 C1 <wb> C19 C0 C23 C35 C0 C22 C0 C1 C23 <wb> C30 C0 C23 C13 C0 C16 C32 C0 <wb> C22 C0 C36 C19 C0 C38 C0 C36 C23 <wb> C6 C0 C11 <wb> C30 C0 C36 C23 C7 C0 C29 C0 <wb> C0 C24 C0 C11 <wb> C22 C0 C8 C0 C36 C29 C0 <wb> C12 C0 C21 C0 <wb> C28 C0 C1 C19 C0 C11 <wb> C11 C37 C0 C16 <wb> C37 C38 C0 C37 C0 C30 C32 C1 <wb> C19 C0 C29 C0 C16 <wb> C6 C0 C11 <wb> C0 C24 C0 C11 <wb> C1 C19 C0 C1 C31 C0 C22 C0 C1 C23 <wb> C0 C7 C7 C0 C4 C36 C32 C0 <wb> C30 C27 C24 C7 C0 C29 C38 C0 <wb> C28 C1 C33 C0 C29 C38 C36 C23 <wb> C6 C0 C11
gujarati_female_007384|C28 C1 C7 C0 C29 C0 C24 C16 <wb> C31 C26 C4 C1 C22 C1 C23 <wb> C20 C1 C30 C26 <wb> C37 C0 C8 C0 C1 C29 C0 C26 <wb> C19 C0 C29 C0 C32 C0 C16 <wb> C11 <wb> C24 C0 C16 C31 C0 C1 C21 C0 <wb> C1 C17 C0 C11 C38 C0 <wb> C36 C17 C17 C0 C9 C0 <wb> C28 C1 C7 C0 C29 C11 <wb> C24 C0 C32 C0 C31 C16 C29 C11 <wb> C0 C7 C0 C3 C0 C33 C16 <wb> C36 C4 C0 C16 <wb> C6 C0 C11
gujarati_female_007403|C0 C24 C0 C11 <wb> C13 C1 C17 C38 C1 <wb> C22 C11 C15 C0 <wb> C37 C0 C29 C0 C30 C0 C32 C1 <wb> C24 C0 C33 C0 C16 <wb> C32 C0 C11 C22 C0 C17 C0 <wb> C4 C0 C30 C0 C32 C1 <wb> C19 C36 C32 C0 C29 C1 <wb> C19 C0 C29 C0 C9 C0 C32 C1 <wb> C24 C0 C33 C0 C16 <wb> C11 <wb> C19 C0 C15 C11 C37 C0 C32 C0 <wb> C28 C0 C1 C6 C0 C21 C0 <wb> C28 C0 C25 C0 <wb> C1 <wb> C17 C0 <wb> C15 C0 C11 C32 C0 C36 <wb> C6 C36 C28 C1 C38 C11 C21 C26 <wb> C6 C0 C11
gujarati_female_007409|C24 C1 C30 C16 C19 C0 C24 C16 <wb> C9 C11 C24 C34 C0 C21 C0 <wb> C19 C0 C26 C21 C0 C11 C17 C0 C24 C0 C1 <wb> C12 C0 C19 C0 C32 C0 <wb> C11 C19 C0 C37 C0 C16 C30 C0 <wb> C37 C0 C29 C0 C31 C0 C24 C0 C16 <wb> C36 C23 C22 C0 C29 C0 C24 C1 <wb> C30 C0 C22 C16 C29 C0 <wb> C17 C0 C2 C24 C0 <wb> C28 C0 C25 C0 <wb> C38 C0 C36 C37 C0 C1 <wb> C31 C26 C8 C0 C19 C0 C24 C16 <wb> C36 C28 C0 C21 C16 <wb> C15 C0 C29 C26 C21 C0 C22 C1 C23 <wb> C6 C0 C11
gujarati_female_007410|C32 C0 C11 <wb> C30 C0 C1 C5 C0 C16 <wb> C37 C0 C1 C32 C0 <wb> C6 C0 C11 <wb> C19 C0 C11 <wb> C32 C0 C11 C24 C0 C11 <wb> C19 C0 C38 C0 C1 C29 C0 C11 C19 C0 <wb> C13 C0 C36 C30 C0 C30 C0 C26 <wb> C5 C0 C10 C0 C11 <wb> C5 C16 C9 C0 <wb> C5 C0 C10 C0 C11 <wb> C0 C25 C0 C13 C0 C22 C26 <wb> C28 C0 C11 C7 C0 C1 <wb> C33 C0 C1 C38 C0 <wb> C28 C0 C25 C0 <wb> C1 C37 C0 C36 C23 <wb> C3 C0 C24 C0 C11 <wb> C32 C0 C38 C0 C1 C29 C0 C11 <wb> C32 C0 C11 C25 C0 C11 <wb> C32 C0 C29 C0 C32 C0 <wb> C30 C0 C22 C0 C32 C36 C21 C0 C24 C1 <wb> C28 C0 C29 C0 C1 C28 C0 C32 C0 <wb> C19 C0 C29 C0 C37 C0 C1 C24 C0 C16 <wb> C32 C0 C29 C0 C11 C37 C0 C9 C0 <wb> C19 C11 C21 C0 C37 C0 C37 C16 <wb> C17 C0 C26 C16 C38 C0 C11
gujarati_female_007412|C0 C22 C0 C11 <wb> C21 C0 C26 C19 C0 C26 C11 <wb> C11 C19 C0 C3 C0 C16 C17 C0 C1 C24 C0 C11 <wb> C13 C0 C26 C21 C0 <wb> C20 C0 C37 C0 C9 C1 C37 C16 C24 C11 <wb> C32 C0 C38 C0 C1 C30 C0 C16 <wb> C24 C0 C1 <wb> C37 C0 C29 C0 C21 C0 C9 C0 C19 C0 C28 C0 C24 C0 C16 <wb> C17 C16 C32 C0 C24 C36 C23 <wb> C30 C0 C11 C21 C0 C16 C3 C0 C29 C0 C11 C31 C0 C24 C0 <wb> C19 C0 C29 C0 C38 C0 C36 C23 <wb> C15 C0 C32 C0 C36
gujarati_female_007414|C24 C1 C13 C0 C28 C36 C29 C0 <wb> C0 C24 C0 C11 <wb> C37 C0 C9 C0 C26 C7 C0 C29 C0 C1 <wb> C17 C0 C11 C37 C0 C1 <wb> C31 C0 C15 C0 C11 C29 C0 C26 <wb> C19 C0 C29 C0 C22 C0 C31 C0 C15 <wb> C37 C0 C8 C1 C29 C11 C24 C11 <wb> C37 C0 C8 C0 C1 C29 C0 C11 <wb> C37 C16 C30 C32 C0 C29 C16 <wb> C29 C0 C15 C0 C38 C0 C1 <wb> C6 C0 C11
gujarati_female_007415|C37 C29 C19 C31 C0 C24 C16 <wb> C5 C26 C32 C0 C29 C0 C12 C0 <wb> C11 C19 C0 <wb> C30 C36 C13 C0 C23 C8 C0 C24 C36 C23 <wb> C14 C0 C34 C0 C34 C0 <wb> C37 C0 C1 C7 C0 C21 C0 <wb> C37 C16 C23 C34 C0 C21 C1 C38 C11 C21 C36 C23 <wb> C29 C0 C15 C0 C11 <wb> C6 C0 C11
gujarati_female_007418|C26 C13 C0 C25 C0 C16 C30 C0 C26 <wb> C6 C0 C24 C0 C24 C0 C36 C23 <wb> C24 C0 C16 <wb> C30 C0 C1 C21 C0 C22 C0 C1 C23 <wb> C4 C0 C1 C29 C0 C32 C0 <wb> C37 C0 C32 C16 <wb> C34 C0 C11 C30 C0 C34 C0 <wb> C19 C0 C29 C0 C16 C19 C0 C11 C34 C0 C22 C0 C1 C23 <wb> C28 C0 C7 C1 C29 C28 C0 C25 C0 <wb> C19 C0 C29 C0 C38 C0 C36 C23 <wb> C32 C0 C38 C0 C1 C29 C0 C11 <wb> C17 C0 C11 C24 C0 C16 <wb> C19 C0 C21 C0 C28 C0 C24 C0 C1 <wb> C28 C0 C25 C0 <wb> C24 C0 C15 C0 C16 C23 <wb> C19 C0 C29 C0 C16 <wb> C15 C0 C26 C38 C0 <wb> C32 C0 C11 C37 C0 C16 <wb> C37 C0 C16 C29 C0 C21 C0 <wb> C30 C0 C16 C7 C0 C8 C0 C16 C26 <wb> C32 C0 C11 C24 C0 C11 <wb> C28 C0 C29 C0 C1 C28 C0 C32 C0 <wb> C33 C0 C16 <wb> C15 C0 C32 C0 C16
gujarati_female_007428|C11 C19 C0 <wb> C30 C0 C30 C0 C21 C1 C24 C11 <wb> C1 C37 C0 C16 <wb> C8 C0 C22 C0 C19 C16 C4 C0 C29 C16 <wb> C37 C0 C1 C32 C0 <wb> C19 C0 C29 C0 C32 C0 C26 <wb> C30 C0 C1 C23 C4 C0 C21 C0 C16 C24 C0 C11 <wb> C15 C1 C33 C16 C26 C24 C1 <wb> C29 C0 C1 C17 C0 C1 C24 C0 C11 <wb> C24 C0 C37 C0 C1 C16 <wb> C21 C0 C1 C13 C0 C16
gujarati_female_007431|C28 C0 C26 C21 C0 C16 C30 C0 C11 <wb> C21 C0 C26 C19 C0 C26 <wb> C28 C0 C29 C0 <wb> C20 C36 C21 C21 C26 <wb> C13 C26 C21 C16 C3 C1 C29 C0 <wb> C19 C0 C29 C0 C32 C0 C1 C23 <wb> C21 C0 C26 C19 C0 C26 C22 C0 C1 C23 <wb> C29 C26 C31 C0 <wb> C4 C0 C4 C36 C19 C16 <wb> C36 C35 C0 C38 C26 <wb> C15 C0 C32 C0 C26
gujarati_female_007441|C37 C0 C29 C36 <wb> C17 C0 C11 C37 C0 C36 C23 <wb> C19 C36 C7 C16 C24 C11 <wb> C28 C11 C34 C16 C22 C1 C23 <wb> C28 C0 C9 C0 C38 C0 C36 C23 <wb> C11 C37 C0 C36 C23 <wb> C17 C0 <wb> C30 C0 C30 C0 C21 C1 C11 <wb> C28 C11 C34 C16 C24 C36 C23 <wb> C10 C1 C23 C19 C0 C25 C36 C23 <wb> C8 C0 C9 C1 C22 C0 <wb> C19 C0 C29 C0 C32 C0 C36 C23 <wb> C3 C0 C23 C8 C0 <wb> C19 C0 C29 C0 C16 <wb> C7 C0 C16 C8 C0 C36 C23 <wb> C0 C24 C0 C11 <wb> C20 C0 C23 C4 C1 C32 C16 <wb> C32 C1 C21 C36 C23 <wb> C21 C0 C13 C0 C1 C37 C0 C16 <wb> C7 C0 C16 C8 C0 C36 C23
gujarati_female_007442|C37 C11 C5 C0 C24 C1 C29 C0 <wb> C38 C0 C36 C37 C0 C1 C24 C0 C24 C0 C1 <wb> C13 C1 C21 C11 <wb> C22 C16 C35 C1 C23 <wb> C20 C0 C23 C17 C0 C24 C0 <wb> C28 C0 C9 C0 C11 <wb> C6 C0 C11
