gujarati_female_000047|t a ee m a n a aa q <wb> l a uu g a dx a aa q n a o <wb> sh a ii t a lx a <wb> s a p a r a sh a <wb> t a th a aa <wb> k a q p a w a aa n a ee <wb> k a aa r a nx a ee <wb> s a t a t a <wb> dh a r a uu j a y a aa <wb> k a r a t a ii <wb> b a aa p a u n a ii <wb> aa q g a lx a ii o m a aa q th a ii <wb> a m a aa r a aa <wb> p a r a <wb> ch a l a k a aa t a aa <wb> w a h a aa l a n a aa <wb> ch a aa q tx a aa <wb> h a j a ii <wb> ee <wb> ee j a <wb> gh a r a m a aa q <wb> k a y a aa q k a <wb> p a dx a y a aa <wb> h a sh a ee
gujarati_female_000090|aa <wb> w a i j a y a <wb> d a w a aa r a aa <wb> bh a aa r a t a ee <wb> o s a tx a r a ee l a i y a aa n a ee <wb> s a t a t a <wb> s a o lx a <wb> m a ee c a o <wb> j a ii t a w a aa n a o <wb> c a aa l a ii <wb> r a h a ee l a o <wb> u p a k a r a m a <wb> t a o dx a y a o <wb> h a t a o <wb> a n a ee <wb> bh a aa r a t a n a ii <wb> tx a ii m a n a ee <wb> g a u m a aa w a ii <wb> d a ii dh a ee l a o <wb> aa t a m a w a i sh a w a aa s a <wb> p a aa ch a o <wb> a p a aa w a y a o <wb> h a t a o
gujarati_female_000120|h a aa ii dx a r a o j a n a <wb> j a ee w a aa <wb> h a l a k a aa <wb> t a t a t a w a o <wb> t a aa r a aa n a aa <wb> h a aa r a d a m a aa q <wb> s a q l a y a n a <wb> p a aa m a ee <wb> ee tx a l a ee <wb> k a ee <wb> th a r a m a o n a y a uu k a l a i y a r a <wb> p a r a k a r a i y a aa <wb> k a r a ee <wb> t a y a aa r a ee <wb> p a r a k a aa sh a <wb> uu r a j a aa n a aa <wb> k a nx a o <wb> ee w a aa <wb> ph a o tx a o n a <wb> u t a p a n a n a <wb> th a aa y a <wb> ch a ee
gujarati_female_000123|ee p a r a i l a <wb> b a ee <wb> h a j a aa r a <wb> d a sh a <wb> n a ii <wb> j a ii ee s a ee l a w a ii <wb> dx a ii <wb> t a r a nx a <wb> n a ii <wb> u dx a aa n a m a aa q <wb> bh a aa r a t a m a aa q <wb> b a n a aa w a ee l a <wb> p a r a th a m a <wb> k a r a aa y a o j a ee n a i k a <wb> ee n a j a ii n a n a ii <wb> b a ee <wb> m a o tx a r a o <wb> d a aa g a ii <wb> n a h a ii q <wb> p a r a i nx a aa m a ee <wb> t a ee <wb> m a i sh a n a <wb> n a i sx a ph a lx a <wb> g a y a u q <wb> h a t a u q
gujarati_female_000127|kh aa s a k a r ii n ee <wb> ee sh a i y a aa <wb> a n a ee <wb> aa ph a r a i k a aa m a aa q <wb> j a m a ii n a <wb> a dh a i g a r a h a nx a n a ii <wb> aa <wb> l a h a ee r a ee <wb> kh a ee dx a uu t a o n a aa <wb> h a k a k a <wb> a n a ee <wb> kh a aa d a y a <wb> s a u r a k a sx a aa <wb> s a aa th a ee <wb> j a o dx a aa y a ee l a ii <wb> c a i q t a aa o m a aa q <wb> w a dh a aa r a o <wb> k a r a y a o <wb> ch a ee
gujarati_female_000139|ii q g a l a ee n a dx a <wb> w a t a n a <wb> p a r a t a <wb> ph a r a ee <wb> t a ee <wb> s a m a y a <wb> ee tx a l a ee <wb> k a ee <wb> t a r a ee w a ii s a <wb> dx a i s a ee m a b a r a th a ii <wb> d a s a <wb> j a aa n a y a u w a aa r a ii <wb> d a r a m a i y a aa n a <wb> bh a aa r a t a <wb> a n a ee <wb> p a aa k a i s a t a aa n a <wb> w a c a c a ee <wb> k a r a i k a ee tx a <wb> sh a r a ee nx a ii <wb> r a m a aa w a w a aa n a ii <wb> s a q bh a aa w a n a aa <wb> ch a ee
gujarati_female_000154|a m a ee r a i k a aa n a aa <wb> j a ee <wb> k a m a aa n a dx a o ee <wb> o s a aa m a aa <wb> b a i n a <wb> l a aa d a ee n a n a o <wb> gh a aa t a <wb> k a r a y a o <wb> t a ee <wb> b a dh a aa <wb> s a l a aa m a t a <wb> r a ii t a ee <wb> p a o t a aa n a aa <wb> j a h a aa j a <wb> p a r a <wb> p a aa ch a aa <wb> ph a r a y a aa <wb> t a ee <wb> b a t a aa w a ee <wb> ch a ee <wb> k a ee <wb> t a ee o <wb> h a aa ii tx a ee k a th a ii <wb> s a u r a k a sx a i t a <wb> h a t a aa
gujarati_female_000156|p a th a w a ii n a aa <wb> n a i r a w a dh a i <wb> p a tx a <wb> p a r a <wb> uu bh a ee l a aa q <wb> aa <wb> w a k a sx a o <wb> w a i sh a aa lx a <wb> sh a t a r a q j a ph a l a k a <wb> p a r a <wb> m a uu k a aa y a ee l a aa q <wb> p a y a aa d a aa q <wb> j a ee w a aa q <wb> l a aa g a ee <wb> ch a ee <wb> sh a q g a ee th a ii <wb> t a m a ee <wb> ee m a n a ee <wb> j a o y a aa q <wb> h a sh a ee <wb> t a o <wb> aa <wb> w a aa t a <wb> jh a tx a <wb> s a m a j a aa ii <wb> j a sh a ee
gujarati_female_000175|m a h a aa r a aa sx a tx a r a n a aa <wb> n a q d a u r a b a aa r a <wb> j a i l a l a aa m a aa q <wb> d a r a ee k a <wb> bh a aa r a t a ii y a n a ee <wb> kh a aa s a <wb> p a r a k a aa r a n a o <wb> b a aa r a <wb> aa q k a dx a aa w a aa lx a o <wb> y a u n a i k a <wb> aa i dx a ee n a tx a i ph a i k a ee sh a n a <wb> aa p a w a aa n a aa <wb> p a r a o j a ee k a tx a n a o <wb> sh a u bh a aa r a q bh a <wb> th a y a o
gujarati_female_000196|c a uu q tx a nx a ii n a aa q <wb> p a r a i nx a aa m a <wb> p a ch a ii <wb> m a u l a aa y a m a s a i q gh a <wb> y a aa d a w a ee <wb> bh a aa r a t a n a aa <wb> l a o k a sh a aa h a ii <wb> r a aa j a k a aa r a nx a m a aa q <wb> w a gh a u <wb> ee k a <wb> w a q sh a p a r a q p a r a aa n a o <wb> u m a ee r a o <wb> k a y a o mq <wb> ch a ee
gujarati_female_000231|p a r a ee t a aa t a m a aa sh a k a t a i n a aa <wb> a s a t a i t a w a n a aa <wb> p a r a y a o g a o n a ii <wb> k a s a o tx a ii <wb> k a r a aa ii <wb> h a t a ii <wb> ee <wb> b a ee txh a k a <wb> d a r a m a i y a aa n a <wb> l a aa i tx a <wb> w a r a t a m a aa n a p a t a r a n a aa <wb> p a r a t a i n a i dh a i <wb> dx a s a n a <wb> r a o j a r a s a <wb> p a nx a <wb> h a aa j a r a <wb> h a t a aa
gujarati_female_000251|h a y a u m a n a <wb> j a ee n a o m a <wb> s a i k a w a n a s a <wb> u k a ee l a w a aa n a ii <wb> aa p a nx a ii <wb> y a o g a y a t a aa <wb> k a ee <wb> a y a o g a y a t a aa n a o <wb> aa dh a aa r a <wb> aa p a nx a ee <wb> s a i k a w a n a s a <wb> m a aa tx a ee <wb> k a y a aa q <wb> k a w a o l a ii tx a ii <wb> s a tx a aa n a dx a r a dx a <wb> n a k a k a ii <wb> k a r a ii ee <wb> ch a ii ee <wb> t a ee n a aa q <wb> u p a r a <wb> r a h a ee l a o <wb> ch a ee
gujarati_female_000262|h a w a ee <wb> s a r a k a aa r a <wb> t a r a ph a th a ii <wb> l a ii l a ii <wb> jh a q dx a ii <wb> m a lx a y a aa <wb> b a aa d a <wb> p a h a ee l a ii w a aa r a <wb> b a ii s a ii s a ii aa ii ee <wb> p a nx a <wb> s a q k a ee t a <wb> aa p a ii <wb> d a ii dh a aa <wb> ch a ee <wb> k a ee <wb> b a q n a ee <wb> d a ee sh a o <wb> w a c a c a ee <wb> k a r a i k a ee tx a <wb> s a b a q dh a o <wb> s a u dh a aa r a w a aa m a aa q <wb> aa w a ee
gujarati_female_000311|s a i q d a uu r a ii <wb> r a q g a n a aa q <wb> m a o tx a aa <wb> m a o tx a aa <wb> ph a uu l a g a u c a ch a aa <wb> a n a ee <wb> gh a ee r a aa q <wb> l a ii l a aa q <wb> p a aa n a th a ii <wb> sh a o bh a t a aa q <wb> p a ee l a aa q <wb> m a o tx a aa q <wb> w a k a sx a o n a u q <wb> p a r a c a l a i t a <wb> n a aa m a <wb> m a n a ee <wb> p a s a q d a <wb> n a th a ii
gujarati_female_000314|b a r a i tx a n a n a aa <wb> m a r a ee n a ee <wb> k a aa r a k a i r a d a ii n a ii <wb> t a r a ii j a ii <wb> g a r a aa n a dx a <wb> s a l a ee m a <wb> ph a aa i n a l a m a aa q <wb> p a nx a <wb> r a n a r a s a <wb> a p a n a ii <wb> tx a r a o ph a ii th a ii <wb> s a q t a o sx a <wb> m a aa n a w a o <wb> p a dx a y a o <wb> h a t a o
gujarati_female_000439|k a y a aa r a ee k a <wb> m a u sh a aa y a r a aa <wb> k a ee <wb> k a w a i <wb> s a q m a ee l a n a o m a aa q <wb> m a aa n a s a i k a <wb> p a ii dx a aa <wb> aa p a ii <wb> th a k a w a ii <wb> n a aa kh a n a aa r a aa q <wb> l a aa q b a aa l a c a k a <wb> bh a aa sx a nx a o th a ii <wb> k a q tx a aa lx a o <wb> aa w a ee <wb> ch a ee
gujarati_female_000440|w a ei sx a nx a w a n a o <wb> m a u kh a y a <wb> dh a r a m a <wb> ee <wb> j a <wb> ch a ee <wb> k a ee <wb> p a o t a aa n a aa <wb> h a d a y a m a aa q <wb> p a r a bh a u n a u q <wb> s a w a r a uu p a <wb> w a i r a uu d a dh a <wb> dh a r a m a o n a aa <wb> aa sh a r a y a y a u k a t a <wb> ch a ee
gujarati_female_000473|d a k a sx a i nx a <wb> aa ph a r a i k a aa n a aa <wb> n a h a o r a w a aa lx a aa <wb> d a ee dx a k a aa <wb> n a u q <wb> w a ei j a nj a aa n a i k a <wb> n a aa m a <wb> jh a ee n a o p a s a <wb> l a ee w a i s a <wb> ch a ee
gujarati_female_000475|j a uu n a <wb> s a p a tx a ee m a b a r a m a aa q <wb> m a i l a o n a ee <wb> p a i s a t a aa l a ii s a <wb> l a aa kh a <wb> tx a n a n a o <wb> m a r a y a aa d a i t a <wb> j a th a th a o <wb> m a u k a t a <wb> b a j a aa r a m a aa q <wb> w a ee c a w a aa n a ii <wb> m a q j a uu r a ii <wb> m a lx a sh a ee
gujarati_female_000479|y a aa bh a y a aa q <wb> w a i n a aa n a <wb> p a sh a y a q t a i <wb> s a i gh a dh a aa q <wb> s a w a aa n a t a s a th a <wb> m a ii sh a w a r a m a
gujarati_female_000495|n a y a uu tx a r a o n a <wb> t a aa r a aa n a u q <wb> gh a tx a t a w a <wb> ee tx a l a u q <wb> h a o y a <wb> ch a ee <wb> k a ee <wb> t a ee n a aa <wb> tx a aa q c a nx a ii n a aa <wb> tx a o c a <wb> j a ee tx a l a aa <wb> d a r a w a y a n a u q <wb> w a j a n a <wb> ee k a <wb> h a j a aa r a <wb> tx a n a <wb> th a aa y a
gujarati_female_000515|n a ee sh a n a l a <wb> ii n a s a tx a i tx a y a uu tx a <wb> o ph a <wb> h a ee l a th a n a aa q <wb> j a ee m a s a <wb> w a i q g a aa r a dx a n a ee <wb> aa q t a r a r a aa sx a tx a r a ii y a <wb> s a h a y a o g a <wb> m a ee lx a w a w a aa n a u q <wb> sh a r a uu <wb> k a r a y a u q
gujarati_female_000532|s a aa r a ii <wb> a n a ee <wb> sh a r a ee sx a txh a <wb> g a uu dx a <wb> a n a ee <wb> ee k a s a tx a r a aa <wb> o r a dx a ii n a r a ii <wb> w a c a c a ee n a ii <wb> p a aa t a lx a ii <wb> bh a ee d a r a ee kh a aa <wb> s a m a j a aa w a w a aa <wb> m a aa q g a u <wb> ch a u q
gujarati_female_000544|t a ee o <wb> m a ee tx a r a o <wb> r a ee l a n a aa <wb> b a ee jh a <wb> s a tx a ee sh a n a o <wb> s a th a aa p a w a aa <wb> m a aa tx a ee <wb> a m a d a aa w a aa d a <wb> a n a ee <wb> g a aa q dh a ii n a g a r a <wb> j a i l a l a aa <wb> k a l a ee k a tx a r a o <wb> p a aa s a ee <wb> j a m a ii n a n a ii <wb> m a aa g a nx a ii <wb> k a r a ii <wb> ch a ee
gujarati_female_000559|t a ee n a ii <wb> p a aa ch a lx a <wb> aa dh a u n a i k a <wb> k rq sx i w i j nj aa n a <wb> sh a ii t a <wb> p r ou d y o g i k ii <wb> r ee ph r ii j a r ee sh a n a <wb> a n a ee <wb> w ei sh w i k a r a nx a <wb> m a u kh a y a <wb> p a r a i b a lx a <wb> ch a ee
gujarati_female_000567|p a o k a ee m a o n a <wb> a n a ee <wb> b a ee n a tx a ee n a <wb> j a ee w a ii <wb> j a aa p a n a ii jh a <wb> k a aa r a tx a uu n a <wb> ph a i l a m a o <wb> p a r a <wb> t a y a aa q n a ii <wb> s a r a k a aa r a o ee <wb> p a nx a <wb> c a ii n a n a ii <wb> j a ee m a <wb> p a r a t a i b a q dh a <wb> l a aa g a uu <wb> p a aa dx a y a o <wb> ch a ee
gujarati_female_000627|tx r ee j ee dx ii <wb> ax ph a <wb> j i n n aa h a <wb> l a ee kh a k a <wb> k a ei l a aa s a <wb> c a n a d a r a <wb> w a r a m a aa <wb> p a b a l a i sh a i q g a <wb> k a q p a n a ii
gujarati_female_000629|j a i q d a g a ii <wb> a n a ee <wb> m a t a y a u n a u q <wb> c a k a r a <wb> n a aa m a n a aa <wb> p a u s a t a k a n a aa <wb> l a ee kh a k a <wb> ph a i l a i p a <wb> k a ee p a l a ee w a ee <wb> ee k a <wb> d a sx a tx a aa q t a <wb> aa p a y a u q <wb> ch a ee
gujarati_female_000632|c a o q k a aa w a n a aa r a u q <wb> t a aa r a nx a <wb> w a ii s a <wb> th a ii <wb> o g a nx a p a c a aa s a <wb> w a r a sx a n a aa <wb> p a u r a uu sx a o <wb> r a h a ii <wb> j a sh a ee <wb> a p a r a i nx a ii t a <wb> k a n a y a aa <wb> bh a r a uu nx a <wb> h a t a y a aa <wb> k a aa r a nx a bh a uu t a
gujarati_female_000642|t a r a ii j a aa <wb> t a b a k a k a aa m a aa q <wb> b a s a s a o <wb> p a c a aa s a <wb> k a i l a o m a ii tx a r a ee <wb> a g a y a aa r a s a o <wb> t a r a ii s a <wb> s a ee k a n a dx a <wb> s a u dh a ii <wb> m a o tx a r a <wb> d a aa g a t a aa q <wb> s a ee k a n a dx a n a aa <wb> d a s a <wb> m a aa q <wb> bh a aa g a <wb> th a ii <wb> ee <wb> j a ii t a ii <wb> g a y a o
gujarati_female_000646|d a r a ee k a <wb> tx a r a aa n a jh a ee k a sh a n a <wb> w a kh a t a ee <wb> p ii n a <wb> b a d a l a w aa <wb> p a aa ch a lx a n a o <wb> m u lx a <wb> h a ee t a u <wb> g ee r a r ii t i <wb> a tx a k aa w a w aa n o <wb> ch a ee
gujarati_female_000669|bh a aa r a t a m a aa q <wb> b a ee <wb> h a jh a aa r a <wb> b a aa w a ii s a <wb> s a u dh a ii m a aa q <wb> w a ii s a <wb> h a jh a aa r a <wb> m ee g aa w o tx a <wb> s ou r a <wb> w a i d a y a u t a <wb> uu r a j a aa <wb> u t a p a n a n a <wb> k a r a ii <wb> sh a k a ee <wb> ch a ee
gujarati_female_000699|k a m i sh a n a r a <wb> t a r a ii k a ee <wb> n a i m a nx a u q k a n a ee <wb> b a aa r a <wb> m a ii <wb> j u l aa i n aa <wb> r a o j a <wb> ee k a <wb> w a r a sx a <wb> p a uu r a u q <wb> th a y a u q <wb> t a ee <wb> n a i m a i t a t a ee <wb> p a t a r a k a aa r a o <wb> s a aa th a ee <wb> w a aa t a c a ii t a <wb> k a r a ii
gujarati_female_000710|s w a s t i r i gh dh i <wb> p r a p a th ee <wb> sh r ee sx txh aa <wb> r ee k a nx a <wb> s w a s t y aa m i <wb> y a <wb> w aa m a m ee t i <wb> s aa n o
gujarati_female_000726|t a m a ee <wb> ph o tx o g r aa ph a <wb> s a aa th a ee <wb> j aa t a j aa t a n ii <wb> tx r i k a <wb> k a r a ii <wb> sh a k o <wb> ch a o <wb> a n a ee <wb> a w a n a w aa <wb> m a l tx ii tx r ee k a <wb> s aa u n dx a <wb> t a ei y a aa r a <wb> k a r a ii <wb> sh a k o <wb> ch a o
gujarati_female_000729|o g a nx a ii s a o <wb> a g a nx aa ee sh ii <wb> m a aa q <wb> a m a ee r a i k a aa n a aa q <wb> th r i m aa ii l a <wb> aa ii l ee n dx a <wb> kh a aa t a ee <wb> aa w a ee l a <wb> l a aa ii tx a <wb> w a o tx a r a <wb> r i y ee k a tx a r a n u mq <wb> aa mq sh i k a <wb> m ee l tx a <wb> dx aa u n a
gujarati_female_000740|aa <wb> y u d dh a n ee <wb> a tx a k aa w a w aa <wb> m a aa tx a ee <wb> sh a i w a j a ii <wb> a g n i m a h aa l i mq g a <wb> t a r a ii k a ee <wb> t a y a aa q <wb> s a th a aa p a i t a <wb> th a y a aa <wb> t a ee n a u q <wb> m a uu lx a <wb> p aa t aa lx a th ii <wb> p a nx a <wb> n a ii c a ee <wb> ch a ee
gujarati_female_000746|t a y a aa r a b a aa d a <wb> ee sh a i y a aa m a aa q <wb> bh aa r a t a kh a mq dx a m aa mq <wb> p a sh a c a i m a <wb> ee sh a i y a aa m a aa q <wb> ii j i p t a m aa mq <wb> g r ii s a m aa mq <wb> w a g a ee r a ee m a aa q <wb> p a t a q g a <wb> c a g aa w a w aa n ii <wb> p a r a th a aa <wb> p a r a c a l a i t a <wb> b a n a ii
gujarati_female_000750|d a r a m a i y a aa n a <wb> b ii s ii s ii y aa i n ii <wb> w a r k i mq g a <wb> k a m a i tx a i ee <wb> b a ee <wb> h a jh a aa r a <wb> b a aa r a <wb> t a ee r a <wb> n a ii <wb> s i jh a n a <wb> s a aa th a ee <wb> r a nx a j ii <wb> ph a o r a m a ee tx a m a aa q <wb> ph a ee r a ph a aa r a <wb> k a r a w aa n ee <wb> m a mq j uu ii <wb> aa p a ii <wb> d a ii dh a ii <wb> ch a ee
gujarati_female_000782|p a aa r a th a i w a <wb> p a tx a ee l a n a ee <wb> ii j a aa g a r a s a t a <wb> t ee mq dx u l a k a r a n aa <wb> s a th a aa n a ee <wb> b a aa k a ii n a ii <wb> t a r a nx a <wb> w a n a <wb> dx a ee <wb> m a aa tx a ee <wb> s a aa u th a <wb> aa ph a r a i k a aa <wb> t a aa b a dx a t a o b a <wb> b a o l a aa w a aa y a o
gujarati_female_000795|l aa t u r a <wb> a n a ee <wb> b aa r aa m a t ii n aa <wb> sh a uu tx a i q g a <wb> d a r a m a i y a aa n a <wb> t y aa mq n aa <wb> l a o k a o <wb> i m a r aa n a <wb> p a aa ch a lx a <wb> g a aa q dx a aa <wb> b a n a ii <wb> g a y a aa <wb> h a t a aa
gujarati_female_000798|i s tx a <wb> w a ee s a tx a <wb> k o r i dx o <wb> a m a d a aa w a aa d a <wb> th a l a t ee j a <wb> s a tx a ee sh a n a <wb> gh aa mq dh ii n a g a r a <wb> a m a d a aa w a aa d a <wb> r u tx a <wb> t a ei y a aa r a <wb> k a r a ii <wb> d ee w aa sh ee
gujarati_female_000816|c a ee ii n a <wb> r i y ee k a sh a n a n ee <wb> s a q p a uu r a nx a <wb> b a q dh a <wb> k a r a ii <wb> jh a ii r a o <wb> a w a s th aa <wb> l a aa w a w a aa <wb> m a aa tx a ee <wb> ee tx a l a ee <wb> k a ee <wb> k a mq p l ii tx a <wb> sh a tx a dx aa u n a <wb> m a aa tx a ee <wb> p a nx a <wb> k a q tx a r a o l a <wb> r o dx a j a <wb> w a aa p a r a w a aa m a aa q <wb> aa w a ee <wb> ch a ee
gujarati_female_000827|j a r a aa <wb> kh a u l a l a aa <wb> r a h a ii <wb> g a y a ee l a aa <wb> n a lx a m aa mq th ii <wb> tx a p a k a t aa <wb> p a aa nx a ii n a aa q <wb> tx a ii p a aa q <wb> uu mq gh u mq <wb> w a aa lx a ii <wb> d ii dh ee l u mq <wb> m aa tx a l aa <wb> p a r a <wb> tx a p a k ee <wb> ch a ee
gujarati_female_000833|aa p a nx a u q <wb> b a dh u mq j a <wb> dh a y a aa n a <wb> b a h a aa r a n a ii <wb> s a g a w a dx a o <wb> uu bh a ii <wb> k a r a w a aa m a aa q <wb> b a h a aa r a n a aa q <wb> s a u kh a <wb> s aa h ee b ii n ii <wb> p a r a aa p a t a i <wb> k a r a w a aa m a aa q <wb> k a ee n a d a r a i t a <wb> th a y a ee l a u q <wb> ch a ee
gujarati_female_000848|w a i sh a w a n a aa <wb> s a u p a r a s a i d a dh a <wb> aa r y a g r a mq th a <wb> b r a m a h a s uu t r a <wb> n a u q <wb> l a ee kh a n a <wb> w y aa s a j ii y ee <wb> aa <wb> d a i w a s a ee <wb> sh a r a uu <wb> k a r a y a u q
gujarati_female_000850|dx aa u <wb> k o r p o r ee sh a n a <wb> l a q dx a n a m a aa q <wb> y o j aa n aa r ii <wb> o l i m p i k a m aa mq <wb> s p o n s a r a <wb> b a n a w a aa <wb> aa g a lx a <wb> aa w a y a u q <wb> t a y a aa r a ee <wb> w i r o dh a w a mq tx o lx a <wb> j a aa g a y a o
gujarati_female_000852|ee k a <wb> dx aa lx a th ii <wb> b a ii j a ii <wb> dx aa lx a <wb> p a r a <wb> kh a uu b a <wb> n a j a ii k a <wb> th a ii <wb> uu dx aa n a <wb> bh a r a t aa <wb> d uu dh a r aa j a n ee <wb> n i h aa lx a w o <wb> t a ee <wb> l h aa w o <wb> g a nx a aa y a <wb> ch a ee
gujarati_female_000853|h a aa l a <wb> h a ee dx a r a o n a <wb> k a o l a aa ii dx a r a <wb> c ii p a <wb> n a aa <wb> b a ee <wb> p r o tx o b ii m s a n ii <wb> a th a dx aa m a nx o <wb> k a r aa w a w aa <wb> s a k a sx a m a <wb> ch a ee
gujarati_female_000859|aa m a <wb> ch a t a aa q <wb> r a i s a r a c a <wb> ee n a dx a <wb> ee n aa l i s i s a <wb> w i mq g a <wb> r o <wb> i n a tx a ee l a i j a n a s a <wb> b y u r o <wb> aa i b ii <wb> h a aa j a r a <wb> h a t a aa
gujarati_female_000866|m rq g a <wb> t aa r aa k a m a mq dx a lx a <wb> a r a th a aa t a <wb> m rq g a <wb> n a k sx a t r a m aa mq <wb> aa w a ee l a <wb> aa d r aa <wb> b ii tx a l a g ii y u jh a <wb> t aa r aa m aa mq <wb> th a n a aa r a aa <wb> m a h aa w i s ph o tx a <wb> a q g a ee n a ii <wb> ch a ee
gujarati_female_000869|dh a ii <wb> dx i w o tx ee <wb> ph r ee n dx a <wb> j i g a r ii <wb> d o s t a <wb> n a aa m a n a ii <wb> aa <wb> w a aa r a t a aa m a aa q <wb> ii q g a l a ee n a dx a n a aa <wb> ee k a <wb> m a h a aa n a <wb> k a tx aa k sx a <wb> l a ee kh a k a <wb> h a t a aa
gujarati_female_000878|p a nx a <wb> ee <wb> s a g a dx ii <wb> ee <wb> d a ee w a t a aa <wb> ee <wb> h ee t aa lx a <wb> h a aa th a <wb> n a ee <wb> ee w a aa q <wb> l aa lx a <wb> jh a r a t aa mq <wb> n a i r a d a o sx a <wb> m o dxh aa mq <wb> k a y a aa q th a ii <wb> l aa w u mq
gujarati_female_000885|t a ee m a aa q <wb> a t a y a q t a <wb> n a i m a n a <wb> t a aa p a m a aa n a <wb> j aa lx a w a w aa n u mq <wb> h a o w a aa th a ii <wb> u sx m aa <wb> a w aa h a k a <wb> ee tx a l a ee <wb> k a ee <wb> th a r m a l a <wb> i n s y u l ee sh a n a <wb> gh a nx a o <wb> bh a aa g a <wb> bh a j a w a ee <wb> ch a ee
gujarati_female_000894|p a nx a <wb> w a aa t a <wb> m a aa t a r a <wb> aa tx a l a ii <wb> j a <wb> n a th a ii <wb> ee <wb> ee m a n a o <wb> o g a nx a ii s a o <wb> b aa w ii s a n o <wb> n a b i mq dh a <wb> r aa b a r ii <wb> o ph a <wb> s o i l a <wb> b a aa q g a l a aa <wb> sh ii r sx a k a <wb> bh o lx aa bh aa ii <wb> j a aa nx a ee <wb> w a aa q c a t a aa q <wb> s a m a j a aa y a <wb> ch a ee
gujarati_female_000895|s aa b u n aa <wb> p a r a p o tx aa <wb> p rq sx tx a t aa nx a <wb> a l p i sx txh a <wb> p rq sx txh o <wb> ph o b o n aa s ii <wb> s a mq kh y aa o <wb> nx a <wb> s a mq kh y aa o <wb> g a nx a i t a <wb> w a i j a nj a aa n a <wb> m a aa q <wb> aa w a ee <wb> ch a ee
gujarati_female_000908|s a r a k a aa r a n a ii <wb> n a w a ii <wb> n a ii t a i <wb> p a r a m a aa nx a ee <wb> ii n tx a r a n ee tx a <wb> p a r a <wb> k a o ii <wb> dh i k k aa r aa s p a d a <wb> w a i w a aa d a aa s a p a d a <wb> k a ee <wb> dh rq nx aa s p a d a <wb> tx i p p a nx ii <wb> k a r a w a ii <wb> ee <wb> g a u n a o <wb> b a n a ee <wb> ch a ee
gujarati_female_000912|c o k a l ee tx a <wb> c y u mq ii mq g a <wb> g a m a n aa <wb> j a m aa n aa n aa mq <wb> aa <wb> b a aa lx a k a o <wb> t a o <wb> k a d a aa c a <wb> th uu mq k ii y ee <wb> k a aa dxh a ee
gujarati_female_000914|aa <wb> d a ee sh a o <wb> m a ee k a s a i k a o n a aa <wb> sh a h a ee r a <wb> l o s a <wb> k aa b o s a m aa mq <wb> j a ii <wb> w a ii s a <wb> n a ii <wb> b ee txh a k a n ee <wb> p a r a bh a aa w a i t a <wb> k a r a w a aa m a aa q <wb> s a ph a lx a <wb> r a h a y a aa <wb> ch a ee
gujarati_female_000946|s a aa q j a ee <wb> s a aa t a <wb> w a aa g a ee <wb> m u h u r a t a <wb> b ee sh a s ee <wb> ee tx a l a ee <wb> p a l aa nx aa m aa mq <wb> h a j a aa r a o <wb> sh r a gh dh aa lx u o <wb> u m a tx a sh a ee
gujarati_female_000950|j a o k a ee <wb> h a j a u <wb> ch a ee l a l a aa <wb> s tx ee j a m aa mq <wb> k ee n s a r a n u mq <wb> n a i d a aa n a <wb> th a aa y a <wb> t a o <wb> t a ee w a aa <wb> d a r a d a ii n a ee <wb> s a q p a uu r a nx a <wb> r o g a m u k t a <wb> k a r a w a aa <wb> a q g a ee <wb> k a o i <wb> r aa m a b aa nx a <wb> i l aa j a <wb> m a lx a y a o <wb> n a th a ii
gujarati_female_000953|p aa r a mq p a r i k a <wb> s o l y u sh a n s a <wb> s ee l i mq g a <wb> th a ii <wb> i n a s aa i tx a <wb> s ee l i mq g a <wb> s a u dh a ii <wb> aa <wb> d a ee sh a ee <wb> y u ee s a p ii n ee <wb> ee k a <wb> n a w a ii <wb> uu q c a aa ii <wb> s a u dh a ii <wb> p a h a o q c a aa dx a ii <wb> ch a ee
gujarati_female_000958|r uu p a l a b ee n a <wb> k a h a ee <wb> ch a ee <wb> k a o l a ee j a n a aa <wb> s tx u dx a n tx s a <wb> j a o <wb> p o k ee tx a <wb> m a n ii <wb> w a dx a ee <wb> s a m a aa j a n a ii <wb> s a ee w a aa <wb> k a r a t a aa <wb> h a o y a <wb> t a o <wb> a m a ee <wb> p a nx a <wb> a m a aa r a aa <wb> k a aa m a <wb> w a dx a ee <wb> s a m a aa j a n a ee <wb> m a d a d a r a uu p a <wb> th a i <wb> sh a k a ii ee <wb> ch a ii ee
gujarati_female_000983|p a nx a <wb> p a o t a aa n a aa q <wb> s a q t a aa n a o n a ee <wb> r a m a t a <wb> g a m a t a <wb> t a r a ph a <wb> dxh a lx a t aa mq <wb> j o i n ee <wb> m aa b aa p o ee <wb> s a r a k a aa r a n a aa <wb> ph a t a w aa ch aa p a <wb> n a i r a nx a y a n a ee <wb> kh ee l a d i l ii p uu r w a k a <wb> w a kh aa nx y o
gujarati_female_001011|ee w aa m aa mq <wb> ee nx a ee <wb> m u l l aa mq <wb> n a s a r u d d ii n a n ee <wb> w a r a s aa d a th ii <wb> b a c a w a aa <wb> d o tx a <wb> k a aa dxh a ii n a ee <wb> j a t a aa <wb> j a o y a aa
gujarati_female_001013|w a r a l a dx a <wb> k a p a <wb> b a aa d a <wb> t a r a t a j a <wb> aa ii p a ii ee l a m a aa q <wb> d a s a <wb> tx a ii m a o <wb> w a c a c a ee <wb> j a q g a <wb> j aa m a sh ee <wb> bh a aa r a t a <wb> w a ee s a tx a <wb> i n dx i jh a <wb> a n a ee <wb> ii mq g l ee n dx a n o <wb> p a r a w a aa s a <wb> kh ee dx a sh ee
gujarati_female_001029|j ee m a n ii <wb> j i n ee tx i k a <wb> b l uu <wb> p r i n tx a m aa mq <wb> ee k a w a dx aa <wb> b aa mq dh aa n aa <wb> j a <wb> r a h a ee w a aa n a u q <wb> p r o g r aa m i mq g a <wb> th a y a u q <wb> h a o y a
gujarati_female_001032|h a w a ee <wb> t a ee o <wb> t a ee m a n a ii <wb> tx a r a ee n a i q g a <wb> a n a ee <wb> ph ii tx a n ee s a <wb> j a aa lx a w a ii <wb> r a aa kh a w a aa n a aa <wb> sh ee dx a y u l a n o <wb> aa r a q bh a <wb> k a r a ii <wb> d a ee sh a ee
gujarati_female_001036|h o m ii y aa r a <wb> m o m ee dx a j ii <wb> b o m b ee n aa <wb> b a l a aa i n a dx a <wb> k a o l a ee j a <wb> n a aa <wb> p a r a o ph a ee s a r a <wb> ch a ee
gujarati_female_001037|o g a nx a ii s a o <wb> ch a n a n a u q <wb> m a aa q <wb> h a r i d w aa r a m aa mq <wb> y o j aa y ee l aa <wb> k u mq bh a m ee lx aa m aa mq <wb> dh a k k aa <wb> m u k k ii <wb> th a t a aa q <wb> o g a nx a <wb> c a aa l a ii s a <wb> l a o k a o n a aa <wb> m a o t a <wb> th a y a aa q <wb> h a t a aa q
gujarati_female_001038|aa m a <wb> g ee b a n aa <wb> g aa y a k a <wb> b aa p u s aa h ee b a <wb> g aa y a k a w aa dx ee <wb> a l p a <wb> p a nx a <wb> a d a bh a u t a <wb> r a c a n a aa o <wb> aa p a ii <wb> ch a ee
gujarati_female_001040|a n a ee <wb> t a l a w a aa r a n a aa <wb> d a aa w a <wb> kh ee l a w aa m aa mq <wb> p a uu r a nx a <wb> l a aa y a k a aa t a <wb> p a r a aa p a t a <wb> k a r a w a aa <wb> t a aa l a ii m a <wb> l a ee w a aa <wb> m a aa q dx a ii
gujarati_female_001054|s a g a w a dx a <wb> p a r a t a y a ee <wb> d w ee sx a <wb> r a aa kh a n a aa r a <wb> p y u r i tx a n o <wb> s u kh a w i r o dh ii <wb> a n a ee <wb> j ii w a n a w i r o dh ii <wb> w a aa t a o <wb> k a r a t a aa q <wb> j a <wb> r a h a ee <wb> ch a ee
gujarati_female_001060|j a o k a ee <wb> aa j a n a ii <wb> b a p a o r a <wb> a n u bh a w y aa <wb> p a ch a ii <wb> rq t u s a mq h aa r a m aa mq <wb> aa w a ee l a u q <wb> g r ii sx m a n u mq <wb> w a r a nx a n a <wb> dh a y a aa n a m a aa q <wb> aa w a ee
gujarati_female_001070|o l a m p i k a m aa mq <wb> bh a aa r a t a n a aa <wb> ee k y aa s ii <wb> kh a ee l a aa dx a ii o <wb> bh a aa g a <wb> l a ee sh a ee <wb> aa j a th a ii <wb> tx r ee n i mq g a n o <wb> p a r a aa r a q bh a
gujarati_female_001076|h a ee r a ii s a n a ii <wb> s a uu c a n a aa <wb> p a r a m a aa nx a ee <wb> s ii ee n s a <wb> d a r a m a i y a aa n a <wb> b a dh aa ee <wb> p a o t a aa n a ii <wb> b a aa j a u m a aa q <wb> b ee txh ee l aa n o <wb> h a aa th a <wb> p a k a dx a ii <wb> s a aa q k a lx a <wb> b a n a aa w a ii <wb> d a ii dh a ii
gujarati_female_001077|aa <wb> s a q sh a o dh a n a <wb> n a w a ii <wb> p r a j aa t i <wb> jh i aa o tx i n a g ii o <wb> jh a h ee mq n g ii <wb> n a aa <wb> j ii w aa sh m a <wb> m a lx a ii <wb> aa w a t a aa q <wb> t a ee n a ii <wb> s a aa th a ee <wb> aa r a k ii o p a tx ee r i k s a n aa <wb> j ii w aa sh m a n ee <wb> s a r a kh aa w a t aa mq <wb> th a ii <wb> ch a ee
gujarati_female_001082|gh o s tx a k aa r a n ii <wb> kh aa s ii y a t a <wb> ee <wb> ch a ee <wb> k a ee <wb> t a ee <wb> g l aa s a <wb> j a ee w a aa q <wb> d a ee kh a aa t a aa <wb> tx r aa n s a p a r a n tx a <wb> ee tx a l a ee <wb> k a ee <wb> s a q p a uu r a nx a <wb> p a aa r a d a r a sh a k a <wb> p l aa s tx ii k a n ii <wb> b a n a ee l a ii <wb> ch a ee
gujarati_female_001106|w a r a t a m a aa n a <wb> p ee dxh ii n aa <wb> k a r a i k a ee tx a r a o <wb> tx a ee s a tx a <wb> k a r a i k a ee tx a n a ee <wb> w a dh a aa r a ee <wb> p a r a aa dh a aa n a y a <wb> aa p a y a aa <wb> w a i n a aa <wb> tx a w a ee n a tx a ii <wb> tx a w a ee n a tx a ii <wb> ph o r m ee tx a <wb> u p a r a <wb> w a dh a aa r a ee <wb> gh a y a aa n a <wb> k a ee n a d a r a i t a <wb> k a r a ee <wb> ch a ee
gujarati_female_001110|w a r a t a m a aa n a <wb> k o m p tx r o l a r a <wb> ee n a dx a <wb> o dx a i tx a r a <wb> j a n a r a l a <wb> w a i n a o d a <wb> r a aa y a <wb> ee k a <wb> dx a g a l u mq <wb> aa g a lx a <wb> w a dh a y a aa <wb> ch a ee
gujarati_female_001114|b aa b ii <wb> r uu l a r s a <wb> o ph a <wb> s o r a txh a <wb> g r a mq th o <wb> a n a ee <wb> ii t i h aa s a k aa r o <wb> sh a r a ii <wb> sh a mq bh u <wb> p r a s aa d a <wb> d ee s aa ii n ii <wb> r a c a n a aa o <wb> ch a ee
gujarati_female_001127|sh i r ii sx a n aa mq <wb> ph uu l a n o <wb> s u mq w aa lx o <wb> m a d a u <wb> m ii txh o <wb> l a ii l a o <wb> k u m aa sh a bh a r y o <wb> s a p a r a sh a
gujarati_female_001140|d a ee sh a n a aa <wb> a n a y a <wb> k a ee tx a l a aa k a <wb> tx a o c a n a aa <wb> kh ee l aa dx ii o n ii <wb> j a ee m a <wb> r a aa h a u l a <wb> d r a w i dx a n ee <wb> p a nx a <wb> j a aa h a ee r a <wb> kh a b a r a n aa <wb> k a r a o dx a o n a aa <wb> k a o n a tx a r a aa k a tx a <wb> m a lx a t a aa <wb> h a t a aa
gujarati_female_001150|s i r ph a <wb> a h ee s aa s a <wb> h a ei <wb> y a ee <wb> r uu h a s ee <wb> m a h ee s u s a <wb> k a r a o
gujarati_female_001151|t ee h i <wb> d ee kh a h u <wb> n i j a <wb> n a y a n a m ei mq <wb> y a h a <wb> w a r a d aa n a <wb> n a <wb> aa n a
gujarati_female_001162|t a y a aa q <wb> dx i w o r s a <wb> k a ee k a <wb> a n a ee <wb> dx i w o r s a <wb> r i mq g a n aa <wb> s tx o l s a <wb> l aa g ee l aa <wb> ch a ee
gujarati_female_001174|s a ou <wb> p a t a i n a ee <wb> m a h ee nx aa mq tx o nx aa mq <wb> m a aa r a ee <wb> ch a ee <wb> p a r a q t a u <wb> p a t a i <wb> b a d dh a <wb> ch a ee <wb> k a q ii k a <wb> a q sh a ee <wb> h ee l p a l ee s a <wb> l a aa c a aa r a <wb> ch a ee <wb> ee <wb> p a o t a ee <wb> r a h ee mq s aa y o <wb> ch a ee
gujarati_female_001178|s a u dh a aa <wb> m uu r t i n o <wb> b a o dh a <wb> a t a i sh a y a <wb> l a o bh a <wb> k a r a n aa r a n ee <wb> ch a ee w a tx a ee <wb> t a o <wb> n u k a sh aa n a <wb> j a <wb> th a aa y a <wb> ch a ee
gujarati_female_001183|bh ei r a w a <wb> t a o <wb> t a r a t a <wb> j a <wb> l a dx a w aa <wb> m a aa q dx a y a o <wb> h a o y a <wb> k a aa q ii <wb> aa <wb> t a o <wb> s a aa w a <wb> kh a o tx a ii <wb> w a h a ee q c a nx a ii <wb> ch a ee
gujarati_female_001184|p a c a ii s a <wb> m a ii <wb> dx a i s a ee m a b a r a n a aa <wb> r a o j a <wb> u dx aa n a <wb> w a kh a t a ee <wb> j a <wb> n a i sx a ph a lx a <wb> g a y a ee l a <wb> j ii o s i n k r o p r a s a <wb> s ee tx ee l aa i tx a <wb> l a o q c a <wb> w ee h ii k a l a
gujarati_female_001200|k r uu dx a n aa <wb> bh aa w a w a dh aa r aa th ii <wb> kh a ee dx a uu t a o n a ee <wb> w aa p a r a w ii <wb> p a dx a t a ii <wb> j a mq t u n aa sh a k a <wb> d a w a aa o <wb> p a q d a r a <wb> th a ii <wb> w a ii s a <wb> tx a k a aa <wb> m a o q gh a ii <wb> th a ii <wb> r a h a ii <wb> ch a ee
gujarati_female_001214|ee k a d a m a <wb> t a o <wb> r ii mq ch a <wb> s a m a j a ii <wb> n a <wb> sh a k a y a u q <wb> k a ee <wb> sh a u q <wb> th a y a u q <wb> p a nx a <wb> w aa w aa jh o dx aa n o <wb> kh a y a aa l a <wb> aa w a t aa mq j a <wb> t a ee <wb> c ii s a <wb> p a aa dx a ii <wb> uu txh a y a u q
gujarati_female_001221|a sx tx aa k aa r a <wb> m a q t a r a <wb> sh a r a ii k a sx a nx a <wb> sh a r a nx a q <wb> m a m a n u mq <wb> a sx tx a <wb> p r a h y a <wb> s m a r a nx a <wb> k a r a w a u q
gujarati_female_001227|a n a ee <wb> k a l a k a t t aa n aa <wb> s tx ee dx ii y a m a <wb> p a r a <wb> j a i n ee <wb> m a aa ph a ii <wb> m a aa g a ee <wb> ee <wb> b a q n a ee <wb> ph r a n tx a p ee j a <wb> n y u jh a <wb> b a n a ii <wb> j a aa y a <wb> ch a ee
gujarati_female_001240|r a m a t a w ii r a <wb> o ch a ii <wb> c a r a b ii w aa lx ii <wb> dx ee r ii <wb> n ii p a j a <wb> p a u sx a k a lx a <wb> l ee w aa th ii <wb> j a ee m a aa q <wb> d a uu dh a <wb> y a o g a r a tx a <wb> c a ii jh a <wb> w a g a ee r a ee <wb> aa w a ee <wb> ch a ee
gujarati_female_001243|j aa t a s y a <wb> h i <wb> dh u r a w o r a <wb> m a t a y a u <wb> a r a th a aa t a <wb> j a n m ee l aa n u mq <wb> m a t a y a u <wb> n a i sh a c a i t a <wb> ch a ee
gujarati_female_001245|m a o tx a aa bh a aa g a n a aa <wb> w a y a aa y a aa m a <wb> m a aa tx a ee <wb> g a l a u k a o jh a <wb> m a n a <wb> p a s a q d a <wb> uu r j aa n o <wb> s a t a r a o t a <wb> ch a ee
gujarati_female_001246|j nj aa n a y o g ii <wb> sh a r a ii <wb> c a mq d u bh aa ii ee <wb> w a aa t a n a u q <wb> s a m aa p a n a <wb> k a r a t a aa q <wb> k a h a y a u q <wb> p a r a m aa t m aa n o <wb> s aa k sx aa t k a r a <wb> th a aa y a <wb> ch a ee <wb> t a y a aa r a ee <wb> k a h a ee <wb> ch a ee <wb> b a mq gh u j a <wb> m a lx a ii <wb> j a aa y a <wb> ch a ee
gujarati_female_001247|aa m a <wb> sh i w a r aa t r ii n aa <wb> m a h aa p a r w a <wb> p a r a s a q g a ee <wb> r a aa t a r a ee <wb> sh a i w a j a ii <wb> u p a r a <wb> b ii l ii <wb> c a dxh a aa w a ii <wb> a bh a i sx a ee k a <wb> k a r a w a aa th a ii <wb> a n a q t a <wb> p u n y a <wb> p a r a aa p a t a <wb> th a aa y a <wb> ch a ee
gujarati_female_001250|p a nx a <wb> bh a ou t a i k a <wb> s a ph a lx a t a aa <wb> k a d a aa c a <wb> n a aa <wb> p a nx a <wb> m a lx a ii <wb> t a o <wb> p a nx a <wb> w a i p a r a ii t a <wb> s a q y a o g a o <wb> w a c a c a ee <wb> s a w a c a ch a <wb> a n a ee <wb> s a m a t a o l a <wb> r a h a ii <wb> sh a k a aa y a <wb> ch a ee
gujarati_female_001252|gh a r a m aa mq th ii <wb> k a ee tx a l a aa q y a n a ee <wb> w a i d a aa y a <wb> aa p a ii <wb> ch a ee <wb> a n a ee <wb> p a ch a ii <wb> u d a aa s a <wb> m a n a ee <wb> gh a ee r a <wb> p a aa ch a o <wb> aa w a ii n a ee <wb> dx aa m a c i y aa <wb> p a r a <wb> uu mq gh a m uu dh a <wb> s a uu ii <wb> g a y a o <wb> ch a u q
gujarati_female_001280|p aa k i s t aa n a n aa <wb> s i mq dh a m aa mq <wb> u d bh a w ee l aa mq <wb> dx a s tx a <wb> s tx o r m a n aa <wb> k a aa r a nx a ee <wb> s a m a g a r a <wb> g a u j a r a aa t a n a aa <wb> w a aa t a aa w a r a nx a m a aa q <wb> a nx a dh aa r y o <wb> b a d a l a aa w a <wb> j a o w a aa <wb> m a lx a y a o <wb> h a t a o
gujarati_female_001289|p r ee t aa t m aa ee <wb> k a h a y a u q <wb> o h a <wb> p aa <wb> k o tx s a <wb> h a u q <wb> dx a ee w a i dx a <wb> ch a u q
gujarati_female_001292|kh a g r aa s a <wb> g a r a h a nx a <wb> w a kh a t a ee <wb> t a dx a k o <wb> k aa lx aa sh a <wb> p a dx a t a o <wb> th a aa y a <wb> ch a ee
gujarati_female_001295|s a u kh a <wb> a n a y a <wb> j ii w o <wb> s a aa th a ee <wb> w a h ee c a w u <wb> a n a ee <wb> d a u hq kh a <wb> bh a o g a w a ii <wb> l a ee w a u q <wb> t o j a <wb> aa t m aa n ii <wb> u n n a t i n o <wb> m a aa r a g a <wb> m a lx a ee
gujarati_female_001309|k aa c a n aa <wb> p o tx a <wb> k aa c a n ii <wb> m u r t ii o <wb> k aa c a n ii <wb> ph a r a ee m a <wb> w a g a ee r a ee <wb> j a ee w a ii <wb> w a s t u w o <wb> a t a y a aa r a ee <wb> gh a r a o m a aa q <wb> sh a o <wb> p a ii s a <wb> t a r a ii k a ee <wb> u p a y a o g a m a aa q <wb> aa w a ii <wb> r a h a y a aa <wb> ch a ee
gujarati_female_001319|aa p a <wb> k a h y o <wb> w a r a <wb> m a aa q g a <wb> sh a i w a <wb> t a b a <wb> n rq p a <wb> w a i n a y a <wb> b a kh aa n a
gujarati_female_001324|i r aa d aa p uu r w a k a <wb> p a o t a aa n a ee <wb> w a i s a ph a o tx a th a ii <wb> u dx a aa dx a ii <wb> d a ee <wb> t a ee <wb> p a h a ee l a aa q <wb> ph ee mq k aa ii <wb> j a sh a ee <wb> w y o m o n o tx a s a <wb> s a aa th a ee n a ii <wb> t a ee <wb> k ee p a <wb> s y uu l a <wb> b a q g a aa lx a n a aa <wb> u p a s aa g a r a m aa mq <wb> u t a r a ii <wb> p a dx a sh a ee
gujarati_female_001330|h a u q <wb> r a o j a <wb> u n aa lx aa n aa <wb> b a lx a b a lx a t aa <wb> t a dx a k a aa n a ii <wb> w a c a c a ee <wb> ch aa mq y o <wb> a n a ee <wb> ph a uu l a <wb> a n a ee <wb> s a u g a q dh a <wb> sh o dh y aa <wb> k a r a u q <wb> ch a u q
gujarati_female_001339|w a ii s a m a ii <wb> s a d ii n o <wb> p a r a th a m a <wb> d a i w a s a <wb> ee tx a l a ee <wb> o g a nx a ii s a o <wb> ee k a <wb> n a ii <wb> j aa n y u w aa r ii n ii <wb> p a h a ee l a ii <wb> t a aa r a ii kh a <wb> ee k a w a ii s a m a ii <wb> s a d ii n o <wb> p a r a th a m a <wb> d a i w a s a <wb> ee tx a l a ee <wb> ee k a <wb> ee k a <wb> b a ee h a j a aa r a <wb> ee k a
gujarati_female_001345|t a ee m a aa q <wb> sh i kh a w aa dx aa y a <wb> ch a ee <wb> k a ee <wb> ch u tx aa ch ee dx aa <wb> p a aa r a tx a ii <wb> k a ee <wb> ph r ii dx a m a <wb> dx ee s a <wb> k a ee w a ii <wb> r a ii t a ee <wb> uu j a w a w aa <wb> j a o ii ee
gujarati_female_001348|j a y a aa q <wb> t a ee <wb> dh a y a aa n a m a aa q <wb> uu bh a aa <wb> ch a ee <wb> t a y a aa q <wb> c a aa r a ee <wb> k a o r a <wb> gh a ee gh a uu r a <wb> gh a aa s a <wb> uu g y u mq <wb> ch a ee
gujarati_female_001361|aa p a nx a o <wb> j a <wb> tx a uu q k a o <wb> s a w a aa r a th a <wb> s a aa dh a w a aa m a aa q <wb> aa p a nx a ee <wb> r a c y aa mq p a c y aa mq <wb> r a h ii ee <wb> ch a ii ee
gujarati_female_001366|tx a m ee <wb> p a nx a <wb> p aa mq c ee y a <wb> j a nx a <wb> s a mq p a th ii <wb> r a h ee sh o <wb> t a o <wb> m a j a b a uu t a <wb> b a n a sh o <wb> p a r a q t a u <wb> l a dx ii <wb> jh a gh a dx ii n ee <wb> a l a g a <wb> a l a g a <wb> r a h ee sh o <wb> t a o <wb> k a m a j o r a <wb> b a n a sh o
gujarati_female_001372|aa p a nx a ee <wb> kh u d a j a <wb> p r a sh n o n ee <wb> uu bh a aa <wb> k a r a ii ee <wb> ch a ii ee <wb> a n a ee <wb> t a ee n a ee <wb> u k ee l a w aa m aa mq <wb> k a i q m a t a ii <wb> s a m a y a <wb> w ee dx a ph ii ee <wb> ch a ii ee
gujarati_female_001374|s o r a txh a n aa <wb> dh a r m a s a h i sx nx u <wb> n a w aa b ee <wb> p a o t a aa n a aa <wb> r a aa j a m a h a ee l a m a aa q <wb> s a h a j a aa n a q d a <wb> s w aa m ii n aa mq <wb> p a g a l a aa q <wb> k a r aa w y aa mq
gujarati_female_001385|s a i d a dh a aa q t a <wb> j a o <wb> aa tx a l a o <wb> b a dh a o <wb> c a u s a t a <wb> a n a ee <wb> y a aa q t a r a i k a <wb> h a o y a <wb> t a o <wb> m a aa r a aa <wb> j a ii w a n a n a o <wb> k a o ii <wb> a r a th a <wb> j a <wb> r a h a ee t a o <wb> n a th a ii
gujarati_female_001400|j ii n ii w aa <wb> p a aa s a ee n a u q <wb> aa <wb> l a aa r a j a <wb> h a ee dx a r a o n a <wb> k a o l a aa ii dx a r a <wb> s a t a t a r a <wb> m a aa ii l a <wb> s a t y aa w i s a <wb> k a i l a o <wb> m a ii tx a r a <wb> l a q b a aa ii n a ii <wb> g a o lx a aa k a aa r a <wb> tx a n a l a <wb> ch a ee
gujarati_female_001405|aa p a nx a ii <wb> p a th a w a ii <wb> u p a r a <wb> j a ee tx a l a u q <wb> p a aa nx a ii <wb> ch a ee <wb> t ee m aa mq n u mq <wb> s a t t aa nx u <wb> tx a k a aa <wb> m a h aa s aa g a r o n aa <wb> kh aa r aa mq <wb> j a lx a n aa <wb> r rq p a m aa mq <wb> m o j uu d a <wb> ch a ee
gujarati_female_001423|dx a s tx a <wb> h ee jh ii <wb> s k aa y a <wb> ee tx a l a ee <wb> dh u lx a n ii <wb> dx a m a r ii th ii <wb> ch a w aa y ee l aa <wb> aa k aa sh a n ii <wb> s a th a i t a i <wb> s a r a j a aa i <wb> h a t a ii
gujarati_female_001430|n a aa s a t a i k a o <wb> bh a g a w aa n a n aa <wb> kh y aa l a n u mq <wb> m aa n a s a sh aa s t r ii y a <wb> m a h a t a t a w a <wb> s a m a j a ee <wb> s a w a ii k a aa r a ee <wb> a n a ee <wb> aa s a t a i k a o <wb> t a ee m a n a aa <wb> m a t a ee <wb> j a ee <wb> bh a g a w a aa n a n a ii <wb> l a ii l a aa <wb> ch a ee
gujarati_female_001432|aa th a ii <wb> ee n a aa q <wb> b ei r aa mq <wb> ch a o k a r a aa q <wb> h aa dx a p i mq j a r a <wb> j a ee w a aa q <wb> th a ii <wb> g a y a aa q <wb> ch a ee
gujarati_female_001434|t a ee n a aa <wb> sh a r a ii r a n a ii <wb> l a q b a aa ii <wb> p a aa q s a o <wb> m i l i m ii tx a r a <wb> s a u dh a ii <wb> h a o ii <wb> sh a k a ee <wb> t a ee n a u q <wb> w a j a n a <wb> a q d a aa j a ee <wb> b a t a r a ii s a <wb> m ii l ii g r aa m a <wb> h a sh a ee
gujarati_female_001450|t a ee m a nx a ee <wb> t a ee m a n a aa <wb> aa h a aa r a m a aa q <wb> l a o h a <wb> jh ii mq k a <wb> a n a ee <wb> w a i tx a aa m a ii n a <wb> b a ii <wb> b a aa r a <wb> n a ii <wb> u nx a p a <wb> n a <wb> r a h a ee <wb> t a ee m a <wb> r a aa kh a w a u q <wb> j a o ii ee
gujarati_female_001464|aa <wb> n ee n ee n tx ee n aa n ii <wb> ph ii l m a <wb> a dh a o r a k a t a <wb> k i r a nx o n u mq <wb> p a r a g a r a h a nx a <wb> k a r a ee <wb> ch a ee
gujarati_female_001467|s ee w aa n u mq <wb> k a aa m a <wb> k a r a t a aa q <wb> p a nx a <wb> w a r a t a <wb> bh a q g a <wb> th a y a u q <wb> m a aa n a ee <wb> ee w a ii <wb> s a m a j a nx a w aa lx aa o ee <wb> s aa dh a k a n ii <wb> w a y a aa kh a y a aa <wb> s a q b a q dh a ii <wb> w a i c a aa r a <wb> k a r a w a o <wb> j a o ii ee
gujarati_female_001470|b ee l aa s tx i k a <wb> m a i s a aa ii l a <wb> ch a o dx a w a aa <wb> m a aa tx a ee <wb> m a dh y a bh aa g ee <wb> l a o n a c a i q g a <wb> tx a y u b a <wb> h a o y a <wb> ch a ee
gujarati_female_001484|t a m a ee <wb> j a u o <wb> k a ee <wb> ee <wb> p uu r w o t t a r a <wb> bh a aa r a t a m a aa q <wb> a k aa d aa m ii n ii <wb> kh a aa s a <wb> ph ee l o sh i p a <wb> p a uu r a w a k a <wb> gh a uu m a ee <wb> ch a ee <wb> t a o <wb> ee m a aa q <wb> p a nx a <wb> p a r a g a tx a <wb> th a t a ii <wb> aa w a ee <wb> ch a ee
gujarati_female_001491|h aa l o l a <wb> r a o dx a <wb> p a r a <wb> s a tx a ee dx a i y a m a <wb> m a aa tx a ee <wb> ee k a s a o <wb> ch a <wb> w a ii gh a aa <wb> j a m a ii n a n a ee <wb> r aa j a y a <wb> s a r a k a aa r a <wb> d a w a aa r a aa <wb> p a nx a <wb> m a mq j uu r ii n ii <wb> m a h o r a <wb> l a g a aa w a ii <wb> d a ee w a aa m a aa q <wb> aa w a ii <wb> ch a ee
gujarati_female_001498|ee n a r a j a ii <wb> j a ee l a <wb> b a s a s a o <wb> m i l i m ii tx a r a <wb> p r a w aa h ii m aa mq <wb> p a c a c a ii s a <wb> g a r a aa m a <wb> k a aa r a b a o h a aa ii dx a r a ee tx a <wb> o k a s a i j a n a <wb> sh a w a aa s a m a aa q <wb> l a ee w a aa n a u q <wb> m a aa p a
gujarati_female_001510|dh a n a aa dxh a y a <wb> b a r a aa h a m a nx a <wb> s ou m ii l a n aa <wb> w a i sh a aa lx a <wb> y a j a nj a <wb> m a q dx a lx a <wb> p a aa s a ee <wb> aa <wb> d a i w a y a <wb> w a i m a aa n a o <wb> h a m a nx a aa q <wb> u t a r a sh ee
gujarati_female_001512|a n y a th aa <wb> j a ii w a n a <wb> bh a aa w a <wb> i c ch aa m aa mq <wb> o t a p r o t a <wb> b a n a ee <wb> b a r a h a m a aa j a ii n a aa q <wb> t a p a <wb> d a w a aa r a aa <wb> j a ee <wb> p a aa q c a <wb> m u kh a n aa <wb> sh a i w a j a ii n a u q <wb> w a r a nx a n a <wb> j o y a
gujarati_female_001517|a n a ee <wb> ee n a aa <wb> a j a w aa lx ee <wb> j ii w a n a k uu c a <wb> aa r a mq bh aa y a <wb> t a o <wb> txh o k a r o n o <wb> bh a y a <wb> o ch a o <wb> ch a ee
gujarati_female_001518|w a o l a m a aa r a tx a <wb> i c a ch a ee <wb> ch a ee <wb> k a ee <wb> k ee p ii ee m a j ii <wb> bh a aa r a t a m a aa q <wb> t a ee n a aa <wb> s a ee q k a dx a o <wb> w ee n dx a r s a <wb> a n a ee <wb> s a p l aa y a r j a n ee <wb> c a k aa s ee
gujarati_female_001529|w a i p a u l a <wb> p a r a m a aa nx a m a aa q <wb> t a s w ii r o <wb> s m a r a nx i k aa o <wb> dx o k y u m ee n tx a r ii <wb> ph a i l a m a o <wb> j a g a t a <wb> s a m a k a sx a <wb> r a j a u <wb> k a r a ee l a <wb> ch a ee
gujarati_female_001534|a m a ee r a i k a aa n a aa <wb> h ae n o k a <wb> m ae k a k aa r tx ii <wb> t y aa mq n aa <wb> l a o k a o n a ee <wb> j a ii w a n a m a aa q <wb> p a r a ee r a nx a aa <wb> aa p a ee <wb> t a ee w a ii <wb> w a aa t a o <wb> k a h a ee <wb> ch a ee
gujarati_female_001542|ch a <wb> g a r a aa m a <wb> k aa r b a <wb> g u nx y aa <wb> p aa u n dx a m aa mq <wb> sh a r a ii r a n a u q <wb> w a j a n a <wb> b a r a aa b a r a <wb> r a o j a n a aa <wb> g a r a aa m a <wb> k aa r b a <wb> g a nx a aa y a
gujarati_female_001573|p ii lx ii <wb> dh a m a r a k a <wb> c uu mq d a dx ii o <wb> o dxh ee l ii <wb> h a t a ii <wb> a n a ee <wb> s a o lx a <wb> sh a nx a g aa r a th ii <wb> s a j ee l ii <wb> h a t a ii
gujarati_female_001574|h a i q d a u <wb> m a u s a l a i m a <wb> ei k y a <wb> th a ii n a ee <wb> g aa ee <wb> s a w a <wb> g u nx a g aa n a
gujarati_female_001583|gh a nx a ii w a aa r a <wb> t a ee <wb> k a h a ee <wb> m a ee q <wb> d a s a <wb> w a r a sx a th a ii <wb> aa ii s k r ii m a <wb> c aa kh y o <wb> j a <wb> n a th a ii
gujarati_female_001590|p a nx a <wb> ee <wb> p y aa r ii <wb> k i m t ii <wb> w a s a t a u <wb> k a ii <wb> r aa nx ii <wb> ch a o k a r a aa q <wb> r a aa j a y a <wb> dh a n a <wb> bh a r a ee l a ii <wb> t i j o r ii <wb> r a aa j a aa ee <wb> w a i c a aa r a <wb> k a r a w a aa <wb> m a aa q dx a y a o
gujarati_female_001592|w a dx aa p r a dh aa n ee <wb> y uu r o jh o n a n ii <wb> m a d a d a <wb> m a aa tx a ee <wb> b a n a ee l a aa <wb> c a aa r a s a o <wb> t ii s a <wb> a b a j a <wb> dx a o l a r a n a aa <wb> ph a mq dx a m aa mq <wb> bh a aa r a t a <wb> t a r a ph a th a ii
gujarati_female_001605|t a ee n a aa <wb> l a ii dh a ee <wb> t a ee n a ii <wb> dh a ii m a ii <wb> s t a mq bh ii <wb> jh a dx a p a <wb> h a sh a ee <wb> a n a ee <wb> w a lx a aa q k a n a ii <wb> t r i j a y aa <wb> m a r a y a aa d a i t a <wb> h a sh a ee
gujarati_female_001608|m a n a u <wb> b r a h m a r sx i n aa mq <wb> w a q sh a j a o <wb> l a o h a <wb> s a mq h i t a n aa <wb> a dh a i p a t a i <wb> ch a ee <wb> t a ee n a aa <wb> w a q sh a j a o <wb> l a u h a aa r a <wb> th a ii <wb> o lx a kh a aa y a <wb> ch a ee
gujarati_female_001615|r aa m a n a w a m ii <wb> k a sx a nx a <wb> j a n m aa sx txh a m ii <wb> ee k aa d a sh ii <wb> w a r a t a <wb> k a r a w a aa n a o <wb> a dh a i k a aa r a <wb> ch a ee
gujarati_female_001626|t a y a aa q <wb> sh a uu n a y a <wb> a q sh a <wb> s a ee l a s a i y a s a <wb> ee tx a l a ee <wb> b a r a ph a n aa <wb> t aa p a m aa n a th ii <wb> p a nx a <wb> kh a uu b a <wb> n a ii c a u q <wb> t a aa p a m a aa n a <wb> j a aa y a <wb> ch a ee
gujarati_female_001628|aa <wb> u p a r a aa q t a <wb> aa n a mq d a n a g a r a <wb> s a ee k a tx a r a <wb> s a t y aa w i s a <wb> kh a aa t a ee <wb> d a i w a y a <wb> j a ii w a n a <wb> s a q gh a <wb> d a w a aa r a aa <wb> s a m u h a m a mq t r a <wb> j aa p a <wb> k a r a w a aa m a aa q <wb> aa w a y a aa <wb> h a t a aa
gujarati_female_001641|g a ii t a <wb> g o w i n d a <wb> n a aa m a n a aa <wb> k aa w y a m aa mq <wb> j a y a d ee w a <wb> k a w i ee <wb> m aa n aa d i k a <wb> w i h a r aa d i <wb> s a r a w a <wb> l a ii l a aa <wb> k u m aa r i k aa n aa <wb> bh a aa w a th a ii <wb> w a r nx a w ii <wb> ch a ee
gujarati_female_001649|t a ee n a aa <wb> g a r a aa m a y a <wb> w a i s a t a aa r a n a aa <wb> s th a lx o ee th ii <wb> m a lx a ee l a <wb> w a n a s a p a t a i n a aa <wb> a w a sh ee sx o <wb> n ou <wb> h a jh a aa r a <wb> th a ii <wb> c a ou d a <wb> h a jh a aa r a <wb> w a r a sx a o <wb> p a h a ee l a aa n a aa <wb> ch a ee
gujarati_female_001655|d aa mq t a n ii <wb> r uu tx a k ee n aa l a <wb> tx r i tx a m ee n tx a n ii <wb> j u n ii <wb> p a dh a dh a t a i <wb> b a d a l a ii <wb> n a w a ii <wb> p a dh a dh a t a i <wb> d a aa kh a l a <wb> k a r a ii <wb> ch a ee
gujarati_female_001664|kh a dx a k a o n a aa q <wb> k a ee tx a l a aa q k a <wb> s ee m p a l o n ee <wb> t a ee m a nx a ee <wb> ii n a tx a r a n a ee sh a n a l a <wb> s a p a ee s a <wb> s a tx a ee sh a n a <wb> n a ii <wb> b a aa h a y a <wb> d ii w aa l o <wb> p a r a <wb> d a o dxh a <wb> w a r a sx a <wb> s a u dh a ii <wb> r aa kh y aa mq <wb> h a t a aa q
gujarati_female_001665|ee n a o <wb> s a aa m a n a o <wb> k a r a w a aa n a u q <wb> m aa nx a s a n u mq <wb> g a j u mq <wb> n a th a ii <wb> r a h a ee t a u q <wb> t a y a aa r a ee <wb> m a aa nx a s a <wb> j uu txh u mq <wb> b a o l a ee <wb> ch a ee <wb> d a mq bh a <wb> k a r a ee <wb> ch a ee <wb> b a dx aa sh o <wb> h aa mq k ee <wb> ch a ee
gujarati_female_001675|m a aa n a w a n a aa <wb> m aa h y a l aa m aa mq <wb> s w a bh aa w a <wb> h a k aa r a t m a <wb> k a ee <wb> p a o jh a i tx a i w a <wb> j a <wb> a bh a i g a m a <wb> h a o w a o <wb> j a o ii ee
gujarati_female_001685|k a m b o dx i y aa <wb> s a th a i t a <wb> a mq k o r a w aa tx a <wb> m a q d a i r a <wb> a t a y a aa r a <wb> s u dh ii n u <wb> d u n i y aa n u mq <wb> s a ou th a ii <wb> u q c a u <wb> h i n d uu <wb> m a q d a i r a <wb> ch a ee
gujarati_female_001691|o s tx r ee l i y a n o n ee <wb> t a y a aa r a ee <wb> w a n a <wb> dx a ee <wb> r a m a t aa <wb> aa w a dx a t u <wb> n a h a t u <wb> t a ee w a ii <wb> k a b u l aa t a <wb> k a r a t a aa q <wb> h ee r aa l dx a <wb> s a n a n ee <wb> aa p a ee l a ii <wb> m a u l a aa k a aa t a m a aa q <wb> l o r ii ee <wb> k a h a y a u q
gujarati_female_001694|ee w u mq j a <wb> k a r nx aa tx a k a m aa mq <wb> g u l a b a r g a <wb> j a i l a l a aa m a aa q <wb> d r aa k sx a n ii <wb> kh a ee t a ii <wb> m a aa tx a ee <wb> w a gh a u <wb> p a aa nx a ii n a o <wb> u p a y a o g a <wb> k a r aa t o <wb> h a t a o
gujarati_female_001707|a m uu l a <wb> sh aa h ee <wb> ee m a n a aa <wb> m a n a n ii y a <wb> p a u s a t a k a <wb> j a ii w a n a n a u q <wb> t a t a w a j a nj a aa n a <wb> aa dh a u n a i k a <wb> d a sx tx i ee <wb> m a aa q <wb> ii sh a w a r a <wb> dh a r a m a <wb> a n a ee <wb> s a m a aa j a <wb> w a i sh a ee <wb> w i sh l ee sx a nx a <wb> k a r a t a aa q <wb> l a kh a y a u q <wb> ch a ee
gujarati_female_001715|y a u n a i w a r a s a i tx a ii <wb> o ph a <wb> m i y aa m ii n aa <wb> bh uu s t a r a w i j nj aa n a <wb> w a i bh a aa g a n a aa <wb> p r aa dh y aa p a k a <wb> ee m i l i y aa n ii y ee <wb> p a o t a aa n a aa <wb> p a u s a t a k a <wb> p a l a ee n a ee tx a <wb> a r a th a <wb> p a r a <wb> ee k a <wb> w aa d a <wb> aa p a y a o <wb> ch a ee
gujarati_female_001718|aa n a q d a <wb> a n a ee <wb> m a s t ii m aa mq <wb> jh a uu m a t a aa <wb> h aa th ii o n ee <wb> d o dx a dh aa m a n ee <wb> k a aa r a nx a <wb> s a s a l aa mq o n aa mq <wb> gh a r a m a aa q <wb> d a r a <wb> bh a aa q g a ii <wb> g a y a aa q
gujarati_female_001737|aa m a <wb> b aa p u s aa h ee b a <wb> g aa y a k a w aa dx a n o <wb> bh a k a t a i bh a aa w a <wb> w a dh a ii n a ee <wb> w a gh a u <wb> g uu dxh a <wb> r a ii t a ee <wb> dh u mq tx aa w aa <wb> l a aa g a y a o
gujarati_female_001753|w a r a l a dx a <wb> k a p a <wb> b a ee <wb> h a j a aa r a <wb> a g a y a aa r a <wb> n a u q <wb> s a m aa p a n a <wb> b a ii j a ii <wb> ee p a r a i l a ee <wb> th a sh a ee <wb> a n a ee <wb> t a ee n a aa <wb> ch a <wb> d a i w a s a <wb> b a aa d a <wb> j a <wb> gh a r a aa q g a nx a ee <wb> aa i p ii ee l a n o <wb> p a r a aa r a q bh a <wb> th a sh a ee
gujarati_female_001755|r aa w a s aa h ee b a n u mq <wb> n a aa m a <wb> aa <wb> p a r a t a i sx a txh a i t a <wb> aa q t a r a r a aa sx a tx a r a ii y a <wb> ee w a o r a dx a <wb> m a aa tx a ee <wb> s uu c a w a w aa <wb> n a i r a nx a y a <wb> l a ii dh a o <wb> h a t a o
gujarati_female_001763|m a aa r a aa <wb> kh aa tx a l aa n ii <wb> ii s a <wb> p a r a <wb> a d r a sh y a <wb> b a ee s a ii <wb> j a t a ii <wb> a n a ee <wb> a m a ee <wb> h a o txh a <wb> u gh aa dx y aa <wb> w a i n a aa <wb> d i w a s a n u mq <wb> p a h a ee l a u q <wb> a j a w a aa lx a u q <wb> th a aa y a <wb> t a y a aa q <wb> s a u dh a ii <wb> w a aa t a o <wb> k a r a y a aa <wb> k a r a t a aa q
gujarati_female_001770|d a ee sh a n a aa <wb> p a r a th a m a <wb> sh r ee nx ii n aa <wb> a dx t aa l ii s a <wb> a n a ee <wb> b a ii j a ii <wb> sh r ee nx ii n aa <wb> ch a aa s a txh a <wb> sh a h a ee r a o <wb> n a d ii o m aa mq <wb> g a mq d u <wb> p a aa nx a ii <wb> txh aa l a w ee <wb> ch a ee
gujarati_female_001781|ee n j ee l aa n u mq <wb> n a aa m a <wb> ee k a <wb> s a m a y a ee <wb> r a nx a b a ii r a <wb> s a aa th a ee <wb> j o dx aa y u mq <wb> h a t a u q
gujarati_female_001795|a n a ee <wb> n a ee sh a n a l a <wb> b a o r a dx a <wb> ph a o r a <wb> h aa y a r a <wb> m ee th ee m ee tx i k s a <wb> j a ee w a ii <wb> p a r a t a i sx a txh a i t a <wb> s a q s a th a aa o ee <wb> t a ee m a n a u q <wb> b a h a u m a aa n a <wb> k a r a ee l a <wb> h a t a u q
gujarati_female_001801|ee n a u q <wb> m a uu l a y a aa q k a n a <wb> k a r a w a aa n a ii <wb> ph uu r a s a d a <wb> aa j a ee <wb> k o i n ee y a <wb> n a th a ii
gujarati_female_001802|d a u n a i y a aa m a aa q <wb> p a aa nx a ii n a o <wb> k a aa r a o b a aa r a <wb> k a r a t a ii <wb> d a s a <wb> tx o c a n ii <wb> k a q p a n a ii o <wb> u p a r a <wb> bh r a sx tx aa c aa r a n aa <wb> a n a ee <wb> g ee r a r ii t i n aa <wb> a n a ee k a <wb> aa k sx ee p o <wb> th a y a aa <wb> ch a ee
gujarati_female_001817|s a t y a w i s a <wb> j a uu n a <wb> s a u dh a ii <wb> k a u l a <wb> n a ee w a u q <wb> l a aa kh a <wb> p a c a aa s a <wb> h a j a aa r a <wb> l a o k a o n a ee <wb> y u aa i dx ii <wb> aa p a ii <wb> d a ee w a aa m a aa q <wb> aa w a y a aa <wb> ch a ee
gujarati_female_001823|p a o t a aa n a ii <wb> j a aa t a n a ee <wb> p a o t a aa n a o <wb> p a r a m a <wb> h i t ee c ch u <wb> g a nx ee <wb> ch a ee <wb> p a nx a <wb> k a aa m a <wb> k a r a ee <wb> ch a ee <wb> p a o t a aa n a aa <wb> k a tx tx a r a <wb> h i t a sh a t r u n u mq
gujarati_female_001824|k a o ii <wb> k a h ee sh ee <wb> a m a ee <wb> k a y a aa q <wb> l a ee kh a k a <wb> k a w a i <wb> c a i t a r a k a aa r a <wb> k a ee <wb> s a q g a ii t a k a aa r a <wb> ch a ii ee <wb> k a ee <wb> a m a n a ee <wb> jh a r a nx aa n aa <wb> s a q g a ii t a m a aa q <wb> s uu r y aa s t a n aa <wb> r a mq g o m aa mq <wb> k a ee <wb> t a aa r a aa <wb> bh a r a ee l a ii <wb> r aa t o m aa mq <wb> r a s a <wb> p a dx a ee
gujarati_female_001825|m o g a l a <wb> s a m r aa tx a <wb> sh a aa h a j a h a aa q <wb> p a aa s a ee <wb> t a ee <wb> h a t a o <wb> aa <wb> h i r aa ee <wb> r a j a w aa dx aa o n ii <wb> gh a nx a ii <wb> u th a l a p aa th a l o <wb> j a o ii <wb> ch a ee
gujarati_female_001839|s a aa m a ee <wb> p a k a sx a ee <wb> aa p a nx a u q <wb> tx a o c a n a u q <wb> n a ee t a t a w a <wb> s a q s a d a m a aa q <wb> s a aa ii txh a <wb> w a r a sx a <wb> p a uu r a aa q <wb> th a w a aa n a aa <wb> p a r a s a q g a ee <wb> k aa r tx uu n a n ee <wb> m a u d a d a ee <wb> c a r a c a aa <wb> k a r a ii <wb> r a h a y a u q <wb> ch a ee
gujarati_female_001864|aa th a ii <wb> aa j a ee <wb> w i k a s i t a <wb> d a u n a i y a aa m a aa q <wb> m a aa t a r a <wb> d a w a aa <wb> t a th a aa <wb> i l aa j a <wb> j a <wb> aa r a o g a y a n a ii <wb> d ee kh a r ee kh a n aa <wb> a s a r a k a aa r a k a <wb> u p a aa y a <wb> n a th a ii <wb> m a aa n a w a aa m a aa q <wb> aa w a t a aa
gujarati_female_001868|b a n a ii <wb> sh a k a ee <wb> k a ee <wb> a mq t a r ii k sx a n ii <wb> h aa dx a m aa r ii <wb> bh a r ii <wb> j a g y aa o m aa mq <wb> w a s a t a aa <wb> aa <wb> ee l a i y a n a s a <wb> s a u k a sx a m a <wb> p a r a aa r a q bh a ii k a <wb> k a k sx aa n aa mq <wb> j a ii w a <wb> k a ee <wb> b a ee k a tx a ee r a ii y a aa <wb> p a nx a <wb> h a o ii <wb> sh a k a ee
gujarati_female_001870|gh aa tx a k o p a r a n aa <wb> a w aa w a r u <wb> gh a r a n a aa <wb> b a aa th a r a uu m a m a aa q <wb> k aa n a kh a j uu r aa <wb> g a tx a r a m aa mq th ii <wb> b a h a aa r a <wb> aa w a ii <wb> j a t a o
gujarati_female_001874|o c i mq t o <wb> aa w a ii n a ee <wb> ee tx a l a aa <wb> j o s a th ii <wb> ee n a aa <wb> p a r a <wb> h a s a t a o <wb> h a s a t a o <wb> k uu d ii <wb> p a dx a ee <wb> k a ee <wb> m o r a n aa mq <wb> s a u q d a r a <wb> aa mq kh o w aa lx aa mq <wb> p ii ch aa mq <wb> bh ii mq j a w ii <wb> n a aa kh a ee
gujarati_female_001881|m a t a y a u <wb> s a m a y a ee <wb> ee m a n a u q <wb> w a j a n a <wb> ph a k a t a <wb> ch ee mq t aa lx ii s a <wb> r a t a l a <wb> h a t a u q
gujarati_female_001882|b o l ii mq j a r a <wb> o p a n a r a <wb> g a q bh a ii r a n a ee <wb> ch a <wb> r a n a n a aa <wb> w a y a k a t a i g a t a <wb> s a k a o r a <wb> p a r a <wb> p ee w ee l i y a n a <wb> bh ee g o <wb> k a r a y a o <wb> h a t a o
gujarati_female_001883|th a aa k a <wb> w a i n a aa <wb> aa r aa m a n ii <wb> m a ii txh a aa sh a <wb> sh a u q <wb> b a d aa m a <wb> h a o y a <wb> k a ee <wb> b i s k i tx a <wb> h a o y a
gujarati_female_001886|j a m aa d aa r a <wb> s a aa h a ee b a <wb> sh a k a <wb> u p a r a th a ii <wb> k a o ii n a aa <wb> gh a ee r a <wb> t a l aa sh ii <wb> l a ee w a ii <wb> k a ee <wb> jh a dx a t ii <wb> k a r a w a ii <wb> ee <wb> g a ee r a k a aa n a uu n a ii <wb> n a th a ii
gujarati_female_001893|o g a nx a ii s a o <wb> i th y o t ee r a <wb> n a ii <wb> s a aa l a m a aa q <wb> p a nx a <wb> s a tx a ee m a p a ee dx a <wb> th a y a u q <wb> h a t a u q
gujarati_female_001897|c a t u r a <wb> d ii k a r ii n o <wb> s a aa q k a ee t a i k a <wb> p a r a sh a n a <wb> b aa p a <wb> s a m a j a ii <wb> g a y a o
gujarati_female_001898|p a k a sx a ii <wb> s rq sx tx i n aa <wb> sh a r a ee sx a txh a <wb> s a i w a i l a <wb> ee n j i n i a r s a <wb> h a t a aa
gujarati_female_001904|a l k aa tx r ee jh a n o <wb> aa <wb> tx a aa p a u <wb> ee n a ii <wb> t a o ph a aa n a ii <wb> j a ee l a <wb> m a aa tx a ee <wb> k u kh y aa t a <wb> ch a ee
gujarati_female_001906|n a o q dh a n a ii y a <wb> w a aa t a <wb> t a o <wb> ee ch ee k ee <wb> ch a ee l a l a aa q <wb> b a ee <wb> d a i w a s a m a aa q <wb> p a dx a ee l a aa q <wb> m u sh a lx aa dh aa r a <wb> w a r a s aa d ee <wb> s aa b a r a k aa txh aa mq <wb> a n a ee <wb> b a n aa s a k aa txh aa mq m aa mq <wb> j u n a <wb> j a u l a aa i n a ii <wb> gh a tx a <wb> p u r ii <wb> d a ii dh a ii <wb> ch a ee
gujarati_female_001915|l a o k a o m a aa q <wb> ee w a ii <wb> a ph a w a aa <wb> ph a ee l a aa i <wb> g a i <wb> k a ee <wb> aa <wb> b a o m a b a <wb> b a l a aa s a tx a <wb> ch a ee
gujarati_female_001916|sh a aa s a t a r a o m a aa q <wb> j a nx a aa w a y a aa <wb> m a u j a b a <wb> m a q t a r a <wb> t ii r th o <wb> j y o t i sx ii <wb> d ee w a <wb> d a w a aa m a aa q <wb> j a ee w a ii <wb> j a ee n a ii <wb> sh r a gh dh aa <wb> h a o y a <wb> t a ee w a ii <wb> t a ee n a ee <wb> s a i d a dh a i <wb> m a lx a ee <wb> ch a ee
gujarati_female_001942|a m a d a aa w a aa d a n a aa <wb> o dxh a w a <wb> w a i s a t a aa r a m a aa q <wb> r a h a ee t a aa <wb> j a aa g a t a i b a h a ee n a <wb> sh aa h a n ee <wb> b aa lx a p a nx a th ii <wb> j a <wb> h aa th a n ii <wb> aa mq g a lx ii o <wb> n a th a ii
gujarati_female_001949|m a aa r a aa <wb> s uu w aa n aa <wb> r a uu m a m a aa q <wb> p a r a th a m a <wb> w a aa r a <wb> k a o ii <wb> s t r ii n aa mq <wb> w a s t r o n o <wb> s a lx a w a lx aa tx a <wb> s a mq bh a lx aa y o <wb> h a t a o
gujarati_female_001951|i txh y o t ee r a <wb> ph i k a s dx a <wb> ee k a s aa i jh a <wb> dx a y uu tx ii <wb> u gh a r a aa w a ee <wb> ch a ee
gujarati_female_001955|p a r a th a m a <wb> p a t a q g a <wb> c a g aa w a n aa r a <wb> c ii n a n aa <wb> h u aa n a <wb> th ee mq g a <wb> h a t a aa <wb> t a ee m a <wb> m a n a aa y a <wb> ch a ee
gujarati_female_001962|m a j a b a uu t a <wb> k a m aa dx a m aa mq <wb> s aa m aa w aa lx aa n ee <wb> j a o ii <wb> sh a k a aa y a <wb> ee w a u q <wb> ch a i d a r a <wb> r a aa kh a ee l a u q <wb> h a t a u q
gujarati_female_001990|d a l aa sh ee txh a <wb> ee k a d a m a <wb> g a bh a r aa y aa <wb> a n a ee <wb> b uu m a <wb> p a aa dx a ii <wb> n a aa <wb> bh a ii s aa b a <wb> n a aa
gujarati_female_001996|t a ee n a ii <wb> p a c c ii c a <wb> m a ii tx a r a <wb> p a h a o lx a ii <wb> b o dx ii m aa mq <wb> r a h a ee t a aa <wb> s ei n i k o n u mq <wb> j a ii w a n a <wb> l a k a jh u r i y a s a <wb> h a o t a u q <wb> n a th a ii <wb> p a nx a <wb> k a sx tx a d aa y a k a <wb> h a o y a <wb> ch a ee
gujarati_female_001997|b a k a r ii n ii <wb> j a ee m a <wb> aa p a nx a ee <wb> aa kh a o <wb> d a i w a s a <wb> k a q ii <wb> n a ee <wb> k a q ii <wb> c aa w y aa <wb> j a <wb> k a r a ii ee <wb> p a ch a ii <wb> aa p a nx a n a ee <wb> k sx u dh aa <wb> sh aa mq t i n o <wb> s a q t a o sx a <wb> k a y a aa q th a ii <wb> s aa mq p a dx a w aa n o <wb> h a t a o
gujarati_female_002011|a m a d aa w aa d a m aa mq th ii <wb> h a u q <wb> w a r a sx a m a aa q <wb> p a c a aa s a <wb> th a ii <wb> sh aa h ii txh a <wb> y aa t r aa lx u o n ee <wb> s a aa t a <wb> k a ei l a aa s a <wb> sh i kh a r o n ii <wb> y a aa t a r a aa <wb> k a r a aa w a u q <wb> ch a u q
gujarati_female_002013|ph a o n a <wb> a n a ee <wb> tx ee b l ee tx a n ee <wb> k a aa r a nx a ee <wb> m a aa nx a s a o n a ee <wb> s a t a t a <wb> s a k a r a ii n a m a aa q <wb> m a o q <wb> kh o s ii n ee <wb> b a ee s a ii <wb> r a h a ee <wb> ch a ee
gujarati_female_002015|w ii dx i y o <wb> m a aa r a ph a t a <wb> sh a i k a sx a nx a <wb> k a sx a ee t a r a ee <wb> k a r a aa q t a i <wb> y a u <wb> tx a y a uu b a <wb> p a r a <wb> n a w a o <wb> k a l aa s a r uu m a
gujarati_female_002023|w a r a l a dx a <wb> k a p a n a ii <wb> o g a nx a ii s a <wb> ph ee b rq aa r ii th ii <wb> w a ii s a <wb> m a aa r a c a <wb> s a u dh a ii <wb> r a m aa n aa r ii <wb> b a ee t a aa l a ii s a <wb> m a ee c a o <wb> n a aa tx a k a <wb> p a uu r a t a ii <wb> j a <wb> ch a ee
gujarati_female_002026|t a y a aa r a ee <wb> j y aa r j a <wb> l o r ee n s a <wb> t a ee n a ii <wb> u p a r a <wb> s a t a t a r a <wb> k a d aa w a r a <wb> p a t a mq g o <wb> w a dx a ee <wb> ee k a <wb> m a o tx a o <wb> k ee m ee r o <wb> c a dx a aa w a y a o <wb> h a t a o
gujarati_female_002038|b ii s ii s ii aa ii n ii <wb> w a r k i mq g a <wb> k a m i tx ii n ii <wb> b a ee txh a k a <wb> b a aa d a <wb> b a ii s a ii s a ii aa ii <wb> u p a p r a m u kh a <wb> r a aa j a ii w a <wb> sh u k l aa ee <wb> j a nx a aa w a y a u q <wb> h a t a u q
gujarati_female_002042|aa w a aa <wb> m a h aa p u r rq sx a n ii <wb> j a n m a sh a t aa b d i <wb> u j a w a w aa <wb> bh a ee g a aa <wb> th a y a ee l a aa <wb> bh a k t o m aa mq <wb> dh a k a k a aa m a u k a k a ii <wb> th a aa y a <wb> ch a ee
gujarati_female_002044|b a aa lx a k a o n a aa <wb> k o m a lx a <wb> m a g a j a <wb> p a r a <wb> g u n aa kh o r ii <wb> m aa r a dh aa dx a <wb> a n a ee <wb> k a t l ee aa m a <wb> j a ee w a aa q <wb> d uu sx a nx o n aa mq <wb> b ii j a <wb> r o p a t ii
gujarati_female_002056|r o h i t a sh a r m aa n ii <wb> b a ee tx a i q g a <wb> tx ee k a n ii k a m aa mq <wb> h a j a u <wb> p a nx a <wb> sh o r tx a <wb> p a ii c a <wb> b o l a n aa <wb> s a mq d a r bh a nx aa mq <wb> kh a aa m a ii <wb> j a nx a aa y a <wb> ch a ee
gujarati_female_002074|a nx a u uu r a j a aa <wb> d a w a aa r a aa <wb> w a ii j a <wb> u t a p a aa d a i t a <wb> k a r a w a aa n a aa <wb> b i jh a n ee s a m aa mq <wb> j a r a m a n a ii <wb> ee k a <wb> s a sh a k t a <wb> bh a aa g a ii d a aa r a <wb> ch a ee
gujarati_female_002077|s k uu l a m aa mq <wb> p a nx a <wb> b a ii j a ii <wb> s p o r tx s a <wb> ee k tx i w i tx ii <wb> k a r a t a aa q <wb> t a ee n a ii <wb> ph a r a s a tx a <wb> c o i s a <wb> aa j a ee <wb> p a nx a <wb> m aa t r a n ee <wb> m a aa t a r a <wb> k a r a i k a ee tx a <wb> j a <wb> ch a ee
gujarati_female_002084|t o y ee <wb> ee <wb> a t a dx aa p a nx u mq <wb> j aa lx a w ii n ee <wb> th a o dx a ii k a <wb> t o ch a dx ii <wb> r a ii t a ee <wb> j a <wb> w a aa t a <wb> k a r a ee <wb> ch a ee
gujarati_female_002090|t a ee <wb> s a k a r a ii n a <wb> p a r a <wb> b a i jh a n a ee s a <wb> c a k a r a n a u q <wb> s k ee c a <wb> t a ei y a aa r a <wb> k a r a ee <wb> ch a ee
gujarati_female_002095|ee nx a ee <wb> d o dx ii n ee <wb> gh a r a m a aa q <wb> p ee s a w aa <wb> k a o sh a i sh a <wb> k a r a ii <wb> p a r a q t a u <wb> d w aa r a p aa lx o ee <wb> ee n a ii <wb> g a r a d a n a <wb> p a k a dx a ii n a ee <wb> sh ee r ii n ii <wb> dh uu lx a m aa mq <wb> ph a ee q k a ii <wb> d a ii dh a o
gujarati_female_002102|p a g a m a aa q <wb> b a uu tx a <wb> t a o <wb> m a ee q <wb> k a l a ee j a m a aa q <wb> a dh a y a aa p a k a <wb> th a y a aa <wb> p a ch a ii <wb> ii dx a r a m aa mq <wb> p a h a ee l a ii w a aa r a <wb> kh a r ii d ii n ee <wb> p h ee r y aa <wb> h a t a aa
gujarati_female_002121|t a ee n a ii <wb> y a aa d a ii <wb> u t s aa h a bh ee r a <wb> b a n a aa w a t a ii <wb> w a kh a t a ee <wb> w a i j a nj a aa n a n a ee <wb> p a o t a aa n a u q <wb> n ei s a r g ii k a <wb> w a i r a o dh a ii <wb> g a nx a n aa r aa <wb> l a o k a o <wb> ee <wb> h a k a ii k a t a <wb> bh a uu l a ii <wb> j a aa y a <wb> ch a ee
gujarati_female_002123|d a l aa sh ee txh a <wb> r a dx a m a s a <wb> th a ii n a ee <wb> b a o l a y a aa <wb> m a aa r a ii <wb> p aa gh a dx ii n ii <wb> dh a dx a m aa mq <wb> p a c a aa s a <wb> r a uu p a i y a aa <wb> ch a ee
gujarati_female_002143|kh a aa s a <wb> t a o <wb> aa <wb> k a aa r a nx a o s a r a <wb> a t a y a aa r a ee <wb> aa <wb> k a r a i s a tx a l a <wb> h a o m a <wb> dx ee k o r ee sh a n a <wb> l a o k a o m a aa q <wb> kh u b a <wb> j a <wb> p a r a c a l a i t a <wb> ch a ee
gujarati_female_002144|j a ee n a u q <wb> b a aa q dh a k a aa m a <wb> g ii jh aa n aa <wb> p i r aa m ii dx a <wb> k a ee <wb> ee th ee n s a n aa <wb> ee k r o p o l ii s a <wb> j a ee w a u q <wb> bh a w a y a <wb> h a sh a ee
gujarati_female_002149|m a ee tx a r a o <wb> r a ee l a w a ee <wb> l a i q k a <wb> p a r a o j a ee k a tx a <wb> m a aa tx a ee <wb> c i m a n a bh aa i <wb> p a tx a ee l a <wb> b r i j a n aa <wb> ch a ee dx a ee <wb> a c ee r a <wb> g a aa m a n a ii <wb> s a r a k a aa r a ii <wb> j a m a ii n a <wb> m a ee lx a w a w a aa <wb> m a aa tx a ee n a ii <wb> k a aa r a y a w a aa h a ii <wb> h a aa th a <wb> dh a r aa i <wb> ch a ee
gujarati_female_002160|p a k a sx a ii o n a ii <wb> jh a lx a h a lx a t ii <wb> ii m aa r a t o <wb> s a aa th a ee <wb> a th a dx aa m a nx a <wb> j a ee w a aa <wb> b a n a aa w a o <wb> w a r a t a m a aa n a <wb> p a t r o m aa mq <wb> h ee dx a l aa ii n s a <wb> t a r a ii k a ee <wb> bh a l a ee <wb> c a lx a k a t aa <wb> h a o y a
gujarati_female_002172|k a aa r a n a aa <wb> p a aa r a tx a s a <wb> u p a r a <wb> t aa mq b aa n o <wb> dxh a o lx a <wb> c a dx aa w a w aa m aa mq <wb> aa w a y a o <wb> h a t a o
gujarati_female_002194|m a dh a y a m a <wb> k a d a n aa <wb> k a b a aa tx a <wb> j ee w a dx aa mq <wb> b a ee <wb> s a p a ii k a r a <wb> h a t a aa q
gujarati_female_002196|p a g a <wb> u gh a aa dx a aa <wb> h a t a aa <wb> p a nx a <wb> dx aa m a r a n aa <wb> r a s t aa n ii <wb> b a q n a ee <wb> b a aa j a u <wb> dh uu lx i y o <wb> m aa r a g a <wb> s a aa c a aa <wb> a r a th a m a aa q <wb> ph uu tx a p aa th a <wb> h a t a o
gujarati_female_002221|j a o <wb> u p a r a o k a t a <wb> s a q sh a o dh a n a <wb> s a aa c a u q <wb> txh a r a sh ee <wb> a n a ee <wb> h a m jh aa <wb> n a d a ii n a aa <wb> p a aa nx a ii n a o <wb> u p a y a o g a <wb> k a r a w a aa n a ii <wb> tx a ee k a n a o l a o j a ii <wb> w a i k a aa s a <wb> p a aa m a sh a ee
gujarati_female_002227|s u j ii t a <wb> s a r a k a aa r a <wb> d i g d a r sh i t a <wb> ph a i l a m a <wb> d a w a aa r a aa <wb> b a ee <wb> h a j a aa r a <wb> b a aa r a <wb> m a aa q <wb> aa h a n aa n u mq <wb> b a o l a ii w a uu dx a m a aa q <wb> p a d aa r p a nx a <wb> th a ii <wb> r a h a y a u q <wb> ch a ee
gujarati_female_002232|w a r a sx a m a aa q <wb> b a ee <wb> w a aa r a <wb> h a u q <wb> p a d a y aa t r ii o n ee <wb> l a ii n a ee <wb> h i m aa c a l a m aa mq <wb> aa w a ee l a <wb> sh r ii kh a mq dx a <wb> k a ei l a aa s a <wb> a n a ee <wb> k i n n a r a <wb> k ei l aa s a n ii <wb> y a aa t a r a aa <wb> k a r a aa w a u q <wb> ch a u q
gujarati_female_002233|b r i s b ee n a n aa <wb> m ee y a r a <wb> l o r dx a <wb> k ee m p a b ee l a <wb> n y u m ee n ee <wb> j a nx a aa w a y a u q <wb> h a t a u q <wb> k a ee <wb> aa j a n a o <wb> d a i w a s a <wb> s a h a y a <wb> h a t a o <wb> aa w a t a ii <wb> k a aa l a <wb> w a dh a u <wb> kh a r a aa b a <wb> h a sh a ee <wb> a n a ee <wb> g u r u w aa r a <wb> w i n aa sh a k a <wb> b a n a ii <wb> j a sh a ee
gujarati_female_002234|p a r nx o m aa mq th ii <wb> n ii l a g ii r ii n ii <wb> t a ii w a r a <wb> g a q dh a <wb> ph ee ph a s aa mq <wb> s a u dh a ii <wb> p a h a o q c a ii <wb> j a aa y a <wb> ch a ee
gujarati_female_002236|c ii n a n u mq <wb> j a o <wb> sx a dx a y a mq t r a <wb> s a ph a lx a <wb> r a h a ee sh a ee <wb> t a o <wb> a ph a gh a aa n a i s a t a aa n a <wb> p a r a th a ii <wb> bh a aa r a t a n a o <wb> p a r a bh a aa w a <wb> o s a r a ii <wb> sh a k a ee <wb> ch a ee
gujarati_female_002241|aa r a th a r a <wb> ee n dx a r a s a n ee <wb> tx ii n a <wb> ph u mq dx a m aa mq <wb> ee w a aa q <wb> b ee k ee tx a r ii y aa <wb> sh a o dh a ii <wb> k a aa dxh a y a aa <wb> j a ee <wb> h aa ii <wb> dx o jh a <wb> g a aa m a aa <wb> r a ee <wb> n a ee <wb> p a nx a <wb> p a c aa w ii <wb> j a ii n a ee <wb> j a ii w a t a aa <wb> r a h a ee t a aa q <wb> h a t a aa q
gujarati_female_002243|aa <wb> d a w a aa r a aa <wb> sh w ee t a r uu p a <wb> dh a aa r a nx a <wb> k a r a y a u q <wb> j a ee <wb> k a r m a n ii <wb> sh a w a ee t a <wb> k a r a aa q t a i <wb> s a w a r a uu p a <wb> ch a ee
gujarati_female_002251|tx a uu q k a m a aa q <wb> d a ee sh a m a aa q <wb> b a ee <wb> h a j a aa r a <wb> c a aa r a <wb> p a aa c a <wb> m a aa q <wb> k a u l a <wb> w a s t ii n aa <wb> s aa dx a t r ii s a <wb> p a o ii n a tx a <wb> b a ee <wb> tx a k a aa <wb> l a o k a o <wb> g a r a ii b a <wb> h a t a aa
gujarati_female_002295|a q dh a aa r a aa n a ii <wb> s a aa m a ee <wb> p a r a k a aa sh a <wb> y u d dh ee <wb> c a dxh a ee <wb> ch a ee <wb> k a ee <wb> p r a k aa sh a n ee <wb> p a ch aa dx a w aa n u mq <wb> a q dh a aa r a u q <wb> k a aa w a t a r a u q <wb> gh a dx a ee <wb> ch a ee <wb> aa w a aa q <wb> t a o <wb> k ee tx a k ee tx a l aa mq <wb> w i s m a y o
gujarati_female_002310|s tx ii w a <wb> j o b s a <wb> a n a ee <wb> dh a ii r a u bh a aa ii <wb> a mq b aa nx ii <wb> j a ee w a ii <wb> s a i d a dh a i o <wb> m a ee lx a w a w a aa n a u q <wb> s a w a p a n a <wb> m a o tx a aa bh a aa g a n a aa <wb> u d y o g a p a t i o n ee <wb> p a nx a <wb> aa w a ee <wb> ch a ee
gujarati_female_002324|a m a aa r a o <wb> tx a aa r a g a ee tx a <wb> k a w a o l a i tx a ii <wb> p a r a o dx a k a tx a <wb> aa p a w a aa n a ii <wb> s a aa th a ee <wb> d a u n a i y a aa <wb> m a aa tx a ee <wb> u d aa h a r a nx a r uu p a <wb> b a n aa w aa n o <wb> p a nx a <wb> ch a ee
gujarati_female_002339|p a aa nx a ii m a aa q <wb> p a n i h aa r ii o n o <wb> k a l a b a l aa tx a <wb> p r a t i b i mq b aa y a <wb> ch a ee
gujarati_female_002343|b a r a i tx a i sh a <wb> m ee g ee jh i n a <wb> dh a <wb> l ee n s ee tx a n o <wb> r a i p a o r a tx a <wb> j a nx a aa w a ee <wb> ch a ee <wb> k a ee <wb> b a ee <wb> h a j a aa r a <wb> d a s a <wb> m a aa q <wb> bh a aa r a t a m a aa q <wb> k a ee n a s a r a n a ee <wb> l a ii dh a ee <wb> s aa dx aa <wb> p a aa q c a <wb> l a aa kh a th a ii <wb> w a dh u n aa mq <wb> m a o t a <wb> th a y a aa <wb> ch a ee
gujarati_female_002347|s a dh o j aa t aa w a t aa r a <wb> b a r a h a m a aa j a ii ee <wb> t a p a <wb> k a r a ii <wb> p a r a th a m a <wb> k a l p a m aa mq <wb> sh w ee t a r uu p a <wb> dh a aa r a nx a <wb> k a r a y a u q
gujarati_female_002356|m o mq m aa mq <wb> d a aa q t a <wb> h a o y a <wb> ch a ee <wb> ee n a o <wb> m a t a l a b a <wb> ee <wb> th a y a o <wb> k a ee <wb> m o mq m aa mq <wb> gh a r a <wb> w a aa lx a ii <wb> o r a t a n ee <wb> t a y a aa q <wb> h aa th ii d aa mq t a n aa <wb> c u dx a l aa n ii <wb> d a u k a aa n a <wb> ch a ee
gujarati_female_002383|b a n a n a ee <wb> k a q p a n a ii m a aa q <wb> p aa i l a tx a n ii <wb> b a dxh a t ii <wb> a n a ee <wb> s i n i y o r i tx ii <wb> n a k a k a ii <wb> k a r a w a aa n a aa q <wb> dh a o r a nx a <wb> j a u d a aa q <wb> h a t a aa q
gujarati_female_005682|b a ei k a o n a u r a th a ii <wb> r a w a aa n a aa <wb> th a ii <wb> r a h a ee l a aa <wb> a w a k a aa sh a y a aa n a m a aa q <wb> t a ee m a n a ii <wb> s a aa th a ee <wb> r a sh a i y a n a <wb> ph a ee dx a r a l a <wb> s a p a ee s a <wb> ee j a n a s a ii n a aa <wb> y a uu r a ii <wb> m a aa l a ee n a sh a ee n a k a o <wb> a n a ee <wb> j a aa p a aa n a <wb> ee r a o s a p a ee s a <wb> ee k a s a p a l a o r a ee sh a n a <wb> ee j a n a s a ii n a aa <wb> a k a i h a i t a o <wb> h a o sh a i d a ee <wb> ee m a <wb> b a ee <wb> ph a l a aa ii tx a <wb> ee n a j a i n a i y a r a <wb> p a nx a <wb> j a o dx a aa sh a ee
gujarati_female_005684|a dxh a aa r a <wb> m a h a i n a aa th a ii <wb> bh a aa r a ee <wb> m a th a aa m a nx a <wb> k a r a t a aa <wb> p a r a o tx a o n a <wb> k a o l a i jh a n a <wb> p a r a y a o g a m a aa q <wb> ph a r a aa n a s a <wb> a n a ee <wb> s a w a ii t a jh a r a l a ee n a dx a <wb> s a r a h a d a ee <wb> j a ii n a i w a aa <wb> p a aa s a ee <wb> w a i j a nj a aa n a n a ii o ee <wb> l a aa r a j a <wb> h a ee dx a r a o n a <wb> k a o l a aa ii dx a r a m a aa q <wb> p a r a o tx a o n a n a aa <wb> b a ee <wb> k a i r a nx a o <wb> s a aa m a s a aa m a ee <wb> a th a dx a aa w a ii <wb> p a r a y a o g a <wb> k a r a ii <wb> a d a bh a uu t a <wb> s a ph a lx a t a aa <wb> m a ee lx a w a ii <wb> ch a ee
gujarati_female_005690|c a aa l a o <wb> h a w a ee th a ii <wb> ee k a aa q t a n a o <wb> p a nx a <wb> o c a ch a w a <wb> k a r a ii ee <wb> th a o dx a o <wb> j a aa t a n a ee <wb> s a m a y a <wb> aa p a ii ee <wb> s a aa m a ee w a aa lx a ii <wb> w a y a k a t a i <wb> p a aa s a ee th a ii <wb> b a u <wb> a p a ee k a sx a aa <wb> n a <wb> r a aa kh a ii y a ee <wb> s a t a t a <wb> n a u <wb> j a aa nx a ii ee <wb> m a aa n a ii y a ee <wb> j a o ii y a ee <wb> w a aa q c a ii ee <wb> a n a ee <wb> n a w a aa q <wb> s a th a lx a o <wb> a n a ee <wb> l a o k a o n a ee <wb> kh a u l a l a aa <wb> d a i l a ee <wb> s a w a ii k a aa r a ii ee
gujarati_female_005700|w a i r a j a <wb> w a aa s a n a aa <wb> r a h a i t a <wb> w a i w a aa h a <wb> ee k a b a ii j a aa n a ee <wb> j a o dx a ee <wb> w a i sh a w a <wb> g a o lx a aa k a aa r a <wb> ph a ee r a w a ee <wb> w a i sh a o k a <wb> j a ii w a n a <wb> bh a aa w a <wb> p a r a k a t a i <wb> s a aa th a ee <wb> j a o dx a ee <wb> aa w a aa <wb> bh a aa w a <wb> s a aa th a ee <wb> b a r a h a m a aa j a ii ee <wb> c a aa r a <wb> s a w a r a uu p a n a aa <wb> p a u t a r a o <wb> u t a p a n a n a <wb> k a r a ii <wb> m a aa n a w a <wb> d a ee h a n a ii <wb> c a ee t a n a aa <wb> s a w a r a uu p a <wb> j a ii w a n a <wb> bh a aa w a <wb> aa p a y a o
gujarati_female_005710|ee n a ii <wb> m a aa t a aa <wb> sh a b a n a m a <wb> s a i q n a aa <wb> j a nx a aa w a w a aa <wb> m a u j a b a <wb> p a r a aa r a q bh a i k a <wb> m a ee dx a i k a l a <wb> r a i p a o r a tx a s a <wb> ee w a u q <wb> s a uu c a w a t a aa <wb> h a t a aa <wb> k a ee <wb> y a u w a r a aa j a n a aa <wb> dx a aa b a aa <wb> ph a ee ph a s a aa n a ii <wb> u p a r a <wb> l a i m a ph a o m a aa q <wb> k a h a ee w a aa t a ii <wb> a s a aa dh a aa r a nx a <wb> tx a i y a u m a r a <wb> k a ee <wb> j a ee <wb> k a ee n a s a r a n a ii <wb> g a aa q txh a <wb> h a o ii <wb> sh a k a ee <wb> ch a ee
gujarati_female_005741|bh a uu k a q p a <wb> a n a ee <wb> s a u n a aa m a ii <wb> d a w a aa r a aa <wb> p a aa w a r a <wb> p a l a aa n a tx a n a aa q <wb> r a i ee k a tx a r a m a aa q <wb> k a ii <wb> s a m a s a y a aa <wb> s a r a j a aa ii <wb> j a ee <wb> ch a ee w a tx a ee <wb> d a u r a gh a tx a n a aa m a aa q <wb> ph a ee r a w a aa ii <wb> g a ii <wb> t a ee n a ii <wb> w a i g a t a o n a ii <wb> h a w a ee <wb> p a ch a ii n a aa q <wb> a q k a m a aa q <wb> w a i s a t a aa r a p a uu r a w a k a <wb> s a m a ii k a sx a aa <wb> k a r a w a aa m a aa q <wb> aa w a sh a ee
gujarati_female_005767|s a t y aa w i s s o <wb> ch a aa s a txh a <wb> m a aa q <wb> th a y a aa <wb> t a r a nx a <wb> d a ee sh a o n a aa <wb> r aa j a d w aa r ii o <wb> n a ee w a u q <wb> d a ee sh a o <wb> a n a ee <wb> d a ee sh a n a aa <wb> o g a nx a ii s a <wb> r aa j a y o n aa <wb> p r a t i n i dh i o <wb> h a aa j a r a <wb> g a u j a r a aa t a <wb> w a i k a aa s a n a ii <wb> s a h a bh aa g ii t aa n o <wb> w i sh w a m a mq c a <wb> b a n a w a aa n a ii <wb> k a sx a m a t a aa <wb> dh a r a aa w a ee <wb> ch a ee
gujarati_female_005770|p a c a c a ii s a <wb> dx a i s a ee m a b a r a <wb> b a ee <wb> h a j a aa r a <wb> a g a y a aa r a <wb> n a ii <wb> j ii ee s a ee l a w ii n ii <wb> u dx aa n a <wb> p a r a th a m a <wb> t a b a k a k a ee <wb> j a <wb> n a i sx a ph a lx a <wb> j a t a aa q <wb> r a uu p a i y a aa <wb> ee k a s a o <wb> p a c a c a ii s a <wb> k a r a o dx a n a o <wb> s a q c a aa r a <wb> u p a g a r a h a <wb> n a sx tx a <wb> th a i <wb> g a y a o <wb> a n a ee <wb> aa <wb> y a o j a n a aa <wb> p a aa ch a lx a n a o <wb> k a u l a <wb> kh a r a c a <wb> r a uu p a i y a aa <wb> t a r a nx a s a o <wb> p a c a c a ii s a <wb> k a r a o dx a <wb> ee lx ee <wb> g a y a o
gujarati_female_005776|ee k a <wb> t a j a j a nj a aa <wb> j a h a o n a <wb> o s a tx a r a o ee <wb> o g a nx a ii s a o <wb> s a i t a t a ee r a <wb> n a aa <wb> d a aa y a k a aa m a aa q <wb> j a nx a aa w a y a u q <wb> h a t a u q <wb> k a ee <wb> th a ee r a aa p a o dx a <wb> dx a aa y a n a aa s a o r a <wb> m a aa q <wb> j a <wb> p a k a sx a ii o n a ii <wb> u t a k a r a aa q t a i <wb> th a ii <wb> h a t a ii <wb> a n a ee <wb> aa r a k a ii o p a tx a ee r a i k a s a <wb> t a ee n a o <wb> w a i sh a i sx a tx a <wb> p a u r a aa w a o <wb> ch a ee
gujarati_female_005802|ee p a r a i l a <wb> b a ee <wb> h a j a aa r a <wb> d a sh a <wb> n a ii <wb> j a ii ee s a ee l a w a ii <wb> dx a ii <wb> t a r a nx a <wb> n a ii <wb> u dx a aa n a m a aa q <wb> bh a aa r a t a m a aa q <wb> b a n a aa w a ee l a <wb> p a r a th a m a <wb> k a r a aa y a o j a ee n a i k a <wb> ee n a j a ii n a n a ii <wb> b a ee <wb> m a o tx a r a o <wb> d a aa g a ii <wb> n a h a ii q <wb> p a r a i nx a aa m a ee <wb> t a ee <wb> m a i sh a n a <wb> n a i sx a ph a lx a <wb> g a y a u q <wb> h a t a u q
gujarati_female_005804|sh a r a ii <wb> m a u q b a ii <wb> j a ei n a <wb> y a u w a k a <wb> s a q gh a n a aa <wb> u p a k a r a m a ee <wb> c a r a c a g a ee tx a n a aa <wb> p a aa tx a k a r a <wb> s a bh a aa g a h a m a aa q <wb> aa y a o j a i t a <wb> p a h a ee l a w a h a ee l a ii <wb> g ou t a m a <wb> k a th aa <wb> r a j a uu <wb> k a r a t a aa <wb> g u j a r aa t a <wb> s a m aa c aa r a n aa <wb> p a r a t a i sx a txh a i t a <wb> k a tx a aa r a l a ee kh a k a <wb> dx a o k a tx a r a <wb> a l a y a <wb> b a ee q k a r a <wb> h a aa j a r a <wb> h a t a aa q
gujarati_female_005807|ee m a n a aa <wb> m a aa tx a ee <wb> r a c a aa y a ee l a aa <wb> ee k a <wb> p a r a sh a s a t a ii <wb> g a ii t a m a aa q <wb> k a w a i <wb> n a o q dh a ee <wb> ch a ee <wb> k a ee <wb> b a aa lx a k a o <wb> m a aa q d a aa <wb> p a dx a ee <wb> t a y a aa r a ee <wb> l a o k a o <wb> t a ee m a n a ee <wb> s a aa j a aa <wb> k a r a w a aa <wb> m a aa tx a ee <wb> n a w a aa b a <wb> m a h a aa b a t a kh a aa n a j a ii n a aa <wb> kh a o lx a aa m a aa q <wb> l a o tx a aa dx a w a aa n a ii <wb> m a aa n a t a aa <wb> m a aa n a t a aa
gujarati_female_005817|aa w a ii <wb> s a th a i t a i m a aa q <wb> aa t a m a n a i r a ii k a sx a nx a <wb> k a r a ii <wb> h a d a y a w a y a aa p a aa r a <wb> a n a ee <wb> m a n a o w a y a aa p a aa r a m a aa q <wb> u c a i t a <wb> ph a ee r a ph a aa r a o <wb> d a w a aa r a aa <wb> s a m a g a r a <wb> j a ii w a n a n a aa <wb> s a q j a o g a o <wb> a n a ee <wb> w a i sx a m a <wb> p a r a i s a th a i t a i n a ee <wb> p a l a tx a aa w a w a aa q <wb> sh a k a y a <wb> ch a ee
gujarati_female_005822|aa <wb> k a nx a <wb> l a g a bh a g a <wb> p a r a k a aa sh a <wb> j a ee tx a l a ii <wb> jh a dx a p a ee <wb> d a o dx a t a aa <wb> s a aa m a s a aa m a ee <wb> a th a dx a aa t a aa <wb> aa <wb> a th a dx a aa m a nx a n a ee <wb> p a r a i nx a aa m a ee <wb> b a r a h a m a aa q dx a n a aa <wb> j a n a m a <wb> w a kh a t a ee <wb> j a ee w a u q <wb> w a aa d a lx a <wb> s a r a j a aa y a u q <wb> h a t a u q <wb> t a ee w a u q <wb> b a ii g a b a ee n a g a <wb> j a ee w a o <wb> dh a dx a aa k a o <wb> th a y a o <wb> h a t a o
gujarati_female_005841|a t a y a q t a <wb> txh a q dx a u <wb> w a aa t a aa w a r a nx a <wb> a q t a r a ii k a sx a <wb> a n a ee <wb> s a t a t a <wb> r a ee dx a i y a ee sh a n a m a aa q <wb> r a h a ee l a <wb> kh a dx a k a o n a aa q <wb> s a ee m a p a l a <wb> p a aa ch a aa q <wb> p a th a w a ii <wb> p a r a <wb> l a aa w a w a aa m a aa q <wb> aa w a y a aa <wb> t a y a aa r a ee <wb> k a ee tx a l a aa q k a <wb> s a u k a sx a m a <wb> j a ii w a <wb> tx a k a ii <wb> g a y a aa <wb> a n a ee <wb> b a c a ii <wb> g a y a aa <wb> h a t a aa
gujarati_female_005848|bh a u j a <wb> k a aa y a m a <wb> m a aa tx a ee <wb> ch a o dx a ii n a ee <wb> a m a d a aa w a aa d a <wb> aa w a y a aa q <wb> t a o <wb> ee k a <wb> s a h a k a aa r a y a k a r a t a aa ee <wb> ee n a aa <wb> w a i d a ee sh a m a aa q <wb> w a s a t a aa <wb> s a g a aa n a o <wb> b a q g a l a o <wb> s a c a w a aa y a <wb> t a ee <wb> h a ee t a u th a ii <wb> a m a n a ee <wb> ee m a <wb> n a ee <wb> ee m a <wb> w a aa p a r a w a aa <wb> aa p a ii <wb> d a ii dh a o
gujarati_female_005850|j a o <wb> b a l a aa i n a dx a <wb> th a ee r a aa p a i s a tx a n a ee <wb> j a aa nx a w a u q <wb> h a o y a <wb> k a ee <wb> k a ee tx a l a aa <wb> m a ii n a ii tx a n a ii <wb> tx a r a ii tx a m a ee n a tx a <wb> th a i <wb> ee <wb> m a aa tx a ee <wb> i n a ph a o <wb> b a tx a n a <wb> d a b a aa w a w a aa th a ii <wb> m a sh a ii n a <wb> w a o i s a m a aa q <wb> p a o t a aa n a u q <wb> ph a i dx a b a ee k a <wb> aa p a ee <wb> ch a ee
gujarati_female_005853|sh aa mq t i n i k ee t a n a n ii <wb> ee k a <wb> h o s tx ee l a m aa mq <wb> p a th aa r ii m aa mq <wb> p ee sh aa b a <wb> k a r a ii <wb> j a n aa r ii <wb> b aa lx a k ii n ee <wb> p ee sh aa b a w aa lx ii <wb> bh a ii n a ii <wb> p a th a aa r a ii <wb> c aa tx a w aa <wb> m a aa tx a ee <wb> m a j a b uu r a <wb> k a r a n a aa r a ii <wb> w o r dx a n a n ee <wb> k a dx a k a <wb> s a j a aa <wb> m a lx a w a ii <wb> j a o ii ee <wb> ee m a aa q <wb> k a o ii <wb> b ee m a t a <wb> n a th a ii
gujarati_female_005870|s a t a r a ii o n a ee <wb> r a o j a j a ee <wb> gh a r a n a aa q <wb> b a dh a aa q <wb> j a <wb> k a aa m a <wb> s a w a aa r a ee <wb> b a dh a aa q th a ii <wb> w a h a ee l a aa <wb> uu txh a ii <wb> r a aa t a r a ee <wb> s a uu t a aa <wb> s a u dh a ii <wb> s a t a t a <wb> a th a aa g a <wb> p a r a i sh a r a m a <wb> k a r a ii n a ee <wb> k a y a aa r a ee k a <wb> k a q tx a aa lx a o <wb> k a ee <wb> g a u s a s a o <wb> aa w a ee <wb> ch a ee
gujarati_female_005883|n a y a u k a l a i y a r a <wb> p a aa w a r a <wb> p a l a aa n a tx a n a aa <wb> aa <wb> j a o kh a m a <wb> dh a y a aa n a m a aa q <wb> r a aa kh a ii n a ee <wb> t a r a nx a <wb> w a r a sx a <wb> p a h a ee l a aa q <wb> n a ee sh a n a l a <wb> dx a i jh a aa s a tx a r a <wb> m a ee n a ee j a m a ee n a tx a <wb> o th a o r a i tx a ii <wb> ee n a dx a ii ee m a ee <wb> n a ii <wb> r a c a n a aa <wb> k a r a w a aa m a aa q <wb> aa w a ii <wb> h a t a ii
gujarati_female_005888|ee k a <wb> s a aa m a aa n a y a <wb> m a aa n a y a t a aa <wb> ee w a ii <wb> p a nx a <wb> c a aa l a ii <wb> aa w a ee <wb> ch a ee <wb> k a ee <wb> b a aa lx a k a o <wb> s a aa r a ii <wb> r a ii t a ee <wb> a bh a y a aa s a <wb> k a r a ee <wb> t a ee n a ee <wb> m a aa tx a ee <wb> t a ee m a n a ee <wb> sh a aa r a ii r a i k a <wb> s a j a aa <wb> ph a tx a k a aa r a w a ii <wb> k a ee <wb> t a ee m a n a ii <wb> p a aa s a ee <wb> dh a aa k a <wb> dh a m a k a ii th a ii <wb> k a aa m a <wb> l a ee w a u q <wb> j a r a uu r a ii <wb> ch a ee
gujarati_female_005890|sh a h a ee r a n a aa <wb> g a r a ii b a <wb> k a i sh a o r a o <wb> y a u w a aa n a o <wb> j a ee <wb> kh a aa n a g a ii <wb> k a r a i k a ee tx a <wb> ee k a ee dx a ee m a ii m a aa q <wb> j a i <wb> sh a k a t a aa <wb> n a th a ii <wb> t a ee o n a ee <wb> b a ii s a ii ee <wb> t a d a d a n a <wb> m a aa m a uu l a ii <wb> r a k a m a ee <wb> l a i n a ee <wb> k a o c a i q g a <wb> aa p a sh a ee
gujarati_female_005892|a m a ee r a i k a aa n a aa <wb> bh a uu t a p a uu r a w a <wb> s a q r a k a sx a nx a <wb> n a i sx a nx a aa t a o <wb> n a aa <wb> j a nx a aa w a y a aa <wb> p a r a m a aa nx a ee <wb> t a ee <wb> h a ee l a ii k a o p a tx a r a o <wb> s a i r a k a o s a k a ii <wb> ee c a <wb> s a aa h a i q txh a <wb> b a l a ee k a <wb> h a o k a <wb> n a aa m a n a aa <wb> h a ee l a ii k a o p a tx a r a n a u q <wb> s a u dh a aa r a aa <wb> w a dh a aa r a aa <wb> k a r a ee l a u q <wb> r a uu p a <wb> h a t a u q
gujarati_female_005894|n a aa nx a aa <wb> m a q t a r a ii <wb> p a r a nx a w a <wb> m a u kh a r a j a ii ee <wb> aa j a ee <wb> l a o k a s a bh a aa m a aa q <wb> r a j a uu <wb> k a r a ee l a aa <wb> b a ee <wb> h a j a aa r a <wb> a g a y a aa r a <wb> b a aa r a <wb> n a aa <wb> w a r a sx a n a aa <wb> k a ee n a d a r a ii y a <wb> a q d a aa j a p a t a r a m a aa q <wb> w a dh a u <wb> p a q d a r a <wb> m a ee g a aa <wb> ph a uu dx a <wb> p a aa r a k a <wb> s a th a aa p a w a aa n a ii <wb> d a r a kh a aa s a t a <wb> k a r a ii <wb> ch a ee
gujarati_female_005904|p a r a th a m a <wb> t a o <wb> t a ee m a nx a ee <wb> t a aa r a w a y a u q <wb> k a ee <wb> aa r a k a ii o <wb> o p a tx a ee r a ii k a s a <wb> a n a ee <wb> t a aa j a ee t a r a m a aa q <wb> j a ee n a aa <wb> j a ii w a aa sh a m a o <wb> m a lx a ii <wb> aa w a ee l a <wb> ch a ee <wb> t a ee <wb> jh a ii aa o n a tx a ii j a i n a i aa <wb> w a c a c a ee <wb> aa q kh a ee <wb> uu dx a ii n a ee <wb> w a lx a g a ee <wb> t a ee w a ii <wb> s a m a r a u p a t a aa <wb> ch a ee
gujarati_female_005909|p a r a ee t a aa t a m a aa sh a k a t a i n a aa <wb> a s a t a i t a w a n a aa <wb> p a r a y a o g a o n a ii <wb> k a s a o tx a ii <wb> k a r a aa ii <wb> h a t a ii <wb> ee <wb> b a ee txh a k a <wb> d a r a m a i y a aa n a <wb> l a aa i tx a <wb> w a r a t a m a aa n a p a t a r a n a aa <wb> p a r a t a i n a i dh a i <wb> dx a s a n a <wb> r a o j a r a s a <wb> p a nx a <wb> h a aa j a r a <wb> h a t a aa
gujarati_female_005910|i n a dx a o n a ee sh a i y a n a <wb> o p a n a <wb> b a ee dx a m a i q g a tx a n a <wb> tx a uu r a n a aa m a ee n a tx a m a aa q <wb> t a ee nx a ee <wb> j a ee <wb> ph a o r a m a <wb> d a ee kh a aa dx a y a u q <wb> ch a ee <wb> t a ee <wb> aa g a lx a <wb> p a nx a <wb> j a lx a w a aa ii <wb> r a h a y a u q <wb> t a o <wb> l a q dx a n a m a aa q <wb> t a ee <wb> bh a aa r a t a n a ee <wb> m a ee dx a l a <wb> a p a aa w a w a aa <wb> m a aa tx a ee <wb> s a k a sx a m a <wb> ch a ee
gujarati_female_005924|p a r a q t a u <wb> m a uu lx a <wb> s a m a s a y a aa <wb> p a aa nx a ii n a aa <wb> w a gh a u <wb> u p a y a o g a <wb> n a ii <wb> ch a ee <wb> a n a ee <wb> t a ee <wb> p a nx a <wb> k a i s a aa n a o <wb> d a w a aa r a aa <wb> th a t a aa <wb> w a gh a u <wb> u p a y a o g a n a ii <wb> b a ee <wb> h a j a aa r a <wb> n a aa <wb> w a r a sx a m a aa q <wb> d a ee sh a m a aa q <wb> p a aa nx a ii n a o <wb> n a ee w a y a aa s a ii <wb> tx a k a aa <wb> w a p a r a aa sh a <wb> kh a ee t a ii <wb> m a aa tx a ee <wb> th a t a o <wb> h a t a o
gujarati_female_005927|ph a i l a m a n a u q <wb> s a q g a ii t a <wb> t a o <wb> l a o n a c a <wb> th a y a aa q <wb> b a aa d a <wb> j a <wb> h a i tx a <wb> th a ii <wb> g a y a u q <wb> ch a ee <wb> t a ee m a aa q y a <wb> kh a aa s a <wb> k a r a ii n a ee <wb> ph a i l a m a n a u q <wb> tx a aa ii tx a l a <wb> s a o q g a <wb> b a o l a <wb> b a c a c a n a <wb> m a aa q <wb> a m a i t a aa bh a <wb> b a c a c a n a ee <wb> m a h a ee m a aa n a <wb> k a l a aa k a aa r a <wb> t a r a ii k a ee <wb> h a aa j a r a ii <wb> aa p a ii <wb> ch a ee
gujarati_female_005932|aa <wb> d a u r a gh a tx a n a aa <wb> p a ch a ii <wb> t a t a k a aa l a ii n a <wb> w a dx a aa <wb> p a r a dh a aa n a <wb> p a q dx a i t a <wb> n a h a ee r a u ee <wb> tx a i p a p a nx a <wb> k a r a ii <wb> h a t a ii <wb> k a ee <wb> n a ee t a aa o ee <wb> k a u q bh a <wb> m a ee lx a aa n a ii <wb> m a u l a aa k a aa t a ee <wb> j a w a aa n a o <wb> m a o h a <wb> tx a aa lx a w a o <wb> j a o ii ee
gujarati_female_005935|ee k a <wb> m a o tx a ii <wb> c a lx a w a lx a n a ee <wb> l a o k a p a aa l a <wb> n a aa m a n a ii <wb> k a aa n a uu n a ii <wb> gh a tx a n a aa m a aa q <wb> aa <wb> h a d a ee <wb> g a q txh a aa w a aa <wb> d a ii ee <wb> a n a ee <wb> ee n a ee <wb> r a aa j a k a ii y a <wb> h a aa th a o <wb> b a n a w a aa <wb> d a ii ee <wb> t a o <wb> b a ee <wb> h a j a aa r a <wb> b a aa r a <wb> n a u q <wb> w a r a sx a <wb> uu nx a u q a l a uu nx a u q <wb> b a n a ii <wb> r a h a ee sh a ee
gujarati_female_005937|p a r y aa y a <wb> r u p ee <wb> ii th ee n o l a n o <wb> u p a y a o g a <wb> th a ii <wb> sh a k a ee <wb> p a r a q t a u <wb> p a ee tx a r a o l a i y a m a n a ii <wb> l aa ii n a m aa mq th ii <wb> t a ee <wb> p a s a aa r a <wb> th a ii <wb> sh a k a t a u q <wb> n a th a ii <wb> k a aa r a nx a <wb> k a ee <wb> l a o <wb> ee n a r a j a ii <wb> dx ee n s i tx ii <wb> dh a r a aa w a ee <wb> ch a ee
gujarati_female_005945|g a u l a aa b a ii <wb> r a q g a n a ii <wb> s a aa w a <wb> aa ch a ii <wb> jh a aa q y a w a aa lx a aa <wb> sh a u bh a r a th a ii <wb> m a aa q dx a ii n a ee <wb> gh a aa tx a aa <wb> g a u l a aa b a ii <wb> s a u dh a ii n a aa <wb> r a q g a <wb> ee n a ii <wb> m a q j a r a ii o m a aa q <wb> ee k a s a aa th a ee <wb> j a o w a aa <wb> m a lx a ee <wb> ee <wb> d a r a sh a y a <wb> m a n a m a o h a k a <wb> h a o y a <wb> ch a ee
gujarati_female_005946|b a ee <wb> t a r a nx a <wb> d a i w a s a <wb> s a u dh a ii <wb> bh a aa r a ee <wb> w a r a s a aa d a <wb> n a h a ii q <wb> th a aa y a <wb> a r a b a ii <wb> s a m a u d a r a m a aa q <wb> m a o n a s a uu n a <wb> k a r a q tx a <wb> a n a ee <wb> s a aa y a k a l a o n a i k a <wb> s a i s a tx a m a <wb> r a ph a ee d a ph a ee <wb> h a aa l a m a aa q <wb> k a o i <wb> m a o n a s a uu n a <wb> s a i s a tx a m a <wb> p a nx a <wb> dx a ee w a l a p a <wb> th a i <wb> r a h a ii <wb> n a th a ii
gujarati_female_005955|aa <wb> a q g a ee <wb> j a t a ii n a <wb> sh a aa h a <wb> k a h a ee <wb> ch a ee <wb> k a ee <wb> j a o <wb> a j a aa nx a y a aa <wb> m a aa nx a s a n a ee <wb> aa <wb> m a sh a ii n a <wb> o p a r a ee tx a <wb> k a r a w a u q <wb> h a o y a <wb> t a o <wb> t a ee <wb> m a aa tx a ee <wb> tx a r a ee n a ii q g a <wb> m a o dx a n a ii <wb> s a u w a i dh a aa <wb> p a nx a <wb> aa <wb> dx a i jh a i tx a l a <wb> m a sh a ii n a m a aa q <wb> s a m a aa w a w a aa m a aa q <wb> aa w a ii <wb> ch a ee
gujarati_female_005988|b a ee q g a k a o k a m a aa q <wb> y a o j a aa n a aa r a <wb> r a o b a o k a o n a <wb> i n a tx a r a n a ee sh a n a l a <wb> k a o m a p a i tx a i sh a n a m a aa q <wb> n a i r a m a aa <wb> i n a s a tx a i tx a y a uu tx a <wb> o ph a <wb> tx a ee k a n a o l a o j a ii n a aa <wb> s a tx a u dx a n a tx a s a <wb> d a ee sh a <wb> t a r a ph a th a ii <wb> bh a aa g a <wb> l a ee sh a ee
gujarati_female_005993|bh a aa g a w a t a <wb> k a th a aa <wb> a n a u s a aa r a <wb> bh a g a w a aa n a <wb> sh a r a ii k a sx a nx a n a ee <wb> p a r a m a q <wb> b a r a h a m a <wb> s a w a r a uu p a ee <wb> b a ee <wb> w a y a k a t a i ee <wb> o lx a kh a y a aa <wb> ee k a <wb> m a aa t a aa <wb> k a u n a t a aa <wb> n a ee <wb> b a ii j a aa <wb> bh a ii sx a m a <wb> p a i t a aa m a h a
gujarati_female_005999|b a r a h a m a aa q dx a <wb> p a u r a aa nx a <wb> w a i sh a w a b a r a h a m a k a uu lx a <wb> a kh a y a aa n a <wb> s a k a n a d a <wb> p a u r a aa nx a <wb> p a r a bh a aa s a kh a q dx a <wb> w a sh a i sx a txh a <wb> p a u r a aa nx a k a aa q dx a <wb> t a r a nx a <wb> aa <wb> g a r a q th a o m a aa q <wb> t a ee n a u q <wb> p a r a m a aa nx a <wb> j a o w a aa <wb> m a lx a ee <wb> ch a ee
gujarati_female_006000|u g a r a s a ee n a <wb> g a dxh a <wb> kh a ee q g a aa r a <wb> g a dxh a <wb> m a u s a t a ph a aa b a aa d a <wb> k a i l a l a aa <wb> ee <wb> g a i r a n a aa r a <wb> s a aa r a w a bh a ou m a <wb> n a r a ee n a d a r a p a u r a <wb> j a uu n a aa nx a u q <wb> a n a ee <wb> ch a ee l a l a ee <wb> aa w a y a u q <wb> j a uu n a aa g a dxh a
gujarati_female_006014|h a i g a s a <wb> p a aa r a tx a i k a l a <wb> ee tx a l a ee <wb> k a ee <wb> h a i g a s a <wb> b a o s a o n a <wb> a r a th a aa t a <wb> g a o dx a <wb> p a aa r a tx a i k a l a <wb> w a i sh a ee <wb> o g a nx a ii s a <wb> s a o <wb> c a o s a txh a <wb> m a aa q <wb> b a r a i tx a i sh a <wb> w a i j a nj a aa n a ii <wb> p a ii tx a r a <wb> h a i g a s a <wb> s a h a i t a n a aa <wb> ch a <wb> bh a ou t a i k a sh a aa s a t a r a ii o ee <wb> th a i y a r a ii <wb> d a r a sh a aa w a ii <wb> h a t a ii
gujarati_female_006018|g a nx a i t a n a ee <wb> aa t a m a s a aa t a <wb> k a r a n a aa r a <wb> a dh a y a aa p a k a <wb> a n a n a aa s a w a aa m a ii <wb> r a q g a n a aa th a <wb> r a aa w a n a u q <wb> s a o m a w a aa r a <wb> t a aa r a ii kh a <wb> a g a i y a aa r a <wb> ee p a r a i l a <wb> b a ee <wb> h a j a aa r a <wb> a g i y aa r a n aa <wb> r a o j a <wb> a w a s a aa n a <wb> th a y a u q <wb> ch a ee
gujarati_female_006026|j a q g a l a m a aa q <wb> ee n a ee <wb> g a bh a r a aa ii n a ee <wb> bh a aa g a t a o <wb> j a o ii n a ee <wb> r a ii q ch a ee <wb> ee n a ee <wb> r a o k a ii n a ee <wb> p a uu ch a y a u q <wb> w a aa gh a <wb> r a aa j a aa <wb> aa j a <wb> aa tx a l a aa <wb> jh a dx a p a th a ii <wb> k a y a aa q <wb> d a aa w a <wb> m a aa r a w a aa <wb> n a ii k a lx a y a aa <wb> ch a o
gujarati_female_006029|t a r a nx a <wb> s a p a ii dx a <wb> tx a r a aa n a s a m a ii sh a n a <wb> ch a <wb> s a ii l a ii n a dx a r a w a aa lx a u q <wb> ee n a j a ii n a <wb> k a o ii l a <wb> s a p a r a ii q g a <wb> s a w a t a q t a r a t a aa w a aa lx a ii <wb> ph a r a n a tx a <wb> s a s a p a ee n a sh a n a
gujarati_female_006055|b a ee <wb> h a j a aa r a <wb> d a s a <wb> m a aa q <wb> s a i l a i k a o n a <wb> w ee l ii n aa <wb> w ee n c a r a <wb> k ee p i tx a l i s tx a <wb> j a o n a <wb> dx o ee r a n ii <wb> p a t a n a ii <wb> ee n a <wb> dx o ee r ee ee <wb> kh aa n a n ii <wb> k a l p a n aa sh ii l a t aa th ii <wb> p a r a bh a aa w a i t a <wb> th a ii n a ee <wb> ee k a <wb> l a aa kh a <wb> dx a o l a r a n a u q <wb> d a aa n a <wb> aa p a y a u q <wb> h a t a u q
gujarati_female_006102|bh a aa r a t a n a ii <wb> tx a ii m a m a aa q <wb> j a ee n a tx a l a m a ee n a <wb> t a r a ii k a ee n a ii <wb> ch a aa p a <wb> dh a r a aa w a t a o <wb> r a aa h a u l a <wb> d a r a w a i dx a <wb> g a m a ee <wb> t a ee w a ii <wb> m a u sh a k a ee l a <wb> p a r a i s a th a i t a i m a aa q <wb> p a nx a <wb> p a o t a aa n a aa <wb> m a g a j a n a ii <wb> s a m a t a u l a aa <wb> g a u m a aa w a t a o <wb> n a h a o t a o
gujarati_female_006113|n a i sh a aa lx a <wb> p a aa s a ee <wb> aa w a ee l a ii <wb> t a lx a aa w a dx a ii n a ii <wb> p a aa lx a <wb> p a r a <wb> gh a tx a aa tx a o p a <wb> k a ee r a dx a aa q m a aa q <wb> s a q t a aa ii n a ee <wb> aa q b a o <wb> c a uu s a w a aa n a ii <wb> m a j a aa m a aa q <wb> p a r a aa r a th a n a aa m a aa q <wb> m a o dx a aa <wb> p a dx a w a aa n a ii <wb> b a ii k a <wb> bh a uu l a aa ii <wb> j a t a ii
gujarati_female_006120|n a w a r a aa t a r a i n a aa <wb> p a r a th a m a <wb> d a i w a s a ee <wb> j a o dh a p a u r a n a aa <wb> p a r a s a i d a dh a <wb> m a h a ee r a aa m a g a dxh a <wb> k a i l a l a aa n a ii <wb> m a u l a aa k a aa t a ee <wb> aa sh a r a ee <wb> p a c a c a ii s a <wb> h a j a aa r a <wb> bh a k a t a o <wb> aa w a y a aa <wb> h a t a aa
gujarati_female_006128|t a r a nx a <wb> w a aa g a y a ee <wb> m a h a aa p a uu j a aa <wb> s a aa t a <wb> w a aa g a y a ee <wb> p a r a aa t a hq <wb> aa r a t a ii <wb> aa txh a <wb> w a aa g a y a ee <wb> s a w a aa l a k a sx a <wb> b a i l a w a <wb> p a uu j a aa <wb> a g a i y a aa r a <wb> w a aa g a y a ee <wb> m a h a aa d a u g a dh a <wb> a bh a i sx a ee k a
gujarati_female_006129|r a aa sx a tx a r a g a ii t a n a aa <wb> s a r a j a k a <wb> r a w a ii n a d a r a n a aa th a n a ee <wb> r a aa sx a tx a r a w a aa d a n a ii <wb> j a ee <wb> m a r a y a aa d a aa o <wb> s a m a j a aa ii <wb> h a t a ii <wb> ee n a aa <wb> u j a aa s a m a aa q <wb> bh a o lx a aa bh a aa ii n a u q <wb> d a ee sh a <wb> a n a ee <wb> g a u j a r a aa t a n a aa <wb> h a aa l a n a aa <wb> d a o r a m a aa q <wb> k a ee w a u q k a <wb> aa k a l a n a <wb> h a sh a ee
gujarati_female_006130|p a q d a r a <wb> w a r a sx a <wb> p a h a ee l a aa q <wb> ee k a <wb> j a ii w a q t a <wb> j a aa t a ii n a aa q <wb> s a j a ii w a <wb> n a ee <wb> ph a l a u n a aa q <wb> w a aa y a r a s a n a o <wb> s a q p a uu r a nx a <wb> j a ee n a o m a <wb> u k a ee l a ii <wb> n a aa kh a y a o <wb> h a t a o
gujarati_female_006140|p a r a d a y a u m a n a <wb> kh a aa c a r a <wb> n a o q dh a ee <wb> ch a ee <wb> k a ee <wb> m a h a aa b a t a kh a aa n a j a ii <wb> t a r a ii j a aa ee <wb> k a dx a k a <wb> h a aa th a ee <wb> k a aa m a <wb> l a ii <wb> h a i q d a u <wb> m a u s a l a i m a <wb> ee k a t a aa <wb> j a aa lx a w a ii <wb> r a aa kh a w a aa n a u q <wb> w a l a nx a <wb> r a aa kh a y a u q <wb> h a t a u q
gujarati_female_006154|s a q p a u r a nx a <wb> m a ee l a tx a dx a aa u n a <wb> th a t a aa <wb> a nx a u bh a txh a txh a ii n a ii <wb> s a tx a ii l a n a ii <wb> d a i w a aa l a o <wb> t a th a aa <wb> a n a y a <wb> r a k a sx a nx a aa t a m a k a <wb> aa dx a sh a o <wb> p a nx a <wb> t a uu tx a w a aa <wb> m a aa q dx a ee <wb> ch a ee
gujarati_female_006164|a n a ee <wb> r a nx a b a ii r a n a ii <wb> ph a i l a m a <wb> a j a b a <wb> p a r a ee m a <wb> k a ii <wb> g a jh a b a <wb> k a h a aa n a ii <wb> n a ii <wb> r a i l a ii jh a <wb> d a r a m a i y a aa n a <wb> r a nx a b a ii r a <wb> s a l a m a aa n a n a ii <wb> ee k a <wb> s a m a y a n a ii <wb> p a r a ee m a i k a aa <wb> k a ee tx a r a i n a aa <wb> k a ei ph a n a aa <wb> p a r a ee m a m a aa q <wb> h a o w a aa n a ii <wb> p a nx a <wb> ee k a <wb> a ph a w a aa <wb> h a t a ii
gujarati_female_006193|n a ee sh a n a l a <wb> ii n a s a tx a i tx a y a uu tx a <wb> o ph a <wb> h a ee l a th a n a aa q <wb> j a ee m a s a <wb> w a i q g a aa r a dx a n a ee <wb> aa q t a r a r a aa sx a tx a r a ii y a <wb> s a h a y a o g a <wb> m a ee lx a w a w a aa n a u q <wb> sh a r a uu <wb> k a r a y a u q
gujarati_female_006200|k a aa r a <wb> dx a i jh a aa ii n a n a aa q <wb> k a o n a s a ee p a tx a m a aa q <wb> s a aa t a <wb> d a aa y a k a aa m a aa q <wb> k a ee w a aa q <wb> ph a ee r a ph a aa r a o <wb> th a y a aa q <wb> ch a ee <wb> t a ee n a u q <wb> t a ee <wb> j a ii w a t a u q <wb> j a aa g a t a u q <wb> u d a aa h a r a nx a <wb> ch a ee
gujarati_female_006205|k a s a t a u r a ii r a q g a n a n a aa <wb> w a dx a p a nx a <wb> n a ii c a ee <wb> p a r a o g a r a aa m a <wb> r a ii w a y a uu <wb> a n a ee <wb> s a tx a r a ee tx a ee j a ii <wb> k a m a ii tx a ii <wb> k a aa r a y a k a r a m a n a ii <wb> ph a ee r a <wb> w a i c a aa r a nx a aa <wb> a n a ee <wb> w a y a uu h a r a c a n a aa <wb> m a aa tx a ee n a ii <wb> s a m a i t a i <wb> r a c a ii <wb> ch a ee
gujarati_female_006212|j a o <wb> k a r a nx a <wb> bh a ii sx a m a <wb> p a i t a aa m a h a n a aa <wb> n a ee t a t a w a <wb> h a ee txh a lx a <wb> l a dx a y a o <wb> h a o t a <wb> t a o <wb> m a h a aa bh a aa r a t a n a aa <wb> y a u d a dh a n a o <wb> a q t a <wb> k a d a aa c a <wb> j a u d a ii <wb> r a ii t a ee <wb> p a nx a <wb> aa w y a <wb> h a o t a
gujarati_female_006214|s a w a t a q t a r a <wb> ph a i l a m a w a i t a r a k a <wb> s a u n a i l a <wb> w a aa dh a w a aa n a aa <wb> j a nx a aa w a y a aa <wb> m a u j a b a <wb> w a r a sx a <wb> b a ee <wb> h a j a aa r a <wb> d a s a <wb> n a ii <wb> ee k a <wb> s a o <wb> b a ee <wb> ph a i l a m a n a o <wb> k a u l a <wb> w a k a r a o <wb> c a ou d a <wb> s a o <wb> n a ee <wb> ee k a <wb> k a r a o dx a <wb> r a h a y a o <wb> ch a ee
gujarati_female_006217|y a o k a o w a i c a <wb> b a ii j a ii <wb> w a kh a t a <wb> o s a tx a r a ee l a i y a n a <wb> o p a n a <wb> c a ee m a p a i y a n a <wb> m a r a ee <wb> k a aa r a k a i r a d a ii n a ii <wb> t a r a ii j a ii <wb> g a r a aa n a dx a <wb> s a l a ee m a m a aa q <wb> p a nx a <wb> tx a aa i tx a l a th a ii <wb> w a q c a i t a
gujarati_female_006219|p a r a q t a u <wb> aa <wb> ee w a o <wb> s a m a y a n a o <wb> g a aa lx a o <wb> h a t a o <wb> j a y a aa r a ee <wb> ch a ii ch a r a aa <wb> h a uu q ph a aa lx a aa <wb> u sx a nx a k a tx a i b a q dh a n a aa <wb> p a aa nx a ii m a aa q <wb> y a u r a o p a <wb> d a w a i p a s a m a uu h a <wb> h a t a o
gujarati_female_006224|n a o k a r a i y a aa t a o n a aa q <wb> uu j a lx a aa q <wb> n a ee <wb> n a w a aa q <wb> k a p a dx a aa q <wb> gh a ee r a <wb> r a h a ee n a aa r a aa q <wb> k a u t a uu h a l a th a ii <wb> j a o ii <wb> r a h a ee <wb> k a o k a <wb> bh a aa w a <wb> p a uu ch a ee
gujarati_female_006243|b a ii j a ee <wb> k a ee <wb> t r ii j ee <wb> w a r a sx a ee <wb> t a ee m a n a ee <wb> w i sh aa kh aa p a tx tx a n a m a <wb> kh a aa t a ee n a aa <wb> aa ii ee n a ee s a <wb> w i jh aa g a <wb> n a aa m a n a ii <wb> tx a r a ee n a i q g a <wb> s k uu l a m aa mq <wb> k ee m p a <wb> p a r a <wb> j a w a aa n a ii <wb> t a k a <wb> m a lx a ee <wb> ch a ee
gujarati_female_006255|s a ee k a r a ee tx a r a ii <wb> t a r a ii k a ee <wb> kh a r u mq <wb> k a h a ii ee <wb> t a o <wb> s a tx a ee n a o g a r a aa ph a r a <wb> t a r a ii k a ee <wb> ph a r a j a <wb> b a j a aa w a n a aa r a ii <wb> aa <wb> y a u w a t a ii n a aa <wb> p a r a ee m a m a aa q <wb> p a dx a ii n a ee <wb> p a ch a ii <wb> t a ee n a ii <wb> s a aa th a ee <wb> l a g a n a <wb> k a r a y a aa q
gujarati_female_006265|t a ee n a o <wb> a r a th a <wb> ee <wb> n a th a ii <wb> k a ee <wb> k a aa r a b a o h a aa ii dx a r a ee tx a n a ee <wb> aa dx a ee dh a dx a <wb> aa h a aa r a m a aa q <wb> s a th a aa n a <wb> aa p a w a u q <wb> s a u p a aa c a y a <wb> k a aa r a b a o h a aa ii dx a r a ee tx a n a u q <wb> r a u p a aa q t a r a <wb> s a aa d a ii <wb> sh a r a k a r a aa <wb> r a p a ee <wb> r a p a aa q t a r a <wb> th a aa y a <wb> ch a ee
gujarati_female_006269|t a ee n a aa <wb> l a ee b a o r a ee tx a r a ii <wb> s a aa y a n a tx a i s a tx a <wb> s a ee l a s a <wb> o ph a i s a r a <wb> k a o r a p a o r a ee tx a <wb> ee k a jh a i k a y a u tx a i w a <wb> w a g a ee r a ee n a ee <wb> d a o sx a i t a <wb> txh a ee r a w a w a aa m a aa q <wb> n a <wb> aa w a ee <wb> t a o <wb> k a ee s a <wb> k a r a w a aa n a o <wb> ph a aa y a d a o <wb> j a <wb> th a t a o <wb> n a th a ii
gujarati_female_006290|h a m a nx a aa q <wb> m a aa r a o <wb> w a aa gh a <wb> m a y a aa u q <wb> k a r a t a o k a <wb> uu bh a o <wb> th a sh a ee <wb> n a ee <wb> h a m a nx a aa q <wb> h a u q <wb> ee n a ee <wb> h a r a kh a bh a ee r a <wb> t a ee dx a ii <wb> l a ii sh a
gujarati_female_006292|u c a c a <wb> b a y a uu r a o k a r a ee tx a i k a <wb> w a y a w a s a th a aa w a aa lx a aa <wb> p a o r a tx a <wb> m a ee n a ee j a m a ee n a tx a m a aa q <wb> aa w a ii <wb> s a th a i t a i m a aa q <wb> k a o ii <wb> s a aa m a aa n a y a <wb> n a aa g a r a i k a n a o <wb> j a ii w a <wb> b a c a aa w a w a aa n a ii <wb> k a aa r a y a w a aa h a ii <wb> n a th a ii <wb> th a t a ii
gujarati_female_006293|ee <wb> b a aa lx a k a <wb> bh a ii dx a <wb> a n a ee <wb> gh a o q gh a aa tx a <wb> sh a m a ii <wb> j a aa y a <wb> t a y a aa r a ee <wb> t a m a r a aa q n a aa <wb> t a r a m a <wb> t a r a m a <wb> w a c a c a ee th a ii <wb> r a uu m a jh a u m a <wb> k a r a t a o <wb> c a aa l a y a o <wb> j a ii <wb> ph a r a ii <wb> j a r a i y a aa n a <wb> w a s a t a r a o <wb> p a h a ee r a ii <wb> l a ee t a o <wb> h a sh a ee
gujarati_female_006301|a kh a b a aa r a o <wb> s a aa m a aa y a k a o n a aa <wb> w a aa c a k a o ee <wb> k a o m a n a <wb> w a ee l a th a <wb> g a ee m a <wb> s a ii <wb> dx a b a l a y a u <wb> j a ii <wb> k a ou bh a aa q dx a <wb> n a ii <wb> kh a uu b a <wb> n a i q d a aa <wb> k a r a ii
gujarati_female_006311|aa m a <wb> w a i c a aa r a ii n a ee <wb> w a aa gh a <wb> m a n o m a n a <wb> dx a r ii <wb> g a y a o <wb> a n a ee <wb> w a aa w a aa jh a o dx a aa n a aa <wb> m aa r a th ii <wb> b a c a w a aa <wb> m a aa tx a ee <wb> c a uu p a c a aa p a <wb> jh aa dx ii m aa mq th ii <wb> n a ii k a lx a ii <wb> gh a ee tx a aa q <wb> b a k a r aa mq m aa mq <wb> bh a lx a ii <wb> g a y a o
gujarati_female_006314|s a t a t a aa w a aa lx a aa o n a aa <wb> j a nx a aa w a y a aa <wb> m a u j a b a <wb> b a r a i s a b a ee n a <wb> a n a ee <wb> i p a s a w a i c a <wb> s a aa m a ee <wb> jh a lx a u q b a t a ii <wb> p a uu r a n a ii <wb> m a h a aa aa ph a t a <wb> o g a nx a ii s a s a o <wb> c a u m a b a o t a ee r a <wb> n a ii <wb> aa ph a t a <wb> k a r a t a aa q <wb> w a dh a u <wb> kh a r a aa b a <wb> ch a ee
gujarati_female_006316|r a ee g a ii s a t a r a aa r a <wb> ee <wb> aa <wb> m a aa h a i t a ii <wb> y a u <wb> aa i <wb> dx a ii <wb> ee <wb> aa ii <wb> n a aa <wb> b a ee q g a l a o r a <wb> kh a aa t a ee <wb> aa w a ee l a aa <wb> s a ee n a tx a r a l a <wb> aa i dx a ee n a tx a i tx a ii jh a <wb> dx a ee tx a aa <wb> r a ii p a o jh a ii tx a r a ii <wb> s a ii aa i dx a ii aa r a <wb> n a ee <wb> m a o k a l a ii <wb> d a ee <wb> ch a ee
gujarati_female_006327|w a r l dx a w aa ii dx a <wb> w a ee b a <wb> ee tx a l a ee <wb> k a ee <wb> dx a b a l a y a u <wb> dx a b a l a y a u <wb> dx a b a l a y a u <wb> j a ee <wb> ii n tx a r a n ee tx a m aa mq <wb> y u aa r a ee l a <wb> tx a aa ii p a <wb> k a r a t a ii <wb> w a kh a t a ee <wb> l a kh aa y a <wb> ch a ee
gujarati_female_006329|p a l s aa r a n aa <wb> p a r a c a q dx a <wb> g u r uu t w a th ii <wb> t a ee <wb> d a lx a d aa r a <wb> t a aa r a aa n a u q <wb> d a r a w a y a <wb> kh ee mq c aa y a <wb> j a t a aa <wb> j a ee <wb> b a aa k a ii <wb> r a h a ee <wb> t a ee <wb> g a r a h a <wb> ch a ee
gujarati_female_006338|p a c a aa s a <wb> l a aa kh a <wb> y uu jh a r a <wb> p a r a t a i m a aa s a <wb> s a o lx a <wb> k a r a o dx a <wb> w ii dx i y o <wb> b a ee <wb> h a jh a aa r a <wb> ch a <wb> th a ii <wb> a t a y a aa r a <wb> s a u dh a ii m a aa q <wb> j o w aa y aa <wb> b a s a s a o <wb> c a o t a r a ii s a <wb> d a ee sh a o <wb> a n a ee <wb> k a sx a ee t a r a o m a aa q <wb> kh a aa n a <wb> a k a aa d a m a ii n a o <wb> u p a y a o g a <wb> th a aa y a <wb> ch a ee
gujarati_female_006345|k a l a aa <wb> p a aa ch a lx a <wb> g a aa q dx a aa <wb> th a y a ee l a aa <wb> aa p a nx a ee <wb> k u d a r a t a n ii <wb> m uu mq g ii <wb> b ee ph i k a r ii m aa mq th ii <wb> k a q ii k a <wb> p a aa txh a <wb> sh ii kh a w o <wb> j a o ii ee
gujarati_female_006346|bh a aa r a t a m a aa q <wb> b a ee <wb> h a jh a aa r a <wb> b a aa w a ii s a <wb> s a u dh a ii m a aa q <wb> w a ii s a <wb> h a jh a aa r a <wb> m ee g aa w o tx a <wb> s ou r a <wb> w a i d a y a u t a <wb> uu r a j a aa <wb> u t a p a n a n a <wb> k a r a ii <wb> sh a k a ee <wb> ch a ee
gujarati_female_006349|j a o k a ee <wb> b a ee <wb> h a jh a aa r a <wb> m a aa q <wb> p r ee s ii dx ee n tx a <wb> b a i l a <wb> k a l ii n tx a n ee <wb> j a nx a aa w a ii <wb> d a ii dh a u q <wb> k a ee <wb> j a ee n a o m a <wb> s k i w a n s a <wb> m a aa tx a ee <wb> p a ee tx a n a tx a <wb> aa p a w a aa m a aa q <wb> n a h a ii q <wb> aa w a ee
gujarati_female_006365|r aa w a s aa h ee b a n o <wb> j a n a m a <wb> t a aa m a i l a n a aa dx a u n a aa <wb> j a k a <wb> s a m u d r a m <wb> g a aa m a m a aa q <wb> t a r a ee w a ii s a <wb> m a ii <wb> s a p a tx a ee m a b a r a <wb> o g a nx a ii s a o <wb> aa txh a <wb> n a aa <wb> r a o j a <wb> th a y a o <wb> h a t a o
gujarati_female_006366|b a n a n a ee <wb> g o lx aa r th o n ee <wb> a l a g a <wb> p aa dx a t ii <wb> k a aa l a p a n a i k a <wb> r a ee kh a aa <wb> w i sx u w a w rq t a <wb> p a r a <wb> s uu r y a n aa mq <wb> k a i r a nx a o <wb> k aa tx a kh uu nx ee <wb> p a dx a ee <wb> ch a ee <wb> ee tx a l a ee <wb> k a ee <wb> l a mq b a <wb> p a dx a ee <wb> ch a ee
gujarati_female_006372|ee <wb> d a i w a s a o m a aa q <wb> n a i m a n a <wb> m a dh y a m a w a r g a n aa <wb> bh a aa r a t a ii y a <wb> k u tx u mq b o m aa mq <wb> m ee tx r ii k y u l ee sh a n a <wb> th a w a u q <wb> t a ee <wb> p a nx a <wb> gh a nx a u q <wb> sh a i k a sx a nx a <wb> m a aa n a w a aa m a aa q <wb> aa w a t a u q <wb> h a t a u q
gujarati_female_006385|kh a g a o lx a <wb> w a i j a nj a aa n a ii o ee <wb> t a aa j a ee t a r a m a aa q <wb> ee k a <wb> a d a bh a u t a <wb> j a g a t a <wb> dx aa y a m a mq dx a <wb> p a l a ee n a ee tx a <wb> sh o dh ee l a
gujarati_female_006387|sh r aa w a nx a <wb> m a aa s a n a aa <wb> p a r a th a m a <wb> s a o m a w a aa r a <wb> n a i m a i t a t a ee <wb> aa w a t a ii k a aa l a ee <wb> j uu n aa gh a dxh a n aa <wb> bh u t a n aa th a <wb> bh a w a n aa th a <wb> a n a ee <wb> w a s t r aa <wb> p a th ee sh w a r a m aa mq <wb> m ee lx o <wb> bh a r aa sh ee
gujarati_female_006391|s a c a i n a <wb> t a ee q dx a u l a k a r a <wb> tx a ee s a tx a m a aa q <wb> t a ee r a <wb> h a jh a aa r a <wb> b a s a s a o <wb> a txh y aa sh ii <wb> a n a ee <wb> w a n a <wb> dx a ee <wb> m a aa q <wb> d a s a <wb> h a jh a aa r a <wb> aa txh a s a o <wb> n ee w y aa sh ii <wb> d a s a <wb> h a jh a aa r a <wb> r a n a <wb> p u r aa <wb> k a r a y a aa <wb> h a o y a <wb> t a ee w a o <wb> ee k a <wb> m a aa t a r a <wb> bh a aa r a t a ii y a <wb> kh i l aa dx ii <wb> ch a ee
gujarati_female_006392|g a tx a r a <wb> u bh a r aa ii <wb> j a w a ii <wb> t a ee m a j a <wb> bh a y a q k a r a <wb> tx a r a aa ph a i k a <wb> j aa m a <wb> j a ee w a ii <wb> s a m a s y aa n o <wb> s a aa m a n a o <wb> k a r a w a o <wb> p a dx a sh a ee <wb> a n a ee <wb> b a ee <wb> h a jh a aa r a <wb> t a r a ii s a <wb> s a u dh a ii <wb> p a r a i s a th a i t a i <wb> s a aa w a <wb> w a nx a s a ii <wb> j a sh a ee
gujarati_female_006396|c a i d a m a b a r a m a ee <wb> b a u dh a w a aa r a ee <wb> s a p a sx a tx a p a nx a ee <wb> k a h a ii <wb> d a ii dh a u q <wb> ch a ee <wb> k a ee <wb> m a u q b a ii m a aa q <wb> ch a w a w a ii s a <wb> n a w a ee m a b a r a ee <wb> th a y a ee l a aa <wb> aa t a q k a w a aa d a ii <wb> h u m a l aa m aa mq <wb> p aa k i s t aa n a n o <wb> h a aa th a <wb> ch a ee
gujarati_female_006410|aa q t a r a r a aa sx a tx a r a ii y a <wb> w a n a <wb> dx ee n aa <wb> i t i h aa s a n ii <wb> s a ou p a r a th a m a <wb> w a i k a ee tx a <wb> jh a dx a p a w aa n o <wb> r a ee k a o r a dx a <wb> o s a tx a r a ee l a i y a aa n a aa <wb> ee l a n a <wb> ph r o g ii <wb> th o m s a n a n aa <wb> n a aa m a ee <wb> n o mq dh aa y a l o <wb> ch a ee
gujarati_female_006412|p a r a i nx a aa m a ee <wb> k a y a aa r a ee k a <wb> aa gh a y a aa t a m a i k a <wb> j a g a t a m a aa q <wb> w a y a w a h a aa r a <wb> j a g a t a n ee <wb> t u c ch a t aa <wb> k a ee <wb> k sx uu d r a t aa th ii <wb> j a o w a aa n a ii <wb> w a t a t a i <wb> j a o w a aa <wb> m a lx a ee <wb> ch a ee
gujarati_female_006415|ou r a <wb> aa t m a s a m m aa n a <wb> c aa h i ee <wb> j i s a <wb> k a ii <wb> l a ii k a <wb> h a m a <wb> dx aa l a <wb> r a h a ee <wb> h a ei <wb> h a m aa r ii <wb> j a m a ii n a <wb> s a ee <wb> h a tx a <wb> j aa o
gujarati_female_006416|aa <wb> y u d dh a n ee <wb> a tx a k aa w a w aa <wb> m a aa tx a ee <wb> sh a i w a j a ii <wb> a g n i m a h aa l i mq g a <wb> t a r a ii k a ee <wb> t a y a aa q <wb> s a th a aa p a i t a <wb> th a y a aa <wb> t a ee n a u q <wb> m a uu lx a <wb> p aa t aa lx a th ii <wb> p a nx a <wb> n a ii c a ee <wb> ch a ee
gujarati_female_006440|g a y a aa <wb> w a r a sx a ee <wb> m a d r aa s a m aa mq <wb> p a dx ee l a <wb> d u sx k aa lx a m aa mq <wb> n ii l a g ii r ii n aa <wb> w rq k sx o n ee <wb> j a w a aa b a d a aa r a <wb> g a nx a w a aa m a aa q <wb> aa w a y a aa
gujarati_female_006453|b a aa lx a p a nx a m a aa q <wb> c o k a l ee tx a n ii <wb> d a u k a aa n a <wb> k a ee <wb> r a m a k a dx aa n aa <wb> s tx o r a n o <wb> m a aa l a i k a <wb> b a n a w a aa <wb> m a n a <wb> th a n a g a n a t u mq <wb> h a o y a
gujarati_female_006463|a y a o dh a y a aa m a aa q <wb> r a aa m a r a aa j a y a <wb> s th a p aa y u mq <wb> a n a ee <wb> o c i mq t o <wb> s ii t aa t y aa g a n o <wb> p a r a s a q g a <wb> u p a s a th a i t a <wb> th a y a o
gujarati_female_006469|p r ou dxh aa w a s th aa <wb> ee k a <wb> s a p a t a aa h a n a ii <wb> r a aa kh a ii <wb> a n a ee <wb> w rq d dh aa w a s th aa <wb> t a o <wb> m a ee q <wb> a dxh a ii <wb> k a l aa k a j a <wb> w ee txh ii <wb> ch a ee
gujarati_female_006475|j a ee m a aa q <wb> l a o k a bh a o g a y a <wb> s a aa d a ii <wb> s a r a lx a <wb> bh a aa sx a aa m a aa q <wb> ii t a i h a aa s a <wb> aa kh y aa n a <wb> u p aa kh y aa n a <wb> d a r a sx a tx a aa q t a <wb> a n a ee <wb> d a ee w a ii <wb> d ee w a t aa o n ii <wb> k a th a aa <wb> m a aa h a i t a ii <wb> j a o w a aa <wb> m a lx a ee <wb> ch a ee
gujarati_female_006479|d a i l a h a ii m a aa q <wb> aa q b a ee dx a k a r a <wb> s a tx a ee dx a i y a m a <wb> a n a ee <wb> ph a i r a o jh a sh a aa h a <wb> k a o tx a l a aa <wb> m a ee d a aa n a m a aa q <wb> d a aa r a aa s a i q h a n a ii <wb> k u s t ii n ii <wb> tx i k i tx o <wb> m a aa tx a ee <wb> m a aa r a aa m a aa r a ii <wb> p a nx a <wb> th a t a ii <wb> h a t a ii
gujarati_female_006483|ee <wb> j a aa nx a ee <wb> k a ee <wb> b a ee <wb> h a jh a aa r a <wb> b a aa r a <wb> n a ii <wb> p a r ii y aa w a r a nx a <wb> c a i q t a aa <wb> p a r a <wb> aa q g a lx a ii <wb> m a uu k a ii <wb> ch a ee <wb> k a ee <wb> k u d a r a t a m aa mq th ii <wb> aa <wb> b a dh a u q <wb> j a ei w a i k a <wb> w a ei w a i dh a y a <wb> n a sx tx a <wb> th a sh a ee
gujarati_female_006498|r a aa h a u l a <wb> d a r a w a i dx a ee <wb> p a o t a aa n a aa <wb> w a i d a aa y a <wb> p r a w a c a n a m aa mq <wb> a t a y a q t a <wb> s a uu c a k a <wb> dxh a b a ee <wb> k a h a y a u q <wb> ch a ee <wb> k a ee <wb> bh a aa r a t a n a aa <wb> a n a y a <wb> k a o i <wb> p a nx a <wb> ch o k a r aa n ii <wb> j a ee m a <wb> ee k a <wb> s a m a y a ee <wb> h a u q <wb> p a nx a <wb> j a ii w a t a o <wb> h a t a o
gujarati_female_006512|t a ee <wb> s a m a y a ee <wb> ee n a ee <wb> p a k a dx a w aa <wb> p aa mq j a r aa <wb> m u k aa t aa mq <wb> sh ee r ii n aa <wb> k a uu t a r a aa n a ee <wb> c ii p ii y aa th ii <wb> p a k a dx a t aa <wb> k a ee <wb> jh a ee r a ii <wb> l aa dx a w aa <wb> kh a w a dx aa w a t aa <wb> h a t a aa
gujarati_female_006518|k a o ii <wb> ii m p r ee sh a n i s tx a <wb> k a l aa k aa r ee <wb> aa ch a aa <wb> gh a ee r a aa <wb> j aa mq b a l ii <wb> r a q g a n a aa <wb> n a aa n a aa m a o tx a aa <wb> p ii mq ch ii <wb> l i s o tx aa <wb> k a r a ii <wb> k a r a ii n a ee <wb> w a k a sx a <wb> c ii t a r y u mq <wb> h a o y a <wb> ee w a u q <wb> l a aa g a ee <wb> ch a ee
gujarati_female_006524|w a i sh a w a n a aa <wb> s a u p a r a s a i d a dh a <wb> aa r y a g r a mq th a <wb> b r a m a h a s uu t r a <wb> n a u q <wb> l a ee kh a n a <wb> w y aa s a j ii y ee <wb> aa <wb> d a i w a s a ee <wb> sh a r a uu <wb> k a r a y a u q
gujarati_female_006527|p a r a q t a u <wb> s a h a u th a ii <wb> u t a t a m a <wb> m aa gh a <wb> m a aa s a m a aa q <wb> k a sx a nx a <wb> p a k a sx a n a ii <wb> c ou d a sh a n ii <wb> r a aa t a r a ii n a u q <wb> m a h aa sh i w a r aa t r ii <wb> w a r a t a <wb> u t a t a m a <wb> w a r a t a <wb> k a h a ee <wb> ch a ee
gujarati_female_006536|a n a ee <wb> aa <wb> k a mq i <wb> u mq dx o <wb> k a uu w a o <wb> th a o dx a o <wb> ch a ee <wb> ch ii ch a r u mq <wb> t a lx aa w a <wb> ch a ee <wb> ee k a <wb> ch a l aa mq g a <wb> m aa r a sh o <wb> n a ee <wb> s a ii dh a aa <wb> s a aa m a ee <wb> k a i n a aa r a ee <wb> t a m a aa r a aa <wb> j a ee w a aa n a ee <wb> w a aa r a <wb> k a ee tx a l a ii
gujarati_female_006552|j a o <wb> t a ee o <wb> aa m a <wb> n a h a ii q <wb> k a r a ii <wb> sh a k a y a aa <wb> t a o <wb> t a ee m a n a o <wb> w a dx a aa p a r a dh a aa n a <wb> ph a ee s a b a u k a <wb> p a u r a t a o <wb> j a <wb> m a r a y a aa d a i t a <wb> r a h a ii <wb> j a sh a ee
gujarati_female_006560|aa <wb> dx a i jh a i tx a l a <wb> m a sh a ii n a n a ii <wb> dx i jh aa i n a <wb> p l aa n i mq g a <wb> a n a ee <wb> m ee n y u ph ee k c a r i mq g a <wb> k a r a w a aa <wb> kh a uu b a <wb> s a m a y a <wb> l a aa g a y a o <wb> ch a ee
gujarati_female_006561|t a ee m a aa q <wb> a t a y a q t a <wb> n a i m a n a <wb> t a aa p a m a aa n a <wb> j aa lx a w a w aa n u mq <wb> h a o w a aa th a ii <wb> u sx m aa <wb> a w aa h a k a <wb> ee tx a l a ee <wb> k a ee <wb> th a r m a l a <wb> i n s y u l ee sh a n a <wb> gh a nx a o <wb> bh a aa g a <wb> bh a j a w a ee <wb> ch a ee
gujarati_female_006577|w a r a s a aa d a <wb> kh ee mq c aa t aa mq <wb> kh aa mq dx a n o <wb> bh a aa w a <wb> r a uu p a i y a aa <wb> t a r a nx a <wb> h a j a aa r a <wb> p aa n a s o <wb> p a c aa s a n ii <wb> r a ee k a o r a dx a <wb> tx a o c a ee <wb> ee k a <wb> j a <wb> d a i w a s a m a aa q <wb> k w i n tx a l ee <wb> r a uu p a i y a aa <wb> b a s a s a o <wb> w a dh a y a aa
gujarati_female_006583|ee k a <wb> w a kh a t a <wb> j o dx aa nx o <wb> k a p a aa y a <wb> g a y a aa <wb> ee tx a l a ee <wb> j a ii <wb> ee s a <wb> ee l a <wb> w a ii <wb> ee ph a <wb> jh a ii r a o <wb> ch a <wb> g a t a i <wb> p a th a m aa mq <wb> t a r a u tx a i o <wb> s a r a j a aa w a aa <wb> l a aa g a ii <wb> a n a ee <wb> u dx aa n a <wb> p a ch a ii <wb> t r ee p a n a <wb> s ee k a mq dx a <wb> m a aa q <wb> j a <wb> w a i n a aa sh a <wb> s a r a j a aa y a o
gujarati_female_006586|j a n a m a <wb> s a m a y a ee <wb> t a ee o <wb> sh a y a aa m a <wb> w a r nx a n aa <wb> h a o w a aa th a ii <wb> k a sx a nx a <wb> a n a ee <wb> y a m a u n a aa <wb> d w ii p a m aa mq <wb> r a h a ee t a aa <wb> h a o w a aa th a ii <wb> d r ei p aa y a n a <wb> k a h ee w aa y aa
gujarati_female_006588|c o k a l ee tx a <wb> c y u mq ii mq g a <wb> g a m a n aa <wb> j a m aa n aa n aa mq <wb> aa <wb> b a aa lx a k a o <wb> t a o <wb> k a d a aa c a <wb> th uu mq k ii y ee <wb> k a aa dxh a ee
gujarati_female_006591|aa <wb> s i l a s i l aa m aa mq <wb> aa p a nx a ii <wb> s a mq s a d a <wb> aa p a nx a ii <wb> s a aa q s a k a t a i k a <wb> a n a ee <wb> p a r a aa d a ee sh a i k a <wb> bh i n n a t aa o <wb> t a th a aa <wb> s a aa m a aa j a i k a <wb> y a th aa r th a n u mq <wb> w a dh a u <wb> uu j a lx u mq <wb> d a r p a nx a <wb> b a n a ee l a ii <wb> ch a ee
gujarati_female_006592|aa <wb> s a w a aa l a <wb> ee tx a l a aa <wb> m a aa tx a ee <wb> uu bh a o <wb> th a y a o <wb> ch a ee <wb> k a ee m a <wb> k a ee <wb> s a r a k a aa r a n a o <wb> t aa j ee t a r a n o <wb> ee k a <wb> n a i r a nx a y a <wb> t a ee n a aa <wb> gh o sx i t a <wb> u d d ee sh y a th ii <wb> t a d a d a n a <wb> w i r u d dh a <wb> ch a ee
gujarati_female_006618|t a o <wb> k a ee tx a l a aa q k a <wb> t a ee n a ii <wb> tx a ii k a aa <wb> k a r a t a aa q <wb> k a h a ee <wb> ch a ee <wb> k a ee <wb> k a ee g a <wb> p a o t a aa n a aa <wb> s a t a t a aa <wb> k sx ee t r a th ii <wb> b a h a aa r a <wb> n a ii k a lx a ii n a ee <wb> s a r a k a aa r a n a aa <wb> a dh a i k a aa r a <wb> k a sx a ee t a r a m a aa q <wb> p r a w ee sh a w aa n o <wb> p a r a y a t a n a <wb> k a r a ii <wb> r a h a ii <wb> ch a ee
gujarati_female_006636|m a aa n a w a <wb> d ee h ee <wb> j y aa r a <wb> s a u dh a ii <wb> w a t a t a i <wb> sh a u d a dh a <wb> n a <wb> th a aa y a <wb> t a y a aa q <wb> s a u dh a ii <wb> ii sh a w a r a <wb> y o n ii <wb> m a aa n a w a <wb> y o n ii <wb> p a sh a u <wb> y o n ii <wb> p a k a sx a ii <wb> y o n ii m aa mq <wb> bh a tx a k aa lx ee <wb> ch a ee
gujarati_female_006637|s w aa m i <wb> w i w ee k aa n a mq d a j ii <wb> ee <wb> w a i sh a w a m a aa q <wb> s a h u n ee <wb> ph r i dx a m a <wb> a n a ee <wb> h ee p ii n ee s a <wb> m a lx a ee <wb> a n a ee <wb> n o l ee j a <wb> m a lx a ee <wb> t a ee w a aa <wb> s a m a aa j a n a ii <wb> h i m aa y a t a <wb> k a r a ii <wb> h a t a ii
gujarati_female_006645|g a nx a i t a n a ee <wb> r a s a p a r a d a <wb> b a n a aa w a w a aa <wb> r aa w a s aa h ee b ee <wb> b a s a s a o <wb> th a ii <wb> w a dh a aa r a ee <wb> m o dx ee l o <wb> tx ii c ii mq g a <wb> ee ii dx jh a <wb> a n a ee <wb> p a jh a l s a <wb> t a ei y a aa r a <wb> k a r a y a aa <wb> h a t a aa
gujarati_female_006663|a n a y a <wb> t a u m a aa q <wb> aa <wb> r a uu k a sx a <wb> w a k a sx a <wb> kh a aa l a ii <wb> kh aa kh a r o <wb> l a aa g a ee <wb> p a nx a <wb> w a s a q t a m a aa q <wb> t a o <wb> b a s a <wb> w a ei bh a w a ii <wb> p a l aa sh a <wb> j a
gujarati_female_006670|s t r ii n ee <wb> m a lx a t a o <wb> p a g a aa r a <wb> ee n a ee <wb> s a h ee w ii <wb> p a dx a t a ii <wb> k a txh a i n a <wb> p a r i s th i t i o <wb> ee <wb> b a dh a aa n a ii <wb> s aa th o s aa th a <wb> m ee mq g l o r a m aa mq <wb> b ii dx ii <wb> w aa lx a n aa r ii <wb> j a o w a aa <wb> m a lx a ee <wb> ch a ee
gujarati_female_006671|t a ee m a n a aa <wb> dx a m a r uu n aa <wb> n aa d a m aa mq th ii <wb> w y aa k a r a nx a sh aa s t r o n aa <wb> b ii j a m a mq t r o <wb> p a r a aa p a t a <wb> th a aa y a <wb> ch a ee
gujarati_female_006675|n a <wb> bh u l aa y a <wb> t a ee w a u q <wb> d a sh y a <wb> m i l ee sh i y aa n o <wb> j aa mq b a l ii <wb> r a q g a <wb> n a ii l a <wb> m a h o r a <wb> j a ee tx a l a o <wb> d ee kh ii t o <wb> bh a bh a k a d aa r a <wb> n a th a ii <wb> h o t o <wb> p a nx a <wb> ee n a ii <wb> r a mq g a ch aa y aa <wb> w a dh a u <wb> s a q k a u l a <wb> h a o y a <wb> ch a ee
gujarati_female_006676|b ii aa r a tx ii ee s a <wb> o g a s a tx a <wb> s a u dh a ii <wb> p a uu r a nx a <wb> k a r a aa sh a ee <wb> j a y a aa r a ee <wb> m o dx a l a <wb> r o dx a n aa <wb> s a tx a r a ii tx a <wb> w ee n dx a r s a n ee <wb> ee k a t r ii s a m ii <wb> j a u l a aa ii <wb> s a u dh a ii m a aa q <wb> kh a s ee dx aa sh ee
gujarati_female_006686|k a r a nx a <wb> k ou r a w a <wb> p a k a sx a ee <wb> r a h a y a o <wb> p a nx a <wb> bh a ii sx a m a <wb> p a i t a aa m a h a n a aa <wb> n a ee t a t a w a <wb> n a ii c a ee <wb> t a ee nx a ee <wb> l a dx a w aa n ii <wb> n a aa <wb> p a aa dx a ii <wb> t a ee <wb> w a aa t a n a ee <wb> k a ee m a <wb> m uu l a w ii <wb> sh a k a aa y a
gujarati_female_006701|h o m o <wb> s ee p i y a n s a <wb> ee tx a l a ee <wb> a r w aa c ii n a <wb> m a aa n a w a ii <wb> ee <wb> aa j a th a ii <wb> l a g a bh a g a <wb> b a aa r a <wb> th a ii <wb> c a ou d a <wb> h a j a aa r a <wb> w a r a sx a o <wb> p a h a ee l a aa q <wb> ch a ee k a <wb> p a uu r a w a <wb> ee sh a i y a aa <wb> n a j a ii k a <wb> th a y a o <wb> g a nx a aa y a
gujarati_female_006702|aa <wb> p a u s a t a k a n a ii <wb> t a ii w a r a <wb> a s a r a <wb> h ee txh a lx a j a <wb> aa kh a ii <wb> s a r w o d a y a n ii <wb> w i c aa r a dh aa r aa <wb> aa w a ii <wb> a n a ee <wb> g a aa q dh a ii n a ee <wb> d a r i d r a <wb> n a aa r a aa y a nx a <wb> n a ii <wb> s ee w aa n o <wb> m a aa r a g a <wb> m a lx a y a o
gujarati_female_006710|t a r a nx a s a o <wb> ii k a o t a ee r a <wb> r a n a n a aa <wb> p a dx a k a aa r a <wb> s a aa m a ee <wb> b a aa q g a l a aa d a ee sh a n a aa <wb> p a c a aa s a <wb> o w a r a o m a aa q <wb> n a w a <wb> w a i k a ee tx a ee <wb> b a s a s a o <wb> t a y a aa q s a ii <wb> r a n a <wb> a n a ee <wb> bh a aa r a t a n a o <wb> s ii t y aa s ii <wb> r a n a th ii <wb> w a i j a y a
gujarati_female_006719|s a ii r a aa m a ii k a n a ii <wb> b a r a nx a ii m a aa q <wb> t a r a ii s a <wb> s a ee m a p a l a <wb> tx y u b a <wb> r a h a ee sh a ee <wb> j a ee m a aa q <wb> d a s a <wb> a l a g a <wb> a l a g a <wb> j aa t i n aa mq <wb> m a aa ii k a r a o <wb> o r a g a ee n a i jh a m a <wb> h a sh a ee
gujarati_female_006734|t a p t a <wb> g a r a m ii n u mq <wb> gh ee n a <wb> u t a aa r a w a aa <wb> m a aa tx a ee n a aa <wb> aa y a u r a w a ee d a i k a <wb> g a u nx a o <wb> b i l w a p a t r a m aa mq <wb> ch a ee
gujarati_female_006746|t a y a aa r a ee <wb> o s a tx a r a ee l a i y a aa n a aa <wb> bh a uu t a p a uu r a w a <wb> k a ee p a tx a n a <wb> b a ii l a <wb> l o r ii ee <wb> aa q t a r a r a aa sx a tx a r a ii y a <wb> w a n a <wb> dx a ee <wb> k a r a i k a ee tx a n a aa <wb> j a n a k a <wb> t a r ii k ee n o <wb> sh a r a ee y a <wb> s a r a <wb> dx a o n a <wb> b r ee dx a m ee n a n ee <wb> aa p a y a o <wb> h a t a o
gujarati_female_006757|gh o s tx a k aa r a n ii <wb> kh aa s ii y a t a <wb> ee <wb> ch a ee <wb> k a ee <wb> t a ee <wb> g l aa s a <wb> j a ee w a aa q <wb> d a ee kh a aa t a aa <wb> tx r aa n s a p a r a n tx a <wb> ee tx a l a ee <wb> k a ee <wb> s a q p a uu r a nx a <wb> p a aa r a d a r a sh a k a <wb> p l aa s tx ii k a n ii <wb> b a n a ee l a ii <wb> ch a ee
gujarati_female_006760|b a ee <wb> h a j a aa r a <wb> s a aa t a <wb> n a aa <wb> w a r a l a dx a <wb> k a p a m a aa q <wb> aa y o j a k o ee <wb> g a q bh a ii r a <wb> bh a uu l a <wb> k a r a t a aa q <wb> g r u p i mq g a <wb> ee <wb> r a ii t a ee <wb> k a r a y a u q <wb> h a t a u q
gujarati_female_006766|r ei w a t aa c a lx a <wb> u j j a y a mq t a <wb> aa d a i <wb> n a aa m a ee <wb> o lx a kh a aa t a o <wb> p a u r a aa nx a <wb> p a r a s a i d a dh a <wb> g a r a w o <wb> g a i r a n a aa r a
gujarati_female_006777|t a ee <wb> s a th a lx a <wb> n a u q <wb> ee p ii s ee n tx a r a <wb> n u k a sh aa n a <wb> g r a s t a <wb> p a r a m a aa nx a u <wb> p a l a aa n a tx a <wb> n a ii <wb> d a k a sx a i nx a <wb> d i sh aa m aa mq th ii <wb> ee k y aa s ii <wb> k a i l a o m a ii tx a r a <wb> d a u r a <wb> h a t a u q
gujarati_female_006782|aa <wb> d a r a m a i y a aa n a <wb> p i t a r aa ii <wb> b a h a ee n a <wb> n aa d i y aa n ee <wb> p a o t a aa n a aa <wb> ee l a j ii b r aa <wb> h o m a w a r k a <wb> m a aa tx a ee <wb> t a ee m a n a ii <wb> m a d a d a n ii <wb> j a r a uu r a <wb> p a dx a ii
gujarati_female_006793|g a y a aa <wb> w a r a sx a ee <wb> j a y a aa r a ee <wb> ee <wb> aa r a <wb> r a h ee m aa n a n aa <wb> s a q g a ii t a <wb> m a dxh y u mq <wb> s a t y a m ee w a <wb> j a y a t ee <wb> g a w aa y u mq <wb> t a y a aa r a ee <wb> l a o k a o <wb> jh u m ii <wb> uu txh a y a aa <wb> h a t a aa
gujarati_female_006802|sh i r ii sx a n aa mq <wb> ph uu l a n o <wb> s u mq w aa lx o <wb> m a d a u <wb> m ii txh o <wb> l a ii l a o <wb> k u m aa sh a bh a r y o <wb> s a p a r a sh a
gujarati_female_006803|aa j a ee <wb> y o j aa y ee l ii <wb> w a r k i mq g a <wb> k a m i tx i <wb> b a aa d a <wb> ee k a <wb> s a bh y ee <wb> j a nx a aa w a y a u q <wb> h a t a u q <wb> k a ee <wb> k i r a nx a <wb> m o r ee ee <wb> aa i s ii ee l a m aa mq <wb> j o dx aa w a w aa <wb> b a d a l a <wb> m a aa ph a ii <wb> m aa g ii <wb> l a ii dh a ii <wb> ch a ee
gujarati_female_006804|r a w ei y aa <wb> w a s t aa <wb> w ei y aa <wb> aa <wb> g a ii t a <wb> g aa t aa <wb> g aa t aa <wb> g a r a ii b a <wb> m a j a uu r a o <wb> aa n a mq d a w i bh o r a <wb> th a i <wb> n aa c a t aa <wb> b a t a aa w a y a aa <wb> ch a ee
gujarati_female_006817|p a nx a <wb> j a aa p a aa n a ii jh a <wb> a dh i k aa r ii o ee <wb> s a w a ii k a aa r a y a u q <wb> ch a ee <wb> k a ee <wb> a q sh a t a hq <wb> m a ee l a tx a dx a aa u n a <wb> sh a r a uu <wb> th a ii <wb> g a y a u q <wb> ch a ee <wb> j a ee <wb> c a i q t a aa <wb> j a n a k a <wb> b a aa b a t a <wb> ch a ee
gujarati_female_006824|s uu t a lx ii <wb> b o m b a <wb> ph uu tx ee <wb> p a r a d ee sh ii <wb> h a w a aa ii <wb> n a ee <wb> b a l uu n a <wb> l a aa w a y a aa <wb> h a o y a <wb> t a ee <wb> c a dxh a ee
gujarati_female_006834|s a d g u r uu <wb> m ee gh a n ii <wb> j a ee m a <wb> sh a i sx a y a <wb> p a r a <wb> j nj aa n a w rq sx tx i <wb> k a r a ii <wb> t a ee n a aa <wb> a q dh a k a aa r a <wb> a n a ee <wb> a j a nj a aa n a <wb> h a r ii <wb> l a ee <wb> ch a ee
gujarati_female_006837|t a y a aa q <wb> dx i w o r s a <wb> k a ee k a <wb> a n a ee <wb> dx i w o r s a <wb> r i mq g a n aa <wb> s tx o l s a <wb> l aa g ee l aa <wb> ch a ee
gujarati_female_006844|bh o p aa l a m aa mq <wb> th a y a ee l a aa <wb> p a r a y a aa w a r a nx a n a aa <wb> n a u k a s a aa n a <wb> a n a ee <wb> t a ee n a o <wb> bh a o g a <wb> b a n a ee l a aa <wb> l a o k a o n a aa <wb> m a aa m a l a ee <wb> a m a ee r a i k a aa n a ii <wb> k a q p a n a ii <wb> y a u n a i a n a <wb> k a aa r a b a aa i dx a <wb> k o r p o r ee sh a n a <wb> y u s ii s ii <wb> k a ee <wb> t a ee n a o <wb> t a t a k a aa l a ii n a <wb> w a dx o <wb> w o r a n a <wb> ee n a dx a r a s a n a <wb> k a o i <wb> r a ii t a ee <wb> j a w a aa b a d a aa r a <wb> n a th a ii
gujarati_female_006845|k a o ii <wb> kh a mq dx i t a <wb> t a o <wb> k a o ii <wb> n aa n a k ii <wb> dxh a g a l ii <wb> j a ee w a aa q <wb> k a o ii <wb> p a dx a ch a mq d a <wb> w a ii r a <wb> j a ee w a aa q
gujarati_female_006847|p r i y a p aa t r a n ee <wb> p aa m a w aa n ii <wb> s a ph a r a <wb> p a uu r a ii <wb> th a aa y a <wb> k a ee <wb> k a aa r a k a i r a d a ii n a ii <wb> tx a o c a <wb> aa mq b a w aa n u mq <wb> aa h a w a aa n a <wb> aa d a m ii n ee <wb> j a mq p a w aa <wb> n a <wb> d a ee
gujarati_female_006848|j a ee n a ee <wb> dh a r a t a ii m a aa q <wb> s a t y aa w ii s a <wb> k a i l a o m a ii tx a r a <wb> l a aa q b a ii <wb> g a o lx a aa k a aa r a <wb> bh uu g a r bh a <wb> b o g a d aa m aa mq <wb> p a r a o tx a o n a n a aa <wb> k i r a nx o n o <wb> m a aa r a o <wb> c a l a aa w a ii <wb> a th a dx a aa w a w a aa m a aa q <wb> aa w a y a aa <wb> h a t a aa
gujarati_female_006858|bh ei r a w a <wb> t a o <wb> t a r a t a <wb> j a <wb> l a dx a w aa <wb> m a aa q dx a y a o <wb> h a o y a <wb> k a aa q ii <wb> aa <wb> t a o <wb> s a aa w a <wb> kh a o tx a ii <wb> w a h a ee q c a nx a ii <wb> ch a ee
gujarati_female_006859|p a c a ii s a <wb> m a ii <wb> dx a i s a ee m a b a r a n a aa <wb> r a o j a <wb> u dx aa n a <wb> w a kh a t a ee <wb> j a <wb> n a i sx a ph a lx a <wb> g a y a ee l a <wb> j ii o s i n k r o p r a s a <wb> s ee tx ee l aa i tx a <wb> l a o q c a <wb> w ee h ii k a l a
gujarati_female_006867|b a ii j a o <wb> p a r y aa y a <wb> aa ii s o b y u tx ee n o s a n o <wb> ch a ee <wb> p a nx a <wb> j a ii w a aa nx a u q o <wb> w a dx a ee <wb> t a ee <wb> u t a p a n a n a <wb> k a r a w a u q <wb> m a u sh a k a ee l a <wb> ch a ee
gujarati_female_006887|g u l a <wb> m a h o r a n aa mq <wb> ph a uu l a o <wb> h a j a ii <wb> k a w i t aa <wb> n a h a o t a aa q <wb> b a n a y a aa q <wb> t a y a aa r a ee <wb> p a nx a <wb> ee n a ii <wb> ch aa mq tx a d aa r a <wb> p aa mq kh a dx ii n aa <wb> s w aa d a n ii <wb> kh a tx aa sh a <wb> m aa nx a t aa <wb> h a t a aa
gujarati_female_006891|p a nx a <wb> d aa d ii <wb> aa w a ee <wb> ee <wb> p a h a ee l a aa q <wb> t a o <wb> m a ee q <wb> s uu mq dx a l o <wb> uu mq c a k aa w ii n ee <wb> kh i s a k o l ii n ee <wb> k a ee d a <wb> m a u k a t a <wb> k a r a ii <wb> d a ii dh a ii
gujarati_female_006892|u m a mq g a <wb> a n a ee <wb> w i sh w a k a l y aa nx a n ii <wb> bh a aa w a n a aa <wb> s a aa th a ee <wb> b a ee <wb> h a j a aa r a <wb> a g i y aa r a n aa <wb> s w a r nx i m a <wb> u d a y a n ee <wb> bh aa w a bh a r y o <wb> aa w a k aa r a <wb> a p a aa y a o <wb> h a t a o
gujarati_female_006896|a sx tx aa k aa r a <wb> m a q t a r a <wb> sh a r a ii k a sx a nx a <wb> sh a r a nx a q <wb> m a m a n u mq <wb> a sx tx a <wb> p r a h y a <wb> s m a r a nx a <wb> k a r a w a u q
gujarati_female_006903|h aa ii b r i dx a <wb> p a d a dh a t a i <wb> d a w a aa r a aa <wb> r a q g a ii n a <wb> m aa ch a l ii o n ii <wb> w ee r aa y a tx ii <wb> p a ee d a aa <wb> k a r a w a aa m a aa q <wb> aa w a ee <wb> ch a ee
gujarati_female_006905|p a aa q c a <wb> o w a r a o m a aa q <wb> b a mq n ee ee <wb> a g a nx y o <wb> s a i t a t a ee r a <wb> r a n a <wb> u m ee r y aa <wb> h a t a aa <wb> a n a ee <wb> m a o tx a ii <wb> bh a aa g a ii d a aa r a ii <wb> m a aa tx a ee <wb> s a ee tx a <wb> th a i <wb> g a y a aa <wb> h a t a aa
gujarati_female_006907|a g a i y a aa r a <wb> w a r a sx a <wb> p a uu r a w a ee <wb> t a ee nx a ee <wb> c ou d a m ii <wb> j aa n y u aa r ii ee <wb> k a h o n aa <wb> p y aa r a <wb> h a ei <wb> s a aa th a ee <wb> b o l ii w u dx a m aa mq <wb> aa g a m a n a <wb> k a r a y a u q <wb> h a t a u q
gujarati_female_006909|m ee th aa ee k r ee l ii k a <wb> ee s ii dx a <wb> a n a ee <wb> m ee th aa n o l a <wb> w a c a c a ee <wb> r aa s aa y a nx ii k a <wb> p a r a k a r a i y a aa <wb> d a w a aa r a aa <wb> m i th aa ii l a <wb> m ee th aa ee k r ii l ee tx a <wb> b a n aa w aa y u mq <wb> h a t a u q
gujarati_female_006926|bh a aa r a t a <wb> t a ee n a aa <wb> u p a kh a q dx a m a aa q <wb> j a <wb> m a ee c a <wb> r a m a w a aa n a u q <wb> h a o ii <wb> aa j a ee <wb> j a aa h a ee r a <wb> th a y a ee l a ii <wb> tx a ii m a m a aa q <wb> k a o ii <wb> ii j a aa g a r a s a t a <wb> th a sh a ee <wb> t a o <wb> bh a aa r a t a <wb> p a aa r a th a i w a <wb> j a ee w a aa n a ee <wb> c a aa l a u <wb> w a r a l a dx a k a p a <wb> d a r a m a y a aa n a <wb> s a aa m a ee l a <wb> k a r a ii <wb> sh a k a sh a ee
gujarati_female_006943|b a ee q g a k a o k a m a aa q <wb> y a o j a aa n a aa r a <wb> r a o b a o k a o n a <wb> i n a tx a r a n a ee sh a n a l a <wb> k a o m a p a i tx a i sh a n a m a aa q <wb> n a i r a m a aa <wb> i n a s a tx a i tx a y a uu tx a <wb> o ph a <wb> tx a ee k a n a o l a o j a ii n a aa <wb> s a tx a u dx a n a tx a s a <wb> d a ee sh a <wb> t a r a ph a th a ii <wb> bh a aa g a <wb> l a ee sh a ee
gujarati_female_006957|k a ee p a s a y a u l a n a aa q <wb> m a dh a y a bh a aa g a m a aa q <wb> ii jh a r a aa y a ee l a n a aa q <wb> n a ee g a ee w a n a ii <wb> ph a lx a d a r a u p a <wb> m a aa tx a ii m a aa q <wb> kh a dx a t a l a <wb> m a aa ii k a r a o o r a g a ee n a i jh a m a <wb> r a aa kh a w a aa m a aa q <wb> aa w a sh a ee
gujarati_female_006958|d a k a sx a i nx a <wb> aa ph a r a i k a aa m a aa q <wb> tx a r a ee n a n a ii <wb> ee k a aa q k a ii <wb> m a u s a aa ph a r a ii <wb> d a r a m a y a aa n a <wb> aa <wb> p a u s a t a k a n a u q <wb> w a aa q c a n a <wb> m a o h a n a d a aa s a <wb> n a ee <wb> m a h a aa t a m a aa <wb> b a n a aa w a n a aa r a <wb> m a h a t a w a n a u q <wb> s a ii m a aa c a i n a h a <wb> b a n a ii <wb> j a aa y a <wb> ch a ee
gujarati_female_006970|m a r a ee <wb> h a aa r a t a aa q <wb> ch a ee l a l a aa <wb> p a q c a o t a t a ee r a <wb> w a r a sx a th a ii <wb> m a ee n a s a <wb> s a i q g a l a s a <wb> g a r a aa n a dx a <wb> s a l a ee m a <wb> c a ee m a p a i y a n a n a ii <wb> r a aa h a <wb> j a o i <wb> r a h a ee l a aa <wb> b a r a i tx a ii sh a <wb> tx a ee n a i s a <wb> p a r a ee m a ii o m a aa q <wb> bh a aa r a ee <wb> n a i r a aa sh a aa <wb> ph a ee l a aa w a aa <wb> p a aa m a ii <wb> h a t a ii
gujarati_female_006984|t a r a nx a <wb> s a p a ii dx a <wb> tx a r a aa n a s a m a ii sh a n a <wb> ch a <wb> s a ii l a ii n a dx a r a w a aa lx a u q <wb> ee n a j a ii n a <wb> k a o ii l a <wb> s a p a r a ii q g a <wb> s a w a t a q t a r a t a aa w a aa lx a ii <wb> ph a r a n a tx a <wb> s a s a p a ee n a sh a n a
gujarati_female_006990|w a y a aa y a aa m a <wb> p a sh a c a aa t a <wb> b a ee <wb> k a l a aa k a m a aa q <wb> p a r a o tx a ii n a <wb> s a aa th a ee <wb> k a aa r a b a o h a aa ii dx a r a ee tx a <wb> j a o dx a aa w a aa th a ii <wb> ii n a s a y a u l a i n a n a o <wb> p a r a t a i bh a aa w a <wb> l a g a bh a g a <wb> b a m a nx a o <wb> th a ii <wb> j a aa y a <wb> ch a ee
gujarati_female_007019|p a th a w a ii <wb> b a aa l a t a nx a o th a ii <wb> s a lx a w a lx a ii <wb> uu txh a ee <wb> ch a ee <wb> a n a ee <wb> l a k a sx a aa w a dh a i <wb> j a ii w a s a sx a tx a i <wb> c a aa r a ee <wb> t a r a ph a <wb> n a aa c a w a aa <wb> k a uu d a w a aa <wb> m a q dx a ee <wb> ch a ee
gujarati_female_007021|j a u l a aa i n a ii <wb> p a q d a r a m a ii <wb> th a ii <wb> s a o lx a <wb> s a p a tx a ee m a b a r a <wb> s a u dh a ii <wb> ii q g a l a ee n a dx a m a aa q <wb> c a aa r a <wb> tx a ee s a tx a <wb> ee k a <wb> tx a w a ee n a tx a ii <wb> tx a w a ee n a tx a ii <wb> a n a ee <wb> p a aa q c a <wb> w a n a <wb> dx a ee n a ii <wb> sh a r a ee nx a ii <wb> u p a r a aa q t a <wb> p a aa q c a <wb> p a r a ee k a tx a i s a <wb> m a ee c a o n a u q <wb> aa y a o j a n a <wb> th a y a u q <wb> ch a ee
gujarati_female_007027|ch a aa t a ii <wb> aa g a lx a <wb> b a ee <wb> ph a aa q tx a aa w a aa lx a u q <wb> h a aa dx a k a u q <wb> u dx a w a aa <wb> m a aa tx a ee n a aa <wb> p a ii ch a aa <wb> p a aa q kh a o <wb> a n a ee <wb> aa q sh a i k a <wb> r a ii t a ee <wb> u l a tx a o <wb> a q g a uu txh a aa n a o <wb> s a m a aa w a ee sh a <wb> th a aa y a <wb> ch a ee
gujarati_female_007030|h a t a i k a <wb> r a o sh a n a ee <wb> b a o l a ii w a uu dx a m a aa q <wb> a g a i y a aa r a <wb> w a r a sx a <wb> p a uu r a aa q <wb> k a r a y a aa q <wb> t a ee n a ii <wb> p a aa r a tx a ii <wb> sh a aa h a r a u kh a <wb> kh a aa n a ee <wb> s a i q g a aa p a o r a m a aa q <wb> aa p a ii
gujarati_female_007042|t a ee q dx a u l a k a r a <wb> g a q bh a ii r a <wb> jh a h a i r a kh a aa n a <wb> p a r a w a i nx a <wb> k a u m a aa r a <wb> s a ee h a w a aa g a <wb> j a ee w a aa <wb> k a r a i k a ee tx a r a o n a ee <wb> th a y a ee l a ii <wb> ii j a aa <wb> a q g a ee <wb> t a ee nx a ee <wb> kh a aa s a <wb> c a i q t a aa <wb> w a y a k a t a <wb> k a r a y a aa <wb> w a g a r a <wb> k a h a y a u q <wb> h a t a u q
gujarati_female_007056|ph a i jh a i y a o <wb> th a ee r a p a ii n a aa <wb> bh a aa g a r a uu p a ee <wb> dx a i ph a r a n a tx a <wb> i l a ee k a tx a r a i k a <wb> k a r a n a tx a <wb> m a aa tx a ee <wb> i n a tx a r a <wb> ph a ee n a s a i y a l a <wb> th a ee r a aa p a ii <wb> m a sh a ii n a <wb> dx a ee w a l a o p a <wb> k a r a w a aa m a aa q <wb> aa w a y a u q
gujarati_female_007059|aa q t a r a r a aa sx a tx a r a i y a <wb> r a uu tx a <wb> p a r a <wb> ee r a <wb> i n a dx a i y a aa <wb> n a aa q <wb> b a o i q g a <wb> s a aa t a <wb> s a o <wb> s a i t a y a o t a ee r a <wb> j a ee w a aa q <wb> m a o tx a aa q <wb> w a i m a aa n a o m a aa q <wb> r a o j a n a ii <wb> s a r a ee r a aa sh a <wb> d a s a <wb> h a j a aa r a <wb> b a ee txh a k a o <wb> u p a l a b a dh a <wb> r a h a ee t a ii <wb> h a t a ii
gujarati_female_007060|w a y a aa y a aa m a <wb> p a sh a c a aa t a <wb> g a l a aa y a k a o j a ii n a n a o <wb> s a q g a r a h a <wb> ph a r a ii <wb> p a uu r a o <wb> k a r a w a aa <wb> p a q d a r a <wb> m a i n a i tx a m a aa q <wb> ph a lx a o <wb> k a ee <wb> t a ee n a aa <wb> r a s a <wb> r a uu p a ee <wb> k a aa r a b a o h a aa ii dx a r a ee tx a <wb> l a ee w a aa <wb> j a o ii ee
gujarati_female_007069|t a ee m a j a <wb> kh a aa q dx a <wb> m a ii dx a i y a m a o n a o <wb> bh a aa w a <wb> p a nx a <wb> t a ee tx a l a aa q j a <wb> m a aa r a j a i n a th a ii <wb> t a r a nx a <wb> s a o <wb> n a aa <wb> n a o q dh a p a aa t a r a <wb> w a dh a aa r a aa <wb> s a aa th a ee <wb> a g a aa u n a aa <wb> t a r a nx a <wb> h a j a aa r a <wb> p a c a aa s a <wb> th a ii <wb> ee k a t a r a ii s a o <wb> s a aa m a ee <wb> w a dh a ii n a ee <wb> t a r a nx a <wb> h a j a aa r a <wb> t a r a nx a <wb> s a o <wb> p a c a c a ii s a <wb> th a ii <wb> t a r a nx a <wb> h a j a aa r a <wb> c a aa r a s a o <wb> th a y a o <wb> h a t a o
gujarati_female_007070|m a aa t a r a <wb> sh a w a ee t a <wb> sh a y a aa m a <wb> r a q g a <wb> dh a r a aa w a t a u q <wb> a n a ee <wb> aa k a r a sx a k a <wb> d a ee h a l a aa l a i t a y a n a u q <wb> m a aa l a i k a <wb> p a r a k a t a i n a u q <wb> kh a uu b a <wb> l a aa dx a k a w a aa y a u q <wb> p a q kh a ii <wb> t a ee <wb> d a uu dh a r a aa j a
gujarati_female_007073|w a ei sx a nx a w a n a o <wb> m a u kh a y a <wb> dh a r a m a <wb> ee <wb> j a <wb> ch a ee <wb> k a ee <wb> p a o t a aa n a aa <wb> h a d a y a m a aa q <wb> p a r a bh a u n a u q <wb> s a w a r a uu p a <wb> w a i r a uu d a dh a <wb> dh a r a m a o n a aa <wb> aa sh a r a y a y a u k a t a <wb> ch a ee
gujarati_female_007077|m a nx a i n a g a r a m a aa q <wb> r a h a ee t a aa <wb> ii k a o t a ee r a <wb> w a r a sx a ii y a <wb> r a j a n a ii k a aa n a t a <wb> sh a u k a l a <wb> ch a ee l a l a aa <wb> b a aa r a <wb> w a r a sx a th a ii <wb> s a aa t a <wb> k a ei l a aa s a <wb> sh a i kh a r a n a ii <wb> y a aa t a r a aa <wb> k a r a ee <wb> ch a ee
gujarati_female_007081|h a aa q <wb> kh a ee q nx a ii q <wb> aa y a <wb> l a ee <wb> kh a aa w a ii <wb> ch a ee <wb> k a sh a aa y a <wb> s a q k a o c a <wb> w a g a r a <wb> a m a aa r a ii <wb> s a h a p a aa txh a ii <wb> k a n a y a aa o <wb> k a ee r a ii <wb> l a ii <wb> j a r a aa <wb> d a uu r a <wb> j a ii <wb> m a o j a th a ii <wb> kh a aa dh a ii
gujarati_female_007082|ch a t a aa q <wb> bh a aa r a t a n a aa <wb> s a ou th a ii <wb> s a o h a aa m a nx a aa q <wb> a n a ee <wb> s a aa h a s a i k a <wb> k a r a i k a ee tx a r a ee <wb> p a o t a aa n a ii <wb> l a aa k a sx a nx a i k a <wb> b a ee p a r a w a aa ii th a ii <wb> tx a w a i tx a r a <wb> p a r a <wb> l a kh a y a u q <wb> k a sh a u q <wb> g a q bh a ii r a <wb> n a th a ii
gujarati_female_007089|t a y a aa q <wb> s a u dh a ii m a aa q <wb> tx a ee l a i w a i jh a n a <wb> p a r a <wb> t a ee nx a ee <wb> m a aa r a dh a aa dx a n a aa q <wb> a n a ee <wb> kh a uu n a n a aa q <wb> a dxh a aa r a <wb> h a j a aa r a <wb> d a r a sh a y a o <wb> a n a ee <wb> a sh a l a ii l a t a aa n a aa q <wb> c a ou d a <wb> h a j a aa r a <wb> p a aa n a <wb> s a o <wb> d a r a sh a y a o <wb> j a o i <wb> n a aa kh a y a aa q <wb> h a o y a <wb> ch a ee
gujarati_female_007098|kh a n a i j a j a n a y a <wb> b a lx a t a nx a <wb> aa dh a aa r a i t a <wb> w a aa h a n a o n a u q <wb> m a i sh a r a <wb> b a lx a t a nx a n a aa <wb> w a aa h a n a o m a aa q <wb> r a uu p a aa q t a r a <wb> k a r a w a aa <wb> m a aa tx a ee <wb> w a p a r a aa t a ii <wb> k a i tx a <wb> p a r a n a ii <wb> aa b a k a aa r a ii <wb> j a k a aa t a <wb> gh a dx a w a aa m a aa q <wb> aa w a ii <wb> ch a ee
gujarati_female_007099|t a aa p a ii <wb> n a d a ii <wb> k a i n a aa r a ee <wb> g a u j a r a aa t a n a ii <wb> a s a m a i t a aa n a ii <wb> aa h a l a aa d a n a ii <wb> a n a u bh a uu t a i <wb> k a r a aa w a t a o <wb> aa r a y a <wb> sh a uu r a w a ii r a t a aa n a o <wb> ii t a i h a aa s a <wb> a d a bh a u t a <wb> a n a ee <wb> g a ou r a w a w a q t a o <wb> ch a ee
gujarati_female_007101|o ch a aa m a aa q <wb> o ch a ii <wb> p a aa q c a <wb> h a j a aa r a <wb> n a ii <wb> s a q kh a y a aa <wb> dh a r a aa w a t a ii <wb> j a g a y a aa <wb> j a y a aa q <wb> p a q c a o t a ee r a <wb> tx a k a aa <wb> p a u r a u sx a o n a ii <wb> aa w a k a <wb> kh a ee t a ii <wb> s a i w a aa y a n a aa <wb> s a t a r a o t a o <wb> p a r a <wb> aa dh a aa r a i t a <wb> h a o y a <wb> ch a ee
gujarati_female_007102|bh a ee q s a o <wb> d a uu dh a <wb> d a ee t a ii <wb> w a kh a t a ee <wb> j a ee m a <wb> aa q kh a <wb> m a ii q c a ii n a ee <wb> n a i s a t a b a dh a <wb> uu bh a ii <wb> r a h a ee <wb> ch a ee <wb> t a ee m a <wb> aa k a aa sh a <wb> t a dx a k a aa n a ii <wb> s a ee r a o <wb> ch a o dx a t a u q <wb> j a <wb> r a h a ee <wb> ch a ee
gujarati_female_007103|b a ii l a <wb> k a l a i n a tx a n a n a aa q <wb> ee k a <wb> j a <wb> s a tx a ee tx a m a ee n a tx a th a ii <wb> b a aa y a o tx a ee k a <wb> k a q p a n a ii n a aa q <wb> sh a ee r a <wb> m a aa r a k a ee tx a m a aa q <wb> ph a k a t a <wb> b a ee <wb> d a i w a s a m a aa q <wb> p a c a aa s a <wb> a b a j a <wb> dx a o l a r a n a u q <wb> g a aa b a dx a u <wb> p a dx a y a u q <wb> h a t a u q
gujarati_female_007110|d a uu dh a ii <wb> k a aa k a dx a ii <wb> r a ii q g a nx a <wb> tx a ii q dx a o lx a aa <wb> bh a ii q dx a aa <wb> j a ee w a ii <wb> c a ii j a o <wb> gh a r a <wb> aa q g a nx a ee <wb> u g a aa dx a w a aa n a o <wb> p a r a y a aa s a <wb> th a w a o <wb> j a o ii ee <wb> a n a ee <wb> t a ee <wb> m a aa tx a ee <wb> p a r a o t a s a aa h a n a <wb> p a nx a <wb> aa p a w a u q <wb> j a o ii ee
gujarati_female_007116|ph aa r a s a <wb> m a j a aa n a aa q <wb> p a aa k a ee l a aa q <wb> c a ii bh a dx a aa q <wb> a n a ee <wb> r a s a d a aa r a <wb> kh a r a b a uu j a aa q <wb> s a k a k a r a tx a ee tx a ii <wb> n a ii <wb> m a ii txh a ii <wb> s a o dx a m a th a ii <wb> aa kh a u q <wb> b a j a aa r a <wb> m a h a ee q k a ii <wb> uu txh a y a u q
gujarati_female_007125|t a ee <wb> s a aa q bh a lx a ii n a ee <wb> h a s a t aa mq <wb> h a s a t aa mq <wb> w i n o d ee <wb> k a h a y a u q <wb> w i j a y ee <wb> r aa dh aa <wb> s a aa th a ee <wb> l a g a n a <wb> k a r a w a aa <wb> m a aa tx a ee <wb> ee k a <wb> l aa kh a n u mq <wb> d a h ee j a <wb> m aa mq g y u mq <wb> h a t a u q
gujarati_female_007128|k aa r a nx a k ee <wb> n ee n ee n tx ee n aa n ii <wb> p a r a y a u k a t a i <wb> a dh a o r a k a t a <wb> gh a tx a k a o n a u q <wb> p a nx a <wb> p a r a g a r a h a nx a <wb> k a r a ee <wb> ch a ee
gujarati_female_007141|h a w a ee <wb> j aa p aa n a n aa mq <wb> k u k u sh i m aa mq <wb> n y u k a l ii y a r a <wb> p a aa w a r a <wb> p l aa mq n tx a n o <wb> aa <wb> g a m a kh w aa r a <wb> a k a s m aa t a n ii <wb> t a w aa r ii kh a m aa mq <wb> u m a ee r a o <wb> th a ii <wb> r a h a ee l a <wb> ch a ee
gujarati_female_007160|a n a y a <wb> p a mq kh ii o n ii <wb> s a r a kh a aa m a nx a ii m a aa q <wb> kh a uu b a <wb> u mq gh a nx a sh ii <wb> ch a ee
gujarati_female_007164|a h a ii q <wb> t a o <wb> d a mq dx a n ii <wb> aa tx a l a ii <wb> r a k a m a <wb> p a nx a <wb> w a s uu l a <wb> th a w a aa n a ii <wb> w a aa t a <wb> t a o <wb> b a aa j a u ee <wb> r a h a ii <wb> k a o ii <wb> p a nx a <wb> ph aa r m aa <wb> k a q p a n a ii <wb> s a aa m a ee <wb> k a aa r a y a w a aa h a ii <wb> k a r a w a aa m a aa q <wb> aa w a ii <wb> n a th a ii
gujarati_female_007168|p a r a q t a u <wb> aa p a nx a ii <wb> c a r a c a aa <wb> n a y a uu tx a r a o n a <wb> t a aa r a aa <wb> k a ee <wb> b l ee k a h o l a <wb> a q g a ee <wb> n a th a ii
gujarati_female_007169|m a n a m a aa q <wb> aa w a o <wb> gh a aa tx a <wb> gh a dx ii n ee <wb> ee k a <wb> j a b a r a d a s a t a <wb> w a dx a <wb> p a r a <wb> t a ee <wb> c a dx y o
gujarati_female_007178|aa kh a r a ee <wb> t a ee o ee <wb> t a ee n a ii <wb> kh a aa s a <wb> b a h ee n a p a nx ii n ee <wb> aa <wb> k a aa m a <wb> s a o q p a y a u q
gujarati_female_007207|ii sh a aa q t a <wb> sh a r a m a aa <wb> p a r a j a nj a aa n a <wb> o jh a aa <wb> r a w a ii n a d a r a <wb> j a aa dx a ee j a aa <wb> p a aa r a th a i w a <wb> p a tx a ee l a <wb> p a nx a <wb> t a ii w a r a <wb> h a r a i ph a aa i <wb> w a c a c a ee <wb> s a th a aa n a <wb> n a th a ii <wb> m a ee lx a w a ii <wb> sh a k a y a aa
gujarati_female_007210|t a o <wb> k a y a aa r a ee k a <wb> b a h a u <wb> l a aa q b a aa <wb> g a aa lx a aa n a o <wb> k a q tx a aa lx a o <wb> m a aa nx a s a n a ee <wb> dx a i s a th a aa m a i aa <wb> j a ee w a aa <wb> ee k a d a m a <wb> t a ii w a r a <wb> dx a i p a r a ee sh a n a <wb> a n a ee <wb> t a aa nx a <wb> t a r a ph a <wb> p a nx a <wb> dh a k a ee l a ii <wb> sh a k a ee <wb> ch a ee
gujarati_female_007212|sh a ei q l a l a <wb> aa <wb> k a sx a ee t a r a <wb> m a aa tx a ee <wb> n a ee sh a n a l a <wb> s a ee n a tx a r a <wb> ph a o r a <wb> ee dx a w a aa n a s a ii q g a <wb> tx a r a aa n a s a p a l a ee sh a n a <wb> s a aa y a n a s a <wb> sh a r a u <wb> k a r a ii <wb> r a h a ii <wb> ch a ee
gujarati_female_007216|aa gh a y a aa t a m a i k a <wb> j a nj a aa n a bh a aa th a u <wb> b a aa q dh a w a aa <wb> m a aa tx a ee <wb> dh a r a m a n a ee <wb> p a r a aa dh a aa n a y a t a aa <wb> aa p a ii n a ee <wb> p a o jh a i tx a ii w a <wb> a bh a i g a m a <wb> a p a n a aa w a w a o <wb> j a o ii ee
gujarati_female_007221|ii q d a r a i y a <wb> a n a ee <wb> d a ee h a n a ee <wb> l a ou k a i k a <wb> k a aa r a y a aa d a i m a aa q th a ii <wb> kh a ee q c a ii <wb> l a ii <wb> bh a g a w a t a <wb> s a ee w a aa m a aa q <wb> p a r a y a o j a w a aa <wb> n a ee t a r a n a o <wb> m a u kh a y a <wb> dh a r a m a <wb> p a r a bh a u n a aa <wb> d a r a sh a n a <wb> k a r a w a aa n a o <wb> ch a ee
gujarati_female_007234|p a i t a aa j a ii ee <wb> p a r a h a l a l a aa d a j a ii n a ee <wb> bh a g a w a t a s a m a r a nx a <wb> t a th a aa <wb> bh a j a n a aa d a i k a n a o <wb> t a y a aa g a <wb> k a r a w a aa <wb> b a h a u <wb> p a r a k a aa r a ee <wb> s a m a j a aa w a w a aa <wb> ch a t a aa q <wb> t a ee m a nx a ee <wb> bh a g a w a t a <wb> s a m a r a nx a aa d a i k a n a o <wb> t a y a aa g a <wb> k a r a y a o <wb> n a h a i
gujarati_female_007245|p a r a q t a u <wb> aa <wb> ee w a o <wb> s a m a y a n a o <wb> g a aa lx a o <wb> h a t a o <wb> j a y a aa r a ee <wb> ch a ii ch a r a aa <wb> h a uu q ph a aa lx a aa <wb> u sx a nx a k a tx a i b a q dh a n a aa <wb> p a aa nx a ii m a aa q <wb> y a u r a o p a <wb> d a w a i p a s a m a uu h a <wb> h a t a o
gujarati_female_007250|n a o k a r a i y a aa t a o n a aa q <wb> uu j a lx a aa q <wb> n a ee <wb> n a w a aa q <wb> k a p a dx a aa q <wb> gh a ee r a <wb> r a h a ee n a aa r a aa q <wb> k a u t a uu h a l a th a ii <wb> j a o ii <wb> r a h a ee <wb> k a o k a <wb> bh a aa w a <wb> p a uu ch a ee
gujarati_female_007261|o g a nx a ii s a o <wb> ee k a k a o t a ee r a <wb> m a aa q <wb> o s a tx a r a ee l a i y a aa <wb> a n a ee <wb> ii q g a l a ee n a dx a <wb> w a c a c a ee n a ii <wb> m a ee l a b a o r a n a <wb> k a r a i k a ee tx a <wb> g a r a aa u n a dx a <wb> kh a aa t a ee n a ii <wb> t a r a ii j a ii <wb> ee sh a i jh a <wb> tx a ee s a tx a <wb> w a r a s a aa d a n a aa <wb> k a aa r a nx a ee <wb> r a d a <wb> th a i <wb> h a t a ii
gujarati_female_007272|r a o h a i t a <wb> sh a r a m a aa <wb> a n a ee <wb> sh a r a ii s a q t a n a ii <wb> aa sh a c a r a y a j a n a k a <wb> b a aa d a b a aa k a ii <wb> tx a ii m a m a aa q <wb> aa txh a <wb> b a ee tx a s a m a ee n a o <wb> c a aa r a <wb> ph a aa s a tx a r a o <wb> a n a ee <wb> t a r a nx a <wb> s a p a i n a r a o
gujarati_female_007278|s a aa txh a n a ii <wb> s a p a ii dx a ee <wb> h a u m a l a o <wb> k a r a ii <wb> sh a k a ee <wb> ee w a ii <wb> aa <wb> aa nx a w a ii k a <wb> s a b a m a r a ii n a <wb> ee q sh a ii <wb> m a ee g a aa w a o tx a n a u q <wb> ee q j a ii n a <wb> dh a r a aa w a ee <wb> ch a ee
gujarati_female_007280|h a j a ii <wb> aa j a ee y a <wb> m a o s a aa lx a n a aa <wb> ee <wb> g a aa m a n a ii <wb> s a w a aa r a <wb> b a p a o r a <wb> s a aa q j a <wb> r a aa t a n a ii <wb> a l a g a <wb> a l a g a <wb> g a q dh a aa n a u bh a uu t a i <wb> m a aa r a u q <wb> m a n a <wb> t a q t a o t a q t a <wb> s a uu q dh a ii <wb> sh a k a ee <wb> ch a ee
gujarati_female_007287|sh a r a ii <wb> w a i sh a w a k a r a m a aa n a aa q <wb> w a q sh a j a o <wb> b a r a h a m a k a uu l a o t a p a n a n a <wb> k a h a ee w a aa y a <wb> ch a ee <wb> t a ee th a ii <wb> w a ei d a i k a <wb> k a aa m a m a aa q <wb> t a th a aa <wb> sh a i l a p a <wb> w a i d a y a aa m a aa q <wb> t a ee o <wb> n a i p a u nx a <wb> ch a ee
gujarati_female_007295|t a ee n a aa <wb> l a ee b a o r a ee tx a r a ii <wb> s a aa y a n a tx a i s a tx a <wb> s a ee l a s a <wb> o ph a i s a r a <wb> k a o r a p a o r a ee tx a <wb> ee k a jh a i k a y a u tx a i w a <wb> w a g a ee r a ee n a ee <wb> d a o sx a i t a <wb> txh a ee r a w a w a aa m a aa q <wb> n a <wb> aa w a ee <wb> t a o <wb> k a ee s a <wb> k a r a w a aa n a o <wb> ph a aa y a d a o <wb> j a <wb> th a t a o <wb> n a th a ii
gujarati_female_007305|s a t a r a s a o b a aa w a n a <wb> m a aa q <wb> b a ee n a j a aa m a i n a <wb> ph a r a ee n a k a l a i n a <wb> n a aa m a n a aa <wb> m a h a aa n a <wb> sh a o dh a k a ee <wb> p a t a q g a <wb> w a dx a ee <wb> dh a r a t a ii <wb> p a r a <wb> w a ii j a lx a ii <wb> u t a p a n a <wb> k a r a w a aa n a o <wb> p a r a y a o g a <wb> k a r a y a o <wb> h a t a o
gujarati_female_007313|h a aa <wb> n a aa <wb> k a r a t a aa q <wb> aa kh a r a ee <wb> p a aa sh a <wb> ph a ee q k a y a o <wb> t a y a aa q <wb> l a i q g a m a aa q th a ii <wb> t a r a i sh a uu lx a dh a aa r a ii <wb> sh a i w a j a ii <wb> p a r a g a tx a <wb> th a y a aa <wb> a n a ee <wb> dh a sx a tx a t a aa <wb> m a aa tx a ee <wb> y a m a r a aa j a n a ee <wb> s a aa q bh a lx a w a u q <wb> p a dx a y a u q
gujarati_female_007317|h a aa l a m a aa q <wb> m i th a g a w aa nx ee m aa mq <wb> y o j aa y ee l ii <wb> r ee l ii m aa mq <wb> sh a i w a s a ee n a aa n a aa <wb> k a aa r a y a k a aa r a ii <wb> p a r a m a u kh a <wb> u dh dh a w a <wb> txh a aa k a r a ee ee <wb> r a m ee sh a n aa <wb> w a l a nx a <wb> b a aa b a t a ee <wb> sh a q k a aa <wb> w a y a k a t a <wb> k a r a ii <wb> h a t a ii
gujarati_female_007319|ee <wb> b a aa lx a k a <wb> bh a ii dx a <wb> a n a ee <wb> gh a o q gh a aa tx a <wb> sh a m a ii <wb> j a aa y a <wb> t a y a aa r a ee <wb> t a m a r a aa q n a aa <wb> t a r a m a <wb> t a r a m a <wb> w a c a c a ee th a ii <wb> r a uu m a jh a u m a <wb> k a r a t a o <wb> c a aa l a y a o <wb> j a ii <wb> ph a r a ii <wb> j a r a i y a aa n a <wb> w a s a t a r a o <wb> p a h a ee r a ii <wb> l a ee t a o <wb> h a sh a ee
gujarati_female_007322|sh a ee r a b a j a aa r a m a aa q <wb> o n a l a aa i n a <wb> tx a r a ee dx a i q g a <wb> k a r a n a aa r a aa o n a aa <wb> p a aa s a w a r a dx a <wb> p a nx a <wb> d a r a ee k a <wb> tx a r a ee dx a i q g a <wb> w a kh a t a ee <wb> b a d a l a w a aa n a ii <wb> s a i s a tx a m a <wb> gh a nx a ii <wb> b a ee q k a o ee <wb> u bh a ii <wb> k a r a ii <wb> ch a ee
gujarati_female_007327|a kh a b a aa r a o <wb> s a aa m a aa y a k a o n a aa <wb> w a aa c a k a o ee <wb> k a o m a n a <wb> w a ee l a th a <wb> g a ee m a <wb> s a ii <wb> dx a b a l a y a u <wb> j a ii <wb> k a ou bh a aa q dx a <wb> n a ii <wb> kh a uu b a <wb> n a i q d a aa <wb> k a r a ii
gujarati_female_007332|t a y a aa q <wb> k a m a p a y a uu tx a r a <wb> h a sh a ee <wb> o n a l a aa ii n a <wb> m a aa h a i t a ii <wb> k a ee <wb> j a nj a aa n a <wb> p a r a aa p a t a <wb> k a r a t a aa <wb> k a o ii k a <wb> y a u w a k a <wb> y a u w a t a ii <wb> t a y a aa q <wb> m a lx a ii <wb> j a sh a ee
gujarati_female_007337|aa m a <wb> w a i c a aa r a ii n a ee <wb> w a aa gh a <wb> m a n o m a n a <wb> dx a r ii <wb> g a y a o <wb> a n a ee <wb> w a aa w a aa jh a o dx a aa n a aa <wb> m aa r a th ii <wb> b a c a w a aa <wb> m a aa tx a ee <wb> c a uu p a c a aa p a <wb> jh aa dx ii m aa mq th ii <wb> n a ii k a lx a ii <wb> gh a ee tx a aa q <wb> b a k a r aa mq m aa mq <wb> bh a lx a ii <wb> g a y a o
gujarati_female_007338|aa p a nx a aa <wb> p a th a w a ii <wb> g a r a h a <wb> p a r a <wb> w a s a t a aa <wb> o tx a ii y a n a s a <wb> j a ee w a aa q <wb> b a ee k a tx a ee r a ii y a aa <wb> bh a w a i sx a y a n a ii <wb> ee s a tx a r a o b a aa y a o l a o j a ii <wb> s a m a j a w a aa <wb> m a aa tx a ee <wb> p a r a aa r a q bh a ii k a <wb> a bh a y a aa s a <wb> s a aa b a ii t a <wb> th a aa y a <wb> t a ee m a <wb> ch a ee
gujarati_female_007347|t a ee m a nx a ee <wb> b a i l a <wb> g a ee tx a s a <wb> g a uu g a l a n a aa <wb> ee r a i k a <wb> s a m a i dx a <wb> a n a ee <wb> a n a y a <wb> k a ee tx a l a aa k a <wb> a b a j a o p a t a i o n a ee <wb> p a o t a aa n a aa <wb> p a l a l a aa q m a aa q <wb> l a aa w a ii <wb> d a ii dh a aa <wb> ch a ee
gujarati_female_007357|l i j j a t a th ii <wb> ee <wb> n a h a ii q <wb> j a m ee <wb> sh a aa q t a i th a ii <wb> s w a s th a t aa th ii <wb> ee <wb> k a p a dx a aa q <wb> n a h a ii q <wb> p ee h ee r ee <wb> a d a b a th ii <wb> ee <wb> n a h a ii q <wb> c a aa l a ee <wb> n i r aa mq t a th ii <wb> ee <wb> n a h a ii q <wb> b a ee s a ee <wb> ee <wb> d o dx a sh ee <wb> a n a ee <wb> ch a ee w a tx a ee <wb> k a h ee sh ee <wb> k a ee <wb> s a m a y a <wb> p a s a aa r a <wb> j a <wb> th a t a o <wb> n a th a ii
gujarati_female_007359|h a aa l a m a aa q <wb> n o r th a <wb> r a aa j a s a th a aa n a <wb> p a sh a c a i m a <wb> b a q g a aa lx a n a aa <wb> u p a s aa g a r a <wb> t a r a ph a <wb> w aa d a lx o n ii <wb> bh a aa r a ee <wb> h a l a c a l a <wb> ch a ee
gujarati_female_007370|aa <wb> k a q p a n a ii o m a aa q <wb> j a r m a n ii n ii <wb> aa r a <wb> dx a b a l y uu ii <wb> ph r aa n s a n ii <wb> w i w aa l dx ii <wb> ph r aa n s a n ii <wb> j a <wb> s w ee j a <wb> l i y o n ee j a <wb> a n a ee <wb> a m a ee r a i k a aa n a aa <wb> ee n a r o n a <wb> k o r p o r ee sh a n a n o <wb> s a m a aa w a ee sh a <wb> th a aa y a <wb> ch a ee
gujarati_female_007380|s u sx m aa <wb> n a aa dx a ii <wb> ph i mq dx a l u <wb> w a aa lx a ii <wb> sh a r p a <wb> aa k a aa r a <wb> ph ee nx a <wb> c a dx aa w ii <wb> g u p a s u p a <wb> b a ee txh a ii <wb> ch a ee
gujarati_female_007383|p a k a sx a ii o n a aa <wb> k a q txh a m a aa q <wb> s a q g a ii t a <wb> m a uu k a y a u q <wb> ch a ee <wb> s a u q d a r a <wb> a n a ee <wb> m a dh a u r a <wb> ph a lx a <wb> p a aa k a ee <wb> ee w a ii <wb> w y a w a s t aa <wb> k a r a ii <wb> ch a ee <wb> a n a ee <wb> aa k a aa sh a m a aa q <wb> a d d a bh u t a <wb> s ou n d a r y a <wb> p aa th a r y u mq <wb> ch a ee
gujarati_female_007384|p aa d a r a n ii <wb> sh o bh aa m aa mq <wb> kh aa s o <wb> w a dh a aa r a o <wb> k a r a t a ii <wb> ee <wb> n a i sh a aa lx a <wb> aa j a ee y a <wb> u j j a dx a <wb> p aa d a r ee <wb> n a t a sh i r ee <wb> a d a b a th ii <wb> uu bh a ii <wb> ch a ee
gujarati_female_007403|a n a ee <wb> g aa j y aa <wb> m ee h a <wb> w a r a s a t aa <wb> n a th a ii <wb> t a ee m a j a <wb> bh a s a t aa <wb> k uu t a r aa <wb> k a r a dx a t aa <wb> n a th a ii <wb> ee <wb> k a h ee w a t a <wb> p a aa ch a lx a <wb> p a nx a <wb> aa <wb> j a <wb> h a ee t a u <wb> ch u p aa y ee l o <wb> ch a ee
gujarati_female_007409|n aa s ii k a n ii <wb> dx ee n tx a l a <wb> k a o l a ee j a n a aa <wb> ph a k a t a <wb> ee k a w a ii s a <wb> w a r a sx a n a ii <wb> uu mq m a r a n aa <wb> s a m ii r a <wb> j a ei n a <wb> p a nx a <wb> y a u w a aa <wb> sh o dh a k a n ii <wb> u p a l ii <wb> h a r o l a m aa mq <wb> ch a ee
gujarati_female_007410|t a ee <wb> s a aa c a ii <wb> w a aa t a <wb> ch a ee <wb> k a ee <wb> t a ee n a ee <wb> k a y a aa r a ee k a <wb> g a u s a s a o <wb> c a dxh a ee <wb> c ii dx a <wb> c a dxh a ee <wb> a nx a g a m o <wb> p a ee d a aa <wb> th a aa y a <wb> p a nx a <wb> aa w a u q <wb> b a n a ee <wb> t a y a aa r a ee <wb> t a ee nx a ee <wb> t a r a t a <wb> s a m a t u l a n aa <wb> p a r a aa p a t a <wb> k a r a w a aa n a ii <wb> t a r a ee w a dx a <wb> k ee lx a w a w ii <wb> j a o ii y a ee
gujarati_female_007412|a m a ee <wb> l a o k a o ee <wb> ee k a b a ii j a aa n a ee <wb> g a o lx a <wb> kh a w a dx aa w ii n ee <wb> t a y a aa s a ii <wb> n a aa <wb> w a r a l a dx a k a p a n a ii <wb> j ii t a n u mq <wb> s a ee l a i b a r a ee sh a n a <wb> k a r a y a u q <wb> h a t a u
gujarati_female_007414|n aa g a p u r a <wb> a n a ee <wb> w a dx a o d a r a aa <wb> j a ee w a aa <wb> sh a h a ee r a o <wb> k a r a m a sh a hq <wb> w a dh aa r ee n ee <wb> w a dh a aa r a ee <wb> w i s t a r ii <wb> r a h a y a aa <wb> ch a ee
gujarati_female_007415|w rq k sx a n ii <wb> c o t a r a ph a <wb> ee k a <wb> s u g a mq dh a n u mq <wb> gh a tx a tx a <wb> w a aa d a lx a <wb> w ii mq tx a lx aa y ee l u mq <wb> r a h a ee <wb> ch a ee
gujarati_female_007418|o g a nx a ii s a o <wb> ch a n a n a u q <wb> n a ii <wb> s a aa l a m a aa q <wb> bh a aa r a t a <wb> w a t ii <wb> tx a ee s a tx a <wb> k a r a i k a ee tx a m a aa q <wb> p a d aa r p a nx a <wb> k a r a y a u q <wb> t a y a aa r a ee <wb> j a ee n a ii <wb> k a l a p a n a aa <wb> p a nx a <wb> n a h a ii q <wb> k a r a ii <wb> h a o y a <wb> t a ee w a ii <wb> w a i r a l a <wb> s a i d a dh a i o <wb> t a ee n a ee <wb> p a r a aa p a t a <wb> th a i <wb> h a t a ii
gujarati_female_007428|ee k a <wb> s a s a l aa n ee <wb> aa w a ii <wb> dh a m a k ii bh a r ii <wb> w a aa t a <wb> k a r a t a o <wb> s a aa q bh a lx a ii n a ee <wb> h aa th ii o n aa <wb> r a aa j a aa n a ee <wb> n a w a aa ii <wb> l a aa g a ii
gujarati_female_007431|p a o l a ii s a ee <wb> l a o k a o <wb> p a r a <wb> kh u l l o <wb> g o lx ii b aa r a <wb> k a r a t a aa q <wb> l a o k a o m a aa q <wb> r o sx a <wb> bh a bh uu k ii <wb> uu txh a y o <wb> h a t a o
gujarati_female_007441|w a r u <wb> j a ee w a u q <wb> k uu d ii n ee <wb> p ee tx ii m aa mq <wb> p a dx a y a u q <wb> ee w a u q <wb> j a <wb> s a s a l aa ee <wb> p ee tx ii n u mq <wb> dxh aa mq k a nx u mq <wb> dh a dx aa m a <wb> k a r a t a u q <wb> b a q dh a <wb> k a r a ii <wb> d a ii dh a u q <wb> a n a ee <wb> kh a mq bh aa t ii <wb> t aa lx u mq <wb> l a g a aa w a ii <wb> d a ii dh a u q
gujarati_female_007442|w ee c a n aa r a <wb> y a u w a aa n a n a aa <wb> g aa l ee <wb> m ii txh aa mq <wb> kh a mq j a n a <wb> p a dx a ee <wb> ch a ee
