marathi_female_000000|t a y a aa q n a aa <wb> ee k a <wb> s a u q d a r a <wb> s a t a r a ii <wb> r aa j a w aa dx y aa t uu n a <wb> b a aa h a ee r a <wb> p a dx a t a aa q n a aa <wb> d a i s a l a ii
marathi_female_000008|t a y a aa n a q t a r a <wb> t a y a aa c a y a aa <wb> p a aa txh a o p a aa txh a <wb> t a i s a r a aa <wb> p a u r a u sx a <wb> y a sh a <wb> n a i gh a uu n a <wb> g a ee l a aa
marathi_female_000010|t a ee w a h a aa <wb> r a aa j a aa n a ee <wb> t a y a aa l a aa h a ii <wb> h a aa t a <wb> j a o dx a uu n a <wb> n a m a r a p a nx a ee <wb> t a y a aa c a ee <wb> n a aa w a <wb> w a i c a aa r a l a ee
marathi_female_000011|t a o <wb> p a u r a u sx a <wb> m a h a nx a aa l a aa <wb> m a aa jh a ee <wb> n a aa w a <wb> s a d a aa c a aa r a
marathi_female_000015|r a aa j a aa c a ee <wb> h a ee <wb> b a o l a <wb> ei k a uu n a <wb> s a d a aa c a aa r a <wb> r aa j a w aa dx y aa t a c a <wb> th a aa q b a l a aa
marathi_female_000020|g a aa w a aa t a <wb> ee k a <wb> sh a q k a r a aa c a ii <wb> p i mq dx ii <wb> h a o t a ii <wb> t a y a aa c a aa <wb> ee k a <wb> p u j aa r ii <wb> h a o t a aa
marathi_female_000030|ee k a <wb> g a rq h a s a th a <wb> m a h a aa t a aa r a p a nx a aa m a u lx a ee <wb> b a r a aa c a <wb> th a k a l aa <wb> h a o t a aa
marathi_female_000032|t a y a aa n a ee <wb> aa p a l a y a aa <wb> m a u l a aa q n a aa <wb> b a r a aa c a <wb> u p a d a ee sh a <wb> k a ee l a aa <wb> p a nx a <wb> u p a dx y aa <wb> gh a dx y aa w a r a <wb> p a aa nx a ii
marathi_female_000035|t a y a aa <wb> g rq h a s th aa n ee <wb> t y aa mq c y aa p ei k ii <wb> p a r a t a y a ee k a aa l a aa <wb> aa p a aa p a l a ii <wb> k a aa txh a ii <wb> m o dx a nx y aa s a <wb> s a aa q g a i t a l a ee
marathi_female_000042|w a dx a ii l a <wb> ee w a dxh a ee c a <wb> b a o l a l a ee <wb> p a nx a <wb> t a ee <wb> s a uu j a nj a <wb> m a u l a g a ee <wb> s a m a j aa y a c ee <wb> t a ee <wb> s a m a j a l a ee
marathi_female_000047|t a y a aa q n a aa <wb> p a r a sh a n a <wb> p a dx a t a o <wb> r a th aa t ii l a <wb> d a ee w a aa l a aa <wb> d a u s a y a aa <wb> g a aa w a aa l a aa <wb> k a s a ee <wb> p o h o c a w aa y a c ee
marathi_female_000049|m a aa r a g a aa t a <wb> m a dh a y a ee c a <wb> bh aa w i k aa mq n aa <wb> k a c a r a aa <wb> kh aa nx aa r ee <wb> ee k a <wb> g a aa dxh a w a <wb> d a i s a t a ee
marathi_female_000051|r a ee sh a m a ii <wb> w a s a t a r a <wb> gh a aa l a uu n a <wb> s a j a w a t aa t a <wb> aa nx a i <wb> t a y a aa w a r a <wb> d a ee w a aa l a aa <wb> b a s a w a t aa t a
marathi_female_000061|h a ee <wb> p a aa h a uu n a <wb> bh aa w i k a <wb> bh a dx a k a t aa t a <wb> aa nx a i <wb> g a aa dxh a w a aa l a aa <wb> dh o p a tx a t aa t a
marathi_female_000069|sh a ee w a tx a ii <wb> t a o <wb> m a aa nx a uu s a <wb> m a h a aa t a aa r a aa <wb> jh a aa l a aa
marathi_female_000073|p a r a t a y a ee k a aa c a y a aa <wb> j a ii w a n a aa t a <wb> ee k a d a aa <wb> t a r a ii <wb> p a r a ii s a <wb> y a ee t a <wb> a s a t a o
marathi_female_000075|k a o nx a t a y a aa <wb> n a aa <wb> k a o nx a t a y a aa <wb> r a uu p a aa t a <wb> t a o <wb> aa p a l a y a aa l a aa <wb> bh a ee tx a t a <wb> a s a t a o <wb> aa nx a i <wb> aa p a l y aa t a l y aa <wb> l o kh a mq dx aa c ee <wb> s a o n a ee <wb> k a r a ii t a <wb> a s a t a o
marathi_female_000078|m a u q b a ii <wb> k a dh a ii h a ii <wb> n a <wb> jh a o p a nx a aa r a <wb> sh a h a r a <wb> p a nx a <wb> i th a ee <wb> s a u d a dh a aa <wb> m a n a m a o h a k a <wb> s a k a aa lx a <wb> r a o j a <wb> h a o t a ee <wb> b a r a <wb> k a aa
marathi_female_000080|k a aa l a <wb> r a aa t a r a ii <wb> ee k a aa <wb> m i t r aa n ee <wb> s a k a aa lx a ii <wb> bh a ee tx a nx a y a aa c a q <wb> w a c a n a <wb> m a aa jh a y a aa k a dx a uu n a <wb> gh ee t a l a <wb> h a o t a <wb> t y aa l aa c a <wb> bh a ee tx a nx a y a aa s a aa txh a ii <wb> m a h a nx a uu n a <wb> m a ii <wb> gh a r a aa b a aa h a ee r a <wb> p a dx a l a o
marathi_female_000084|m a i n a i tx a aa l a aa <wb> sh a q bh a r a <wb> p aa w a l a <wb> a s a aa <wb> i th a ee <wb> n a i y a m a <wb> a s a t a o <wb> h a ee <wb> w a aa k a y a <wb> kh a r a c a <wb> aa h a ee <wb> h a ee <wb> t a y a aa <wb> d a i w a sh a ii <wb> m a ii <wb> p a r a t a y a k a sx a <wb> a n u bh a w a l a mq
marathi_female_000086|p a nx a <wb> m a aa g a ee <wb> w a lx a uu n a <wb> p a aa h a nx a y a aa c a y a aa <wb> a g a o d a r a c a <wb> k a o nx a ii t a r a ii <wb> m aa gh uu n a <wb> dx a o lx a ee <wb> g a c a c a <wb> p a k a dx a l a ee
marathi_female_000088|dx o lx y aa mq w a r a c aa <wb> h a aa th a <wb> a l a g a d a <wb> s a r a k a l aa <wb> t a ii <wb> w a y a k a t a ii <wb> d rq sx tx ii k sx ee p aa t a <wb> aa l a ii
marathi_female_000095|sh a ee w a tx a ii <wb> m a l a aa <wb> k a l a ee j a <wb> l a aa <wb> u sh a ii r a <wb> h o t o y a <wb> aa p a nx a <wb> u d a y a aa <wb> p a u n a h a aa <wb> i th a ee c a <wb> bh a ee tx a uu <wb> a s a <wb> b a o l a uu n a <wb> t a ii <wb> n a i gh a uu n a <wb> g a ee l a ii
marathi_female_000096|p a r a t a y a k a sx a <wb> d a h a aa <wb> m a i n a i tx a q <wb> m a aa jh a y a aa <wb> p a u dxh a ee <wb> u bh a ii <wb> r a aa h a uu n a <wb> m a l a aa <wb> ee k a h a ii <wb> sh a b a d a <wb> b a o l a uu <wb> n a <wb> d a ee nx a aa y a aa <wb> t a y a aa <wb> a n a o lx a kh a ii <wb> m a u l a ii l a aa
marathi_female_000102|r a mq g aa n ee <wb> g a o r a aa <wb> p a r s a n ei l i tx ii <wb> k a i <wb> m a h a nx a t a aa t a <wb> t a ii <wb> kh a uu p a <wb> ch a aa n a <wb> h a o t a ii
marathi_female_000117|dx a o lx a y a aa t a l a ee <wb> p a aa nx a ii <wb> a l a g a d a <wb> r u m aa l aa n ee <wb> tx a i p a l a ee
marathi_female_000128|p a r a w aa c a <wb> ee k a aa <wb> s ph o tx aa t a <wb> m ee l o <wb> p a h a i l a y a aa c a <wb> jh a tx a k a y a aa t a <wb> s w a r g aa t a <wb> g a ee l a o
marathi_female_000139|m a aa n a <wb> w a r a <wb> k a r a aa y a c a ii <wb> m a aa jh a ii <wb> h i m m a t a <wb> h a o t a <wb> n a w a h a t a ii <wb> m a h a aa r a aa j a aa q c a ii <wb> n a j a r a <wb> m aa jh y aa w a r u n a <wb> dxh a lx a t a <wb> n a w a h a t a ii
marathi_female_000144|h a ee <wb> s a g a lx a ee <wb> ei k u n a <wb> m a h a aa r a aa j a aa q c a y a aa <wb> g aa l aa mq c ee <wb> k a l l ee <wb> th a r a aa r a l a ee
marathi_female_000147|p a aa y a <wb> l a tx a p a tx a l ee <wb> m a l a aa <wb> w a aa tx a l a ee <wb> aa t a aa <wb> k a mq b a kh t i <wb> bh a r a l a ii <wb> m a h a nx a u n a <wb> s a m a j a
marathi_female_000155|t a y a aa l a aa <wb> m uu t o dx a <wb> j a w aa b a <wb> d ee w uu n a <wb> t a s a aa c a <wb> p a u dxh a ee <wb> n a i gh a aa l a o
marathi_female_000163|s a r a w a <wb> j ii w aa mq m a dh y ee <wb> m aa n a w aa l aa <wb> s a r a w a aa t a <wb> sh a r a ee sx a txh a <wb> b a n a w a l a mq <wb> p a nx a <wb> y a aa <wb> m aa nx a s aa n ee c a <wb> aa j a <wb> m aa nx a s aa t ii l a <wb> m aa nx u s a p a nx a <wb> n a sx a tx a <wb> k a ee l a q
marathi_female_000165|b a o l a uu n a <wb> b a o l a uu n a <wb> th a k a l ee <wb> aa nx a i <wb> jh a aa l a ee <wb> s a g a lx a ee <wb> sh a aa q t a
marathi_female_000180|bh a aa r a t a aa t a ii l a <wb> s a r a w a aa t a <wb> m a o txh a y a aa <wb> m a h aa w i d y aa l a y aa t ii l a <wb> m u kh y aa dh y aa p a k aa k a dx ee <wb> n a o k a r a ii <wb> m a aa g a nx a y a aa s a aa txh a ii <wb> g a ee l a aa
marathi_female_000189|aa p a l a y a aa <wb> bh a aa r a t a <wb> d a ee sh a aa c a ee <wb> w a <wb> bh a aa r a t a <wb> w aa s i y aa mq c ee <wb> bh a w i t a w y a <wb> gh a dx a w a nx y aa s aa txh ii <wb> s a u d a dh a aa <wb> u c a c a sh a i k a sx a i t a <wb> l a o k a aa q c a ii <wb> g a r a j a <wb> aa h a ee
marathi_female_000197|j a y a aa <wb> w a ee lx a ii <wb> t a o <wb> h a ee <wb> r a aa g a aa n a ee <wb> s a aa q g a t a <wb> h a o t a aa <wb> t a y a aa <wb> w a ee lx a ii <wb> g a u r a u <wb> aa n a q d a aa n a ee <wb> p a r a m aa t m y aa l aa <wb> s a aa q g a t a <wb> h a o t a ee
marathi_female_000202|aa t a aa <wb> aa m a h a ii <wb> jh a o p a t a aa q n a aa <wb> c a mq d r a h ii <wb> b a gh a uu <wb> sh a k a t a o
marathi_female_000225|t a y a aa m a u lx a ee <wb> m a aa jh a aa <wb> w a y a aa p a aa r a <wb> c a aa q g a l a aa <wb> h a o ii l a
marathi_female_000232|r a aa j a aa n a ee <wb> sh ee txh a j ii mq c ii <wb> k a aa n a <wb> u gh a dx a nx ii <wb> k a ee l a ii <wb> k a ii <wb> w a aa ii tx a <wb> w i c aa r aa mq p ee k sx aa <wb> m a n a aa t a <wb> c a aa q g a l a ee <wb> w a i c a aa r a <wb> aa nx aa w ee
marathi_female_000238|h a ee <wb> ei k a uu n a <wb> w a dx a i l a aa q n a ii <wb> m a u l a aa l a aa <wb> gh a o dx a y a aa w a r a <wb> b a s a w a l ee <wb> aa nx a i <wb> aa p a nx a <wb> p a aa y a ii <wb> c a aa l a uu <wb> l a aa g a l a ee
marathi_female_000251|t a o <wb> p r a t i bh aa w aa n a <wb> aa nx a i <wb> s uu k sx m a d a r sh ii <wb> w i d w aa n a h ii <wb> h a o t a aa
marathi_female_000284|aa p a l a y a aa <wb> r a aa j a dh a aa n a ii c a y a aa <wb> j a w a lx a c a <wb> r aa n aa m a dh y ee <wb> ee k a aa <wb> jh a o p a dx a ii t a <wb> aa t m aa n a mq d a <wb> m a h a aa r a aa j a <wb> r a aa h a t a aa t a
marathi_female_000287|p a r a dh a aa n a <wb> aa t m aa n a mq d a <wb> m a h aa r aa j aa mq k a dx ee <wb> g a ee l a aa
marathi_female_000293|sh a ee w a tx a ii <wb> r a aa j a aa <wb> a dh y aa t m a <wb> sh a i k a nx a y a aa s a aa txh a ii <wb> aa t m aa n a mq d aa mq c y aa <wb> jh a o p a dx a ii t a <wb> y a aa y a l a aa <wb> s a i d a dh a <wb> jh a aa l a aa
marathi_female_000296|t y aa l aa w aa tx a l ee <wb> m a h a aa r a aa j a <wb> t a y a aa c a y a aa <wb> s w aa g a t aa l aa <wb> b a aa h a ee r a <wb> y a ee t a ii l a
marathi_female_000297|aa t m aa n a mq d a <wb> m a h a aa r a aa j a aa q n a ii <wb> p r a dh aa n aa l aa <wb> s a aa q g a i t a l a ee <wb> r a aa j a aa q n a aa <wb> gh a ee uu n a <wb> aa p a nx a <wb> m a aa jh a y a aa <wb> kh a o l a ii t a <wb> y a aa
marathi_female_000331|t a y a aa <wb> w a ee lx a ii <wb> k rq sx nx a r aa w a <wb> k a aa h a ii c a <wb> b a o l a l a aa <wb> n a aa h a ii <wb> t a y a aa m a u lx a ee <wb> i t a r a aa q n a aa <wb> t a y a aa c a ee <wb> m a o txh a ee <wb> aa sh a c a r a y a <wb> w a aa tx a l a ee
marathi_female_000358|ee k a ee <wb> d a i w a sh a ii <wb> t a y a aa l a aa <wb> r a h aa w a l ee <wb> n a aa h a ii <wb> t a y a aa n a ee <wb> r a dx a t a <wb> r a dx a t a <wb> aa p a l a ii <wb> bh a ii t a ii <wb> aa p a l a y a aa <wb> aa ii l a aa <wb> s a aa q g a i t a l a ii
marathi_female_000362|j a tx ii l a c y aa <wb> p a aa txh a ii w a r a uu n a <wb> p a r a ee m a aa n a ee <wb> h a aa t a <wb> ph a i r a w a t a <wb> t a ii <wb> t a y a aa l a aa <wb> m a h a nx a aa l a ii <wb> y a aa <wb> j a g a aa t a <wb> j a y a aa l a aa <wb> k a o nx a ii <wb> n a aa h a ii <wb> t a y a aa l a aa <wb> d ee w a c a <wb> s a aa q bh a aa lx a t a o <wb> t a y a aa c a ee <wb> r a k a sx a nx a <wb> k a r a t a o
marathi_female_000364|t a u l a aa <wb> bh a ii t a ii <wb> w a aa tx a l a ii <wb> t a r a <wb> t a y a aa l a aa <wb> h a aa k a <wb> m a aa r a <wb> t a o c a <wb> t a u l a aa <wb> s a o b a t a <wb> k a r a ii l a
marathi_female_000365|l a h aa n a g y aa <wb> j a tx ii l a c aa <wb> aa p a l a y a aa <wb> aa ii c a y a aa <wb> b a o l a nx a y a aa w a r a <wb> w a i sh a w a aa s a <wb> b a s a l a aa
marathi_female_000373|t a y a aa c a y a aa <wb> aa ii l a aa <wb> h a ii <wb> g a o sx a tx a <wb> txh a aa uu k a <wb> n a w a h a t a ii
marathi_female_000377|t a ee <wb> ei k a uu n a <wb> j a tx ii l a l aa <wb> p a r a sh a n a <wb> p a dx a l a aa
marathi_female_000379|t a y a aa n a ee <wb> aa p a l a ii <wb> w a y a th a aa <wb> g o p aa lx a d aa d aa l aa <wb> s a aa q g a i t a l a ii
marathi_female_000388|d a ee w a <wb> sh r a d dh aa w a mq t aa mq n aa c a <wb> bh a ee tx a t a o <wb> h a ee c a <wb> kh a r a ee
marathi_female_000391|t a y a aa c a ee <wb> r aa m a n aa m a <wb> s a t a t a <wb> c a aa l a uu <wb> a s a ee
marathi_female_000393|t a o <wb> r a aa n a aa t a uu n a <wb> j a aa t a <wb> a s a t aa mq n aa <wb> t a y a aa l a aa <wb> l u b aa dx a nx y aa s aa txh ii <wb> d a o n a <wb> c a o r a <wb> t a y a aa c a y a aa <wb> p aa txh ii <wb> l a aa g a l a ee
marathi_female_000395|p a aa c a <wb> gh a mq tx y aa mq n a mq t a r a <wb> d a u s a r a ee <wb> sh a h a r a <wb> j a w a lx a <wb> aa l a ee <wb> t a y a aa <wb> w a ee lx a ii <wb> d a o n a h a ii <wb> c a o r a <wb> t y aa g a r aa j a c y aa <wb> p a aa y a aa <wb> p a dx a l a ee
marathi_female_000398|p a nx a <wb> t a u m a c a y a aa <wb> d a o n a h a ii <wb> b a aa j a uu q n a aa <wb> t a u m a c a ee <wb> r a k sx a k a <wb> a s a l a y a aa n a ee <wb> aa m a h a ii <wb> t a u m a h a aa l a aa <wb> k a aa h a ii c a <wb> k a r a uu <wb> sh a k a l a o <wb> n a aa h a ii
marathi_female_000402|m a h a nx a uu n a <wb> aa m a h a ii <wb> t a u m a h a aa l a aa <wb> n a m a s a k a aa r a <wb> k a r a t a <wb> aa h a o t a
marathi_female_000417|i t a k a y a aa t a <wb> n aa r aa y a nx a <wb> n aa r aa y a nx a <wb> a s a ee <wb> m a h a nx a t a <wb> n aa r a d a m u n ii mq c ii <wb> s a w a aa r a ii <wb> t a ee th a ee <wb> aa l a ii
marathi_female_000427|p a nx a <wb> m a ii <wb> t a y a aa q c a y a aa w a r a <wb> a g a d a ii <wb> m u l aa mq s aa r a kh a <wb> p a r a ee m a <wb> k a r a t a ee <wb> y a aa q c a aa <wb> m a ii <wb> p r a t i p aa lx a <wb> k a r a t a ee
marathi_female_000431|aa m a c a ii <wb> m a h a nx a j a ee c a <wb> bh a k a t a ii <wb> j a nj a aa n a <wb> w ei r aa g y a <wb> y a aa q c a ii <wb> t a y a aa q n a aa <wb> p a r a w a aa c a <wb> r a aa h a i l a ii <wb> n a aa h a ii
marathi_female_000435|h a y a aa <wb> k a l i y u g aa t a <wb> l a o k a aa q n a ii <wb> t a y a aa <wb> th a o r a <wb> m u k t ii l aa c a <wb> w ei k u mq txh aa t a <wb> p a aa txh a w a uu n a <wb> d a i l a q
marathi_female_000442|m a h a aa r a aa sx a tx a r a <wb> h a ee <wb> kh a r a c a q <wb> m a h aa n <wb> r a aa sx a tx a r a <wb> w a aa tx a l a q <wb> aa m a h a aa l a aa
marathi_female_000445|dxh o mq g ii <wb> w ei r aa g y aa c a mq <wb> s t o m a <wb> t a y a aa q n a ii <wb> m aa j a w i l a mq <wb> aa nx a i <wb> d aa mq bh i k a <wb> bh a k a t a ii c a y a aa <wb> a w a dx a mq b a r aa c a mq <wb> p a r a d a r a sh a n a <wb> s a u r a uu <wb> jh a aa l a q
marathi_female_000451|bh a g a w a aa n a <wb> sh a r a ii k a rq sx a nx a aa c a y a aa <wb> w aa s t a w y aa n a mq <wb> p a w a i t a r a <wb> jh a aa l a ee l a aa <wb> h a aa <wb> p a r a d a ee sh a <wb> p a nx a <wb> i th a h ii <wb> t a o c a <wb> p a r a k a aa r a
marathi_female_000456|n aa r a d a m u n ii <wb> aa p a nx a <wb> aa l aa t a <wb> ch a aa n a <wb> jh a aa l a q <wb> aa t a aa <wb> t a u m a h a ii c a <wb> m a l a aa <wb> m a aa r a g a <wb> d a aa kh a w a aa <wb> aa m a c a q <wb> s a q k a tx a <wb> n a i w a aa r a nx a <wb> k a r a aa
marathi_female_000460|n aa r a d a m u n ii <wb> m a h a nx a aa l a ee <wb> bh a k t ii d ee w ii <wb> k a l i y u g aa c y aa <wb> p r a bh aa w aa n a mq <wb> t a u m a h a aa <wb> t i gh aa mq c ii <wb> h a ii <wb> d u r d a sh aa <wb> jh a aa l a ii <wb> aa h a ee <wb> h a ee <wb> kh a r a q <wb> aa h a ee
marathi_female_000469|t a y a aa q c a y a aa <wb> k rq p aa p r a y a t n aa n a mq <wb> t a u m a h a aa <wb> bh a k a t a ii <wb> j a nj a aa n a <wb> w ei r aa g y a <wb> y a aa q n a aa <wb> p a u n a h a aa <wb> s a u kh a aa c a ee <wb> d a i w a s a <wb> y a ee t a ii l a
marathi_female_000472|p a nx a <wb> bh a k a t a ii <wb> m a h a nx a aa l a ii <wb> m a ii <wb> sh a aa q t a <wb> r a aa h a t a ee <wb> p a nx a <wb> h a ee <wb> j a nj a aa n a <wb> aa nx a i <wb> w ei r aa g y a <wb> m rq t y u p a mq th aa l aa <wb> l a aa g a l a ee <wb> aa h a ee t a
marathi_female_000473|k a rq p a aa <wb> k a r a u n a <wb> y aa mq c y aa t a <wb> c ei t a n y a <wb> aa nx aa <wb> y a aa q n a aa <wb> s a q j a ii w a n a <wb> d a y a aa
marathi_female_000489|k a ou sh a i k a ii <wb> n a d a ii c a y a aa <wb> t a ii r a aa w a r a <wb> a t a y a q t a <wb> r a m a nx a ii y a <wb> a sh a aa <wb> n i s a r g a s u mq d a r a <wb> txh a i k a aa nx a ii <wb> sh a m ii k a <wb> rq sx a ii q c a aa <wb> aa sh a r a m a <wb> h a o t a aa
marathi_female_000494|sh a m ii k a <wb> rq sx a ii <wb> m a aa t a r a <wb> dh a y a aa n a <wb> dh aa r a nx ee t a <wb> m a g a n a <wb> h a o uu n a <wb> aa sh r a m aa t a c a <wb> b a s a l a ee <wb> h a o t a ee
marathi_female_000504|r a aa j a aa l a aa <wb> aa sh a c a r a y a <wb> w a aa tx a l a ee <wb> t a th a aa p a i <wb> t a h aa n ee n ee <wb> t a o <wb> w y aa k u lx a <wb> jh a aa l a aa <wb> h a o t a aa
marathi_female_000505|t a o <wb> aa sh a r a m a aa t a <wb> p a aa nx a ii <wb> sh o dh uu <wb> l a aa g a l a aa
marathi_female_000506|t a o c a <wb> s a m a o r a <wb> s a w a t a <wb> sh a m ii k a <wb> rq sx a ii <wb> b a s a l a ee l a ee <wb> t a y a aa l a aa <wb> d a i s a l a ee <wb> t a y a aa l a aa <wb> aa n a q d a <wb> jh a aa l a aa
marathi_female_000514|p a aa y a <wb> aa p a tx ii t a c a <wb> t a o <wb> aa sh r a m aa b aa h ee r a <wb> aa l a aa <wb> r a aa g a aa n a ee <wb> t a o <wb> t a nx a t a nx a t a <wb> h a o t a aa
marathi_female_000518|t a y a aa q n a ii <wb> sh rq mq g ii l aa <wb> t a ii <wb> w a aa r a t a aa <wb> s a aa q g a i t a l a ii <wb> t a ee w a h a aa <wb> sh rq mq g ii <wb> m a h a nx a aa l a aa <wb> m i t r aa mq n o <wb> aa t a aa <wb> aa p a nx a <wb> aa sh a r a m a aa t a <wb> j a aa uu <wb> y a aa
marathi_female_000537|t a y a aa c a ee <wb> aa d a r aa t i th y a <wb> y a ee th a ee <wb> n a <wb> jh aa l y aa m u lx ee c a <wb> t a o <wb> r aa g aa w a l aa <wb> a s a ee l a
marathi_female_000541|d u s a y aa mq n ii d i l ee l ee d u kh a <wb> ph ee dx aa y a c ee <wb> n a s a t a ee <wb> t a ee <wb> s o s aa y a c ee <wb> a s a t a ee <wb> y a aa t a c a <wb> aa p a l a aa <wb> m o txh ee p a nx aa <wb> aa h a ee
marathi_female_000558|p a r i k sx i t ii <wb> r a aa j a aa n a ee <wb> y o j a l ee l y aa <wb> t a y a aa <wb> bh a aa g a w a t a <wb> s a p t aa h aa c ii <wb> w a aa r a t a aa <wb> ei k a uu n a <wb> k sx a m aa sh ii l a <wb> sh a m ii k a <wb> rq sx a ii q n a aa <wb> aa n a q d a <wb> jh a aa l a aa
marathi_female_000588|n a u k a t a ee c a <wb> s a n a aa n a <wb> aa tx a o p a uu n a <wb> bh a s a m a <wb> l a aa w a l a ee l a ee <wb> aa nx a i <wb> l aa mq b a s a dx a k a <wb> k a ee s a <wb> p a aa txh a ii w a r a <wb> m o k a lx ee <wb> s o dx a l ee l ee <wb> a s a ee <wb> a n a ee k a <wb> t a ee j a s a w a ii <wb> k u m aa r a <wb> w a ee d a p a txh a nx a <wb> k a r a ii t a <wb> h a o t a ee
marathi_female_000590|s a t y a k aa m a <wb> bh ii t a bh ii t a <wb> p a u dxh a ee <wb> aa l a aa
marathi_female_000593|i t a k a y a aa t a <wb> g ou t a m aa mq n ii <wb> aa p a l a ee <wb> dx a o lx a ee <wb> u gh a dx a l a ee <wb> aa nx a i <wb> sh a aa q t a p a nx a ee <wb> s a g a lx a ii k a dx a ee <wb> n a j a r a <wb> ph i r a w i l ii
marathi_female_000594|ee k a aa <wb> k a sx a nx a aa t a <wb> j i k a dx ee <wb> t a i k a dx a ee <wb> sh a aa q t a <wb> jh a aa l a ee
marathi_female_000605|j a o <wb> kh a r a ee <wb> b a o l a t a o <wb> t a y a aa l a aa <wb> m a ii <wb> b r aa h m a nx a c a <wb> s a m a j a t a o
marathi_female_000611|sh i sx y aa mq n ii <wb> t a y a aa q c a ii <wb> c a aa q g a l a ii <wb> k a aa lx a j a ii <wb> gh a ee t a l a ii <wb> n a s a aa w a ii <wb> t a y a aa q c a ee <wb> s a aa r a ee <wb> l a k a sx a <wb> w a ee d a <wb> gh o k a nx y aa t a <wb> h a o t a ee
marathi_female_000626|w a aa tx a ee t a <wb> s a q dh a y a aa k a aa lx a <wb> jh a aa l a ii <wb> t a ee w a h a aa <wb> t a y a aa n a ee <wb> g aa y ii <wb> b a aa q dh a l a y a aa <wb> a g a n a ii <wb> p ee tx a w i l aa <wb> w a <wb> t a o <wb> t a y a aa t a <wb> s a m i dh aa <wb> tx a aa k a uu <wb> l a aa g a l a aa
marathi_female_000639|p a r a t a y a ee k a <wb> p r aa nx y aa t a <wb> ii sh w a r aa c aa <wb> h a aa <wb> a q sh a <wb> a s a t a o
marathi_female_000649|i t a k a ii <wb> w a r a sx a ee <wb> w a ee d a <wb> gh o k uu n a h ii <wb> t a y a aa q n a aa <wb> i t a k a ee <wb> j a nj a aa n a <wb> jh a aa l a ee l a ee <wb> n a w a h a t a ee
marathi_female_000650|p a u dxh a ee <wb> s a t y a k aa m a <wb> m a o txh a aa <wb> p r a kh y aa t a <wb> rq sx a ii <wb> jh a aa l a aa <wb> aa nx a i <wb> t a y a aa c a y a aa j a w a lx a <wb> sh a i k a uu n a <wb> p a u sx a k a lx a <wb> sh a i sx a y a <wb> j a nj a aa n a ii <wb> jh a aa l a ee
marathi_female_000686|b a aa r a aa <wb> w a r a sx a aa q n a ii <wb> p a r a t a <wb> aa l a y a aa w a r a <wb> t a y a aa l a aa <wb> d a i s a uu n a <wb> aa l a ee
marathi_female_000689|n aa bh aa l aa <wb> w a dx a ii l a <wb> bh aa w aa mq n ii <wb> k a aa h a ii <wb> n a <wb> d a ee t a aa <wb> dh a u dx a k a aa w a uu n a <wb> l a aa w a l a ee
marathi_female_000692|i th a uu n a <wb> j a w a lx a c a <wb> a mq g i r a s a <wb> rq sx a ii q n a ii <wb> y a j a nj a <wb> c aa l a w i l aa <wb> aa h a ee
marathi_female_000695|t a y a aa q n a aa <wb> k a o nx a t a ee <wb> m a mq t r a <wb> h a w a ee <wb> aa h a ee t a <wb> t a ee <wb> m a ii <wb> t a u l a aa <wb> sh i k a w a t o <wb> t a uu <wb> j a aa uu n a <wb> t a y a aa q c a aa <wb> y a j a nj a <wb> p a u r a aa <wb> k a r a
marathi_female_000714|ee w a dxh a aa <wb> k a r a uu r a <wb> t a o <wb> p a nx a <wb> n aa bh aa c aa <wb> h i r a m o dx a <wb> p a aa h a uu n a <wb> t y aa c ee h ii <wb> m a n a <wb> w i r a gh a lx a l ee
marathi_female_000730|m a g a <wb> w i sx nx uu mq n ii <wb> m o h i n ii r uu p a <wb> gh a ee uu n a <wb> w a aa tx a p a <wb> s a u r a uu <wb> k a ee l a ee
marathi_female_000733|h a ee <wb> p a aa h a uu n a <wb> c a mq d r aa n ee <wb> w a i sx a nx a uu l a aa <wb> kh a uu nx a <wb> k a r a uu n a <wb> h a ee <wb> k a lx a w a l ee
marathi_female_000737|sh a mq k a r aa mq n ii h ii <wb> t r i sh uu lx a <wb> p a o tx a aa t a <wb> kh a u p a s a uu n a <wb> t a y a aa l a aa <wb> m a aa r a nx a y a aa c a aa <wb> p a r a y a t a n a <wb> k a ee l a aa
marathi_female_000744|u p aa s a n ee c y aa <wb> y o g aa n ee <wb> d a ee w a aa c a ii <wb> k a rq p a aa <wb> h a o uu n a <wb> j nj aa n a s a mq p a n n a t aa <wb> k a sh a ii <wb> y a ee t a ee
marathi_female_000745|t a s a ee c a <wb> aa t m a j nj aa n a <wb> h a o nx a y a aa l a aa <wb> s w a p r a y a t n aa mq c ii <wb> w a <wb> w i c aa r aa c ii <wb> aa w a sh a y a k a t a aa <wb> aa h a ee <wb> a s a ee <wb> y a aa w a r a uu n a <wb> s a p a sx a tx a <wb> h a o t a ee
marathi_female_000751|y a aa t a <wb> d ei t y aa mq c ee <wb> k a aa h a ii t a r a ii <wb> g a u p a t a <wb> k aa r a s th aa n a <wb> aa h a ee <wb> a s a aa <wb> s a q sh a y a <wb> t a y a aa q n a ii <wb> w i sx nx uu k a dx ee <wb> w a y a k a t a <wb> k a ee l a aa
marathi_female_000763|bh uu l o k a <wb> r a aa h a nx a aa r a <wb> n a aa h a ii <wb> h a ee <wb> t a r a i bh a u w a n a <wb> k a l p aa mq t aa p a r y a mq t a <wb> r a aa h a aa w a ee <wb> y a aa <wb> s a mq k a l p aa l aa <wb> b a aa dh a aa <wb> y a ee ii l a <wb> m a h a nx a uu n a <wb> d aa n a w aa mq c ee <wb> r a aa j a y a <wb> r a aa h a i l a ee <wb> p a aa h a i j a ee
marathi_female_000779|aa m a c a y a aa <wb> d aa r aa t a l aa <wb> k a dx uu n i mq b a <wb> kh a r a <wb> t a r a <wb> m a l a aa <wb> a j a i b a aa t a <wb> aa w a dx a t a <wb> n a aa h a ii
marathi_female_000791|aa p a l a y a aa <wb> s a g a lx a y a aa q n a aa <wb> a t t a r a <wb> kh a uu p a <wb> aa w a dx a t a ee
marathi_female_000795|gh a r a aa s a m a o r a <wb> b a aa g a ee t a <wb> sh a aa lx a ee t a <wb> k a u txh a ee h a ii <wb> p a nx a <wb> ee k a <wb> t a r a ii <wb> jh aa dx a mq <wb> l aa w aa y a c ee c a
marathi_female_000798|y a aa <wb> d a i w a s a aa l a aa <wb> g o w a t s a <wb> d w aa d a sh ii <wb> a s ee h ii <wb> m a h a nx a t a aa t a
marathi_female_000807|h a y a aa <wb> d a i w a sh a ii <wb> g a h uu <wb> m uu g a <wb> kh a aa t a <wb> n a aa h a ii t a
marathi_female_000810|dh a n a t r a y o d a sh ii <wb> y a aa <wb> s a nx aa m aa g ee <wb> ee k a <wb> m a n a o w a ee dh a k a <wb> k a th a aa <wb> aa h a ee
marathi_female_000827|t a ee w a h a aa <wb> t y aa t u n a <wb> d a ee w a ii <wb> l a k a sx a m a ii <wb> p a r a k a tx a <wb> jh a aa l a ii
marathi_female_000831|n a r a k a c a t u r d a sh ii <wb> w a <wb> l a k sx m ii p uu j a n a <wb> n a r a k a c a t u r d a sh ii <wb> h a aa <wb> d i p aa w a l ii t ii l a <wb> ee k a <wb> d a i w a s a <wb> aa h a ee
marathi_female_000852|p a aa dx a w a aa <wb> h a aa <wb> s a aa dx a ee t a ii n a <wb> m u h uu r t aa mq p ei k ii <wb> ee k a <wb> m a u h a uu r a t a <wb> aa h a ee
marathi_female_000853|aa r a th a i k a <wb> h i sh o b aa c y aa <wb> d a rq sx a tx a ii n a ee <wb> w a y a aa p a aa r a ii <wb> l a o k a <wb> d i w aa lx ii t ii l a <wb> p a aa dx a w a aa <wb> h a ii <wb> n a w a w a r sx aa c ii <wb> s a u r a u w a aa t a <wb> m a aa n a t a aa t a
marathi_female_000873|r a s a t a ee <wb> c a i kh a l a aa c a ee <wb> h a o t a aa t a <wb> p a aa uu s a <wb> p a aa nx a ii <wb> r a s a t a y a aa q w a r a <wb> w a aa h a t a ee
marathi_female_000876|p a aa uu s a <wb> sh ee t ii s aa txh ii <wb> u p a y a o g a ii <wb> aa h a ee
marathi_female_000884|m a r a aa txh a ii <wb> bh a aa sx a aa <wb> h a ii <wb> i s a w a ii <wb> s a n aa c y aa <wb> aa dh a ii h a ii <wb> h a o t a ii <wb> a s a ee <wb> s a i d a dh a <wb> k a r a nx a y a aa c a aa <wb> p a r a y a t a n a <wb> h a r a ii <wb> n a r a k ee <wb> k a r a i t a <wb> aa h a ee t a
marathi_female_000888|t y aa s aa txh ii c a <wb> w i dh ii n i sx ee dh a <wb> aa h a ee t a
marathi_female_000890|a j a uu n a h a ii <wb> aa m a c a y a aa <wb> p a w a i t a r a <wb> d a ee sh a aa t a <wb> g o w a mq sh a <wb> h a t y aa b a mq d ii <wb> h a o t a <wb> n a aa h a ii
marathi_female_000891|aa m a h a ii <wb> n a i dh a r a m a ii <wb> bh uu k a mq p aa m aa g uu n a <wb> bh a uu k a q p a <wb> aa nx a i <wb> d u sx k aa lx aa m aa g uu n a <wb> d a u sx a k a aa lx a <wb> y a aa q n a aa <wb> aa m a q t a r a nx a <wb> d a ee t a <wb> n a aa h a ii <wb> k a aa
marathi_female_000892|p a r a j a ee l a aa <wb> dh a r m aa c a r a nx a <wb> k a r a aa y a l a aa <wb> bh a aa g a <wb> p a aa dx a aa <wb> sh aa s a n aa c ee <wb> t a ee <wb> k a r a t a w a y a <wb> aa h a ee
marathi_female_000894|m a aa n a w a <wb> m a h a nx a j a ee <wb> n a i s a r a g a aa c a ee <wb> ee k a <wb> a mq g a c a <wb> aa h a ee
marathi_female_000902|k a aa h a ii h a ii <wb> jh a aa l a ee <wb> t a r a ii <wb> m aa n a w a t ee c y aa <wb> d a rq sx a tx a ii n a ee <wb> s a r a w a <wb> w a i k a s a i t a <wb> t a s a ee c a <wb> a w i k a s i t a <wb> r aa sx tx r aa mq n ii <wb> u sh a i r a aa <wb> k a aa <wb> h a o ii n a aa <wb> ee k a t a r a <wb> h a o uu n a <wb> t a y a aa w a i sx a y a ii <wb> w a i c a aa r a w a i n a i m a y a <wb> c a aa l a uu <wb> k a ee l a aa <wb> aa h a ee
marathi_female_000908|n a i s a r a g a aa t a ii l a <wb> p a mq c a m a h aa bh uu t aa mq m a dh y ee <wb> dxh a w a lx aa dxh a w a lx a <wb> k a r a uu n a <wb> s a q t a u l a n a <wb> b i gh a dx a l ee <wb> k a ii <wb> sh a aa r a ii r a i k a <wb> p a r a d a uu sx a nx a <wb> h a o t a ee
marathi_female_000918|j i w aa c ii <wb> p a r y aa w a r a nx aa sh ii <wb> ee k a r a uu p a t a aa <wb> s a aa dh a y a <wb> n a <wb> jh a aa l a y a aa m a u lx a ee <wb> m a aa n a s a i k a <wb> d a u sx a p a r a i nx a aa m a <wb> jh a aa l a ee <wb> aa h a ee t a
marathi_female_000921|jh aa dx aa mq c ee <wb> g o p a n ii y a <wb> j ii w a n a <wb> h a aa <wb> p ii tx a r a <wb> tx o m p a k i n s a <wb> aa nx a i <wb> k r i s tx o ph a r a <wb> b a r dx a <wb> y a aa <wb> sh aa s t r a j nj aa mq c aa <wb> g a r a q th a <wb> t a y a aa <wb> n i y a m aa mq c ee <wb> w i sh l ee sx a nx a <wb> k a r a uu n a <wb> t a ee <wb> s a i d a dh a <wb> k a r a t a o
marathi_female_000924|k r ou r y a <wb> aa s u r ii <wb> w a rq t a t a ii <wb> k a t t a l a kh aa n ee <wb> h a t y aa k aa mq dx a <wb> aa nx a i <wb> y a u d a dh a <wb> y a aa q c a aa <wb> bh uu k a mq p aa sh ii <wb> a t ii <wb> n i k a tx a c aa <wb> s a q b a q dh a <wb> aa h a ee
marathi_female_000932|r a aa t a r a ii c a y a aa <wb> w a ee lx a ii <wb> s a g a lx a y a aa q n a ii <wb> ee k a t a r a <wb> b a s a uu n a <wb> j ee w a nx ee <wb> h a ee <wb> t a u m a c a y a aa <wb> k a ou tx a u q b a i k a <wb> s a ou kh a y a aa s a aa txh a ii <wb> c a aa q g a l a ee <wb> aa h a ee
marathi_female_000937|a n a ee k a d a aa <wb> t a r a <wb> m a u l a ee <wb> u gh a dx a p a nx a ee <wb> s a aa q g a t a <wb> n a s a l a ii <wb> t a r a ii <wb> t a y a aa q n a aa <wb> a sh a aa <wb> w a ee lx a ii <wb> aa p a nx a <wb> aa p a l a y a aa <wb> p aa l a k aa mq c y aa <wb> ph a aa r a <wb> j a w a lx a <wb> a s a l a y a aa c a ee <wb> w a aa tx a t a ee <wb> t a y a aa m a u lx a ee <wb> j a ee w a nx a h a ii <wb> h a s a t a <wb> kh a ee lx a t a <wb> h a o t a ee
marathi_female_000944|s uu r y aa s t aa n a mq t a r a <wb> gh a mq tx y aa mq c y aa <wb> aa t a <wb> j ee w aa w ee
marathi_female_000952|sh a r ii r a s w aa s th y a <wb> aa nx a i <wb> m a n a s w aa s th y a <wb> h a ee <wb> ee k a m a ee k a aa q n a aa <wb> p uu r a k a h ii <wb> a s a t a aa t a
marathi_female_000955|j i w aa c aa <wb> a n n a m a y a k o sx a <wb> aa nx a i <wb> p r aa nx a m a y a k o sx a <wb> y a aa q n a aa <wb> sh a k a t a ii <wb> p u r a w a nx y aa c ee <wb> k a aa r a y a <wb> a n a n a <wb> k a r a t a ee
marathi_female_000958|t a y a aa m a u lx a ee <wb> p ee sh ii mq t ii l a <wb> uu r j aa <wb> gh a tx uu n a <wb> p r aa nx a m a y a k o sx a <wb> d u r b a lx a <wb> h a o t a <wb> j a aa t a o
marathi_female_000961|p a aa nx a ii <wb> k a i t a ii <wb> aa nx a i <wb> k a dh a ii <wb> p y aa w ee <wb> y a aa w a i sx a y a ii <wb> p a u sx a k a lx a <wb> m a t a bh ee d a <wb> aa dxh a lx a t a aa t a
marathi_female_000978|j ee w a nx aa t a <wb> d r a w a <wb> p a d a aa r a th a <wb> bh a r a p a uu r a <wb> a s a l a y a aa s a <wb> w a ee g a lx a ee <wb> p a aa nx a ii <wb> p i nx y aa c ii <wb> aa w a sh a y a k a t a aa <wb> n a s a t a ee
marathi_female_000979|b a h u lx aa <wb> n a d a ii c a y a aa <wb> t a ii r a aa w a r a <wb> s aa y a g aa w a <wb> m a h a nx a uu n a <wb> ee k a <wb> g a aa w a <wb> h a o t a q
marathi_female_000982|g aa w aa t a b a h u dh aa <wb> bh a aa q dx a nx a <wb> h a o t a <wb> n a s a ee <wb> m a aa r a aa m a aa r a ii <wb> h a o t a <wb> n a s a ee <wb> k a o nx a ii <wb> k a o nx a aa c a aa <wb> h ee w aa d aa w aa <wb> k a r a ii t a <wb> n a s a ee <wb> s a aa r a ee <wb> g u nx y aa g o w i mq d aa n ee <wb> n a aa q d a t a
marathi_female_000983|s aa y a g aa w a c ii <wb> ee k a <wb> w a i sh a i sx a tx a <wb> p a r a q p a r a aa <wb> h a o t a ii <wb> t a y a aa <wb> g a aa w a c a ee <wb> l a o k a <wb> k a dh a ii <wb> r aa j aa k a dx ee <wb> n a y a aa y a <wb> m a aa g a aa y a l a aa <wb> j a aa t a <wb> n a s a t a
marathi_female_000985|p a aa p a <wb> k a r a nx aa y aa c ee <wb> m a n a <wb> t a y a aa l a aa <wb> kh aa t a c a <wb> a s a t a ee <wb> aa nx a kh a ii <wb> t a y a aa l a aa <wb> sh a i k a sx a aa <wb> k a sh a aa l a aa <wb> a s ee h ii <wb> k a o nx a ii <wb> m a h a nx a t a
marathi_female_000996|m a n a uu <wb> w i nx a k a r a <wb> h a o t a aa <wb> w i nx a nx y aa c ii <wb> k a l a aa <wb> t a y a aa c a y a aa <wb> b o tx aa mq t a <wb> h a o t a ii
marathi_female_001017|m a n uu l aa <wb> k a aa h a ii <wb> s a m a j a ee n a aa <wb> t a o <wb> w ee dx y aa p r a m aa nx ee <wb> b a gh a uu <wb> l a aa g a l a aa
marathi_female_001020|s a w a t a <wb> c a q <wb> p a aa p a <wb> y a aa <wb> g a r a ii b a <wb> m a n uu w a r a <wb> dxh a k a l ii t a <wb> a s a aa w a aa <wb> m a n a uu <wb> m a h a nx a aa l a aa
marathi_female_001033|m a aa jh a ee <wb> h a aa t a <wb> k a o nx a aa c a y a aa <wb> u r aa t a <wb> bh o k a s a t ii l a <wb> k a aa <wb> s a u r a aa <wb> s a u q d a r a <wb> w a s a t a r a <wb> w i nx a nx aa r ee <wb> h a ee <wb> h a aa t a <wb> t a ee <wb> k a aa <wb> k a o nx a aa c a q <wb> j ii w a n a w a s t r a <wb> k a aa p a uu n a <wb> tx a aa k a t a ii l a
marathi_female_001039|kh u n ii <wb> m a aa nx a s a aa c a aa <wb> m a i t a r a <wb> a s a q <wb> aa t a aa <wb> l a o k a <wb> m a l a aa <wb> m a h a nx a t a ii l a <wb> w a <wb> h i nx a w a t ii l a
marathi_female_001041|h a aa t a uu n a <wb> p a aa p a <wb> jh a aa l a q <wb> t a r a <wb> k a d a aa c a i t a <wb> d u <wb> kh aa c y aa <wb> l a h a r ii t a <wb> u d aa s ii n a t ee c y aa <wb> l a h a r ii t a <wb> w ee dx aa c y aa <wb> l a h a r ii t a <wb> k a ee l a q <wb> a s a sh a ii l a <wb> h a ee <wb> p a aa p a
marathi_female_001049|j a g a aa t a <wb> d a ee w a <wb> n a aa h a ii <wb> dh a r a m a <wb> n a aa h a ii <wb> m a r a t aa <wb> y a ee t a <wb> n a aa h a ii <wb> m a h a nx a uu n a <wb> j a g aa y a c ee
marathi_female_001051|m a dh y a r aa t r ii c aa <wb> s a m a y a <wb> s a r a w a t a r a <wb> a q dh a aa r a <wb> h a o t a aa <wb> m a n uu c y aa <wb> m a n a aa t a <wb> b a aa h a ee r a c a y a aa <wb> a mq dh aa r aa h uu n a h ii <wb> a dh a i k a <wb> k aa lx aa k u tx tx a <wb> a s a aa <wb> a q dh a aa r a <wb> p a s a r a l a aa <wb> h a o t a aa
marathi_female_001062|t a o <wb> k a aa lx a <wb> aa r y aa mq c y aa <wb> w i j a y aa c aa <wb> w a <wb> w i s t aa r aa c aa <wb> h a o t a aa
marathi_female_001074|a g a s t ii n ee <wb> ph a aa r a <wb> p a r a w a aa s a <wb> k a ee l a ee l a aa <wb> a s a aa w a aa <wb> d a q dx a k a aa r a nx a y a aa t a <wb> p a r a w a ee sh a <wb> k a r a nx a aa r a aa <wb> p a h a i l a aa <wb> rq sx a ii <wb> a g a s t ii c a <wb> h a o y a
marathi_female_001083|p a r a ee m a aa n a ee <wb> w a <wb> n i r l o bh a t ee n ee <wb> y a ee th a ii l a <wb> l a o k a aa q c a ii <wb> h rq d a y ee <wb> w a sh a <wb> k a r a u n a <wb> gh a ee uu n a <wb> s a u q d a r a <wb> j a nj a aa n a <wb> w a <wb> p a w a i t a r a <wb> aa c a aa r a <wb> h a ee <wb> rq sx a ii <wb> t y aa mq s a <wb> sh a i k a w a uu <wb> l a aa g a l a ee
marathi_female_001087|m a t a mq g a <wb> rq sx a ii q c a ii <wb> p a t a n a ii <wb> h a ii <wb> a t a y a q t a <wb> s aa dh w ii <wb> w a <wb> p a t i p a r aa y a nx a <wb> h a o t a ii
marathi_female_001091|m a t a mq g a <wb> rq sx a ii <wb> ph a aa r a <wb> th a o r a <wb> m a n a aa c a ee <wb> h a o t a ee <wb> p r aa t a hq k aa lx ii <wb> n a d ii w a r a <wb> s a n a aa n a <wb> k a r a u n a <wb> n a q t a r a <wb> t a ee <wb> s a mq dh y aa <wb> ii sh w a r a p uu j aa <wb> w a <wb> dh y aa n a dh aa r a nx aa <wb> k a r a ii t a
marathi_female_001097|th a o r a <wb> l a o k a aa q c a ee <wb> n aa m o c c aa r a nx a h ii <wb> j a r a <wb> m a n aa s a <wb> u n a n a t a <wb> k a r a t a ee <wb> t a r a <wb> t a y a aa q c a ee <wb> p a r a t a y a k a sx a <wb> d a r a sh a n a <wb> k a i t a ii <wb> p r a bh aa w a sh aa l ii <wb> a s a ee l a <wb> b a r a ee
marathi_female_001102|r aa n aa t ii l a <wb> h a r i nx ii c y aa <wb> dx o lx y aa mq s aa r a kh ee c a <wb> t a i c a ee <wb> dx a o lx a ee <wb> kh ee lx a k a r a <wb> w a <wb> p a aa nx a ii d a aa r a <wb> a s a uu n a <wb> t a ii <wb> h a r i nx ii p r a m aa nx ee c a <wb> c a p a lx a h ii <wb> h a o t a ii
marathi_female_001110|aa ii b aa p aa mq c y aa <wb> p a r a ee m a lx a <wb> s a h a w a aa s a aa t a <wb> l a h aa n a g ii <wb> sh a b a r ii <wb> w a aa dxh a t a <wb> h a o t a ii
marathi_female_001112|m a ii <wb> y a aa w a i sx a y a ii <wb> t a y a aa q n a aa <wb> w a i c a aa r a l a ee <wb> t a ee w a h a aa <wb> t a y a aa q c a y a aa <wb> p a t n ii n ee <wb> m a o txh a y a aa <wb> aa n a q d a aa n a ee <wb> s a q m a t a ii <wb> d a i l a ii
marathi_female_001113|rq sx i p a t n ii <wb> m a l a aa <wb> m a h a nx a aa l a ii <wb> kh a r a q c a <wb> t a u m a c a ii <wb> m a u l a g a ii <wb> aa sh a r a m a aa t a <wb> txh a ee w a aa <wb> m a ii <wb> t a i l a aa <wb> sh i k a w ii n a s a w a r ii n a <wb> p a o tx a c a y a aa <wb> m u l ii p r a m aa nx ee <wb> t a i c a y a aa w a r a <wb> p a r a ee m a <wb> k a r a ii n a
marathi_female_001124|m a u l a ii l a aa <wb> p a o tx a aa sh a ii <wb> dh a r a u n a <wb> n a q t a r a <wb> r a aa j a aa <wb> n a i gh a uu n a <wb> g a ee l a aa
marathi_female_001127|t a i n a ee <wb> g aa ii mq n aa <wb> n a d ii w a r a <wb> n a y a aa w a ee <wb> t y aa mq s a <wb> p a aa nx a ii <wb> p aa j aa w ee <wb> g aa ii c ee <wb> dh aa r o sx nx a <wb> d a uu dh a <wb> sh a b a r ii l aa <wb> ph a aa r a <wb> aa w a dx a ee
marathi_female_001138|s a u q d a r a <wb> d a w a b i mq d uu mq c ee <wb> h a aa r a <wb> gh a aa l a uu n a <wb> aa p a l a y a aa <wb> jh a g a jh a g ii t a <wb> r a th a aa t a <wb> b a s a uu n a <wb> t a ii <wb> y a ee t a ee
marathi_female_001143|g aa ii g u r ee <wb> b a aa q dh a l a ii <wb> h a o t a ii <wb> h a r i nx a p aa dx a s ee <wb> sh i mq g a <wb> a q g a aa t a <wb> kh a u p a s a uu n a <wb> n i j a l ii <wb> h a o t a ii
marathi_female_001144|rq sx a ii <wb> w a <wb> t a y a aa q c a ii <wb> p a t a n a ii <wb> b a aa h a ee r a <wb> a q g a nx a aa t a <wb> b a s a l a ii <wb> h a o t a ii <wb> ph a l aa h aa r a <wb> jh a aa l a aa <wb> h a o t a aa
marathi_female_001145|n a bh o m a mq dx a l aa t a <wb> d a mq dx a k aa r a nx y aa c ii <wb> sh a o bh a aa <wb> p aa h a nx y aa s aa txh ii <wb> ee k a ee k a <wb> t aa r a k aa <wb> y a ee t a <wb> h a o t a ii
marathi_female_001150|t a y a aa q c a ee <wb> j a ee <wb> a sh a r a uu <wb> t a y a aa q n a aa c a <wb> t a uu <wb> d a w a b a i q d a uu <wb> m a h a nx a t a ee s a <wb> jh aa dx aa m aa dx aa mq c y aa <wb> p aa n aa mq w a r a <wb> t a ee <wb> d a w a b a i q d a uu <wb> tx a p a tx a p a <wb> p a dx a t a aa n a aa <wb> t a uu <wb> n a aa h a ii <wb> k a aa <wb> ei k a l ee s a
marathi_female_001153|sh a b a r ii c ee <wb> t a ee <wb> p a r a ee m a lx a <wb> w a <wb> n i sx k a p a tx a <wb> dx a o lx a ee <wb> p a aa nx a y a aa n a ee <wb> dx a b a dx a b uu n a <wb> aa l a ee
marathi_female_001158|m a aa jh a y a aa s a aa txh a ii <wb> t a u m a h a ii <wb> w a aa ii tx a <wb> w a aa tx a uu n a <wb> gh a ee uu <wb> n a k a aa <wb> m a ii <wb> aa j a p aa s uu n a <wb> b aa nx aa c y aa <wb> tx o k aa n ee <wb> h a r a nx aa mq n aa <wb> tx o c a nx aa r a <wb> n a aa h a ii <wb> p a k a sx a y a aa q c a ii <wb> p i s ee <wb> u p a tx a nx aa r a <wb> n a aa h a ii
marathi_female_001166|ph a uu l a <wb> gh a r a ii <wb> aa nx a l a ee <wb> t a r a <wb> k a i t a ii <wb> l a w a k a r a <wb> k o m ee j a t ee <wb> p a r a q t a u <wb> jh a aa dx a aa w a r a <wb> t a ee <wb> b a r a aa c a <wb> w a ee lx a <wb> tx a w a tx a w a ii t a <wb> d a i s a t a ee
marathi_female_001168|s a k a aa lx a c a y a aa <wb> w a ee lx a ii <wb> ph u l aa mq c ee <wb> h a rq d a y a <wb> bh a ii t a ii n a ee <wb> k a aa p a t a <wb> a s a t a ee <wb> aa p a l a ii <wb> m a aa n a <wb> m u r a g a lx a nx y aa s a <wb> k a o nx a <wb> kh aa tx ii k a <wb> y a ee t a o <wb> i k a dx a ee <wb> t a y a aa q c a ee <wb> l a k a sx a <wb> a s a t a ee
marathi_female_001169|aa p a nx a <wb> d a u sx a tx a <wb> aa h a o t a <wb> m a n u sx y a p r aa nx y aa l aa <wb> aa p a l a y a aa <wb> p r i y a j a n aa mq c y aa <wb> s a q g a t a ii t a <wb> m a r a nx ee <wb> aa w a dx a t a ee <wb> y a aa <wb> ph u l aa mq n aa h ii <wb> t a s a ee c a <wb> n a s a ee l a <wb> k a aa <wb> w a aa tx a t a
marathi_female_001171|jh aa dx aa m aa mq dx aa k a dx ee <wb> ph u l a p aa kh a r aa mq k a dx ee <wb> s a u d a dh a aa <wb> p a r a ee m a aa n a ee <wb> p a aa h a aa w a y a aa s a <wb> sh i k a nx ee <wb> m a h a nx a j a ee <wb> p a r a m a ee sh a w a r a aa c a y a aa <wb> j a w a lx a <wb> j a aa nx a ee <wb> h a o y a
marathi_female_001179|sh a b a r ii <wb> aa t a aa <wb> w a y a aa t a <wb> aa l a ii <wb> t a ii <wb> y ou w a n a p uu r nx a <wb> jh a aa l a ii
marathi_female_001183|t a y a aa <wb> w a ee lx a ee s a <wb> rq sx a ii <wb> aa nx a kh a ii <wb> k a aa h a ii <wb> b a o l a l a ee <wb> n a aa h a ii t a <wb> t a y a aa q n a ii <wb> p a r a bh aa r ee <wb> bh a i l a l a <wb> r a aa j a aa l a aa <wb> n a i r a o p a <wb> p a aa txh a w a i l a aa
marathi_female_001188|sh a b a r ii <wb> s a d g a d i t a <wb> jh a aa l a ii <wb> h a o t a ii <wb> rq sx i p a t n ii n ee <wb> t a i l a aa <wb> p a o tx a aa sh a ii <wb> dh a r a l a ee <wb> w a <wb> m a h a tx a l a ee <wb> b aa lx ee <wb> sh a b a r ii <wb> a dh a uu n a m a dh a uu n a <wb> y a ee t a <wb> j a aa <wb> h a o <wb> aa sh a r a m a aa t a <wb> aa m a h a aa l a aa <wb> aa t a aa <wb> h a ee <wb> gh a r a <wb> kh a aa y a l a aa <wb> y a ee ii l a
marathi_female_001190|p a u sx a k a lx a <wb> w a ee lx a aa <wb> m a n u sx y aa c aa <wb> m o txh ee p a nx aa <wb> t a y a aa c a y a aa <wb> aa ii b aa p aa mq w a r a <wb> a w a l a q b a uu n a <wb> a s a t a o
marathi_female_001199|w a r a <wb> a n a q t a <wb> aa k a aa sh a aa t a <wb> a s a ee <wb> a n a q t a <wb> t aa r ee <wb> a s a t a ii l a <wb> k a ii <wb> j a ee <wb> p a l l ee d aa r a <wb> d u r b i nx ii t uu n a h ii <wb> a j a uu n a <wb> d a i s a l a ee <wb> n a aa h a ii t a
marathi_female_001203|m aa y a b aa p a c a <wb> k a lx a t a <wb> w a aa <wb> n a k a lx a t a <wb> m a u l a aa l a aa <wb> l a h a aa n a <wb> k a i q w a aa <wb> m a o txh a aa <wb> k a r a t a <wb> a s a t a aa t a
marathi_female_001209|aa ii c a y a aa <wb> p o tx aa t a c a <wb> m u lx ii <wb> j a ii w a <wb> r a aa h a i l a aa <wb> aa ii sh ii <wb> ee k a r uu p a <wb> h o uu n a c a <wb> j a ii w a <wb> b a aa h a ee r a <wb> p a dx a l a aa <wb> j a nx a uu <wb> t a i c a aa c a <wb> h a o uu n a <wb> b a aa h a ee r a <wb> aa l a aa
marathi_female_001212|aa ii <wb> d a ee h a <wb> d a ee t a ee <wb> w a <wb> m a n a h ii <wb> d a ee t a ee <wb> j a n m aa s a <wb> gh a aa l a nx a aa r a ii <wb> t a ii c a <wb> w a <wb> j a nj a aa n a <wb> d ee nx aa r ii h ii <wb> t a ii c a
marathi_female_001226|sh y aa m a l aa <wb> t a y a aa c a y a aa <wb> bh aa g y aa n ee <wb> th a o r a <wb> m a aa t a aa <wb> m a i lx a aa l a ii <wb> h a o t a ii
marathi_female_001236|m a ii <wb> m a aa jh a y a aa <wb> ee k a ee k a aa <wb> d u r g u nx aa l aa <wb> kh a o l a <wb> kh a dx dx ee <wb> kh a nx uu n a <wb> g a aa dx a uu n a <wb> tx a aa k a t a <wb> aa h a ee
marathi_female_001245|a h a mq k aa r aa c ee <wb> r a uu p a <wb> ph a aa r a <wb> s a uu k a sx a m a <wb> a s a t a ee <wb> s a d a ei w a <wb> s a aa w a dh a <wb> r a aa h a i l a ee <wb> p a aa h a i j a ee
marathi_female_001246|sh y aa m a c aa <wb> p a r a ee m a lx a <wb> m a i t a r a <wb> r a aa m a <wb> m a h a nx a aa l a aa <wb> aa p a nx a <wb> k a aa <wb> ee k a m a ee k a aa q n a aa <wb> p a r a k ee <wb> aa h a o t a <wb> t a uu <wb> w a <wb> aa m a h a ii <wb> a d y aa p i <wb> ee k a r uu p a <wb> n a aa h a ii <wb> k a aa <wb> jh a aa l a o
marathi_female_001261|kh a r a ee c a <wb> l a h a aa n a p a nx a aa p a aa s a uu n a <wb> t a ii <wb> s a r a w a aa q n a aa <wb> aa w a dx a t a <wb> a s a ee <wb> t a ii <wb> j a g aa c ii <wb> b a y o <wb> h a o t a ii <wb> aa ii <wb> h a o t a ii
marathi_female_001276|kh o t a <wb> m a h a nx a j a ee <wb> g aa w a c aa <wb> txh a r ii w a <wb> sh ee t a s aa r aa <wb> w a s a uu l a <wb> k a r a uu n a <wb> s a r a k a aa r a k a dx a ee <wb> p aa txh a w a nx aa r aa <wb> b i n a p a g aa r ii <wb> d a l a aa l a
marathi_female_001291|p r a dh aa n aa c y aa <wb> y a aa <wb> p r a t i p r a sh n aa n a <wb> k aa h ii s aa <wb> o sh aa lx uu n a <wb> t a o <wb> g a o s a aa w a ii <wb> m a h a nx a aa l a aa <wb> p r a dh aa n a j ii <wb> m a l a aa <wb> jh ee p ee l a <wb> a sh a ii <wb> k a o nx a t a ii h a ii <wb> k aa m a g ii r ii <wb> t a u m a h a ii <wb> m a j a w a r a <wb> s o p a w aa
marathi_female_001296|d a u s a y a aa <wb> d a i w a sh a ii <wb> r a aa j a aa <wb> u n m a t t a s i mq g aa c aa <wb> d a r a b a aa r a <wb> bh a r a l a aa <wb> a s a t a aa <wb> ee k a <wb> s a ee w a k a <wb> aa t a <wb> aa l a aa
marathi_female_001300|m a j a k a dx uu n a <wb> k a aa h a ii <wb> s a ee w a aa <wb> k a r a u n a <wb> gh a y a aa y a c a ii <wb> a s a l a y a aa s a <wb> aa p a nx a <wb> t a ii <wb> gh a y a aa w a ii <wb> m a l a aa <wb> t a y a aa b a d a d a l a <wb> p a ei s a ee <wb> w a g a ei r a ee <wb> k a aa h a ii c a <wb> n a k a o t a
marathi_female_001315|m a g a <wb> t a ii <wb> o s a <wb> p a dx a l a ee l a ii <wb> p aa c a sh ee c y aa <wb> p a aa c a sh a ee <wb> g a aa w a q <wb> m a aa jh a y a aa <wb> bh a aa w a ii <wb> j aa w a y aa l aa <wb> m a ii <wb> aa q d a nx a <wb> m a h a nx a uu n a <wb> d a ee ii n a
marathi_female_001318|r a aa j a aa l a aa <wb> t a o <wb> kh a r a aa <wb> w a aa tx a uu n a <wb> t a o <wb> ee k a d a m a <wb> sh a r a m uu n a <wb> g a ee l a aa
marathi_female_001330|r a aa t a r a ii <wb> j ee w aa y a c y aa w ee lx ii <wb> aa ii n a ee <wb> n ii t uu c y aa <wb> aa w a dx a ii c a aa <wb> p u l aa w a <wb> aa nx a i <wb> r aa y a t ee <wb> k a ee l a ee <wb> h a o t a ee <wb> t a r a ii <wb> t a i c a ee <wb> j ee w a nx aa t a <wb> a j a i b a aa t a <wb> l a k a sx a <wb> n a w a h a t a ee
marathi_female_001334|aa ii n a ee <wb> s a m a j aa w a l ee <wb> n ii t uu <wb> a g a q <wb> p r a t y ee k aa k a dx ee <wb> p a r a t a y a ee k a <wb> g a o sx a tx a <wb> a s a ee l a c a <wb> a s a ee <wb> n a aa h a ii
marathi_female_001340|h a o t a aa <wb> h a o t a aa <wb> n ii t uu c aa <wb> s a h aa w aa <wb> w a aa dxh a d a i w a s a <wb> aa l a aa
marathi_female_001346|aa ii <wb> g aa l aa t a <wb> h a s a t a <wb> t a i l a aa <wb> g ae l a r ii t a <wb> gh a ee uu n a <wb> aa l a ii
marathi_female_001348|n ii t uu <wb> b a gh a <wb> s a g a lx a y a aa q n a ii <wb> m a i lx a uu n a <wb> t a u jh a y a aa s a aa txh a ii <wb> k a aa y a <wb> g i ph tx a <wb> aa nx a l a ee <wb> aa h a ee <wb> aa ii <wb> m a h a nx a aa l a ii
marathi_female_001349|n ii t uu n ee <wb> gh a aa ii n a ee <wb> k a aa g a d a <wb> b a aa j a uu l a aa <wb> k a ee l a aa <wb> t a r a <wb> l a aa l a <wb> s a k a uu tx a r a <wb> a g a d a ii <wb> t a i c a y a aa <wb> m a n a aa t a <wb> h a o t a ii <wb> t a sh a ii c a
marathi_female_001359|d a ee w a aa n a ee <wb> m a aa nx a s a aa l a aa <wb> w a i c a aa r a l a ee <wb> t a uu <wb> t a u jh a ee <wb> h a ee <wb> sh a ee t a <wb> k a dh a ii <wb> n aa mq g a r a l ee
marathi_female_001366|b a aa ii <wb> k ou t uu k aa n ee <wb> m a h a nx a aa l a ii <wb> aa j a c a <wb> jh a aa l a aa
marathi_female_001388|p a aa nx a ii <wb> gh aa l a t aa mq n aa <wb> n a m a r a t a aa <wb> w a i c a aa r a <wb> k a r a aa y a c a ii <wb> aa j a <wb> h a y a aa <wb> k o y ii <wb> m a aa t a ii c a y a aa <wb> k u sh ii t a <wb> ch a aa n a <wb> jh o p a l y aa <wb> aa h a ee t a
marathi_female_001389|k a aa h a ii <wb> d a i w a s a aa q n a ii <wb> k o y ii l aa <wb> k o mq b a <wb> ph u tx a t ii l a <wb> t a y a aa t a uu n a <wb> i w a l ee s ee <wb> r a o p a <wb> y a ee ii l a
marathi_female_001391|p a aa w a s a aa m a u lx a ee <wb> r a o p a ee <wb> dx o mq g a r aa w a r a <wb> w aa dxh a t ii l a <wb> m a o txh a ee <wb> w a rq k a sx a <wb> h a o t a ii l a
marathi_female_001397|h a o t a aa <wb> h a o t a aa <wb> p a q dh a r a aa <wb> d a i w a s a <wb> jh a aa l a ee
marathi_female_001398|s a k a aa lx a ii <wb> n a m a r a t a aa <wb> jh a aa dx a aa q n a aa <wb> p a aa nx a ii <wb> gh a aa l a aa y a l a aa <wb> g a ee l a ii <wb> t a r a <wb> t a i l a aa <wb> d a o n a <wb> p i sh a w y aa mq m a dh y ee <wb> c a k a k a <wb> k o mq b a <wb> ph u tx a l ee l ee <wb> d a i s a l a ee
marathi_female_001403|k a ee r a lx a <wb> bh aa r a t aa t a l aa <wb> ee k a <wb> n i s a r g a r a m y a <wb> p a r a aa q t a
marathi_female_001405|b a r y aa c a <wb> w a r a sx a aa q p a aa s a uu n a <wb> d a k a sx a i nx a <wb> bh a aa r a t a aa t a <wb> j a aa nx a y a aa c a ii <wb> t a y a aa t a l a y a aa <wb> t a y a aa t a <wb> k a ee r a lx a <wb> b a gh a nx y aa c ii <wb> a g a d a ii <wb> m a n a aa p a aa s a uu n a <wb> i c a ch a aa <wb> h a o t a ii <wb> p a nx a <wb> y a aa <wb> n a aa <wb> t a y a aa <wb> k a aa r a nx a aa n a ee <wb> t a o <wb> y o g a <wb> y a ee t a c a <wb> n a w a h a t a aa
marathi_female_001406|k u txh a l ii h ii <wb> g a o sx a tx a <wb> gh a dx a nx y aa c ii <wb> ee k a <wb> txh a r a aa w a i k a <wb> w a ee lx a <wb> a s a t a ee <wb> a s a ee <wb> m a h a nx a t a aa t a <wb> t a ee <wb> a g a d a ii <wb> kh a r a mq y a
marathi_female_001411|ee w a dxh a ii <wb> w a r a sx a <wb> s a u p a t a <wb> a s a l a ee l a ii <wb> i c a ch a aa <wb> p a uu r a nx a <wb> h a o nx a y a aa c a ii <wb> s a q dh a ii <wb> a sh a ii <wb> s a h a j aa s a h a j ii <wb> c a aa l a uu n a <wb> y a ee ii l a <wb> a s a q <wb> w a aa tx a l a q <wb> n a w a h a t a q
marathi_female_001425|aa t a aa <wb> m i txh uu l aa <wb> c a aa q g a l a ee <wb> u dx a t aa <wb> y a ee uu <wb> l a aa g a l a ee <wb> h a o t a ee
marathi_female_001431|t a i c a y a aa <wb> s a w a mq g a dx a y aa mq n aa <wb> bh a ee tx a aa y a l a aa <wb> t a ii <wb> aa k a aa sh a aa t a <wb> d a uu r a w a r a <wb> u dx a aa l a ii <wb> aa h a ee
marathi_female_001437|m i n uu l aa <wb> t a r a <wb> i t a k a aa <wb> aa n a q d a <wb> jh a aa l a aa <wb> h a o t a aa <wb> t a ii <wb> m a n a s a o k a t a <wb> t a i c a y a aa <wb> ch o tx a y aa <wb> m ei t r i nx ii sh ii <wb> kh a ee lx a l a ii
marathi_female_001468|m a ii <wb> t a u jh a y a aa s a aa txh a ii <wb> k a aa h a ii <wb> kh a aa y a l a aa <wb> k a r a u <wb> sh a k a l a ee <wb> n a aa h a ii <wb> aa j a c aa <wb> d a i w a s a <wb> t a uu <wb> s a k aa lx a c ii c a <wb> p a o lx a ii <wb> bh a aa j a ii <wb> kh a aa <wb> aa nx a i <wb> d a uu dh a <wb> p ii
marathi_female_001469|h a ee <wb> ei k a l a y a aa w a r a <wb> c i n uu l aa <wb> kh a uu p a c a <wb> r a aa g a <wb> aa l a aa <wb> h a ee <wb> k a aa y a <wb> dx a b y aa t a h ii <wb> t a ee c a <wb> aa nx a i <wb> aa t a aa h a ii <wb> t a ee c a <wb> m a ii <wb> n a aa h a ii <wb> k a aa h a ii <wb> kh a aa t a <wb> j a aa <wb> c i n m a y a <wb> dh uu s a ph uu s a t a <wb> m a h a nx a aa l a aa
marathi_female_001474|b aa p a r ee <wb> k a i t a ii <wb> w a ee lx a <wb> l a aa g a t a o <wb> h a ee <wb> k a r a aa y a l a aa <wb> c i n uu <wb> w ei t aa g a l aa
marathi_female_001482|aa ii c a y a aa <wb> j a w a lx a <wb> j a aa uu n a <wb> t a i l a aa <wb> m a h a nx a aa l a aa <wb> aa ii <wb> m a l a aa <wb> m a aa ph a <wb> k a r a <wb> t a uu <wb> aa m a c y aa s aa txh ii <wb> k a i t a ii <wb> k a sx a tx a <wb> gh ee t ee s a
marathi_female_001489|c o k a l ee tx a <wb> kh aa t aa mq n aa <wb> t a y a aa l a aa <wb> m a j a aa <wb> y a ee t a <wb> a s a ee <wb> p a r a q t a u <wb> c uu lx a <wb> bh a r a aa y a l a aa <wb> k a i q w a aa <wb> d a aa t a <wb> gh aa s aa y a l aa <wb> m o mq tx uu l aa <wb> p a r a c a q dx a <wb> k a q tx a aa lx a aa <wb> h a o t a aa
marathi_female_001509|m o mq tx uu <wb> a r a ee <wb> u txh a <wb> sh a aa lx a ee t a <wb> j a aa y a c a ii <wb> w a ee lx a <wb> jh a aa l a ii <wb> aa h a ee <wb> aa ii c a ii <wb> h a aa k a <wb> aa l a ii
marathi_female_001513|m i t aa <wb> k o k a nx aa t a l y aa <wb> ch o tx a y aa <wb> kh ee dx y aa t a <wb> r a h aa y a c ii
marathi_female_001515|t a i c a ee <wb> b a aa b a aa <wb> m aa s a lx ii <wb> w i k aa y a c ee <wb> aa nx a i <wb> aa ii <wb> gh a r a ii <wb> p a aa p a dx a <wb> l o nx a c ii <wb> k a r a u n a <wb> w i k aa y a c ii <wb> h a y a aa w a r a <wb> t a y a aa q c a y a aa <wb> k u tx uu mq b aa c aa <wb> u d a r a <wb> n i r w aa h a <wb> c a aa l a t a <wb> a s a ee
marathi_female_001521|t a i n a ee <wb> ee k a <wb> d a i w a s a <wb> t a i c a y a aa <wb> b a aa b a aa q n a aa <wb> w a i c a aa r a l a ee <wb> b a aa b a aa <wb> aa p a l a y a aa <wb> s a aa r a kh a ee c a <wb> s a g a lx a y a aa q n a ii <wb> r o j a c a <wb> m a aa s a ee <wb> p a k a dx a l a ee <wb> t a r a <wb> s a m u d r aa t a l ee <wb> m a aa s a ee <wb> ee k a <wb> d a i w a s a <wb> s a q p a uu n a <wb> j a aa t a ii l a
marathi_female_001535|aa ii c a ee <wb> b a o l a nx a ee <wb> ei k a uu n a <wb> m i t aa n ee <wb> t a i l a aa <wb> a t y aa n a mq d aa n ee <wb> m a i txh a ii <wb> m a aa r a l a ii
marathi_female_001546|r a q g a aa c a ee <wb> p a ei s a ee <wb> kh a r a c a <wb> k a r a nx a ee <wb> aa p a l a y a aa l a aa <wb> sh a k a y a <wb> n a aa h a ii <wb> t a s a ee <wb> h a ii <wb> h aa t aa m u lx ee <wb> m a mq j uu l aa <wb> ph a aa r a <wb> k a aa lx a <wb> c i t r a k a l aa <wb> k a r a t a aa <wb> y a ee ii l a <wb> a s a ee <wb> m a l a aa <wb> w a aa tx a t a <wb> n a aa h a ii
marathi_female_001556|aa ii c a y a aa <wb> b a o l a nx a y a aa n a ee <wb> m a mq j uu l aa <wb> kh a uu p a c a <wb> h u r u p a <wb> aa l a aa
marathi_female_001561|s a ii m a aa <wb> n ii n aa c ii <wb> m aa w a s a <wb> b a h a ii nx a <wb> h a o t a ii
marathi_female_001569|s a k a aa lx a ii <wb> jh o p ee t uu n a <wb> u txh a l a y a aa w a r a <wb> n a ii n a aa l a aa <wb> aa ii b aa b aa mq n ii <wb> j a w a lx a <wb> gh a ee uu n a <wb> l aa dx a <wb> k a ee l a ee
marathi_female_001570|g i ph tx a <wb> d a ee nx a y a aa s a aa txh a ii <wb> d a o gh a aa q n a ii h a ii <wb> t a i l a aa <wb> dx a o lx a ee <wb> b a q d a <wb> k a r a aa y a l a aa <wb> s a aa q g a i t a l a ee <wb> n a ii n a aa <wb> kh a uu p a c a <wb> u t a s a u k a <wb> h a o t a ii
marathi_female_001571|h a aa t a aa t a <wb> kh o k ee <wb> txh ee w a l y aa w a r a <wb> gh a aa ii n a ee <wb> t a i n a ee <wb> t a ee <wb> u gh a dx a l a ee <wb> aa nx a i <wb> aa t a <wb> c a k a k a <wb> t a i c a y a aa <wb> aa w a dx a ii c a ee <wb> c a q d a ee r a ii <wb> r a q g a aa c a ee <wb> u q c a <wb> tx aa c ee c ee <wb> b a uu tx a <wb> h a o t a ee
marathi_female_001572|t a i l a aa <wb> kh a uu p a <wb> d i w a s aa mq p aa s uu n a <wb> t a ee <wb> gh a y a aa y a c a ee <wb> m a n a aa t a <wb> h a o t a ee
marathi_female_001573|aa ii <wb> aa j a <wb> m a ii <wb> n a i lx a y a aa <wb> dx r ee s a w a r a <wb> h a ee <wb> b a uu tx a <wb> gh a aa t a l a y a aa w a r a <wb> k a i t a ii <wb> ch a aa n a <wb> d i s a t ii l a <wb> n a aa h a ii <wb> n ii n aa n ee <wb> aa ii l a aa <wb> m ii txh ii <wb> m a aa r a t a <wb> w a i c a aa r a l a ee
marathi_female_001574|a g a q <wb> p a nx a <wb> n a ii n a aa <wb> aa j a <wb> h a ee <wb> b a uu tx a <wb> s a ii m a aa <wb> gh a aa l a nx a aa r a <wb> aa h a ee <wb> t a i n a ee <wb> t a s a ee <wb> aa m a h a aa l a aa <wb> a dh ii c a <wb> s a aa q g a uu n a <wb> txh a ee w a l a ee <wb> aa h a ee <wb> aa ii n a ee <wb> sh a aa q t a p a nx a ee <wb> n a ii n a aa l a aa <wb> s a m a j aa w a l ee
marathi_female_001589|bh u w a n a <wb> t a y a aa <wb> m u l aa mq p aa s uu n a <wb> a l i p t a <wb> r a aa h a t a <wb> a s a ee <wb> t a y a aa m a u lx a ee <wb> w a r a g a aa t a l a ii <wb> m a u l a ee <wb> t a y a aa c a y a aa sh a ii <wb> b a o l a aa y a l a aa <wb> u t a s a u k a <wb> n a s a t a
marathi_female_001602|sh a aa lx a ee t a <wb> g ee l y aa b a r o b a r a <wb> t a y a aa n a ee <wb> c i t r a k a l ee c y aa <wb> w rq mq d aa <wb> m ae dx a m a l aa <wb> s a aa q g a i t a l a ee <wb> k a ii <wb> b a r a <wb> w a aa tx a t a <wb> n a s a l a y a aa m a u lx a ee <wb> t a y a aa l a aa <wb> s a p a r a dh a ee t a <wb> bh a aa g a <wb> gh a y a aa y a c a aa <wb> n a aa h a ii y a ee
marathi_female_001616|c i k a m a g a l uu r a l aa <wb> aa l a y a aa p a aa s a uu n a <wb> aa j a c aa <wb> t a y a aa c a aa <wb> d a i w a s a <wb> kh a uu p a c a <wb> aa n a q d a aa t a <wb> g a ee l a aa <wb> h a o t a aa
marathi_female_001620|bh u w a n a l aa <wb> m a h a nx a aa l a ii <wb> bh u w a n a <wb> aa j a <wb> t a u l a aa <wb> m a ii <wb> m u l aa mq sh ii <wb> m a ei t a r a ii <wb> k a r a aa y a l a aa <wb> m a d a t a <wb> k a ee l a ii <wb> aa t a aa <wb> t a uu <wb> s w a t a hq h uu n a <wb> m a i t a r a <wb> j a o dx a l a ee <wb> p aa h i j ee s a
marathi_female_001622|bh u w a n a <wb> p a r a ii c a ee <wb> m a h a nx a nx a ee <wb> ei k a uu n a <wb> s w a p n aa t a c a <wb> m a aa n a <wb> dx o l a w a t a <wb> h a o t a aa
marathi_female_001633|m a u l a q <wb> t a r a <wb> k a aa y a <wb> t a y aa r a c a <wb> h a o t a ii
marathi_female_001634|s a r a w a aa q n a ii <wb> aa p a l a y a aa <wb> b ae g a p ae k a <wb> p a aa txh a ii w a r a <wb> tx a aa k a l a y a aa <wb> tx o p y aa <wb> gh a aa t a l a y a aa <wb> aa nx a i <wb> c a dxh aa y a l aa <wb> s a u r a uu w a aa t a <wb> k a ee l a ii
marathi_female_001637|j a s a ee <wb> j a s a ee <wb> h a ee <wb> m aa w a lx ee <wb> w a r a <wb> j a aa t a <wb> h a o t a ee <wb> t a s a aa <wb> t a y a aa q c a aa <wb> u t a s a aa h a <wb> k a m a ii <wb> k a m a ii <wb> h a o t a <wb> h a o t a aa <wb> t a y a aa q n a aa <wb> d a m a <wb> l a aa g a t a <wb> h a o t a aa
marathi_female_001639|dx a o q g a r a <wb> c a dxh aa y a c aa <wb> u t a s a aa h a <wb> ph a aa r a c a <wb> th o dx a y aa <wb> m u l aa mq m a dh y ee <wb> sh a i l a l a k a <wb> h a o t a aa <wb> a p a w aa d a <wb> ph a k a t a <wb> w i n i t a c aa <wb> t a o <wb> s a r a w a aa t a <wb> aa dh a ii <wb> dx o mq g a r aa w a r a <wb> j a aa uu n a <wb> p a o h a o c a l a aa
marathi_female_001654|y a aa m a u lx a ee <wb> tx ii n aa l aa <wb> w a r a g a aa t a <wb> ee k a h a ii <wb> m i t r a m ei t r i nx a <wb> n a w a h a t a ee <wb> h a y a aa <wb> g a o sx a tx a ii c a ee <wb> tx ii n aa c y aa <wb> aa ii l a aa <wb> kh a uu p a <wb> w a aa ii tx a <wb> w aa tx aa y a c ee
marathi_female_001664|g ou r ii n ee <wb> s a r a w a <wb> w a r g aa s a m o r a <wb> tx ii n aa c ee <wb> aa bh a aa r a <wb> m a aa n a l a ee <wb> p a nx a <wb> tx ii n aa l aa <wb> m a aa t a r a <wb> t a y a aa c a ee <wb> k a aa h a ii c a <wb> w a aa tx a l a ee <wb> n a aa h a ii
marathi_female_001667|ee k a d a aa <wb> tx ii n aa <wb> aa nx a i <wb> w a r g aa t a l y aa <wb> s aa h ii l a c ee <wb> bh a aa q dx a nx a <wb> jh a aa l a ee
marathi_female_001670|p a r a q t a u <wb> t y aa c a w ee lx ee l aa <wb> g a ou r a ii <wb> tx ii n aa c y aa <wb> m a d a t a ii l a aa <wb> aa l a ii
marathi_female_001671|tx ii n aa <wb> aa nx a i <wb> g ou r ii n ee <wb> s a q p a uu r a nx a <wb> sh a aa lx a aa <wb> jh aa dx uu n a <wb> k a aa dxh a l a ii
marathi_female_001677|m a u l a aa q s a aa txh a ii <wb> kh a ee lx a aa y a l a aa <wb> m a s a t a <wb> p a r a sh a s a t a <wb> b a aa g a <wb> h a o t a ii
marathi_female_001679|y a aa <wb> b aa g ee t uu n a <wb> t a y a aa <wb> b a aa g a ee t a <wb> j a aa y a l a aa <wb> l a aa l a <wb> n a aa g a m a o dx a ii <wb> r a s a t a ee <wb> h a o t a ee
marathi_female_001680|dx a o q g a r a aa c a y a aa <wb> w a r a c a y a aa <wb> b a aa j a uu l a aa <wb> gh a n a d aa tx a <wb> j a q g a l a <wb> h a o t a q <wb> y a aa <wb> dx o mq g a r aa w a r a <wb> jh a u lx a jh a u lx a nx a aa r a ee <wb> jh a r ee <wb> h a o t a ee <wb> t u dx u mq b a <wb> bh a r a l a ee l a y a aa <wb> w a i h a i r a ii <wb> h a o t a y a aa
marathi_female_001683|s a g a lx a y a aa <wb> g a aa w a aa c a q <wb> y a aa <wb> dx o mq g a r aa w a r a <wb> ph a aa r a <wb> p a r a ee m a <wb> h a o t a q
marathi_female_001691|h a aa <wb> dx a o q g a r a <wb> m a aa t a r a <wb> m a n a aa t a uu n a <wb> n aa r aa j a c a <wb> h a o t a aa <wb> b ei c ee n a <wb> h a o t a aa
marathi_female_001700|dx o mq g a r aa w a r a c y aa <wb> jh a aa dx a aa q n a aa <wb> jh a <wb> y a aa q n a aa <wb> w a <wb> r a s a t a y a aa q n a aa <wb> dx a o q g a r a aa c a y a aa <wb> m a n a aa t a l a q <wb> k a lx a l a q
marathi_female_001701|dx o mq g a r aa w a r a c ii <wb> jh aa dx a mq <wb> h a s a l a ii <wb> s a lx a s a lx a l ii
marathi_female_001709|bh a r a <wb> u n h aa lx a y aa t a <wb> t a u l a aa <wb> g aa r a w aa <wb> w aa tx aa w aa <wb> m a h a nx a uu n a <wb> t a r a <wb> t a y a aa w a ee lx a ii <wb> aa m a h a ii <wb> t a u jh a y a aa <wb> p a o tx a aa t a <wb> a s a t a o <wb> aa nx a i <wb> p aa w a s aa lx a y aa t a <wb> t u jh y aa w a r a c aa <wb> s a g a lx a aa <wb> k a c a r a aa <wb> g aa lx a <wb> w a aa h a uu n a <wb> n ee t o
marathi_female_001710|t a u l a aa <wb> c a aa q g a l a q <wb> s a w a c a ch a <wb> k a r a t a o <wb> aa nx a i <wb> p a u dxh a c a y a aa <wb> u n h aa lx a y aa s aa txh ii <wb> t u jh y aa w a r a c y aa <wb> w a i h a i r a ii <wb> t a lx a q <wb> bh a r a uu n a <wb> txh a ee w a t a o
marathi_female_001729|i t a k a ee c a <wb> n a aa h a ii <wb> t a r a <wb> w a aa <wb> y a aa n a ee <wb> j a ee q w a h a aa <wb> a dh a i k a <wb> u g a r a <wb> s a w a r a uu p a <wb> dh a aa r a nx a <wb> k a ee l a ee <wb> t a ee q w a h a aa <wb> t a r a <wb> t a y a aa <wb> m a aa nx a s a aa n a ee <wb> aa nx a kh a ii <wb> ee k a <wb> w a s a t a r a <wb> aa p a l a y a aa <wb> a mq g aa bh o w a t ii <wb> l a p a ee tx a uu n a <wb> gh a ee t a l a ee
marathi_female_001730|a kh a ee r a <wb> k a q tx a aa lx a uu n a <wb> j a aa uu n a <wb> w a aa <wb> y a aa n a ee <wb> aa p a nx a <wb> h a r a l y aa c ee <wb> k a b a uu l a <wb> k a ee l a ee <wb> w a <wb> t a y a aa <wb> p r a w aa sh aa l aa <wb> s a uu r a y a <wb> n a aa r a aa y a nx a <wb> k a s a ee <wb> k a aa y a <wb> w aa g a w a t ii l a <wb> h a y a aa <wb> u t s u k a t ee n ee <wb> w aa y u r aa j a <wb> g a q m a t a <wb> p a aa h a uu <wb> l a aa g a l a ee
marathi_female_001744|dh a n a g a r a <wb> m a aa t a r a <wb> b ee s aa w a dh a <wb> h a o t a aa <wb> aa nx a i <wb> m a u kh a y a <wb> m a h a nx a j a ee <wb> t a y a aa <wb> l aa mq dx a g y aa w a r a <wb> w i sh w aa s uu n a <wb> h a o t a aa
marathi_female_001745|ee k a ee <wb> d a i w a sh a ii <wb> l aa mq dx a g y aa c ii <wb> b a d a m aa sh ii <wb> dh a n a g a r aa c y aa <wb> dh y aa n ii <wb> aa l a ii
marathi_female_001752|m a o txh a y a aa <wb> aa n a q d a aa n a ee <wb> t a ee <wb> t a i k a dx a ee <wb> w a lx a l ee <wb> t a y a aa q n a ii <wb> jh a aa dx a aa kh a aa l a ii <wb> aa s a r aa <wb> gh a ee t a l a aa
marathi_female_001761|ee k a <wb> s a aa p a <wb> ee k a d a aa <wb> n a d a ii t a <wb> p a dx a l a aa
marathi_female_001762|p u r aa c y aa <wb> j a o r a d a aa r a <wb> p r a w aa h aa b a r o b a r a <wb> t a o <wb> w a ee g a aa n a ee <wb> w a aa h a uu n a <wb> c a aa l a l a aa <wb> h a o t a aa
marathi_female_001764|k a s a ee b a s a ee <wb> t a o <wb> t a y a aa c a y a aa w a r a <wb> c a dxh a uu n a <wb> b a s a nx y aa t a <wb> y a sh a s a w a ii <wb> jh a aa l a aa <wb> aa nx a i <wb> m a g a <wb> t a ee <wb> s a aa r a ee <wb> l aa tx aa mq w a r a <wb> w a ee g a aa n a ee <wb> kh a aa l a ii <wb> w aa h aa t a <wb> j a aa uu <wb> l a aa g a l a ee
marathi_female_001765|k i n aa <wb> y a aa w a r a <wb> ee k a <wb> k a o l a h a aa <wb> h a o t a aa
marathi_female_001776|aa nx a kh a ii <wb> k a aa h a ii <wb> d a i w a s a <wb> g a ee l a y a aa w a r a <wb> t a y a aa n a ee <wb> aa p a l a y a aa <wb> b a k a <wb> y a aa q c a aa <wb> ph a n n aa <wb> u dx a w a l aa
marathi_female_001786|k a o nx a ii h a ii <wb> k a aa h a ii <wb> t y aa b aa b a t a <wb> m a aa h a ii t a <wb> a s a l a y a aa c a ee h a ii <wb> s aa mq g ee n aa
marathi_female_001788|txh a r a l y aa p r a m aa nx ee <wb> s a r a w a <wb> m a j uu r aa mq n aa <wb> gh a ee uu n a <wb> t a o <wb> sh a ee t a k a r a ii <wb> t a y a aa <wb> j aa g rq t a <wb> d ee w a s th aa n ii <wb> g a ee l a aa
marathi_female_001796|h a m a r a s t y aa n ee <wb> ee k a <wb> o jh a ee <wb> l aa d a l ee l aa <wb> g a aa dxh a w a <wb> c a aa l a l a aa <wb> h a o t a aa <wb> t a o <wb> t a y a aa <wb> gh o dx a y aa l aa <wb> w a aa tx a <wb> k a r a uu n a <wb> d a y a aa y a l a aa <wb> j a r a aa <wb> b a aa j a uu l a aa <wb> jh a aa l a aa
marathi_female_001797|p a nx a <wb> aa p a l a y a aa c a <wb> t a o <wb> y a aa t a <wb> gh a o dx a aa <wb> u t aa w ii lx a p a nx ee <wb> t a y a aa l a aa <wb> m a h a nx a aa l a aa <wb> c a l a <wb> l a w a k a r a <wb> h a o <wb> b a aa j a uu l a aa <wb> n a aa h a ii t a r a <wb> ee kh a aa d a ii <wb> l aa th a c a <wb> kh aa sh ii l a
marathi_female_001798|b a i c a aa r a ee <wb> g a aa dxh a w a <wb> g a p p a c a <wb> r aa h ii l ee <wb> p a nx a <wb> gh o dx a y aa c ee <wb> t a ee <wb> u dh d a tx aa s aa r a kh ee <wb> w aa g a nx ee <wb> t a y a aa c a y a aa <wb> m a n a aa t a <wb> r aa h ii l ee
marathi_female_001809|dx a o k a y a aa c a aa <wb> k o b ii c aa <wb> k aa mq d aa c a <wb> j a nx a uu <wb> ee k a q d a r a ii t a <wb> t a ee <wb> dh a y a aa n a <wb> p a aa h a t a aa <wb> s a aa r a ee <wb> p a sh a u <wb> kh a d a kh a d a aa <wb> h a s a uu <wb> l a aa g a l a ee
marathi_female_001838|aa p a l a y a aa <wb> sh a t a r a uu q n a aa <wb> j a i w a q t a <wb> txh ee w a nx y aa p ee k sx aa <wb> k a aa h a ii <wb> l a o k a <wb> t a y a aa q c a y a aa b a r a o b a r a <wb> s a w a t a <wb> c aa h ii <wb> m rq t y u <wb> jh a aa l a ee l a aa <wb> p a t k a r a t aa t a
marathi_female_001854|m a aa jh a y a aa <wb> sh a r a ii r a aa c a ii <wb> a j a uu n a <wb> w a aa dxh a <wb> w a h a aa y a c a ii <wb> aa h a ee <wb> k a rq p a aa <wb> k a r a <wb> m a l a aa <wb> p a u n a h a aa <wb> p a aa nx a y a aa t a <wb> s a o dx a uu n a <wb> d a ee
marathi_female_001855|m a ii <wb> m a o txh a aa <wb> g a r a g a r ii t a <wb> jh a aa l a y a aa w a r a <wb> m a aa jh a aa <wb> m ee j a w aa n ii s aa txh ii <wb> u p a y a o g a <wb> h a o ii l a
marathi_female_001857|k a o lx a ii <wb> t a y a aa <wb> m aa sh aa l aa <wb> m a h a nx a aa l a aa <wb> u d y aa c ee <wb> k a o nx a ii <wb> p a aa h a i l a ee <wb> aa h a ee
marathi_female_001874|a r a ee <wb> t a u jh a y a aa <wb> aa dh a ii <wb> j a ee <wb> y a ee uu n a <wb> g a ee l a ee <wb> t a y a aa t a l a y a aa <wb> k a o nx a ii h a ii <wb> m a aa jh a y a aa k a dx a ee <wb> p a aa h a i l a ee <wb> n a aa h a ii <wb> k a ii <wb> th a mq dx ii t a <wb> i th a ee <wb> k a aa <wb> b a s a l aa t a <wb> m a h a nx a uu n a <wb> w a i c a aa r a l a ee <wb> n a aa h a ii
marathi_female_001890|ee k a l a w y aa c y aa <wb> sh a b a d a aa q t a <wb> t a y a aa c a ii <wb> k a ei ph a i y a t a <wb> p a u dxh a ee <wb> m a aa q dx a l a ii <wb> aa h a ee
marathi_female_001903|h a ii n a <wb> k u lx aa t ii l a <wb> m a h a nx a uu n a <wb> t a u m a h a ii <wb> m a aa jh a aa <wb> a w h ee r a <wb> k a ee l a aa t a <wb> t a u m a h a aa l a aa <wb> a r a j a u n a <wb> ph a aa r a <wb> p a r a i y a <wb> h a o t a aa
marathi_female_001920|t a ee <wb> m a ii <wb> k a r a t a <wb> h a o t a o <wb> aa nx a i <wb> s a aa r a ee <wb> t a th aa k a th i t a <wb> n a i p a u nx a <wb> l a o k a <wb> p a aa h a aa t a <wb> h a o t a ee
marathi_female_001944|p a r a t a y a ee k a <wb> dh a n u r dh aa <wb> y a aa c a y a aa <wb> a mq g a txh a y aa n ee <wb> m a ii c a <wb> p a u dxh a ee <wb> c a aa l a w a t a <wb> r a aa h a ii n a <wb> h a aa <wb> gh a ee t a l a ee l a aa <wb> w a s aa
marathi_female_001963|m a n o j a <wb> aa n a q d a aa n a ee <wb> t a y a aa r a <wb> jh a aa l a aa <wb> c aa c a p a dx a t a <wb> c aa c a p a dx a t a <wb> t a o <wb> b a ei txh a k a ii t a <wb> aa l a aa
marathi_female_001966|s a r aa mq n aa h ii <wb> w a aa ii tx a <wb> w a aa tx a l a q <wb> ee w a dxh a aa <wb> m a dh uu r a <wb> g aa nx aa r aa <wb> m a u l a g a aa <wb> j a o <wb> c a mq d r aa w a r a <wb> j aa w uu <wb> ii c ch i t o <wb> t a o <wb> s a aa dh a q <wb> aa p a l a y a aa <wb> s a bh o w a t ii c a mq <wb> j a g a <wb> b a gh a u <wb> sh a k a t a <wb> n a aa h a ii
marathi_female_001974|ee kh a aa d a aa <wb> u p a k a r a m a <wb> r aa b a w uu n a <wb> k a aa h a ii <wb> r a k a k a m a <wb> ee k a t a r a <wb> k a r a aa y a c a ii <wb> a s a ee <wb> s a aa q g a i t a l a ee
marathi_female_001979|n i w ee d a n aa l aa <wb> y a o g a y a <wb> p a r a t a i s a aa d a <wb> m a i lx a uu n a <wb> a w a gh y aa <wb> d a o n a <wb> t a ii n a <wb> d a i w a s a aa t a <wb> p a u r a ee s a aa <wb> n a i dh a ii <wb> g a o lx a aa <wb> jh a aa l a aa
marathi_female_001988|dx a k a tx a r a aa q n a ii <wb> m u kh y aa dh y aa p a k a <wb> w a <wb> k a aa h a ii <wb> w a i d a y a aa r a th a y a aa q n a aa <wb> aa t a <wb> s a o dx a l a q
marathi_female_001991|p r a sh aa mq t a n ee <wb> t a r a <wb> t a y a aa l a aa <wb> c a k a k a <wb> m a i txh a ii c a <wb> m a aa r a l a ii <wb> t a y a aa q c a ii <wb> aa ii <wb> h a aa <wb> s a aa r a aa <wb> p a r a s a q g a <wb> dx a o lx a ee <wb> bh a r a uu n a <wb> p a h a aa t a <wb> h a o t a ii
marathi_female_001993|t a o <wb> p ee dxh ee <wb> gh a ee uu n a <wb> sh a aa lx a ee t a <wb> aa l a aa
marathi_female_002002|t a ee <wb> p a aa nx a ii <wb> p y aa y a l y aa <wb> n a q t a r a <wb> s w a r aa c aa <wb> aa w a aa j a <wb> p a h i l y aa p ee k sx aa <wb> m a dh uu r a <wb> jh a aa l a aa
marathi_female_002003|t a o <wb> aa p a l a y a aa <wb> m a dh uu r a <wb> aa w a aa j a aa t a <wb> g a aa uu <wb> l a aa g a l a aa
marathi_female_002007|t a u jh a y a aa <wb> m aa dh u r y aa c y aa <wb> r a s aa t a <wb> s a r w a j a nx a mq <wb> n h aa uu n a <wb> n i gh a t ii l a <wb> m aa jh y aa t a l a mq <wb> a m a rq t a <wb> t a u l a aa <wb> p a aa w a n a <wb> k a r a ee l a
marathi_female_002016|t a y a aa <wb> jh a <wb> y a aa c a ee <wb> w a i sx a nx a nx a <wb> r a uu p a <wb> p a aa h a uu n a <wb> s w a r aa l aa <wb> kh a uu p a <wb> r a dx a uu <wb> y a ee uu <wb> l a aa g a l a ee
marathi_female_002025|gh a r aa mq t a <wb> g a dx a g a q j a <wb> s a q p a t a t a ii <wb> ee k u l a t aa <wb> ee k a <wb> l aa dx aa c aa <wb> k a aa m a <wb> k a dh a ii <wb> k a r aa w a mq c a <wb> l a aa g a l a q <wb> n a aa h a ii
marathi_female_002035|gh a r a ii <wb> aa l a aa <wb> sh ee txh a j ii mq c y aa <wb> h a aa t a aa w a r a <wb> aa txh a <wb> aa nx ee <wb> txh a ee w a l a ee
marathi_female_002048|a sh aa p r a k aa r ee <wb> w a y a aa p a aa r a ii <wb> p a r a t a y a ee k a <wb> a w a y a w aa c ii <wb> k a i q m a t a <wb> w aa dxh a w a t a <wb> h a o t a aa <wb> p a nx a <wb> bh a i k a aa r a ii <wb> ee k a h a ii <wb> a w a y a w a <wb> d a y a aa y a l a aa <wb> t a y a aa r a <wb> n a w a h a t a aa
marathi_female_002053|s a q p a uu r a nx a <wb> w a ee d a <wb> w ee d aa mq g aa c aa <wb> a bh a y a aa s a <wb> k a r a uu n a <wb> g a u r a uu c a ii <wb> p a r a w a aa n a g a ii <wb> gh a ee uu n a <wb> h a ee <wb> d a o gh a ee <wb> gh a r a ii <wb> p a r a t a <wb> aa l a ee
marathi_female_002056|l i kh i t aa n ee <wb> sh a mq kh aa k a dx ee <wb> bh a ee tx a ii l a aa <wb> j aa nx y aa c ee <wb> txh a r a w a l a ee <wb> t a y a aa p a r a m a aa nx a ee <wb> t a o <wb> g a ee l a aa <wb> p a nx a <wb> sh a q kh a <wb> k aa m aa n i m i t t a <wb> b a aa h a ee r a <wb> g a ee l a aa <wb> h a o t a aa
marathi_female_002072|c a o r a ii <wb> k a r a nx aa r y aa c aa <wb> h aa t a c a <wb> aa m a h a ii <wb> k aa p a t o <wb> r a aa j a aa <wb> m a h a nx a aa l a aa
marathi_female_002082|s a aa h a ee b a <wb> aa j a <wb> m a ii <wb> aa h a ee <wb> t a o <wb> aa p a l y aa m u lx ee c a
marathi_female_002083|ph a aa r a <wb> ph a aa r a <wb> w aa r sx aa p u r w ii <wb> m a ii <wb> ee k a aa <wb> t a lx a y aa c y aa <wb> sh ee j aa r uu n a <wb> ph a i r a t a <wb> a s a t a aa <wb> a c a aa n a k a <wb> t a o l a <wb> j a aa uu n a <wb> m a ii <wb> p a aa nx a y a aa t a <wb> p a dx a l a o
marathi_female_002094|t a y a aa c a <wb> g a r a d a ii t a <wb> m ii tx i mq g a l aa <wb> j a aa nx a y a aa c a ii <wb> gh a aa ii <wb> a s a l a ee l a y a aa <wb> r a m a ee sh a <wb> sh a r m aa mq n ii <wb> aa p a l a y a aa <wb> g a aa dx a ii c a aa <wb> w a ee g a <wb> w aa dxh a w a l aa
marathi_female_002116|t y aa w ee lx ee c y aa <wb> bh a aa r a t a aa c a y a aa <wb> p a q t a p a r a dh a aa n a <wb> sh a r a ii <wb> l aa l a b a h aa d uu r a <wb> sh aa s t r ii <wb> h a y a aa q c a y a aa <wb> p a t a n a ii
marathi_female_002125|s a aa t a <wb> aa txh a <wb> d a i w a s a aa q t a <wb> t u lx a sh ii <wb> w rq mq d aa w a n aa t a <wb> c a nx y aa mq c ii <wb> ch a aa n a <wb> r a o p a q <wb> jh a aa l a ii
marathi_female_002128|n a i t a y a <wb> n i y a m aa n ee <wb> t a o <wb> r o p aa mq n aa <wb> p a aa nx a ii <wb> tx a aa k a t a <wb> a s a ee <wb> w a <wb> t a y a aa q c a ii <wb> k a aa lx a j a ii <wb> gh a ee t a <wb> a s a ee
marathi_female_002134|g ou t a m a n ee <wb> p o t a mq <wb> aa nx a uu n a <wb> g u r u j ii mq c y aa <wb> p a u dxh a ee <wb> txh a ee w a l a q <wb> g u r u j ii <wb> kh u sx a <wb> jh a aa l a ee
marathi_female_002136|t u <wb> m a aa t a r a <wb> n a u s a t a ii c a <wb> p u j aa <wb> k a r a t a <wb> r aa h i l aa s a <wb> aa t a l a ee <wb> c a nx ee <wb> k i dx a <wb> l a aa g a uu n a <wb> kh a r a aa b a <wb> h a ii <wb> jh a aa l a ee <wb> a s a t a ii l a
marathi_female_002137|b u dh d i c aa <wb> w a aa p a r a <wb> k a ee l a aa <wb> t a r a <wb> j a ii w a n a aa t a <wb> y a sh a s a w a ii <wb> h a o t a aa <wb> y a ee t a ee
marathi_female_002140|c i m a nx ii <wb> s a aa r a kh a ii <wb> k a aa m a aa t a <wb> a s a ee <wb> aa lx a sh aa s aa r a kh a mq <wb> b a s a aa y a l a aa <wb> t a i l a aa <wb> m a u lx a ii c a <wb> aa w a dx a t a <wb> n a s a ee
marathi_female_002143|h a aa <wb> kh o dx a k a r a <wb> k aa w a lx aa <wb> k a o nx a aa l a aa c a <wb> aa w a dx aa y a c aa <wb> n a aa h a ii
marathi_female_002154|ee w a dxh a mq s a <wb> t a o q dx a <wb> k a r a uu n a <wb> k a u dx a k a u dx a t a <wb> u bh a aa <wb> r a aa h a i l a aa
marathi_female_002164|b i c aa r aa <wb> r a dx a <wb> r a dx a <wb> r a dx a l aa <wb> a n a <wb> gh a r a ii <wb> y a ee uu n a <wb> jh a o p a ii <wb> g a ee l a aa
marathi_female_002165|ee k a <wb> h a o t a ii <wb> k aa m a s uu <wb> c i m a nx ii <wb> t a ii <wb> l o lx a <wb> l o lx a <wb> l o lx a l ii <wb> t a r a <wb> m o t y aa n ee <wb> bh a r a l a ii
marathi_female_002172|dx aa w ii k a dx a <wb> c a y a aa <wb> w a aa tx a ee n a ee <wb> w a lx a l y aa w a r a <wb> d a h a aa <wb> m i n i tx aa mq t a c a <wb> aa p a nx a <wb> s a ii t a aa <wb> g u h ee p aa sh ii <wb> y a ee uu n a <wb> p a o h a o c a t a o
marathi_female_002173|p a d aa r p a nx a <wb> k a ee l a ee <wb> aa nx a i <wb> m a r a aa txh a ii <wb> m u l uu kh a <wb> t a aa b a y a aa t a <wb> gh a ee nx a y a aa s a <wb> s a u r a w a aa t a <wb> k a ee l a ii
marathi_female_002199|r aa gh uu sh ee tx a <wb> b a s s <wb> i t a k a q c a <wb> k a m a r ee c aa <wb> k i l l y aa mq c aa <wb> j u dx a g aa <wb> k a aa dxh a uu n a <wb> s a m a o r a <wb> tx a aa k a t a <wb> y a aa
marathi_female_002208|l aa n s a <wb> g i b j a c y aa <wb> w a lx a nx aa y aa <wb> b o l s a n aa <wb> kh ee lx a t aa n aa c ee <wb> d a dx a p a nx a <wb> j a aa nx a w a l a ee
marathi_female_002211|kh a aa q d a y a aa w a r a <wb> b a s a w a uu n a <wb> n aa c a l y aa m u lx ee <wb> dx a aa w a aa <wb> kh aa mq d aa <wb> ph r ae k c a r a <wb> jh a aa l a ee l a ee <wb> b r i j a <wb> m a o h a n a <wb> h a ee <wb> aa m a c a y a aa <wb> h a r a y aa nx aa <wb> s a q gh a aa t a <wb> h a o t a ee
marathi_female_002214|g u mq dx a y aa c ee <wb> k a aa m a <wb> a dh a i k a <wb> k a txh a ii nx a <wb> aa h a ee
marathi_female_002219|a r k aa c aa <wb> w a aa p a r a <wb> k a r a uu n a <wb> k ii tx a k aa p aa s uu n a <wb> s a q r a k a sx a nx a <wb> m a i lx a w a i nx a y a aa s a aa txh a ii <wb> a r k a <wb> k a i t a ii <wb> l a aa g a t a o <wb> t a ee <wb> k a lx ee l a
marathi_female_002226|t a y a aa c a ii <wb> p a r a w a ee sh a <wb> d w aa r ee <wb> w a ii s a <wb> m a ii tx a r a <wb> u q c a <wb> aa h a ee t a <wb> k u mq b a th a dx ii <wb> m a mq dx a p a m a <wb> m a dh a y a ee <wb> sh a mq k a r aa s a h a <wb> a n a ee k a <wb> d a ee w a <wb> d ee w a t aa mq c y aa <wb> t a s a ee c a <wb> rq sx ii m u n ii mq c y aa <wb> p a r a t a i m a aa <wb> aa h a ee t a
marathi_female_002240|aa p a l a y a aa <wb> t a o q dx a uu n a <wb> n a i gh a aa l a ee l a aa <wb> h a aa <wb> sh a l a o k a <wb> p a aa h a uu n a <wb> kh a u d a d a <wb> m a h a r a sx a ii q n a aa c a <wb> aa sh a c a r a y a <wb> w a aa tx a l a ee
marathi_female_002243|w a <wb> t a ee <wb> m a ou n a <wb> p a aa lx a uu n a <wb> u bh a ee <wb> r a aa h a i l a ee
marathi_female_002249|j a y a aa <wb> k a aa m a aa s a aa txh a ii <wb> m a h a nx a uu n a <wb> m a ii <wb> t u m h aa mq <wb> u bh a y a t a aa q n a aa <wb> b a o l a aa w a uu n a <wb> gh a ee uu n a <wb> aa l a o <wb> h a o t a o <wb> t a ee <wb> m a aa jh a ee <wb> k a aa m a <wb> aa t a aa <wb> s a q p a l a ee <wb> aa h a ee
marathi_female_002255|r a aa m a l a k a sx a m a nx a aa q n a aa <wb> b a r a o b a r a <wb> gh a ee uu n a <wb> w a i sh a w a aa m a i t a r a <wb> rq sx a i <wb> ii sh a aa n a y a <wb> d a i sh a ee n a ee <wb> c aa l uu mq <wb> l a aa g a l a ee
marathi_female_002262|n a q t a r a <wb> t a y a aa q n a ii <wb> t a ee th a ee <wb> h a j a r a <wb> a s a l a ee l a y a aa <wb> s a r a w a <wb> rq sx a ii <wb> m u n ii mq <wb> s a m a k a sx a <wb> r a aa m a l a k a sx a m a nx a aa q s a <wb> w a i sh a w a aa m a i t a r a <wb> rq sx a ii q c a aa <wb> j a ii w a n a w a rq t a t a aa q t a <wb> s a aa q g a i t a l a aa
marathi_female_002264|p a u sx a k a r a <wb> k a sx a ee t a r a aa q t a <wb> w a i sh a w a aa m a i t a r a aa q n a ii <wb> gh a o r a <wb> t a p a sh a c a r a y a aa <wb> k a ee l a ii
marathi_female_002272|t a y a aa q c a y a aa <wb> t a p a sh a c a r a y a ee c a y a aa <wb> t a aa p a aa n a ee <wb> t a r a i bh a u w a n a <wb> t a p a t a <wb> jh a aa l a ee
marathi_female_002290|k a aa r a nx a <wb> r a aa m a aa c a ii <wb> sh a p a th a <wb> gh a ee t a l a y a aa w a r a <wb> t a ii <wb> m a o dx a nx a ee <wb> sh a k a y a <wb> n a aa h a ii
marathi_female_002296|l a k a sx a m a nx a <wb> t a y a aa c a ee <wb> s a kh a ee <wb> m a i t a r a <wb> s a r a w a aa q c a aa <wb> n a i r a o p a <wb> gh a ee uu n a <wb> w a <wb> w a sh a i sx a txh a <wb> m a u n a ii q k a dx a uu n a <wb> sh a s a t a r a aa s a t a r a ee <wb> gh a ee uu n a <wb> aa l a aa
marathi_female_002309|s a k a aa lx a ii <wb> m a ii c a <wb> t a y a aa q n a aa <wb> g a q g a ee p a l a ii k a dx a ee <wb> p o mq c a t aa <wb> k a r a uu n a <wb> aa l a o
marathi_female_002320|r a aa m a aa ei w a j a ii <wb> m a ii <wb> w a n a w a aa s a aa s a <wb> j a aa t a o <wb> w a <wb> r a aa m a aa n a ee <wb> m a aa jh a y a aa ei w a j a ii <wb> r a aa j a y a <wb> s a w a ii k a aa r a aa w a ee
marathi_female_002321|a sh a aa <wb> t a r h ee n ee <wb> w a dx a i l a aa q c a y a aa <wb> aa j a nj a ee c a ee <wb> p a aa l a n a h a ii <wb> h a o ii l a <wb> w a <wb> s a r a w a aa q n a aa <wb> s a u kh a h a ii <wb> m a i lx a ee l a
marathi_female_002337|a n a ee k a <wb> p a r a w a t a <wb> n a d a y a aa <wb> w a <wb> n a aa l a ee <wb> aa nx a i <wb> w a i w a i dh a <wb> p a r a k a aa r a c a ee <wb> p a sh a uu <wb> aa nx a i <wb> p a k a sx a ii <wb> p a h a aa t a <wb> s a r a w a j a nx a <wb> aa n a q d a aa n a ee <wb> j a aa t a <wb> h a o t a ee
marathi_female_002344|r a aa j a y a aa bh a i sx a ee k a aa c a ii <wb> h a ii <wb> s a r a w a <wb> t a y a aa r a ii <wb> w a y a r a th a <wb> j a aa nx a aa r a <wb> n a aa h a ii q
marathi_female_002354|a y a o dh a y a ee h a uu n a <wb> r a aa m a l a k a sx a m a nx a <wb> s a ii t a ee s a h a <wb> n a i gh a aa l a ee <wb> t a ee <wb> k a r a u nx a <wb> d a rq sh a y a <wb> h a rq d a y a aa l a aa <wb> w a i d a ii r a nx a <wb> k a r a nx a aa r a ee <wb> h o t ee mq
marathi_female_002361|m a h a nx a j a ee <wb> t a uu q <wb> s a w a t a hq c a <wb> aa p a l a y a aa <wb> p a t a ii c a aa <wb> w a dh a <wb> k a ee l a aa s a
marathi_female_002371|k a aa y a <wb> t a u m a h a ii <wb> u q d a ii r a <wb> p a k a dx uu <wb> sh a k a t a aa
marathi_female_002374|w a i sx a nx a uu n a ee <wb> j a g a n a m a o h a i n a ii <wb> r a uu p a <wb> dh a aa r a nx a <wb> k a r a uu n a <wb> r a aa k a sx a s a aa q n a aa <wb> ph a s a w a i l a ee <wb> aa nx a i <wb> a m a rq t a <wb> d a ee w a aa q n a aa <wb> d a i l a ee
marathi_female_002379|sh a mq k a r aa l aa <wb> m a u l a g a aa <wb> jh a aa l a aa <wb> p a aa h a i j a ee <wb> w a <wb> t a y a aa c a y a aa <wb> h aa t ii c a <wb> t aa r a k aa s u r aa c aa <wb> w a dh a <wb> h a o ii l a
marathi_female_002403|a sh a aa c a <wb> p a r a k a aa r a ee <wb> t a y a aa q c a ii <wb> l a h a aa n a m a o txh a ii <wb> k a aa m a ee <wb> k a r a uu n a <wb> t a y a aa q c a ii <wb> s a ee w a aa c a aa k a r a ii <wb> k a r a ii
marathi_female_002409|j a y a w a i j a y a <wb> h a ee <wb> k a sh a y a p a <wb> p a r a j a aa p a t a ii c a ii <wb> p a t a n a ii <wb> d a i t a ii <wb> h a i c a y a aa p a o tx a ii <wb> h a i r a nx a y a k a sh a y a p a <wb> aa nx a i <wb> h a i r a nx a y a aa k a sx a <wb> y a aa <wb> n a aa m a ee <wb> j a n a m a l a ee
marathi_female_002416|g a j aa s u r a <wb> r uu p aa mq t ii l a <wb> w i gh n aa w a r a <wb> t a uu <wb> c a dxh a uu n a <wb> t a y a aa l a aa <wb> t u dx a w ii t a <wb> h a o t a aa s a
marathi_female_002431|t a u jh a y a aa <wb> m a u kh a aa q t a uu n a <wb> j a ee <wb> sh a b a d a <wb> b a aa h a ee r a <wb> p a dx a l a ee <wb> aa h a ee t a <wb> t a ee <wb> a m a o gh a <wb> aa h a ee t a
marathi_female_002433|a m a rq t a <wb> p a r a aa sh a n a <wb> k a r a uu n a <wb> a m a r a t a w a <wb> p a r a aa p a t a <wb> h a o t a aa c a <wb> d a ee w a <wb> g a r a w a aa n a ee <wb> h a i q dx a uu <wb> ph a i r a uu <wb> l a aa g a l a ee
marathi_female_002458|a sh a ii <wb> n a w a ii <wb> m a h a nx a <wb> aa t a aa <wb> r a uu dxh a <wb> h a o ii l a
marathi_female_002465|t a ee w a h a aa <wb> k a l a h a <wb> bh a o j a n a <wb> sh a i j a w a i nx a aa r a ii <wb> h a w a ii <wb> b a r a q <wb> k a aa <wb> m a l a aa
marathi_female_002477|t a ii n a <wb> k a r a o dx a <wb> d a ee w a <wb> h a y a aa <wb> m a ee lx a y a aa c a y a aa <wb> p a r a s a q g a ii <wb> g a q g a ee t a <wb> s a n a aa n a <wb> k a r a nx a aa r a <wb> aa h a ee t a
marathi_female_002504|aa nx a i <wb> k sx ii r a s aa r a g a r a <wb> m a mq th a n aa t uu n a <wb> l a k a sx a m a ii <wb> k ou s t u bh a <wb> p aa r i j aa t a k a <wb> c a mq d r a <wb> k a l p a w rq k sx a <wb> k aa m a dh ee n uu <wb> ei r aa w a t a <wb> h a t a t a ii <wb> u c c a sh r a w aa
marathi_female_002507|s a u r a aa <wb> m a d a y a <wb> p a i uu n a <wb> d a ee w a <wb> s u r a <wb> jh a aa l a ee
marathi_female_002517|t a y a aa q n a ii <wb> r a ee nx a u k a ee c a ee <wb> s a aa q t a w a n a <wb> k a ee l a ee <wb> aa nx a i <wb> aa p a l a y a aa <wb> y a ou g a i k a <wb> sh a k a t a ii n a ee <wb> j a m a d a g a n a ii l a aa <wb> j a i w a q t a <wb> k a ee l a ee
marathi_female_002518|k a aa r a t a w a ii r a y a aa c a aa <wb> d a ee h a <wb> t a y a aa <wb> s a th a i t a ii t a <wb> m a rq t a <wb> h a o uu n a <wb> j a m a i n a ii w a r a <wb> aa d a lx a l a aa
marathi_female_002521|y a j nj a k u mq dx aa mq t uu n a <wb> p a r a g a tx a <wb> h a o uu n a <wb> a g a n a i d a ee w a aa n a ee <wb> d a i l a ee l a ee <wb> p a aa y a s a d a aa n a <wb> gh a ee uu n a <wb> aa n a q d a aa n a ee <wb> t a o <wb> r aa j a w aa dx y aa mq t a <wb> g a ee l a aa
marathi_female_002527|n a q t a r a <wb> k a ei k a ee y a ii s a <wb> sh a q kh a <wb> w a <wb> p a d a m a aa c a y a aa <wb> a q sh a aa n a ee <wb> m a ou k a t a i k a <wb> n a ii l a <wb> w a r a nx a aa c a aa <wb> bh a r a t a <wb> j a n a m a l a aa
marathi_female_002537|l a q k a aa n a g a r a ii s a aa r a kh a q c a <wb> ee k a <wb> w a i sh a aa l a <wb> w a <wb> s a u q d a r a <wb> s a r a o w a r a <wb> h a o t a ee
marathi_female_002546|j a n a k a <wb> r a aa j a aa n a ee <wb> t a i l a aa <wb> bh a uu d a ee w a ii n a ee <wb> d a i l a ee l a aa <wb> p a r a s a aa d a <wb> s a m a j a uu n a <wb> p a r a ee m a aa n a ee <wb> aa p a l a ii <wb> m a u l a g a ii <wb> m a h a nx a uu n a <wb> u c a l a uu n a <wb> gh a ee t a l a ee
marathi_female_002550|j a y a w i j a y aa mq n ii <wb> p a r a t a <wb> w a i sx a nx a uu c a y a aa <wb> s a ee w a ee l a aa <wb> l a w a k a r a <wb> h a j a r a <wb> w a h a aa y a l a aa <wb> y a aa w a ee
marathi_female_002557|t a y a aa <wb> dh a k a k a y a aa n a ee <wb> r a aa w a nx a <wb> l a q k a ee t a <wb> j a aa uu n a <wb> p a dx a l a aa
marathi_female_002559|d u s a r y aa <wb> d a i w a sh a ii <wb> b a l a i p a r a t a i p a d a aa <wb> m a h a nx a uu n a <wb> b a l a ii c a ii <wb> p a uu j a aa <wb> h a o t a ee
marathi_female_002572|t a y a aa q n a aa <wb> i q d a r a aa c a aa <wb> m a t a s a r a <wb> w a aa tx a t a <wb> h a o t a aa <wb> m a h a nx a uu n a <wb> t a y a aa q n a ii <wb> t a ii n a <wb> m a s a t a k a aa q c a y a aa <wb> w a i sh a w a r a uu p a aa c a ii <wb> n a i r a m a i t a ii <wb> k a ee l a ii
marathi_female_002605|aa j a <wb> p a nx a <wb> m a l a ee r a i y a aa c a y a aa <wb> w a i sx a aa nx a u q c a ii <wb> w a rq d a dh a i <wb> r a o kh a uu n a <wb> t a y a aa c a aa <wb> i l a aa j a <wb> k a r a nx a y a aa s a aa txh a ii <wb> k a w a i n a aa i n a c a aa <wb> w a aa p a r a <wb> h a o t a o
marathi_female_002611|t a y a aa n a ee <wb> aa p a l a y a aa <wb> h aa t aa mq t ii l a <wb> d a q dx a aa n a ee <wb> m h aa t aa r y aa c y aa <wb> h aa t aa mq t ii l a <wb> b a ee dx a y a aa <wb> t a o dx a l a y a aa
marathi_female_002617|p a u sx a p a aa n a g a r a c a aa <wb> r a aa j a aa <wb> s a u sh a aa q t a <wb> ee k a <wb> s a uu j a nj a <wb> aa nx a i <wb> s a u s a w a bh a aa w a ii <wb> r a aa j a aa <wb> h a o t a aa
marathi_female_002618|t a o <wb> s a aa dh a uu q n a aa <wb> d a aa n a dh a r a m a <wb> k a r a ii t a <wb> a s a ee <wb> aa nx a i <wb> g a u nx a w a q t a <wb> k a w a ii <wb> w a <wb> k a l a aa k a aa r a aa q n a aa <wb> p a u r a s a k a aa r a <wb> d a ee t a <wb> a s a ee
marathi_female_002626|bh a ii m a h a ii <wb> sh a aa q t a <wb> w a <wb> s a aa l a s a <wb> s a w a bh a aa w a aa c a aa <wb> h a o t a aa
marathi_female_002627|n i m uu tx a p a nx ee mq <wb> t a o <wb> s a m a sh a aa n a aa c a y a aa <wb> d a i sh a ee n a ee <wb> c aa l uu mq <wb> l a aa g a l a aa
marathi_female_002636|m a ii <wb> a s a q <wb> p a aa h a i l a q y a <wb> k a ii q <wb> k a dh a ii k a dh a ii <wb> w i w ee k ii <wb> m aa nx a s ee mq <wb> j a y a aa q c a ee <wb> bh a k a t a <wb> a s a t a aa t a <wb> t a y a aa q c a ii <wb> t a ee <wb> aa r a aa dh a n a aa <wb> k a r a t a aa t a
marathi_female_002640|h a ee <wb> aa d a i w a aa s a ii <wb> g a nx a dx a k a aa m a rq g a aa q n a aa <wb> p a aa lx a uu n a <wb> t a y a aa q c a y a aa <wb> k a dx a uu n a <wb> sh a ee t a ii c a ii <wb> k a aa m a ee <wb> k a r a u n a <wb> gh a ee t a <wb> a s a t a
marathi_female_002643|h a y a aa w a ee lx a ii <wb> g a nx a dx a k a m a rq g a <wb> j a aa t a ii c a ee <wb> d a o n a <wb> t a r a u nx a <wb> w a aa gh a aa q w a r a <wb> b a s a uu n a <wb> w a ee g a aa n a ee <wb> t a i th a ee <wb> aa l a ee
marathi_female_002645|k a sx a t a r a i y a <wb> t a r a u nx a aa q n a ii <wb> ee k a <wb> s a i q h a <wb> p a aa lx a l a ee l a aa <wb> h a o t a aa <wb> t a y a aa <wb> s a i q h a aa l a aa <wb> w i gh n ee sh w a r a n ee <wb> dx a aa k a uu q w a r a t a ii <wb> aa k a r a m a nx a <wb> k a r a nx a y a aa s a aa txh a ii <wb> p a u k a aa r a l a ee
marathi_female_002650|g u h ee mq t u n a <wb> aa l a ee l a y a aa <wb> t a y a aa <wb> r a aa k a sx a s a ii c a y a aa <wb> k a i q k a aa lx a y a aa <wb> ei k a uu n a <wb> t a o <wb> t a i k a dx a ee <wb> w a lx a l a aa
marathi_female_002676|t a uu <wb> j a i w a aa w a r a <wb> u d a aa r a <wb> h a o uu n a <wb> y a aa <wb> bh a y a q k a r a <wb> s m a sh aa n aa mq t a <wb> ee k a tx a aa c a <wb> c a aa l a l a aa <wb> aa h a ee s a
marathi_female_002680|r a aa j a aa n a ee <wb> m a mq t r ii g a nx a <wb> w a <wb> i t a r a <wb> s a r a d aa r aa mq b a r o b a r a <wb> w a i c a aa r a w a i n a i m a y a <wb> k a ee l a aa
marathi_female_002683|t a ii <wb> p aa mq c a <wb> w a r a sx a aa q c a ii <wb> a s a t a aa n a aa <wb> a k a s a m a aa t a <wb> ee k a aa <wb> a n a o kh a y a aa <wb> r a o g a aa n a ee <wb> aa j a aa r a ii <wb> p a dx a l a ii
marathi_female_002688|l a o k a aa q n a aa <wb> p a r a th a m a <wb> t a o <wb> w a ee dx a aa <wb> aa h a ee <wb> a s a q <wb> w a aa tx a t a <wb> a s a ee
marathi_female_002690|aa nx a i <wb> n a q t a r a c a <wb> t a y a aa w a i sx a y a ii c a ii <wb> k a aa r a y a s a i d a dh a ii <wb> k a ee l a ii <wb> p a aa h a i j a ee
marathi_female_002700|k a aa r a nx a <wb> t a ii <wb> w a i d a y a aa <wb> a w a g a t a <wb> k a r a uu n a <wb> gh a ee uu n a <wb> t a y a aa c a aa <wb> u p a y a o g a <wb> k a r a nx y aa mq t a <wb> dh a o k a ee c a <wb> y a ee t a aa t a
marathi_female_002704|t a ee w a h a aa q <wb> p a r a ee t a aa c a y a aa <wb> aa mq t a <wb> l a p a l a ee l a aa <wb> w a ee t a aa lx a <wb> r a aa j a aa l a aa <wb> m a h a nx a aa l a aa
marathi_female_002712|t a y a aa n a ee <wb> jh a aa dx a aa w a r a uu n a <wb> sh a w a <wb> kh a aa l a ii <wb> u t a r a w a l a ee <wb> aa nx a i <wb> kh a aa q d a y a aa w a r a <wb> gh a ee t a l a ee
marathi_female_002721|p a aa nx a y a aa c a aa <wb> ee k a <wb> th a ee q b a h a ii <wb> n a aa h a ii <wb> d a ii r a gh a <wb> sh a w a aa s a <wb> gh a ee t a <wb> k a aa lx a j a ii y a u k a t a <wb> s w a r aa mq t a <wb> b a aa d a sh a h a aa <wb> m a h a nx a aa l a aa
marathi_female_002724|i t a r a <wb> d a r a b aa r y aa mq p r a m aa nx ee <wb> j a r a <wb> t a o <wb> g a p a p a <wb> b a s a l a aa <wb> a s a t a aa <wb> t a r a <wb> h a ii <wb> p a r a i s a th a i t a ii <wb> o dxh a w a l a ii <wb> n a s a t a ii
marathi_female_002725|aa p a nx a <wb> h a ii <wb> j a b a aa b a d a aa r a ii <wb> m a aa jh a y a aa w a r a <wb> s o mq p a w a l ii <wb> aa h a ee t a <wb> t a y a aa b a d a d a l a <wb> m a ii <wb> aa p a l a y a aa l a aa <wb> dh a n a y a w a aa d a <wb> d a ee t a o
marathi_female_002736|t y aa mq m a dh ee <wb> r aa j a w ei d y a <wb> h a k a ii m a <wb> j a l a ii m a <wb> kh aa n a <wb> y a aa c a aa h a ii <wb> s a m a aa w a ee sh a <wb> h a o t a aa
marathi_female_002737|t a o <wb> r a aa j a w a aa dx a y a aa t a <wb> j a aa nx a y a aa c a ii <wb> t a y a aa r a ii <wb> k a r a ii t a <wb> a s a t a aa n a aa c a <wb> k a aa q h a ii <wb> d a r a b a aa r a ii <wb> t a y a aa c a y a aa k a dx a ee <wb> aa l a ee
marathi_female_002744|kh a dx a g a w a r a m a aa <wb> m aa mq t r i k aa c y aa <wb> t a l a w aa r ii <wb> p a aa s a uu n a <wb> s a w a t a hq l a aa <wb> w aa c a w a t a <wb> m a h a nx a aa l a aa
marathi_female_002749|t a y a aa m a u lx a ee <wb> dh a g a ii n a ee <wb> bh a i q t a <wb> g a r a m a <wb> jh a aa l a ii <wb> aa h a ee <wb> aa nx a i <wb> m a aa jh a ee <wb> a q g a <wb> bh a aa j a t a <wb> aa h a ee
marathi_female_002750|th a o dx a y a aa c a <wb> w ee lx aa mq t a <wb> kh a o l a ii c a ee <wb> ch a t a <wb> kh a aa l a ii <wb> k a o s a lx a nx a aa r a <wb> aa h a ee <wb> a s a q <wb> m a h a nx a t a <wb> j a ii w a d a n a t a <wb> m h aa t aa r y aa j a w a lx a <wb> aa l a aa
marathi_female_002753|j a w a lx a <wb> j a w a lx a <wb> sh a q bh a r a <wb> w a r a sx a aa q p a uu r a w a ii <wb> n a r a m a d a aa <wb> n a d a ii c a y a aa <wb> k a aa txh a aa j a w a lx a ii l a <wb> j a q g a l a aa t a <wb> aa d a i w a aa s a ii <wb> l a o k a <wb> r a aa h a aa t a <wb> h a o t a ee
marathi_female_002763|t a o <wb> bh a aa l a aa <wb> s a i q h a aa p a aa s a uu n a <wb> ph a uu tx a bh a r a <wb> a q t a r a aa w a r a <wb> j a aa uu n a <wb> j a m a i n a ii w a r a <wb> p a dx a l a aa
marathi_female_002772|t a y a aa l a aa <wb> d a i s a l a ee <wb> k a ii <wb> ee k a <wb> k a aa lx a ii <wb> k a bh a i n a n a <wb> h a i dx a ii s a <wb> r a aa k a sx a s a ii <wb> t a y a aa q c a y a aa k a dx a ee <wb> dh a aa w a t a <wb> y a ee t a ee <wb> aa h a ee
marathi_female_002774|h a ii <wb> k a o nx a ii <wb> r a aa k a sx a s a ii <wb> k a i q w a aa <wb> dx a o q g a r a ii <wb> l a aa w a s a tx a <wb> aa h a ee <wb> k a ii <wb> k a aa y a
marathi_female_002786|j a ii w a <wb> g a u r a u <wb> bh a l a l a uu k a <wb> aa nx a i <wb> t a y a aa c a y a aa <wb> tx a o lx a ii c a aa <wb> k a aa q h a ii <wb> p a t a t a aa <wb> l a aa g a t a <wb> n a aa h a ii
marathi_female_002792|j a m a ee l a <wb> t a ee w a dxh a y a aa <wb> l a w a k a r a <wb> t a y a aa q n a aa <wb> m a aa r a u n a <wb> t a y a aa l a aa <wb> t a ee th a uu n a <wb> n a i gh a uu n a <wb> j a aa y a c a ee <wb> h a o t a ee
marathi_female_002835|k a ee y a uu r a <wb> r a aa j a y a aa c a y a aa <wb> s a ee n a aa p a t a ii c a aa <wb> a k a aa l a ii <wb> m a rq t a y a uu <wb> jh a aa l a aa
marathi_female_002837|p a aa uu s a <wb> p a dx a t a <wb> n a aa h a ii <wb> t a o p a r a y a q t a <wb> a sh a ii c a <wb> p a r a i s a th a i t a ii <wb> r a aa h a ii l a <wb> j a h o mq p a n h o mq
marathi_female_002844|t a y a aa <wb> b a o l a nx a y a aa w a r a <wb> a s a w a l a aa c a ee <wb> k a aa t a dx a ee <wb> p a aa q gh a r a l a ee l a aa <wb> m a aa nx a uu s a <wb> j a o r a aa n a ee <wb> h a mq s aa y a l aa <wb> l a aa g a l a aa <wb> aa nx a i <wb> m a h a nx a aa l a aa
marathi_female_002847|t a y a aa n a ee <wb> k a aa q h a ii <wb> k a txh a o r a <wb> p a r a i sh a r a m a <wb> k a ee l a ee <wb> n a aa h a ii t a <wb> p a nx a <wb> t a y a aa n a ee <wb> c a m a t a k a aa r a <wb> gh a dx a w a l a ee
marathi_female_002858|aa p a l a y a aa <wb> j ii w aa c ii s u d dh aa mq <wb> p a r a w a aa <wb> n a <wb> k a r a t a aa <wb> t a uu <wb> h a ee <wb> s a aa h a s a <wb> k a r a t a o <wb> aa h a ee s a
marathi_female_002860|t a s a ee <wb> a s a ee l a <wb> t a r a <wb> t a uu <wb> a t a i sh a y a <wb> s a aa w a dh a <wb> a s a aa y a l a aa <wb> h a w a ee s a
marathi_female_002877|m a g a <wb> d a r a b a aa r a ii <wb> n a i gh a uu n a <wb> g a ee l a ee <wb> w a <wb> h a k a ii m a n a ee <wb> r a aa j a w a aa dx a y a aa k a dx a ee <wb> dh a aa w a <wb> gh a ee t a l a ii
marathi_female_002878|t a y a aa n a ee <wb> p aa y aa p aa s uu n a <wb> g a lx y aa p a r y a mq t a <wb> ee k a <wb> n a k a sx a ii d a aa r a <wb> j a aa dx a <wb> d u l a ii <wb> p aa mq gh a r a l ii <wb> h a o t a ii
marathi_female_002883|w ii r a p uu r a <wb> r a aa j a aa c a y a aa <wb> p a r a aa nx a ii s a q g a r a h a aa l a y a aa c a y a aa <wb> a dh i k aa r y aa <wb> j a w a lx a <wb> aa t a aa <wb> k a ee w a lx a <wb> s a aa t a <wb> s a ei n a i k a <wb> u r a l a ee <wb> h a o t a ee
marathi_female_002886|aa p a l a y a aa <wb> m a i sh a aa q w a r a <wb> h a aa t a <wb> ph a i r a w a ii t a <wb> sh a dx a dx a uu <wb> txh a o k a t a <wb> t a ee <wb> o r a dx a l a ee
marathi_female_002890|h a ee <wb> l a k a sx a aa t a <wb> txh a ee w a <wb> k a ii <wb> r a u p a <wb> b a d a l a t a <wb> a s a t a aa t a
marathi_female_002898|k a aa q h a ii h a ii <wb> n a <wb> b a o l a t a aa <wb> aa m a h a ii <wb> a n u n i r w a l aa <wb> y a ee uu n a <wb> p o mq c a l o <wb> h a o t a o <wb> h a ee <wb> m a l a aa <wb> s a m a j a l a q
marathi_female_002900|p a nx a <wb> t a y a aa <wb> o l a y a aa <wb> a q dh a aa r a w a aa tx a aa q w a r a t a ii <wb> m a aa jh a y a aa s a aa txh a ii <wb> k a aa y a <wb> w a aa dxh a uu n a <wb> txh a ee w a l a ee l a ee <wb> a s a ee l a
marathi_female_002902|m a l a aa <wb> w a aa tx a l a q <wb> k a ii <wb> p a aa nx a ii <wb> m a aa jh a y a aa <wb> h a aa t a aa <wb> kh a aa l a ii <wb> sh a r a w a aa s a <wb> gh a ee t a <wb> h a o t a ee
marathi_female_002917|b aa lx a p a nx aa p aa s uu n a c a <wb> t a o <wb> w a dx ii l a dh aa r y aa mq k a dx uu n a <wb> w a y a aa p a aa r a aa c a ee <wb> b a aa r a k a aa w a ee <wb> sh a i k a t a <wb> aa l a aa <wb> h a o t a aa
marathi_female_002919|k aa sh ii n a g a r ii mq t a <wb> m a q d a m a t a ii <wb> n a aa q w a aa c a aa <wb> aa nx a kh a ii <wb> ee k a <wb> w a y a aa p a aa r a ii <wb> r a aa h a aa t a <wb> h a o t a aa
marathi_female_002925|j i th ee mq <wb> j a aa ii n a <wb> t i th ee mq <wb> m a ii <wb> s a aa q g a ii n a <wb> t a y a aa <wb> k a i q m a t a ii l a aa <wb> m a aa l a <wb> w a i k a uu n a <wb> tx a aa k a t a aa <wb> y a ee ii l a
marathi_female_002932|t a y a aa <wb> d a i w a sh a ii <wb> t a y a aa l a aa <wb> m a aa lx a y a aa q n a ii <wb> ph a u l a jh a aa dx a ee s a u d a dh a aa <wb> d a i l a ii
marathi_female_002937|ee k a <wb> m a aa lx a ii <wb> u n h aa t aa n h aa mq t a <wb> jh a aa dx a aa q n a aa <wb> p a aa nx a ii <wb> gh a aa l a ii t a <wb> h a o t a aa <wb> t a o <wb> r a aa j a aa l a aa <wb> d a i s a l a aa
marathi_female_002948|aa m a c a y a aa <wb> g aa mq w aa l aa <wb> ee k a aa <wb> kh a tx a y a aa lx a <wb> bh a u t a aa n a ee <wb> ch a lx a aa y a l a aa <wb> s a u r a w a aa t a <wb> k a ee l a ii <wb> aa h a ee
marathi_female_002955|p a i q j a r a aa <wb> gh a ee uu n a <wb> t a o <wb> dx a o q g a r a aa p a l a ii k a dx a c a y a aa <wb> g u h ee mq t a <wb> aa p a l a y a aa <wb> gh a r a ii <wb> g a ee l a aa
marathi_female_002960|r a aa k a sx a s a ii nx a b a aa ii n a ee <wb> j ee w h aa mq <wb> p aa t ee l y aa mq t a <wb> p a aa h a i l a q <wb> t a ee w a h a aa q <wb> t a i l a aa <wb> p a aa nx a y a aa w a r a <wb> b a u dx a b a u dx a ee <wb> d a i s a l a ee
marathi_female_002982|b a o dh a i s a t a w a aa <wb> m a aa jh a ee <wb> w a aa ii tx a <wb> d a i w a s a <wb> aa l a ee <wb> aa h a ee t a
marathi_female_002983|y a aa <wb> w i sh w aa s aa n ee c a <wb> m a ii <wb> i th a w a r a <wb> aa l a o <wb> aa h a ee
marathi_female_003024|m a h a nx a uu n a <wb> bh a aa dx a y a aa ei w a j a ii <wb> t a o <wb> p a aa dx a aa c a <wb> m a h a aa t a aa r a ii l a aa <wb> d a ee uu n a <wb> m a aa l a k a <wb> n a i gh a uu n a <wb> g a ee l a aa
marathi_female_003030|m a h a nx a uu n a <wb> m a u l a aa c a ee <wb> n aa mq w a <wb> p a q c a aa y a u dh a <wb> a s a ee c a <wb> txh ee w a nx y aa mq t a <wb> aa l a ee
marathi_female_003039|w a aa tx a ee t a <wb> ee k a aa <wb> j a aa g a ii <wb> t a y a aa l a aa <wb> t a aa dx a aa m a aa dx a aa ee w a dxh a aa <wb> u q c a <wb> w a <wb> a w a aa dxh a w a y a <wb> d a ee h a dh a aa r a ii <wb> r a o m a aa q c a <wb> r a aa k a sx a s a <wb> bh a ee tx a l a aa
marathi_female_003040|sh a i w a aa y a <wb> s a r a w a <wb> a q g a aa w a r a <wb> a s a w a l a aa s a aa r a kh a ee <wb> l a aa q b a <wb> l a aa q b a <wb> k a ee s a h a ii <wb> h a o t a ee
marathi_female_003054|t a y a aa w a ee lx a ii <wb> ei q sh a ii <wb> k a o tx a ii <wb> w a r a aa h a <wb> k a i q m a t a ii c a y a aa <wb> m a aa l a m a t a t a ee c a ee <wb> t a ee <wb> s a w a aa m a ii <wb> h a o t a ee
marathi_female_003061|t a y a aa q c a y a aa <wb> w aa tx ee mq w a r a <wb> ee k a <wb> n a d a ii <wb> l a aa g a l a ii <wb> t a ii <wb> p a aa r a <wb> k a r a uu n a <wb> j a aa w a y a aa c a ii <wb> h a o t a ii
marathi_female_003072|ee k a <wb> u th a lx a <wb> kh a dx a dx a aa <wb> j a m a ii n a ii t a <wb> kh a nx a nx a y a aa t a <wb> y a ee t a o <wb> aa nx a i <wb> kh a ee lx a aa c a aa <wb> dh a y a ee y a <wb> a q tx a ii l a aa <wb> h a y a aa <wb> kh a dx a dx a y a aa t a <wb> tx a aa k a nx a y a aa c a aa <wb> aa h a ee
marathi_female_003073|aa t a aa <wb> a q tx a ii l a aa <wb> aa p a l a y a aa <wb> k a dx a ee <wb> kh ee c aa <wb> aa nx a i <wb> dx a aa w a y a aa <wb> h a aa t a aa c a y a aa <wb> t a r j a n ii n ii <wb> a q tx a ii l a aa <wb> h a w a y a aa <wb> t a y a aa <wb> d i sh ee t a <wb> j o r aa n ii <wb> s o dx a nx y aa s aa txh ii <wb> dh a k a k a aa <wb> d a y a aa
marathi_female_003080|h a y a aa q n a aa <wb> p a u n a h a aa <wb> t a s a c a <wb> bh a i r a k a w a uu n a <wb> s a ii dh a y a aa <wb> t a lx a h a aa t a aa t a <wb> dh a r a aa y a c a <wb> a s a t a
marathi_female_003087|l a k a sx a aa t a <wb> txh a ee w a aa <wb> a q tx a ii l a aa <wb> dh a k a k a aa <wb> d a ee t a aa n a aa <wb> t a u m a c a aa <wb> dx a aa w a aa <wb> a q g a txh a aa <wb> d a rq dxh a p a nx a ee <wb> j a m a ii n a ii l a aa <wb> tx a ee k a l a ee l a aa <wb> a s a l a aa <wb> p a aa h a i j a ee
marathi_female_003092|r a aa m a aa n a ee <wb> c a k a i t a <wb> h a o uu n a <wb> dh a r a m a bh a rq t a <wb> m u n ii mq n aa <wb> w a i c a aa r a l a ee
marathi_female_003105|aa nx a i <wb> t a ii <wb> m a aa jh a y a aa sh a ii <wb> k a dh a ii h a ii <wb> k a txh o r a p a nx ee <wb> w aa g a l ii <wb> n a aa h a ii
marathi_female_003107|ee k a <wb> s a u q d a r a <wb> w a <wb> a d a bh a u t a <wb> gh a tx a n a aa <wb> aa j a h a ii <wb> m a h a aa r a aa sx a tx a r a aa t a <wb> p a r a c a l a i t a <wb> aa h a ee
marathi_female_003108|k a ii q <wb> j a y a aa <wb> w a y a k a t a ii s a aa txh a ii <wb> t a uu <wb> i t a k a ee <wb> k a sx a tx a <wb> jh ee l a t o <wb> aa h a ee s a <wb> t a ii <wb> w a y a k a t a ii <wb> k a i t a ii <wb> s a w a aa r a th a ii <wb> aa h a ee
marathi_female_003116|t a y a aa q c a y a aa <wb> j a w a lx a <wb> ee k a <wb> h a j a aa r a <wb> w a r a aa h a <wb> ee k a <wb> s a o n a y a aa c a ee <wb> n aa nx ee <wb> t a y a aa q c a y a aa <wb> j a w a lx a <wb> j a m a aa <wb> jh a aa l a ee
marathi_female_003119|g a aa q dh a aa r a <wb> d a ee sh a aa c a y a aa <wb> t a k a sx a sh a i l a aa <wb> n a g a r a ii t a ii l a <wb> ee k a aa <wb> s a u p a r a s a i d a dh a <wb> g a u r a u k a u l a aa t a <wb> w a i d a y a aa bh a y a aa s a aa s a aa txh a ii <wb> p a aa txh a w a i l a ee
marathi_female_003122|s a r a <wb> h a m ph r ee <wb> dx ee w h ii <wb> s a r a <wb> h a m ph r ee <wb> dx ee w h ii
marathi_female_003136|s a mq g a nx a k aa n ee <wb> k a l a ee t a <wb> p r aa w i nx y a <wb> m a i lx a w a i nx a ee <wb> s a o dx a aa <wb> t a y a aa l a aa <wb> s a aa dh a ii <wb> k a l a aa <wb> s a m a j a l a ii <wb> t a r a ii <wb> t a y a aa l a aa <wb> b u dh d ii m aa n a <wb> m h a nx aa w a y aa s a <wb> h a w a ee
marathi_female_003156|w a aa dxh a t a y a aa <wb> ou d y o g ii k a r a nx aa m u lx ee <wb> m a o txh a y a aa <wb> sh a h a r a aa t a ii l a <wb> l a o k a s a q kh a y a aa <wb> jh a p a aa tx a y a aa n a ee <wb> w a aa dxh a t a <wb> aa h a ee
marathi_female_003164|t a ii <wb> p u r a w i nx y aa s aa txh ii <wb> m a o txh a ii <wb> d a u k a aa n a ee <wb> m o l a <wb> y a aa q c a ii h a ii <wb> t a y a aa t a <wb> bh a r a <wb> p a dx a t a ee
marathi_female_003178|t aa r ee <wb> k a aa <wb> p r a k aa sh a t aa t a <wb> y a aa c a ee <wb> g a uu dxh a <wb> m a aa nx a s a aa l a aa <wb> b a r a ee c a <wb> w a r a sx a ee <wb> p a dx a l a ee l a ee <wb> aa h a ee
marathi_female_003184|p a r a q t a u <wb> s a dh a y a aa <wb> p a r a t a y a ee k a <wb> r aa sx tx r aa c ii <wb> w i j ee c ii <wb> g a r a j a <wb> h a ii <wb> ph a aa r a c a <wb> w a aa dxh a l a ii <wb> aa h a ee
marathi_female_003193|m a h a nx a j a ee c a <wb> m a dh y aa n h ii <wb> s th aa n ii y a <wb> a k sx aa mq sh aa ee w a dxh aa <wb> s a uu r a y a <wb> d a k a sx a i nx a ee k a dx a ee <wb> k a l a l ee l aa <wb> a s a t a o
marathi_female_003195|j a aa dx a <wb> bh i mq t ii c aa <wb> u p a y a o g a <wb> u sx a nx a t a aa <wb> r o dh a k a <wb> m a h a nx a uu n a <wb> k a ee l a aa <wb> j a aa t a o
marathi_female_003200|dx ii <wb> d i w y aa mq c y aa <wb> w aa p a r aa m a dh y ee <wb> t w a r ii t a <wb> s a q p a uu r a nx a <wb> t ii w r a t ee c aa <wb> p a r a k a aa sh a <wb> m a i lx a w a i t a aa <wb> y a ee t a o
marathi_female_003207|ee l a <wb> d i w y aa mq c y aa <wb> w aa p a r aa k a r i t aa <wb> j a ee w a dxh a ii <wb> uu r j aa <wb> l a aa g a t a ee <wb> t a y a aa c a y a aa <wb> w ii s a tx a k k ee <wb> i t a k a y a aa <wb> k a m a ii <wb> uu r j ee c aa <wb> w a aa p a r a <wb> k a r uu n a d ee kh ii l a <wb> s u kh a k aa r a k a <wb> p a r a k a aa sh a <wb> m a i lx a w a i nx a ee <wb> sh a k a y a <wb> jh a aa l a ee <wb> aa h a ee
marathi_female_003217|bh a aa r a t a aa m a dh a y a ee <wb> s a u dh a d a aa <wb> aa dh a u n a i k a <wb> t a mq t r aa c y aa <wb> s a h a aa y a y a aa n a ee <wb> s uu r y a sh a k t i c ee <wb> p a r a k a l a p a <wb> a n a ee k a <wb> txh a i k a aa nx a ii <wb> s a u r a uu <wb> aa h a ee t a
marathi_female_003221|d a o n a <wb> k i l o w ae tx a <wb> t a aa s a <wb> ee w a dxh a ii <wb> uu r j aa <wb> d a r a <wb> c ou r a s a <wb> m ii tx a r a l aa <wb> m a i lx a uu <wb> sh a k a t a ee
marathi_female_003227|a s a ee <wb> p a th a d a r sh a k a <wb> d a i w a ee <wb> a t a i sh a y a <wb> k a m a ii <wb> p a r a k a aa sh a <wb> d a ee t a <wb> a s a t a
marathi_female_003228|m a uu l a t a hq <wb> ph o s ph a r a <wb> w a <wb> ii p o k s ii c ee <wb> j a ee <wb> m i sh r a nx a <wb> k a p a m a dh y ee <wb> s aa txh a w a nx ee t a <wb> y a ee t a ee <wb> t a y a aa c a y a aa <wb> g u nx a dh a r m aa w a r a <wb> aa dh a aa r a i t a <wb> p a r a k a aa sh a <wb> m i lx a w a t aa <wb> y a ee t a o
marathi_female_003233|p a r a g a t a ii c a aa <wb> ee k a <wb> a w a i bh a aa j a y a <wb> gh a tx a k a <wb> a s a nx a aa r a aa <wb> b aa mq dh a k aa m a i m aa r a t a <wb> h a aa <wb> w i bh aa g a <wb> p a r y aa w a r a nx aa s a
marathi_female_003234|bh a w a i sx a y a aa t a <wb> a s a ee <wb> kh a r a o kh a r a ii c a <wb> gh a dx a l a ee <wb> t a r a <wb> k a aa y a <wb> h a o ii l a
marathi_female_003236|r a s t y aa mq c aa <wb> w a aa p a r a <wb> p a r a aa m a u kh a y a aa n a ee <wb> ph a k a t a <wb> w a s a t a uu q c a ii <wb> w a aa h a t a uu k a <wb> k a r a nx y aa s aa txh ii c a <wb> h a o ii l a
marathi_female_003239|y a aa t a ii l a <wb> kh aa r ii c aa <wb> w a aa tx a aa <wb> p a r a t a y a ee k a aa n a ee <wb> aa p a aa p a l a y a aa <wb> p a r a ii n a ee <wb> u c a l aa y a l aa c a <wb> h a w a aa
marathi_female_003241|d a ee sh a aa c a ii <wb> r aa sx tx r aa c ii <wb> j a g aa c ii <wb> p a r y aa y aa n ee <wb> m a aa n a w a aa c a y a aa <wb> p r a g a t ii t ii l a <wb> ee k a <wb> m a u kh a y a <wb> gh a tx a k a m aa dh y a m a <wb> m a h a nx a j a ee <wb> j a m a ii n a
marathi_female_003243|i m aa r a t ii c ii <wb> r a c a n a aa <wb> b a aa q dh a k a aa m a <wb> w a <wb> w a aa p a r a <wb> y aa s a g a lx y aa mq c aa <wb> ee k a t r i t a p a nx ee <wb> p a r y aa w a r a nx aa w a r a <wb> h a o nx a aa r a aa <wb> p a r a i nx a aa m a <wb> a t a i sh a y a <wb> m a h a t a w a aa c a aa <wb> txh a r a t a <wb> aa h a ee
marathi_female_003247|y a aa <wb> s a g a lx y aa mq c ee <wb> m a h a t a w a <wb> w a ee g a lx a y a aa <wb> p a d a dh a t a ii n a ee <wb> j a aa nx a w a uu <wb> l a aa g a l a ee <wb> aa h a ee
marathi_female_003256|kh o l a g a tx a <wb> j a m a i n a ii w a r a <wb> k a c a r a aa <wb> w a <wb> m a aa t a ii c a ee <wb> th a r a <wb> tx a aa k a uu n a <wb> r o l ii mq g a <wb> k a r a nx a ee
marathi_female_003258|t a y a aa <wb> m a aa n a aa n a ee <wb> k a c a r a aa <wb> p a r a k a r a i y a aa <wb> w a <wb> w i l h ee w aa tx ii s aa txh ii <wb> a g a d a ii <wb> k a m a ii <wb> kh a r a c a <wb> k a ee l a aa <wb> j a aa t a o
marathi_female_003260|p a r y aa w a r a nx aa t ii l a <wb> a s a m a t o l a <wb> w a <wb> p a r y aa y aa n ee <wb> gh a dx a t a <wb> c a aa l a l a ee l a ee <wb> a n a ee k a <wb> p a r a y a o g a <wb> y a aa t a uu n a <wb> m a n u sx y aa c ii <wb> j ii w a n a sh ei l ii c a <wb> aa m uu l aa g r a <wb> b a d a l a t a <wb> aa h a ee
marathi_female_003264|p a nx a <wb> y a aa <wb> p a dh a d a t a ii <wb> kh a r c i k a <wb> aa nx a i <wb> dh o k aa d aa y a k a h ii <wb> aa h a ee t a
marathi_female_003270|aa j a <wb> k a o lx a s a aa <wb> h a aa <wb> r a ee l a w a ee <wb> i q j a i n a <wb> aa nx a i <wb> aa g a b o tx ii t a <wb> w a aa p a r a l a aa <wb> j a aa t a o
marathi_female_003273|p a r a q t a u <wb> h a ee <wb> uu r j aa s t r o t a <wb> p r a c a l ii t a <wb> h a o nx a y a aa s a aa txh a ii <wb> a j a uu n a <wb> b a r a ee c a <wb> s a q sh a o dh a n a <wb> k a r a aa w a ee <wb> l a aa g a nx a aa r a <wb> aa h a ee
marathi_female_003279|m a aa t a r a <wb> h a w a aa m a aa n a <wb> m o s a m a <wb> w a <wb> s a th a aa n a <wb> y aa n u s aa r a <wb> y a aa t a <wb> b a d a l a <wb> h a o t a o
marathi_female_003285|k a aa h a ii <wb> a dh i k aa y aa c y aa <wb> w a <wb> m a q t a r a y a aa q c a y a aa <wb> k aa r y aa l a y aa t ii l a <wb> tx a y uu b a <wb> d a i w a s a aa <wb> u j ee dx ii h ii <wb> a n a w a dh aa n aa n ee <wb> j a lx a t a <wb> a s a t a aa t a
marathi_female_003287|a sh a aa <wb> dx aa y o dx a <wb> p a aa s a uu n a <wb> w i d y u t a <wb> p a r a k a aa sh a <wb> m i lx a w a t aa <wb> y a ee t a o <wb> h a ee <wb> t a q t a r a j a nj a aa n a <wb> a l a i k a dx a ee <wb> p a r a g a t a <wb> jh a aa l a ee <wb> aa h a ee
marathi_female_003288|dx ii <wb> t a mq t r a j nj aa n aa m u lx ee <wb> h a aa <wb> d a o sx a <wb> k a aa dxh a uu n a <wb> tx a aa k a nx a ee <wb> sh a k a y a <wb> jh a aa l a ee <wb> aa h a ee
marathi_female_003292|bh aa r a t ii y aa mq n ii mq <wb> k a ee l a ee l a y a aa <wb> w i j nj aa n o p aa s a n ee mq t a <wb> a t a y a q t a <wb> r a ee kh a ii w a <wb> a s ee mq <wb> sh a aa s a t a r a <wb> j a r a <wb> k a o nx a t a ee <wb> h aa t aa lx a l ee mq <wb> a s a ee l a <wb> t a r a <wb> t ee mq <wb> g a nx i t a <wb> sh a aa s a t a r a <wb> h a ee q <wb> h a o y a
marathi_female_003317|a s a aa <wb> s uu r y a p r a k aa sh a <wb> k a m a ii <wb> t aa p a m aa n aa c aa <wb> w a <wb> a dh a i k a <wb> aa l a h a aa d a d a aa y a k a <wb> a s a t o c a <wb> p a nx a <wb> m a u kh a y a <wb> m a h a nx a j a ee <wb> y a aa m a u lx a ee <wb> w i j ee c y aa <wb> kh a r a c a aa t a <wb> kh a uu p a c a <wb> b a c a t a <wb> h a o t a ee
marathi_female_003325|p a r a d ee sh aa m a dh y ee <wb> p o w a r a <wb> p l ae tx a <wb> s a uu r a y a <wb> w i j ee w a r a <wb> c aa l a nx aa r ee <wb> ph r i j a <wb> s uu r y a w ii j a <wb> k a ee q d a r a ee <wb> i t a y a aa d a ii <wb> w a aa p a r a aa t a <wb> aa l a ee <wb> aa h a ee t a
marathi_female_003331|p a r a i sx a d a <wb> m u mq b a ii s a <wb> s a u r a uu <wb> jh a aa l a y a aa w a r a <wb> l a w a k a r a c a <wb> m a h a aa r a aa sx a tx a r a aa t a <wb> w a <wb> m a h aa r aa sx tx r aa b aa h ee r a <wb> p a r i sx a d ee c y aa <wb> sh aa kh aa <wb> w a <wb> w i bh aa g a <wb> s a u r a uu <wb> jh a aa l a ee
marathi_female_003336|n y uu tx a n a c ee <wb> g a t i w i sx a y a k a <wb> t a ii n a <wb> n a i y a m a <wb> aa j a c a y a aa <wb> a w a k aa sh a y u g aa t a <wb> p rq th w ii w a r uu n a <wb> a q t a r a aa lx a aa t a <wb> jh ee p aa w a nx aa y aa <wb> a g n i b aa nx aa c y aa <wb> u dx dx aa nx aa t a <wb> p a aa y a aa bh a uu t a <wb> m a h a t a t a w a aa c a ee <wb> aa h a ee t a
marathi_female_003342|y a aa s a aa txh a ii <wb> l a aa g a nx a aa r a ii <wb> s a aa dh a n a <wb> s aa m u g r ii <wb> m a n u sx y a b a lx a <wb> w a <wb> aa r a th a i k a <wb> t a r a t a uu d a <wb> b a h a u t a ee k a <wb> n a g a r a p aa l i k aa mq c y aa <wb> aa w aa k y aa b aa h ee r a c ii <wb> g a o sx a tx a <wb> a s a t a ee
marathi_female_003345|t a y a aa t a <wb> s a r a w a aa q n a ii <wb> u t s ph uu r t a p a nx ee <wb> s a h a bh a aa g a <wb> gh a ee nx a ee <wb> aa w a sh a y a k a <wb> aa h a ee
marathi_female_003361|w i sh w a r a c a n ee mq t ii l a <wb> w a r t u lx aa t m a k a <wb> g a t ii c y aa <wb> k a l a p a n a ee l a aa <wb> dh a k a k a aa <wb> d a ee nx a y a aa c a ee <wb> sh r ee y a <wb> bh a aa r a t a ii y a aa q n a aa <wb> m i lx a t ee mq
marathi_female_003373|ee k a <wb> sh a ee <wb> d a o n a <wb> p i t a lx ee c y aa <wb> bh a aa q dx a y a aa t a <wb> t aa k a <wb> k a lx a k a t ee <wb> m a aa t a r a <wb> k a l h a ii <wb> l a aa w a l a ee l a y a aa <wb> bh a aa q dx a y a aa t a <wb> t a ee <wb> k a lx a k a t a <wb> n a aa h a ii
marathi_female_003382|m a h a nx a j a ee <wb> k a aa h a ii <wb> gh a tx a n a aa <wb> gh a dx a l a ii <wb> k a ii <wb> t a y a aa <wb> s a mq d a r bh aa t ii l a <wb> s a m a rq t a ii <wb> j aa g rq t a <wb> h a o t a aa t a
marathi_female_003386|sh a aa s a t a r a j a nj a <wb> a s a aa <wb> s a q g a nx a k a <wb> b a n a w i nx y aa c aa <wb> aa nx a i <wb> y a mq t r a m aa n a w aa l aa <wb> s w a y a mq p uu r nx a <wb> b a n a w i nx y aa c aa <wb> aa tx o k aa tx a <wb> p a r a y a t a n a <wb> k a r a ii t a <wb> aa h a ee t a
marathi_female_003388|m ee mq d uu c y aa <wb> a bh y aa s aa w a r a <wb> aa t a aa <wb> aa p a l a y a aa <wb> sh aa s t r a j nj aa mq n ii <wb> l a k a sx a <wb> k ee mq d r ii t a <wb> k a ee l a ee <wb> aa h a ee
marathi_female_003395|m a aa t a r a <wb> k a aa m a <wb> k a o nx a t a ee <wb> k a r aa w a y aa c ee <wb> y a aa c a ii <wb> m a aa h a i t a ii <wb> y a mq t r a m aa n a w aa t ii l a <wb> s a mq g a nx a k aa l aa <wb> d a y a aa w a ii <wb> l a aa g a t a ee
marathi_female_003399|j a l a p r a d u sx a nx aa m u lx ee <wb> n a i r a m a aa nx a <wb> h o nx aa <wb> y a aa <wb> s aa th ii mq c y aa <wb> n i y a mq t r a nx aa s aa txh ii <wb> y a aa <wb> p r a y o g a sh aa lx aa mq m a dh uu n a <wb> bh a r aa r ii <wb> p a th a k ee <wb> p aa txh a w a l ii <wb> j a aa t a aa t a
marathi_female_003407|sh a t aa w a r ii <wb> a sh w a g a mq dh aa <wb> b aa lx a mq t a sh ee p aa <wb> k a i q w a aa <wb> s aa l a m i s t r ii <wb> s a ph a ee d a <wb> m u s a lx ii <wb> y a aa q c a ii <wb> p a aa w a dx a r a <wb> d u dh aa b a r o b a r a <wb> d a y a aa w a ii
marathi_female_003428|t a s a ee c a <wb> a q t a r a g a t a <wb> t a p aa s a nx ii t a <wb> l i mq g a s aa mq s a r g i k a <wb> aa j aa r aa mq c y aa <wb> k a aa h a ii <wb> kh aa nx aa kh u nx aa <wb> aa dxh a lx a l y aa s a <wb> t a j j nj aa mq k a dx ee <wb> p aa txh a w aa w ee
marathi_female_003441|b aa h y a k a r nx aa c ii <wb> r a c a n a aa <wb> n a r a s aa lx a y aa s aa r a kh ii <wb> b a aa h a ee r a <wb> p a s a r a tx a <wb> w a <wb> aa t a <wb> n a lx ii p r a m aa nx ee <wb> a r a u q d a <wb> a s a t a ee
marathi_female_003449|g a r bh aa sh a y aa c y aa <wb> d aa b aa m u lx ee <wb> g u d aa sh a y aa w a r a <wb> d a aa b a <wb> y a ee uu n a <wb> m a l a w i s a r j a n aa l aa <wb> a dx a th a lx a aa <wb> y a ee t a o
marathi_female_003452|d a m aa <wb> y a aa <wb> aa j aa r aa t a <wb> sh w aa s a n a l i k aa <wb> aa k u mq c a n aa n ee <wb> a r a u q d a <wb> h a o uu n a <wb> sh w aa s o c ch w aa s aa l aa <wb> a dx a th a lx a aa <wb> y a ee t a o
marathi_female_003456|p a tx a k ii <wb> k a i q w a aa <wb> g ae s tx r o <wb> a s a ee l a <wb> t a r a <wb> t a o q dx a aa w a aa tx a ee <wb> s a aa kh a r a <wb> m ii txh a p aa nx ii <wb> d a ee uu n a <wb> h a lx a uu h a lx a uu <wb> u l a tx ii <wb> th aa mq b a t ee
marathi_female_003465|b aa lx aa s a <wb> r a o j a <wb> s a k a aa lx a c a y a aa <wb> k o w a lx a y aa <wb> u n a h a aa t a <wb> m a i n a i tx a ee <wb> txh ee w a l y aa s a <wb> dx a <wb> j ii w a n a s a t t w aa c ii <wb> g a r a j a <wb> bh aa g a t ee
marathi_female_003476|w i sx aa nx u p r a w ee sh aa n a mq t a r a <wb> s a aa dh a aa r a nx a p a nx a ee <wb> aa txh a <wb> d a h a aa <wb> d a i w a s a aa q t a <wb> g o w a r aa c ii <wb> l a k sx a nx ee <wb> d a i s a uu <wb> l a aa g a t a aa t a
marathi_female_003494|p a nx a <wb> bh uu l a <wb> d a ee uu n a <wb> g u d a d w aa r aa c ee <wb> s n aa y uu w a r t u lx a <wb> dxh i l ee <wb> k ee l y aa w a r a c a <wb> kh a r a aa <wb> aa r a aa m a <wb> p a dx a t a o
marathi_female_003499|aa y u r w ee d aa m a dh y ee <wb> r o g a n i d aa n aa t a <wb> k a ph a <wb> w aa t a <wb> p i t t a <wb> n aa dx ii <wb> i t a y a aa d a ii <wb> m a h a t a t a w a aa c a ee <wb> a s a t a ee
marathi_female_003502|a sh a aa <wb> w a y a k a t a ii <wb> ee k a l a k o mq dx a y aa <wb> h aa t a c ee <wb> r a aa kh a uu n a <wb> b o l a nx aa <wb> y a aa <wb> ee k a m aa r g ii <wb> ch a mq d i sx tx a <wb> aa nx a i <wb> th a q dx a <wb> w a aa tx a t a aa t a
marathi_female_003506|k a aa h a ii j a nx a aa q n a aa <wb> k a m a r ee w a r a c y aa <wb> dh o t a r aa c y aa <wb> r ee gh ee w a r a <wb> k a r k a r o g a <wb> jh a aa l a y a aa c a ee <wb> aa dxh a lx uu n a <wb> aa l a ee <wb> aa h a ee
marathi_female_003515|d u s a <wb> y a aa <wb> b a aa j a uu l a aa <wb> w a ee g a aa n a ee <wb> w aa dxh a nx aa <wb> y a aa <wb> aa dh a u n a i k a <wb> w ei d y a k a sh aa s t r aa l aa <wb> m a i lx a aa l a ee l a aa <wb> r aa j aa sh r a y a
marathi_female_003525|r o g aa c ee <wb> k a aa r a nx a <wb> aa nx a i <wb> b aa dh a l ee l ii <wb> s a q s a th a aa <wb> y aa n u s aa r a <wb> r o g aa mq c ee <wb> dxh o b a lx a <wb> w a r a g a ii k a r a nx a <wb> t a k a t a aa <wb> p a h a aa
marathi_female_003531|t aa p aa b a r o b a r a <wb> txh i k a txh i k aa nx a c y aa <wb> r a s a g r a mq th ii <wb> m a aa n a <wb> k aa kh a <wb> j aa mq gh a <wb> s u j a t aa t a <wb> w a <wb> th o dx a y aa <wb> d u kh a <wb> y a aa h a ii <wb> a s a t a aa t a
marathi_female_003539|y a aa s a aa txh a ii <wb> l a gh a w ii c y aa <wb> m aa r g aa t uu n a <wb> n a lx ii <wb> gh a aa l a uu n a <wb> kh a dx a y aa p a r y a mq t a <wb> h uu k a <wb> aa k a dx a aa <wb> n a ee l a aa <wb> j a aa t a o
marathi_female_003540|w a ei d a y a k a ii y a <wb> kh a r c aa p o tx ii <wb> c a ii j a w a s a t a uu <wb> w i k a nx ee <wb> aa nx a i <wb> k a r j ee <wb> k a aa dxh a nx a ee <wb> h a ii <wb> s a aa m a aa n a y a <wb> b a aa b a <wb> aa h a ee
marathi_female_003558|j a y a aa <wb> sh a h a r a aa t a <wb> m ei l aa p aa nx ii <wb> y a o j a n a aa <wb> aa h a ee <wb> t a i th a ee <wb> s ee p tx i k a <wb> tx a mq k a <wb> t a y a aa l a aa <wb> j a o dx a l a ee l a ee <wb> a s a t a aa t a
marathi_female_003564|t a y a aa c a b a r a o b a r a <wb> aa dh a u n a i k a <wb> ou sx a dh a sh aa s t r aa c ii <wb> ee k a <wb> p a dh d a t a <wb> sh a i s a t a <wb> t a y a aa r a <wb> jh a aa l a ii <wb> aa h a ee
marathi_female_003569|w i sx txh ee c aa <wb> r a q g a <wb> p aa mq dxh u r a k aa <wb> a s a ee l a <wb> t a r a <wb> w a i sh a i sx a tx a <wb> p a r a k a aa r a c a ii <wb> k aa w ii lx a <wb> a s a nx a y a aa c a aa <wb> s a q bh a w a <wb> a s a t a o
marathi_female_003570|t a ee <wb> aa j a p a r y a mq t a <wb> m a ii <wb> m ee dx i k o <wb> ph r ee mq dx a <wb> s a r k a l a <wb> y a aa <wb> aa r a o g a y a <wb> c a lx a w a lx a ii t a <wb> s a aa m a ii l a <wb> aa h a ee
marathi_female_003575|k a aa h a ii <wb> p a d a aa r a th a <wb> j a aa t a y a aa c a <wb> r u k sx a <wb> a s a t a aa t a <wb> w a <wb> p a o tx a aa t a <wb> m ei d aa <wb> m i txh aa ii <wb> b ee s a n a <wb> i t a y a aa d a ii <wb> h a aa n a ii <wb> k a r a t a aa t a
marathi_female_003584|t a s a ee c a <wb> k a sx a <wb> k i r a nx aa mq d w aa r ee <wb> m aa mq s a l a <wb> bh aa g aa c ee <wb> c a i t a r a <wb> ph a aa r a s a ee <wb> c a aa q g a l a ee <wb> y a ee t a <wb> n a aa h a ii
marathi_female_003592|y a aa <wb> s a aa dh a y a aa <wb> t a mq t r aa l aa <wb> ee m a w h ii ee <wb> m ae n y u a l a <wb> w h ae k y u m a <wb> s p i r ee sh a n a <wb> a s a ee <wb> m a h a nx a t a aa t a
marathi_female_003597|y a aa t a <wb> dx aa s aa mq c y aa <wb> a lx a y aa mq w i r u dh d a <wb> m a o h a ii m a <wb> j a mq t a w aa h a k a <wb> w a y a k a t a ii q n a aa <wb> u p a c a aa r a <wb> h a t t ii r o g a g r a s t a <wb> bh a aa g a aa t a <wb> s a r a w a aa q n a aa <wb> dx aa k aa jh i n a c aa <wb> dx ii ii <wb> y a aa q c a aa <wb> s a m a aa w a ee sh a <wb> aa h a ee
marathi_female_003603|sh a r a ii r a aa t a <wb> k a o txh a ee h a ii <wb> d a ii r a gh a k a aa lx a <wb> j a mq t u d o sx a <wb> r a aa h a nx a ee <wb> p a uu <wb> g a lx uu <wb> k sx a y a r o g a <wb> w i sx a m a j w a r a <wb> i t a y a aa d a ii <wb> aa j aa r aa mq t a <wb> r a k t a p aa mq dxh a r ii <wb> h a o t a ee
marathi_female_003605|jh a o p a uu n a <wb> l a gh a w ii <wb> k a r a nx a ee <wb> s a mq dx aa s a <wb> k a r a nx a ee <wb> a g a d a ii <wb> n aa k aa t a l aa <wb> sh ee mq b uu dx a <wb> k aa dxh a nx ee h ii <wb> j a dx a <wb> j a aa t a ee <wb> h a aa <wb> aa p a l a y a aa l a aa <wb> p a r a t a y a k a sx a <wb> a n a u bh a w a <wb> a s a t o c a
marathi_female_003608|t w a c ee j a w a lx a <wb> a s a l a y a aa n a ee <wb> m uu t r a p i mq dx aa t a l ee <wb> aa nx a i <wb> w a r a c a y a aa <wb> m uu t r a w aa h i n ii t a l ee <wb> l a h a aa n a <wb> kh a dx a ee <wb> ch o tx a y aa <wb> sh a s t r a k r i y ee d w aa r ee <wb> k a aa dxh a t a aa <wb> y a ee t a aa t a
marathi_female_003610|aa p a nx a <wb> aa p a l a y a aa <wb> s a bh a o w a t a aa l a c a y a aa <wb> u p a l a b a dh a <wb> w a n a s p a t ii mq m a dh uu n a <wb> p a q dh a r a aa <wb> w a ii s a <wb> w a n a s a p a t a ii q c a ii <wb> o lx a kh a <wb> k a r a uu n a <wb> gh a ee t a l a ii <wb> t a r a ii <wb> p a u r a t a ee
marathi_female_003621|m a h a nx a uu n a <wb> y a aa <wb> a s th i bh a mq g aa t a <wb> m a n a g a tx aa j a w a lx a c ii <wb> n aa dx ii <wb> c a aa l a uu <wb> aa h a ee <wb> k a i q w a aa <wb> n a aa h a ii <wb> h a ee <wb> t a p aa s a nx ee <wb> aa w a sh a y a k a <wb> aa h a ee
marathi_female_003626|y a aa <wb> p a d aa r th aa m a dh uu n a <wb> p a o sx a nx a <wb> k a m a ii <wb> h a o t a ee <wb> aa nx a i <wb> w i sx txh aa <wb> k a dx a k a <wb> k a o r a dx a ii <wb> h a o t a ee <wb> a s a ee <wb> aa y u r w ee d aa c ee <wb> s aa mq g a nx ee <wb> aa h a ee
marathi_female_003628|t a s a ee c a <wb> t a ee <wb> b a h a u dh a aa <wb> p aa w a l aa w a r a <wb> aa nx a i <wb> th o dx a y aa <wb> p a r a m a aa nx a aa t a <wb> h a aa t a aa w a r a <wb> w a i sh a ee sx a t a hq <wb> h a aa t a aa c a y a aa <wb> p a mq j y aa w a r a <wb> h a o t a aa t a
marathi_female_003641|k a aa r a nx a <wb> t y aa w ee lx ee p a r y a mq t a <wb> s i r ou h ii <wb> sh ei l ii n ee <wb> d a kh kh a n ii <wb> s ou mq d a r y a m uu l y aa sh ii <wb> s a u s a q g a t a <wb> a s a ee <wb> w a l a n a <wb> gh a ee t a l a ee <wb> h a o t a ee c a
marathi_female_003643|g aa n a t a p a s w i n ii <wb> m o g u b aa ii <wb> k u r dx ii k a r aa mq p ee k sx aa <wb> g aa n a s a r a s w a t ii <wb> k i sh o r ii <wb> aa m o nx a k a r a <wb> j a aa s a t a <wb> j a aa s a t a <wb> aa h a ee t a <wb> h a ee <wb> s a r w a s aa m aa n y aa mq c a mq <wb> m a t a <wb> aa h a ee
marathi_female_003661|r aa mq jh a c y aa <wb> ee k s a p r ee sh a n i s tx a <wb> n i s a r g a d rq sh y aa mq n aa h ii <wb> h ee b b a r a <wb> y a aa q c a y a aa <wb> p a o t a <wb> p r a y o g aa mq i t a k ii c a <wb> d a aa d a <wb> m a i lx a aa l a ii
marathi_female_003675|s a r w a s aa m aa n y a t a hq <wb> aa txh a w a y a aa <wb> sh a t a k aa p a r y a mq t a <wb> w i k a c ch a <wb> s a aa dx a ii <wb> aa nx a i <wb> dx a o k a y a aa w a r a uu n a <wb> p a d a r a <wb> p a r a th a aa <wb> h a o t a ii
marathi_female_003676|h a y a aa <wb> gh a tx a n ee c aa <wb> s m rq t ii p r ii t y a r th a <wb> c a r a c a c a y a aa <wb> m a n o y aa c ii <wb> u q c a ii <wb> w a aa dxh a w a uu n a <wb> t a o <wb> m a o txh a aa <wb> k a r a nx a y a aa t a <wb> aa l a aa
marathi_female_003677|g a d i <wb> m aa dx a g u lx a k a r a <wb> y a aa q n a ii <wb> aa p a l a y a aa <wb> g ii t a r aa m aa y a nx aa c aa <wb> k ou s t u bh a m a nx ii <wb> m a h aa r aa sx tx r a sh aa r a d ee sh c y aa <wb> k a mq txh aa t a <wb> b a aa q dh a l a aa <wb> aa h a ee
marathi_female_003680|p u t a lx aa <wb> b aa r a w ee t a <wb> ee k a aa <wb> txh a i k a aa nx a ii <wb> txh a lx a k a p a nx ee <wb> m a c ch i mq d r a n aa th aa mq c ii <wb> p a r a t a i m a aa <wb> b a s a w i l ii <wb> aa h a ee
marathi_female_003690|p a q dx a i t a <wb> b a aa lx a k a rq sx a nx a <wb> b u w aa <wb> i c a l a k a r a mq j ii k a r a <wb> w a i sx a nx a u <wb> d i g a mq b a r a <wb> p a l u s k a r a <wb> bh aa t a kh a mq dx ee <wb> bh aa s k a r a b u w aa <wb> b a kh a l ee <wb> p r o ph ee s a r a <wb> d ee w a dh a r a <wb> h a ee <wb> a g r a nx ii <wb> aa h a ee t a
marathi_female_003699|y a aa sh a i w a aa y a <wb> t ee r a <wb> n ee w aa s aa <wb> j u n n a r a <wb> n a aa sh a i k a <wb> aa d i <wb> k ee n d r ee h ii <wb> w a s t r a n i r m i t ii m a dh y ee <wb> a g r ee s a r a <wb> h a o t a ii
marathi_female_003709|t y aa mq c y aa m u lx ee <wb> dx o lx y a aa mq c ee <wb> s a ou q d a r a y a <wb> w a aa dxh a t a ee <wb> h ii s u d dh aa <wb> s a t a r a i y a aa q c a ii <wb> bh r aa m a k a <wb> k a l a p a n a aa <wb> a s a t a ee
marathi_female_003711|k o l h aa p uu r a c ii <wb> a mq b aa b aa ii <wb> kh a y a aa <wb> a r a th a aa n a ee <wb> a kh a i l a <wb> m a h a aa r a aa sx a tx a r a aa c a ii <wb> k u l a s w aa m i n ii <wb> txh a r a ee l a
marathi_female_003721|y a aa <wb> d a o n a <wb> n a w a y a aa <wb> m aa dh y a m aa mq b a r o b a r a <wb> n a w a ee <wb> w i sx a y a h ii <wb> b r i tx i sh aa mq b a r o b a r a c a <wb> y a ee th a ee <wb> aa l a ee
marathi_female_003722|y a j a m aa n aa n ee <wb> n aa g a m uu r t ii s a <wb> h a aa t a <wb> l a aa w a aa w a aa <wb> n a q t a r a <wb> bh uu j a ng a g ee sh aa n a <wb> w i g r a h ee <wb> s a r p a r aa j aa y a <wb> dh ou m a h i <wb> h a aa <wb> m a mq t r a <wb> m a h a nx a aa w a aa
marathi_female_003734|s a mq g a m a <wb> s aa h a b a <wb> s u j aa t aa <wb> w a <wb> b r a m h a c aa r ii <wb> y a aa <wb> c a i t a r a p a tx a aa t a uu n a <wb> t a ii <wb> p a r a g a l a bh a <wb> h a o t a <wb> g a ee l a ii
marathi_female_003744|s u b r a h m a nx y a m <wb> y a aa q c a y a aa <wb> m a t a d a aa r a s a q gh a aa t a <wb> t a ee <wb> h a aa <wb> k a r a <wb> r a d a d a <wb> k a r a nx a y a aa c a ee <wb> aa sh a w a aa s a n a <wb> d a ee t a aa t a
marathi_female_003746|p a uu r a w a ii <wb> s a mq s th aa n a <wb> a s a t a aa n a aa <wb> p aa l a kh ii k a r i t aa <wb> h a t a t a ii <wb> gh a o dx a ee <wb> w a g a ei r a ee <wb> s a r a w a <wb> l a w aa j a m aa <wb> a s a ee
marathi_female_003754|c a aa r a <wb> sh a ee <wb> b a y aa nx nx a w a <wb> m a aa nx a s a aa n a ee <wb> m a aa nx a u s a k a ii <wb> s a o dx a l a ii <wb> k a ii <wb> t a y a aa c a ee <wb> r a uu p a aa q t a r a <wb> p a sh uu t a <wb> h a o t a ee
marathi_female_003759|p r a bh aa w a t ii <wb> t a ee j a s a w a ii <wb> ei sh w a r y a sh aa l ii <wb> y ou w a n aa sh w a <wb> r a aa j a aa c a ii <wb> p a t a n a ii <wb> s uu r y a p a t n ii
marathi_female_003776|bh a r a t ii c y aa <wb> w a ee lx a ii <wb> p a aa nx a ii <wb> w a r a <wb> sh i r a t a <wb> a s a l a y a aa m a u lx a ee <wb> kh aa dx y aa <wb> n a i r a m a aa nx a <wb> jh a aa l a y a aa <wb> aa h a ee t a
marathi_female_003782|k a aa r a nx a <wb> th ee r a w aa d ii <wb> bh ii k sx uu <wb> m a h aa s aa mq gh i k aa mq n aa <wb> p aa kh a mq dx ii <wb> m a aa n a t a <wb> a s a t a
marathi_female_003783|s a mq dh i k aa l aa t a <wb> d u sx p r a w rq t t ii mq c ii <wb> h a o nx a aa r a ii <wb> w a aa dxh a <wb> s a mq dh y aa w a mq d a n aa n ee <wb> kh u mq tx a t ee
marathi_female_003791|u d a dh a w a <wb> w a <wb> r a aa j a <wb> txh a aa k a r a ee <wb> y a aa q c a y a aa <wb> j a n a m a aa p a aa s a uu n a <wb> h a aa <wb> s a q gh a r a sx a <wb> aa h a ee <wb> w a <wb> s a u r a uu c a <wb> r a aa h a nx a aa r a
marathi_female_003813|b a ii <wb> dx ii <wb> t aa ii n a <wb> d a aa r a <wb> u gh a dx a l a q <wb> p r a k aa sh ii <wb> c aa mq d a nx a mq <wb> n i kh a lx a t a <wb> h a o t a q
marathi_female_003814|sh a r a ii <wb> t r y a mq b a k ee sh w a r a c a r a nx ii <wb> a sh a ii <wb> p a r a aa r a th a n a aa <wb> k a r a ii t a <wb> aa h a ee <wb> k a ii <wb> s a g a lx y aa mq c a <wb> k a l a y a aa nx a <wb> w a h a aa w a q
marathi_female_003817|m i sh i c aa <wb> b aa l aa c aa <wb> p i lx a <wb> w i g a <wb> txh a ee uu n a <wb> dh aa r u n a <wb> s m aa r tx a <wb> m a h a nx a uu n a <wb> d i s a nx y aa c aa
marathi_female_003819|dh a r m a c ch a l a <wb> k a r a nx a aa y a aa <wb> j a mq j i y aa c y aa <wb> s i d d ii c y aa <wb> m a u l a ii n a ee <wb> h a aa <wb> gh a u m a tx a <wb> b a aa q dh a l a aa
marathi_female_003826|p a o lx a ii <wb> p u r ii sh ii <wb> k a i q w a aa <wb> b r ee dx a <wb> s ae mq dx a w i c ee s a m a dh ee <wb> c a aa q g a l a ee <wb> l a aa g a t a ee
marathi_female_003827|m a h a aa r a aa sx a tx a r a <wb> r a aa j a y a <wb> w i t t a <wb> m a h aa m a mq dx a lx a <wb> bh aa mq dx a w a l aa c aa <wb> p a u r a w a txh a aa <wb> k a r a t a ee
marathi_female_003846|t a th a aa p a i <wb> m aa m ee b a h i nx ii b a r o b a r a <wb> l a g a n a <wb> k a r a nx a y a aa s a <wb> m a u bh a aa <wb> aa h a ee
marathi_female_003853|k aa n h ee r ii t ii l a <wb> m i th u n a y u g m a <wb> sh i l p aa t a <wb> k u sh aa n a <wb> p a r a bh a aa w a <wb> d a i s a t a o
marathi_female_003856|kh u d a k a n a <wb> h a s a nx a ee <wb> r u s u n a <wb> b a s a nx a ee <wb> a n a <wb> u bh ii c a <wb> k aa y aa <wb> th a r a th a r a nx aa r ii
marathi_female_003861|n a w a y aa m u l aa l aa <wb> m a uu r a c a ch a aa <wb> aa l a ii <wb> dh aa dx a k a n a <wb> bh u ii w a r a <wb> p a dx a l a aa
marathi_female_003868|w ee d aa mq g a <wb> l a i h a i l a ee l a y a aa <wb> j a tx aa bh o r a <wb> m u n ii c y aa <wb> h ou s ee h u n a h ii <wb> a dh a i k a <wb> aa h a ee
marathi_female_003877|m ee dx a <wb> w a <wb> ee <wb> j a ii <wb> sh uu s m i th a <wb> y a aa q n a ii <wb> t a y a aa l a aa <wb> c i r a s th aa y ii <wb> k a ee l a ee
marathi_female_003890|i th a ee h a ii <wb> aa ii c a y a aa <wb> aa g r a h aa m u lx ee <wb> t a y a aa q n a ii <wb> b a ii <wb> k ee m a <wb> p a uu r a nx a <wb> k a ee l a q
marathi_female_003899|j y aa w a r a <wb> k a w ii c aa <wb> j a th aa <wb> u t a r aa y a c aa <wb> jh a o lx a y a aa <wb> gh a ee uu n a
marathi_female_003909|p a nx a <wb> j aa uu d ee <wb> r aa gh a w ee mq dh a l aa <wb> s a mq g a lx a mq <wb> m a aa h a ii t a <wb> aa h a ee
marathi_female_003913|t a i c a y a aa <wb> g a lx y aa sh ii mq <wb> s t a n aa s aa r a kh ee mq <wb> m a aa q s a <wb> l o mq b a mq t a <wb> a s a t ee mq
marathi_female_003916|aa p a nx a <wb> aa k aa sh aa mq t a <wb> u dx dx aa nx a <wb> k a r a uu n a <wb> t a y a aa c a y a aa <wb> j a w a lx a <wb> aa l a ii
marathi_female_003917|s a m a j a uu n a <wb> h a aa <wb> sh a b a d a <wb> t a r a <wb> m a l a aa <wb> ph a aa r a c a <wb> k a txh a ii n a <wb> aa h a ee <wb> r a ee
marathi_female_003925|r a aa nx a ii <wb> t a uu <wb> k a i t a ii <wb> k r u r a <wb> n i sx txh u r a <wb> aa nx a i <wb> d a u sx a tx a
marathi_female_003942|m a dh y a m a w a r g ii y a <wb> m a r a aa txh a ii <wb> k a u tx a u q b a aa t a <wb> j a n m a l ee l y aa <wb> t i r o dx a k a r aa mq n ii <wb> h a ii <wb> g a r u dx a jh ee p a <wb> gh a ee t a l a ii <wb> w a <wb> s a q p a uu r a nx a <wb> j a g aa n ee <wb> t a y a aa q n a aa <wb> s ae l y uu tx a <wb> m a aa r a l a aa
marathi_female_003947|w a y a aa p a aa r a <wb> s aa t a w aa h a n aa mq n aa <wb> ph aa y a d ee sh ii r a <wb> a s a l a y a aa n a ee <wb> g r ii s a <wb> w a <wb> r o m a m a dh uu n a <wb> ph a aa r a <wb> m a o txh a y a aa <wb> p a r a m a aa nx a aa t a <wb> p ei sh aa c aa <wb> o gh a <wb> d a k a sx a i nx a <wb> bh aa r a t aa k a dx ee <wb> y a ee t a <wb> h a o t a aa
marathi_female_003955|n a q t a r a c a y a aa <wb> c aa lx i s a <wb> w a r a sx a aa t a <wb> w aa dx i y aa <wb> p u t r a p ou t r aa mq n ii <wb> h a y a aa <wb> g o d y aa mq c ii <wb> d a ee kh a bh a aa l a <wb> w a <wb> aa w a sh y a k a t ee n u s aa r a <wb> w a i s a t a aa r a <wb> k a r a nx a y a aa c a ee <wb> k a aa m a <wb> k a ee l a ee
marathi_female_003963|y a aa sh a i w a aa y a <wb> h i mq d u s th aa n ii <wb> s a mq g ii t aa t a l y aa <wb> txh u m a r ii c y aa <wb> t o mq dx a w a lx y aa c ii <wb> b ei txh a k ii c ii <wb> l aa w a nx ii <wb> h a aa <wb> p r a k aa r a h ii <wb> y a aa c a <wb> k a aa lx a aa t a <wb> n a i r a m a aa nx a <wb> jh a aa l a aa <wb> w a <wb> r u j a l aa
marathi_female_003964|c aa mq g a bh a l ee <wb> kh a mq dx o b aa mq c aa <wb> y ee lx a k o tx a <wb> a s a aa <wb> j a y a gh o sx a <wb> k a r a ii t a <wb> y a aa <wb> bh a mq dx aa y aa mq c ii <wb> u dh a lx a nx a <wb> h a o t a ee <wb> t a lx ii <wb> bh a r a nx ee <wb> h a aa <wb> ee k a <wb> w a i dh a ii <wb> a s a t a o
marathi_female_003968|a mq sh aa t m a k a <wb> r a ii t a y a aa <wb> p a r a sh u r aa m aa c ee <wb> w a aa s a t a w a y a <wb> c i p a lx uu nx a <wb> j a w a lx ii l a <wb> m a h a ee q d a r a <wb> p a r a w a t a aa w a r a <wb> aa h a ee <wb> a s a aa <wb> bh a k t aa mq c aa <wb> s a m a j a <wb> aa h a ee
marathi_female_003973|p a r a q t a u <wb> u d aa h a r a nx aa d aa kh a l a <wb> p r a bh aa <wb> g a nx o r a k a r a <wb> aa nx a i <wb> m a l l i k aa <wb> a m a r a sh ee kh a <wb> y a aa <wb> d o gh ii mq c aa <wb> u l a l a ee kh a <wb> p a u r a ee s a aa <wb> w a h a aa w a aa
marathi_female_003978|p a q dx a i t a <wb> w a i sx a nx a u <wb> d i g a mq b a r a <wb> u s a t a aa d a <wb> a b a d a u l a <wb> k a r ii m a <wb> y a aa q n a ii <wb> aa nx a i <wb> i t a r a aa q n a ii h a ii <wb> j a l a sh aa mq m a dh y ee <wb> w rq mq d a s a mq g ii t aa c aa <wb> u p a y a o g a <wb> k a ee l a aa
marathi_female_003983|aa p a l a y a aa <wb> r a aa j a aa q c a ii <wb> g a aa dx a ii <wb> y aa aa p a l y aa <wb> s a aa w a q t a w a aa dx a i c a y a aa <wb> m a h a aa r a aa j a aa q c a y a aa <wb> sh a ee j a aa r a ii <wb> b a s a uu n a <wb> aa l a ii s a <wb> t a uu <wb> d a u s a y a aa n a q <wb> m a aa h a i t a ii <wb> p a u r a w a l a ii
marathi_female_004000|r a o j a c a y a aa <wb> aa h aa r aa t a <wb> s ae l a dx a <wb> j y uu s a <wb> k a aa q d a aa <wb> tx a m aa tx ee <wb> m uu lx aa <wb> g aa j a r a <wb> k aa k a dx ii <wb> p a t a t a aa <wb> k o b ii <wb> a s a aa w a ee
marathi_female_004023|t a i c a ii <wb> c a aa h a uu l a <wb> l a aa g a l a y a aa b a r a o b a r a <wb> s o n ii n ee <wb> k a sx a ii nx a <wb> aa w a aa j a aa t a <wb> m y aa w a <wb> k a ee l a ee
marathi_female_004033|k ee lx y aa m a dh y ee <wb> ph aa y a b a r a b a r o b a r a c a <wb> s u k r o s a <wb> ph r u k tx o s a <wb> w a <wb> g l u k o j a <wb> y a aa <wb> t a ii n a <wb> n a ei s a r a g a i k a <wb> sh a r k a r aa <wb> a s a t a aa t a
marathi_female_004037|kh a u p a <wb> ch a aa n a <wb> aa nx a i <wb> r o m ae mq tx ii k a <wb> l a i h a i l a ii <wb> aa h a ee
marathi_female_004038|k a aa y a <wb> aa h a ee <wb> ee k a t aa <wb> k a p u r a c y aa <wb> s ii r ii a l a <wb> b a gh i t a l y aa c aa <wb> d a u sx a p a r a i nx a aa m a <wb> a s a aa w a aa
marathi_female_004059|aa p a nx a <wb> s a r a w a aa q n a ii <wb> b a h a u t a ee k a <wb> w a ee lx a ee l a aa <wb> t a i l a aa <wb> k ae b r ee <wb> k a i q w a aa <wb> n aa ii tx a k l a b a m a dh y ee <wb> dx aa n s a <wb> k a r a t a aa n a aa <wb> p aa h i l a y a
marathi_female_004069|h a ii <wb> bh a aa j a ii <wb> k a c o dx y aa mq b a r o b a r a <wb> b i h aa r <wb> y u p ii <wb> m a dh a y a ee <wb> k a c o r y aa <wb> k a i q w a aa <wb> k a c o dx y aa <wb> m a h a nx a t a aa t a <wb> p u r y aa mq n aa <wb> kh aa t aa t a
marathi_female_004078|u r dh w a <wb> d a i sh a ee k a dx a uu n a <wb> r a k a sx a nx a <wb> k a r a <wb> n a i <wb> a dh a r a <wb> m a h a nx a j a ee <wb> kh a aa l a ii l a <wb> d a i sh a ee k a dx a uu n a <wb> r a k a sx a nx a <wb> k a r a
marathi_female_004081|y aa j nj a w a l k y a <wb> s m rq t ii t a <wb> m aa mq s a kh a mq dx a <wb> gh a aa l a uu n a <wb> sh i j a w a l ee l y aa <wb> bh a aa t a aa c a y a aa <wb> y a aa <wb> p a d aa r th aa mq c aa <wb> s a p a sx a tx a <wb> u l a l a ee kh a <wb> aa h a ee
marathi_female_004083|s a u q d a r a c a <wb> u t a t a m a <wb> r i jh a l tx a <wb> k ae m ee r aa <wb> aa nx a i <wb> ph o tx o g r a ph a r a <wb> d a o gh a ee h a ii <wb> u c a c a <wb> n a mq b a r aa t a <wb> s a m a i t a <wb> s a m a i t a
marathi_female_004094|k a w a i t a aa <wb> ch a aa n a <wb> j a m a l i y ee <wb> p a d aa r p a nx aa t a <wb> sh a t a k a <wb> p u g a l ee sh u <wb> s a m a i t a <wb> s a m a i t a
marathi_female_004103|t a mq g a <wb> m aa mq dx a c o lx a nx aa <wb> b a mq dx ii <wb> t a ii w a r a <wb> l a p ee tx a l ee l ee <wb> u p a mq r a nx ee <wb> dx o ii w a r a <wb> p a g a dx ii <wb> a s a aa <wb> d o gh aa mq c aa h ii <wb> p a o sh a aa kh a
marathi_female_004106|bh a aa r a ii <wb> t a ii k a sx a nx a <wb> n a j a r ee c ii <wb> p a o r a <wb> aa h a ee <wb> h o <wb> aa nx a i <wb> t a u jh a y a aa <wb> k aa k ii b aa y a c ii <wb> aa w a dx a t ii <wb> p a nx a
marathi_female_004107|m aa y a b o l ii w a r a c y aa <wb> s a dh a y a aa c a y a aa <wb> n a k aa r aa t m a k a <wb> aa b o h a w ee m a dh ee <wb> h a ii <wb> ee k a <wb> ph r ee sh a <wb> jh u lx uu k a c a <wb> aa h a ee
marathi_female_004115|t a ii <wb> m a l a aa <wb> w ae n a <wb> g o c y aa <wb> c i t r aa mq s aa r a kh ii <wb> p aa h a t aa k sx a nx ii c a mq <wb> k a aa lx a j a aa c a aa <wb> txh a aa w a <wb> gh a ee nx a aa r a ii <wb> w a aa tx a l a ii <wb> n a aa h a ii
marathi_female_004126|sh a i w a aa y a <wb> s w a y a mq p aa k a gh a r aa l aa <wb> b a aa h a ee r a c a y a aa <wb> p ae s ee j a m a dh y ee <wb> u gh a dx a nx aa r ii <wb> ee k a <wb> u mq c aa w a r a c ii <wb> kh a i dx a k a ii <wb> h a o t a ii <wb> jh a dx a p a <wb> a s a l a ee l a ii
marathi_female_004146|aa nx a i <wb> c ou th ee <wb> m a h a nx a j a ee <wb> u d y aa c y aa <wb> j a g a d a mq b ee c y aa <wb> gh a tx a k a <wb> c aa c a nx ii t uu n a <wb> t a aa t a p a u r a t a ii <wb> s a u tx a k a aa <wb> jh a aa l a ii <wb> a s a t a ii
marathi_female_004162|s a q dh a y a aa k a aa lx a <wb> p a r a y a q t a <wb> p a r a t a <wb> w aa m a k u k sx ii <wb> k a r a aa y a c a ii <wb> s a o dx a uu n a <wb> k a u txh a ee <wb> d a g a dx a dh o mq dx y aa t a <wb> k aa tx aa k u tx a k y aa mq t a <wb> ph a r a ph a tx a t a <wb> b a s a t a aa t a
marathi_female_004165|aa mq <wb> k o k ii lx a c ee <wb> dx a o lx a ee <wb> l a aa l a <wb> a s a t a aa t a
marathi_female_004166|t a y a aa t a h a ii <wb> h a aa <wb> r i s o r s a <wb> a b y uu jh a c aa <wb> m a u d a d a aa <wb> h a o t a aa
marathi_female_004169|p aa r k a <wb> p ae l ee s a <wb> h o tx ee l a m a dh uu n a <wb> n aa s t aa <wb> k a r a uu n a <wb> aa m a h a ii <wb> b a aa w a ii s a <wb> b a s a n ee <wb> b ee l uu r a <wb> m a txh aa k a dx ee <wb> n a i gh a aa l a o
marathi_female_004174|a sh a aa <wb> p a mq c a t aa r aa mq k i t a <wb> t u r uu mq g a w aa s aa s aa txh ii <wb> bh a w a i sx a y a aa t a <wb> p a r a t a y a ee k a <wb> n a aa g a r a i k a <wb> k a s aa b a c a <wb> h a o ii l a
marathi_female_004178|t a y a aa q c a y a aa k a dx a ee <wb> k a lx a nx y aa c y aa <wb> aa nx a i <wb> m ee th i c y aa <wb> bh a aa k a r a ii <wb> s a o b a t a <wb> kh aa l l i <wb> aa h a ee <wb> h a i <wb> c a tx a nx i
marathi_female_004190|r aa txh ii mq c y aa <wb> h a aa t a aa t a ii l a <wb> p u sx p a g u c ch a <wb> dx a ii n a <wb> y a aa q n a ii <wb> aa m a d aa r a s aa h ee b aa mq n aa <wb> d a ee t a aa c a <wb> tx aa lx y aa mq c aa <wb> k a dx a k a dx a aa tx a <wb> jh a aa l a aa
marathi_female_004205|s u n n ii <wb> w a k ph a <wb> b o r dx a <wb> s u p r i m a <wb> k o r tx aa t a <wb> a p i l a <wb> k a r a nx a aa r a <wb> aa h a ee
marathi_female_004206|j a o sh a ii <wb> k a aa k a aa <wb> t a ee c a <wb> h a o <wb> t a ee c a <wb> m h a nx a tx a l o <wb> m a ii <wb> ee w h dxh a mq <wb> w ei t aa g u <wb> n a k a aa
marathi_female_004212|y a aa <wb> m a h aa l a k sx m y aa mq c ii <wb> m a aa h a i t a ii <wb> w i d a r bh aa t a l ee <wb> m aa b o k a r a c a <wb> n a ii tx a <wb> s a aa q g a uu <wb> sh a k a t a ii l a <wb> g a q
marathi_female_004213|k a aa h a ii <wb> s a aa dh a uu <wb> aa p a l a y a aa <wb> g u r u c y aa <wb> s a m aa dh ii j a w a lx a <wb> s a m aa dh ii <wb> gh a ee t a aa t a
marathi_female_004214|j a y a aa l a aa <wb> k a o nx a ii <wb> a dx a w a t a <wb> n a aa h a ii <wb> a s a aa <wb> t aa r k sx y a <wb> aa m a c a ee <wb> p a o sx a nx a <wb> k a r o
marathi_female_004222|c a i dx a l a ee l a y a aa <wb> k a s tx a m a r a l aa <wb> k a s a q <wb> h ae mq dx a l a <wb> k a r a aa y a c a q <wb> h a ee <wb> m ee h a t aa mq n aa <wb> c aa mq g a l a c a <wb> j nj aa t a <wb> h a o t a q
marathi_female_004224|b a r a <wb> l o g aa n a l aa c a <wb> w aa y a p a r a <wb> l ee ph tx a h ae nx dx a <wb> dx r aa i w h a <wb> c a y a aa <wb> b ee t aa n ee <wb> l a aa w a l a ee l a ee <wb> aa h a ee t a <wb> n a aa
marathi_female_004228|ee b ii ee s a <wb> i b ii dx ii <wb> ee a r a <wb> b ae g j a <wb> aa nx a i <wb> i t a r a <wb> s ee ph tx ii <wb> ph ii c a r s a b a d d a l a <wb> a n u m o d a n a
marathi_female_004230|c a ii n a <wb> w a <wb> bh a aa r a t a <wb> y a aa q c a ii <wb> gh ou dx a d ou dx a <wb> w ee g aa t a <wb> aa h a ee
marathi_female_004241|m aa n u sx ii <wb> gh a r a aa c a y a aa <wb> aa nx a i <wb> k a mq p aa u mq dx a c y aa <wb> bh a i q t a ii c a y a aa <wb> m a dh a l a y a aa <wb> j a aa g a ee t a <wb> ee k a aa <wb> m aa mq j a r ii n ee <wb> p a i l a l a q <wb> gh a aa t a l a ii
marathi_female_004246|t y aa t a l ii <wb> sh a ee w a tx a c a ii <wb> ee kh a aa d a y a aa <wb> dx o l a k a r a <wb> b u dh a w aa r a k a r aa c ii <wb> t a mq d r ii <wb> l aa g a l y aa w a r a <wb> kh ee c aa y a l aa <wb> m a s t a c a <wb> aa h a ee
marathi_female_004248|b aa j ii p r a bh u mq j a w a lx a <wb> c a aa lx a ii s a <wb> h y aa s aa txh i <wb> k a ii <wb> p aa w a n a kh i mq dx i c aa <wb> bh a aa g a <wb> d u r g a m a <wb> h a o t a aa
marathi_female_004249|w rq mq d aa <wb> aa nx a i <wb> s a i d a dh a aa r a th a <wb> d a o gh a aa q n a ii <wb> aa p a l a y a aa <wb> p a r a ii n a ee <wb> t a y a aa c a y a aa <wb> ch a mq d aa l aa <wb> kh a t a p aa nx ii c a <wb> gh a aa t a l a ee <wb> h a o t a ee
marathi_female_004259|k ee r a s uu nx ii <wb> s aa lx uu t aa <wb> n o n a w h ee j a <wb> kh aa tx a kh uu tx a <wb> m aa k a dx a <wb> w aa mq dx a r a <wb> kh o l ii <wb> b aa mq dh a nx ee <wb> kh o l ii <wb> k a aa dxh a nx a ee
marathi_female_004264|m a uu l a bh a uu t a <wb> s o y ii mq c y aa <wb> a bh aa w aa w i sx a y ii <wb> p a u n a h a aa <wb> k a ee w a lx a <wb> bh a aa r a t a aa t a ii l a <wb> p a r i s th i t ii b aa b a t a <wb> b a h u m a t aa n ee <wb> n a o q d a <wb> jh a aa l a ii <wb> aa h a ee
marathi_female_004273|p a u dxh a c a y a aa <wb> u n h aa lx y aa t a <wb> p a r a t a <wb> b aa mq dh a w a g a dx a <wb> k aa n h aa <wb> aa nx a i <wb> j a m a l y aa s a <wb> p ee mq c a <wb> n aa g a jh i r aa <wb> k a r a aa y a c a aa <wb> w a i c a aa r a <wb> aa h a ee
marathi_female_004294|t a u m a c a y a aa <wb> m a aa n a s a i k a <wb> s aa m a r th y aa l aa <wb> m aa y a b o l ii k a r aa mq c aa <wb> s a l a aa m a <wb> aa t a mq k a <wb> p aa h uu n i <wb> c a h uu o r a <wb> r a k a t a <wb> n a y a n i <wb> d aa tx l ee
marathi_female_004303|dx a o k a y a aa t a <wb> y ee nx aa r ii <wb> k aa m aa mq c ii <wb> y a aa d a ii <wb> h a ii <wb> aa p a nx a <wb> k a u txh a ee <wb> r a h aa t o y a <wb> y a aa w a r a <wb> a w a l a m b u n a <wb> n a s aa w i
marathi_female_004306|s u r a j a p o l a <wb> t a ee <wb> c o mq d a p o l a <wb> h a aa <wb> r a s a t a aa <wb> p a uu r a w a <wb> p a sh a c a i m a <wb> n a s a uu n a <wb> s a o lx a aa <wb> a q sh a <wb> d a k a sx a i nx a ee k a dx a ee <wb> k a l a l ee l aa <wb> aa h a ee
marathi_female_004338|m a o txh a ee <wb> s n o <wb> s tx o r m a <wb> y a ee nx a aa r a <wb> aa h a ee <wb> w ii k a ee n dx a l aa
marathi_female_004349|sh a m o n i k s a <wb> m o mq <wb> b l aa mq <wb> h a ee <wb> t a y a aa <wb> j aa g ee c ee <wb> n a aa w a <wb> sh a m o n i k s a <wb> h a ee <wb> t a y a aa <wb> d a r ii c a mq <wb> w h ae l ii c a <wb> n a aa w a
marathi_female_004357|c u l ii w a r a <wb> b a n a w a l ee l aa <wb> c a h a aa <wb> p aa r l ee <wb> j a ii <wb> aa nx a i <wb> s a o b a t a <wb> b r ee dx a <wb> b a tx a r a <wb> j a aa m a <wb> a s a aa <wb> n aa sh t y aa l aa <wb> m ee n uu <wb> h a o t a aa
marathi_female_004360|dx a aa y a <wb> k a r a nx a y a aa c a ii <wb> y u n i tx s a <wb> aa nx a i <wb> w a ee g a w a ee g a lx a ii <wb> a g a d a ii <wb> ch a o tx a y a aa <wb> p r a m aa nx aa t a l ii <wb> k ee m i k a l a <wb> y u n i tx a s a <wb> a s a t a aa t a
marathi_female_004366|p a o tx a aa t a <wb> g a j a <wb> aa t a p a r y a mq t a <wb> gh u s a l y aa w a r a c a <wb> bh aa n uu <wb> g a t a hq p r aa nx a <wb> jh a aa l a ee l a aa <wb> h a o t a aa
marathi_female_004368|i th a ee <wb> a m a ee r a i k a ee t a <wb> m a tx a nx aa c y aa <wb> kh i m y aa c ee <wb> s ii kh a <wb> k a b aa b a <wb> gh a r a ii <wb> k a o nx a <wb> k a r a t a q
marathi_female_004375|t y aa mq p ei k ii <wb> ee k a <wb> h a o t a aa <wb> s i r i y aa t uu n a <wb> aa l a ee l a aa <wb> a r n ee s tx a <wb> h aa m w ii
marathi_female_004387|m a o txh a ii <wb> jh a aa l a ii <wb> k a ii <wb> t a y a aa q c a ii <wb> o p i n i y a n s a <wb> ph a r m a <wb> h a o t a aa t a <wb> a m a ee r a i k a n a <wb> k a m ph a r tx a <wb> jh o n a m a dh y ee <wb> j a aa t a aa t a
marathi_female_004393|w a r a t a ii <wb> k a o nx a ii t a r a ii <wb> m h a nx a l y aa p r a m aa nx ee <wb> p a nx a <wb> n aa c y aa w a r a <wb> b a l a aa t a k a aa r a <wb> aa nx a i <wb> ee k a uu nx a c a <wb> r a aa j a k a aa r a nx a <wb> gh uu s a w a l ee l a <wb> w a aa tx a l a
marathi_female_004395|t a y a aa q c a y a aa t a ii l a <wb> ee k a aa n a ee <wb> m a g a <wb> t a y a aa l a aa <wb> c ou k ii w a r a <wb> n a ee l a q <wb> c ou k ii t ii l a <wb> l a o k a aa q n a ii <wb> tx ee h a r ee sh ii <wb> s a q p a r a k a <wb> s a aa dh a l a aa
marathi_female_004400|h a ii <wb> b a aa b a <wb> t a y a aa q n a ii <wb> n a <wb> l a p a w i t aa <wb> t a ee <wb> k aa mq g r ee s a c ee <wb> l a o k a sh a aa h a ii <wb> m a aa r a g a aa n a ee <wb> a dh a y a k a sx a <wb> jh a aa l a ee
marathi_female_004408|a j a y a <wb> t a u m a h a ii <wb> j a aa t a aa n a aa <wb> ee k a tx a ee <wb> y a ee t a aa n a aa <wb> d u k a tx ee <wb> w a g a ei r a ee <wb> b a aa t a m a ii <wb> aa m a c y aa p a r y a mq t a <wb> aa dh a ii <wb> p o c a l ii s u d dh aa
marathi_female_004454|k a o nx a t a y a aa h a ii <wb> p l o tx a <wb> k a i q w a aa <wb> bh a w a n aa l aa <wb> b a t a t a ii s a <wb> p a r a k a aa r a ee <wb> d a r a w a aa j a aa <wb> k a aa dxh a t a aa <wb> y a ee t a o
marathi_female_004458|aa h aa h aa <wb> g a nx ee sh o t s a w a <wb> ch aa y aa c i t r aa mq c aa <wb> jh a b b uu <wb> s p i n a <wb> d a <wb> y aa r n a <wb> dh a m aa l a <wb> s a m a i t a <wb> s a m a i t a <wb> sh a u bh a ee c a ch a aa
marathi_female_004463|g a ii t a aa <wb> p r ee s a <wb> aa nx a i <wb> r aa m a k rq sx nx a <wb> m i sh a n a c ii <wb> p a u s a t a k a ee <wb> b a r y aa c a <wb> txh a i k a aa nx a ii <wb> u p a l a b a dh a <wb> aa h a ee t a
marathi_female_004468|t a y a aa m a u lx a ee <wb> w a aa c a k a <wb> k a w a i t a aa <wb> s a o dx a uu n a <wb> aa p a l a y a aa <wb> c o m a dx ee p a nx aa k a dx ee <wb> j a aa s a t a <wb> aa k a r sx ii t a <wb> h a o t a aa t a
marathi_female_004470|y a aa <wb> s a q s a th a ee c a y a aa <wb> ph a mq dx aa c y aa <wb> w y aa j aa c aa <wb> u p a y a o g a <wb> p u n a r w i w aa h ee c ch uu <wb> w i dh a w aa mq c y aa <wb> m a d a t ii s aa txh ii <wb> k a ee l a aa <wb> j a aa t a <wb> a s a ee
marathi_female_004477|aa nx a i <wb> a sh a y a aa <wb> s ph u r t i d aa y ii <wb> m u l ii c ee <wb> n a aa w a <wb> h a o t a ee <wb> w i l m aa <wb> r u dx o l ph a
marathi_female_004487|p a nx a <wb> k a r o dx o mq c y aa <wb> k o mq dx aa lx y aa t a <wb> aa p a l a q <wb> w i sh r aa mq t ii s th a lx a <wb> n a aa h a ii
marathi_female_004496|r i k sx aa w aa l y aa mq c y aa <wb> ph a aa r a sh a aa <wb> w i n a w a nx y aa <wb> k a r a aa y a l a aa <wb> n a <wb> l a aa g a t a aa <wb> aa m a h a ii <wb> m u l u mq dx a w a r u n a <wb> n aa h uu r a l aa <wb> p a o h a o c a l a o
marathi_female_004506|t a r ii c a <wb> t a ii <wb> ph aa r a ee nx dx a <wb> c a ii <wb> j a b a r ii <wb> p a r ii k sx a nx ee <wb> tx a nx aa tx a nx aa <wb> u dx a y a aa <wb> m a aa r a uu n a <wb> w a r a t a ii <wb> aa l ii t a
marathi_female_004510|m a ii <wb> l a g a n a aa s a aa txh a ii <wb> s u tx tx ii w a r a <wb> n a i gh a aa l a ee <wb> t a ee w a h a aa <wb> c ae m p i y a n s a <wb> l ii g a <wb> j a o r a aa t a <wb> c a aa l a uu <wb> h a o t a ii
marathi_female_004513|t uu r t a <wb> t a r a ii <wb> m a aa jh a y a aa <wb> s a m a s y aa mq c ee <wb> s a m a aa dh a aa n a <wb> m a l a aa <wb> m a i lx a aa l a ee
marathi_female_004522|m ae k jh i m a <wb> g o r k ii c ii <wb> m a d a r a <wb> c a aa r a <wb> w a ee lx a aa <wb> p a r a aa m a aa nx a i k a p a nx a ee <wb> p a r a y a t a n a <wb> k a r u n a h ii <wb> a r a dh a w a tx a c a <wb> r aa h i l ii y ee <wb> a j a uu n a
marathi_female_004523|t a y a aa m a u lx a ee c a <wb> t a ii <wb> j aa s t ii t a k aa s t a <wb> k a aa lx a <wb> g a ee l a y a aa <wb> s a h a aa <wb> d a i w a s a aa t a <wb> m o n aa s a m o r a c a <wb> a s a aa y a c a ii
marathi_female_004534|s ph u l l i mq g a <wb> c ee t a w a nx ee <wb> j aa g rq t a <wb> k a r a nx a ee <wb> p r a j j w a l i t a <wb> k a r a nx a ee
marathi_female_004539|s a s t y aa t a l a mq <wb> k a r a u n a <wb> jh aa l a y a <wb> m aa g ee c a <wb> aa t a aa <wb> ph a s tx a k l aa s a <wb> ph a r a s a tx a <wb> y ee nx y aa j o g a mq <wb> k a r aa y a c a y a
marathi_female_004549|p a r a i nx a aa m a ii <wb> h aa r tx a <wb> tx r a b a l a <wb> s aa mq dh ee <wb> d u kh ii <wb> b l a dx a p r ee sh a r a <wb> s a aa r a kh a y a aa <wb> r o g aa mq n aa <wb> b a lx a ii <wb> p a dx a aa w a q <wb> l a aa g a t a q
marathi_female_004554|l a t aa <wb> aa sh aa c aa <wb> d a b a d a b a aa <wb> a s a l a ee l a y a aa <wb> r a aa j a y a aa t a <wb> a n u r aa dh aa c ee <wb> p a r a s a th a <wb> t a s a ee <wb> m a h a tx a l a ee <wb> t a r a <wb> b a s a l ee c a <wb> n a s a t a ee
marathi_female_004556|ch a b a <wb> d i kh a l aa j aa <wb> r a ee <wb> b aa mq k ee <wb> s aa w a r i y aa <wb> y a aa w a r a <wb> a dh aa r ii t a <wb> m a dh u m a dh u r aa <wb> t a w a <wb> g i r aa <wb> aa h a ee
marathi_female_004559|d a r a m a y a aa n a <wb> w o sh i mq g tx a n a l aa <wb> c a ii n a c a y a aa <wb> p aa k i s t aa n ii <wb> a nx w a s t r a p r a k a l p aa t ii l a <wb> s a h a k aa r y aa b a d d a l a <wb> g a d aa r o lx a <wb> c aa l a l aa c a <wb> h a o t a aa
marathi_female_004569|k a aa r a nx a <wb> p a sh c ii m a <wb> m a h a aa r a aa sx a tx a r a aa t a <wb> sh ee t ii l aa <wb> m a j u r a <wb> m a i lx a nx a ee <wb> ph a aa r a <wb> m u sh k ii l a <wb> aa h a ee
marathi_female_004584|p u nx ee s th i t a <wb> p a r s i s tx a mq tx a <wb> s i s tx i m s a <wb> l i m i tx ee dx a c aa <wb> aa y a p ii o <wb> aa h a ee
marathi_female_004587|t a y a aa c a y a aa <wb> w aa k y aa w aa k y aa t uu n a <wb> m a r a aa txh a ii c a aa <wb> j aa j w a l y a <wb> a bh a i m a aa n a <wb> m aa y a k r o w ee w h a m a dh a l y aa <wb> p o p a k o r n a <wb> s a aa r a kh a aa <wb> u s a lx a t a <wb> h a o t a aa
marathi_female_004592|a j u n a <wb> ee k a <wb> txh a i k a aa nx a <wb> aa h a ee <wb> t a ee <wb> m a h a nx a j a ee <wb> m a aa jh a y a aa <wb> b i l dx i mq g a c y aa <wb> aa w aa r aa t a l ee <wb> ch aa n a s ee <wb> t a lx a ee
marathi_female_004597|h a ee <wb> aa p a l y aa s aa r a kh y aa <wb> s u j nj a <wb> sh a i k a sx a i t a <wb> l o k aa t a <wb> k a lx a t a <wb> n a aa h a ii <wb> h i c a <wb> kh a r a ii <wb> sh o k aa mq t i k aa <wb> aa h a ee
marathi_female_004599|m a g a <wb> sh ii kh aa mq c ee <wb> dh a r m a g u r u <wb> t ee g a b a h aa d d u r a <wb> y a aa q n a aa h a ii <wb> t a y a aa n a ee <wb> m a aa r a l a ee
marathi_female_010191|a n n aa c ee <wb> s ee w a n a <wb> y a o g a y a <wb> w a ee lx a ee t a <wb> k a ee l a ee <wb> n a aa h a ii <wb> t a r a <wb> d a ee h a aa l a aa <wb> a n n a sh a k t ii c aa <wb> p a u r a ee s a aa <wb> p a u r a w a txh a aa <wb> h a o t a <wb> n a aa h a ii
marathi_female_010194|y a aa <wb> s a r a w a aa q c a aa <wb> p a r a i nx a aa m a <wb> sh a r i r aa c y aa <wb> k aa r y a k sx a m a t ee w a r a <wb> h a o t a o <wb> t a y a aa m a u lx a ee <wb> w a ee lx a ee t a <wb> a n n a g r a h a nx a <wb> k a r a nx a ee <wb> sh aa r ii r i k a d rq sx tx y aa <wb> aa w a sh a y a k a <wb> aa h a ee
marathi_female_010195|p a aa nx a ii <wb> k a i t a ii <wb> aa nx a i <wb> k a dh a ii <wb> p y aa w ee <wb> y a aa w a i sx a y a ii <wb> p a u sx a k a lx a <wb> m a t a bh ee d a <wb> aa dxh a lx a t a aa t a
marathi_female_010197|aa y u r w ee d aa m a dh y ee <wb> p a aa nx a ii <wb> k a dh a ii <wb> p y aa w ee <wb> y a aa w a i sx a y a ii <wb> p a u dxh a ii l a <wb> s a uu t a r a <wb> d a i l a ee l a ee <wb> aa h a ee
marathi_female_010212|j ee w a nx aa t a <wb> d r a w a <wb> p a d a aa r a th a <wb> bh a r a p a uu r a <wb> a s a l a y a aa s a <wb> w a ee g a lx a ee <wb> p a aa nx a ii <wb> p i nx y aa c ii <wb> aa w a sh a y a k a t a aa <wb> n a s a t a ee
marathi_female_010217|s aa y a g aa w a c ii <wb> ee k a <wb> w a i sh a i sx a tx a <wb> p a r a q p a r a aa <wb> h a o t a ii <wb> t a y a aa <wb> g a aa w a c a ee <wb> l a o k a <wb> k a dh a ii <wb> r aa j aa k a dx ee <wb> n a y a aa y a <wb> m a aa g a aa y a l a aa <wb> j a aa t a <wb> n a s a t a
marathi_female_010221|k a o nx a ii <wb> a p a r a aa dh a <wb> k a ee l a aa <wb> t a y a aa c a ii <wb> c a ou k a sh a ii <wb> h a o ii
marathi_female_010228|t a y a aa c a ii <wb> l a h a aa n a <wb> b a h a ii nx a <wb> h a o t a ii <wb> y a aa <wb> b a h i nx ii w a r a <wb> t a y a aa c a aa <wb> ph a aa r a <wb> l o bh a
marathi_female_010234|d a ee w a aa n a ee <wb> t a y a aa c a y a aa <wb> j a ii w a n a aa c a ee <wb> w a s a t a r a <wb> j a nx a uu <wb> d u <wb> kh aa n ee <wb> w i nx a l ee <wb> h a o t a ee
marathi_female_010235|t a ee <wb> d u <wb> kh aa c ee <wb> w a s a t a r a <wb> p aa mq gh a r uu n a <wb> m a n a uu <wb> gh a r a ii <wb> k o p a r y aa t a <wb> b a s a ee <wb> w i n uu <wb> y a ee ii <wb> t a ee w a h a aa <wb> m a aa t a r a <wb> t a o <wb> j a r aa s aa <wb> h a s a ee
marathi_female_010237|t a y a aa c a y a aa j a w a lx a <wb> b a r ee c a s ee <wb> p a ei s a ee <wb> h a o t a ee <wb> w i n uu l aa <wb> p a ei s a ee <wb> p a aa h a i j a ee <wb> h a o t a ee
marathi_female_010249|t a y a aa l a aa <wb> kh a uu n a <wb> k a r a uu n a <wb> k a aa y a <wb> k a r a aa y a c a q <wb> h a o t a q <wb> d a ee w a aa l a aa <wb> m a aa h a ii t a <wb> ee k a tx a aa <wb> t a r a <wb> aa h a ee <wb> p a ei s a ee <wb> h a w a ee t a <wb> k a sh a aa l a aa
marathi_female_010257|m a n uu c ii <wb> m a aa n a <wb> kh a aa l a ii <wb> jh a aa l a ii <wb> h a o t a ii <wb> ii sh w a r aa n ee <wb> t a y a aa c a ee <wb> aa ii b aa p a <wb> n a ee l a ee <wb> h a o t a ee <wb> t a y a aa c a ii <wb> b a h a ii nx a <wb> n a ee l a ii <wb> h a o t a ii
marathi_female_010266|t u jh y aa m u lx a mq <wb> m a ii <wb> j a g a l o <wb> aa h a ee <wb> y a aa <wb> j a ii w a n a aa t a <wb> t u jh aa c a <wb> k a aa y a <wb> t a o <wb> ee k a <wb> s a n a ee h a b a q dh a <wb> m a l a aa <wb> aa h a ee
marathi_female_010273|kh u n ii <wb> m a aa nx a s a aa c a aa <wb> m a i t a r a <wb> a s a q <wb> aa t a aa <wb> l a o k a <wb> m a l a aa <wb> m a h a nx a t a ii l a <wb> w a <wb> h i nx a w a t ii l a
marathi_female_010279|s a bh a aa <wb> s a q p a l a ii <wb> m a n uu l aa <wb> kh uu n ii <wb> m a n uu <wb> m a h a nx a uu n a <wb> s a mq b o dh a n y aa t a <wb> y a ee uu <wb> l a aa g a l a ee
marathi_female_010286|p a r a q t a u <wb> t a o <wb> u txh a l a aa <wb> t a ee <wb> p uu r w a j aa mq c ee <wb> gh a r a <wb> s a o dx a uu n a <wb> t a o <wb> n a i gh a aa l a aa
marathi_female_010289|t a o <wb> r a s a t a aa <wb> c a aa l a uu <wb> l a aa g a l a aa <wb> b a h u lx aa <wb> n a d a ii c a y a aa <wb> t a ii r a aa w a r a <wb> t a o <wb> aa l a aa
marathi_female_010295|l a aa q b a <wb> l a aa q b a <wb> j a aa nx a y a aa s a aa txh a ii <wb> m a n a uu <wb> n a i gh a aa l a aa <wb> j a ee th a ee <wb> t a y a aa l a aa <wb> k a o nx a ii <wb> kh u n ii <wb> a s a ee <wb> m a h a nx a nx a aa r a <wb> n a aa h a ii <wb> m aa t rq bh uu m ii l aa <wb> r aa m a r aa m a <wb> k a r a uu n a <wb> t a ee th a ee <wb> j aa w a y aa s a <wb> t a o <wb> n a i gh a aa l a aa
marathi_female_010296|t a o <wb> k a aa lx a <wb> aa r y aa mq c y aa <wb> w i j a y aa c aa <wb> w a <wb> w i s t aa r aa c aa <wb> h a o t a aa
marathi_female_010303|l a mq k aa dh ii sh a <wb> r aa w a nx aa s aa r a kh aa <wb> m a h a t t w aa k aa mq k sx ii <wb> r a aa j a aa <wb> u t a t a r a ee k a dx a ee <wb> d i g w i j a y a <wb> k a r a nx a y a aa s a <wb> n a i gh a aa l a aa <wb> w a <wb> n aa sh i k a p a r y a mq t a <wb> aa l a aa <wb> t a ee th a ee <wb> t a y a aa n a ee <wb> aa p a l a ee <wb> a dh a i k a aa r a ii <wb> txh a ee w a l a ee
marathi_female_010304|r aa w a nx aa s aa r a kh ee <wb> r a aa j a ee <wb> d a k sx i nx ee k a dx uu n a <wb> u t a t a r a ee k a dx a ee <wb> y a ee t a <wb> h a o t a ee <wb> t a r a <wb> d a u s a r a ee <wb> s a mq s k rq t i p r a s aa r a <wb> k a r a nx a aa r a ee <wb> dh a aa dx a s a ii <wb> rq sx a ii <wb> w i mq dh y a p a r w a t a <wb> o l a aa q dx a uu n a <wb> d a k a sx a i nx a ee k a dx a ee <wb> y a ee t a <wb> h a o t a ee
marathi_female_010306|a g a s t ii <wb> h a aa <wb> w i mq dh y a p a r w a t a <wb> o l a aa q dx a uu n a <wb> d a k a sx a i nx a ee k a dx a ee <wb> aa l a ee l a aa <wb> p a h a i l a aa <wb> s a mq s k rq t i p r a s aa r a k a <wb> h a o y a <wb> h a ii <wb> g a o sx a tx a <wb> t a y a aa n a ee <wb> w i mq dh y a p a r w a t aa s a <wb> w a aa dxh a uu <wb> n a k a o s a <wb> a s a ee <wb> s a aa q g a i t a l a ee <wb> t a y a aa t a <wb> d a i s a uu n a <wb> y a ee t a ee
marathi_female_010310|c i t r a k uu tx a <wb> h a ee <wb> p a r w a t aa c ee <wb> n a aa w a c a <wb> t a y a aa <wb> p a r w a t aa c ii <wb> s a u q d a r a t a aa <wb> p a tx a w a uu n a <wb> d a ee t a ee <wb> t a ee th a ee <wb> bh aa r a d w aa j a <wb> rq sx a ii <wb> r a aa h a i l a ee
marathi_female_010311|kh r i s t ii <wb> m i sh a n a r ii <wb> r a aa n a tx a ii <wb> l a o k a aa q t a <wb> j a aa uu n a <wb> t a ee th a ee <wb> aa p a l a ee <wb> b a mq g a l ee <wb> b a aa q dh a t a aa t a <wb> w a <wb> t a y a aa q n a aa <wb> aa p a l a y a aa <wb> dh a r a m a aa c a ii <wb> d a ii k a sx a aa <wb> d a ee t a aa t a
marathi_female_010331|th a o r a <wb> l a o k a aa q c a ee <wb> n aa m o c c aa r a nx a h ii <wb> j a r a <wb> m a n aa s a <wb> u n a n a t a <wb> k a r a t a ee <wb> t a r a <wb> t a y a aa q c a ee <wb> p a r a t a y a k a sx a <wb> d a r a sh a n a <wb> k a i t a ii <wb> p r a bh aa w a sh aa l ii <wb> a s a ee l a <wb> b a r a ee
marathi_female_010336|r aa n aa t ii l a <wb> h a r i nx ii c y aa <wb> dx o lx y aa mq s aa r a kh ee c a <wb> t a i c a ee <wb> dx a o lx a ee <wb> kh ee lx a k a r a <wb> w a <wb> p a aa nx a ii d a aa r a <wb> a s a uu n a <wb> t a ii <wb> h a r i nx ii p r a m aa nx ee c a <wb> c a p a lx a h ii <wb> h a o t a ii
marathi_female_010340|aa p a l a y a aa <wb> m u l ii c ee <wb> k o dx a k ou t u k a <wb> r a aa j a aa <wb> r a aa nx a ii <wb> k a i t a ii t a r a ii <wb> k a r a ii t a
marathi_female_010365|sh a b a r ii <wb> m a h a nx a j a ee <wb> r aa nx ii c a <wb> sh o bh ee <wb> m a g a <wb> sh a b a r ii n ee <wb> s a n a aa n a <wb> k a r a aa w a ee <wb> d ee w a p uu j ee s aa txh ii <wb> s a u r a ee kh a <wb> ph a u l a ee <wb> g a o lx a aa <wb> k a r a u n a <wb> aa nx aa w ii t a
marathi_female_010367|rq sx a ii q c a ii <wb> p a uu j a aa <wb> jh a aa l a ii <wb> k a ii <wb> sh a b a r ii l aa <wb> j a w a lx a <wb> gh a ee uu n a <wb> t a ee <wb> t a i l a aa <wb> s a u q d a r a <wb> s t o t r ee <wb> sh i k a w ii t a <wb> s uu r y aa c y aa <wb> u p aa s a n ee c ee <wb> m a mq t r a <wb> a r th aa s a h a <wb> t a i l a aa <wb> m h a nx aa w a y aa s a <wb> s a aa q g a t a
marathi_female_010388|t a ii <wb> m a h a nx a aa l a ii <wb> t a aa t a <wb> m a gh a aa <wb> t a y a aa <wb> m o r aa c y aa <wb> p i s aa y aa t ii l a <wb> p ii s a <wb> u p a tx a nx y aa s a <wb> m a ii <wb> g a ee l a ee <wb> t a ee <wb> p a aa h a uu n a <wb> t aa r ee <wb> aa j a <wb> r a dx a t ii l a <wb> k a aa
marathi_female_010412|h a ee <wb> r aa n a ph uu l a <wb> s aa t t w i k a <wb> s ou mq d a r y aa n ee <wb> g u nx a g a mq dh aa n ee <wb> n a tx a t aa n aa <wb> p a aa h a uu n a <wb> t a y a aa l a aa <wb> k a aa <wb> dh a n a y a <wb> w a aa tx a nx a aa r a <wb> n a aa h a ii
marathi_female_010417|t a y a aa <wb> w a ee lx a ee s a <wb> rq sx a ii <wb> aa nx a kh a ii <wb> k a aa h a ii <wb> b a o l a l a ee <wb> n a aa h a ii t a <wb> t a y a aa q n a ii <wb> p a r a bh aa r ee <wb> bh a i l a l a <wb> r a aa j a aa l a aa <wb> n a i r a o p a <wb> p a aa txh a w a i l a aa
marathi_female_010422|sh a b a r ii <wb> s a d g a d i t a <wb> jh a aa l a ii <wb> h a o t a ii <wb> rq sx i p a t n ii n ee <wb> t a i l a aa <wb> p a o tx a aa sh a ii <wb> dh a r a l a ee <wb> w a <wb> m a h a tx a l a ee <wb> b aa lx ee <wb> sh a b a r ii <wb> a dh a uu n a m a dh a uu n a <wb> y a ee t a <wb> j a aa <wb> h a o <wb> aa sh a r a m a aa t a <wb> aa m a h a aa l a aa <wb> aa t a aa <wb> h a ee <wb> gh a r a <wb> kh a aa y a l a aa <wb> y a ee ii l a
marathi_female_010453|s uu r y a c a mq d r aa mq n aa <wb> m a aa h a ii t a <wb> a s a o <wb> w a aa <wb> n a s o <wb> t a y a aa q c a y a aa <wb> k i r a nx aa mq n ii <wb> k a m a lx a ee <wb> ph u l a t aa t a <wb> h a ii <wb> g a o sx a tx a <wb> kh a r a ii
marathi_female_010462|aa sh r a m aa t ii l a <wb> m a i t a r a <wb> t a y a aa c a ii <wb> j ii w a n a k a th aa <wb> p a u sx a k a lx a <wb> w a ee lx a aa <wb> w i c aa r ii t a <wb> p a r a q t a u <wb> sh y aa m a <wb> s a aa q g a t a <wb> n a s a ee
marathi_female_010467|ee k a ee <wb> d a i w a sh a ii <wb> a s a aa c a <wb> aa g a r a h a <wb> c a aa l a l a aa <wb> h a o t a aa
marathi_female_010468|sh y aa m a <wb> bh a r a l y aa <wb> aa w a aa j a aa n a ee <wb> m a h a nx a aa l a aa <wb> m a aa jh a y a aa <wb> s a w a t a <wb> c a y a aa <wb> p uu r w a j ii w a n aa c ii <wb> s a m a rq t a ii <wb> k a r a nx a ee <wb> m a l a aa <wb> ph a aa r a <wb> sh o k a d aa y a k a <wb> w a aa tx a t a ee
marathi_female_010473|p a r a q t a u <wb> aa m a h a aa q l a aa <wb> t a u m a c a y a aa <wb> c a aa q g a l a y a aa c a <wb> g a o sx a tx a ii <wb> s a aa q g a aa <wb> c a aa q g a l a y a aa <wb> g o sx tx ii mq c ee <wb> c i mq t a n a <wb> k a ee l a y a aa n a ee <wb> m a n a u sx a y a <wb> c a aa q g a l a aa <wb> h a o t a <wb> j a aa t a o
marathi_female_010475|m a n a u sx a y a aa l a aa <wb> s a w a t a <wb> c a ee <wb> a dh a <wb> p a t a n a <wb> s aa mq g aa w a y aa s a <wb> j a sh a ii <wb> l a aa j a <wb> w a aa tx a t a ee <wb> t a y a aa p a r a m a aa nx a ee <wb> aa p a nx a <wb> k a s a ee <wb> c a dxh a l o <wb> w a <wb> c a dxh a t a <wb> aa h a o t a <wb> h a ee <wb> s aa mq g aa w a y aa s a h ii <wb> l a aa j a <wb> w a aa tx a t a ee
marathi_female_010483|sh y aa m a c y aa <wb> m u kh a c a mq d r aa k a dx ee <wb> s a r a w a aa q c a ee <wb> dx a o lx a ee <wb> l a aa g a l a ee <wb> h a o t a ee <wb> t a o <wb> bh r aa t rq s a mq gh a <wb> m a h a nx a j a ee <wb> ee k a <wb> a p uu r w a <wb> d a rq sh a y a <wb> h a o t a ee
marathi_female_010503|s aa s a r a c ee <wb> t a i c a ee <wb> n a aa w a <wb> y a sh o d aa <wb> txh a ee w a nx a y a aa t a <wb> aa l a ee <wb> h a o t a ee <wb> s a aa s a r a ii <wb> t a ii <wb> l a h aa n aa c ii <wb> m a o txh a ii <wb> h a o t a <wb> h a o t a ii
marathi_female_010511|s a r a k a aa r a ii <wb> sh ee t a s aa <wb> y a aa c a y a aa <wb> j a w a lx a j a w a lx a <wb> c ou th aa <wb> h a i s a s a aa <wb> kh o t aa l aa <wb> ph a aa y a d a aa <wb> a s a t a o
marathi_female_010513|s a dh a y a aa c a y a aa <wb> j a g a aa l a aa <wb> l aa mq dx ii l a b aa dx ii <wb> w a <wb> p a r a t a y a ee k a <wb> k a sx a ee t a r a aa t a ii l a <wb> j a ii w a <wb> gh ee nx ii <wb> s a p a r a dh a aa <wb> y a aa <wb> d a o n a <wb> g o sx tx ii mq n ii <wb> g r aa s a l a mq <wb> aa h a ee
marathi_female_010515|u n m a t t a s i mq g a <wb> n a aa w a aa c a aa <wb> ee k a <wb> a t a y a q t a <wb> j a u l a m a ii <wb> r a aa j a aa <wb> h a o t a aa
marathi_female_010517|t a y a aa c a aa <wb> p a r a dh a aa n a <wb> c a t uu r a <wb> w a <wb> p a r a aa m a aa nx a i k a <wb> h a o t a aa <wb> p a nx a <wb> r a aa j a aa l a aa <wb> k a aa h a ii <wb> s a aa q g a uu <wb> j a aa nx a q <wb> m a h a nx a j a ee <wb> s a w a t a <wb> c a q <wb> m a r a nx a <wb> s a w a t a <wb> c a <wb> o dxh a w a uu n a <wb> gh ee nx y aa s aa r a kh a mq <wb> h a o t a q
marathi_female_010518|t a y a aa m a u lx a ee <wb> r a aa j a aa l a aa <wb> t a aa lx a y a aa w a r a <wb> k a s a q <wb> aa nx aa w a mq <wb> h a aa <wb> t a y a aa c a y a aa p a u dxh a ee <wb> p a r a sh a n a <wb> p a dx a l a aa
marathi_female_010553|k a aa h a ii c a <wb> k a aa m a <wb> h a o ii n a aa <wb> m a h a nx a uu n a <wb> n aa ii l aa j aa n ee <wb> jh a o p a uu <wb> l a aa g a l a ee
marathi_female_010555|g ei r a s o y a <wb> h a o t a <wb> a s a l a y a aa m a u lx a ee <wb> t a y a aa q n a aa <wb> th o dx aa t a r ii <wb> p a r a k a aa sh a <wb> p aa h ii j ee
marathi_female_010565|b a aa b a aa q n a ii <wb> t a i l a aa <wb> h aa p uu s a <wb> p a aa y a r a ii <wb> l a q g a dx a aa <wb> t o t aa p u r ii <wb> l aa l a b aa g a <wb> a sh a aa <wb> aa mq b y aa mq c y aa <wb> a n a ee k a <wb> j a aa t a ii <wb> o lx a kh a aa y a l a aa <wb> sh i k a w a l y aa <wb> h a o t a y a aa
marathi_female_010566|t a y a aa m a u lx a ee <wb> aa mq b y aa mq c aa <wb> c a tx tx aa <wb> m a tx tx aa <wb> jh a aa l a aa <wb> k a ii <wb> n a m a r a t a aa <wb> aa mq b y aa mq c y aa <wb> j aa t ii p r a m aa nx ee <wb> t a y a aa q c a ii <wb> w a r g a w aa r ii <wb> k a r a u n a <wb> txh ee w aa y a c ii
marathi_female_010577|t a y a aa m a u lx a ee <wb> t a y a aa h a ii <wb> k o y ii mq n aa <wb> k o mq b a <wb> ph u tx a nx y aa c ii <wb> w a aa tx a <wb> p a h a aa t a <wb> h a o t a y a aa
marathi_female_010585|n a i s a r a g a aa n a ee <wb> j a nx a uu <wb> aa p a l a aa <wb> s a r a w a <wb> kh a j i n aa <wb> y a aa <wb> p r aa mq t aa w a r a <wb> a g a d a ii <wb> m u k t a h a s t ee <wb> u dh a lx a l aa y a
marathi_female_010597|m i n uu <wb> a g a <wb> h a ii <wb> m ei n aa <wb> a j a uu n a <wb> j a i w a q t a <wb> aa h a ee <wb> t a i l a aa <wb> u c a l a uu n a <wb> aa t a <wb> aa nx a <wb> aa ii n a ee <wb> k a aa lx a j a ii n a ee <wb> m i n uu l aa <wb> s u c a w a l ee
marathi_female_010601|d a o n a <wb> d a i w a s a aa q n a ii <wb> m ei n aa <wb> p a u sx a k a lx a c a <wb> tx a w a tx a w a ii t a <wb> d a i s a uu <wb> l a aa g a l a ii <wb> gh a r a aa t a <wb> th a o dx a ii ph a aa r a <wb> i k a dx a ee <wb> t a i k a dx a ee <wb> ph i r u <wb> l a aa g a l a ii
marathi_female_010607|aa ii n a ee <wb> m i n uu l aa <wb> s a m a j a aa w a uu n a <wb> s a aa q g a i t a l a ee <wb> m i n uu <wb> r a aa nx a ii <wb> m i txh uu l aa <wb> aa t a aa <wb> c a aa q g a l a ee <wb> u dx a t aa <wb> y a ee uu <wb> l a aa g a l a ee <wb> aa h a ee
marathi_female_010610|gh a r a bh a r a <wb> t a i l a aa <wb> sh a o dh a l a ee <wb> p a nx a <wb> s a aa p a dx a l a ii <wb> n a aa h a ii
marathi_female_010613|m i n uu <wb> u d a aa s a <wb> jh a aa l a ii <wb> t a i c a aa <wb> r o j a c aa <wb> w a ee lx a <wb> aa t a aa <wb> k a mq tx aa lx a w aa nx aa <wb> j a aa uu <wb> l a aa g a l a aa
marathi_female_010632|aa t a aa <wb> bh aa r a t ii y a h ii <wb> m aa t rq d i n aa <wb> b a r o b a r a c a <wb> m a d a r s a <wb> dx ee h ii <wb> s a aa j a r a aa <wb> k a r a t a aa t a
marathi_female_010636|t a ee <wb> u t a s a aa h a aa n a ee <wb> m a h a nx a aa l a ee <wb> m a u l a aa q n a o <wb> m a l a aa h a ii <wb> t a u m a c a aa <wb> p l ae n a <wb> s a aa q g a aa <wb> m a ii <wb> s a u dh a d a aa <wb> t a u m a h a aa l a aa <wb> k a aa h a ii t a r a ii <wb> m a d a t a <wb> k a r a u <wb> sh a k ee n a
marathi_female_010638|aa d i t ii <wb> s a aa q g a uu <wb> l a aa g a l a ii <wb> r a w a i w a aa r a ii <wb> aa m a h a ii <wb> d a o gh a ee h a ii <wb> aa ii c a y a aa <wb> aa dh a ii <wb> u txh a uu n a <wb> t a i l a aa <wb> s a k aa lx a c aa <wb> c a h a aa <wb> k a r a u n a <wb> d a ee nx a aa r a <wb> aa h a o t a
marathi_female_010660|b aa b aa c y aa <wb> h a y a aa <wb> p r a sh n aa n ee <wb> c i n uu l aa <wb> aa p a l a ee <wb> s a mq dh y aa k aa lx a c ee <wb> w aa g a nx ee <wb> aa txh a w a l a ee
marathi_female_010664|m a ii <wb> m a aa t a r a <wb> t a u l a aa <wb> b a r a <wb> n a s a t aa mq n aa h ii <wb> kh a aa y a l a aa <wb> k a r a aa y a c a aa <wb> h a tx a tx a <wb> k a ee l a aa
marathi_female_010671|h a lx a uu h a lx a uu <wb> t a y a aa c a aa <wb> p a r a i nx a aa m a <wb> d a i s a uu <wb> l a aa g a l a aa
marathi_female_010678|t a y a aa n a ee <wb> i k a dx a ee <wb> t a i k a dx a ee <wb> p a aa h a i l a ee <wb> p a r a q t a u <wb> k a o nx a ii <wb> d i s ee n aa
marathi_female_010684|h a o <wb> t a uu c a <wb> h a ee <wb> s a g a lx a ee <wb> k ee l ee s a <wb> r a o j a <wb> aa txh a <wb> d a h a aa <wb> c o k a l ee tx s a <wb> kh aa y a c aa s a <wb> kh aa l l y aa w a r a <wb> c uu lx a <wb> bh a r aa y a c aa <wb> n a aa h a ii s a <wb> r a aa t a r a ii <wb> d a aa t a <wb> gh aa s aa y a c aa <wb> n a aa h a ii s a <wb> s a k aa lx a c ee <wb> t a u jh a ee <wb> d a aa t a <wb> gh aa s a nx ee h ii <wb> gh aa ii c ee c a <wb> a s a t a ee
marathi_female_010695|t a i c a ee <wb> g a aa w a <wb> sh a aa q t a <wb> s a u q d a r a <wb> aa nx a i <wb> s a m u d r aa k aa txh ii <wb> w a s a l ee l ee <wb> h a o t a ee
marathi_female_010716|aa ii c a ee <wb> b a o l a nx a ee <wb> ei k a uu n a <wb> m i t aa n ee <wb> t a i l a aa <wb> a t y aa n a mq d aa n ee <wb> m a i txh a ii <wb> m a aa r a l a ii
marathi_female_010724|t a y a aa <wb> r a aa t a r a ii <wb> aa ii b aa b aa mq c ee <wb> b a o l a nx a ee <wb> m a q j a uu c a y a aa <wb> k a aa n a aa w a r a <wb> p a dx a l a ee
marathi_female_010726|t a y a aa w a r a <wb> b a aa b a aa <wb> w ei t aa g a l ee l y aa <wb> s u r aa t a <wb> m a h a nx a aa l a ee <wb> a g a q <wb> m a h aa g a ii <wb> k a i t a ii <wb> w a aa dxh a l a ee l a ii <wb> aa h a ee <wb> sh a i k a sx a nx a aa c a y a aa <wb> bh a w i sx y aa c y aa <wb> d r u sx tx ii n ee <wb> k a i t a ii t a r a ii <wb> p a ei s a aa <wb> s aa txh a w aa y a c aa <wb> aa h a ee
marathi_female_010734|t a u l a aa <wb> m a aa h a i t a ii <wb> aa h a ee <wb> w i l m aa <wb> r u dx aa l ph a <wb> h a ii <wb> a m a ee r a i k a n a <wb> kh a ee lx a aa dx a uu <wb> p o l i o m u lx ee <wb> d a o n a h a ii <wb> p a aa y a aa q n a ii <wb> a p a q g a <wb> h a o t a ii
marathi_female_010740|w aa dxh a d i w a s aa l aa <wb> k a aa y a <wb> k a aa y a <wb> aa nx a aa y a c a ee <wb> h a y a aa c a ii <wb> y a aa d a ii <wb> t a ii <wb> t a i c a y a aa <wb> b a aa b a aa q n a aa <wb> s a m a j a aa w a uu n a <wb> s a aa q g a t a <wb> h a o t a ii
marathi_female_010748|s a k a aa lx a ii <wb> jh o p ee t uu n a <wb> u txh a l a y a aa w a r a <wb> n a ii n a aa l a aa <wb> aa ii b aa b aa mq n ii <wb> j a w a lx a <wb> gh a ee uu n a <wb> l aa dx a <wb> k a ee l a ee
marathi_female_010764|bh u w a n a l aa <wb> m a aa t a r a <wb> t a y a aa c a y a aa <wb> n a w a ii n a <wb> sh aa lx ee c ee <wb> m a i t a r a <wb> a j a i b a aa t a <wb> aa w a dx a l a ee <wb> n a w a h a t a ee
marathi_female_010818|dx a o q g a r a <wb> c a dxh aa y a c aa <wb> u t a s a aa h a <wb> ph a aa r a c a <wb> th o dx a y aa <wb> m u l aa mq m a dh y ee <wb> sh a i l a l a k a <wb> h a o t a aa <wb> a p a w aa d a <wb> ph a k a t a <wb> w i n i t a c aa <wb> t a o <wb> s a r a w a aa t a <wb> aa dh a ii <wb> dx o mq g a r aa w a r a <wb> j a aa uu n a <wb> p a o h a o c a l a aa
marathi_female_010822|t a u m a c a y a aa t a <wb> n a <wb> d a m a t aa <wb> j a r a <wb> k a o nx a ii <wb> dx a o q g a r a <wb> c a dxh a l a aa <wb> a s a ee l a <wb> t a r a <wb> t a o <wb> aa h a ee <wb> w i n i t a <wb> a s a q <wb> k a aa <wb> m a aa h a i t a ii <wb> aa h a ee <wb> k a aa <wb> m a u l a aa q n a ii <wb> n aa h ii c y aa <wb> m aa n aa <wb> dx o l aa w a l y aa
marathi_female_010846|ee k a d a aa <wb> tx ii n aa <wb> aa nx a i <wb> w a r g aa t a l y aa <wb> s aa h ii l a c ee <wb> bh a aa q dx a nx a <wb> jh a aa l a ee
marathi_female_010848|tx ii n aa l aa <wb> t a r a <wb> r a dx uu c a <wb> ph uu tx a l ee <wb> ee w a dxh a ii <wb> m a o txh a ii <wb> sh a aa lx a aa <wb> k a sh a ii <wb> jh aa dx aa y a c ii <wb> aa nx a i <wb> gh a r a ii <wb> k a dh a ii <wb> j a aa y a c a q <wb> h a y a aa c a <wb> k aa lx a j ii t a <wb> tx ii n aa <wb> h a o t a ii
marathi_female_010858|y a aa <wb> b aa g ee t uu n a <wb> t a y a aa <wb> b a aa g a ee t a <wb> j a aa y a l a aa <wb> l a aa l a <wb> n a aa g a m a o dx a ii <wb> r a s a t a ee <wb> h a o t a ee
marathi_female_010861|ph a k a t a <wb> p aa w a s aa lx a y aa t a c a <wb> k o s a lx a nx aa r aa <wb> p aa mq dxh a r aa sh u bh r a <wb> dh a b a dh a b aa <wb> h a o t a aa
marathi_female_010863|g a aa w a aa t a <wb> aa l a ee l a ee <wb> p a aa h a u nx a ee <wb> m u d d aa m a h uu n a <wb> h a aa <wb> dx a o q g a r a <wb> p a aa h a aa y a l a aa <wb> j a aa y a c a ee
marathi_female_010869|s a g a lx a ee <wb> k ou t uu k aa n ee <wb> m a h a nx a t a <wb> a j a b a c a <wb> dx a o q g a r a <wb> aa h a ee
marathi_female_010876|aa p a nx a <wb> s a g a lx a y a aa q n a aa <wb> m a d a t a <wb> k a r a aa y a c a ii <wb> s a g a lx a y a aa q n a aa <wb> uu r j aa <wb> p u r a w aa y a c ii <wb> s a g a lx a y a aa <wb> s a g a lx a y a aa q n a aa <wb> aa n a q d a ii <wb> k a r a aa y a c a q <wb> p a nx a <wb> t a r a ii h a ii <wb> aa p a l a ii <wb> jh ii j a c a <wb> h a o t a ee
marathi_female_010882|k a dx a k a <wb> u n h aa lx a y aa t a <wb> j a ee w a h a aa <wb> uu n a <wb> t aa p uu <wb> l a aa g a t a q <wb> t a ee w a h a aa <wb> aa m a h a ii <wb> aa m a c a ii <wb> s a aa r a ii <wb> p a aa n a q <wb> t a u jh a y a aa w a r a <wb> a mq th a r a t o <wb> aa nx a i <wb> aa m a h a ii <wb> m a aa t a r a <wb> n a i sx a p a r a nx a <wb> h a o uu n a <wb> u n a h a aa t a <wb> t aa p a t a <wb> r a aa h a t a o <wb> a t a i sh a y a <wb> aa n a q d a aa n a ee
marathi_female_010917|t a ee <wb> t a y a aa n a ee <wb> aa p a l a y a aa <wb> k a u t a r a y a aa c a y a aa <wb> p i l l aa mq b a r o b a r a <wb> w aa dxh a w a l ee <wb> w a <wb> m a o txh a ee <wb> k a ee l a ee
marathi_female_010919|p a nx a <wb> g a q m a t a <wb> m a aa t a r a <wb> a sh a ii <wb> k a ii <wb> t a y a aa w a ee lx a ii <wb> t a o <wb> l aa mq dx a g aa <wb> t a y a aa <wb> d a r o dx ee kh o r a <wb> i t a r a <wb> l aa mq dx a g y aa c aa <wb> p a aa txh a l a aa g a <wb> k a r a ii
marathi_female_010922|i t a k a ee c a <wb> n a aa h a ii <wb> t a r a <wb> b aa h ee r a c ee <wb> k a o nx a ii <wb> k a lx a p aa t uu n a <wb> m ee mq dxh a r uu <wb> n a y a aa y a l a aa <wb> aa l a ee <wb> n a aa h a ii <wb> t a r a <wb> t a o <wb> k a lx a p aa mq t a <wb> w a aa dxh a l a ee l a aa <wb> l aa mq dx a g aa <wb> s a w a t a <wb> c a <wb> g a u p a c a uu p a <wb> ee kh a aa d a ee <wb> m ee mq dxh a r uu <wb> txh a aa r a <wb> k a r a ii <wb> w a <wb> m ee j a w aa n ii c aa <wb> aa n a q d a <wb> l u tx ii
marathi_female_010929|dx a o k a y a aa w a r a <wb> bh a y a q k a r a <wb> uu n a <wb> m a ii <wb> m a h a nx a t a <wb> h a o t a ee
marathi_female_010930|i t a k a y a aa t a <wb> r a s t y aa c y aa <wb> k a dx a ee l a aa <wb> t a y a aa q n a aa <wb> ee k a <wb> m a o txh a ee <wb> jh a aa dx a <wb> d a i s a l a ee
