marathi_female_000000|C32 C0 C38 C0 C1 C23 C24 C0 C1 <wb> C11 C19 C0 <wb> C30 C0 C36 C23 C7 C0 C29 C0 <wb> C30 C0 C32 C0 C29 C0 C16 <wb> C29 C1 C17 C0 C37 C1 C9 C38 C1 C32 C36 C24 C0 <wb> C3 C0 C1 C15 C0 C11 C29 C0 <wb> C28 C0 C9 C0 C32 C0 C1 C23 C24 C0 C1 <wb> C7 C0 C16 C30 C0 C21 C0 C16
marathi_female_000008|C32 C0 C38 C0 C1 C24 C0 C23 C32 C0 C29 C0 <wb> C32 C0 C38 C0 C1 C5 C0 C38 C0 C1 <wb> C28 C0 C1 C35 C0 C26 C28 C0 C1 C35 C0 <wb> C32 C0 C16 C30 C0 C29 C0 C1 <wb> C28 C0 C36 C29 C0 C36 C31 C0 <wb> C38 C0 C31 C0 <wb> C24 C0 C16 C14 C0 C36 C24 C0 <wb> C13 C0 C11 C21 C0 C1
marathi_female_000010|C32 C0 C11 C37 C0 C15 C0 C1 <wb> C29 C0 C1 C17 C0 C1 C24 C0 C11 <wb> C32 C0 C38 C0 C1 C21 C0 C1 C15 C0 C16 <wb> C15 C0 C1 C32 C0 <wb> C17 C0 C26 C9 C0 C36 C24 C0 <wb> C24 C0 C22 C0 C29 C0 C28 C0 C25 C0 C11 <wb> C32 C0 C38 C0 C1 C5 C0 C11 <wb> C24 C0 C1 C37 C0 <wb> C37 C0 C16 C5 C0 C1 C29 C0 C21 C0 C11
marathi_female_000011|C32 C0 C26 <wb> C28 C0 C36 C29 C0 C36 C31 C0 <wb> C22 C0 C15 C0 C25 C0 C1 C21 C0 C1 <wb> C22 C0 C1 C18 C0 C11 <wb> C24 C0 C1 C37 C0 <wb> C30 C0 C7 C0 C1 C5 C0 C1 C29 C0
marathi_female_000015|C29 C0 C1 C17 C0 C1 C5 C0 C11 <wb> C15 C0 C11 <wb> C3 C0 C26 C21 C0 <wb> C2 C19 C0 C36 C24 C0 <wb> C30 C0 C7 C0 C1 C5 C0 C1 C29 C0 <wb> C29 C1 C17 C0 C37 C1 C9 C38 C1 C32 C0 C5 C0 <wb> C33 C0 C1 C23 C3 C0 C21 C0 C1
marathi_female_000020|C13 C0 C1 C37 C0 C1 C32 C0 <wb> C11 C19 C0 <wb> C31 C0 C23 C19 C0 C29 C0 C1 C5 C0 C16 <wb> C28 C16 C23 C9 C16 <wb> C15 C0 C26 C32 C0 C16 <wb> C32 C0 C38 C0 C1 C5 C0 C1 <wb> C11 C19 C0 <wb> C28 C36 C17 C1 C29 C16 <wb> C15 C0 C26 C32 C0 C1
marathi_female_000030|C11 C19 C0 <wb> C13 C0 C29 C15 C0 C30 C0 C33 C0 <wb> C22 C0 C15 C0 C1 C32 C0 C1 C29 C0 C28 C0 C25 C0 C1 C22 C0 C36 C21 C0 C11 <wb> C3 C0 C29 C0 C1 C5 C0 <wb> C33 C0 C19 C0 C21 C1 <wb> C15 C0 C26 C32 C0 C1
marathi_female_000032|C32 C0 C38 C0 C1 C24 C0 C11 <wb> C1 C28 C0 C21 C0 C38 C0 C1 <wb> C22 C0 C36 C21 C0 C1 C23 C24 C0 C1 <wb> C3 C0 C29 C0 C1 C5 C0 <wb> C36 C28 C0 C7 C0 C11 C31 C0 <wb> C19 C0 C11 C21 C0 C1 <wb> C28 C0 C25 C0 <wb> C36 C28 C0 C9 C38 C1 <wb> C14 C0 C9 C38 C1 C37 C0 C29 C0 <wb> C28 C0 C1 C25 C0 C16
marathi_female_000035|C32 C0 C38 C0 C1 <wb> C13 C29 C15 C0 C30 C33 C1 C24 C11 <wb> C32 C38 C1 C23 C5 C38 C1 C28 C2 C19 C16 <wb> C28 C0 C29 C0 C32 C0 C38 C0 C11 C19 C0 C1 C21 C0 C1 <wb> C1 C28 C0 C1 C28 C0 C21 C0 C16 <wb> C19 C0 C1 C35 C0 C16 <wb> C22 C26 C9 C0 C25 C38 C1 C30 C0 <wb> C30 C0 C1 C23 C13 C0 C16 C32 C0 C21 C0 C11
marathi_female_000042|C37 C0 C9 C0 C16 C21 C0 <wb> C11 C37 C0 C10 C0 C11 C5 C0 <wb> C3 C0 C26 C21 C0 C21 C0 C11 <wb> C28 C0 C25 C0 <wb> C32 C0 C11 <wb> C30 C0 C36 C17 C0 C24 C0 <wb> C22 C0 C36 C21 C0 C13 C0 C11 <wb> C30 C0 C22 C0 C17 C1 C38 C0 C5 C11 <wb> C32 C0 C11 <wb> C30 C0 C22 C0 C17 C0 C21 C0 C11
marathi_female_000047|C32 C0 C38 C0 C1 C23 C24 C0 C1 <wb> C28 C0 C29 C0 C31 C0 C24 C0 <wb> C28 C0 C9 C0 C32 C0 C26 <wb> C29 C0 C33 C1 C32 C16 C21 C0 <wb> C7 C0 C11 C37 C0 C1 C21 C0 C1 <wb> C7 C0 C36 C30 C0 C38 C0 C1 <wb> C13 C0 C1 C37 C0 C1 C21 C0 C1 <wb> C19 C0 C30 C0 C11 <wb> C28 C26 C15 C26 C5 C0 C37 C1 C38 C0 C5 C11
marathi_female_000049|C22 C0 C1 C29 C0 C13 C0 C1 C32 C0 <wb> C22 C0 C8 C0 C38 C0 C11 C5 C0 <wb> C4 C1 C37 C16 C19 C1 C23 C24 C1 <wb> C19 C0 C5 C0 C29 C0 C1 <wb> C20 C1 C25 C1 C29 C11 <wb> C11 C19 C0 <wb> C13 C0 C1 C10 C0 C37 C0 <wb> C7 C0 C16 C30 C0 C32 C0 C11
marathi_female_000051|C29 C0 C11 C31 C0 C22 C0 C16 <wb> C37 C0 C30 C0 C32 C0 C29 C0 <wb> C14 C0 C1 C21 C0 C36 C24 C0 <wb> C30 C0 C17 C0 C37 C0 C32 C1 C32 C0 <wb> C1 C25 C0 C16 <wb> C32 C0 C38 C0 C1 C37 C0 C29 C0 <wb> C7 C0 C11 C37 C0 C1 C21 C0 C1 <wb> C3 C0 C30 C0 C37 C0 C32 C1 C32 C0
marathi_female_000061|C15 C0 C11 <wb> C28 C0 C1 C15 C0 C36 C24 C0 <wb> C4 C1 C37 C16 C19 C0 <wb> C4 C0 C9 C0 C19 C0 C32 C1 C32 C0 <wb> C1 C25 C0 C16 <wb> C13 C0 C1 C10 C0 C37 C0 C1 C21 C0 C1 <wb> C8 C26 C28 C0 C34 C0 C32 C1 C32 C0
marathi_female_000069|C31 C0 C11 C37 C0 C34 C0 C16 <wb> C32 C0 C26 <wb> C22 C0 C1 C25 C0 C36 C30 C0 <wb> C22 C0 C15 C0 C1 C32 C0 C1 C29 C0 C1 <wb> C18 C0 C1 C21 C0 C1
marathi_female_000073|C28 C0 C29 C0 C32 C0 C38 C0 C11 C19 C0 C1 C5 C0 C38 C0 C1 <wb> C17 C0 C16 C37 C0 C24 C0 C1 C32 C0 <wb> C11 C19 C0 C7 C0 C1 <wb> C32 C0 C29 C0 C16 <wb> C28 C0 C29 C0 C16 C30 C0 <wb> C38 C0 C11 C32 C0 <wb> C0 C30 C0 C32 C0 C26
marathi_female_000075|C19 C0 C26 C25 C0 C32 C0 C38 C0 C1 <wb> C24 C0 C1 <wb> C19 C0 C26 C25 C0 C32 C0 C38 C0 C1 <wb> C29 C0 C36 C28 C0 C1 C32 C0 <wb> C32 C0 C26 <wb> C1 C28 C0 C21 C0 C38 C0 C1 C21 C0 C1 <wb> C4 C0 C11 C34 C0 C32 C0 <wb> C0 C30 C0 C32 C0 C26 <wb> C1 C25 C0 C16 <wb> C1 C28 C0 C21 C38 C1 C32 C0 C21 C38 C1 <wb> C21 C26 C20 C0 C23 C9 C1 C5 C11 <wb> C30 C0 C26 C24 C0 C11 <wb> C19 C0 C29 C0 C16 C32 C0 <wb> C0 C30 C0 C32 C0 C26
marathi_female_000078|C22 C0 C36 C23 C3 C0 C16 <wb> C19 C0 C8 C0 C16 C15 C0 C16 <wb> C24 C0 <wb> C18 C0 C26 C28 C0 C25 C0 C1 C29 C0 <wb> C31 C0 C15 C0 C29 C0 <wb> C28 C0 C25 C0 <wb> C16 C33 C0 C11 <wb> C30 C0 C36 C7 C0 C8 C0 C1 <wb> C22 C0 C24 C0 C22 C0 C26 C15 C0 C19 C0 <wb> C30 C0 C19 C0 C1 C21 C0 <wb> C29 C0 C26 C17 C0 <wb> C15 C0 C26 C32 C0 C11 <wb> C3 C0 C29 C0 <wb> C19 C0 C1
marathi_female_000080|C19 C0 C1 C21 C0 <wb> C29 C0 C1 C32 C0 C29 C0 C16 <wb> C11 C19 C0 C1 <wb> C22 C16 C32 C29 C1 C24 C11 <wb> C30 C0 C19 C0 C1 C21 C0 C16 <wb> C4 C0 C11 C34 C0 C25 C0 C38 C0 C1 C5 C0 C23 <wb> C37 C0 C5 C0 C24 C0 <wb> C22 C0 C1 C18 C0 C38 C0 C1 C19 C0 C9 C0 C36 C24 C0 <wb> C14 C11 C32 C0 C21 C0 <wb> C15 C0 C26 C32 C0 <wb> C32 C38 C1 C21 C1 C5 C0 <wb> C4 C0 C11 C34 C0 C25 C0 C38 C0 C1 C30 C0 C1 C35 C0 C16 <wb> C22 C0 C15 C0 C25 C0 C36 C24 C0 <wb> C22 C0 C16 <wb> C14 C0 C29 C0 C1 C3 C0 C1 C15 C0 C11 C29 C0 <wb> C28 C0 C9 C0 C21 C0 C26
marathi_female_000084|C22 C0 C16 C24 C0 C16 C34 C0 C1 C21 C0 C1 <wb> C31 C0 C23 C4 C0 C29 C0 <wb> C28 C1 C37 C0 C21 C0 <wb> C0 C30 C0 C1 <wb> C16 C33 C0 C11 <wb> C24 C0 C16 C38 C0 C22 C0 <wb> C0 C30 C0 C32 C0 C26 <wb> C15 C0 C11 <wb> C37 C0 C1 C19 C0 C38 C0 <wb> C20 C0 C29 C0 C5 C0 <wb> C1 C15 C0 C11 <wb> C15 C0 C11 <wb> C32 C0 C38 C0 C1 <wb> C7 C0 C16 C37 C0 C31 C0 C16 <wb> C22 C0 C16 <wb> C28 C0 C29 C0 C32 C0 C38 C0 C19 C0 C31 C0 <wb> C0 C24 C36 C4 C0 C37 C0 C21 C0 C23
marathi_female_000086|C28 C0 C25 C0 <wb> C22 C0 C1 C13 C0 C11 <wb> C37 C0 C21 C0 C36 C24 C0 <wb> C28 C0 C1 C15 C0 C25 C0 C38 C0 C1 C5 C0 C38 C0 C1 <wb> C0 C13 C0 C26 C7 C0 C29 C0 C5 C0 <wb> C19 C0 C26 C25 C0 C16 C32 C0 C29 C0 C16 <wb> C22 C1 C14 C36 C24 C0 <wb> C9 C0 C26 C21 C0 C11 <wb> C13 C0 C5 C0 C5 C0 <wb> C28 C0 C19 C0 C9 C0 C21 C0 C11
marathi_female_000088|C9 C26 C21 C38 C1 C23 C37 C0 C29 C0 C5 C1 <wb> C15 C0 C1 C33 C0 <wb> C0 C21 C0 C13 C0 C7 C0 <wb> C30 C0 C29 C0 C19 C0 C21 C1 <wb> C32 C0 C16 <wb> C37 C0 C38 C0 C19 C0 C32 C0 C16 <wb> C7 C29 C31 C34 C16 C19 C31 C11 C28 C1 C32 C0 <wb> C1 C21 C0 C16
marathi_female_000095|C31 C0 C11 C37 C0 C34 C0 C16 <wb> C22 C0 C21 C0 C1 <wb> C19 C0 C21 C0 C11 C17 C0 <wb> C21 C0 C1 <wb> C36 C31 C0 C16 C29 C0 <wb> C15 C26 C32 C26 C38 C0 <wb> C1 C28 C0 C25 C0 <wb> C36 C7 C0 C38 C0 C1 <wb> C28 C0 C36 C24 C0 C15 C0 C1 <wb> C16 C33 C0 C11 C5 C0 <wb> C4 C0 C11 C34 C0 C36 <wb> C0 C30 C0 <wb> C3 C0 C26 C21 C0 C36 C24 C0 <wb> C32 C0 C16 <wb> C24 C0 C16 C14 C0 C36 C24 C0 <wb> C13 C0 C11 C21 C0 C16
marathi_female_000096|C28 C0 C29 C0 C32 C0 C38 C0 C19 C0 C31 C0 <wb> C7 C0 C15 C0 C1 <wb> C22 C0 C16 C24 C0 C16 C34 C0 C23 <wb> C22 C0 C1 C18 C0 C38 C0 C1 <wb> C28 C0 C36 C10 C0 C11 <wb> C36 C4 C0 C16 <wb> C29 C0 C1 C15 C0 C36 C24 C0 <wb> C22 C0 C21 C0 C1 <wb> C11 C19 C0 C15 C0 C16 <wb> C31 C0 C3 C0 C7 C0 <wb> C3 C0 C26 C21 C0 C36 <wb> C24 C0 <wb> C7 C0 C11 C25 C0 C1 C38 C0 C1 <wb> C32 C0 C38 C0 C1 <wb> C0 C24 C0 C26 C21 C0 C20 C0 C16 <wb> C22 C0 C36 C21 C0 C16 C21 C0 C1
marathi_female_000102|C29 C0 C23 C13 C1 C24 C11 <wb> C13 C0 C26 C29 C0 C1 <wb> C28 C0 C29 C30 C0 C24 C2 C21 C16 C34 C16 <wb> C19 C0 C16 <wb> C22 C0 C15 C0 C25 C0 C32 C0 C1 C32 C0 <wb> C32 C0 C16 <wb> C20 C0 C36 C28 C0 <wb> C6 C0 C1 C24 C0 <wb> C15 C0 C26 C32 C0 C16
marathi_female_000117|C9 C0 C26 C21 C0 C38 C0 C1 C32 C0 C21 C0 C11 <wb> C28 C0 C1 C25 C0 C16 <wb> C0 C21 C0 C13 C0 C7 C0 <wb> C29 C36 C22 C1 C21 C1 C24 C11 <wb> C34 C0 C16 C28 C0 C21 C0 C11
marathi_female_000128|C28 C0 C29 C0 C37 C1 C5 C0 <wb> C11 C19 C0 C1 <wb> C30 C12 C26 C34 C1 C32 C0 <wb> C22 C11 C21 C26 <wb> C28 C0 C15 C0 C16 C21 C0 C38 C0 C1 C5 C0 <wb> C18 C0 C34 C0 C19 C0 C38 C0 C1 C32 C0 <wb> C30 C37 C0 C29 C13 C1 C32 C0 <wb> C13 C0 C11 C21 C0 C26
marathi_female_000139|C22 C0 C1 C24 C0 <wb> C37 C0 C29 C0 <wb> C19 C0 C29 C0 C1 C38 C0 C5 C0 C16 <wb> C22 C0 C1 C18 C0 C16 <wb> C15 C16 C22 C22 C0 C32 C0 <wb> C15 C0 C26 C32 C0 <wb> C24 C0 C37 C0 C15 C0 C32 C0 C16 <wb> C22 C0 C15 C0 C1 C29 C0 C1 C17 C0 C1 C23 C5 C0 C16 <wb> C24 C0 C17 C0 C29 C0 <wb> C22 C1 C18 C38 C1 C37 C0 C29 C36 C24 C0 <wb> C10 C0 C21 C0 C32 C0 <wb> C24 C0 C37 C0 C15 C0 C32 C0 C16
marathi_female_000144|C15 C0 C11 <wb> C30 C0 C13 C0 C21 C0 C11 <wb> C2 C19 C36 C24 C0 <wb> C22 C0 C15 C0 C1 C29 C0 C1 C17 C0 C1 C23 C5 C0 C38 C0 C1 <wb> C13 C1 C21 C1 C23 C5 C11 <wb> C19 C0 C21 C21 C11 <wb> C33 C0 C29 C0 C1 C29 C0 C21 C0 C11
marathi_female_000147|C28 C0 C1 C38 C0 <wb> C21 C0 C34 C0 C28 C0 C34 C0 C21 C11 <wb> C22 C0 C21 C0 C1 <wb> C37 C0 C1 C34 C0 C21 C0 C11 <wb> C1 C32 C0 C1 <wb> C19 C0 C23 C3 C0 C20 C32 C16 <wb> C4 C0 C29 C0 C21 C0 C16 <wb> C22 C0 C15 C0 C25 C0 C36 C24 C0 <wb> C30 C0 C22 C0 C17 C0
marathi_female_000155|C32 C0 C38 C0 C1 C21 C0 C1 <wb> C22 C36 C32 C26 C9 C0 <wb> C17 C0 C37 C1 C3 C0 <wb> C7 C11 C37 C36 C24 C0 <wb> C32 C0 C30 C0 C1 C5 C0 <wb> C28 C0 C36 C10 C0 C11 <wb> C24 C0 C16 C14 C0 C1 C21 C0 C26
marathi_female_000163|C30 C0 C29 C0 C37 C0 <wb> C17 C16 C37 C1 C23 C22 C0 C8 C38 C11 <wb> C22 C1 C24 C0 C37 C1 C21 C1 <wb> C30 C0 C29 C0 C37 C0 C1 C32 C0 <wb> C31 C0 C29 C0 C11 C31 C0 C35 C0 <wb> C3 C0 C24 C0 C37 C0 C21 C0 C23 <wb> C28 C0 C25 C0 <wb> C38 C0 C1 <wb> C22 C1 C25 C0 C30 C1 C24 C11 C5 C0 <wb> C1 C17 C0 <wb> C22 C1 C25 C0 C30 C1 C32 C16 C21 C0 <wb> C22 C1 C25 C36 C30 C0 C28 C0 C25 C0 <wb> C24 C0 C31 C0 C34 C0 <wb> C19 C0 C11 C21 C0 C23
marathi_female_000165|C3 C0 C26 C21 C0 C36 C24 C0 <wb> C3 C0 C26 C21 C0 C36 C24 C0 <wb> C33 C0 C19 C0 C21 C11 <wb> C1 C25 C0 C16 <wb> C18 C0 C1 C21 C0 C11 <wb> C30 C0 C13 C0 C21 C0 C11 <wb> C31 C0 C1 C23 C32 C0
marathi_female_000180|C4 C0 C1 C29 C0 C32 C0 C1 C32 C0 C16 C21 C0 <wb> C30 C0 C29 C0 C37 C0 C1 C32 C0 <wb> C22 C0 C26 C35 C0 C38 C0 C1 <wb> C22 C0 C15 C1 C37 C16 C7 C38 C1 C21 C0 C38 C1 C32 C16 C21 C0 <wb> C22 C36 C20 C38 C1 C8 C38 C1 C28 C0 C19 C1 C19 C0 C9 C11 <wb> C24 C0 C26 C19 C0 C29 C0 C16 <wb> C22 C0 C1 C13 C0 C25 C0 C38 C0 C1 C30 C0 C1 C35 C0 C16 <wb> C13 C0 C11 C21 C0 C1
marathi_female_000189|C1 C28 C0 C21 C0 C38 C0 C1 <wb> C4 C0 C1 C29 C0 C32 C0 <wb> C7 C0 C11 C31 C0 C1 C5 C0 C11 <wb> C37 C0 <wb> C4 C0 C1 C29 C0 C32 C0 <wb> C37 C1 C30 C16 C38 C1 C23 C5 C11 <wb> C4 C0 C37 C16 C32 C0 C37 C38 C0 <wb> C14 C0 C9 C0 C37 C0 C25 C38 C1 C30 C1 C35 C16 <wb> C30 C0 C36 C7 C0 C8 C0 C1 <wb> C36 C5 C0 C5 C0 C31 C0 C16 C19 C0 C31 C0 C16 C32 C0 <wb> C21 C0 C26 C19 C0 C1 C23 C5 C0 C16 <wb> C13 C0 C29 C0 C17 C0 <wb> C1 C15 C0 C11
marathi_female_000197|C17 C0 C38 C0 C1 <wb> C37 C0 C11 C21 C0 C16 <wb> C32 C0 C26 <wb> C15 C0 C11 <wb> C29 C0 C1 C13 C0 C1 C24 C0 C11 <wb> C30 C0 C1 C23 C13 C0 C32 C0 <wb> C15 C0 C26 C32 C0 C1 <wb> C32 C0 C38 C0 C1 <wb> C37 C0 C11 C21 C0 C16 <wb> C13 C0 C36 C29 C0 C36 <wb> C1 C24 C0 C23 C7 C0 C1 C24 C0 C11 <wb> C28 C0 C29 C0 C22 C1 C32 C22 C38 C1 C21 C1 <wb> C30 C0 C1 C23 C13 C0 C32 C0 <wb> C15 C0 C26 C32 C0 C11
marathi_female_000202|C1 C32 C0 C1 <wb> C1 C22 C0 C15 C0 C16 <wb> C18 C0 C26 C28 C0 C32 C0 C1 C23 C24 C0 C1 <wb> C5 C0 C23 C7 C29 C0 C15 C16 <wb> C3 C0 C14 C0 C36 <wb> C31 C0 C19 C0 C32 C0 C26
marathi_female_000225|C32 C0 C38 C0 C1 C22 C0 C36 C21 C0 C11 <wb> C22 C0 C1 C18 C0 C1 <wb> C37 C0 C38 C0 C1 C28 C0 C1 C29 C0 <wb> C5 C0 C1 C23 C13 C0 C21 C0 C1 <wb> C15 C0 C26 C16 C21 C0
marathi_female_000232|C29 C0 C1 C17 C0 C1 C24 C0 C11 <wb> C31 C11 C35 C0 C17 C16 C23 C5 C16 <wb> C19 C0 C1 C24 C0 <wb> C36 C14 C0 C9 C0 C25 C16 <wb> C19 C0 C11 C21 C0 C16 <wb> C19 C0 C16 <wb> C37 C0 C1 C16 C34 C0 <wb> C37 C16 C5 C1 C29 C1 C23 C28 C11 C19 C31 C1 <wb> C22 C0 C24 C0 C1 C32 C0 <wb> C5 C0 C1 C23 C13 C0 C21 C0 C11 <wb> C37 C0 C16 C5 C0 C1 C29 C0 <wb> C1 C25 C1 C37 C11
marathi_female_000238|C15 C0 C11 <wb> C2 C19 C0 C36 C24 C0 <wb> C37 C0 C9 C0 C16 C21 C0 C1 C23 C24 C0 C16 <wb> C22 C0 C36 C21 C0 C1 C21 C0 C1 <wb> C14 C0 C26 C9 C0 C38 C0 C1 C37 C0 C29 C0 <wb> C3 C0 C30 C0 C37 C0 C21 C11 <wb> C1 C25 C0 C16 <wb> C1 C28 C0 C25 C0 <wb> C28 C0 C1 C38 C0 C16 <wb> C5 C0 C1 C21 C0 C36 <wb> C21 C0 C1 C13 C0 C21 C0 C11
marathi_female_000251|C32 C0 C26 <wb> C28 C29 C0 C32 C16 C4 C1 C37 C1 C24 C0 <wb> C1 C25 C0 C16 <wb> C30 C36 C19 C31 C22 C0 C7 C0 C29 C31 C16 <wb> C37 C16 C7 C37 C1 C24 C0 C15 C16 <wb> C15 C0 C26 C32 C0 C1
marathi_female_000284|C1 C28 C0 C21 C0 C38 C0 C1 <wb> C29 C0 C1 C17 C0 C8 C0 C1 C24 C0 C16 C5 C0 C38 C0 C1 <wb> C17 C0 C37 C0 C21 C0 C5 C0 <wb> C29 C1 C24 C1 C22 C0 C8 C38 C11 <wb> C11 C19 C0 C1 <wb> C18 C0 C26 C28 C0 C9 C0 C16 C32 C0 <wb> C1 C32 C22 C1 C24 C0 C23 C7 C0 <wb> C22 C0 C15 C0 C1 C29 C0 C1 C17 C0 <wb> C29 C0 C1 C15 C0 C32 C0 C1 C32 C0
marathi_female_000287|C28 C0 C29 C0 C8 C0 C1 C24 C0 <wb> C1 C32 C22 C1 C24 C0 C23 C7 C0 <wb> C22 C0 C15 C1 C29 C1 C17 C1 C23 C19 C0 C9 C11 <wb> C13 C0 C11 C21 C0 C1
marathi_female_000293|C31 C0 C11 C37 C0 C34 C0 C16 <wb> C29 C0 C1 C17 C0 C1 <wb> C0 C8 C38 C1 C32 C22 C0 <wb> C31 C0 C16 C19 C0 C25 C0 C38 C0 C1 C30 C0 C1 C35 C0 C16 <wb> C1 C32 C22 C1 C24 C0 C23 C7 C1 C23 C5 C38 C1 <wb> C18 C0 C26 C28 C0 C9 C0 C16 C32 C0 <wb> C38 C0 C1 C38 C0 C21 C0 C1 <wb> C30 C0 C16 C7 C0 C8 C0 <wb> C18 C0 C1 C21 C0 C1
marathi_female_000296|C32 C38 C1 C21 C1 C37 C1 C34 C0 C21 C11 <wb> C22 C0 C15 C0 C1 C29 C0 C1 C17 C0 <wb> C32 C0 C38 C0 C1 C5 C0 C38 C0 C1 <wb> C30 C37 C1 C13 C0 C32 C1 C21 C1 <wb> C3 C0 C1 C15 C0 C11 C29 C0 <wb> C38 C0 C11 C32 C0 C16 C21 C0
marathi_female_000297|C1 C32 C22 C1 C24 C0 C23 C7 C0 <wb> C22 C0 C15 C0 C1 C29 C0 C1 C17 C0 C1 C23 C24 C0 C16 <wb> C28 C29 C0 C8 C1 C24 C1 C21 C1 <wb> C30 C0 C1 C23 C13 C0 C16 C32 C0 C21 C0 C11 <wb> C29 C0 C1 C17 C0 C1 C23 C24 C0 C1 <wb> C14 C0 C11 C36 C24 C0 <wb> C1 C28 C0 C25 C0 <wb> C22 C0 C1 C18 C0 C38 C0 C1 <wb> C20 C0 C26 C21 C0 C16 C32 C0 <wb> C38 C0 C1
marathi_female_000331|C32 C0 C38 C0 C1 <wb> C37 C0 C11 C21 C0 C16 <wb> C19 C29 C31 C25 C0 C29 C1 C37 C0 <wb> C19 C0 C1 C15 C0 C16 C5 C0 <wb> C3 C0 C26 C21 C0 C21 C0 C1 <wb> C24 C0 C1 C15 C0 C16 <wb> C32 C0 C38 C0 C1 C22 C0 C36 C21 C0 C11 <wb> C16 C32 C0 C29 C0 C1 C23 C24 C0 C1 <wb> C32 C0 C38 C0 C1 C5 C0 C11 <wb> C22 C0 C26 C35 C0 C11 <wb> C1 C31 C0 C5 C0 C29 C0 C38 C0 <wb> C37 C0 C1 C34 C0 C21 C0 C11
marathi_female_000358|C11 C19 C0 C11 <wb> C7 C0 C16 C37 C0 C31 C0 C16 <wb> C32 C0 C38 C0 C1 C21 C0 C1 <wb> C29 C0 C15 C1 C37 C0 C21 C11 <wb> C24 C0 C1 C15 C0 C16 <wb> C32 C0 C38 C0 C1 C24 C0 C11 <wb> C29 C0 C9 C0 C32 C0 <wb> C29 C0 C9 C0 C32 C0 <wb> C1 C28 C0 C21 C0 C16 <wb> C4 C0 C16 C32 C0 C16 <wb> C1 C28 C0 C21 C0 C38 C0 C1 <wb> C1 C16 C21 C0 C1 <wb> C30 C0 C1 C23 C13 C0 C16 C32 C0 C21 C0 C16
marathi_female_000362|C17 C0 C34 C16 C21 C0 C5 C38 C1 <wb> C28 C0 C1 C35 C0 C16 C37 C0 C29 C0 C36 C24 C0 <wb> C28 C0 C29 C0 C11 C22 C0 C1 C24 C0 C11 <wb> C15 C0 C1 C32 C0 <wb> C12 C0 C16 C29 C0 C37 C0 C32 C0 <wb> C32 C0 C16 <wb> C32 C0 C38 C0 C1 C21 C0 C1 <wb> C22 C0 C15 C0 C25 C0 C1 C21 C0 C16 <wb> C38 C0 C1 <wb> C17 C0 C13 C0 C1 C32 C0 <wb> C17 C0 C38 C0 C1 C21 C0 C1 <wb> C19 C0 C26 C25 C0 C16 <wb> C24 C0 C1 C15 C0 C16 <wb> C32 C0 C38 C0 C1 C21 C0 C1 <wb> C7 C11 C37 C0 C5 C0 <wb> C30 C0 C1 C23 C4 C0 C1 C21 C0 C32 C0 C26 <wb> C32 C0 C38 C0 C1 C5 C0 C11 <wb> C29 C0 C19 C0 C31 C0 C25 C0 <wb> C19 C0 C29 C0 C32 C0 C26
marathi_female_000364|C32 C0 C36 C21 C0 C1 <wb> C4 C0 C16 C32 C0 C16 <wb> C37 C0 C1 C34 C0 C21 C0 C16 <wb> C32 C0 C29 C0 <wb> C32 C0 C38 C0 C1 C21 C0 C1 <wb> C15 C0 C1 C19 C0 <wb> C22 C0 C1 C29 C0 <wb> C32 C0 C26 C5 C0 <wb> C32 C0 C36 C21 C0 C1 <wb> C30 C0 C26 C3 C0 C32 C0 <wb> C19 C0 C29 C0 C16 C21 C0
marathi_female_000365|C21 C0 C15 C1 C24 C0 C13 C38 C1 <wb> C17 C0 C34 C16 C21 C0 C5 C1 <wb> C1 C28 C0 C21 C0 C38 C0 C1 <wb> C1 C16 C5 C0 C38 C0 C1 <wb> C3 C0 C26 C21 C0 C25 C0 C38 C0 C1 C37 C0 C29 C0 <wb> C37 C0 C16 C31 C0 C37 C0 C1 C30 C0 <wb> C3 C0 C30 C0 C21 C0 C1
marathi_female_000373|C32 C0 C38 C0 C1 C5 C0 C38 C0 C1 <wb> C1 C16 C21 C0 C1 <wb> C15 C0 C16 <wb> C13 C0 C26 C31 C0 C34 C0 <wb> C35 C0 C1 C36 C19 C0 <wb> C24 C0 C37 C0 C15 C0 C32 C0 C16
marathi_female_000377|C32 C0 C11 <wb> C2 C19 C0 C36 C24 C0 <wb> C17 C0 C34 C16 C21 C0 C21 C1 <wb> C28 C0 C29 C0 C31 C0 C24 C0 <wb> C28 C0 C9 C0 C21 C0 C1
marathi_female_000379|C32 C0 C38 C0 C1 C24 C0 C11 <wb> C1 C28 C0 C21 C0 C16 <wb> C37 C0 C38 C0 C33 C0 C1 <wb> C13 C26 C28 C1 C21 C0 C7 C1 C7 C1 C21 C1 <wb> C30 C0 C1 C23 C13 C0 C16 C32 C0 C21 C0 C16
marathi_female_000388|C7 C0 C11 C37 C0 <wb> C31 C29 C0 C7 C8 C1 C37 C0 C23 C32 C1 C23 C24 C1 C5 C0 <wb> C4 C0 C11 C34 C0 C32 C0 C26 <wb> C15 C0 C11 C5 C0 <wb> C20 C0 C29 C0 C11
marathi_female_000391|C32 C0 C38 C0 C1 C5 C0 C11 <wb> C29 C1 C22 C0 C24 C1 C22 C0 <wb> C30 C0 C32 C0 C32 C0 <wb> C5 C0 C1 C21 C0 C36 <wb> C0 C30 C0 C11
marathi_female_000393|C32 C0 C26 <wb> C29 C0 C1 C24 C0 C1 C32 C0 C36 C24 C0 <wb> C17 C0 C1 C32 C0 <wb> C0 C30 C0 C32 C1 C23 C24 C1 <wb> C32 C0 C38 C0 C1 C21 C0 C1 <wb> C21 C36 C3 C1 C9 C0 C25 C38 C1 C30 C1 C35 C16 <wb> C7 C0 C26 C24 C0 <wb> C5 C0 C26 C29 C0 <wb> C32 C0 C38 C0 C1 C5 C0 C38 C0 C1 <wb> C28 C1 C35 C16 <wb> C21 C0 C1 C13 C0 C21 C0 C11
marathi_female_000395|C28 C0 C1 C5 C0 <wb> C14 C0 C23 C34 C38 C1 C23 C24 C0 C23 C32 C0 C29 C0 <wb> C7 C0 C36 C30 C0 C29 C0 C11 <wb> C31 C0 C15 C0 C29 C0 <wb> C17 C0 C37 C0 C21 C0 <wb> C1 C21 C0 C11 <wb> C32 C0 C38 C0 C1 <wb> C37 C0 C11 C21 C0 C16 <wb> C7 C0 C26 C24 C0 C15 C0 C16 <wb> C5 C0 C26 C29 C0 <wb> C32 C38 C1 C13 C0 C29 C1 C17 C0 C5 C38 C1 <wb> C28 C0 C1 C38 C0 C1 <wb> C28 C0 C9 C0 C21 C0 C11
marathi_female_000398|C28 C0 C25 C0 <wb> C32 C0 C36 C22 C0 C5 C0 C38 C0 C1 <wb> C7 C0 C26 C24 C0 C15 C0 C16 <wb> C3 C0 C1 C17 C0 C36 C23 C24 C0 C1 <wb> C32 C0 C36 C22 C0 C5 C0 C11 <wb> C29 C0 C19 C31 C0 C19 C0 <wb> C0 C30 C0 C21 C0 C38 C0 C1 C24 C0 C11 <wb> C1 C22 C0 C15 C0 C16 <wb> C32 C0 C36 C22 C0 C15 C0 C1 C21 C0 C1 <wb> C19 C0 C1 C15 C0 C16 C5 C0 <wb> C19 C0 C29 C0 C36 <wb> C31 C0 C19 C0 C21 C0 C26 <wb> C24 C0 C1 C15 C0 C16
marathi_female_000402|C22 C0 C15 C0 C25 C0 C36 C24 C0 <wb> C1 C22 C0 C15 C0 C16 <wb> C32 C0 C36 C22 C0 C15 C0 C1 C21 C0 C1 <wb> C24 C0 C22 C0 C30 C0 C19 C0 C1 C29 C0 <wb> C19 C0 C29 C0 C32 C0 <wb> C1 C15 C0 C26 C32 C0
marathi_female_000417|C16 C32 C0 C19 C0 C38 C0 C1 C32 C0 <wb> C24 C1 C29 C1 C38 C0 C25 C0 <wb> C24 C1 C29 C1 C38 C0 C25 C0 <wb> C0 C30 C0 C11 <wb> C22 C0 C15 C0 C25 C0 C32 C0 <wb> C24 C1 C29 C0 C7 C0 C22 C36 C24 C16 C23 C5 C16 <wb> C30 C0 C37 C0 C1 C29 C0 C16 <wb> C32 C0 C11 C33 C0 C11 <wb> C1 C21 C0 C16
marathi_female_000427|C28 C0 C25 C0 <wb> C22 C0 C16 <wb> C32 C0 C38 C0 C1 C23 C5 C0 C38 C0 C1 C37 C0 C29 C0 <wb> C0 C13 C0 C7 C0 C16 <wb> C22 C36 C21 C1 C23 C30 C1 C29 C0 C20 C0 <wb> C28 C0 C29 C0 C11 C22 C0 <wb> C19 C0 C29 C0 C32 C0 C11 <wb> C38 C0 C1 C23 C5 C0 C1 <wb> C22 C0 C16 <wb> C28 C29 C0 C32 C16 C28 C1 C21 C0 <wb> C19 C0 C29 C0 C32 C0 C11
marathi_female_000431|C1 C22 C0 C5 C0 C16 <wb> C22 C0 C15 C0 C25 C0 C17 C0 C11 C5 C0 <wb> C4 C0 C19 C0 C32 C0 C16 <wb> C17 C0 C24 C0 C1 C24 C0 <wb> C37 C2 C29 C1 C13 C38 C0 <wb> C38 C0 C1 C23 C5 C0 C16 <wb> C32 C0 C38 C0 C1 C23 C24 C0 C1 <wb> C28 C0 C29 C0 C37 C0 C1 C5 C0 <wb> C29 C0 C1 C15 C0 C16 C21 C0 C16 <wb> C24 C0 C1 C15 C0 C16
marathi_female_000435|C15 C0 C38 C0 C1 <wb> C19 C0 C21 C16 C38 C36 C13 C1 C32 C0 <wb> C21 C0 C26 C19 C0 C1 C23 C24 C0 C16 <wb> C32 C0 C38 C0 C1 <wb> C33 C0 C26 C29 C0 <wb> C22 C36 C19 C32 C16 C21 C1 C5 C0 <wb> C37 C2 C19 C36 C23 C35 C1 C32 C0 <wb> C28 C0 C1 C35 C0 C37 C0 C36 C24 C0 <wb> C7 C0 C16 C21 C0 C23
marathi_female_000442|C22 C0 C15 C0 C1 C29 C0 C1 C31 C0 C34 C0 C29 C0 <wb> C15 C0 C11 <wb> C20 C0 C29 C0 C5 C0 C23 <wb> C22 C0 C15 C1 C24 <wb> C29 C0 C1 C31 C0 C34 C0 C29 C0 <wb> C37 C0 C1 C34 C0 C21 C0 C23 <wb> C1 C22 C0 C15 C0 C1 C21 C0 C1
marathi_female_000445|C10 C26 C23 C13 C16 <wb> C37 C2 C29 C1 C13 C38 C1 C5 C0 C23 <wb> C30 C32 C26 C22 C0 <wb> C32 C0 C38 C0 C1 C23 C24 C0 C16 <wb> C22 C1 C17 C0 C37 C16 C21 C0 C23 <wb> C1 C25 C0 C16 <wb> C7 C1 C23 C4 C16 C19 C0 <wb> C4 C0 C19 C0 C32 C0 C16 C5 C0 C38 C0 C1 <wb> C0 C37 C0 C9 C0 C23 C3 C0 C29 C1 C5 C0 C23 <wb> C28 C0 C29 C0 C7 C0 C29 C0 C31 C0 C24 C0 <wb> C30 C0 C36 C29 C0 C36 <wb> C18 C0 C1 C21 C0 C23
marathi_female_000451|C4 C0 C13 C0 C37 C0 C1 C24 C0 <wb> C31 C0 C29 C0 C16 C19 C0 C29 C31 C0 C25 C0 C1 C5 C0 C38 C0 C1 <wb> C37 C1 C30 C32 C0 C37 C38 C1 C24 C0 C23 <wb> C28 C0 C37 C0 C16 C32 C0 C29 C0 <wb> C18 C0 C1 C21 C0 C11 C21 C0 C1 <wb> C15 C0 C1 <wb> C28 C0 C29 C0 C7 C0 C11 C31 C0 <wb> C28 C0 C25 C0 <wb> C16 C33 C0 C15 C16 <wb> C32 C0 C26 C5 C0 <wb> C28 C0 C29 C0 C19 C0 C1 C29 C0
marathi_female_000456|C24 C1 C29 C0 C7 C0 C22 C36 C24 C16 <wb> C1 C28 C0 C25 C0 <wb> C1 C21 C1 C32 C0 <wb> C6 C0 C1 C24 C0 <wb> C18 C0 C1 C21 C0 C23 <wb> C1 C32 C0 C1 <wb> C32 C0 C36 C22 C0 C15 C0 C16 C5 C0 <wb> C22 C0 C21 C0 C1 <wb> C22 C0 C1 C29 C0 C13 C0 <wb> C7 C0 C1 C20 C0 C37 C0 C1 <wb> C1 C22 C0 C5 C0 C23 <wb> C30 C0 C23 C19 C0 C34 C0 <wb> C24 C0 C16 C37 C0 C1 C29 C0 C25 C0 <wb> C19 C0 C29 C0 C1
marathi_female_000460|C24 C1 C29 C0 C7 C0 C22 C36 C24 C16 <wb> C22 C0 C15 C0 C25 C0 C1 C21 C0 C11 <wb> C4 C0 C19 C32 C16 C7 C11 C37 C16 <wb> C19 C0 C21 C16 C38 C36 C13 C1 C5 C38 C1 <wb> C28 C29 C0 C4 C1 C37 C1 C24 C0 C23 <wb> C32 C0 C36 C22 C0 C15 C0 C1 <wb> C32 C16 C14 C1 C23 C5 C16 <wb> C15 C0 C16 <wb> C7 C36 C29 C7 C0 C31 C1 <wb> C18 C0 C1 C21 C0 C16 <wb> C1 C15 C0 C11 <wb> C15 C0 C11 <wb> C20 C0 C29 C0 C23 <wb> C1 C15 C0 C11
marathi_female_000469|C32 C0 C38 C0 C1 C23 C5 C0 C38 C0 C1 <wb> C19 C29 C28 C1 C28 C29 C0 C38 C0 C32 C24 C1 C24 C0 C23 <wb> C32 C0 C36 C22 C0 C15 C0 C1 <wb> C4 C0 C19 C0 C32 C0 C16 <wb> C17 C0 C24 C0 C1 C24 C0 <wb> C37 C2 C29 C1 C13 C38 C0 <wb> C38 C0 C1 C23 C24 C0 C1 <wb> C28 C0 C36 C24 C0 C15 C0 C1 <wb> C30 C0 C36 C20 C0 C1 C5 C0 C11 <wb> C7 C0 C16 C37 C0 C30 C0 <wb> C38 C0 C11 C32 C0 C16 C21 C0
marathi_female_000472|C28 C0 C25 C0 <wb> C4 C0 C19 C0 C32 C0 C16 <wb> C22 C0 C15 C0 C25 C0 C1 C21 C0 C16 <wb> C22 C0 C16 <wb> C31 C0 C1 C23 C32 C0 <wb> C29 C0 C1 C15 C0 C32 C0 C11 <wb> C28 C0 C25 C0 <wb> C15 C0 C11 <wb> C17 C0 C24 C0 C1 C24 C0 <wb> C1 C25 C0 C16 <wb> C37 C2 C29 C1 C13 C38 C0 <wb> C22 C29 C32 C38 C36 C28 C0 C23 C33 C1 C21 C1 <wb> C21 C0 C1 C13 C0 C21 C0 C11 <wb> C1 C15 C0 C11 C32 C0
marathi_female_000473|C19 C0 C29 C28 C0 C1 <wb> C19 C0 C29 C0 C36 C24 C0 <wb> C38 C1 C23 C5 C38 C1 C32 C0 <wb> C5 C2 C32 C0 C24 C38 C0 <wb> C1 C25 C1 <wb> C38 C0 C1 C23 C24 C0 C1 <wb> C30 C0 C23 C17 C0 C16 C37 C0 C24 C0 <wb> C7 C0 C38 C0 C1
marathi_female_000489|C19 C0 C27 C31 C0 C16 C19 C0 C16 <wb> C24 C0 C7 C0 C16 C5 C0 C38 C0 C1 <wb> C32 C0 C16 C29 C0 C1 C37 C0 C29 C0 <wb> C0 C32 C0 C38 C0 C23 C32 C0 <wb> C29 C0 C22 C0 C25 C0 C16 C38 C0 <wb> C0 C31 C0 C1 <wb> C24 C16 C30 C0 C29 C13 C0 C30 C36 C23 C7 C0 C29 C0 <wb> C35 C0 C16 C19 C0 C1 C25 C0 C16 <wb> C31 C0 C22 C16 C19 C0 <wb> C29 C31 C0 C16 C23 C5 C0 C1 <wb> C1 C31 C0 C29 C0 C22 C0 <wb> C15 C0 C26 C32 C0 C1
marathi_female_000494|C31 C0 C22 C16 C19 C0 <wb> C29 C31 C0 C16 <wb> C22 C0 C1 C32 C0 C29 C0 <wb> C8 C0 C38 C0 C1 C24 C0 <wb> C8 C1 C29 C0 C25 C11 C32 C0 <wb> C22 C0 C13 C0 C24 C0 <wb> C15 C0 C26 C36 C24 C0 <wb> C1 C31 C29 C0 C22 C1 C32 C0 C5 C0 <wb> C3 C0 C30 C0 C21 C0 C11 <wb> C15 C0 C26 C32 C0 C11
marathi_female_000504|C29 C0 C1 C17 C0 C1 C21 C0 C1 <wb> C1 C31 C0 C5 C0 C29 C0 C38 C0 <wb> C37 C0 C1 C34 C0 C21 C0 C11 <wb> C32 C0 C33 C0 C1 C28 C0 C16 <wb> C32 C0 C15 C1 C24 C11 C24 C11 <wb> C32 C0 C26 <wb> C37 C38 C1 C19 C36 C21 C0 <wb> C18 C0 C1 C21 C0 C1 <wb> C15 C0 C26 C32 C0 C1
marathi_female_000505|C32 C0 C26 <wb> C1 C31 C0 C29 C0 C22 C0 C1 C32 C0 <wb> C28 C0 C1 C25 C0 C16 <wb> C31 C26 C8 C36 <wb> C21 C0 C1 C13 C0 C21 C0 C1
marathi_female_000506|C32 C0 C26 C5 C0 <wb> C30 C0 C22 C0 C26 C29 C0 <wb> C30 C0 C37 C0 C32 C0 <wb> C31 C0 C22 C16 C19 C0 <wb> C29 C31 C0 C16 <wb> C3 C0 C30 C0 C21 C0 C11 C21 C0 C11 <wb> C32 C0 C38 C0 C1 C21 C0 C1 <wb> C7 C0 C16 C30 C0 C21 C0 C11 <wb> C32 C0 C38 C0 C1 C21 C0 C1 <wb> C1 C24 C0 C23 C7 C0 <wb> C18 C0 C1 C21 C0 C1
marathi_female_000514|C28 C0 C1 C38 C0 <wb> C1 C28 C0 C34 C16 C32 C0 C5 C0 <wb> C32 C0 C26 <wb> C1 C31 C29 C0 C22 C1 C3 C1 C15 C11 C29 C0 <wb> C1 C21 C0 C1 <wb> C29 C0 C1 C13 C0 C1 C24 C0 C11 <wb> C32 C0 C26 <wb> C32 C0 C25 C0 C32 C0 C25 C0 C32 C0 <wb> C15 C0 C26 C32 C0 C1
marathi_female_000518|C32 C0 C38 C0 C1 C23 C24 C0 C16 <wb> C31 C29 C23 C13 C16 C21 C1 <wb> C32 C0 C16 <wb> C37 C0 C1 C29 C0 C32 C0 C1 <wb> C30 C0 C1 C23 C13 C0 C16 C32 C0 C21 C0 C16 <wb> C32 C0 C11 C37 C0 C15 C0 C1 <wb> C31 C29 C23 C13 C16 <wb> C22 C0 C15 C0 C25 C0 C1 C21 C0 C1 <wb> C22 C16 C32 C29 C1 C23 C24 C26 <wb> C1 C32 C0 C1 <wb> C1 C28 C0 C25 C0 <wb> C1 C31 C0 C29 C0 C22 C0 C1 C32 C0 <wb> C17 C0 C1 C36 <wb> C38 C0 C1
marathi_female_000537|C32 C0 C38 C0 C1 C5 C0 C11 <wb> C1 C7 C0 C29 C1 C32 C16 C33 C38 C0 <wb> C38 C0 C11 C33 C0 C11 <wb> C24 C0 <wb> C18 C1 C21 C38 C1 C22 C36 C21 C11 C5 C0 <wb> C32 C0 C26 <wb> C29 C1 C13 C1 C37 C0 C21 C1 <wb> C0 C30 C0 C11 C21 C0
marathi_female_000541|C7 C36 C30 C0 C38 C1 C23 C24 C16 C7 C16 C21 C11 C21 C11 C7 C36 C20 C0 <wb> C12 C11 C9 C1 C38 C0 C5 C11 <wb> C24 C0 C30 C0 C32 C0 C11 <wb> C32 C0 C11 <wb> C30 C26 C30 C1 C38 C0 C5 C11 <wb> C0 C30 C0 C32 C0 C11 <wb> C38 C0 C1 C32 C0 C5 C0 <wb> C1 C28 C0 C21 C0 C1 <wb> C22 C26 C35 C11 C28 C0 C25 C1 <wb> C1 C15 C0 C11
marathi_female_000558|C28 C0 C29 C16 C19 C31 C16 C32 C16 <wb> C29 C0 C1 C17 C0 C1 C24 C0 C11 <wb> C38 C26 C17 C0 C21 C11 C21 C38 C1 <wb> C32 C0 C38 C0 C1 <wb> C4 C0 C1 C13 C0 C37 C0 C32 C0 <wb> C30 C0 C28 C32 C1 C15 C1 C5 C16 <wb> C37 C0 C1 C29 C0 C32 C0 C1 <wb> C2 C19 C0 C36 C24 C0 <wb> C19 C31 C0 C22 C1 C31 C16 C21 C0 <wb> C31 C0 C22 C16 C19 C0 <wb> C29 C31 C0 C16 C23 C24 C0 C1 <wb> C1 C24 C0 C23 C7 C0 <wb> C18 C0 C1 C21 C0 C1
marathi_female_000588|C24 C0 C36 C19 C0 C32 C0 C11 C5 C0 <wb> C30 C0 C24 C0 C1 C24 C0 <wb> C1 C34 C0 C26 C28 C0 C36 C24 C0 <wb> C4 C0 C30 C0 C22 C0 <wb> C21 C0 C1 C37 C0 C21 C0 C11 C21 C0 C11 <wb> C1 C25 C0 C16 <wb> C21 C1 C23 C3 C0 C30 C0 C9 C0 C19 C0 <wb> C19 C0 C11 C30 C0 <wb> C28 C0 C1 C35 C0 C16 C37 C0 C29 C0 <wb> C22 C26 C19 C0 C21 C11 <wb> C30 C26 C9 C0 C21 C11 C21 C11 <wb> C0 C30 C0 C11 <wb> C0 C24 C0 C11 C19 C0 <wb> C32 C0 C11 C17 C0 C30 C0 C37 C0 C16 <wb> C19 C36 C22 C1 C29 C0 <wb> C37 C0 C11 C7 C0 C28 C0 C35 C0 C25 C0 <wb> C19 C0 C29 C0 C16 C32 C0 <wb> C15 C0 C26 C32 C0 C11
marathi_female_000590|C30 C0 C32 C38 C0 C19 C1 C22 C0 <wb> C4 C16 C32 C0 C4 C16 C32 C0 <wb> C28 C0 C36 C10 C0 C11 <wb> C1 C21 C0 C1
marathi_female_000593|C16 C32 C0 C19 C0 C38 C0 C1 C32 C0 <wb> C13 C27 C32 C0 C22 C1 C23 C24 C16 <wb> C1 C28 C0 C21 C0 C11 <wb> C9 C0 C26 C21 C0 C11 <wb> C36 C14 C0 C9 C0 C21 C0 C11 <wb> C1 C25 C0 C16 <wb> C31 C0 C1 C23 C32 C0 C28 C0 C25 C0 C11 <wb> C30 C0 C13 C0 C21 C0 C16 C19 C0 C9 C0 C11 <wb> C24 C0 C17 C0 C29 C0 <wb> C12 C16 C29 C0 C37 C16 C21 C16
marathi_female_000594|C11 C19 C0 C1 <wb> C19 C0 C31 C0 C25 C0 C1 C32 C0 <wb> C17 C16 C19 C0 C9 C11 <wb> C32 C0 C16 C19 C0 C9 C0 C11 <wb> C31 C0 C1 C23 C32 C0 <wb> C18 C0 C1 C21 C0 C11
marathi_female_000605|C17 C0 C26 <wb> C20 C0 C29 C0 C11 <wb> C3 C0 C26 C21 C0 C32 C0 C26 <wb> C32 C0 C38 C0 C1 C21 C0 C1 <wb> C22 C0 C16 <wb> C3 C29 C1 C15 C22 C0 C25 C0 C5 C0 <wb> C30 C0 C22 C0 C17 C0 C32 C0 C26
marathi_female_000611|C31 C16 C31 C38 C1 C23 C24 C16 <wb> C32 C0 C38 C0 C1 C23 C5 C0 C16 <wb> C5 C0 C1 C23 C13 C0 C21 C0 C16 <wb> C19 C0 C1 C21 C0 C17 C0 C16 <wb> C14 C0 C11 C32 C0 C21 C0 C16 <wb> C24 C0 C30 C0 C1 C37 C0 C16 <wb> C32 C0 C38 C0 C1 C23 C5 C0 C11 <wb> C30 C0 C1 C29 C0 C11 <wb> C21 C0 C19 C0 C31 C0 <wb> C37 C0 C11 C7 C0 <wb> C14 C26 C19 C0 C25 C38 C1 C32 C0 <wb> C15 C0 C26 C32 C0 C11
marathi_female_000626|C37 C0 C1 C34 C0 C11 C32 C0 <wb> C30 C0 C23 C8 C0 C38 C0 C1 C19 C0 C1 C21 C0 <wb> C18 C0 C1 C21 C0 C16 <wb> C32 C0 C11 C37 C0 C15 C0 C1 <wb> C32 C0 C38 C0 C1 C24 C0 C11 <wb> C13 C1 C38 C16 <wb> C3 C0 C1 C23 C8 C0 C21 C0 C38 C0 C1 <wb> C0 C13 C0 C24 C0 C16 <wb> C28 C11 C34 C0 C37 C16 C21 C1 <wb> C37 C0 <wb> C32 C0 C26 <wb> C32 C0 C38 C0 C1 C32 C0 <wb> C30 C0 C22 C16 C8 C1 <wb> C34 C0 C1 C19 C0 C36 <wb> C21 C0 C1 C13 C0 C21 C0 C1
marathi_female_000639|C28 C0 C29 C0 C32 C0 C38 C0 C11 C19 C0 <wb> C28 C29 C1 C25 C38 C1 C32 C0 <wb> C16 C31 C37 C0 C29 C1 C5 C1 <wb> C15 C0 C1 <wb> C0 C23 C31 C0 <wb> C0 C30 C0 C32 C0 C26
marathi_female_000649|C16 C32 C0 C19 C0 C16 <wb> C37 C0 C29 C0 C31 C0 C11 <wb> C37 C0 C11 C7 C0 <wb> C14 C26 C19 C36 C24 C0 C15 C16 <wb> C32 C0 C38 C0 C1 C23 C24 C0 C1 <wb> C16 C32 C0 C19 C0 C11 <wb> C17 C0 C24 C0 C1 C24 C0 <wb> C18 C0 C1 C21 C0 C11 C21 C0 C11 <wb> C24 C0 C37 C0 C15 C0 C32 C0 C11
marathi_female_000650|C28 C0 C36 C10 C0 C11 <wb> C30 C0 C32 C38 C0 C19 C1 C22 C0 <wb> C22 C0 C26 C35 C0 C1 <wb> C28 C29 C0 C20 C38 C1 C32 C0 <wb> C29 C31 C0 C16 <wb> C18 C0 C1 C21 C0 C1 <wb> C1 C25 C0 C16 <wb> C32 C0 C38 C0 C1 C5 C0 C38 C0 C1 C17 C0 C37 C0 C21 C0 <wb> C31 C0 C16 C19 C0 C36 C24 C0 <wb> C28 C0 C36 C31 C0 C19 C0 C21 C0 <wb> C31 C0 C16 C31 C0 C38 C0 <wb> C17 C0 C24 C0 C1 C24 C0 C16 <wb> C18 C0 C1 C21 C0 C11
marathi_female_000686|C3 C0 C1 C29 C0 C1 <wb> C37 C0 C29 C0 C31 C0 C1 C23 C24 C0 C16 <wb> C28 C0 C29 C0 C32 C0 <wb> C1 C21 C0 C38 C0 C1 C37 C0 C29 C0 <wb> C32 C0 C38 C0 C1 C21 C0 C1 <wb> C7 C0 C16 C30 C0 C36 C24 C0 <wb> C1 C21 C0 C11
marathi_female_000689|C24 C1 C4 C1 C21 C1 <wb> C37 C0 C9 C0 C16 C21 C0 <wb> C4 C1 C37 C1 C23 C24 C16 <wb> C19 C0 C1 C15 C0 C16 <wb> C24 C0 <wb> C7 C0 C11 C32 C0 C1 <wb> C8 C0 C36 C9 C0 C19 C0 C1 C37 C0 C36 C24 C0 <wb> C21 C0 C1 C37 C0 C21 C0 C11
marathi_female_000692|C16 C33 C0 C36 C24 C0 <wb> C17 C0 C37 C0 C21 C0 C5 C0 <wb> C0 C23 C13 C16 C29 C0 C30 C0 <wb> C29 C31 C0 C16 C23 C24 C0 C16 <wb> C38 C0 C17 C0 C24 C0 <wb> C5 C1 C21 C0 C37 C16 C21 C1 <wb> C1 C15 C0 C11
marathi_female_000695|C32 C0 C38 C0 C1 C23 C24 C0 C1 <wb> C19 C0 C26 C25 C0 C32 C0 C11 <wb> C22 C0 C23 C32 C29 C0 <wb> C15 C0 C37 C0 C11 <wb> C1 C15 C0 C11 C32 C0 <wb> C32 C0 C11 <wb> C22 C0 C16 <wb> C32 C0 C36 C21 C0 C1 <wb> C31 C16 C19 C0 C37 C0 C32 C26 <wb> C32 C0 C36 <wb> C17 C0 C1 C36 C24 C0 <wb> C32 C0 C38 C0 C1 C23 C5 C0 C1 <wb> C38 C0 C17 C0 C24 C0 <wb> C28 C0 C36 C29 C0 C1 <wb> C19 C0 C29 C0
marathi_female_000714|C11 C37 C0 C10 C0 C1 <wb> C19 C0 C29 C0 C36 C29 C0 <wb> C32 C0 C26 <wb> C28 C0 C25 C0 <wb> C24 C1 C4 C1 C5 C1 <wb> C15 C16 C29 C0 C22 C26 C9 C0 <wb> C28 C0 C1 C15 C0 C36 C24 C0 <wb> C32 C38 C1 C5 C11 C15 C16 <wb> C22 C0 C24 C0 <wb> C37 C16 C29 C0 C14 C0 C21 C0 C21 C11
marathi_female_000730|C22 C0 C13 C0 <wb> C37 C16 C31 C25 C36 C23 C24 C16 <wb> C22 C26 C15 C16 C24 C16 C29 C36 C28 C0 <wb> C14 C0 C11 C36 C24 C0 <wb> C37 C0 C1 C34 C0 C28 C0 <wb> C30 C0 C36 C29 C0 C36 <wb> C19 C0 C11 C21 C0 C11
marathi_female_000733|C15 C0 C11 <wb> C28 C0 C1 C15 C0 C36 C24 C0 <wb> C5 C0 C23 C7 C29 C1 C24 C11 <wb> C37 C0 C16 C31 C0 C25 C0 C36 C21 C0 C1 <wb> C20 C0 C36 C25 C0 <wb> C19 C0 C29 C0 C36 C24 C0 <wb> C15 C0 C11 <wb> C19 C0 C21 C0 C37 C0 C21 C11
marathi_female_000737|C31 C0 C23 C19 C0 C29 C1 C23 C24 C16 C15 C16 <wb> C32 C29 C16 C31 C36 C21 C0 <wb> C28 C0 C26 C34 C0 C1 C32 C0 <wb> C20 C0 C36 C28 C0 C30 C0 C36 C24 C0 <wb> C32 C0 C38 C0 C1 C21 C0 C1 <wb> C22 C0 C1 C29 C0 C25 C0 C38 C0 C1 C5 C0 C1 <wb> C28 C0 C29 C0 C38 C0 C32 C0 C24 C0 <wb> C19 C0 C11 C21 C0 C1
marathi_female_000744|C36 C28 C1 C30 C0 C24 C11 C5 C38 C1 <wb> C38 C26 C13 C1 C24 C11 <wb> C7 C0 C11 C37 C0 C1 C5 C0 C16 <wb> C19 C0 C29 C28 C0 C1 <wb> C15 C0 C26 C36 C24 C0 <wb> C17 C24 C1 C24 C0 C30 C0 C23 C28 C0 C24 C24 C0 C32 C1 <wb> C19 C0 C31 C0 C16 <wb> C38 C0 C11 C32 C0 C11
marathi_female_000745|C32 C0 C30 C0 C11 C5 C0 <wb> C1 C32 C22 C0 C17 C24 C1 C24 C0 <wb> C15 C0 C26 C25 C0 C38 C0 C1 C21 C0 C1 <wb> C30 C37 C0 C28 C29 C0 C38 C0 C32 C24 C1 C23 C5 C16 <wb> C37 C0 <wb> C37 C16 C5 C1 C29 C1 C5 C16 <wb> C1 C37 C0 C31 C0 C38 C0 C19 C0 C32 C0 C1 <wb> C1 C15 C0 C11 <wb> C0 C30 C0 C11 <wb> C38 C0 C1 C37 C0 C29 C0 C36 C24 C0 <wb> C30 C0 C28 C0 C31 C0 C34 C0 <wb> C15 C0 C26 C32 C0 C11
marathi_female_000751|C38 C0 C1 C32 C0 <wb> C7 C2 C32 C38 C1 C23 C5 C11 <wb> C19 C0 C1 C15 C0 C16 C32 C0 C29 C0 C16 <wb> C13 C0 C36 C28 C0 C32 C0 <wb> C19 C1 C29 C0 C30 C33 C1 C24 C0 <wb> C1 C15 C0 C11 <wb> C0 C30 C0 C1 <wb> C30 C0 C23 C31 C0 C38 C0 <wb> C32 C0 C38 C0 C1 C23 C24 C0 C16 <wb> C37 C16 C31 C25 C36 C19 C0 C9 C11 <wb> C37 C0 C38 C0 C19 C0 C32 C0 <wb> C19 C0 C11 C21 C0 C1
marathi_female_000763|C4 C36 C21 C26 C19 C0 <wb> C29 C0 C1 C15 C0 C25 C0 C1 C29 C0 <wb> C24 C0 C1 C15 C0 C16 <wb> C15 C0 C11 <wb> C32 C0 C29 C0 C16 C4 C0 C36 C37 C0 C24 C0 <wb> C19 C0 C21 C28 C1 C23 C32 C1 C28 C0 C29 C38 C0 C23 C32 C0 <wb> C29 C0 C1 C15 C0 C1 C37 C0 C11 <wb> C38 C0 C1 <wb> C30 C0 C23 C19 C0 C21 C28 C1 C21 C1 <wb> C3 C0 C1 C8 C0 C1 <wb> C38 C0 C11 C16 C21 C0 <wb> C22 C0 C15 C0 C25 C0 C36 C24 C0 <wb> C7 C1 C24 C0 C37 C1 C23 C5 C11 <wb> C29 C0 C1 C17 C0 C38 C0 <wb> C29 C0 C1 C15 C0 C16 C21 C0 C11 <wb> C28 C0 C1 C15 C0 C16 C17 C0 C11
marathi_female_000779|C1 C22 C0 C5 C0 C38 C0 C1 <wb> C7 C1 C29 C1 C32 C0 C21 C1 <wb> C19 C0 C9 C36 C24 C16 C23 C3 C0 <wb> C20 C0 C29 C0 <wb> C32 C0 C29 C0 <wb> C22 C0 C21 C0 C1 <wb> C0 C17 C0 C16 C3 C0 C1 C32 C0 <wb> C1 C37 C0 C9 C0 C32 C0 <wb> C24 C0 C1 C15 C0 C16
marathi_female_000791|C1 C28 C0 C21 C0 C38 C0 C1 <wb> C30 C0 C13 C0 C21 C0 C38 C0 C1 C23 C24 C0 C1 <wb> C0 C32 C32 C0 C29 C0 <wb> C20 C0 C36 C28 C0 <wb> C1 C37 C0 C9 C0 C32 C0 C11
marathi_female_000795|C14 C0 C29 C0 C1 C30 C0 C22 C0 C26 C29 C0 <wb> C3 C0 C1 C13 C0 C11 C32 C0 <wb> C31 C0 C1 C21 C0 C11 C32 C0 <wb> C19 C0 C36 C35 C0 C11 C15 C0 C16 <wb> C28 C0 C25 C0 <wb> C11 C19 C0 <wb> C32 C0 C29 C0 C16 <wb> C18 C1 C9 C0 C23 <wb> C21 C1 C37 C1 C38 C0 C5 C11 C5 C0
marathi_female_000798|C38 C0 C1 <wb> C7 C0 C16 C37 C0 C30 C0 C1 C21 C0 C1 <wb> C13 C26 C37 C0 C32 C30 C0 <wb> C7 C37 C1 C7 C0 C31 C16 <wb> C0 C30 C11 C15 C16 <wb> C22 C0 C15 C0 C25 C0 C32 C0 C1 C32 C0
marathi_female_000807|C15 C0 C38 C0 C1 <wb> C7 C0 C16 C37 C0 C31 C0 C16 <wb> C13 C0 C15 C36 <wb> C22 C36 C13 C0 <wb> C20 C0 C1 C32 C0 <wb> C24 C0 C1 C15 C0 C16 C32 C0
marathi_female_000810|C8 C0 C24 C0 C32 C29 C0 C38 C26 C7 C0 C31 C16 <wb> C38 C0 C1 <wb> C30 C0 C25 C1 C22 C1 C13 C11 <wb> C11 C19 C0 <wb> C22 C0 C24 C0 C26 C37 C0 C11 C8 C0 C19 C0 <wb> C19 C0 C33 C0 C1 <wb> C1 C15 C0 C11
marathi_female_000827|C32 C0 C11 C37 C0 C15 C0 C1 <wb> C32 C38 C1 C32 C36 C24 C0 <wb> C7 C0 C11 C37 C0 C16 <wb> C21 C0 C19 C0 C31 C0 C22 C0 C16 <wb> C28 C0 C29 C0 C19 C0 C34 C0 <wb> C18 C0 C1 C21 C0 C16
marathi_female_000831|C24 C0 C29 C0 C19 C0 C5 C0 C32 C36 C29 C7 C0 C31 C16 <wb> C37 C0 <wb> C21 C0 C19 C31 C22 C16 C28 C36 C17 C0 C24 C0 <wb> C24 C0 C29 C0 C19 C0 C5 C0 C32 C36 C29 C7 C0 C31 C16 <wb> C15 C0 C1 <wb> C7 C16 C28 C1 C37 C0 C21 C16 C32 C16 C21 C0 <wb> C11 C19 C0 <wb> C7 C0 C16 C37 C0 C30 C0 <wb> C1 C15 C0 C11
marathi_female_000852|C28 C0 C1 C9 C0 C37 C0 C1 <wb> C15 C0 C1 <wb> C30 C0 C1 C9 C0 C11 C32 C0 C16 C24 C0 <wb> C22 C36 C15 C36 C29 C32 C1 C23 C28 C2 C19 C16 <wb> C11 C19 C0 <wb> C22 C0 C36 C15 C0 C36 C29 C0 C32 C0 <wb> C1 C15 C0 C11
marathi_female_000853|C1 C29 C0 C33 C0 C16 C19 C0 <wb> C15 C16 C31 C26 C3 C1 C5 C38 C1 <wb> C7 C0 C29 C31 C0 C34 C0 C16 C24 C0 C11 <wb> C37 C0 C38 C0 C1 C28 C0 C1 C29 C0 C16 <wb> C21 C0 C26 C19 C0 <wb> C7 C16 C37 C1 C21 C16 C32 C16 C21 C0 <wb> C28 C0 C1 C9 C0 C37 C0 C1 <wb> C15 C0 C16 <wb> C24 C0 C37 C0 C37 C0 C29 C31 C1 C5 C16 <wb> C30 C0 C36 C29 C0 C36 C37 C0 C1 C32 C0 <wb> C22 C0 C1 C24 C0 C32 C0 C1 C32 C0
marathi_female_000873|C29 C0 C30 C0 C32 C0 C11 <wb> C5 C0 C16 C20 C0 C21 C0 C1 C5 C0 C11 <wb> C15 C0 C26 C32 C0 C1 C32 C0 <wb> C28 C0 C1 C36 C30 C0 <wb> C28 C0 C1 C25 C0 C16 <wb> C29 C0 C30 C0 C32 C0 C38 C0 C1 C23 C37 C0 C29 C0 <wb> C37 C0 C1 C15 C0 C32 C0 C11
marathi_female_000876|C28 C0 C1 C36 C30 C0 <wb> C31 C11 C32 C16 C30 C1 C35 C16 <wb> C36 C28 C0 C38 C0 C26 C13 C0 C16 <wb> C1 C15 C0 C11
marathi_female_000884|C22 C0 C29 C0 C1 C35 C0 C16 <wb> C4 C0 C1 C31 C0 C1 <wb> C15 C0 C16 <wb> C16 C30 C0 C37 C0 C16 <wb> C30 C0 C24 C1 C5 C38 C1 <wb> C1 C8 C0 C16 C15 C0 C16 <wb> C15 C0 C26 C32 C0 C16 <wb> C0 C30 C0 C11 <wb> C30 C0 C16 C7 C0 C8 C0 <wb> C19 C0 C29 C0 C25 C0 C38 C0 C1 C5 C0 C1 <wb> C28 C0 C29 C0 C38 C0 C32 C0 C24 C0 <wb> C15 C0 C29 C0 C16 <wb> C24 C0 C29 C0 C19 C11 <wb> C19 C0 C29 C0 C16 C32 C0 <wb> C1 C15 C0 C11 C32 C0
marathi_female_000888|C32 C38 C1 C30 C1 C35 C16 C5 C0 <wb> C37 C16 C8 C16 C24 C16 C31 C11 C8 C0 <wb> C1 C15 C0 C11 C32 C0
marathi_female_000890|C0 C17 C0 C36 C24 C0 C15 C0 C16 <wb> C1 C22 C0 C5 C0 C38 C0 C1 <wb> C28 C0 C37 C0 C16 C32 C0 C29 C0 <wb> C7 C0 C11 C31 C0 C1 C32 C0 <wb> C13 C26 C37 C0 C23 C31 C0 <wb> C15 C0 C32 C38 C1 C3 C0 C23 C7 C16 <wb> C15 C0 C26 C32 C0 <wb> C24 C0 C1 C15 C0 C16
marathi_female_000891|C1 C22 C0 C15 C0 C16 <wb> C24 C0 C16 C8 C0 C29 C0 C22 C0 C16 <wb> C4 C36 C19 C0 C23 C28 C1 C22 C1 C13 C36 C24 C0 <wb> C4 C0 C36 C19 C0 C23 C28 C0 <wb> C1 C25 C0 C16 <wb> C7 C36 C31 C19 C1 C21 C1 C22 C1 C13 C36 C24 C0 <wb> C7 C0 C36 C31 C0 C19 C0 C1 C21 C0 <wb> C38 C0 C1 C23 C24 C0 C1 <wb> C1 C22 C0 C23 C32 C0 C29 C0 C25 C0 <wb> C7 C0 C11 C32 C0 <wb> C24 C0 C1 C15 C0 C16 <wb> C19 C0 C1
marathi_female_000892|C28 C0 C29 C0 C17 C0 C11 C21 C0 C1 <wb> C8 C0 C29 C22 C1 C5 C0 C29 C0 C25 C0 <wb> C19 C0 C29 C0 C1 C38 C0 C21 C0 C1 <wb> C4 C0 C1 C13 C0 <wb> C28 C0 C1 C9 C0 C1 <wb> C31 C1 C30 C0 C24 C1 C5 C11 <wb> C32 C0 C11 <wb> C19 C0 C29 C0 C32 C0 C37 C0 C38 C0 <wb> C1 C15 C0 C11
marathi_female_000894|C22 C0 C1 C24 C0 C37 C0 <wb> C22 C0 C15 C0 C25 C0 C17 C0 C11 <wb> C24 C0 C16 C30 C0 C29 C0 C13 C0 C1 C5 C0 C11 <wb> C11 C19 C0 <wb> C0 C23 C13 C0 C5 C0 <wb> C1 C15 C0 C11
marathi_female_000902|C19 C0 C1 C15 C0 C16 C15 C0 C16 <wb> C18 C0 C1 C21 C0 C11 <wb> C32 C0 C29 C0 C16 <wb> C22 C1 C24 C0 C37 C0 C32 C11 C5 C38 C1 <wb> C7 C0 C29 C31 C0 C34 C0 C16 C24 C0 C11 <wb> C30 C0 C29 C0 C37 C0 <wb> C37 C0 C16 C19 C0 C30 C0 C16 C32 C0 <wb> C32 C0 C30 C0 C11 C5 C0 <wb> C0 C37 C16 C19 C0 C30 C16 C32 C0 <wb> C29 C1 C31 C34 C29 C1 C23 C24 C16 <wb> C36 C31 C0 C16 C29 C0 C1 <wb> C19 C0 C1 <wb> C15 C0 C26 C16 C24 C0 C1 <wb> C11 C19 C0 C32 C0 C29 C0 <wb> C15 C0 C26 C36 C24 C0 <wb> C32 C0 C38 C0 C1 C37 C0 C16 C31 C0 C38 C0 C16 <wb> C37 C0 C16 C5 C0 C1 C29 C0 C37 C0 C16 C24 C0 C16 C22 C0 C38 C0 <wb> C5 C0 C1 C21 C0 C36 <wb> C19 C0 C11 C21 C0 C1 <wb> C1 C15 C0 C11
marathi_female_000908|C24 C0 C16 C30 C0 C29 C0 C13 C0 C1 C32 C0 C16 C21 C0 <wb> C28 C0 C23 C5 C0 C22 C0 C15 C1 C4 C36 C32 C1 C23 C22 C0 C8 C38 C11 <wb> C10 C0 C37 C0 C21 C1 C10 C0 C37 C0 C21 C0 <wb> C19 C0 C29 C0 C36 C24 C0 <wb> C30 C0 C23 C32 C0 C36 C21 C0 C24 C0 <wb> C3 C16 C14 C0 C9 C0 C21 C11 <wb> C19 C0 C16 <wb> C31 C0 C1 C29 C0 C16 C29 C0 C16 C19 C0 <wb> C28 C0 C29 C0 C7 C0 C36 C31 C0 C25 C0 <wb> C15 C0 C26 C32 C0 C11
marathi_female_000918|C17 C16 C37 C1 C5 C16 <wb> C28 C0 C29 C38 C1 C37 C0 C29 C0 C25 C1 C31 C16 <wb> C11 C19 C0 C29 C0 C36 C28 C0 C32 C0 C1 <wb> C30 C0 C1 C8 C0 C38 C0 <wb> C24 C0 <wb> C18 C0 C1 C21 C0 C38 C0 C1 C22 C0 C36 C21 C0 C11 <wb> C22 C0 C1 C24 C0 C30 C0 C16 C19 C0 <wb> C7 C0 C36 C31 C0 C28 C0 C29 C0 C16 C25 C0 C1 C22 C0 <wb> C18 C0 C1 C21 C0 C11 <wb> C1 C15 C0 C11 C32 C0
marathi_female_000921|C18 C1 C9 C1 C23 C5 C11 <wb> C13 C26 C28 C0 C24 C16 C38 C0 <wb> C17 C16 C37 C0 C24 C0 <wb> C15 C0 C1 <wb> C28 C16 C34 C0 C29 C0 <wb> C34 C26 C22 C28 C0 C19 C16 C24 C30 C0 <wb> C1 C25 C0 C16 <wb> C19 C29 C16 C30 C34 C26 C12 C0 C29 C0 <wb> C3 C0 C29 C9 C0 <wb> C38 C0 C1 <wb> C31 C1 C30 C32 C29 C0 C17 C24 C1 C23 C5 C1 <wb> C13 C0 C29 C0 C23 C33 C0 <wb> C32 C0 C38 C0 C1 <wb> C24 C16 C38 C0 C22 C1 C23 C5 C11 <wb> C37 C16 C31 C21 C11 C31 C0 C25 C0 <wb> C19 C0 C29 C0 C36 C24 C0 <wb> C32 C0 C11 <wb> C30 C0 C16 C7 C0 C8 C0 <wb> C19 C0 C29 C0 C32 C0 C26
marathi_female_000924|C19 C29 C27 C29 C38 C0 <wb> C1 C30 C36 C29 C16 <wb> C37 C0 C29 C32 C0 C32 C0 C16 <wb> C19 C0 C32 C32 C0 C21 C0 C20 C1 C24 C11 <wb> C15 C0 C32 C38 C1 C19 C1 C23 C9 C0 <wb> C1 C25 C0 C16 <wb> C38 C0 C36 C7 C0 C8 C0 <wb> C38 C0 C1 C23 C5 C0 C1 <wb> C4 C36 C19 C0 C23 C28 C1 C31 C16 <wb> C0 C32 C16 <wb> C24 C16 C19 C0 C34 C0 C5 C1 <wb> C30 C0 C23 C3 C0 C23 C8 C0 <wb> C1 C15 C0 C11
marathi_female_000932|C29 C0 C1 C32 C0 C29 C0 C16 C5 C0 C38 C0 C1 <wb> C37 C0 C11 C21 C0 C16 <wb> C30 C0 C13 C0 C21 C0 C38 C0 C1 C23 C24 C0 C16 <wb> C11 C19 C0 C32 C0 C29 C0 <wb> C3 C0 C30 C0 C36 C24 C0 <wb> C17 C11 C37 C0 C25 C11 <wb> C15 C0 C11 <wb> C32 C0 C36 C22 C0 C5 C0 C38 C0 C1 <wb> C19 C0 C27 C34 C0 C36 C23 C3 C0 C16 C19 C0 <wb> C30 C0 C27 C20 C0 C38 C0 C1 C30 C0 C1 C35 C0 C16 <wb> C5 C0 C1 C23 C13 C0 C21 C0 C11 <wb> C1 C15 C0 C11
marathi_female_000937|C0 C24 C0 C11 C19 C0 C7 C0 C1 <wb> C32 C0 C29 C0 <wb> C22 C0 C36 C21 C0 C11 <wb> C36 C14 C0 C9 C0 C28 C0 C25 C0 C11 <wb> C30 C0 C1 C23 C13 C0 C32 C0 <wb> C24 C0 C30 C0 C21 C0 C16 <wb> C32 C0 C29 C0 C16 <wb> C32 C0 C38 C0 C1 C23 C24 C0 C1 <wb> C0 C31 C0 C1 <wb> C37 C0 C11 C21 C0 C16 <wb> C1 C28 C0 C25 C0 <wb> C1 C28 C0 C21 C0 C38 C0 C1 <wb> C28 C1 C21 C0 C19 C1 C23 C5 C38 C1 <wb> C12 C0 C1 C29 C0 <wb> C17 C0 C37 C0 C21 C0 <wb> C0 C30 C0 C21 C0 C38 C0 C1 C5 C0 C11 <wb> C37 C0 C1 C34 C0 C32 C0 C11 <wb> C32 C0 C38 C0 C1 C22 C0 C36 C21 C0 C11 <wb> C17 C0 C11 C37 C0 C25 C0 C15 C0 C16 <wb> C15 C0 C30 C0 C32 C0 <wb> C20 C0 C11 C21 C0 C32 C0 <wb> C15 C0 C26 C32 C0 C11
marathi_female_000944|C30 C36 C29 C38 C1 C30 C32 C1 C24 C0 C23 C32 C0 C29 C0 <wb> C14 C0 C23 C34 C38 C1 C23 C5 C38 C1 <wb> C1 C32 C0 <wb> C17 C11 C37 C1 C37 C11
marathi_female_000952|C31 C0 C29 C16 C29 C0 C30 C37 C1 C30 C33 C38 C0 <wb> C1 C25 C0 C16 <wb> C22 C0 C24 C0 C30 C37 C1 C30 C33 C38 C0 <wb> C15 C0 C11 <wb> C11 C19 C0 C22 C0 C11 C19 C0 C1 C23 C24 C0 C1 <wb> C28 C36 C29 C0 C19 C0 C15 C16 <wb> C0 C30 C0 C32 C0 C1 C32 C0
marathi_female_000955|C17 C16 C37 C1 C5 C1 <wb> C0 C24 C24 C0 C22 C0 C38 C0 C19 C26 C31 C0 <wb> C1 C25 C0 C16 <wb> C28 C29 C1 C25 C0 C22 C0 C38 C0 C19 C26 C31 C0 <wb> C38 C0 C1 C23 C24 C0 C1 <wb> C31 C0 C19 C0 C32 C0 C16 <wb> C28 C36 C29 C0 C37 C0 C25 C38 C1 C5 C11 <wb> C19 C0 C1 C29 C0 C38 C0 <wb> C0 C24 C0 C24 C0 <wb> C19 C0 C29 C0 C32 C0 C11
marathi_female_000958|C32 C0 C38 C0 C1 C22 C0 C36 C21 C0 C11 <wb> C28 C11 C31 C16 C23 C32 C16 C21 C0 <wb> C36 C29 C17 C1 <wb> C14 C0 C34 C36 C24 C0 <wb> C28 C29 C1 C25 C0 C22 C0 C38 C0 C19 C26 C31 C0 <wb> C7 C36 C29 C3 C0 C21 C0 <wb> C15 C0 C26 C32 C0 <wb> C17 C0 C1 C32 C0 C26
marathi_female_000961|C28 C0 C1 C25 C0 C16 <wb> C19 C0 C16 C32 C0 C16 <wb> C1 C25 C0 C16 <wb> C19 C0 C8 C0 C16 <wb> C28 C38 C1 C37 C11 <wb> C38 C0 C1 C37 C0 C16 C31 C0 C38 C0 C16 <wb> C28 C0 C36 C31 C0 C19 C0 C21 C0 <wb> C22 C0 C32 C0 C4 C11 C7 C0 <wb> C1 C10 C0 C21 C0 C32 C0 C1 C32 C0
marathi_female_000978|C17 C11 C37 C0 C25 C1 C32 C0 <wb> C7 C29 C0 C37 C0 <wb> C28 C0 C7 C0 C1 C29 C0 C33 C0 <wb> C4 C0 C29 C0 C28 C0 C36 C29 C0 <wb> C0 C30 C0 C21 C0 C38 C0 C1 C30 C0 <wb> C37 C0 C11 C13 C0 C21 C0 C11 <wb> C28 C0 C1 C25 C0 C16 <wb> C28 C16 C25 C38 C1 C5 C16 <wb> C1 C37 C0 C31 C0 C38 C0 C19 C0 C32 C0 C1 <wb> C24 C0 C30 C0 C32 C0 C11
marathi_female_000979|C3 C0 C15 C36 C21 C1 <wb> C24 C0 C7 C0 C16 C5 C0 C38 C0 C1 <wb> C32 C0 C16 C29 C0 C1 C37 C0 C29 C0 <wb> C30 C1 C38 C0 C13 C1 C37 C0 <wb> C22 C0 C15 C0 C25 C0 C36 C24 C0 <wb> C11 C19 C0 <wb> C13 C0 C1 C37 C0 <wb> C15 C0 C26 C32 C0 C23
marathi_female_000982|C13 C1 C37 C1 C32 C0 C3 C0 C15 C36 C8 C1 <wb> C4 C0 C1 C23 C9 C0 C25 C0 <wb> C15 C0 C26 C32 C0 <wb> C24 C0 C30 C0 C11 <wb> C22 C0 C1 C29 C0 C1 C22 C0 C1 C29 C0 C16 <wb> C15 C0 C26 C32 C0 <wb> C24 C0 C30 C0 C11 <wb> C19 C0 C26 C25 C0 C16 <wb> C19 C0 C26 C25 C0 C1 C5 C0 C1 <wb> C15 C11 C37 C1 C7 C1 C37 C1 <wb> C19 C0 C29 C0 C16 C32 C0 <wb> C24 C0 C30 C0 C11 <wb> C30 C0 C1 C29 C0 C11 <wb> C13 C36 C25 C38 C1 C13 C26 C37 C16 C23 C7 C1 C24 C11 <wb> C24 C0 C1 C23 C7 C0 C32 C0
marathi_female_000983|C30 C1 C38 C0 C13 C1 C37 C0 C5 C16 <wb> C11 C19 C0 <wb> C37 C0 C16 C31 C0 C16 C31 C0 C34 C0 <wb> C28 C0 C29 C0 C23 C28 C0 C29 C0 C1 <wb> C15 C0 C26 C32 C0 C16 <wb> C32 C0 C38 C0 C1 <wb> C13 C0 C1 C37 C0 C5 C0 C11 <wb> C21 C0 C26 C19 C0 <wb> C19 C0 C8 C0 C16 <wb> C29 C1 C17 C1 C19 C0 C9 C11 <wb> C24 C0 C38 C0 C1 C38 C0 <wb> C22 C0 C1 C13 C0 C1 C38 C0 C21 C0 C1 <wb> C17 C0 C1 C32 C0 <wb> C24 C0 C30 C0 C32 C0
marathi_female_000985|C28 C0 C1 C28 C0 <wb> C19 C0 C29 C0 C25 C1 C38 C1 C5 C11 <wb> C22 C0 C24 C0 <wb> C32 C0 C38 C0 C1 C21 C0 C1 <wb> C20 C1 C32 C0 C5 C0 <wb> C0 C30 C0 C32 C0 C11 <wb> C1 C25 C0 C20 C0 C16 <wb> C32 C0 C38 C0 C1 C21 C0 C1 <wb> C31 C0 C16 C19 C0 C31 C0 C1 <wb> C19 C0 C31 C0 C1 C21 C0 C1 <wb> C0 C30 C11 C15 C16 <wb> C19 C0 C26 C25 C0 C16 <wb> C22 C0 C15 C0 C25 C0 C32 C0
marathi_female_000996|C22 C0 C24 C0 C36 <wb> C37 C16 C25 C0 C19 C0 C29 C0 <wb> C15 C0 C26 C32 C0 C1 <wb> C37 C16 C25 C0 C25 C38 C1 C5 C16 <wb> C19 C0 C21 C0 C1 <wb> C32 C0 C38 C0 C1 C5 C0 C38 C0 C1 <wb> C3 C26 C34 C1 C23 C32 C0 <wb> C15 C0 C26 C32 C0 C16
marathi_female_001017|C22 C0 C24 C36 C21 C1 <wb> C19 C0 C1 C15 C0 C16 <wb> C30 C0 C22 C0 C17 C0 C11 C24 C0 C1 <wb> C32 C0 C26 <wb> C37 C11 C9 C38 C1 C28 C29 C0 C22 C1 C25 C11 <wb> C3 C0 C14 C0 C36 <wb> C21 C0 C1 C13 C0 C21 C0 C1
marathi_female_001020|C30 C0 C37 C0 C32 C0 <wb> C5 C0 C23 <wb> C28 C0 C1 C28 C0 <wb> C38 C0 C1 <wb> C13 C0 C29 C0 C16 C3 C0 <wb> C22 C0 C24 C36 C37 C0 C29 C0 <wb> C10 C0 C19 C0 C21 C16 C32 C0 <wb> C0 C30 C0 C1 C37 C0 C1 <wb> C22 C0 C24 C0 C36 <wb> C22 C0 C15 C0 C25 C0 C1 C21 C0 C1
marathi_female_001033|C22 C0 C1 C18 C0 C11 <wb> C15 C0 C1 C32 C0 <wb> C19 C0 C26 C25 C0 C1 C5 C0 C38 C0 C1 <wb> C36 C29 C1 C32 C0 <wb> C4 C26 C19 C0 C30 C0 C32 C16 C21 C0 <wb> C19 C0 C1 <wb> C30 C0 C36 C29 C0 C1 <wb> C30 C0 C36 C23 C7 C0 C29 C0 <wb> C37 C0 C30 C0 C32 C0 C29 C0 <wb> C37 C16 C25 C0 C25 C1 C29 C11 <wb> C15 C0 C11 <wb> C15 C0 C1 C32 C0 <wb> C32 C0 C11 <wb> C19 C0 C1 <wb> C19 C0 C26 C25 C0 C1 C5 C0 C23 <wb> C17 C16 C37 C0 C24 C0 C37 C0 C30 C32 C29 C0 <wb> C19 C0 C1 C28 C0 C36 C24 C0 <wb> C34 C0 C1 C19 C0 C32 C0 C16 C21 C0
marathi_female_001039|C20 C36 C24 C16 <wb> C22 C0 C1 C25 C0 C30 C0 C1 C5 C0 C1 <wb> C22 C0 C16 C32 C0 C29 C0 <wb> C0 C30 C0 C23 <wb> C1 C32 C0 C1 <wb> C21 C0 C26 C19 C0 <wb> C22 C0 C21 C0 C1 <wb> C22 C0 C15 C0 C25 C0 C32 C0 C16 C21 C0 <wb> C37 C0 <wb> C15 C16 C25 C0 C37 C0 C32 C16 C21 C0
marathi_female_001041|C15 C0 C1 C32 C0 C36 C24 C0 <wb> C28 C0 C1 C28 C0 <wb> C18 C0 C1 C21 C0 C23 <wb> C32 C0 C29 C0 <wb> C19 C0 C7 C0 C1 C5 C0 C16 C32 C0 <wb> C7 C36 <wb> C20 C1 C5 C38 C1 <wb> C21 C0 C15 C0 C29 C16 C32 C0 <wb> C36 C7 C1 C30 C16 C24 C0 C32 C11 C5 C38 C1 <wb> C21 C0 C15 C0 C29 C16 C32 C0 <wb> C37 C11 C9 C1 C5 C38 C1 <wb> C21 C0 C15 C0 C29 C16 C32 C0 <wb> C19 C0 C11 C21 C0 C23 <wb> C0 C30 C0 C31 C0 C16 C21 C0 <wb> C15 C0 C11 <wb> C28 C0 C1 C28 C0
marathi_female_001049|C17 C0 C13 C0 C1 C32 C0 <wb> C7 C0 C11 C37 C0 <wb> C24 C0 C1 C15 C0 C16 <wb> C8 C0 C29 C0 C22 C0 <wb> C24 C0 C1 C15 C0 C16 <wb> C22 C0 C29 C0 C32 C1 <wb> C38 C0 C11 C32 C0 <wb> C24 C0 C1 C15 C0 C16 <wb> C22 C0 C15 C0 C25 C0 C36 C24 C0 <wb> C17 C0 C13 C1 C38 C0 C5 C11
marathi_female_001051|C22 C0 C8 C38 C0 C29 C1 C32 C29 C16 C5 C1 <wb> C30 C0 C22 C0 C38 C0 <wb> C30 C0 C29 C0 C37 C0 C32 C0 C29 C0 <wb> C0 C23 C8 C0 C1 C29 C0 <wb> C15 C0 C26 C32 C0 C1 <wb> C22 C0 C24 C36 C5 C38 C1 <wb> C22 C0 C24 C0 C1 C32 C0 <wb> C3 C0 C1 C15 C0 C11 C29 C0 C5 C0 C38 C0 C1 <wb> C0 C23 C8 C1 C29 C1 C15 C36 C24 C0 C15 C16 <wb> C0 C8 C0 C16 C19 C0 <wb> C19 C1 C21 C1 C19 C36 C34 C34 C0 <wb> C0 C30 C0 C1 <wb> C0 C23 C8 C0 C1 C29 C0 <wb> C28 C0 C30 C0 C29 C0 C21 C0 C1 <wb> C15 C0 C26 C32 C0 C1
marathi_female_001062|C32 C0 C26 <wb> C19 C0 C1 C21 C0 <wb> C1 C29 C38 C1 C23 C5 C38 C1 <wb> C37 C16 C17 C0 C38 C1 C5 C1 <wb> C37 C0 <wb> C37 C16 C30 C32 C1 C29 C1 C5 C1 <wb> C15 C0 C26 C32 C0 C1
marathi_female_001074|C0 C13 C0 C30 C32 C16 C24 C11 <wb> C12 C0 C1 C29 C0 <wb> C28 C0 C29 C0 C37 C0 C1 C30 C0 <wb> C19 C0 C11 C21 C0 C11 C21 C0 C1 <wb> C0 C30 C0 C1 C37 C0 C1 <wb> C7 C0 C23 C9 C0 C19 C0 C1 C29 C0 C25 C0 C38 C0 C1 C32 C0 <wb> C28 C0 C29 C0 C37 C0 C11 C31 C0 <wb> C19 C0 C29 C0 C25 C0 C1 C29 C0 C1 <wb> C28 C0 C15 C0 C16 C21 C0 C1 <wb> C29 C31 C0 C16 <wb> C0 C13 C0 C30 C32 C16 C5 C0 <wb> C15 C0 C26 C38 C0
marathi_female_001083|C28 C0 C29 C0 C11 C22 C0 C1 C24 C0 C11 <wb> C37 C0 <wb> C24 C16 C29 C21 C26 C4 C0 C32 C11 C24 C11 <wb> C38 C0 C11 C33 C0 C16 C21 C0 <wb> C21 C0 C26 C19 C0 C1 C23 C5 C0 C16 <wb> C15 C29 C7 C0 C38 C11 <wb> C37 C0 C31 C0 <wb> C19 C0 C29 C0 C36 C24 C0 <wb> C14 C0 C11 C36 C24 C0 <wb> C30 C0 C36 C23 C7 C0 C29 C0 <wb> C17 C0 C24 C0 C1 C24 C0 <wb> C37 C0 <wb> C28 C0 C37 C0 C16 C32 C0 C29 C0 <wb> C1 C5 C0 C1 C29 C0 <wb> C15 C0 C11 <wb> C29 C31 C0 C16 <wb> C32 C38 C1 C23 C30 C0 <wb> C31 C0 C16 C19 C0 C37 C0 C36 <wb> C21 C0 C1 C13 C0 C21 C0 C11
marathi_female_001087|C22 C0 C32 C0 C23 C13 C0 <wb> C29 C31 C0 C16 C23 C5 C0 C16 <wb> C28 C0 C32 C0 C24 C0 C16 <wb> C15 C0 C16 <wb> C0 C32 C0 C38 C0 C23 C32 C0 <wb> C30 C1 C8 C37 C16 <wb> C37 C0 <wb> C28 C0 C32 C16 C28 C0 C29 C1 C38 C0 C25 C0 <wb> C15 C0 C26 C32 C0 C16
marathi_female_001091|C22 C0 C32 C0 C23 C13 C0 <wb> C29 C31 C0 C16 <wb> C12 C0 C1 C29 C0 <wb> C33 C0 C26 C29 C0 <wb> C22 C0 C24 C0 C1 C5 C0 C11 <wb> C15 C0 C26 C32 C0 C11 <wb> C28 C29 C1 C32 C0 C15 C19 C1 C21 C16 <wb> C24 C0 C7 C16 C37 C0 C29 C0 <wb> C30 C0 C24 C0 C1 C24 C0 <wb> C19 C0 C29 C0 C36 C24 C0 <wb> C24 C0 C23 C32 C0 C29 C0 <wb> C32 C0 C11 <wb> C30 C0 C23 C8 C38 C1 <wb> C16 C31 C37 C0 C29 C0 C28 C36 C17 C1 <wb> C37 C0 <wb> C8 C38 C1 C24 C0 C8 C1 C29 C0 C25 C1 <wb> C19 C0 C29 C0 C16 C32 C0
marathi_female_001097|C33 C0 C26 C29 C0 <wb> C21 C0 C26 C19 C0 C1 C23 C5 C0 C11 <wb> C24 C1 C22 C26 C5 C5 C1 C29 C0 C25 C0 C15 C16 <wb> C17 C0 C29 C0 <wb> C22 C0 C24 C1 C30 C0 <wb> C36 C24 C0 C24 C0 C32 C0 <wb> C19 C0 C29 C0 C32 C0 C11 <wb> C32 C0 C29 C0 <wb> C32 C0 C38 C0 C1 C23 C5 C0 C11 <wb> C28 C0 C29 C0 C32 C0 C38 C0 C19 C0 C31 C0 <wb> C7 C0 C29 C0 C31 C0 C24 C0 <wb> C19 C0 C16 C32 C0 C16 <wb> C28 C29 C0 C4 C1 C37 C0 C31 C1 C21 C16 <wb> C0 C30 C0 C11 C21 C0 <wb> C3 C0 C29 C0 C11
marathi_female_001102|C29 C1 C24 C1 C32 C16 C21 C0 <wb> C15 C0 C29 C16 C25 C16 C5 C38 C1 <wb> C9 C26 C21 C38 C1 C23 C30 C1 C29 C0 C20 C11 C5 C0 <wb> C32 C0 C16 C5 C0 C11 <wb> C9 C0 C26 C21 C0 C11 <wb> C20 C11 C21 C0 C19 C0 C29 C0 <wb> C37 C0 <wb> C28 C0 C1 C25 C0 C16 C7 C0 C1 C29 C0 <wb> C0 C30 C0 C36 C24 C0 <wb> C32 C0 C16 <wb> C15 C0 C29 C16 C25 C16 C28 C29 C0 C22 C1 C25 C11 C5 C0 <wb> C5 C0 C28 C0 C21 C0 C15 C16 <wb> C15 C0 C26 C32 C0 C16
marathi_female_001110|C1 C16 C3 C1 C28 C1 C23 C5 C38 C1 <wb> C28 C0 C29 C0 C11 C22 C0 C21 C0 <wb> C30 C0 C15 C0 C37 C0 C1 C30 C0 C1 C32 C0 <wb> C21 C0 C15 C1 C24 C0 C13 C16 <wb> C31 C0 C3 C0 C29 C16 <wb> C37 C0 C1 C10 C0 C32 C0 <wb> C15 C0 C26 C32 C0 C16
marathi_female_001112|C22 C0 C16 <wb> C38 C0 C1 C37 C0 C16 C31 C0 C38 C0 C16 <wb> C32 C0 C38 C0 C1 C23 C24 C0 C1 <wb> C37 C0 C16 C5 C0 C1 C29 C0 C21 C0 C11 <wb> C32 C0 C11 C37 C0 C15 C0 C1 <wb> C32 C0 C38 C0 C1 C23 C5 C0 C38 C0 C1 <wb> C28 C0 C32 C24 C16 C24 C11 <wb> C22 C0 C26 C35 C0 C38 C0 C1 <wb> C1 C24 C0 C23 C7 C0 C1 C24 C0 C11 <wb> C30 C0 C23 C22 C0 C32 C0 C16 <wb> C7 C0 C16 C21 C0 C16
marathi_female_001113|C29 C31 C16 C28 C0 C32 C24 C16 <wb> C22 C0 C21 C0 C1 <wb> C22 C0 C15 C0 C25 C0 C1 C21 C0 C16 <wb> C20 C0 C29 C0 C23 C5 C0 <wb> C32 C0 C36 C22 C0 C5 C0 C16 <wb> C22 C0 C36 C21 C0 C13 C0 C16 <wb> C1 C31 C0 C29 C0 C22 C0 C1 C32 C0 <wb> C35 C0 C11 C37 C0 C1 <wb> C22 C0 C16 <wb> C32 C0 C16 C21 C0 C1 <wb> C31 C16 C19 C0 C37 C16 C24 C0 C30 C0 C37 C0 C29 C16 C24 C0 <wb> C28 C0 C26 C34 C0 C5 C0 C38 C0 C1 <wb> C22 C36 C21 C16 C28 C29 C0 C22 C1 C25 C11 <wb> C32 C0 C16 C5 C0 C38 C0 C1 C37 C0 C29 C0 <wb> C28 C0 C29 C0 C11 C22 C0 <wb> C19 C0 C29 C0 C16 C24 C0
marathi_female_001124|C22 C0 C36 C21 C0 C16 C21 C0 C1 <wb> C28 C0 C26 C34 C0 C1 C31 C0 C16 <wb> C8 C0 C29 C0 C36 C24 C0 <wb> C24 C0 C23 C32 C0 C29 C0 <wb> C29 C0 C1 C17 C0 C1 <wb> C24 C0 C16 C14 C0 C36 C24 C0 <wb> C13 C0 C11 C21 C0 C1
marathi_female_001127|C32 C0 C16 C24 C0 C11 <wb> C13 C1 C16 C23 C24 C1 <wb> C24 C0 C7 C16 C37 C0 C29 C0 <wb> C24 C0 C38 C0 C1 C37 C0 C11 <wb> C32 C38 C1 C23 C30 C0 <wb> C28 C0 C1 C25 C0 C16 <wb> C28 C1 C17 C1 C37 C11 <wb> C13 C1 C16 C5 C11 <wb> C8 C1 C29 C26 C31 C25 C0 <wb> C7 C0 C36 C8 C0 <wb> C31 C0 C3 C0 C29 C16 C21 C1 <wb> C12 C0 C1 C29 C0 <wb> C1 C37 C0 C9 C0 C11
marathi_female_001138|C30 C0 C36 C23 C7 C0 C29 C0 <wb> C7 C0 C37 C0 C3 C16 C23 C7 C36 C23 C5 C11 <wb> C15 C0 C1 C29 C0 <wb> C14 C0 C1 C21 C0 C36 C24 C0 <wb> C1 C28 C0 C21 C0 C38 C0 C1 <wb> C18 C0 C13 C0 C18 C0 C13 C16 C32 C0 <wb> C29 C0 C33 C0 C1 C32 C0 <wb> C3 C0 C30 C0 C36 C24 C0 <wb> C32 C0 C16 <wb> C38 C0 C11 C32 C0 C11
marathi_female_001143|C13 C1 C16 C13 C36 C29 C11 <wb> C3 C0 C1 C23 C8 C0 C21 C0 C16 <wb> C15 C0 C26 C32 C0 C16 <wb> C15 C0 C29 C16 C25 C0 C28 C1 C9 C0 C30 C11 <wb> C31 C16 C23 C13 C0 <wb> C0 C23 C13 C0 C1 C32 C0 <wb> C20 C0 C36 C28 C0 C30 C0 C36 C24 C0 <wb> C24 C16 C17 C0 C21 C16 <wb> C15 C0 C26 C32 C0 C16
marathi_female_001144|C29 C31 C0 C16 <wb> C37 C0 <wb> C32 C0 C38 C0 C1 C23 C5 C0 C16 <wb> C28 C0 C32 C0 C24 C0 C16 <wb> C3 C0 C1 C15 C0 C11 C29 C0 <wb> C0 C23 C13 C0 C25 C0 C1 C32 C0 <wb> C3 C0 C30 C0 C21 C0 C16 <wb> C15 C0 C26 C32 C0 C16 <wb> C12 C0 C21 C1 C15 C1 C29 C0 <wb> C18 C0 C1 C21 C0 C1 <wb> C15 C0 C26 C32 C0 C1
marathi_female_001145|C24 C0 C4 C26 C22 C0 C23 C9 C0 C21 C1 C32 C0 <wb> C7 C0 C23 C9 C0 C19 C1 C29 C0 C25 C38 C1 C5 C16 <wb> C31 C0 C26 C4 C0 C1 <wb> C28 C1 C15 C0 C25 C38 C1 C30 C1 C35 C16 <wb> C11 C19 C0 C11 C19 C0 <wb> C32 C1 C29 C0 C19 C1 <wb> C38 C0 C11 C32 C0 <wb> C15 C0 C26 C32 C0 C16
marathi_female_001150|C32 C0 C38 C0 C1 C23 C5 C0 C11 <wb> C17 C0 C11 <wb> C0 C31 C0 C29 C0 C36 <wb> C32 C0 C38 C0 C1 C23 C24 C0 C1 C5 C0 <wb> C32 C0 C36 <wb> C7 C0 C37 C0 C3 C0 C16 C23 C7 C0 C36 <wb> C22 C0 C15 C0 C25 C0 C32 C0 C11 C30 C0 <wb> C18 C1 C9 C1 C22 C1 C9 C1 C23 C5 C38 C1 <wb> C28 C1 C24 C1 C23 C37 C0 C29 C0 <wb> C32 C0 C11 <wb> C7 C0 C37 C0 C3 C0 C16 C23 C7 C0 C36 <wb> C34 C0 C28 C0 C34 C0 C28 C0 <wb> C28 C0 C9 C0 C32 C0 C1 C24 C0 C1 <wb> C32 C0 C36 <wb> C24 C0 C1 C15 C0 C16 <wb> C19 C0 C1 <wb> C2 C19 C0 C21 C11 C30 C0
marathi_female_001153|C31 C0 C3 C0 C29 C16 C5 C11 <wb> C32 C0 C11 <wb> C28 C0 C29 C0 C11 C22 C0 C21 C0 <wb> C37 C0 <wb> C24 C16 C31 C19 C0 C28 C0 C34 C0 <wb> C9 C0 C26 C21 C0 C11 <wb> C28 C0 C1 C25 C0 C38 C0 C1 C24 C0 C11 <wb> C9 C0 C3 C0 C9 C0 C3 C36 C24 C0 <wb> C1 C21 C0 C11
marathi_female_001158|C22 C0 C1 C18 C0 C38 C0 C1 C30 C0 C1 C35 C0 C16 <wb> C32 C0 C36 C22 C0 C15 C0 C16 <wb> C37 C0 C1 C16 C34 C0 <wb> C37 C0 C1 C34 C0 C36 C24 C0 <wb> C14 C0 C11 C36 <wb> C24 C0 C19 C0 C1 <wb> C22 C0 C16 <wb> C1 C17 C0 C28 C1 C30 C36 C24 C0 <wb> C3 C1 C25 C1 C5 C38 C1 <wb> C34 C26 C19 C1 C24 C11 <wb> C15 C0 C29 C0 C25 C1 C23 C24 C1 <wb> C34 C26 C5 C0 C25 C1 C29 C0 <wb> C24 C0 C1 C15 C0 C16 <wb> C28 C0 C19 C0 C31 C0 C38 C0 C1 C23 C5 C0 C16 <wb> C28 C16 C30 C11 <wb> C36 C28 C0 C34 C0 C25 C1 C29 C0 <wb> C24 C0 C1 C15 C0 C16
marathi_female_001166|C12 C0 C36 C21 C0 <wb> C14 C0 C29 C0 C16 <wb> C1 C25 C0 C21 C0 C11 <wb> C32 C0 C29 C0 <wb> C19 C0 C16 C32 C0 C16 <wb> C21 C0 C37 C0 C19 C0 C29 C0 <wb> C19 C26 C22 C11 C17 C0 C32 C11 <wb> C28 C0 C29 C0 C23 C32 C0 C36 <wb> C18 C0 C1 C9 C0 C1 C37 C0 C29 C0 <wb> C32 C0 C11 <wb> C3 C0 C29 C0 C1 C5 C0 <wb> C37 C0 C11 C21 C0 <wb> C34 C0 C37 C0 C34 C0 C37 C0 C16 C32 C0 <wb> C7 C0 C16 C30 C0 C32 C0 C11
marathi_female_001168|C30 C0 C19 C0 C1 C21 C0 C5 C0 C38 C0 C1 <wb> C37 C0 C11 C21 C0 C16 <wb> C12 C36 C21 C1 C23 C5 C11 <wb> C15 C0 C29 C7 C0 C38 C0 <wb> C4 C0 C16 C32 C0 C16 C24 C0 C11 <wb> C19 C0 C1 C28 C0 C32 C0 <wb> C0 C30 C0 C32 C0 C11 <wb> C1 C28 C0 C21 C0 C16 <wb> C22 C0 C1 C24 C0 <wb> C22 C36 C29 C0 C13 C0 C21 C0 C25 C38 C1 C30 C0 <wb> C19 C0 C26 C25 C0 <wb> C20 C1 C34 C16 C19 C0 <wb> C38 C0 C11 C32 C0 C26 <wb> C16 C19 C0 C9 C0 C11 <wb> C32 C0 C38 C0 C1 C23 C5 C0 C11 <wb> C21 C0 C19 C0 C31 C0 <wb> C0 C30 C0 C32 C0 C11
marathi_female_001169|C1 C28 C0 C25 C0 <wb> C7 C0 C36 C31 C0 C34 C0 <wb> C1 C15 C0 C26 C32 C0 <wb> C22 C0 C24 C36 C31 C38 C0 C28 C29 C1 C25 C38 C1 C21 C1 <wb> C1 C28 C0 C21 C0 C38 C0 C1 <wb> C28 C29 C16 C38 C0 C17 C0 C24 C1 C23 C5 C38 C1 <wb> C30 C0 C23 C13 C0 C32 C0 C16 C32 C0 <wb> C22 C0 C29 C0 C25 C11 <wb> C1 C37 C0 C9 C0 C32 C0 C11 <wb> C38 C0 C1 <wb> C12 C36 C21 C1 C23 C24 C1 C15 C16 <wb> C32 C0 C30 C0 C11 C5 C0 <wb> C24 C0 C30 C0 C11 C21 C0 <wb> C19 C0 C1 <wb> C37 C0 C1 C34 C0 C32 C0
marathi_female_001171|C18 C1 C9 C1 C22 C1 C23 C9 C1 C19 C0 C9 C11 <wb> C12 C36 C21 C0 C28 C1 C20 C0 C29 C1 C23 C19 C0 C9 C11 <wb> C30 C0 C36 C7 C0 C8 C0 C1 <wb> C28 C0 C29 C0 C11 C22 C0 C1 C24 C0 C11 <wb> C28 C0 C1 C15 C0 C1 C37 C0 C38 C0 C1 C30 C0 <wb> C31 C16 C19 C0 C25 C11 <wb> C22 C0 C15 C0 C25 C0 C17 C0 C11 <wb> C28 C0 C29 C0 C22 C0 C11 C31 C0 C37 C0 C29 C0 C1 C5 C0 C38 C0 C1 <wb> C17 C0 C37 C0 C21 C0 <wb> C17 C0 C1 C25 C0 C11 <wb> C15 C0 C26 C38 C0
marathi_female_001179|C31 C0 C3 C0 C29 C16 <wb> C1 C32 C0 C1 <wb> C37 C0 C38 C0 C1 C32 C0 <wb> C1 C21 C0 C16 <wb> C32 C0 C16 <wb> C38 C27 C37 C0 C24 C0 C28 C36 C29 C25 C0 <wb> C18 C0 C1 C21 C0 C16
marathi_female_001183|C32 C0 C38 C0 C1 <wb> C37 C0 C11 C21 C0 C11 C30 C0 <wb> C29 C31 C0 C16 <wb> C1 C25 C0 C20 C0 C16 <wb> C19 C0 C1 C15 C0 C16 <wb> C3 C0 C26 C21 C0 C21 C0 C11 <wb> C24 C0 C1 C15 C0 C16 C32 C0 <wb> C32 C0 C38 C0 C1 C23 C24 C0 C16 <wb> C28 C0 C29 C0 C4 C1 C29 C11 <wb> C4 C0 C16 C21 C0 C21 C0 <wb> C29 C0 C1 C17 C0 C1 C21 C0 C1 <wb> C24 C0 C16 C29 C0 C26 C28 C0 <wb> C28 C0 C1 C35 C0 C37 C0 C16 C21 C0 C1
marathi_female_001188|C31 C0 C3 C0 C29 C16 <wb> C30 C0 C7 C13 C0 C7 C16 C32 C0 <wb> C18 C0 C1 C21 C0 C16 <wb> C15 C0 C26 C32 C0 C16 <wb> C29 C31 C16 C28 C0 C32 C24 C16 C24 C11 <wb> C32 C0 C16 C21 C0 C1 <wb> C28 C0 C26 C34 C0 C1 C31 C0 C16 <wb> C8 C0 C29 C0 C21 C0 C11 <wb> C37 C0 <wb> C22 C0 C15 C0 C34 C0 C21 C0 C11 <wb> C3 C1 C21 C11 <wb> C31 C0 C3 C0 C29 C16 <wb> C0 C8 C0 C36 C24 C0 C22 C0 C8 C0 C36 C24 C0 <wb> C38 C0 C11 C32 C0 <wb> C17 C0 C1 <wb> C15 C0 C26 <wb> C1 C31 C0 C29 C0 C22 C0 C1 C32 C0 <wb> C1 C22 C0 C15 C0 C1 C21 C0 C1 <wb> C1 C32 C0 C1 <wb> C15 C0 C11 <wb> C14 C0 C29 C0 <wb> C20 C0 C1 C38 C0 C21 C0 C1 <wb> C38 C0 C11 C16 C21 C0
marathi_female_001190|C28 C0 C36 C31 C0 C19 C0 C21 C0 <wb> C37 C0 C11 C21 C0 C1 <wb> C22 C0 C24 C36 C31 C38 C1 C5 C1 <wb> C22 C26 C35 C11 C28 C0 C25 C1 <wb> C32 C0 C38 C0 C1 C5 C0 C38 C0 C1 <wb> C1 C16 C3 C1 C28 C1 C23 C37 C0 C29 C0 <wb> C0 C37 C0 C21 C0 C23 C3 C0 C36 C24 C0 <wb> C0 C30 C0 C32 C0 C26
marathi_female_001199|C37 C0 C29 C0 <wb> C0 C24 C0 C23 C32 C0 <wb> C1 C19 C0 C1 C31 C0 C1 C32 C0 <wb> C0 C30 C0 C11 <wb> C0 C24 C0 C23 C32 C0 <wb> C32 C1 C29 C11 <wb> C0 C30 C0 C32 C0 C16 C21 C0 <wb> C19 C0 C16 <wb> C17 C0 C11 <wb> C28 C0 C21 C21 C11 C7 C1 C29 C0 <wb> C7 C36 C29 C3 C16 C25 C16 C32 C36 C24 C0 C15 C16 <wb> C0 C17 C0 C36 C24 C0 <wb> C7 C0 C16 C30 C0 C21 C0 C11 <wb> C24 C0 C1 C15 C0 C16 C32 C0
marathi_female_001203|C22 C1 C38 C0 C3 C1 C28 C0 C5 C0 <wb> C19 C0 C21 C0 C32 C0 <wb> C37 C0 C1 <wb> C24 C0 C19 C0 C21 C0 C32 C0 <wb> C22 C0 C36 C21 C0 C1 C21 C0 C1 <wb> C21 C0 C15 C0 C1 C24 C0 <wb> C19 C0 C16 C23 C37 C0 C1 <wb> C22 C0 C26 C35 C0 C1 <wb> C19 C0 C29 C0 C32 C0 <wb> C0 C30 C0 C32 C0 C1 C32 C0
marathi_female_001209|C1 C16 C5 C0 C38 C0 C1 <wb> C28 C26 C34 C1 C32 C0 C5 C0 <wb> C22 C36 C21 C16 <wb> C17 C0 C16 C37 C0 <wb> C29 C0 C1 C15 C0 C16 C21 C0 C1 <wb> C1 C16 C31 C16 <wb> C11 C19 C0 C29 C36 C28 C0 <wb> C15 C26 C36 C24 C0 C5 C0 <wb> C17 C0 C16 C37 C0 <wb> C3 C0 C1 C15 C0 C11 C29 C0 <wb> C28 C0 C9 C0 C21 C0 C1 <wb> C17 C0 C25 C0 C36 <wb> C32 C0 C16 C5 C0 C1 C5 C0 <wb> C15 C0 C26 C36 C24 C0 <wb> C3 C0 C1 C15 C0 C11 C29 C0 <wb> C1 C21 C0 C1
marathi_female_001212|C1 C16 <wb> C7 C0 C11 C15 C0 <wb> C7 C0 C11 C32 C0 C11 <wb> C37 C0 <wb> C22 C0 C24 C0 C15 C16 <wb> C7 C0 C11 C32 C0 C11 <wb> C17 C0 C24 C22 C1 C30 C0 <wb> C14 C0 C1 C21 C0 C25 C0 C1 C29 C0 C16 <wb> C32 C0 C16 C5 C0 <wb> C37 C0 <wb> C17 C0 C24 C0 C1 C24 C0 <wb> C7 C11 C25 C1 C29 C16 C15 C16 <wb> C32 C0 C16 C5 C0
marathi_female_001226|C31 C38 C1 C22 C0 C21 C1 <wb> C32 C0 C38 C0 C1 C5 C0 C38 C0 C1 <wb> C4 C1 C13 C38 C1 C24 C11 <wb> C33 C0 C26 C29 C0 <wb> C22 C0 C1 C32 C0 C1 <wb> C22 C0 C16 C21 C0 C1 C21 C0 C16 <wb> C15 C0 C26 C32 C0 C16
marathi_female_001236|C22 C0 C16 <wb> C22 C0 C1 C18 C0 C38 C0 C1 <wb> C11 C19 C0 C11 C19 C0 C1 <wb> C7 C36 C29 C13 C36 C25 C1 C21 C1 <wb> C20 C0 C26 C21 C0 <wb> C20 C0 C9 C9 C11 <wb> C20 C0 C25 C36 C24 C0 <wb> C13 C0 C1 C9 C0 C36 C24 C0 <wb> C34 C0 C1 C19 C0 C32 C0 <wb> C1 C15 C0 C11
marathi_female_001245|C0 C15 C0 C23 C19 C1 C29 C1 C5 C11 <wb> C29 C0 C36 C28 C0 <wb> C12 C0 C1 C29 C0 <wb> C30 C0 C36 C19 C0 C31 C0 C22 C0 <wb> C0 C30 C0 C32 C0 C11 <wb> C30 C0 C7 C0 C2 C37 C0 <wb> C30 C0 C1 C37 C0 C8 C0 <wb> C29 C0 C1 C15 C0 C16 C21 C0 C11 <wb> C28 C0 C1 C15 C0 C16 C17 C0 C11
marathi_female_001246|C31 C38 C1 C22 C0 C5 C1 <wb> C28 C0 C29 C0 C11 C22 C0 C21 C0 <wb> C22 C0 C16 C32 C0 C29 C0 <wb> C29 C0 C1 C22 C0 <wb> C22 C0 C15 C0 C25 C0 C1 C21 C0 C1 <wb> C1 C28 C0 C25 C0 <wb> C19 C0 C1 <wb> C11 C19 C0 C22 C0 C11 C19 C0 C1 C23 C24 C0 C1 <wb> C28 C0 C29 C0 C19 C11 <wb> C1 C15 C0 C26 C32 C0 <wb> C32 C0 C36 <wb> C37 C0 <wb> C1 C22 C0 C15 C0 C16 <wb> C0 C7 C38 C1 C28 C16 <wb> C11 C19 C0 C29 C36 C28 C0 <wb> C24 C0 C1 C15 C0 C16 <wb> C19 C0 C1 <wb> C18 C0 C1 C21 C0 C26
marathi_female_001261|C20 C0 C29 C0 C11 C5 C0 <wb> C21 C0 C15 C0 C1 C24 C0 C28 C0 C25 C0 C1 C28 C0 C1 C30 C0 C36 C24 C0 <wb> C32 C0 C16 <wb> C30 C0 C29 C0 C37 C0 C1 C23 C24 C0 C1 <wb> C1 C37 C0 C9 C0 C32 C0 <wb> C0 C30 C0 C11 <wb> C32 C0 C16 <wb> C17 C0 C13 C1 C5 C16 <wb> C3 C0 C38 C26 <wb> C15 C0 C26 C32 C0 C16 <wb> C1 C16 <wb> C15 C0 C26 C32 C0 C16
marathi_female_001276|C20 C26 C32 C0 <wb> C22 C0 C15 C0 C25 C0 C17 C0 C11 <wb> C13 C1 C37 C0 C5 C1 <wb> C35 C0 C29 C16 C37 C0 <wb> C31 C11 C32 C0 C30 C1 C29 C1 <wb> C37 C0 C30 C0 C36 C21 C0 <wb> C19 C0 C29 C0 C36 C24 C0 <wb> C30 C0 C29 C0 C19 C0 C1 C29 C0 C19 C0 C9 C0 C11 <wb> C28 C1 C35 C0 C37 C0 C25 C1 C29 C1 <wb> C3 C16 C24 C0 C28 C0 C13 C1 C29 C16 <wb> C7 C0 C21 C0 C1 C21 C0
marathi_female_001291|C28 C29 C0 C8 C1 C24 C1 C5 C38 C1 <wb> C38 C0 C1 <wb> C28 C29 C0 C32 C16 C28 C29 C0 C31 C24 C1 C24 C0 <wb> C19 C1 C15 C16 C30 C1 <wb> C26 C31 C1 C21 C36 C24 C0 <wb> C32 C0 C26 <wb> C13 C0 C26 C30 C0 C1 C37 C0 C16 <wb> C22 C0 C15 C0 C25 C0 C1 C21 C0 C1 <wb> C28 C29 C0 C8 C1 C24 C0 C17 C16 <wb> C22 C0 C21 C0 C1 <wb> C18 C11 C28 C11 C21 C0 <wb> C0 C31 C0 C16 <wb> C19 C0 C26 C25 C0 C32 C0 C16 C15 C0 C16 <wb> C19 C1 C22 C0 C13 C16 C29 C16 <wb> C32 C0 C36 C22 C0 C15 C0 C16 <wb> C22 C0 C17 C0 C37 C0 C29 C0 <wb> C30 C26 C28 C0 C37 C1
marathi_female_001296|C7 C0 C36 C30 C0 C38 C0 C1 <wb> C7 C0 C16 C37 C0 C31 C0 C16 <wb> C29 C0 C1 C17 C0 C1 <wb> C36 C24 C22 C0 C32 C32 C0 C30 C16 C23 C13 C1 C5 C1 <wb> C7 C0 C29 C0 C3 C0 C1 C29 C0 <wb> C4 C0 C29 C0 C21 C0 C1 <wb> C0 C30 C0 C32 C0 C1 <wb> C11 C19 C0 <wb> C30 C0 C11 C37 C0 C19 C0 <wb> C1 C32 C0 <wb> C1 C21 C0 C1
marathi_female_001300|C22 C0 C17 C0 C19 C0 C9 C36 C24 C0 <wb> C19 C0 C1 C15 C0 C16 <wb> C30 C0 C11 C37 C0 C1 <wb> C19 C0 C29 C0 C36 C24 C0 <wb> C14 C0 C38 C0 C1 C38 C0 C5 C0 C16 <wb> C0 C30 C0 C21 C0 C38 C0 C1 C30 C0 <wb> C1 C28 C0 C25 C0 <wb> C32 C0 C16 <wb> C14 C0 C38 C0 C1 C37 C0 C16 <wb> C22 C0 C21 C0 C1 <wb> C32 C0 C38 C0 C1 C3 C0 C7 C0 C7 C0 C21 C0 <wb> C28 C0 C2 C30 C0 C11 <wb> C37 C0 C13 C0 C2 C29 C0 C11 <wb> C19 C0 C1 C15 C0 C16 C5 C0 <wb> C24 C0 C19 C0 C26 C32 C0
marathi_female_001315|C22 C0 C13 C0 <wb> C32 C0 C16 <wb> C26 C30 C0 <wb> C28 C0 C9 C0 C21 C0 C11 C21 C0 C16 <wb> C28 C1 C5 C0 C31 C11 C5 C38 C1 <wb> C28 C0 C1 C5 C0 C31 C0 C11 <wb> C13 C0 C1 C37 C0 C23 <wb> C22 C0 C1 C18 C0 C38 C0 C1 <wb> C4 C0 C1 C37 C0 C16 <wb> C17 C1 C37 C0 C38 C1 C21 C1 <wb> C22 C0 C16 <wb> C1 C23 C7 C0 C25 C0 <wb> C22 C0 C15 C0 C25 C0 C36 C24 C0 <wb> C7 C0 C11 C16 C24 C0
marathi_female_001318|C29 C0 C1 C17 C0 C1 C21 C0 C1 <wb> C32 C0 C26 <wb> C20 C0 C29 C0 C1 <wb> C37 C0 C1 C34 C0 C36 C24 C0 <wb> C32 C0 C26 <wb> C11 C19 C0 C7 C0 C22 C0 <wb> C31 C0 C29 C0 C22 C36 C24 C0 <wb> C13 C0 C11 C21 C0 C1
marathi_female_001330|C29 C0 C1 C32 C0 C29 C0 C16 <wb> C17 C11 C37 C1 C38 C0 C5 C38 C1 C37 C11 C21 C16 <wb> C1 C16 C24 C0 C11 <wb> C24 C16 C32 C36 C5 C38 C1 <wb> C1 C37 C0 C9 C0 C16 C5 C0 C1 <wb> C28 C36 C21 C1 C37 C0 <wb> C1 C25 C0 C16 <wb> C29 C1 C38 C0 C32 C11 <wb> C19 C0 C11 C21 C0 C11 <wb> C15 C0 C26 C32 C0 C11 <wb> C32 C0 C29 C0 C16 <wb> C32 C0 C16 C5 C0 C11 <wb> C17 C11 C37 C0 C25 C1 C32 C0 <wb> C0 C17 C0 C16 C3 C0 C1 C32 C0 <wb> C21 C0 C19 C0 C31 C0 <wb> C24 C0 C37 C0 C15 C0 C32 C0 C11
marathi_female_001334|C1 C16 C24 C0 C11 <wb> C30 C0 C22 C0 C17 C1 C37 C0 C21 C11 <wb> C24 C16 C32 C36 <wb> C0 C13 C0 C23 <wb> C28 C29 C0 C32 C38 C11 C19 C1 C19 C0 C9 C11 <wb> C28 C0 C29 C0 C32 C0 C38 C0 C11 C19 C0 <wb> C13 C0 C26 C31 C0 C34 C0 <wb> C0 C30 C0 C11 C21 C0 C5 C0 <wb> C0 C30 C0 C11 <wb> C24 C0 C1 C15 C0 C16
marathi_female_001340|C15 C0 C26 C32 C0 C1 <wb> C15 C0 C26 C32 C0 C1 <wb> C24 C16 C32 C36 C5 C1 <wb> C30 C0 C15 C1 C37 C1 <wb> C37 C0 C1 C10 C0 C7 C0 C16 C37 C0 C30 C0 <wb> C1 C21 C0 C1
marathi_female_001346|C1 C16 <wb> C13 C1 C21 C1 C32 C0 <wb> C15 C0 C30 C0 C32 C0 <wb> C32 C0 C16 C21 C0 C1 <wb> C13 C2 C21 C0 C29 C16 C32 C0 <wb> C14 C0 C11 C36 C24 C0 <wb> C1 C21 C0 C16
marathi_female_001348|C24 C16 C32 C36 <wb> C3 C0 C14 C0 <wb> C30 C0 C13 C0 C21 C0 C38 C0 C1 C23 C24 C0 C16 <wb> C22 C0 C16 C21 C0 C36 C24 C0 <wb> C32 C0 C36 C18 C0 C38 C0 C1 C30 C0 C1 C35 C0 C16 <wb> C19 C0 C1 C38 C0 <wb> C13 C16 C12 C34 C0 <wb> C1 C25 C0 C21 C0 C11 <wb> C1 C15 C0 C11 <wb> C1 C16 <wb> C22 C0 C15 C0 C25 C0 C1 C21 C0 C16
marathi_female_001349|C24 C16 C32 C36 C24 C11 <wb> C14 C0 C1 C16 C24 C0 C11 <wb> C19 C0 C1 C13 C0 C7 C0 <wb> C3 C0 C1 C17 C0 C36 C21 C0 C1 <wb> C19 C0 C11 C21 C0 C1 <wb> C32 C0 C29 C0 <wb> C21 C0 C1 C21 C0 <wb> C30 C0 C19 C0 C36 C34 C0 C29 C0 <wb> C0 C13 C0 C7 C0 C16 <wb> C32 C0 C16 C5 C0 C38 C0 C1 <wb> C22 C0 C24 C0 C1 C32 C0 <wb> C15 C0 C26 C32 C0 C16 <wb> C32 C0 C31 C0 C16 C5 C0
marathi_female_001359|C7 C0 C11 C37 C0 C1 C24 C0 C11 <wb> C22 C0 C1 C25 C0 C30 C0 C1 C21 C0 C1 <wb> C37 C0 C16 C5 C0 C1 C29 C0 C21 C0 C11 <wb> C32 C0 C36 <wb> C32 C0 C36 C18 C0 C11 <wb> C15 C0 C11 <wb> C31 C0 C11 C32 C0 <wb> C19 C0 C8 C0 C16 <wb> C24 C1 C23 C13 C0 C29 C0 C21 C11
marathi_female_001366|C3 C0 C1 C16 <wb> C19 C27 C32 C36 C19 C1 C24 C11 <wb> C22 C0 C15 C0 C25 C0 C1 C21 C0 C16 <wb> C1 C17 C0 C5 C0 <wb> C18 C0 C1 C21 C0 C1
marathi_female_001388|C28 C0 C1 C25 C0 C16 <wb> C14 C1 C21 C0 C32 C1 C23 C24 C1 <wb> C24 C0 C22 C0 C29 C0 C32 C0 C1 <wb> C37 C0 C16 C5 C0 C1 C29 C0 <wb> C19 C0 C29 C0 C1 C38 C0 C5 C0 C16 <wb> C1 C17 C0 <wb> C15 C0 C38 C0 C1 <wb> C19 C26 C38 C16 <wb> C22 C0 C1 C32 C0 C16 C5 C0 C38 C0 C1 <wb> C19 C36 C31 C16 C32 C0 <wb> C6 C0 C1 C24 C0 <wb> C18 C26 C28 C0 C21 C38 C1 <wb> C1 C15 C0 C11 C32 C0
marathi_female_001389|C19 C0 C1 C15 C0 C16 <wb> C7 C0 C16 C37 C0 C30 C0 C1 C23 C24 C0 C16 <wb> C19 C26 C38 C16 C21 C1 <wb> C19 C26 C23 C3 C0 <wb> C12 C36 C34 C0 C32 C16 C21 C0 <wb> C32 C0 C38 C0 C1 C32 C0 C36 C24 C0 <wb> C16 C37 C0 C21 C11 C30 C11 <wb> C29 C0 C26 C28 C0 <wb> C38 C0 C11 C16 C21 C0
marathi_female_001391|C28 C0 C1 C37 C0 C30 C0 C1 C22 C0 C36 C21 C0 C11 <wb> C29 C0 C26 C28 C0 C11 <wb> C9 C26 C23 C13 C0 C29 C1 C37 C0 C29 C0 <wb> C37 C1 C10 C0 C32 C16 C21 C0 <wb> C22 C0 C26 C35 C0 C11 <wb> C37 C0 C29 C19 C0 C31 C0 <wb> C15 C0 C26 C32 C0 C16 C21 C0
marathi_female_001397|C15 C0 C26 C32 C0 C1 <wb> C15 C0 C26 C32 C0 C1 <wb> C28 C0 C23 C8 C0 C29 C0 C1 <wb> C7 C0 C16 C37 C0 C30 C0 <wb> C18 C0 C1 C21 C0 C11
marathi_female_001398|C30 C0 C19 C0 C1 C21 C0 C16 <wb> C24 C0 C22 C0 C29 C0 C32 C0 C1 <wb> C18 C0 C1 C9 C0 C1 C23 C24 C0 C1 <wb> C28 C0 C1 C25 C0 C16 <wb> C14 C0 C1 C21 C0 C1 C38 C0 C21 C0 C1 <wb> C13 C0 C11 C21 C0 C16 <wb> C32 C0 C29 C0 <wb> C32 C0 C16 C21 C0 C1 <wb> C7 C0 C26 C24 C0 <wb> C28 C16 C31 C0 C37 C38 C1 C23 C22 C0 C8 C38 C11 <wb> C5 C0 C19 C0 C19 C0 <wb> C19 C26 C23 C3 C0 <wb> C12 C36 C34 C0 C21 C11 C21 C11 <wb> C7 C0 C16 C30 C0 C21 C0 C11
marathi_female_001403|C19 C0 C11 C29 C0 C21 C0 <wb> C4 C1 C29 C0 C32 C1 C32 C0 C21 C1 <wb> C11 C19 C0 <wb> C24 C16 C30 C0 C29 C13 C0 C29 C0 C22 C38 C0 <wb> C28 C0 C29 C0 C1 C23 C32 C0
marathi_female_001405|C3 C0 C29 C38 C1 C5 C0 <wb> C37 C0 C29 C0 C31 C0 C1 C23 C28 C0 C1 C30 C0 C36 C24 C0 <wb> C7 C0 C19 C0 C31 C0 C16 C25 C0 <wb> C4 C0 C1 C29 C0 C32 C0 C1 C32 C0 <wb> C17 C0 C1 C25 C0 C38 C0 C1 C5 C0 C16 <wb> C32 C0 C38 C0 C1 C32 C0 C21 C0 C38 C0 C1 <wb> C32 C0 C38 C0 C1 C32 C0 <wb> C19 C0 C11 C29 C0 C21 C0 <wb> C3 C0 C14 C0 C25 C38 C1 C5 C16 <wb> C0 C13 C0 C7 C0 C16 <wb> C22 C0 C24 C0 C1 C28 C0 C1 C30 C0 C36 C24 C0 <wb> C16 C5 C0 C6 C0 C1 <wb> C15 C0 C26 C32 C0 C16 <wb> C28 C0 C25 C0 <wb> C38 C0 C1 <wb> C24 C0 C1 <wb> C32 C0 C38 C0 C1 <wb> C19 C0 C1 C29 C0 C25 C0 C1 C24 C0 C11 <wb> C32 C0 C26 <wb> C38 C26 C13 C0 <wb> C38 C0 C11 C32 C0 C5 C0 <wb> C24 C0 C37 C0 C15 C0 C32 C0 C1
marathi_female_001406|C19 C36 C35 C0 C21 C16 C15 C16 <wb> C13 C0 C26 C31 C0 C34 C0 <wb> C14 C0 C9 C0 C25 C38 C1 C5 C16 <wb> C11 C19 C0 <wb> C35 C0 C29 C0 C1 C37 C0 C16 C19 C0 <wb> C37 C0 C11 C21 C0 <wb> C0 C30 C0 C32 C0 C11 <wb> C0 C30 C0 C11 <wb> C22 C0 C15 C0 C25 C0 C32 C0 C1 C32 C0 <wb> C32 C0 C11 <wb> C0 C13 C0 C7 C0 C16 <wb> C20 C0 C29 C0 C23 C38 C0
marathi_female_001411|C11 C37 C0 C10 C0 C16 <wb> C37 C0 C29 C0 C31 C0 <wb> C30 C0 C36 C28 C0 C32 C0 <wb> C0 C30 C0 C21 C0 C11 C21 C0 C16 <wb> C16 C5 C0 C6 C0 C1 <wb> C28 C0 C36 C29 C0 C25 C0 <wb> C15 C0 C26 C25 C0 C38 C0 C1 C5 C0 C16 <wb> C30 C0 C23 C8 C0 C16 <wb> C0 C31 C0 C16 <wb> C30 C0 C15 C0 C17 C1 C30 C0 C15 C0 C17 C16 <wb> C5 C0 C1 C21 C0 C36 C24 C0 <wb> C38 C0 C11 C16 C21 C0 <wb> C0 C30 C0 C23 <wb> C37 C0 C1 C34 C0 C21 C0 C23 <wb> C24 C0 C37 C0 C15 C0 C32 C0 C23
marathi_female_001425|C1 C32 C0 C1 <wb> C22 C16 C35 C36 C21 C1 <wb> C5 C0 C1 C23 C13 C0 C21 C0 C11 <wb> C36 C9 C0 C32 C1 <wb> C38 C0 C11 C36 <wb> C21 C0 C1 C13 C0 C21 C0 C11 <wb> C15 C0 C26 C32 C0 C11
marathi_female_001431|C32 C0 C16 C5 C0 C38 C0 C1 <wb> C30 C0 C37 C0 C23 C13 C0 C9 C0 C38 C1 C23 C24 C1 <wb> C4 C0 C11 C34 C0 C1 C38 C0 C21 C0 C1 <wb> C32 C0 C16 <wb> C1 C19 C0 C1 C31 C0 C1 C32 C0 <wb> C7 C0 C36 C29 C0 C37 C0 C29 C0 <wb> C36 C9 C0 C1 C21 C0 C16 <wb> C1 C15 C0 C11
marathi_female_001437|C22 C16 C24 C36 C21 C1 <wb> C32 C0 C29 C0 <wb> C16 C32 C0 C19 C0 C1 <wb> C1 C24 C0 C23 C7 C0 <wb> C18 C0 C1 C21 C0 C1 <wb> C15 C0 C26 C32 C0 C1 <wb> C32 C0 C16 <wb> C22 C0 C24 C0 C30 C0 C26 C19 C0 C32 C0 <wb> C32 C0 C16 C5 C0 C38 C0 C1 <wb> C6 C26 C34 C0 C38 C1 <wb> C22 C2 C32 C29 C16 C25 C16 C31 C16 <wb> C20 C0 C11 C21 C0 C21 C0 C16
marathi_female_001468|C22 C0 C16 <wb> C32 C0 C36 C18 C0 C38 C0 C1 C30 C0 C1 C35 C0 C16 <wb> C19 C0 C1 C15 C0 C16 <wb> C20 C0 C1 C38 C0 C21 C0 C1 <wb> C19 C0 C29 C0 C36 <wb> C31 C0 C19 C0 C21 C0 C11 <wb> C24 C0 C1 C15 C0 C16 <wb> C1 C17 C0 C5 C1 <wb> C7 C0 C16 C37 C0 C30 C0 <wb> C32 C0 C36 <wb> C30 C0 C19 C1 C21 C0 C5 C16 C5 C0 <wb> C28 C0 C26 C21 C0 C16 <wb> C4 C0 C1 C17 C0 C16 <wb> C20 C0 C1 <wb> C1 C25 C0 C16 <wb> C7 C0 C36 C8 C0 <wb> C28 C16
marathi_female_001469|C15 C0 C11 <wb> C2 C19 C0 C21 C0 C38 C0 C1 C37 C0 C29 C0 <wb> C5 C16 C24 C36 C21 C1 <wb> C20 C0 C36 C28 C0 C5 C0 <wb> C29 C0 C1 C13 C0 <wb> C1 C21 C0 C1 <wb> C15 C0 C11 <wb> C19 C0 C1 C38 C0 <wb> C9 C0 C3 C38 C1 C32 C0 C15 C16 <wb> C32 C0 C11 C5 C0 <wb> C1 C25 C0 C16 <wb> C1 C32 C0 C1 C15 C0 C16 <wb> C32 C0 C11 C5 C0 <wb> C22 C0 C16 <wb> C24 C0 C1 C15 C0 C16 <wb> C19 C0 C1 C15 C0 C16 <wb> C20 C0 C1 C32 C0 <wb> C17 C0 C1 <wb> C5 C16 C24 C22 C0 C38 C0 <wb> C8 C36 C30 C0 C12 C36 C30 C0 C32 C0 <wb> C22 C0 C15 C0 C25 C0 C1 C21 C0 C1
marathi_female_001474|C3 C1 C28 C0 C29 C11 <wb> C19 C0 C16 C32 C0 C16 <wb> C37 C0 C11 C21 C0 <wb> C21 C0 C1 C13 C0 C32 C0 C26 <wb> C15 C0 C11 <wb> C19 C0 C29 C0 C1 C38 C0 C21 C0 C1 <wb> C5 C16 C24 C36 <wb> C37 C2 C32 C1 C13 C0 C21 C1
marathi_female_001482|C1 C16 C5 C0 C38 C0 C1 <wb> C17 C0 C37 C0 C21 C0 <wb> C17 C0 C1 C36 C24 C0 <wb> C32 C0 C16 C21 C0 C1 <wb> C22 C0 C15 C0 C25 C0 C1 C21 C0 C1 <wb> C1 C16 <wb> C22 C0 C21 C0 C1 <wb> C22 C0 C1 C12 C0 <wb> C19 C0 C29 C0 <wb> C32 C0 C36 <wb> C1 C22 C0 C5 C38 C1 C30 C1 C35 C16 <wb> C19 C0 C16 C32 C0 C16 <wb> C19 C0 C31 C0 C34 C0 <wb> C14 C11 C32 C11 C30 C0
marathi_female_001489|C5 C26 C19 C0 C21 C11 C34 C0 <wb> C20 C1 C32 C1 C23 C24 C1 <wb> C32 C0 C38 C0 C1 C21 C0 C1 <wb> C22 C0 C17 C0 C1 <wb> C38 C0 C11 C32 C0 <wb> C0 C30 C0 C11 <wb> C28 C0 C29 C0 C23 C32 C0 C36 <wb> C5 C36 C21 C0 <wb> C4 C0 C29 C0 C1 C38 C0 C21 C0 C1 <wb> C19 C0 C16 C23 C37 C0 C1 <wb> C7 C0 C1 C32 C0 <wb> C14 C1 C30 C1 C38 C0 C21 C1 <wb> C22 C26 C23 C34 C36 C21 C1 <wb> C28 C0 C29 C0 C5 C0 C23 C9 C0 <wb> C19 C0 C23 C34 C0 C1 C21 C0 C1 <wb> C15 C0 C26 C32 C0 C1
marathi_female_001509|C22 C26 C23 C34 C36 <wb> C0 C29 C0 C11 <wb> C36 C35 C0 <wb> C31 C0 C1 C21 C0 C11 C32 C0 <wb> C17 C0 C1 C38 C0 C5 C0 C16 <wb> C37 C0 C11 C21 C0 <wb> C18 C0 C1 C21 C0 C16 <wb> C1 C15 C0 C11 <wb> C1 C16 C5 C0 C16 <wb> C15 C0 C1 C19 C0 <wb> C1 C21 C0 C16
marathi_female_001513|C22 C16 C32 C1 <wb> C19 C26 C19 C0 C25 C1 C32 C0 C21 C38 C1 <wb> C6 C26 C34 C0 C38 C1 <wb> C20 C11 C9 C38 C1 C32 C0 <wb> C29 C0 C15 C1 C38 C0 C5 C16
marathi_female_001515|C32 C0 C16 C5 C0 C11 <wb> C3 C0 C1 C3 C0 C1 <wb> C22 C1 C30 C0 C21 C16 <wb> C37 C16 C19 C1 C38 C0 C5 C11 <wb> C1 C25 C0 C16 <wb> C1 C16 <wb> C14 C0 C29 C0 C16 <wb> C28 C0 C1 C28 C0 C9 C0 <wb> C21 C26 C25 C0 C5 C16 <wb> C19 C0 C29 C0 C36 C24 C0 <wb> C37 C16 C19 C1 C38 C0 C5 C16 <wb> C15 C0 C38 C0 C1 C37 C0 C29 C0 <wb> C32 C0 C38 C0 C1 C23 C5 C0 C38 C0 C1 <wb> C19 C36 C34 C36 C23 C3 C1 C5 C1 <wb> C36 C7 C0 C29 C0 <wb> C24 C16 C29 C37 C1 C15 C0 <wb> C5 C0 C1 C21 C0 C32 C0 <wb> C0 C30 C0 C11
marathi_female_001521|C32 C0 C16 C24 C0 C11 <wb> C11 C19 C0 <wb> C7 C0 C16 C37 C0 C30 C0 <wb> C32 C0 C16 C5 C0 C38 C0 C1 <wb> C3 C0 C1 C3 C0 C1 C23 C24 C0 C1 <wb> C37 C0 C16 C5 C0 C1 C29 C0 C21 C0 C11 <wb> C3 C0 C1 C3 C0 C1 <wb> C1 C28 C0 C21 C0 C38 C0 C1 <wb> C30 C0 C1 C29 C0 C20 C0 C11 C5 C0 <wb> C30 C0 C13 C0 C21 C0 C38 C0 C1 C23 C24 C0 C16 <wb> C29 C26 C17 C0 C5 C0 <wb> C22 C0 C1 C30 C0 C11 <wb> C28 C0 C19 C0 C9 C0 C21 C0 C11 <wb> C32 C0 C29 C0 <wb> C30 C0 C22 C36 C7 C29 C1 C32 C0 C21 C11 <wb> C22 C0 C1 C30 C0 C11 <wb> C11 C19 C0 <wb> C7 C0 C16 C37 C0 C30 C0 <wb> C30 C0 C23 C28 C0 C36 C24 C0 <wb> C17 C0 C1 C32 C0 C16 C21 C0
marathi_female_001535|C1 C16 C5 C0 C11 <wb> C3 C0 C26 C21 C0 C25 C0 C11 <wb> C2 C19 C0 C36 C24 C0 <wb> C22 C16 C32 C1 C24 C11 <wb> C32 C0 C16 C21 C0 C1 <wb> C0 C32 C38 C1 C24 C0 C23 C7 C1 C24 C11 <wb> C22 C0 C16 C35 C0 C16 <wb> C22 C0 C1 C29 C0 C21 C0 C16
marathi_female_001546|C29 C0 C23 C13 C0 C1 C5 C0 C11 <wb> C28 C0 C2 C30 C0 C11 <wb> C20 C0 C29 C0 C5 C0 <wb> C19 C0 C29 C0 C25 C0 C11 <wb> C1 C28 C0 C21 C0 C38 C0 C1 C21 C0 C1 <wb> C31 C0 C19 C0 C38 C0 <wb> C24 C0 C1 C15 C0 C16 <wb> C32 C0 C30 C0 C11 <wb> C15 C0 C16 <wb> C15 C1 C32 C1 C22 C36 C21 C11 <wb> C22 C0 C23 C17 C36 C21 C1 <wb> C12 C0 C1 C29 C0 <wb> C19 C0 C1 C21 C0 <wb> C5 C16 C32 C29 C0 C19 C0 C21 C1 <wb> C19 C0 C29 C0 C32 C0 C1 <wb> C38 C0 C11 C16 C21 C0 <wb> C0 C30 C0 C11 <wb> C22 C0 C21 C0 C1 <wb> C37 C0 C1 C34 C0 C32 C0 <wb> C24 C0 C1 C15 C0 C16
marathi_female_001556|C1 C16 C5 C0 C38 C0 C1 <wb> C3 C0 C26 C21 C0 C25 C0 C38 C0 C1 C24 C0 C11 <wb> C22 C0 C23 C17 C36 C21 C1 <wb> C20 C0 C36 C28 C0 C5 C0 <wb> C15 C36 C29 C36 C28 C0 <wb> C1 C21 C0 C1
marathi_female_001561|C30 C0 C16 C22 C0 C1 <wb> C24 C16 C24 C1 C5 C16 <wb> C22 C1 C37 C0 C30 C0 <wb> C3 C0 C15 C0 C16 C25 C0 <wb> C15 C0 C26 C32 C0 C16
marathi_female_001569|C30 C0 C19 C0 C1 C21 C0 C16 <wb> C18 C26 C28 C11 C32 C36 C24 C0 <wb> C36 C35 C0 C21 C0 C38 C0 C1 C37 C0 C29 C0 <wb> C24 C0 C16 C24 C0 C1 C21 C0 C1 <wb> C1 C16 C3 C1 C3 C1 C23 C24 C16 <wb> C17 C0 C37 C0 C21 C0 <wb> C14 C0 C11 C36 C24 C0 <wb> C21 C1 C9 C0 <wb> C19 C0 C11 C21 C0 C11
marathi_female_001570|C13 C16 C12 C34 C0 <wb> C7 C0 C11 C25 C0 C38 C0 C1 C30 C0 C1 C35 C0 C16 <wb> C7 C0 C26 C14 C0 C1 C23 C24 C0 C16 C15 C0 C16 <wb> C32 C0 C16 C21 C0 C1 <wb> C9 C0 C26 C21 C0 C11 <wb> C3 C0 C23 C7 C0 <wb> C19 C0 C29 C0 C1 C38 C0 C21 C0 C1 <wb> C30 C0 C1 C23 C13 C0 C16 C32 C0 C21 C0 C11 <wb> C24 C0 C16 C24 C0 C1 <wb> C20 C0 C36 C28 C0 C5 C0 <wb> C36 C32 C0 C30 C0 C36 C19 C0 <wb> C15 C0 C26 C32 C0 C16
marathi_female_001571|C15 C0 C1 C32 C0 C1 C32 C0 <wb> C20 C26 C19 C11 <wb> C35 C11 C37 C0 C21 C38 C1 C37 C0 C29 C0 <wb> C14 C0 C1 C16 C24 C0 C11 <wb> C32 C0 C16 C24 C0 C11 <wb> C32 C0 C11 <wb> C36 C14 C0 C9 C0 C21 C0 C11 <wb> C1 C25 C0 C16 <wb> C1 C32 C0 <wb> C5 C0 C19 C0 C19 C0 <wb> C32 C0 C16 C5 C0 C38 C0 C1 <wb> C1 C37 C0 C9 C0 C16 C5 C0 C11 <wb> C5 C0 C23 C7 C0 C11 C29 C0 C16 <wb> C29 C0 C23 C13 C0 C1 C5 C0 C11 <wb> C36 C23 C5 C0 <wb> C34 C1 C5 C11 C5 C11 <wb> C3 C0 C36 C34 C0 <wb> C15 C0 C26 C32 C0 C11
marathi_female_001572|C32 C0 C16 C21 C0 C1 <wb> C20 C0 C36 C28 C0 <wb> C7 C16 C37 C0 C30 C1 C23 C28 C1 C30 C36 C24 C0 <wb> C32 C0 C11 <wb> C14 C0 C38 C0 C1 C38 C0 C5 C0 C11 <wb> C22 C0 C24 C0 C1 C32 C0 <wb> C15 C0 C26 C32 C0 C11
marathi_female_001573|C1 C16 <wb> C1 C17 C0 <wb> C22 C0 C16 <wb> C24 C0 C16 C21 C0 C38 C0 C1 <wb> C9 C29 C11 C30 C0 C37 C0 C29 C0 <wb> C15 C0 C11 <wb> C3 C0 C36 C34 C0 <wb> C14 C0 C1 C32 C0 C21 C0 C38 C0 C1 C37 C0 C29 C0 <wb> C19 C0 C16 C32 C0 C16 <wb> C6 C0 C1 C24 C0 <wb> C7 C16 C30 C0 C32 C16 C21 C0 <wb> C24 C0 C1 C15 C0 C16 <wb> C24 C16 C24 C1 C24 C11 <wb> C1 C16 C21 C0 C1 <wb> C22 C16 C35 C16 <wb> C22 C0 C1 C29 C0 C32 C0 <wb> C37 C0 C16 C5 C0 C1 C29 C0 C21 C0 C11
marathi_female_001574|C0 C13 C0 C23 <wb> C28 C0 C25 C0 <wb> C24 C0 C16 C24 C0 C1 <wb> C1 C17 C0 <wb> C15 C0 C11 <wb> C3 C0 C36 C34 C0 <wb> C30 C0 C16 C22 C0 C1 <wb> C14 C0 C1 C21 C0 C25 C0 C1 C29 C0 <wb> C1 C15 C0 C11 <wb> C32 C0 C16 C24 C0 C11 <wb> C32 C0 C30 C0 C11 <wb> C1 C22 C0 C15 C0 C1 C21 C0 C1 <wb> C0 C8 C16 C5 C0 <wb> C30 C0 C1 C23 C13 C0 C36 C24 C0 <wb> C35 C0 C11 C37 C0 C21 C0 C11 <wb> C1 C15 C0 C11 <wb> C1 C16 C24 C0 C11 <wb> C31 C0 C1 C23 C32 C0 C28 C0 C25 C0 C11 <wb> C24 C0 C16 C24 C0 C1 C21 C0 C1 <wb> C30 C0 C22 C0 C17 C1 C37 C0 C21 C11
marathi_female_001589|C4 C36 C37 C0 C24 C0 <wb> C32 C0 C38 C0 C1 <wb> C22 C36 C21 C1 C23 C28 C1 C30 C36 C24 C0 <wb> C0 C21 C16 C28 C32 C0 <wb> C29 C0 C1 C15 C0 C32 C0 <wb> C0 C30 C0 C11 <wb> C32 C0 C38 C0 C1 C22 C0 C36 C21 C0 C11 <wb> C37 C0 C29 C0 C13 C0 C1 C32 C0 C21 C0 C16 <wb> C22 C0 C36 C21 C0 C11 <wb> C32 C0 C38 C0 C1 C5 C0 C38 C0 C1 C31 C0 C16 <wb> C3 C0 C26 C21 C0 C1 C38 C0 C21 C0 C1 <wb> C36 C32 C0 C30 C0 C36 C19 C0 <wb> C24 C0 C30 C0 C32 C0
marathi_female_001602|C31 C0 C1 C21 C0 C11 C32 C0 <wb> C13 C11 C21 C38 C1 C3 C0 C29 C26 C3 C0 C29 C0 <wb> C32 C0 C38 C0 C1 C24 C0 C11 <wb> C5 C16 C32 C29 C0 C19 C0 C21 C11 C5 C38 C1 <wb> C37 C29 C23 C7 C1 <wb> C22 C2 C9 C0 C22 C0 C21 C1 <wb> C30 C0 C1 C23 C13 C0 C16 C32 C0 C21 C0 C11 <wb> C19 C0 C16 <wb> C3 C0 C29 C0 <wb> C37 C0 C1 C34 C0 C32 C0 <wb> C24 C0 C30 C0 C21 C0 C38 C0 C1 C22 C0 C36 C21 C0 C11 <wb> C32 C0 C38 C0 C1 C21 C0 C1 <wb> C30 C0 C28 C0 C29 C0 C8 C0 C11 C32 C0 <wb> C4 C0 C1 C13 C0 <wb> C14 C0 C38 C0 C1 C38 C0 C5 C0 C1 <wb> C24 C0 C1 C15 C0 C16 C38 C0 C11
marathi_female_001616|C5 C16 C19 C0 C22 C0 C13 C0 C21 C36 C29 C0 C21 C1 <wb> C1 C21 C0 C38 C0 C1 C28 C0 C1 C30 C0 C36 C24 C0 <wb> C1 C17 C0 C5 C1 <wb> C32 C0 C38 C0 C1 C5 C0 C1 <wb> C7 C0 C16 C37 C0 C30 C0 <wb> C20 C0 C36 C28 C0 C5 C0 <wb> C1 C24 C0 C23 C7 C0 C1 C32 C0 <wb> C13 C0 C11 C21 C0 C1 <wb> C15 C0 C26 C32 C0 C1
marathi_female_001620|C4 C36 C37 C0 C24 C0 C21 C1 <wb> C22 C0 C15 C0 C25 C0 C1 C21 C0 C16 <wb> C4 C36 C37 C0 C24 C0 <wb> C1 C17 C0 <wb> C32 C0 C36 C21 C0 C1 <wb> C22 C0 C16 <wb> C22 C36 C21 C1 C23 C31 C16 <wb> C22 C0 C2 C32 C0 C29 C0 C16 <wb> C19 C0 C29 C0 C1 C38 C0 C21 C0 C1 <wb> C22 C0 C7 C0 C32 C0 <wb> C19 C0 C11 C21 C0 C16 <wb> C1 C32 C0 C1 <wb> C32 C0 C36 <wb> C30 C37 C0 C32 C0 C15 C15 C36 C24 C0 <wb> C22 C0 C16 C32 C0 C29 C0 <wb> C17 C0 C26 C9 C0 C21 C0 C11 <wb> C28 C1 C15 C16 C17 C11 C30 C0
marathi_female_001622|C4 C36 C37 C0 C24 C0 <wb> C28 C0 C29 C0 C16 C5 C0 C11 <wb> C22 C0 C15 C0 C25 C0 C25 C0 C11 <wb> C2 C19 C0 C36 C24 C0 <wb> C30 C37 C0 C28 C24 C1 C32 C0 C5 C0 <wb> C22 C0 C1 C24 C0 <wb> C9 C26 C21 C0 C37 C0 C32 C0 <wb> C15 C0 C26 C32 C0 C1
marathi_female_001633|C22 C0 C36 C21 C0 C23 <wb> C32 C0 C29 C0 <wb> C19 C0 C1 C38 C0 <wb> C32 C0 C38 C1 C29 C0 C5 C0 <wb> C15 C0 C26 C32 C0 C16
marathi_female_001634|C30 C0 C29 C0 C37 C0 C1 C23 C24 C0 C16 <wb> C1 C28 C0 C21 C0 C38 C0 C1 <wb> C3 C2 C13 C0 C28 C2 C19 C0 <wb> C28 C0 C1 C35 C0 C16 C37 C0 C29 C0 <wb> C34 C0 C1 C19 C0 C21 C0 C38 C0 C1 <wb> C34 C26 C28 C38 C1 <wb> C14 C0 C1 C32 C0 C21 C0 C38 C0 C1 <wb> C1 C25 C0 C16 <wb> C5 C0 C10 C1 C38 C0 C21 C1 <wb> C30 C0 C36 C29 C0 C36 C37 C0 C1 C32 C0 <wb> C19 C0 C11 C21 C0 C16
marathi_female_001637|C17 C0 C30 C0 C11 <wb> C17 C0 C30 C0 C11 <wb> C15 C0 C11 <wb> C22 C1 C37 C0 C21 C11 <wb> C37 C0 C29 C0 <wb> C17 C0 C1 C32 C0 <wb> C15 C0 C26 C32 C0 C11 <wb> C32 C0 C30 C0 C1 <wb> C32 C0 C38 C0 C1 C23 C5 C0 C1 <wb> C36 C32 C0 C30 C0 C1 C15 C0 <wb> C19 C0 C22 C0 C16 <wb> C19 C0 C22 C0 C16 <wb> C15 C0 C26 C32 C0 <wb> C15 C0 C26 C32 C0 C1 <wb> C32 C0 C38 C0 C1 C23 C24 C0 C1 <wb> C7 C0 C22 C0 <wb> C21 C0 C1 C13 C0 C32 C0 <wb> C15 C0 C26 C32 C0 C1
marathi_female_001639|C9 C0 C26 C23 C13 C0 C29 C0 <wb> C5 C0 C10 C1 C38 C0 C5 C1 <wb> C36 C32 C0 C30 C0 C1 C15 C0 <wb> C12 C0 C1 C29 C0 C5 C0 <wb> C33 C26 C9 C0 C38 C1 <wb> C22 C36 C21 C1 C23 C22 C0 C8 C38 C11 <wb> C31 C0 C16 C21 C0 C21 C0 C19 C0 <wb> C15 C0 C26 C32 C0 C1 <wb> C0 C28 C0 C37 C1 C7 C0 <wb> C12 C0 C19 C0 C32 C0 <wb> C37 C16 C24 C16 C32 C0 C5 C1 <wb> C32 C0 C26 <wb> C30 C0 C29 C0 C37 C0 C1 C32 C0 <wb> C1 C8 C0 C16 <wb> C9 C26 C23 C13 C0 C29 C1 C37 C0 C29 C0 <wb> C17 C0 C1 C36 C24 C0 <wb> C28 C0 C26 C15 C0 C26 C5 C0 C21 C0 C1
marathi_female_001654|C38 C0 C1 C22 C0 C36 C21 C0 C11 <wb> C34 C16 C24 C1 C21 C1 <wb> C37 C0 C29 C0 C13 C0 C1 C32 C0 <wb> C11 C19 C0 C15 C0 C16 <wb> C22 C16 C32 C29 C0 C22 C2 C32 C29 C16 C25 C0 <wb> C24 C0 C37 C0 C15 C0 C32 C0 C11 <wb> C15 C0 C38 C0 C1 <wb> C13 C0 C26 C31 C0 C34 C0 C16 C5 C0 C11 <wb> C34 C16 C24 C1 C5 C38 C1 <wb> C1 C16 C21 C0 C1 <wb> C20 C0 C36 C28 C0 <wb> C37 C0 C1 C16 C34 C0 <wb> C37 C1 C34 C1 C38 C0 C5 C11
marathi_female_001664|C13 C27 C29 C16 C24 C11 <wb> C30 C0 C29 C0 C37 C0 <wb> C37 C0 C29 C13 C1 C30 C0 C22 C26 C29 C0 <wb> C34 C16 C24 C1 C5 C11 <wb> C1 C4 C0 C1 C29 C0 <wb> C22 C0 C1 C24 C0 C21 C0 C11 <wb> C28 C0 C25 C0 <wb> C34 C16 C24 C1 C21 C1 <wb> C22 C0 C1 C32 C0 C29 C0 <wb> C32 C0 C38 C0 C1 C5 C0 C11 <wb> C19 C0 C1 C15 C0 C16 C5 C0 <wb> C37 C0 C1 C34 C0 C21 C0 C11 <wb> C24 C0 C1 C15 C0 C16
marathi_female_001667|C11 C19 C0 C7 C0 C1 <wb> C34 C16 C24 C1 <wb> C1 C25 C0 C16 <wb> C37 C0 C29 C13 C1 C32 C0 C21 C38 C1 <wb> C30 C1 C15 C16 C21 C0 C5 C11 <wb> C4 C0 C1 C23 C9 C0 C25 C0 <wb> C18 C0 C1 C21 C0 C11
marathi_female_001670|C28 C0 C29 C0 C23 C32 C0 C36 <wb> C32 C38 C1 C5 C0 C37 C11 C21 C11 C21 C1 <wb> C13 C0 C27 C29 C0 C16 <wb> C34 C16 C24 C1 C5 C38 C1 <wb> C22 C0 C7 C0 C32 C0 C16 C21 C0 C1 <wb> C1 C21 C0 C16
marathi_female_001671|C34 C16 C24 C1 <wb> C1 C25 C0 C16 <wb> C13 C27 C29 C16 C24 C11 <wb> C30 C0 C23 C28 C0 C36 C29 C0 C25 C0 <wb> C31 C0 C1 C21 C0 C1 <wb> C18 C1 C9 C36 C24 C0 <wb> C19 C0 C1 C10 C0 C21 C0 C16
marathi_female_001677|C22 C0 C36 C21 C0 C1 C23 C30 C0 C1 C35 C0 C16 <wb> C20 C0 C11 C21 C0 C1 C38 C0 C21 C0 C1 <wb> C22 C0 C30 C0 C32 C0 <wb> C28 C0 C29 C0 C31 C0 C30 C0 C32 C0 <wb> C3 C0 C1 C13 C0 <wb> C15 C0 C26 C32 C0 C16
marathi_female_001679|C38 C0 C1 <wb> C3 C1 C13 C11 C32 C36 C24 C0 <wb> C32 C0 C38 C0 C1 <wb> C3 C0 C1 C13 C0 C11 C32 C0 <wb> C17 C0 C1 C38 C0 C21 C0 C1 <wb> C21 C0 C1 C21 C0 <wb> C24 C0 C1 C13 C0 C22 C0 C26 C9 C0 C16 <wb> C29 C0 C30 C0 C32 C0 C11 <wb> C15 C0 C26 C32 C0 C11
marathi_female_001680|C9 C0 C26 C23 C13 C0 C29 C0 C1 C5 C0 C38 C0 C1 <wb> C37 C0 C29 C0 C5 C0 C38 C0 C1 <wb> C3 C0 C1 C17 C0 C36 C21 C0 C1 <wb> C14 C0 C24 C0 C7 C1 C34 C0 <wb> C17 C0 C23 C13 C0 C21 C0 <wb> C15 C0 C26 C32 C0 C23 <wb> C38 C0 C1 <wb> C9 C26 C23 C13 C0 C29 C1 C37 C0 C29 C0 <wb> C18 C0 C36 C21 C0 C18 C0 C36 C21 C0 C25 C0 C1 C29 C0 C11 <wb> C18 C0 C29 C11 <wb> C15 C0 C26 C32 C0 C11 <wb> C32 C36 C9 C36 C23 C3 C0 <wb> C4 C0 C29 C0 C21 C0 C11 C21 C0 C38 C0 C1 <wb> C37 C0 C16 C15 C0 C16 C29 C0 C16 <wb> C15 C0 C26 C32 C0 C38 C0 C1
marathi_female_001683|C30 C0 C13 C0 C21 C0 C38 C0 C1 <wb> C13 C0 C1 C37 C0 C1 C5 C0 C23 <wb> C38 C0 C1 <wb> C9 C26 C23 C13 C0 C29 C1 C37 C0 C29 C0 <wb> C12 C0 C1 C29 C0 <wb> C28 C0 C29 C0 C11 C22 C0 <wb> C15 C0 C26 C32 C0 C23
marathi_female_001691|C15 C0 C1 <wb> C9 C0 C26 C23 C13 C0 C29 C0 <wb> C22 C0 C1 C32 C0 C29 C0 <wb> C22 C0 C24 C0 C1 C32 C0 C36 C24 C0 <wb> C24 C1 C29 C1 C17 C0 C5 C0 <wb> C15 C0 C26 C32 C0 C1 <wb> C3 C2 C5 C11 C24 C0 <wb> C15 C0 C26 C32 C0 C1
marathi_female_001700|C9 C26 C23 C13 C0 C29 C1 C37 C0 C29 C0 C5 C38 C1 <wb> C18 C0 C1 C9 C0 C1 C23 C24 C0 C1 <wb> C18 C0 <wb> C38 C0 C1 C23 C24 C0 C1 <wb> C37 C0 <wb> C29 C0 C30 C0 C32 C0 C38 C0 C1 C23 C24 C0 C1 <wb> C9 C0 C26 C23 C13 C0 C29 C0 C1 C5 C0 C38 C0 C1 <wb> C22 C0 C24 C0 C1 C32 C0 C21 C0 C23 <wb> C19 C0 C21 C0 C21 C0 C23
marathi_female_001701|C9 C26 C23 C13 C0 C29 C1 C37 C0 C29 C0 C5 C16 <wb> C18 C1 C9 C0 C23 <wb> C15 C0 C30 C0 C21 C0 C16 <wb> C30 C0 C21 C0 C30 C0 C21 C0 C21 C16
marathi_female_001709|C4 C0 C29 C0 <wb> C36 C24 C15 C1 C21 C0 C38 C1 C32 C0 <wb> C32 C0 C36 C21 C0 C1 <wb> C13 C1 C29 C0 C37 C1 <wb> C37 C1 C34 C1 C37 C1 <wb> C22 C0 C15 C0 C25 C0 C36 C24 C0 <wb> C32 C0 C29 C0 <wb> C32 C0 C38 C0 C1 C37 C0 C11 C21 C0 C16 <wb> C1 C22 C0 C15 C0 C16 <wb> C32 C0 C36 C18 C0 C38 C0 C1 <wb> C28 C0 C26 C34 C0 C1 C32 C0 <wb> C0 C30 C0 C32 C0 C26 <wb> C1 C25 C0 C16 <wb> C28 C1 C37 C0 C30 C1 C21 C0 C38 C1 C32 C0 <wb> C32 C36 C18 C38 C1 C37 C0 C29 C0 C5 C1 <wb> C30 C0 C13 C0 C21 C0 C1 <wb> C19 C0 C5 C0 C29 C0 C1 <wb> C13 C1 C21 C0 <wb> C37 C0 C1 C15 C0 C36 C24 C0 <wb> C24 C11 C32 C26
marathi_female_001710|C32 C0 C36 C21 C0 C1 <wb> C5 C0 C1 C23 C13 C0 C21 C0 C23 <wb> C30 C0 C37 C0 C5 C0 C6 C0 <wb> C19 C0 C29 C0 C32 C0 C26 <wb> C1 C25 C0 C16 <wb> C28 C0 C36 C10 C0 C5 C0 C38 C0 C1 <wb> C36 C24 C15 C1 C21 C0 C38 C1 C30 C1 C35 C16 <wb> C32 C36 C18 C38 C1 C37 C0 C29 C0 C5 C38 C1 <wb> C37 C0 C16 C15 C0 C16 C29 C0 C16 <wb> C32 C0 C21 C0 C23 <wb> C4 C0 C29 C0 C36 C24 C0 <wb> C35 C0 C11 C37 C0 C32 C0 C26
marathi_female_001729|C16 C32 C0 C19 C0 C11 C5 C0 <wb> C24 C0 C1 C15 C0 C16 <wb> C32 C0 C29 C0 <wb> C37 C0 C1 <wb> C38 C0 C1 C24 C0 C11 <wb> C17 C0 C11 C23 C37 C0 C15 C0 C1 <wb> C0 C8 C0 C16 C19 C0 <wb> C36 C13 C0 C29 C0 <wb> C30 C0 C37 C0 C29 C0 C36 C28 C0 <wb> C8 C0 C1 C29 C0 C25 C0 <wb> C19 C0 C11 C21 C0 C11 <wb> C32 C0 C11 C23 C37 C0 C15 C0 C1 <wb> C32 C0 C29 C0 <wb> C32 C0 C38 C0 C1 <wb> C22 C0 C1 C25 C0 C30 C0 C1 C24 C0 C11 <wb> C1 C25 C0 C20 C0 C16 <wb> C11 C19 C0 <wb> C37 C0 C30 C0 C32 C0 C29 C0 <wb> C1 C28 C0 C21 C0 C38 C0 C1 <wb> C0 C23 C13 C1 C4 C26 C37 C0 C32 C16 <wb> C21 C0 C28 C0 C11 C34 C0 C36 C24 C0 <wb> C14 C0 C11 C32 C0 C21 C0 C11
marathi_female_001730|C0 C20 C0 C11 C29 C0 <wb> C19 C0 C23 C34 C0 C1 C21 C0 C36 C24 C0 <wb> C17 C0 C1 C36 C24 C0 <wb> C37 C0 C1 <wb> C38 C0 C1 C24 C0 C11 <wb> C1 C28 C0 C25 C0 <wb> C15 C0 C29 C0 C21 C38 C1 C5 C11 <wb> C19 C0 C3 C0 C36 C21 C0 <wb> C19 C0 C11 C21 C0 C11 <wb> C37 C0 <wb> C32 C0 C38 C0 C1 <wb> C28 C29 C0 C37 C1 C31 C1 C21 C1 <wb> C30 C0 C36 C29 C0 C38 C0 <wb> C24 C0 C1 C29 C0 C1 C38 C0 C25 C0 <wb> C19 C0 C30 C0 C11 <wb> C19 C0 C1 C38 C0 <wb> C37 C1 C13 C0 C37 C0 C32 C16 C21 C0 <wb> C15 C0 C38 C0 C1 <wb> C36 C32 C30 C36 C19 C0 C32 C11 C24 C11 <wb> C37 C1 C38 C36 C29 C1 C17 C0 <wb> C13 C0 C23 C22 C0 C32 C0 <wb> C28 C0 C1 C15 C0 C36 <wb> C21 C0 C1 C13 C0 C21 C0 C11
marathi_female_001744|C8 C0 C24 C0 C13 C0 C29 C0 <wb> C22 C0 C1 C32 C0 C29 C0 <wb> C3 C11 C30 C1 C37 C0 C8 C0 <wb> C15 C0 C26 C32 C0 C1 <wb> C1 C25 C0 C16 <wb> C22 C0 C36 C20 C0 C38 C0 <wb> C22 C0 C15 C0 C25 C0 C17 C0 C11 <wb> C32 C0 C38 C0 C1 <wb> C21 C1 C23 C9 C0 C13 C38 C1 C37 C0 C29 C0 <wb> C37 C16 C31 C37 C1 C30 C36 C24 C0 <wb> C15 C0 C26 C32 C0 C1
marathi_female_001745|C11 C19 C0 C11 <wb> C7 C0 C16 C37 C0 C31 C0 C16 <wb> C21 C1 C23 C9 C0 C13 C38 C1 C5 C16 <wb> C3 C0 C7 C0 C22 C1 C31 C16 <wb> C8 C0 C24 C0 C13 C0 C29 C1 C5 C38 C1 <wb> C8 C38 C1 C24 C16 <wb> C1 C21 C0 C16
marathi_female_001752|C22 C0 C26 C35 C0 C38 C0 C1 <wb> C1 C24 C0 C23 C7 C0 C1 C24 C0 C11 <wb> C32 C0 C11 <wb> C32 C0 C16 C19 C0 C9 C0 C11 <wb> C37 C0 C21 C0 C21 C11 <wb> C32 C0 C38 C0 C1 C23 C24 C0 C16 <wb> C18 C0 C1 C9 C0 C1 C20 C0 C1 C21 C0 C16 <wb> C1 C30 C0 C29 C1 <wb> C14 C0 C11 C32 C0 C21 C0 C1
marathi_female_001761|C11 C19 C0 <wb> C30 C0 C1 C28 C0 <wb> C11 C19 C0 C7 C0 C1 <wb> C24 C0 C7 C0 C16 C32 C0 <wb> C28 C0 C9 C0 C21 C0 C1
marathi_female_001762|C28 C36 C29 C1 C5 C38 C1 <wb> C17 C0 C26 C29 C0 C7 C0 C1 C29 C0 <wb> C28 C29 C0 C37 C1 C15 C1 C3 C0 C29 C26 C3 C0 C29 C0 <wb> C32 C0 C26 <wb> C37 C0 C11 C13 C0 C1 C24 C0 C11 <wb> C37 C0 C1 C15 C0 C36 C24 C0 <wb> C5 C0 C1 C21 C0 C21 C0 C1 <wb> C15 C0 C26 C32 C0 C1
marathi_female_001764|C19 C0 C30 C0 C11 C3 C0 C30 C0 C11 <wb> C32 C0 C26 <wb> C32 C0 C38 C0 C1 C5 C0 C38 C0 C1 C37 C0 C29 C0 <wb> C5 C0 C10 C0 C36 C24 C0 <wb> C3 C0 C30 C0 C25 C38 C1 C32 C0 <wb> C38 C0 C31 C0 C30 C0 C37 C0 C16 <wb> C18 C0 C1 C21 C0 C1 <wb> C1 C25 C0 C16 <wb> C22 C0 C13 C0 <wb> C32 C0 C11 <wb> C30 C0 C1 C29 C0 C11 <wb> C21 C1 C34 C1 C23 C37 C0 C29 C0 <wb> C37 C0 C11 C13 C0 C1 C24 C0 C11 <wb> C20 C0 C1 C21 C0 C16 <wb> C37 C1 C15 C1 C32 C0 <wb> C17 C0 C1 C36 <wb> C21 C0 C1 C13 C0 C21 C0 C11
marathi_female_001765|C19 C16 C24 C1 <wb> C38 C0 C1 C37 C0 C29 C0 <wb> C11 C19 C0 <wb> C19 C0 C26 C21 C0 C15 C0 C1 <wb> C15 C0 C26 C32 C0 C1
marathi_female_001776|C1 C25 C0 C20 C0 C16 <wb> C19 C0 C1 C15 C0 C16 <wb> C7 C0 C16 C37 C0 C30 C0 <wb> C13 C0 C11 C21 C0 C38 C0 C1 C37 C0 C29 C0 <wb> C32 C0 C38 C0 C1 C24 C0 C11 <wb> C1 C28 C0 C21 C0 C38 C0 C1 <wb> C3 C0 C19 C0 <wb> C38 C0 C1 C23 C5 C0 C1 <wb> C12 C0 C24 C24 C1 <wb> C36 C9 C0 C37 C0 C21 C1
marathi_female_001786|C19 C0 C26 C25 C0 C16 C15 C0 C16 <wb> C19 C0 C1 C15 C0 C16 <wb> C32 C38 C1 C3 C1 C3 C0 C32 C0 <wb> C22 C0 C1 C15 C0 C16 C32 C0 <wb> C0 C30 C0 C21 C0 C38 C0 C1 C5 C0 C11 C15 C0 C16 <wb> C30 C1 C23 C13 C11 C24 C1
marathi_female_001788|C35 C0 C29 C0 C21 C38 C1 C28 C29 C0 C22 C1 C25 C11 <wb> C30 C0 C29 C0 C37 C0 <wb> C22 C0 C17 C36 C29 C1 C23 C24 C1 <wb> C14 C0 C11 C36 C24 C0 <wb> C32 C0 C26 <wb> C31 C0 C11 C32 C0 C19 C0 C29 C0 C16 <wb> C32 C0 C38 C0 C1 <wb> C17 C1 C13 C29 C32 C0 <wb> C7 C11 C37 C0 C30 C33 C1 C24 C16 <wb> C13 C0 C11 C21 C0 C1
marathi_female_001796|C15 C0 C22 C0 C29 C0 C30 C32 C38 C1 C24 C11 <wb> C11 C19 C0 <wb> C26 C18 C0 C11 <wb> C21 C1 C7 C0 C21 C11 C21 C1 <wb> C13 C0 C1 C10 C0 C37 C0 <wb> C5 C0 C1 C21 C0 C21 C0 C1 <wb> C15 C0 C26 C32 C0 C1 <wb> C32 C0 C26 <wb> C32 C0 C38 C0 C1 <wb> C14 C26 C9 C0 C38 C1 C21 C1 <wb> C37 C0 C1 C34 C0 <wb> C19 C0 C29 C0 C36 C24 C0 <wb> C7 C0 C38 C0 C1 C38 C0 C21 C0 C1 <wb> C17 C0 C29 C0 C1 <wb> C3 C0 C1 C17 C0 C36 C21 C0 C1 <wb> C18 C0 C1 C21 C0 C1
marathi_female_001797|C28 C0 C25 C0 <wb> C1 C28 C0 C21 C0 C38 C0 C1 C5 C0 <wb> C32 C0 C26 <wb> C38 C0 C1 C32 C0 <wb> C14 C0 C26 C9 C0 C1 <wb> C36 C32 C1 C37 C16 C21 C0 C28 C0 C25 C11 <wb> C32 C0 C38 C0 C1 C21 C0 C1 <wb> C22 C0 C15 C0 C25 C0 C1 C21 C0 C1 <wb> C5 C0 C21 C0 <wb> C21 C0 C37 C0 C19 C0 C29 C0 <wb> C15 C0 C26 <wb> C3 C0 C1 C17 C0 C36 C21 C0 C1 <wb> C24 C0 C1 C15 C0 C16 C32 C0 C29 C0 <wb> C11 C20 C0 C1 C7 C0 C16 <wb> C21 C1 C33 C0 C5 C0 <wb> C20 C1 C31 C16 C21 C0
marathi_female_001798|C3 C0 C16 C5 C0 C1 C29 C0 C11 <wb> C13 C0 C1 C10 C0 C37 C0 <wb> C13 C0 C28 C28 C0 C5 C0 <wb> C29 C1 C15 C16 C21 C11 <wb> C28 C0 C25 C0 <wb> C14 C26 C9 C0 C38 C1 C5 C11 <wb> C32 C0 C11 <wb> C36 C8 C7 C0 C34 C1 C30 C1 C29 C0 C20 C11 <wb> C37 C1 C13 C0 C25 C11 <wb> C32 C0 C38 C0 C1 C5 C0 C38 C0 C1 <wb> C22 C0 C24 C0 C1 C32 C0 <wb> C29 C1 C15 C16 C21 C11
marathi_female_001809|C9 C0 C26 C19 C0 C38 C0 C1 C5 C0 C1 <wb> C19 C26 C3 C16 C5 C1 <wb> C19 C1 C23 C7 C1 C5 C0 <wb> C17 C0 C25 C0 C36 <wb> C11 C19 C0 C23 C7 C0 C29 C0 C16 C32 C0 <wb> C32 C0 C11 <wb> C8 C0 C38 C0 C1 C24 C0 <wb> C28 C0 C1 C15 C0 C32 C0 C1 <wb> C30 C0 C1 C29 C0 C11 <wb> C28 C0 C31 C0 C36 <wb> C20 C0 C7 C0 C20 C0 C7 C0 C1 <wb> C15 C0 C30 C0 C36 <wb> C21 C0 C1 C13 C0 C21 C0 C11
marathi_female_001838|C1 C28 C0 C21 C0 C38 C0 C1 <wb> C31 C0 C32 C0 C29 C0 C36 C23 C24 C0 C1 <wb> C17 C0 C16 C37 C0 C23 C32 C0 <wb> C35 C11 C37 C0 C25 C38 C1 C28 C11 C19 C31 C1 <wb> C19 C0 C1 C15 C0 C16 <wb> C21 C0 C26 C19 C0 <wb> C32 C0 C38 C0 C1 C23 C5 C0 C38 C0 C1 C3 C0 C29 C0 C26 C3 C0 C29 C0 <wb> C30 C0 C37 C0 C32 C0 <wb> C5 C1 C15 C16 <wb> C22 C29 C32 C38 C36 <wb> C18 C0 C1 C21 C0 C11 C21 C0 C1 <wb> C28 C0 C32 C19 C0 C29 C0 C32 C1 C32 C0
marathi_female_001854|C22 C0 C1 C18 C0 C38 C0 C1 <wb> C31 C0 C29 C0 C16 C29 C0 C1 C5 C0 C16 <wb> C0 C17 C0 C36 C24 C0 <wb> C37 C0 C1 C10 C0 <wb> C37 C0 C15 C0 C1 C38 C0 C5 C0 C16 <wb> C1 C15 C0 C11 <wb> C19 C0 C29 C28 C0 C1 <wb> C19 C0 C29 C0 <wb> C22 C0 C21 C0 C1 <wb> C28 C0 C36 C24 C0 C15 C0 C1 <wb> C28 C0 C1 C25 C0 C38 C0 C1 C32 C0 <wb> C30 C0 C26 C9 C0 C36 C24 C0 <wb> C7 C0 C11
marathi_female_001855|C22 C0 C16 <wb> C22 C0 C26 C35 C0 C1 <wb> C13 C0 C29 C0 C13 C0 C29 C16 C32 C0 <wb> C18 C0 C1 C21 C0 C38 C0 C1 C37 C0 C29 C0 <wb> C22 C0 C1 C18 C0 C1 <wb> C22 C11 C17 C0 C37 C1 C24 C16 C30 C1 C35 C16 <wb> C36 C28 C0 C38 C0 C26 C13 C0 <wb> C15 C0 C26 C16 C21 C0
marathi_female_001857|C19 C0 C26 C21 C0 C16 <wb> C32 C0 C38 C0 C1 <wb> C22 C1 C31 C1 C21 C1 <wb> C22 C0 C15 C0 C25 C0 C1 C21 C0 C1 <wb> C36 C7 C38 C1 C5 C11 <wb> C19 C0 C26 C25 C0 C16 <wb> C28 C0 C1 C15 C0 C16 C21 C0 C11 <wb> C1 C15 C0 C11
marathi_female_001874|C0 C29 C0 C11 <wb> C32 C0 C36 C18 C0 C38 C0 C1 <wb> C1 C8 C0 C16 <wb> C17 C0 C11 <wb> C38 C0 C11 C36 C24 C0 <wb> C13 C0 C11 C21 C0 C11 <wb> C32 C0 C38 C0 C1 C32 C0 C21 C0 C38 C0 C1 <wb> C19 C0 C26 C25 C0 C16 C15 C0 C16 <wb> C22 C0 C1 C18 C0 C38 C0 C1 C19 C0 C9 C0 C11 <wb> C28 C0 C1 C15 C0 C16 C21 C0 C11 <wb> C24 C0 C1 C15 C0 C16 <wb> C19 C0 C16 <wb> C33 C0 C23 C9 C16 C32 C0 <wb> C16 C33 C0 C11 <wb> C19 C0 C1 <wb> C3 C0 C30 C0 C21 C1 C32 C0 <wb> C22 C0 C15 C0 C25 C0 C36 C24 C0 <wb> C37 C0 C16 C5 C0 C1 C29 C0 C21 C0 C11 <wb> C24 C0 C1 C15 C0 C16
marathi_female_001890|C11 C19 C0 C21 C0 C37 C38 C1 C5 C38 C1 <wb> C31 C0 C3 C0 C7 C0 C1 C23 C32 C0 <wb> C32 C0 C38 C0 C1 C5 C0 C16 <wb> C19 C0 C2 C12 C0 C16 C38 C0 C32 C0 <wb> C28 C0 C36 C10 C0 C11 <wb> C22 C0 C1 C23 C9 C0 C21 C0 C16 <wb> C1 C15 C0 C11
marathi_female_001903|C15 C0 C16 C24 C0 <wb> C19 C36 C21 C1 C32 C16 C21 C0 <wb> C22 C0 C15 C0 C25 C0 C36 C24 C0 <wb> C32 C0 C36 C22 C0 C15 C0 C16 <wb> C22 C0 C1 C18 C0 C1 <wb> C0 C37 C15 C11 C29 C0 <wb> C19 C0 C11 C21 C0 C1 C32 C0 <wb> C32 C0 C36 C22 C0 C15 C0 C1 C21 C0 C1 <wb> C0 C29 C0 C17 C0 C36 C24 C0 <wb> C12 C0 C1 C29 C0 <wb> C28 C0 C29 C0 C16 C38 C0 <wb> C15 C0 C26 C32 C0 C1
marathi_female_001920|C32 C0 C11 <wb> C22 C0 C16 <wb> C19 C0 C29 C0 C32 C0 <wb> C15 C0 C26 C32 C0 C26 <wb> C1 C25 C0 C16 <wb> C30 C0 C1 C29 C0 C11 <wb> C32 C0 C33 C1 C19 C0 C33 C16 C32 C0 <wb> C24 C0 C16 C28 C0 C36 C25 C0 <wb> C21 C0 C26 C19 C0 <wb> C28 C0 C1 C15 C0 C1 C32 C0 <wb> C15 C0 C26 C32 C0 C11
marathi_female_001944|C28 C0 C29 C0 C32 C0 C38 C0 C11 C19 C0 <wb> C8 C0 C24 C36 C29 C8 C1 <wb> C38 C0 C1 C5 C0 C38 C0 C1 <wb> C0 C23 C13 C0 C35 C0 C38 C1 C24 C11 <wb> C22 C0 C16 C5 C0 <wb> C28 C0 C36 C10 C0 C11 <wb> C5 C0 C1 C21 C0 C37 C0 C32 C0 <wb> C29 C0 C1 C15 C0 C16 C24 C0 <wb> C15 C0 C1 <wb> C14 C0 C11 C32 C0 C21 C0 C11 C21 C0 C1 <wb> C37 C0 C30 C1
marathi_female_001963|C22 C0 C24 C26 C17 C0 <wb> C1 C24 C0 C23 C7 C0 C1 C24 C0 C11 <wb> C32 C0 C38 C0 C1 C29 C0 <wb> C18 C0 C1 C21 C0 C1 <wb> C5 C1 C5 C0 C28 C0 C9 C0 C32 C0 <wb> C5 C1 C5 C0 C28 C0 C9 C0 C32 C0 <wb> C32 C0 C26 <wb> C3 C0 C2 C35 C0 C19 C0 C16 C32 C0 <wb> C1 C21 C0 C1
marathi_female_001966|C30 C0 C29 C1 C23 C24 C1 C15 C16 <wb> C37 C0 C1 C16 C34 C0 <wb> C37 C0 C1 C34 C0 C21 C0 C23 <wb> C11 C37 C0 C10 C0 C1 <wb> C22 C0 C8 C36 C29 C0 <wb> C13 C1 C25 C1 C29 C1 <wb> C22 C0 C36 C21 C0 C13 C0 C1 <wb> C17 C0 C26 <wb> C5 C0 C23 C7 C29 C1 C37 C0 C29 C0 <wb> C17 C1 C37 C36 <wb> C16 C5 C6 C16 C32 C26 <wb> C32 C0 C26 <wb> C30 C0 C1 C8 C0 C23 <wb> C1 C28 C0 C21 C0 C38 C0 C1 <wb> C30 C0 C4 C26 C37 C0 C32 C16 C5 C0 C23 <wb> C17 C0 C13 C0 <wb> C3 C0 C14 C0 C36 <wb> C31 C0 C19 C0 C32 C0 <wb> C24 C0 C1 C15 C0 C16
marathi_female_001974|C11 C20 C0 C1 C7 C0 C1 <wb> C36 C28 C0 C19 C0 C29 C0 C22 C0 <wb> C29 C1 C3 C0 C37 C36 C24 C0 <wb> C19 C0 C1 C15 C0 C16 <wb> C29 C0 C19 C0 C19 C0 C22 C0 <wb> C11 C19 C0 C32 C0 C29 C0 <wb> C19 C0 C29 C0 C1 C38 C0 C5 C0 C16 <wb> C0 C30 C0 C11 <wb> C30 C0 C1 C23 C13 C0 C16 C32 C0 C21 C0 C11
marathi_female_001979|C24 C16 C37 C11 C7 C0 C24 C1 C21 C1 <wb> C38 C0 C26 C13 C0 C38 C0 <wb> C28 C0 C29 C0 C32 C0 C16 C30 C0 C1 C7 C0 <wb> C22 C0 C16 C21 C0 C36 C24 C0 <wb> C0 C37 C0 C14 C38 C1 <wb> C7 C0 C26 C24 C0 <wb> C32 C0 C16 C24 C0 <wb> C7 C0 C16 C37 C0 C30 C0 C1 C32 C0 <wb> C28 C0 C36 C29 C0 C11 C30 C0 C1 <wb> C24 C0 C16 C8 C0 C16 <wb> C13 C0 C26 C21 C0 C1 <wb> C18 C0 C1 C21 C0 C1
marathi_female_001988|C9 C0 C19 C0 C34 C0 C29 C0 C1 C23 C24 C0 C16 <wb> C22 C36 C20 C38 C1 C8 C38 C1 C28 C0 C19 C0 <wb> C37 C0 <wb> C19 C0 C1 C15 C0 C16 <wb> C37 C0 C16 C7 C0 C38 C0 C1 C29 C0 C33 C0 C38 C0 C1 C23 C24 C0 C1 <wb> C1 C32 C0 <wb> C30 C0 C26 C9 C0 C21 C0 C23
marathi_female_001991|C28 C29 C0 C31 C1 C23 C32 C0 C24 C11 <wb> C32 C0 C29 C0 <wb> C32 C0 C38 C0 C1 C21 C0 C1 <wb> C5 C0 C19 C0 C19 C0 <wb> C22 C0 C16 C35 C0 C16 C5 C0 <wb> C22 C0 C1 C29 C0 C21 C0 C16 <wb> C32 C0 C38 C0 C1 C23 C5 C0 C16 <wb> C1 C16 <wb> C15 C0 C1 <wb> C30 C0 C1 C29 C0 C1 <wb> C28 C0 C29 C0 C30 C0 C23 C13 C0 <wb> C9 C0 C26 C21 C0 C11 <wb> C4 C0 C29 C0 C36 C24 C0 <wb> C28 C0 C15 C0 C1 C32 C0 <wb> C15 C0 C26 C32 C0 C16
marathi_female_001993|C32 C0 C26 <wb> C28 C11 C10 C11 <wb> C14 C0 C11 C36 C24 C0 <wb> C31 C0 C1 C21 C0 C11 C32 C0 <wb> C1 C21 C0 C1
marathi_female_002002|C32 C0 C11 <wb> C28 C0 C1 C25 C0 C16 <wb> C28 C38 C1 C38 C0 C21 C38 C1 <wb> C24 C0 C23 C32 C0 C29 C0 <wb> C30 C37 C0 C29 C1 C5 C1 <wb> C1 C37 C0 C1 C17 C0 <wb> C28 C0 C15 C16 C21 C38 C1 C28 C11 C19 C31 C1 <wb> C22 C0 C8 C36 C29 C0 <wb> C18 C0 C1 C21 C0 C1
marathi_female_002003|C32 C0 C26 <wb> C1 C28 C0 C21 C0 C38 C0 C1 <wb> C22 C0 C8 C36 C29 C0 <wb> C1 C37 C0 C1 C17 C0 C1 C32 C0 <wb> C13 C0 C1 C36 <wb> C21 C0 C1 C13 C0 C21 C0 C1
marathi_female_002007|C32 C0 C36 C18 C0 C38 C0 C1 <wb> C22 C1 C8 C36 C29 C38 C1 C5 C38 C1 <wb> C29 C0 C30 C1 C32 C0 <wb> C30 C0 C29 C37 C0 C17 C0 C25 C0 C23 <wb> C24 C15 C1 C36 C24 C0 <wb> C24 C16 C14 C0 C32 C16 C21 C0 <wb> C22 C1 C18 C38 C1 C32 C0 C21 C0 C23 <wb> C0 C22 C0 C29 C32 C0 <wb> C32 C0 C36 C21 C0 C1 <wb> C28 C0 C1 C37 C0 C24 C0 <wb> C19 C0 C29 C0 C11 C21 C0
marathi_female_002016|C32 C0 C38 C0 C1 <wb> C18 C0 <wb> C38 C0 C1 C5 C0 C11 <wb> C37 C0 C16 C31 C0 C25 C0 C25 C0 <wb> C29 C0 C36 C28 C0 <wb> C28 C0 C1 C15 C0 C36 C24 C0 <wb> C30 C37 C0 C29 C1 C21 C1 <wb> C20 C0 C36 C28 C0 <wb> C29 C0 C9 C0 C36 <wb> C38 C0 C11 C36 <wb> C21 C0 C1 C13 C0 C21 C0 C11
marathi_female_002025|C14 C0 C29 C1 C23 C32 C0 <wb> C13 C0 C9 C0 C13 C0 C23 C17 C0 <wb> C30 C0 C23 C28 C0 C32 C0 C32 C0 C16 <wb> C11 C19 C36 C21 C0 C32 C1 <wb> C11 C19 C0 <wb> C21 C1 C9 C1 C5 C1 <wb> C19 C0 C1 C22 C0 <wb> C19 C0 C8 C0 C16 <wb> C19 C0 C29 C1 C37 C0 C23 C5 C0 <wb> C21 C0 C1 C13 C0 C21 C0 C23 <wb> C24 C0 C1 C15 C0 C16
marathi_female_002035|C14 C0 C29 C0 C16 <wb> C1 C21 C0 C1 <wb> C31 C11 C35 C0 C17 C16 C23 C5 C38 C1 <wb> C15 C0 C1 C32 C0 C1 C37 C0 C29 C0 <wb> C1 C35 C0 <wb> C1 C25 C11 <wb> C35 C0 C11 C37 C0 C21 C0 C11
marathi_female_002048|C0 C31 C1 C28 C29 C0 C19 C1 C29 C11 <wb> C37 C0 C38 C0 C1 C28 C0 C1 C29 C0 C16 <wb> C28 C0 C29 C0 C32 C0 C38 C0 C11 C19 C0 <wb> C0 C37 C0 C38 C0 C37 C1 C5 C16 <wb> C19 C0 C16 C23 C22 C0 C32 C0 <wb> C37 C1 C10 C0 C37 C0 C32 C0 <wb> C15 C0 C26 C32 C0 C1 <wb> C28 C0 C25 C0 <wb> C4 C0 C16 C19 C0 C1 C29 C0 C16 <wb> C11 C19 C0 C15 C0 C16 <wb> C0 C37 C0 C38 C0 C37 C0 <wb> C7 C0 C38 C0 C1 C38 C0 C21 C0 C1 <wb> C32 C0 C38 C0 C1 C29 C0 <wb> C24 C0 C37 C0 C15 C0 C32 C0 C1
marathi_female_002053|C30 C0 C23 C28 C0 C36 C29 C0 C25 C0 <wb> C37 C0 C11 C7 C0 <wb> C37 C11 C7 C1 C23 C13 C1 C5 C1 <wb> C0 C4 C0 C38 C0 C1 C30 C0 <wb> C19 C0 C29 C0 C36 C24 C0 <wb> C13 C0 C36 C29 C0 C36 C5 C0 C16 <wb> C28 C0 C29 C0 C37 C0 C1 C24 C0 C13 C0 C16 <wb> C14 C0 C11 C36 C24 C0 <wb> C15 C0 C11 <wb> C7 C0 C26 C14 C0 C11 <wb> C14 C0 C29 C0 C16 <wb> C28 C0 C29 C0 C32 C0 <wb> C1 C21 C0 C11
marathi_female_002056|C21 C16 C20 C16 C32 C1 C24 C11 <wb> C31 C0 C23 C20 C1 C19 C0 C9 C11 <wb> C4 C0 C11 C34 C0 C16 C21 C0 C1 <wb> C17 C1 C25 C38 C1 C5 C11 <wb> C35 C0 C29 C0 C37 C0 C21 C0 C11 <wb> C32 C0 C38 C0 C1 C28 C0 C29 C0 C22 C0 C1 C25 C0 C11 <wb> C32 C0 C26 <wb> C13 C0 C11 C21 C0 C1 <wb> C28 C0 C25 C0 <wb> C31 C0 C23 C20 C0 <wb> C19 C1 C22 C1 C24 C16 C22 C16 C32 C32 C0 <wb> C3 C0 C1 C15 C0 C11 C29 C0 <wb> C13 C0 C11 C21 C0 C1 <wb> C15 C0 C26 C32 C0 C1
marathi_female_002072|C5 C0 C26 C29 C0 C16 <wb> C19 C0 C29 C0 C25 C1 C29 C38 C1 C5 C1 <wb> C15 C1 C32 C0 C5 C0 <wb> C1 C22 C0 C15 C0 C16 <wb> C19 C1 C28 C0 C32 C26 <wb> C29 C0 C1 C17 C0 C1 <wb> C22 C0 C15 C0 C25 C0 C1 C21 C0 C1
marathi_female_002082|C30 C0 C1 C15 C0 C11 C3 C0 <wb> C1 C17 C0 <wb> C22 C0 C16 <wb> C1 C15 C0 C11 <wb> C32 C0 C26 <wb> C1 C28 C0 C21 C38 C1 C22 C36 C21 C11 C5 C0
marathi_female_002083|C12 C0 C1 C29 C0 <wb> C12 C0 C1 C29 C0 <wb> C37 C1 C29 C31 C1 C28 C36 C29 C37 C16 <wb> C22 C0 C16 <wb> C11 C19 C0 C1 <wb> C32 C0 C21 C0 C38 C1 C5 C38 C1 <wb> C31 C11 C17 C1 C29 C36 C24 C0 <wb> C12 C0 C16 C29 C0 C32 C0 <wb> C0 C30 C0 C32 C0 C1 <wb> C0 C5 C0 C1 C24 C0 C19 C0 <wb> C32 C0 C26 C21 C0 <wb> C17 C0 C1 C36 C24 C0 <wb> C22 C0 C16 <wb> C28 C0 C1 C25 C0 C38 C0 C1 C32 C0 <wb> C28 C0 C9 C0 C21 C0 C26
marathi_female_002094|C32 C0 C38 C0 C1 C5 C0 <wb> C13 C0 C29 C0 C7 C0 C16 C32 C0 <wb> C22 C16 C34 C16 C23 C13 C0 C21 C1 <wb> C17 C0 C1 C25 C0 C38 C0 C1 C5 C0 C16 <wb> C14 C0 C1 C16 <wb> C0 C30 C0 C21 C0 C11 C21 C0 C38 C0 C1 <wb> C29 C0 C22 C0 C11 C31 C0 <wb> C31 C0 C29 C22 C1 C23 C24 C16 <wb> C1 C28 C0 C21 C0 C38 C0 C1 <wb> C13 C0 C1 C9 C0 C16 C5 C0 C1 <wb> C37 C0 C11 C13 C0 <wb> C37 C1 C10 C0 C37 C0 C21 C1
marathi_female_002116|C32 C38 C1 C37 C11 C21 C11 C5 C38 C1 <wb> C4 C0 C1 C29 C0 C32 C0 C1 C5 C0 C38 C0 C1 <wb> C28 C0 C23 C32 C0 C28 C0 C29 C0 C8 C0 C1 C24 C0 <wb> C31 C0 C29 C0 C16 <wb> C21 C1 C21 C0 C3 C0 C15 C1 C7 C36 C29 C0 <wb> C31 C1 C30 C32 C29 C16 <wb> C15 C0 C38 C0 C1 C23 C5 C0 C38 C0 C1 <wb> C28 C0 C32 C0 C24 C0 C16
marathi_female_002125|C30 C0 C1 C32 C0 <wb> C1 C35 C0 <wb> C7 C0 C16 C37 C0 C30 C0 C1 C23 C32 C0 <wb> C32 C36 C21 C0 C31 C16 <wb> C37 C29 C23 C7 C1 C37 C0 C24 C1 C32 C0 <wb> C5 C0 C25 C38 C1 C23 C5 C16 <wb> C6 C0 C1 C24 C0 <wb> C29 C0 C26 C28 C0 C23 <wb> C18 C0 C1 C21 C0 C16
marathi_female_002128|C24 C0 C16 C32 C0 C38 C0 <wb> C24 C16 C38 C0 C22 C1 C24 C11 <wb> C32 C0 C26 <wb> C29 C26 C28 C1 C23 C24 C1 <wb> C28 C0 C1 C25 C0 C16 <wb> C34 C0 C1 C19 C0 C32 C0 <wb> C0 C30 C0 C11 <wb> C37 C0 <wb> C32 C0 C38 C0 C1 C23 C5 C0 C16 <wb> C19 C0 C1 C21 C0 C17 C0 C16 <wb> C14 C0 C11 C32 C0 <wb> C0 C30 C0 C11
marathi_female_002134|C13 C27 C32 C0 C22 C0 C24 C11 <wb> C28 C26 C32 C0 C23 <wb> C1 C25 C0 C36 C24 C0 <wb> C13 C36 C29 C36 C17 C16 C23 C5 C38 C1 <wb> C28 C0 C36 C10 C0 C11 <wb> C35 C0 C11 C37 C0 C21 C0 C23 <wb> C13 C36 C29 C36 C17 C16 <wb> C20 C36 C31 C0 <wb> C18 C0 C1 C21 C0 C11
marathi_female_002136|C32 C36 <wb> C22 C0 C1 C32 C0 C29 C0 <wb> C24 C0 C36 C30 C0 C32 C0 C16 C5 C0 <wb> C28 C36 C17 C1 <wb> C19 C0 C29 C0 C32 C0 <wb> C29 C1 C15 C16 C21 C1 C30 C0 <wb> C1 C32 C0 C21 C0 C11 <wb> C5 C0 C25 C11 <wb> C19 C16 C9 C0 <wb> C21 C0 C1 C13 C0 C36 C24 C0 <wb> C20 C0 C29 C0 C1 C3 C0 <wb> C15 C0 C16 <wb> C18 C0 C1 C21 C0 C11 <wb> C0 C30 C0 C32 C0 C16 C21 C0
marathi_female_002137|C3 C36 C8 C7 C16 C5 C1 <wb> C37 C0 C1 C28 C0 C29 C0 <wb> C19 C0 C11 C21 C0 C1 <wb> C32 C0 C29 C0 <wb> C17 C0 C16 C37 C0 C24 C0 C1 C32 C0 <wb> C38 C0 C31 C0 C30 C0 C37 C0 C16 <wb> C15 C0 C26 C32 C0 C1 <wb> C38 C0 C11 C32 C0 C11
marathi_female_002140|C5 C16 C22 C0 C25 C16 <wb> C30 C0 C1 C29 C0 C20 C0 C16 <wb> C19 C0 C1 C22 C0 C1 C32 C0 <wb> C0 C30 C0 C11 <wb> C1 C21 C0 C31 C1 C30 C1 C29 C0 C20 C0 C23 <wb> C3 C0 C30 C0 C1 C38 C0 C21 C0 C1 <wb> C32 C0 C16 C21 C0 C1 <wb> C22 C0 C36 C21 C0 C16 C5 C0 <wb> C1 C37 C0 C9 C0 C32 C0 <wb> C24 C0 C30 C0 C11
marathi_female_002143|C15 C0 C1 <wb> C20 C26 C9 C0 C19 C0 C29 C0 <wb> C19 C1 C37 C0 C21 C1 <wb> C19 C0 C26 C25 C0 C1 C21 C0 C1 C5 C0 <wb> C1 C37 C0 C9 C1 C38 C0 C5 C1 <wb> C24 C0 C1 C15 C0 C16
marathi_female_002154|C11 C37 C0 C10 C0 C23 C30 C0 <wb> C32 C0 C26 C23 C9 C0 <wb> C19 C0 C29 C0 C36 C24 C0 <wb> C19 C0 C36 C9 C0 C19 C0 C36 C9 C0 C32 C0 <wb> C36 C4 C0 C1 <wb> C29 C0 C1 C15 C0 C16 C21 C0 C1
marathi_female_002164|C3 C16 C5 C1 C29 C1 <wb> C29 C0 C9 C0 <wb> C29 C0 C9 C0 <wb> C29 C0 C9 C0 C21 C1 <wb> C0 C24 C0 <wb> C14 C0 C29 C0 C16 <wb> C38 C0 C11 C36 C24 C0 <wb> C18 C0 C26 C28 C0 C16 <wb> C13 C0 C11 C21 C0 C1
marathi_female_002165|C11 C19 C0 <wb> C15 C0 C26 C32 C0 C16 <wb> C19 C1 C22 C0 C30 C36 <wb> C5 C16 C22 C0 C25 C16 <wb> C32 C0 C16 <wb> C21 C26 C21 C0 <wb> C21 C26 C21 C0 <wb> C21 C26 C21 C0 C21 C16 <wb> C32 C0 C29 C0 <wb> C22 C26 C32 C38 C1 C24 C11 <wb> C4 C0 C29 C0 C21 C0 C16
marathi_female_002172|C9 C1 C37 C16 C19 C0 C9 C0 <wb> C5 C0 C38 C0 C1 <wb> C37 C0 C1 C34 C0 C11 C24 C0 C11 <wb> C37 C0 C21 C0 C21 C38 C1 C37 C0 C29 C0 <wb> C7 C0 C15 C0 C1 <wb> C22 C16 C24 C16 C34 C1 C23 C32 C0 C5 C0 <wb> C1 C28 C0 C25 C0 <wb> C30 C0 C16 C32 C0 C1 <wb> C13 C36 C15 C11 C28 C1 C31 C16 <wb> C38 C0 C11 C36 C24 C0 <wb> C28 C0 C26 C15 C0 C26 C5 C0 C32 C0 C26
marathi_female_002173|C28 C0 C7 C1 C29 C28 C0 C25 C0 <wb> C19 C0 C11 C21 C0 C11 <wb> C1 C25 C0 C16 <wb> C22 C0 C29 C0 C1 C35 C0 C16 <wb> C22 C36 C21 C36 C20 C0 <wb> C32 C0 C1 C3 C0 C38 C0 C1 C32 C0 <wb> C14 C0 C11 C25 C0 C38 C0 C1 C30 C0 <wb> C30 C0 C36 C29 C0 C37 C0 C1 C32 C0 <wb> C19 C0 C11 C21 C0 C16
marathi_female_002199|C29 C1 C14 C36 C31 C11 C34 C0 <wb> C3 C0 C30 C30 <wb> C16 C32 C0 C19 C0 C23 C5 C0 <wb> C19 C0 C22 C0 C29 C11 C5 C1 <wb> C19 C16 C21 C21 C38 C1 C23 C5 C1 <wb> C17 C36 C9 C0 C13 C1 <wb> C19 C0 C1 C10 C0 C36 C24 C0 <wb> C30 C0 C22 C0 C26 C29 C0 <wb> C34 C0 C1 C19 C0 C32 C0 <wb> C38 C0 C1
marathi_female_002208|C21 C1 C24 C30 C0 <wb> C13 C16 C3 C17 C0 C5 C38 C1 <wb> C37 C0 C21 C0 C25 C1 C38 C1 <wb> C3 C26 C21 C30 C0 C24 C1 <wb> C20 C11 C21 C0 C32 C1 C24 C1 C5 C11 <wb> C7 C0 C9 C0 C28 C0 C25 C0 <wb> C17 C0 C1 C25 C0 C37 C0 C21 C0 C11
marathi_female_002211|C20 C0 C1 C23 C7 C0 C38 C0 C1 C37 C0 C29 C0 <wb> C3 C0 C30 C0 C37 C0 C36 C24 C0 <wb> C24 C1 C5 C0 C21 C38 C1 C22 C36 C21 C11 <wb> C9 C0 C1 C37 C0 C1 <wb> C20 C1 C23 C7 C1 <wb> C12 C29 C2 C19 C5 C0 C29 C0 <wb> C18 C0 C1 C21 C0 C11 C21 C0 C11 <wb> C3 C29 C16 C17 C0 <wb> C22 C0 C26 C15 C0 C24 C0 <wb> C15 C0 C11 <wb> C1 C22 C0 C5 C0 C38 C0 C1 <wb> C15 C0 C29 C0 C38 C1 C25 C1 <wb> C30 C0 C23 C14 C0 C1 C32 C0 <wb> C15 C0 C26 C32 C0 C11
marathi_female_002214|C13 C36 C23 C9 C0 C38 C1 C5 C11 <wb> C19 C0 C1 C22 C0 <wb> C0 C8 C0 C16 C19 C0 <wb> C19 C0 C35 C0 C16 C25 C0 <wb> C1 C15 C0 C11
marathi_female_002219|C0 C29 C19 C1 C5 C1 <wb> C37 C0 C1 C28 C0 C29 C0 <wb> C19 C0 C29 C0 C36 C24 C0 <wb> C19 C16 C34 C0 C19 C1 C28 C1 C30 C36 C24 C0 <wb> C30 C0 C23 C29 C0 C19 C0 C31 C0 C25 C0 <wb> C22 C0 C16 C21 C0 C37 C0 C16 C25 C0 C38 C0 C1 C30 C0 C1 C35 C0 C16 <wb> C0 C29 C19 C0 <wb> C19 C0 C16 C32 C0 C16 <wb> C21 C0 C1 C13 C0 C32 C0 C26 <wb> C32 C0 C11 <wb> C19 C0 C21 C11 C21 C0
marathi_female_002226|C32 C0 C38 C0 C1 C5 C0 C16 <wb> C28 C0 C29 C0 C37 C0 C11 C31 C0 <wb> C7 C37 C1 C29 C11 <wb> C37 C0 C16 C30 C0 <wb> C22 C0 C16 C34 C0 C29 C0 <wb> C36 C23 C5 C0 <wb> C1 C15 C0 C11 C32 C0 <wb> C19 C36 C23 C3 C0 C33 C0 C9 C16 <wb> C22 C0 C23 C9 C0 C28 C0 C22 C0 <wb> C22 C0 C8 C0 C38 C0 C11 <wb> C31 C0 C23 C19 C0 C29 C1 C30 C0 C15 C0 <wb> C0 C24 C0 C11 C19 C0 <wb> C7 C0 C11 C37 C0 <wb> C7 C11 C37 C0 C32 C1 C23 C5 C38 C1 <wb> C32 C0 C30 C0 C11 C5 C0 <wb> C29 C31 C16 C22 C36 C24 C16 C23 C5 C38 C1 <wb> C28 C0 C29 C0 C32 C0 C16 C22 C0 C1 <wb> C1 C15 C0 C11 C32 C0
marathi_female_002240|C1 C28 C0 C21 C0 C38 C0 C1 <wb> C32 C0 C26 C23 C9 C0 C36 C24 C0 <wb> C24 C0 C16 C14 C0 C1 C21 C0 C11 C21 C0 C1 <wb> C15 C0 C1 <wb> C31 C0 C21 C0 C26 C19 C0 <wb> C28 C0 C1 C15 C0 C36 C24 C0 <wb> C20 C0 C36 C7 C0 C7 C0 <wb> C22 C0 C15 C0 C29 C0 C31 C0 C16 C23 C24 C0 C1 C5 C0 <wb> C1 C31 C0 C5 C0 C29 C0 C38 C0 <wb> C37 C0 C1 C34 C0 C21 C0 C11
marathi_female_002243|C37 C0 <wb> C32 C0 C11 <wb> C22 C0 C27 C24 C0 <wb> C28 C0 C1 C21 C0 C36 C24 C0 <wb> C36 C4 C0 C11 <wb> C29 C0 C1 C15 C0 C16 C21 C0 C11
marathi_female_002249|C17 C0 C38 C0 C1 <wb> C19 C0 C1 C22 C0 C1 C30 C0 C1 C35 C0 C16 <wb> C22 C0 C15 C0 C25 C0 C36 C24 C0 <wb> C22 C0 C16 <wb> C32 C36 C22 C15 C1 C23 <wb> C36 C4 C0 C38 C0 C32 C0 C1 C23 C24 C0 C1 <wb> C3 C0 C26 C21 C0 C1 C37 C0 C36 C24 C0 <wb> C14 C0 C11 C36 C24 C0 <wb> C1 C21 C0 C26 <wb> C15 C0 C26 C32 C0 C26 <wb> C32 C0 C11 <wb> C22 C0 C1 C18 C0 C11 <wb> C19 C0 C1 C22 C0 <wb> C1 C32 C0 C1 <wb> C30 C0 C23 C28 C0 C21 C0 C11 <wb> C1 C15 C0 C11
marathi_female_002255|C29 C0 C1 C22 C0 C21 C0 C19 C0 C31 C0 C22 C0 C25 C0 C1 C23 C24 C0 C1 <wb> C3 C0 C29 C0 C26 C3 C0 C29 C0 <wb> C14 C0 C11 C36 C24 C0 <wb> C37 C0 C16 C31 C0 C37 C0 C1 C22 C0 C16 C32 C0 C29 C0 <wb> C29 C31 C0 C16 <wb> C16 C31 C0 C1 C24 C0 C38 C0 <wb> C7 C0 C16 C31 C0 C11 C24 C0 C11 <wb> C5 C1 C21 C36 C23 <wb> C21 C0 C1 C13 C0 C21 C0 C11
marathi_female_002262|C24 C0 C23 C32 C0 C29 C0 <wb> C32 C0 C38 C0 C1 C23 C24 C0 C16 <wb> C32 C0 C11 C33 C0 C11 <wb> C15 C0 C17 C0 C29 C0 <wb> C0 C30 C0 C21 C0 C11 C21 C0 C38 C0 C1 <wb> C30 C0 C29 C0 C37 C0 <wb> C29 C31 C0 C16 <wb> C22 C36 C24 C16 C23 <wb> C30 C0 C22 C0 C19 C0 C31 C0 <wb> C29 C0 C1 C22 C0 C21 C0 C19 C0 C31 C0 C22 C0 C25 C0 C1 C23 C30 C0 <wb> C37 C0 C16 C31 C0 C37 C0 C1 C22 C0 C16 C32 C0 C29 C0 <wb> C29 C31 C0 C16 C23 C5 C0 C1 <wb> C17 C0 C16 C37 C0 C24 C0 C37 C0 C29 C32 C0 C32 C0 C1 C23 C32 C0 <wb> C30 C0 C1 C23 C13 C0 C16 C32 C0 C21 C0 C1
marathi_female_002264|C28 C0 C36 C31 C0 C19 C0 C29 C0 <wb> C19 C0 C31 C0 C11 C32 C0 C29 C0 C1 C23 C32 C0 <wb> C37 C0 C16 C31 C0 C37 C0 C1 C22 C0 C16 C32 C0 C29 C0 C1 C23 C24 C0 C16 <wb> C14 C0 C26 C29 C0 <wb> C32 C0 C28 C0 C31 C0 C5 C0 C29 C0 C38 C0 C1 <wb> C19 C0 C11 C21 C0 C16
marathi_female_002272|C32 C0 C38 C0 C1 C23 C5 C0 C38 C0 C1 <wb> C32 C0 C28 C0 C31 C0 C5 C0 C29 C0 C38 C0 C11 C5 C0 C38 C0 C1 <wb> C32 C0 C1 C28 C0 C1 C24 C0 C11 <wb> C32 C0 C29 C0 C16 C4 C0 C36 C37 C0 C24 C0 <wb> C32 C0 C28 C0 C32 C0 <wb> C18 C0 C1 C21 C0 C11
marathi_female_002290|C19 C0 C1 C29 C0 C25 C0 <wb> C29 C0 C1 C22 C0 C1 C5 C0 C16 <wb> C31 C0 C28 C0 C33 C0 <wb> C14 C0 C11 C32 C0 C21 C0 C38 C0 C1 C37 C0 C29 C0 <wb> C32 C0 C16 <wb> C22 C0 C26 C9 C0 C25 C0 C11 <wb> C31 C0 C19 C0 C38 C0 <wb> C24 C0 C1 C15 C0 C16
marathi_female_002296|C21 C0 C19 C0 C31 C0 C22 C0 C25 C0 <wb> C32 C0 C38 C0 C1 C5 C0 C11 <wb> C30 C0 C20 C0 C11 <wb> C22 C0 C16 C32 C0 C29 C0 <wb> C30 C0 C29 C0 C37 C0 C1 C23 C5 C0 C1 <wb> C24 C0 C16 C29 C0 C26 C28 C0 <wb> C14 C0 C11 C36 C24 C0 <wb> C37 C0 <wb> C37 C0 C31 C0 C16 C31 C0 C35 C0 <wb> C22 C0 C36 C24 C0 C16 C23 C19 C0 C9 C0 C36 C24 C0 <wb> C31 C0 C30 C0 C32 C0 C29 C0 C1 C30 C0 C32 C0 C29 C0 C11 <wb> C14 C0 C11 C36 C24 C0 <wb> C1 C21 C0 C1
marathi_female_002309|C30 C0 C19 C0 C1 C21 C0 C16 <wb> C22 C0 C16 C5 C0 <wb> C32 C0 C38 C0 C1 C23 C24 C0 C1 <wb> C13 C0 C23 C13 C0 C11 C28 C0 C21 C0 C16 C19 C0 C9 C0 C11 <wb> C28 C26 C23 C5 C0 C32 C1 <wb> C19 C0 C29 C0 C36 C24 C0 <wb> C1 C21 C0 C26
marathi_female_002320|C29 C0 C1 C22 C0 C1 C2 C37 C0 C17 C0 C16 <wb> C22 C0 C16 <wb> C37 C0 C24 C0 C37 C0 C1 C30 C0 C1 C30 C0 <wb> C17 C0 C1 C32 C0 C26 <wb> C37 C0 <wb> C29 C0 C1 C22 C0 C1 C24 C0 C11 <wb> C22 C0 C1 C18 C0 C38 C0 C1 C2 C37 C0 C17 C0 C16 <wb> C29 C0 C1 C17 C0 C38 C0 <wb> C30 C0 C37 C0 C16 C19 C0 C1 C29 C0 C1 C37 C0 C11
marathi_female_002321|C0 C31 C0 C1 <wb> C32 C0 C29 C15 C11 C24 C11 <wb> C37 C0 C9 C0 C16 C21 C0 C1 C23 C5 C0 C38 C0 C1 <wb> C1 C17 C0 C24 C0 C11 C5 C0 C11 <wb> C28 C0 C1 C21 C0 C24 C0 C15 C0 C16 <wb> C15 C0 C26 C16 C21 C0 <wb> C37 C0 <wb> C30 C0 C29 C0 C37 C0 C1 C23 C24 C0 C1 <wb> C30 C0 C36 C20 C0 C15 C0 C16 <wb> C22 C0 C16 C21 C0 C11 C21 C0
marathi_female_002337|C0 C24 C0 C11 C19 C0 <wb> C28 C0 C29 C0 C37 C0 C32 C0 <wb> C24 C0 C7 C0 C38 C0 C1 <wb> C37 C0 <wb> C24 C0 C1 C21 C0 C11 <wb> C1 C25 C0 C16 <wb> C37 C0 C16 C37 C0 C16 C8 C0 <wb> C28 C0 C29 C0 C19 C0 C1 C29 C0 C5 C0 C11 <wb> C28 C0 C31 C0 C36 <wb> C1 C25 C0 C16 <wb> C28 C0 C19 C0 C31 C0 C16 <wb> C28 C0 C15 C0 C1 C32 C0 <wb> C30 C0 C29 C0 C37 C0 C17 C0 C25 C0 <wb> C1 C24 C0 C23 C7 C0 C1 C24 C0 C11 <wb> C17 C0 C1 C32 C0 <wb> C15 C0 C26 C32 C0 C11
marathi_female_002344|C29 C0 C1 C17 C0 C38 C0 C1 C4 C0 C16 C31 C0 C11 C19 C0 C1 C5 C0 C16 <wb> C15 C0 C16 <wb> C30 C0 C29 C0 C37 C0 <wb> C32 C0 C38 C0 C1 C29 C0 C16 <wb> C37 C0 C38 C0 C29 C0 C33 C0 <wb> C17 C0 C1 C25 C0 C1 C29 C0 <wb> C24 C0 C1 C15 C0 C16 C23
marathi_female_002354|C0 C38 C0 C26 C8 C0 C38 C0 C11 C15 C0 C36 C24 C0 <wb> C29 C0 C1 C22 C0 C21 C0 C19 C0 C31 C0 C22 C0 C25 C0 <wb> C30 C0 C16 C32 C0 C11 C30 C0 C15 C0 <wb> C24 C0 C16 C14 C0 C1 C21 C0 C11 <wb> C32 C0 C11 <wb> C19 C0 C29 C0 C36 C25 C0 <wb> C7 C0 C29 C31 C0 C38 C0 <wb> C15 C0 C29 C7 C0 C38 C0 C1 C21 C0 C1 <wb> C37 C0 C16 C7 C0 C16 C29 C0 C25 C0 <wb> C19 C0 C29 C0 C25 C0 C1 C29 C0 C11 <wb> C15 C26 C32 C11 C23
marathi_female_002361|C22 C0 C15 C0 C25 C0 C17 C0 C11 <wb> C32 C0 C36 C23 <wb> C30 C0 C37 C0 C32 C0 C15 C5 C0 <wb> C1 C28 C0 C21 C0 C38 C0 C1 <wb> C28 C0 C32 C0 C16 C5 C0 C1 <wb> C37 C0 C8 C0 <wb> C19 C0 C11 C21 C0 C1 C30 C0
marathi_female_002371|C19 C0 C1 C38 C0 <wb> C32 C0 C36 C22 C0 C15 C0 C16 <wb> C36 C23 C7 C0 C16 C29 C0 <wb> C28 C0 C19 C0 C9 C36 <wb> C31 C0 C19 C0 C32 C0 C1
marathi_female_002374|C37 C0 C16 C31 C0 C25 C0 C36 C24 C0 C11 <wb> C17 C0 C13 C0 C24 C0 C22 C0 C26 C15 C0 C16 C24 C0 C16 <wb> C29 C0 C36 C28 C0 <wb> C8 C0 C1 C29 C0 C25 C0 <wb> C19 C0 C29 C0 C36 C24 C0 <wb> C29 C0 C1 C19 C0 C31 C0 C30 C0 C1 C23 C24 C0 C1 <wb> C12 C0 C30 C0 C37 C0 C16 C21 C0 C11 <wb> C1 C25 C0 C16 <wb> C0 C22 C0 C29 C32 C0 <wb> C7 C0 C11 C37 C0 C1 C23 C24 C0 C1 <wb> C7 C0 C16 C21 C0 C11
marathi_female_002379|C31 C0 C23 C19 C0 C29 C1 C21 C1 <wb> C22 C0 C36 C21 C0 C13 C0 C1 <wb> C18 C0 C1 C21 C0 C1 <wb> C28 C0 C1 C15 C0 C16 C17 C0 C11 <wb> C37 C0 <wb> C32 C0 C38 C0 C1 C5 C0 C38 C0 C1 <wb> C15 C1 C32 C16 C5 C0 <wb> C32 C1 C29 C0 C19 C1 C30 C36 C29 C1 C5 C1 <wb> C37 C0 C8 C0 <wb> C15 C0 C26 C16 C21 C0
marathi_female_002403|C0 C31 C0 C1 C5 C0 <wb> C28 C0 C29 C0 C19 C0 C1 C29 C0 C11 <wb> C32 C0 C38 C0 C1 C23 C5 C0 C16 <wb> C21 C0 C15 C0 C1 C24 C0 C22 C0 C26 C35 C0 C16 <wb> C19 C0 C1 C22 C0 C11 <wb> C19 C0 C29 C0 C36 C24 C0 <wb> C32 C0 C38 C0 C1 C23 C5 C0 C16 <wb> C30 C0 C11 C37 C0 C1 C5 C0 C1 C19 C0 C29 C0 C16 <wb> C19 C0 C29 C0 C16
marathi_female_002409|C17 C0 C38 C0 C37 C0 C16 C17 C0 C38 C0 <wb> C15 C0 C11 <wb> C19 C0 C31 C0 C38 C0 C28 C0 <wb> C28 C0 C29 C0 C17 C0 C1 C28 C0 C32 C0 C16 C5 C0 C16 <wb> C28 C0 C32 C0 C24 C0 C16 <wb> C7 C0 C16 C32 C0 C16 <wb> C15 C0 C16 C5 C0 C38 C0 C1 C28 C0 C26 C34 C0 C16 <wb> C15 C0 C16 C29 C0 C25 C0 C38 C0 C19 C0 C31 C0 C38 C0 C28 C0 <wb> C1 C25 C0 C16 <wb> C15 C0 C16 C29 C0 C25 C0 C38 C0 C1 C19 C0 C31 C0 <wb> C38 C0 C1 <wb> C24 C0 C1 C22 C0 C11 <wb> C17 C0 C24 C0 C22 C0 C21 C0 C11
marathi_female_002416|C13 C0 C17 C1 C30 C36 C29 C0 <wb> C29 C36 C28 C1 C23 C32 C16 C21 C0 <wb> C37 C16 C14 C24 C1 C37 C0 C29 C0 <wb> C32 C0 C36 <wb> C5 C0 C10 C0 C36 C24 C0 <wb> C32 C0 C38 C0 C1 C21 C0 C1 <wb> C32 C36 C9 C0 C37 C16 C32 C0 <wb> C15 C0 C26 C32 C0 C1 C30 C0
marathi_female_002431|C32 C0 C36 C18 C0 C38 C0 C1 <wb> C22 C0 C36 C20 C0 C1 C23 C32 C0 C36 C24 C0 <wb> C17 C0 C11 <wb> C31 C0 C3 C0 C7 C0 <wb> C3 C0 C1 C15 C0 C11 C29 C0 <wb> C28 C0 C9 C0 C21 C0 C11 <wb> C1 C15 C0 C11 C32 C0 <wb> C32 C0 C11 <wb> C0 C22 C0 C26 C14 C0 <wb> C1 C15 C0 C11 C32 C0
marathi_female_002433|C0 C22 C0 C29 C32 C0 <wb> C28 C0 C29 C0 C1 C31 C0 C24 C0 <wb> C19 C0 C29 C0 C36 C24 C0 <wb> C0 C22 C0 C29 C0 C32 C0 C37 C0 <wb> C28 C0 C29 C0 C1 C28 C0 C32 C0 <wb> C15 C0 C26 C32 C0 C1 C5 C0 <wb> C7 C0 C11 C37 C0 <wb> C13 C0 C29 C0 C37 C0 C1 C24 C0 C11 <wb> C15 C0 C16 C23 C9 C0 C36 <wb> C12 C0 C16 C29 C0 C36 <wb> C21 C0 C1 C13 C0 C21 C0 C11
marathi_female_002458|C0 C31 C0 C16 <wb> C24 C0 C37 C0 C16 <wb> C22 C0 C15 C0 C25 C0 <wb> C1 C32 C0 C1 <wb> C29 C0 C36 C10 C0 <wb> C15 C0 C26 C16 C21 C0
marathi_female_002465|C32 C0 C11 C37 C0 C15 C0 C1 <wb> C19 C0 C21 C0 C15 C0 <wb> C4 C0 C26 C17 C0 C24 C0 <wb> C31 C0 C16 C17 C0 C37 C0 C16 C25 C0 C1 C29 C0 C16 <wb> C15 C0 C37 C0 C16 <wb> C3 C0 C29 C0 C23 <wb> C19 C0 C1 <wb> C22 C0 C21 C0 C1
marathi_female_002477|C32 C0 C16 C24 C0 <wb> C19 C0 C29 C0 C26 C9 C0 <wb> C7 C0 C11 C37 C0 <wb> C15 C0 C38 C0 C1 <wb> C22 C0 C11 C21 C0 C38 C0 C1 C5 C0 C38 C0 C1 <wb> C28 C0 C29 C0 C30 C0 C23 C13 C0 C16 <wb> C13 C0 C23 C13 C0 C11 C32 C0 <wb> C30 C0 C24 C0 C1 C24 C0 <wb> C19 C0 C29 C0 C25 C0 C1 C29 C0 <wb> C1 C15 C0 C11 C32 C0
marathi_female_002504|C1 C25 C0 C16 <wb> C19 C31 C16 C29 C0 C30 C1 C29 C0 C13 C0 C29 C0 <wb> C22 C0 C23 C33 C0 C24 C1 C32 C36 C24 C0 <wb> C21 C0 C19 C0 C31 C0 C22 C0 C16 <wb> C19 C27 C30 C32 C36 C4 C0 <wb> C28 C1 C29 C16 C17 C1 C32 C0 C19 C0 <wb> C5 C0 C23 C7 C29 C0 <wb> C19 C0 C21 C28 C0 C37 C29 C19 C31 C0 <wb> C19 C1 C22 C0 C8 C11 C24 C36 <wb> C2 C29 C1 C37 C0 C32 C0 <wb> C15 C0 C32 C0 C32 C0 C16 <wb> C36 C5 C5 C0 C31 C29 C0 C37 C1
marathi_female_002507|C30 C0 C36 C29 C0 C1 <wb> C22 C0 C7 C0 C38 C0 <wb> C28 C0 C16 C36 C24 C0 <wb> C7 C0 C11 C37 C0 <wb> C30 C36 C29 C0 <wb> C18 C0 C1 C21 C0 C11
marathi_female_002517|C32 C0 C38 C0 C1 C23 C24 C0 C16 <wb> C29 C0 C11 C25 C0 C36 C19 C0 C11 C5 C0 C11 <wb> C30 C0 C1 C23 C32 C0 C37 C0 C24 C0 <wb> C19 C0 C11 C21 C0 C11 <wb> C1 C25 C0 C16 <wb> C1 C28 C0 C21 C0 C38 C0 C1 <wb> C38 C0 C27 C13 C0 C16 C19 C0 <wb> C31 C0 C19 C0 C32 C0 C16 C24 C0 C11 <wb> C17 C0 C22 C0 C7 C0 C13 C0 C24 C0 C16 C21 C0 C1 <wb> C17 C0 C16 C37 C0 C23 C32 C0 <wb> C19 C0 C11 C21 C0 C11
marathi_female_002518|C19 C0 C1 C29 C0 C32 C0 C37 C0 C16 C29 C0 C38 C0 C1 C5 C0 C1 <wb> C7 C0 C11 C15 C0 <wb> C32 C0 C38 C0 C1 <wb> C30 C0 C33 C0 C16 C32 C0 C16 C32 C0 <wb> C22 C0 C29 C32 C0 <wb> C15 C0 C26 C36 C24 C0 <wb> C17 C0 C22 C0 C16 C24 C0 C16 C37 C0 C29 C0 <wb> C1 C7 C0 C21 C0 C21 C0 C1
marathi_female_002521|C38 C0 C17 C24 C0 C19 C36 C23 C9 C1 C23 C32 C36 C24 C0 <wb> C28 C0 C29 C0 C13 C0 C34 C0 <wb> C15 C0 C26 C36 C24 C0 <wb> C0 C13 C0 C24 C0 C16 C7 C0 C11 C37 C0 C1 C24 C0 C11 <wb> C7 C0 C16 C21 C0 C11 C21 C0 C11 <wb> C28 C0 C1 C38 C0 C30 C0 C7 C0 C1 C24 C0 <wb> C14 C0 C11 C36 C24 C0 <wb> C1 C24 C0 C23 C7 C0 C1 C24 C0 C11 <wb> C32 C0 C26 <wb> C29 C1 C17 C0 C37 C1 C9 C38 C1 C23 C32 C0 <wb> C13 C0 C11 C21 C0 C1
marathi_female_002527|C24 C0 C23 C32 C0 C29 C0 <wb> C19 C0 C2 C19 C0 C11 C38 C0 C16 C30 C0 <wb> C31 C0 C23 C20 C0 <wb> C37 C0 <wb> C28 C0 C7 C0 C22 C0 C1 C5 C0 C38 C0 C1 <wb> C0 C23 C31 C0 C1 C24 C0 C11 <wb> C22 C0 C27 C19 C0 C32 C0 C16 C19 C0 <wb> C24 C0 C16 C21 C0 <wb> C37 C0 C29 C0 C25 C0 C1 C5 C0 C1 <wb> C4 C0 C29 C0 C32 C0 <wb> C17 C0 C24 C0 C22 C0 C21 C0 C1
marathi_female_002537|C21 C0 C23 C19 C0 C1 C24 C0 C13 C0 C29 C0 C16 C30 C0 C1 C29 C0 C20 C0 C23 C5 C0 <wb> C11 C19 C0 <wb> C37 C0 C16 C31 C0 C1 C21 C0 <wb> C37 C0 <wb> C30 C0 C36 C23 C7 C0 C29 C0 <wb> C30 C0 C29 C0 C26 C37 C0 C29 C0 <wb> C15 C0 C26 C32 C0 C11
marathi_female_002546|C17 C0 C24 C0 C19 C0 <wb> C29 C0 C1 C17 C0 C1 C24 C0 C11 <wb> C32 C0 C16 C21 C0 C1 <wb> C4 C0 C36 C7 C0 C11 C37 C0 C16 C24 C0 C11 <wb> C7 C0 C16 C21 C0 C11 C21 C0 C1 <wb> C28 C0 C29 C0 C30 C0 C1 C7 C0 <wb> C30 C0 C22 C0 C17 C0 C36 C24 C0 <wb> C28 C0 C29 C0 C11 C22 C0 C1 C24 C0 C11 <wb> C1 C28 C0 C21 C0 C16 <wb> C22 C0 C36 C21 C0 C13 C0 C16 <wb> C22 C0 C15 C0 C25 C0 C36 C24 C0 <wb> C36 C5 C0 C21 C0 C36 C24 C0 <wb> C14 C0 C11 C32 C0 C21 C0 C11
marathi_female_002550|C17 C0 C38 C0 C37 C16 C17 C0 C38 C1 C23 C24 C16 <wb> C28 C0 C29 C0 C32 C0 <wb> C37 C0 C16 C31 C0 C25 C0 C36 C5 C0 C38 C0 C1 <wb> C30 C0 C11 C37 C0 C11 C21 C0 C1 <wb> C21 C0 C37 C0 C19 C0 C29 C0 <wb> C15 C0 C17 C0 C29 C0 <wb> C37 C0 C15 C0 C1 C38 C0 C21 C0 C1 <wb> C38 C0 C1 C37 C0 C11
marathi_female_002557|C32 C0 C38 C0 C1 <wb> C8 C0 C19 C0 C19 C0 C38 C0 C1 C24 C0 C11 <wb> C29 C0 C1 C37 C0 C25 C0 <wb> C21 C0 C23 C19 C0 C11 C32 C0 <wb> C17 C0 C1 C36 C24 C0 <wb> C28 C0 C9 C0 C21 C0 C1
marathi_female_002559|C7 C36 C30 C0 C29 C38 C1 <wb> C7 C0 C16 C37 C0 C31 C0 C16 <wb> C3 C0 C21 C0 C16 C28 C0 C29 C0 C32 C0 C16 C28 C0 C7 C0 C1 <wb> C22 C0 C15 C0 C25 C0 C36 C24 C0 <wb> C3 C0 C21 C0 C16 C5 C0 C16 <wb> C28 C0 C36 C17 C0 C1 <wb> C15 C0 C26 C32 C0 C11
marathi_female_002572|C32 C0 C38 C0 C1 C23 C24 C0 C1 <wb> C16 C23 C7 C0 C29 C0 C1 C5 C0 C1 <wb> C22 C0 C32 C0 C30 C0 C29 C0 <wb> C37 C0 C1 C34 C0 C32 C0 <wb> C15 C0 C26 C32 C0 C1 <wb> C22 C0 C15 C0 C25 C0 C36 C24 C0 <wb> C32 C0 C38 C0 C1 C23 C24 C0 C16 <wb> C32 C0 C16 C24 C0 <wb> C22 C0 C30 C0 C32 C0 C19 C0 C1 C23 C5 C0 C38 C0 C1 <wb> C37 C0 C16 C31 C0 C37 C0 C29 C0 C36 C28 C0 C1 C5 C0 C16 <wb> C24 C0 C16 C29 C0 C22 C0 C16 C32 C0 C16 <wb> C19 C0 C11 C21 C0 C16
marathi_female_002605|C1 C17 C0 <wb> C28 C0 C25 C0 <wb> C22 C0 C21 C0 C11 C29 C0 C16 C38 C0 C1 C5 C0 C38 C0 C1 <wb> C37 C0 C16 C31 C0 C1 C25 C0 C36 C23 C5 C0 C16 <wb> C37 C0 C29 C7 C0 C8 C0 C16 <wb> C29 C0 C26 C20 C0 C36 C24 C0 <wb> C32 C0 C38 C0 C1 C5 C0 C1 <wb> C16 C21 C0 C1 C17 C0 <wb> C19 C0 C29 C0 C25 C0 C38 C0 C1 C30 C0 C1 C35 C0 C16 <wb> C19 C0 C37 C0 C16 C24 C0 C1 C16 C24 C0 C5 C0 C1 <wb> C37 C0 C1 C28 C0 C29 C0 <wb> C15 C0 C26 C32 C0 C26
marathi_female_002611|C32 C0 C38 C0 C1 C24 C0 C11 <wb> C1 C28 C0 C21 C0 C38 C0 C1 <wb> C15 C1 C32 C1 C23 C32 C16 C21 C0 <wb> C7 C0 C23 C9 C0 C1 C24 C0 C11 <wb> C22 C15 C1 C32 C1 C29 C38 C1 C5 C38 C1 <wb> C15 C1 C32 C1 C23 C32 C16 C21 C0 <wb> C3 C0 C11 C9 C0 C38 C0 C1 <wb> C32 C0 C26 C9 C0 C21 C0 C38 C0 C1
marathi_female_002617|C28 C0 C36 C31 C0 C28 C0 C1 C24 C0 C13 C0 C29 C0 C5 C0 C1 <wb> C29 C0 C1 C17 C0 C1 <wb> C30 C0 C36 C31 C0 C1 C23 C32 C0 <wb> C11 C19 C0 <wb> C30 C0 C36 C17 C0 C24 C0 <wb> C1 C25 C0 C16 <wb> C30 C0 C36 C30 C0 C37 C0 C4 C0 C1 C37 C0 C16 <wb> C29 C0 C1 C17 C0 C1 <wb> C15 C0 C26 C32 C0 C1
marathi_female_002618|C32 C0 C26 <wb> C30 C0 C1 C8 C0 C36 C23 C24 C0 C1 <wb> C7 C0 C1 C24 C0 C8 C0 C29 C0 C22 C0 <wb> C19 C0 C29 C0 C16 C32 C0 <wb> C0 C30 C0 C11 <wb> C1 C25 C0 C16 <wb> C13 C0 C36 C25 C0 C37 C0 C23 C32 C0 <wb> C19 C0 C37 C0 C16 <wb> C37 C0 <wb> C19 C0 C21 C0 C1 C19 C0 C1 C29 C0 C1 C23 C24 C0 C1 <wb> C28 C0 C36 C29 C0 C30 C0 C19 C0 C1 C29 C0 <wb> C7 C0 C11 C32 C0 <wb> C0 C30 C0 C11
marathi_female_002626|C4 C0 C16 C22 C0 C15 C0 C16 <wb> C31 C0 C1 C23 C32 C0 <wb> C37 C0 <wb> C30 C0 C1 C21 C0 C30 C0 <wb> C30 C0 C37 C0 C4 C0 C1 C37 C0 C1 C5 C0 C1 <wb> C15 C0 C26 C32 C0 C1
marathi_female_002627|C24 C16 C22 C36 C34 C0 C28 C0 C25 C11 C23 <wb> C32 C0 C26 <wb> C30 C0 C22 C0 C31 C0 C1 C24 C0 C1 C5 C0 C38 C0 C1 <wb> C7 C0 C16 C31 C0 C11 C24 C0 C11 <wb> C5 C1 C21 C36 C23 <wb> C21 C0 C1 C13 C0 C21 C0 C1
marathi_female_002636|C22 C0 C16 <wb> C0 C30 C0 C23 <wb> C28 C0 C1 C15 C0 C16 C21 C0 C23 C38 C0 <wb> C19 C0 C16 C23 <wb> C19 C0 C8 C0 C16 C19 C0 C8 C0 C16 <wb> C37 C16 C37 C11 C19 C16 <wb> C22 C1 C25 C0 C30 C11 C23 <wb> C17 C0 C38 C0 C1 C23 C5 C0 C11 <wb> C4 C0 C19 C0 C32 C0 <wb> C0 C30 C0 C32 C0 C1 C32 C0 <wb> C32 C0 C38 C0 C1 C23 C5 C0 C16 <wb> C32 C0 C11 <wb> C1 C29 C0 C1 C8 C0 C24 C0 C1 <wb> C19 C0 C29 C0 C32 C0 C1 C32 C0
marathi_female_002640|C15 C0 C11 <wb> C1 C7 C0 C16 C37 C0 C1 C30 C0 C16 <wb> C13 C0 C25 C0 C9 C0 C19 C0 C1 C22 C0 C29 C13 C0 C1 C23 C24 C0 C1 <wb> C28 C0 C1 C21 C0 C36 C24 C0 <wb> C32 C0 C38 C0 C1 C23 C5 C0 C38 C0 C1 <wb> C19 C0 C9 C0 C36 C24 C0 <wb> C31 C0 C11 C32 C0 C16 C5 C0 C16 <wb> C19 C0 C1 C22 C0 C11 <wb> C19 C0 C29 C0 C36 C24 C0 <wb> C14 C0 C11 C32 C0 <wb> C0 C30 C0 C32 C0
marathi_female_002643|C15 C0 C38 C0 C1 C37 C0 C11 C21 C0 C16 <wb> C13 C0 C25 C0 C9 C0 C19 C0 C22 C0 C29 C13 C0 <wb> C17 C0 C1 C32 C0 C16 C5 C0 C11 <wb> C7 C0 C26 C24 C0 <wb> C32 C0 C29 C0 C36 C25 C0 <wb> C37 C0 C1 C14 C0 C1 C23 C37 C0 C29 C0 <wb> C3 C0 C30 C0 C36 C24 C0 <wb> C37 C0 C11 C13 C0 C1 C24 C0 C11 <wb> C32 C0 C16 C33 C0 C11 <wb> C1 C21 C0 C11
marathi_female_002645|C19 C0 C31 C0 C32 C0 C29 C0 C16 C38 C0 <wb> C32 C0 C29 C0 C36 C25 C0 C1 C23 C24 C0 C16 <wb> C11 C19 C0 <wb> C30 C0 C16 C23 C15 C0 <wb> C28 C0 C1 C21 C0 C21 C0 C11 C21 C0 C1 <wb> C15 C0 C26 C32 C0 C1 <wb> C32 C0 C38 C0 C1 <wb> C30 C0 C16 C23 C15 C0 C1 C21 C0 C1 <wb> C37 C16 C14 C24 C11 C31 C37 C0 C29 C0 C24 C11 <wb> C9 C0 C1 C19 C0 C36 C23 C37 C0 C29 C0 C32 C0 C16 <wb> C1 C19 C0 C29 C0 C22 C0 C25 C0 <wb> C19 C0 C29 C0 C25 C0 C38 C0 C1 C30 C0 C1 C35 C0 C16 <wb> C28 C0 C36 C19 C0 C1 C29 C0 C21 C0 C11
marathi_female_002650|C13 C36 C15 C11 C23 C32 C36 C24 C0 <wb> C1 C21 C0 C11 C21 C0 C38 C0 C1 <wb> C32 C0 C38 C0 C1 <wb> C29 C0 C1 C19 C0 C31 C0 C30 C0 C16 C5 C0 C38 C0 C1 <wb> C19 C0 C16 C23 C19 C0 C1 C21 C0 C38 C0 C1 <wb> C2 C19 C0 C36 C24 C0 <wb> C32 C0 C26 <wb> C32 C0 C16 C19 C0 C9 C0 C11 <wb> C37 C0 C21 C0 C21 C0 C1
marathi_female_002676|C32 C0 C36 <wb> C17 C0 C16 C37 C0 C1 C37 C0 C29 C0 <wb> C36 C7 C0 C1 C29 C0 <wb> C15 C0 C26 C36 C24 C0 <wb> C38 C0 C1 <wb> C4 C0 C38 C0 C23 C19 C0 C29 C0 <wb> C30 C22 C0 C31 C1 C24 C1 C23 C32 C0 <wb> C11 C19 C0 C34 C0 C1 C5 C0 <wb> C5 C0 C1 C21 C0 C21 C0 C1 <wb> C1 C15 C0 C11 C30 C0
marathi_female_002680|C29 C0 C1 C17 C0 C1 C24 C0 C11 <wb> C22 C0 C23 C32 C29 C16 C13 C0 C25 C0 <wb> C37 C0 <wb> C16 C32 C0 C29 C0 <wb> C30 C0 C29 C0 C7 C1 C29 C1 C23 C3 C0 C29 C26 C3 C0 C29 C0 <wb> C37 C0 C16 C5 C0 C1 C29 C0 C37 C0 C16 C24 C0 C16 C22 C0 C38 C0 <wb> C19 C0 C11 C21 C0 C1
marathi_female_002683|C32 C0 C16 <wb> C28 C1 C23 C5 C0 <wb> C37 C0 C29 C0 C31 C0 C1 C23 C5 C0 C16 <wb> C0 C30 C0 C32 C0 C1 C24 C0 C1 <wb> C0 C19 C0 C30 C0 C22 C0 C1 C32 C0 <wb> C11 C19 C0 C1 <wb> C0 C24 C0 C26 C20 C0 C38 C0 C1 <wb> C29 C0 C26 C13 C0 C1 C24 C0 C11 <wb> C1 C17 C0 C1 C29 C0 C16 <wb> C28 C0 C9 C0 C21 C0 C16
marathi_female_002688|C21 C0 C26 C19 C0 C1 C23 C24 C0 C1 <wb> C28 C0 C29 C0 C33 C0 C22 C0 <wb> C32 C0 C26 <wb> C37 C0 C11 C9 C0 C1 <wb> C1 C15 C0 C11 <wb> C0 C30 C0 C23 <wb> C37 C0 C1 C34 C0 C32 C0 <wb> C0 C30 C0 C11
marathi_female_002690|C1 C25 C0 C16 <wb> C24 C0 C23 C32 C0 C29 C0 C5 C0 <wb> C32 C0 C38 C0 C1 C37 C0 C16 C31 C0 C38 C0 C16 C5 C0 C16 <wb> C19 C0 C1 C29 C0 C38 C0 C30 C0 C16 C7 C0 C8 C0 C16 <wb> C19 C0 C11 C21 C0 C16 <wb> C28 C0 C1 C15 C0 C16 C17 C0 C11
marathi_female_002700|C19 C0 C1 C29 C0 C25 C0 <wb> C32 C0 C16 <wb> C37 C0 C16 C7 C0 C38 C0 C1 <wb> C0 C37 C0 C13 C0 C32 C0 <wb> C19 C0 C29 C0 C36 C24 C0 <wb> C14 C0 C11 C36 C24 C0 <wb> C32 C0 C38 C0 C1 C5 C0 C1 <wb> C36 C28 C0 C38 C0 C26 C13 C0 <wb> C19 C0 C29 C0 C25 C38 C1 C23 C32 C0 <wb> C8 C0 C26 C19 C0 C11 C5 C0 <wb> C38 C0 C11 C32 C0 C1 C32 C0
marathi_female_002704|C32 C0 C11 C37 C0 C15 C0 C1 C23 <wb> C28 C0 C29 C0 C11 C32 C0 C1 C5 C0 C38 C0 C1 <wb> C1 C23 C32 C0 <wb> C21 C0 C28 C0 C21 C0 C11 C21 C0 C1 <wb> C37 C0 C11 C32 C0 C1 C21 C0 <wb> C29 C0 C1 C17 C0 C1 C21 C0 C1 <wb> C22 C0 C15 C0 C25 C0 C1 C21 C0 C1
marathi_female_002712|C32 C0 C38 C0 C1 C24 C0 C11 <wb> C18 C0 C1 C9 C0 C1 C37 C0 C29 C0 C36 C24 C0 <wb> C31 C0 C37 C0 <wb> C20 C0 C1 C21 C0 C16 <wb> C36 C32 C0 C29 C0 C37 C0 C21 C0 C11 <wb> C1 C25 C0 C16 <wb> C20 C0 C1 C23 C7 C0 C38 C0 C1 C37 C0 C29 C0 <wb> C14 C0 C11 C32 C0 C21 C0 C11
marathi_female_002721|C28 C0 C1 C25 C0 C38 C0 C1 C5 C0 C1 <wb> C11 C19 C0 <wb> C33 C0 C11 C23 C3 C0 C15 C0 C16 <wb> C24 C0 C1 C15 C0 C16 <wb> C7 C0 C16 C29 C0 C14 C0 <wb> C31 C0 C37 C0 C1 C30 C0 <wb> C14 C0 C11 C32 C0 <wb> C19 C0 C1 C21 C0 C17 C0 C16 C38 C0 C36 C19 C0 C32 C0 <wb> C30 C37 C0 C29 C1 C23 C32 C0 <wb> C3 C0 C1 C7 C0 C31 C0 C15 C0 C1 <wb> C22 C0 C15 C0 C25 C0 C1 C21 C0 C1
marathi_female_002724|C16 C32 C0 C29 C0 <wb> C7 C0 C29 C0 C3 C1 C29 C38 C1 C23 C28 C29 C0 C22 C1 C25 C11 <wb> C17 C0 C29 C0 <wb> C32 C0 C26 <wb> C13 C0 C28 C0 C28 C0 <wb> C3 C0 C30 C0 C21 C0 C1 <wb> C0 C30 C0 C32 C0 C1 <wb> C32 C0 C29 C0 <wb> C15 C0 C16 <wb> C28 C0 C29 C0 C16 C30 C0 C33 C0 C16 C32 C0 C16 <wb> C26 C10 C0 C37 C0 C21 C0 C16 <wb> C24 C0 C30 C0 C32 C0 C16
marathi_female_002725|C1 C28 C0 C25 C0 <wb> C15 C0 C16 <wb> C17 C0 C3 C0 C1 C3 C0 C7 C0 C1 C29 C0 C16 <wb> C22 C0 C1 C18 C0 C38 C0 C1 C37 C0 C29 C0 <wb> C30 C26 C23 C28 C0 C37 C0 C21 C16 <wb> C1 C15 C0 C11 C32 C0 <wb> C32 C0 C38 C0 C1 C3 C0 C7 C0 C7 C0 C21 C0 <wb> C22 C0 C16 <wb> C1 C28 C0 C21 C0 C38 C0 C1 C21 C0 C1 <wb> C8 C0 C24 C0 C38 C0 C37 C0 C1 C7 C0 <wb> C7 C0 C11 C32 C0 C26
marathi_female_002736|C32 C38 C1 C23 C22 C0 C8 C11 <wb> C29 C1 C17 C0 C37 C2 C7 C38 C0 <wb> C15 C0 C19 C0 C16 C22 C0 <wb> C17 C0 C21 C0 C16 C22 C0 <wb> C20 C1 C24 C0 <wb> C38 C0 C1 C5 C0 C1 C15 C0 C16 <wb> C30 C0 C22 C0 C1 C37 C0 C11 C31 C0 <wb> C15 C0 C26 C32 C0 C1
marathi_female_002737|C32 C0 C26 <wb> C29 C0 C1 C17 C0 C37 C0 C1 C9 C0 C38 C0 C1 C32 C0 <wb> C17 C0 C1 C25 C0 C38 C0 C1 C5 C0 C16 <wb> C32 C0 C38 C0 C1 C29 C0 C16 <wb> C19 C0 C29 C0 C16 C32 C0 <wb> C0 C30 C0 C32 C0 C1 C24 C0 C1 C5 C0 <wb> C19 C0 C1 C23 C15 C0 C16 <wb> C7 C0 C29 C0 C3 C0 C1 C29 C0 C16 <wb> C32 C0 C38 C0 C1 C5 C0 C38 C0 C1 C19 C0 C9 C0 C11 <wb> C1 C21 C0 C11
marathi_female_002744|C20 C0 C9 C0 C13 C0 C37 C0 C29 C0 C22 C0 C1 <wb> C22 C1 C23 C32 C29 C16 C19 C1 C5 C38 C1 <wb> C32 C0 C21 C0 C37 C1 C29 C16 <wb> C28 C0 C1 C30 C0 C36 C24 C0 <wb> C30 C0 C37 C0 C32 C0 C15 C21 C0 C1 <wb> C37 C1 C5 C0 C37 C0 C32 C0 <wb> C22 C0 C15 C0 C25 C0 C1 C21 C0 C1
marathi_female_002749|C32 C0 C38 C0 C1 C22 C0 C36 C21 C0 C11 <wb> C8 C0 C13 C0 C16 C24 C0 C11 <wb> C4 C0 C16 C23 C32 C0 <wb> C13 C0 C29 C0 C22 C0 <wb> C18 C0 C1 C21 C0 C16 <wb> C1 C15 C0 C11 <wb> C1 C25 C0 C16 <wb> C22 C0 C1 C18 C0 C11 <wb> C0 C23 C13 C0 <wb> C4 C0 C1 C17 C0 C32 C0 <wb> C1 C15 C0 C11
marathi_female_002750|C33 C0 C26 C9 C0 C38 C0 C1 C5 C0 <wb> C37 C11 C21 C1 C23 C32 C0 <wb> C20 C0 C26 C21 C0 C16 C5 C0 C11 <wb> C6 C0 C32 C0 <wb> C20 C0 C1 C21 C0 C16 <wb> C19 C0 C26 C30 C0 C21 C0 C25 C0 C1 C29 C0 <wb> C1 C15 C0 C11 <wb> C0 C30 C0 C23 <wb> C22 C0 C15 C0 C25 C0 C32 C0 <wb> C17 C0 C16 C37 C0 C7 C0 C24 C0 C32 C0 <wb> C22 C15 C1 C32 C1 C29 C38 C1 C17 C0 C37 C0 C21 C0 <wb> C1 C21 C0 C1
marathi_female_002753|C17 C0 C37 C0 C21 C0 <wb> C17 C0 C37 C0 C21 C0 <wb> C31 C0 C23 C4 C0 C29 C0 <wb> C37 C0 C29 C0 C31 C0 C1 C23 C28 C0 C36 C29 C0 C37 C0 C16 <wb> C24 C0 C29 C0 C22 C0 C7 C0 C1 <wb> C24 C0 C7 C0 C16 C5 C0 C38 C0 C1 <wb> C19 C0 C1 C35 C0 C1 C17 C0 C37 C0 C21 C0 C16 C21 C0 <wb> C17 C0 C23 C13 C0 C21 C0 C1 C32 C0 <wb> C1 C7 C0 C16 C37 C0 C1 C30 C0 C16 <wb> C21 C0 C26 C19 C0 <wb> C29 C0 C1 C15 C0 C1 C32 C0 <wb> C15 C0 C26 C32 C0 C11
marathi_female_002763|C32 C0 C26 <wb> C4 C0 C1 C21 C0 C1 <wb> C30 C0 C16 C23 C15 C0 C1 C28 C0 C1 C30 C0 C36 C24 C0 <wb> C12 C0 C36 C34 C0 C4 C0 C29 C0 <wb> C0 C23 C32 C0 C29 C0 C1 C37 C0 C29 C0 <wb> C17 C0 C1 C36 C24 C0 <wb> C17 C0 C22 C0 C16 C24 C0 C16 C37 C0 C29 C0 <wb> C28 C0 C9 C0 C21 C0 C1
marathi_female_002772|C32 C0 C38 C0 C1 C21 C0 C1 <wb> C7 C0 C16 C30 C0 C21 C0 C11 <wb> C19 C0 C16 <wb> C11 C19 C0 <wb> C19 C0 C1 C21 C0 C16 <wb> C19 C0 C4 C0 C16 C24 C0 C24 C0 <wb> C15 C0 C16 C9 C0 C16 C30 C0 <wb> C29 C0 C1 C19 C0 C31 C0 C30 C0 C16 <wb> C32 C0 C38 C0 C1 C23 C5 C0 C38 C0 C1 C19 C0 C9 C0 C11 <wb> C8 C0 C1 C37 C0 C32 C0 <wb> C38 C0 C11 C32 C0 C11 <wb> C1 C15 C0 C11
marathi_female_002774|C15 C0 C16 <wb> C19 C0 C26 C25 C0 C16 <wb> C29 C0 C1 C19 C0 C31 C0 C30 C0 C16 <wb> C19 C0 C16 C23 C37 C0 C1 <wb> C9 C0 C26 C23 C13 C0 C29 C0 C16 <wb> C21 C0 C1 C37 C0 C30 C0 C34 C0 <wb> C1 C15 C0 C11 <wb> C19 C0 C16 <wb> C19 C0 C1 C38 C0
marathi_female_002786|C17 C0 C16 C37 C0 <wb> C13 C0 C36 C29 C0 C36 <wb> C4 C0 C21 C0 C21 C0 C36 C19 C0 <wb> C1 C25 C0 C16 <wb> C32 C0 C38 C0 C1 C5 C0 C38 C0 C1 <wb> C34 C0 C26 C21 C0 C16 C5 C0 C1 <wb> C19 C0 C1 C23 C15 C0 C16 <wb> C28 C0 C32 C0 C32 C0 C1 <wb> C21 C0 C1 C13 C0 C32 C0 <wb> C24 C0 C1 C15 C0 C16
marathi_female_002792|C17 C0 C22 C0 C11 C21 C0 <wb> C32 C0 C11 C37 C0 C10 C0 C38 C0 C1 <wb> C21 C0 C37 C0 C19 C0 C29 C0 <wb> C32 C0 C38 C0 C1 C23 C24 C0 C1 <wb> C22 C0 C1 C29 C0 C36 C24 C0 <wb> C32 C0 C38 C0 C1 C21 C0 C1 <wb> C32 C0 C11 C33 C0 C36 C24 C0 <wb> C24 C0 C16 C14 C0 C36 C24 C0 <wb> C17 C0 C1 C38 C0 C5 C0 C11 <wb> C15 C0 C26 C32 C0 C11
marathi_female_002835|C19 C0 C11 C38 C0 C36 C29 C0 <wb> C29 C0 C1 C17 C0 C38 C0 C1 C5 C0 C38 C0 C1 <wb> C30 C0 C11 C24 C0 C1 C28 C0 C32 C0 C16 C5 C0 C1 <wb> C0 C19 C0 C1 C21 C0 C16 <wb> C22 C0 C29 C32 C0 C38 C0 C36 <wb> C18 C0 C1 C21 C0 C1
marathi_female_002837|C28 C0 C1 C36 C30 C0 <wb> C28 C0 C9 C0 C32 C0 <wb> C24 C0 C1 C15 C0 C16 <wb> C32 C0 C26 C28 C0 C29 C0 C38 C0 C23 C32 C0 <wb> C0 C31 C0 C16 C5 C0 <wb> C28 C0 C29 C0 C16 C30 C0 C33 C0 C16 C32 C0 C16 <wb> C29 C0 C1 C15 C0 C16 C21 C0 <wb> C17 C0 C15 C26 C23 C28 C0 C24 C15 C26 C23
marathi_female_002844|C32 C0 C38 C0 C1 <wb> C3 C0 C26 C21 C0 C25 C0 C38 C0 C1 C37 C0 C29 C0 <wb> C0 C30 C0 C37 C0 C21 C0 C1 C5 C0 C11 <wb> C19 C0 C1 C32 C0 C9 C0 C11 <wb> C28 C0 C1 C23 C14 C0 C29 C0 C21 C0 C11 C21 C0 C1 <wb> C22 C0 C1 C25 C0 C36 C30 C0 <wb> C17 C0 C26 C29 C0 C1 C24 C0 C11 <wb> C15 C0 C23 C30 C1 C38 C0 C21 C1 <wb> C21 C0 C1 C13 C0 C21 C0 C1 <wb> C1 C25 C0 C16 <wb> C22 C0 C15 C0 C25 C0 C1 C21 C0 C1
marathi_female_002847|C32 C0 C38 C0 C1 C24 C0 C11 <wb> C19 C0 C1 C23 C15 C0 C16 <wb> C19 C0 C35 C0 C26 C29 C0 <wb> C28 C0 C29 C0 C16 C31 C0 C29 C0 C22 C0 <wb> C19 C0 C11 C21 C0 C11 <wb> C24 C0 C1 C15 C0 C16 C32 C0 <wb> C28 C0 C25 C0 <wb> C32 C0 C38 C0 C1 C24 C0 C11 <wb> C5 C0 C22 C0 C32 C0 C19 C0 C1 C29 C0 <wb> C14 C0 C9 C0 C37 C0 C21 C0 C11
marathi_female_002858|C1 C28 C0 C21 C0 C38 C0 C1 <wb> C17 C16 C37 C1 C5 C16 C30 C36 C7 C8 C1 C23 <wb> C28 C0 C29 C0 C37 C0 C1 <wb> C24 C0 <wb> C19 C0 C29 C0 C32 C0 C1 <wb> C32 C0 C36 <wb> C15 C0 C11 <wb> C30 C0 C1 C15 C0 C30 C0 <wb> C19 C0 C29 C0 C32 C0 C26 <wb> C1 C15 C0 C11 C30 C0
marathi_female_002860|C32 C0 C30 C0 C11 <wb> C0 C30 C0 C11 C21 C0 <wb> C32 C0 C29 C0 <wb> C32 C0 C36 <wb> C0 C32 C0 C16 C31 C0 C38 C0 <wb> C30 C0 C1 C37 C0 C8 C0 <wb> C0 C30 C0 C1 C38 C0 C21 C0 C1 <wb> C15 C0 C37 C0 C11 C30 C0
marathi_female_002877|C22 C0 C13 C0 <wb> C7 C0 C29 C0 C3 C0 C1 C29 C0 C16 <wb> C24 C0 C16 C14 C0 C36 C24 C0 <wb> C13 C0 C11 C21 C0 C11 <wb> C37 C0 <wb> C15 C0 C19 C0 C16 C22 C0 C24 C0 C11 <wb> C29 C0 C1 C17 C0 C37 C0 C1 C9 C0 C38 C0 C1 C19 C0 C9 C0 C11 <wb> C8 C0 C1 C37 C0 <wb> C14 C0 C11 C32 C0 C21 C0 C16
marathi_female_002878|C32 C0 C38 C0 C1 C24 C0 C11 <wb> C28 C1 C38 C1 C28 C1 C30 C36 C24 C0 <wb> C13 C0 C21 C38 C1 C28 C0 C29 C38 C0 C23 C32 C0 <wb> C11 C19 C0 <wb> C24 C0 C19 C0 C31 C0 C16 C7 C0 C1 C29 C0 <wb> C17 C0 C1 C9 C0 <wb> C7 C36 C21 C0 C16 <wb> C28 C1 C23 C14 C0 C29 C0 C21 C16 <wb> C15 C0 C26 C32 C0 C16
marathi_female_002883|C37 C16 C29 C0 C28 C36 C29 C0 <wb> C29 C0 C1 C17 C0 C1 C5 C0 C38 C0 C1 <wb> C28 C0 C29 C0 C1 C25 C0 C16 C30 C0 C23 C13 C0 C29 C0 C15 C0 C1 C21 C0 C38 C0 C1 C5 C0 C38 C0 C1 <wb> C0 C8 C16 C19 C1 C29 C38 C1 <wb> C17 C0 C37 C0 C21 C0 <wb> C1 C32 C0 C1 <wb> C19 C0 C11 C37 C0 C21 C0 <wb> C30 C0 C1 C32 C0 <wb> C30 C0 C2 C24 C0 C16 C19 C0 <wb> C36 C29 C0 C21 C0 C11 <wb> C15 C0 C26 C32 C0 C11
marathi_female_002886|C1 C28 C0 C21 C0 C38 C0 C1 <wb> C22 C0 C16 C31 C0 C1 C23 C37 C0 C29 C0 <wb> C15 C0 C1 C32 C0 <wb> C12 C0 C16 C29 C0 C37 C0 C16 C32 C0 <wb> C31 C0 C9 C0 C9 C0 C36 <wb> C35 C0 C26 C19 C0 C32 C0 <wb> C32 C0 C11 <wb> C26 C29 C0 C9 C0 C21 C0 C11
marathi_female_002890|C15 C0 C11 <wb> C21 C0 C19 C0 C31 C0 C1 C32 C0 <wb> C35 C0 C11 C37 C0 <wb> C19 C0 C16 <wb> C29 C0 C36 C28 C0 <wb> C3 C0 C7 C0 C21 C0 C32 C0 <wb> C0 C30 C0 C32 C0 C1 C32 C0
marathi_female_002898|C19 C0 C1 C23 C15 C0 C16 C15 C0 C16 <wb> C24 C0 <wb> C3 C0 C26 C21 C0 C32 C0 C1 <wb> C1 C22 C0 C15 C0 C16 <wb> C0 C24 C36 C24 C16 C29 C37 C0 C21 C1 <wb> C38 C0 C11 C36 C24 C0 <wb> C28 C26 C23 C5 C0 C21 C26 <wb> C15 C0 C26 C32 C0 C26 <wb> C15 C0 C11 <wb> C22 C0 C21 C0 C1 <wb> C30 C0 C22 C0 C17 C0 C21 C0 C23
marathi_female_002900|C28 C0 C25 C0 <wb> C32 C0 C38 C0 C1 <wb> C26 C21 C0 C38 C0 C1 <wb> C0 C23 C8 C0 C1 C29 C0 C37 C0 C1 C34 C0 C1 C23 C37 C0 C29 C0 C32 C0 C16 <wb> C22 C0 C1 C18 C0 C38 C0 C1 C30 C0 C1 C35 C0 C16 <wb> C19 C0 C1 C38 C0 <wb> C37 C0 C1 C10 C0 C36 C24 C0 <wb> C35 C0 C11 C37 C0 C21 C0 C11 C21 C0 C11 <wb> C0 C30 C0 C11 C21 C0
marathi_female_002902|C22 C0 C21 C0 C1 <wb> C37 C0 C1 C34 C0 C21 C0 C23 <wb> C19 C0 C16 <wb> C28 C0 C1 C25 C0 C16 <wb> C22 C0 C1 C18 C0 C38 C0 C1 <wb> C15 C0 C1 C32 C0 C1 <wb> C20 C0 C1 C21 C0 C16 <wb> C31 C0 C29 C0 C37 C0 C1 C30 C0 <wb> C14 C0 C11 C32 C0 <wb> C15 C0 C26 C32 C0 C11
marathi_female_002917|C3 C1 C21 C0 C28 C0 C25 C1 C28 C1 C30 C36 C24 C0 C5 C0 <wb> C32 C0 C26 <wb> C37 C0 C9 C16 C21 C0 C8 C1 C29 C38 C1 C23 C19 C0 C9 C36 C24 C0 <wb> C37 C0 C38 C0 C1 C28 C0 C1 C29 C0 C1 C5 C0 C11 <wb> C3 C0 C1 C29 C0 C19 C0 C1 C37 C0 C11 <wb> C31 C0 C16 C19 C0 C32 C0 <wb> C1 C21 C0 C1 <wb> C15 C0 C26 C32 C0 C1
marathi_female_002919|C19 C1 C31 C16 C24 C0 C13 C0 C29 C16 C23 C32 C0 <wb> C22 C0 C23 C7 C0 C22 C0 C32 C0 C16 <wb> C24 C0 C1 C23 C37 C0 C1 C5 C0 C1 <wb> C1 C25 C0 C20 C0 C16 <wb> C11 C19 C0 <wb> C37 C0 C38 C0 C1 C28 C0 C1 C29 C0 C16 <wb> C29 C0 C1 C15 C0 C1 C32 C0 <wb> C15 C0 C26 C32 C0 C1
marathi_female_002925|C17 C16 C33 C11 C23 <wb> C17 C0 C1 C16 C24 C0 <wb> C32 C16 C33 C11 C23 <wb> C22 C0 C16 <wb> C30 C0 C1 C23 C13 C0 C16 C24 C0 <wb> C32 C0 C38 C0 C1 <wb> C19 C0 C16 C23 C22 C0 C32 C0 C16 C21 C0 C1 <wb> C22 C0 C1 C21 C0 <wb> C37 C0 C16 C19 C0 C36 C24 C0 <wb> C34 C0 C1 C19 C0 C32 C0 C1 <wb> C38 C0 C11 C16 C21 C0
marathi_female_002932|C32 C0 C38 C0 C1 <wb> C7 C0 C16 C37 C0 C31 C0 C16 <wb> C32 C0 C38 C0 C1 C21 C0 C1 <wb> C22 C0 C1 C21 C0 C38 C0 C1 C23 C24 C0 C16 <wb> C12 C0 C36 C21 C0 C18 C0 C1 C9 C0 C11 C30 C0 C36 C7 C0 C8 C0 C1 <wb> C7 C0 C16 C21 C0 C16
marathi_female_002937|C11 C19 C0 <wb> C22 C0 C1 C21 C0 C16 <wb> C36 C24 C15 C1 C32 C1 C24 C15 C1 C23 C32 C0 <wb> C18 C0 C1 C9 C0 C1 C23 C24 C0 C1 <wb> C28 C0 C1 C25 C0 C16 <wb> C14 C0 C1 C21 C0 C16 C32 C0 <wb> C15 C0 C26 C32 C0 C1 <wb> C32 C0 C26 <wb> C29 C0 C1 C17 C0 C1 C21 C0 C1 <wb> C7 C0 C16 C30 C0 C21 C0 C1
marathi_female_002948|C1 C22 C0 C5 C0 C38 C0 C1 <wb> C13 C1 C23 C37 C1 C21 C1 <wb> C11 C19 C0 C1 <wb> C20 C0 C34 C0 C38 C0 C1 C21 C0 <wb> C4 C0 C36 C32 C0 C1 C24 C0 C11 <wb> C6 C0 C21 C0 C1 C38 C0 C21 C0 C1 <wb> C30 C0 C36 C29 C0 C37 C0 C1 C32 C0 <wb> C19 C0 C11 C21 C0 C16 <wb> C1 C15 C0 C11
marathi_female_002955|C28 C0 C16 C23 C17 C0 C29 C0 C1 <wb> C14 C0 C11 C36 C24 C0 <wb> C32 C0 C26 <wb> C9 C0 C26 C23 C13 C0 C29 C0 C1 C28 C0 C21 C0 C16 C19 C0 C9 C0 C5 C0 C38 C0 C1 <wb> C13 C36 C15 C11 C23 C32 C0 <wb> C1 C28 C0 C21 C0 C38 C0 C1 <wb> C14 C0 C29 C0 C16 <wb> C13 C0 C11 C21 C0 C1
marathi_female_002960|C29 C0 C1 C19 C0 C31 C0 C30 C0 C16 C25 C0 C3 C0 C1 C16 C24 C0 C11 <wb> C17 C11 C37 C15 C1 C23 <wb> C28 C1 C32 C11 C21 C38 C1 C23 C32 C0 <wb> C28 C0 C1 C15 C0 C16 C21 C0 C23 <wb> C32 C0 C11 C37 C0 C15 C0 C1 C23 <wb> C32 C0 C16 C21 C0 C1 <wb> C28 C0 C1 C25 C0 C38 C0 C1 C37 C0 C29 C0 <wb> C3 C0 C36 C9 C0 C3 C0 C36 C9 C0 C11 <wb> C7 C0 C16 C30 C0 C21 C0 C11
marathi_female_002982|C3 C0 C26 C8 C0 C16 C30 C0 C32 C0 C37 C0 C1 <wb> C22 C0 C1 C18 C0 C11 <wb> C37 C0 C1 C16 C34 C0 <wb> C7 C0 C16 C37 C0 C30 C0 <wb> C1 C21 C0 C11 <wb> C1 C15 C0 C11 C32 C0
marathi_female_002983|C38 C0 C1 <wb> C37 C16 C31 C37 C1 C30 C1 C24 C11 C5 C0 <wb> C22 C0 C16 <wb> C16 C33 C0 C37 C0 C29 C0 <wb> C1 C21 C0 C26 <wb> C1 C15 C0 C11
marathi_female_003024|C22 C0 C15 C0 C25 C0 C36 C24 C0 <wb> C4 C0 C1 C9 C0 C38 C0 C1 C2 C37 C0 C17 C0 C16 <wb> C32 C0 C26 <wb> C28 C0 C1 C9 C0 C1 C5 C0 <wb> C22 C0 C15 C0 C1 C32 C0 C1 C29 C0 C16 C21 C0 C1 <wb> C7 C0 C11 C36 C24 C0 <wb> C22 C0 C1 C21 C0 C19 C0 <wb> C24 C0 C16 C14 C0 C36 C24 C0 <wb> C13 C0 C11 C21 C0 C1
marathi_female_003030|C22 C0 C15 C0 C25 C0 C36 C24 C0 <wb> C22 C0 C36 C21 C0 C1 C5 C0 C11 <wb> C24 C1 C23 C37 C0 <wb> C28 C0 C23 C5 C0 C1 C38 C0 C36 C8 C0 <wb> C0 C30 C0 C11 C5 C0 <wb> C35 C11 C37 C0 C25 C38 C1 C23 C32 C0 <wb> C1 C21 C0 C11
marathi_female_003039|C37 C0 C1 C34 C0 C11 C32 C0 <wb> C11 C19 C0 C1 <wb> C17 C0 C1 C13 C0 C16 <wb> C32 C0 C38 C0 C1 C21 C0 C1 <wb> C32 C0 C1 C9 C0 C1 C22 C0 C1 C9 C0 C1 C11 C37 C0 C10 C0 C1 <wb> C36 C23 C5 C0 <wb> C37 C0 <wb> C0 C37 C0 C1 C10 C0 C37 C0 C38 C0 <wb> C7 C0 C11 C15 C0 C8 C0 C1 C29 C0 C16 <wb> C29 C0 C26 C22 C0 C1 C23 C5 C0 <wb> C29 C0 C1 C19 C0 C31 C0 C30 C0 <wb> C4 C0 C11 C34 C0 C21 C0 C1
marathi_female_003040|C31 C0 C16 C37 C0 C1 C38 C0 <wb> C30 C0 C29 C0 C37 C0 <wb> C0 C23 C13 C0 C1 C37 C0 C29 C0 <wb> C0 C30 C0 C37 C0 C21 C0 C1 C30 C0 C1 C29 C0 C20 C0 C11 <wb> C21 C0 C1 C23 C3 C0 <wb> C21 C0 C1 C23 C3 C0 <wb> C19 C0 C11 C30 C0 C15 C0 C16 <wb> C15 C0 C26 C32 C0 C11
marathi_female_003054|C32 C0 C38 C0 C1 C37 C0 C11 C21 C0 C16 <wb> C2 C23 C31 C0 C16 <wb> C19 C0 C26 C34 C0 C16 <wb> C37 C0 C29 C0 C1 C15 C0 <wb> C19 C0 C16 C23 C22 C0 C32 C0 C16 C5 C0 C38 C0 C1 <wb> C22 C0 C1 C21 C0 C22 C0 C32 C0 C32 C0 C11 C5 C0 C11 <wb> C32 C0 C11 <wb> C30 C0 C37 C0 C1 C22 C0 C16 <wb> C15 C0 C26 C32 C0 C11
marathi_female_003061|C32 C0 C38 C0 C1 C23 C5 C0 C38 C0 C1 <wb> C37 C1 C34 C11 C23 C37 C0 C29 C0 <wb> C11 C19 C0 <wb> C24 C0 C7 C0 C16 <wb> C21 C0 C1 C13 C0 C21 C0 C16 <wb> C32 C0 C16 <wb> C28 C0 C1 C29 C0 <wb> C19 C0 C29 C0 C36 C24 C0 <wb> C17 C0 C1 C37 C0 C38 C0 C1 C5 C0 C16 <wb> C15 C0 C26 C32 C0 C16
marathi_female_003072|C11 C19 C0 <wb> C36 C33 C0 C21 C0 <wb> C20 C0 C9 C0 C9 C0 C1 <wb> C17 C0 C22 C0 C16 C24 C0 C16 C32 C0 <wb> C20 C0 C25 C0 C25 C0 C38 C0 C1 C32 C0 <wb> C38 C0 C11 C32 C0 C26 <wb> C1 C25 C0 C16 <wb> C20 C0 C11 C21 C0 C1 C5 C0 C1 <wb> C8 C0 C38 C0 C11 C38 C0 <wb> C0 C23 C34 C0 C16 C21 C0 C1 <wb> C15 C0 C38 C0 C1 <wb> C20 C0 C9 C0 C9 C0 C38 C0 C1 C32 C0 <wb> C34 C0 C1 C19 C0 C25 C0 C38 C0 C1 C5 C0 C1 <wb> C1 C15 C0 C11
marathi_female_003073|C1 C32 C0 C1 <wb> C0 C23 C34 C0 C16 C21 C0 C1 <wb> C1 C28 C0 C21 C0 C38 C0 C1 <wb> C19 C0 C9 C0 C11 <wb> C20 C11 C5 C1 <wb> C1 C25 C0 C16 <wb> C9 C0 C1 C37 C0 C38 C0 C1 <wb> C15 C0 C1 C32 C0 C1 C5 C0 C38 C0 C1 <wb> C32 C0 C29 C17 C0 C24 C16 C24 C16 <wb> C0 C23 C34 C0 C16 C21 C0 C1 <wb> C15 C0 C37 C0 C38 C0 C1 <wb> C32 C0 C38 C0 C1 <wb> C7 C16 C31 C11 C32 C0 <wb> C17 C26 C29 C1 C24 C16 <wb> C30 C26 C9 C0 C25 C38 C1 C30 C1 C35 C16 <wb> C8 C0 C19 C0 C19 C0 C1 <wb> C7 C0 C38 C0 C1
marathi_female_003080|C15 C0 C38 C0 C1 C23 C24 C0 C1 <wb> C28 C0 C36 C24 C0 C15 C0 C1 <wb> C32 C0 C30 C0 C5 C0 <wb> C4 C0 C16 C29 C0 C19 C0 C37 C0 C36 C24 C0 <wb> C30 C0 C16 C8 C0 C38 C0 C1 <wb> C32 C0 C21 C0 C15 C0 C1 C32 C0 C1 C32 C0 <wb> C8 C0 C29 C0 C1 C38 C0 C5 C0 <wb> C0 C30 C0 C32 C0
marathi_female_003087|C21 C0 C19 C0 C31 C0 C1 C32 C0 <wb> C35 C0 C11 C37 C0 C1 <wb> C0 C23 C34 C0 C16 C21 C0 C1 <wb> C8 C0 C19 C0 C19 C0 C1 <wb> C7 C0 C11 C32 C0 C1 C24 C0 C1 <wb> C32 C0 C36 C22 C0 C5 C0 C1 <wb> C9 C0 C1 C37 C0 C1 <wb> C0 C23 C13 C0 C35 C0 C1 <wb> C7 C0 C29 C10 C0 C28 C0 C25 C0 C11 <wb> C17 C0 C22 C0 C16 C24 C0 C16 C21 C0 C1 <wb> C34 C0 C11 C19 C0 C21 C0 C11 C21 C0 C1 <wb> C0 C30 C0 C21 C0 C1 <wb> C28 C0 C1 C15 C0 C16 C17 C0 C11
marathi_female_003092|C29 C0 C1 C22 C0 C1 C24 C0 C11 <wb> C5 C0 C19 C0 C16 C32 C0 <wb> C15 C0 C26 C36 C24 C0 <wb> C8 C0 C29 C0 C22 C0 C4 C0 C29 C32 C0 <wb> C22 C36 C24 C16 C23 C24 C1 <wb> C37 C0 C16 C5 C0 C1 C29 C0 C21 C0 C11
marathi_female_003105|C1 C25 C0 C16 <wb> C32 C0 C16 <wb> C22 C0 C1 C18 C0 C38 C0 C1 C31 C0 C16 <wb> C19 C0 C8 C0 C16 C15 C0 C16 <wb> C19 C0 C35 C26 C29 C0 C28 C0 C25 C11 <wb> C37 C1 C13 C0 C21 C16 <wb> C24 C0 C1 C15 C0 C16
marathi_female_003107|C11 C19 C0 <wb> C30 C0 C36 C23 C7 C0 C29 C0 <wb> C37 C0 <wb> C0 C7 C0 C4 C0 C36 C32 C0 <wb> C14 C0 C34 C0 C24 C0 C1 <wb> C1 C17 C0 C15 C0 C16 <wb> C22 C0 C15 C0 C1 C29 C0 C1 C31 C0 C34 C0 C29 C0 C1 C32 C0 <wb> C28 C0 C29 C0 C5 C0 C21 C0 C16 C32 C0 <wb> C1 C15 C0 C11
marathi_female_003108|C19 C0 C16 C23 <wb> C17 C0 C38 C0 C1 <wb> C37 C0 C38 C0 C19 C0 C32 C0 C16 C30 C0 C1 C35 C0 C16 <wb> C32 C0 C36 <wb> C16 C32 C0 C19 C0 C11 <wb> C19 C0 C31 C0 C34 C0 <wb> C18 C11 C21 C0 C32 C26 <wb> C1 C15 C0 C11 C30 C0 <wb> C32 C0 C16 <wb> C37 C0 C38 C0 C19 C0 C32 C0 C16 <wb> C19 C0 C16 C32 C0 C16 <wb> C30 C0 C37 C0 C1 C29 C0 C33 C0 C16 <wb> C1 C15 C0 C11
marathi_female_003116|C32 C0 C38 C0 C1 C23 C5 C0 C38 C0 C1 <wb> C17 C0 C37 C0 C21 C0 <wb> C11 C19 C0 <wb> C15 C0 C17 C0 C1 C29 C0 <wb> C37 C0 C29 C0 C1 C15 C0 <wb> C11 C19 C0 <wb> C30 C0 C26 C24 C0 C38 C0 C1 C5 C0 C11 <wb> C24 C1 C25 C11 <wb> C32 C0 C38 C0 C1 C23 C5 C0 C38 C0 C1 <wb> C17 C0 C37 C0 C21 C0 <wb> C17 C0 C22 C0 C1 <wb> C18 C0 C1 C21 C0 C11
marathi_female_003119|C13 C0 C1 C23 C8 C0 C1 C29 C0 <wb> C7 C0 C11 C31 C0 C1 C5 C0 C38 C0 C1 <wb> C32 C0 C19 C0 C31 C0 C31 C0 C16 C21 C0 C1 <wb> C24 C0 C13 C0 C29 C0 C16 C32 C0 C16 C21 C0 <wb> C11 C19 C0 C1 <wb> C30 C0 C36 C28 C0 C29 C0 C30 C0 C16 C7 C0 C8 C0 <wb> C13 C0 C36 C29 C0 C36 C19 C0 C36 C21 C0 C1 C32 C0 <wb> C37 C0 C16 C7 C0 C38 C0 C1 C4 C0 C38 C0 C1 C30 C0 C1 C30 C0 C1 C35 C0 C16 <wb> C28 C0 C1 C35 C0 C37 C0 C16 C21 C0 C11
marathi_female_003122|C30 C0 C29 C0 <wb> C15 C0 C22 C12 C29 C11 <wb> C9 C11 C37 C15 C16 <wb> C30 C0 C29 C0 <wb> C15 C0 C22 C12 C29 C11 <wb> C9 C11 C37 C15 C16
marathi_female_003136|C30 C0 C23 C13 C0 C25 C0 C19 C1 C24 C11 <wb> C19 C0 C21 C0 C11 C32 C0 <wb> C28 C29 C1 C37 C16 C25 C38 C0 <wb> C22 C0 C16 C21 C0 C37 C0 C16 C25 C0 C11 <wb> C30 C0 C26 C9 C0 C1 <wb> C32 C0 C38 C0 C1 C21 C0 C1 <wb> C30 C0 C1 C8 C0 C16 <wb> C19 C0 C21 C0 C1 <wb> C30 C0 C22 C0 C17 C0 C21 C0 C16 <wb> C32 C0 C29 C0 C16 <wb> C32 C0 C38 C0 C1 C21 C0 C1 <wb> C3 C36 C8 C7 C16 C22 C1 C24 C0 <wb> C22 C15 C0 C25 C1 C37 C0 C38 C1 C30 C0 <wb> C15 C0 C37 C0 C11
marathi_female_003156|C37 C0 C1 C10 C0 C32 C0 C38 C0 C1 <wb> C27 C7 C38 C26 C13 C16 C19 C0 C29 C0 C25 C1 C22 C36 C21 C11 <wb> C22 C0 C26 C35 C0 C38 C0 C1 <wb> C31 C0 C15 C0 C29 C0 C1 C32 C0 C16 C21 C0 <wb> C21 C0 C26 C19 C0 C30 C0 C23 C20 C0 C38 C0 C1 <wb> C18 C0 C28 C0 C1 C34 C0 C38 C0 C1 C24 C0 C11 <wb> C37 C0 C1 C10 C0 C32 C0 <wb> C1 C15 C0 C11
marathi_female_003164|C32 C0 C16 <wb> C28 C36 C29 C0 C37 C16 C25 C38 C1 C30 C1 C35 C16 <wb> C22 C0 C26 C35 C0 C16 <wb> C7 C0 C36 C19 C0 C1 C24 C0 C11 <wb> C22 C26 C21 C0 <wb> C38 C0 C1 C23 C5 C0 C16 C15 C0 C16 <wb> C32 C0 C38 C0 C1 C32 C0 <wb> C4 C0 C29 C0 <wb> C28 C0 C9 C0 C32 C0 C11
marathi_female_003178|C32 C1 C29 C11 <wb> C19 C0 C1 <wb> C28 C29 C0 C19 C1 C31 C0 C32 C1 C32 C0 <wb> C38 C0 C1 C5 C0 C11 <wb> C13 C0 C36 C10 C0 <wb> C22 C0 C1 C25 C0 C30 C0 C1 C21 C0 C1 <wb> C3 C0 C29 C0 C11 C5 C0 <wb> C37 C0 C29 C0 C31 C0 C11 <wb> C28 C0 C9 C0 C21 C0 C11 C21 C0 C11 <wb> C1 C15 C0 C11
marathi_female_003184|C28 C0 C29 C0 C23 C32 C0 C36 <wb> C30 C0 C8 C0 C38 C0 C1 <wb> C28 C0 C29 C0 C32 C0 C38 C0 C11 C19 C0 <wb> C29 C1 C31 C34 C29 C1 C5 C16 <wb> C37 C16 C17 C11 C5 C16 <wb> C13 C0 C29 C0 C17 C0 <wb> C15 C0 C16 <wb> C12 C0 C1 C29 C0 C5 C0 <wb> C37 C0 C1 C10 C0 C21 C0 C16 <wb> C1 C15 C0 C11
marathi_female_003193|C22 C0 C15 C0 C25 C0 C17 C0 C11 C5 C0 <wb> C22 C0 C8 C38 C1 C24 C15 C16 <wb> C30 C33 C1 C24 C16 C38 C0 <wb> C0 C19 C31 C1 C23 C31 C1 C11 C37 C0 C10 C1 <wb> C30 C0 C36 C29 C0 C38 C0 <wb> C7 C0 C19 C0 C31 C0 C16 C25 C0 C11 C19 C0 C9 C0 C11 <wb> C19 C0 C21 C0 C21 C11 C21 C1 <wb> C0 C30 C0 C32 C0 C26
marathi_female_003195|C17 C0 C1 C9 C0 <wb> C4 C16 C23 C32 C16 C5 C1 <wb> C36 C28 C0 C38 C0 C26 C13 C0 <wb> C36 C31 C0 C25 C0 C32 C0 C1 <wb> C29 C26 C8 C0 C19 C0 <wb> C22 C0 C15 C0 C25 C0 C36 C24 C0 <wb> C19 C0 C11 C21 C0 C1 <wb> C17 C0 C1 C32 C0 C26
marathi_female_003200|C9 C16 <wb> C7 C16 C37 C38 C1 C23 C5 C38 C1 <wb> C37 C1 C28 C0 C29 C1 C22 C0 C8 C38 C11 <wb> C32 C37 C0 C29 C16 C32 C0 <wb> C30 C0 C23 C28 C0 C36 C29 C0 C25 C0 <wb> C32 C16 C37 C29 C0 C32 C11 C5 C1 <wb> C28 C0 C29 C0 C19 C0 C1 C31 C0 <wb> C22 C0 C16 C21 C0 C37 C0 C16 C32 C0 C1 <wb> C38 C0 C11 C32 C0 C26
marathi_female_003207|C11 C21 C0 <wb> C7 C16 C37 C38 C1 C23 C5 C38 C1 <wb> C37 C1 C28 C0 C29 C1 C19 C0 C29 C16 C32 C1 <wb> C17 C0 C11 C37 C0 C10 C0 C16 <wb> C36 C29 C17 C1 <wb> C21 C0 C1 C13 C0 C32 C0 C11 <wb> C32 C0 C38 C0 C1 C5 C0 C38 C0 C1 <wb> C37 C16 C30 C0 C34 C0 C19 C19 C11 <wb> C16 C32 C0 C19 C0 C38 C0 C1 <wb> C19 C0 C22 C0 C16 <wb> C36 C29 C17 C11 C5 C1 <wb> C37 C0 C1 C28 C0 C29 C0 <wb> C19 C0 C29 C36 C24 C0 C7 C11 C20 C16 C21 C0 <wb> C30 C36 C20 C0 C19 C1 C29 C0 C19 C0 <wb> C28 C0 C29 C0 C19 C0 C1 C31 C0 <wb> C22 C0 C16 C21 C0 C37 C0 C16 C25 C0 C11 <wb> C31 C0 C19 C0 C38 C0 <wb> C18 C0 C1 C21 C0 C11 <wb> C1 C15 C0 C11
marathi_female_003217|C4 C0 C1 C29 C0 C32 C0 C1 C22 C0 C8 C0 C38 C0 C11 <wb> C30 C0 C36 C8 C0 C7 C0 C1 <wb> C1 C8 C0 C36 C24 C0 C16 C19 C0 <wb> C32 C0 C23 C32 C29 C1 C5 C38 C1 <wb> C30 C0 C15 C0 C1 C38 C0 C38 C0 C1 C24 C0 C11 <wb> C30 C36 C29 C38 C0 C31 C0 C19 C32 C16 C5 C11 <wb> C28 C0 C29 C0 C19 C0 C21 C0 C28 C0 <wb> C0 C24 C0 C11 C19 C0 <wb> C35 C0 C16 C19 C0 C1 C25 C0 C16 <wb> C30 C0 C36 C29 C0 C36 <wb> C1 C15 C0 C11 C32 C0
marathi_female_003221|C7 C0 C26 C24 C0 <wb> C19 C16 C21 C26 C37 C2 C34 C0 <wb> C32 C0 C1 C30 C0 <wb> C11 C37 C0 C10 C0 C16 <wb> C36 C29 C17 C1 <wb> C7 C0 C29 C0 <wb> C5 C27 C29 C0 C30 C0 <wb> C22 C16 C34 C0 C29 C0 C21 C1 <wb> C22 C0 C16 C21 C0 C36 <wb> C31 C0 C19 C0 C32 C0 C11
marathi_female_003227|C0 C30 C0 C11 <wb> C28 C0 C33 C0 C7 C0 C29 C31 C0 C19 C0 <wb> C7 C0 C16 C37 C0 C11 <wb> C0 C32 C0 C16 C31 C0 C38 C0 <wb> C19 C0 C22 C0 C16 <wb> C28 C0 C29 C0 C19 C0 C1 C31 C0 <wb> C7 C0 C11 C32 C0 <wb> C0 C30 C0 C32 C0
marathi_female_003228|C22 C0 C36 C21 C0 C32 C0 C15 <wb> C12 C26 C30 C12 C0 C29 C0 <wb> C37 C0 <wb> C16 C28 C26 C19 C30 C16 C5 C11 <wb> C17 C0 C11 <wb> C22 C16 C31 C29 C0 C25 C0 <wb> C19 C0 C28 C0 C22 C0 C8 C38 C11 <wb> C30 C1 C35 C0 C37 C0 C25 C11 C32 C0 <wb> C38 C0 C11 C32 C0 C11 <wb> C32 C0 C38 C0 C1 C5 C0 C38 C0 C1 <wb> C13 C36 C25 C0 C8 C0 C29 C22 C1 C37 C0 C29 C0 <wb> C1 C8 C0 C1 C29 C0 C16 C32 C0 <wb> C28 C0 C29 C0 C19 C0 C1 C31 C0 <wb> C22 C16 C21 C0 C37 C0 C32 C1 <wb> C38 C0 C11 C32 C0 C26
marathi_female_003233|C28 C0 C29 C0 C13 C0 C32 C0 C16 C5 C0 C1 <wb> C11 C19 C0 <wb> C0 C37 C0 C16 C4 C0 C1 C17 C0 C38 C0 <wb> C14 C0 C34 C0 C19 C0 <wb> C0 C30 C0 C25 C0 C1 C29 C0 C1 <wb> C3 C1 C23 C8 C0 C19 C1 C22 C0 C16 C22 C1 C29 C0 C32 C0 <wb> C15 C0 C1 <wb> C37 C16 C4 C1 C13 C0 <wb> C28 C0 C29 C38 C1 C37 C0 C29 C0 C25 C1 C30 C0
marathi_female_003234|C4 C0 C37 C0 C16 C31 C0 C38 C0 C1 C32 C0 <wb> C0 C30 C0 C11 <wb> C20 C0 C29 C0 C26 C20 C0 C29 C0 C16 C5 C0 <wb> C14 C0 C9 C0 C21 C0 C11 <wb> C32 C0 C29 C0 <wb> C19 C0 C1 C38 C0 <wb> C15 C0 C26 C16 C21 C0
marathi_female_003236|C29 C0 C30 C32 C38 C1 C23 C5 C1 <wb> C37 C0 C1 C28 C0 C29 C0 <wb> C28 C0 C29 C0 C1 C22 C0 C36 C20 C0 C38 C0 C1 C24 C0 C11 <wb> C12 C0 C19 C0 C32 C0 <wb> C37 C0 C30 C0 C32 C0 C36 C23 C5 C0 C16 <wb> C37 C0 C1 C15 C0 C32 C0 C36 C19 C0 <wb> C19 C0 C29 C0 C25 C38 C1 C30 C1 C35 C16 C5 C0 <wb> C15 C0 C26 C16 C21 C0
marathi_female_003239|C38 C0 C1 C32 C0 C16 C21 C0 <wb> C20 C1 C29 C16 C5 C1 <wb> C37 C0 C1 C34 C0 C1 <wb> C28 C0 C29 C0 C32 C0 C38 C0 C11 C19 C0 C1 C24 C0 C11 <wb> C1 C28 C0 C1 C28 C0 C21 C0 C38 C0 C1 <wb> C28 C0 C29 C0 C16 C24 C0 C11 <wb> C36 C5 C0 C21 C1 C38 C0 C21 C1 C5 C0 <wb> C15 C0 C37 C0 C1
marathi_female_003241|C7 C0 C11 C31 C0 C1 C5 C0 C16 <wb> C29 C1 C31 C34 C29 C1 C5 C16 <wb> C17 C0 C13 C1 C5 C16 <wb> C28 C0 C29 C38 C1 C38 C1 C24 C11 <wb> C22 C0 C1 C24 C0 C37 C0 C1 C5 C0 C38 C0 C1 <wb> C28 C29 C0 C13 C0 C32 C16 C32 C16 C21 C0 <wb> C11 C19 C0 <wb> C22 C0 C36 C20 C0 C38 C0 <wb> C14 C0 C34 C0 C19 C0 C22 C1 C8 C38 C0 C22 C0 <wb> C22 C0 C15 C0 C25 C0 C17 C0 C11 <wb> C17 C0 C22 C0 C16 C24 C0
marathi_female_003243|C16 C22 C1 C29 C0 C32 C16 C5 C16 <wb> C29 C0 C5 C0 C24 C0 C1 <wb> C3 C0 C1 C23 C8 C0 C19 C0 C1 C22 C0 <wb> C37 C0 <wb> C37 C0 C1 C28 C0 C29 C0 <wb> C38 C1 C30 C0 C13 C0 C21 C38 C1 C23 C5 C1 <wb> C11 C19 C0 C32 C29 C16 C32 C0 C28 C0 C25 C11 <wb> C28 C0 C29 C38 C1 C37 C0 C29 C0 C25 C1 C37 C0 C29 C0 <wb> C15 C0 C26 C25 C0 C1 C29 C0 C1 <wb> C28 C0 C29 C0 C16 C25 C0 C1 C22 C0 <wb> C0 C32 C0 C16 C31 C0 C38 C0 <wb> C22 C0 C15 C0 C32 C0 C37 C0 C1 C5 C0 C1 <wb> C35 C0 C29 C0 C32 C0 <wb> C1 C15 C0 C11
marathi_female_003247|C38 C0 C1 <wb> C30 C0 C13 C0 C21 C38 C1 C23 C5 C11 <wb> C22 C0 C15 C0 C32 C0 C37 C0 <wb> C37 C0 C11 C13 C0 C21 C0 C38 C0 C1 <wb> C28 C0 C7 C0 C8 C0 C32 C0 C16 C24 C0 C11 <wb> C17 C0 C1 C25 C0 C37 C0 C36 <wb> C21 C0 C1 C13 C0 C21 C0 C11 <wb> C1 C15 C0 C11
marathi_female_003256|C20 C26 C21 C0 C13 C0 C34 C0 <wb> C17 C0 C22 C0 C16 C24 C0 C16 C37 C0 C29 C0 <wb> C19 C0 C5 C0 C29 C0 C1 <wb> C37 C0 <wb> C22 C0 C1 C32 C0 C16 C5 C0 C11 <wb> C33 C0 C29 C0 <wb> C34 C0 C1 C19 C0 C36 C24 C0 <wb> C29 C26 C21 C16 C23 C13 C0 <wb> C19 C0 C29 C0 C25 C0 C11
marathi_female_003258|C32 C0 C38 C0 C1 <wb> C22 C0 C1 C24 C0 C1 C24 C0 C11 <wb> C19 C0 C5 C0 C29 C0 C1 <wb> C28 C0 C29 C0 C19 C0 C29 C0 C16 C38 C0 C1 <wb> C37 C0 <wb> C37 C16 C21 C15 C11 C37 C1 C34 C16 C30 C1 C35 C16 <wb> C0 C13 C0 C7 C0 C16 <wb> C19 C0 C22 C0 C16 <wb> C20 C0 C29 C0 C5 C0 <wb> C19 C0 C11 C21 C0 C1 <wb> C17 C0 C1 C32 C0 C26
marathi_female_003260|C28 C0 C29 C38 C1 C37 C0 C29 C0 C25 C1 C32 C16 C21 C0 <wb> C0 C30 C0 C22 C0 C32 C26 C21 C0 <wb> C37 C0 <wb> C28 C0 C29 C38 C1 C38 C1 C24 C11 <wb> C14 C0 C9 C0 C32 C0 <wb> C5 C0 C1 C21 C0 C21 C0 C11 C21 C0 C11 <wb> C0 C24 C0 C11 C19 C0 <wb> C28 C0 C29 C0 C38 C0 C26 C13 C0 <wb> C38 C0 C1 C32 C0 C36 C24 C0 <wb> C22 C0 C24 C36 C31 C38 C1 C5 C16 <wb> C17 C16 C37 C0 C24 C0 C31 C2 C21 C16 C5 C0 <wb> C1 C22 C36 C21 C1 C13 C29 C0 <wb> C3 C0 C7 C0 C21 C0 C32 C0 <wb> C1 C15 C0 C11
marathi_female_003264|C28 C0 C25 C0 <wb> C38 C0 C1 <wb> C28 C0 C8 C0 C7 C0 C32 C0 C16 <wb> C20 C0 C29 C5 C16 C19 C0 <wb> C1 C25 C0 C16 <wb> C8 C26 C19 C1 C7 C1 C38 C0 C19 C0 C15 C16 <wb> C1 C15 C0 C11 C32 C0
marathi_female_003270|C1 C17 C0 <wb> C19 C0 C26 C21 C0 C30 C0 C1 <wb> C15 C0 C1 <wb> C29 C0 C11 C21 C0 C37 C0 C11 <wb> C16 C23 C17 C0 C16 C24 C0 <wb> C1 C25 C0 C16 <wb> C1 C13 C0 C3 C26 C34 C16 C32 C0 <wb> C37 C0 C1 C28 C0 C29 C0 C21 C0 C1 <wb> C17 C0 C1 C32 C0 C26
marathi_female_003273|C28 C0 C29 C0 C23 C32 C0 C36 <wb> C15 C0 C11 <wb> C36 C29 C17 C1 C30 C32 C29 C26 C32 C0 <wb> C28 C29 C0 C5 C0 C21 C16 C32 C0 <wb> C15 C0 C26 C25 C0 C38 C0 C1 C30 C0 C1 C35 C0 C16 <wb> C0 C17 C0 C36 C24 C0 <wb> C3 C0 C29 C0 C11 C5 C0 <wb> C30 C0 C23 C31 C0 C26 C8 C0 C24 C0 <wb> C19 C0 C29 C0 C1 C37 C0 C11 <wb> C21 C0 C1 C13 C0 C25 C0 C1 C29 C0 <wb> C1 C15 C0 C11
marathi_female_003279|C22 C0 C1 C32 C0 C29 C0 <wb> C15 C0 C37 C0 C1 C22 C0 C1 C24 C0 <wb> C22 C26 C30 C0 C22 C0 <wb> C37 C0 <wb> C30 C0 C33 C0 C1 C24 C0 <wb> C38 C1 C24 C36 C30 C1 C29 C0 <wb> C38 C0 C1 C32 C0 <wb> C3 C0 C7 C0 C21 C0 <wb> C15 C0 C26 C32 C0 C26
marathi_female_003285|C19 C0 C1 C15 C0 C16 <wb> C0 C8 C16 C19 C1 C38 C1 C5 C38 C1 <wb> C37 C0 <wb> C22 C0 C23 C32 C0 C29 C0 C38 C0 C1 C23 C5 C0 C38 C0 C1 <wb> C19 C1 C29 C38 C1 C21 C0 C38 C1 C32 C16 C21 C0 <wb> C34 C0 C38 C36 C3 C0 <wb> C7 C0 C16 C37 C0 C30 C0 C1 <wb> C36 C17 C11 C9 C16 C15 C16 <wb> C0 C24 C0 C37 C0 C8 C1 C24 C1 C24 C11 <wb> C17 C0 C21 C0 C32 C0 <wb> C0 C30 C0 C32 C0 C1 C32 C0
marathi_female_003287|C0 C31 C0 C1 <wb> C9 C1 C38 C26 C9 C0 <wb> C28 C0 C1 C30 C0 C36 C24 C0 <wb> C37 C16 C7 C38 C36 C32 C0 <wb> C28 C0 C29 C0 C19 C0 C1 C31 C0 <wb> C22 C16 C21 C0 C37 C0 C32 C1 <wb> C38 C0 C11 C32 C0 C26 <wb> C15 C0 C11 <wb> C32 C0 C23 C32 C0 C29 C0 C17 C0 C24 C0 C1 C24 C0 <wb> C0 C21 C0 C16 C19 C0 C9 C0 C11 <wb> C28 C0 C29 C0 C13 C0 C32 C0 <wb> C18 C0 C1 C21 C0 C11 <wb> C1 C15 C0 C11
marathi_female_003288|C9 C16 <wb> C32 C0 C23 C32 C29 C0 C17 C24 C1 C24 C1 C22 C36 C21 C11 <wb> C15 C0 C1 <wb> C7 C0 C26 C31 C0 <wb> C19 C0 C1 C10 C0 C36 C24 C0 <wb> C34 C0 C1 C19 C0 C25 C0 C11 <wb> C31 C0 C19 C0 C38 C0 <wb> C18 C0 C1 C21 C0 C11 <wb> C1 C15 C0 C11
marathi_female_003292|C4 C1 C29 C0 C32 C16 C38 C1 C23 C24 C16 C23 <wb> C19 C0 C11 C21 C0 C11 C21 C0 C38 C0 C1 <wb> C37 C16 C17 C24 C1 C24 C26 C28 C1 C30 C0 C24 C11 C23 C32 C0 <wb> C0 C32 C0 C38 C0 C23 C32 C0 <wb> C29 C0 C11 C20 C0 C16 C37 C0 <wb> C0 C30 C11 C23 <wb> C31 C0 C1 C30 C0 C32 C0 C29 C0 <wb> C17 C0 C29 C0 <wb> C19 C0 C26 C25 C0 C32 C0 C11 <wb> C15 C1 C32 C1 C21 C0 C21 C11 C23 <wb> C0 C30 C0 C11 C21 C0 <wb> C32 C0 C29 C0 <wb> C32 C11 C23 <wb> C13 C0 C25 C16 C32 C0 <wb> C31 C0 C1 C30 C0 C32 C0 C29 C0 <wb> C15 C0 C11 C23 <wb> C15 C0 C26 C38 C0
marathi_female_003317|C0 C30 C0 C1 <wb> C30 C36 C29 C38 C0 C28 C29 C0 C19 C1 C31 C0 <wb> C19 C0 C22 C0 C16 <wb> C32 C1 C28 C0 C22 C1 C24 C1 C5 C1 <wb> C37 C0 <wb> C0 C8 C0 C16 C19 C0 <wb> C1 C21 C0 C15 C0 C1 C7 C0 C7 C0 C1 C38 C0 C19 C0 <wb> C0 C30 C0 C32 C26 C5 C0 <wb> C28 C0 C25 C0 <wb> C22 C0 C36 C20 C0 C38 C0 <wb> C22 C0 C15 C0 C25 C0 C17 C0 C11 <wb> C38 C0 C1 C22 C0 C36 C21 C0 C11 <wb> C37 C16 C17 C11 C5 C38 C1 <wb> C20 C0 C29 C0 C5 C0 C1 C32 C0 <wb> C20 C0 C36 C28 C0 C5 C0 <wb> C3 C0 C5 C0 C32 C0 <wb> C15 C0 C26 C32 C0 C11
marathi_female_003325|C28 C0 C29 C0 C7 C11 C31 C1 C22 C0 C8 C38 C11 <wb> C28 C26 C37 C0 C29 C0 <wb> C28 C21 C2 C34 C0 <wb> C30 C0 C36 C29 C0 C38 C0 <wb> C37 C16 C17 C11 C37 C0 C29 C0 <wb> C5 C1 C21 C0 C25 C1 C29 C11 <wb> C12 C29 C16 C17 C0 <wb> C30 C36 C29 C38 C0 C37 C16 C17 C0 <wb> C19 C0 C11 C23 C7 C0 C29 C0 C11 <wb> C16 C32 C0 C38 C0 C1 C7 C0 C16 <wb> C37 C0 C1 C28 C0 C29 C0 C1 C32 C0 <wb> C1 C21 C0 C11 <wb> C1 C15 C0 C11 C32 C0
marathi_female_003331|C28 C0 C29 C0 C16 C31 C0 C7 C0 <wb> C22 C36 C23 C3 C0 C16 C30 C0 <wb> C30 C0 C36 C29 C0 C36 <wb> C18 C0 C1 C21 C0 C38 C0 C1 C37 C0 C29 C0 <wb> C21 C0 C37 C0 C19 C0 C29 C0 C5 C0 <wb> C22 C0 C15 C0 C1 C29 C0 C1 C31 C0 C34 C0 C29 C0 C1 C32 C0 <wb> C37 C0 <wb> C22 C0 C15 C1 C29 C1 C31 C34 C29 C1 C3 C1 C15 C11 C29 C0 <wb> C28 C0 C29 C16 C31 C0 C7 C11 C5 C38 C1 <wb> C31 C1 C20 C1 <wb> C37 C0 <wb> C37 C16 C4 C1 C13 C0 <wb> C30 C0 C36 C29 C0 C36 <wb> C18 C0 C1 C21 C0 C11
marathi_female_003336|C24 C38 C36 C34 C0 C24 C0 C5 C11 <wb> C13 C0 C32 C16 C37 C16 C31 C0 C38 C0 C19 C0 <wb> C32 C0 C16 C24 C0 <wb> C24 C0 C16 C38 C0 C22 C0 <wb> C1 C17 C0 C5 C0 C38 C0 C1 <wb> C0 C37 C0 C19 C1 C31 C0 C38 C36 C13 C1 C32 C0 <wb> C28 C29 C33 C37 C16 C37 C0 C29 C36 C24 C0 <wb> C0 C23 C32 C0 C29 C0 C1 C21 C0 C1 C32 C0 <wb> C18 C11 C28 C1 C37 C0 C25 C1 C38 C1 <wb> C0 C13 C24 C16 C3 C1 C25 C1 C5 C38 C1 <wb> C36 C9 C9 C1 C25 C1 C32 C0 <wb> C28 C0 C1 C38 C0 C1 C4 C0 C36 C32 C0 <wb> C22 C0 C15 C0 C32 C0 C32 C0 C37 C0 C1 C5 C0 C11 <wb> C1 C15 C0 C11 C32 C0
marathi_female_003342|C38 C0 C1 C30 C0 C1 C35 C0 C16 <wb> C21 C0 C1 C13 C0 C25 C0 C1 C29 C0 C16 <wb> C30 C0 C1 C8 C0 C24 C0 <wb> C30 C1 C22 C36 C13 C29 C16 <wb> C22 C0 C24 C36 C31 C38 C0 C3 C0 C21 C0 <wb> C37 C0 <wb> C1 C29 C0 C33 C0 C16 C19 C0 <wb> C32 C0 C29 C0 C32 C0 C36 C7 C0 <wb> C3 C0 C15 C0 C36 C32 C0 C11 C19 C0 <wb> C24 C0 C13 C0 C29 C0 C28 C1 C21 C16 C19 C1 C23 C5 C38 C1 <wb> C1 C37 C1 C19 C38 C1 C3 C1 C15 C11 C29 C0 C5 C16 <wb> C13 C0 C26 C31 C0 C34 C0 <wb> C0 C30 C0 C32 C0 C11
marathi_female_003345|C32 C0 C38 C0 C1 C32 C0 <wb> C30 C0 C29 C0 C37 C0 C1 C23 C24 C0 C16 <wb> C36 C32 C30 C12 C36 C29 C32 C0 C28 C0 C25 C11 <wb> C30 C0 C15 C0 C4 C0 C1 C13 C0 <wb> C14 C0 C11 C25 C0 C11 <wb> C1 C37 C0 C31 C0 C38 C0 C19 C0 <wb> C1 C15 C0 C11
marathi_female_003361|C37 C16 C31 C37 C0 C29 C0 C5 C0 C24 C11 C23 C32 C16 C21 C0 <wb> C37 C0 C29 C32 C36 C21 C1 C32 C22 C0 C19 C0 <wb> C13 C0 C32 C16 C5 C38 C1 <wb> C19 C0 C21 C0 C28 C0 C24 C0 C11 C21 C0 C1 <wb> C8 C0 C19 C0 C19 C0 C1 <wb> C7 C0 C11 C25 C0 C38 C0 C1 C5 C0 C11 <wb> C31 C29 C11 C38 C0 <wb> C4 C0 C1 C29 C0 C32 C0 C16 C38 C0 C1 C23 C24 C0 C1 <wb> C22 C16 C21 C0 C32 C11 C23
marathi_female_003373|C11 C19 C0 <wb> C31 C0 C11 <wb> C7 C0 C26 C24 C0 <wb> C28 C16 C32 C0 C21 C11 C5 C38 C1 <wb> C4 C0 C1 C23 C9 C0 C38 C0 C1 C32 C0 <wb> C32 C1 C19 C0 <wb> C19 C0 C21 C0 C19 C0 C32 C11 <wb> C22 C0 C1 C32 C0 C29 C0 <wb> C19 C0 C21 C15 C0 C16 <wb> C21 C0 C1 C37 C0 C21 C0 C11 C21 C0 C38 C0 C1 <wb> C4 C0 C1 C23 C9 C0 C38 C0 C1 C32 C0 <wb> C32 C0 C11 <wb> C19 C0 C21 C0 C19 C0 C32 C0 <wb> C24 C0 C1 C15 C0 C16
marathi_female_003382|C22 C0 C15 C0 C25 C0 C17 C0 C11 <wb> C19 C0 C1 C15 C0 C16 <wb> C14 C0 C34 C0 C24 C0 C1 <wb> C14 C0 C9 C0 C21 C0 C16 <wb> C19 C0 C16 <wb> C32 C0 C38 C0 C1 <wb> C30 C0 C23 C7 C0 C29 C4 C1 C32 C16 C21 C0 <wb> C30 C0 C22 C0 C29 C32 C0 C16 <wb> C17 C1 C13 C29 C32 C0 <wb> C15 C0 C26 C32 C0 C1 C32 C0
marathi_female_003386|C31 C0 C1 C30 C0 C32 C0 C29 C0 C17 C0 C24 C0 <wb> C0 C30 C0 C1 <wb> C30 C0 C23 C13 C0 C25 C0 C19 C0 <wb> C3 C0 C24 C0 C37 C16 C25 C38 C1 C5 C1 <wb> C1 C25 C0 C16 <wb> C38 C0 C23 C32 C29 C0 C22 C1 C24 C0 C37 C1 C21 C1 <wb> C30 C37 C0 C38 C0 C23 C28 C36 C29 C25 C0 <wb> C3 C0 C24 C0 C37 C16 C25 C38 C1 C5 C1 <wb> C1 C34 C26 C19 C1 C34 C0 <wb> C28 C0 C29 C0 C38 C0 C32 C0 C24 C0 <wb> C19 C0 C29 C0 C16 C32 C0 <wb> C1 C15 C0 C11 C32 C0
marathi_female_003388|C22 C11 C23 C7 C36 C5 C38 C1 <wb> C0 C4 C38 C1 C30 C1 C37 C0 C29 C0 <wb> C1 C32 C0 C1 <wb> C1 C28 C0 C21 C0 C38 C0 C1 <wb> C31 C1 C30 C32 C29 C0 C17 C24 C1 C23 C24 C16 <wb> C21 C0 C19 C0 C31 C0 <wb> C19 C11 C23 C7 C29 C16 C32 C0 <wb> C19 C0 C11 C21 C0 C11 <wb> C1 C15 C0 C11
marathi_female_003395|C22 C0 C1 C32 C0 C29 C0 <wb> C19 C0 C1 C22 C0 <wb> C19 C0 C26 C25 C0 C32 C0 C11 <wb> C19 C0 C29 C1 C37 C0 C38 C1 C5 C11 <wb> C38 C0 C1 C5 C0 C16 <wb> C22 C0 C1 C15 C0 C16 C32 C0 C16 <wb> C38 C0 C23 C32 C29 C0 C22 C1 C24 C0 C37 C1 C32 C16 C21 C0 <wb> C30 C0 C23 C13 C0 C25 C0 C19 C1 C21 C1 <wb> C7 C0 C38 C0 C1 C37 C0 C16 <wb> C21 C0 C1 C13 C0 C32 C0 C11
marathi_female_003399|C17 C0 C21 C0 C28 C29 C0 C7 C36 C31 C0 C25 C1 C22 C36 C21 C11 <wb> C24 C0 C16 C29 C0 C22 C0 C1 C25 C0 <wb> C15 C26 C25 C1 <wb> C38 C0 C1 <wb> C30 C1 C33 C16 C23 C5 C38 C1 <wb> C24 C16 C38 C0 C23 C32 C29 C0 C25 C1 C30 C1 C35 C16 <wb> C38 C0 C1 <wb> C28 C29 C0 C38 C26 C13 C0 C31 C1 C21 C1 C23 C22 C0 C8 C36 C24 C0 <wb> C4 C0 C29 C1 C29 C16 <wb> C28 C0 C33 C0 C19 C11 <wb> C28 C1 C35 C0 C37 C0 C21 C16 <wb> C17 C0 C1 C32 C0 C1 C32 C0
marathi_female_003407|C31 C0 C32 C1 C37 C0 C29 C16 <wb> C0 C31 C37 C0 C13 C0 C23 C8 C1 <wb> C3 C1 C21 C0 C23 C32 C0 C31 C11 C28 C1 <wb> C19 C0 C16 C23 C37 C0 C1 <wb> C30 C1 C21 C0 C22 C16 C30 C32 C29 C16 <wb> C30 C0 C12 C0 C11 C7 C0 <wb> C22 C36 C30 C0 C21 C16 <wb> C38 C0 C1 C23 C5 C0 C16 <wb> C28 C0 C1 C37 C0 C9 C0 C29 C0 <wb> C7 C36 C8 C1 C3 C0 C29 C26 C3 C0 C29 C0 <wb> C7 C0 C38 C0 C1 C37 C0 C16
marathi_female_003428|C32 C0 C30 C0 C11 C5 C0 <wb> C0 C23 C32 C0 C29 C0 C13 C0 C32 C0 <wb> C32 C0 C28 C1 C30 C0 C25 C16 C32 C0 <wb> C21 C16 C23 C13 C0 C30 C1 C23 C30 C0 C29 C13 C16 C19 C0 <wb> C1 C17 C1 C29 C1 C23 C5 C38 C1 <wb> C19 C0 C1 C15 C0 C16 <wb> C20 C1 C25 C1 C20 C36 C25 C1 <wb> C1 C10 C0 C21 C0 C21 C38 C1 C30 C0 <wb> C32 C0 C17 C17 C24 C1 C23 C19 C0 C9 C11 <wb> C28 C1 C35 C0 C37 C1 C37 C11
marathi_female_003441|C3 C1 C15 C38 C0 C19 C0 C29 C25 C1 C5 C16 <wb> C29 C0 C5 C0 C24 C0 C1 <wb> C24 C0 C29 C0 C30 C1 C21 C0 C38 C1 C30 C1 C29 C0 C20 C16 <wb> C3 C0 C1 C15 C0 C11 C29 C0 <wb> C28 C0 C30 C0 C29 C0 C34 C0 <wb> C37 C0 <wb> C1 C32 C0 <wb> C24 C0 C21 C16 C28 C29 C0 C22 C1 C25 C11 <wb> C0 C29 C0 C36 C23 C7 C0 <wb> C0 C30 C0 C32 C0 C11
marathi_female_003449|C13 C0 C29 C4 C1 C31 C0 C38 C1 C5 C38 C1 <wb> C7 C1 C3 C1 C22 C36 C21 C11 <wb> C13 C36 C7 C1 C31 C0 C38 C1 C37 C0 C29 C0 <wb> C7 C0 C1 C3 C0 <wb> C38 C0 C11 C36 C24 C0 <wb> C22 C0 C21 C0 C37 C16 C30 C0 C29 C17 C0 C24 C1 C21 C1 <wb> C0 C9 C0 C33 C0 C21 C0 C1 <wb> C38 C0 C11 C32 C0 C26
marathi_female_003452|C7 C0 C22 C1 <wb> C38 C0 C1 <wb> C1 C17 C1 C29 C1 C32 C0 <wb> C31 C37 C1 C30 C0 C24 C0 C21 C16 C19 C1 <wb> C1 C19 C36 C23 C5 C0 C24 C1 C24 C11 <wb> C0 C29 C0 C36 C23 C7 C0 <wb> C15 C0 C26 C36 C24 C0 <wb> C31 C37 C1 C30 C26 C5 C6 C37 C1 C30 C1 C21 C1 <wb> C0 C9 C0 C33 C0 C21 C0 C1 <wb> C38 C0 C11 C32 C0 C26
marathi_female_003456|C28 C0 C34 C0 C19 C16 <wb> C19 C0 C16 C23 C37 C0 C1 <wb> C13 C2 C30 C34 C29 C26 <wb> C0 C30 C0 C11 C21 C0 <wb> C32 C0 C29 C0 <wb> C32 C0 C26 C23 C9 C0 C1 C37 C0 C1 C34 C0 C11 <wb> C30 C0 C1 C20 C0 C29 C0 <wb> C22 C16 C35 C0 C28 C1 C25 C16 <wb> C7 C0 C11 C36 C24 C0 <wb> C15 C0 C21 C0 C36 C15 C0 C21 C0 C36 <wb> C36 C21 C0 C34 C16 <wb> C33 C1 C23 C3 C0 C32 C11
marathi_female_003465|C3 C1 C21 C1 C30 C0 <wb> C29 C0 C26 C17 C0 <wb> C30 C0 C19 C0 C1 C21 C0 C5 C0 C38 C0 C1 <wb> C19 C26 C37 C0 C21 C0 C38 C1 <wb> C36 C24 C0 C15 C0 C1 C32 C0 <wb> C22 C0 C16 C24 C0 C16 C34 C0 C11 <wb> C35 C11 C37 C0 C21 C38 C1 C30 C0 <wb> C9 C0 <wb> C17 C16 C37 C0 C24 C0 C30 C0 C32 C32 C37 C1 C5 C16 <wb> C13 C0 C29 C0 C17 C0 <wb> C4 C1 C13 C0 C32 C11
marathi_female_003476|C37 C16 C31 C1 C25 C36 C28 C29 C0 C37 C11 C31 C1 C24 C0 C23 C32 C0 C29 C0 <wb> C30 C0 C1 C8 C0 C1 C29 C0 C25 C0 C28 C0 C25 C0 C11 <wb> C1 C35 C0 <wb> C7 C0 C15 C0 C1 <wb> C7 C0 C16 C37 C0 C30 C0 C1 C23 C32 C0 <wb> C13 C26 C37 C0 C29 C1 C5 C16 <wb> C21 C0 C19 C31 C0 C25 C11 <wb> C7 C0 C16 C30 C0 C36 <wb> C21 C0 C1 C13 C0 C32 C0 C1 C32 C0
marathi_female_003494|C28 C0 C25 C0 <wb> C4 C36 C21 C0 <wb> C7 C0 C11 C36 C24 C0 <wb> C13 C36 C7 C0 C7 C37 C1 C29 C1 C5 C11 <wb> C30 C24 C1 C38 C36 C37 C0 C29 C32 C36 C21 C0 <wb> C10 C16 C21 C11 <wb> C19 C11 C21 C38 C1 C37 C0 C29 C0 C5 C0 <wb> C20 C0 C29 C0 C1 <wb> C1 C29 C0 C1 C22 C0 <wb> C28 C0 C9 C0 C32 C0 C26
marathi_female_003499|C1 C38 C36 C29 C37 C11 C7 C1 C22 C0 C8 C38 C11 <wb> C29 C26 C13 C0 C24 C16 C7 C1 C24 C1 C32 C0 <wb> C19 C0 C12 C0 <wb> C37 C1 C32 C0 <wb> C28 C16 C32 C32 C0 <wb> C24 C1 C9 C16 <wb> C16 C32 C0 C38 C0 C1 C7 C0 C16 <wb> C22 C0 C15 C0 C32 C0 C32 C0 C37 C0 C1 C5 C0 C11 <wb> C0 C30 C0 C32 C0 C11
marathi_female_003502|C0 C31 C0 C1 <wb> C37 C0 C38 C0 C19 C0 C32 C0 C16 <wb> C11 C19 C0 C21 C0 C19 C26 C23 C9 C0 C38 C1 <wb> C15 C1 C32 C0 C5 C11 <wb> C29 C0 C1 C20 C0 C36 C24 C0 <wb> C3 C26 C21 C0 C25 C1 <wb> C38 C0 C1 <wb> C11 C19 C0 C22 C1 C29 C13 C16 <wb> C6 C0 C23 C7 C16 C31 C34 C0 <wb> C1 C25 C0 C16 <wb> C33 C0 C23 C9 C0 <wb> C37 C0 C1 C34 C0 C32 C0 C1 C32 C0
marathi_female_003506|C19 C0 C1 C15 C0 C16 C17 C0 C25 C0 C1 C23 C24 C0 C1 <wb> C19 C0 C22 C0 C29 C11 C37 C0 C29 C0 C5 C38 C1 <wb> C8 C26 C32 C0 C29 C1 C5 C38 C1 <wb> C29 C11 C14 C11 C37 C0 C29 C0 <wb> C19 C0 C29 C19 C0 C29 C26 C13 C0 <wb> C18 C0 C1 C21 C0 C38 C0 C1 C5 C0 C11 <wb> C1 C10 C0 C21 C36 C24 C0 <wb> C1 C21 C0 C11 <wb> C1 C15 C0 C11
marathi_female_003515|C7 C36 C30 C0 <wb> C38 C0 C1 <wb> C3 C0 C1 C17 C0 C36 C21 C0 C1 <wb> C37 C0 C11 C13 C0 C1 C24 C0 C11 <wb> C37 C1 C10 C0 C25 C1 <wb> C38 C0 C1 <wb> C1 C8 C0 C36 C24 C0 C16 C19 C0 <wb> C37 C2 C7 C38 C0 C19 C0 C31 C1 C30 C32 C29 C1 C21 C1 <wb> C22 C0 C16 C21 C0 C1 C21 C0 C11 C21 C0 C1 <wb> C29 C1 C17 C1 C31 C29 C0 C38 C0
marathi_female_003525|C29 C26 C13 C1 C5 C11 <wb> C19 C0 C1 C29 C0 C25 C0 <wb> C1 C25 C0 C16 <wb> C3 C1 C8 C0 C21 C11 C21 C16 <wb> C30 C0 C23 C30 C0 C33 C0 C1 <wb> C38 C1 C24 C36 C30 C1 C29 C0 <wb> C29 C26 C13 C1 C23 C5 C11 <wb> C10 C26 C3 C0 C21 C0 <wb> C37 C0 C29 C0 C13 C0 C16 C19 C0 C29 C0 C25 C0 <wb> C32 C0 C19 C0 C32 C0 C1 <wb> C28 C0 C15 C0 C1
marathi_female_003531|C32 C1 C28 C1 C3 C0 C29 C26 C3 C0 C29 C0 <wb> C35 C16 C19 C0 C35 C16 C19 C1 C25 C0 C5 C38 C1 <wb> C29 C0 C30 C0 C13 C29 C0 C23 C33 C16 <wb> C22 C0 C1 C24 C0 <wb> C19 C1 C20 C0 <wb> C17 C1 C23 C14 C0 <wb> C30 C36 C17 C0 C32 C1 C32 C0 <wb> C37 C0 <wb> C33 C26 C9 C0 C38 C1 <wb> C7 C36 C20 C0 <wb> C38 C0 C1 C15 C0 C16 <wb> C0 C30 C0 C32 C0 C1 C32 C0
marathi_female_003539|C38 C0 C1 C30 C0 C1 C35 C0 C16 <wb> C21 C0 C14 C0 C37 C16 C5 C38 C1 <wb> C22 C1 C29 C13 C1 C32 C36 C24 C0 <wb> C24 C0 C21 C16 <wb> C14 C0 C1 C21 C0 C36 C24 C0 <wb> C20 C0 C9 C0 C38 C1 C28 C0 C29 C38 C0 C23 C32 C0 <wb> C15 C36 C19 C0 <wb> C1 C19 C0 C9 C0 C1 <wb> C24 C0 C11 C21 C0 C1 <wb> C17 C0 C1 C32 C0 C26
marathi_female_003540|C37 C0 C2 C7 C0 C38 C0 C19 C0 C16 C38 C0 <wb> C20 C0 C29 C5 C1 C28 C26 C34 C16 <wb> C5 C0 C16 C17 C0 C37 C0 C30 C0 C32 C0 C36 <wb> C37 C16 C19 C0 C25 C11 <wb> C1 C25 C0 C16 <wb> C19 C0 C29 C17 C11 <wb> C19 C0 C1 C10 C0 C25 C0 C11 <wb> C15 C0 C16 <wb> C30 C0 C1 C22 C0 C1 C24 C0 C38 C0 <wb> C3 C0 C1 C3 C0 <wb> C1 C15 C0 C11
marathi_female_003558|C17 C0 C38 C0 C1 <wb> C31 C0 C15 C0 C29 C0 C1 C32 C0 <wb> C22 C2 C21 C1 C28 C1 C25 C16 <wb> C38 C0 C26 C17 C0 C24 C0 C1 <wb> C1 C15 C0 C11 <wb> C32 C0 C16 C33 C0 C11 <wb> C30 C11 C28 C34 C16 C19 C0 <wb> C34 C0 C23 C19 C0 <wb> C32 C0 C38 C0 C1 C21 C0 C1 <wb> C17 C0 C26 C9 C0 C21 C0 C11 C21 C0 C11 <wb> C0 C30 C0 C32 C0 C1 C32 C0
marathi_female_003564|C32 C0 C38 C0 C1 C5 C0 C3 C0 C29 C0 C26 C3 C0 C29 C0 <wb> C1 C8 C0 C36 C24 C0 C16 C19 C0 <wb> C27 C31 C0 C8 C0 C31 C1 C30 C32 C29 C1 C5 C16 <wb> C11 C19 C0 <wb> C28 C0 C8 C7 C0 C32 C0 <wb> C31 C0 C16 C30 C0 C32 C0 <wb> C32 C0 C38 C0 C1 C29 C0 <wb> C18 C0 C1 C21 C0 C16 <wb> C1 C15 C0 C11
marathi_female_003569|C37 C16 C31 C35 C11 C5 C1 <wb> C29 C0 C23 C13 C0 <wb> C28 C1 C23 C10 C36 C29 C0 C19 C1 <wb> C0 C30 C0 C11 C21 C0 <wb> C32 C0 C29 C0 <wb> C37 C0 C16 C31 C0 C16 C31 C0 C34 C0 <wb> C28 C0 C29 C0 C19 C0 C1 C29 C0 C5 C0 C16 <wb> C19 C1 C37 C16 C21 C0 <wb> C0 C30 C0 C25 C0 C38 C0 C1 C5 C0 C1 <wb> C30 C0 C23 C4 C0 C37 C0 <wb> C0 C30 C0 C32 C0 C26
marathi_female_003570|C32 C0 C11 <wb> C1 C17 C0 C28 C0 C29 C38 C0 C23 C32 C0 <wb> C22 C0 C16 <wb> C22 C11 C9 C16 C19 C26 <wb> C12 C29 C11 C23 C9 C0 <wb> C30 C0 C29 C19 C0 C21 C0 <wb> C38 C0 C1 <wb> C1 C29 C0 C26 C13 C0 C38 C0 <wb> C5 C0 C21 C0 C37 C0 C21 C0 C16 C32 C0 <wb> C30 C0 C1 C22 C0 C16 C21 C0 <wb> C1 C15 C0 C11
marathi_female_003575|C19 C0 C1 C15 C0 C16 <wb> C28 C0 C7 C0 C1 C29 C0 C33 C0 <wb> C17 C0 C1 C32 C0 C38 C0 C1 C5 C0 <wb> C29 C36 C19 C31 C0 <wb> C0 C30 C0 C32 C0 C1 C32 C0 <wb> C37 C0 <wb> C28 C0 C26 C34 C0 C1 C32 C0 <wb> C22 C2 C7 C1 <wb> C22 C16 C35 C1 C16 <wb> C3 C11 C30 C0 C24 C0 <wb> C16 C32 C0 C38 C0 C1 C7 C0 C16 <wb> C15 C0 C1 C24 C0 C16 <wb> C19 C0 C29 C0 C32 C0 C1 C32 C0
marathi_female_003584|C32 C0 C30 C0 C11 C5 C0 <wb> C19 C0 C31 C0 <wb> C19 C16 C29 C0 C25 C1 C23 C7 C37 C1 C29 C11 <wb> C22 C1 C23 C30 C0 C21 C0 <wb> C4 C1 C13 C1 C5 C11 <wb> C5 C0 C16 C32 C0 C29 C0 <wb> C12 C0 C1 C29 C0 C30 C0 C11 <wb> C5 C0 C1 C23 C13 C0 C21 C0 C11 <wb> C38 C0 C11 C32 C0 <wb> C24 C0 C1 C15 C0 C16
marathi_female_003592|C38 C0 C1 <wb> C30 C0 C1 C8 C0 C38 C0 C1 <wb> C32 C0 C23 C32 C29 C1 C21 C1 <wb> C11 C22 C0 C37 C15 C16 C11 <wb> C22 C2 C24 C38 C36 C0 C21 C0 <wb> C37 C15 C2 C19 C38 C36 C22 C0 <wb> C30 C28 C16 C29 C11 C31 C0 C24 C0 <wb> C0 C30 C0 C11 <wb> C22 C0 C15 C0 C25 C0 C32 C0 C1 C32 C0
marathi_female_003597|C38 C0 C1 C32 C0 <wb> C9 C1 C30 C1 C23 C5 C38 C1 <wb> C0 C21 C0 C38 C1 C23 C37 C16 C29 C36 C8 C7 C0 <wb> C22 C0 C26 C15 C0 C16 C22 C0 <wb> C17 C0 C23 C32 C0 C37 C1 C15 C0 C19 C0 <wb> C37 C0 C38 C0 C19 C0 C32 C0 C16 C23 C24 C0 C1 <wb> C36 C28 C0 C5 C0 C1 C29 C0 <wb> C15 C0 C32 C32 C16 C29 C26 C13 C0 C13 C29 C0 C30 C32 C0 <wb> C4 C0 C1 C13 C0 C1 C32 C0 <wb> C30 C0 C29 C0 C37 C0 C1 C23 C24 C0 C1 <wb> C9 C1 C19 C1 C18 C16 C24 C0 C5 C1 <wb> C9 C16 C16 <wb> C38 C0 C1 C23 C5 C0 C1 <wb> C30 C0 C22 C0 C1 C37 C0 C11 C31 C0 <wb> C1 C15 C0 C11
marathi_female_003603|C31 C0 C29 C0 C16 C29 C0 C1 C32 C0 <wb> C19 C0 C26 C35 C0 C11 C15 C0 C16 <wb> C7 C0 C16 C29 C0 C14 C0 C19 C0 C1 C21 C0 <wb> C17 C0 C23 C32 C36 C7 C26 C31 C0 <wb> C29 C0 C1 C15 C0 C25 C0 C11 <wb> C28 C0 C36 <wb> C13 C0 C21 C36 <wb> C19 C31 C0 C38 C0 C29 C26 C13 C0 <wb> C37 C16 C31 C0 C22 C0 C17 C37 C0 C29 C0 <wb> C16 C32 C0 C38 C0 C1 C7 C0 C16 <wb> C1 C17 C1 C29 C1 C23 C32 C0 <wb> C29 C0 C19 C32 C0 C28 C1 C23 C10 C0 C29 C16 <wb> C15 C0 C26 C32 C0 C11
marathi_female_003605|C18 C0 C26 C28 C0 C36 C24 C0 <wb> C21 C0 C14 C0 C37 C16 <wb> C19 C0 C29 C0 C25 C0 C11 <wb> C30 C0 C23 C9 C1 C30 C0 <wb> C19 C0 C29 C0 C25 C0 C11 <wb> C0 C13 C0 C7 C0 C16 <wb> C24 C1 C19 C1 C32 C0 C21 C1 <wb> C31 C11 C23 C3 C36 C9 C0 <wb> C19 C1 C10 C0 C25 C11 C15 C16 <wb> C17 C0 C9 C0 <wb> C17 C0 C1 C32 C0 C11 <wb> C15 C0 C1 <wb> C1 C28 C0 C21 C0 C38 C0 C1 C21 C0 C1 <wb> C28 C0 C29 C0 C32 C0 C38 C0 C19 C0 C31 C0 <wb> C0 C24 C0 C36 C4 C0 C37 C0 <wb> C0 C30 C0 C32 C26 C5 C0
marathi_female_003608|C32 C37 C0 C5 C11 C17 C0 C37 C0 C21 C0 <wb> C0 C30 C0 C21 C0 C38 C0 C1 C24 C0 C11 <wb> C22 C36 C32 C29 C0 C28 C16 C23 C9 C1 C32 C0 C21 C11 <wb> C1 C25 C0 C16 <wb> C37 C0 C29 C0 C5 C0 C38 C0 C1 <wb> C22 C36 C32 C29 C0 C37 C1 C15 C16 C24 C16 C32 C0 C21 C11 <wb> C21 C0 C15 C0 C1 C24 C0 <wb> C20 C0 C9 C0 C11 <wb> C6 C26 C34 C0 C38 C1 <wb> C31 C0 C30 C32 C29 C0 C19 C29 C16 C38 C11 C7 C37 C1 C29 C11 <wb> C19 C0 C1 C10 C0 C32 C0 C1 <wb> C38 C0 C11 C32 C0 C1 C32 C0
marathi_female_003610|C1 C28 C0 C25 C0 <wb> C1 C28 C0 C21 C0 C38 C0 C1 <wb> C30 C0 C4 C0 C26 C37 C0 C32 C0 C1 C21 C0 C5 C0 C38 C0 C1 <wb> C36 C28 C0 C21 C0 C3 C0 C8 C0 <wb> C37 C0 C24 C0 C30 C28 C0 C32 C16 C23 C22 C0 C8 C36 C24 C0 <wb> C28 C0 C23 C8 C0 C29 C0 C1 <wb> C37 C0 C16 C30 C0 <wb> C37 C0 C24 C0 C30 C0 C28 C0 C32 C0 C16 C23 C5 C0 C16 <wb> C26 C21 C0 C20 C0 <wb> C19 C0 C29 C0 C36 C24 C0 <wb> C14 C0 C11 C32 C0 C21 C0 C16 <wb> C32 C0 C29 C0 C16 <wb> C28 C0 C36 C29 C0 C32 C0 C11
marathi_female_003621|C22 C0 C15 C0 C25 C0 C36 C24 C0 <wb> C38 C0 C1 <wb> C0 C30 C33 C16 C4 C0 C23 C13 C1 C32 C0 <wb> C22 C0 C24 C0 C13 C0 C34 C1 C17 C0 C37 C0 C21 C0 C5 C16 <wb> C24 C1 C9 C16 <wb> C5 C0 C1 C21 C0 C36 <wb> C1 C15 C0 C11 <wb> C19 C0 C16 C23 C37 C0 C1 <wb> C24 C0 C1 C15 C0 C16 <wb> C15 C0 C11 <wb> C32 C0 C28 C1 C30 C0 C25 C11 <wb> C1 C37 C0 C31 C0 C38 C0 C19 C0 <wb> C1 C15 C0 C11
marathi_female_003626|C38 C0 C1 <wb> C28 C0 C7 C1 C29 C33 C1 C22 C0 C8 C36 C24 C0 <wb> C28 C0 C26 C31 C0 C25 C0 <wb> C19 C0 C22 C0 C16 <wb> C15 C0 C26 C32 C0 C11 <wb> C1 C25 C0 C16 <wb> C37 C16 C31 C35 C1 <wb> C19 C0 C9 C0 C19 C0 <wb> C19 C0 C26 C29 C0 C9 C0 C16 <wb> C15 C0 C26 C32 C0 C11 <wb> C0 C30 C0 C11 <wb> C1 C38 C36 C29 C37 C11 C7 C1 C5 C11 <wb> C30 C1 C23 C13 C0 C25 C11 <wb> C1 C15 C0 C11
marathi_female_003628|C32 C0 C30 C0 C11 C5 C0 <wb> C32 C0 C11 <wb> C3 C0 C15 C0 C36 C8 C0 C1 <wb> C28 C1 C37 C0 C21 C1 C37 C0 C29 C0 <wb> C1 C25 C0 C16 <wb> C33 C26 C9 C0 C38 C1 <wb> C28 C0 C29 C0 C22 C0 C1 C25 C0 C1 C32 C0 <wb> C15 C0 C1 C32 C0 C1 C37 C0 C29 C0 <wb> C37 C0 C16 C31 C0 C11 C31 C0 C32 C0 C15 <wb> C15 C0 C1 C32 C0 C1 C5 C0 C38 C0 C1 <wb> C28 C0 C23 C17 C38 C1 C37 C0 C29 C0 <wb> C15 C0 C26 C32 C0 C1 C32 C0
marathi_female_003641|C19 C0 C1 C29 C0 C25 C0 <wb> C32 C38 C1 C37 C11 C21 C11 C28 C0 C29 C38 C0 C23 C32 C0 <wb> C30 C16 C29 C27 C15 C16 <wb> C31 C2 C21 C16 C24 C11 <wb> C7 C0 C20 C20 C0 C24 C16 <wb> C30 C27 C23 C7 C0 C29 C38 C0 C22 C36 C21 C38 C1 C31 C16 <wb> C30 C0 C36 C30 C0 C23 C13 C0 C32 C0 <wb> C0 C30 C0 C11 <wb> C37 C0 C21 C0 C24 C0 <wb> C14 C0 C11 C32 C0 C21 C0 C11 <wb> C15 C0 C26 C32 C0 C11 C5 C0
marathi_female_003643|C13 C1 C24 C0 C32 C0 C28 C0 C30 C37 C16 C24 C16 <wb> C22 C26 C13 C36 C3 C1 C16 <wb> C19 C36 C29 C9 C16 C19 C0 C29 C1 C23 C28 C11 C19 C31 C1 <wb> C13 C1 C24 C0 C30 C0 C29 C0 C30 C37 C0 C32 C16 <wb> C19 C16 C31 C26 C29 C16 <wb> C1 C22 C26 C25 C0 C19 C0 C29 C0 <wb> C17 C0 C1 C30 C0 C32 C0 <wb> C17 C0 C1 C30 C0 C32 C0 <wb> C1 C15 C0 C11 C32 C0 <wb> C15 C0 C11 <wb> C30 C0 C29 C37 C0 C30 C1 C22 C1 C24 C38 C1 C23 C5 C0 C23 <wb> C22 C0 C32 C0 <wb> C1 C15 C0 C11
marathi_female_003661|C29 C1 C23 C18 C0 C5 C38 C1 <wb> C11 C19 C30 C0 C28 C29 C11 C31 C0 C24 C16 C30 C34 C0 <wb> C24 C16 C30 C0 C29 C13 C0 C7 C29 C31 C38 C1 C23 C24 C1 C15 C16 <wb> C15 C11 C3 C3 C0 C29 C0 <wb> C38 C0 C1 C23 C5 C0 C38 C0 C1 <wb> C28 C0 C26 C32 C0 <wb> C28 C29 C0 C38 C26 C13 C1 C23 C16 C32 C0 C19 C16 C5 C0 <wb> C7 C0 C1 C7 C0 <wb> C22 C0 C16 C21 C0 C1 C21 C0 C16
marathi_female_003675|C30 C0 C29 C37 C0 C30 C1 C22 C1 C24 C38 C0 C32 C0 C15 <wb> C1 C35 C0 C37 C0 C38 C0 C1 <wb> C31 C0 C32 C0 C19 C1 C28 C0 C29 C38 C0 C23 C32 C0 <wb> C37 C16 C19 C0 C5 C6 C0 <wb> C30 C0 C1 C9 C0 C16 <wb> C1 C25 C0 C16 <wb> C9 C0 C26 C19 C0 C38 C0 C1 C37 C0 C29 C0 C36 C24 C0 <wb> C28 C0 C7 C0 C29 C0 <wb> C28 C0 C29 C0 C33 C0 C1 <wb> C15 C0 C26 C32 C0 C16
marathi_female_003676|C15 C0 C38 C0 C1 <wb> C14 C0 C34 C0 C24 C11 C5 C1 <wb> C30 C22 C29 C32 C16 C28 C29 C16 C32 C38 C0 C29 C33 C0 <wb> C5 C0 C29 C0 C5 C0 C5 C0 C38 C0 C1 <wb> C22 C0 C24 C26 C38 C1 C5 C16 <wb> C36 C23 C5 C0 C16 <wb> C37 C0 C1 C10 C0 C37 C0 C36 C24 C0 <wb> C32 C0 C26 <wb> C22 C0 C26 C35 C0 C1 <wb> C19 C0 C29 C0 C25 C0 C38 C0 C1 C32 C0 <wb> C1 C21 C0 C1
marathi_female_003677|C13 C0 C7 C16 <wb> C22 C1 C9 C0 C13 C36 C21 C0 C19 C0 C29 C0 <wb> C38 C0 C1 C23 C24 C0 C16 <wb> C1 C28 C0 C21 C0 C38 C0 C1 <wb> C13 C16 C32 C0 C29 C1 C22 C1 C38 C0 C25 C1 C5 C1 <wb> C19 C27 C30 C32 C36 C4 C0 C22 C0 C25 C16 <wb> C22 C0 C15 C1 C29 C1 C31 C34 C29 C0 C31 C1 C29 C0 C7 C11 C31 C5 C38 C1 <wb> C19 C0 C23 C35 C1 C32 C0 <wb> C3 C0 C1 C23 C8 C0 C21 C0 C1 <wb> C1 C15 C0 C11
marathi_female_003680|C28 C36 C32 C0 C21 C1 <wb> C3 C1 C29 C0 C37 C11 C32 C0 <wb> C11 C19 C0 C1 <wb> C35 C0 C16 C19 C0 C1 C25 C0 C16 <wb> C35 C0 C21 C0 C19 C0 C28 C0 C25 C11 <wb> C22 C0 C5 C6 C16 C23 C7 C29 C0 C24 C1 C33 C1 C23 C5 C16 <wb> C28 C0 C29 C0 C32 C0 C16 C22 C0 C1 <wb> C3 C0 C30 C0 C37 C16 C21 C16 <wb> C1 C15 C0 C11
marathi_female_003690|C28 C0 C23 C9 C0 C16 C32 C0 <wb> C3 C0 C1 C21 C0 C19 C0 C29 C31 C0 C25 C0 <wb> C3 C36 C37 C1 <wb> C16 C5 C0 C21 C0 C19 C0 C29 C0 C23 C17 C16 C19 C0 C29 C0 <wb> C37 C0 C16 C31 C0 C25 C0 C36 <wb> C7 C16 C13 C0 C23 C3 C0 C29 C0 <wb> C28 C0 C21 C36 C30 C19 C0 C29 C0 <wb> C4 C1 C32 C0 C20 C0 C23 C9 C11 <wb> C4 C1 C30 C19 C0 C29 C0 C3 C36 C37 C1 <wb> C3 C0 C20 C0 C21 C11 <wb> C28 C29 C26 C12 C11 C30 C0 C29 C0 <wb> C7 C11 C37 C0 C8 C0 C29 C0 <wb> C15 C0 C11 <wb> C0 C13 C29 C0 C25 C16 <wb> C1 C15 C0 C11 C32 C0
marathi_female_003699|C38 C0 C1 C31 C0 C16 C37 C0 C1 C38 C0 <wb> C32 C11 C29 C0 <wb> C24 C11 C37 C1 C30 C1 <wb> C17 C36 C24 C24 C0 C29 C0 <wb> C24 C0 C1 C31 C0 C16 C19 C0 <wb> C1 C7 C16 <wb> C19 C11 C24 C7 C29 C11 C15 C16 <wb> C37 C0 C30 C32 C29 C0 C24 C16 C29 C22 C16 C32 C16 C22 C0 C8 C38 C11 <wb> C0 C13 C29 C11 C30 C0 C29 C0 <wb> C15 C0 C26 C32 C0 C16
marathi_female_003709|C32 C38 C1 C23 C5 C38 C1 C22 C36 C21 C11 <wb> C9 C26 C21 C38 C0 C1 C23 C5 C11 <wb> C30 C0 C27 C23 C7 C0 C29 C0 C38 C0 <wb> C37 C0 C1 C10 C0 C32 C0 C11 <wb> C15 C16 C30 C36 C7 C8 C1 <wb> C30 C0 C32 C0 C29 C0 C16 C38 C0 C1 C23 C5 C0 C16 <wb> C4 C29 C1 C22 C0 C19 C0 <wb> C19 C0 C21 C0 C28 C0 C24 C0 C1 <wb> C0 C30 C0 C32 C0 C11
marathi_female_003711|C19 C26 C21 C15 C1 C28 C36 C29 C0 C5 C16 <wb> C0 C23 C3 C1 C3 C1 C16 <wb> C20 C0 C38 C0 C1 <wb> C0 C29 C0 C33 C0 C1 C24 C0 C11 <wb> C0 C20 C0 C16 C21 C0 <wb> C22 C0 C15 C0 C1 C29 C0 C1 C31 C0 C34 C0 C29 C0 C1 C5 C0 C16 <wb> C19 C36 C21 C0 C30 C37 C1 C22 C16 C24 C16 <wb> C35 C0 C29 C0 C11 C21 C0
marathi_female_003721|C38 C0 C1 <wb> C7 C0 C26 C24 C0 <wb> C24 C0 C37 C0 C38 C0 C1 <wb> C22 C1 C8 C38 C0 C22 C1 C23 C3 C0 C29 C26 C3 C0 C29 C0 <wb> C24 C0 C37 C0 C11 <wb> C37 C16 C31 C0 C38 C0 C15 C16 <wb> C3 C29 C16 C34 C16 C31 C1 C23 C3 C0 C29 C26 C3 C0 C29 C0 C5 C0 <wb> C38 C0 C11 C33 C0 C11 <wb> C1 C21 C0 C11
marathi_female_003722|C38 C0 C17 C0 C22 C1 C24 C1 C24 C11 <wb> C24 C1 C13 C0 C22 C36 C29 C32 C16 C30 C0 <wb> C15 C0 C1 C32 C0 <wb> C21 C0 C1 C37 C0 C1 C37 C0 C1 <wb> C24 C0 C23 C32 C0 C29 C0 <wb> C4 C36 C17 C0 C24 C0 C13 C11 C31 C1 C24 C0 <wb> C37 C16 C13 C29 C0 C15 C11 <wb> C30 C0 C29 C28 C0 C29 C1 C17 C1 C38 C0 <wb> C8 C27 C22 C0 C15 C16 <wb> C15 C0 C1 <wb> C22 C0 C23 C32 C29 C0 <wb> C22 C0 C15 C0 C25 C0 C1 C37 C0 C1
marathi_female_003734|C30 C0 C23 C13 C0 C22 C0 <wb> C30 C1 C15 C0 C3 C0 <wb> C30 C36 C17 C1 C32 C1 <wb> C37 C0 <wb> C3 C29 C0 C22 C15 C0 C5 C1 C29 C16 <wb> C38 C0 C1 <wb> C5 C0 C16 C32 C0 C29 C0 C28 C0 C34 C0 C1 C32 C0 C36 C24 C0 <wb> C32 C0 C16 <wb> C28 C0 C29 C0 C13 C0 C21 C0 C4 C0 <wb> C15 C0 C26 C32 C0 <wb> C13 C0 C11 C21 C0 C16
marathi_female_003744|C30 C36 C3 C29 C0 C15 C22 C0 C25 C38 C0 C22 <wb> C38 C0 C1 C23 C5 C0 C38 C0 C1 <wb> C22 C0 C32 C0 C7 C0 C1 C29 C0 C30 C0 C23 C14 C0 C1 C32 C0 <wb> C32 C0 C11 <wb> C15 C0 C1 <wb> C19 C0 C29 C0 <wb> C29 C0 C7 C0 C7 C0 <wb> C19 C0 C29 C0 C25 C0 C38 C0 C1 C5 C0 C11 <wb> C1 C31 C0 C37 C0 C1 C30 C0 C24 C0 <wb> C7 C0 C11 C32 C0 C1 C32 C0
marathi_female_003746|C28 C0 C36 C29 C0 C37 C0 C16 <wb> C30 C0 C23 C30 C33 C1 C24 C0 <wb> C0 C30 C0 C32 C0 C1 C24 C0 C1 <wb> C28 C1 C21 C0 C20 C16 C19 C0 C29 C16 C32 C1 <wb> C15 C0 C32 C0 C32 C0 C16 <wb> C14 C0 C26 C9 C0 C11 <wb> C37 C0 C13 C0 C2 C29 C0 C11 <wb> C30 C0 C29 C0 C37 C0 <wb> C21 C0 C37 C1 C17 C0 C22 C1 <wb> C0 C30 C0 C11
marathi_female_003754|C5 C0 C1 C29 C0 <wb> C31 C0 C11 <wb> C3 C0 C38 C1 C25 C25 C0 C37 C0 <wb> C22 C0 C1 C25 C0 C30 C0 C1 C24 C0 C11 <wb> C22 C0 C1 C25 C0 C36 C30 C0 C19 C0 C16 <wb> C30 C0 C26 C9 C0 C21 C0 C16 <wb> C19 C0 C16 <wb> C32 C0 C38 C0 C1 C5 C0 C11 <wb> C29 C0 C36 C28 C0 C1 C23 C32 C0 C29 C0 <wb> C28 C0 C31 C36 C32 C0 <wb> C15 C0 C26 C32 C0 C11
marathi_female_003759|C28 C29 C0 C4 C1 C37 C0 C32 C16 <wb> C32 C0 C11 C17 C0 C30 C0 C37 C0 C16 <wb> C2 C31 C37 C0 C29 C38 C0 C31 C1 C21 C16 <wb> C38 C27 C37 C0 C24 C1 C31 C37 C0 <wb> C29 C0 C1 C17 C0 C1 C5 C0 C16 <wb> C28 C0 C32 C0 C24 C0 C16 <wb> C30 C36 C29 C38 C0 C28 C0 C32 C24 C16
marathi_female_003776|C4 C0 C29 C0 C32 C16 C5 C38 C1 <wb> C37 C0 C11 C21 C0 C16 <wb> C28 C0 C1 C25 C0 C16 <wb> C37 C0 C29 C0 <wb> C31 C16 C29 C0 C32 C0 <wb> C0 C30 C0 C21 C0 C38 C0 C1 C22 C0 C36 C21 C0 C11 <wb> C20 C1 C9 C38 C1 <wb> C24 C0 C16 C29 C0 C22 C0 C1 C25 C0 <wb> C18 C0 C1 C21 C0 C38 C0 C1 <wb> C1 C15 C0 C11 C32 C0
marathi_female_003782|C19 C0 C1 C29 C0 C25 C0 <wb> C33 C11 C29 C0 C37 C1 C7 C16 <wb> C4 C16 C19 C31 C36 <wb> C22 C0 C15 C1 C30 C1 C23 C14 C16 C19 C1 C23 C24 C1 <wb> C28 C1 C20 C0 C23 C9 C16 <wb> C22 C0 C1 C24 C0 C32 C0 <wb> C0 C30 C0 C32 C0
marathi_female_003783|C30 C0 C23 C8 C16 C19 C1 C21 C1 C32 C0 <wb> C7 C36 C31 C28 C29 C0 C37 C29 C32 C32 C16 C23 C5 C16 <wb> C15 C0 C26 C25 C0 C1 C29 C0 C16 <wb> C37 C0 C1 C10 C0 <wb> C30 C0 C23 C8 C38 C1 C37 C0 C23 C7 C0 C24 C1 C24 C11 <wb> C20 C36 C23 C34 C0 C32 C11
marathi_female_003791|C36 C7 C0 C8 C0 C37 C0 <wb> C37 C0 <wb> C29 C0 C1 C17 C0 <wb> C35 C0 C1 C19 C0 C29 C0 C11 <wb> C38 C0 C1 C23 C5 C0 C38 C0 C1 <wb> C17 C0 C24 C0 C22 C0 C1 C28 C0 C1 C30 C0 C36 C24 C0 <wb> C15 C0 C1 <wb> C30 C0 C23 C14 C0 C29 C0 C31 C0 <wb> C1 C15 C0 C11 <wb> C37 C0 <wb> C30 C0 C36 C29 C0 C36 C5 C0 <wb> C29 C0 C1 C15 C0 C25 C0 C1 C29 C0
marathi_female_003813|C3 C0 C16 <wb> C9 C16 <wb> C32 C1 C16 C24 C0 <wb> C7 C0 C1 C29 C0 <wb> C36 C14 C0 C9 C0 C21 C0 C23 <wb> C28 C29 C0 C19 C1 C31 C16 <wb> C5 C1 C23 C7 C0 C25 C0 C23 <wb> C24 C16 C20 C0 C21 C0 C32 C0 <wb> C15 C0 C26 C32 C0 C23
marathi_female_003814|C31 C0 C29 C0 C16 <wb> C32 C29 C38 C0 C23 C3 C0 C19 C11 C31 C37 C0 C29 C0 C5 C0 C29 C0 C25 C16 <wb> C0 C31 C0 C16 <wb> C28 C0 C29 C0 C1 C29 C0 C33 C0 C24 C0 C1 <wb> C19 C0 C29 C0 C16 C32 C0 <wb> C1 C15 C0 C11 <wb> C19 C0 C16 <wb> C30 C0 C13 C0 C21 C38 C1 C23 C5 C0 <wb> C19 C0 C21 C0 C38 C0 C1 C25 C0 <wb> C37 C0 C15 C0 C1 C37 C0 C23
marathi_female_003817|C22 C16 C31 C16 C5 C1 <wb> C3 C1 C21 C1 C5 C1 <wb> C28 C16 C21 C0 <wb> C37 C16 C13 C0 <wb> C35 C0 C11 C36 C24 C0 <wb> C8 C1 C29 C36 C24 C0 <wb> C30 C22 C1 C29 C34 C0 <wb> C22 C0 C15 C0 C25 C0 C36 C24 C0 <wb> C7 C16 C30 C0 C25 C38 C1 C5 C1
marathi_female_003819|C8 C0 C29 C22 C0 C5 C6 C0 C21 C0 <wb> C19 C0 C29 C0 C25 C0 C1 C38 C0 C1 <wb> C17 C0 C23 C17 C16 C38 C1 C5 C38 C1 <wb> C30 C16 C7 C7 C16 C5 C38 C1 <wb> C22 C0 C36 C21 C0 C16 C24 C0 C11 <wb> C15 C0 C1 <wb> C14 C0 C36 C22 C0 C34 C0 <wb> C3 C0 C1 C23 C8 C0 C21 C0 C1
marathi_female_003826|C28 C0 C26 C21 C0 C16 <wb> C28 C36 C29 C16 C31 C16 <wb> C19 C0 C16 C23 C37 C0 C1 <wb> C3 C29 C11 C9 C0 <wb> C30 C2 C23 C9 C0 C37 C16 C5 C11 C30 C0 C22 C0 C8 C11 <wb> C5 C0 C1 C23 C13 C0 C21 C0 C11 <wb> C21 C0 C1 C13 C0 C32 C0 C11
marathi_female_003827|C22 C0 C15 C0 C1 C29 C0 C1 C31 C0 C34 C0 C29 C0 <wb> C29 C0 C1 C17 C0 C38 C0 <wb> C37 C16 C32 C32 C0 <wb> C22 C0 C15 C1 C22 C0 C23 C9 C0 C21 C0 <wb> C4 C1 C23 C9 C0 C37 C0 C21 C1 C5 C1 <wb> C28 C0 C36 C29 C0 C37 C0 C35 C0 C1 <wb> C19 C0 C29 C0 C32 C0 C11
marathi_female_003846|C32 C0 C33 C0 C1 C28 C0 C16 <wb> C22 C1 C22 C11 C3 C0 C15 C16 C25 C16 C3 C0 C29 C26 C3 C0 C29 C0 <wb> C21 C0 C13 C0 C24 C0 <wb> C19 C0 C29 C0 C25 C0 C38 C0 C1 C30 C0 <wb> C22 C0 C36 C4 C0 C1 <wb> C1 C15 C0 C11
marathi_female_003853|C19 C1 C24 C15 C11 C29 C16 C32 C16 C21 C0 <wb> C22 C16 C33 C36 C24 C0 C38 C36 C13 C22 C0 <wb> C31 C16 C21 C28 C1 C32 C0 <wb> C19 C36 C31 C1 C24 C0 <wb> C28 C0 C29 C0 C4 C0 C1 C37 C0 <wb> C7 C0 C16 C30 C0 C32 C0 C26
marathi_female_003856|C20 C36 C7 C0 C19 C0 C24 C0 <wb> C15 C0 C30 C0 C25 C0 C11 <wb> C29 C36 C30 C36 C24 C0 <wb> C3 C0 C30 C0 C25 C0 C11 <wb> C0 C24 C0 <wb> C36 C4 C16 C5 C0 <wb> C19 C1 C38 C1 <wb> C33 C0 C29 C0 C33 C0 C29 C0 C25 C1 C29 C16
marathi_female_003861|C24 C0 C37 C0 C38 C1 C22 C36 C21 C1 C21 C1 <wb> C22 C0 C36 C29 C0 C5 C0 C6 C0 C1 <wb> C1 C21 C0 C16 <wb> C8 C1 C9 C0 C19 C0 C24 C0 <wb> C4 C36 C16 C37 C0 C29 C0 <wb> C28 C0 C9 C0 C21 C0 C1
marathi_female_003868|C37 C11 C7 C1 C23 C13 C0 <wb> C21 C0 C16 C15 C0 C16 C21 C0 C11 C21 C0 C38 C0 C1 <wb> C17 C0 C34 C1 C4 C26 C29 C0 <wb> C22 C36 C24 C16 C5 C38 C1 <wb> C15 C27 C30 C11 C15 C36 C24 C0 C15 C16 <wb> C0 C8 C0 C16 C19 C0 <wb> C1 C15 C0 C11
marathi_female_003877|C22 C11 C9 C0 <wb> C37 C0 <wb> C11 <wb> C17 C0 C16 <wb> C31 C36 C30 C22 C16 C33 C0 <wb> C38 C0 C1 C23 C24 C0 C16 <wb> C32 C0 C38 C0 C1 C21 C0 C1 <wb> C5 C16 C29 C0 C30 C33 C1 C38 C16 <wb> C19 C0 C11 C21 C0 C11
marathi_female_003890|C16 C33 C0 C11 C15 C0 C16 <wb> C1 C16 C5 C0 C38 C0 C1 <wb> C1 C13 C29 C0 C15 C1 C22 C36 C21 C11 <wb> C32 C0 C38 C0 C1 C23 C24 C0 C16 <wb> C3 C0 C16 <wb> C19 C11 C22 C0 <wb> C28 C0 C36 C29 C0 C25 C0 <wb> C19 C0 C11 C21 C0 C23
marathi_female_003899|C17 C38 C1 C37 C0 C29 C0 <wb> C19 C0 C37 C16 C5 C1 <wb> C17 C0 C33 C1 <wb> C36 C32 C0 C29 C1 C38 C0 C5 C1 <wb> C18 C0 C26 C21 C0 C38 C0 C1 <wb> C14 C0 C11 C36 C24 C0
marathi_female_003909|C28 C0 C25 C0 <wb> C17 C1 C36 C7 C11 <wb> C29 C1 C14 C0 C37 C11 C23 C8 C0 C21 C1 <wb> C30 C0 C23 C13 C0 C21 C0 C23 <wb> C22 C0 C1 C15 C0 C16 C32 C0 <wb> C1 C15 C0 C11
marathi_female_003913|C32 C0 C16 C5 C0 C38 C0 C1 <wb> C13 C0 C21 C38 C1 C31 C16 C23 <wb> C30 C32 C0 C24 C1 C30 C1 C29 C0 C20 C11 C23 <wb> C22 C0 C1 C23 C30 C0 <wb> C21 C26 C23 C3 C0 C23 C32 C0 <wb> C0 C30 C0 C32 C11 C23
marathi_female_003916|C1 C28 C0 C25 C0 <wb> C1 C19 C1 C31 C1 C23 C32 C0 <wb> C36 C9 C9 C1 C25 C0 <wb> C19 C0 C29 C0 C36 C24 C0 <wb> C32 C0 C38 C0 C1 C5 C0 C38 C0 C1 <wb> C17 C0 C37 C0 C21 C0 <wb> C1 C21 C0 C16
marathi_female_003917|C30 C0 C22 C0 C17 C0 C36 C24 C0 <wb> C15 C0 C1 <wb> C31 C0 C3 C0 C7 C0 <wb> C32 C0 C29 C0 <wb> C22 C0 C21 C0 C1 <wb> C12 C0 C1 C29 C0 C5 C0 <wb> C19 C0 C35 C0 C16 C24 C0 <wb> C1 C15 C0 C11 <wb> C29 C0 C11
marathi_female_003925|C29 C0 C1 C25 C0 C16 <wb> C32 C0 C36 <wb> C19 C0 C16 C32 C0 C16 <wb> C19 C29 C36 C29 C0 <wb> C24 C16 C31 C35 C36 C29 C0 <wb> C1 C25 C0 C16 <wb> C7 C0 C36 C31 C0 C34 C0
marathi_female_003942|C22 C0 C8 C38 C0 C22 C0 C37 C0 C29 C13 C16 C38 C0 <wb> C22 C0 C29 C0 C1 C35 C0 C16 <wb> C19 C0 C36 C34 C0 C36 C23 C3 C0 C1 C32 C0 <wb> C17 C0 C24 C22 C0 C21 C11 C21 C38 C1 <wb> C32 C16 C29 C26 C9 C0 C19 C0 C29 C1 C23 C24 C16 <wb> C15 C0 C16 <wb> C13 C0 C29 C36 C9 C0 C18 C11 C28 C0 <wb> C14 C0 C11 C32 C0 C21 C0 C16 <wb> C37 C0 <wb> C30 C0 C23 C28 C0 C36 C29 C0 C25 C0 <wb> C17 C0 C13 C1 C24 C11 <wb> C32 C0 C38 C0 C1 C23 C24 C0 C1 <wb> C30 C2 C21 C38 C36 C34 C0 <wb> C22 C0 C1 C29 C0 C21 C0 C1
marathi_female_003947|C37 C0 C38 C0 C1 C28 C0 C1 C29 C0 <wb> C30 C1 C32 C0 C37 C1 C15 C0 C24 C1 C23 C24 C1 <wb> C12 C1 C38 C0 C7 C11 C31 C16 C29 C0 <wb> C0 C30 C0 C21 C0 C38 C0 C1 C24 C0 C11 <wb> C13 C29 C16 C30 C0 <wb> C37 C0 <wb> C29 C26 C22 C0 C22 C0 C8 C36 C24 C0 <wb> C12 C0 C1 C29 C0 <wb> C22 C0 C26 C35 C0 C38 C0 C1 <wb> C28 C0 C29 C0 C22 C0 C1 C25 C0 C1 C32 C0 <wb> C28 C2 C31 C1 C5 C1 <wb> C26 C14 C0 <wb> C7 C0 C19 C0 C31 C0 C16 C25 C0 <wb> C4 C1 C29 C0 C32 C1 C19 C0 C9 C11 <wb> C38 C0 C11 C32 C0 <wb> C15 C0 C26 C32 C0 C1
marathi_female_003955|C24 C0 C23 C32 C0 C29 C0 C5 C0 C38 C0 C1 <wb> C5 C1 C21 C16 C30 C0 <wb> C37 C0 C29 C0 C31 C0 C1 C32 C0 <wb> C37 C1 C9 C16 C38 C1 <wb> C28 C36 C32 C29 C0 C28 C27 C32 C29 C1 C23 C24 C16 <wb> C15 C0 C38 C0 C1 <wb> C13 C26 C7 C38 C1 C23 C5 C16 <wb> C7 C0 C11 C20 C0 C4 C0 C1 C21 C0 <wb> C37 C0 <wb> C1 C37 C0 C31 C38 C0 C19 C0 C32 C11 C24 C36 C30 C1 C29 C0 <wb> C37 C0 C16 C30 C0 C32 C0 C1 C29 C0 <wb> C19 C0 C29 C0 C25 C0 C38 C0 C1 C5 C0 C11 <wb> C19 C0 C1 C22 C0 <wb> C19 C0 C11 C21 C0 C11
marathi_female_003963|C38 C0 C1 C31 C0 C16 C37 C0 C1 C38 C0 <wb> C15 C16 C23 C7 C36 C30 C33 C1 C24 C16 <wb> C30 C0 C23 C13 C16 C32 C1 C32 C0 C21 C38 C1 <wb> C35 C36 C22 C0 C29 C16 C5 C38 C1 <wb> C32 C26 C23 C9 C0 C37 C0 C21 C38 C1 C5 C16 <wb> C3 C2 C35 C0 C19 C16 C5 C16 <wb> C21 C1 C37 C0 C25 C16 <wb> C15 C0 C1 <wb> C28 C29 C0 C19 C1 C29 C0 C15 C16 <wb> C38 C0 C1 C5 C0 <wb> C19 C0 C1 C21 C0 C1 C32 C0 <wb> C24 C0 C16 C29 C0 C22 C0 C1 C25 C0 <wb> C18 C0 C1 C21 C0 C1 <wb> C37 C0 <wb> C29 C36 C17 C0 C21 C1
marathi_female_003964|C5 C1 C23 C13 C0 C4 C0 C21 C11 <wb> C20 C0 C23 C9 C26 C3 C1 C23 C5 C1 <wb> C38 C11 C21 C0 C19 C26 C34 C0 <wb> C0 C30 C0 C1 <wb> C17 C0 C38 C0 C14 C26 C31 C0 <wb> C19 C0 C29 C0 C16 C32 C0 <wb> C38 C0 C1 <wb> C4 C0 C23 C9 C1 C38 C1 C23 C5 C16 <wb> C36 C8 C0 C21 C0 C25 C0 <wb> C15 C0 C26 C32 C0 C11 <wb> C32 C0 C21 C16 <wb> C4 C0 C29 C0 C25 C11 <wb> C15 C0 C1 <wb> C11 C19 C0 <wb> C37 C0 C16 C8 C0 C16 <wb> C0 C30 C0 C32 C0 C26
marathi_female_003968|C0 C23 C31 C1 C32 C22 C0 C19 C0 <wb> C29 C0 C16 C32 C0 C38 C0 C1 <wb> C28 C0 C29 C0 C31 C36 C29 C1 C22 C1 C5 C11 <wb> C37 C0 C1 C30 C0 C32 C0 C37 C0 C38 C0 <wb> C5 C16 C28 C0 C21 C36 C25 C0 <wb> C17 C0 C37 C0 C21 C16 C21 C0 <wb> C22 C0 C15 C0 C11 C23 C7 C0 C29 C0 <wb> C28 C0 C29 C0 C37 C0 C32 C0 C1 C37 C0 C29 C0 <wb> C1 C15 C0 C11 <wb> C0 C30 C0 C1 <wb> C4 C0 C19 C32 C1 C23 C5 C1 <wb> C30 C0 C22 C0 C17 C0 <wb> C1 C15 C0 C11
marathi_female_003973|C28 C0 C29 C0 C23 C32 C0 C36 <wb> C36 C7 C1 C15 C0 C29 C0 C25 C1 C7 C1 C20 C0 C21 C0 <wb> C28 C29 C0 C4 C1 <wb> C13 C0 C25 C26 C29 C0 C19 C0 C29 C0 <wb> C1 C25 C0 C16 <wb> C22 C0 C21 C21 C16 C19 C1 <wb> C0 C22 C0 C29 C0 C31 C11 C20 C0 <wb> C38 C0 C1 <wb> C7 C26 C14 C16 C23 C5 C1 <wb> C36 C21 C0 C21 C0 C11 C20 C0 <wb> C28 C0 C36 C29 C0 C11 C30 C0 C1 <wb> C37 C0 C15 C0 C1 C37 C0 C1
marathi_female_003978|C28 C0 C23 C9 C0 C16 C32 C0 <wb> C37 C0 C16 C31 C0 C25 C0 C36 <wb> C7 C16 C13 C0 C23 C3 C0 C29 C0 <wb> C36 C30 C0 C32 C0 C1 C7 C0 <wb> C0 C3 C0 C7 C0 C36 C21 C0 <wb> C19 C0 C29 C16 C22 C0 <wb> C38 C0 C1 C23 C24 C0 C16 <wb> C1 C25 C0 C16 <wb> C16 C32 C0 C29 C0 C1 C23 C24 C0 C16 C15 C0 C16 <wb> C17 C0 C21 C0 C31 C1 C23 C22 C0 C8 C38 C11 <wb> C37 C29 C23 C7 C0 C30 C0 C23 C13 C16 C32 C1 C5 C1 <wb> C36 C28 C0 C38 C0 C26 C13 C0 <wb> C19 C0 C11 C21 C0 C1
marathi_female_003983|C1 C28 C0 C21 C0 C38 C0 C1 <wb> C29 C0 C1 C17 C0 C1 C23 C5 C0 C16 <wb> C13 C0 C1 C9 C0 C16 <wb> C38 C1 C1 C28 C0 C21 C38 C1 <wb> C30 C0 C1 C37 C0 C23 C32 C0 C37 C0 C1 C9 C0 C16 C5 C0 C38 C0 C1 <wb> C22 C0 C15 C0 C1 C29 C0 C1 C17 C0 C1 C23 C5 C0 C38 C0 C1 <wb> C31 C0 C11 C17 C0 C1 C29 C0 C16 <wb> C3 C0 C30 C0 C36 C24 C0 <wb> C1 C21 C0 C16 C30 C0 <wb> C32 C0 C36 <wb> C7 C0 C36 C30 C0 C38 C0 C1 C24 C0 C23 <wb> C22 C0 C1 C15 C0 C16 C32 C0 C16 <wb> C28 C0 C36 C29 C0 C37 C0 C21 C0 C16
marathi_female_004000|C29 C0 C26 C17 C0 C5 C0 C38 C0 C1 <wb> C1 C15 C1 C29 C1 C32 C0 <wb> C30 C2 C21 C0 C9 C0 <wb> C17 C38 C36 C30 C0 <wb> C19 C0 C1 C23 C7 C0 C1 <wb> C34 C0 C22 C1 C34 C11 <wb> C22 C36 C21 C1 <wb> C13 C1 C17 C0 C29 C0 <wb> C19 C1 C19 C0 C9 C16 <wb> C28 C0 C32 C0 C32 C0 C1 <wb> C19 C26 C3 C16 <wb> C0 C30 C0 C1 C37 C0 C11
marathi_female_004023|C32 C0 C16 C5 C0 C16 <wb> C5 C0 C1 C15 C0 C36 C21 C0 <wb> C21 C0 C1 C13 C0 C21 C0 C38 C0 C1 C3 C0 C29 C0 C26 C3 C0 C29 C0 <wb> C30 C26 C24 C16 C24 C11 <wb> C19 C0 C31 C0 C16 C25 C0 <wb> C1 C37 C0 C1 C17 C0 C1 C32 C0 <wb> C22 C38 C1 C37 C0 <wb> C19 C0 C11 C21 C0 C11
marathi_female_004033|C19 C11 C21 C38 C1 C22 C0 C8 C38 C11 <wb> C12 C1 C38 C0 C3 C0 C29 C0 C3 C0 C29 C26 C3 C0 C29 C0 C5 C0 <wb> C30 C36 C19 C29 C26 C30 C0 <wb> C12 C29 C36 C19 C34 C26 C30 C0 <wb> C37 C0 <wb> C13 C21 C36 C19 C26 C17 C0 <wb> C38 C0 C1 <wb> C32 C0 C16 C24 C0 <wb> C24 C0 C2 C30 C0 C29 C0 C13 C0 C16 C19 C0 <wb> C31 C0 C29 C19 C0 C29 C1 <wb> C0 C30 C0 C32 C0 C1 C32 C0
marathi_female_004037|C20 C0 C36 C28 C0 <wb> C6 C0 C1 C24 C0 <wb> C1 C25 C0 C16 <wb> C29 C26 C22 C2 C23 C34 C16 C19 C0 <wb> C21 C0 C16 C15 C0 C16 C21 C0 C16 <wb> C1 C15 C0 C11
marathi_female_004038|C19 C0 C1 C38 C0 <wb> C1 C15 C0 C11 <wb> C11 C19 C0 C32 C1 <wb> C19 C0 C28 C36 C29 C0 C5 C38 C1 <wb> C30 C16 C29 C16 C0 C21 C0 <wb> C3 C0 C14 C16 C32 C0 C21 C38 C1 C5 C1 <wb> C7 C0 C36 C31 C0 C28 C0 C29 C0 C16 C25 C0 C1 C22 C0 <wb> C0 C30 C0 C1 C37 C0 C1
marathi_female_004059|C1 C28 C0 C25 C0 <wb> C30 C0 C29 C0 C37 C0 C1 C23 C24 C0 C16 <wb> C3 C0 C15 C0 C36 C32 C0 C11 C19 C0 <wb> C37 C0 C11 C21 C0 C11 C21 C0 C1 <wb> C32 C0 C16 C21 C0 C1 <wb> C19 C2 C3 C29 C11 <wb> C19 C0 C16 C23 C37 C0 C1 <wb> C24 C1 C16 C34 C0 C19 C21 C0 C3 C0 C22 C0 C8 C38 C11 <wb> C9 C1 C24 C30 C0 <wb> C19 C0 C29 C0 C32 C0 C1 C24 C0 C1 <wb> C28 C1 C15 C16 C21 C0 C38 C0
marathi_female_004069|C15 C0 C16 <wb> C4 C0 C1 C17 C0 C16 <wb> C19 C0 C5 C26 C9 C38 C1 C23 C3 C0 C29 C26 C3 C0 C29 C0 <wb> C3 C16 C15 C1 C29 <wb> C38 C36 C28 C16 <wb> C22 C0 C8 C0 C38 C0 C11 <wb> C19 C0 C5 C26 C29 C38 C1 <wb> C19 C0 C16 C23 C37 C0 C1 <wb> C19 C0 C5 C26 C9 C38 C1 <wb> C22 C0 C15 C0 C25 C0 C32 C0 C1 C32 C0 <wb> C28 C36 C29 C38 C1 C23 C24 C1 <wb> C20 C1 C32 C1 C32 C0
marathi_female_004078|C36 C29 C8 C37 C0 <wb> C7 C0 C16 C31 C0 C11 C19 C0 C9 C0 C36 C24 C0 <wb> C29 C0 C19 C0 C31 C0 C25 C0 <wb> C19 C0 C29 C0 <wb> C24 C0 C16 <wb> C0 C8 C0 C29 C0 <wb> C22 C0 C15 C0 C25 C0 C17 C0 C11 <wb> C20 C0 C1 C21 C0 C16 C21 C0 <wb> C7 C0 C16 C31 C0 C11 C19 C0 C9 C0 C36 C24 C0 <wb> C29 C0 C19 C0 C31 C0 C25 C0 <wb> C19 C0 C29 C0
marathi_female_004081|C38 C1 C17 C24 C0 C37 C0 C21 C19 C38 C0 <wb> C30 C22 C29 C32 C16 C32 C0 <wb> C22 C1 C23 C30 C0 C20 C0 C23 C9 C0 <wb> C14 C0 C1 C21 C0 C36 C24 C0 <wb> C31 C16 C17 C0 C37 C0 C21 C11 C21 C38 C1 <wb> C4 C0 C1 C32 C0 C1 C5 C0 C38 C0 C1 <wb> C38 C0 C1 <wb> C28 C0 C7 C1 C29 C33 C1 C23 C5 C1 <wb> C30 C0 C28 C0 C31 C0 C34 C0 <wb> C36 C21 C0 C21 C0 C11 C20 C0 <wb> C1 C15 C0 C11
marathi_female_004083|C30 C0 C36 C23 C7 C0 C29 C0 C5 C0 <wb> C36 C32 C0 C32 C0 C22 C0 <wb> C29 C16 C18 C0 C21 C34 C0 <wb> C19 C2 C22 C11 C29 C1 <wb> C1 C25 C0 C16 <wb> C12 C26 C34 C26 C13 C29 C0 C12 C0 C29 C0 <wb> C7 C0 C26 C14 C0 C11 C15 C0 C16 <wb> C36 C5 C0 C5 C0 <wb> C24 C0 C23 C3 C0 C29 C1 C32 C0 <wb> C30 C0 C22 C0 C16 C32 C0 <wb> C30 C0 C22 C0 C16 C32 C0
marathi_female_004094|C19 C0 C37 C0 C16 C32 C0 C1 <wb> C6 C0 C1 C24 C0 <wb> C17 C0 C22 C0 C21 C16 C38 C11 <wb> C28 C0 C7 C1 C29 C28 C0 C25 C1 C32 C0 <wb> C31 C0 C32 C0 C19 C0 <wb> C28 C36 C13 C0 C21 C11 C31 C36 <wb> C30 C0 C22 C0 C16 C32 C0 <wb> C30 C0 C22 C0 C16 C32 C0
marathi_female_004103|C32 C0 C23 C13 C0 <wb> C22 C1 C23 C9 C0 C5 C26 C21 C0 C25 C1 <wb> C3 C0 C23 C9 C16 <wb> C32 C0 C16 C37 C0 C29 C0 <wb> C21 C0 C28 C11 C34 C0 C21 C11 C21 C11 <wb> C36 C28 C0 C23 C29 C0 C25 C11 <wb> C9 C26 C16 C37 C0 C29 C0 <wb> C28 C0 C13 C0 C9 C16 <wb> C0 C30 C0 C1 <wb> C7 C26 C14 C1 C23 C5 C1 C15 C16 <wb> C28 C0 C26 C31 C0 C1 C20 C0
marathi_female_004106|C4 C0 C1 C29 C0 C16 <wb> C32 C0 C16 C19 C0 C31 C0 C25 C0 <wb> C24 C0 C17 C0 C29 C11 C5 C16 <wb> C28 C0 C26 C29 C0 <wb> C1 C15 C0 C11 <wb> C15 C26 <wb> C1 C25 C0 C16 <wb> C32 C0 C36 C18 C0 C38 C0 C1 <wb> C19 C1 C19 C16 C3 C1 C38 C0 C5 C16 <wb> C1 C37 C0 C9 C0 C32 C16 <wb> C28 C0 C25 C0
marathi_female_004107|C22 C1 C38 C0 C3 C26 C21 C16 C37 C0 C29 C0 C5 C38 C1 <wb> C30 C0 C8 C0 C38 C0 C1 C5 C0 C38 C0 C1 <wb> C24 C0 C19 C1 C29 C1 C32 C22 C0 C19 C0 <wb> C1 C3 C26 C15 C0 C37 C11 C22 C0 C8 C11 <wb> C15 C0 C16 <wb> C11 C19 C0 <wb> C12 C29 C11 C31 C0 <wb> C18 C36 C21 C36 C19 C0 C5 C0 <wb> C1 C15 C0 C11
marathi_female_004115|C32 C0 C16 <wb> C22 C0 C21 C0 C1 <wb> C37 C2 C24 C0 <wb> C13 C26 C5 C38 C1 <wb> C5 C16 C32 C29 C1 C23 C30 C1 C29 C0 C20 C16 <wb> C28 C1 C15 C0 C32 C1 C19 C31 C0 C25 C16 C5 C0 C23 <wb> C19 C0 C1 C21 C0 C17 C0 C1 C5 C0 C1 <wb> C35 C0 C1 C37 C0 <wb> C14 C0 C11 C25 C0 C1 C29 C0 C16 <wb> C37 C0 C1 C34 C0 C21 C0 C16 <wb> C24 C0 C1 C15 C0 C16
marathi_female_004126|C31 C0 C16 C37 C0 C1 C38 C0 <wb> C30 C37 C0 C38 C0 C23 C28 C1 C19 C0 C14 C0 C29 C1 C21 C1 <wb> C3 C0 C1 C15 C0 C11 C29 C0 C5 C0 C38 C0 C1 <wb> C28 C2 C30 C11 C17 C0 C22 C0 C8 C38 C11 <wb> C36 C14 C0 C9 C0 C25 C1 C29 C16 <wb> C11 C19 C0 <wb> C36 C23 C5 C1 C37 C0 C29 C0 C5 C16 <wb> C20 C0 C16 C9 C0 C19 C0 C16 <wb> C15 C0 C26 C32 C0 C16 <wb> C18 C0 C9 C0 C28 C0 <wb> C0 C30 C0 C21 C0 C11 C21 C0 C16
marathi_female_004146|C1 C25 C0 C16 <wb> C5 C27 C33 C11 <wb> C22 C0 C15 C0 C25 C0 C17 C0 C11 <wb> C36 C7 C38 C1 C5 C38 C1 <wb> C17 C0 C13 C0 C7 C0 C23 C3 C11 C5 C38 C1 <wb> C14 C0 C34 C0 C19 C0 <wb> C5 C1 C5 C0 C25 C16 C32 C36 C24 C0 <wb> C32 C0 C1 C32 C0 C28 C0 C36 C29 C0 C32 C0 C16 <wb> C30 C0 C36 C34 C0 C19 C0 C1 <wb> C18 C0 C1 C21 C0 C16 <wb> C0 C30 C0 C32 C0 C16
marathi_female_004162|C30 C0 C23 C8 C0 C38 C0 C1 C19 C0 C1 C21 C0 <wb> C28 C0 C29 C0 C38 C0 C23 C32 C0 <wb> C28 C0 C29 C0 C32 C0 <wb> C37 C1 C22 C0 C19 C36 C19 C31 C16 <wb> C19 C0 C29 C0 C1 C38 C0 C5 C0 C16 <wb> C30 C0 C26 C9 C0 C36 C24 C0 <wb> C19 C0 C36 C35 C0 C11 <wb> C7 C0 C13 C0 C9 C0 C8 C26 C23 C9 C38 C1 C32 C0 <wb> C19 C1 C34 C1 C19 C36 C34 C0 C19 C38 C1 C23 C32 C0 <wb> C12 C0 C29 C0 C12 C0 C34 C0 C32 C0 <wb> C3 C0 C30 C0 C32 C0 C1 C32 C0
marathi_female_004165|C1 C23 <wb> C19 C26 C19 C16 C21 C0 C5 C11 <wb> C9 C0 C26 C21 C0 C11 <wb> C21 C0 C1 C21 C0 <wb> C0 C30 C0 C32 C0 C1 C32 C0
marathi_female_004166|C32 C0 C38 C0 C1 C32 C0 C15 C0 C16 <wb> C15 C0 C1 <wb> C29 C16 C30 C26 C29 C30 C0 <wb> C0 C3 C38 C36 C18 C0 C5 C1 <wb> C22 C0 C36 C7 C0 C7 C0 C1 <wb> C15 C0 C26 C32 C0 C1
marathi_female_004169|C28 C1 C29 C19 C0 <wb> C28 C2 C21 C11 C30 C0 <wb> C15 C26 C34 C11 C21 C0 C22 C0 C8 C36 C24 C0 <wb> C24 C1 C30 C32 C1 <wb> C19 C0 C29 C0 C36 C24 C0 <wb> C1 C22 C0 C15 C0 C16 <wb> C3 C0 C1 C37 C0 C16 C30 C0 <wb> C3 C0 C30 C0 C24 C11 <wb> C3 C11 C21 C36 C29 C0 <wb> C22 C0 C35 C1 C19 C0 C9 C11 <wb> C24 C0 C16 C14 C0 C1 C21 C0 C26
marathi_female_004174|C0 C31 C0 C1 <wb> C28 C0 C23 C5 C0 C32 C1 C29 C1 C23 C19 C16 C32 C0 <wb> C32 C36 C29 C36 C23 C13 C0 C37 C1 C30 C1 C30 C1 C35 C16 <wb> C4 C0 C37 C0 C16 C31 C0 C38 C0 C1 C32 C0 <wb> C28 C0 C29 C0 C32 C0 C38 C0 C11 C19 C0 <wb> C24 C0 C1 C13 C0 C29 C0 C16 C19 C0 <wb> C19 C0 C30 C1 C3 C0 C5 C0 <wb> C15 C0 C26 C16 C21 C0
marathi_female_004178|C32 C0 C38 C0 C1 C23 C5 C0 C38 C0 C1 C19 C0 C9 C0 C11 <wb> C19 C0 C21 C0 C25 C38 C1 C5 C38 C1 <wb> C1 C25 C0 C16 <wb> C22 C11 C33 C16 C5 C38 C1 <wb> C4 C0 C1 C19 C0 C29 C0 C16 <wb> C30 C0 C26 C3 C0 C32 C0 <wb> C20 C1 C21 C21 C16 <wb> C1 C15 C0 C11 <wb> C15 C0 C16 <wb> C5 C0 C34 C0 C25 C16
marathi_female_004190|C29 C1 C35 C16 C23 C5 C38 C1 <wb> C15 C0 C1 C32 C0 C1 C32 C0 C16 C21 C0 <wb> C28 C36 C31 C28 C0 C13 C36 C5 C6 C0 <wb> C9 C0 C16 C24 C0 <wb> C38 C0 C1 C23 C24 C0 C16 <wb> C1 C22 C0 C7 C1 C29 C0 C30 C1 C15 C11 C3 C1 C23 C24 C1 <wb> C7 C0 C11 C32 C0 C1 C5 C0 <wb> C34 C1 C21 C38 C1 C23 C5 C1 <wb> C19 C0 C9 C0 C19 C0 C9 C0 C1 C34 C0 <wb> C18 C0 C1 C21 C0 C1
marathi_female_004205|C30 C36 C24 C24 C16 <wb> C37 C0 C19 C12 C0 <wb> C3 C26 C29 C9 C0 <wb> C30 C36 C28 C29 C16 C22 C0 <wb> C19 C26 C29 C34 C1 C32 C0 <wb> C0 C28 C16 C21 C0 <wb> C19 C0 C29 C0 C25 C0 C1 C29 C0 <wb> C1 C15 C0 C11
marathi_female_004206|C17 C0 C26 C31 C0 C16 <wb> C19 C0 C1 C19 C0 C1 <wb> C32 C0 C11 C5 C0 <wb> C15 C0 C26 <wb> C32 C0 C11 C5 C0 <wb> C22 C15 C0 C25 C0 C34 C0 C21 C26 <wb> C22 C0 C16 <wb> C11 C37 C15 C10 C0 C23 <wb> C37 C2 C32 C1 C13 C36 <wb> C24 C0 C19 C0 C1
marathi_female_004212|C38 C0 C1 <wb> C22 C0 C15 C1 C21 C0 C19 C31 C22 C38 C1 C23 C5 C16 <wb> C22 C0 C1 C15 C0 C16 C32 C0 C16 <wb> C37 C16 C7 C0 C29 C4 C1 C32 C0 C21 C11 <wb> C22 C1 C3 C26 C19 C0 C29 C0 C5 C0 <wb> C24 C0 C16 C34 C0 <wb> C30 C0 C1 C23 C13 C0 C36 <wb> C31 C0 C19 C0 C32 C0 C16 C21 C0 <wb> C13 C0 C23
marathi_female_004213|C19 C0 C1 C15 C0 C16 <wb> C30 C0 C1 C8 C0 C36 <wb> C1 C28 C0 C21 C0 C38 C0 C1 <wb> C13 C36 C29 C36 C5 C38 C1 <wb> C30 C0 C22 C1 C8 C16 C17 C0 C37 C0 C21 C0 <wb> C30 C0 C22 C1 C8 C16 <wb> C14 C0 C11 C32 C0 C1 C32 C0
marathi_female_004214|C17 C0 C38 C0 C1 C21 C0 C1 <wb> C19 C0 C26 C25 C0 C16 <wb> C0 C9 C0 C37 C0 C32 C0 <wb> C24 C0 C1 C15 C0 C16 <wb> C0 C30 C0 C1 <wb> C32 C1 C29 C19 C31 C38 C0 <wb> C1 C22 C0 C5 C0 C11 <wb> C28 C0 C26 C31 C0 C25 C0 <wb> C19 C0 C29 C26
marathi_female_004222|C5 C0 C16 C9 C0 C21 C0 C11 C21 C0 C38 C0 C1 <wb> C19 C0 C30 C34 C0 C22 C0 C29 C0 C21 C1 <wb> C19 C0 C30 C0 C23 <wb> C15 C2 C23 C9 C0 C21 C0 <wb> C19 C0 C29 C0 C1 C38 C0 C5 C0 C23 <wb> C15 C0 C11 <wb> C22 C11 C15 C0 C32 C1 C23 C24 C1 <wb> C5 C1 C23 C13 C0 C21 C0 C5 C0 <wb> C17 C24 C1 C32 C0 <wb> C15 C0 C26 C32 C0 C23
marathi_female_004224|C3 C0 C29 C0 <wb> C21 C26 C13 C1 C24 C0 C21 C1 C5 C0 <wb> C37 C1 C38 C0 C28 C0 C29 C0 <wb> C21 C11 C12 C34 C0 C15 C2 C25 C9 C0 <wb> C9 C29 C1 C16 C37 C15 C0 <wb> C5 C0 C38 C0 C1 <wb> C3 C11 C32 C1 C24 C11 <wb> C21 C0 C1 C37 C0 C21 C0 C11 C21 C0 C11 <wb> C1 C15 C0 C11 C32 C0 <wb> C24 C0 C1
marathi_female_004228|C11 C3 C16 C11 C30 C0 <wb> C16 C3 C16 C9 C16 <wb> C11 C0 C29 C0 <wb> C3 C2 C13 C17 C0 <wb> C1 C25 C0 C16 <wb> C16 C32 C0 C29 C0 <wb> C30 C11 C12 C34 C16 <wb> C12 C16 C5 C0 C29 C30 C0 C3 C0 C7 C7 C0 C21 C0 <wb> C0 C24 C36 C22 C26 C7 C0 C24 C0
marathi_female_004230|C5 C0 C16 C24 C0 <wb> C37 C0 <wb> C4 C0 C1 C29 C0 C32 C0 <wb> C38 C0 C1 C23 C5 C0 C16 <wb> C14 C27 C9 C0 C7 C27 C9 C0 <wb> C37 C11 C13 C1 C32 C0 <wb> C1 C15 C0 C11
marathi_female_004241|C22 C1 C24 C36 C31 C16 <wb> C14 C0 C29 C0 C1 C5 C0 C38 C0 C1 <wb> C1 C25 C0 C16 <wb> C19 C0 C23 C28 C1 C36 C23 C9 C0 C5 C38 C1 <wb> C4 C0 C16 C23 C32 C0 C16 C5 C0 C38 C0 C1 <wb> C22 C0 C8 C0 C21 C0 C38 C0 C1 <wb> C17 C0 C1 C13 C0 C11 C32 C0 <wb> C11 C19 C0 C1 <wb> C22 C1 C23 C17 C0 C29 C16 C24 C11 <wb> C28 C0 C16 C21 C0 C21 C0 C23 <wb> C14 C0 C1 C32 C0 C21 C0 C16
marathi_female_004246|C32 C38 C1 C32 C0 C21 C16 <wb> C31 C0 C11 C37 C0 C34 C0 C5 C0 C16 <wb> C11 C20 C0 C1 C7 C0 C38 C0 C1 <wb> C9 C26 C21 C0 C19 C0 C29 C0 <wb> C3 C36 C8 C0 C37 C1 C29 C0 C19 C0 C29 C1 C5 C16 <wb> C32 C0 C23 C7 C29 C16 <wb> C21 C1 C13 C0 C21 C38 C1 C37 C0 C29 C0 <wb> C20 C11 C5 C1 C38 C0 C21 C1 <wb> C22 C0 C30 C32 C0 C5 C0 <wb> C1 C15 C0 C11
marathi_female_004248|C3 C1 C17 C16 C28 C29 C0 C4 C36 C23 C17 C0 C37 C0 C21 C0 <wb> C5 C0 C1 C21 C0 C16 C30 C0 <wb> C15 C38 C1 C30 C1 C35 C16 <wb> C19 C0 C16 <wb> C28 C1 C37 C0 C24 C0 C20 C16 C23 C9 C16 C5 C1 <wb> C4 C0 C1 C13 C0 <wb> C7 C36 C29 C13 C0 C22 C0 <wb> C15 C0 C26 C32 C0 C1
marathi_female_004249|C37 C29 C23 C7 C1 <wb> C1 C25 C0 C16 <wb> C30 C0 C16 C7 C0 C8 C0 C1 C29 C0 C33 C0 <wb> C7 C0 C26 C14 C0 C1 C23 C24 C0 C16 <wb> C1 C28 C0 C21 C0 C38 C0 C1 <wb> C28 C0 C29 C0 C16 C24 C0 C11 <wb> C32 C0 C38 C0 C1 C5 C0 C38 C0 C1 <wb> C6 C0 C23 C7 C1 C21 C1 <wb> C20 C0 C32 C0 C28 C1 C25 C16 C5 C0 <wb> C14 C0 C1 C32 C0 C21 C0 C11 <wb> C15 C0 C26 C32 C0 C11
marathi_female_004259|C19 C11 C29 C0 C30 C36 C25 C16 <wb> C30 C1 C21 C36 C32 C1 <wb> C24 C26 C24 C0 C37 C15 C11 C17 C0 <wb> C20 C1 C34 C0 C20 C36 C34 C0 <wb> C22 C1 C19 C0 C9 C0 <wb> C37 C1 C23 C9 C0 C29 C0 <wb> C20 C26 C21 C16 <wb> C3 C1 C23 C8 C0 C25 C11 <wb> C20 C26 C21 C16 <wb> C19 C0 C1 C10 C0 C25 C0 C11
marathi_female_004264|C22 C0 C36 C21 C0 C4 C0 C36 C32 C0 <wb> C30 C26 C38 C16 C23 C5 C38 C1 <wb> C0 C4 C1 C37 C1 C37 C16 C31 C0 C38 C16 <wb> C28 C0 C36 C24 C0 C15 C0 C1 <wb> C19 C0 C11 C37 C0 C21 C0 <wb> C4 C0 C1 C29 C0 C32 C0 C1 C32 C0 C16 C21 C0 <wb> C28 C0 C29 C16 C30 C33 C16 C32 C16 C3 C1 C3 C0 C32 C0 <wb> C3 C0 C15 C36 C22 C0 C32 C1 C24 C11 <wb> C24 C0 C26 C23 C7 C0 <wb> C18 C0 C1 C21 C0 C16 <wb> C1 C15 C0 C11
marathi_female_004273|C28 C0 C36 C10 C0 C5 C0 C38 C0 C1 <wb> C36 C24 C15 C1 C21 C38 C1 C32 C0 <wb> C28 C0 C29 C0 C32 C0 <wb> C3 C1 C23 C8 C0 C37 C0 C13 C0 C9 C0 <wb> C19 C1 C24 C15 C1 <wb> C1 C25 C0 C16 <wb> C17 C0 C22 C0 C21 C38 C1 C30 C0 <wb> C28 C11 C23 C5 C0 <wb> C24 C1 C13 C0 C18 C16 C29 C1 <wb> C19 C0 C29 C0 C1 C38 C0 C5 C0 C1 <wb> C37 C0 C16 C5 C0 C1 C29 C0 <wb> C1 C15 C0 C11
marathi_female_004294|C32 C0 C36 C22 C0 C5 C0 C38 C0 C1 <wb> C22 C0 C1 C24 C0 C30 C0 C16 C19 C0 <wb> C30 C1 C22 C0 C29 C33 C38 C1 C21 C1 <wb> C22 C1 C38 C0 C3 C26 C21 C16 C19 C0 C29 C1 C23 C5 C1 <wb> C30 C0 C21 C0 C1 C22 C0 <wb> C1 C32 C0 C23 C19 C0 <wb> C28 C1 C15 C36 C24 C16 <wb> C5 C0 C15 C36 C26 C29 C0 <wb> C29 C0 C19 C0 C32 C0 <wb> C24 C0 C38 C0 C24 C16 <wb> C7 C1 C34 C21 C11
marathi_female_004303|C9 C0 C26 C19 C0 C38 C0 C1 C32 C0 <wb> C38 C11 C25 C1 C29 C16 <wb> C19 C1 C22 C1 C23 C5 C16 <wb> C38 C0 C1 C7 C0 C16 <wb> C15 C0 C16 <wb> C1 C28 C0 C25 C0 <wb> C19 C0 C36 C35 C0 C11 <wb> C29 C0 C15 C1 C32 C26 C38 C0 <wb> C38 C0 C1 C37 C0 C29 C0 <wb> C0 C37 C0 C21 C0 C22 C3 C36 C24 C0 <wb> C24 C0 C30 C1 C37 C16
marathi_female_004306|C30 C36 C29 C0 C17 C0 C28 C26 C21 C0 <wb> C32 C0 C11 <wb> C5 C26 C23 C7 C0 C28 C26 C21 C0 <wb> C15 C0 C1 <wb> C29 C0 C30 C0 C32 C0 C1 <wb> C28 C0 C36 C29 C0 C37 C0 <wb> C28 C0 C31 C0 C5 C0 C16 C22 C0 <wb> C24 C0 C30 C0 C36 C24 C0 <wb> C30 C0 C26 C21 C0 C1 <wb> C0 C23 C31 C0 <wb> C7 C0 C19 C0 C31 C0 C16 C25 C0 C11 C19 C0 C9 C0 C11 <wb> C19 C0 C21 C0 C21 C11 C21 C1 <wb> C1 C15 C0 C11
marathi_female_004338|C22 C0 C26 C35 C0 C11 <wb> C30 C24 C26 <wb> C30 C34 C26 C29 C22 C0 <wb> C38 C0 C11 C25 C0 C1 C29 C0 <wb> C1 C15 C0 C11 <wb> C37 C16 C19 C0 C11 C24 C9 C0 C21 C1
marathi_female_004349|C31 C0 C22 C26 C24 C16 C19 C30 C0 <wb> C22 C26 C23 <wb> C3 C21 C1 C23 <wb> C15 C0 C11 <wb> C32 C0 C38 C0 C1 <wb> C17 C1 C13 C11 C5 C11 <wb> C24 C0 C1 C37 C0 <wb> C31 C0 C22 C26 C24 C16 C19 C30 C0 <wb> C15 C0 C11 <wb> C32 C0 C38 C0 C1 <wb> C7 C0 C29 C16 C5 C0 C23 <wb> C37 C15 C2 C21 C16 C5 C0 <wb> C24 C0 C1 C37 C0
marathi_female_004357|C5 C36 C21 C16 C37 C0 C29 C0 <wb> C3 C0 C24 C0 C37 C0 C21 C11 C21 C1 <wb> C5 C0 C15 C0 C1 <wb> C28 C1 C29 C21 C11 <wb> C17 C0 C16 <wb> C1 C25 C0 C16 <wb> C30 C0 C26 C3 C0 C32 C0 <wb> C3 C29 C11 C9 C0 <wb> C3 C0 C34 C0 C29 C0 <wb> C17 C0 C1 C22 C0 <wb> C0 C30 C0 C1 <wb> C24 C1 C31 C32 C38 C1 C21 C1 <wb> C22 C11 C24 C36 <wb> C15 C0 C26 C32 C0 C1
marathi_female_004360|C9 C0 C1 C38 C0 <wb> C19 C0 C29 C0 C25 C0 C38 C0 C1 C5 C0 C16 <wb> C38 C36 C24 C16 C34 C30 C0 <wb> C1 C25 C0 C16 <wb> C37 C0 C11 C13 C0 C37 C0 C11 C13 C0 C21 C0 C16 <wb> C0 C13 C0 C7 C0 C16 <wb> C6 C0 C26 C34 C0 C38 C0 C1 <wb> C28 C29 C0 C22 C1 C25 C1 C32 C0 C21 C16 <wb> C19 C11 C22 C16 C19 C0 C21 C0 <wb> C38 C36 C24 C16 C34 C0 C30 C0 <wb> C0 C30 C0 C32 C0 C1 C32 C0
marathi_female_004366|C28 C0 C26 C34 C0 C1 C32 C0 <wb> C13 C0 C17 C0 <wb> C1 C32 C0 C28 C0 C29 C38 C0 C23 C32 C0 <wb> C14 C36 C30 C0 C21 C38 C1 C37 C0 C29 C0 C5 C0 <wb> C4 C1 C24 C36 <wb> C13 C0 C32 C0 C15 C28 C29 C1 C25 C0 <wb> C18 C0 C1 C21 C0 C11 C21 C0 C1 <wb> C15 C0 C26 C32 C0 C1
marathi_female_004368|C16 C33 C0 C11 <wb> C0 C22 C0 C11 C29 C0 C16 C19 C0 C11 C32 C0 <wb> C22 C0 C34 C0 C25 C1 C5 C38 C1 <wb> C20 C16 C22 C38 C1 C5 C11 <wb> C30 C16 C20 C0 <wb> C19 C0 C3 C1 C3 C0 <wb> C14 C0 C29 C0 C16 <wb> C19 C0 C26 C25 C0 <wb> C19 C0 C29 C0 C32 C0 C23
marathi_female_004375|C32 C38 C1 C23 C28 C2 C19 C16 <wb> C11 C19 C0 <wb> C15 C0 C26 C32 C0 C1 <wb> C30 C16 C29 C16 C38 C1 C32 C36 C24 C0 <wb> C1 C21 C0 C11 C21 C0 C1 <wb> C0 C29 C24 C11 C30 C34 C0 <wb> C15 C1 C22 C37 C16
marathi_female_004387|C22 C0 C26 C35 C0 C16 <wb> C18 C0 C1 C21 C0 C16 <wb> C19 C0 C16 <wb> C32 C0 C38 C0 C1 C23 C5 C0 C16 <wb> C26 C28 C16 C24 C16 C38 C0 C24 C30 C0 <wb> C12 C0 C29 C22 C0 <wb> C15 C0 C26 C32 C0 C1 C32 C0 <wb> C0 C22 C0 C11 C29 C0 C16 C19 C0 C24 C0 <wb> C19 C0 C22 C12 C0 C29 C34 C0 <wb> C18 C26 C24 C0 C22 C0 C8 C38 C11 <wb> C17 C0 C1 C32 C0 C1 C32 C0
marathi_female_004393|C37 C0 C29 C0 C32 C0 C16 <wb> C19 C0 C26 C25 C0 C16 C32 C0 C29 C0 C16 <wb> C22 C15 C0 C25 C0 C21 C38 C1 C28 C29 C0 C22 C1 C25 C11 <wb> C28 C0 C25 C0 <wb> C24 C1 C5 C38 C1 C37 C0 C29 C0 <wb> C3 C0 C21 C0 C1 C32 C0 C19 C0 C1 C29 C0 <wb> C1 C25 C0 C16 <wb> C11 C19 C0 C36 C25 C0 C5 C0 <wb> C29 C0 C1 C17 C0 C19 C0 C1 C29 C0 C25 C0 <wb> C14 C36 C30 C0 C37 C0 C21 C11 C21 C0 <wb> C37 C0 C1 C34 C0 C21 C0
marathi_female_004395|C32 C0 C38 C0 C1 C23 C5 C0 C38 C0 C1 C32 C0 C16 C21 C0 <wb> C11 C19 C0 C1 C24 C0 C11 <wb> C22 C0 C13 C0 <wb> C32 C0 C38 C0 C1 C21 C0 C1 <wb> C5 C27 C19 C16 C37 C0 C29 C0 <wb> C24 C0 C11 C21 C0 C23 <wb> C5 C27 C19 C16 C32 C16 C21 C0 <wb> C21 C0 C26 C19 C0 C1 C23 C24 C0 C16 <wb> C34 C11 C15 C0 C29 C11 C31 C16 <wb> C30 C0 C23 C28 C0 C29 C0 C19 C0 <wb> C30 C0 C1 C8 C0 C21 C0 C1
marathi_female_004400|C15 C0 C16 <wb> C3 C0 C1 C3 C0 <wb> C32 C0 C38 C0 C1 C23 C24 C0 C16 <wb> C24 C0 <wb> C21 C0 C28 C0 C37 C16 C32 C1 <wb> C32 C0 C11 <wb> C19 C1 C23 C13 C29 C11 C30 C0 C5 C11 <wb> C21 C0 C26 C19 C0 C31 C0 C1 C15 C0 C16 <wb> C22 C0 C1 C29 C0 C13 C0 C1 C24 C0 C11 <wb> C0 C8 C0 C38 C0 C19 C0 C31 C0 <wb> C18 C0 C1 C21 C0 C11
marathi_female_004408|C0 C17 C0 C38 C0 <wb> C32 C0 C36 C22 C0 C15 C0 C16 <wb> C17 C0 C1 C32 C0 C1 C24 C0 C1 <wb> C11 C19 C0 C34 C0 C11 <wb> C38 C0 C11 C32 C0 C1 C24 C0 C1 <wb> C7 C36 C19 C0 C34 C11 <wb> C37 C0 C13 C0 C2 C29 C0 C11 <wb> C3 C0 C1 C32 C0 C22 C0 C16 <wb> C1 C22 C0 C5 C38 C1 C28 C0 C29 C38 C0 C23 C32 C0 <wb> C1 C8 C0 C16 <wb> C28 C26 C5 C0 C21 C16 C30 C36 C7 C8 C1
marathi_female_004454|C19 C0 C26 C25 C0 C32 C0 C38 C0 C1 C15 C0 C16 <wb> C28 C21 C26 C34 C0 <wb> C19 C0 C16 C23 C37 C0 C1 <wb> C4 C0 C37 C0 C24 C1 C21 C1 <wb> C3 C0 C32 C0 C32 C0 C16 C30 C0 <wb> C28 C0 C29 C0 C19 C0 C1 C29 C0 C11 <wb> C7 C0 C29 C0 C37 C0 C1 C17 C0 C1 <wb> C19 C0 C1 C10 C0 C32 C0 C1 <wb> C38 C0 C11 C32 C0 C26
marathi_female_004458|C1 C15 C1 C15 C1 <wb> C13 C0 C25 C11 C31 C26 C32 C30 C0 C37 C0 <wb> C6 C1 C38 C1 C5 C16 C32 C29 C1 C23 C5 C1 <wb> C18 C0 C3 C3 C36 <wb> C30 C28 C16 C24 C0 <wb> C7 C0 <wb> C38 C1 C29 C24 C0 <wb> C8 C0 C22 C1 C21 C0 <wb> C30 C0 C22 C0 C16 C32 C0 <wb> C30 C0 C22 C0 C16 C32 C0 <wb> C31 C0 C36 C4 C0 C11 C5 C0 C6 C0 C1
marathi_female_004463|C13 C0 C16 C32 C0 C1 <wb> C28 C29 C11 C30 C0 <wb> C1 C25 C0 C16 <wb> C29 C1 C22 C0 C19 C29 C31 C25 C0 <wb> C22 C16 C31 C0 C24 C0 C5 C16 <wb> C28 C0 C36 C30 C0 C32 C0 C19 C0 C11 <wb> C3 C0 C29 C38 C1 C5 C0 <wb> C35 C0 C16 C19 C0 C1 C25 C0 C16 <wb> C36 C28 C0 C21 C0 C3 C0 C8 C0 <wb> C1 C15 C0 C11 C32 C0
marathi_female_004468|C32 C0 C38 C0 C1 C22 C0 C36 C21 C0 C11 <wb> C37 C0 C1 C5 C0 C19 C0 <wb> C19 C0 C37 C0 C16 C32 C0 C1 <wb> C30 C0 C26 C9 C0 C36 C24 C0 <wb> C1 C28 C0 C21 C0 C38 C0 C1 <wb> C5 C26 C22 C0 C9 C11 C28 C0 C25 C1 C19 C0 C9 C11 <wb> C17 C0 C1 C30 C0 C32 C0 <wb> C1 C19 C0 C29 C31 C16 C32 C0 <wb> C15 C0 C26 C32 C0 C1 C32 C0
marathi_female_004470|C38 C0 C1 <wb> C30 C0 C23 C30 C0 C33 C0 C11 C5 C0 C38 C0 C1 <wb> C12 C0 C23 C9 C1 C5 C38 C1 <wb> C37 C38 C1 C17 C1 C5 C1 <wb> C36 C28 C0 C38 C0 C26 C13 C0 <wb> C28 C36 C24 C0 C29 C37 C16 C37 C1 C15 C11 C5 C6 C36 <wb> C37 C16 C8 C0 C37 C1 C23 C5 C38 C1 <wb> C22 C0 C7 C0 C32 C16 C30 C1 C35 C16 <wb> C19 C0 C11 C21 C0 C1 <wb> C17 C0 C1 C32 C0 <wb> C0 C30 C0 C11
marathi_female_004477|C1 C25 C0 C16 <wb> C0 C31 C0 C38 C0 C1 <wb> C30 C12 C36 C29 C32 C16 C7 C1 C38 C16 <wb> C22 C36 C21 C16 C5 C11 <wb> C24 C0 C1 C37 C0 <wb> C15 C0 C26 C32 C0 C11 <wb> C37 C16 C21 C22 C1 <wb> C29 C36 C9 C26 C21 C12 C0
marathi_female_004487|C28 C0 C25 C0 <wb> C19 C0 C29 C26 C9 C26 C23 C5 C38 C1 <wb> C19 C26 C23 C9 C1 C21 C38 C1 C32 C0 <wb> C1 C28 C0 C21 C0 C23 <wb> C37 C16 C31 C29 C1 C23 C32 C16 C30 C33 C0 C21 C0 <wb> C24 C0 C1 C15 C0 C16
marathi_female_004496|C29 C16 C19 C31 C1 C37 C1 C21 C38 C1 C23 C5 C38 C1 <wb> C12 C0 C1 C29 C0 C31 C0 C1 <wb> C37 C16 C24 C0 C37 C0 C25 C38 C1 <wb> C19 C0 C29 C0 C1 C38 C0 C21 C0 C1 <wb> C24 C0 <wb> C21 C0 C1 C13 C0 C32 C0 C1 <wb> C1 C22 C0 C15 C0 C16 <wb> C22 C36 C21 C36 C23 C9 C0 C37 C0 C29 C36 C24 C0 <wb> C24 C1 C15 C36 C29 C0 C21 C1 <wb> C28 C0 C26 C15 C0 C26 C5 C0 C21 C0 C26
marathi_female_004506|C32 C0 C29 C16 C5 C0 <wb> C32 C0 C16 <wb> C12 C1 C29 C0 C11 C25 C9 C0 <wb> C5 C0 C16 <wb> C17 C0 C3 C0 C29 C16 <wb> C28 C0 C29 C16 C19 C31 C0 C25 C11 <wb> C34 C0 C25 C1 C34 C0 C25 C1 <wb> C36 C9 C0 C38 C0 C1 <wb> C22 C0 C1 C29 C0 C36 C24 C0 <wb> C37 C0 C29 C0 C32 C0 C16 <wb> C1 C21 C16 C32 C0
marathi_female_004510|C22 C0 C16 <wb> C21 C0 C13 C0 C24 C0 C1 C30 C0 C1 C35 C0 C16 <wb> C30 C36 C34 C34 C16 C37 C0 C29 C0 <wb> C24 C0 C16 C14 C0 C1 C21 C0 C11 <wb> C32 C0 C11 C37 C0 C15 C0 C1 <wb> C5 C2 C22 C28 C16 C38 C0 C24 C30 C0 <wb> C21 C16 C13 C0 <wb> C17 C0 C26 C29 C0 C1 C32 C0 <wb> C5 C0 C1 C21 C0 C36 <wb> C15 C0 C26 C32 C0 C16
marathi_female_004513|C32 C36 C29 C32 C0 <wb> C32 C0 C29 C0 C16 <wb> C22 C0 C1 C18 C0 C38 C0 C1 <wb> C30 C0 C22 C0 C30 C38 C1 C23 C5 C11 <wb> C30 C0 C22 C0 C1 C8 C0 C1 C24 C0 <wb> C22 C0 C21 C0 C1 <wb> C22 C0 C16 C21 C0 C1 C21 C0 C11
marathi_female_004522|C22 C2 C19 C18 C16 C22 C0 <wb> C13 C26 C29 C19 C16 C5 C16 <wb> C22 C0 C7 C0 C29 C0 <wb> C5 C0 C1 C29 C0 <wb> C37 C0 C11 C21 C0 C1 <wb> C28 C0 C29 C0 C1 C22 C0 C1 C25 C0 C16 C19 C0 C28 C0 C25 C0 C11 <wb> C28 C0 C29 C0 C38 C0 C32 C0 C24 C0 <wb> C19 C0 C29 C36 C24 C0 C15 C16 <wb> C0 C29 C0 C8 C0 C37 C0 C34 C0 C5 C0 <wb> C29 C1 C15 C16 C21 C16 C38 C11 <wb> C0 C17 C0 C36 C24 C0
marathi_female_004523|C32 C0 C38 C0 C1 C22 C0 C36 C21 C0 C11 C5 C0 <wb> C32 C0 C16 <wb> C17 C1 C30 C32 C16 C32 C0 C19 C1 C30 C32 C0 <wb> C19 C0 C1 C21 C0 <wb> C13 C0 C11 C21 C0 C38 C0 C1 <wb> C30 C0 C15 C0 C1 <wb> C7 C0 C16 C37 C0 C30 C0 C1 C32 C0 <wb> C22 C26 C24 C1 C30 C0 C22 C26 C29 C0 C5 C0 <wb> C0 C30 C0 C1 C38 C0 C5 C0 C16
marathi_female_004534|C30 C12 C36 C21 C21 C16 C23 C13 C0 <wb> C5 C11 C32 C0 C37 C0 C25 C11 <wb> C17 C1 C13 C29 C32 C0 <wb> C19 C0 C29 C0 C25 C0 C11 <wb> C28 C29 C0 C17 C17 C37 C0 C21 C16 C32 C0 <wb> C19 C0 C29 C0 C25 C0 C11
marathi_female_004539|C30 C0 C30 C32 C38 C1 C32 C0 C21 C0 C23 <wb> C19 C0 C29 C0 C36 C24 C0 <wb> C18 C1 C21 C0 C38 C0 <wb> C22 C1 C13 C11 C5 C0 <wb> C1 C32 C0 C1 <wb> C12 C0 C30 C34 C0 C19 C21 C1 C30 C0 <wb> C12 C0 C29 C0 C30 C0 C34 C0 <wb> C38 C11 C25 C38 C1 C17 C26 C13 C0 C23 <wb> C19 C0 C29 C1 C38 C0 C5 C0 C38 C0
marathi_female_004549|C28 C0 C29 C0 C16 C25 C0 C1 C22 C0 C16 <wb> C15 C1 C29 C34 C0 <wb> C34 C29 C0 C3 C0 C21 C0 <wb> C30 C1 C23 C8 C11 <wb> C7 C36 C20 C16 <wb> C3 C21 C0 C9 C0 C28 C29 C11 C31 C0 C29 C0 <wb> C30 C0 C1 C29 C0 C20 C0 C38 C0 C1 <wb> C29 C26 C13 C1 C23 C24 C1 <wb> C3 C0 C21 C0 C16 <wb> C28 C0 C9 C0 C1 C37 C0 C23 <wb> C21 C0 C1 C13 C0 C32 C0 C23
marathi_female_004554|C21 C0 C32 C1 <wb> C1 C31 C1 C5 C1 <wb> C7 C0 C3 C0 C7 C0 C3 C0 C1 <wb> C0 C30 C0 C21 C0 C11 C21 C0 C38 C0 C1 <wb> C29 C0 C1 C17 C0 C38 C0 C1 C32 C0 <wb> C0 C24 C36 C29 C1 C8 C1 C5 C11 <wb> C28 C0 C29 C0 C30 C0 C33 C0 <wb> C32 C0 C30 C0 C11 <wb> C22 C0 C15 C0 C34 C0 C21 C0 C11 <wb> C32 C0 C29 C0 <wb> C3 C0 C30 C0 C21 C11 C5 C0 <wb> C24 C0 C30 C0 C32 C0 C11
marathi_female_004556|C6 C0 C3 C0 <wb> C7 C16 C20 C0 C21 C1 C17 C1 <wb> C29 C0 C11 <wb> C3 C1 C23 C19 C11 <wb> C30 C1 C37 C0 C29 C16 C38 C1 <wb> C38 C0 C1 C37 C0 C29 C0 <wb> C0 C8 C1 C29 C16 C32 C0 <wb> C22 C0 C8 C36 C22 C0 C8 C36 C29 C1 <wb> C32 C0 C37 C0 <wb> C13 C16 C29 C1 <wb> C1 C15 C0 C11
marathi_female_004559|C7 C0 C29 C0 C22 C0 C38 C0 C1 C24 C0 <wb> C37 C26 C31 C16 C23 C13 C34 C0 C24 C0 C21 C1 <wb> C5 C0 C16 C24 C0 C5 C0 C38 C0 C1 <wb> C28 C1 C19 C16 C30 C32 C1 C24 C16 <wb> C0 C25 C37 C0 C30 C32 C29 C0 C28 C29 C0 C19 C0 C21 C28 C1 C32 C16 C21 C0 <wb> C30 C0 C15 C0 C19 C1 C29 C38 C1 C3 C0 C7 C7 C0 C21 C0 <wb> C13 C0 C7 C1 C29 C26 C21 C0 <wb> C5 C1 C21 C0 C21 C1 C5 C0 <wb> C15 C0 C26 C32 C0 C1
marathi_female_004569|C19 C0 C1 C29 C0 C25 C0 <wb> C28 C0 C31 C5 C16 C22 C0 <wb> C22 C0 C15 C0 C1 C29 C0 C1 C31 C0 C34 C0 C29 C0 C1 C32 C0 <wb> C31 C11 C32 C16 C21 C1 <wb> C22 C0 C17 C36 C29 C0 <wb> C22 C0 C16 C21 C0 C25 C0 C11 <wb> C12 C0 C1 C29 C0 <wb> C22 C36 C31 C19 C16 C21 C0 <wb> C1 C15 C0 C11
marathi_female_004584|C28 C36 C25 C11 C30 C33 C16 C32 C0 <wb> C28 C0 C29 C30 C16 C30 C34 C0 C23 C34 C0 <wb> C30 C16 C30 C34 C16 C22 C30 C0 <wb> C21 C16 C22 C16 C34 C11 C9 C0 C5 C1 <wb> C1 C38 C0 C28 C16 C26 <wb> C1 C15 C0 C11
marathi_female_004587|C32 C0 C38 C0 C1 C5 C0 C38 C0 C1 <wb> C37 C1 C19 C38 C1 C37 C1 C19 C38 C1 C32 C36 C24 C0 <wb> C22 C0 C29 C0 C1 C35 C0 C16 C5 C0 C1 <wb> C17 C1 C17 C37 C0 C21 C38 C0 <wb> C0 C4 C0 C16 C22 C0 C1 C24 C0 <wb> C22 C1 C38 C0 C19 C29 C26 C37 C11 C37 C15 C0 C22 C0 C8 C0 C21 C38 C1 <wb> C28 C26 C28 C0 C19 C26 C29 C24 C0 <wb> C30 C0 C1 C29 C0 C20 C0 C1 <wb> C36 C30 C0 C21 C0 C32 C0 <wb> C15 C0 C26 C32 C0 C1
marathi_female_004592|C0 C17 C36 C24 C0 <wb> C11 C19 C0 <wb> C35 C0 C16 C19 C0 C1 C25 C0 <wb> C1 C15 C0 C11 <wb> C32 C0 C11 <wb> C22 C0 C15 C0 C25 C0 C17 C0 C11 <wb> C22 C0 C1 C18 C0 C38 C0 C1 <wb> C3 C16 C21 C9 C16 C23 C13 C0 C5 C38 C1 <wb> C1 C37 C1 C29 C1 C32 C0 C21 C11 <wb> C6 C1 C24 C0 C30 C11 <wb> C32 C0 C21 C0 C11
marathi_female_004597|C15 C0 C11 <wb> C1 C28 C0 C21 C38 C1 C30 C1 C29 C0 C20 C38 C1 <wb> C30 C36 C17 C24 C0 <wb> C31 C0 C16 C19 C0 C31 C0 C16 C32 C0 <wb> C21 C26 C19 C1 C32 C0 <wb> C19 C0 C21 C0 C32 C0 <wb> C24 C0 C1 C15 C0 C16 <wb> C15 C16 C5 C0 <wb> C20 C0 C29 C0 C16 <wb> C31 C26 C19 C1 C23 C32 C16 C19 C1 <wb> C1 C15 C0 C11
marathi_female_004599|C22 C0 C13 C0 <wb> C31 C16 C20 C1 C23 C5 C11 <wb> C8 C0 C29 C22 C0 C13 C36 C29 C36 <wb> C32 C11 C13 C0 C3 C0 C15 C1 C7 C7 C36 C29 C0 <wb> C38 C0 C1 C23 C24 C0 C1 C15 C0 C16 <wb> C32 C0 C38 C0 C1 C24 C0 C11 <wb> C22 C0 C1 C29 C0 C21 C0 C11
marathi_female_010191|C0 C24 C24 C1 C5 C11 <wb> C30 C11 C37 C0 C24 C0 <wb> C38 C0 C26 C13 C0 C38 C0 <wb> C37 C0 C11 C21 C0 C11 C32 C0 <wb> C19 C0 C11 C21 C0 C11 <wb> C24 C0 C1 C15 C0 C16 <wb> C32 C0 C29 C0 <wb> C7 C0 C11 C15 C0 C1 C21 C0 C1 <wb> C0 C24 C24 C0 C31 C0 C19 C32 C16 C5 C1 <wb> C28 C0 C36 C29 C0 C11 C30 C0 C1 <wb> C28 C0 C36 C29 C0 C37 C0 C35 C0 C1 <wb> C15 C0 C26 C32 C0 <wb> C24 C0 C1 C15 C0 C16
marathi_female_010194|C38 C0 C1 <wb> C30 C0 C29 C0 C37 C0 C1 C23 C5 C0 C1 <wb> C28 C0 C29 C0 C16 C25 C0 C1 C22 C0 <wb> C31 C0 C29 C16 C29 C1 C5 C38 C1 <wb> C19 C1 C29 C38 C0 C19 C31 C0 C22 C0 C32 C11 C37 C0 C29 C0 <wb> C15 C0 C26 C32 C0 C26 <wb> C32 C0 C38 C0 C1 C22 C0 C36 C21 C0 C11 <wb> C37 C0 C11 C21 C0 C11 C32 C0 <wb> C0 C24 C24 C0 C13 C29 C0 C15 C0 C25 C0 <wb> C19 C0 C29 C0 C25 C0 C11 <wb> C31 C1 C29 C16 C29 C16 C19 C0 C7 C29 C31 C34 C38 C1 <wb> C1 C37 C0 C31 C0 C38 C0 C19 C0 <wb> C1 C15 C0 C11
marathi_female_010195|C28 C0 C1 C25 C0 C16 <wb> C19 C0 C16 C32 C0 C16 <wb> C1 C25 C0 C16 <wb> C19 C0 C8 C0 C16 <wb> C28 C38 C1 C37 C11 <wb> C38 C0 C1 C37 C0 C16 C31 C0 C38 C0 C16 <wb> C28 C0 C36 C31 C0 C19 C0 C21 C0 <wb> C22 C0 C32 C0 C4 C11 C7 C0 <wb> C1 C10 C0 C21 C0 C32 C0 C1 C32 C0
marathi_female_010197|C1 C38 C36 C29 C37 C11 C7 C1 C22 C0 C8 C38 C11 <wb> C28 C0 C1 C25 C0 C16 <wb> C19 C0 C8 C0 C16 <wb> C28 C38 C1 C37 C11 <wb> C38 C0 C1 C37 C0 C16 C31 C0 C38 C0 C16 <wb> C28 C0 C36 C10 C0 C16 C21 C0 <wb> C30 C0 C36 C32 C0 C29 C0 <wb> C7 C0 C16 C21 C0 C11 C21 C0 C11 <wb> C1 C15 C0 C11
marathi_female_010212|C17 C11 C37 C0 C25 C1 C32 C0 <wb> C7 C29 C0 C37 C0 <wb> C28 C0 C7 C0 C1 C29 C0 C33 C0 <wb> C4 C0 C29 C0 C28 C0 C36 C29 C0 <wb> C0 C30 C0 C21 C0 C38 C0 C1 C30 C0 <wb> C37 C0 C11 C13 C0 C21 C0 C11 <wb> C28 C0 C1 C25 C0 C16 <wb> C28 C16 C25 C38 C1 C5 C16 <wb> C1 C37 C0 C31 C0 C38 C0 C19 C0 C32 C0 C1 <wb> C24 C0 C30 C0 C32 C0 C11
marathi_female_010217|C30 C1 C38 C0 C13 C1 C37 C0 C5 C16 <wb> C11 C19 C0 <wb> C37 C0 C16 C31 C0 C16 C31 C0 C34 C0 <wb> C28 C0 C29 C0 C23 C28 C0 C29 C0 C1 <wb> C15 C0 C26 C32 C0 C16 <wb> C32 C0 C38 C0 C1 <wb> C13 C0 C1 C37 C0 C5 C0 C11 <wb> C21 C0 C26 C19 C0 <wb> C19 C0 C8 C0 C16 <wb> C29 C1 C17 C1 C19 C0 C9 C11 <wb> C24 C0 C38 C0 C1 C38 C0 <wb> C22 C0 C1 C13 C0 C1 C38 C0 C21 C0 C1 <wb> C17 C0 C1 C32 C0 <wb> C24 C0 C30 C0 C32 C0
marathi_female_010221|C19 C0 C26 C25 C0 C16 <wb> C0 C28 C0 C29 C0 C1 C8 C0 <wb> C19 C0 C11 C21 C0 C1 <wb> C32 C0 C38 C0 C1 C5 C0 C16 <wb> C5 C0 C27 C19 C0 C31 C0 C16 <wb> C15 C0 C26 C16
marathi_female_010228|C32 C0 C38 C0 C1 C5 C0 C16 <wb> C21 C0 C15 C0 C1 C24 C0 <wb> C3 C0 C15 C0 C16 C25 C0 <wb> C15 C0 C26 C32 C0 C16 <wb> C38 C0 C1 <wb> C3 C0 C15 C16 C25 C16 C37 C0 C29 C0 <wb> C32 C0 C38 C0 C1 C5 C0 C1 <wb> C12 C0 C1 C29 C0 <wb> C21 C26 C4 C0
marathi_female_010234|C7 C0 C11 C37 C0 C1 C24 C0 C11 <wb> C32 C0 C38 C0 C1 C5 C0 C38 C0 C1 <wb> C17 C0 C16 C37 C0 C24 C0 C1 C5 C0 C11 <wb> C37 C0 C30 C0 C32 C0 C29 C0 <wb> C17 C0 C25 C0 C36 <wb> C7 C36 <wb> C20 C1 C24 C11 <wb> C37 C16 C25 C0 C21 C11 <wb> C15 C0 C26 C32 C0 C11
marathi_female_010235|C32 C0 C11 <wb> C7 C36 <wb> C20 C1 C5 C11 <wb> C37 C0 C30 C0 C32 C0 C29 C0 <wb> C28 C1 C23 C14 C0 C29 C36 C24 C0 <wb> C22 C0 C24 C0 C36 <wb> C14 C0 C29 C0 C16 <wb> C19 C26 C28 C0 C29 C38 C1 C32 C0 <wb> C3 C0 C30 C0 C11 <wb> C37 C16 C24 C36 <wb> C38 C0 C11 C16 <wb> C32 C0 C11 C37 C0 C15 C0 C1 <wb> C22 C0 C1 C32 C0 C29 C0 <wb> C32 C0 C26 <wb> C17 C0 C29 C1 C30 C1 <wb> C15 C0 C30 C0 C11
marathi_female_010237|C32 C0 C38 C0 C1 C5 C0 C38 C0 C1 C17 C0 C37 C0 C21 C0 <wb> C3 C0 C29 C11 C5 C0 C30 C11 <wb> C28 C0 C2 C30 C0 C11 <wb> C15 C0 C26 C32 C0 C11 <wb> C37 C16 C24 C36 C21 C1 <wb> C28 C0 C2 C30 C0 C11 <wb> C28 C0 C1 C15 C0 C16 C17 C0 C11 <wb> C15 C0 C26 C32 C0 C11
marathi_female_010249|C32 C0 C38 C0 C1 C21 C0 C1 <wb> C20 C0 C36 C24 C0 <wb> C19 C0 C29 C0 C36 C24 C0 <wb> C19 C0 C1 C38 C0 <wb> C19 C0 C29 C0 C1 C38 C0 C5 C0 C23 <wb> C15 C0 C26 C32 C0 C23 <wb> C7 C0 C11 C37 C0 C1 C21 C0 C1 <wb> C22 C0 C1 C15 C0 C16 C32 C0 <wb> C11 C19 C0 C34 C0 C1 <wb> C32 C0 C29 C0 <wb> C1 C15 C0 C11 <wb> C28 C0 C2 C30 C0 C11 <wb> C15 C0 C37 C0 C11 C32 C0 <wb> C19 C0 C31 C0 C1 C21 C0 C1
marathi_female_010257|C22 C0 C24 C36 C5 C16 <wb> C22 C0 C1 C24 C0 <wb> C20 C0 C1 C21 C0 C16 <wb> C18 C0 C1 C21 C0 C16 <wb> C15 C0 C26 C32 C0 C16 <wb> C16 C31 C37 C0 C29 C1 C24 C11 <wb> C32 C0 C38 C0 C1 C5 C0 C11 <wb> C1 C16 C3 C1 C28 C0 <wb> C24 C0 C11 C21 C0 C11 <wb> C15 C0 C26 C32 C0 C11 <wb> C32 C0 C38 C0 C1 C5 C0 C16 <wb> C3 C0 C15 C0 C16 C25 C0 <wb> C24 C0 C11 C21 C0 C16 <wb> C15 C0 C26 C32 C0 C16
marathi_female_010266|C32 C36 C18 C38 C1 C22 C36 C21 C0 C23 <wb> C22 C0 C16 <wb> C17 C0 C13 C0 C21 C26 <wb> C1 C15 C0 C11 <wb> C38 C0 C1 <wb> C17 C0 C16 C37 C0 C24 C0 C1 C32 C0 <wb> C32 C36 C18 C1 C5 C0 <wb> C19 C0 C1 C38 C0 <wb> C32 C0 C26 <wb> C11 C19 C0 <wb> C30 C0 C24 C0 C11 C15 C0 C3 C0 C23 C8 C0 <wb> C22 C0 C21 C0 C1 <wb> C1 C15 C0 C11
marathi_female_010273|C20 C36 C24 C16 <wb> C22 C0 C1 C25 C0 C30 C0 C1 C5 C0 C1 <wb> C22 C0 C16 C32 C0 C29 C0 <wb> C0 C30 C0 C23 <wb> C1 C32 C0 C1 <wb> C21 C0 C26 C19 C0 <wb> C22 C0 C21 C0 C1 <wb> C22 C0 C15 C0 C25 C0 C32 C0 C16 C21 C0 <wb> C37 C0 <wb> C15 C16 C25 C0 C37 C0 C32 C16 C21 C0
marathi_female_010279|C30 C0 C4 C0 C1 <wb> C30 C0 C23 C28 C0 C21 C0 C16 <wb> C22 C0 C24 C36 C21 C1 <wb> C20 C36 C24 C16 <wb> C22 C0 C24 C36 <wb> C22 C0 C15 C0 C25 C0 C36 C24 C0 <wb> C30 C0 C23 C3 C26 C8 C0 C24 C38 C1 C32 C0 <wb> C38 C0 C11 C36 <wb> C21 C0 C1 C13 C0 C21 C0 C11
marathi_female_010286|C28 C0 C29 C0 C23 C32 C0 C36 <wb> C32 C0 C26 <wb> C36 C35 C0 C21 C0 C1 <wb> C32 C0 C11 <wb> C28 C36 C29 C37 C0 C17 C1 C23 C5 C11 <wb> C14 C0 C29 C0 <wb> C30 C0 C26 C9 C0 C36 C24 C0 <wb> C32 C0 C26 <wb> C24 C0 C16 C14 C0 C1 C21 C0 C1
marathi_female_010289|C32 C0 C26 <wb> C29 C0 C30 C0 C32 C0 C1 <wb> C5 C0 C1 C21 C0 C36 <wb> C21 C0 C1 C13 C0 C21 C0 C1 <wb> C3 C0 C15 C36 C21 C1 <wb> C24 C0 C7 C0 C16 C5 C0 C38 C0 C1 <wb> C32 C0 C16 C29 C0 C1 C37 C0 C29 C0 <wb> C32 C0 C26 <wb> C1 C21 C0 C1
marathi_female_010295|C21 C0 C1 C23 C3 C0 <wb> C21 C0 C1 C23 C3 C0 <wb> C17 C0 C1 C25 C0 C38 C0 C1 C30 C0 C1 C35 C0 C16 <wb> C22 C0 C24 C0 C36 <wb> C24 C0 C16 C14 C0 C1 C21 C0 C1 <wb> C17 C0 C11 C33 C0 C11 <wb> C32 C0 C38 C0 C1 C21 C0 C1 <wb> C19 C0 C26 C25 C0 C16 <wb> C20 C36 C24 C16 <wb> C0 C30 C0 C11 <wb> C22 C0 C15 C0 C25 C0 C25 C0 C1 C29 C0 <wb> C24 C0 C1 C15 C0 C16 <wb> C22 C1 C32 C29 C4 C36 C22 C16 C21 C1 <wb> C29 C1 C22 C0 C29 C1 C22 C0 <wb> C19 C0 C29 C0 C36 C24 C0 <wb> C32 C0 C11 C33 C0 C11 <wb> C17 C1 C37 C0 C38 C1 C30 C0 <wb> C32 C0 C26 <wb> C24 C0 C16 C14 C0 C1 C21 C0 C1
marathi_female_010296|C32 C0 C26 <wb> C19 C0 C1 C21 C0 <wb> C1 C29 C38 C1 C23 C5 C38 C1 <wb> C37 C16 C17 C0 C38 C1 C5 C1 <wb> C37 C0 <wb> C37 C16 C30 C32 C1 C29 C1 C5 C1 <wb> C15 C0 C26 C32 C0 C1
marathi_female_010303|C21 C0 C23 C19 C1 C8 C16 C31 C0 <wb> C29 C1 C37 C0 C25 C1 C30 C1 C29 C0 C20 C1 <wb> C22 C0 C15 C0 C32 C32 C37 C1 C19 C1 C23 C19 C31 C16 <wb> C29 C0 C1 C17 C0 C1 <wb> C36 C32 C0 C32 C0 C29 C0 C11 C19 C0 C9 C0 C11 <wb> C7 C16 C13 C37 C16 C17 C0 C38 C0 <wb> C19 C0 C29 C0 C25 C0 C38 C0 C1 C30 C0 <wb> C24 C0 C16 C14 C0 C1 C21 C0 C1 <wb> C37 C0 <wb> C24 C1 C31 C16 C19 C0 C28 C0 C29 C38 C0 C23 C32 C0 <wb> C1 C21 C0 C1 <wb> C32 C0 C11 C33 C0 C11 <wb> C32 C0 C38 C0 C1 C24 C0 C11 <wb> C1 C28 C0 C21 C0 C11 <wb> C0 C8 C0 C16 C19 C0 C1 C29 C0 C16 <wb> C35 C0 C11 C37 C0 C21 C0 C11
marathi_female_010304|C29 C1 C37 C0 C25 C1 C30 C1 C29 C0 C20 C11 <wb> C29 C0 C1 C17 C0 C11 <wb> C7 C0 C19 C31 C16 C25 C11 C19 C0 C9 C36 C24 C0 <wb> C36 C32 C0 C32 C0 C29 C0 C11 C19 C0 C9 C0 C11 <wb> C38 C0 C11 C32 C0 <wb> C15 C0 C26 C32 C0 C11 <wb> C32 C0 C29 C0 <wb> C7 C0 C36 C30 C0 C29 C0 C11 <wb> C30 C0 C23 C30 C19 C29 C32 C16 C28 C29 C0 C30 C1 C29 C0 <wb> C19 C0 C29 C0 C25 C0 C1 C29 C0 C11 <wb> C8 C0 C1 C9 C0 C30 C0 C16 <wb> C29 C31 C0 C16 <wb> C37 C16 C23 C8 C38 C0 C28 C0 C29 C37 C0 C32 C0 <wb> C26 C21 C0 C1 C23 C9 C0 C36 C24 C0 <wb> C7 C0 C19 C0 C31 C0 C16 C25 C0 C11 C19 C0 C9 C0 C11 <wb> C38 C0 C11 C32 C0 <wb> C15 C0 C26 C32 C0 C11
marathi_female_010306|C0 C13 C0 C30 C32 C16 <wb> C15 C0 C1 <wb> C37 C16 C23 C8 C38 C0 C28 C0 C29 C37 C0 C32 C0 <wb> C26 C21 C0 C1 C23 C9 C0 C36 C24 C0 <wb> C7 C0 C19 C0 C31 C0 C16 C25 C0 C11 C19 C0 C9 C0 C11 <wb> C1 C21 C0 C11 C21 C0 C1 <wb> C28 C0 C15 C0 C16 C21 C0 C1 <wb> C30 C0 C23 C30 C19 C29 C32 C16 C28 C29 C0 C30 C1 C29 C0 C19 C0 <wb> C15 C0 C26 C38 C0 <wb> C15 C0 C16 <wb> C13 C0 C26 C31 C0 C34 C0 <wb> C32 C0 C38 C0 C1 C24 C0 C11 <wb> C37 C16 C23 C8 C38 C0 C28 C0 C29 C37 C0 C32 C1 C30 C0 <wb> C37 C0 C1 C10 C0 C36 <wb> C24 C0 C19 C0 C26 C30 C0 <wb> C0 C30 C0 C11 <wb> C30 C0 C1 C23 C13 C0 C16 C32 C0 C21 C0 C11 <wb> C32 C0 C38 C0 C1 C32 C0 <wb> C7 C0 C16 C30 C0 C36 C24 C0 <wb> C38 C0 C11 C32 C0 C11
marathi_female_010310|C5 C16 C32 C29 C0 C19 C36 C34 C0 <wb> C15 C0 C11 <wb> C28 C0 C29 C37 C0 C32 C1 C5 C11 <wb> C24 C0 C1 C37 C0 C5 C0 <wb> C32 C0 C38 C0 C1 <wb> C28 C0 C29 C37 C0 C32 C1 C5 C16 <wb> C30 C0 C36 C23 C7 C0 C29 C0 C32 C0 C1 <wb> C28 C0 C34 C0 C37 C0 C36 C24 C0 <wb> C7 C0 C11 C32 C0 C11 <wb> C32 C0 C11 C33 C0 C11 <wb> C4 C1 C29 C0 C7 C37 C1 C17 C0 <wb> C29 C31 C0 C16 <wb> C29 C0 C1 C15 C0 C16 C21 C0 C11
marathi_female_010311|C20 C29 C16 C30 C32 C16 <wb> C22 C16 C31 C0 C24 C0 C29 C16 <wb> C29 C0 C1 C24 C0 C34 C0 C16 <wb> C21 C0 C26 C19 C0 C1 C23 C32 C0 <wb> C17 C0 C1 C36 C24 C0 <wb> C32 C0 C11 C33 C0 C11 <wb> C1 C28 C0 C21 C0 C11 <wb> C3 C0 C23 C13 C0 C21 C11 <wb> C3 C0 C1 C23 C8 C0 C32 C0 C1 C32 C0 <wb> C37 C0 <wb> C32 C0 C38 C0 C1 C23 C24 C0 C1 <wb> C1 C28 C0 C21 C0 C38 C0 C1 <wb> C8 C0 C29 C0 C22 C0 C1 C5 C0 C16 <wb> C7 C0 C16 C19 C0 C31 C0 C1 <wb> C7 C0 C11 C32 C0 C1 C32 C0
marathi_female_010331|C33 C0 C26 C29 C0 <wb> C21 C0 C26 C19 C0 C1 C23 C5 C0 C11 <wb> C24 C1 C22 C26 C5 C5 C1 C29 C0 C25 C0 C15 C16 <wb> C17 C0 C29 C0 <wb> C22 C0 C24 C1 C30 C0 <wb> C36 C24 C0 C24 C0 C32 C0 <wb> C19 C0 C29 C0 C32 C0 C11 <wb> C32 C0 C29 C0 <wb> C32 C0 C38 C0 C1 C23 C5 C0 C11 <wb> C28 C0 C29 C0 C32 C0 C38 C0 C19 C0 C31 C0 <wb> C7 C0 C29 C0 C31 C0 C24 C0 <wb> C19 C0 C16 C32 C0 C16 <wb> C28 C29 C0 C4 C1 C37 C0 C31 C1 C21 C16 <wb> C0 C30 C0 C11 C21 C0 <wb> C3 C0 C29 C0 C11
marathi_female_010336|C29 C1 C24 C1 C32 C16 C21 C0 <wb> C15 C0 C29 C16 C25 C16 C5 C38 C1 <wb> C9 C26 C21 C38 C1 C23 C30 C1 C29 C0 C20 C11 C5 C0 <wb> C32 C0 C16 C5 C0 C11 <wb> C9 C0 C26 C21 C0 C11 <wb> C20 C11 C21 C0 C19 C0 C29 C0 <wb> C37 C0 <wb> C28 C0 C1 C25 C0 C16 C7 C0 C1 C29 C0 <wb> C0 C30 C0 C36 C24 C0 <wb> C32 C0 C16 <wb> C15 C0 C29 C16 C25 C16 C28 C29 C0 C22 C1 C25 C11 C5 C0 <wb> C5 C0 C28 C0 C21 C0 C15 C16 <wb> C15 C0 C26 C32 C0 C16
marathi_female_010340|C1 C28 C0 C21 C0 C38 C0 C1 <wb> C22 C36 C21 C16 C5 C11 <wb> C19 C26 C9 C0 C19 C27 C32 C36 C19 C0 <wb> C29 C0 C1 C17 C0 C1 <wb> C29 C0 C1 C25 C0 C16 <wb> C19 C0 C16 C32 C0 C16 C32 C0 C29 C0 C16 <wb> C19 C0 C29 C0 C16 C32 C0
marathi_female_010365|C31 C0 C3 C0 C29 C16 <wb> C22 C0 C15 C0 C25 C0 C17 C0 C11 <wb> C29 C1 C25 C16 C5 C0 <wb> C31 C26 C4 C11 <wb> C22 C0 C13 C0 <wb> C31 C0 C3 C0 C29 C16 C24 C11 <wb> C30 C0 C24 C0 C1 C24 C0 <wb> C19 C0 C29 C0 C1 C37 C0 C11 <wb> C7 C11 C37 C0 C28 C36 C17 C11 C30 C1 C35 C16 <wb> C30 C0 C36 C29 C0 C11 C20 C0 <wb> C12 C0 C36 C21 C0 C11 <wb> C13 C0 C26 C21 C0 C1 <wb> C19 C0 C29 C0 C36 C24 C0 <wb> C1 C25 C1 C37 C16 C32 C0
marathi_female_010367|C29 C31 C0 C16 C23 C5 C0 C16 <wb> C28 C0 C36 C17 C0 C1 <wb> C18 C0 C1 C21 C0 C16 <wb> C19 C0 C16 <wb> C31 C0 C3 C0 C29 C16 C21 C1 <wb> C17 C0 C37 C0 C21 C0 <wb> C14 C0 C11 C36 C24 C0 <wb> C32 C0 C11 <wb> C32 C0 C16 C21 C0 C1 <wb> C30 C0 C36 C23 C7 C0 C29 C0 <wb> C30 C32 C26 C32 C29 C11 <wb> C31 C16 C19 C0 C37 C16 C32 C0 <wb> C30 C36 C29 C38 C1 C5 C38 C1 <wb> C36 C28 C1 C30 C0 C24 C11 C5 C11 <wb> C22 C0 C23 C32 C29 C0 <wb> C0 C29 C33 C1 C30 C0 C15 C0 <wb> C32 C0 C16 C21 C0 C1 <wb> C22 C15 C0 C25 C1 C37 C0 C38 C1 C30 C0 <wb> C30 C0 C1 C23 C13 C0 C32 C0
marathi_female_010388|C32 C0 C16 <wb> C22 C0 C15 C0 C25 C0 C1 C21 C0 C16 <wb> C32 C0 C1 C32 C0 <wb> C22 C0 C14 C0 C1 <wb> C32 C0 C38 C0 C1 <wb> C22 C26 C29 C1 C5 C38 C1 <wb> C28 C16 C30 C1 C38 C1 C32 C16 C21 C0 <wb> C28 C16 C30 C0 <wb> C36 C28 C0 C34 C0 C25 C38 C1 C30 C0 <wb> C22 C0 C16 <wb> C13 C0 C11 C21 C0 C11 <wb> C32 C0 C11 <wb> C28 C0 C1 C15 C0 C36 C24 C0 <wb> C32 C1 C29 C11 <wb> C1 C17 C0 <wb> C29 C0 C9 C0 C32 C16 C21 C0 <wb> C19 C0 C1
marathi_female_010412|C15 C0 C11 <wb> C29 C1 C24 C0 C12 C36 C21 C0 <wb> C30 C1 C32 C32 C37 C16 C19 C0 <wb> C30 C27 C23 C7 C0 C29 C38 C1 C24 C11 <wb> C13 C36 C25 C0 C13 C0 C23 C8 C1 C24 C11 <wb> C24 C0 C34 C0 C32 C1 C24 C1 <wb> C28 C0 C1 C15 C0 C36 C24 C0 <wb> C32 C0 C38 C0 C1 C21 C0 C1 <wb> C19 C0 C1 <wb> C8 C0 C24 C0 C38 C0 <wb> C37 C0 C1 C34 C0 C25 C0 C1 C29 C0 <wb> C24 C0 C1 C15 C0 C16
marathi_female_010417|C32 C0 C38 C0 C1 <wb> C37 C0 C11 C21 C0 C11 C30 C0 <wb> C29 C31 C0 C16 <wb> C1 C25 C0 C20 C0 C16 <wb> C19 C0 C1 C15 C0 C16 <wb> C3 C0 C26 C21 C0 C21 C0 C11 <wb> C24 C0 C1 C15 C0 C16 C32 C0 <wb> C32 C0 C38 C0 C1 C23 C24 C0 C16 <wb> C28 C0 C29 C0 C4 C1 C29 C11 <wb> C4 C0 C16 C21 C0 C21 C0 <wb> C29 C0 C1 C17 C0 C1 C21 C0 C1 <wb> C24 C0 C16 C29 C0 C26 C28 C0 <wb> C28 C0 C1 C35 C0 C37 C0 C16 C21 C0 C1
marathi_female_010422|C31 C0 C3 C0 C29 C16 <wb> C30 C0 C7 C13 C0 C7 C16 C32 C0 <wb> C18 C0 C1 C21 C0 C16 <wb> C15 C0 C26 C32 C0 C16 <wb> C29 C31 C16 C28 C0 C32 C24 C16 C24 C11 <wb> C32 C0 C16 C21 C0 C1 <wb> C28 C0 C26 C34 C0 C1 C31 C0 C16 <wb> C8 C0 C29 C0 C21 C0 C11 <wb> C37 C0 <wb> C22 C0 C15 C0 C34 C0 C21 C0 C11 <wb> C3 C1 C21 C11 <wb> C31 C0 C3 C0 C29 C16 <wb> C0 C8 C0 C36 C24 C0 C22 C0 C8 C0 C36 C24 C0 <wb> C38 C0 C11 C32 C0 <wb> C17 C0 C1 <wb> C15 C0 C26 <wb> C1 C31 C0 C29 C0 C22 C0 C1 C32 C0 <wb> C1 C22 C0 C15 C0 C1 C21 C0 C1 <wb> C1 C32 C0 C1 <wb> C15 C0 C11 <wb> C14 C0 C29 C0 <wb> C20 C0 C1 C38 C0 C21 C0 C1 <wb> C38 C0 C11 C16 C21 C0
marathi_female_010453|C30 C36 C29 C38 C0 C5 C0 C23 C7 C29 C1 C23 C24 C1 <wb> C22 C0 C1 C15 C0 C16 C32 C0 <wb> C0 C30 C0 C26 <wb> C37 C0 C1 <wb> C24 C0 C30 C26 <wb> C32 C0 C38 C0 C1 C23 C5 C0 C38 C0 C1 <wb> C19 C16 C29 C0 C25 C1 C23 C24 C16 <wb> C19 C0 C22 C0 C21 C0 C11 <wb> C12 C36 C21 C0 C32 C1 C32 C0 <wb> C15 C0 C16 <wb> C13 C0 C26 C31 C0 C34 C0 <wb> C20 C0 C29 C0 C16
marathi_female_010462|C1 C31 C29 C0 C22 C1 C32 C16 C21 C0 <wb> C22 C0 C16 C32 C0 C29 C0 <wb> C32 C0 C38 C0 C1 C5 C0 C16 <wb> C17 C16 C37 C0 C24 C0 C19 C0 C33 C1 <wb> C28 C0 C36 C31 C0 C19 C0 C21 C0 <wb> C37 C0 C11 C21 C0 C1 <wb> C37 C16 C5 C1 C29 C16 C32 C0 <wb> C28 C0 C29 C0 C23 C32 C0 C36 <wb> C31 C38 C1 C22 C0 <wb> C30 C0 C1 C23 C13 C0 C32 C0 <wb> C24 C0 C30 C0 C11
marathi_female_010467|C11 C19 C0 C11 <wb> C7 C0 C16 C37 C0 C31 C0 C16 <wb> C0 C30 C0 C1 C5 C0 <wb> C1 C13 C0 C29 C0 C15 C0 <wb> C5 C0 C1 C21 C0 C21 C0 C1 <wb> C15 C0 C26 C32 C0 C1
marathi_female_010468|C31 C38 C1 C22 C0 <wb> C4 C0 C29 C0 C21 C38 C1 <wb> C1 C37 C0 C1 C17 C0 C1 C24 C0 C11 <wb> C22 C0 C15 C0 C25 C0 C1 C21 C0 C1 <wb> C22 C0 C1 C18 C0 C38 C0 C1 <wb> C30 C0 C37 C0 C32 C0 <wb> C5 C0 C38 C0 C1 <wb> C28 C36 C29 C37 C0 C17 C16 C37 C0 C24 C1 C5 C16 <wb> C30 C0 C22 C0 C29 C32 C0 C16 <wb> C19 C0 C29 C0 C25 C0 C11 <wb> C22 C0 C21 C0 C1 <wb> C12 C0 C1 C29 C0 <wb> C31 C26 C19 C0 C7 C1 C38 C0 C19 C0 <wb> C37 C0 C1 C34 C0 C32 C0 C11
marathi_female_010473|C28 C0 C29 C0 C23 C32 C0 C36 <wb> C1 C22 C0 C15 C0 C1 C23 C21 C0 C1 <wb> C32 C0 C36 C22 C0 C5 C0 C38 C0 C1 <wb> C5 C0 C1 C23 C13 C0 C21 C0 C38 C0 C1 C5 C0 <wb> C13 C0 C26 C31 C0 C34 C0 C16 <wb> C30 C0 C1 C23 C13 C0 C1 <wb> C5 C0 C1 C23 C13 C0 C21 C0 C38 C0 C1 <wb> C13 C26 C31 C34 C16 C23 C5 C11 <wb> C5 C16 C23 C32 C0 C24 C0 <wb> C19 C0 C11 C21 C0 C38 C0 C1 C24 C0 C11 <wb> C22 C0 C24 C0 C36 C31 C0 C38 C0 <wb> C5 C0 C1 C23 C13 C0 C21 C0 C1 <wb> C15 C0 C26 C32 C0 <wb> C17 C0 C1 C32 C0 C26
marathi_female_010475|C22 C0 C24 C0 C36 C31 C0 C38 C0 C1 C21 C0 C1 <wb> C30 C0 C37 C0 C32 C0 <wb> C5 C0 C11 <wb> C0 C8 C0 <wb> C28 C0 C32 C0 C24 C0 <wb> C30 C1 C23 C13 C1 C37 C0 C38 C1 C30 C0 <wb> C17 C0 C31 C0 C16 <wb> C21 C0 C1 C17 C0 <wb> C37 C0 C1 C34 C0 C32 C0 C11 <wb> C32 C0 C38 C0 C1 C28 C0 C29 C0 C22 C0 C1 C25 C0 C11 <wb> C1 C28 C0 C25 C0 <wb> C19 C0 C30 C0 C11 <wb> C5 C0 C10 C0 C21 C26 <wb> C37 C0 <wb> C5 C0 C10 C0 C32 C0 <wb> C1 C15 C0 C26 C32 C0 <wb> C15 C0 C11 <wb> C30 C1 C23 C13 C1 C37 C0 C38 C1 C30 C0 C15 C16 <wb> C21 C0 C1 C17 C0 <wb> C37 C0 C1 C34 C0 C32 C0 C11
marathi_female_010483|C31 C38 C1 C22 C0 C5 C38 C1 <wb> C22 C36 C20 C0 C5 C0 C23 C7 C29 C1 C19 C0 C9 C11 <wb> C30 C0 C29 C0 C37 C0 C1 C23 C5 C0 C11 <wb> C9 C0 C26 C21 C0 C11 <wb> C21 C0 C1 C13 C0 C21 C0 C11 <wb> C15 C0 C26 C32 C0 C11 <wb> C32 C0 C26 <wb> C4 C29 C1 C32 C29 C30 C0 C23 C14 C0 <wb> C22 C0 C15 C0 C25 C0 C17 C0 C11 <wb> C11 C19 C0 <wb> C0 C28 C36 C29 C37 C0 <wb> C7 C0 C29 C31 C0 C38 C0 <wb> C15 C0 C26 C32 C0 C11
marathi_female_010503|C30 C1 C30 C0 C29 C0 C5 C11 <wb> C32 C0 C16 C5 C0 C11 <wb> C24 C0 C1 C37 C0 <wb> C38 C0 C31 C26 C7 C1 <wb> C35 C0 C11 C37 C0 C25 C0 C38 C0 C1 C32 C0 <wb> C1 C21 C0 C11 <wb> C15 C0 C26 C32 C0 C11 <wb> C30 C0 C1 C30 C0 C29 C0 C16 <wb> C32 C0 C16 <wb> C21 C0 C15 C1 C24 C1 C5 C16 <wb> C22 C0 C26 C35 C0 C16 <wb> C15 C0 C26 C32 C0 <wb> C15 C0 C26 C32 C0 C16
marathi_female_010511|C30 C0 C29 C0 C19 C0 C1 C29 C0 C16 <wb> C31 C11 C32 C0 C30 C1 <wb> C38 C0 C1 C5 C0 C38 C0 C1 <wb> C17 C0 C37 C0 C21 C0 C17 C0 C37 C0 C21 C0 <wb> C5 C27 C33 C1 <wb> C15 C0 C16 C30 C0 C30 C0 C1 <wb> C20 C26 C32 C1 C21 C1 <wb> C12 C0 C1 C38 C0 C7 C0 C1 <wb> C0 C30 C0 C32 C0 C26
marathi_female_010513|C30 C0 C8 C0 C38 C0 C1 C5 C0 C38 C0 C1 <wb> C17 C0 C13 C0 C1 C21 C0 C1 <wb> C21 C1 C23 C9 C16 C21 C0 C3 C1 C9 C16 <wb> C37 C0 <wb> C28 C0 C29 C0 C32 C0 C38 C0 C11 C19 C0 <wb> C19 C0 C31 C0 C11 C32 C0 C29 C0 C1 C32 C0 C16 C21 C0 <wb> C17 C0 C16 C37 C0 <wb> C14 C11 C25 C16 <wb> C30 C0 C28 C0 C29 C0 C8 C0 C1 <wb> C38 C0 C1 <wb> C7 C0 C26 C24 C0 <wb> C13 C26 C31 C34 C16 C23 C24 C16 <wb> C13 C29 C1 C30 C0 C21 C0 C23 <wb> C1 C15 C0 C11
marathi_female_010515|C36 C24 C22 C0 C32 C32 C0 C30 C16 C23 C13 C0 <wb> C24 C0 C1 C37 C0 C1 C5 C0 C1 <wb> C11 C19 C0 <wb> C0 C32 C0 C38 C0 C23 C32 C0 <wb> C17 C0 C36 C21 C0 C22 C0 C16 <wb> C29 C0 C1 C17 C0 C1 <wb> C15 C0 C26 C32 C0 C1
marathi_female_010517|C32 C0 C38 C0 C1 C5 C0 C1 <wb> C28 C0 C29 C0 C8 C0 C1 C24 C0 <wb> C5 C0 C32 C36 C29 C0 <wb> C37 C0 <wb> C28 C0 C29 C0 C1 C22 C0 C1 C25 C0 C16 C19 C0 <wb> C15 C0 C26 C32 C0 C1 <wb> C28 C0 C25 C0 <wb> C29 C0 C1 C17 C0 C1 C21 C0 C1 <wb> C19 C0 C1 C15 C0 C16 <wb> C30 C0 C1 C23 C13 C0 C36 <wb> C17 C0 C1 C25 C0 C23 <wb> C22 C0 C15 C0 C25 C0 C17 C0 C11 <wb> C30 C0 C37 C0 C32 C0 <wb> C5 C0 C23 <wb> C22 C0 C29 C0 C25 C0 <wb> C30 C0 C37 C0 C32 C0 <wb> C5 C0 <wb> C26 C10 C0 C37 C0 C36 C24 C0 <wb> C14 C11 C25 C38 C1 C30 C1 C29 C0 C20 C0 C23 <wb> C15 C0 C26 C32 C0 C23
marathi_female_010518|C32 C0 C38 C0 C1 C22 C0 C36 C21 C0 C11 <wb> C29 C0 C1 C17 C0 C1 C21 C0 C1 <wb> C32 C0 C1 C21 C0 C38 C0 C1 C37 C0 C29 C0 <wb> C19 C0 C30 C0 C23 <wb> C1 C25 C1 C37 C0 C23 <wb> C15 C0 C1 <wb> C32 C0 C38 C0 C1 C5 C0 C38 C0 C1 C28 C0 C36 C10 C0 C11 <wb> C28 C0 C29 C0 C31 C0 C24 C0 <wb> C28 C0 C9 C0 C21 C0 C1
marathi_female_010553|C19 C0 C1 C15 C0 C16 C5 C0 <wb> C19 C0 C1 C22 C0 <wb> C15 C0 C26 C16 C24 C0 C1 <wb> C22 C0 C15 C0 C25 C0 C36 C24 C0 <wb> C24 C1 C16 C21 C1 C17 C1 C24 C11 <wb> C18 C0 C26 C28 C0 C36 <wb> C21 C0 C1 C13 C0 C21 C0 C11
marathi_female_010555|C13 C2 C29 C0 C30 C26 C38 C0 <wb> C15 C0 C26 C32 C0 <wb> C0 C30 C0 C21 C0 C38 C0 C1 C22 C0 C36 C21 C0 C11 <wb> C32 C0 C38 C0 C1 C23 C24 C0 C1 <wb> C33 C26 C9 C1 C32 C0 C29 C16 <wb> C28 C0 C29 C0 C19 C0 C1 C31 C0 <wb> C28 C1 C15 C16 C17 C11
marathi_female_010565|C3 C0 C1 C3 C0 C1 C23 C24 C0 C16 <wb> C32 C0 C16 C21 C0 C1 <wb> C15 C1 C28 C36 C30 C0 <wb> C28 C0 C1 C38 C0 C29 C0 C16 <wb> C21 C0 C23 C13 C0 C9 C0 C1 <wb> C32 C26 C32 C1 C28 C36 C29 C16 <wb> C21 C1 C21 C0 C3 C1 C13 C0 <wb> C0 C31 C0 C1 <wb> C1 C23 C3 C38 C1 C23 C5 C38 C1 <wb> C0 C24 C0 C11 C19 C0 <wb> C17 C0 C1 C32 C0 C16 <wb> C26 C21 C0 C20 C0 C1 C38 C0 C21 C0 C1 <wb> C31 C16 C19 C0 C37 C0 C21 C38 C1 <wb> C15 C0 C26 C32 C0 C38 C0 C1
marathi_female_010566|C32 C0 C38 C0 C1 C22 C0 C36 C21 C0 C11 <wb> C1 C23 C3 C38 C1 C23 C5 C1 <wb> C5 C0 C34 C34 C1 <wb> C22 C0 C34 C34 C1 <wb> C18 C0 C1 C21 C0 C1 <wb> C19 C0 C16 <wb> C24 C0 C22 C0 C29 C0 C32 C0 C1 <wb> C1 C23 C3 C38 C1 C23 C5 C38 C1 <wb> C17 C1 C32 C16 C28 C29 C0 C22 C1 C25 C11 <wb> C32 C0 C38 C0 C1 C23 C5 C0 C16 <wb> C37 C0 C29 C13 C0 C37 C1 C29 C16 <wb> C19 C0 C29 C0 C36 C24 C0 <wb> C35 C11 C37 C1 C38 C0 C5 C16
marathi_female_010577|C32 C0 C38 C0 C1 C22 C0 C36 C21 C0 C11 <wb> C32 C0 C38 C0 C1 C15 C0 C16 <wb> C19 C26 C38 C16 C23 C24 C1 <wb> C19 C26 C23 C3 C0 <wb> C12 C36 C34 C0 C25 C38 C1 C5 C16 <wb> C37 C0 C1 C34 C0 <wb> C28 C0 C15 C0 C1 C32 C0 <wb> C15 C0 C26 C32 C0 C38 C0 C1
marathi_female_010585|C24 C0 C16 C30 C0 C29 C0 C13 C0 C1 C24 C0 C11 <wb> C17 C0 C25 C0 C36 <wb> C1 C28 C0 C21 C0 C1 <wb> C30 C0 C29 C0 C37 C0 <wb> C20 C0 C17 C16 C24 C1 <wb> C38 C0 C1 <wb> C28 C29 C1 C23 C32 C1 C37 C0 C29 C0 <wb> C0 C13 C0 C7 C0 C16 <wb> C22 C36 C19 C32 C0 C15 C0 C30 C32 C11 <wb> C36 C8 C0 C21 C0 C21 C1 C38 C0
marathi_female_010597|C22 C16 C24 C36 <wb> C0 C13 C0 <wb> C15 C0 C16 <wb> C22 C2 C24 C1 <wb> C0 C17 C0 C36 C24 C0 <wb> C17 C0 C16 C37 C0 C23 C32 C0 <wb> C1 C15 C0 C11 <wb> C32 C0 C16 C21 C0 C1 <wb> C36 C5 C0 C21 C0 C36 C24 C0 <wb> C1 C32 C0 <wb> C1 C25 C0 <wb> C1 C16 C24 C0 C11 <wb> C19 C0 C1 C21 C0 C17 C0 C16 C24 C0 C11 <wb> C22 C16 C24 C36 C21 C1 <wb> C30 C36 C5 C0 C37 C0 C21 C11
marathi_female_010601|C7 C0 C26 C24 C0 <wb> C7 C0 C16 C37 C0 C30 C0 C1 C23 C24 C0 C16 <wb> C22 C2 C24 C1 <wb> C28 C0 C36 C31 C0 C19 C0 C21 C0 C5 C0 <wb> C34 C0 C37 C0 C34 C0 C37 C0 C16 C32 C0 <wb> C7 C0 C16 C30 C0 C36 <wb> C21 C0 C1 C13 C0 C21 C0 C16 <wb> C14 C0 C29 C0 C1 C32 C0 <wb> C33 C0 C26 C9 C0 C16 C12 C0 C1 C29 C0 <wb> C16 C19 C0 C9 C0 C11 <wb> C32 C0 C16 C19 C0 C9 C0 C11 <wb> C12 C16 C29 C36 <wb> C21 C0 C1 C13 C0 C21 C0 C16
marathi_female_010607|C1 C16 C24 C0 C11 <wb> C22 C16 C24 C36 C21 C1 <wb> C30 C0 C22 C0 C17 C0 C1 C37 C0 C36 C24 C0 <wb> C30 C0 C1 C23 C13 C0 C16 C32 C0 C21 C0 C11 <wb> C22 C16 C24 C36 <wb> C29 C0 C1 C25 C0 C16 <wb> C22 C16 C35 C36 C21 C1 <wb> C1 C32 C0 C1 <wb> C5 C0 C1 C23 C13 C0 C21 C0 C11 <wb> C36 C9 C0 C32 C1 <wb> C38 C0 C11 C36 <wb> C21 C0 C1 C13 C0 C21 C0 C11 <wb> C1 C15 C0 C11
marathi_female_010610|C14 C0 C29 C0 C4 C0 C29 C0 <wb> C32 C0 C16 C21 C0 C1 <wb> C31 C0 C26 C8 C0 C21 C0 C11 <wb> C28 C0 C25 C0 <wb> C30 C0 C1 C28 C0 C9 C0 C21 C0 C16 <wb> C24 C0 C1 C15 C0 C16
marathi_female_010613|C22 C16 C24 C36 <wb> C36 C7 C0 C1 C30 C0 <wb> C18 C0 C1 C21 C0 C16 <wb> C32 C0 C16 C5 C0 C1 <wb> C29 C26 C17 C0 C5 C1 <wb> C37 C0 C11 C21 C0 <wb> C1 C32 C0 C1 <wb> C19 C0 C23 C34 C1 C21 C0 C37 C1 C25 C1 <wb> C17 C0 C1 C36 <wb> C21 C0 C1 C13 C0 C21 C0 C1
marathi_female_010632|C1 C32 C0 C1 <wb> C4 C1 C29 C0 C32 C16 C38 C0 C15 C16 <wb> C22 C1 C32 C29 C7 C16 C24 C1 <wb> C3 C0 C29 C26 C3 C0 C29 C0 C5 C0 <wb> C22 C0 C7 C0 C29 C30 C0 <wb> C9 C11 C15 C16 <wb> C30 C0 C1 C17 C0 C29 C0 C1 <wb> C19 C0 C29 C0 C32 C0 C1 C32 C0
marathi_female_010636|C32 C0 C11 <wb> C36 C32 C0 C30 C0 C1 C15 C0 C1 C24 C0 C11 <wb> C22 C0 C15 C0 C25 C0 C1 C21 C0 C11 <wb> C22 C0 C36 C21 C0 C1 C23 C24 C0 C26 <wb> C22 C0 C21 C0 C1 C15 C0 C16 <wb> C32 C0 C36 C22 C0 C5 C0 C1 <wb> C28 C21 C2 C24 C0 <wb> C30 C0 C1 C23 C13 C0 C1 <wb> C22 C0 C16 <wb> C30 C0 C36 C8 C0 C7 C0 C1 <wb> C32 C0 C36 C22 C0 C15 C0 C1 C21 C0 C1 <wb> C19 C0 C1 C15 C0 C16 C32 C0 C29 C0 C16 <wb> C22 C0 C7 C0 C32 C0 <wb> C19 C0 C29 C0 C36 <wb> C31 C0 C19 C11 C24 C0
marathi_female_010638|C1 C7 C16 C32 C16 <wb> C30 C0 C1 C23 C13 C0 C36 <wb> C21 C0 C1 C13 C0 C21 C0 C16 <wb> C29 C0 C37 C0 C16 C37 C0 C1 C29 C0 C16 <wb> C1 C22 C0 C15 C0 C16 <wb> C7 C0 C26 C14 C0 C11 C15 C0 C16 <wb> C1 C16 C5 C0 C38 C0 C1 <wb> C1 C8 C0 C16 <wb> C36 C35 C0 C36 C24 C0 <wb> C32 C0 C16 C21 C0 C1 <wb> C30 C0 C19 C1 C21 C0 C5 C1 <wb> C5 C0 C15 C0 C1 <wb> C19 C0 C29 C0 C36 C24 C0 <wb> C7 C0 C11 C25 C0 C1 C29 C0 <wb> C1 C15 C0 C26 C32 C0
marathi_female_010660|C3 C1 C3 C1 C5 C38 C1 <wb> C15 C0 C38 C0 C1 <wb> C28 C29 C0 C31 C24 C1 C24 C11 <wb> C5 C16 C24 C36 C21 C1 <wb> C1 C28 C0 C21 C0 C11 <wb> C30 C0 C23 C8 C38 C1 C19 C1 C21 C0 C5 C11 <wb> C37 C1 C13 C0 C25 C11 <wb> C1 C35 C0 C37 C0 C21 C0 C11
marathi_female_010664|C22 C0 C16 <wb> C22 C0 C1 C32 C0 C29 C0 <wb> C32 C0 C36 C21 C0 C1 <wb> C3 C0 C29 C0 <wb> C24 C0 C30 C0 C32 C1 C23 C24 C1 C15 C16 <wb> C20 C0 C1 C38 C0 C21 C0 C1 <wb> C19 C0 C29 C0 C1 C38 C0 C5 C0 C1 <wb> C15 C0 C34 C0 C34 C0 <wb> C19 C0 C11 C21 C0 C1
marathi_female_010671|C15 C0 C21 C0 C36 C15 C0 C21 C0 C36 <wb> C32 C0 C38 C0 C1 C5 C0 C1 <wb> C28 C0 C29 C0 C16 C25 C0 C1 C22 C0 <wb> C7 C0 C16 C30 C0 C36 <wb> C21 C0 C1 C13 C0 C21 C0 C1
marathi_female_010678|C32 C0 C38 C0 C1 C24 C0 C11 <wb> C16 C19 C0 C9 C0 C11 <wb> C32 C0 C16 C19 C0 C9 C0 C11 <wb> C28 C0 C1 C15 C0 C16 C21 C0 C11 <wb> C28 C0 C29 C0 C23 C32 C0 C36 <wb> C19 C0 C26 C25 C0 C16 <wb> C7 C16 C30 C11 C24 C1
marathi_female_010684|C15 C0 C26 <wb> C32 C0 C36 C5 C0 <wb> C15 C0 C11 <wb> C30 C0 C13 C0 C21 C0 C11 <wb> C19 C11 C21 C11 C30 C0 <wb> C29 C0 C26 C17 C0 <wb> C1 C35 C0 <wb> C7 C0 C15 C0 C1 <wb> C5 C26 C19 C0 C21 C11 C34 C30 C0 <wb> C20 C1 C38 C0 C5 C1 C30 C0 <wb> C20 C1 C21 C21 C38 C1 C37 C0 C29 C0 <wb> C5 C36 C21 C0 <wb> C4 C0 C29 C1 C38 C0 C5 C1 <wb> C24 C0 C1 C15 C0 C16 C30 C0 <wb> C29 C0 C1 C32 C0 C29 C0 C16 <wb> C7 C0 C1 C32 C0 <wb> C14 C1 C30 C1 C38 C0 C5 C1 <wb> C24 C0 C1 C15 C0 C16 C30 C0 <wb> C30 C0 C19 C1 C21 C0 C5 C11 <wb> C32 C0 C36 C18 C0 C11 <wb> C7 C0 C1 C32 C0 <wb> C14 C1 C30 C0 C25 C11 C15 C16 <wb> C14 C1 C16 C5 C11 C5 C0 <wb> C0 C30 C0 C32 C0 C11
marathi_female_010695|C32 C0 C16 C5 C0 C11 <wb> C13 C0 C1 C37 C0 <wb> C31 C0 C1 C23 C32 C0 <wb> C30 C0 C36 C23 C7 C0 C29 C0 <wb> C1 C25 C0 C16 <wb> C30 C0 C22 C36 C7 C29 C1 C19 C1 C35 C16 <wb> C37 C0 C30 C0 C21 C11 C21 C11 <wb> C15 C0 C26 C32 C0 C11
marathi_female_010716|C1 C16 C5 C0 C11 <wb> C3 C0 C26 C21 C0 C25 C0 C11 <wb> C2 C19 C0 C36 C24 C0 <wb> C22 C16 C32 C1 C24 C11 <wb> C32 C0 C16 C21 C0 C1 <wb> C0 C32 C38 C1 C24 C0 C23 C7 C1 C24 C11 <wb> C22 C0 C16 C35 C0 C16 <wb> C22 C0 C1 C29 C0 C21 C0 C16
marathi_female_010724|C32 C0 C38 C0 C1 <wb> C29 C0 C1 C32 C0 C29 C0 C16 <wb> C1 C16 C3 C1 C3 C1 C23 C5 C11 <wb> C3 C0 C26 C21 C0 C25 C0 C11 <wb> C22 C0 C23 C17 C0 C36 C5 C0 C38 C0 C1 <wb> C19 C0 C1 C24 C0 C1 C37 C0 C29 C0 <wb> C28 C0 C9 C0 C21 C0 C11
marathi_female_010726|C32 C0 C38 C0 C1 C37 C0 C29 C0 <wb> C3 C0 C1 C3 C0 C1 <wb> C37 C2 C32 C1 C13 C0 C21 C11 C21 C38 C1 <wb> C30 C36 C29 C1 C32 C0 <wb> C22 C0 C15 C0 C25 C0 C1 C21 C0 C11 <wb> C0 C13 C0 C23 <wb> C22 C0 C15 C1 C13 C0 C16 <wb> C19 C0 C16 C32 C0 C16 <wb> C37 C0 C1 C10 C0 C21 C0 C11 C21 C0 C16 <wb> C1 C15 C0 C11 <wb> C31 C0 C16 C19 C0 C31 C0 C25 C0 C1 C5 C0 C38 C0 C1 <wb> C4 C0 C37 C16 C31 C38 C1 C5 C38 C1 <wb> C7 C29 C36 C31 C34 C16 C24 C11 <wb> C19 C0 C16 C32 C0 C16 C32 C0 C29 C0 C16 <wb> C28 C0 C2 C30 C0 C1 <wb> C30 C1 C35 C0 C37 C1 C38 C0 C5 C1 <wb> C1 C15 C0 C11
marathi_female_010734|C32 C0 C36 C21 C0 C1 <wb> C22 C0 C1 C15 C0 C16 C32 C0 C16 <wb> C1 C15 C0 C11 <wb> C37 C16 C21 C22 C1 <wb> C29 C36 C9 C1 C21 C12 C0 <wb> C15 C0 C16 <wb> C0 C22 C0 C11 C29 C0 C16 C19 C0 C24 C0 <wb> C20 C0 C11 C21 C0 C1 C9 C0 C36 <wb> C28 C26 C21 C16 C26 C22 C36 C21 C11 <wb> C7 C0 C26 C24 C0 C15 C0 C16 <wb> C28 C0 C1 C38 C0 C1 C23 C24 C0 C16 <wb> C0 C28 C0 C23 C13 C0 <wb> C15 C0 C26 C32 C0 C16
marathi_female_010740|C37 C1 C10 C0 C7 C16 C37 C0 C30 C1 C21 C1 <wb> C19 C0 C1 C38 C0 <wb> C19 C0 C1 C38 C0 <wb> C1 C25 C0 C1 C38 C0 C5 C0 C11 <wb> C15 C0 C38 C0 C1 C5 C0 C16 <wb> C38 C0 C1 C7 C0 C16 <wb> C32 C0 C16 <wb> C32 C0 C16 C5 C0 C38 C0 C1 <wb> C3 C0 C1 C3 C0 C1 C23 C24 C0 C1 <wb> C30 C0 C22 C0 C17 C0 C1 C37 C0 C36 C24 C0 <wb> C30 C0 C1 C23 C13 C0 C32 C0 <wb> C15 C0 C26 C32 C0 C16
marathi_female_010748|C30 C0 C19 C0 C1 C21 C0 C16 <wb> C18 C26 C28 C11 C32 C36 C24 C0 <wb> C36 C35 C0 C21 C0 C38 C0 C1 C37 C0 C29 C0 <wb> C24 C0 C16 C24 C0 C1 C21 C0 C1 <wb> C1 C16 C3 C1 C3 C1 C23 C24 C16 <wb> C17 C0 C37 C0 C21 C0 <wb> C14 C0 C11 C36 C24 C0 <wb> C21 C1 C9 C0 <wb> C19 C0 C11 C21 C0 C11
marathi_female_010764|C4 C36 C37 C0 C24 C0 C21 C1 <wb> C22 C0 C1 C32 C0 C29 C0 <wb> C32 C0 C38 C0 C1 C5 C0 C38 C0 C1 <wb> C24 C0 C37 C0 C16 C24 C0 <wb> C31 C1 C21 C11 C5 C11 <wb> C22 C0 C16 C32 C0 C29 C0 <wb> C0 C17 C0 C16 C3 C0 C1 C32 C0 <wb> C1 C37 C0 C9 C0 C21 C0 C11 <wb> C24 C0 C37 C0 C15 C0 C32 C0 C11
marathi_female_010818|C9 C0 C26 C23 C13 C0 C29 C0 <wb> C5 C0 C10 C1 C38 C0 C5 C1 <wb> C36 C32 C0 C30 C0 C1 C15 C0 <wb> C12 C0 C1 C29 C0 C5 C0 <wb> C33 C26 C9 C0 C38 C1 <wb> C22 C36 C21 C1 C23 C22 C0 C8 C38 C11 <wb> C31 C0 C16 C21 C0 C21 C0 C19 C0 <wb> C15 C0 C26 C32 C0 C1 <wb> C0 C28 C0 C37 C1 C7 C0 <wb> C12 C0 C19 C0 C32 C0 <wb> C37 C16 C24 C16 C32 C0 C5 C1 <wb> C32 C0 C26 <wb> C30 C0 C29 C0 C37 C0 C1 C32 C0 <wb> C1 C8 C0 C16 <wb> C9 C26 C23 C13 C0 C29 C1 C37 C0 C29 C0 <wb> C17 C0 C1 C36 C24 C0 <wb> C28 C0 C26 C15 C0 C26 C5 C0 C21 C0 C1
marathi_female_010822|C32 C0 C36 C22 C0 C5 C0 C38 C0 C1 C32 C0 <wb> C24 C0 <wb> C7 C0 C22 C0 C32 C1 <wb> C17 C0 C29 C0 <wb> C19 C0 C26 C25 C0 C16 <wb> C9 C0 C26 C23 C13 C0 C29 C0 <wb> C5 C0 C10 C0 C21 C0 C1 <wb> C0 C30 C0 C11 C21 C0 <wb> C32 C0 C29 C0 <wb> C32 C0 C26 <wb> C1 C15 C0 C11 <wb> C37 C16 C24 C16 C32 C0 <wb> C0 C30 C0 C23 <wb> C19 C0 C1 <wb> C22 C0 C1 C15 C0 C16 C32 C0 C16 <wb> C1 C15 C0 C11 <wb> C19 C0 C1 <wb> C22 C0 C36 C21 C0 C1 C23 C24 C0 C16 <wb> C24 C1 C15 C16 C5 C38 C1 <wb> C22 C1 C24 C1 <wb> C9 C26 C21 C1 C37 C0 C21 C38 C1
marathi_female_010846|C11 C19 C0 C7 C0 C1 <wb> C34 C16 C24 C1 <wb> C1 C25 C0 C16 <wb> C37 C0 C29 C13 C1 C32 C0 C21 C38 C1 <wb> C30 C1 C15 C16 C21 C0 C5 C11 <wb> C4 C0 C1 C23 C9 C0 C25 C0 <wb> C18 C0 C1 C21 C0 C11
marathi_female_010848|C34 C16 C24 C1 C21 C1 <wb> C32 C0 C29 C0 <wb> C29 C0 C9 C36 C5 C0 <wb> C12 C36 C34 C0 C21 C11 <wb> C11 C37 C0 C10 C0 C16 <wb> C22 C0 C26 C35 C0 C16 <wb> C31 C0 C1 C21 C0 C1 <wb> C19 C0 C31 C0 C16 <wb> C18 C1 C9 C1 C38 C0 C5 C16 <wb> C1 C25 C0 C16 <wb> C14 C0 C29 C0 C16 <wb> C19 C0 C8 C0 C16 <wb> C17 C0 C1 C38 C0 C5 C0 C23 <wb> C15 C0 C38 C0 C1 C5 C0 <wb> C19 C1 C21 C0 C17 C16 C32 C0 <wb> C34 C16 C24 C1 <wb> C15 C0 C26 C32 C0 C16
marathi_female_010858|C38 C0 C1 <wb> C3 C1 C13 C11 C32 C36 C24 C0 <wb> C32 C0 C38 C0 C1 <wb> C3 C0 C1 C13 C0 C11 C32 C0 <wb> C17 C0 C1 C38 C0 C21 C0 C1 <wb> C21 C0 C1 C21 C0 <wb> C24 C0 C1 C13 C0 C22 C0 C26 C9 C0 C16 <wb> C29 C0 C30 C0 C32 C0 C11 <wb> C15 C0 C26 C32 C0 C11
marathi_female_010861|C12 C0 C19 C0 C32 C0 <wb> C28 C1 C37 C0 C30 C1 C21 C0 C38 C1 C32 C0 C5 C0 <wb> C19 C26 C30 C0 C21 C0 C25 C1 C29 C1 <wb> C28 C1 C23 C10 C0 C29 C1 C31 C36 C4 C29 C0 <wb> C8 C0 C3 C0 C8 C0 C3 C1 <wb> C15 C0 C26 C32 C0 C1
marathi_female_010863|C13 C0 C1 C37 C0 C1 C32 C0 <wb> C1 C21 C0 C11 C21 C0 C11 <wb> C28 C0 C1 C15 C0 C36 C25 C0 C11 <wb> C22 C36 C7 C7 C1 C22 C0 C15 C36 C24 C0 <wb> C15 C0 C1 <wb> C9 C0 C26 C23 C13 C0 C29 C0 <wb> C28 C0 C1 C15 C0 C1 C38 C0 C21 C0 C1 <wb> C17 C0 C1 C38 C0 C5 C0 C11
marathi_female_010869|C30 C0 C13 C0 C21 C0 C11 <wb> C19 C27 C32 C36 C19 C1 C24 C11 <wb> C22 C0 C15 C0 C25 C0 C32 C0 <wb> C0 C17 C0 C3 C0 C5 C0 <wb> C9 C0 C26 C23 C13 C0 C29 C0 <wb> C1 C15 C0 C11
marathi_female_010876|C1 C28 C0 C25 C0 <wb> C30 C0 C13 C0 C21 C0 C38 C0 C1 C23 C24 C0 C1 <wb> C22 C0 C7 C0 C32 C0 <wb> C19 C0 C29 C0 C1 C38 C0 C5 C0 C16 <wb> C30 C0 C13 C0 C21 C0 C38 C0 C1 C23 C24 C0 C1 <wb> C36 C29 C17 C1 <wb> C28 C36 C29 C0 C37 C1 C38 C0 C5 C16 <wb> C30 C0 C13 C0 C21 C0 C38 C0 C1 <wb> C30 C0 C13 C0 C21 C0 C38 C0 C1 C23 C24 C0 C1 <wb> C1 C24 C0 C23 C7 C0 C16 <wb> C19 C0 C29 C0 C1 C38 C0 C5 C0 C23 <wb> C28 C0 C25 C0 <wb> C32 C0 C29 C0 C16 C15 C0 C16 <wb> C1 C28 C0 C21 C0 C16 <wb> C18 C16 C17 C0 C5 C0 <wb> C15 C0 C26 C32 C0 C11
marathi_female_010882|C19 C0 C9 C0 C19 C0 <wb> C36 C24 C15 C1 C21 C0 C38 C1 C32 C0 <wb> C17 C0 C11 C37 C0 C15 C0 C1 <wb> C36 C24 C0 <wb> C32 C1 C28 C36 <wb> C21 C0 C1 C13 C0 C32 C0 C23 <wb> C32 C0 C11 C37 C0 C15 C0 C1 <wb> C1 C22 C0 C15 C0 C16 <wb> C1 C22 C0 C5 C0 C16 <wb> C30 C0 C1 C29 C0 C16 <wb> C28 C0 C1 C24 C0 C23 <wb> C32 C0 C36 C18 C0 C38 C0 C1 C37 C0 C29 C0 <wb> C0 C23 C33 C0 C29 C0 C32 C26 <wb> C1 C25 C0 C16 <wb> C1 C22 C0 C15 C0 C16 <wb> C22 C0 C1 C32 C0 C29 C0 <wb> C24 C0 C16 C31 C0 C28 C0 C29 C0 C25 C0 <wb> C15 C0 C26 C36 C24 C0 <wb> C36 C24 C0 C15 C0 C1 C32 C0 <wb> C32 C1 C28 C0 C32 C0 <wb> C29 C0 C1 C15 C0 C32 C0 C26 <wb> C0 C32 C0 C16 C31 C0 C38 C0 <wb> C1 C24 C0 C23 C7 C0 C1 C24 C0 C11
marathi_female_010917|C32 C0 C11 <wb> C32 C0 C38 C0 C1 C24 C0 C11 <wb> C1 C28 C0 C21 C0 C38 C0 C1 <wb> C19 C0 C36 C32 C0 C29 C0 C38 C0 C1 C5 C0 C38 C0 C1 <wb> C28 C16 C21 C21 C1 C23 C3 C0 C29 C26 C3 C0 C29 C0 <wb> C37 C1 C10 C0 C37 C0 C21 C11 <wb> C37 C0 <wb> C22 C0 C26 C35 C0 C11 <wb> C19 C0 C11 C21 C0 C11
marathi_female_010919|C28 C0 C25 C0 <wb> C13 C0 C23 C22 C0 C32 C0 <wb> C22 C0 C1 C32 C0 C29 C0 <wb> C0 C31 C0 C16 <wb> C19 C0 C16 <wb> C32 C0 C38 C0 C1 C37 C0 C11 C21 C0 C16 <wb> C32 C0 C26 <wb> C21 C1 C23 C9 C0 C13 C1 <wb> C32 C0 C38 C0 C1 <wb> C7 C0 C29 C26 C9 C11 C20 C26 C29 C0 <wb> C16 C32 C0 C29 C0 <wb> C21 C1 C23 C9 C0 C13 C38 C1 C5 C1 <wb> C28 C0 C1 C35 C0 C21 C0 C1 C13 C0 <wb> C19 C0 C29 C0 C16
marathi_female_010922|C16 C32 C0 C19 C0 C11 C5 C0 <wb> C24 C0 C1 C15 C0 C16 <wb> C32 C0 C29 C0 <wb> C3 C1 C15 C11 C29 C0 C5 C11 <wb> C19 C0 C26 C25 C0 C16 <wb> C19 C0 C21 C0 C28 C1 C32 C36 C24 C0 <wb> C22 C11 C23 C10 C0 C29 C36 <wb> C24 C0 C38 C0 C1 C38 C0 C21 C0 C1 <wb> C1 C21 C0 C11 <wb> C24 C0 C1 C15 C0 C16 <wb> C32 C0 C29 C0 <wb> C32 C0 C26 <wb> C19 C0 C21 C0 C28 C1 C23 C32 C0 <wb> C37 C0 C1 C10 C0 C21 C0 C11 C21 C0 C1 <wb> C21 C1 C23 C9 C0 C13 C1 <wb> C30 C0 C37 C0 C32 C0 <wb> C5 C0 <wb> C13 C0 C36 C28 C0 C5 C0 C36 C28 C0 <wb> C11 C20 C0 C1 C7 C0 C11 <wb> C22 C11 C23 C10 C0 C29 C36 <wb> C35 C0 C1 C29 C0 <wb> C19 C0 C29 C0 C16 <wb> C37 C0 <wb> C22 C11 C17 C0 C37 C1 C24 C16 C5 C1 <wb> C1 C24 C0 C23 C7 C0 <wb> C21 C36 C34 C16
marathi_female_010929|C9 C0 C26 C19 C0 C38 C0 C1 C37 C0 C29 C0 <wb> C4 C0 C38 C0 C23 C19 C0 C29 C0 <wb> C36 C24 C0 <wb> C22 C0 C16 <wb> C22 C0 C15 C0 C25 C0 C32 C0 <wb> C15 C0 C26 C32 C0 C11
marathi_female_010930|C16 C32 C0 C19 C0 C38 C0 C1 C32 C0 <wb> C29 C0 C30 C32 C38 C1 C5 C38 C1 <wb> C19 C0 C9 C0 C11 C21 C0 C1 <wb> C32 C0 C38 C0 C1 C23 C24 C0 C1 <wb> C11 C19 C0 <wb> C22 C0 C26 C35 C0 C11 <wb> C18 C0 C1 C9 C0 <wb> C7 C0 C16 C30 C0 C21 C0 C11
