hindi_female_004508|C16 C30 C0 C11 <wb> C19 C0 C16 <wb> C3 C0 C1 C29 C0 <wb> C22 C0 C23 C5 C0 C16 C32 C0 <wb> C4 C0 C16 <wb> C19 C0 C16 C38 C0 C1 <wb> C13 C0 C38 C0 C1 <wb> C15 C0 C2
hindi_female_004512|C36 C30 C0 C32 C0 C1 C7 C0 <wb> C3 C0 C16 C30 C0 C22 C0 C16 C21 C0 C21 C0 C1 C15 C0 <wb> C20 C0 C1 C24 C0 <wb> C4 C0 C1 C29 C0 C32 C0 C16 C38 C0 <wb> C30 C0 C23 C13 C0 C16 C32 C0 <wb> C15 C0 C16 <wb> C24 C0 C15 C0 C16 C23 <wb> C30 C0 C22 C0 C36 C5 C0 C11 <wb> C19 C0 C21 C0 C1 <wb> C30 C0 C23 C30 C0 C1 C29 C0 <wb> C22 C0 C11 C23 <wb> C11 C19 C0 <wb> C37 C0 C16 C21 C0 C19 C0 C31 C0 C25 C0 <wb> C36 C28 C0 C30 C0 C33 C0 C16 C32 C0 C16 <wb> C29 C0 C15 C0 C11
hindi_female_004516|C36 C30 C0 C32 C0 C1 C7 C0 <wb> C19 C0 C26 <wb> C34 C0 C29 C0 C16 C3 C0 C38 C0 C36 C34 C0 <wb> C19 C0 C16 <wb> C32 C0 C29 C0 C15 C0 <wb> C21 C0 C16 C20 C0 C1 <wb> C13 C0 C38 C0 C1 <wb> C37 C0 C38 C0 C26 C22 C0 C11 C31 C0 <wb> C31 C0 C36 C19 C0 C21 C0 <wb> C19 C0 C1 <wb> C13 C0 C7 C0 C38 C0 <wb> C36 C24 C0 C19 C0 C16 <wb> C19 C0 C21 C0 C1 <wb> C19 C0 C26 <wb> C30 C0 C1 C23 C30 C0 C19 C0 C29 C32 C0 C16 C19 C0 <wb> C29 C0 C1 C17 C0 C24 C0 C16 C32 C0 C16 <wb> C19 C0 C11 <wb> C28 C0 C29 C0 C32 C0 C16 C29 C0 C26 C8 C0 <wb> C19 C0 C11 <wb> C30 C0 C23 C19 C0 C11 C32 C0 C26 C23 <wb> C19 C0 C16 <wb> C32 C0 C29 C0 C15 C0 <wb> C7 C0 C11 C20 C0 C32 C0 C1 <wb> C15 C0 C2
hindi_female_004517|C16 C30 C0 <wb> C0 C23 C19 C0 <wb> C30 C0 C11 <wb> C15 C0 C22 C0 <wb> C11 C19 C0 <wb> C24 C0 C38 C0 C1 <wb> C20 C0 C23 C9 C0 <wb> C36 C24 C0 <wb> C19 C0 C21 C0 C1 <wb> C29 C0 C36 C28 C0 C26 C23 <wb> C28 C0 C29 C0 <wb> C1 C29 C0 C23 C4 C0 <wb> C19 C0 C29 C0 <wb> C29 C0 C15 C0 C11 <wb> C15 C0 C2 C23 <wb> C17 C0 C16 C24 C0 C15 C0 C11 C23 <wb> C21 C0 C26 C19 C0 <wb> C28 C0 C29 C0 C16 C38 C0 <wb> C38 C0 C1 <wb> C28 C0 C28 C0 C36 C21 C0 C29 C0 <wb> C19 C0 C15 C0 C1 <wb> C17 C0 C1 C32 C0 C1 <wb> C15 C0 C2
hindi_female_004519|C38 C0 C36 C29 C0 C26 C28 C0 <wb> C19 C0 C1 <wb> C3 C0 C1 C38 C0 C1 C23 <wb> C15 C0 C16 C30 C0 C30 C0 C1 <wb> C0 C12 C0 C29 C0 C16 C19 C0 C1 <wb> C19 C0 C11 <wb> C7 C0 C1 C15 C0 C16 C24 C0 C11 <wb> C22 C0 C11 C23 <wb> C27 C29 C0 <wb> C1 C30 C0 C34 C0 C29 C0 C11 C21 C0 C16 C38 C0 C1 <wb> C19 C0 C1 <wb> C36 C28 C0 C29 C0 C16 <wb> C28 C0 C31 C0 C5 C0 C16 C22 C0 C16 <wb> C19 C0 C16 C24 C0 C1 C29 C0 C1 <wb> C1 C17 C0 <wb> C19 C0 C11 <wb> C32 C0 C22 C0 C16 C21 C0 C24 C0 C1 C9 C0 C36 <wb> C19 C0 C11 <wb> C3 C0 C13 C0 C21 C0 <wb> C22 C0 C11 C23 <wb> C33 C0 C1
hindi_female_004527|C19 C0 C37 C0 C2 C23 <wb> C19 C0 C16 <wb> C36 C22 C0 C29 C0 <wb> C19 C0 C29 C0 C16 C3 C0 C24 C0 <wb> C0 C35 C0 C1 C29 C0 C15 C0 <wb> C30 C0 C1 C21 C0 <wb> C29 C0 C15 C0 C16 <wb> C15 C0 C26 C13 C0 C16 <wb> C38 C0 C1 C24 C0 C16 <wb> C19 C0 C16 <wb> C37 C0 C26 <wb> C24 C0 C37 C0 C19 C0 C16 C31 C0 C26 C29 C0 <wb> C33 C0 C1 <wb> C1 C17 C0 <wb> C19 C0 C1 <wb> C34 C0 C16 C24 C0 C11 C17 C0 C29 C0
hindi_female_004537|C17 C0 C15 C0 C1 C23 <wb> C4 C0 C16 <wb> C19 C0 C26 C16 <wb> C24 C0 C16 <wb> C8 C0 C37 C0 C24 C0 C16 <wb> C30 C0 C36 C24 C0 C32 C0 C1 <wb> C32 C0 C36 C29 C0 C23 C32 C0 <wb> C36 C30 C0 C11 <wb> C7 C0 C26 C15 C0 C29 C0 C1 C32 C0 C1
hindi_female_004544|C19 C0 C36 C6 C0 <wb> C21 C0 C26 C13 C0 C26 C23 <wb> C19 C0 C26 <wb> C32 C0 C26 <wb> C9 C0 C29 C0 <wb> C33 C0 C1 <wb> C19 C0 C16 <wb> C19 C0 C37 C0 C2 C23 <wb> C19 C0 C16 C30 C0 C16 <wb> C19 C0 C1 C21 C0 C11 <wb> C7 C0 C11 C37 C0 C32 C0 C1 <wb> C19 C0 C16 <wb> C1 C29 C0 C1 C8 C0 C24 C0 C1 <wb> C19 C0 C29 C0 C32 C0 C1 <wb> C15 C0 C2
hindi_female_004545|C16 C30 C0 <wb> C3 C0 C16 C5 C0 <wb> C19 C0 C37 C0 C2 C23 <wb> C24 C0 C11 <wb> C0 C28 C0 C24 C0 C11 <wb> C19 C0 C3 C0 C16 C21 C0 C11 <wb> C37 C0 C1 C21 C0 C26 C23 <wb> C19 C0 C11 <wb> C30 C0 C1 C33 C0 <wb> C20 C0 C1 C24 C0 C1 <wb> C3 C0 C16 C21 C0 C19 C0 C36 C21 C0 <wb> C15 C0 C16 <wb> C3 C0 C23 C7 C0 <wb> C19 C0 C29 C0 <wb> C7 C0 C16 C38 C0 C1
hindi_female_004549|C19 C0 C4 C0 C16 <wb> C19 C0 C4 C0 C16 <wb> C19 C0 C37 C0 C2 C23 <wb> C13 C0 C36 C30 C0 C30 C0 C11 <wb> C22 C0 C11 C23 <wb> C28 C0 C32 C0 C33 C0 C29 C0 <wb> C36 C35 C0 C1 C19 C0 C29 C0 <wb> C12 C0 C11 C23 C19 C0 <wb> C4 C0 C16 <wb> C7 C0 C11 C32 C0 C1
hindi_female_004555|C31 C0 C1 C38 C0 C7 C0 <wb> C11 C19 C0 <wb> C15 C0 C16 <wb> C37 C0 C1 C29 C0 <wb> C22 C0 C11 C23 <wb> C20 C0 C36 C23 <wb> C0 C23 C8 C0 C1 <wb> C15 C0 C26 <wb> C13 C0 C38 C0 C1
hindi_female_004556|C36 C30 C0 C19 C0 C11 <wb> C3 C0 C1 C7 C0 <wb> C19 C0 C37 C0 C2 C23 <wb> C24 C0 C11 <wb> C24 C0 C36 C19 C0 C16 C21 C0 C11 <wb> C28 C0 C32 C0 C33 C0 C29 C0 <wb> C36 C35 C0 C1 <wb> C19 C0 C29 C0 <wb> C20 C0 C36 C23 <wb> C19 C0 C16 <wb> C11 C19 C0 <wb> C11 C19 C0 <wb> C24 C0 C30 C0 <wb> C19 C0 C1 C34 C0 <wb> C9 C0 C1 C21 C0 C16
hindi_female_004557|C32 C0 C16 C24 C0 <wb> C19 C0 C3 C0 C16 C21 C0 C11 C37 C0 C1 C21 C0 C11 <wb> C3 C0 C16 C5 C0 <wb> C22 C0 C11 C23 <wb> C1 C11 <wb> C21 C0 C11 C19 C0 C16 C24 C0 <wb> C37 C0 C26 <wb> C4 C0 C16 <wb> C22 C0 C1 C29 C0 C11 <wb> C13 C0 C11
hindi_female_004558|C30 C0 C36 C3 C0 C15 C0 <wb> C15 C0 C26 C32 C0 C11 <wb> C15 C0 C26 C32 C0 C11 <wb> C28 C0 C36 C29 C0 C1 <wb> C19 C0 C3 C0 C16 C21 C0 C1 <wb> C20 C0 C1 C21 C0 C16 <wb> C15 C0 C26 <wb> C13 C0 C38 C0 C1
hindi_female_004559|C22 C0 C1 C24 C0 <wb> C21 C0 C16 C38 C0 C1 <wb> C13 C0 C38 C0 C1 <wb> C19 C0 C16 <wb> C19 C0 C37 C0 C2 C23 <wb> C30 C0 C5 C0 C22 C0 C36 C5 C0 <wb> C29 C0 C1 C32 C0 <wb> C19 C0 C16 <wb> C15 C0 C16 <wb> C1 C29 C0 C1 C8 C0 C24 C0 C1 <wb> C19 C0 C29 C0 C32 C0 C1 <wb> C15 C0 C2 C23
hindi_female_004561|C17 C0 C16 C24 C0 <wb> C28 C0 C32 C0 C33 C0 C29 C0 C26 C23 <wb> C28 C0 C11 <wb> C20 C0 C36 C24 C0 <wb> C21 C0 C13 C0 <wb> C13 C0 C38 C0 C1 <wb> C33 C0 C1 <wb> C36 C24 C0 C15 C0 C11 C23 <wb> C37 C0 C26 <wb> C9 C0 C2 C24 C0 C38 C0 C36 C3 C0 <wb> C22 C0 C11 C23 <wb> C8 C0 C26 <wb> C21 C0 C1 C38 C0 C1
hindi_female_004567|C37 C0 C11 <wb> C29 C0 C1 C13 C0 <wb> C19 C0 C1 <wb> C37 C0 C16 C30 C0 C32 C0 C1 C29 C0 <wb> C19 C0 C29 C0 C24 C0 C11 <wb> C36 C30 C0 C19 C0 C16 <wb> C30 C0 C23 C29 C0 C5 C0 C24 C0 C1 <wb> C19 C0 C11 <wb> C3 C0 C38 C0 C27 C29 C0 C26 C23 <wb> C19 C0 C26 <wb> C36 C4 C0 C1 C29 C0 C24 C0 C11 <wb> C22 C0 C11 C23 <wb> C15 C0 C22 C0 C11 C31 C0 C1 <wb> C3 C0 C11 C15 C0 C7 C0 <wb> C30 C0 C8 C0 C11 <wb> C15 C0 C36 C11 <wb> C27 C29 C0 <wb> C17 C0 C1 C13 C0 C29 C0 C36 C19 C0 <wb> C29 C0 C15 C0 C11 <wb> C15 C0 C2 C23
hindi_female_004577|C37 C0 C11 <wb> C11 C19 C0 <wb> C30 C0 C1 C8 C0 C1 C29 C0 C25 C0 <wb> C16 C24 C0 C30 C0 C1 C24 C0 <wb> C15 C0 C2 C23 <wb> C17 C0 C16 C24 C0 C19 C0 C11 <wb> C4 C0 C16 C32 C0 C29 C0 <wb> C1 C28 C0 C19 C0 C26 <wb> C0 C24 C0 C1 C38 C0 C1 C30 C0 <wb> C15 C0 C16 <wb> C30 C0 C15 C0 C17 C0 <wb> C22 C0 C1 C24 C0 C37 C0 C16 C38 C0 C32 C0 C1 <wb> C19 C0 C11 <wb> C7 C0 C29 C0 C31 C0 C24 C0 <wb> C15 C0 C26 C32 C0 C11 <wb> C15 C0 C2 C23
hindi_female_004578|C38 C0 C11 <wb> C20 C0 C1 C24 C0 <wb> C30 C0 C1 C15 C0 C3 C0 <wb> C19 C0 C26 C16 <wb> C7 C0 C36 C30 C0 C29 C0 C11 <wb> C15 C0 C2 C23
hindi_female_004579|C36 C24 C0 C30 C0 C11 <wb> C22 C0 C16 C21 C0 C24 C0 C1 <wb> C22 C0 C26 C22 C0 C16 C24 C0 <wb> C19 C0 C11 <wb> C36 C30 C0 <wb> C31 C0 C11 C29 C0 <wb> C30 C0 C11 <wb> C22 C0 C16 C21 C0 C24 C0 C1 <wb> C15 C0 C2 <wb> C17 C0 C15 C0 C1 C23 <wb> C37 C0 C11 <wb> C38 C0 C15 C0 <wb> C7 C0 C29 C0 C17 C0 <wb> C19 C0 C29 C0 C32 C0 C11 <wb> C15 C0 C2 C23 <wb> C32 C0 C36 C22 C0 <wb> C22 C0 C11 C29 C0 C11 <wb> C28 C0 C1 C30 C0 <wb> C15 C0 C26 C32 C0 C11 <wb> C15 C0 C26 <wb> C17 C0 C3 C0 <wb> C19 C0 C26 C16 <wb> C7 C0 C36 C30 C0 C29 C0 C1 <wb> C24 C0 C15 C0 C16 C23 <wb> C15 C0 C26 C32 C0 C1
hindi_female_004581|C36 C24 C0 C15 C0 C11 C23 <wb> C19 C0 C1 C31 C0 C16 <wb> C30 C0 C11 <wb> C3 C0 C11 C28 C0 C24 C0 C1 C15 C0 <wb> C22 C0 C36 C15 C0 C3 C0 C3 C0 C32 C0 <wb> C15 C0 C2
hindi_female_004582|C37 C0 C11 <wb> C31 C0 C15 C0 C24 C0 C1 C16 <wb> C19 C0 C26 <wb> C0 C28 C0 C24 C0 C16 <wb> C28 C0 C29 C0 C30 C0 C32 C0 C36 C32 C0 C16 <wb> C19 C0 C1 <wb> C11 C19 C0 <wb> C37 C0 C1 C7 C0 C38 C0 <wb> C38 C0 C24 C0 C32 C0 C29 C0 <wb> C24 C0 C15 C0 C16 C23 <wb> C22 C0 C1 C24 C0 C32 C0 C11 <wb> C3 C0 C21 C0 C19 C0 C16 <wb> C36 C30 C0 C11 <wb> C30 C0 C20 C0 C16 <wb> C27 C29 C0 <wb> C22 C0 C15 C0 C3 C0 C36 C3 C0 C1 <wb> C19 C0 C15 C0 C32 C0 C11 <wb> C15 C0 C2 C23
hindi_female_004583|C0 C28 C0 C24 C0 C16 <wb> C28 C0 C32 C0 C24 C0 C16 <wb> C19 C0 C11 <wb> C13 C0 C36 C17 C0 C29 C0 <wb> C17 C0 C1 C24 C0 C11 <wb> C19 C0 C11 <wb> C3 C0 C1 C7 C0 <wb> C30 C0 C11 <wb> C36 C24 C0 C19 C0 C16 <wb> C38 C0 C15 C0 <wb> C22 C0 C15 C0 C3 C0 C36 C3 C0 C1 <wb> C15 C0 C16 <wb> C36 C24 C0 C19 C0 C11 <wb> C30 C0 C16 C29 C0 C15 C0 C1 C24 C0 C11 <wb> C3 C0 C16 C30 C0 C32 C0 C29 C0 <wb> C28 C0 C29 C0 <wb> C30 C0 C1 C33 C0 <wb> C30 C0 C26 C32 C0 C16 <wb> C15 C0 C2 <wb> C27 C29 C0 <wb> C0 C28 C0 C24 C0 C11 <wb> C28 C0 C29 C0 C11 C22 C0 C16 <wb> C19 C0 C26 <wb> C7 C0 C26 <wb> C11 C19 C0 <wb> C19 C0 C31 C0 C25 C0 <wb> C20 C0 C36 C7 C0 <wb> C19 C0 C16 <wb> C20 C0 C36 C31 C0 C16 <wb> C3 C0 C34 C0 C26 C29 C0 C24 C0 C11 <wb> C19 C0 C1 <wb> C3 C0 C15 C0 C1 C24 C0 C1 <wb> C7 C0 C11 C32 C0 C16 <wb> C15 C0 C2
hindi_female_004587|C0 C28 C0 C24 C0 C11 <wb> C4 C0 C29 C0 C11 <wb> C28 C0 C36 C29 C0 C11 <wb> C19 C0 C36 C24 C0 C3 C0 C11 <wb> C19 C0 C11 <wb> C30 C0 C1 C33 C0 <wb> C29 C0 C15 C0 C24 C0 C1 <wb> C27 C29 C0 <wb> C28 C0 C1 C23 C5 C0 C26 C23 <wb> C37 C0 C19 C0 C32 C0 <wb> C19 C0 C16 <wb> C24 C0 C22 C0 C1 C17 C0 <wb> C22 C0 C11 C23 <wb> C30 C0 C23 C13 C0 C16 C32 C0 <wb> C19 C0 C16 <wb> C31 C0 C36 C7 C0 C8 C0 C32 C0 C1 <wb> C19 C0 C26 <wb> C22 C0 C16 C21 C0 C1 <wb> C7 C0 C11 C24 C0 C1 <wb> C36 C24 C0 C15 C0 C11 C23 <wb> C3 C0 C20 C0 C36 C3 C0 C16 <wb> C1 C32 C0 C1 <wb> C15 C0 C2
hindi_female_004595|C16 C30 C0 <wb> C3 C0 C1 C13 C0 C16 C5 C0 C11 <wb> C22 C0 C11 C23 <wb> C1 C28 C0 <wb> C31 C0 C36 C29 C0 C36 <wb> C30 C0 C11 <wb> C0 C24 C0 C32 C0 <wb> C32 C0 C19 C0 <wb> C14 C0 C36 C22 C0 <wb> C1 C16 C38 C0 C11 <wb> C32 C0 C26 <wb> C7 C0 C36 C24 C0 C16 C38 C0 C1 <wb> C4 C0 C29 C0 <wb> C19 C0 C16 <wb> C30 C0 C36 C24 C0 C7 C0 C29 C0 <wb> C5 C0 C16 C17 C0 C26 C23 <wb> C19 C0 C11 <wb> C30 C0 C1 C33 C0 <wb> C11 C19 C0 <wb> C0 C24 C0 C24 C0 C38 C0 C32 C0 C1 <wb> C22 C0 C15 C0 C30 C0 C36 C30 C0 <wb> C19 C0 C29 C0 C11 C23 C13 C0 C11 C23
hindi_female_004600|C0 C17 C0 C16 C3 C0 <wb> C30 C0 C16 <wb> C28 C0 C23 C19 C0 C32 C0 C16 <wb> C24 C0 C15 C0 C16 C23 <wb> C15 C0 C2 <wb> C13 C0 C23 C13 C0 C1 <wb> C19 C0 C16 <wb> C21 C0 C15 C0 C29 C0 C11 C23 <wb> C17 C0 C16 C32 C0 C24 C0 C16 <wb> C22 C0 C36 C29 C0 C32 C0 <wb> C27 C29 C0 <wb> C38 C0 C33 C0 C1 C29 C0 C33 C0 <wb> C15 C0 C2 C23 <wb> C16 C32 C0 C16 C15 C0 C1 C30 C0 <wb> C36 C32 C0 C24 C0 C1 <wb> C15 C0 C16 <wb> C0 C22 C0 C36 C29 C0 C32 C0
hindi_female_004601|C13 C0 C23 C13 C0 C1 <wb> C19 C0 C16 <wb> C21 C0 C15 C0 C29 C0 C26 C23 <wb> C19 C0 C1 <wb> C19 C0 C38 C0 C1 <wb> C19 C0 C26 C16 <wb> C16 C32 C0 C16 C15 C0 C1 C30 C0 <wb> C24 C0 C15 C0 C16 C23 <wb> C3 C0 C16 C21 C0 C1 C31 C0 C19 C0 <wb> C15 C0 C2 <wb> C29 C0 C1 C15 C0 C16 <wb> C22 C0 C1 C30 C0 C36 C22 C0 <wb> C29 C0 C17 C0 C1 <wb> C32 C0 C16 C30 C0 C29 C0 C16 <wb> C15 C0 C16 <wb> C28 C0 C23 C19 C0 C32 C0 C16 <wb> C22 C0 C11 C23 <wb> C3 C0 C32 C0 C1 <wb> C7 C0 C11 C32 C0 C11 <wb> C15 C0 C2 C23
hindi_female_004606|C21 C0 C27 C23 C9 C0 C1 <wb> C35 C0 C16 C35 C0 C26 C21 C0 C16 <wb> C27 C29 C0 <wb> C15 C0 C23 C30 C0 C16 <wb> C19 C0 C29 C0 <wb> C29 C0 C15 C0 C1 <wb> C33 C0 C1 <wb> C32 C0 C26 <wb> C12 C0 C36 C24 C0 C24 C0 C24 C0 <wb> C22 C0 C16 C38 C0 C1 C23 <wb> C24 C0 C11 <wb> C36 C35 C0 C19 C0 C29 C0 <wb> C11 C19 C0 <wb> C2 C30 C0 C1 <wb> C32 C0 C22 C0 C1 C5 C0 C1 <wb> C22 C0 C1 C29 C0 C1 <wb> C19 C0 C16 <wb> C36 C30 C0 C32 C0 C1 C7 C0 <wb> C17 C0 C16 <wb> C19 C0 C11 <wb> C3 C0 C1 C38 C0 C11 C23 <wb> C19 C0 C16 <wb> C13 C0 C22 C0 C19 C0 <wb> C7 C0 C3 C0 <wb> C13 C0 C16
hindi_female_004611|C37 C0 C15 C0 <wb> C19 C0 C26 C16 <wb> C19 C0 C1 C22 C0 <wb> C24 C0 C15 C0 C16 C23 <wb> C19 C0 C29 C0 C32 C0 C1 <wb> C33 C0 C1 <wb> C27 C29 C0 <wb> C1 C29 C0 C1 C22 C0 <wb> C30 C0 C11 <wb> C33 C0 C1
hindi_female_004612|C28 C0 C15 C0 C21 C0 C11 <wb> C37 C0 C15 C0 <wb> C7 C0 C16 C24 C0 <wb> C29 C0 C1 C32 C0 <wb> C19 C0 C1 C22 C0 <wb> C19 C0 C16 C38 C0 C1 <wb> C19 C0 C29 C0 C32 C0 C1 <wb> C33 C0 C1 <wb> C27 C29 C0 <wb> C3 C0 C11 C1 C29 C0 C1 C22 C0 <wb> C33 C0 C1
hindi_female_004616|C4 C0 C1 C29 C0 C32 C0 <wb> C6 C0 C26 C9 C0 C26 <wb> C1 C24 C0 C7 C0 C26 C21 C0 C24 C0 <wb> C19 C0 C11 <wb> C1 C30 C0 C28 C0 C1 C30 C0 <wb> C4 C0 C16 C9 C0 <wb> C33 C0 C1 C24 C0 C11 <wb> C19 C0 C26 <wb> C14 C0 C11 C29 C0 <wb> C21 C0 C11 C32 C0 C16 <wb> C15 C0 C2
hindi_female_004619|C13 C0 C26 C7 C0 C1 C24 C0 <wb> C6 C0 C32 C0 C32 C0 C16 C30 C0 <wb> C22 C0 C11 C23 <wb> C1 C38 C0 C1 <wb> C33 C0 C1 <wb> C21 C0 C11 C19 C0 C16 C24 C0 <wb> C5 C0 C36 C23 C19 C0 C16 <wb> C29 C0 C1 C38 C0 C30 C0 C1 C15 C0 C3 C0 <wb> C19 C0 C1 C23 C13 C0 C29 C0 C11 C30 C0 <wb> C19 C0 C16 <wb> C22 C0 C11 C22 C0 C3 C0 C29 C0 C16 <wb> C22 C0 C11 C23 <wb> C17 C0 C11 C21 C0 <wb> C4 C0 C16 <wb> C15 C0 C26 <wb> C1 C11 <wb> C33 C0 C11
hindi_female_004620|C16 C30 C0 C21 C0 C16 C11 <wb> C30 C0 C2 C23 C32 C0 C1 C21 C0 C16 C30 C0 <wb> C19 C0 C11 <wb> C3 C0 C1 C7 C0 <wb> C4 C0 C16 <wb> C36 C24 C0 C19 C0 C16 <wb> C29 C0 C16 C38 C0 C1 C30 C0 C32 C0 <wb> C3 C0 C7 C0 C21 C0 C11 <wb> C29 C0 C36 C28 C0 <wb> C22 C0 C11 C23 <wb> C5 C0 C21 C0 C32 C0 C16 <wb> C29 C0 C15 C0 C16 <wb> C15 C0 C26 C13 C0 C16 <wb> C2 C30 C0 C1 <wb> C15 C0 C22 C0 <wb> C22 C0 C1 C24 C0 <wb> C30 C0 C19 C0 C32 C0 C11 C23 <wb> C15 C0 C2 C23
hindi_female_004621|C12 C0 C36 C24 C0 C24 C0 C24 C0 <wb> C22 C0 C16 C38 C0 C1 C23 <wb> C16 C30 C0 C11 <wb> C18 C0 C11 C21 C0 <wb> C24 C0 C15 C0 C16 C23 <wb> C28 C0 C1 C32 C0 C11 <wb> C27 C29 C0 <wb> C3 C0 C16 C5 C0 <wb> C32 C0 C19 C0 C29 C0 C16 C29 C0 <wb> C22 C0 C11 C23 <wb> C20 C0 C9 C0 C11 <wb> C15 C0 C26 <wb> C17 C0 C1 C32 C0 C11 <wb> C15 C0 C2 C23
hindi_female_004622|C36 C24 C0 C19 C0 C16 <wb> C37 C0 C15 C0 <wb> C13 C0 C36 C23 C17 C0 C32 C0 C16 <wb> C1 C37 C0 C1 C17 C0 <wb> C16 C30 C0 <wb> C36 C28 C0 C24 C0 C38 C0 C1 C30 C0 <wb> C30 C0 C11 <wb> C3 C0 C1 C15 C0 C29 C0 <wb> C24 C0 C16 C19 C0 C21 C0 C19 C0 C29 C0 <wb> C1 C32 C0 C16 <wb> C15 C0 C2
hindi_female_004625|C37 C0 C11 <wb> C5 C0 C1 C15 C0 C32 C0 C11 <wb> C32 C0 C26 <wb> C1 C30 C0 C1 C24 C0 C16 <wb> C30 C0 C11 <wb> C10 C0 C11 C29 C0 C26 C23 <wb> C19 C0 C37 C0 C16 C32 C0 C1 C26 C23 <wb> C19 C0 C26 <wb> C19 C0 C16 C30 C0 C16 <wb> C12 C0 C16 C21 C0 C22 C0 <wb> C19 C0 C16 <wb> C28 C0 C34 C0 C19 C0 C33 C0 C1 <wb> C19 C0 C16 <wb> C31 C0 C19 C0 C21 C0 <wb> C7 C0 C11 C19 C0 C29 C0 <wb> C5 C0 C16 C32 C0 C29 C0 C16 C32 C0 <wb> C19 C0 C29 C0 <wb> C30 C0 C19 C0 C32 C0 C11 <wb> C33 C0 C11
hindi_female_004626|C16 C30 C0 <wb> C3 C0 C1 C32 C0 <wb> C30 C0 C11 <wb> C13 C0 C36 C21 C0 C17 C0 C1 C29 C0 <wb> C19 C0 C1 <wb> C19 C0 C15 C0 C1 C24 C0 C16 C19 C0 C1 C29 C0 <wb> C4 C0 C16 <wb> C13 C0 C15 C0 C29 C0 C1 C16 <wb> C30 C0 C11 <wb> C4 C0 C16 C13 C0 C1 <wb> C15 C0 C36 C1 <wb> C15 C0 C2
hindi_female_004629|C37 C0 C11 <wb> C0 C28 C0 C24 C0 C11 <wb> C1 C29 C0 C22 C0 C4 C0 C16 C19 C0 <wb> C17 C0 C16 C37 C0 C24 C0 <wb> C19 C0 C16 <wb> C24 C0 C16 C32 C0 C1 C24 C0 C32 C0 <wb> C30 C0 C15 C0 C17 C0 <wb> C27 C29 C0 <wb> C1 C32 C0 C22 C0 C16 C38 C0 <wb> C5 C0 C16 C17 C0 C26 C23 <wb> C19 C0 C26 <wb> C31 C0 C1 C38 C0 C29 C0 C16 <wb> C19 C0 C11 <wb> C28 C0 C29 C0 C16 C37 C0 C1 C29 C0 <wb> C19 C0 C1 <wb> C30 C0 C7 C0 C30 C0 C38 C0 <wb> C3 C0 C24 C0 C1 C32 C0 C11 <wb> C15 C0 C2 C23
hindi_female_004634|C11 C19 C0 <wb> C15 C0 C7 C0 <wb> C32 C0 C19 C0 <wb> C15 C0 C22 C0 <wb> C38 C0 C15 C0 <wb> C1 C30 C0 C1 C24 C0 C16 <wb> C30 C0 C11 <wb> C19 C0 C15 C0 <wb> C30 C0 C19 C0 C32 C0 C11 <wb> C15 C0 C2 C23 <wb> C19 C0 C16 <wb> C24 C0 C16 C15 C0 C1 C38 C0 C32 C0 <wb> C30 C0 C1 C8 C0 C1 C29 C0 C25 C0 <wb> C17 C0 C16 C37 C0 C24 C0 <wb> C17 C0 C16 C24 C0 C11 <wb> C37 C0 C1 C21 C0 C11 <wb> C30 C0 C22 C0 C1 C17 C0 <wb> C19 C0 C16 <wb> C5 C0 C27 C20 C0 C34 C0 <wb> C28 C0 C29 C0 <wb> C17 C0 C1 C19 C0 C29 C0 <wb> C13 C0 C36 C21 C0 C17 C0 C1 C29 C0 <wb> C19 C0 C16 <wb> C19 C0 C37 C0 C16 C32 C0 C1 <wb> C0 C28 C0 C24 C0 C1 <wb> C31 C0 C16 C20 C0 C29 C0 <wb> C28 C0 C1 C32 C0 C16 <wb> C15 C0 C2
hindi_female_004635|C38 C0 C15 C0 <wb> C0 C28 C0 C24 C0 C32 C0 C37 C0 <wb> C27 C29 C0 <wb> C36 C32 C0 C19 C0 C29 C0 C31 C0 <wb> C13 C0 C36 C21 C0 C17 C0 C1 C29 C0 <wb> C19 C0 C16 <wb> C28 C0 C36 C29 C0 C16 <wb> C17 C0 C16 C7 C0 C13 C0 C16 <wb> C27 C29 C0 <wb> C36 C24 C0 C19 C0 C11 <wb> C0 C24 C0 C11 C19 C0 <wb> C0 C24 C0 C38 C0 <wb> C19 C0 C1 C29 C0 C38 C0 C26 C23 <wb> C22 C0 C11 C23 <wb> C1 C30 C0 C1 C24 C0 C16 <wb> C30 C0 C11 <wb> C21 C0 C19 C0 C31 C0 C16 C32 C0 <wb> C15 C0 C26 <wb> C17 C0 C1 <wb> C30 C0 C19 C0 C32 C0 C16 <wb> C15 C0 C2
hindi_female_004639|C13 C0 C36 C21 C0 C17 C0 C1 C29 C0 <wb> C19 C0 C16 <wb> C19 C0 C37 C0 C16 C32 C0 C1 <wb> C19 C0 C16 <wb> C19 C0 C16 <wb> C28 C0 C29 C0 C32 C0 C11 C23 <wb> C15 C0 C2 C23 <wb> C27 C29 C0 <wb> C36 C24 C0 <wb> C28 C0 C29 C0 C32 C0 C26 C23 <wb> C19 C0 C11 <wb> C3 C0 C16 C5 C0 <wb> C22 C0 C11 C23 <wb> C17 C0 C16 C37 C0 C24 C0 <wb> C27 C29 C0 <wb> C36 C30 C0 C19 C0 C16 <wb> C37 C0 C16 C30 C0 C23 C13 C0 C32 C0 C16 C38 C0 C26 C23 <wb> C19 C0 C16 <wb> C0 C24 C0 C13 C0 C16 C24 C0 C32 C0 <wb> C29 C0 C23 C13 C0 C32 C0 C11 <wb> C15 C0 C2 C23
hindi_female_004641|C16 C30 C0 <wb> C31 C0 C1 C38 C0 C29 C0 <wb> C19 C0 C1 <wb> C0 C28 C0 C24 C0 C1 <wb> C12 C0 C21 C0 <wb> C30 C0 C12 C0 C1 <wb> C28 C0 C36 C29 C0 C16 <wb> C29 C0 C36 C22 C0 C1 C24 C0 C16 C38 C0 C32 C0 <wb> C27 C29 C0 <wb> C17 C0 C17 C0 C3 C0 C1 C32 C0 <wb> C19 C0 C11 <wb> C30 C0 C1 C33 C0 <wb> C20 C0 C16 C21 C0 C32 C0 C1 <wb> C17 C0 C1 C32 C0 C1 <wb> C15 C0 C2
hindi_female_004643|C16 C30 C0 <wb> C0 C4 C0 C16 C37 C0 C38 C0 C19 C0 C32 C0 C16 <wb> C22 C0 C11 C23 <wb> C17 C0 C15 C0 C1 C23 <wb> C11 C19 C0 <wb> C26 C29 C0 <wb> C15 C0 C22 C0 C11 C23 <wb> C19 C0 C37 C0 C16 <wb> C19 C0 C11 <wb> C0 C24 C0 C32 C0 C29 C0 C22 C0 C24 C0 <wb> C19 C0 C16 <wb> C22 C0 C15 C0 C16 C24 C0 <wb> C3 C0 C36 C24 C0 C1 C37 C0 C34 C0 <wb> C19 C0 C16 <wb> C17 C0 C1 C24 C0 C19 C0 C1 C29 C0 C16 <wb> C22 C0 C16 C21 C0 C32 C0 C16 <wb> C15 C0 C2
hindi_female_004648|C38 C0 C15 C0 <wb> C0 C19 C0 C1 C29 C0 C25 C0 <wb> C24 C0 C15 C0 C16 C23 <wb> C15 C0 C2 <wb> C19 C0 C16 <wb> C13 C0 C36 C21 C0 C17 C0 C1 C29 C0 <wb> C19 C0 C11 <wb> C21 C0 C16 C20 C0 C11 <wb> C12 C0 C16 C21 C0 C22 C0 <wb> C13 C0 C16 C32 C0 <wb> C4 C0 C16 <wb> C16 C30 C0 C16 <wb> C19 C0 C1 C29 C0 C25 C0 <wb> C0 C28 C0 C24 C0 C1 <wb> C30 C0 C23 C37 C0 C11 C7 C0 C1 C32 C0 C22 C0 C19 C0 <wb> C36 C32 C0 C19 C0 C29 C0 C31 C0 <wb> C13 C0 C15 C0 C29 C0 C16 <wb> C22 C0 C1 C29 C0 C22 C0 C16 C19 C0 C32 C0 C1 <wb> C22 C0 C11 C23 <wb> C28 C0 C1 C32 C0 C11 <wb> C15 C0 C2 C23
hindi_female_004649|C11 C19 C0 <wb> C7 C0 C26 <wb> C13 C0 C16 C32 C0 C26 C23 <wb> C19 C0 C11 <wb> C36 C7 C0 C1 C15 C0 C29 C0 C25 C0 <wb> C30 C0 C11 <wb> C38 C0 C15 C0 <wb> C22 C0 C1 C29 C0 C22 C0 C16 C19 C0 C32 C0 C1 <wb> C30 C0 C22 C0 C18 C0 C16 <wb> C17 C0 C1 <wb> C30 C0 C19 C0 C32 C0 C16 <wb> C15 C0 C2
hindi_female_004652|C37 C0 C15 C0 <wb> C0 C19 C0 C11 C21 C0 C11 <wb> C22 C0 C11 C23 <wb> C15 C0 C16 <wb> C19 C0 C4 C0 C16 <wb> C28 C0 C36 C29 C0 C1 <wb> C19 C0 C1 <wb> C28 C0 C36 C29 C0 C1 <wb> C7 C0 C29 C31 C0 C38 C0 <wb> C3 C0 C24 C0 C32 C0 C1 <wb> C15 C0 C2 <wb> C38 C0 C1 <wb> C19 C0 C16 C30 C0 C16 <wb> C24 C0 C17 C0 C22 C0 <wb> C22 C0 C11 C23 <wb> C0 C28 C0 C24 C0 C11 <wb> C28 C0 C29 C0 C37 C0 C11 C31 C0 <wb> C19 C0 C11 <wb> C30 C0 C1 C33 C0 <wb> C30 C0 C1 C29 C0 C16 <wb> C7 C0 C29 C31 C0 C38 C0 C1 C37 C0 C21 C0 C16 <wb> C19 C0 C26 <wb> C11 C19 C0 <wb> C37 C0 C16 C31 C0 C16 C31 C0 C34 C0 <wb> C19 C0 C16 C30 C0 C22 C0 <wb> C19 C0 C1 <wb> C13 C0 C36 C21 C0 C17 C0 C1 C29 C0 C34 C0 C2 C28 C0 <wb> C3 C0 C24 C0 C1 <wb> C7 C0 C11 C32 C0 C1 <wb> C15 C0 C2
hindi_female_004659|C13 C0 C36 C21 C0 C17 C0 C1 C29 C0 <wb> C19 C0 C1 <wb> C3 C0 C36 C20 C0 C1 C29 C0 <wb> C19 C0 C16 <wb> C15 C0 C7 C0 <wb> C32 C0 C19 C0 <wb> C28 C0 C15 C0 C36 C23 C5 C0 C1 <wb> C15 C0 C36 C1 <wb> C38 C0 C15 C0 <wb> C5 C0 C1 C23 C7 C0 <wb> C28 C0 C29 C0 C11 C22 C0 <wb> C36 C24 C0 C19 C0 C11 <wb> C12 C0 C16 C21 C0 C22 C0 C16 <wb> C13 C0 C16 C32 C0 C26 C23 <wb> C22 C0 C11 C23 <wb> C4 C0 C16 <wb> C19 C0 C36 C6 C0 <wb> C3 C0 C15 C0 C36 C32 C0 <wb> C24 C0 C38 C0 C11 <wb> C10 C0 C23 C13 C0 <wb> C19 C0 C11 <wb> C7 C0 C29 C31 C0 C38 C0 <wb> C21 C0 C11 <wb> C1 C38 C0 C1 <wb> C15 C0 C2
hindi_female_004663|C17 C0 C1 C15 C0 C16 C29 C0 <wb> C15 C0 C2 <wb> C36 C7 C0 C1 C30 C0 C16 <wb> C19 C0 C1 <wb> C38 C0 C15 C0 <wb> C1 C21 C0 C22 C0 <wb> C19 C0 C37 C0 C16 C32 C0 C1 <wb> C22 C0 C11 C23 <wb> C2 C31 C0 C37 C0 C29 C0 C38 C0 <wb> C27 C29 C0 <wb> C5 C0 C19 C0 C1 C5 C0 C27 C23 C8 C0 <wb> C29 C0 C5 C0 C24 C0 C11 <wb> C19 C0 C16 <wb> C17 C0 C13 C0 C15 C0 <wb> C30 C0 C23 C37 C0 C11 C7 C0 C24 C0 C1 <wb> C27 C29 C0 <wb> C19 C0 C29 C0 C36 C25 C0 C1 <wb> C30 C0 C11 <wb> C8 C0 C1 C29 C0 <wb> C28 C0 C2 C7 C0 C1 <wb> C19 C0 C29 C0 C32 C0 C1 <wb> C15 C0 C2
hindi_female_004664|C13 C0 C36 C21 C0 C17 C0 C1 C29 C0 <wb> C19 C0 C11 <wb> C29 C0 C5 C0 C24 C0 C1 <wb> C19 C0 C29 C0 C22 C0 <wb> C22 C0 C11 C23 <wb> C37 C0 C16 C31 C0 C11 C31 C0 C19 C0 C29 C0 <wb> C36 C24 C0 C19 C0 C16 <wb> C19 C0 C37 C0 C16 C32 C0 C1 <wb> C27 C29 C0 <wb> C13 C0 C17 C0 C21 C0 C26 C23 <wb> C19 C0 C11 <wb> C30 C0 C24 C0 C7 C0 C29 C0 C4 C0 <wb> C22 C0 C11 C23 <wb> C28 C0 C29 C0 C11 C22 C0 <wb> C3 C0 C15 C0 C36 C32 C0 <wb> C13 C0 C29 C0 C16 C22 C0 C1 <wb> C19 C0 C11 <wb> C30 C0 C1 C33 C0 <wb> C28 C0 C29 C0 C32 C0 C16 C31 C0 C35 C0 C16 C32 C0 <wb> C15 C0 C36 C1 <wb> C15 C0 C2
hindi_female_004665|C36 C24 C0 C19 C0 C11 <wb> C30 C0 C37 C0 C4 C0 C1 C37 C0 <wb> C22 C0 C11 C23 <wb> C17 C0 C26 <wb> C11 C19 C0 <wb> C0 C17 C0 C16 C3 C0 <wb> C30 C0 C1 <wb> C3 C0 C11 C13 C0 C1 C24 C0 C1 C28 C0 C24 C0 <wb> C15 C0 C2 <wb> C30 C0 C23 C19 C0 C26 C5 C0 <wb> C19 C0 C1 <wb> C35 C0 C15 C0 C29 C0 C1 <wb> C15 C0 C36 C1 <wb> C30 C0 C1 <wb> C28 C0 C29 C0 C7 C0 C1 <wb> C15 C0 C2
hindi_female_004669|C28 C0 C29 C0 C11 C22 C0 <wb> C22 C0 C11 C23 <wb> C36 C30 C0 <wb> C0 C24 C0 C30 C0 C36 C24 C0 C16 <wb> C1 C37 C0 C1 C17 C0 <wb> C19 C0 C26 <wb> C17 C0 C26 <wb> C3 C0 C26 C21 C0 C24 C0 C1 <wb> C24 C0 C15 C0 C16 C23 <wb> C17 C0 C1 C24 C0 C32 C0 C16 <wb> C13 C0 C36 C21 C0 C17 C0 C1 C29 C0 <wb> C3 C0 C20 C0 C36 C3 C0 C16 <wb> C30 C0 C36 C24 C0 <wb> C28 C0 C1 C38 C0 C11 <wb> C15 C0 C2 C23
hindi_female_004672|C13 C0 C36 C21 C0 C17 C0 C1 C29 C0 <wb> C11 C19 C0 <wb> C3 C0 C15 C0 C36 C32 C0 <wb> C28 C0 C38 C0 C1 C29 C0 C11 <wb> C31 C0 C1 C38 C0 C29 C0 <wb> C15 C0 C2 C23 <wb> C17 C0 C26 <wb> C0 C19 C0 C31 C0 C29 C0 C26 C23 <wb> C19 C0 C11 <wb> C0 C24 C0 C32 C0 C29 C0 C1 C21 C0 <wb> C22 C0 C11 C23 <wb> C3 C0 C30 C0 C16 <wb> C15 C0 C36 C16 <wb> C20 C0 C1 C22 C0 C26 C31 C0 C16 <wb> C19 C0 C16 <wb> C0 C17 C0 C22 C0 C32 C0 <wb> C19 C0 C26 <wb> C17 C0 C1 C24 C0 C32 C0 C11 <wb> C15 C0 C2 C23
hindi_female_004674|C16 C30 C0 C16 <wb> C20 C0 C1 C22 C0 C26 C31 C0 C16 <wb> C19 C0 C26 <wb> C30 C0 C1 C8 C0 C24 C0 C11 <wb> C19 C0 C11 <wb> C17 C0 C32 C0 C24 C0 <wb> C22 C0 C11 C23 <wb> C36 C22 C0 C29 C0 <wb> C4 C0 C29 C0 <wb> C21 C0 C13 C0 C11 <wb> C29 C0 C15 C0 C11 <wb> C13 C0 C36 C21 C0 C17 C0 C1 C29 C0 <wb> C31 C0 C1 C38 C0 C7 C0 <wb> C16 C24 C0 C15 C0 C16 C23 <wb> C37 C0 C17 C0 C15 C0 C26 C23 <wb> C30 C0 C11 <wb> C28 C0 C29 C0 C11 C22 C0 <wb> C19 C0 C16 <wb> C30 C0 C33 C0 C1 C28 C0 C24 C0 C1 <wb> C22 C0 C11 C23 <wb> C36 C24 C0 <wb> C0 C24 C0 C8 C0 C11 C29 C0 C11 <wb> C7 C0 C1 C38 C0 C29 C0 C26 C23 <wb> C19 C0 C16 <wb> C26 C29 C0 <wb> C4 C0 C16 <wb> C5 C0 C21 C0 C11 <wb> C13 C0 C38 C0 C11 <wb> C15 C0 C2 C23
hindi_female_004678|C36 C24 C0 C15 C0 C26 C23 C24 C0 C11 <wb> C16 C32 C0 C24 C0 C11 <wb> C7 C0 C31 C0 C19 C0 C26 C23 <wb> C22 C0 C11 C23 <wb> C12 C0 C2 C21 C0 C11 <wb> C0 C28 C0 C24 C0 C11 <wb> C30 C0 C22 C0 C29 C7 C0 C8 C0 <wb> C29 C0 C5 C0 C24 C0 C1 C32 C0 C22 C0 C19 C0 <wb> C17 C0 C16 C37 C0 C24 C0 <wb> C22 C0 C11 C23 <wb> C10 C0 C11 C29 C0 C26 C23 <wb> C2 C30 C0 C11 <wb> C30 C0 C29 C17 C0 C24 C0 <wb> C19 C0 C11 <wb> C19 C0 C31 C0 C25 C0 <wb> C17 C0 C36 C34 C0 C1 C38 C0 C11 <wb> C15 C0 C2 C23
hindi_female_004680|C36 C24 C0 C15 C0 C26 C23 C24 C0 C11 <wb> C0 C28 C0 C24 C0 C1 <wb> C12 C0 C16 C21 C0 C22 C0 C16 <wb> C19 C0 C29 C0 C16 C38 C0 C29 C0 <wb> C28 C0 C29 C0 C11 C22 C0 <wb> C13 C0 C16 C32 C0 <wb> C19 C0 C26 <wb> C21 C0 C16 C20 C0 C19 C0 C29 C0 <wb> C31 C0 C36 C29 C0 C36 <wb> C19 C0 C16 C38 C0 C1 <wb> C33 C0 C1
hindi_female_004683|C37 C0 C15 C0 <wb> C3 C0 C29 C0 C30 C0 C26 C23 <wb> C3 C0 C16 C32 C0 <wb> C17 C0 C1 C24 C0 C11 <wb> C19 C0 C11 <wb> C3 C0 C1 C7 C0 <wb> C4 C0 C16 <wb> C1 C17 C0 <wb> C36 C32 C0 C24 C0 C16 <wb> C15 C0 C16 <wb> C24 C0 C17 C0 C1 C19 C0 C32 C0 <wb> C27 C29 C0 <wb> C3 C0 C11 C5 C0 C2 C24 C0 C16 <wb> C19 C0 C11 <wb> C30 C0 C1 C33 C0 <wb> C36 C24 C0 C19 C0 C16 <wb> C29 C0 C5 C0 C24 C0 C1 C32 C0 C22 C0 C19 C0 <wb> C38 C0 C1 C32 C0 C29 C0 C1 <wb> C22 C0 C11 C23 <wb> C22 C0 C27 C17 C0 C36 C7 C0 <wb> C15 C0 C2
hindi_female_004689|C38 C0 C15 C0 <wb> C1 C21 C0 C11 C20 C0 <wb> C37 C0 C1 C25 C0 C16 <wb> C28 C0 C29 C0 C19 C0 C1 C31 C0 C24 C0 <wb> C7 C0 C37 C0 C1 C29 C0 C1 <wb> C30 C0 C1 C21 C0 <wb> C19 C0 C11 <wb> C1 C20 C0 C16 C29 C0 <wb> C32 C0 C19 C0 <wb> C38 C0 C32 C0 C16 C23 C7 C0 C29 C0 <wb> C22 C0 C16 C31 C0 C29 C0 <wb> C19 C0 C11 <wb> C30 C0 C23 C28 C0 C1 C7 C0 C24 C0 <wb> C22 C0 C11 C23 <wb> C28 C0 C29 C0 C19 C0 C1 C31 C0 C38 C0 <wb> C24 C0 C17 C0 C22 C0 C26 C23 <wb> C19 C0 C11 <wb> C7 C0 C16 C37 C0 C1 C24 C0 <wb> C38 C0 C1 C29 C0 <wb> C17 C0 C36 C21 C0 C1 C15 C0 C11 <wb> C19 C0 C16 <wb> C4 C0 C36 C22 C0 C16 C19 C0 C1 <wb> C19 C0 C1 <wb> C30 C0 C23 C19 C0 C31 C0 C16 C28 C0 C32 C0 <wb> C29 C0 C36 C28 C0 <wb> C15 C0 C2
hindi_female_004690|C19 C0 C16 C30 C0 C30 C0 C1 <wb> C11 C19 C0 <wb> C24 C0 C1 C19 C0 C1 C22 C0 <wb> C30 C0 C23 C28 C0 C1 C7 C0 C19 C0 C16 C38 C0 <wb> C22 C0 C23 C30 C0 C36 C3 C0 C11 <wb> C19 C0 C1
hindi_female_004691|C1 C24 C0 <wb> C38 C0 C11 C7 C0 C29 C0 C21 C0 C36 C25 C0 C9 C0 <wb> C19 C0 C16 <wb> C19 C0 C37 C0 C16 C32 C0 C1 <wb> C24 C0 C11 <wb> C30 C0 C22 C0 C19 C0 C1 C21 C0 C16 C24 C0 <wb> C30 C0 C37 C0 C16 C9 C0 C16 C31 C0 <wb> C19 C0 C37 C0 C16 C32 C0 C1 <wb> C19 C0 C26 <wb> C0 C28 C0 C24 C0 C11 <wb> C19 C0 C1 C37 C0 C38 C0 <wb> C36 C7 C0 C38 C0 C22 C0 <wb> C30 C0 C11 <wb> C28 C0 C29 C0 C32 C0 C16 C19 C0 C29 C32 C0 <wb> C27 C29 C0 <wb> C30 C0 C22 C0 C29 C7 C0 C8 C0 <wb> C19 C0 C16 C38 C0 C1 <wb> C15 C0 C2
hindi_female_004692|C37 C0 C1 C13 C0 C16 C31 C0 <wb> C31 C0 C36 C19 C0 C21 C0 <wb> C28 C0 C16 C6 C0 C21 C0 C11 <wb> C19 C0 C16 <wb> C37 C0 C29 C0 C31 C0 C26 C23 <wb> C30 C0 C11 <wb> C11 C19 C0 <wb> C36 C28 C0 C24 C0 C38 C0 C1 C30 C0 <wb> C21 C0 C16 C20 C0 <wb> C29 C0 C15 C0 C11 <wb> C15 C0 C2 C23
hindi_female_004693|C28 C0 C16 C6 C0 C21 C0 C11 <wb> C0 C23 C19 C0 <wb> C22 C0 C11 C23 <wb> C30 C0 C36 C8 C0 C16 C29 C0 <wb> C5 C0 C23 C7 C0 C29 C0 <wb> C24 C0 C11 <wb> C0 C28 C0 C24 C0 C11 <wb> C1 C21 C0 C11 C20 C0 <wb> C22 C0 C11 C23 <wb> C3 C0 C27 C7 C0 C8 C0 C16 C19 C0 <wb> C36 C32 C0 C32 C0 C29 C0 C17 C0 C16 C37 C0 C24 C0 <wb> C19 C0 C26 <wb> C37 C0 C16 C31 C0 C38 C0 <wb> C3 C0 C24 C0 C1 C38 C0 C1 <wb> C33 C0 C1
hindi_female_004698|C0 C28 C0 C24 C0 C16 <wb> C19 C0 C36 C6 C0 <wb> C15 C0 C16 <wb> C19 C0 C16 C32 C0 C1 C3 C0 C26 C23 <wb> C30 C0 C11 <wb> C30 C0 C38 C0 C7 C0 C29 C0 C13 C0 C29 C0 C1 C24 C0 <wb> C24 C0 C11 <wb> C30 C0 C24 C0 C24 C0 C16 C31 C0 C35 C0 C1 <wb> C27 C29 C0 <wb> C22 C0 C26 C15 C0 C4 C0 C23 C13 C0 <wb> C19 C0 C11 <wb> C1 C8 C0 C36 C24 C0 C16 C19 C0 <wb> C0 C24 C0 C36 C4 C0 C37 C0 <wb> C15 C0 C11 C32 C0 C36 <wb> C11 C19 C0 <wb> C24 C0 C38 C0 C16 <wb> C19 C0 C1 C37 C0 C38 C0 <wb> C4 C0 C1 C31 C0 C1 <wb> C1 C37 C0 C16 C31 C0 C19 C0 C29 C32 C0 <wb> C19 C0 C16
hindi_female_004699|C38 C0 C15 C0 <wb> C4 C0 C1 C31 C0 C1 <wb> C24 C0 C16 C9 C0 C29 C0 <wb> C29 C0 C36 C28 C0 <wb> C30 C0 C11 <wb> C29 C0 C36 C28 C0 C19 C0 C1 C32 C0 C22 C0 C19 C0 <wb> C29 C0 C32 C0 C16 C22 C0 C38 C0 C16 <wb> C1 C8 C0 C38 C0 C1 C32 C0 C22 C0 C16 C19 C0 <wb> C11 C37 C0 C23 <wb> C7 C0 C29 C31 C0 C34 C0 C1 <wb> C4 C0 C1 C31 C0 C1 <wb> C33 C0 C16
hindi_female_004701|C21 C0 C11 C19 C0 C16 C24 C0 <wb> C11 C9 C0 C16 C33 C0 <wb> C19 C0 C16 <wb> C19 C0 C37 C0 C16 C32 C0 C1 <wb> C36 C30 C0 C19 C0 C11 <wb> C30 C0 C22 C0 C19 C0 C1 C21 C0 C16 C24 C0 <wb> C28 C0 C1 C35 C0 C19 C0 C26 C23 <wb> C19 C0 C11 <wb> C21 C0 C16 C11 <wb> C28 C0 C29 C0 C1 C38 C0 C15 <wb> C11 C19 C0 <wb> C3 C0 C27 C7 C0 C8 C0 C16 C19 C0 <wb> C5 C0 C36 C24 C0 C27 C32 C0 C16 <wb> C21 C0 C11 C19 C0 C29 C0 <wb> C36 C28 C0 C30 C0 C33 C0 C16 C32 C0 <wb> C15 C0 C36 C16 <wb> C27 C29 C0 <wb> C0 C4 C0 C16 <wb> C32 C0 C19 C0 <wb> C19 C0 C37 C0 C16 C38 C0 C26 C23 <wb> C27 C29 C0 <wb> C37 C0 C16 C7 C0 C37 C0 C1 C24 C0 C26 C23 <wb> C19 C0 C16 <wb> C13 C0 C15 C0 C24 C0 <wb> C17 C0 C16 C17 C0 C24 C0 C1 C30 C0 C1 <wb> C19 C0 C1 <wb> C37 C0 C16 C31 C0 C38 C0 <wb> C3 C0 C24 C0 C16 <wb> C15 C0 C36 C16 <wb> C15 C0 C2
hindi_female_004704|C21 C0 C11 C19 C0 C16 C24 C0 <wb> C1 C35 C0 C37 C0 C11 C23 <wb> C7 C0 C31 C0 C19 C0 <wb> C22 C0 C11 C23 <wb> C11 C19 C0 <wb> C0 C24 C0 C28 C0 C11 C19 C0 C31 C0 C16 C32 C0 <wb> C3 C0 C7 C0 C21 C0 C1 C37 C0 <wb> C28 C0 C2 C7 C0 C1 <wb> C15 C0 C36 C1
hindi_female_004705|C30 C0 C1 C15 C0 C16 C32 C0 C38 C0 C16 C19 C0 <wb> C28 C0 C29 C0 C16 C7 C0 C29 C31 C0 C38 C0 <wb> C22 C0 C11 C23 <wb> C4 C0 C1 C31 C0 C1 <wb> C27 C29 C0 <wb> C19 C0 C1 C37 C0 C38 C0 <wb> C29 C0 C36 C28 C0 <wb> C19 C0 C16 <wb> C11 C19 C0 <wb> C3 C0 C16 C21 C0 C19 C0 C36 C21 C0 <wb> C0 C21 C0 C13 C0 <wb> C0 C37 C0 C8 C0 C1 C29 C0 C25 C0 C1 <wb> C21 C0 C16 C38 C0 C11 <wb> C19 C0 C36 C6 C0 <wb> C30 C0 C32 C0 C29 C0 C16 <wb> C19 C0 C37 C0 C16 C32 C0 C1 C26 <wb> C19 C0 C1 <wb> C28 C0 C29 C0 C37 C0 C11 C31 C0 <wb> C15 C0 C36 C1
hindi_female_004708|C16 C30 C0 C19 C0 C11 <wb> C28 C0 C29 C0 C16 C25 C0 C1 C22 C0 <wb> C30 C0 C37 C0 C29 C0 C36 C28 C0 <wb> C3 C0 C16 C30 C0 C37 C0 C16 C23 <wb> C30 C0 C7 C0 C16 <wb> C19 C0 C11 <wb> C30 C0 C19 C0 C1 C24 C0 C7 C0 C16 C24 C0 C11 C37 C0 C16 C38 C0 C1 <wb> C22 C0 C11 C23 <wb> C11 C19 C0 <wb> C0 C21 C0 C13 C0 <wb> C30 C0 C27 C24 C0 C7 C0 C29 C0 C38 C0 <wb> C31 C0 C1 C30 C0 C32 C0 C29 C0 <wb> C28 C0 C29 C0 C32 C0 C16 C12 C0 C21 C0 C16 C32 C0 <wb> C15 C0 C36 C16
hindi_female_004710|C24 C0 C37 C0 C11 C23 <wb> C7 C0 C31 C0 C19 C0 <wb> C32 C0 C19 C0 <wb> C1 C32 C0 C11 <wb> C1 C32 C0 C11 <wb> C38 C0 C15 C0 <wb> C30 C0 C28 C0 C31 C0 C34 C0 <wb> C15 C0 C26 C32 C0 C1 <wb> C5 C0 C21 C0 C1 <wb> C13 C0 C38 C0 C1 <wb> C19 C0 C16 <wb> C0 C3 C0 <wb> C30 C0 C37 C0 C16 C9 C0 <wb> C19 C0 C37 C0 C16 C32 C0 C1 <wb> C19 C0 C16 <wb> C28 C0 C29 C0 C33 C0 C22 C0 <wb> C28 C0 C23 C19 C0 C32 C0 C16 <wb> C30 C0 C32 C0 C29 C0 C16 C38 C0 C26 C23 <wb> C19 C0 C16 <wb> C24 C0 C16 C29 C0 C22 C0 C16 C32 C0 <wb> C3 C0 C24 C0 C32 C0 C16 <wb> C5 C0 C21 C0 C16 <wb> C17 C0 C1 <wb> C29 C0 C15 C0 C16 <wb> C33 C0 C16
hindi_female_004712|C16 C30 C0 <wb> C3 C0 C7 C0 C21 C0 C1 C37 C0 <wb> C19 C0 C1 <wb> C30 C0 C27 C24 C0 C7 C0 C29 C0 C38 C0 <wb> C27 C29 C0 <wb> C16 C30 C0 C19 C0 C16 <wb> C5 C0 C36 C24 C0 C27 C32 C0 C16 <wb> C19 C0 C29 C0 C22 C0 C31 C0 C15 <wb> C30 C0 C22 C0 C29 C7 C0 C8 C0 <wb> C0 C8 C0 C16 C19 C0 <wb> C17 C0 C34 C0 C16 C21 C0 <wb> C27 C29 C0 <wb> C28 C0 C29 C0 C16 C28 C0 C19 C0 C37 C0 <wb> C15 C0 C26 C32 C0 C16 <wb> C5 C0 C21 C0 C16 <wb> C13 C0 C38 C0 C16
hindi_female_004722|C19 C0 C37 C0 C16 C32 C0 C1 <wb> C19 C0 C26 <wb> C4 C0 C1 C31 C0 C16 C19 C0 <wb> C37 C0 C38 C0 C37 C0 C15 C0 C1 C29 C0 <wb> C19 C0 C1 <wb> C30 C0 C3 C0 C30 C0 C11 <wb> C19 C0 C29 C0 C36 C25 C0 C1 C22 C0 C38 C0 C16 <wb> C0 C37 C0 C38 C0 C38 C0 <wb> C3 C0 C24 C0 <wb> C17 C0 C1 C24 C0 C1 <wb> C15 C0 C26 C32 C0 C1 <wb> C15 C0 C2
hindi_female_004723|C16 C30 C0 <wb> C19 C0 C16 C32 C0 C1 C3 C0 <wb> C19 C0 C16 <wb> C30 C0 C22 C0 C16 C19 C0 C31 C0 C1 <wb> C11 C19 C0 <wb> C29 C0 C11 C9 C0 C16 C38 C0 C26 <wb> C28 C0 C32 C0 C29 C0 C16 C19 C0 C1 <wb> C22 C0 C11 C23 <wb> C15 C0 C36 C16
hindi_female_004724|C36 C24 C0 <wb> C19 C0 C37 C0 C16 C32 C0 C1 C26 C23 <wb> C30 C0 C11 <wb> C22 C0 C36 C18 C0 C11 <wb> C11 C19 C0 <wb> C18 C0 C34 C0 C19 C0 C1 <wb> C21 C0 C13 C0 C1
hindi_female_004727|C17 C0 C16 C30 C0 C22 C0 C11 <wb> C37 C0 C11 <wb> C22 C0 C29 C32 C0 C38 C0 C36 <wb> C19 C0 C11 <wb> C30 C0 C22 C0 C38 C0 <wb> C0 C28 C0 C24 C0 C11 <wb> C36 C30 C0 <wb> C19 C0 C22 C0 C29 C0 C11 <wb> C22 C0 C11 C23 <wb> C0 C19 C0 C11 C21 C0 C11 <wb> C3 C0 C2 C35 C0 C11 <wb> C15 C0 C36 C11 <wb> C33 C0 C11 <wb> C17 C0 C26 <wb> C36 C24 C0 C19 C0 C1 <wb> C28 C0 C36 C30 C0 C32 C0 C19 C0 C1 C21 C0 C38 C0 <wb> C19 C0 C15 C0 C21 C0 C1 C32 C0 C1 <wb> C33 C0 C1
hindi_female_004730|C16 C30 C0 <wb> C19 C0 C16 C32 C0 C1 C3 C0 <wb> C19 C0 C26 <wb> C38 C0 C26 C23 <wb> C32 C0 C26 <wb> C11 C19 C0 <wb> C30 C0 C3 C0 C36 C32 C0 <wb> C19 C0 C11 <wb> C32 C0 C27 C29 C0 <wb> C28 C0 C29 C0 <wb> C33 C0 C1 C24 C0 C11 <wb> C22 C0 C11 C23 <wb> C17 C0 C22 C0 C1 <wb> C19 C0 C29 C0 <wb> C21 C0 C16 C38 C0 C1 <wb> C13 C0 C38 C0 C1 <wb> C33 C0 C1
hindi_female_004732|C19 C0 C32 C0 C21 C0 <wb> C19 C0 C16 <wb> C17 C0 C1 C23 C5 C0 <wb> C19 C0 C29 C0 C24 C0 C11 <wb> C37 C0 C1 C21 C0 C11 <wb> C28 C0 C36 C21 C0 C16 C30 C0 <wb> C19 C0 C11 <wb> C30 C0 C4 C0 C16 <wb> C6 C0 C26 C34 C0 C11 <wb> C3 C0 C9 C0 C11 <wb> C15 C0 C1 C19 C0 C16 C22 C0 C26 C23 <wb> C19 C0 C1 <wb> C19 C0 C15 C0 C24 C0 C1 <wb> C37 C0 C1 C17 C0 C16 C3 C0 <wb> C33 C0 C1
hindi_female_004738|C28 C0 C15 C0 C21 C0 C11 <wb> C29 C0 C1 C17 C0 C24 C0 C16 C32 C0 C16 C19 C0 <wb> C19 C0 C1 C29 C0 C25 C0 C26 C23 <wb> C19 C0 C16 <wb> C3 C0 C1 C32 C0 <wb> C19 C0 C16 <wb> C17 C0 C1 C38 C0 C11
hindi_female_004740|C32 C0 C26 <wb> C28 C0 C36 C29 C0 C37 C0 C1 C23 C5 C0 C21 C0 <wb> C37 C0 C1 C21 C0 C26 C23 <wb> C19 C0 C11 <wb> C30 C0 C1 C29 C0 C11 <wb> C30 C0 C37 C0 C1 C4 C0 C1 C37 C0 C16 C19 C0 <wb> C30 C0 C1 C23 C30 C0 C19 C0 C29 C32 C0 C16 C19 C0 <wb> C0 C8 C0 C16 C19 C0 C1 C29 C0 <wb> C19 C0 C11 <wb> C3 C0 C1 C37 C0 C36 C17 C0 C36 C7 C0 <wb> C22 C0 C8 C0 C38 C0 C1 C23 C5 C0 C21 C0 <wb> C37 C0 C1 C21 C0 C11 <wb> C16 C30 C0 <wb> C3 C0 C1 C32 C0 <wb> C28 C0 C29 C0 <wb> C0 C9 C0 <wb> C13 C0 C38 C0 C11 <wb> C19 C0 C16 <wb> C21 C0 C20 C0 C24 C0 C36 <wb> C32 C0 C26 <wb> C22 C0 C8 C0 C38 C0 C1 C23 C5 C0 C21 C0 <wb> C19 C0 C16 <wb> C15 C0 C16 <wb> C29 C0 C1 C17 C0 C8 C0 C1 C24 C0 C16 <wb> C15 C0 C26 C13 C0 C16
hindi_female_004741|C19 C0 C11 C24 C0 C7 C0 C29 C0 C16 C38 C0 <wb> C30 C0 C29 C0 C19 C0 C1 C29 C0 <wb> C27 C29 C0 <wb> C19 C0 C11 C24 C0 C7 C0 C29 C0 C16 C38 C0 <wb> C37 C0 C16 C28 C0 C19 C0 C31 C0 <wb> C19 C0 C11 <wb> C3 C0 C16 C5 C0 <wb> C38 C0 C15 C0 <wb> C32 C0 C38 C0 <wb> C15 C0 C26 <wb> C13 C0 C38 C0 C1
hindi_female_004743|C19 C0 C16 C24 C0 C32 C0 C36 <wb> C28 C0 C16 C6 C0 C21 C0 C11 <wb> C22 C0 C1 C14 C0 <wb> C22 C0 C11 C21 C0 C11 <wb> C22 C0 C11 C23 <wb> C28 C0 C29 C0 C32 C0 C16 C7 C0 C16 C24 C0 <wb> C30 C0 C32 C0 C32 C0 C29 C0 <wb> C32 C0 C16 C29 C0 C33 C0 C38 C0 C1 C32 C0 C29 C0 C16 C38 C0 C26 C23 <wb> C19 C0 C26 <wb> C22 C0 C27 C32 C0 <wb> C19 C0 C11 <wb> C14 C0 C1 C34 C0 <wb> C36 C32 C0 C1 C29 C0 C24 C0 C11 <wb> C19 C0 C16 <wb> C0 C28 C0 C24 C0 C16 <wb> C14 C0 C26 C31 C0 C25 C0 C1 <wb> C19 C0 C26 <wb> C17 C0 C3 C0 <wb> C1 C32 C0 C23 C19 C0 C37 C0 C1 C7 C0 C16 C38 C0 C26 C23 <wb> C24 C0 C11 <wb> C3 C0 C16 C24 C0 C1 <wb> C19 C0 C16 C30 C0 C16 <wb> C3 C0 C1 C8 C0 C1 <wb> C19 C0 C11 <wb> C28 C0 C36 C29 C0 C11 <wb> C22 C0 C1 C14 C0 <wb> C22 C0 C15 C0 C16 C24 C0 C11 <wb> C28 C0 C36 C29 C0 C1 <wb> C19 C0 C29 C0 <wb> C7 C0 C16 C20 C0 C1 C38 C0 C1
hindi_female_004744|C17 C0 C26 <wb> C19 C0 C11 C24 C0 C7 C0 C29 C0 C16 C38 C0 <wb> C30 C0 C29 C0 C19 C0 C1 C29 C0 <wb> C27 C29 C0 <wb> C19 C0 C11 C24 C0 C7 C0 C29 C0 C16 C38 C0 <wb> C37 C0 C16 C28 C0 C19 C0 C31 C0 <wb> C19 C0 C11 <wb> C3 C0 C16 C5 C0 <wb> C30 C0 C15 C0 C22 C0 C32 C0 C16 <wb> C19 C0 C1 <wb> C11 C19 C0 <wb> C27 C29 C0 <wb> C3 C0 C16 C23 C7 C0 C36 <wb> C3 C0 C24 C0 <wb> C5 C0 C36 C19 C0 C16 <wb> C33 C0 C16 <wb> C19 C0 C16 <wb> C28 C0 C25 C0 C9 C0 C16 C32 C0 <wb> C7 C0 C36 C29 C0 C13 C0 C1 C31 C0 C24 C0 C19 C0 C29 C0 <wb> C31 C0 C29 C0 C16 C22 C0 C36 C20 C0 <wb> C16 C30 C0 <wb> C28 C0 C29 C0 C30 C0 C32 C0 C1 C37 C0 <wb> C19 C0 C11 <wb> C22 C0 C36 C20 C0 C29 C0 <wb> C37 C0 C16 C29 C0 C26 C8 C0 C16 <wb> C19 C0 C11 <wb> C29 C0 C36 C28 C0 <wb> C22 C0 C11 C23 <wb> C30 C0 C1 C22 C0 C24 C0 C11 <wb> C1 C38 C0 C11
hindi_female_004764|C30 C0 C33 C0 C1 C24 C0 C16 C38 C0 <wb> C28 C0 C36 C21 C0 C16 C30 C0 <wb> C19 C0 C16 <wb> C19 C0 C36 C6 C0 <wb> C21 C0 C1 C24 C0 C32 C0 <wb> C22 C0 C21 C0 C1 C22 C0 C32 C0 <wb> C4 C0 C16 <wb> C16 C30 C0 <wb> C3 C0 C1 C32 C0 <wb> C19 C0 C11 <wb> C21 C0 C16 C11 <wb> C15 C0 C36 C16 <wb> C19 C0 C16 <wb> C36 C30 C0 C24 C0 C11 <wb> C22 C0 C1 C22 C0 C36 C21 C0 C16 <wb> C28 C0 C36 C6 C0 C32 C0 C1 C6 C0 <wb> C19 C0 C11 <wb> C3 C0 C1 C7 C0 <wb> C36 C30 C0 C11 <wb> C17 C0 C1 C24 C0 C11 <wb> C7 C0 C16 C38 C0 C1 <wb> C33 C0 C1
hindi_female_004776|C36 C24 C0 C19 C0 C16 <wb> C5 C0 C11 C21 C0 C1 C15 C0 C16 <wb> C27 C29 C0 <wb> C36 C28 C0 C29 C0 C26 C15 C0 C16 C32 C0 C16 <wb> C19 C0 C11 <wb> C19 C0 C36 C6 C0 <wb> C14 C0 C29 C0 <wb> C17 C0 C29 C0 C36 C29 C0 <wb> C15 C0 C29 C0 C16 C7 C0 C32 C0 C32 C0 <wb> C28 C0 C25 C0 C9 C0 C16 C32 C0 <wb> C19 C0 C26 <wb> C22 C0 C16 C21 C0 C11 C23 C13 C0 C11 <wb> C21 C0 C11 C19 C0 C16 C24 C0 <wb> C38 C0 C11 <wb> C14 C0 C29 C0 <wb> C4 C0 C16 <wb> C22 C0 C1 C22 C0 C36 C21 C0 C16 <wb> C19 C0 C16 C30 C0 C1 C24 C0 C26 C23 <wb> C19 C0 C11 <wb> C33 C0 C11
hindi_female_004777|C38 C0 C7 C0 C38 C0 C28 C0 C16 <wb> C38 C0 C15 C0 <wb> C24 C0 C15 C0 C16 C23 <wb> C19 C0 C15 C0 C1 <wb> C17 C0 C1 <wb> C30 C0 C19 C0 C32 C0 C1 <wb> C19 C0 C16 <wb> C15 C0 C29 C0 C16 C7 C0 C32 C0 C32 C0 <wb> C28 C0 C25 C0 C9 C0 C16 C32 C0 <wb> C24 C0 C11 <wb> C7 C0 C11 C37 C0 C7 C0 C32 C0 C32 C0 <wb> C28 C0 C25 C0 C9 C0 C16 C32 C0 <wb> C19 C0 C11 <wb> C28 C0 C29 C0 C32 C0 C16 <wb> C0 C28 C0 C24 C0 C11 <wb> C3 C0 C2 C29 C0 <wb> C22 C0 C11 C23 <wb> C19 C0 C26 C16 <wb> C19 C0 C22 C0 C16 <wb> C7 C0 C16 C20 C0 C1 C38 C0 C16 <wb> C33 C0 C16
hindi_female_004780|C36 C24 C0 C19 C0 C11 <wb> C22 C0 C36 C23 C15 C0 <wb> C28 C0 C29 C0 <wb> C13 C0 C1 C23 C37 C0 <wb> C22 C0 C11 C23 <wb> C16 C30 C0 <wb> C3 C0 C1 C32 C0 <wb> C19 C0 C26 <wb> C0 C24 C0 C36 C5 C0 C16 C32 C0 <wb> C19 C0 C15 C0 C24 C0 C11 <wb> C37 C0 C1 C21 C0 C1 <wb> C19 C0 C26 C16 <wb> C24 C0 C15 C0 C16 C23 <wb> C33 C0 C1 <wb> C38 C0 C7 C0 C38 C0 C28 C0 C16 <wb> C15 C0 C29 C0 C16 C7 C0 C32 C0 C32 C0 <wb> C28 C0 C25 C0 C9 C0 C16 C32 C0 <wb> C30 C0 C11 <wb> C4 C0 C16 <wb> C21 C0 C26 C13 C0 <wb> C37 C0 C2 C30 C0 C11 <wb> C15 C0 C16 <wb> C9 C0 C29 C0 C32 C0 C11 <wb> C33 C0 C11 <wb> C17 C0 C2 C30 C0 C11 <wb> C37 C0 C11 <wb> C7 C0 C11 C37 C0 C7 C0 C32 C0 C32 C0 <wb> C28 C0 C25 C0 C9 C0 C16 C32 C0 <wb> C30 C0 C11 <wb> C9 C0 C29 C0 C32 C0 C11 <wb> C33 C0 C11
hindi_female_004782|C17 C0 C16 C30 C0 C19 C0 C11 <wb> C28 C0 C15 C0 C21 C0 C11 <wb> C28 C0 C24 C0 C24 C0 C11 <wb> C28 C0 C29 C0 <wb> C22 C0 C26 C34 C0 C11 <wb> C0 C19 C0 C31 C0 C29 C0 C26 C23 <wb> C22 C0 C11 C23 <wb> C30 C0 C16 C29 C0 C12 C0 <wb> C19 C0 C21 C0 C16 C23 <wb> C21 C0 C16 C20 C0 C1 <wb> C15 C0 C36 C1 <wb> C33 C0 C1 <wb> C19 C0 C38 C0 C26 C23 C19 C0 C16 <wb> C29 C0 C37 C0 C16 C7 C0 C32 C0 C32 C0 <wb> C28 C0 C25 C0 C9 C0 C16 C32 C0 <wb> C19 C0 C16 <wb> C7 C0 C11 C37 C0 C4 C0 C19 C0 C32 C0 C16 <wb> C19 C0 C26 <wb> C4 C0 C21 C0 C1 <wb> C19 C0 C27 C24 C0 <wb> C24 C0 C15 C0 C16 C23 <wb> C17 C0 C1 C24 C0 C32 C0 C1 <wb> C33 C0 C1
hindi_female_004792|C0 C30 C0 C32 C0 C36 <wb> C19 C0 C26 C7 C0 C16 <wb> C19 C0 C16 <wb> C37 C0 C38 C0 C33 C0 C1 <wb> C19 C0 C33 C0 C1 <wb> C28 C0 C29 C0 <wb> C21 C0 C27 C34 C0 C32 C0 C11 <wb> C15 C0 C36 C11 <wb> C0 C20 C0 C3 C0 C1 C29 C0 <wb> C22 C0 C11 C23 <wb> C6 C0 C16 C28 C0 C1 <wb> C33 C0 C1 <wb> C19 C0 C16 <wb> C19 C0 C26 C7 C0 C16 <wb> C19 C0 C11 <wb> C28 C0 C16 C32 C0 C1 C22 C0 C15 C0 <wb> C28 C0 C25 C0 C9 C0 C16 C32 C0 <wb> C29 C0 C37 C0 C16 C7 C0 C32 C0 C32 C0 <wb> C31 C0 C36 C19 C0 C21 C0 <wb> C24 C0 C11 <wb> C38 C0 C7 C0 C16 <wb> C28 C0 C1 C23 C5 C0 <wb> C3 C0 C29 C0 C30 C0 <wb> C19 C0 C16 <wb> C36 C22 C0 C29 C0 <wb> C22 C0 C11 C23 <wb> C15 C0 C16 <wb> C19 C0 C26 C7 C0 C16 <wb> C19 C0 C1 <wb> C17 C0 C24 C0 C11 C36 <wb> C19 C0 C29 C0 <wb> C7 C0 C16 C38 C0 C1 <wb> C32 C0 C26 <wb> C16 C30 C0 C19 C0 C11 <wb> C28 C0 C16 C6 C0 C11 <wb> C36 C24 C0 C19 C0 C1 <wb> C3 C0 C36 C8 C0 C16 C38 C0 C1 <wb> C19 C0 C1 <wb> C3 C0 C11 C34 C0 C1 <wb> C15 C0 C26 C24 C0 C1 <wb> C28 C0 C29 C0 C22 C0 C36 C20 C0 <wb> C19 C0 C1 C29 C0 C25 C0 <wb> C33 C0 C1
hindi_female_004793|C19 C0 C16 C24 C0 C32 C0 C36 <wb> C19 C0 C26 C7 C0 C16 <wb> C24 C0 C11 <wb> C30 C0 C37 C0 C16 C19 C0 C1 C29 C0 <wb> C4 C0 C1 C31 C0 C25 C0 <wb> C22 C0 C11 C23 <wb> C30 C0 C13 C0 C29 C0 C37 C0 <wb> C19 C0 C15 C0 C1 <wb> C19 C0 C16 <wb> C37 C0 C11 <wb> C3 C0 C36 C8 C0 C16 C38 C0 C1 <wb> C19 C0 C16 <wb> C3 C0 C11 C34 C0 C16 <wb> C30 C0 C16 C8 C0 C16 C38 C0 C1 <wb> C19 C0 C26 <wb> C17 C0 C26 <wb> C19 C0 C26 C7 C0 C16 <wb> C30 C0 C11 <wb> C7 C0 C30 C0 <wb> C37 C0 C29 C0 C31 C0 <wb> C3 C0 C9 C0 C16 <wb> C33 C0 C16 <wb> C0 C28 C0 C24 C0 C16 <wb> C3 C0 C9 C0 C16 <wb> C3 C0 C15 C0 C24 C0 <wb> C22 C0 C1 C24 C0 C32 C0 C11 <wb> C15 C0 C2 C23
hindi_female_004798|C16 C21 C0 C1 C15 C0 C1 C3 C0 C1 C7 C0 <wb> C19 C0 C1 <wb> C5 C0 C36 C24 C0 C1 C37 C0 <wb> C16 C30 C0 C21 C0 C16 C11 <wb> C30 C0 C37 C0 C1 C4 C0 C1 C37 C0 C16 C19 C0 <wb> C33 C0 C1 <wb> C19 C0 C16 <wb> C36 C24 C0 C19 C0 C11 <wb> C3 C0 C11 C15 C0 C24 C0 C26 C16 <wb> C33 C0 C11
hindi_female_004807|C24 C0 C1 C22 C0 <wb> C21 C0 C16 C20 C0 C24 C0 C11 <wb> C19 C0 C11 <wb> C21 C0 C16 C11 <wb> C36 C24 C0 C15 C0 C26 C23 C24 C0 C11 <wb> C19 C0 C26 C7 C0 C16 <wb> C17 C0 C2 C30 C0 C11 <wb> C13 C0 C23 C37 C0 C1 C29 C0 C36 <wb> C24 C0 C1 C22 C0 <wb> C30 C0 C11 <wb> C4 C0 C29 C0 C32 C0 C16 <wb> C19 C0 C29 C0 C24 C0 C11 <wb> C30 C0 C11 <wb> C0 C29 C0 C36 C5 C0 C16 <wb> C7 C0 C16 C20 C0 C1 C38 C0 C16
hindi_female_004809|C36 C30 C0 <wb> C30 C0 C22 C0 C38 C0 <wb> C9 C0 C1 C19 C0 C34 C0 C29 C0 <wb> C21 C0 C1 C21 C0 C32 C0 C1 <wb> C28 C0 C29 C0 C30 C0 C1 C7 C0 <wb> C37 C0 C29 C0 C22 C0 C1 <wb> C19 C0 C11 <wb> C22 C0 C16 C32 C0 C29 C0 <wb> C31 C0 C29 C0 C16 C24 C0 C16 C37 C0 C1 C30 C0 <wb> C30 C0 C36 C3 C0 C29 C0 <wb> C22 C0 C24 C0 C16 C38 C0 C24 C0 <wb> C4 C0 C16 <wb> C37 C0 C15 C0 C1 C23 <wb> C22 C0 C27 C17 C0 C36 C7 C0 <wb> C33 C0 C11
hindi_female_004816|C38 C0 C15 C0 C1 C23 <wb> C21 C0 C11 C20 C0 C19 C0 <wb> C0 C28 C0 C24 C0 C1 <wb> C19 C0 C29 C0 C32 C0 C37 C0 C38 C0 <wb> C30 C0 C22 C0 C18 C0 C32 C0 C1 <wb> C15 C0 C2 <wb> C19 C0 C16 <wb> C30 C0 C37 C0 C16 C19 C0 C1 C29 C0 <wb> C4 C0 C1 C31 C0 C25 C0 <wb> C22 C0 C11 C23 <wb> C11 C19 C0 <wb> C19 C0 C31 C0 C11 C28 C0 C19 C0 <wb> C9 C0 C1 C21 C0 C32 C0 C11 <wb> C15 C0 C36 C11 <wb> C28 C0 C1 C35 C0 C19 C0 C26 C23 <wb> C19 C0 C26 <wb> C38 C0 C15 C0 <wb> C3 C0 C32 C0 C1 C38 C0 C11 <wb> C19 C0 C16 <wb> C16 C30 C0 <wb> C14 C0 C34 C0 C24 C0 C1 C5 C0 C19 C0 C29 C0 <wb> C19 C0 C1 <wb> C11 C19 C0 <wb> C7 C0 C36 C31 C0 C28 C0 C29 C0 C16 C25 C0 C1 C22 C0 <wb> C38 C0 C15 C0 <wb> C15 C0 C36 C1
hindi_female_004823|C0 C4 C0 C16 <wb> C19 C0 C36 C6 C0 <wb> C37 C0 C29 C0 C31 C0 <wb> C28 C0 C15 C0 C21 C0 C11 <wb> C32 C0 C19 C0 <wb> C4 C0 C1 C29 C0 C32 C0 C16 C38 C0 <wb> C22 C0 C36 C20 C0 C38 C0 C8 C0 C1 C29 C0 C1 <wb> C22 C0 C11 C23 <wb> C11 C19 C0 <wb> C28 C0 C29 C0 C22 C0 C36 C20 C0 <wb> C38 C0 C36 C37 C0 C1 <wb> C32 C0 C16 C3 C0 C3 C0 C32 C0 C16 <wb> C30 C0 C37 C0 C29 C0 <wb> C29 C0 C15 C0 C11 <wb> C27 C29 C0 <wb> C4 C0 C1 C29 C0 C32 C0 <wb> C22 C0 C11 C23 <wb> C15 C0 C16 <wb> C17 C0 C24 C0 C22 C0 C11 <wb> C16 C30 C0 <wb> C38 C0 C36 C37 C0 C1 <wb> C19 C0 C37 C0 C16 <wb> C19 C0 C26 <wb> C16 C24 C0 <wb> C7 C0 C16 C24 C0 C26 C23 <wb> C30 C0 C1 C15 C0 C16 C32 C0 C38 C0 C16 C19 C0 <wb> C30 C0 C23 C28 C0 C1 C7 C0 C19 C0 <wb> C19 C0 C22 C0 <wb> C27 C29 C0 <wb> C13 C0 C36 C28 C0 C32 C0 C19 C0 C1 C29 C0 <wb> C30 C0 C23 C30 C0 C33 C0 C1 C11 C23 <wb> C27 C29 C0 <wb> C28 C0 C36 C21 C0 C16 C30 C0 <wb> C17 C0 C38 C0 C1 C7 C0 C1 <wb> C32 C0 C21 C0 C1 C31 C0 <wb> C19 C0 C29 C0 C32 C0 C11 <wb> C15 C0 C2
hindi_female_004826|C36 C7 C0 C38 C0 <wb> C24 C0 C11 <wb> C16 C30 C0 <wb> C19 C0 C37 C0 C16 C32 C0 C1 <wb> C19 C0 C11 <wb> C24 C0 C11 C28 C0 C33 C0 C38 C0 <wb> C19 C0 C11 <wb> C3 C0 C1 C29 C0 C11 <wb> C22 C0 C11 C23 <wb> C36 C24 C0 <wb> C28 C0 C29 C0 C19 C0 C29 C0 C16 C38 C0 C1 C26 C23 <wb> C27 C29 C0 <wb> C28 C0 C29 C0 C11 C29 C0 C25 C0 C1 C26 C23 <wb> C19 C0 C11 <wb> C3 C0 C1 C29 C0 C11 <wb> C22 C0 C11 C23 <wb> C21 C0 C16 C20 C0 C24 C0 C1 <wb> C31 C0 C36 C29 C0 C36 <wb> C19 C0 C16 C38 C0 C1 <wb> C17 C0 C26 <wb> C32 C0 C16 C24 C0 <wb> C7 C0 C31 C0 C19 C0 <wb> C28 C0 C15 C0 C21 C0 C11 <wb> C36 C24 C0 C19 C0 C11 <wb> C1 C30 C0 <wb> C28 C0 C1 C30 C0 <wb> C22 C0 C23 C9 C0 C29 C0 C1 <wb> C29 C0 C15 C0 C16 <wb> C33 C0 C16 C23
hindi_female_004829|C22 C0 C8 C0 C38 C0 <wb> C22 C0 C16 <wb> C22 C0 C11 C23 <wb> C17 C0 C38 C0 C28 C0 C36 C29 C0 <wb> C22 C0 C11 C23 <wb> C30 C0 C16 C29 C0 C16 C38 C0 C21 C0 <wb> C3 C0 C22 C0 <wb> C8 C0 C22 C0 C1 C19 C0 C11 <wb> C15 C0 C36 C11 <wb> C27 C29 C0 <wb> C0 C5 C0 C1 C24 C0 C19 C0 <wb> C15 C0 C16 <wb> C38 C0 C15 C0 <wb> C30 C0 C23 C30 C0 C1 C29 C0 <wb> C15 C0 C22 C0 C1 C29 C0 C11 <wb> C21 C0 C16 C11 <wb> C3 C0 C7 C0 C21 C0 <wb> C13 C0 C38 C0 C1
hindi_female_004830|C37 C0 C15 C0 <wb> C31 C0 C15 C0 C29 C0 <wb> C17 C0 C16 C30 C0 C11 <wb> C15 C0 C22 C0 <wb> C7 C0 C36 C30 C0 C29 C0 C16 <wb> C17 C0 C13 C0 C15 C0 <wb> C30 C0 C11 <wb> C17 C0 C38 C0 C1 C7 C0 C1 <wb> C28 C0 C29 C0 C11 C22 C0 <wb> C27 C29 C0 <wb> C14 C0 C29 C25 C0 C1 <wb> C19 C0 C29 C0 C32 C0 C11 <wb> C15 C0 C2 C23 <wb> C36 C30 C0 <wb> C31 C0 C15 C0 C29 C0 <wb> C19 C0 C16 <wb> C17 C0 C38 C0 C1 C22 C0 C16 C32 C0 C16 <wb> C3 C0 C16 C13 C0 C9 C0 <wb> C13 C0 C38 C0 C16 <wb> C33 C0 C16
hindi_female_004832|C38 C0 C15 C0 <wb> C3 C0 C1 C32 C0 <wb> C1 C17 C0 <wb> C30 C0 C11 <wb> C19 C0 C16 <wb> C30 C0 C1 C21 C0 <wb> C28 C0 C36 C29 C0 C1 C24 C0 C16 <wb> C15 C0 C2
hindi_female_004833|C22 C0 C11 C29 C0 C1 <wb> C17 C0 C24 C0 C22 C0 <wb> C22 C0 C8 C0 C38 C0 <wb> C28 C0 C29 C0 C7 C0 C11 C31 C0 <wb> C19 C0 C11 <wb> C11 C19 C0 <wb> C3 C0 C15 C0 C36 C32 C0 <wb> C6 C0 C26 C34 C0 C11 <wb> C30 C0 C11 <wb> C13 C0 C1 C23 C37 C0 <wb> C30 C0 C16 C32 C0 C1 C28 C0 C36 C29 C0 <wb> C22 C0 C11 C23 <wb> C30 C0 C24 C0 <wb> C22 C0 C11 C23 <wb> C15 C0 C36 C1 <wb> C33 C0 C1
hindi_female_004834|C32 C0 C3 C0 <wb> C32 C0 C19 C0 <wb> C15 C0 C22 C0 C1 C29 C0 C11 <wb> C38 C0 C15 C0 C1 C23 <wb> C3 C0 C16 C17 C0 C21 C0 C16 <wb> C24 C0 C15 C0 C16 C23 <wb> C1 C16 <wb> C33 C0 C16
hindi_female_004836|C3 C0 C21 C0 C19 C0 C16 <wb> C1 C17 C0 <wb> C32 C0 C19 C0 <wb> C22 C0 C36 C18 C0 C11 <wb> C21 C0 C1 C21 C0 C34 C0 C11 C24 C0 C11 C23 <wb> C27 C29 C0 <wb> C10 C0 C16 C3 C0 C29 C0 C16 C38 C0 C1 C23 <wb> C0 C5 C0 C6 C0 C16 <wb> C21 C0 C13 C0 C32 C0 C16 <wb> C15 C0 C2 C23
hindi_female_004838|C7 C0 C16 C38 C0 C26 C23 <wb> C19 C0 C26 <wb> C22 C0 C2 C23 <wb> C7 C0 C16 C37 C0 C1 C21 C0 C16 <wb> C27 C29 C0 <wb> C28 C0 C36 C17 C0 C1 <wb> C32 C0 C38 C0 C27 C15 C0 C1 C29 C0 <wb> C19 C0 C11 <wb> C0 C21 C0 C1 C37 C0 C1 <wb> C19 C0 C4 C0 C16 <wb> C28 C0 C30 C0 C23 C7 C0 <wb> C24 C0 C15 C0 C16 C23 <wb> C19 C0 C29 C0 <wb> C28 C0 C1 C38 C0 C1
hindi_female_004841|C15 C0 C22 C0 C1 C29 C0 C11 <wb> C14 C0 C29 C0 <wb> C22 C0 C11 C23 <wb> C4 C0 C1 C29 C0 C32 C0 <wb> C24 C0 C1 C22 C0 <wb> C19 C0 C1 <wb> C0 C20 C0 C3 C0 C1 C29 C0 <wb> C16 C21 C0 C1 C15 C0 C1 C3 C0 C1 C7 C0 <wb> C30 C0 C11 <wb> C1 C32 C0 C1 <wb> C33 C0 C1 <wb> C27 C29 C0 <wb> C19 C0 C4 C0 C16 <wb> C19 C0 C4 C0 C16 <wb> C24 C0 C37 C0 <wb> C4 C0 C1 C29 C0 C32 C0 <wb> C4 C0 C16
hindi_female_004847|C21 C0 C11 C19 C0 C16 C24 C0 <wb> C5 C0 C36 C23 C19 C0 C16 <wb> C36 C30 C0 C19 C0 C1 <wb> C30 C0 C28 C0 C29 C0 C16 C23 C13 C0 <wb> C34 C0 C36 C34 C0 C1 <wb> C15 C0 C36 C1 <wb> C33 C0 C1 <wb> C27 C29 C0 <wb> C30 C0 C1 C36 C23 C9 C0 <wb> C3 C0 C19 C0 C30 C0 <wb> C4 C0 C16 <wb> C17 C0 C23 C13 C0 <wb> C20 C0 C1 C19 C0 C29 C0 <wb> C3 C0 C11 C19 C0 C1 C29 C0 <wb> C15 C0 C26 <wb> C5 C0 C36 C19 C0 C1 <wb> C33 C0 C1
hindi_female_004850|C34 C0 C11 C19 C0 C24 C0 C21 C0 C17 C0 C16 <wb> C19 C0 C11 <wb> C30 C0 C1 C33 C0 <wb> C15 C0 C22 C0 C11 C31 C0 C1 <wb> C38 C0 C15 C0 C16 <wb> C15 C0 C26 C32 C0 C1 <wb> C15 C0 C2
hindi_female_004853|C22 C0 C19 C0 C1 C23 C7 C0 C26 <wb> C22 C0 C11 C23 <wb> C19 C0 C16 C38 C0 C11 <wb> C17 C0 C1 <wb> C29 C0 C15 C0 C11 <wb> C37 C0 C2 C17 C0 C24 C0 C1 C24 C0 C16 C19 C0 <wb> C32 C0 C19 C0 C24 C0 C16 C19 C0 C16 <wb> C1 C37 C0 C16 C31 C0 C19 C0 C1 C29 C0 C26 C23 <wb> C30 C0 C11 <wb> C19 C0 C22 C0 <wb> C29 C0 C26 C22 C0 C1 C23 C5 C0 C19 C0 <wb> C15 C0 C22 C0 C1 C29 C0 C11 <wb> C3 C0 C5 C0 C28 C0 C24 C0 <wb> C19 C0 C16 <wb> C36 C28 C0 C21 C0 C3 C0 C8 C0 C16 C38 C0 C1 C23 <wb> C24 C0 C15 C0 C16 C23 <wb> C33 C0 C16 C23
hindi_female_004857|C15 C0 C22 C0 C1 C29 C0 C11 <wb> C13 C0 C1 C23 C37 C0 <wb> C30 C0 C11 <wb> C32 C0 C16 C24 C0 <wb> C19 C0 C16 C21 C0 C26 C22 C0 C16 C34 C0 C29 C0 <wb> C7 C0 C36 C29 C0 <wb> C0 C24 C0 C36 C28 C0 C28 C0 C36 C29 C0 <wb> C29 C0 C11 C21 C0 C37 C0 C11 <wb> C17 C0 C23 C19 C0 C31 C0 C24 C0 <wb> C33 C0 C1
hindi_female_004862|C32 C0 C26 <wb> C21 C0 C1 C22 C0 C1 <wb> C0 C28 C0 C24 C0 C11 <wb> C28 C0 C29 C0 C16 C37 C0 C1 C29 C0 C26 C23 <wb> C19 C0 C11 <wb> C30 C0 C1 C33 C0 <wb> C36 C30 C0 C16 <wb> C0 C24 C0 C36 C28 C0 C28 C0 C36 C29 C0 <wb> C19 C0 C11 <wb> C28 C0 C21 C0 C11 C34 C0 C12 C0 C29 C0 C22 C0 <wb> C28 C0 C29 C0 <wb> C36 C32 C0 C29 C0 C32 C0 C11 <wb> C33 C0 C11
hindi_female_004867|C36 C24 C0 C15 C0 C11 C23 <wb> C37 C0 C15 C0 C1 C23 <wb> C7 C0 C11 C20 C0 C24 C0 C1 <wb> C15 C0 C22 C0 <wb> C3 C0 C5 C0 C5 C0 C26 C23 <wb> C19 C0 C11 <wb> C21 C0 C16 C11 <wb> C11 C19 C0 <wb> C3 C0 C16 C21 C0 C19 C0 C36 C21 C0 <wb> C24 C0 C38 C0 C1 <wb> C7 C0 C29 C31 C0 C38 C0 <wb> C3 C0 C24 C0 C32 C0 C1
hindi_female_004869|C21 C0 C11 C19 C0 C16 C24 C0 <wb> C21 C0 C1 C22 C0 C1 <wb> C21 C0 C26 C13 C0 <wb> C20 C0 C36 C3 C0 <wb> C13 C0 C26 C29 C0 C11 <wb> C27 C29 C0 <wb> C30 C0 C36 C23 C7 C0 C29 C0 <wb> C15 C0 C26 C32 C0 C11 <wb> C33 C0 C11
hindi_female_004870|C36 C24 C0 C19 C0 C11 <wb> C3 C0 C5 C0 C5 C0 C11 <wb> C27 C29 C0 <wb> C30 C0 C32 C0 C29 C0 C16 C38 C0 C1 C23 <wb> C32 C0 C26 <wb> C16 C32 C0 C24 C0 C16 <wb> C30 C0 C36 C23 C7 C0 C29 C0 <wb> C15 C0 C26 C32 C0 C16 C23 <wb> C19 C0 C16 <wb> C36 C24 C0 C15 C0 C11 C23 <wb> C7 C0 C11 C20 C0 C32 C0 C11 <wb> C15 C0 C22 C0 C1 C29 C0 C16 <wb> C1 C23 C20 C0 C11 C23 <wb> C28 C0 C21 C0 C19 C0 <wb> C18 C0 C28 C0 C19 C0 C24 C0 C1 <wb> C3 C0 C23 C7 C0 <wb> C19 C0 C29 C0 <wb> C7 C0 C11 C32 C0 C16 C23
hindi_female_004872|C0 C28 C0 C24 C0 C11 <wb> C19 C0 C23 C8 C0 C11 <wb> C28 C0 C29 C0 <wb> C21 C0 C34 C0 C19 C0 C32 C0 C11 <wb> C13 C0 C11 C29 C0 C36 C1 <wb> C18 C0 C26 C21 C0 C11 <wb> C22 C0 C11 C23 <wb> C30 C0 C11 <wb> C21 C0 C11 C22 C0 C23 C5 C0 C36 C30 C0 <wb> C27 C29 C0 <wb> C29 C0 C23 C13 C0 C16 C24 C0 <wb> C22 C0 C16 C35 C0 C16 C13 C0 C26 C21 C0 C16 C38 C0 C1 C23 <wb> C7 C0 C11 C32 C0 C11 <wb> C33 C0 C11
hindi_female_004875|C15 C0 C22 C0 <wb> C16 C24 C0 <wb> C5 C0 C16 C23 C34 C0 C16 C38 C0 C26 C23 <wb> C19 C0 C26 <wb> C28 C0 C32 C0 C23 C13 C0 C26 C23 <wb> C19 C0 C11 <wb> C24 C0 C1 C22 C0 <wb> C30 C0 C11 <wb> C36 C24 C0 C19 C0 C11 <wb> C17 C0 C16 C37 C0 C24 C0 <wb> C19 C0 C11 <wb> C19 C0 C36 C6 C0 <wb> C28 C0 C21 C0 C26 C23 <wb> C22 C0 C11 C23 <wb> C17 C0 C1 C24 C0 C32 C0 C11 <wb> C15 C0 C2 C23
hindi_female_004880|C36 C24 C0 C19 C0 C16 <wb> C30 C0 C4 C0 C38 C0 C32 C0 C1 <wb> C19 C0 C11 <wb> C16 C32 C0 C16 C15 C0 C1 C30 C0 <wb> C22 C0 C11 C23 <wb> C19 C0 C16 C30 C0 C16 <wb> C38 C0 C36 C34 C0 C26 C28 C0 C16 C38 C0 C1 <wb> C19 C0 C11 <wb> C3 C0 C24 C0 C24 C0 C11 <wb> C27 C29 C0 <wb> C12 C0 C16 C29 C0 <wb> C36 C30 C0 C19 C0 C11 <wb> C34 C0 C36 C34 C0 C24 C0 C11 <wb> C19 C0 C1 <wb> C22 C0 C1 C29 C0 C22 C0 C16 C19 C0 <wb> C0 C8 C0 C38 C0 C1 C38 C0 <wb> C15 C0 C26 C32 C0 C1 <wb> C15 C0 C2
hindi_female_004882|C29 C0 C1 C32 C0 <wb> C22 C0 C11 C23 <wb> C14 C0 C29 C0 <wb> C22 C0 C11 C23 <wb> C15 C0 C29 C0 <wb> C26 C29 C0 <wb> C24 C0 C7 C0 C16 <wb> C19 C0 C16 <wb> C8 C0 C1 C29 C0 <wb> C19 C0 C11 <wb> C30 C0 C1 C33 C0 <wb> C3 C0 C15 C0 <wb> C19 C0 C29 C0 <wb> C1 C24 C0 C11 <wb> C37 C0 C1 C21 C0 C11 <wb> C30 C0 C1 C23 C28 C0 <wb> C13 C0 C26 C17 C0 C29 C0 <wb> C19 C0 C24 C0 C20 C0 C17 C0 C36 C29 C0 C11 <wb> C27 C29 C0 <wb> C19 C0 C6 C0 C36 C11 <wb> C34 C0 C15 C0 C21 C0 C24 C0 C11 <wb> C21 C0 C13 C0 C11 C23 C13 C0 C11
hindi_female_004884|C18 C0 C16 C23 C13 C0 C36 C29 C0 C26 C23 <wb> C19 C0 C11 <wb> C13 C0 C16 C34 C0 C1 C29 C0 <wb> C28 C0 C15 C0 C29 C0 C36 C11 <wb> C28 C0 C19 C0 C31 C0 C16 <wb> C19 C0 C16 <wb> C34 C0 C24 C0 C19 C0 <wb> C19 C0 C16 C30 C0 C16 <wb> C29 C0 C1 C32 C0 C29 C0 C16 <wb> C28 C0 C19 C0 C31 C0 C16 <wb> C19 C0 C16 <wb> C7 C0 C36 C29 C0 <wb> C32 C0 C19 C0 <wb> C17 C0 C1 C32 C0 C16 <wb> C22 C0 C11 C23 C9 C0 C26 C21 C0 C16 C24 C0 <wb> C38 C0 C1 <wb> C3 C0 C1 C23 C30 C0 C36 C29 C0 C16 <wb> C19 C0 C16 <wb> C30 C0 C23 C13 C0 C32 C0 <wb> C22 C0 C11 C23 <wb> C21 C0 C13 C0 C1 C32 C0 C1 C29 C0 <wb> C5 C0 C21 C0 C32 C0 C1 <wb> C30 C0 C23 C13 C0 C16 C32 C0 <wb> C3 C0 C15 C0 C36 C32 C0 <wb> C22 C0 C24 C0 C22 C0 C26 C15 C0 C19 C0 <wb> C28 C0 C29 C0 C32 C0 C16 C32 C0 <wb> C15 C0 C26 C32 C0 C1 <wb> C15 C0 C2
hindi_female_004885|C15 C0 C22 C0 <wb> C17 C0 C36 C32 C0 C26 C23 <wb> C19 C0 C11 <wb> C4 C0 C16 C32 C0 C29 C0 <wb> C29 C0 C1 C32 C0 <wb> C22 C0 C11 C23 <wb> C28 C0 C1 C23 C37 C0 <wb> C9 C0 C1 C21 C0 C32 C0 C11 <wb> C9 C0 C29 C0 C32 C0 C11 <wb> C15 C0 C2 C23
hindi_female_004888|C36 C30 C0 <wb> C16 C21 C0 C1 C19 C0 C11 <wb> C22 C0 C11 C23 <wb> C17 C0 C3 C0 <wb> C19 C0 C26 C16 <wb> C19 C0 C36 C1 C23 <wb> C20 C0 C26 C7 C0 C32 C0 C1 <wb> C15 C0 C2 <wb> C38 C0 C1 <wb> C0 C28 C0 C24 C0 C11 <wb> C24 C0 C38 C0 C11 <wb> C14 C0 C29 C0 <wb> C19 C0 C16 <wb> C24 C0 C16 C23 C37 C0 <wb> C32 C0 C26 <wb> C2 C30 C0 C16 <wb> C22 C0 C36 C29 C0 C32 C0 C16 C38 C0 C26 C23 <wb> C19 C0 C1 <wb> C22 C0 C16 C21 C0 C24 C0 C1 <wb> C11 C19 C0 <wb> C30 C0 C1 C22 C0 C1 C24 C0 C38 C0 <wb> C30 C0 C16 <wb> C3 C0 C1 C32 C0 <wb> C15 C0 C2
hindi_female_004890|C27 C29 C0 <wb> C12 C0 C16 C29 C0 <wb> C17 C0 C15 C0 C1 C23 <wb> C30 C0 C11 <wb> C28 C0 C36 C29 C0 C3 C0 <wb> C7 C0 C19 C0 C31 C0 C16 C25 C0 <wb> C29 C0 C1 C17 C0 C13 C0 C16 C29 C0 <wb> C36 C7 C0 C38 C0 C13 C0 C16 C29 C0 <wb> C32 C0 C19 C0 <wb> C28 C0 C15 C0 C36 C23 C5 C0 C32 C0 C11 <wb> C28 C0 C15 C0 C36 C23 C5 C0 C32 C0 C11 <wb> C36 C30 C0 C11 <wb> C30 C0 C37 C0 C38 C0 C23 <wb> C0 C28 C0 C24 C0 C16 <wb> C15 C0 C16 C23 C30 C0 C1 <wb> C30 C0 C11 <wb> C13 C0 C21 C0 C1 C24 C0 C16 <wb> C15 C0 C36 C16 <wb> C33 C0 C16 <wb> C27 C29 C0 <wb> C37 C0 C15 C0 <wb> C3 C0 C27 C7 C0 C8 C0 <wb> C15 C0 C26 <wb> C13 C0 C38 C0 C1 <wb> C33 C0 C1 <wb> C36 C30 C0 <wb> C36 C32 C0 C19 C0 C21 C0 <wb> C19 C0 C21 C0 C16 C23 C13 C0 <wb> C19 C0 C31 C0 C11 C32 C0 C29 C0 <wb> C19 C0 C1 <wb> C30 C0 C16 C22 C0 C1 C23 C32 C0 <wb> C37 C0 C16 C23 C8 C0 C38 C0 <wb> C28 C0 C29 C0 C37 C0 C32 C0 <wb> C19 C0 C16 <wb> C16 C30 C0 C16 <wb> C31 C0 C29 C0 C29 C23 C20 C0 C21 C0 C1 <wb> C19 C0 C11 <wb> C28 C0 C1 C30 C0 <wb> C15 C0 C2
hindi_female_004892|C17 C0 C2 C30 C0 C11 <wb> C19 C0 C36 C6 C0 <wb> C21 C0 C26 C13 C0 <wb> C0 C28 C0 C24 C0 C11 <wb> C15 C0 C1 C33 C0 C26 C23 <wb> C22 C0 C11 C23 <wb> C24 C0 C24 C0 C15 C0 C16 C23 <wb> C24 C0 C24 C0 C15 C0 C16 C23 <wb> C22 C0 C31 C0 C1 C21 C0 C11 C23 <wb> C21 C0 C16 C11 <wb> C11 C19 C0 <wb> C37 C0 C29 C32 C0 C32 C0 <wb> C22 C0 C11 C23 <wb> C14 C0 C36 C22 C0 <wb> C29 C0 C15 C0 C11 <wb> C15 C0 C26 C23
hindi_female_004894|C19 C0 C38 C0 C26 C23 C19 C0 C16 <wb> C15 C0 C29 C0 <wb> C28 C0 C7 C0 C1 C29 C0 C33 C0 <wb> C22 C0 C2 C34 C0 C29 C0 <wb> C32 C0 C26 <wb> C0 C30 C0 C21 C0 <wb> C22 C0 C11 C23 <wb> C11 C19 C0 <wb> C15 C0 C16 <wb> C15 C0 C26 C32 C0 C1 <wb> C15 C0 C2 <wb> C36 C30 C0 C19 C0 C16 <wb> C1 C23 C32 C0 C29 C0 C16 C19 C0 <wb> C30 C0 C23 C29 C0 C5 C0 C24 C0 C1 <wb> C15 C0 C16 <wb> C36 C30 C0 C11 <wb> C7 C0 C36 C30 C0 C29 C0 C26 C23 <wb> C30 C0 C11 <wb> C4 C0 C16 C24 C0 C24 C0 <wb> C3 C0 C24 C0 C1 <wb> C9 C0 C1 C21 C0 C32 C0 C16 <wb> C15 C0 C2
hindi_female_004895|C28 C0 C7 C0 C1 C29 C0 C33 C0 <wb> C19 C0 C16 <wb> C36 C30 C0 C16 <wb> C1 C23 C32 C0 C29 C0 C16 C19 C0 <wb> C30 C0 C23 C29 C0 C5 C0 C24 C0 C1 <wb> C19 C0 C26 <wb> C3 C0 C7 C0 C21 C0 C24 C0 C11 <wb> C37 C0 C1 C21 C0 C11 <wb> C30 C0 C36 C32 C0 C29 C0 <wb> C19 C0 C26 <wb> C20 C0 C26 C17 C0 <wb> C24 C0 C16 C19 C0 C1 C21 C0 C24 C0 C11 <wb> C19 C0 C11 <wb> C31 C0 C32 C0 C1 C3 C0 C7 C0 C16 C38 C0 C26 C23 <wb> C32 C0 C19 C0 <wb> C5 C0 C21 C0 C24 C0 C11 <wb> C37 C0 C1 C21 C0 C11 <wb> C28 C0 C29 C0 C38 C0 C32 C0 C24 C0 C26 C23 <wb> C19 C0 C11 <wb> C3 C0 C16 C5 C0 <wb> C15 C0 C16 <wb> C36 C30 C0 <wb> C37 C0 C16 C17 C0 C24 C0 C1 C24 C0 <wb> C19 C0 C1 <wb> C17 C0 C24 C0 C22 C0 <wb> C15 C0 C36 C1 <wb> C17 C0 C16 C30 C0 C11 <wb> C15 C0 C22 C0 <wb> C19 C0 C11 C22 C0 C16 C30 C0 C34 C0 C29 C0 C16 <wb> C19 C0 C11 <wb> C24 C0 C1 C22 C0 <wb> C30 C0 C11 <wb> C1 C17 C0 <wb> C17 C0 C1 C24 C0 C32 C0 C11 <wb> C15 C0 C2 C23
hindi_female_004901|C17 C0 C16 C30 C0 C22 C0 C11 C23 <wb> C30 C0 C29 C31 C0 C34 C0 C16 <wb> C19 C0 C11 <wb> C24 C0 C16 C29 C0 C22 C0 C1 C25 C0 <wb> C27 C29 C0 <wb> C37 C0 C16 C24 C0 C1 C31 C0 <wb> C19 C0 C1 <wb> C30 C0 C1 C29 C0 C1 <wb> C29 C0 C15 C0 C30 C0 C38 C0 <wb> C3 C0 C23 C7 C0 <wb> C15 C0 C2
hindi_female_004911|C16 C30 C0 C16 <wb> C19 C0 C29 C0 C22 C0 <wb> C22 C0 C11 C23 <wb> C16 C30 C0 <wb> C3 C0 C1 C29 C0 <wb> C28 C0 C29 C0 C30 C0 C32 C0 C36 C32 C0 <wb> C15 C0 C2 <wb> C24 C0 C1 C13 C0 C1 C29 C0 C17 C0 C36 C24 C0 <wb> C37 C0 C16 C31 C0 C25 C0 C36 <wb> C20 C0 C11 C29 C0 <wb> C37 C0 C16 C24 C0 C26 C7 C0 <wb> C19 C0 C36 C22 C0 C1 C29 C0 <wb> C31 C0 C36 C19 C0 C21 C0 <wb> C27 C29 C0 <wb> C0 C29 C0 C36 C25 C0 <wb> C19 C0 C22 C0 C21 C0
hindi_female_004912|C0 C24 C0 C32 C0 C16 C22 C0 <wb> C32 C0 C16 C24 C0 <wb> C3 C0 C15 C0 C36 <wb> C0 C24 C0 C36 C7 C0 C16 C32 C0 <wb> C19 C0 C37 C0 C16 <wb> C15 C0 C2 C23 <wb> C27 C29 C0 <wb> C24 C0 C1 C13 C0 C1 C29 C0 C17 C0 C36 C24 C0 <wb> C3 C0 C15 C0 C36 C32 C0 <wb> C19 C0 C22 C0 <wb> C0 C24 C0 C36 C7 C0 C16 C32 C0
hindi_female_004913|C24 C0 C1 C13 C0 C1 C29 C0 C17 C0 C36 C24 C0 <wb> C19 C0 C16 <wb> C19 C0 C37 C0 C16 C32 C0 C1 <wb> C19 C0 C16 <wb> C22 C0 C15 C0 C1 C24 C0 C32 C0 C1 <wb> C19 C0 C1 <wb> C30 C0 C37 C0 C16 C19 C0 C1 C29 C0 <wb> C7 C0 C11 C29 C0 <wb> C30 C0 C11 <wb> C15 C0 C36 C1 <wb> C17 C0 C3 C0 <wb> C22 C0 C1 C24 C0 C26 C23 <wb> C11 C19 C0 <wb> C32 C0 C29 C0 C15 C0 <wb> C30 C0 C11 <wb> C28 C0 C29 C0 C13 C0 C32 C0 C16 C31 C0 C16 C21 C0 C32 C0 C1 <wb> C24 C0 C11 <wb> C30 C0 C29 C0 C37 C0 C15 C0 C1 C29 C0 C1 <wb> C19 C0 C37 C0 C16 C32 C0 C32 C0 <wb> C19 C0 C26 <wb> C7 C0 C11 C20 C0 C1
hindi_female_004916|C13 C0 C29 C0 C36 C28 C0 <wb> C19 C0 C11 <wb> C1 C21 C0 C26 C5 C0 C19 C0 <wb> C22 C0 C24 C0 C26 C17 C0 <wb> C19 C0 C36 C22 C0 C1 C29 C0 <wb> C22 C0 C16 C25 C0 C1 <wb> C19 C0 C26 <wb> C3 C0 C15 C0 C36 C32 C0 <wb> C30 C0 C26 C5 C0 <wb> C37 C0 C16 C5 C0 C1 C29 C0 <wb> C19 C0 C11 <wb> C3 C0 C1 C7 C0 <wb> C4 C0 C1 C29 C0 C32 C0 C16 C38 C0 <wb> C28 C0 C29 C0 C31 C0 C1 C30 C0 C24 C0 C16 C19 C0 <wb> C30 C0 C11 C37 C0 C1 <wb> C22 C0 C11 C23 <wb> C5 C0 C21 C0 C11 <wb> C17 C0 C1 C24 C0 C1 <wb> C33 C0 C1
hindi_female_004917|C37 C0 C16 C31 C0 C1 C21 C0 <wb> C19 C0 C28 C0 C36 C29 C0 <wb> C19 C0 C26 <wb> C16 C32 C0 C16 C15 C0 C1 C30 C0 <wb> C19 C0 C16 <wb> C28 C0 C10 C0 C1 C16 <wb> C28 C0 C36 C29 C0 C16 <wb> C19 C0 C29 C0 C19 C0 C11 <wb> C13 C0 C1 C16 C9 C0 <wb> C3 C0 C24 C0 <wb> C17 C0 C1 C24 C0 C1 <wb> C33 C0 C1
hindi_female_004918|C31 C0 C16 C37 C0 C19 C0 C36 C22 C0 C1 C29 C0 <wb> C13 C0 C1 C23 C8 C0 C16 <wb> C19 C0 C26 <wb> C11 C19 C0 <wb> C28 C0 C11 C23 C34 C0 C29 C0 <wb> C19 C0 C11 <wb> C29 C0 C36 C28 C0 <wb> C22 C0 C11 C23 <wb> C37 C0 C16 C20 C0 C38 C0 C1 C32 C0 <wb> C15 C0 C26 C24 C0 C1 <wb> C33 C0 C1
hindi_female_004919|C37 C0 C11 <wb> C28 C0 C29 C0 C19 C0 C1 C31 C0 C24 C0 <wb> C27 C29 C0 <wb> C5 C0 C29 C0 C5 C0 C1 <wb> C19 C0 C11 <wb> C29 C0 C26 C17 C0 C22 C0 C29 C0 C29 C0 C1 <wb> C30 C0 C11 <wb> C28 C0 C29 C0 C11 <wb> C0 C28 C0 C24 C0 C11 <wb> C10 C0 C23 C13 C0 <wb> C30 C0 C11 <wb> C21 C0 C16 C20 C0 <wb> C29 C0 C15 C0 C11 <wb> C33 C0 C11
hindi_female_004923|C16 C30 C0 <wb> C3 C0 C1 C29 C0 <wb> C7 C0 C26 <wb> C15 C0 C16 C24 C0 C7 C0 C16 <wb> C28 C0 C36 C30 C0 C32 C0 C19 C0 C26 C23 <wb> C28 C0 C29 C0 <wb> C30 C0 C22 C0 C16 C19 C0 C31 C0 C1 <wb> C21 C0 C16 C20 C0 C16 <wb> C13 C0 C38 C0 C16 <wb> C15 C0 C2
hindi_female_004924|C38 C0 C36 C37 C0 C1 <wb> C31 C0 C26 C8 C0 C19 C0 C29 C0 C32 C0 C1 <wb> C13 C0 C16 C29 C0 C16 C29 C0 C1 C17 C0 <wb> C19 C0 C16 C29 C0 C1 C9 C0 C36 <wb> C27 C29 C0 <wb> C13 C0 C13 C0 C24 C0 <wb> C13 C0 C16 C21 C0 <wb> C19 C0 C11 <wb> C19 C0 C2 C21 C0 C1 C31 C0 <wb> C22 C0 C1 C24 C0 <wb> C30 C0 C29 C0 C26 C37 C0 C29 C0 <wb> C38 C0 C1 C32 C0 C29 C0 C1 <wb> C37 C0 C29 C32 C0 C1 C23 C32 C0 <wb> C0 C37 C0 C1 C19 C0 <wb> C28 C0 C29 C0 <wb> C21 C0 C16 C20 C0 C1 <wb> C13 C0 C38 C0 C1 <wb> C15 C0 C2
hindi_female_004926|C22 C0 C25 C0 C16 C28 C0 C36 C29 C0 <wb> C22 C0 C11 C23 <wb> C11 C19 C0 <wb> C22 C0 C15 C0 C16 C21 C0 C1 <wb> C19 C0 C16 <wb> C15 C0 C32 C0 C38 C0 C1 <wb> C19 C0 C11 <wb> C37 C0 C16 C29 C0 C26 C8 C0 <wb> C22 C0 C11 C23 <wb> C17 C0 C36 C21 C0 C1 C16 <wb> C7 C0 C26 <wb> C15 C0 C17 C0 C1 C29 C0 <wb> C5 C0 C1 C29 C0 <wb> C22 C0 C11 C23 <wb> C3 C0 C1 C29 C0 C15 C0 <wb> C22 C0 C15 C0 C16 C21 C0 C1 C26 C23 <wb> C7 C0 C37 C0 C1 C29 C0 C1 <wb> C19 C0 C16 C11 <wb> C13 C0 C11 <wb> C24 C0 C38 C0 C36 C9 C0 <wb> C28 C0 C29 C0 C26 C34 C0 C11 C30 C0 C34 C0 <wb> C19 C0 C26 <wb> C22 C0 C36 C20 C0 C38 C0 C8 C0 C1 C29 C0 C1 <wb> C22 C0 C16 C9 C0 C16 C38 C0 C1 <wb> C22 C0 C11 C23 <wb> C11 C19 C0 <wb> C36 C32 C0 C32 C0 C11 C17 C0 C19 C0 <wb> C20 C0 C3 C0 C29 C0 <wb> C19 C0 C26 <wb> C7 C0 C11 C20 C0 C24 C0 C1 <wb> C30 C0 C3 C0 C19 C0 C26 <wb> C38 C0 C1 C7 C0 <wb> C15 C0 C26 C13 C0 C1
hindi_female_004929|C12 C0 C16 C21 C0 C22 C0 <wb> C19 C0 C11 <wb> C30 C0 C19 C0 C29 C0 C16 C24 C0 C16 C23 C13 C0 <wb> C16 C32 C0 C16 C15 C0 C1 C30 C0 <wb> C28 C0 C29 C0 <wb> C3 C0 C1 C32 C0 <wb> C19 C0 C29 C0 C32 C0 C11 <wb> C15 C0 C36 C11 <wb> C37 C0 C11 <wb> C11 C19 C0 <wb> C2 C30 C0 C11 <wb> C3 C0 C16 C24 C0 C7 C0 C36 <wb> C28 C0 C29 C0 <wb> C28 C0 C15 C0 C36 C23 C5 C0 C32 C0 C11 <wb> C15 C0 C2 <wb> C17 C0 C15 C0 C1 C23 <wb> C0 C3 C0 <wb> C24 C0 C15 C0 C16 C23 <wb> C29 C0 C36 C19 C0 C1 <wb> C17 C0 C1 <wb> C30 C0 C19 C0 C32 C0 C1
hindi_female_004930|C22 C0 C15 C0 C22 C0 C36 C7 C0 <wb> C12 C0 C1 C29 C0 C36 C19 C0 C16 <wb> C0 C28 C0 C24 C0 C16 <wb> C29 C0 C26 C9 C0 C30 C0 <wb> C30 C0 C19 C0 C1 C21 C0 C29 C0 C31 C0 C16 C28 C0 <wb> C20 C0 C32 C0 C22 C0 <wb> C19 C0 C29 C0 C19 C0 C11 <wb> C15 C0 C16 C23 C7 C0 C36 C30 C0 C32 C0 C1 C24 C0 <wb> C21 C0 C27 C34 C0 C11
hindi_female_004932|C22 C0 C15 C0 C22 C0 C36 C7 C0 <wb> C24 C0 C11 <wb> C0 C28 C0 C24 C0 C11 <wb> C7 C0 C22 C0 <wb> C28 C0 C29 C0 <wb> C16 C30 C0 <wb> C7 C0 C1 C30 C0 C32 C0 C1 C24 C0 C13 C0 C26 C16 <wb> C19 C0 C26 <wb> C28 C0 C36 C24 C0 C29 C0 C17 C0 C16 C37 C0 C16 C32 C0 <wb> C19 C0 C29 C0 <wb> C7 C0 C16 C38 C0 C1
hindi_female_004934|C0 C13 C0 C29 C0 <wb> C37 C0 C15 C0 C16 <wb> C34 C0 C36 C23 C9 C0 C16 <wb> C3 C0 C1 C23 C15 C0 <wb> C19 C0 C11 <wb> C30 C0 C1 C33 C0 <wb> C3 C0 C36 C21 C0 C1 C38 C0 C11 C23 C13 C0 C11 <wb> C32 C0 C26 <wb> C34 C0 C36 C23 C9 C0 C16 <wb> C3 C0 C1 C23 C15 C0 <wb> C21 C0 C11 C19 C0 C29 C0 <wb> C17 C0 C1 C38 C0 C11 C23 C13 C0 C11
hindi_female_004935|C14 C0 C3 C0 C29 C0 C1 C16 C38 C0 C11 <wb> C24 C0 C15 C0 C16 C23 <wb> C0 C3 C0 <wb> C1 C28 C0 <wb> C19 C0 C1 C12 C0 C16 <wb> C35 C0 C16 C19 C0 <wb> C15 C0 C2 C23
hindi_female_004937|C38 C0 C36 C8 C0 C16 C31 C0 C35 C0 C16 C29 C0 <wb> C16 C30 C0 C16 <wb> C30 C0 C37 C0 C29 C0 C13 C0 <wb> C22 C0 C11 C23 <wb> C30 C0 C31 C0 C29 C0 C16 C29 C0 <wb> C13 C0 C11 <wb> C33 C0 C11
hindi_female_004940|C4 C0 C30 C0 C22 C0 C1 C30 C0 C36 C29 C0 <wb> C19 C0 C1 <wb> C19 C0 C1 C25 C0 C9 C0 <wb> C38 C0 C15 C0 C16 <wb> C15 C0 C36 C1 <wb> C33 C0 C1 <wb> C6 C0 C36 <wb> C19 C0 C29 C0 <wb> C4 C0 C30 C0 C22 C0 <wb> C19 C0 C29 C0 <wb> C7 C0 C11 C24 C0 C11 <wb> C19 C0 C1 <wb> C37 C0 C29 C0 C7 C0 C1 C24 C0 <wb> C21 C0 C11 C19 C0 C29 C0 <wb> C0 C30 C0 C36 C29 C0 <wb> C31 C0 C16 C37 C0 <wb> C28 C0 C29 C0 <wb> C15 C0 C16 <wb> C36 C30 C0 C19 C0 C1 <wb> C28 C0 C29 C0 C38 C0 C26 C13 C0 <wb> C19 C0 C29 C0 C24 C0 C1 <wb> C5 C0 C1 C15 C0 C32 C0 C1 <wb> C33 C0 C1
hindi_female_004941|C30 C0 C1 C13 C0 C1 <wb> C38 C0 C1 C24 C0 C16 <wb> C31 C0 C1 C19 C0 C38 C0 <wb> C7 C0 C1 C37 C0 C1 <wb> C38 C0 C1 C24 C0 C16 <wb> C5 C0 C1 C23 C7 C0 <wb> C31 C0 C1 C19 C0 C38 C0 <wb> C22 C0 C36 C24 C0 C16 <wb> C19 C0 C1 <wb> C5 C0 C1 C23 C7 C0 <wb> C3 C0 C36 C7 C0 C8 C0 <wb> C28 C0 C36 C29 C0 C25 C0 C16 C22 C0 C1
hindi_female_004942|C11 C19 C0 <wb> C7 C0 C16 C24 C0 <wb> C24 C0 C15 C0 C16 C23 <wb> C28 C0 C36 C29 C0 C11 <wb> C11 C19 C0 <wb> C22 C0 C1 C30 C0 <wb> C19 C0 C1 <wb> C19 C0 C29 C32 C0 C17 C0 C24 C0 C32 C0 C1 <wb> C36 C32 C0 C30 C0 C37 C0 <wb> C30 C0 C1 C29 C0 C1 <wb> C22 C0 C1 C15 C0 <wb> C28 C0 C37 C0 C16 C32 C0 C29 C0 <wb> C15 C0 C2
hindi_female_004943|C37 C0 C16 C31 C0 C11 C31 C0 C19 C0 C29 C0 <wb> C19 C0 C2 C21 C0 C1 C31 C0 <wb> C28 C0 C29 C0 C37 C0 C32 C0 <wb> C19 C0 C16 <wb> C15 C0 C16 C24 C0 C7 C0 C36 C26 C23 <wb> C3 C0 C27 C7 C0 C8 C0 <wb> C19 C0 C11 <wb> C21 C0 C16 C11 <wb> C19 C0 C2 C21 C0 C1 C31 C0 <wb> C22 C0 C1 C24 C0 C30 C0 C29 C0 C26 C37 C0 C29 C0 <wb> C19 C0 C11 <wb> C7 C0 C29 C0 C31 C0 C24 C0 <wb> C15 C0 C16 <wb> C28 C0 C36 C25 C0 C38 C0 C19 C0 C1 C29 C0 C16 <wb> C15 C0 C2 C23
hindi_female_004944|C19 C0 C16 <wb> C22 C0 C11 C21 C0 <wb> C0 C21 C0 C13 C0 <wb> C0 C21 C0 C13 C0 <wb> C37 C0 C16 C7 C0 C11 C31 C0 <wb> C30 C0 C23 C30 C0 C33 C0 C1 C26 C23 <wb> C19 C0 C11 <wb> C24 C0 C1 C22 C0 <wb> C30 C0 C11 <wb> C1 C11
hindi_female_004946|C28 C0 C36 C29 C0 C30 C0 C19 C0 C1 C29 C0 <wb> C19 C0 C16 <wb> C29 C0 C1 C31 C0 C16 <wb> C21 C0 C1 C20 C0 C26 C23 <wb> C9 C0 C21 C0 C29 C0 <wb> C38 C0 C1 <wb> C28 C0 C1 C36 C23 C9 C0 <wb> C22 C0 C11 C23 <wb> C15 C0 C26 C32 C0 C16 <wb> C15 C0 C2
hindi_female_004948|C0 C13 C0 C21 C0 C1 <wb> C22 C0 C11 C21 C0 <wb> C1 C38 C0 C1 <wb> C19 C0 C16 <wb> C16 C32 C0 C24 C0 C16 <wb> C3 C0 C9 C0 C16 <wb> C28 C0 C36 C29 C0 C30 C0 C19 C0 C1 C29 C0 <wb> C29 C0 C1 C31 C0 C16 <wb> C37 C0 C16 C7 C0 C11 C31 C0 <wb> C22 C0 C11 C23 <wb> C1 C28 C0 C19 C0 C11 <wb> C28 C0 C1 C30 C0 <wb> C4 C0 C11 C17 C0 C24 C0 C11 <wb> C19 C0 C11 <wb> C21 C0 C16 C11 <wb> C19 C0 C36 C6 C0 <wb> C19 C0 C1 C13 C0 C17 C0 C1 C32 C0 <wb> C3 C0 C24 C0 C37 C0 C1 C24 C0 C11 <wb> C28 C0 C9 C0 C11 C23 C13 C0 C11
hindi_female_004954|C3 C0 C29 C0 C30 C0 C26 C23 <wb> C3 C0 C1 C7 C0 <wb> C11 C19 C0 <wb> C7 C0 C16 C24 C0 <wb> C34 C0 C29 C0 C11 C24 C0 <wb> C22 C0 C11 C23 <wb> C36 C24 C0 C30 C0 C11 <wb> C4 C0 C11 C23 C34 C0 <wb> C15 C0 C26 <wb> C13 C0 C16
hindi_female_004963|C17 C0 C3 C0 C19 C0 C16 <wb> C36 C24 C0 C15 C0 C26 C23 C24 C0 C11 <wb> C17 C0 C26 <wb> C4 C0 C16 <wb> C19 C0 C15 C0 C1 C24 C0 C16 <wb> C38 C0 C1 <wb> C36 C24 C0 C19 C0 C11 <wb> C31 C0 C3 C0 C7 C0 C26 C23 <wb> C22 C0 C11 C23 <wb> C30 C0 C1 C15 C0 C16 C32 C0 C38 C0 <wb> C21 C0 C16 C20 C0 C1 <wb> C36 C30 C0 C11 <wb> C22 C0 C36 C18 C0 C11 <wb> C28 C0 C10 C0 C37 C0 C1 C11 <wb> C3 C0 C16 C24 C0 C1 <wb> C36 C24 C0 C15 C0 C26 C23 C24 C0 C11 <wb> C28 C0 C36 C29 C0 C1 <wb> C24 C0 C15 C0 C16 C23 <wb> C30 C0 C22 C0 C18 C0 C1 <wb> C19 C0 C36 C30 C0 C36 C22 C0 C1 C19 C0 C29 C0 <wb> C24 C0 C11 <wb> C3 C0 C9 C0 C11 <wb> C1 C31 C0 C5 C0 C29 C0 C38 C0 <wb> C19 C0 C11 <wb> C30 C0 C1 C33 C0 <wb> C3 C0 C32 C0 C1 C38 C0 C1
hindi_female_004964|C22 C0 C29 C0 C34 C0 C11 C24 C0 <wb> C19 C0 C16 <wb> C24 C0 C16 C13 C0 C1 C15 C0 C11 C23 <wb> C16 C23 C9 C0 C16 C17 C0 <wb> C19 C0 C26 <wb> C12 C0 C16 C29 C0 <wb> C17 C0 C16 C32 C0 C7 C0 C16 C21 C0 C1 C24 C0 C11 <wb> C28 C0 C29 C0
hindi_female_004969|C0 C13 C0 C21 C0 C11 <wb> C37 C0 C29 C0 C21 C0 C9 C0 <wb> C19 C0 C28 C0 <wb> C32 C0 C19 C0 <wb> C20 C0 C11 C21 C0 C24 C0 C1 <wb> C5 C0 C1 C15 C0 C32 C0 C11 <wb> C15 C0 C2 C23 <wb> C17 C0 C38 C0 C30 C0 C36 C29 C0 C38 C0 C1
hindi_female_004976|C16 C30 C0 C19 C0 C11 <wb> C3 C0 C16 C21 C0 C19 C0 C36 C21 C0 <wb> C3 C0 C13 C0 C21 C0 <wb> C22 C0 C11 C23 <wb> C7 C0 C11 C37 C0 C16 <wb> C7 C0 C11 C37 C0 C32 C0 C1 C26 C23 <wb> C27 C29 C0 <wb> C3 C0 C21 C0 C16 C37 C0 C36 C9 C0 <wb> C19 C0 C16 <wb> C0 C4 C0 C16 C24 C0 C11 C32 C0 C29 C0 C16 C38 C0 C26 C23 <wb> C19 C0 C11 <wb> C28 C0 C26 C30 C0 C34 C0 C29 C0 <wb> C4 C0 C16 <wb> C7 C0 C29 C31 C0 C38 C0 <wb> C19 C0 C1 <wb> C15 C0 C16 C30 C0 C30 C0 C1 <wb> C3 C0 C24 C0 <wb> C17 C0 C1 C32 C0 C11 <wb> C15 C0 C2 C23
hindi_female_004986|C17 C0 C26 <wb> C29 C0 C1 C17 C0 <wb> C19 C0 C22 C0 C21 C0 <wb> C28 C0 C29 C0 C19 C0 C1 C31 C0 C24 C0 <wb> C7 C0 C16 C21 C0 C21 C0 C16 <wb> C30 C0 C11 <wb> C31 C0 C16 C8 C0 C29 C0 <wb> C28 C0 C29 C0 C19 C0 C1 C31 C0 C38 C0 <wb> C28 C0 C36 C30 C0 C32 C0 C19 C0 <wb> C19 C0 C1 <wb> C11 C19 C0 <wb> C30 C0 C22 C0 C28 C0 C1 C7 C0 C16 C32 C0 <wb> C15 C0 C16 C30 C0 C30 C0 C1 <wb> C15 C0 C2
hindi_female_005003|C11 C19 C0 <wb> C2 C32 C0 C16 C15 C0 C1 C30 C0 C16 C19 C0 <wb> C37 C0 C38 C0 C19 C0 C32 C0 C16 <wb> C19 C0 C11 <wb> C29 C0 C36 C28 C0 <wb> C22 C0 C11 C23 <wb> C32 C0 C11 C17 C0 C1 C17 C0 C16 <wb> C19 C0 C1 <wb> C17 C0 C24 C0 C22 C0 <wb> C4 C0 C1 C7 C0 C29 C0 C28 C0 C7 C0 <wb> C19 C0 C16 <wb> C31 C0 C36 C19 C0 C21 C0 <wb> C28 C0 C19 C0 C31 C0 C16 C38 C0 <wb> C7 C0 C31 C0 C22 C0 C16 <wb> C32 C0 C7 C0 C1 C24 C0 C36 C30 C0 C1 C29 C0 <wb> C36 C24 C0 C32 C0 C16 C30 C0 <wb> C17 C0 C24 C0 C37 C0 C29 C0 C16 <wb> C11 C19 C0 <wb> C15 C0 C17 C0 C1 C29 C0 <wb> C5 C0 C27 C15 C0 C32 C0 C32 C0 C29 C0 <wb> C19 C0 C26 <wb> C8 C0 C36 C21 C0 C16 C38 C0 C1 <wb> C13 C0 C26 C32 C0 C29 C0 <wb> C19 C0 C11 <wb> C17 C0 C1 C34 C0 <wb> C28 C0 C29 C0 C16 C37 C0 C1 C29 C0 <wb> C22 C0 C11 C23 <wb> C15 C0 C36 C1 <wb> C33 C0 C1
hindi_female_005005|C36 C30 C0 C22 C0 C11 C23 <wb> C37 C0 C29 C0 C25 C0 C16 C32 C0 <wb> C36 C24 C0 C19 C0 C16 <wb> C19 C0 C33 C0 C1 <wb> C16 C30 C0 <wb> C28 C0 C29 C0 C19 C0 C1 C29 C0 <wb> C15 C0 C2
hindi_female_005006|C17 C0 C38 C0 C11 C31 C0 C35 C0 <wb> C22 C0 C1 C30 C0 <wb> C22 C0 C11 C23 <wb> C15 C0 C16 <wb> C29 C32 C0 C36 <wb> C19 C0 C16 <wb> C28 C0 C29 C0 C33 C0 C22 C0 <wb> C37 C0 C29 C0 C31 C0 C1 <wb> C15 C0 C26 <wb> C5 C0 C36 C19 C0 C16 <wb> C15 C0 C2
hindi_female_005007|C3 C0 C1 C32 C0 C11 C23 <wb> C17 C0 C26 <wb> C17 C0 C16 C32 C0 <wb> C21 C0 C11 C23 C13 C0 C16 <wb> C1 C28 C0 C19 C0 C11 <wb> C37 C0 C2 C21 C0 C11 C23 C34 C0 C1 C16 C24 C0 <wb> C19 C0 C1 <wb> C7 C0 C16 C21 C0
hindi_female_005010|C29 C0 C26 C22 C0 C11 C23 C34 C0 C16 C19 C0 <wb> C19 C0 C22 C0 C11 C9 C0 C16 <wb> C30 C0 C11 <wb> C34 C0 C36 C34 C0 C11 C13 C0 C1 <wb> C28 C0 C38 C0 C1 C29 C0 <wb> C19 C0 C1 <wb> C29 C0 C16 C31 C0 C32 C0 C1
hindi_female_005011|C30 C0 C19 C0 C36 C21 C0 <wb> C22 C0 C11 C23 <wb> C30 C0 C16 C29 C0 C12 C0 <wb> C7 C0 C30 C0 <wb> C21 C0 C23 C5 C0 <wb> C34 C0 C11 C3 C0 C21 C0 C30 C0 <wb> C15 C0 C2 C23
hindi_female_005012|C21 C0 C11 C19 C0 C16 C24 C0 <wb> C16 C30 C0 C11 <wb> C5 C0 C21 C0 C1 C24 C0 C11 <wb> C37 C0 C1 C21 C0 C11 <wb> C37 C0 C16 C17 C0 C11 C32 C0 C1 <wb> C19 C0 C26 <wb> C38 C0 C15 C0 <wb> C21 C0 C36 C32 C0 C12 C0 <wb> C30 C0 C16 C29 C0 C12 C0 <wb> C1 C8 C0 C11 <wb> C14 C0 C23 C34 C0 C11 <wb> C32 C0 C19 C0 <wb> C36 C35 C0 C1 C24 C0 C11 <wb> C7 C0 C11 C32 C0 C11 <wb> C15 C0 C2 C23
hindi_female_005021|C37 C0 C15 C0 <wb> C4 C0 C16 <wb> C14 C0 C11 C29 C0 C11 <wb> C22 C0 C11 C23 <wb> C36 C30 C0 <wb> C3 C0 C16 C23 C7 C0 C36 <wb> C19 C0 C26 <wb> C4 C0 C36 C21 C0 <wb> C5 C0 C36 C19 C0 C1 <wb> C15 C0 C2 <wb> C17 C0 C26 <wb> C14 C0 C11 C29 C0 C11 <wb> C19 C0 C26 <wb> C28 C0 C36 C29 C0 C25 C0 <wb> C19 C0 C29 C0 C32 C0 C1 <wb> C15 C0 C2
hindi_female_005023|C11 C19 C0 <wb> C16 C24 C0 C34 C0 C29 C0 C37 C0 C38 C0 C36 <wb> C22 C0 C11 C23 <wb> C37 C0 C15 C0 <wb> C19 C0 C15 C0 C32 C0 C16 <wb> C15 C0 C2 <wb> C19 C0 C16 <wb> C36 C30 C0 C24 C0 C11 <wb> C19 C0 C22 C0 C28 C0 C38 C0 C36 C34 C0 C29 C0 <wb> C30 C0 C11 <wb> C19 C0 C15 C0 C1 <wb> C19 C0 C16 <wb> C0 C23 C19 C0 <wb> C10 C0 C36 C23 C10 C0 <wb> C24 C0 C16 C19 C0 C1 C21 C0 C11 <wb> C27 C29 C0 <wb> C36 C30 C0 C24 C0 C11 <wb> C24 C0 C16 C19 C0 C1 C21 C0 C11 <wb> C3 C0 C1 C29 C0 C15 C0 <wb> C30 C0 C1 C32 C0 <wb> C36 C24 C0 C24 C0 C16 C30 C0 <wb> C6 C0 C3 C0 C3 C0 C16 C30 C0 <wb> C28 C0 C37 C0 C29 C0 <wb> C3 C0 C21 C0 <wb> C16 C19 C0 C19 C0 C16 C30 C0
hindi_female_005025|C17 C0 C1 C15 C0 C16 C29 C0 <wb> C15 C0 C2 <wb> C3 C0 C11 C23 C17 C0 C1 C22 C0 C16 C24 C0 <wb> C27 C29 C0 <wb> C3 C0 C29 C0 C11 C23 C32 C0 C1 <wb> C19 C0 C21 C0 C1 <wb> C19 C0 C11 <wb> C21 C0 C16 C11 <wb> C19 C0 C21 C0 C1 <wb> C17 C0 C2 C30 C0 C16 <wb> C8 C0 C1 C29 C0 C25 C0 C1 <wb> C38 C0 C1 <wb> C1 C23 C7 C0 C26 C21 C0 C24 C0 <wb> C30 C0 C11 <wb> C36 C28 C0 C38 C0 C36 C19 C0 C32 C0 <wb> C19 C0 C33 C0 C24 C0 C26 C23 <wb> C7 C0 C37 C0 C1 C29 C0 C1 <wb> C0 C21 C0 C13 C0 C1 C32 C0 C11 <wb> C15 C0 C36 C11 <wb> C7 C0 C16 C20 C0 C1 C16 <wb> C28 C0 C9 C0 C32 C0 C11 <wb> C15 C0 C2 C23
hindi_female_005028|C1 C17 C0 <wb> C11 C21 C0 <wb> C19 C0 C11 <wb> C31 C0 C11 C31 C0 C24 C0 <wb> C28 C0 C29 C0 C8 C0 C1 C24 C0 C22 C0 C23 C32 C0 C29 C0 C16 <wb> C19 C0 C11 <wb> C24 C0 C16 C17 C0 C16 <wb> C30 C0 C5 C0 C16 C37 C0 <wb> C24 C0 C11 <wb> C38 C0 C15 C0 <wb> C19 C0 C1 C29 C0 C38 C0 C19 C0 C29 C0 C22 C0 <wb> C3 C0 C24 C0 C1 C38 C0 C1 <wb> C19 C0 C16 <wb> C15 C0 C22 C0 <wb> C5 C0 C1 C29 C0 <wb> C21 C0 C26 C13 C0 <wb> C5 C0 C36 C28 C0 C5 C0 C1 C28 C0 <wb> C19 C0 C16 C30 C0 C30 C0 C1 <wb> C19 C0 C36 C29 C0 C30 C0 C16 <wb> C19 C0 C1 <wb> C7 C0 C11 C20 C0 C11 C23
hindi_female_005029|C19 C0 C21 C0 C1 <wb> C22 C0 C1 C24 C0 C37 C0 <wb> C17 C0 C1 C32 C0 C16 <wb> C19 C0 C16 <wb> C22 C0 C1 C32 C0 C29 C4 C0 C1 C31 C0 C1 <wb> C15 C0 C2
hindi_female_005032|C30 C0 C22 C0 C1 C17 C0 <wb> C19 C0 C11 <wb> C21 C0 C16 C11 <wb> C19 C0 C21 C0 C1 C19 C0 C1 C29 C0 <wb> C30 C0 C3 C0 C30 C0 C11 <wb> C3 C0 C9 C0 C1 <wb> C17 C0 C1 C7 C0 C36 C13 C0 C29 C0 <wb> C15 C0 C2 <wb> C27 C29 C0 <wb> C30 C0 C22 C0 C1 C17 C0 <wb> C19 C0 C26 <wb> C16 C30 C0 <wb> C30 C0 C3 C0 <wb> C19 C0 C26 <wb> C38 C0 C15 C0 <wb> C22 C0 C1 C23 C13 C0 C24 C0 C11 <wb> C19 C0 C1 <wb> C0 C8 C0 C16 C19 C0 C1 C29 C0 <wb> C15 C0 C2 <wb> C19 C0 C16 <wb> C19 C0 C21 C0 C1 C19 C0 C1 C29 C0 <wb> C0 C28 C0 C24 C0 C11 <wb> C30 C0 C1 C22 C0 C1 C17 C0 C16 C19 C0 <wb> C19 C0 C1 C22 C0 <wb> C19 C0 C11 <wb> C28 C0 C29 C0 C32 C0 C16 <wb> C30 C0 C23 C5 C0 C11 C32 C0 <wb> C15 C0 C26
hindi_female_005033|C19 C0 C21 C0 C1 <wb> C22 C0 C24 C0 C36 C31 C0 C38 C0 <wb> C19 C0 C26 <wb> C27 C29 C0 <wb> C0 C23 C32 C0 C32 C0 C15 <wb> C30 C0 C22 C0 C1 C17 C0 <wb> C19 C0 C26 <wb> C28 C0 C36 C29 C0 C25 C0 C32 C0 C1 <wb> C28 C0 C29 C0 C7 C0 C1 C24 C0 <wb> C19 C0 C29 C0 C32 C0 C16 <wb> C15 C0 C2
hindi_female_005034|C15 C0 C16 C23 C30 C0 C1 <wb> C19 C0 C16 <wb> C15 C0 C29 C0 <wb> C15 C0 C1 C21 C0 C32 C0 <wb> C22 C0 C11 C23 <wb> C24 C0 C16 C23 C7 C0 C1 <wb> C19 C0 C16 <wb> C17 C0 C1 C24 C0 C16 <wb> C5 C0 C1 C15 C0 C16 C11
hindi_female_005035|C28 C0 C32 C0 C29 C0 C19 C0 C1 C29 C0 <wb> C27 C29 C0 <wb> C30 C0 C22 C0 C1 C5 C0 C1 C29 C0 <wb> C28 C0 C32 C0 C29 C0 <wb> C2 C30 C0 C16 <wb> C17 C0 C24 C0 <wb> C0 C12 C0 C37 C0 C1 C15 C0 C26 C23 <wb> C38 C0 C1 <wb> C13 C0 C28 C0 C28 C0 C26 C23 <wb> C38 C0 C1 <wb> C28 C0 C29 C0 C22 C0 C1 C25 C0 C16 C19 C0 <wb> C30 C0 C22 C0 C1 C5 C0 C1 C29 C0 C26 C23 <wb> C19 C0 C26 <wb> C4 C0 C16 <wb> C28 C0 C29 C0 C30 C0 C1 C29 C0 C16 C32 C0 <wb> C24 C0 C15 C0 C16 C23 <wb> C19 C0 C29 C0 C11 C13 C0 C11 C23 <wb> C17 C0 C16 C24 C0 <wb> C30 C0 C11 <wb> C19 C0 C16 C30 C0 C16 <wb> C19 C0 C1 <wb> C24 C0 C16 C17 C0 C16 <wb> C17 C0 C16 C37 C0 C24 C0 <wb> C28 C0 C29 C0 C4 C0 C1 C37 C0 C16 C32 C0 <wb> C15 C0 C26 C32 C0 C1 <wb> C15 C0 C2
hindi_female_005036|C0 C30 C0 C21 C0 <wb> C22 C0 C11 C23 <wb> C11 C19 C0 <wb> C29 C0 C5 C0 C24 C0 C1 C19 C0 C1 C29 C0 <wb> C19 C0 C21 C0 C1 C19 C0 C1 C29 C0 <wb> C19 C0 C11 <wb> C21 C0 C16 C11 <wb> C16 C30 C0 <wb> C3 C0 C1 C32 C0 <wb> C30 C0 C11 <wb> C19 C0 C26 C16 <wb> C12 C0 C29 C0 C19 C0 <wb> C24 C0 C15 C0 C16 C23 <wb> C28 C0 C9 C0 C32 C0 C1 <wb> C19 C0 C16 <wb> C30 C0 C32 C0 C32 C0 C1 <wb> C22 C0 C11 C23 <wb> C19 C0 C27 C24 C0 <wb> C3 C0 C2 C35 C0 C1 <wb> C15 C0 C2
hindi_female_005037|C12 C0 C29 C0 C23 C23 <wb> C34 C0 C16 C38 C0 C29 C0 <wb> C19 C0 C11 <wb> C30 C0 C23 C28 C0 C1 C7 C0 C19 C0 <wb> C30 C0 C22 C0 C29 C0 <wb> C30 C0 C11 C24 C0 <wb> C19 C0 C26 <wb> C8 C0 C22 C0 C19 C0 C16 <wb> C7 C0 C16 <wb> C13 C0 C16
hindi_female_005038|C1 C28 C0 C1 C32 C0 C19 C0 C1 C21 C0 <wb> C19 C0 C11 <wb> C7 C0 C27 C29 C0 C1 C24 C0 <wb> C38 C0 C15 C0 <wb> C30 C0 C16 C21 C0 C30 C0 C16 C21 C0 C1 <wb> C19 C0 C4 C0 C16 <wb> C33 C0 C22 C0 C32 C0 C1 <wb> C15 C0 C36 C1 <wb> C7 C0 C16 C20 C0 C21 C0 C1 C16 <wb> C24 C0 C15 C0 C16 C23 <wb> C28 C0 C9 C0 C32 C0 C1 <wb> C15 C0 C2
hindi_female_005039|C31 C0 C29 C0 C16 C22 C0 C32 C0 C16 <wb> C16 C23 C7 C0 C16 C29 C0 C1 <wb> C13 C0 C1 C23 C8 C0 C16 <wb> C19 C0 C11 <wb> C28 C0 C36 C29 C0 C1 C24 C0 C11 <wb> C22 C0 C16 C32 C0 C29 C0 <wb> C19 C0 C36 C21 C0 C7 C0 C16 C28 C0 <wb> C24 C0 C2 C38 C0 C29 C0 <wb> C17 C0 C16 C24 C0 C19 C0 C16 <wb> C22 C0 C16 C32 C0 C29 C0 C32 C0 C1 <wb> C16 C30 C0 <wb> C15 C0 C7 C0 <wb> C32 C0 C19 C0 <wb> C33 C0 C16 <wb> C19 C0 C16 <wb> C17 C0 C3 C0 <wb> C31 C0 C29 C0 C16 C22 C0 C32 C0 C16 <wb> C13 C0 C1 C23 C8 C0 C16 <wb> C24 C0 C11 <wb> C0 C28 C0 C24 C0 C11 <wb> C21 C0 C23 C3 C0 C11 <wb> C3 C0 C1 C21 C0 C26 C23 <wb> C19 C0 C26 <wb> C6 C0 C26 C34 C0 C1 <wb> C19 C0 C29 C0 C37 C0 C1 C38 C0 C1 <wb> C32 C0 C3 C0 <wb> C36 C24 C0 C15 C0 C26 C23 C24 C0 C11 <wb> C19 C0 C36 C21 C0 C7 C0 C16 C28 C0 <wb> C24 C0 C2 C38 C0 C29 C0 <wb> C30 C0 C11 <wb> C30 C0 C37 C0 C1 C21 C0 <wb> C19 C0 C16 C38 C0 C1 <wb> C33 C0 C1 <wb> C19 C0 C16 <wb> C0 C3 C0 <wb> C22 C0 C2 C23 <wb> C19 C0 C2 C30 C0 C16 <wb> C7 C0 C16 C20 C0 <wb> C29 C0 C15 C0 C16 <wb> C15 C0 C36 C23
hindi_female_005044|C30 C0 C3 C0 C30 C0 C11 <wb> C28 C0 C15 C0 C21 C0 C11 <wb> C0 C17 C0 C16 C3 C0 <wb> C21 C0 C13 C0 C24 C0 C11 <wb> C37 C0 C1 C21 C0 C16 <wb> C3 C0 C1 C32 C0 <wb> C38 C0 C15 C0 <wb> C15 C0 C2 <wb> C19 C0 C16 <wb> C28 C0 C32 C0 C29 C0 <wb> C28 C0 C32 C0 C29 C0 C16 C19 C0 C1 C26 C23 <wb> C19 C0 C16 <wb> C30 C0 C37 C0 C32 C0 C23 C32 C0 C29 C0 C32 C0 C1 <wb> C19 C0 C26 <wb> C37 C0 C38 C0 C37 C0 C30 C0 C1 C38 C0 <wb> C19 C0 C16 <wb> C30 C0 C37 C0 C32 C0 C23 C32 C0 C29 C0 C32 C0 C1 <wb> C22 C0 C11 C23 <wb> C31 C0 C1 C22 C0 C16 C21 C0 <wb> C19 C0 C16 C38 C0 C1 <wb> C13 C0 C38 C0 C1 <wb> C15 C0 C2
hindi_female_005046|C29 C0 C11 C22 C0 C3 C0 C29 C0 <wb> C24 C0 C11 <wb> C22 C0 C2 C9 C0 C26 C24 C0 C1 <wb> C19 C0 C26 <wb> C24 C0 C16 C7 C0 C29 C0 C21 C0 C2 C23 C9 C0 <wb> C19 C0 C16 <wb> C19 C0 C16 C30 C0 C1 C24 C0 <wb> C22 C0 C15 C0 C16 C24 C0 C1 <wb> C19 C0 C11 <wb> C29 C0 C36 C28 C0 <wb> C22 C0 C11 C23 <wb> C5 C0 C16 C32 C0 C29 C0 C16 C32 C0 <wb> C19 C0 C16 C38 C0 C1 <wb> C33 C0 C1
hindi_female_005047|C15 C0 C22 C0 C1 C29 C0 C1 <wb> C37 C0 C19 C0 C32 C0 <wb> C30 C0 C37 C0 C32 C0 C23 C32 C0 C29 C0 C32 C0 C1 <wb> C19 C0 C26 <wb> C19 C0 C38 C0 C26 C23 <wb> C2 C30 C0 C11 <wb> C29 C0 C36 C28 C0 <wb> C22 C0 C11 C23 <wb> C37 C0 C38 C0 C19 C0 C32 C0 <wb> C24 C0 C15 C0 C16 C23 <wb> C19 C0 C29 C0 C32 C0 C1 <wb> C17 C0 C26 <wb> C36 C30 C0 C11 <wb> C28 C0 C29 C0 C16 C38 C0 <wb> C27 C29 C0 <wb> C3 C0 C26 C8 C0 C13 C0 C22 C0 C38 C0 <wb> C15 C0 C2
hindi_female_005049|C38 C0 C7 C0 C16 <wb> C1 C17 C0 <wb> C15 C0 C22 C0 <wb> C16 C24 C0 <wb> C28 C0 C32 C0 C29 C0 C16 C19 C0 C1 C26 C23 <wb> C19 C0 C11 <wb> C32 C0 C32 C0 C19 C0 C1 C21 C0 C16 C24 C0 <wb> C0 C23 C19 C0 C26 C23 <wb> C19 C0 C26 <wb> C36 C21 C0 C34 C0 <wb> C28 C0 C21 C0 C34 C0 <wb> C19 C0 C29 C0 <wb> C7 C0 C11 C20 C0 C11 C23 <wb> C32 C0 C26 <wb> C31 C0 C1 C38 C0 C7 C0 <wb> C15 C0 C16 <wb> C0 C24 C0 C36 C22 C0 C1 C24 C0 <wb> C21 C0 C13 C0 C1 <wb> C28 C0 C1 C11 C23 <wb> C19 C0 C16 <wb> C15 C0 C22 C0 <wb> C36 C24 C0 <wb> C7 C0 C16 C24 C0 C26 C23 <wb> C19 C0 C2 C30 C0 C11 <wb> C30 C0 C23 C19 C0 C34 C0 <wb> C19 C0 C16 <wb> C14 C0 C9 C0 C16 <wb> C30 C0 C11 <wb> C13 C0 C36 C17 C0 C29 C0 <wb> C29 C0 C15 C0 C11 <wb> C33 C0 C11
hindi_female_005052|C16 C30 C0 C21 C0 C16 C11 <wb> C16 C24 C0 <wb> C6 C0 C37 C0 C16 C38 C0 C26 C23 <wb> C19 C0 C11 <wb> C28 C0 C29 C0 C32 C0 C16 <wb> C15 C0 C22 C0 C1 C29 C0 C1 <wb> C37 C0 C16 C37 C0 C11 C19 C0 C31 C0 C16 C21 C0 <wb> C27 C29 C0 <wb> C1 C21 C0 C26 C5 C0 C24 C0 C1 C32 C0 C22 C0 C19 C0 <wb> C29 C0 C37 C0 C2 C38 C0 C1 <wb> C24 C0 C15 C0 C16 C23 <wb> C3 C0 C21 C0 C19 C0 C16 <wb> C36 C24 C0 C30 C0 C11 <wb> C30 C0 C22 C0 C22 C0 C26 C15 C0 C16 C32 C0 <wb> C15 C0 C26 <wb> C17 C0 C1 C24 C0 C11 C37 C0 C1 C21 C0 C1 <wb> C11 C19 C0 <wb> C29 C0 C16 C31 C0 C32 C0 C1 <wb> C3 C0 C24 C0 <wb> C13 C0 C38 C0 C1 <wb> C15 C0 C2
hindi_female_005057|C11 C19 C0 <wb> C30 C0 C32 C0 C29 C0 <wb> C37 C0 C26 <wb> C17 C0 C16 C30 C0 C22 C0 C11 C23 <wb> C1 C32 C0 C23 C19 C0 C37 C0 C1 C7 C0 <wb> C36 C30 C0 C19 C0 C16 <wb> C30 C0 C33 C0 C16 C32 C0 C16 <wb> C36 C30 C0 C30 C0 C11 <wb> C3 C0 C24 C0 C24 C0 C11 <wb> C37 C0 C1 C21 C0 C11 <wb> C15 C0 C1 C21 C0 C1 C32 C0 <wb> C19 C0 C26 <wb> C0 C8 C0 C16 C19 C0 <wb> C30 C0 C11 <wb> C0 C8 C0 C16 C19 C0 <wb> C0 C30 C0 C29 C0 C7 C0 C1 C29 C0 <wb> C32 C0 C29 C0 C16 C19 C0 C11 <wb> C30 C0 C11 <wb> C7 C0 C16 C20 C0 C1 C11 <wb> C17 C0 C1 <wb> C30 C0 C19 C0 C11 C23
hindi_female_005069|C30 C0 C36 C17 C0 C24 C0 <wb> C30 C0 C26 C23 C34 C0 C1 C13 C0 <wb> C19 C0 C16 <wb> C22 C0 C1 C24 C0 C38 C0 C32 C0 C1 <wb> C19 C0 C11 <wb> C1 C8 C0 C1 C29 C0 <wb> C28 C0 C29 C0 <wb> C17 C0 C3 C0 <wb> C21 C0 C26 C13 C0 <wb> C9 C0 C29 C0 C1 C16 C23 C13 C0 <wb> C29 C0 C36 C22 C0 <wb> C22 C0 C11 C23 <wb> C3 C0 C2 C35 C0 <wb> C19 C0 C29 C0 <wb> C1 C32 C0 C23 C19 C0 C37 C0 C1 C7 C0 <wb> C19 C0 C16 <wb> C20 C0 C3 C0 C29 C0 C11 C23 <wb> C7 C0 C11 C20 C0 <wb> C29 C0 C15 C0 C11 <wb> C15 C0 C26 C32 C0 C11 <wb> C15 C0 C2 C23 <wb> C32 C0 C26 <wb> C16 C32 C0 C22 C0 C16 C24 C0 C1 C24 C0 <wb> C15 C0 C26 C32 C0 C11 <wb> C15 C0 C2 C23 <wb> C36 C24 C0 C19 C0 C11 <wb> C4 C0 C16 C32 C0 C29 C0 <wb> C11 C19 C0 <wb> C24 C0 C16 C31 C0 C5 C0 C16 C23 C32 C0 C32 C0 C1 <wb> C19 C0 C1 <wb> C3 C0 C26 C8 C0 <wb> C15 C0 C26 C32 C0 C1 <wb> C15 C0 C2 <wb> C19 C0 C16 <wb> C15 C0 C22 C0 <wb> C30 C0 C36 C29 C0 C19 C0 C31 C0 C16 C32 C0 <wb> C15 C0 C2 C23
hindi_female_005070|C28 C0 C16 C6 C0 C21 C0 C16 <wb> C29 C0 C1 C32 C0 <wb> C22 C0 C2 C23 <wb> C11 C19 C0 <wb> C22 C0 C16 C32 C0 C29 C0 <wb> C19 C0 C11 <wb> C14 C0 C29 C0 <wb> C33 C0 C16 <wb> C17 C0 C3 C0 <wb> C34 C0 C16 C37 C0 C16 <wb> C28 C0 C29 C0 <wb> C22 C0 C2 C23 C24 C0 C11 <wb> C14 C0 C1 C38 C0 C21 C0 C26 C23 <wb> C19 C0 C26 <wb> C30 C0 C34 C0 C29 C0 C11 C5 C0 C29 C0 <wb> C28 C0 C29 C0 <wb> C9 C0 C1 C21 C0 <wb> C21 C0 C26 C13 C0 C26 C23 <wb> C19 C0 C26 <wb> C16 C8 C0 C29 C0 <wb> C30 C0 C11 <wb> C36 C8 C0 C29 C0 <wb> C4 C0 C1 C13 C0 C32 C0 C11 <wb> C7 C0 C11 C20 C0 C1
hindi_female_005077|C19 C0 C38 C0 C26 C23 C19 C0 C16 <wb> C17 C0 C26 <wb> C15 C0 C36 C37 C0 C1 <wb> C36 C30 C0 C19 C0 C11 <wb> C0 C30 C0 C29 C0 <wb> C19 C0 C26 <wb> C22 C0 C16 C34 C0 C24 C0 C11 <wb> C22 C0 C11 C23 <wb> C32 C0 C26 <wb> C21 C0 C23 C3 C0 C1 <wb> C30 C0 C22 C0 C38 C0 <wb> C21 C0 C13 C0 C11 C13 C0 C1 <wb> C21 C0 C11 C19 C0 C16 C24 C0 <wb> C15 C0 C22 C0 C1 C29 C0 C16 <wb> C11 C19 C0 <wb> C11 C19 C0 <wb> C30 C0 C19 C0 C1 C29 C0 C1 C32 C0 C22 C0 C19 C0 <wb> C36 C29 C0 C17 C0 C1 <wb> C7 C0 C36 C24 C0 C16 C38 C0 C1 <wb> C19 C0 C26 <wb> C3 C0 C7 C0 C21 C0 <wb> C30 C0 C19 C0 C32 C0 C16 <wb> C15 C0 C2
hindi_female_005079|C21 C0 C11 C19 C0 C16 C24 C0 <wb> C32 C0 C3 C0 <wb> C19 C0 C38 C0 C1 <wb> C17 C0 C3 C0 <wb> C2 C30 C0 C1 <wb> C15 C0 C16 <wb> C19 C0 C26 C16 <wb> C38 C0 C33 C0 C1 C29 C0 C33 C0 <wb> C15 C0 C22 C0 C1 C29 C0 C16 <wb> C35 C0 C15 C0 C29 C0 C16 <wb> C15 C0 C36 C16 <wb> C17 C0 C16 C23 C7 C0 C13 C0 C16 <wb> C22 C0 C11 C23 <wb> C0 C5 C0 C1 C24 C0 C19 C0 <wb> C30 C0 C11 <wb> C14 C0 C36 C30 C0 C28 C0 C2 C35 C0 <wb> C19 C0 C29 C0 <wb> C1 C32 C0 C1 <wb> C15 C0 C2 <wb> C32 C0 C3 C0 <wb> C15 C0 C22 C0 <wb> C36 C30 C0 C19 C0 C1 <wb> C22 C0 C36 C19 C0 C1 C3 C0 C21 C0 C1 <wb> C19 C0 C29 C0 C24 C0 C11 <wb> C22 C0 C11 C23 <wb> C30 C0 C37 C0 C38 C0 C23 <wb> C19 C0 C26 <wb> C0 C30 C0 C22 C0 C29 C0 C33 C0 <wb> C28 C0 C1 C32 C0 C11 <wb> C15 C0 C2 C23
hindi_female_005093|C32 C0 C3 C0 <wb> C12 C0 C16 C29 C0 <wb> C16 C30 C0 <wb> C19 C0 C26 C22 C0 C21 C0 <wb> C22 C0 C30 C0 C32 C0 C16 C31 C0 C19 C0 <wb> C22 C0 C11 C23 <wb> C3 C0 C1 C7 C0 <wb> C22 C0 C11 C23 <wb> C2 C30 C0 C1 <wb> C19 C0 C38 C0 C1 <wb> C14 C0 C34 C0 C16 C32 C0 <wb> C15 C0 C26 C32 C0 C1 <wb> C15 C0 C2 <wb> C19 C0 C16 <wb> C17 C0 C16 C30 C0 C19 C0 C11 <wb> C21 C0 C16 C11 <wb> C36 C30 C0 C11 <wb> C20 C0 C36 C7 C0 <wb> C0 C28 C0 C24 C0 C11 <wb> C28 C0 C29 C0 C1 C25 C0 C26 C23 <wb> C19 C0 C1 <wb> C4 C0 C16 <wb> C22 C0 C26 C15 C0 <wb> C24 C0 C15 C0 C16 C23 <wb> C29 C0 C15 C0 <wb> C17 C0 C1 C32 C0 C1 <wb> C15 C0 C2
hindi_female_005101|C17 C0 C16 C30 C0 <wb> C19 C0 C29 C0 C36 C29 C0 C32 C0 C1 <wb> C30 C0 C11 <wb> C22 C0 C24 C0 C26 C5 C0 C16 C19 C0 C16 C32 C0 C30 C0 C16 C38 C0 <wb> C17 C0 C1 C23 C5 C0 <wb> C19 C0 C11 <wb> C3 C0 C15 C0 C1 C24 C0 C11 <wb> C37 C0 C29 C7 C0 C8 C0 <wb> C15 C0 C1 C22 C0 C30 C0 C36 C24 C0 <wb> C19 C0 C26 <wb> C38 C0 C1 C32 C0 C24 C0 C1 <wb> C7 C0 C16 <wb> C13 C0 C38 C0 C16 <wb> C37 C0 C15 C0 <wb> C9 C0 C11 C24 C0 C22 C0 C1 C29 C0 C19 C0 <wb> C19 C0 C11 <wb> C21 C0 C11 C20 C0 C19 C0 <wb> C33 C0 C29 C0 C19 C0 C16 C21 C0 C9 C0 <wb> C15 C0 C1 C22 C0 C30 C0 C36 C24 C0 <wb> C19 C0 C16 <wb> C28 C0 C36 C30 C0 C32 C0 C19 C0 <wb> C28 C0 C29 C0 C26 C30 C0 C11 C31 C0 C24 C0 <wb> C22 C0 C11 C23 <wb> C28 C0 C2 C24 C0 C11 <wb> C27 C29 C0 <wb> C22 C0 C1 C29 C0 C22 C0 C16 C19 C0 <wb> C37 C0 C16 C37 C0 C29 C0 C25 C0 C26 C23 <wb> C19 C0 C11 <wb> C30 C0 C1 C33 C0 <wb> C7 C0 C29 C0 C17 C0 <wb> C15 C0 C2
hindi_female_005113|C5 C0 C16 C24 C0 C16 <wb> C19 C0 C11 <wb> C19 C0 C1 C29 C0 C25 C0 <wb> C37 C0 C16 C30 C0 C12 C0 C26 C34 C0 <wb> C19 C0 C1 <wb> C20 C0 C32 C0 C29 C0 C1 <wb> C15 C0 C26 <wb> C30 C0 C19 C0 C32 C0 C1 <wb> C15 C0 C2
hindi_female_005114|C19 C0 C16 <wb> C21 C0 C26 C13 C0 C26 C23 <wb> C19 C0 C26 <wb> C13 C0 C29 C0 C7 C0 <wb> C27 C29 C0 <wb> C22 C0 C15 C0 C16 C24 C0 <wb> C5 C0 C36 C29 C0 C25 C0 <wb> C30 C0 C11 <wb> C15 C0 C26 C24 C0 C11 <wb> C37 C0 C1 C21 C0 C11 <wb> C37 C0 C16 C30 C0 C12 C0 C26 C34 C0 <wb> C19 C0 C11 <wb> C20 C0 C32 C0 C29 C0 C11 <wb> C19 C0 C11 <wb> C3 C0 C1 C29 C0 C11 <wb> C22 C0 C11 C23 <wb> C17 C0 C1 C24 C0 C19 C0 C1 C29 C0 C16 <wb> C24 C0 C15 C0 C16 <wb> C15 C0 C2
hindi_female_005120|C13 C0 C17 C0 C21 C0 C26 C23 <wb> C19 C0 C1 <wb> C1 C29 C0 C23 C4 C0 <wb> C0 C29 C0 C3 C0 C16 <wb> C30 C0 C1 C15 C0 C16 C32 C0 C38 C0 <wb> C19 C0 C16 <wb> C19 C0 C1 C37 C0 C38 C0 <wb> C37 C0 C16 C8 C0 C1 <wb> C19 C0 C11 <wb> C29 C0 C36 C28 C0 <wb> C22 C0 C11 C23 <wb> C15 C0 C36 C1
hindi_female_005123|C37 C0 C2 C30 C0 C11 <wb> C16 C30 C0 <wb> C36 C28 C0 C24 C0 C38 C0 C1 C30 C0 <wb> C22 C0 C11 C23 <wb> C37 C0 C38 C0 C19 C0 C32 C0 C16 C13 C0 C32 C0 <wb> C30 C0 C23 C3 C0 C23 C8 C0 C26 C23 <wb> C19 C0 C11 <wb> C19 C0 C1 C29 C0 C25 C0 <wb> C4 C0 C1 C29 C0 C32 C0 <wb> C22 C0 C11 C23 <wb> C0 C22 C0 C11 C29 C0 C16 C19 C0 C1 <wb> C19 C0 C11 <wb> C28 C0 C36 C29 C0 C37 C0 <wb> C29 C0 C1 C17 C0 C7 C0 C36 C32 C0 <wb> C19 C0 C16 <wb> C11 C19 C0 <wb> C19 C0 C31 C0 C22 C0 C16 C29 C0 C16 <wb> C7 C0 C37 C0 C1 C29 C0 C1 <wb> C15 C0 C32 C0 C38 C0 C1 <wb> C19 C0 C16 <wb> C17 C0 C1 C32 C0 C16 <wb> C15 C0 C2 <wb> C21 C0 C11 C19 C0 C16 C24 C0 <wb> C16 C30 C0 C16 <wb> C37 C0 C16 C31 C0 C11 C31 C0 <wb> C30 C0 C23 C7 C0 C29 C0 C4 C0 <wb> C19 C0 C11 <wb> C19 C0 C1 C29 C0 C25 C0 <wb> C38 C0 C15 C0 <wb> C14 C0 C34 C0 C24 C0 C1 <wb> C0 C28 C0 C24 C0 C11 <wb> C1 C28 C0 <wb> C22 C0 C11 C23 <wb> C1 C32 C0 C23 C19 C0 C37 C0 C1 C7 C0 C16 <wb> C14 C0 C34 C0 C24 C0 C1 <wb> C28 C0 C29 C0 C32 C0 C16 C32 C0 <wb> C15 C0 C26 C24 C0 C11 <wb> C21 C0 C13 C0 C32 C0 C16 <wb> C15 C0 C2
hindi_female_005128|C19 C0 C33 C0 C1 <wb> C19 C0 C16 <wb> C11 C19 C0 <wb> C37 C0 C16 C31 C0 C11 C31 C0 C32 C0 C1 <wb> C38 C0 C15 C0 <wb> C15 C0 C2 <wb> C19 C0 C16 <wb> C16 C30 C0 C22 C0 C11 C23 <wb> C0 C15 C0 C22 C0 C7 C0 <wb> C24 C0 C1 C22 C0 C19 C0 <wb> C36 C30 C0 <wb> C1 C32 C0 C23 C19 C0 C37 C0 C1 C7 C0 C16 <wb> C19 C0 C11 <wb> C24 C0 C17 C0 C29 C0 C16 C11 <wb> C30 C0 C11 <wb> C19 C0 C33 C0 C1 <wb> C19 C0 C15 C0 C24 C0 C11 <wb> C19 C0 C16 <wb> C19 C0 C26 C31 C0 C16 C31 C0 <wb> C19 C0 C16 <wb> C13 C0 C16 <wb> C15 C0 C2
hindi_female_005131|C21 C0 C11 C20 C0 C19 C0 <wb> C24 C0 C11 <wb> C36 C30 C0 C19 C0 C16 <wb> C28 C0 C1 C29 C0 C16 C37 C0 C1 C29 C0 C16 C19 C0 <wb> C17 C0 C16 C37 C0 C24 C0 <wb> C19 C0 C16 <wb> C17 C0 C34 C0 C16 C21 C0 C32 C0 C1 C26 C23 <wb> C19 C0 C1 <wb> C19 C0 C1 C23 C34 C0 C29 C0 C1 C30 C0 C34 C0 <wb> C36 C30 C0 C19 C0 C11 <wb> C8 C0 C1 C29 C0 C22 C0 C16 C19 C0 <wb> C17 C0 C16 C37 C0 C24 C0 <wb> C19 C0 C16 <wb> C30 C0 C29 C0 C21 C0 C32 C0 C1 C26 C23 <wb> C19 C0 C11 <wb> C30 C0 C1 C33 C0 <wb> C7 C0 C16 C20 C0 C1 C38 C0 C1 <wb> C15 C0 C2
hindi_female_005132|C3 C0 C15 C0 C36 C21 C0 C32 C0 C1 C37 C0 C1 C7 C0 C16 <wb> C30 C0 C22 C0 C1 C17 C0 C26 C23 <wb> C19 C0 C11 <wb> C21 C0 C16 C11 <wb> C1 C7 C0 C29 C0 C31 C0 <wb> C30 C0 C22 C0 C18 C0 C11 <wb> C17 C0 C1 C24 C0 C11 <wb> C37 C0 C1 C21 C0 C11 <wb> C7 C0 C11 C31 C0 <wb> C0 C22 C0 C11 C29 C0 C16 C19 C0 C1 <wb> C19 C0 C11 <wb> C38 C0 C36 C37 C0 C1 C26 C23 <wb> C19 C0 C1 <wb> C30 C0 C34 C0 C2 C23 C9 C0 C28 C0 C1 C16 C23 C34 C0 <wb> C19 C0 C38 C0 C1 <wb> C15 C0 C2 <wb> C38 C0 C15 C0 <wb> C36 C28 C0 C24 C0 C38 C0 C1 C30 C0 <wb> C19 C0 C16 <wb> C19 C0 C33 C0 C1 <wb> C22 C0 C11 C23 <wb> C36 C4 C0 C29 C0 <wb> C19 C0 C29 C0 <wb> C1 C32 C0 C1 <wb> C15 C0 C2
hindi_female_005133|C36 C28 C0 C24 C0 C38 C0 C1 C30 C0 <wb> C22 C0 C11 C23 <wb> C22 C0 C36 C30 C0 C21 C0 C22 C0 C1 C24 C0 <wb> C27 C29 C0 <wb> C16 C30 C0 C1 C16 <wb> C8 C0 C29 C0 C22 C0 <wb> C19 C0 C11 <wb> C21 C0 C26 C13 C0 C26 C23 <wb> C19 C0 C16 <wb> C11 C19 C0 <wb> C7 C0 C36 C30 C0 C29 C0 C11 <wb> C19 C0 C11 <wb> C28 C0 C29 C0 C32 C0 C16 <wb> C14 C0 C29 C25 C0 C1 <wb> C7 C0 C16 C20 C0 C1 C16 <wb> C7 C0 C11 C32 C0 C16 <wb> C15 C0 C2
hindi_female_005134|C38 C0 C15 C0 <wb> C37 C0 C26 <wb> C28 C0 C29 C0 C7 C0 C32 C0 C32 C0 <wb> C30 C0 C16 C22 C0 C11 C25 C0 C34 C0 C16 C19 C0 <wb> C28 C0 C29 C0 C38 C0 C1 C37 C0 C29 C0 C25 C0 <wb> C15 C0 C2 <wb> C17 C0 C16 C30 C0 C22 C0 C11 C23 <wb> C1 C32 C0 C23 C19 C0 <wb> C19 C0 C11 <wb> C3 C0 C1 C29 C0 C11 <wb> C22 C0 C11 C23 <wb> C19 C0 C36 C6 C0 <wb> C4 C0 C16 <wb> C19 C0 C15 C0 C1 <wb> C17 C0 C1 <wb> C30 C0 C19 C0 C24 C0 C1 <wb> C30 C0 C23 C4 C0 C37 C0 <wb> C15 C0 C2
hindi_female_005135|C17 C0 C26 <wb> C16 C30 C0 <wb> C19 C0 C29 C0 C22 C0 <wb> C19 C0 C11 <wb> C21 C0 C19 C0 C31 C0 C38 C0 <wb> C15 C0 C2 C23 <wb> C37 C0 C11 <wb> C16 C30 C0 C22 C0 C11 C23 <wb> C15 C0 C2 C23 <wb> C38 C0 C1 <wb> C24 C0 C15 C0 C16 C23 <wb> C15 C0 C2 C23 <wb> C38 C0 C1 <wb> C0 C7 C0 C29 C31 C0 C38 C0 <wb> C15 C0 C2 C23 <wb> C22 C0 C27 C24 C0 <wb> C15 C0 C2 C23 <wb> C38 C0 C1 <wb> C30 C0 C17 C0 C17 C0 C1 <wb> C15 C0 C2 C23
hindi_female_005136|C37 C0 C11 <wb> C32 C0 C29 C0 C1 C30 C0 C7 C0 C16 <wb> C19 C0 C16 <wb> C37 C0 C29 C0 C31 C0 C13 C0 C1 C23 C35 C0 C26 C23 <wb> C19 C0 C11 <wb> C0 C24 C0 C36 C31 C0 C35 C0 C1 C24 C0 <wb> C22 C0 C11 C23 <wb> C0 C23 C19 C0 C16 C32 C0 <wb> C15 C0 C26 <wb> C13 C0 C38 C0 C11 <wb> C15 C0 C2 C23
hindi_female_005138|C11 C19 C0 <wb> C0 C24 C0 C36 C4 C0 C37 C0 <wb> C27 C29 C0 <wb> C11 C19 C0 <wb> C0 C37 C0 C8 C0 C1 C29 C0 C25 C0 C1 <wb> C19 C0 C11 <wb> C29 C0 C36 C28 C0 <wb> C22 C0 C11 C23 <wb> C1 C32 C0 C23 C19 C0 <wb> C19 C0 C11 <wb> C30 C0 C22 C0 C36 C5 C0 C11 <wb> C0 C29 C0 C33 C0 <wb> C19 C0 C26 <wb> C1 C32 C0 C23 C19 C0 C37 C0 C1 C7 C0 <wb> C22 C0 C11 C23 <wb> C24 C0 C16 C31 C0 C31 C0 C11 C31 C0 <wb> C19 C0 C29 C0 C32 C0 C1 <wb> C15 C0 C2
hindi_female_005141|C3 C0 C22 C0 <wb> C8 C0 C22 C0 C1 C19 C0 C26 C23 <wb> C27 C29 C0 <wb> C30 C0 C16 C29 C0 C16 C38 C0 C21 C0 <wb> C3 C0 C21 C0 C1 C30 C0 C34 C0 C30 C0 <wb> C19 C0 C11 <wb> C30 C0 C1 C33 C0 <wb> C15 C0 C22 C0 <wb> C22 C0 C24 C0 C36 C31 C0 C38 C0 <wb> C19 C0 C11 <wb> C16 C32 C0 C16 C15 C0 C1 C30 C0 <wb> C22 C0 C11 C23 <wb> C11 C19 C0 <wb> C24 C0 C38 C0 C11 <wb> C5 C0 C29 C0 C25 C0 <wb> C22 C0 C11 C23 <wb> C28 C0 C29 C0 C37 C0 C11 C31 C0 <wb> C19 C0 C29 C0 <wb> C13 C0 C38 C0 C11 <wb> C15 C0 C2 <wb> C15 C0 C22 C0 <wb> C11 C19 C0 <wb> C30 C0 C29 C0 C37 C0 C33 C0 C1 <wb> C24 C0 C38 C0 C11 <wb> C37 C0 C16 C19 C0 C34 C0 C16 C22 C0 <wb> C19 C0 C11 <wb> C30 C0 C22 C0 C36 C20 C0 <wb> C15 C0 C2 C23
hindi_female_005144|C38 C0 C7 C0 C16 <wb> C38 C0 C15 C0 <wb> C11 C19 C0 <wb> C29 C0 C2 C24 C0 C9 C0 C22 C0 <wb> C15 C0 C16 C23 C30 C0 C1 <wb> C15 C0 C26 <wb> C32 C0 C26 <wb> C28 C0 C29 C0 C32 C0 C16 <wb> C15 C0 C16 C23 C30 C0 C1 <wb> C19 C0 C26 <wb> C36 C5 C0 C16 C32 C0 <wb> C24 C0 C38 C0 C1 C38 C0 C26 C5 C0 C16 C32 C0 <wb> C3 C0 C24 C0 C1 <wb> C28 C0 C1 C24 C0 C1 <wb> C3 C0 C15 C0 C36 C32 C0 <wb> C22 C0 C36 C31 C0 C19 C0 C16 C21 C0 <wb> C15 C0 C2
hindi_female_005145|C2 C30 C0 C16 <wb> C15 C0 C16 C23 C30 C0 C1 <wb> C19 C0 C26 <wb> C17 C0 C16 C30 C0 C19 C0 C16 <wb> C19 C0 C26 C16 <wb> C24 C0 C30 C0 C21 C0 C16 C38 C0 <wb> C8 C0 C1 C29 C0 C22 C0 C16 C19 C0 <wb> C17 C0 C1 C32 C0 C16 C38 C0 <wb> C21 C0 C2 C23 C13 C0 C16 C19 C0 <wb> C37 C0 C16 C5 C0 C1 C29 C0 C8 C0 C1 C29 C0 C1 C32 C0 C22 C0 C19 C0 <wb> C37 C0 C29 C0 C13 C0 C16 C38 C0 <wb> C37 C0 C29 C0 C16 C38 C0 C32 C0 C1 C11 C23 <wb> C24 C0 C15 C0 C16 C23 <wb> C15 C0 C2 C23 <wb> C37 C0 C15 C0 <wb> C15 C0 C22 C0 C11 C23 <wb> C30 C0 C3 C0 C30 C0 C11 <wb> C37 C0 C16 C5 C0 C16 C32 C0 C29 C0 <wb> C0 C30 C0 C22 C0 C23 C17 C0 C30 C0 <wb> C22 C0 C11 C23 <wb> C9 C0 C1 C21 C0 C32 C0 C16 <wb> C15 C0 C2
hindi_female_005148|C19 C0 C16 C23 C32 C0 C36 <wb> C30 C0 C27 C4 C0 C1 C13 C0 C38 C0 <wb> C30 C0 C11 <wb> C16 C30 C0 <wb> C11 C19 C0 <wb> C30 C0 C4 C0 C38 C0 C32 C0 C1 <wb> C19 C0 C11 <wb> C4 C0 C16 C32 C0 C29 C0 <wb> C34 C0 C19 C0 C29 C0 C1 C37 C0 <wb> C11 C19 C0 <wb> C37 C0 C38 C0 C19 C0 C32 C0 C16 <wb> C30 C0 C22 C0 C36 C7 C0 C1 C38 C0 <wb> C30 C0 C23 C30 C0 C19 C0 C29 C32 C0 C16 <wb> C19 C0 C11 <wb> C15 C0 C16 C23 C30 C0 C19 C0 <wb> C1 C32 C0 C22 C0 <wb> C27 C29 C0 <wb> C0 C15 C0 C16 C23 C30 C0 C19 C0 <wb> C1 C32 C0 C22 C0 <wb> C19 C0 C11 <wb> C3 C0 C16 C5 C0 <wb> C34 C0 C19 C0 C29 C0 C1 C37 C0 <wb> C19 C0 C16 <wb> C32 C0 C29 C0 C15 C0 <wb> C28 C0 C10 C0 C24 C0 C11 <wb> C37 C0 C16 C31 C0 C21 C0 C11 C31 C0 C16 C32 C0 <wb> C19 C0 C29 C0 C24 C0 C11 <wb> C19 C0 C16 <wb> C19 C0 C26 C31 C0 C16 C31 C0 C11 C23 <wb> C4 C0 C16 <wb> C15 C0 C36 C16 <wb> C15 C0 C2 C23
hindi_female_005150|C17 C0 C3 C0 <wb> C28 C0 C21 C0 C1 C30 C0 C34 C0 C16 C19 C0 <wb> C19 C0 C1 <wb> C12 C0 C36 C21 C0 <wb> C3 C0 C24 C0 C1 C24 C0 C11 <wb> C19 C0 C26 <wb> C19 C0 C15 C0 C26 <wb> C32 C0 C26 <wb> C16 C23 C9 C0 C16 C38 C0 C1 <wb> C3 C0 C24 C0 C1 C32 C0 C1 <wb> C15 C0 C2 <wb> C19 C0 C11 C37 C0 C21 C0 <wb> C34 C0 C36 C33 C0 <wb> C3 C0 C29 C0 C31 C0
hindi_female_005168|C11 C19 C0 <wb> C2 C30 C0 C16 <wb> C4 C0 C38 C0 C23 C19 C0 C29 C0 <wb> C4 C0 C36 C21 C0 <wb> C17 C0 C16 C30 C0 C11 <wb> C0 C8 C0 C16 C19 C0 C1 C23 C31 C0 <wb> C36 C23 C14 C0 C32 C0 C11 <wb> C7 C0 C29 C0 C31 C0 C19 C0 <wb> C32 C0 C26 <wb> C31 C0 C1 C38 C0 C7 C0 <wb> C16 C13 C0 C24 C0 C26 C29 C0 <wb> C19 C0 C29 C0 <wb> C17 C0 C1 C32 C0 C11 <wb> C15 C0 C2 C23
hindi_female_005170|C31 C0 C24 C0 C16 C37 C0 C1 C29 C0 <wb> C19 C0 C26 <wb> C19 C0 C1 C22 C0 <wb> C24 C0 C16 C28 C0 C34 C0 C1 C24 C0 C11 <wb> C22 C0 C11 C23 <wb> C7 C0 C11 C29 C0 C16 <wb> C15 C0 C26 <wb> C17 C0 C1 C24 C0 C11 <wb> C19 C0 C11 <wb> C19 C0 C1 C29 C0 C25 C0 <wb> C22 C0 C24 C0 C16 C31 C0 C1 <wb> C19 C0 C1 C29 C0 C38 C0 C1 C21 C0 C38 C0 <wb> C22 C0 C11 C23 <wb> C0 C19 C0 C11 C21 C0 C16 <wb> C29 C0 C15 C0 <wb> C13 C0 C16 <wb> C33 C0 C16
hindi_female_005175|C17 C0 C15 C0 C1 C23 <wb> C32 C0 C19 C0 <wb> C21 C0 C16 C24 C0 C19 C0 C30 C0 <wb> C19 C0 C1 <wb> C30 C0 C37 C0 C1 C21 C0 <wb> C33 C0 C1 <wb> C21 C0 C16 C24 C0 C19 C0 C30 C0 <wb> C19 C0 C1 <wb> C28 C0 C29 C0 C38 C0 C26 C13 C0 <wb> C4 C0 C16 <wb> C20 C0 C36 C3 C0 <wb> C19 C0 C16 C38 C0 C1 <wb> C13 C0 C38 C0 C1 <wb> C21 C0 C11 C19 C0 C16 C24 C0 <wb> C16 C30 C0 C19 C0 C1 <wb> C36 C28 C0 C38 C0 C26 C13 C0 <wb> C0 C8 C0 C16 C19 C0 C32 C0 C29 C0 <wb> C30 C0 C29 C0 C37 C0 C29 C0 <wb> C28 C0 C29 C0 <wb> C15 C0 C16 <wb> C19 C0 C16 C38 C0 C1 <wb> C9 C0 C11 C30 C0 C19 C0 <wb> C34 C0 C1 C28 C0 <wb> C28 C0 C29 C0 <wb> C24 C0 C15 C0 C16 C23
hindi_female_005176|C15 C0 C22 C0 <wb> C21 C0 C26 C13 C0 <wb> C19 C0 C1 C22 C0 <wb> C19 C0 C29 C0 C32 C0 C11 <wb> C33 C0 C11 <wb> C32 C0 C26 <wb> C38 C0 C36 C24 C0 C16 C19 C0 C30 C0 <wb> C28 C0 C29 C0 <wb> C15 C0 C1 C33 C0 <wb> C30 C0 C1 C12 C0 <wb> C33 C0 C1
hindi_female_005178|C28 C0 C36 C29 C0 C1 <wb> C19 C0 C1 <wb> C28 C0 C36 C29 C0 C1 <wb> C22 C0 C11 C21 C0 <wb> C30 C0 C16 C30 C0 C34 C0 C22 C0 <wb> C21 C0 C16 C24 C0 C19 C0 C30 C0 <wb> C28 C0 C29 C0 <wb> C3 C0 C7 C0 C21 C0 C1
hindi_female_005180|C38 C0 C11 <wb> C30 C0 C22 C0 C28 C0 C1 C7 C0 C19 C0 C16 C38 C0 <wb> C2 C30 C0 C16 <wb> C30 C0 C1 C22 C0 C1 C17 C0 C16 C19 C0 <wb> C37 C0 C2 C38 C0 C19 C0 C32 C0 C16 C19 C0 <wb> C22 C0 C15 C0 C1 C32 C0 C37 C0 C19 C0 C1 C23 C19 C0 C31 C0 C1 C26 C23 <wb> C30 C0 C11 <wb> C21 C0 C3 C0 C29 C0 C11 C17 C0 <wb> C15 C0 C26 C32 C0 C11 <wb> C15 C0 C2 C23 <wb> C19 C0 C16 <wb> C15 C0 C22 C0 C11 C23 <wb> C0 C28 C0 C24 C0 C11 <wb> C30 C0 C1 C33 C0 <wb> C13 C0 C16 C29 C0 C1 <wb> C21 C0 C11 C32 C0 C11 <wb> C15 C0 C2 C23
hindi_female_005189|C15 C0 C16 C24 C0 C7 C0 C16 <wb> C22 C0 C11 C23 <wb> C30 C0 C3 C0 <wb> C19 C0 C37 C0 C16 C38 C0 C26 C23 <wb> C19 C0 C16 <wb> C28 C0 C36 C30 C0 C32 C0 C19 C0 C11 C23 <wb> C32 C0 C16 C24 C0 <wb> C30 C0 C27 <wb> C5 C0 C1 C29 C0 <wb> C30 C0 C27 <wb> C6 C0 C28 C0 C32 C0 C16 <wb> C15 C0 C2 C23 <wb> C28 C0 C29 C0 <wb> C15 C0 C16 C24 C0 C7 C0 C16 <wb> C22 C0 C11 C23 <wb> C15 C0 C29 C0 <wb> C37 C0 C29 C0 C31 C0 <wb> C5 C0 C1 C29 C0 <wb> C30 C0 C27 <wb> C30 C0 C11 <wb> C15 C0 C17 C0 C1 C29 C0 <wb> C19 C0 C1 C37 C0 C38 C0 <wb> C28 C0 C36 C30 C0 C32 C0 C19 C0 C11 C23 <wb> C6 C0 C28 C0 C32 C0 C16 <wb> C15 C0 C2 C23
hindi_female_005190|C28 C0 C29 C0 <wb> C22 C0 C24 C0 <wb> C22 C0 C11 <wb> C6 C0 C1 C21 C0 C11 <wb> C15 C0 C2 C23 <wb> C19 C0 C16 <wb> C30 C0 C36 C20 C0 C32 C0 C11 <wb> C24 C0 C15 C0 C16 C23 <wb> C3 C0 C21 C0 C19 C0 C16 <wb> C3 C0 C1 C29 C0 <wb> C3 C0 C1 C29 C0 <wb> C12 C0 C36 C34 C0 <wb> C19 C0 C29 C0 <wb> C36 C30 C0 C11 <wb> C1 C15 C0 C32 C0 <wb> C19 C0 C29 C0 C32 C0 C11 <wb> C15 C0 C2 C23 <wb> C36 C30 C0 C19 C0 C1 <wb> C19 C0 C38 C0 C1 <wb> C13 C0 C36 C24 C0 C1 C15 C0 <wb> C33 C0 C1
hindi_female_005194|C7 C0 C11 C20 C0 C24 C0 C11 <wb> C7 C0 C16 C20 C0 C1 C24 C0 C11 <wb> C19 C0 C16 <wb> C29 C0 C30 C0 C22 C0 <wb> C19 C0 C11 <wb> C3 C0 C1 C7 C0 <wb> C30 C0 C3 C0 C19 C0 C11 <wb> C19 C0 C15 C0 C24 C0 C11 <wb> C28 C0 C29 C0 <wb> C11 C19 C0 C1 C23 C32 C0 <wb> C22 C0 C11 C23 <wb> C36 C30 C0 C24 C0 C11 <wb> C11 C19 C0 <wb> C30 C0 C23 C19 C0 C31 C0 C16 C28 C0 C32 C0 <wb> C3 C0 C1 C32 C0 <wb> C19 C0 C16 <wb> C27 C29 C0 <wb> C37 C0 C15 C0 <wb> C0 C5 C0 C1 C24 C0 C19 C0 <wb> C36 C35 C0 <wb> C19 C0 C29 C0 <wb> C5 C0 C21 C0 C16 <wb> C13 C0 C16 <wb> C32 C0 C3 C0 <wb> C36 C30 C0 C11 <wb> C21 C0 C13 C0 C1 <wb> C33 C0 C1 <wb> C19 C0 C16 <wb> C31 C0 C29 C0 C22 C0 C1 <wb> C29 C0 C15 C0 C16 <wb> C15 C0 C26 C13 C0 C16
hindi_female_005196|C22 C0 C36 C18 C0 C11 <wb> C6 C0 C36 C24 C0 C1 <wb> C22 C0 C32 C0 <wb> C38 C0 C15 C0 <wb> C31 C0 C1 C7 C0 C16 <wb> C24 C0 C15 C0 C16 C23 <wb> C15 C0 C2 <wb> C0 C37 C0 C16 C24 C0 C1 C31 C0 <wb> C30 C0 C22 C0 C18 C0 C27 C32 C0 C1 <wb> C15 C0 C2
hindi_female_005197|C37 C0 C15 C0 <wb> C30 C0 C36 C24 C0 C7 C0 C29 C0 <wb> C5 C0 C11 C15 C0 C29 C0 C1 <wb> C37 C0 C16 C32 C0 C29 C31 C0 C25 C0 C1 <wb> C30 C0 C11 <wb> C4 C0 C29 C0 <wb> C13 C0 C38 C0 C1 <wb> C33 C0 C1
hindi_female_005198|C36 C30 C0 C19 C0 C11 <wb> C3 C0 C1 C7 C0 <wb> C17 C0 C3 C0 <wb> C37 C0 C15 C0 <wb> C0 C13 C0 C21 C0 C11 <wb> C7 C0 C16 C24 C0 <wb> C22 C0 C1 C38 C0 C19 C0 C11 <wb> C13 C0 C16 <wb> C32 C0 C26 <wb> C36 C30 C0 C19 C0 C16 <wb> C17 C0 C13 C0 C15 C0 <wb> C21 C0 C27 C34 C0 <wb> C19 C0 C29 C0 <wb> C37 C0 C16 C37 C0 C1 C15 C0 <wb> C19 C0 C26 <wb> C31 C0 C36 C24 C0 C38 C0 <wb> C30 C0 C1 C3 C0 C16 C32 C0 <wb> C19 C0 C29 C0 C24 C0 C11 <wb> C19 C0 C11 <wb> C21 C0 C16 C38 C0 C11 <wb> C36 C30 C0 C19 C0 C11 <wb> C37 C0 C19 C0 C16 C21 C0 <wb> C19 C0 C1 <wb> C24 C0 C26 C34 C0 C16 C30 C0 <wb> C1 C38 C0 C1 <wb> C17 C0 C16 C30 C0 C22 C0 C11 C23 <wb> C1 C29 C0 C26 C28 C0 <wb> C33 C0 C1 <wb> C19 C0 C16 <wb> C37 C0 C15 C0 <wb> C24 C0 C28 C0 C36 C23 C30 C0 C19 C0 <wb> C15 C0 C2 <wb> C27 C29 C0 <wb> C37 C0 C16 C37 C0 C1 C15 C0 <wb> C19 C0 C11 <wb> C38 C0 C26 C13 C0 C38 C0 <wb> C24 C0 C15 C0 C16 C23
hindi_female_005201|C28 C0 C29 C0 <wb> C0 C3 C0 <wb> C22 C0 C1 C23 <wb> C19 C0 C16 <wb> C0 C30 C0 C37 C0 C30 C0 C33 C0 C32 C0 C1 <wb> C19 C0 C16 <wb> C37 C0 C17 C0 C15 C0 <wb> C30 C0 C11 <wb> C36 C30 C0 C11 <wb> C17 C0 C26 C8 C0 C28 C0 C36 C29 C0 <wb> C28 C0 C26 C30 C0 C34 C0 C16 C23 C13 C0 <wb> C19 C0 C29 C0 C37 C0 C1 C24 C0 C16 <wb> C28 C0 C9 C0 C16
hindi_female_005202|C28 C0 C16 C6 C0 C21 C0 C11 <wb> C19 C0 C16 <wb> C7 C0 C16 C24 C0 C26 C23 <wb> C30 C0 C11 <wb> C38 C0 C15 C0 <wb> C22 C0 C1 C36 C23 C34 C0 <wb> C1 C3 C0 C36 <wb> C28 C0 C29 C0 C19 C0 C29 C0 C25 C0 <wb> C22 C0 C1 C23 <wb> C27 C29 C0 <wb> C22 C0 C1 C22 C0 C1 <wb> C5 C0 C21 C0 C1 C11 <wb> C17 C0 C1 <wb> C29 C0 C15 C0 C11 <wb> C33 C0 C11
hindi_female_005203|C16 C30 C0 <wb> C3 C0 C1 C29 C0 <wb> C22 C0 C1 C22 C0 C1 <wb> C6 C0 C1 C6 C0 <wb> C4 C0 C16 <wb> C12 C0 C36 C23 C19 C0 <wb> C12 C0 C36 C23 C19 C0 <wb> C19 C0 C29 C0 <wb> C28 C0 C16 C24 C0 C1 <wb> C5 C0 C1 C15 C0 C32 C0 C11 <wb> C33 C0 C11 <wb> C30 C0 C26 <wb> C37 C0 C15 C0 <wb> C36 C30 C0 C11 <wb> C21 C0 C9 C0 C19 C0 C16 <wb> C27 C29 C0 <wb> C36 C30 C0 <wb> C19 C0 C11 <wb> C28 C0 C29 C0 C16 C37 C0 C1 C29 C0 <wb> C19 C0 C11 <wb> C30 C0 C1 C33 C0 <wb> C28 C0 C36 C29 C0 C11 <wb> C28 C0 C24 C0 C7 C0 C29 C0 C15 C0 <wb> C3 C0 C16 C30 C0 <wb> C7 C0 C16 C24 C0 <wb> C6 C0 C26 C9 C0 C24 C0 C1 <wb> C5 C0 C1 C15 C0 <wb> C29 C0 C15 C0 C11 <wb> C33 C0 C11
hindi_female_005204|C3 C0 C29 C0 C16 C13 C0 C11 C9 C0 C16 C38 C0 C29 C0 <wb> C30 C0 C16 C24 C0 C15 C0 C1 <wb> C22 C0 C1 C22 C0 C1 <wb> C19 C0 C11 <wb> C19 C0 C21 C0 C16 C13 C0 <wb> C29 C0 C15 C0 <wb> C5 C0 C36 C19 C0 C11 <wb> C15 C0 C2 C23 <wb> C36 C24 C0 C19 C0 C16 <wb> C11 C19 C0 <wb> C3 C0 C15 C0 C24 C0 <wb> C15 C0 C2 <wb> C0 C37 C0 C16 C37 C0 C1 C15 C0 C16 C32 C0 <wb> C36 C30 C0 C24 C0 C11 <wb> C4 C0 C16 <wb> C19 C0 C16 C24 C0 C15 C0 C16 C23 <wb> C19 C0 C1 C29 C0 C25 C0 C26 C23 <wb> C30 C0 C11 <wb> C31 C0 C1 C7 C0 C16 <wb> C24 C0 C15 C0 C16 C23 <wb> C19 C0 C16
hindi_female_005210|C37 C0 C15 C0 <wb> C36 C30 C0 <wb> C3 C0 C11 C3 C0 C1 C19 C0 <wb> C24 C0 C16 C31 C0 C6 C0 C21 C0 <wb> C22 C0 C36 C30 C0 C19 C0 C1 C24 C0 <wb> C28 C0 C29 C0 <wb> C17 C0 C37 C0 C1 C3 C0 <wb> C22 C0 C11 C23 <wb> C22 C0 C36 C30 C0 C19 C0 C36 C29 C0 C1 C11 <wb> C3 C0 C16 C24 C0 C1 <wb> C24 C0 C15 C0 C16 C23 <wb> C29 C0 C15 C0 <wb> C28 C0 C1 C32 C0 C1
hindi_female_005214|C37 C0 C15 C0 <wb> C3 C0 C30 C0 <wb> C0 C28 C0 C24 C0 C16 <wb> C24 C0 C27 C19 C0 C29 C0 C16 <wb> C19 C0 C11 <wb> C3 C0 C16 C30 C0 <wb> C30 C0 C1 C21 C0 <wb> C28 C0 C36 C29 C0 C11 <wb> C19 C0 C29 C0 C32 C0 C11 <wb> C15 C0 C16 <wb> C0 C3 C0 C29 C0 C26 C9 C0 <wb> C5 C0 C21 C0 C1 <wb> C17 C0 C1 C11 C13 C0 C1
hindi_female_005222|C32 C0 C36 C22 C0 <wb> C15 C0 C22 C0 C1 C29 C0 C11 <wb> C22 C0 C11 C15 C0 C22 C0 C1 C24 C0 <wb> C15 C0 C26 <wb> C1 C20 C0 C16 C29 C0 <wb> C29 C0 C1 C22 C0 C30 C0 C16 C23 C13 C0 <wb> C30 C0 C1 C22 C0 C1 C24 C0 <wb> C13 C0 C1 C9 C0 C16 <wb> C22 C0 C11 C23 <wb> C29 C0 C20 C0 C26
hindi_female_005227|C0 C24 C0 C7 C0 C29 C0 <wb> C28 C0 C26 C15 C0 C23 C5 C0 <wb> C19 C0 C29 C0 <wb> C29 C0 C1 C22 C0 C30 C0 C16 C23 C13 C0 <wb> C19 C0 C26 <wb> C36 C24 C0 C19 C0 C1 <wb> C30 C0 C1 C22 C0 C1 C24 C0 <wb> C13 C0 C11 C30 C0 C34 C0 C29 C0 C36 C22 C0 <wb> C22 C0 C11 C23 <wb> C29 C0 C20 C0 C24 C0 C11 <wb> C19 C0 C1 <wb> C1 C7 C0 C11 C31 C0 <wb> C7 C0 C11 C19 C0 C29 C0 <wb> C36 C30 C0 C11 <wb> C15 C0 C1 C21 C0 C24 C0 C36 C22 C0 C1 <wb> C9 C0 C29 C0 C26 C16 C23 C13 C0 <wb> C29 C0 C36 C22 C0 <wb> C22 C0 C11 C23 <wb> C3 C0 C16 C35 C0 C1 <wb> C19 C0 C29 C0 <wb> C37 C0 C11 <wb> C0 C24 C0 C7 C0 C29 C0 <wb> C19 C0 C15 C0 C16 C23 <wb> C13 C0 C1 C38 C0 C3 C0 <wb> C15 C0 C26 <wb> C13 C0 C38 C0 C11
hindi_female_005229|C0 C37 C0 C16 C24 C0 C1 C31 C0 <wb> C38 C0 C11 <wb> C22 C0 C11 C29 C0 C16 <wb> C3 C0 C11 C34 C0 C16 <wb> C24 C0 C16 C21 C0 C1 C23 C17 C0 C24 C0 C1 <wb> C15 C0 C2
hindi_female_005236|C28 C0 C36 C29 C0 C1 <wb> C14 C0 C36 C22 C0 C14 C0 C1 C22 C0 <wb> C19 C0 C29 C0 <wb> C7 C0 C11 C20 C0 <wb> C19 C0 C29 C0 <wb> C36 C30 C0 C11 <wb> C38 C0 C1 C7 C0 <wb> C1 C38 C0 C1 <wb> C7 C0 C30 C0 <wb> C3 C0 C17 C0 C11 <wb> C9 C0 C16 C24 C0 C29 C0 <wb> C19 C0 C11 <wb> C21 C0 C16 C38 C0 C11 <wb> C24 C0 C16 C5 C0 C11 <wb> C36 C32 C0 C29 C0 C24 C0 C1 <wb> C15 C0 C2
hindi_female_005237|C0 C37 C0 C16 C24 C0 C1 C31 C0 <wb> C0 C23 C17 C0 C24 C0 C1 <wb> C22 C0 C11 C29 C0 C16 <wb> C37 C0 C1 C16 C12 C0 <wb> C30 C0 C11 <wb> C32 C0 C36 C22 C0 <wb> C22 C0 C16 C21 C0 <wb> C5 C0 C36 C19 C0 C11 <wb> C15 C0 C26
hindi_female_005239|C22 C0 C38 C0 C23 C19 C0 <wb> C22 C0 C11 C29 C0 C1 <wb> C3 C0 C11 C34 C0 C1 <wb> C1 C16 <wb> C1 C16 <wb> C34 C0 C16 <wb> C3 C0 C22 C0 C3 C0 C11 <wb> C30 C0 C11 <wb> C16 C21 C0 C11 C19 C0 C34 C0 C29 C0 C1 C24 C0 C16 C19 C0 C30 C0 <wb> C22 C0 C11 C23 <wb> C16 C23 C17 C0 C16 C24 C0 C16 C38 C0 C29 C0 C16 C23 C13 C0 <wb> C19 C0 C29 C0 <wb> C29 C0 C15 C0 C1 <wb> C15 C0 C2
hindi_female_005242|C27 C28 C0 C5 C0 C1 C29 C0 C16 C19 C0 <wb> C0 C4 C0 C16 C37 C0 C1 C7 C0 C24 C0 <wb> C19 C0 C11 <wb> C3 C0 C1 C7 C0 <wb> C15 C0 C21 C0 C19 C0 C11 <wb> C12 C0 C36 C21 C0 C19 C0 C11 <wb> C9 C0 C29 C0 C16 C23 C19 C0 C30 C0 <wb> C30 C0 C36 C28 C0 <wb> C19 C0 C11 <wb> C30 C0 C1 C33 C0 <wb> C27 C28 C0 C5 C0 C1 C29 C0 C16 C19 C0 <wb> C3 C0 C1 C32 C0 C5 C0 C16 C32 C0 <wb> C15 C0 C26 C24 C0 C11 <wb> C21 C0 C13 C0 C16
hindi_female_005244|C4 C0 C29 C0 C11 <wb> C30 C0 C1 C24 C0 C36 C28 C0 C1 C32 C0 C16 C19 C0 <wb> C17 C0 C16 C30 C0 C22 C0 <wb> C28 C0 C29 C0 <wb> C3 C0 C1 C34 C0 C16 C19 C0 <wb> C28 C0 C29 C0 C16 C24 C0 C34 C0 <wb> C19 C0 C1 <wb> C4 C0 C29 C0 C1 <wb> C19 C0 C36 C29 C0 C32 C0 C1 <wb> C27 C29 C0 <wb> C17 C0 C16 C24 C0 C30 C0 <wb> C14 C0 C24 C0 C11 <wb> C19 C0 C1 C21 C0 C11 <wb> C21 C0 C22 C0 C3 C0 C11 <wb> C3 C0 C1 C21 C0 C26 C23 <wb> C19 C0 C26 <wb> C1 C19 C0 C29 C0 C31 C0 C19 C0 <wb> C22 C0 C13 C0 C29 C0 <wb> C3 C0 C11 C32 C0 C29 C0 C32 C0 C16 C3 C0 <wb> C17 C0 C36 C9 C0 C11 <wb> C22 C0 C11 C23 <wb> C21 C0 C28 C0 C11 C34 C0 C1 <wb> C15 C0 C36 C1
hindi_female_005245|C3 C0 C1 C32 C0 <wb> C19 C0 C29 C0 C24 C0 C11 <wb> C19 C0 C11 <wb> C10 C0 C23 C13 C0 <wb> C27 C29 C0 <wb> C31 C0 C3 C0 C7 C0 C26 C23 <wb> C19 C0 C11 <wb> C5 C0 C38 C0 C24 C0 <wb> C30 C0 C11 <wb> C21 C0 C13 C0 C32 C0 C1 <wb> C15 C0 C2 <wb> C19 C0 C16 <wb> C3 C0 C36 C8 C0 C7 C0 C16 C17 C0 C16 C37 C0 C16 <wb> C27 C29 C0 <wb> C19 C0 C21 C0 C1 C19 C0 C1 C29 C0 <wb> C3 C0 C1 C32 C0 <wb> C19 C0 C29 C0 <wb> C29 C0 C15 C0 C1 <wb> C15 C0 C2
hindi_female_005250|C30 C0 C36 C8 C0 C1 <wb> C30 C0 C5 C0 C22 C0 C36 C5 C0 <wb> C11 C19 C0 <wb> C28 C0 C11 C24 C0 C34 C0 C16 C23 C13 C0 <wb> C22 C0 C11 C23 <wb> C37 C0 C38 C0 C30 C0 C32 C0 <wb> C33 C0 C16 <wb> C37 C0 C15 C0 <wb> C28 C0 C16 C6 C0 C11 <wb> C17 C0 C1 C19 C0 C29 C0 <wb> C20 C0 C9 C0 C1 <wb> C15 C0 C26 <wb> C13 C0 C38 C0 C1
hindi_female_005252|C38 C0 C15 C0 <wb> C0 C34 C0 C19 C0 C16 <wb> C15 C0 C36 C16 <wb> C15 C0 C2 <wb> C7 C0 C29 C0 C0 C30 C0 C21 C0 <wb> C3 C0 C22 C0 C3 C0 C11 <wb> C15 C0 C26 C32 C0 C16 <wb> C32 C0 C26 <wb> C28 C0 C36 C29 C0 C1 <wb> C15 C0 C26 <wb> C17 C0 C1 C32 C0 C16 <wb> C16 C30 C0 C11 <wb> C24 C0 C16 C21 C0 C1 <wb> C21 C0 C11 <wb> C24 C0 C15 C0 C16 C23 <wb> C17 C0 C1 C24 C0 C11 <wb> C7 C0 C11 C32 C0 C16 <wb> C15 C0 C2
hindi_female_005254|C36 C30 C0 C24 C0 C11 <wb> C28 C0 C11 C24 C0 C34 C0 C16 C23 C13 C0 <wb> C19 C0 C26 <wb> C8 C0 C38 C0 C1 C24 C0 <wb> C30 C0 C11 <wb> C7 C0 C11 C20 C0 C1 <wb> C36 C30 C0 C11 <wb> C37 C0 C15 C0 <wb> C24 C0 C16 C21 C0 C1 <wb> C19 C0 C16 <wb> C28 C0 C26 C29 C0 C34 C0 C29 C0 C11 C34 C0 <wb> C21 C0 C13 C0 C16
hindi_female_005257|C3 C0 C29 C0 C16 C13 C0 C11 C9 C0 C16 C38 C0 C29 C0 <wb> C30 C0 C16 C24 C0 C15 C0 C1 <wb> C24 C0 C11 <wb> C19 C0 C31 C0 C22 C0 C16 C29 C0 <wb> C22 C0 C30 C0 C21 C0 C11 <wb> C28 C0 C29 C0 <wb> C3 C0 C1 C32 C0 <wb> C6 C0 C11 C9 C0 <wb> C7 C0 C16 <wb> C32 C0 C26 <wb> C37 C0 C15 C0 <wb> C5 C0 C29 C0 C5 C0 C1 <wb> C7 C0 C11 C29 C0 <wb> C32 C0 C19 C0 <wb> C5 C0 C21 C0 C32 C0 C16 <wb> C29 C0 C15 C0 C16
hindi_female_005258|C0 C3 C0 <wb> C32 C0 C36 C22 C0 <wb> C7 C0 C26 C24 C0 C26 C23 <wb> C19 C0 C26 <wb> C15 C0 C16 <wb> C37 C0 C16 C37 C0 C1 C15 C0 <wb> C19 C0 C26 <wb> C21 C0 C11 C19 C0 C29 C0 <wb> C24 C0 C16 C29 C0 C25 C0 C38 C0 <wb> C21 C0 C11 <wb> C21 C0 C11 C24 C0 C1 <wb> C5 C0 C1 C15 C0 C16 C38 C0 C11
hindi_female_005259|C38 C0 C15 C0 <wb> C30 C0 C22 C0 C18 C0 <wb> C21 C0 C26 <wb> C38 C0 C15 C0 <wb> C1 C20 C0 C29 C0 C16 <wb> C13 C0 C1 C9 C0 C16 <wb> C15 C0 C2 <wb> C36 C30 C0 C19 C0 C11 <wb> C3 C0 C1 C7 C0 <wb> C38 C0 C1 <wb> C32 C0 C26 <wb> C30 C0 C12 C0 C29 C0 <wb> C34 C0 C1 C21 C0 <wb> C7 C0 C26 <wb> C38 C0 C1 <wb> C16 C30 C0 C16 <wb> C22 C0 C11 C23 <wb> C5 C0 C10 C0 <wb> C17 C0 C1 C26 <wb> C17 C0 C16
hindi_female_005261|C30 C0 C21 C0 C37 C0 C1 C29 C0 <wb> C19 C0 C36 C29 C0 C32 C0 C11 <wb> C22 C0 C11 C23 <wb> C24 C0 C16 C21 C0 C1 <wb> C3 C0 C9 C0 C16 <wb> C3 C0 C9 C0 C16 <wb> C21 C0 C13 C0 C16
hindi_female_005264|C36 C30 C0 C24 C0 C11 <wb> C24 C0 C16 C21 C0 C1 <wb> C19 C0 C26 <wb> C30 C0 C1 C33 C0 <wb> C21 C0 C11 <wb> C15 C0 C16 <wb> C21 C0 C16 C38 C0 C1 <wb> C30 C0 C36 C8 C0 C1 <wb> C24 C0 C11 <wb> C4 C0 C16 <wb> C28 C0 C2 C29 C0 C37 C0 C16 <wb> C19 C0 C16 <wb> C19 C0 C38 C0 C26 C23 C19 C0 C16 <wb> C7 C0 C26 C24 C0 C26 C23 <wb> C15 C0 C16 <wb> C34 C0 C1 C21 C0 <wb> C29 C0 C15 C0 C11 <wb> C33 C0 C11 <wb> C11 C19 C0 C1 C24 C0 C32 C0 <wb> C19 C0 C1 <wb> C30 C0 C1 C33 C0
hindi_female_005266|C37 C0 C15 C0 <wb> C4 C0 C16 <wb> C31 C0 C1 C38 C0 C7 C0 <wb> C38 C0 C15 C0 C16 <wb> C30 C0 C26 C5 C0 <wb> C29 C0 C15 C0 C16 <wb> C15 C0 C26 C13 C0 C16 <wb> C0 C28 C0 C24 C0 C16 <wb> C0 C28 C0 C24 C0 C16 <wb> C1 C17 C0 C1 C7 C0 C16 C38 C0 C26 C23 <wb> C19 C0 C16 <wb> C21 C0 C32 C0 <wb> C21 C0 C13 C0 <wb> C13 C0 C16 <wb> C15 C0 C2 <wb> C15 C0 C22 C0 C11 C23
hindi_female_005267|C36 C22 C0 C29 C0 <wb> C19 C0 C26 C16 <wb> C22 C0 C1 C38 C0 C24 C0 C11 <wb> C24 C0 C15 C0 C16 C23 <wb> C29 C0 C20 C0 C32 C0 C16 <wb> C19 C0 C38 C0 C1 <wb> C36 C30 C0 C19 C0 C11 <wb> C19 C0 C16 <wb> C0 C5 C0 C6 C0 C11 <wb> C7 C0 C26 C30 C0 C32 C0 <wb> C36 C30 C0 C30 C0 C11 <wb> C3 C0 C9 C0 C11 <wb> C24 C0 C15 C0 C16 <wb> C28 C0 C29 C0 <wb> C12 C0 C16 C29 C0 <wb> C4 C0 C16 <wb> C0 C4 C0 C16 <wb> C37 C0 C15 C0 <wb> C15 C0 C1 C23 <wb> C24 C0 C15 C0 C16 C23 <wb> C19 C0 C29 C0 <wb> C30 C0 C19 C0 C11 C13 C0 C1
hindi_female_005268|C24 C0 C16 C21 C0 C1 <wb> C24 C0 C11 <wb> C1 C19 C0 C29 C0 <wb> C15 C0 C1 C33 C0 <wb> C28 C0 C19 C0 C9 C0 <wb> C21 C0 C16 C38 C0 C1 <wb> C11 C19 C0 <wb> C36 C31 C0 C25 C0 <wb> C27 C29 C0 <wb> C36 C32 C0 C30 C0 C1 C15 C0 <wb> C30 C0 C11 <wb> C4 C0 C29 C0 C1 <wb> C30 C0 C28 C0 C29 C0 C31 C0
hindi_female_005272|C13 C0 C21 C0 C32 C0 <wb> C12 C0 C15 C0 C22 C0 C16 <wb> C22 C0 C11 C23 <wb> C22 C0 C32 C0 <wb> C29 C0 C15 C0 C16 C38 C0 C11 C13 C0 C1 <wb> C22 C0 C11 C29 C0 C16 <wb> C3 C0 C36 C1 <wb> C15 C0 C16 <wb> C30 C0 C3 C0 C19 C0 C26 <wb> C29 C0 C16 C17 C0 C11 C19 C0 C34 C0 <wb> C19 C0 C29 C0 C32 C0 C16 <wb> C15 C0 C2 <wb> C37 C0 C29 C0 C24 C0 C1 <wb> C19 C0 C3 C0 <wb> C30 C0 C11 <wb> C31 C0 C1 C7 C0 C16 <wb> C15 C0 C26 <wb> C17 C0 C1 C32 C0 C16
hindi_female_005276|C0 C37 C0 C16 C24 C0 C1 C31 C0 <wb> C17 C0 C16 <wb> C30 C0 C24 C0 <wb> C30 C0 C11 C34 C0 <wb> C19 C0 C11 <wb> C37 C0 C19 C0 C32 C0 <wb> C30 C0 C3 C0 C19 C0 C16 <wb> C1 C23 C20 C0 C26 C23 <wb> C19 C0 C1 <wb> C29 C0 C23 C13 C0 <wb> C3 C0 C7 C0 C21 C0 <wb> C17 C0 C1 C32 C0 C1 <wb> C15 C0 C2 <wb> C7 C0 C11 C20 C0 C26 <wb> C1 C28 C0 C19 C0 C16 <wb> C27 C29 C0 <wb> C22 C0 C11 C29 C0 C16
hindi_female_005278|C15 C0 C37 C0 C1 <wb> C22 C0 C11 C23 <wb> C36 C9 C0 C32 C0 C1 <wb> C36 C30 C0 C19 C0 C1 <wb> C21 C0 C2 C30 C0 <wb> C37 C0 C1 C21 C0 C1 <wb> C19 C0 C21 C0 C29 C0 <wb> C0 C37 C0 C16 C24 C0 C1 C31 C0 C17 C0 C16 <wb> C19 C0 C38 C0 C1 <wb> C7 C0 C11 C20 C0 <wb> C29 C0 C15 C0 C11 <wb> C33 C0 C11 <wb> C38 C0 C15 C0 C16 <wb> C19 C0 C16 <wb> C32 C0 C36 C22 C0 <wb> C3 C0 C15 C0 C36 C32 C0 <wb> C30 C0 C36 C24 C0 C7 C0 C29 C0 <wb> C15 C0 C26
hindi_female_005279|C28 C0 C29 C0 C19 C0 C29 C32 C0 C16 <wb> C22 C0 C11 C23 <wb> C15 C0 C29 C0 <wb> C5 C0 C16 C17 C0 <wb> C30 C0 C36 C24 C0 C7 C0 C29 C0 <wb> C15 C0 C2 <wb> C22 C0 C36 C18 C0 C11 <wb> C32 C0 C26 <wb> C15 C0 C29 C0 <wb> C5 C0 C16 C17 C0 <wb> C30 C0 C36 C24 C0 C7 C0 C29 C0 <wb> C21 C0 C13 C0 C32 C0 C16 <wb> C15 C0 C2
hindi_female_005290|C31 C0 C1 C30 C0 C24 C0 <wb> C19 C0 C1 <wb> C19 C0 C1 C22 C0 C19 C0 C1 C17 C0 <wb> C30 C0 C36 C5 C0 C1 C29 C0 C36 <wb> C29 C0 C36 C28 C0 <wb> C30 C0 C11 <wb> C5 C0 C21 C0 <wb> C29 C0 C15 C0 C1 <wb> C33 C0 C1
hindi_female_005297|C33 C0 C26 C9 C0 C16 <wb> C3 C0 C15 C0 C36 C32 C0 <wb> C3 C0 C1 C32 C0 C11 C23 <wb> C15 C0 C36 C38 C0 C16 C23 <wb> C28 C0 C29 C0 <wb> C11 C19 C0 <wb> C5 C0 C36 C4 C0 C24 C0 <wb> C30 C0 C16 <wb> C7 C0 C26 C24 C0 C26 C23 <wb> C19 C0 C26 <wb> C15 C0 C16 <wb> C34 C0 C16 C30 C0 <wb> C29 C0 C15 C0 C16 <wb> C33 C0 C16 <wb> C17 C0 C26 <wb> C0 C37 C0 C38 C0 C19 C0 C32 C0 <wb> C15 C0 C26 C32 C0 C11 <wb> C15 C0 C36 C11 <wb> C4 C0 C16 <wb> C30 C0 C28 C0 C31 C0 C34 C0 <wb> C33 C0 C1
hindi_female_005299|C14 C0 C36 C34 C0 C24 C0 <wb> C30 C0 C16 C22 C0 C1 C11 C23 <wb> C21 C0 C1 C23 C14 C0 C24 C0 C11 <wb> C19 C0 C26 <wb> C3 C0 C11 C32 C0 C1 C3 C0 <wb> C33 C0 C16
hindi_female_005302|C0 C32 C0 C15 <wb> C1 C28 C0 <wb> C21 C0 C26 C13 C0 C26 C23 <wb> C19 C0 C11 <wb> C16 C30 C0 <wb> C28 C0 C29 C0 C11 C22 C0 <wb> C22 C0 C11 C23 <wb> C2 C30 C0 C16 <wb> C15 C0 C16 <wb> C7 C0 C22 C0 C16 C32 C0 <wb> C7 C0 C36 C29 C0 C4 C0 C1 C37 C0 C24 C0 C1 <wb> C30 C0 C22 C0 C1 C37 C0 C16 C31 C0 C34 C0 <wb> C15 C0 C26 <wb> C13 C0 C38 C0 C16 <wb> C15 C0 C2 <wb> C17 C0 C16 C30 C0 <wb> C19 C0 C1 C29 C0 C25 C0 <wb> C1 C28 C0 C19 C0 C11 <wb> C16 C30 C0 <wb> C28 C0 C29 C0 C13 C0 C1 C10 C0 <wb> C28 C0 C29 C0 C11 C22 C0 <wb> C22 C0 C11 C23 <wb> C4 C0 C16 <wb> C0 C24 C0 C32 C0 C29 C0 C37 C0 C11 C7 C0 C24 C0 C1 <wb> C0 C23 C19 C0 C36 C29 C0 C16 C32 C0 <wb> C15 C0 C26 <wb> C17 C0 C1 C32 C0 C16 <wb> C15 C0 C2
hindi_female_005304|C19 C0 C36 C6 C0 <wb> C7 C0 C11 C29 C0 <wb> C3 C0 C1 C7 C0 <wb> C30 C0 C11 C35 C0 <wb> C24 C0 C11 <wb> C5 C0 C36 C28 C0 C28 C0 C16 <wb> C32 C0 C26 C9 C0 C16 <wb> C27 C29 C0 <wb> C19 C0 C15 C0 C1 <wb> C15 C0 C11 <wb> C29 C0 C1 C17 C0 C13 C0 C36 C29 C0 C36 <wb> C30 C0 C1 C29 C0 C1 <wb> C19 C0 C36 C30 C0 C36 C29 C0 <wb> C22 C0 C11 C29 C0 C1 <wb> C15 C0 C2
hindi_female_005312|C29 C0 C1 C17 C0 C1 <wb> C24 C0 C11 <wb> C19 C0 C15 C0 C1 <wb> C15 C0 C11 <wb> C22 C0 C16 C32 C0 C29 C0 <wb> C28 C0 C15 C0 C21 C0 C11 <wb> C15 C0 C16 <wb> C38 C0 C15 C0 <wb> C3 C0 C1 C32 C0 <wb> C3 C0 C32 C0 C1 <wb> C7 C0 C11 C32 C0 C11 <wb> C32 C0 C26 <wb> C15 C0 C22 C0 <wb> C7 C0 C26 C24 C0 C26 C23 <wb> C19 C0 C26 <wb> C16 C32 C0 C24 C0 C1 <wb> C19 C0 C31 C0 C34 C0 <wb> C32 C0 C26 <wb> C24 C0 C15 C0 C16 C23 <wb> C30 C0 C15 C0 C24 C0 C1 <wb> C28 C0 C9 C0 C32 C0 C1
hindi_female_005314|C16 C30 C0 <wb> C28 C0 C29 C0 C19 C0 C1 C29 C0 <wb> C30 C0 C11 C35 C0 <wb> C19 C0 C16 <wb> C28 C0 C36 C23 C17 C0 C16 <wb> C27 C29 C0 <wb> C36 C24 C0 <wb> C7 C0 C26 C24 C0 C26 C23 <wb> C19 C0 C16 <wb> C22 C0 C16 C32 C0 C29 C0 C32 C0 C1 <wb> C7 C0 C16 C29 C0 C14 C0 C1 C38 C0 C36 <wb> C15 C0 C26 <wb> C13 C0 C38 C0 C16
hindi_female_005315|C0 C37 C0 C38 C0 C19 C0 C32 C0 <wb> C29 C0 C20 C0 C24 C0 C11 <wb> C28 C0 C29 C0 <wb> C4 C0 C16 <wb> C0 C24 C0 C32 C0 C29 C0 C30 C0 C22 C0 C3 C0 C23 C8 C0 C26 C23 <wb> C22 C0 C11 C23 <wb> C7 C0 C29 C0 C1 C29 C0 <wb> C9 C0 C1 C21 C0 <wb> C15 C0 C16 <wb> C7 C0 C11 C32 C0 C16 <wb> C15 C0 C2 C23
hindi_female_005316|C38 C0 C11 <wb> C37 C0 C16 C19 C0 C1 C30 C0 <wb> C28 C0 C33 C0 <wb> C19 C0 C11 <wb> C0 C37 C0 C29 C0 C26 C8 C0 C19 C0 <wb> C15 C0 C2 C23
hindi_female_005326|C1 C17 C0 <wb> C4 C0 C16 <wb> C36 C30 C0 C19 C0 C16 <wb> C30 C0 C30 C0 C36 C29 C0 C1 C21 C0 <wb> C19 C0 C11 <wb> C19 C0 C36 C32 C0 C32 C0 C11 <wb> C22 C0 C11 C29 C0 C11 <wb> C17 C0 C16 C30 C0 C22 C0 <wb> C19 C0 C26 <wb> C24 C0 C26 C23 C5 C0 <wb> C29 C0 C15 C0 C11 <wb> C15 C0 C2 C23 <wb> C17 C0 C2 C30 C0 C11 <wb> C22 C0 C2 C23 <wb> C36 C24 C0 C19 C0 C1 <wb> C17 C0 C24 C0 C22 C0 <wb> C17 C0 C1 C32 C0 <wb> C19 C0 C29 C0 C17 C0 <wb> C7 C0 C1 C29 C0 <wb> C15 C0 C36 C23
hindi_female_005327|C0 C3 C0 <wb> C27 C29 C0 <wb> C30 C0 C1 C15 C0 C30 C0 <wb> C24 C0 C15 C0 C16 C23 <wb> C15 C0 C2 <wb> C19 C0 C16 <wb> C3 C0 C11 C34 C0 C16 <wb> C3 C0 C38 C0 C1 C15 C0 C24 C0 C11 <wb> C19 C0 C11 <wb> C24 C0 C1 C22 C0 <wb> C28 C0 C29 C0 <wb> C19 C0 C26 C16 <wb> C7 C0 C26 C3 C0 C1 C29 C0 C1 <wb> C22 C0 C11 C29 C0 C16 <wb> C20 C0 C1 C21 C0 <wb> C36 C32 C0 C1 C29 C0 <wb> C21 C0 C11
hindi_female_005332|C22 C0 C36 C18 C0 <wb> C28 C0 C29 C0 <wb> C19 C0 C29 C28 C0 C1 <wb> C19 C0 C29 C0 <wb> C19 C0 C11 <wb> C33 C0 C26 C9 C0 C16 <wb> C30 C0 C16 <wb> C29 C0 C16 C38 C0 C1 C38 C0 C32 C0 <wb> C17 C0 C2 C30 C0 C11 <wb> C36 C30 C0 C19 C0 C11 <wb> C36 C3 C0 C21 C0 <wb> C28 C0 C9 C0 C24 C0 C11 <wb> C19 C0 C1 <wb> C19 C0 C26 C16 <wb> C30 C0 C37 C0 C16 C5 C0 <wb> C0 C24 C0 <wb> C15 C0 C26 <wb> C13 C0 C38 C0 C1 <wb> C15 C0 C26 <wb> C37 C0 C15 C0 <wb> C12 C0 C24 C0 <wb> C12 C0 C24 C0 C1 <wb> C36 C35 C0 C1 <wb> C32 C0 C26 <wb> C32 C0 C36 C22 C0 <wb> C4 C0 C1 C9 C0 <wb> C22 C0 C11 C23 <wb> C17 C0 C1 C26 <wb> C22 C0 C11 C29 C0 C1 <wb> C14 C0 C29 C0 <wb> C19 C0 C26 C16 <wb> C29 C0 C1 C15 C0 C32 C0 <wb> C19 C0 C11 C24 C0 C7 C0 C29 C0 <wb> C24 C0 C15 C0 C16 C23 <wb> C15 C0 C2
hindi_female_005333|C19 C0 C16 <wb> C21 C0 C26 C13 C0 <wb> C28 C0 C15 C0 C21 C0 C11 <wb> C15 C0 C16 <wb> C19 C0 C38 C0 C36 <wb> C22 C0 C11 C23 <wb> C15 C0 C2 C23 <wb> C32 C0 C36 C22 C0 <wb> C0 C28 C0 C24 C0 C16 <wb> C3 C0 C29 C0 C1 C3 C0 C29 C0 C16 <wb> C19 C0 C16 <wb> C19 C0 C26 C16 <wb> C7 C0 C36 C30 C0 C29 C0 C16 <wb> C17 C0 C13 C0 C15 C0 <wb> C10 C0 C36 C23 C10 C0 <wb> C21 C0 C26
hindi_female_005334|C2 C30 C0 C1 <wb> C3 C0 C11 C22 C0 C36 C29 C0 <wb> C37 C0 C32 C0 <wb> C30 C0 C21 C0 C36 C19 C0 <wb> C32 C0 C26 <wb> C19 C0 C26 C16 <wb> C30 C0 C36 C7 C0 C20 C0 C26 C29 C0 <wb> C22 C0 C15 C0 C1 C17 C0 C24 C0 <wb> C4 C0 C16 <wb> C24 C0 C15 C0 C16 C23 <wb> C19 C0 C29 C0 C32 C0 C1 <wb> C15 C0 C26 C13 C0 C1
hindi_female_005339|C0 C23 C32 C0 C32 C0 C15 <wb> C36 C30 C0 C24 C0 C11 <wb> C2 C30 C0 C1 <wb> C15 C0 C16 <wb> C19 C0 C16 C38 C0 C1
hindi_female_005341|C20 C0 C36 C7 C0 <wb> C19 C0 C26 <wb> C38 C0 C15 C0 <wb> C30 C0 C22 C0 C18 C0 C1 C19 C0 C29 C0 <wb> C31 C0 C1 C7 C0 C16 <wb> C19 C0 C29 C0 <wb> C7 C0 C16 <wb> C19 C0 C16 <wb> C5 C0 C11 C15 C0 C29 C0 C11 <wb> C19 C0 C16 <wb> C30 C0 C33 C0 C36 C21 C0 <wb> C30 C0 C36 C24 C0 C7 C0 C29 C0 C32 C0 C1 <wb> C30 C0 C11 <wb> C19 C0 C15 C0 C16 C23 <wb> C3 C0 C9 C0 C16 <wb> C15 C0 C26 C32 C0 C16 <wb> C15 C0 C2 <wb> C1 C23 C32 C0 C29 C0 C16 C19 C0 <wb> C30 C0 C36 C24 C0 C7 C0 C29 C0 C32 C0 C1
hindi_female_005344|C0 C13 C0 C29 C0 <wb> C37 C0 C15 C0 <wb> C3 C0 C11 C34 C0 C16 <wb> C19 C0 C11 <wb> C3 C0 C1 C28 C0 <wb> C15 C0 C26 C24 C0 C11 <wb> C19 C0 C26 <wb> C0 C4 C0 C16 C31 C0 C1 C28 C0 <wb> C22 C0 C1 C24 C0 C19 C0 C29 C0 <wb> C16 C30 C0 C30 C0 C11 <wb> C3 C0 C5 C0 C24 C0 C11 <wb> C19 C0 C11 <wb> C21 C0 C16 C38 C0 C11 <wb> C30 C0 C20 C0 C32 C0 <wb> C11 C15 C0 C32 C0 C16 C38 C0 C1 C32 C0 <wb> C3 C0 C29 C0 C32 C0 C24 C0 C1 <wb> C5 C0 C1 C15 C0 C32 C0 C1 <wb> C15 C0 C2 <wb> C32 C0 C26 <wb> C31 C0 C1 C20 C0 C1 <wb> C16 C30 C0 <wb> C22 C0 C1 C24 C0 C30 C0 C16 C19 C0 C32 C0 C1 <wb> C19 C0 C26 <wb> C30 C0 C22 C0 C18 C0 <wb> C30 C0 C19 C0 C32 C0 C16 <wb> C15 C0 C2
hindi_female_005348|C28 C0 C15 C0 C21 C0 C11 <wb> C16 C31 C0 C36 <wb> C22 C0 C11 C23 <wb> C19 C0 C26 C16 <wb> C37 C0 C29 C0 C17 C0 C24 C0 C1 <wb> C19 C0 C26 C16 <wb> C29 C0 C36 C19 C0 C1 C37 C0 C34 C0 <wb> C19 C0 C26 C16 <wb> C30 C0 C23 C31 C0 C38 C0 <wb> C36 C5 C0 C16 C32 C0 <wb> C24 C0 C15 C0 C16 C23
hindi_female_005351|C22 C0 C2 C23 <wb> C36 C30 C0 C30 C0 C11 <wb> C19 C0 C16 <wb> C30 C0 C1 C21 C0 <wb> C3 C0 C9 C0 C1 <wb> C33 C0 C1 <wb> C21 C0 C11 C19 C0 C16 C24 C0 <wb> C14 C0 C29 C0 <wb> C19 C0 C26 <wb> C30 C0 C23 C37 C0 C1 C29 C0 C24 C0 C11 <wb> C30 C0 C23 C4 C0 C1 C21 C0 C24 C0 C11 <wb> C27 C29 C0 <wb> C29 C0 C30 C0 C26 C16 <wb> C30 C0 C16 C8 C0 C16 <wb> C19 C0 C29 C0 C24 C0 C11 <wb> C19 C0 C11 <wb> C22 C0 C1 C22 C0 C21 C0 C11 <wb> C22 C0 C11 C23 <wb> C22 C0 C2 C23 <wb> C19 C0 C16 C30 C0 C16 <wb> C19 C0 C1 C22 C0 <wb> C19 C0 C1 <wb> C24 C0 C15 C0 C16 C23 <wb> C33 C0 C1
hindi_female_005353|C37 C0 C11 <wb> C19 C0 C15 C0 C32 C0 C11 <wb> C33 C0 C11 <wb> C22 C0 C36 C18 C0 C11 <wb> C0 C28 C0 C24 C0 C16 <wb> C28 C0 C29 C0 C16 C8 C0 C16 <wb> C19 C0 C16 <wb> C30 C0 C36 C14 C0 C9 C0 C32 C0 C1 <wb> C7 C0 C11 C20 C0 C26 <wb> C0 C23 C3 C0 C29 C0
hindi_female_005354|C16 C30 C0 C24 C0 C11 <wb> C14 C0 C36 C34 C0 C34 C0 C16 <wb> C22 C0 C11 C23 <wb> C15 C0 C16 <wb> C19 C0 C3 C0 <wb> C30 C0 C16 C20 C0 <wb> C21 C0 C16 C38 C0 C1 <wb> C38 C0 C15 C0 <wb> C30 C0 C3 C0 <wb> C15 C0 C22 C0 C11 C23 <wb> C28 C0 C32 C0 C1 <wb> C15 C0 C16 <wb> C24 C0 C15 C0 C16 C23 <wb> C5 C0 C21 C0 C1
hindi_female_005357|C21 C0 C11 C19 C0 C16 C24 C0 <wb> C32 C0 C36 C22 C0 <wb> C5 C0 C1 C15 C0 C32 C0 C16 <wb> C15 C0 C26 <wb> C19 C0 C16 <wb> C22 C0 C1 C32 C0 C29 C32 C0 C37 C0 <wb> C19 C0 C11 <wb> C32 C0 C36 C22 C0 C15 C0 C1 C29 C0 C11 <wb> C28 C0 C15 C0 C21 C0 C11 <wb> C0 C37 C0 C30 C0 C29 C0 <wb> C19 C0 C26 <wb> C30 C0 C37 C0 C6 C0 C23 C7 C0 <wb> C29 C0 C15 C0 C24 C0 C11 <wb> C7 C0 C16 C38 C0 C1 <wb> C17 C0 C1 C38 C0 C11 <wb> C32 C0 C26 <wb> C5 C0 C21 C0 C26 <wb> C22 C0 C2 C23 <wb> C32 C0 C36 C22 C0 C15 C0 C1 C29 C0 C16 <wb> C4 C0 C1 C37 C0 C24 C0 C1 <wb> C19 C0 C26 <wb> C1 C15 C0 C32 C0 <wb> C24 C0 C15 C0 C16 C23 <wb> C19 C0 C29 C0 C32 C0 C1
hindi_female_005358|C31 C0 C1 C20 C0 C1 <wb> C24 C0 C11 <wb> C15 C0 C23 C30 C0 C16 <wb> C22 C0 C11 C23 <wb> C0 C24 C0 C36 C29 C0 C1 C13 C0 <wb> C14 C0 C26 C21 C0 C32 C0 C11 <wb> C15 C0 C36 C11 <wb> C19 C0 C15 C0 C1 <wb> C0 C13 C0 C29 C0 <wb> C3 C0 C11 C34 C0 C1 <wb> C15 C0 C26 <wb> C13 C0 C38 C0 C1 <wb> C16 C30 C0 <wb> C3 C0 C1 C29 C0 <wb> C32 C0 C26 <wb> C0 C13 C0 C21 C0 C16 <wb> C3 C0 C1 C29 C0 <wb> C4 C0 C16 <wb> C22 C0 C11 C29 C0 C1 <wb> C38 C0 C15 C0 <wb> C30 C0 C37 C0 C1 C21 C0 <wb> C19 C0 C1 C38 C0 C22 C0 <wb> C29 C0 C15 C0 C11 C13 C0 C1
hindi_female_005361|C22 C0 C36 C24 C0 C24 C0 C16 <wb> C14 C0 C29 C0 <wb> C22 C0 C11 C23 <wb> C28 C0 C21 C0 C24 C0 C11 <wb> C21 C0 C13 C0 C16 <wb> C21 C0 C1 C9 C0 <wb> C28 C0 C38 C0 C1 C29 C0 <wb> C19 C0 C11 <wb> C30 C0 C15 C0 C17 C0 <wb> C27 C29 C0 <wb> C30 C0 C37 C0 C1 C4 C0 C1 C37 C0 C16 C19 C0 <wb> C28 C0 C29 C0 C16 C37 C0 C11 C31 C0 <wb> C22 C0 C11 C23 <wb> C28 C0 C21 C0 C24 C0 C11 <wb> C21 C0 C13 C0 C16
hindi_female_005362|C3 C0 C29 C0 C32 C0 C1 C37 C0 <wb> C22 C0 C11 C23 <wb> C2 C30 C0 C16 <wb> C31 C0 C1 C21 C0 C16 C24 C0 C32 C0 C1 <wb> C27 C29 C0 <wb> C30 C0 C16 C22 C0 C1 <wb> C3 C0 C30 C0 <wb> C38 C0 C15 C0 C16 C23 <wb> C32 C0 C19 C0 <wb> C29 C0 C15 C0 C16
hindi_female_005364|C7 C0 C36 C30 C0 C29 C0 C11 <wb> C32 C0 C16 C30 C0 C29 C0 C11 <wb> C27 C29 C0 <wb> C5 C0 C27 C33 C0 C11 <wb> C13 C0 C29 C0 C4 C0 <wb> C19 C0 C1 <wb> C15 C0 C31 C0 C29 C0 <wb> C13 C0 C36 C9 C0 C16 C38 C0 C26 C23 <wb> C22 C0 C11 C23 <wb> C28 C0 C29 C0 C37 C0 C29 C0 C16 C32 C0 <wb> C15 C0 C26 <wb> C13 C0 C38 C0 C1
hindi_female_005365|C15 C0 C29 C0 <wb> C3 C0 C1 C29 C0 <wb> C31 C0 C1 C20 C0 C1 <wb> C19 C0 C1 <wb> C31 C0 C29 C0 C16 C29 C0 <wb> C15 C0 C16 <wb> C24 C0 C15 C0 C16 C23 <wb> C0 C23 C32 C0 C30 C0 <wb> C4 C0 C16 <wb> C21 C0 C15 C0 C36 C21 C0 C36 C15 C0 C1 C24 C0 <wb> C15 C0 C36 C1
hindi_female_005373|C0 C3 C0 <wb> C4 C0 C21 C0 C1 <wb> C2 C30 C0 C11 <wb> C1 C32 C0 C22 C0 C16 C38 C0 <wb> C27 C29 C0 <wb> C22 C0 C16 C35 C0 C11 <wb> C30 C0 C23 C4 C0 C1 C31 C0 C25 C0 <wb> C19 C0 C29 C0 C24 C0 C11 <wb> C37 C0 C1 C21 C0 C11 <wb> C28 C0 C32 C0 C16 <wb> C19 C0 C26 <wb> C19 C0 C26 C16 <wb> C20 C0 C21 C0 C24 C0 C1 C38 C0 C19 C0 <wb> C19 C0 C2 C30 C0 C11 <wb> C19 C0 C29 C0 C1 C29 C0 <wb> C7 C0 C11 <wb> C19 C0 C38 C0 C1 <wb> C28 C0 C38 C0 C1 C29 C0 <wb> C27 C29 C0 <wb> C37 C0 C16 C31 C0 C37 C0 C1 C30 C0 <wb> C4 C0 C16 <wb> C20 C0 C21 C0 C24 C0 C1 C38 C0 C19 C0 C16 <wb> C19 C0 C1 <wb> C0 C30 C0 C32 C0 C29 C0 <wb> C15 C0 C26 <wb> C30 C0 C19 C0 C32 C0 C1 <wb> C15 C0 C2
hindi_female_005375|C28 C0 C29 C0 C16 C19 C0 C31 C0 C25 C0 <wb> C28 C0 C29 C0 <wb> C37 C0 C2 C8 C0 C1 C24 C0 C16 C19 C0 <wb> C28 C0 C29 C0 C32 C0 C16 C3 C0 C23 C8 C0 <wb> C21 C0 C13 C0 C24 C0 C11 <wb> C19 C0 C11 <wb> C3 C0 C1 C7 C0 <wb> C9 C0 C19 C0 C34 C0 C29 C0 <wb> C24 C0 C11 <wb> C38 C0 C26 C23 <wb> C38 C0 C15 C0 <wb> C8 C0 C23 C8 C0 C1 <wb> C3 C0 C24 C0 C7 C0 <wb> C19 C0 C29 C0 <wb> C7 C0 C16 C38 C0 C1 <wb> C33 C0 C1 <wb> C12 C0 C16 C29 C0 <wb> C4 C0 C16 <wb> C19 C0 C36 C6 C0 <wb> C20 C0 C1 C30 C0 <wb> C28 C0 C29 C0 C16 C30 C0 C33 C0 C16 C32 C0 C16 C38 C0 C1 C23 <wb> C27 C29 C0 <wb> C19 C0 C36 C6 C0 <wb> C20 C0 C1 C30 C0 <wb> C21 C0 C26 C13 C0 <wb> C24 C0 C16 C38 C0 C22 C0 <wb> C19 C0 C1 C24 C0 C36 C24 C0 <wb> C19 C0 C11 <wb> C7 C0 C1 C38 C0 C29 C0 C11 <wb> C30 C0 C11 <wb> C15 C0 C22 C0 C11 C31 C0 C1 <wb> C19 C0 C16 <wb> C17 C0 C13 C0 C15 C0 <wb> C19 C0 C16 <wb> C3 C0 C1 C29 C0 <wb> C3 C0 C1 C15 C0 C29 C0 <wb> C32 C0 C26 <wb> C15 C0 C26 C32 C0 C11 <wb> C15 C0 C16 <wb> C15 C0 C2 C23
hindi_female_005378|C7 C0 C36 C24 C0 C16 C38 C0 C1 <wb> C19 C0 C26 <wb> C0 C30 C0 C23 C32 C0 C36 C21 C0 C16 C32 C0 <wb> C19 C0 C29 C0 C24 C0 C11 <wb> C19 C0 C1 <wb> C0 C28 C0 C29 C0 C1 C8 C0 <wb> C0 C3 C0 <wb> C27 C29 C0 <wb> C22 C0 C36 C18 C0 C30 C0 C11 <wb> C24 C0 C15 C0 C16 C23 <wb> C15 C0 C26 C13 C0 C1
hindi_female_005380|C28 C0 C29 C0 C16 C8 C0 C16 <wb> C24 C0 C11 <wb> C0 C28 C0 C24 C0 C11 <wb> C4 C0 C1 C16 <wb> C19 C0 C1 <wb> C30 C0 C22 C0 C29 C0 C33 C0 C24 C0 <wb> C19 C0 C29 C0 C32 C0 C11 <wb> C15 C0 C36 C11 <wb> C19 C0 C15 C0 C1 <wb> C33 C0 C1 <wb> C4 C0 C2 C38 C0 C1 <wb> C35 C0 C16 C19 C0 <wb> C19 C0 C15 C0 C32 C0 C11 <wb> C15 C0 C2 C23 <wb> C9 C0 C19 C0 C34 C0 C29 C0 <wb> C3 C0 C11 C34 C0 C16 <wb> C37 C0 C15 C0 C16 <wb> C28 C0 C2 C7 C0 C1 <wb> C19 C0 C29 C0 C11 <wb> C17 C0 C16 C30 C0 C19 C0 C11 <wb> C14 C0 C29 C0 <wb> C22 C0 C11 C23 <wb> C21 C0 C1 C20 C0 C26 C23 <wb> C19 C0 C29 C0 C26 C9 C0 C26 C23 <wb> C17 C0 C22 C0 C1 <wb> C15 C0 C26 C23
hindi_female_005381|C22 C0 C2 C23 <wb> C1 C17 C0 <wb> C4 C0 C16 <wb> C0 C28 C0 C24 C0 C11 <wb> C14 C0 C29 C0 <wb> C22 C0 C11 C23 <wb> C29 C0 C27 C29 C0 C37 C0 <wb> C4 C0 C26 C13 C0 <wb> C29 C0 C15 C0 C16 <wb> C15 C0 C36 C23
hindi_female_005387|C22 C0 C36 C24 C0 C24 C0 C16 <wb> C19 C0 C11 <wb> C21 C0 C16 C38 C0 C11 <wb> C0 C4 C0 C16 <wb> C30 C0 C11 <wb> C15 C0 C16 <wb> C36 C30 C0 C11 <wb> C11 C19 C0 <wb> C5 C0 C27 C33 C0 C1 C16 <wb> C32 C0 C24 C0 C20 C0 C37 C0 C1 C15 C0 <wb> C19 C0 C16 <wb> C30 C0 C11 C37 C0 C16 C23 C13 C0 <wb> C19 C0 C29 C0 C24 C0 C16 <wb> C28 C0 C9 C0 <wb> C29 C0 C15 C0 C16 <wb> C33 C0 C16 <wb> C12 C0 C21 C0 C30 C0 C37 C0 C29 C0 C36 C28 C0 <wb> C37 C0 C15 C0 <wb> C30 C0 C33 C0 C1 C38 C0 C16 <wb> C32 C0 C27 C29 C0 <wb> C28 C0 C29 C0 <wb> C32 C0 C23 C13 C0 C16 <wb> C27 C29 C0 <wb> C0 C4 C0 C1 C37 C0 <wb> C19 C0 C1 <wb> C31 C0 C16 C19 C0 C1 C29 C0 <wb> C33 C0 C1
hindi_female_005394|C31 C0 C1 C20 C0 C1 <wb> C24 C0 C11 <wb> C17 C0 C36 C21 C0 C22 C0 <wb> C10 C0 C15 C0 C1 C24 C0 C11 <wb> C19 C0 C11 <wb> C21 C0 C16 C38 C0 C11 <wb> C16 C30 C0 <wb> C7 C0 C36 C8 C0 C22 C0 C36 C23 C15 C0 C16 <wb> C19 C0 C26 <wb> C16 C30 C0 C19 C0 C11 <wb> C15 C0 C37 C0 C1 C21 C0 C11 <wb> C19 C0 C2 C30 C0 C11 <wb> C19 C0 C29 C0 <wb> C7 C0 C16 C38 C0 C1
hindi_female_005395|C21 C0 C11 C19 C0 C16 C24 C0 <wb> C38 C0 C15 C0 <wb> C11 C19 C0 <wb> C24 C0 C2 C32 C0 C16 C19 C0 C32 C0 C1 <wb> C15 C0 C2 <wb> C22 C0 C24 C0 C36 C31 C0 C38 C0 <wb> C22 C0 C11 C23 <wb> C24 C0 C15 C0 C16 C23 <wb> C17 C0 C1 C24 C0 <wb> C37 C0 C29 C0 C26 C23 <wb> C32 C0 C19 C0 <wb> C22 C0 C11 C23 <wb> C19 C0 C16 <wb> C37 C0 C11 <wb> C0 C28 C0 C24 C0 C11 <wb> C24 C0 C37 C0 C17 C0 C1 C32 C0 <wb> C3 C0 C5 C0 C5 C0 C11 <wb> C19 C0 C11 <wb> C21 C0 C16 C38 C0 C11 <wb> C36 C7 C0 C1 C29 C0 <wb> C31 C0 C36 C4 C0 C11 C5 C0 C6 C0 C36 <wb> C27 C29 C0 <wb> C28 C0 C1 C21 C0 C24 C0 C15 C0 C1 C29 C0 <wb> C15 C0 C26 C32 C0 C11 <wb> C15 C0 C2 C23
hindi_female_005413|C14 C0 C29 C0 <wb> C22 C0 C11 C23 <wb> C15 C0 C29 C0 <wb> C17 C0 C13 C0 C15 C0 <wb> C22 C0 C36 C24 C0 C24 C0 C16 <wb> C19 C0 C1 <wb> C0 C30 C0 C32 C0 C16 C32 C0 C37 C0 <wb> C3 C0 C16 C20 C0 C29 C0 C1 <wb> C28 C0 C9 C0 C1 <wb> C33 C0 C1 <wb> C6 C0 C26 C34 C0 C11 <wb> C6 C0 C26 C34 C0 C11 <wb> C29 C0 C23 C13 C0 <wb> C3 C0 C16 C29 C0 C23 C13 C0 C11 <wb> C5 C0 C19 C0 <wb> C17 C0 C36 C32 C0 C11 <wb> C22 C0 C26 C17 C0 C11 <wb> C20 C0 C16 C21 C0 C27 C24 C0 C11 <wb> C30 C0 C19 C0 C36 C21 C0 <wb> C3 C0 C2 C13 C0 <wb> C27 C29 C0 <wb> C19 C0 C16 C32 C0 C1 C3 C0 C11 C23
hindi_female_005414|C0 C3 C0 <wb> C22 C0 C36 C24 C0 C24 C0 C16 <wb> C19 C0 C11 <wb> C3 C0 C16 C24 C0 C1 <wb> C17 C0 C2 C30 C0 C11 <wb> C36 C30 C0 C19 C0 C11 <wb> C28 C0 C1 C30 C0 <wb> C19 C0 C26 C16 <wb> C37 C0 C38 C0 <wb> C37 C0 C30 C0 C33 C0 C1 <wb> C24 C0 C15 C0 C16 C23 <wb> C3 C0 C5 C0 C16
hindi_female_005416|C31 C0 C1 C20 C0 C1 <wb> C28 C0 C1 C13 C0 C21 C0 C26 C23 <wb> C19 C0 C16 <wb> C32 C0 C29 C0 C15 C0 <wb> C28 C0 C1 C23 C5 C0 <wb> C13 C0 C36 C9 C0 C16 C38 C0 C26 C23 <wb> C19 C0 C26 <wb> C3 C0 C1 C29 C0 C16 <wb> C3 C0 C1 C29 C0 C16 <wb> C30 C0 C11 <wb> C3 C0 C16 C21 C0 C20 C0 <wb> C3 C0 C16 C21 C0 C20 C0 <wb> C19 C0 C29 C0 <wb> C0 C28 C0 C24 C0 C11 <wb> C30 C0 C16 C24 C0 C11 <wb> C30 C0 C11 <wb> C5 C0 C16 C28 C0 C19 C0 C1 <wb> C29 C0 C15 C0 C16 <wb> C33 C0 C16 <wb> C5 C0 C36 C22 C0 <wb> C29 C0 C15 C0 C16 <wb> C33 C0 C16 <wb> C27 C29 C0 <wb> C1 C32 C0 C22 C0 C1 C21 C0 C1 C28 C0 <wb> C19 C0 C29 C0 <wb> C29 C0 C15 C0 C16 <wb> C33 C0 C16
hindi_female_005418|C31 C0 C1 C20 C0 C1 <wb> C24 C0 C11 <wb> C0 C28 C0 C24 C0 C16 <wb> C0 C17 C0 C24 C0 C22 C0 C16 <wb> C3 C0 C5 C0 C5 C0 C16 C38 C0 C26 C23 <wb> C19 C0 C26 <wb> C4 C0 C16 <wb> C0 C28 C0 C24 C0 C16 <wb> C13 C0 C16 C24 C0 C32 C0 C16 <wb> C27 C29 C0 <wb> C30 C0 C22 C0 C29 C32 C0 C16 <wb> C30 C0 C11 <wb> C0 C21 C0 C13 C0 <wb> C24 C0 C15 C0 C16 C23 <wb> C19 C0 C16 C38 C0 C1 <wb> C27 C29 C0 <wb> C0 C28 C0 C24 C0 C11 <wb> C37 C0 C17 C0 C36 C7 C0 <wb> C22 C0 C11 C23 <wb> C36 C24 C0 C15 C0 C11 C23 <wb> C31 C0 C1 C22 C0 C16 C21 C0 <wb> C29 C0 C20 C0 C1
hindi_female_005421|C22 C0 C2 C23 <wb> C0 C4 C0 C16 <wb> C0 C4 C0 C16 <wb> C17 C0 C15 C0 C1 C23 <wb> C30 C0 C11 <wb> C13 C0 C36 C17 C0 C29 C0 C1 <wb> C15 C0 C36 C23 <wb> C37 C0 C15 C0 C1 C23 <wb> C22 C0 C36 C18 C0 C11 <wb> C11 C19 C0 <wb> C0 C17 C0 C16 C3 C0 <wb> C30 C0 C16 <wb> C7 C0 C36 C29 C0 C13 C0 C23 C8 C0 <wb> C19 C0 C1 <wb> C11 C15 C0 C30 C0 C1 C30 C0 <wb> C15 C0 C36 C1 <wb> C30 C0 C5 C0 <wb> C22 C0 C11 C23 <wb> C22 C0 C36 C18 C0 C11 <wb> C0 C28 C0 C24 C0 C16 <wb> C24 C0 C1 C19 C0 <wb> C4 C0 C27 C23 <wb> C30 C0 C16 C19 C0 C26 C9 C0 <wb> C21 C0 C11 C24 C0 C16 <wb> C28 C0 C9 C0 C16 <wb> C33 C0 C16 <wb> C37 C0 C15 C0 C1 C23
hindi_female_005422|C16 C30 C0 <wb> C3 C0 C1 C32 C0 <wb> C19 C0 C11 <wb> C21 C0 C16 C38 C0 C11 <wb> C22 C0 C36 C18 C0 C11 <wb> C0 C37 C0 C31 C0 C38 C0 <wb> C15 C0 C16 <wb> C19 C0 C22 C0 C11 C34 C0 C16 <wb> C37 C0 C1 C21 C0 C26 C23 <wb> C30 C0 C11 <wb> C31 C0 C16 C19 C0 C1 C38 C0 C32 C0 <wb> C19 C0 C29 C0 C24 C0 C16 <wb> C15 C0 C26 C13 C0 C16 <wb> C21 C0 C11 C19 C0 C16 C24 C0 <wb> C38 C0 C15 C0 <wb> C19 C0 C21 C0 C26 C24 C0 C16 <wb> C32 C0 C26 <wb> C3 C0 C16 C21 C0 C19 C0 C36 C21 C0 <wb> C24 C0 C38 C0 C16 <wb> C24 C0 C38 C0 C16 <wb> C3 C0 C24 C0 C16 <wb> C15 C0 C2
hindi_female_005423|C17 C0 C13 C0 C15 C0 <wb> C17 C0 C13 C0 C15 C0 <wb> C28 C0 C29 C0 <wb> C19 C0 C36 C9 C0 C1 <wb> C19 C0 C5 C0 C29 C0 C1 <wb> C12 C0 C11 C23 C19 C0 C24 C0 C11 <wb> C19 C0 C11 <wb> C21 C0 C16 C38 C0 C11 <wb> C9 C0 C29 C0 C22 C0 <wb> C21 C0 C13 C0 C11 <wb> C15 C0 C36 C11 <wb> C15 C0 C2 C23
hindi_female_005426|C22 C0 C36 C18 C0 C11 <wb> C37 C0 C1 C28 C0 C16 C30 C0 <wb> C5 C0 C21 C0 <wb> C19 C0 C29 C0 <wb> C7 C0 C11 C20 C0 C24 C0 C1 <wb> C5 C0 C1 C15 C0 C16 C11 <wb> C21 C0 C11 C19 C0 C16 C24 C0 <wb> C38 C0 C15 C0 <wb> C19 C0 C38 C0 C1 <wb> C22 C0 C2 C23 <wb> C32 C0 C26 <wb> C38 C0 C11 <wb> C30 C0 C3 C0 <wb> C30 C0 C26 C5 C0 C32 C0 C1 <wb> C30 C0 C26 C5 C0 C32 C0 C1 <wb> C16 C32 C0 C24 C0 C16 <wb> C7 C0 C36 C29 C0 <wb> C24 C0 C16 C19 C0 C21 C0 <wb> C1 C38 C0 C1 <wb> C15 C0 C36 C23
hindi_female_005431|C38 C0 C15 C0 C1 C23 <wb> C22 C0 C11 C29 C0 C16 <wb> C17 C0 C1 C24 C0 <wb> C28 C0 C15 C0 C5 C0 C1 C24 C0 <wb> C19 C0 C1 <wb> C4 C0 C16 <wb> C32 C0 C26 <wb> C19 C0 C26 C16 <wb> C24 C0 C15 C0 C16 C23 <wb> C15 C0 C2
hindi_female_005433|C15 C0 C22 C0 C1 C29 C0 C1 <wb> C14 C0 C29 C0 <wb> C16 C30 C0 <wb> C19 C0 C21 C0 C26 C24 C0 C16 <wb> C30 C0 C11 <wb> C33 C0 C26 C9 C0 C16 <wb> C7 C0 C36 C29 C0 <wb> C15 C0 C16 <wb> C15 C0 C2 <wb> C21 C0 C11 C19 C0 C16 C24 C0 <wb> C21 C0 C1 C17 C0 C37 C0 C24 C0 C32 C0 C16 <wb> C19 C0 C11 <wb> C32 C0 C24 C0 C7 C0 C36 C29 C0 <wb> C19 C0 C16 <wb> C37 C0 C17 C0 C15 C0 <wb> C30 C0 C11 <wb> C15 C0 C22 C0 C1 C29 C0 C1 <wb> C16 C30 C0 <wb> C19 C0 C21 C0 C26 C24 C0 C16 <wb> C30 C0 C11 <wb> C19 C0 C36 C6 C0 <wb> C30 C0 C22 C0 C3 C0 C24 C0 C8 C0 <wb> C30 C0 C1 <wb> C15 C0 C26 <wb> C13 C0 C38 C0 C1 <wb> C15 C0 C2
hindi_female_005435|C31 C0 C11 C15 C0 C29 C0 C26 C23 <wb> C22 C0 C11 C23 <wb> C32 C0 C26 <wb> C17 C0 C15 C0 C1 C23 <wb> C32 C0 C15 C0 C1 C23 <wb> C13 C0 C21 C0 C16 <wb> C22 C0 C26 C15 C0 C21 C0 C21 C0 C26 C23 <wb> C22 C0 C11 C23 <wb> C32 C0 C24 C0 C7 C0 C36 C29 C0 <wb> C22 C0 C16 C21 C0 <wb> C15 C0 C16 <wb> C17 C0 C1 C32 C0 C11 <wb> C15 C0 C2 C23
hindi_female_005439|C38 C0 C11 <wb> C3 C0 C9 C0 C11 <wb> C21 C0 C26 C13 C0 C26 C23 <wb> C19 C0 C16 <wb> C3 C0 C1 C32 C0 C11 C23 <wb> C30 C0 C36 C24 C0 C24 C0 C1 <wb> C22 C0 C11 C29 C0 C11 <wb> C19 C0 C26 <wb> C28 C0 C30 C0 C24 C0 C7 C0 <wb> C24 C0 C15 C0 C16 C23 <wb> C37 C0 C15 C0 C1 C23 <wb> C28 C0 C29 C0 <wb> C17 C0 C26 <wb> C30 C0 C36 C24 C0 C32 C0 C16 <wb> C15 C0 C26 <wb> C37 C0 C15 C0 C16 C23 <wb> C6 C0 C26 C9 C0 <wb> C1 C38 C0 C1 <wb> C19 C0 C29 C0 C26 <wb> C24 C0 C15 C0 C16 C23 <wb> C32 C0 C26 <wb> C36 C30 C0 <wb> C19 C0 C21 C0 C26 C24 C0 C16 <wb> C22 C0 C11 C23 <wb> C17 C0 C1 C24 C0 C1 <wb> C3 C0 C23 C7 C0 <wb> C19 C0 C29 C0 <wb> C7 C0 C26
hindi_female_005440|C15 C0 C22 C0 <wb> C17 C0 C2 C30 C0 C11 <wb> C4 C0 C16 <wb> C15 C0 C2 C23 <wb> C0 C5 C0 C6 C0 C11 <wb> C15 C0 C2 C23 <wb> C22 C0 C2 C24 C0 C11 <wb> C30 C0 C37 C0 C38 C0 C23 <wb> C19 C0 C26 <wb> C19 C0 C35 C0 C26 C29 C0 <wb> C3 C0 C24 C0 C1 C32 C0 C11 <wb> C15 C0 C36 C11 <wb> C19 C0 C15 C0 C1 <wb> C33 C0 C1 <wb> C28 C0 C32 C0 C24 C0 C16 <wb> C22 C0 C36 C23 C15 C0 <wb> C3 C0 C16 C5 C0 C19 C0 C1 <wb> C19 C0 C29 C0 <wb> C29 C0 C15 C0 <wb> C13 C0 C16 <wb> C33 C0 C16
hindi_female_005441|C0 C13 C0 C21 C0 C11 <wb> C29 C0 C26 C17 C0 <wb> C20 C0 C1 C24 C0 C1 <wb> C20 C0 C1 C32 C0 C16 <wb> C15 C0 C36 C16 <wb> C37 C0 C15 C0 <wb> C3 C0 C26 C21 C0 C16 <wb> C11 C19 C0 <wb> C3 C0 C1 C32 C0 <wb> C19 C0 C15 C0 C36 C23 <wb> C17 C0 C16 <wb> C19 C0 C38 C0 C1 <wb> C29 C0 C26 C34 C0 C16 <wb> C19 C0 C1 <wb> C19 C0 C26 C29 C0 <wb> C22 C0 C36 C23 C15 C0 <wb> C22 C0 C11 C23 <wb> C9 C0 C1 C21 C0 C32 C0 C11 <wb> C15 C0 C36 C11 <wb> C22 C0 C2 C23 <wb> C29 C0 C36 C19 C0 <wb> C13 C0 C38 C0 C1 <wb> C33 C0 C1
hindi_female_005445|C5 C0 C11 C15 C0 C29 C0 C11 <wb> C28 C0 C29 C0 <wb> C13 C0 C22 C0 C4 C0 C16 C29 C0 C32 C0 C1 <wb> C21 C0 C1 C32 C0 C16 <wb> C3 C0 C26 C21 C0 C16 <wb> C28 C0 C36 C29 C0 C16 <wb> C3 C0 C1 C32 C0 <wb> C32 C0 C26 <wb> C30 C0 C36 C24 C0 C16 <wb> C15 C0 C26 C32 C0 C16
hindi_female_005446|C0 C5 C0 C6 C0 C11 <wb> C4 C0 C21 C0 C11 <wb> C14 C0 C29 C0 <wb> C30 C0 C11 <wb> C24 C0 C1 C32 C0 C1 <wb> C29 C0 C20 C0 C32 C0 C16 <wb> C33 C0 C16 <wb> C37 C0 C15 C0 <wb> C32 C0 C26 <wb> C21 C0 C11 C19 C0 C16 C24 C0 <wb> C28 C0 C32 C0 C16 <wb> C24 C0 C11 <wb> C8 C0 C19 C0 C19 C0 C11 <wb> C22 C0 C1 C29 C0 <wb> C19 C0 C29 C0 <wb> C14 C0 C29 C0 <wb> C30 C0 C11 <wb> C24 C0 C16 C19 C0 C1 C21 C0 <wb> C7 C0 C16 C38 C0 C1 <wb> C3 C0 C11 C5 C0 C1 C29 C0 C16 <wb> C19 C0 C26
hindi_female_005449|C19 C0 C16 C30 C0 C16 <wb> C28 C0 C29 C0 <wb> C3 C0 C26 C18 C0 <wb> C24 C0 C15 C0 C16 C23 <wb> C3 C0 C24 C0 C24 C0 C1 <wb> C5 C0 C1 C15 C0 C32 C0 C16 <wb> C33 C0 C16 <wb> C22 C0 C16 C30 C0 C11 C30 C0 <wb> C31 C0 C29 C0 C22 C0 C1 <wb> C24 C0 C11 <wb> C30 C0 C36 C18 C0 C1 C37 C0 <wb> C7 C0 C16 C38 C0 C1 <wb> C32 C0 C24 C0 C7 C0 C36 C29 C0 <wb> C21 C0 C13 C0 C1 <wb> C21 C0 C16 C38 C0 C1
hindi_female_005455|C22 C0 C36 C18 C0 C11 <wb> C19 C0 C36 C6 C0 <wb> C24 C0 C15 C0 C16 C23 <wb> C19 C0 C15 C0 C1 <wb> C21 C0 C1 C17 C0 C37 C0 C24 C0 C32 C0 C16 <wb> C30 C0 C11 <wb> C19 C0 C11 C15 C0 <wb> C29 C0 C15 C0 C11 <wb> C33 C0 C11
hindi_female_005457|C0 C13 C0 C21 C0 C11 <wb> C29 C0 C26 C17 C0 <wb> C0 C12 C0 C16 C30 C0 <wb> C30 C0 C11 <wb> C21 C0 C27 C34 C0 C32 C0 C11 <wb> C15 C0 C16 <wb> C22 C0 C2 C23 C24 C0 C11 <wb> C20 C0 C36 C7 C0 <wb> C15 C0 C16 <wb> C28 C0 C36 C6 C0 <wb> C21 C0 C16 C38 C0 C1 <wb> C21 C0 C1 C17 C0 C37 C0 C24 C0 C32 C0 C16 <wb> C19 C0 C1 <wb> C19 C0 C38 C0 C1 <wb> C15 C0 C1 C21 C0 <wb> C15 C0 C2 <wb> C28 C0 C32 C0 C24 C0 C16 <wb> C29 C0 C26 C34 C0 C16 <wb> C21 C0 C13 C0 C1 <wb> C29 C0 C15 C0 C16 <wb> C33 C0 C16
hindi_female_005474|C22 C0 C2 C23 <wb> C17 C0 C9 C0 <wb> C30 C0 C1 <wb> C3 C0 C24 C0 C1 <wb> C28 C0 C32 C0 C24 C0 C16 <wb> C19 C0 C11 <wb> C5 C0 C11 C15 C0 C29 C0 C11 <wb> C19 C0 C16 <wb> C26 C29 C0 <wb> C7 C0 C11 C20 C0 <wb> C29 C0 C15 C0 C1 <wb> C33 C0 C1 <wb> C37 C0 C15 C0 <wb> C15 C0 C16 <wb> C3 C0 C26 C21 C0 C16 <wb> C5 C0 C1 C29 C0 <wb> C14 C0 C23 C34 C0 C11 <wb> C3 C0 C1 C7 C0 <wb> C8 C0 C19 C0 C19 C0 C11 <wb> C22 C0 C1 C29 C0 C19 C0 C29 C0 <wb> C3 C0 C1 C15 C0 C29 C0 <wb> C24 C0 C16 C19 C0 C1 C21 C0 <wb> C7 C0 C16 C38 C0 C1
hindi_female_005476|C22 C0 C11 C29 C0 C11 <wb> C14 C0 C29 C0 <wb> C19 C0 C11 <wb> C3 C0 C1 C15 C0 C29 C0 <wb> C16 C32 C0 C24 C0 C16 <wb> C4 C0 C16 C9 C0 <wb> C27 C29 C0 <wb> C38 C0 C11 <wb> C28 C0 C36 C21 C0 C16 C30 C0 <wb> C19 C0 C16 <wb> C17 C0 C16 C28 C0 <wb> C19 C0 C38 C0 C26 C23 <wb> C15 C0 C2
hindi_female_005521|C30 C0 C3 C0 <wb> C7 C0 C1 C24 C0 <wb> C7 C0 C15 C0 C11 C17 C0 <wb> C30 C0 C22 C0 C11 C34 C0 C19 C0 C29 C0 <wb> C32 C0 C36 C22 C0 <wb> C38 C0 C15 C0 C1 C23 <wb> C1 C16 <wb> C27 C29 C0 <wb> C5 C0 C1 C21 C0 C16 C30 C0 <wb> C7 C0 C16 C24 C0 <wb> C22 C0 C11 C29 C0 C16 <wb> C16 C24 C0 <wb> C7 C0 C26 C24 C0 C26 C23 <wb> C19 C0 C16 <wb> C27 C29 C0 <wb> C22 C0 C11 C29 C0 C11 <wb> C30 C0 C30 C0 C36 C29 C0 C1 C21 C0 <wb> C37 C0 C1 C21 C0 C26 C23 <wb> C19 C0 C16 <wb> C30 C0 C11 C37 C0 C1 <wb> C34 C0 C15 C0 C21 C0 <wb> C19 C0 C29 C0 C19 C0 C11 <wb> C21 C0 C27 C34 C0 <wb> C13 C0 C16 C23
hindi_female_005548|C5 C0 C1 C38 C0 <wb> C19 C0 C1 <wb> C28 C0 C38 C0 C1 C21 C0 C1 <wb> C36 C35 C0 C1 <wb> C19 C0 C29 C0 <wb> C28 C0 C15 C0 C21 C0 C1 <wb> C14 C0 C36 C23 C34 C0 <wb> C21 C0 C11 C32 C0 C11 <wb> C15 C0 C36 C11 <wb> C36 C30 C0 C16 <wb> C24 C0 C11 <wb> C3 C0 C1 C32 C0 <wb> C31 C0 C36 C29 C0 C36 <wb> C19 C0 C16 <wb> C33 C0 C16
hindi_female_005552|C16 C32 C0 C24 C0 C1 <wb> C19 C0 C15 C0 C32 C0 C11 <wb> C15 C0 C36 C11 <wb> C29 C0 C26 C15 C0 C16 C32 C0 <wb> C0 C28 C0 C24 C0 C16 <wb> C17 C0 C13 C0 C15 C0 <wb> C30 C0 C11 <wb> C36 C35 C0 <wb> C13 C0 C11 <wb> C33 C0 C11
hindi_female_005578|C16 C30 C0 <wb> C1 C20 C0 C16 C29 C0 C16 <wb> C22 C0 C36 C21 C0 C1 C19 C0 C1 C32 C0 <wb> C19 C0 C11 <wb> C3 C0 C1 C7 C0 <wb> C0 C13 C0 C21 C0 C11 <wb> C30 C0 C1 C32 C0 <wb> C30 C0 C1 C21 C0 C26 C23 <wb> C32 C0 C19 C0 <wb> C36 C24 C0 C19 C0 C11 <wb> C3 C0 C16 C5 C0 <wb> C19 C0 C26 C16 <wb> C30 C0 C22 C0 C28 C0 C29 C0 C19 C0 <wb> C24 C0 C15 C0 C16 C23 <wb> C29 C0 C15 C0 C1
hindi_female_005585|C17 C0 C26 <wb> C19 C0 C36 C6 C0 <wb> C37 C0 C15 C0 <wb> C0 C28 C0 C24 C0 C11 <wb> C28 C0 C32 C0 C29 C0 C26 C23 <wb> C22 C0 C11 C23 <wb> C3 C0 C38 C0 C1 C24 C0 <wb> C19 C0 C29 C0 <wb> C5 C0 C36 C19 C0 C16 <wb> C33 C0 C16 <wb> C19 C0 C38 C0 C1 <wb> C36 C30 C0 C11 <wb> C12 C0 C16 C29 C0 <wb> C30 C0 C11 <wb> C7 C0 C26 C15 C0 C29 C0 C1 C24 C0 C11 <wb> C38 C0 C1 <wb> C36 C30 C0 C11 <wb> C27 C29 C0 <wb> C20 C0 C26 C21 C0 C19 C0 C29 C0 <wb> C30 C0 C22 C0 C18 C0 C1 C24 C0 C11 <wb> C19 C0 C16 <wb> C1 C37 C0 C31 C0 C38 C0 C19 C0 C32 C0 C1
hindi_female_005605|C4 C0 C16 <wb> C21 C0 C26 C13 C0 <wb> C32 C0 C26 <wb> C16 C30 C0 <wb> C28 C0 C29 C0 <wb> C37 C0 C16 C31 C0 C37 C0 C1 C30 C0 <wb> C4 C0 C16 <wb> C19 C0 C29 C0 C32 C0 C11 <wb> C15 C0 C2 C23 <wb> C38 C0 C11 <wb> C37 C0 C16 C31 C0 C37 C0 C1 C30 C0 <wb> C32 C0 C26 <wb> C37 C0 C38 C0 C19 C0 C32 C0 C16 C13 C0 C32 C0 <wb> C15 C0 C2
hindi_female_005703|C16 C30 C0 C19 C0 C11 <wb> C3 C0 C1 C7 C0 <wb> C36 C30 C0 C24 C0 C11 <wb> C11 C19 C0 <wb> C31 C0 C21 C0 C26 C19 C0 <wb> C21 C0 C16 C20 C0 C19 C0 C29 C0 <wb> C0 C28 C0 C24 C0 C11 <wb> C28 C0 C16 C32 C0 C1 <wb> C19 C0 C11 <wb> C7 C0 C37 C0 C1 C29 C0 C1 <wb> C19 C0 C23 C35 C0 C30 C0 C33 C0 <wb> C19 C0 C29 C0 C37 C0 C1 C38 C0 C1
hindi_female_005853|C30 C0 C24 C0 <wb> C22 C0 C11 C23 <wb> C30 C0 C24 C0 C1 C32 C0 C19 C0 <wb> C3 C0 C24 C0 C24 C0 C11 <wb> C19 C0 C11 <wb> C3 C0 C1 C7 C0 <wb> C16 C23 C13 C0 C21 C0 C2 C25 C0 C9 C0 <wb> C22 C0 C11 C23 <wb> C19 C0 C1 C24 C0 C36 C24 C0 <wb> C19 C0 C16 <wb> C31 C0 C16 C19 C0 C31 C0 C1 <wb> C19 C0 C11 <wb> C21 C0 C16 C11 <wb> C37 C0 C11 <wb> C5 C0 C36 C24 C0 C11 <wb> C13 C0 C38 C0 C11
hindi_female_005892|C36 C30 C0 C19 C0 C1 <wb> C30 C0 C36 C15 C0 C1 C13 C0 <wb> C31 C0 C1 C31 C0 C37 C0 C32 C0 <wb> C15 C0 C26 <wb> C16 C30 C0 C19 C0 C1 <wb> C36 C30 C0 C24 C0 C11 <wb> C7 C0 C11 C37 C0 C16 <wb> C30 C0 C11 <wb> C37 C0 C29 C0 C7 C0 C1 C24 C0 <wb> C28 C0 C1 C38 C0 C1 <wb> C33 C0 C1
hindi_female_006348|C22 C0 C15 C0 C16 C21 C0 C1 <wb> C19 C0 C1 <wb> C0 C23 C32 C0 <wb> C17 C0 C26 <wb> C33 C0 C1 <wb> C37 C0 C15 C0 <wb> C36 C24 C0 C19 C0 C11 <wb> C30 C0 C1 C22 C0 C24 C0 C11 <wb> C33 C0 C1 <wb> C1 C7 C0 C16 <wb> C27 C29 C0 <wb> C22 C0 C8 C0 C38 C0 <wb> C19 C0 C2 C30 C0 C1 <wb> C29 C0 C15 C0 C1 <wb> C15 C0 C26 C13 C0 C1 <wb> C17 C0 C15 C0 C1 C23 <wb> C32 C0 C19 C0 <wb> C19 C0 C26 C16 <wb> C24 C0 C15 C0 C16 C23 <wb> C33 C0 C1
hindi_female_006407|C27 C29 C0 <wb> C19 C0 C4 C0 C16 <wb> C19 C0 C4 C0 C16 <wb> C15 C0 C22 C0 C11 C23 <wb> C30 C0 C28 C0 C24 C0 C26 C23 <wb> C19 C0 C16 <wb> C7 C0 C36 C24 C0 C16 C38 C0 C1 <wb> C22 C0 C11 C23 <wb> C4 C0 C16 <wb> C21 C0 C11 <wb> C17 C0 C1 C32 C0 C11 <wb> C33 C0 C11 <wb> C17 C0 C16 C24 C0 C15 C0 C11 C23 <wb> C15 C0 C22 C0 <wb> C1 C17 C0 <wb> C4 C0 C16 <wb> C38 C0 C1 C7 C0 <wb> C19 C0 C29 C0 C19 C0 C11 <wb> C28 C0 C29 C0 C30 C0 C24 C0 C24 C0 <wb> C15 C0 C26 <wb> C17 C0 C1 C32 C0 C11 <wb> C15 C0 C2 C23
hindi_female_006412|C30 C0 C4 C0 C1 <wb> C22 C0 C11 C23 <wb> C32 C0 C38 C0 <wb> C15 C0 C26 C24 C0 C1 <wb> C33 C0 C1 <wb> C19 C0 C16 <wb> C36 C24 C0 C19 C0 C1 <wb> C29 C0 C1 C17 C0 C1 <wb> C19 C0 C27 C24 C0 <wb> C3 C0 C24 C0 C11 C13 C0 C1
hindi_female_006433|C37 C0 C15 C0 <wb> C0 C15 C0 C23 C19 C0 C1 C29 C0 <wb> C37 C0 C31 C0 <wb> C0 C28 C0 C24 C0 C1 <wb> C13 C0 C36 C25 C0 C13 C0 C1 C24 C0 <wb> C20 C0 C36 C7 C0 <wb> C19 C0 C29 C0 <wb> C29 C0 C15 C0 C1 <wb> C33 C0 C1
hindi_female_006435|C38 C0 C15 C0 <wb> C32 C0 C26 <wb> C15 C0 C22 C0 C1 C29 C0 C11 <wb> C30 C0 C22 C0 C1 C17 C0 <wb> C19 C0 C1 <wb> C30 C0 C27 C4 C0 C1 C13 C0 C38 C0 <wb> C15 C0 C2
hindi_female_006437|C1 C17 C0 <wb> C17 C0 C26 <wb> C19 C0 C15 C0 C1 C24 C0 C16 <wb> C22 C0 C2 C23 <wb> C21 C0 C16 C20 C0 C24 C0 C11 <wb> C17 C0 C1 <wb> C29 C0 C15 C0 C1 <wb> C15 C0 C36 C23 <wb> C37 C0 C26 <wb> C3 C0 C16 C21 C0 C19 C0 C36 C21 C0 <wb> C30 C0 C32 C0 C38 C0 <wb> C15 C0 C2
hindi_female_006439|C11 C19 C0 <wb> C28 C0 C29 C0 C16 C37 C0 C1 C29 C0 <wb> C33 C0 C1 <wb> C17 C0 C16 C30 C0 C22 C0 C11 C23 <wb> C28 C0 C32 C0 C16 <wb> C28 C0 C32 C0 C24 C0 C16 <wb> C27 C29 C0 <wb> C36 C24 C0 C19 C0 C11 <wb> C32 C0 C16 C24 C0 <wb> C3 C0 C5 C0 C5 C0 C11 <wb> C33 C0 C11
hindi_female_006450|C17 C0 C2 C30 C0 C11 <wb> C36 C30 C0 C19 C0 C26 <wb> C19 C0 C36 C6 C0 <wb> C15 C0 C36 C1 <wb> C15 C0 C16 <wb> C24 C0 C15 C0 C16 C23 <wb> C33 C0 C1 <wb> C11 C19 C0 <wb> C1 C22 C0 <wb> C1 C7 C0 C22 C0 C16 <wb> C19 C0 C16 <wb> C32 C0 C29 C0 C15 C0 <wb> C0 C28 C0 C24 C0 C16 <wb> C17 C0 C16 C24 C0 C7 C0 C13 C0 C16 <wb> C37 C0 C38 C0 C32 C0 C16 C32 C0 <wb> C19 C0 C29 C0 <wb> C29 C0 C15 C0 C1 <wb> C33 C0 C1
hindi_female_006451|C36 C30 C0 C19 C0 C16 <wb> C3 C0 C11 C34 C0 C16 <wb> C19 C0 C16 <wb> C31 C0 C1 C7 C0 C16 <wb> C32 C0 C26 <wb> C28 C0 C15 C0 C21 C0 C11 <wb> C15 C0 C16 <wb> C15 C0 C26 <wb> C5 C0 C36 C19 C0 C16 <wb> C33 C0 C16 <wb> C0 C3 C0 <wb> C36 C30 C0 C24 C0 C11 <wb> C0 C28 C0 C24 C0 C11 <wb> C28 C0 C15 C0 C21 C0 C11 <wb> C3 C0 C11 C34 C0 C11 <wb> C19 C0 C16 <wb> C4 C0 C16 <wb> C31 C0 C1 C7 C0 C16 <wb> C19 C0 C29 C0 <wb> C7 C0 C16
hindi_female_006452|C8 C0 C16 C29 C0 C11 <wb> C8 C0 C16 C29 C0 C11 <wb> C37 C0 C19 C0 C32 C0 <wb> C3 C0 C16 C32 C0 C32 C0 C1 <wb> C13 C0 C38 C0 C1 <wb> C27 C29 C0 <wb> C30 C0 C1 C21 C0 <wb> C3 C0 C16 C32 C0 <wb> C13 C0 C11
hindi_female_006458|C36 C30 C0 C24 C0 C11 <wb> C0 C28 C0 C24 C0 C11 <wb> C6 C0 C26 C34 C0 C11 <wb> C3 C0 C5 C0 C5 C0 C11 <wb> C19 C0 C16 <wb> C4 C0 C16 <wb> C31 C0 C1 C7 C0 C16 <wb> C19 C0 C29 C0 <wb> C7 C0 C16 <wb> C28 C0 C29 C0 <wb> C36 C30 C0 C19 C0 C16 <wb> C15 C0 C1 C21 C0 C32 C0 <wb> C8 C0 C16 C29 C0 C11 <wb> C8 C0 C16 C29 C0 C11 <wb> C27 C29 C0 <wb> C20 C0 C29 C0 C1 C3 C0 <wb> C15 C0 C26 C32 C0 C16 <wb> C5 C0 C21 C0 C16 <wb> C13 C0 C16
hindi_female_006469|C14 C0 C29 C0 C37 C0 C1 C21 C0 C26 C23 <wb> C24 C0 C11 <wb> C4 C0 C16 <wb> C36 C24 C0 C19 C0 C26 <wb> C17 C0 C26 C31 C0 <wb> C24 C0 C16 <wb> C36 C22 C0 C22 C0 C16 C7 C0 <wb> C7 C0 C16 C21 C0 C1 C24 C0 C11 <wb> C19 C0 C16 <wb> C3 C0 C15 C0 C36 C32 C0 <wb> C19 C0 C26 C31 C0 C16 C31 C0 <wb> C19 C0 C16
hindi_female_006476|C21 C0 C11 C19 C0 C16 C24 C0 <wb> C22 C0 C11 C29 C0 C11 <wb> C28 C0 C1 C30 C0 <wb> C31 C0 C3 C0 C7 C0 <wb> C24 C0 C15 C0 C16 C23 <wb> C15 C0 C2 <wb> C36 C30 C0 <wb> C37 C0 C19 C0 C32 C0 <wb> C19 C0 C26 <wb> C3 C0 C38 C0 C1 C24 C0 <wb> C19 C0 C29 C0 C24 C0 C11 <wb> C19 C0 C11 <wb> C21 C0 C16 C11
hindi_female_006477|C28 C0 C29 C0 <wb> C22 C0 C1 C24 C0 C26 <wb> C37 C0 C26 <wb> C22 C0 C23 C32 C0 C29 C0 <wb> C17 C0 C2 C30 C0 C11 <wb> C36 C24 C0 C19 C0 C11 <wb> C28 C0 C29 C0 C16 C37 C0 C1 C29 C0 <wb> C37 C0 C1 C21 C0 C26 C23 <wb> C19 C0 C26 <wb> C31 C0 C19 C0 C32 C0 C16 <wb> C7 C0 C11 <wb> C29 C0 C15 C0 C1 <wb> C15 C0 C26
hindi_female_006479|C37 C0 C26 <wb> C17 C0 C1 C24 C0 C32 C0 C1 <wb> C33 C0 C1 <wb> C19 C0 C16 <wb> C19 C0 C16 C30 C0 C16 <wb> C24 C0 C1 <wb> C19 C0 C16 C30 C0 C16 <wb> C19 C0 C26 <wb> C15 C0 C16 C22 C0 C22 C0 C32 C0 <wb> C19 C0 C29 C0 C24 C0 C16 <wb> C15 C0 C26 C13 C0 C16 <wb> C32 C0 C1 C19 C0 C16 <wb> C36 C24 C0 C19 C0 C16 <wb> C0 C23 C32 C0 C16 C22 C0 <wb> C38 C0 C1 C32 C0 C29 C0 C1 <wb> C15 C0 C26 <wb> C30 C0 C19 C0 C11
hindi_female_006485|C36 C24 C0 C19 C0 C11 <wb> C17 C0 C1 C24 C0 C11 <wb> C19 C0 C11 <wb> C3 C0 C1 C7 C0 <wb> C22 C0 C1 C24 C0 C26 <wb> C30 C0 C4 C0 C16 <wb> C28 C0 C29 C0 C16 C37 C0 C1 C29 C0 <wb> C37 C0 C1 C21 C0 C26 C23 <wb> C19 C0 C16 <wb> C4 C0 C16 <wb> C17 C0 C16 C24 C0 C11 <wb> C19 C0 C16 <wb> C5 C0 C1 C15 C0 <wb> C24 C0 C15 C0 C16 C23 <wb> C29 C0 C15 C0 C16 <wb> C33 C0 C16
hindi_female_006489|C38 C0 C11 <wb> C3 C0 C1 C32 C0 <wb> C37 C0 C26 <wb> C4 C0 C16 <wb> C17 C0 C1 C24 C0 C32 C0 C11 <wb> C15 C0 C2 C23 <wb> C17 C0 C26 <wb> C17 C0 C1 C32 C0 C1 <wb> C15 C0 C2 <wb> C37 C0 C26 <wb> C37 C0 C1 C28 C0 C30 C0 <wb> C19 C0 C4 C0 C16 <wb> C24 C0 C15 C0 C16 C23 <wb> C1 C32 C0 C1
hindi_female_006496|C0 C28 C0 C24 C0 C16 <wb> C17 C0 C16 C24 C0 C11 <wb> C19 C0 C16 <wb> C5 C0 C1 C15 C0 <wb> C19 C0 C26 <wb> C19 C0 C4 C0 C16 <wb> C19 C0 C22 C0 <wb> C24 C0 C15 C0 C16 C23 <wb> C19 C0 C29 C0 C24 C0 C1 <wb> C5 C0 C1 C15 C0 C16 C11 <wb> C27 C29 C0 <wb> C0 C13 C0 C29 C0 <wb> C1 C28 C0 <wb> C2 C30 C0 C1 <wb> C19 C0 C29 C0 C32 C0 C11 <wb> C15 C0 C2 C23 <wb> C32 C0 C26 <wb> C1 C28 C0 <wb> C20 C0 C36 C7 C0 <wb> C22 C0 C15 C0 C30 C0 C36 C30 C0 <wb> C19 C0 C29 C0 C11 C23 C13 C0 C11 <wb> C19 C0 C16 <wb> C1 C28 C0 <wb> C0 C28 C0 C24 C0 C16 <wb> C3 C0 C16 C22 C0 C1 C29 C0 C16 <wb> C30 C0 C11 <wb> C35 C0 C16 C19 C0 <wb> C15 C0 C26 <wb> C29 C0 C15 C0 C11 <wb> C15 C0 C2 C23
hindi_female_006498|C37 C0 C15 C0 <wb> C4 C0 C16 <wb> C0 C28 C0 C24 C0 C11 <wb> C28 C0 C16 C32 C0 C1 <wb> C19 C0 C11 <wb> C30 C0 C22 C0 C1 C24 C0 <wb> C3 C0 C36 C7 C0 C8 C0 C16 C22 C0 C1 C24 C0 <wb> C32 C0 C33 C0 C1 <wb> C5 C0 C32 C0 C36 C29 C0 <wb> C33 C0 C16
hindi_female_006500|C22 C0 C15 C0 C21 C0 <wb> C22 C0 C11 C23 <wb> C17 C0 C1 C19 C0 C29 C0 <wb> C36 C30 C0 C24 C0 C11 <wb> C30 C0 C4 C0 C16 <wb> C19 C0 C19 C0 C31 C0 <wb> C32 C0 C33 C0 C1 <wb> C31 C0 C1 C15 C0 C16 <wb> C36 C7 C0 C38 C0 C1 C24 C0 <wb> C7 C0 C11 C20 C0 C11
hindi_female_006502|C36 C30 C0 <wb> C30 C0 C22 C0 C38 C0 <wb> C3 C0 C1 C7 C0 C31 C0 C1 C15 C0 <wb> C7 C0 C29 C0 C3 C0 C1 C29 C0 <wb> C22 C0 C11 C23 <wb> C3 C0 C2 C35 C0 C11 <wb> C33 C0 C11
hindi_female_006506|C27 C29 C0 <wb> C38 C0 C15 C0 <wb> C17 C0 C37 C0 C1 C3 C0 <wb> C30 C0 C36 C24 C0 C19 C0 C29 C0 <wb> C3 C0 C1 C7 C0 C31 C0 C1 C15 C0 <wb> C15 C0 C2 C29 C0 C1 C24 C0 <wb> C15 C0 C26 <wb> C13 C0 C11
hindi_female_006508|C16 C30 C0 C21 C0 C16 C11 <wb> C36 C24 C0 C15 C0 C26 C23 C24 C0 C11 <wb> C36 C30 C0 C30 C0 C11 <wb> C28 C0 C36 C6 C0 C1 <wb> C32 C0 C36 C22 C0 <wb> C19 C0 C38 C0 C1 <wb> C19 C0 C15 C0 C24 C0 C1 <wb> C5 C0 C1 C15 C0 C32 C0 C16 <wb> C15 C0 C26 <wb> C3 C0 C11 C34 C0 C16
hindi_female_006517|C30 C0 C1 C8 C0 C36 <wb> C24 C0 C11 <wb> C13 C0 C1 C38 C0 <wb> C21 C0 C11 <wb> C21 C0 C16 <wb> C27 C29 C0 <wb> C1 C13 C0 C11 <wb> C5 C0 C21 C0 <wb> C28 C0 C9 C0 C11
hindi_female_006520|C37 C0 C38 C0 C1 C28 C0 C1 C29 C0 C16 <wb> C24 C0 C11 <wb> C30 C0 C1 C8 C0 C36 <wb> C19 C0 C26 <wb> C0 C28 C0 C24 C0 C1 <wb> C28 C0 C29 C0 C16 C5 C0 C38 C0 <wb> C7 C0 C16 C38 C0 C1
hindi_female_006521|C12 C0 C16 C29 C0 <wb> C36 C32 C0 C30 C0 C36 C19 C0 C32 C0 C1 C37 C0 C31 C0 <wb> C28 C0 C36 C6 C0 <wb> C3 C0 C2 C35 C0 C1 <wb> C38 C0 C15 C0 <wb> C13 C0 C1 C38 C0 <wb> C21 C0 C11 C19 C0 C29 C0 <wb> C1 C28 C0 <wb> C32 C0 C16 C29 C0 C33 C0 <wb> C38 C0 C1 C32 C0 C29 C0 C1 <wb> C19 C0 C11 <wb> C21 C0 C16 C11 <wb> C19 C0 C38 C0 C26 C23 <wb> C24 C0 C16 C19 C0 C21 C0 C11 <wb> C15 C0 C2
hindi_female_006524|C37 C0 C38 C0 C1 C28 C0 C1 C29 C0 C16 <wb> C24 C0 C11 <wb> C7 C0 C11 C20 C0 C1 <wb> C19 C0 C16 <wb> C13 C0 C1 C38 C0 <wb> C3 C0 C15 C0 C36 C32 C0 <wb> C30 C0 C36 C24 C0 C7 C0 C29 C0 <wb> C15 C0 C2
hindi_female_006535|C30 C0 C1 C8 C0 C36 <wb> C36 C30 C0 <wb> C37 C0 C38 C0 C1 C28 C0 C1 C29 C0 C16 <wb> C19 C0 C11 <wb> C22 C0 C24 C0 <wb> C19 C0 C16 <wb> C3 C0 C1 C32 C0 <wb> C30 C0 C22 C0 C18 C0 <wb> C13 C0 C11
hindi_female_006536|C32 C0 C36 C22 C0 <wb> C4 C0 C16 <wb> C16 C30 C0 <wb> C13 C0 C1 C38 C0 <wb> C19 C0 C26 <wb> C28 C0 C29 C0 C1 C28 C0 C32 C0 <wb> C19 C0 C29 C0 C24 C0 C11 <wb> C19 C0 C11 <wb> C0 C8 C0 C16 C19 C0 C1 C29 C0 C16 <wb> C3 C0 C24 C0 <wb> C30 C0 C19 C0 C32 C0 C11 <wb> C15 C0 C26 <wb> C21 C0 C11 C19 C0 C16 C24 C0 <wb> C36 C30 C0 C30 C0 C11 <wb> C28 C0 C15 C0 C21 C0 C11 <wb> C11 C19 C0 <wb> C19 C0 C1 C22 C0 <wb> C19 C0 C29 C0 C24 C0 C1 <wb> C15 C0 C26 C13 C0 C1
hindi_female_006552|C0 C3 C0 <wb> C32 C0 C26 <wb> C16 C30 C0 <wb> C30 C0 C16 C20 C0 <wb> C19 C0 C26 <wb> C28 C0 C29 C0 C1 C28 C0 C32 C0 <wb> C19 C0 C29 C0 C19 C0 C11 <wb> C30 C0 C23 C32 C0 C26 C31 C0 <wb> C19 C0 C29 C0 C26
hindi_female_006560|C7 C0 C26 C24 C0 C26 C23 <wb> C19 C0 C1 <wb> C3 C0 C5 C0 C28 C0 C24 C0 <wb> C32 C0 C26 <wb> C20 C0 C11 C21 C0 <wb> C19 C0 C36 C7 C0 <wb> C22 C0 C11 C23 <wb> C3 C0 C16 C32 C0 <wb> C13 C0 C38 C0 C1
hindi_female_006561|C21 C0 C11 C19 C0 C16 C24 C0 <wb> C19 C0 C16 C31 C0 C26 C29 C0 <wb> C15 C0 C26 C32 C0 C11 <wb> C15 C0 C16 <wb> C7 C0 C26 C24 C0 C26 C23 <wb> C0 C28 C0 C24 C0 C11 <wb> C0 C28 C0 C24 C0 C11 <wb> C22 C0 C24 C0 <wb> C19 C0 C16 <wb> C19 C0 C29 C0 C24 C0 C11 <wb> C21 C0 C13 C0 C11
hindi_female_006573|C7 C0 C26 C24 C0 C26 C23 <wb> C3 C0 C11 C34 C0 C11 <wb> C1 C17 C0 C24 C0 C1 <wb> C22 C0 C1 C24 C0 C24 C0 C11 <wb> C19 C0 C11 <wb> C21 C0 C16 C11 <wb> C32 C0 C2 C38 C0 C1 C29 C0 <wb> C15 C0 C26 <wb> C13 C0 C11
hindi_female_006575|C17 C0 C3 C0 <wb> C32 C0 C19 C0 <wb> C22 C0 C2 C23 <wb> C32 C0 C36 C22 C0 C30 C0 C11 <wb> C1 C24 C0 C11 <wb> C19 C0 C11 <wb> C21 C0 C16 C11 <wb> C24 C0 C1 <wb> C19 C0 C15 C0 C36 C23 <wb> C32 C0 C3 C0 <wb> C32 C0 C19 C0 <wb> C2 C30 C0 C11 <wb> C15 C0 C16 <wb> C29 C0 C15 C0 C24 C0 C1
hindi_female_006576|C16 C32 C0 C24 C0 C1 <wb> C19 C0 C15 C0 C19 C0 C29 C0 <wb> C22 C0 C1 C23 <wb> C24 C0 C11 <wb> C0 C23 C32 C0 C16 C22 C0 <wb> C30 C0 C1 C23 C30 C0 <wb> C21 C0 C11 <wb> C21 C0 C16
hindi_female_006583|C38 C0 C11 <wb> C22 C0 C15 C0 C32 C0 C37 C0 C28 C0 C36 C29 C0 C25 C0 <wb> C7 C0 C29 C0 C31 C0 C24 C0 C16 C38 C0 <wb> C30 C0 C33 C0 C21 C0 <wb> C4 C0 C16 <wb> C15 C0 C2 C23
hindi_female_006644|C3 C0 C30 C0 <wb> C38 C0 C15 C0 C16 <wb> C5 C0 C1 C15 C0 C32 C0 C11 <wb> C33 C0 C11 <wb> C19 C0 C16 <wb> C19 C0 C16 C30 C0 C16 <wb> C32 C0 C29 C0 C15 C0 <wb> C17 C0 C21 C0 C7 C0 C16 <wb> C30 C0 C11 <wb> C17 C0 C21 C0 C7 C0 C16 <wb> C0 C28 C0 C24 C0 C11 <wb> C14 C0 C29 C0 <wb> C28 C0 C15 C0 C36 C23 C5 C0 <wb> C17 C0 C1 C38 C0 C11 C23
hindi_female_006647|C37 C0 C15 C0 <wb> C37 C0 C38 C0 C1 C28 C0 C1 C29 C0 C16 <wb> C19 C0 C16 C30 C0 C16 <wb> C22 C0 C11 C21 C0 C11 <wb> C22 C0 C11 C23 <wb> C17 C0 C1 <wb> C29 C0 C15 C0 C1 <wb> C33 C0 C1
hindi_female_006662|C37 C0 C15 C0 <wb> C3 C0 C26 C21 C0 C1 <wb> C1 C28 C0 <wb> C22 C0 C11 C29 C0 C11 <wb> C28 C0 C16 C32 C0 C1 <wb> C30 C0 C22 C0 C1 C24 C0 <wb> C15 C0 C2 <wb> C22 C0 C36 C18 C0 C11 <wb> C19 C0 C36 C6 C0 <wb> C20 C0 C1 C24 C0 C11 <wb> C19 C0 C26 <wb> C7 C0 C11
hindi_female_006663|C37 C0 C38 C0 C1 C28 C0 C1 C29 C0 C16 <wb> C24 C0 C11 <wb> C30 C0 C26 C5 C0 C1 <wb> C19 C0 C16 <wb> C38 C0 C15 C0 <wb> C22 C0 C36 C18 C0 C11 <wb> C0 C28 C0 C24 C0 C11 <wb> C28 C0 C16 C32 C0 C1 <wb> C17 C0 C2 C30 C0 C1 <wb> C1 C7 C0 C29 C0 <wb> C7 C0 C11 <wb> C29 C0 C15 C0 C1 <wb> C15 C0 C2
hindi_female_006670|C12 C0 C16 C29 C0 <wb> C38 C0 C15 C0 <wb> C22 C0 C16 C32 C0 C29 C0 <wb> C32 C0 C26 <wb> C22 C0 C36 C30 C0 C16 C3 C0 C32 C0 <wb> C22 C0 C11 C23 <wb> C15 C0 C2 <wb> C16 C30 C0 C19 C0 C16 <wb> C22 C0 C7 C0 C7 C0 <wb> C19 C0 C29 C0 C24 C0 C16 <wb> C5 C0 C1 C15 C0 C16 C11
hindi_female_006683|C11 C19 C0 <wb> C7 C0 C16 C24 C0 <wb> C11 C19 C0 <wb> C31 C0 C16 C31 C0 C38 C0 <wb> C19 C0 C26 <wb> C4 C0 C11 C17 C0 <wb> C19 C0 C29 C0 <wb> C36 C24 C0 C15 C0 C26 C23 C24 C0 C11 <wb> C36 C30 C0 C11 <wb> C3 C0 C36 C21 C0 C1 C38 C0 C1 <wb> C27 C29 C0 <wb> C19 C0 C15 C0 C1 <wb> C4 C0 C1 C16 <wb> C32 C0 C36 C22 C0 <wb> C32 C0 C26 <wb> C3 C0 C15 C0 C36 C32 C0 <wb> C0 C5 C0 C6 C0 C1 <wb> C13 C0 C1 C32 C0 C11 <wb> C15 C0 C26
hindi_female_006687|C29 C0 C36 C28 C0 C38 C0 C11 <wb> C28 C0 C1 <wb> C19 C0 C29 C0 <wb> C17 C0 C36 C32 C0 C11 <wb> C37 C0 C1 C21 C0 C1 <wb> C3 C0 C15 C0 C36 C32 C0 <wb> C20 C0 C36 C31 C0 <wb> C15 C0 C36 C1
hindi_female_006691|C19 C0 C1 C22 C0 <wb> C22 C0 C11 C23 <wb> C21 C0 C1 C28 C0 C29 C0 C37 C0 C1 C15 C0 C16 <wb> C19 C0 C11 <wb> C19 C0 C1 C29 C0 C25 C0 <wb> C36 C30 C0 C19 C0 C11 <wb> C13 C0 C29 C0 C1 C15 C0 C19 C0 <wb> C4 C0 C16 <wb> C36 C30 C0 <wb> C28 C0 C29 C0 <wb> C13 C0 C36 C30 C0 C30 C0 C1 <wb> C19 C0 C29 C0 C24 C0 C11 <wb> C21 C0 C13 C0 C11
hindi_female_006695|C28 C0 C23 C9 C0 C16 C32 C0 <wb> C17 C0 C16 <wb> C24 C0 C11 <wb> C28 C0 C36 C6 C0 C1 <wb> C19 C0 C38 C0 C26 C23 <wb> C19 C0 C38 C0 C1 <wb> C19 C0 C16 C30 C0 C16 <wb> C24 C0 C11 <wb> C19 C0 C36 C6 C0 <wb> C19 C0 C15 C0 C1 <wb> C32 C0 C36 C22 C0 C30 C0 C11
hindi_female_006697|C16 C30 C0 C16 <wb> C29 C0 C36 C28 C0 C38 C0 C11 <wb> C24 C0 C11 <wb> C22 C0 C11 C29 C0 C1 <wb> C17 C0 C16 C24 C0 C1 <wb> C15 C0 C29 C0 C1 C22 C0 <wb> C19 C0 C29 C0 <wb> C7 C0 C16 C38 C0 C1
hindi_female_006699|C22 C0 C2 C23 <wb> C30 C0 C22 C0 C18 C0 <wb> C13 C0 C38 C0 C1 <wb> C19 C0 C16 <wb> C0 C28 C0 C24 C0 C16 <wb> C22 C0 C11 C15 C0 C24 C0 C32 C0 <wb> C19 C0 C16 <wb> C19 C0 C22 C0 C1 C16 <wb> C22 C0 C11 C23 <wb> C17 C0 C26 <wb> C30 C0 C36 C20 C0 <wb> C15 C0 C2 <wb> C37 C0 C15 C0 <wb> C28 C0 C29 C0 C1 C38 C0 C11 <wb> C8 C0 C24 C0 <wb> C22 C0 C11 C23 <wb> C24 C0 C15 C0 C16 C23 <wb> C15 C0 C2
hindi_female_006702|C11 C19 C0 <wb> C3 C0 C1 C29 C0 <wb> C19 C0 C1 C31 C0 C16 <wb> C24 C0 C29 C0 C11 C31 C0 <wb> C24 C0 C11 <wb> C22 C0 C11 C29 C0 C35 C0 <wb> C28 C0 C29 C0 <wb> C1 C19 C0 C29 C0 C22 C0 C25 C0 <wb> C19 C0 C29 C0 C19 C0 C11 <wb> C36 C30 C0 <wb> C28 C0 C29 C0 <wb> C0 C8 C0 C16 C19 C0 C1 C29 C0 <wb> C19 C0 C29 C0 <wb> C21 C0 C16 C38 C0 C1
hindi_female_006704|C22 C0 C11 C29 C0 C35 C0 <wb> C19 C0 C16 <wb> C28 C0 C29 C0 C17 C0 C1 <wb> C0 C28 C0 C24 C0 C11 <wb> C29 C0 C1 C17 C0 C1 <wb> C19 C0 C11 <wb> C17 C0 C1 C24 C0 C11 <wb> C30 C0 C11 <wb> C0 C32 C0 C38 C0 C23 C32 C0 <wb> C7 C0 C36 C20 C0 C16 <wb> C33 C0 C16 <wb> C27 C29 C0 <wb> C36 C24 C0 C15 C0 C11 C23 <wb> C15 C0 C22 C0 C11 C31 C0 C1 <wb> C38 C0 C1 C7 C0 <wb> C19 C0 C29 C0 C32 C0 C16 <wb> C29 C0 C15 C0 C32 C0 C16 <wb> C33 C0 C16
hindi_female_006707|C16 C30 C0 <wb> C14 C0 C26 C31 C0 C25 C0 C1 <wb> C19 C0 C1 <wb> C28 C0 C29 C0 C17 C0 C1 <wb> C28 C0 C29 C0 <wb> C19 C0 C26 C16 <wb> C0 C30 C0 C29 C0 <wb> C24 C0 C15 C0 C16 C23 <wb> C28 C0 C9 C0 C1
hindi_female_006710|C29 C0 C1 C17 C0 C1 <wb> C24 C0 C11 <wb> C36 C30 C0 C19 C0 C1 <wb> C28 C0 C29 C0 C16 C5 C0 C38 C0 <wb> C28 C0 C36 C6 C0 C1 <wb> C32 C0 C26 <wb> C3 C0 C26 C21 C0 C1 <wb> C22 C0 C2 C23 <wb> C3 C0 C15 C0 C36 C32 C0 <wb> C3 C0 C9 C0 C1 <wb> C37 C0 C38 C0 C1 C28 C0 C1 C29 C0 C16 <wb> C33 C0 C1
hindi_female_006715|C36 C24 C0 C15 C0 C11 C23 <wb> C19 C0 C1 C31 C0 C16 <wb> C24 C0 C29 C0 C11 C31 C0 <wb> C19 C0 C16 <wb> C14 C0 C26 C31 C0 C25 C0 C1 <wb> C19 C0 C1 <wb> C28 C0 C32 C0 C1 <wb> C5 C0 C21 C0 <wb> C13 C0 C38 C0 C1 <wb> C33 C0 C1 <wb> C16 C30 C0 C21 C0 C16 C11 <wb> C36 C24 C0 C15 C0 C26 C23 C24 C0 C11 <wb> C16 C30 C0 <wb> C37 C0 C38 C0 C19 C0 C32 C0 C16 <wb> C19 C0 C16 <wb> C30 C0 C15 C0 C1 C38 C0 C32 C0 C1 <wb> C19 C0 C16 <wb> C11 C19 C0 <wb> C38 C0 C26 C17 C0 C24 C0 C1 <wb> C3 C0 C24 C0 C1 C16
hindi_female_006716|C37 C0 C15 C0 <wb> C36 C30 C0 C11 <wb> C21 C0 C11 C19 C0 C29 C0 <wb> C22 C0 C11 C29 C0 C35 C0 <wb> C28 C0 C15 C0 C36 C23 C5 C0 C11 <wb> C27 C29 C0 <wb> C37 C0 C15 C0 C1 C23 <wb> C19 C0 C1 C31 C0 C16 <wb> C24 C0 C29 C0 C11 C31 C0 <wb> C30 C0 C11 <wb> C3 C0 C26 C21 C0 C11 <wb> C22 C0 C2 C23 <wb> C22 C0 C11 C29 C0 C35 C0 <wb> C19 C0 C1 <wb> C29 C0 C1 C17 C0 C1 <wb> C32 C0 C36 C22 C0 C15 C0 C1 C29 C0 C11 <wb> C30 C0 C1 C22 C0 C24 C0 C11 <wb> C15 C0 C36 C23
hindi_female_006720|C38 C0 C15 C0 <wb> C19 C0 C15 C0 C19 C0 C29 C0 <wb> C36 C24 C0 C15 C0 C26 C23 C24 C0 C11 <wb> C22 C0 C11 C29 C0 C35 C0 <wb> C19 C0 C11 <wb> C29 C0 C1 C17 C0 C1 <wb> C19 C0 C1 <wb> C15 C0 C1 C33 C0 <wb> C28 C0 C19 C0 C9 C0 C19 C0 C29 C0 <wb> C36 C24 C0 C15 C0 C11 C23 <wb> C30 C0 C16 C23 C15 C0 C1 C30 C0 C24 C0 <wb> C28 C0 C29 C0 <wb> C3 C0 C16 C35 C0 C1 <wb> C7 C0 C16 C38 C0 C1 <wb> C27 C29 C0 <wb> C37 C0 C15 C0 C1 C23 <wb> C30 C0 C11 <wb> C5 C0 C21 C0 C11 <wb> C13 C0 C11
hindi_female_006734|C36 C30 C0 C19 C0 C11 <wb> C30 C0 C1 C33 C0 C16 C38 C0 C26 C23 <wb> C24 C0 C11 <wb> C30 C0 C22 C0 C18 C0 C1 C38 C0 C1 <wb> C19 C0 C16 <wb> C30 C0 C22 C0 C36 C7 C0 C29 C0 <wb> C3 C0 C15 C0 C36 C32 C0 <wb> C37 C0 C16 C31 C0 C1 C21 C0 <wb> C15 C0 C2
hindi_female_006739|C36 C24 C0 C22 C0 C11 C23 <wb> C3 C0 C9 C0 C11 <wb> C3 C0 C9 C0 C11 <wb> C29 C0 C30 C0 C16 C21 C0 C11 <wb> C27 C29 C0 <wb> C22 C0 C16 C35 C0 C11 <wb> C1 C22 C0 <wb> C21 C0 C13 C0 C11 <wb> C15 C0 C36 C11 <wb> C33 C0 C11
hindi_female_006744|C21 C0 C11 C19 C0 C16 C24 C0 <wb> C37 C0 C15 C0 <wb> C30 C0 C33 C0 C21 C0 <wb> C15 C0 C22 C0 C1 C29 C0 C16 <wb> C30 C0 C16 C22 C0 C1 <wb> C30 C0 C11 <wb> C3 C0 C1 C15 C0 C29 C0 <wb> C15 C0 C2
hindi_female_006751|C38 C0 C1 C32 C0 C29 C0 C1 <wb> C21 C0 C22 C0 C3 C0 C16 <wb> C33 C0 C16 <wb> C27 C29 C0 <wb> C3 C0 C26 C18 C0 <wb> C0 C8 C0 C16 C19 C0 <wb> C33 C0 C1
hindi_female_006755|C30 C0 C22 C0 C36 C7 C0 C29 C0 <wb> C28 C0 C1 C29 C0 <wb> C30 C0 C11 <wb> C36 C30 C0 C19 C0 C11 <wb> C30 C0 C1 C33 C0 C16 C38 C0 C26 C23 <wb> C24 C0 C11 <wb> C36 C30 C0 C11 <wb> C16 C30 C0 <wb> C32 C0 C29 C0 C15 C0 <wb> C36 C9 C0 C32 C0 C11 <wb> C7 C0 C11 C20 C0 C1 <wb> C32 C0 C26 <wb> C28 C0 C29 C0 C11 C31 C0 C1 C24 C0 <wb> C15 C0 C26 C24 C0 C11 <wb> C21 C0 C13 C0 C11
hindi_female_006759|C11 C19 C0 <wb> C3 C0 C1 C29 C0 <wb> C3 C0 C1 C7 C0 C31 C0 C1 C15 C0 <wb> C0 C19 C0 C3 C0 C29 C0 <wb> C19 C0 C16 <wb> C30 C0 C3 C0 C30 C0 C11 <wb> C28 C0 C29 C0 C16 C38 C0 <wb> C28 C0 C32 C0 C24 C0 C16 <wb> C24 C0 C11 <wb> C3 C0 C1 C7 C0 C31 C0 C1 C15 C0 <wb> C30 C0 C11 <wb> C22 C0 C16 C21 C0 C24 C0 C11 <wb> C19 C0 C11 <wb> C21 C0 C16 C11 <wb> C0 C28 C0 C24 C0 C1 <wb> C30 C0 C23 C7 C0 C11 C31 C0 <wb> C4 C0 C11 C17 C0 C1
hindi_female_006761|C16 C30 C0 C21 C0 C16 C38 C0 C11 <wb> C37 C0 C15 C0 <wb> C30 C0 C23 C7 C0 C11 C31 C0 <wb> C21 C0 C11 C19 C0 C29 C0 <wb> C7 C0 C29 C0 C3 C0 C1 C29 C0 <wb> C22 C0 C11 C23 <wb> C15 C0 C16 <wb> C28 C0 C15 C0 C36 C23 C5 C0 <wb> C13 C0 C38 C0 C1
hindi_female_006762|C3 C0 C1 C7 C0 C31 C0 C1 C15 C0 <wb> C24 C0 C11 <wb> C30 C0 C26 C5 C0 C1 <wb> C19 C0 C16 <wb> C22 C0 C2 C23 <wb> C19 C0 C1 C29 C0 C38 C0 <wb> C30 C0 C22 C0 C1 C28 C0 C32 C0 <wb> C19 C0 C29 C0 C19 C0 C11 <wb> C15 C0 C16 <wb> C17 C0 C1 C36 C23 C13 C0 C1
hindi_female_006768|C22 C0 C36 C18 C0 <wb> C28 C0 C29 C0 <wb> C16 C30 C0 <wb> C28 C0 C29 C0 C19 C0 C1 C29 C0 <wb> C15 C0 C23 C30 C0 C24 C0 C11 <wb> C19 C0 C16 <wb> C32 C0 C36 C22 C0 C15 C0 C1 C29 C0 C16 <wb> C15 C0 C16 C22 C0 C22 C0 C32 C0 <wb> C19 C0 C2 C30 C0 C11 <wb> C15 C0 C36 C16
hindi_female_006775|C3 C0 C1 C7 C0 C31 C0 C1 C15 C0 <wb> C0 C19 C0 C3 C0 C29 C0 <wb> C4 C0 C16 <wb> C5 C0 C16 C23 C32 C0 C16 C32 C0 <wb> C15 C0 C26 <wb> C36 C35 C0 C11
hindi_female_006779|C11 C19 C0 <wb> C31 C0 C1 C22 C0 <wb> C3 C0 C1 C7 C0 C31 C0 C1 C15 C0 <wb> C0 C19 C0 C3 C0 C29 C0 <wb> C22 C0 C15 C0 C21 C0 <wb> C19 C0 C16 <wb> C20 C0 C16 C9 C0 C19 C0 C16 <wb> C30 C0 C11 <wb> C3 C0 C1 C15 C0 C29 C0 <wb> C7 C0 C11 C20 C0 <wb> C29 C0 C15 C0 C11 <wb> C33 C0 C11
hindi_female_006784|C22 C0 C11 C29 C0 C11 <wb> C28 C0 C1 C30 C0 <wb> C0 C24 C0 C38 C0 <wb> C19 C0 C26 C16 <wb> C37 C0 C16 C19 C0 C21 C0 C28 C0 <wb> C24 C0 C15 C0 C16 C23 <wb> C33 C0 C1
hindi_female_006785|C22 C0 C2 C23 <wb> C7 C0 C36 C30 C0 C29 C0 C11 <wb> C7 C0 C11 C31 C0 <wb> C22 C0 C11 C23 <wb> C13 C0 C38 C0 C1 <wb> C27 C29 C0 <wb> C37 C0 C15 C0 C1 C23 <wb> C30 C0 C11 <wb> C19 C0 C36 C6 C0 <wb> C22 C0 C16 C34 C0 C34 C0 C16 <wb> C21 C0 C11 C19 C0 C29 C0 <wb> C1 C38 C0 C1 <wb> C15 C0 C36 C23
hindi_female_006799|C30 C0 C4 C0 C16 <wb> C16 C24 C0 C30 C0 C1 C24 C0 <wb> C16 C31 C0 C37 C0 C29 C0 <wb> C38 C0 C1 <wb> C20 C0 C36 C7 C0 C1 <wb> C19 C0 C16 <wb> C15 C0 C16 <wb> C30 C0 C23 C32 C0 C1 C24 C0 <wb> C15 C0 C2 <wb> C0 C32 C0 <wb> C19 C0 C16 C30 C0 C16 <wb> C28 C0 C29 C0 <wb> C0 C32 C0 C38 C0 C1 C5 C0 C1 C29 C0 <wb> C22 C0 C32 C0 <wb> C19 C0 C29 C0 C26
hindi_female_006808|C3 C0 C16 C24 C0 C1 <wb> C19 C0 C16 C30 C0 C16 <wb> C18 C0 C13 C0 C9 C0 C11 <wb> C38 C0 C1 <wb> C37 C0 C16 C37 C0 C1 C7 C0 <wb> C19 C0 C11 <wb> C15 C0 C16 <wb> C37 C0 C16 C29 C0 C26 C8 C0 C16 <wb> C36 C24 C0 C19 C0 C16 <wb> C3 C0 C1 C32 C0 <wb> C19 C0 C1 <wb> C21 C0 C26 C15 C0 C1 <wb> C22 C0 C1 C24 C0 <wb> C21 C0 C11 C32 C0 C11 <wb> C33 C0 C11
hindi_female_006813|C16 C30 C0 <wb> C32 C0 C29 C0 C15 C0 <wb> C19 C0 C11 <wb> C19 C0 C16 <wb> C28 C0 C29 C0 C30 C0 C23 C13 C0 <wb> C15 C0 C2 <wb> C17 C0 C3 C0 <wb> C13 C0 C36 C29 C0 C36 <wb> C24 C0 C1 C24 C0 C19 C0 <wb> C24 C0 C11 <wb> C3 C0 C9 C0 C16 <wb> C22 C0 C1 C30 C0 C36 C22 C0 C16 C38 C0 C32 C0 <wb> C30 C0 C11 <wb> C2 C30 C0 C16 <wb> C3 C0 C1 C32 C0 <wb> C19 C0 C15 C0 <wb> C7 C0 C16
hindi_female_006816|C38 C0 C15 C0 <wb> C32 C0 C26 <wb> C36 C24 C0 C19 C0 C11 <wb> C16 C30 C0 <wb> C17 C0 C16 C37 C0 C24 C0 <wb> C4 C0 C29 C0 <wb> C5 C0 C21 C0 C24 C0 C11 <wb> C37 C0 C1 C21 C0 C11 <wb> C0 C4 C0 C16 C38 C0 C1 C24 C0 <wb> C19 C0 C1 <wb> C11 C19 C0 <wb> C15 C0 C16 C30 C0 C30 C0 C1 <wb> C33 C0 C1
hindi_female_006821|C30 C0 C5 C0 C5 C0 C1 <wb> C8 C0 C29 C0 C22 C0 <wb> C36 C32 C0 C24 C0 C1 <wb> C15 C0 C16 <wb> C30 C0 C29 C0 C21 C0 <wb> C15 C0 C2 <wb> C17 C0 C16 C32 C0 C24 C0 C1 <wb> C37 C0 C15 C0 <wb> C13 C0 C15 C0 C29 C0 C1 <wb> C15 C0 C2
hindi_female_006829|C15 C0 C1 C21 C0 C32 C0 <wb> C38 C0 C11 <wb> C15 C0 C36 C16 <wb> C19 C0 C16 <wb> C22 C0 C23 C32 C0 C29 C0 C16 <wb> C17 C0 C16 <wb> C19 C0 C26 <wb> C3 C0 C2 C35 C0 C19 C0 <wb> C6 C0 C26 C9 C0 C19 C0 C29 C0 <wb> C14 C0 C29 C0 <wb> C21 C0 C27 C34 C0 C24 C0 C1 <wb> C28 C0 C9 C0 C1
hindi_female_006830|C9 C0 C19 C0 C34 C0 C29 C0 C26 C23 <wb> C19 C0 C26 <wb> C3 C0 C36 C21 C0 C1 C38 C0 C1 <wb> C13 C0 C38 C0 C1 <wb> C32 C0 C26 <wb> C28 C0 C32 C0 C1 <wb> C5 C0 C21 C0 C1 <wb> C19 C0 C16 <wb> C22 C0 C11 C9 C0 C16 C19 C0 C21 C0 <wb> C30 C0 C34 C0 C26 C29 C0 <wb> C19 C0 C11 <wb> C7 C0 C36 C19 C0 C1 C24 C0 C7 C0 C1 C29 C0 <wb> C24 C0 C11 <wb> C13 C0 C21 C0 C32 C0 <wb> C7 C0 C37 C0 C1 <wb> C7 C0 C11 <wb> C7 C0 C16 <wb> C15 C0 C2
hindi_female_006837|C15 C0 C22 C0 C24 C0 C11 <wb> C16 C30 C0 <wb> C3 C0 C1 C29 C0 C11 <wb> C22 C0 C11 C23 <wb> C22 C0 C23 C32 C0 C29 C0 C16 <wb> C0 C22 C0 C29 C0 <wb> C0 C13 C0 C29 C0 C37 C0 C1 C21 C0 <wb> C30 C0 C11 <wb> C4 C0 C16 <wb> C30 C0 C23 C28 C0 C29 C0 C19 C0 <wb> C19 C0 C29 C0 C24 C0 C11 <wb> C19 C0 C16 <wb> C19 C0 C26 C31 C0 C16 C31 C0 <wb> C19 C0 C16
hindi_female_006838|C21 C0 C11 C19 C0 C16 C24 C0 <wb> C36 C24 C0 C19 C0 C1 <wb> C28 C0 C19 C0 C31 C0 <wb> C15 C0 C22 C0 C11 C23 <wb> C24 C0 C15 C0 C16 C23 <wb> C22 C0 C16 C21 C0 <wb> C28 C0 C1 C38 C0 C1
hindi_female_006847|C16 C30 C0 <wb> C37 C0 C29 C0 C31 C0 <wb> C30 C0 C29 C0 C19 C0 C1 C29 C0 <wb> C24 C0 C11 <wb> C28 C0 C29 C0 C16 C19 C0 C31 C0 C1 <wb> C19 C0 C11 <wb> C7 C0 C27 C29 C0 C1 C24 C0 <wb> C19 C0 C29 C0 C1 C16 <wb> C17 C0 C1 C24 C0 C11 <wb> C37 C0 C1 C21 C0 C16 <wb> C24 C0 C19 C0 C21 C0 <wb> C28 C0 C29 C0 <wb> C0 C23 C19 C0 C36 C31 C0 <wb> C21 C0 C13 C0 C1 C24 C0 C11 <wb> C19 C0 C11 <wb> C21 C0 C16 C11 <wb> C17 C0 C36 C29 C0 C22 C0 C1 C24 C0 C1 <wb> C27 C29 C0 <wb> C17 C0 C11 C21 C0 <wb> C19 C0 C16 <wb> C30 C0 C17 C0 C1 <wb> C19 C0 C16 <wb> C14 C0 C26 C31 C0 C25 C0 C1 <wb> C19 C0 C16 <wb> C33 C0 C16
hindi_female_006857|C16 C30 C0 C21 C0 C1 C22 C0 C1 C3 C0 C1 C7 C0 <wb> C28 C0 C36 C21 C0 C16 C30 C0 <wb> C24 C0 C11 <wb> C3 C0 C32 C0 C1 C38 C0 C1 <wb> C19 C0 C16 <wb> C22 C0 C29 C0 C24 C0 C11 <wb> C37 C0 C1 C21 C0 C26 C23 <wb> C22 C0 C11 C23 <wb> C11 C19 C0 <wb> C22 C0 C15 C0 C16 C21 C0 C1 <wb> C27 C29 C0 <wb> C32 C0 C16 C24 C0 <wb> C3 C0 C5 C0 C5 C0 C11 <wb> C31 C0 C1 C22 C0 C16 C21 C0 <wb> C15 C0 C2 C23
hindi_female_006865|C29 C0 C1 C37 C0 C21 C0 C28 C0 C16 C23 C9 C0 C16 <wb> C27 C29 C0 <wb> C16 C30 C0 C21 C0 C1 C22 C0 C1 C3 C0 C1 C7 C0 <wb> C19 C0 C11 <wb> C3 C0 C16 C5 C0 <wb> C5 C0 C21 C0 C24 C0 C11 <wb> C37 C0 C1 C21 C0 C16 <wb> C22 C0 C11 C34 C0 C29 C0 C26 <wb> C3 C0 C30 C0 <wb> C30 C0 C11 C37 C0 C1 <wb> C19 C0 C26 <wb> C4 C0 C16 <wb> C19 C0 C36 C6 C0 <wb> C7 C0 C11 C29 C0 <wb> C19 C0 C11 <wb> C21 C0 C16 C11 <wb> C3 C0 C23 C7 C0 <wb> C19 C0 C29 C0 C24 C0 C1 <wb> C28 C0 C9 C0 C1
hindi_female_006897|C32 C0 C3 C0 <wb> C0 C7 C0 C1 C21 C0 C32 C0 <wb> C24 C0 C11 <wb> C24 C0 C16 C30 C0 C1 C29 C0 <wb> C19 C0 C26 <wb> C36 C22 C0 C29 C0 C19 C0 C2 C7 C0 <wb> C19 C0 C16 <wb> C30 C0 C17 C0 C1 <wb> C30 C0 C36 C24 C0 C1 <wb> C7 C0 C16
hindi_female_006899|C21 C0 C11 C19 C0 C16 C24 C0 <wb> C15 C0 C22 C0 C11 C23 <wb> C30 C0 C36 C28 C0 C29 C0 C16 C22 C0 <wb> C19 C0 C26 C29 C0 C34 C0 <wb> C22 C0 C11 C23 <wb> C17 C0 C1 C24 C0 C11 <wb> C27 C29 C0 <wb> C19 C0 C11 C30 C0 <wb> C29 C0 C7 C0 C7 C0 <wb> C19 C0 C29 C0 C1 C24 C0 C11 <wb> C22 C0 C11 C23 <wb> C3 C0 C1 C29 C0 C15 C0 <wb> C30 C0 C1 C21 C0 <wb> C21 C0 C13 C0 <wb> C13 C0 C11
hindi_female_006900|C24 C0 C16 C30 C0 C1 C29 C0 <wb> C24 C0 C11 <wb> C19 C0 C15 C0 C1 <wb> C17 C0 C3 C0 <wb> C22 C0 C2 C23 <wb> C17 C0 C11 C21 C0 <wb> C30 C0 C11 <wb> C3 C0 C1 C15 C0 C29 C0 <wb> C1 C38 C0 C1 <wb> C32 C0 C26 <wb> C22 C0 C36 C18 C0 C11 <wb> C38 C0 C19 C0 C16 C24 C0 <wb> C24 C0 C15 C0 C16 C23 <wb> C15 C0 C36 C1 <wb> C19 C0 C16 <wb> C22 C0 C2 C23 <wb> C6 C0 C36 C34 C0 <wb> C13 C0 C38 C0 C1 <wb> C15 C0 C36 C23
hindi_female_006901|C17 C0 C3 C0 <wb> C21 C0 C26 C13 C0 <wb> C17 C0 C11 C21 C0 <wb> C30 C0 C11 <wb> C3 C0 C1 C15 C0 C29 C0 <wb> C1 C32 C0 C11 <wb> C15 C0 C2 C23 <wb> C32 C0 C3 C0 <wb> C36 C24 C0 C15 C0 C11 C23 <wb> C20 C0 C36 C31 C0 C16 <wb> C15 C0 C26 C32 C0 C16 <wb> C15 C0 C2
hindi_female_006905|C22 C0 C2 C23 <wb> C0 C28 C0 C24 C0 C11 <wb> C31 C0 C15 C0 C29 C0 <wb> C22 C0 C11 C23 <wb> C15 C0 C16 <wb> C0 C17 C0 C24 C0 C3 C0 C16 <wb> C17 C0 C2 C30 C0 C1 <wb> C22 C0 C15 C0 C30 C0 C36 C30 C0 <wb> C19 C0 C29 C0 <wb> C29 C0 C15 C0 C1 <wb> C33 C0 C1
hindi_female_006910|C22 C0 C2 C23 <wb> C17 C0 C3 C0 <wb> C3 C0 C16 C30 C0 <wb> C30 C0 C1 C21 C0 <wb> C19 C0 C1 <wb> C33 C0 C1 <wb> C17 C0 C3 C0 <wb> C28 C0 C36 C21 C0 C16 C30 C0 <wb> C28 C0 C19 C0 C9 C0 <wb> C19 C0 C29 C0 <wb> C21 C0 C11 <wb> C13 C0 C16
hindi_female_006917|C22 C0 C26 C7 C0 C16 <wb> C30 C0 C1 C15 C0 C3 C0 <wb> C24 C0 C11 <wb> C13 C0 C36 C17 C0 C29 C0 C1 C32 C0 <wb> C22 C0 C11 C23 <wb> C3 C0 C15 C0 C36 C32 C0 <wb> C0 C5 C0 C6 C0 C1 <wb> C19 C0 C1 C22 C0 <wb> C19 C0 C16 C38 C0 C1 <wb> C21 C0 C11 C19 C0 C16 C24 C0 <wb> C13 C0 C36 C17 C0 C29 C0 C1 C32 C0 <wb> C6 C0 C26 C34 C0 C1 <wb> C28 C0 C29 C0 C16 C37 C0 C1 C29 C0 <wb> C33 C0 C1
hindi_female_006920|C16 C30 C0 C21 C0 C16 C11 <wb> C22 C0 C26 C7 C0 C16 <wb> C19 C0 C26 <wb> C30 C0 C29 C0 C7 C0 C1 C29 C0 <wb> C28 C0 C34 C0 C11 C21 C0 <wb> C3 C0 C24 C0 C24 C0 C1 <wb> C15 C0 C26 C13 C0 C1
hindi_female_006921|C22 C0 C15 C0 C23 C13 C0 C1 C16 <wb> C19 C0 C26 <wb> C26 C22 C0 <wb> C28 C0 C36 C29 C0 C16 <wb> C3 C0 C9 C0 C16 <wb> C30 C0 C22 C0 C30 C0 C38 C0 C1 <wb> C32 C0 C26 <wb> C22 C0 C1 C24 C0 C32 C0 C11 <wb> C15 C0 C2 <wb> C30 C0 C1 C33 C0 <wb> C15 C0 C16 <wb> C16 C30 C0 C19 C0 C1 <wb> C11 C19 C0 <wb> C30 C0 C22 C0 C1 C8 C0 C1 C24 C0 <wb> C3 C0 C32 C0 C1 C32 C0 C11 <wb> C15 C0 C2 C23
hindi_female_006924|C37 C0 C26 <wb> C19 C0 C15 C0 C32 C0 C11 <wb> C15 C0 C2 C23 <wb> C19 C0 C16 <wb> C7 C0 C11 C31 C0 <wb> C19 C0 C26 <wb> C16 C30 C0 <wb> C37 C0 C19 C0 C32 C0 <wb> C17 C0 C38 C0 <wb> C17 C0 C37 C0 C1 C24 C0 <wb> C17 C0 C38 C0 <wb> C19 C0 C16 C30 C0 C1 C24 C0 <wb> C24 C0 C1 C29 C0 C11 <wb> C19 C0 C16 <wb> C17 C0 C29 C0 C36 C29 C0 C32 C0 <wb> C15 C0 C2
hindi_female_006931|C28 C0 C29 C0 C16 C30 C0 C29 C0 <wb> C19 C0 C26 <wb> C3 C0 C23 C7 C0 <wb> C19 C0 C29 C0 <wb> C7 C0 C16 C38 C0 C1 <wb> C13 C0 C38 C0 C1 <wb> C33 C0 C1 <wb> C17 C0 C16 C30 C0 C11 <wb> C0 C3 C0 <wb> C12 C0 C16 C29 C0 <wb> C20 C0 C26 C21 C0 <wb> C7 C0 C16 C38 C0 C1 <wb> C13 C0 C38 C0 C1 <wb> C15 C0 C2
hindi_female_006932|C7 C0 C26 <wb> C31 C0 C37 C0 <wb> C16 C23 C17 C0 C16 C24 C0 C16 C38 C0 C29 C0 C16 C23 C13 C0 <wb> C9 C0 C16 C28 C0 C1 C29 C0 C34 C0 C22 C0 C11 C23 C34 C0 <wb> C19 C0 C16 <wb> C16 C22 C0 C1 C29 C0 C32 C0 <wb> C22 C0 C11 C23 <wb> C22 C0 C16 C21 C0 C11 <wb> C15 C0 C2 C23 <wb> C17 C0 C16 C24 C0 C22 C0 C11 C23 <wb> C30 C0 C11 <wb> C19 C0 C16 C30 C0 C16 <wb> C19 C0 C16 <wb> C4 C0 C16 <wb> C28 C0 C15 C0 C5 C0 C1 C24 C0 <wb> C24 C0 C15 C0 C16 C23 <wb> C15 C0 C26 <wb> C28 C0 C1 C16 <wb> C15 C0 C2
hindi_female_006936|C13 C0 C36 C29 C0 C36 C37 C0 C1 C29 C0 <wb> C30 C0 C11 <wb> C28 C0 C10 C0 C1 C16 <wb> C31 C0 C36 C29 C0 C36 <wb> C15 C0 C26 C24 C0 C11 <wb> C19 C0 C16 <wb> C30 C0 C23 C4 C0 C1 C37 C0 C24 C0 C1 <wb> C15 C0 C2
hindi_female_006948|C21 C0 C11 C19 C0 C16 C24 C0 <wb> C37 C0 C16 C22 C0 C1 C24 C0 <wb> C19 C0 C1 <wb> C0 C8 C0 C16 C19 C0 C1 C23 C31 C0 <wb> C15 C0 C16 C30 C0 C30 C0 C1 <wb> C27 C29 C0 <wb> C38 C0 C1 C32 C0 C29 C0 C16 C38 C0 C26 C23 <wb> C19 C0 C11 <wb> C31 C0 C37 C0 <wb> C30 C0 C22 C0 C36 C7 C0 C29 C0 <wb> C19 C0 C16 <wb> C13 C0 C15 C0 C29 C0 C1 C16 <wb> C22 C0 C11 C23 <wb> C15 C0 C16 <wb> C15 C0 C26 C24 C0 C11 <wb> C19 C0 C16 <wb> C30 C0 C23 C4 C0 C1 C37 C0 C24 C0 C1 <wb> C15 C0 C2
hindi_female_006961|C22 C0 C2 C23 <wb> C5 C0 C1 C15 C0 C32 C0 C1 <wb> C15 C0 C36 C23 <wb> C19 C0 C16 <wb> C36 C24 C0 C15 C0 C11 C23 <wb> C36 C22 C0 C29 C0 <wb> C19 C0 C2 C7 C0 <wb> C19 C0 C16 <wb> C30 C0 C17 C0 C1 <wb> C22 C0 C16 C21 C0 C11
hindi_female_006965|C36 C24 C0 C15 C0 C11 C23 <wb> C14 C0 C30 C0 C16 C34 C0 <wb> C19 C0 C29 C0 <wb> C3 C0 C1 C15 C0 C29 C0 <wb> C21 C0 C1 C38 C0 C1 <wb> C13 C0 C38 C0 C1 <wb> C36 C24 C0 <wb> C28 C0 C29 C0 <wb> C15 C0 C22 C0 C21 C0 C1 <wb> C15 C0 C36 C1
hindi_female_006966|C36 C30 C0 C19 C0 C11 <wb> C3 C0 C1 C7 C0 <wb> C4 C0 C16 C9 C0 <wb> C24 C0 C11 <wb> C36 C24 C0 C19 C0 C11 <wb> C14 C0 C29 C0 <wb> C19 C0 C26 <wb> C1 C13 C0 <wb> C21 C0 C13 C0 C1 <wb> C7 C0 C16
hindi_female_006968|C37 C0 C26 <wb> C30 C0 C1 C22 C0 C24 C0 C11 <wb> C37 C0 C1 C21 C0 C11 <wb> C14 C0 C29 C0 <wb> C19 C0 C16 <wb> C6 C0 C32 C0 <wb> C30 C0 C11 <wb> C30 C0 C1 C29 C0 C1 <wb> C24 C0 C17 C0 C1 C29 C0 C1 <wb> C7 C0 C11 C20 C0 <wb> C29 C0 C15 C0 C11 <wb> C33 C0 C11
hindi_female_006972|C16 C30 C0 <wb> C15 C0 C22 C0 C21 C0 C11 <wb> C22 C0 C11 C23 <wb> C30 C0 C16 C7 C0 <wb> C20 C0 C1 C24 C0 <wb> C19 C0 C11 <wb> C28 C0 C29 C0 C16 C37 C0 C1 C29 C0 <wb> C19 C0 C11 <wb> C7 C0 C30 C0 <wb> C30 C0 C7 C0 C30 C0 C38 C0 <wb> C22 C0 C1 C29 C0 C11 <wb> C13 C0 C11 <wb> C33 C0 C11
hindi_female_006973|C36 C24 C0 C15 C0 C26 C23 C24 C0 C11 <wb> C19 C0 C15 C0 C1 <wb> C15 C0 C22 C0 C11 C23 <wb> C16 C24 C0 C30 C0 C1 C12 C0 <wb> C5 C0 C1 C15 C0 C16 C11
hindi_female_006977|C37 C0 C26 <wb> C22 C0 C27 C32 C0 <wb> C19 C0 C11 <wb> C19 C0 C1 C12 C0 C16 <wb> C24 C0 C17 C0 C7 C0 C16 C19 C0 <wb> C33 C0 C11 <wb> C21 C0 C11 C19 C0 C16 C24 C0 <wb> C0 C21 C0 C21 C0 C1 C15 C0 <wb> C24 C0 C11 <wb> C22 C0 C36 C18 C0 C11 <wb> C3 C0 C5 C0 C1 <wb> C21 C0 C16 C38 C0 C1
hindi_female_006980|C21 C0 C11 C19 C0 C16 C24 C0 <wb> C36 C24 C0 C19 C0 C1 <wb> C17 C0 C37 C0 C1 C3 C0 <wb> C33 C0 C1 <wb> C19 C0 C16 <wb> C19 C0 C2 C30 C0 C11 <wb> C4 C0 C36 C21 C0 <wb> C17 C0 C1 C11 C23 <wb> C16 C24 C0 C30 C0 C1 C12 C0 <wb> C15 C0 C26 C13 C0 C1 <wb> C32 C0 C26 <wb> C4 C0 C36 C21 C0 <wb> C17 C0 C1 C11 C23 C13 C0 C11
hindi_female_006982|C19 C0 C16 C30 C0 C16 <wb> C19 C0 C11 <wb> C28 C0 C29 C0 C16 C37 C0 C1 C29 C0 <wb> C19 C0 C11 <wb> C7 C0 C30 C0 <wb> C21 C0 C26 C13 C0 <wb> C22 C0 C1 C29 C0 C11 <wb> C13 C0 C11 <wb> C19 C0 C16 C30 C0 C16 <wb> C19 C0 C11 <wb> C5 C0 C27 C7 C0 C15 C0
hindi_female_006983|C1 C28 C0 <wb> C36 C24 C0 C15 C0 C11 C23 <wb> C4 C0 C36 C21 C0 <wb> C17 C0 C1 C26 <wb> C19 C0 C16 <wb> C30 C0 C21 C0 C1 C15 C0 <wb> C19 C0 C2 C30 C0 C11 <wb> C7 C0 C11 <wb> C30 C0 C19 C0 C32 C0 C11 <wb> C15 C0 C2 C23
hindi_female_007002|C16 C30 C0 C22 C0 C11 C23 <wb> C38 C0 C11 <wb> C6 C0 C1 C32 C0 C29 C0 <wb> C0 C28 C0 C24 C0 C11 <wb> C37 C0 C16 C31 C0 C38 C0 <wb> C30 C0 C11 <wb> C30 C0 C23 C3 C0 C23 C8 C0 C16 C32 C0 <wb> C30 C0 C1 C22 C0 C1 C24 C0 C38 C0 <wb> C28 C0 C29 C0 C31 C0 C24 C0 C26 C23 <wb> C19 C0 C1 <wb> C36 C32 C0 C32 C0 C29 C0 <wb> C4 C0 C16 <wb> C24 C0 C15 C0 C16 C23 <wb> C7 C0 C11 <wb> C28 C0 C1 <wb> C29 C0 C15 C0 C11 <wb> C33 C0 C11
hindi_female_007030|C16 C30 C0 <wb> C32 C0 C29 C0 C15 C0 <wb> C37 C0 C26 <wb> C3 C0 C9 C0 C11 <wb> C21 C0 C26 C13 C0 C26 C23 <wb> C19 C0 C16 <wb> C17 C0 C16 C23 C7 C0 C13 C0 C16 <wb> C1 C30 C0 C1 C24 C0 <wb> C19 C0 C29 C0 C32 C0 C11 <wb> C15 C0 C2 C23
hindi_female_007033|C15 C0 C1 C23 <wb> C37 C0 C26 <wb> C15 C0 C1 C9 C0 <wb> C22 C0 C1 C23 C30 C0 <wb> C19 C0 C1 <wb> C3 C0 C24 C0 C1 <wb> C16 C23 C30 C0 C1 C24 C0 <wb> C24 C0 C15 C0 C16 C23 <wb> C15 C0 C26 C13 C0 C1
hindi_female_007041|C30 C0 C3 C0 <wb> C7 C0 C1 C37 C0 C1 <wb> C19 C0 C29 C0 C32 C0 C11 <wb> C15 C0 C2 C23 <wb> C19 C0 C16 <wb> C37 C0 C26 <wb> C1 C28 C0 C19 C0 C1 <wb> C19 C0 C1 C22 C0 <wb> C1 C28 C0 C19 C0 C16 <wb> C17 C0 C16 C23 C7 C0 C13 C0 C16 <wb> C1 C30 C0 C1 C24 C0 <wb> C19 C0 C29 C0 <wb> C7 C0 C11 C23 C13 C0 C11
hindi_female_007044|C27 C29 C0 <wb> C17 C0 C1 C24 C0 C24 C0 C11 <wb> C19 C0 C16 <wb> C19 C0 C26 C31 C0 C16 C31 C0 <wb> C19 C0 C29 C0 C32 C0 C11 <wb> C15 C0 C2 C23 <wb> C19 C0 C16 <wb> C19 C0 C2 C30 C0 C11 <wb> C16 C24 C0 C19 C0 C16 <wb> C22 C0 C7 C0 C7 C0 <wb> C30 C0 C11 <wb> C1 C28 C0 C19 C0 C16 <wb> C4 C0 C1 C13 C0 C7 C0 C27 C9 C0 <wb> C4 C0 C29 C0 C16 <wb> C17 C0 C16 C23 C7 C0 C13 C0 C16 <wb> C19 C0 C26 <wb> C33 C0 C26 C9 C0 C1 <wb> C1 C30 C0 C1 C24 C0 <wb> C3 C0 C24 C0 C1 C38 C0 C1 <wb> C17 C0 C1 <wb> C30 C0 C19 C0 C32 C0 C1 <wb> C15 C0 C2
hindi_female_007048|C19 C0 C16 <wb> C3 C0 C1 C29 C0 <wb> C20 C0 C16 C18 C0 <wb> C15 C0 C26 C32 C0 C16 <wb> C15 C0 C2 <wb> C13 C0 C36 C30 C0 C30 C0 C1 <wb> C4 C0 C16 <wb> C1 C32 C0 C1 <wb> C15 C0 C2 <wb> C27 C29 C0 <wb> C19 C0 C16 <wb> C3 C0 C1 C29 C0 <wb> C15 C0 C23 C30 C0 C16 <wb> C4 C0 C16 <wb> C1 C32 C0 C16 <wb> C15 C0 C2
hindi_female_007051|C32 C0 C19 C0 C24 C0 C16 C19 C0 <wb> C19 C0 C11 <wb> C3 C0 C9 C0 C11 <wb> C3 C0 C9 C0 C11 <wb> C36 C30 C0 C32 C0 C1 C7 C0 <wb> C4 C0 C16 <wb> C36 C30 C0 C30 C0 C11 <wb> C35 C0 C16 C19 C0 <wb> C30 C0 C11 <wb> C19 C0 C1 C22 C0 <wb> C24 C0 C15 C0 C16 C23 <wb> C21 C0 C11 <wb> C28 C0 C1 C32 C0 C11
hindi_female_007056|C30 C0 C3 C0 C30 C0 C11 <wb> C3 C0 C9 C0 C1 <wb> C22 C0 C30 C0 C21 C0 C1 <wb> C15 C0 C26 C32 C0 C1 <wb> C15 C0 C2 <wb> C3 C0 C26 C21 C0 C16 <wb> C30 C0 C22 C0 C18 C0 C24 C0 C11 <wb> C19 C0 C1
hindi_female_007075|C16 C30 C0 C19 C0 C11 <wb> C3 C0 C7 C0 C21 C0 C11 <wb> C30 C0 C16 C29 C0 C12 C0 <wb> C11 C19 C0 <wb> C6 C0 C26 C34 C0 C16 <wb> C30 C0 C16 <wb> C3 C0 C1 C32 C0 <wb> C17 C0 C36 C3 C0 C1 C24 C0 <wb> C30 C0 C11 <wb> C0 C7 C0 C1 <wb> C19 C0 C29 C0 C24 C0 C16 <wb> C15 C0 C2
hindi_female_007087|C30 C0 C3 C0 C30 C0 C11 <wb> C3 C0 C9 C0 C16 <wb> C7 C0 C16 C19 C0 C19 C0 C32 C0 <wb> C3 C0 C1 C32 C0 <wb> C19 C0 C15 C0 C24 C0 C11 <wb> C19 C0 C11 <wb> C21 C0 C15 C0 C17 C0 C11 <wb> C19 C0 C26 <wb> C30 C0 C22 C0 C18 C0 C24 C0 C11 <wb> C19 C0 C16 <wb> C15 C0 C26 C32 C0 C16 <wb> C15 C0 C2
hindi_female_007105|C38 C0 C11 <wb> C6 C0 C26 C34 C0 C11 <wb> C6 C0 C26 C34 C0 C11 <wb> C19 C0 C1 C22 C0 <wb> C1 C28 C0 C19 C0 C16 <wb> C17 C0 C16 C23 C7 C0 C13 C0 C16 <wb> C19 C0 C26 <wb> C19 C0 C1 C12 C0 C16 <wb> C1 C30 C0 C1 C24 C0 <wb> C3 C0 C24 C0 C1 <wb> C7 C0 C11 C23 C13 C0 C11
hindi_female_007106|C15 C0 C1 C23 <wb> C16 C30 C0 C30 C0 C11 <wb> C19 C0 C16 C30 C0 C16 <wb> C16 C23 C30 C0 C1 C24 C0 <wb> C19 C0 C16 <wb> C19 C0 C22 C0 C16 <wb> C32 C0 C26 <wb> C24 C0 C15 C0 C16 C23 <wb> C28 C0 C36 C29 C0 C16 <wb> C15 C0 C26 <wb> C30 C0 C19 C0 C32 C0 C16
hindi_female_007107|C16 C30 C0 C19 C0 C11 <wb> C21 C0 C16 C11 <wb> C32 C0 C19 C0 C24 C0 C16 C19 C0 <wb> C19 C0 C26 <wb> C0 C4 C0 C16 <wb> C21 C0 C23 C3 C0 C1 <wb> C30 C0 C12 C0 C29 C0 <wb> C32 C0 C38 C0 <wb> C19 C0 C29 C0 C24 C0 C1 <wb> C15 C0 C26 C13 C0 C1
hindi_female_007119|C16 C30 C0 C19 C0 C1 <wb> C22 C0 C32 C0 C21 C0 C3 C0 <wb> C38 C0 C11 <wb> C19 C0 C16 <wb> C0 C13 C0 C29 C0 <wb> C1 C28 C0 <wb> C22 C0 C16 C34 C0 C16 C23 C13 C0 <wb> C22 C0 C11 C23 <wb> C15 C0 C2 <wb> C32 C0 C26 <wb> C16 C30 C0 <wb> C2 C28 C0 <wb> C19 C0 C26 <wb> C28 C0 C32 C0 C1 <wb> C15 C0 C26 C13 C0 C1 <wb> C19 C0 C16 <wb> C1 C28 C0 C19 C0 C26 <wb> C0 C4 C0 C16 <wb> C32 C0 C23 C13 C0 <wb> C24 C0 C15 C0 C16 C23 <wb> C19 C0 C29 C0 C24 C0 C1 <wb> C15 C0 C2
hindi_female_007129|C22 C0 C13 C0 C29 C0 <wb> C19 C0 C38 C0 C1 <wb> C1 C28 C0 C19 C0 C26 <wb> C22 C0 C1 C21 C0 C36 C22 C0 <wb> C15 C0 C2 <wb> C19 C0 C16 <wb> C19 C0 C36 C6 C0 <wb> C21 C0 C26 C13 C0 <wb> C2 C30 C0 C1 <wb> C24 C0 C15 C0 C16 C23 <wb> C19 C0 C29 C0 <wb> C30 C0 C19 C0 C32 C0 C11
hindi_female_007133|C7 C0 C36 C24 C0 C16 C38 C0 C1 <wb> C22 C0 C11 C23 <wb> C2 C30 C0 C11 <wb> C3 C0 C15 C0 C36 C32 C0 <wb> C30 C0 C11 <wb> C21 C0 C26 C13 C0 <wb> C15 C0 C2 C23 <wb> C17 C0 C16 C24 C0 C19 C0 C1 <wb> C7 C0 C16 C22 C0 C1 C13 C0 <wb> C19 C0 C26 C16 <wb> C32 C0 C30 C0 C37 C0 C16 C29 C0 <wb> C24 C0 C15 C0 C16 C23 <wb> C13 C0 C10 C0 <wb> C28 C0 C1 C32 C0 C1
hindi_female_007137|C38 C0 C36 C23 <wb> C32 C0 C26 <wb> C16 C30 C0 <wb> C3 C0 C16 C22 C0 C1 C29 C0 C16 <wb> C19 C0 C1 <wb> C28 C0 C32 C0 C1 <wb> C36 C24 C0 C24 C0 C16 C30 C0 C37 C0 C16 C23 <wb> C30 C0 C7 C0 C16 <wb> C22 C0 C11 C23 <wb> C15 C0 C16 <wb> C5 C0 C21 C0 <wb> C13 C0 C38 C0 C1 <wb> C33 C0 C1
hindi_female_007138|C0 C35 C0 C1 C29 C0 C15 C0 <wb> C30 C0 C27 <wb> C0 C30 C0 C30 C0 C16 <wb> C22 C0 C11 C23 <wb> C16 C30 C0 <wb> C3 C0 C16 C22 C0 C1 C29 C0 C16 <wb> C19 C0 C16 <wb> C20 C0 C26 C17 C0 <wb> C15 C0 C36 C16 <wb> C33 C0 C16
hindi_female_007139|C21 C0 C11 C19 C0 C16 C24 C0 <wb> C15 C0 C1 C21 C0 <wb> C19 C0 C11 <wb> C7 C0 C16 C24 C0 C26 C23 <wb> C22 C0 C11 C23 <wb> C37 C0 C2 C17 C0 C24 C0 C1 C24 C0 C16 C19 C0 C26 C23 <wb> C24 C0 C11 <wb> C16 C30 C0 <wb> C3 C0 C16 C22 C0 C1 C29 C0 C16 <wb> C19 C0 C26 <wb> C30 C0 C22 C0 C18 C0 C24 C0 C11 <wb> C22 C0 C11 C23 <wb> C12 C0 C16 C29 C0 <wb> C30 C0 C11 <wb> C7 C0 C16 C21 C0 C5 C0 C30 C0 C28 C0 C16 <wb> C7 C0 C16 C20 C0 C1 C16 <wb> C15 C0 C2
hindi_female_007145|C38 C0 C11 <wb> C36 C24 C0 <wb> C21 C0 C26 C13 C0 C26 C23 <wb> C28 C0 C29 C0 <wb> C19 C0 C16 C38 C0 C1 <wb> C13 C0 C38 C0 C1 <wb> C17 C0 C16 C24 C0 C19 C0 C11 <wb> C7 C0 C16 C22 C0 C1 C13 C0 <wb> C19 C0 C26 C16 <wb> C32 C0 C30 C0 C37 C0 C16 C29 C0 <wb> C24 C0 C15 C0 C16 C23 <wb> C13 C0 C10 C0 <wb> C28 C0 C1 C32 C0 C11
hindi_female_007147|C36 C24 C0 C19 C0 C11 <wb> C7 C0 C16 C22 C0 C1 C13 C0 <wb> C22 C0 C11 C23 <wb> C19 C0 C26 C16 <wb> C4 C0 C16 <wb> C3 C0 C1 C32 C0 <wb> C1 C11 <wb> C22 C0 C13 C0 C29 C0 <wb> C36 C30 C0 C30 C0 C11 <wb> C17 C0 C36 C9 C0 C16 <wb> C19 C0 C26 C16 <wb> C32 C0 C30 C0 C37 C0 C16 C29 C0 <wb> C24 C0 C15 C0 C16 C23 <wb> C3 C0 C24 C0 C32 C0 C16
hindi_female_007151|C37 C0 C26 <wb> C17 C0 C3 C0 <wb> C1 C23 C20 C0 C11 C23 <wb> C3 C0 C23 C7 C0 <wb> C19 C0 C29 C0 C32 C0 C11 <wb> C15 C0 C2 C23 <wb> C32 C0 C26 <wb> C36 C24 C0 C15 C0 C11 C23 <wb> C30 C0 C16 C29 C0 C12 C0 <wb> C0 C28 C0 C24 C0 C16 <wb> C28 C0 C21 C0 C19 C0 C11 C23 <wb> C7 C0 C16 C20 C0 C1 C16 <wb> C28 C0 C9 C0 C32 C0 C16 <wb> C15 C0 C2 C23
hindi_female_007167|C21 C0 C11 C19 C0 C16 C24 C0 <wb> C1 C28 C0 C19 C0 C1 <wb> C7 C0 C16 C22 C0 C1 C13 C0 <wb> C19 C0 C2 C30 C0 C1 <wb> C5 C0 C21 C0 <wb> C29 C0 C15 C0 C1 <wb> C15 C0 C2 <wb> C38 C0 C11 <wb> C28 C0 C32 C0 C1 <wb> C21 C0 C13 C0 C1 C24 C0 C1 <wb> C22 C0 C36 C31 C0 C19 C0 C16 C21 C0 <wb> C19 C0 C1 C22 C0 <wb> C15 C0 C2
hindi_female_007173|C16 C30 C0 C19 C0 C11 <wb> C3 C0 C1 C7 C0 <wb> C37 C0 C26 <wb> C21 C0 C26 C13 C0 C26 C23 <wb> C30 C0 C11 <wb> C19 C0 C15 C0 C32 C0 C11 <wb> C15 C0 C2 C23 <wb> C19 C0 C16 <wb> C7 C0 C26 C24 C0 C26 C23 <wb> C1 C23 C20 C0 C26 C23 <wb> C30 C0 C11 <wb> C11 C19 C0 <wb> C30 C0 C1 C33 C0 <wb> C7 C0 C26 C24 C0 C26 C23 <wb> C32 C0 C30 C0 C37 C0 C16 C29 C0 C11 C23 <wb> C7 C0 C11 C20 C0 C11 C23
hindi_female_007180|C36 C24 C0 C15 C0 C11 C23 <wb> C0 C23 C7 C0 C1 C17 C0 C1 <wb> C15 C0 C36 C1 <wb> C19 C0 C16 <wb> C36 C24 C0 C15 C0 C26 C23 C24 C0 C11 <wb> C3 C0 C15 C0 C36 C32 C0 <wb> C21 C0 C26 C13 C0 C26 C23 <wb> C30 C0 C11 <wb> C0 C21 C0 C13 C0 <wb> C17 C0 C16 C23 C7 C0 C13 C0 C16 <wb> C17 C0 C16 <wb> C15 C0 C2
hindi_female_007187|C36 C24 C0 C15 C0 C11 C23 <wb> C21 C0 C26 C13 C0 C26 C23 <wb> C19 C0 C11 <wb> C24 C0 C1 C22 C0 <wb> C27 C29 C0 <wb> C5 C0 C11 C15 C0 C29 C0 C11 <wb> C38 C0 C1 C7 C0 <wb> C24 C0 C15 C0 C16 C23 <wb> C29 C0 C15 C0 C32 C0 C11 <wb> C33 C0 C11
hindi_female_007192|C19 C0 C38 C0 C26 C23 C19 C0 C16 <wb> C17 C0 C15 C0 C1 C23 <wb> C4 C0 C16 <wb> C37 C0 C26 <wb> C13 C0 C1 C9 C0 C16 <wb> C20 C0 C9 C0 C16 <wb> C19 C0 C29 C0 C32 C0 C11 <wb> C33 C0 C11 <wb> C36 C30 C0 <wb> C17 C0 C13 C0 C15 C0 <wb> C19 C0 C26 <wb> C4 C0 C36 C21 C0 <wb> C17 C0 C1 C32 C0 C11 <wb> C33 C0 C11
hindi_female_007193|C12 C0 C16 C29 C0 <wb> C14 C0 C23 C34 C0 C26 C23 <wb> C13 C0 C1 C9 C0 C16 <wb> C19 C0 C26 <wb> C20 C0 C26 C17 C0 C32 C0 C11 <wb> C29 C0 C15 C0 C32 C0 C11 <wb> C33 C0 C11
hindi_female_007195|C16 C30 C0 C30 C0 C11 <wb> C24 C0 C16 C28 C0 C34 C0 C24 C0 C11 <wb> C19 C0 C11 <wb> C21 C0 C16 C11 <wb> C36 C24 C0 C15 C0 C26 C23 C24 C0 C11 <wb> C19 C0 C1 C29 C0 <wb> C28 C0 C1 C29 C0 C19 C0 <wb> C19 C0 C29 C0 C24 C0 C11 <wb> C19 C0 C11 <wb> C3 C0 C1 C7 C0 <wb> C36 C30 C0 <wb> C20 C0 C1 C30 C0 <wb> C17 C0 C13 C0 C15 C0 <wb> C19 C0 C16 <wb> C32 C0 C30 C0 C37 C0 C16 C29 C0 <wb> C21 C0 C11 C24 C0 C16 <wb> C31 C0 C36 C29 C0 C36 <wb> C19 C0 C29 C0 <wb> C7 C0 C16
hindi_female_007196|C37 C0 C26 <wb> C1 C30 C0 <wb> C28 C0 C1 C30 C0 <wb> C19 C0 C16 <wb> C7 C0 C36 C19 C0 C1 C24 C0 C26 C23 <wb> C19 C0 C11 <wb> C24 C0 C1 C22 C0 <wb> C4 C0 C16 <wb> C24 C0 C26 C34 C0 <wb> C19 C0 C29 C0 <wb> C21 C0 C11 C32 C0 C11 <wb> C33 C0 C11
hindi_female_007210|C19 C0 C38 C0 C26 C23 C19 C0 C16 <wb> C15 C0 C29 C0 <wb> C3 C0 C1 C32 C0 <wb> C30 C0 C11 <wb> C11 C19 C0 <wb> C32 C0 C30 C0 C37 C0 C16 C29 C0 <wb> C19 C0 C26 <wb> C17 C0 C26 C9 C0 C24 C0 C11 <wb> C30 C0 C11 <wb> C15 C0 C22 C0 C1 C29 C0 C1 <wb> C7 C0 C16 C22 C0 C1 C13 C0 <wb> C36 C24 C0 C15 C0 C11 C23 <wb> C1 C30 C0 C1 C24 C0 C16 <wb> C30 C0 C11 <wb> C38 C0 C1 C7 C0 <wb> C29 C0 C20 C0 C32 C0 C1 <wb> C15 C0 C2
hindi_female_007214|C0 C3 C0 <wb> C30 C0 C37 C0 C1 C21 C0 <wb> C38 C0 C11 <wb> C36 C35 C0 C32 C0 C1 <wb> C15 C0 C2 <wb> C19 C0 C16 <wb> C7 C0 C16 C22 C0 C1 C13 C0 <wb> C22 C0 C11 C23 <wb> C19 C0 C16 C30 C0 C16 <wb> C3 C0 C1 C32 C0 <wb> C30 C0 C11 <wb> C17 C0 C36 C9 C0 C16 <wb> C32 C0 C30 C0 C37 C0 C16 C29 C0 <wb> C19 C0 C1 <wb> C20 C0 C38 C0 C1 C21 C0 <wb> C1 C24 C0 C1 <wb> C16 C32 C0 C24 C0 C16 <wb> C3 C0 C9 C0 C16 <wb> C3 C0 C1 C32 C0 <wb> C15 C0 C2
hindi_female_007217|C19 C0 C38 C0 C1 <wb> C36 C24 C0 C19 C0 C16 <wb> C28 C0 C29 C0 C11 C31 C0 C1 C24 C0 C16 <wb> C27 C29 C0 <wb> C3 C0 C10 C0 <wb> C17 C0 C1 C24 C0 C11 <wb> C37 C0 C1 C21 C0 C16 <wb> C15 C0 C2
hindi_female_007219|C37 C0 C26 <wb> C19 C0 C16 C30 C0 C16 <wb> C3 C0 C1 C32 C0 <wb> C19 C0 C26 <wb> C19 C0 C16 C30 C0 C16 <wb> C16 C23 C30 C0 C1 C24 C0 <wb> C19 C0 C26 <wb> C38 C0 C1 <wb> C19 C0 C16 C30 C0 C16 <wb> C17 C0 C13 C0 C15 C0 <wb> C19 C0 C26 <wb> C32 C0 C30 C0 C37 C0 C16 C29 C0 <wb> C30 C0 C11 <wb> C17 C0 C26 C9 C0 C19 C0 C29 C0 <wb> C24 C0 C15 C0 C16 C23 <wb> C7 C0 C11 C20 C0 C32 C0 C11
hindi_female_007226|C37 C0 C26 <wb> C21 C0 C26 C13 C0 C26 C23 <wb> C19 C0 C16 <wb> C1 C37 C0 C1 C17 C0 <wb> C19 C0 C16 <wb> C24 C0 C19 C0 C21 C0 <wb> C19 C0 C29 C0 <wb> C21 C0 C11 C32 C0 C11 <wb> C15 C0 C2 C23
hindi_female_007232|C19 C0 C36 C6 C0 <wb> C27 C29 C0 <wb> C21 C0 C26 C13 C0 C26 C23 <wb> C24 C0 C11 <wb> C4 C0 C16 <wb> C16 C30 C0 <wb> C3 C0 C1 C32 C0 <wb> C28 C0 C29 C0 <wb> C15 C0 C1 C22 C0 C16 <wb> C4 C0 C29 C0 C16
hindi_female_007233|C11 C19 C0 <wb> C24 C0 C11 <wb> C19 C0 C15 C0 C1 <wb> C19 C0 C16 <wb> C5 C0 C36 C23 C19 C0 C16 <wb> C37 C0 C26 <wb> C19 C0 C16 C30 C0 C16 <wb> C20 C0 C1 C30 C0 <wb> C28 C0 C21 C0 <wb> C19 C0 C26 <wb> C7 C0 C26 C3 C0 C1 C29 C0 C1 <wb> C24 C0 C15 C0 C16 C23 <wb> C17 C0 C16 <wb> C30 C0 C19 C0 C32 C0 C1
hindi_female_007234|C16 C30 C0 C21 C0 C16 C11 <wb> C37 C0 C26 <wb> C15 C0 C29 C0 <wb> C28 C0 C21 C0 <wb> C19 C0 C16 <wb> C0 C15 C0 C22 C0 C16 C38 C0 C32 C0 <wb> C30 C0 C22 C0 C18 C0 <wb> C19 C0 C29 C0 <wb> C36 C30 C0 C11 <wb> C0 C5 C0 C6 C0 C11 <wb> C30 C0 C11 <wb> C13 C0 C36 C17 C0 C1 C29 C0 C24 C0 C11 <wb> C19 C0 C16 <wb> C19 C0 C26 C31 C0 C16 C31 C0 <wb> C19 C0 C29 C0 C32 C0 C1 <wb> C15 C0 C2
hindi_female_007245|C11 C19 C0 <wb> C22 C0 C15 C0 C16 C21 C0 C1 <wb> C24 C0 C11 <wb> C19 C0 C15 C0 C1 <wb> C19 C0 C16 <wb> C5 C0 C36 C23 C19 C0 C16 <wb> C37 C0 C26 <wb> C19 C0 C26 C16 <wb> C32 C0 C30 C0 C37 C0 C16 C29 C0 <wb> C24 C0 C15 C0 C16 C23 <wb> C30 C0 C26 C5 C0 <wb> C28 C0 C1 C32 C0 C16 <wb> C30 C0 C26 <wb> C37 C0 C26 <wb> C15 C0 C29 C0 <wb> C5 C0 C16 C17 C0 <wb> C19 C0 C26 <wb> C21 C0 C16 C20 C0 C19 C0 C29 C0 <wb> C29 C0 C20 C0 C32 C0 C16 <wb> C15 C0 C2
hindi_female_007247|C37 C0 C26 <wb> C19 C0 C15 C0 C32 C0 C16 <wb> C15 C0 C2 C23 <wb> C19 C0 C16 <wb> C31 C0 C3 C0 C7 C0 <wb> C3 C0 C15 C0 C36 C32 C0 <wb> C20 C0 C36 C3 C0 C30 C0 C36 C29 C0 C32 C0 <wb> C15 C0 C26 C32 C0 C11 <wb> C15 C0 C2 C23
hindi_female_007248|C19 C0 C26 C16 <wb> C32 C0 C30 C0 C37 C0 C16 C29 C0 <wb> C36 C24 C0 C19 C0 C16 <wb> C17 C0 C13 C0 C15 C0 <wb> C24 C0 C15 C0 C16 C23 <wb> C21 C0 C11 <wb> C30 C0 C32 C0 C16
hindi_female_007252|C36 C24 C0 C15 C0 C11 C23 <wb> C28 C0 C32 C0 C1 <wb> C15 C0 C16 <wb> C24 C0 C15 C0 C16 C23 <wb> C33 C0 C1 <wb> C19 C0 C16 <wb> C21 C0 C26 C13 C0 <wb> C19 C0 C16 C30 C0 C16 <wb> C3 C0 C1 C32 C0 <wb> C38 C0 C1 <wb> C16 C23 C30 C0 C1 C24 C0 <wb> C19 C0 C1 <wb> C20 C0 C38 C0 C1 C21 C0 <wb> C1 C24 C0 C11 <wb> C28 C0 C29 C0 <wb> C12 C0 C27 C29 C0 C24 C0 <wb> C36 C30 C0 C19 C0 C16 <wb> C32 C0 C30 C0 C37 C0 C16 C29 C0 <wb> C13 C0 C10 C0 <wb> C21 C0 C11 C32 C0 C11 <wb> C15 C0 C2 C23
hindi_female_007257|C16 C30 C0 C11 <wb> C3 C0 C24 C0 C1 C24 C0 C11 <wb> C22 C0 C11 C23 <wb> C19 C0 C29 C0 C16 C3 C0 <wb> C3 C0 C16 C30 C0 <wb> C30 C0 C1 C21 C0 <wb> C21 C0 C13 C0 C11
hindi_female_007269|C36 C24 C0 C15 C0 C26 C23 C24 C0 C11 <wb> C16 C30 C0 C11 <wb> C19 C0 C31 C0 C11 C32 C0 C29 C0 C16 C38 C0 <wb> C32 C0 C24 C0 C1 C37 C0 <wb> C19 C0 C1 <wb> C28 C0 C29 C0 C22 C0 C36 C20 C0 <wb> C19 C0 C1 C29 C0 C25 C0 <wb> C3 C0 C32 C0 C1 C38 C0 C1
hindi_female_007277|C22 C0 C11 C29 C0 C1 <wb> C29 C0 C16 C19 C0 C29 C0 C9 C0 <wb> C3 C0 C24 C0 C24 C0 C11 <wb> C30 C0 C11 <wb> C28 C0 C15 C0 C21 C0 C11 <wb> C15 C0 C16 <wb> C30 C0 C34 C0 C11 C34 C0 <wb> C19 C0 C16 <wb> C34 C0 C16 C22 C0 <wb> C3 C0 C24 C0 <wb> C13 C0 C16 <wb> C33 C0 C16
hindi_female_007284|C22 C0 C2 C23 <wb> C38 C0 C15 C0 C16 <wb> C19 C0 C15 C0 C24 C0 C1 <wb> C5 C0 C1 C15 C0 C32 C0 C1 <wb> C15 C0 C36 C23 <wb> C19 C0 C16 <wb> C38 C0 C15 C0 <wb> C0 C12 C0 C37 C0 C1 C15 C0 <wb> C17 C0 C21 C0 C7 C0 C16 <wb> C3 C0 C23 C7 C0 <wb> C15 C0 C26
hindi_female_007285|C28 C0 C29 C0 C25 C0 C37 C0 <wb> C19 C0 C15 C0 C32 C0 C11 <wb> C15 C0 C2 C23 <wb> C0 C29 C0 C17 C0 C36 C24 C0 <wb> C11 C19 C0 <wb> C3 C0 C15 C0 C36 C32 C0 <wb> C22 C0 C11 C15 C0 C24 C0 C32 C0 C16 <wb> C20 C0 C16 C21 C0 C1 C9 C0 C16 <wb> C15 C0 C2 C23
hindi_female_007286|C37 C0 C26 <wb> C0 C28 C0 C24 C0 C16 <wb> C22 C0 C11 C15 C0 C24 C0 C32 C0 <wb> C19 C0 C11 <wb> C7 C0 C22 C0 <wb> C28 C0 C29 C0 <wb> C5 C0 C36 C24 C0 C11 <wb> C13 C0 C11 <wb> C15 C0 C2 C23
hindi_female_007300|C28 C0 C29 C0 C25 C0 C37 C0 <wb> C24 C0 C11 <wb> C22 C0 C36 C23 C3 C0 C16 <wb> C24 C0 C15 C0 C16 C23 <wb> C20 C0 C11 C21 C0 C1 <wb> C33 C0 C1 <wb> C32 C0 C26 <wb> C17 C0 C26 C24 C0 C21 C0 <wb> C19 C0 C11 <wb> C21 C0 C16 C11 <wb> C5 C0 C36 C24 C0 C1 <wb> C17 C0 C1 C24 C0 C1 <wb> C30 C0 C23 C4 C0 C37 C0 <wb> C15 C0 C16 <wb> C24 C0 C15 C0 C16 C23 <wb> C33 C0 C1
hindi_female_007303|C28 C0 C29 C0 C25 C0 C37 C0 <wb> C22 C0 C36 C23 C3 C0 C16 <wb> C15 C0 C16 <wb> C24 C0 C15 C0 C16 C23 <wb> C20 C0 C11 C21 C0 C1 <wb> C32 C0 C26 <wb> C17 C0 C26 C24 C0 C21 C0 <wb> C22 C0 C11 C23 <wb> C19 C0 C2 C30 C0 C11 <wb> C17 C0 C1 C11 C13 C0 C1
hindi_female_007329|C21 C0 C11 C19 C0 C16 C24 C0 <wb> C36 C22 C0 C22 C0 C16 C7 C0 <wb> C38 C0 C11 <wb> C19 C0 C16 <wb> C17 C0 C1 <wb> C29 C0 C15 C0 C16 <wb> C15 C0 C2 <wb> C19 C0 C16 <wb> C16 C30 C0 C11 <wb> C7 C0 C36 C30 C0 C29 C0 C16 <wb> C30 C0 C29 C0 C37 C0 C16 C30 C0 <wb> C19 C0 C11 <wb> C21 C0 C16 C11 <wb> C4 C0 C16 <wb> C3 C0 C10 C0 C1 C38 C0 C1 <wb> C17 C0 C1 <wb> C30 C0 C19 C0 C32 C0 C1 <wb> C15 C0 C2
hindi_female_007334|C30 C0 C29 C0 C37 C0 C16 C30 C0 <wb> C34 C0 C2 C19 C0 C30 C0 <wb> C30 C0 C11 <wb> C30 C0 C29 C0 C19 C0 C1 C29 C0 <wb> C19 C0 C16 <wb> C19 C0 C22 C0 C1 C16 <wb> C0 C3 C0 <wb> C9 C0 C11 C10 C0 <wb> C21 C0 C1 C20 C0 <wb> C19 C0 C29 C0 C26 C9 C0 <wb> C29 C0 C36 C28 C0 C11 <wb> C30 C0 C11 <wb> C4 C0 C16 <wb> C17 C0 C38 C0 C1 C7 C0 C1 <wb> C15 C0 C2
hindi_female_007336|C8 C0 C16 C29 C0 C11 <wb> C8 C0 C16 C29 C0 C11 <wb> C16 C30 C0 <wb> C21 C0 C16 C30 C0 C34 C0 <wb> C19 C0 C26 <wb> C3 C0 C10 C0 C1 <wb> C7 C0 C16 C38 C0 C1 <wb> C13 C0 C38 C0 C1 <wb> C15 C0 C2
hindi_female_007353|C36 C8 C0 C29 C0 <wb> C11 C19 C0 <wb> C7 C0 C36 C30 C0 C29 C0 C11 <wb> C28 C0 C19 C0 C31 C0 <wb> C19 C0 C16 <wb> C31 C0 C16 C19 C0 C1 C38 C0 C32 C0 <wb> C15 C0 C2 <wb> C19 C0 C16 <wb> C22 C0 C16 C9 C0 C16 C38 C0 C1 <wb> C22 C0 C11 C23 <wb> C30 C0 C29 C0 C19 C0 C1 C29 C0 <wb> C19 C0 C11 <wb> C20 C0 C16 C21 C0 C1 C12 C0 <wb> C21 C0 C16 C20 C0 C24 C0 C1 <wb> C22 C0 C36 C31 C0 C19 C0 C16 C21 C0 <wb> C15 C0 C26 C32 C0 C1 <wb> C17 C0 C1 <wb> C29 C0 C15 C0 C1 <wb> C15 C0 C2
hindi_female_007370|C15 C0 C29 C0 <wb> C11 C19 C0 <wb> C38 C0 C26 C17 C0 C24 C0 C1 <wb> C19 C0 C11 <wb> C3 C0 C1 C29 C0 C11 <wb> C22 C0 C11 C23 <wb> C34 C0 C16 C37 C0 C16 <wb> C28 C0 C29 C0 <wb> C7 C0 C16 C20 C0 C1 C26 <wb> C15 C0 C29 C0 <wb> C38 C0 C26 C17 C0 C24 C0 C1 <wb> C28 C0 C29 C0 C30 C0 C16 C7 C0 C7 C0 <wb> C15 C0 C26 <wb> C17 C0 C1 C11 C13 C0 C16
hindi_female_007378|C22 C0 C2 C23 <wb> C3 C0 C32 C0 C1 C32 C0 C1 <wb> C15 C0 C36 C23 <wb> C19 C0 C2 C30 C0 C11 <wb> C1 C28 C0 <wb> C21 C0 C26 C13 C0 <wb> C19 C0 C29 C0 C32 C0 C11 <wb> C15 C0 C26
hindi_female_007379|C1 C13 C0 C29 C0 C1 <wb> C22 C0 C11 C23 <wb> C7 C0 C21 C0 C16 C32 C0 <wb> C38 C0 C36 C37 C0 C1 <wb> C19 C0 C16 <wb> C15 C0 C32 C0 C38 C0 C1 <wb> C15 C0 C36 C16 <wb> C19 C0 C16 C30 C0 C16 <wb> C24 C0 C11 <wb> C24 C0 C15 C0 C16 C23 <wb> C7 C0 C16 C20 C0 C1 C38 C0 C1
hindi_female_007399|C36 C22 C0 C22 C0 C16 C7 C0 <wb> C15 C0 C2 <wb> C1 C28 C0 <wb> C15 C0 C22 C0 C11 C23 <wb> C33 C0 C26 C9 C0 C1 <wb> C27 C29 C0 <wb> C13 C0 C23 C4 C0 C16 C29 C0 C32 C0 C1 <wb> C30 C0 C11 <wb> C21 C0 C11 C23 C13 C0 C11
hindi_female_007413|C21 C0 C11 C19 C0 C16 C24 C0 <wb> C19 C0 C26 C16 <wb> C17 C0 C29 C0 C36 C29 C0 C16 <wb> C24 C0 C15 C0 C16 C23 <wb> C15 C0 C2 <wb> C19 C0 C16 <wb> C1 C28 C0 <wb> C15 C0 C22 C0 C11 C31 C0 C1 <wb> C2 C30 C0 C1 <wb> C19 C0 C29 C0 C11 C23
hindi_female_007432|C17 C0 C3 C0 <wb> C4 C0 C16 <wb> C19 C0 C16 C30 C0 C16 <wb> C3 C0 C29 C0 C1 C23 C9 C0 <wb> C19 C0 C11 <wb> C12 C0 C26 C24 C0 <wb> C19 C0 C11 <wb> C24 C0 C11 <wb> C22 C0 C9 C0 C21 C0 <wb> C21 C0 C24 C0 C5 C0 <wb> C15 C0 C26 C32 C0 C11 <wb> C15 C0 C2 C23 <wb> C32 C0 C26 <wb> C36 C30 C0 C19 C0 C11 <wb> C28 C0 C36 C29 C0 C1 C24 C0 C11 <wb> C22 C0 C9 C0 C21 C0 <wb> C33 C0 C26 C9 C0 C11 <wb> C19 C0 C22 C0 <wb> C30 C0 C22 C0 C38 C0 <wb> C22 C0 C11 C23 <wb> C22 C0 C16 C21 C0 <wb> C17 C0 C1 C32 C0 C11 <wb> C15 C0 C2 C23
hindi_female_007433|C16 C30 C0 C21 C0 C16 C11 <wb> C1 C28 C0 C19 C0 C26 <wb> C2 C30 C0 C11 <wb> C22 C0 C27 C19 C0 C11 <wb> C19 C0 C16 <wb> C32 C0 C21 C0 C1 C31 C0 <wb> C22 C0 C11 C23 <wb> C29 C0 C15 C0 C24 C0 C1 <wb> C15 C0 C26 C13 C0 C1
hindi_female_007448|C28 C0 C15 C0 C21 C0 C11 <wb> C32 C0 C26 <wb> C38 C0 C11 <wb> C7 C0 C11 C20 C0 C16 C11 <wb> C19 C0 C16 <wb> C37 C0 C1 C38 C0 C29 C0 C30 C0 <wb> C19 C0 C16 <wb> C28 C0 C29 C0 C11 C31 C0 C1 C24 C0 C16 <wb> C19 C0 C38 C0 C1 <wb> C30 C0 C16 C29 C0 C12 C0 <wb> C36 C30 C0 C16 <wb> C30 C0 C22 C0 C38 C0 <wb> C15 C0 C26 C32 C0 C16 <wb> C15 C0 C2 <wb> C17 C0 C3 C0 <wb> C1 C28 C0 <wb> C11 C19 C0 <wb> C2 C28 C0 <wb> C5 C0 C21 C0 C1 C32 C0 C11 <wb> C15 C0 C2 C23
hindi_female_007472|C30 C0 C3 C0 C30 C0 C11 <wb> C28 C0 C15 C0 C21 C0 C11 <wb> C3 C0 C1 C32 C0 <wb> C19 C0 C29 C0 C32 C0 C11 <wb> C15 C0 C2 C23 <wb> C28 C0 C16 C24 C0 <wb> C28 C0 C1 C30 C0 C37 C0 C29 C0 C9 C0 <wb> C19 C0 C16
hindi_female_007492|C30 C0 C16 C19 C0 C38 C0 C26 C29 C0 C16 C34 C0 C16 <wb> C19 C0 C11 <wb> C21 C0 C16 C11 <wb> C32 C0 C29 C0 C15 C0 <wb> C32 C0 C29 C0 C15 C0 <wb> C19 C0 C16 <wb> C19 C0 C26 C31 C0 C16 C31 C0 <wb> C19 C0 C16 <wb> C17 C0 C1 <wb> C29 C0 C15 C0 C16 <wb> C15 C0 C2
hindi_female_007500|C16 C30 C0 C19 C0 C26 <wb> C31 C0 C36 C29 C0 C36 <wb> C19 C0 C29 C0 C24 C0 C1 <wb> C3 C0 C15 C0 C36 C32 C0 <wb> C15 C0 C16 <wb> C1 C30 C0 C1 C24 C0 <wb> C15 C0 C2
hindi_female_007516|C15 C0 C26 <wb> C30 C0 C19 C0 C32 C0 C1 <wb> C15 C0 C2 <wb> C17 C0 C3 C0 <wb> C1 C28 C0 C24 C0 C11 <wb> C19 C0 C2 C22 C0 C29 C0 C1 <wb> C2 C28 C0 <wb> C16 C30 C0 C32 C0 C11 C22 C0 C1 C21 C0 <wb> C19 C0 C29 C0 C24 C0 C1 <wb> C31 C0 C36 C29 C0 C36 <wb> C19 C0 C16 C38 C0 C1 <wb> C36 C30 C0 <wb> C30 C0 C22 C0 C38 C0 <wb> C2 C28 C0 <wb> C24 C0 C11 <wb> C1 C28 C0 C30 C0 C11 <wb> C38 C0 C11 <wb> C16 C17 C0 C1 C17 C0 C32 C0 <wb> C22 C0 C1 C23 C13 C0 C16 <wb> C33 C0 C16
hindi_female_007525|C15 C0 C26 <wb> C30 C0 C19 C0 C32 C0 C1 <wb> C15 C0 C2 <wb> C1 C28 C0 C24 C0 C11 <wb> C31 C0 C36 C29 C0 C36 C1 C32 C0 <wb> C22 C0 C11 C23 <wb> C0 C28 C0 C24 C0 C11 <wb> C21 C0 C26 C19 C0 C11 C31 C0 C24 C0 <wb> C31 C0 C11 C38 C0 C29 C0 <wb> C19 C0 C29 C0 C24 C0 C11 <wb> C19 C0 C11 <wb> C21 C0 C16 C11 <wb> C15 C0 C1 C22 C0 C16 <wb> C4 C0 C29 C0 <wb> C7 C0 C16 <wb> C15 C0 C26 C13 C0 C16
hindi_female_007530|C16 C30 C0 C21 C0 C16 C11 <wb> C21 C0 C26 C19 C0 C11 C31 C0 C24 C0 <wb> C19 C0 C16 <wb> C17 C0 C1 C24 C0 C19 C0 C1 C29 C0 C16 <wb> C21 C0 C11 C24 C0 C1 <wb> C17 C0 C29 C0 C36 C29 C0 C16 <wb> C15 C0 C2
hindi_female_007532|C2 C30 C0 C16 <wb> C17 C0 C1 C24 C0 C19 C0 C1 C29 C0 C16 <wb> C7 C0 C11 C24 C0 C1 <wb> C20 C0 C32 C0 C29 C0 C24 C0 C1 C19 C0 <wb> C15 C0 C26 <wb> C30 C0 C19 C0 C32 C0 C1 <wb> C15 C0 C2 <wb> C27 C29 C0 <wb> C2 C30 C0 C11 <wb> C2 C28 C0 <wb> C19 C0 C11 <wb> C21 C0 C16 C11 <wb> C21 C0 C26 C19 C0 C11 C31 C0 C24 C0 <wb> C19 C0 C26 <wb> C0 C12 C0 <wb> C19 C0 C29 C0 <wb> C19 C0 C11 <wb> C29 C0 C20 C0 C24 C0 C1 <wb> C15 C0 C16 <wb> C1 C28 C0 C19 C0 C16 <wb> C30 C0 C36 C29 C0 C19 C0 C31 C0 C1 <wb> C19 C0 C11 <wb> C15 C0 C16 C32 C0 <wb> C22 C0 C11 C23 <wb> C15 C0 C26 C13 C0 C1
hindi_female_007536|C3 C0 C30 C0 <wb> C11 C19 C0 <wb> C3 C0 C1 C32 C0 <wb> C19 C0 C1 <wb> C8 C0 C38 C0 C1 C24 C0 <wb> C29 C0 C20 C0 C24 C0 C1 <wb> C15 C0 C2 <wb> C19 C0 C16 <wb> C17 C0 C3 C0 <wb> C1 C28 C0 <wb> C28 C0 C26 C30 C0 C34 C0 <wb> C19 C0 C29 C0 C11 C23 C13 C0 C11 <wb> C32 C0 C26 <wb> C37 C0 C26 <wb> C15 C0 C22 C0 C11 C31 C0 C1 <wb> C19 C0 C29 C0 C24 C0 C1 <wb> C15 C0 C26 C13 C0 C1
hindi_female_007538|C17 C0 C26 <wb> C4 C0 C16 <wb> C37 C0 C16 C9 C0 C16 C38 C0 C26 <wb> C38 C0 C1 <wb> C32 C0 C30 C0 C37 C0 C16 C29 C0 <wb> C1 C28 C0 <wb> C28 C0 C26 C30 C0 C34 C0 <wb> C19 C0 C29 C0 C32 C0 C11 <wb> C15 C0 C2 C23 <wb> C37 C0 C26 <wb> C2 C30 C0 C11 <wb> C15 C0 C26 C24 C0 C11 <wb> C5 C0 C1 C15 C0 C16 C11 <wb> C17 C0 C26 <wb> C1 C28 C0 C19 C0 C11 <wb> C7 C0 C26 C30 C0 C32 C0 C26 C23 <wb> C19 C0 C11 <wb> C5 C0 C11 C15 C0 C29 C0 C11 <wb> C28 C0 C29 C0 <wb> C11 C19 C0 <wb> C22 C0 C36 C30 C0 C19 C0 C1 C24 C0 <wb> C21 C0 C1 <wb> C7 C0 C11
hindi_female_007540|C21 C0 C11 C19 C0 C16 C24 C0 <wb> C0 C13 C0 C29 C0 <wb> C1 C28 C0 <wb> C2 C30 C0 C11 <wb> C32 C0 C30 C0 C37 C0 C16 C29 C0 <wb> C27 C29 C0 <wb> C37 C0 C16 C9 C0 C16 C38 C0 C26 <wb> C10 C0 C36 C23 C10 C0 <wb> C30 C0 C19 C0 C32 C0 C11 <wb> C15 C0 C2 C23 <wb> C32 C0 C26 <wb> C7 C0 C26 C30 C0 C32 C0 C26 C23 <wb> C19 C0 C11 <wb> C3 C0 C16 C5 C0 <wb> C1 C28 C0 <wb> C15 C0 C16 C34 C0 <wb> C15 C0 C26 <wb> C17 C0 C1 C11 C23 C13 C0 C11
hindi_female_007541|C19 C0 C4 C0 C16 <wb> C19 C0 C4 C0 C16 <wb> C19 C0 C16 C30 C0 C16 <wb> C32 C0 C38 C0 C27 C15 C0 C1 C29 C0 <wb> C19 C0 C11 <wb> C7 C0 C27 C29 C0 C1 C24 C0 <wb> C38 C0 C1 <wb> C0 C28 C0 C24 C0 C11 <wb> C17 C0 C24 C0 C22 C0 C7 C0 C16 C24 C0 <wb> C19 C0 C11 <wb> C7 C0 C16 C24 C0 <wb> C4 C0 C16 <wb> C1 C28 C0 C19 C0 C11 <wb> C28 C0 C26 C30 C0 C34 C0 <wb> C30 C0 C11 <wb> C21 C0 C26 C13 C0 C26 C23 <wb> C19 C0 C26 <wb> C20 C0 C36 C31 C0 C16 <wb> C15 C0 C26 C13 C0 C16 <wb> C27 C29 C0 <wb> C37 C0 C26 <wb> C1 C28 C0 C19 C0 C11 <wb> C28 C0 C26 C30 C0 C34 C0 <wb> C12 C0 C26 C34 C0 C26 <wb> C38 C0 C1 <wb> C37 C0 C16 C9 C0 C16 C38 C0 C26 <wb> C19 C0 C26 <wb> C21 C0 C1 C16 C19 C0 <wb> C19 C0 C29 C0 <wb> C30 C0 C19 C0 C32 C0 C11 <wb> C15 C0 C2 C23
hindi_female_007572|C36 C24 C0 C19 C0 C11 <wb> C22 C0 C36 C32 C0 C1 C3 C0 C16 C19 C0 <wb> C30 C0 C23 C4 C0 C37 C0 <wb> C15 C0 C2 <wb> C19 C0 C16 <wb> C38 C0 C11 <wb> C30 C0 C11 C30 C0 <wb> C19 C0 C22 C0 <wb> C0 C37 C0 C8 C0 C16 <wb> C19 C0 C11 <wb> C21 C0 C16 C11 <wb> C21 C0 C13 C0 C1 C38 C0 C1 <wb> C17 C0 C1 C11 <wb> C21 C0 C11 C19 C0 C16 C24 C0 <wb> C0 C13 C0 C29 C0 <wb> C19 C0 C29 C31 C0 C16 <wb> C19 C0 C11 <wb> C36 C32 C0 C28 C0 C1 C7 C0 <wb> C19 C0 C26 <wb> C3 C0 C10 C0 C1 C24 C0 C1 <wb> C15 C0 C2 <wb> C32 C0 C26 <wb> C24 C0 C16 C37 C0 C11 C31 C0 <wb> C1 C24 C0 C1 <wb> C3 C0 C15 C0 C36 C32 C0 <wb> C17 C0 C29 C0 C36 C29 C0 C16 <wb> C15 C0 C2
hindi_female_007580|C16 C30 C0 <wb> C28 C0 C29 C0 <wb> C28 C0 C1 C19 C0 C16 C30 C0 C32 C0 C1 C24 C0 <wb> C22 C0 C11 C23 <wb> C19 C0 C1 C12 C0 C16 <wb> C37 C0 C16 C37 C0 C1 C7 C0 <wb> C4 C0 C16 <wb> C15 C0 C36 C1
hindi_female_007622|C36 C30 C0 C24 C0 C11 <wb> C3 C0 C32 C0 C1 C38 C0 C1 <wb> C15 C0 C2 <wb> C19 C0 C16 <wb> C22 C0 C1 C23 <wb> C24 C0 C11 <wb> C4 C0 C29 C0 C26 C30 C0 C1 <wb> C7 C0 C16 C38 C0 C1 <wb> C15 C0 C2 <wb> C19 C0 C16 <wb> C37 C0 C26 <wb> C36 C30 C0 C11 <wb> C17 C0 C21 C0 C7 C0 C16 <wb> C0 C28 C0 C24 C0 C11 <wb> C28 C0 C1 C30 C0 <wb> C3 C0 C36 C21 C0 C1 <wb> C21 C0 C11 C13 C0 C16
hindi_female_007638|C15 C0 C22 C0 C24 C0 C11 <wb> C36 C30 C0 C11 <wb> C30 C0 C1 C3 C0 C16 C32 C0 <wb> C19 C0 C29 C0 C24 C0 C11 <wb> C19 C0 C11 <wb> C21 C0 C16 C11 <wb> C19 C0 C15 C0 C1 <wb> C15 C0 C2
hindi_female_007643|C7 C0 C16 C21 C0 C21 C0 C16 <wb> C22 C0 C11 C23 <wb> C3 C0 C15 C0 C36 C32 C0 <wb> C20 C0 C26 C17 C0 C24 C0 C11 <wb> C19 C0 C11 <wb> C3 C0 C1 C7 C0 <wb> C36 C24 C0 C15 C0 C26 C23 C24 C0 C11 <wb> C3 C0 C5 C0 C5 C0 C11 <wb> C19 C0 C16 <wb> C22 C0 C1 C23 <wb> C27 C29 C0 <wb> C36 C24 C0 C19 C0 C11 <wb> C28 C0 C16 C32 C0 C1 <wb> C19 C0 C26 <wb> C10 C0 C36 C23 C10 C0 <wb> C24 C0 C16 C19 C0 C1 C21 C0 C1
hindi_female_007644|C12 C0 C16 C29 C0 <wb> C37 C0 C26 <wb> C37 C0 C15 C0 C1 C23 <wb> C19 C0 C11 <wb> C22 C0 C36 C20 C0 C38 C0 C22 C0 C23 C32 C0 C29 C0 C16 <wb> C30 C0 C11 <wb> C22 C0 C16 C21 C0 C11 <wb> C27 C29 C0 <wb> C36 C24 C0 C19 C0 C11 <wb> C30 C0 C1 C22 C0 C24 C0 C11 <wb> C28 C0 C36 C29 C0 C11 <wb> C22 C0 C1 C22 C0 C21 C0 C11 <wb> C19 C0 C26 <wb> C28 C0 C11 C31 C0 <wb> C19 C0 C16 C38 C0 C1
hindi_female_007650|C16 C30 C0 C21 C0 C16 C11 <wb> C3 C0 C11 C34 C0 C1 <wb> C3 C0 C11 C34 C0 C16 <wb> C19 C0 C26 <wb> C22 C0 C11 C29 C0 C11 <wb> C28 C0 C1 C30 C0 <wb> C6 C0 C26 C9 C0 <wb> C13 C0 C11
hindi_female_007696|C19 C0 C2 C21 C0 C1 C31 C0 <wb> C19 C0 C15 C0 C32 C0 C11 <wb> C15 C0 C2 C23 <wb> C19 C0 C16 <wb> C24 C0 C1 C22 C0 <wb> C30 C0 C11 <wb> C15 C0 C16 <wb> C17 C0 C1 C15 C0 C16 C29 C0 <wb> C15 C0 C26 <wb> C29 C0 C15 C0 C1 <wb> C15 C0 C2 <wb> C19 C0 C16 <wb> C3 C0 C1 C32 C0 <wb> C16 C31 C0 C19 C0 <wb> C19 C0 C16 <wb> C15 C0 C26 <wb> C29 C0 C15 C0 C16 <wb> C15 C0 C2
hindi_female_007699|C19 C0 C2 C21 C0 C1 C31 C0 <wb> C19 C0 C15 C0 C32 C0 C11 <wb> C15 C0 C2 C23 <wb> C22 C0 C2 C23 C24 C0 C11 <wb> C22 C0 C1 C32 C0 C29 C0 <wb> C32 C0 C11 C29 C0 C15 C0 <wb> C30 C0 C1 C21 C0 <wb> C19 C0 C16 <wb> C36 C22 C0 C29 C0 <wb> C22 C0 C11 C23 <wb> C0 C28 C0 C24 C0 C1 <wb> C14 C0 C29 C0 <wb> C6 C0 C26 C9 C0 <wb> C7 C0 C16 C38 C0 C1 <wb> C33 C0 C1
hindi_female_007740|C21 C0 C11 C19 C0 C16 C24 C0 <wb> C36 C24 C0 C19 C0 C16 <wb> C0 C30 C0 C21 C0 C16 <wb> C28 C0 C29 C0 C32 C0 C16 C4 C0 C1 <wb> C36 C24 C0 C19 C0 C11 <wb> C7 C0 C16 C22 C0 C1 C13 C0 <wb> C22 C0 C11 C23 <wb> C33 C0 C16
hindi_female_007774|C36 C24 C0 C15 C0 C26 C23 C24 C0 C11 <wb> C28 C0 C36 C6 C0 C1 <wb> C19 C0 C16 <wb> C16 C30 C0 <wb> C34 C0 C16 C22 C0 <wb> C22 C0 C11 C23 <wb> C0 C31 C0 C26 C19 C0 <wb> C19 C0 C36 C22 C0 C1 C29 C0 <wb> C19 C0 C27 C24 C0 <wb> C15 C0 C2 C23
hindi_female_007776|C32 C0 C36 C22 C0 C15 C0 C1 C29 C0 C11 <wb> C28 C0 C16 C32 C0 C1 <wb> C16 C32 C0 C24 C0 C11 <wb> C22 C0 C15 C0 C1 C24 C0 <wb> C20 C0 C16 C21 C0 C1 C9 C0 C16 <wb> C33 C0 C11
hindi_female_007781|C13 C0 C11 C23 C7 C0 <wb> C1 C32 C0 C11 <wb> C15 C0 C16 <wb> C37 C0 C26 <wb> C36 C30 C0 C11 <wb> C0 C28 C0 C24 C0 C11 <wb> C30 C0 C1 C33 C0 C16 <wb> C20 C0 C16 C21 C0 C1 C9 C0 C16 <wb> C19 C0 C26 <wb> C28 C0 C1 C30 C0 <wb> C19 C0 C29 C0 <wb> C7 C0 C11 C32 C0 C11 <wb> C33 C0 C11
hindi_female_007787|C22 C0 C36 C18 C0 C11 <wb> C32 C0 C1 C17 C0 C17 C0 C36 C3 C0 <wb> C15 C0 C2 <wb> C19 C0 C16 <wb> C1 C28 C0 <wb> C22 C0 C11 C23 <wb> C30 C0 C11 <wb> C19 C0 C26 C16 <wb> C1 C8 C0 C11 <wb> C30 C0 C22 C0 C38 C0 <wb> C32 C0 C19 C0 <wb> C11 C19 C0 <wb> C13 C0 C26 C21 C0 <wb> C4 C0 C16 <wb> C24 C0 C15 C0 C16 C23 <wb> C19 C0 C29 C0 <wb> C28 C0 C1 C38 C0 C1
hindi_female_007839|C22 C0 C13 C0 C29 C0 <wb> C30 C0 C5 C0 <wb> C32 C0 C26 <wb> C38 C0 C11 <wb> C15 C0 C2 <wb> C19 C0 C16 <wb> C16 C23 C30 C0 C1 C24 C0 <wb> C19 C0 C16 <wb> C38 C0 C11 <wb> C30 C0 C26 C5 C0 <wb> C3 C0 C36 C29 C0 C16 <wb> C32 C0 C29 C0 C15 C0 <wb> C24 C0 C1 C19 C0 C1 C22 C0 <wb> C30 C0 C1 C3 C0 C16 C32 C0 <wb> C15 C0 C36 C16 <wb> C15 C0 C2
hindi_female_007844|C3 C0 C21 C0 C19 C0 C16 <wb> C30 C0 C7 C0 C16 C38 C0 C26 C23 <wb> C30 C0 C11 <wb> C2 C30 C0 C1 <wb> C15 C0 C26 C32 C0 C1 <wb> C1 C38 C0 C1 <wb> C15 C0 C2
hindi_female_007866|C17 C0 C16 C24 C0 C19 C0 C16 <wb> C22 C0 C7 C0 C7 C0 <wb> C30 C0 C11 <wb> C37 C0 C26 <wb> C16 C32 C0 C24 C0 C11 <wb> C3 C0 C36 C29 C0 C11 <wb> C22 C0 C1 C15 C0 C27 C21 C0 <wb> C22 C0 C11 C23 <wb> C4 C0 C16 <wb> C15 C0 C17 C0 C1 C29 C0 C26 C23 <wb> C21 C0 C1 C20 C0 C26 C23 <wb> C30 C0 C1 C21 C0 <wb> C30 C0 C11 <wb> C29 C0 C15 C0 <wb> C29 C0 C15 C0 C11 <wb> C15 C0 C2 C23
hindi_female_007867|C0 C30 C0 C21 C0 <wb> C22 C0 C11 C23 <wb> C8 C0 C29 C0 C32 C0 C16 <wb> C19 C0 C11 <wb> C0 C21 C0 C13 C0 <wb> C0 C21 C0 C13 C0 <wb> C15 C0 C16 C30 C0 C30 C0 C26 C23 <wb> C22 C0 C11 C23 <wb> C11 C19 C0 <wb> C30 C0 C11 <wb> C11 C19 C0 <wb> C20 C0 C29 C0 C1 C3 C0 <wb> C22 C0 C27 C30 C0 C22 C0 <wb> C22 C0 C16 C21 C0 C32 C0 C11 <wb> C15 C0 C2 C23
hindi_female_007869|C22 C0 C13 C0 C29 C0 <wb> C38 C0 C15 C0 C1 C23 <wb> C4 C0 C16 <wb> C19 C0 C16 <wb> C32 C0 C29 C0 C15 C0 <wb> C19 C0 C11 <wb> C17 C0 C16 C37 C0 <wb> C22 C0 C16 C21 C0 <wb> C17 C0 C1 C32 C0 C11 <wb> C15 C0 C2 C23
hindi_female_007882|C32 C0 C26 <wb> C36 C30 C0 C19 C0 C1 <wb> C17 C0 C37 C0 C1 C3 C0 <wb> C38 C0 C11 <wb> C15 C0 C2 <wb> C19 C0 C16 <wb> C28 C0 C29 C0 C19 C0 C29 C32 C0 C16 <wb> C19 C0 C11 <wb> C28 C0 C1 C30 C0 <wb> C32 C0 C26 <wb> C15 C0 C29 C0 <wb> C30 C0 C37 C0 C1 C21 C0 <wb> C19 C0 C1 <wb> C17 C0 C37 C0 C1 C3 C0 <wb> C15 C0 C2
hindi_female_007895|C16 C24 C0 C19 C0 C1 <wb> C19 C0 C1 C29 C0 C26 C3 C0 C1 C29 C0 <wb> C24 C0 C1 C29 C0 C37 C0 C11 <wb> C19 C0 C16 <wb> C0 C29 C0 C33 C0 C37 C0 C38 C0 C37 C0 C30 C0 C33 C0 C1 <wb> C19 C0 C1 <wb> C3 C0 C9 C0 C1 <wb> C15 C0 C16 C30 C0 C30 C0 C1 <wb> C33 C0 C1
hindi_female_007903|C37 C0 C15 C0 C16 C23 <wb> C24 C0 C1 C29 C0 C37 C0 C11 <wb> C19 C0 C11 <wb> C21 C0 C26 C13 C0 C26 C23 <wb> C19 C0 C26 <wb> C16 C30 C0 C30 C0 C11 <wb> C29 C0 C32 C0 C32 C0 C16 <wb> C4 C0 C29 C0 <wb> C4 C0 C16 <wb> C12 C0 C1 C38 C0 C7 C0 C1 <wb> C24 C0 C15 C0 C16 C23 <wb> C15 C0 C36 C1
hindi_female_007915|C16 C24 C0 C22 C0 C11 C23 <wb> C30 C0 C11 <wb> C19 C0 C16 <wb> C30 C0 C11 <wb> C7 C0 C36 C24 C0 C16 C38 C0 C1 <wb> C19 C0 C26 <wb> C3 C0 C9 C0 C16 <wb> C36 C22 C0 C22 C0 C16 C7 C0 C11 C23 <wb> C15 C0 C2 C23
hindi_female_007970|C3 C0 C9 C0 C11 <wb> C15 C0 C26 C32 C0 C11 <wb> C3 C0 C23 C7 C0 C29 C0 <wb> C3 C0 C1 C7 C0 <wb> C22 C0 C11 C23 <wb> C0 C28 C0 C24 C0 C11 <wb> C7 C0 C26 C30 C0 C32 C0 C26 C23 <wb> C29 C0 C16 C31 C0 C32 C0 C11 C7 C0 C1 C29 C0 C26 C23 <wb> C19 C0 C1 <wb> C0 C21 C0 C13 C0 <wb> C18 C0 C36 C23 C9 C0 <wb> C3 C0 C24 C0 C1 <wb> C21 C0 C11 C32 C0 C11 <wb> C15 C0 C2 C23 <wb> C27 C29 C0 <wb> C18 C0 C36 C23 C9 C0 <wb> C19 C0 C11 <wb> C30 C0 C7 C0 C30 C0 C38 C0 <wb> C3 C0 C7 C0 C21 C0 C32 C0 C11 <wb> C29 C0 C15 C0 C32 C0 C11 <wb> C15 C0 C2 C23
hindi_female_007973|C16 C30 C0 C30 C0 C11 <wb> C20 C0 C1 C24 C0 C11 <wb> C19 C0 C26 <wb> C21 C0 C11 C19 C0 C29 C0 <wb> C16 C24 C0 C19 C0 C11 <wb> C3 C0 C16 C5 C0 <wb> C1 C28 C0 C30 C0 C16 <wb> C18 C0 C13 C0 C9 C0 C11 <wb> C24 C0 C15 C0 C16 C23 <wb> C15 C0 C36 C11
hindi_female_007977|C17 C0 C26 <wb> C17 C0 C1 C24 C0 C37 C0 C29 C0 <wb> C3 C0 C7 C0 C21 C0 C11 <wb> C15 C0 C36 C11 <wb> C15 C0 C1 C21 C0 C1 C32 C0 <wb> C19 C0 C11 <wb> C15 C0 C16 C30 C0 C1 C3 C0 <wb> C30 C0 C11 <wb> C20 C0 C36 C7 C0 <wb> C19 C0 C26 <wb> C10 C0 C1 C21 C0 <wb> C21 C0 C11 C32 C0 C11 <wb> C15 C0 C2 C23 <wb> C37 C0 C26 <wb> C3 C0 C5 C0 <wb> C24 C0 C16 C19 C0 C21 C0 C32 C0 C11 <wb> C15 C0 C2 C23
hindi_female_007979|C15 C0 C1 C23 <wb> C16 C24 C0 <wb> C29 C0 C16 C30 C0 C29 C0 C5 C0 <wb> C30 C0 C11 <wb> C11 C19 C0 <wb> C3 C0 C1 C32 C0 <wb> C30 C0 C1 C12 C0 <wb> C15 C0 C2 <wb> C19 C0 C16 <wb> C16 C23 C30 C0 C1 C24 C0 <wb> C19 C0 C26 <wb> C0 C28 C0 C24 C0 C11 <wb> C1 C30 C0 <wb> C28 C0 C1 C30 C0 <wb> C3 C0 C1 C19 C0 C16 <wb> C17 C0 C1 C24 C0 C37 C0 C29 C0 C26 C23 <wb> C19 C0 C26 <wb> C7 C0 C11 C20 C0 C32 C0 C11 <wb> C29 C0 C15 C0 C24 C0 C1 <wb> C15 C0 C2 <wb> C32 C0 C26 <wb> C36 C30 C0 C11 <wb> C17 C0 C23 C13 C0 C21 C0 C26 C23 <wb> C22 C0 C11 C23 <wb> C0 C28 C0 C24 C0 C1 <wb> C7 C0 C20 C0 C21 C0 <wb> C19 C0 C22 C0 <wb> C19 C0 C29 C0 C24 C0 C1 <wb> C15 C0 C26 C13 C0 C1
hindi_female_007995|C28 C0 C1 C23 C9 C0 C11 C17 C0 C16 <wb> C19 C0 C15 C0 <wb> C29 C0 C15 C0 C11 <wb> C15 C0 C2 C23 <wb> C32 C0 C26 <wb> C16 C30 C0 C19 C0 C1 <wb> C22 C0 C32 C0 C21 C0 C3 C0 <wb> C28 C0 C36 C29 C0 C1 <wb> C7 C0 C11 C31 C0 <wb> C19 C0 C15 C0 <wb> C29 C0 C15 C0 C1 <wb> C15 C0 C2
hindi_female_007998|C36 C30 C0 C19 C0 C11 <wb> C3 C0 C1 C7 C0 <wb> C30 C0 C11 <wb> C36 C24 C0 C15 C0 C26 C23 C24 C0 C11 <wb> C19 C0 C4 C0 C16 <wb> C28 C0 C16 C6 C0 C11 <wb> C22 C0 C36 C9 C0 <wb> C19 C0 C29 C0 <wb> C24 C0 C15 C0 C16 C23 <wb> C7 C0 C11 C20 C0 C1
hindi_female_008020|C36 C30 C0 <wb> C17 C0 C22 C0 C1 C24 C0 C11 <wb> C22 C0 C11 C23 <wb> C22 C0 C24 C0 C26 C29 C0 C23 C17 C0 C24 C0 <wb> C19 C0 C1 <wb> C30 C0 C1 C8 C0 C24 C0 <wb> C29 C0 C11 C9 C0 C16 C38 C0 C26 <wb> C27 C29 C0 <wb> C30 C0 C16 C24 C0 C11 C22 C0 C1 <wb> C15 C0 C36 C1 <wb> C19 C0 C29 C0 C32 C0 C1 <wb> C33 C0 C1
hindi_female_008021|C22 C0 C11 C29 C0 C11 <wb> C28 C0 C16 C32 C0 C1 <wb> C1 C37 C0 C1 C17 C0 <wb> C30 C0 C11 <wb> C15 C0 C16 <wb> C28 C0 C15 C0 C5 C0 C1 C24 C0 C11 <wb> C17 C0 C1 C32 C0 C11 <wb> C33 C0 C11
hindi_female_008036|C22 C0 C11 C29 C0 C11 <wb> C22 C0 C36 C23 C15 C0 <wb> C30 C0 C11 <wb> C24 C0 C16 C19 C0 C21 C0 C1 <wb> C19 C0 C16 <wb> C1 C28 C0 C19 C0 C26 <wb> C30 C0 C36 C24 C0 C32 C0 C11 <wb> C30 C0 C36 C24 C0 C32 C0 C11 <wb> C15 C0 C16 <wb> C22 C0 C2 C23 <wb> C3 C0 C9 C0 C1 <wb> C15 C0 C36 C1 <wb> C15 C0 C36 C23
hindi_female_008056|C30 C0 C3 C0 C19 C0 C26 <wb> C28 C0 C32 C0 C1 <wb> C33 C0 C1 <wb> C19 C0 C16 <wb> C37 C0 C26 <wb> C7 C0 C16 C21 C0 <wb> C19 C0 C11 <wb> C30 C0 C1 C12 C0 <wb> C1 C7 C0 C22 C0 C16 <wb> C15 C0 C2 C23
hindi_female_008063|C37 C0 C26 <wb> C3 C0 C26 C21 C0 C11 <wb> C38 C0 C1 C29 C0 <wb> C1 C17 C0 <wb> C22 C0 C36 C9 C0 <wb> C24 C0 C15 C0 C16 C23 <wb> C15 C0 C26 <wb> C29 C0 C15 C0 C1 <wb> C15 C0 C2
hindi_female_008077|C20 C0 C1 C24 C0 C11 <wb> C28 C0 C16 C24 C0 C11 <wb> C19 C0 C1 <wb> C4 C0 C16 <wb> C36 C24 C0 C15 C0 C11 C23 <wb> C3 C0 C15 C0 C36 C32 C0 <wb> C31 C0 C27 C19 C0 <wb> C33 C0 C1
hindi_female_008080|C21 C0 C11 C19 C0 C16 C24 C0 <wb> C14 C0 C29 C0 <wb> C22 C0 C11 C23 <wb> C15 C0 C16 <wb> C3 C0 C24 C0 C1 C24 C0 C1 <wb> C27 C29 C0 <wb> C20 C0 C1 C24 C0 C1 <wb> C28 C0 C30 C0 C23 C7 C0 <wb> C19 C0 C29 C0 C32 C0 C11 <wb> C33 C0 C11
hindi_female_008108|C38 C0 C11 <wb> C30 C0 C3 C0 C30 C0 C11 <wb> C20 C0 C32 C0 C29 C0 C24 C0 C1 C19 C0 <wb> C31 C0 C16 C19 C0 C1 C29 C0 C16 <wb> C22 C0 C1 C24 C0 C11 <wb> C17 C0 C1 C32 C0 C11 <wb> C15 C0 C2 C23
hindi_female_008136|C16 C32 C0 C24 C0 C16 <wb> C32 C0 C1 C19 C0 C32 C0 <wb> C21 C0 C13 C0 C24 C0 C11 <wb> C28 C0 C29 C0 <wb> C11 C19 C0 <wb> C19 C0 C1 C29 C0 <wb> C19 C0 C1 <wb> C19 C0 C5 C0 C36 C22 C0 C29 C0 <wb> C24 C0 C16 C19 C0 C21 C0 <wb> C30 C0 C19 C0 C32 C0 C1 <wb> C15 C0 C2
hindi_female_008152|C36 C24 C0 C15 C0 C26 C23 C24 C0 C11 <wb> C0 C19 C0 C34 C0 C36 C3 C0 C29 C0 <wb> C22 C0 C11 C23 <wb> C28 C0 C15 C0 C21 C0 C16 <wb> C3 C0 C1 C29 C0 <wb> C37 C0 C26 C34 C0 <wb> C9 C0 C1 C21 C0 C1
hindi_female_008156|C7 C0 C36 C30 C0 C29 C0 C11 <wb> C19 C0 C16 <wb> C21 C0 C26 C13 C0 C26 C23 <wb> C19 C0 C16 <wb> C4 C0 C16 <wb> C38 C0 C15 C0 <wb> C19 C0 C15 C0 C1 C24 C0 C16 <wb> C33 C0 C16
hindi_female_008169|C36 C24 C0 C15 C0 C26 C23 C24 C0 C11 <wb> C28 C0 C15 C0 C21 C0 C11 <wb> C15 C0 C16 <wb> C37 C0 C26 C34 C0 <wb> C7 C0 C11 C24 C0 C11 <wb> C19 C0 C1 <wb> C37 C0 C16 C19 C0 C21 C0 C28 C0 <wb> C5 C0 C36 C24 C0 C1
hindi_female_008178|C37 C0 C11 <wb> C19 C0 C15 C0 C32 C0 C16 <wb> C15 C0 C2 C23 <wb> C38 C0 C15 C0 <wb> C38 C0 C11 <wb> C7 C0 C16 C20 C0 C1 C24 C0 C11 <wb> C19 C0 C11 <wb> C21 C0 C16 C11 <wb> C15 C0 C2 <wb> C19 C0 C16 <wb> C15 C0 C22 C0 <wb> C27 C29 C0 C32 C0 <wb> C15 C0 C26 C24 C0 C11 <wb> C19 C0 C11 <wb> C24 C0 C1 C32 C0 C11 <wb> C19 C0 C36 C6 C0 <wb> C4 C0 C16 <wb> C19 C0 C29 C0 <wb> C30 C0 C19 C0 C32 C0 C16 <wb> C15 C0 C2 C23 <wb> C20 C0 C1 C30 C0 <wb> C19 C0 C29 C0 <wb> C32 C0 C3 C0 <wb> C17 C0 C3 C0 <wb> C15 C0 C22 C0 C24 C0 C11 <wb> C36 C30 C0 C19 C0 C11 <wb> C21 C0 C16 C11 <wb> C17 C0 C29 C0 C36 C29 C0 C16 <wb> C0 C24 C0 C36 C4 C0 C37 C0 <wb> C15 C0 C1 C30 C0 C16 C21 C0 <wb> C19 C0 C29 C0 C24 C0 C11 <wb> C19 C0 C11 <wb> C21 C0 C16 C11 <wb> C19 C0 C9 C0 C16 <wb> C22 C0 C11 C15 C0 C24 C0 C32 C0 <wb> C19 C0 C16 <wb> C15 C0 C2
hindi_female_008190|C30 C0 C29 C0 C19 C0 C1 C29 C0 <wb> C19 C0 C1 <wb> C22 C0 C1 C24 C0 C24 C0 C1 <wb> C15 C0 C2 <wb> C19 C0 C16 <wb> C16 C30 C0 <wb> C3 C0 C22 C0 <wb> C22 C0 C11 C23 <wb> C30 C0 C19 C0 C29 C0 C16 C38 C0 <wb> C28 C0 C29 C0 C22 C0 C1 C25 C0 C36 <wb> C30 C0 C1 C22 C0 C13 C0 C29 C0 C16 <wb> C24 C0 C15 C0 C16 C23 <wb> C15 C0 C2
hindi_female_008202|C36 C9 C0 C1 C24 C0 <wb> C19 C0 C11 <wb> C19 C0 C36 C6 C0 <wb> C7 C0 C11 C29 C0 <wb> C3 C0 C1 C7 C0 <wb> C15 C0 C16 <wb> C37 C0 C16 C22 C0 C1 C24 C0 <wb> C19 C0 C11 <wb> C16 C23 C17 C0 C24 C0 <wb> C22 C0 C11 C23 <wb> C1 C13 C0 <wb> C21 C0 C13 C0 <wb> C13 C0 C16
hindi_female_008204|C21 C0 C11 C19 C0 C16 C24 C0 <wb> C28 C0 C1 C23 C5 C0 <wb> C30 C0 C7 C0 C30 C0 C38 C0 <wb> C2 C30 C0 C1 <wb> C24 C0 C15 C0 C16 C23 <wb> C19 C0 C29 C0 <wb> C30 C0 C19 C0 C11
hindi_female_008215|C7 C0 C26 <wb> C7 C0 C16 C24 C0 <wb> C3 C0 C1 C7 C0 <wb> C28 C0 C23 C17 C0 C1 C3 C0 <wb> C30 C0 C11 <wb> C21 C0 C27 C34 C0 C1 <wb> C27 C29 C0 <wb> C17 C0 C2 C30 C0 C11 <wb> C15 C0 C16 <wb> C7 C0 C16 C21 C0 C21 C0 C16 <wb> C19 C0 C11 <wb> C19 C0 C29 C0 C16 C3 C0 <wb> C28 C0 C15 C0 C36 C23 C5 C0 C1 <wb> C22 C0 C11 C29 C0 C1 <wb> C7 C0 C16 C21 C0 <wb> C3 C0 C2 C35 C0 <wb> C13 C0 C38 C0 C1
hindi_female_008223|C19 C0 C22 C0 <wb> C30 C0 C11 <wb> C19 C0 C22 C0 <wb> C22 C0 C11 C29 C0 C16 <wb> C38 C0 C1 C7 C0 <wb> C22 C0 C11 C23 <wb> C28 C0 C15 C0 C21 C0 C11 <wb> C19 C0 C4 C0 C16 <wb> C2 C30 C0 C1 <wb> C24 C0 C15 C0 C16 C23 <wb> C15 C0 C36 C1 <wb> C33 C0 C1
hindi_female_008224|C22 C0 C2 C23 C24 C0 C11 <wb> C38 C0 C15 C0 C1 C23 <wb> C28 C0 C16 C6 C0 C21 C0 C11 <wb> C30 C0 C26 C21 C0 C15 C0 <wb> C30 C0 C1 C21 C0 <wb> C22 C0 C11 C23 <wb> C3 C0 C11 C15 C0 C7 C0 <wb> C14 C0 C24 C0 C1 <wb> C19 C0 C26 C15 C0 C29 C0 C1 <wb> C32 C0 C26 <wb> C7 C0 C11 C20 C0 C1 <wb> C15 C0 C2 <wb> C21 C0 C11 C19 C0 C16 C24 C0 <wb> C16 C32 C0 C24 C0 C1 <wb> C14 C0 C24 C0 C1 <wb> C8 C0 C36 C23 C8 C0 <wb> C24 C0 C15 C0 C16 C23
hindi_female_008237|C30 C0 C27 <wb> C24 C0 C15 C0 C16 C23 <wb> C32 C0 C26 <wb> C28 C0 C5 C0 C1 C30 C0 <wb> C30 C0 C1 C35 C0 <wb> C12 C0 C16 C30 C0 C7 C0 C16 <wb> C32 C0 C19 C0 <wb> C31 C0 C1 C38 C0 C7 C0 <wb> C29 C0 C1 C15 C0 C32 C0 <wb> C22 C0 C16 C21 C0 <wb> C17 C0 C1 C11
hindi_female_008246|C22 C0 C36 C18 C0 C11 <wb> C16 C30 C0 <wb> C3 C0 C1 C32 C0 <wb> C19 C0 C1 <wb> C0 C12 C0 C30 C0 C26 C30 C0 <wb> C15 C0 C2 <wb> C19 C0 C16 <wb> C0 C3 C0 <wb> C30 C0 C16 C29 C0 C12 C0 <wb> C7 C0 C16 C37 C0 C1 C21 C0 C16 <wb> C28 C0 C29 C0 <wb> C7 C0 C16 C21 C0 C21 C0 C16 <wb> C6 C0 C26 C9 C0 C24 C0 C11 <wb> C30 C0 C11 <wb> C19 C0 C1 C22 C0 <wb> C24 C0 C15 C0 C16 C23 <wb> C5 C0 C21 C0 C11 C13 C0 C1
hindi_female_008261|C36 C32 C0 C32 C0 C29 C0 <wb> C28 C0 C31 C0 C5 C0 C16 C22 C0 <wb> C30 C0 C16 C22 C0 C1 <wb> C28 C0 C29 C0 C1 C23 C32 C0 <wb> C22 C0 C11 C23 <wb> C11 C19 C0 <wb> C3 C0 C1 C29 C0 <wb> C13 C0 C1 C23 C8 C0 C16 <wb> C19 C0 C16 <wb> C13 C0 C1 C9 C0 C16 <wb> C19 C0 C36 C6 C0 <wb> C2 C30 C0 C11 <wb> C15 C0 C16 <wb> C12 C0 C23 C30 C0 <wb> C13 C0 C16 <wb> C33 C0 C16
hindi_female_008283|C16 C30 C0 C19 C0 C11 <wb> C0 C21 C0 C1 C37 C0 C1 <wb> C16 C24 C0 <wb> C13 C0 C1 C23 C37 C0 C26 C23 <wb> C22 C0 C11 C23 <wb> C19 C0 C36 C6 C0 <wb> C21 C0 C26 C13 C0 C26 C23 <wb> C19 C0 C16 <wb> C15 C0 C32 C0 C38 C0 C1 <wb> C27 C29 C0 <wb> C3 C0 C21 C0 C1 C32 C0 C19 C0 C1 C29 C0 <wb> C19 C0 C16 <wb> C14 C0 C34 C0 C24 C0 C1 C11 C23 <wb> C30 C0 C1 C22 C0 C24 C0 C11 <wb> C1 C16 <wb> C33 C0 C16 C23
hindi_female_008290|C31 C0 C16 C19 C0 C31 C0 C19 C0 C26 C23 <wb> C19 C0 C11 <wb> C22 C0 C36 C32 C0 C1 C3 C0 C16 C19 C0 <wb> C28 C0 C36 C29 C0 C16 <wb> C14 C0 C1 C34 C0 C16 <wb> C19 C0 C11 <wb> C30 C0 C19 C0 C36 C21 C0 C26 C23 <wb> C22 C0 C11 C23 <wb> C38 C0 C11 <wb> C24 C0 C16 C29 C0 C7 C0 C11 C31 C0 <wb> C7 C0 C16 C11 <wb> C13 C0 C11 <wb> C15 C0 C2 C23 <wb> C19 C0 C16 <wb> C30 C0 C36 C29 C0 C19 C0 C31 C0 C1 <wb> C19 C0 C1 <wb> C17 C0 C16 C22 C0 C22 C0 C1 <wb> C31 C0 C16 C19 C0 C31 C0 C19 C0 C26 C23 <wb> C19 C0 C1 <wb> C15 C0 C26 C13 C0 C1
hindi_female_008325|C16 C30 C0 <wb> C30 C0 C22 C0 C38 C0 <wb> C11 C19 C0 <wb> C7 C0 C16 C24 C0 <wb> C22 C0 C11 C23 <wb> C21 C0 C26 C13 C0 <wb> C30 C0 C1 C10 C0 C11 <wb> C5 C0 C1 C29 C0 <wb> C15 C0 C17 C0 C1 C29 C0 <wb> C29 C0 C36 C28 C0 C11 <wb> C3 C0 C7 C0 C21 C0 <wb> C30 C0 C19 C0 C32 C0 C11 <wb> C15 C0 C2 C23 <wb> C21 C0 C11 C19 C0 C16 C24 C0 <wb> C31 C0 C36 C19 C0 C29 C0 C37 C0 C1 C29 C0 <wb> C30 C0 C11 <wb> C38 C0 C15 C0 <wb> C30 C0 C16 C22 C0 C1 <wb> C19 C0 C22 C0 <wb> C19 C0 C29 C0 <wb> C19 C0 C11 <wb> C7 C0 C26 <wb> C15 C0 C17 C0 C1 C29 C0 <wb> C29 C0 C36 C28 C0 C11 <wb> C19 C0 C29 C0 <wb> C7 C0 C16 <wb> C13 C0 C16 <wb> C15 C0 C2
hindi_female_008337|C21 C0 C11 C19 C0 C16 C24 C0 <wb> C19 C0 C36 C6 C0 <wb> C21 C0 C26 C13 C0 C26 C23 <wb> C24 C0 C11 <wb> C2 C30 C0 C16 <wb> C19 C0 C26 C31 C0 C16 C31 C0 <wb> C19 C0 C16 <wb> C32 C0 C26 <wb> C4 C0 C1 C29 C0 C32 C0 C16 C38 C0 <wb> C17 C0 C24 C0 C32 C0 C1 <wb> C24 C0 C1 C29 C0 C1 C17 C0 <wb> C15 C0 C26 <wb> C13 C0 C16
hindi_female_008338|C15 C0 C22 C0 C24 C0 C11 <wb> C19 C0 C31 C0 C22 C0 C16 C29 C0 C16 C38 C0 C26 C23 <wb> C28 C0 C29 C0 <wb> C13 C0 C1 C24 C0 C1 <wb> C3 C0 C24 C0 C1 C24 C0 C11 <wb> C19 C0 C1 <wb> C28 C0 C15 C0 C21 C0 C1 <wb> C15 C0 C19 C0 <wb> C4 C0 C1 C29 C0 C32 C0 <wb> C19 C0 C26 <wb> C15 C0 C16 <wb> C7 C0 C16 C38 C0 C1 <wb> C33 C0 C1
hindi_female_008343|C28 C0 C1 C19 C0 C16 C30 C0 C32 C0 C1 C24 C0 C16 <wb> C0 C20 C0 C3 C0 C1 C29 C0 <wb> C9 C0 C24 C0 <wb> C22 C0 C11 C23 <wb> C28 C0 C23 C7 C0 C29 C0 C15 C0 <wb> C24 C0 C37 C0 C23 C3 C0 C29 C0 <wb> C19 C0 C26 <wb> C6 C0 C28 C0 C16 <wb> C20 C0 C3 C0 C29 C0 <wb> C19 C0 C11 <wb> C22 C0 C36 C32 C0 C1 C3 C0 C16 C19 C0 <wb> C5 C0 C36 C23 C19 C0 C16 <wb> C3 C0 C15 C0 C36 C32 C0 <wb> C30 C0 C11 <wb> C28 C0 C1 C19 C0 C16 C30 C0 C32 C0 C1 C24 C0 C16 <wb> C19 C0 C21 C0 C1 C19 C0 C1 C29 C0 <wb> C4 C0 C1 C29 C0 C32 C0 <wb> C19 C0 C11 <wb> C21 C0 C16 C11 <wb> C4 C0 C16 <wb> C19 C0 C1 C22 C0 <wb> C19 C0 C29 C0 C32 C0 C11 <wb> C15 C0 C2 C23 <wb> C2 C30 C0 C11 <wb> C22 C0 C11 C23 <wb> C17 C0 C38 C0 C1 C7 C0 C1 C32 C0 C29 C0 <wb> C19 C0 C21 C0 C1 C19 C0 C1 C29 C0 <wb> C31 C0 C36 C29 C0 C36 C1 C32 C0 <wb> C22 C0 C11 C23 <wb> C16 C30 C0 <wb> C13 C0 C1 C24 C0 C11 <wb> C19 C0 C11 <wb> C21 C0 C16 C11 <wb> C32 C0 C2 C38 C0 C1 C29 C0 <wb> C24 C0 C15 C0 C16 C23 <wb> C15 C0 C36 C11
hindi_female_008347|C30 C0 C1 C33 C0 <wb> C15 C0 C16 <wb> C28 C0 C1 C19 C0 C16 C30 C0 C32 C0 C1 C24 C0 <wb> C19 C0 C11 <wb> C21 C0 C26 C13 C0 C26 C23 <wb> C30 C0 C11 <wb> C19 C0 C31 C0 C22 C0 C16 C29 C0 <wb> C19 C0 C11 <wb> C30 C0 C23 C14 C0 C29 C0 C31 C0 <wb> C22 C0 C11 C23 <wb> C36 C24 C0 C19 C0 C1 <wb> C30 C0 C1 C33 C0 <wb> C7 C0 C11 C24 C0 C11 <wb> C19 C0 C16 <wb> C0 C28 C0 C16 C21 C0 <wb> C19 C0 C16 <wb> C15 C0 C2
hindi_female_008373|C0 C20 C0 C3 C0 C1 C29 C0 <wb> C19 C0 C11 <wb> C22 C0 C36 C32 C0 C1 C3 C0 C16 C19 C0 <wb> C22 C0 C23 C13 C0 C21 C0 C37 C0 C1 C29 C0 <wb> C19 C0 C26 <wb> C36 C32 C0 C32 C0 C29 C0 <wb> C28 C0 C31 C0 C5 C0 C16 C22 C0 <wb> C7 C0 C16 C21 C0 C21 C0 C16 <wb> C22 C0 C11 C23 <wb> C0 C28 C0 C24 C0 C11 <wb> C7 C0 C26 <wb> C3 C0 C5 C0 C5 C0 C26 C23 <wb> C19 C0 C16 <wb> C19 C0 C33 C0 C16 C32 C0 <wb> C32 C0 C27 C29 C0 <wb> C28 C0 C29 C0 <wb> C30 C0 C26 C32 C0 C11 <wb> C37 C0 C19 C0 C32 C0 <wb> C17 C0 C1 C24 C0 <wb> C21 C0 C11 <wb> C21 C0 C16
hindi_female_008380|C15 C0 C16 C23 C7 C0 C36 C30 C0 C32 C0 C1 C24 C0 <wb> C34 C0 C1 C16 C22 C0 C30 C0 <wb> C19 C0 C16 <wb> C20 C0 C3 C0 C29 C0 <wb> C19 C0 C11 <wb> C22 C0 C36 C32 C0 C1 C3 C0 C16 C19 C0 <wb> C11 C19 C0 <wb> C22 C0 C15 C0 C16 C21 C0 C1 <wb> C5 C0 C1 C21 C0 C19 C0 <wb> C24 C0 C11 <wb> C19 C0 C33 C0 C16 C32 C0 <wb> C32 C0 C27 C29 C0 <wb> C28 C0 C29 C0 <wb> C24 C0 C31 C0 C11 <wb> C19 C0 C16 <wb> C15 C0 C1 C21 C0 C32 C0 <wb> C22 C0 C11 C23 <wb> C28 C0 C1 C23 C5 C0 <wb> C21 C0 C26 C13 C0 C26 C23 <wb> C28 C0 C29 C0 <wb> C13 C0 C1 C9 C0 C16 <wb> C5 C0 C10 C0 C1 <wb> C7 C0 C16
hindi_female_008385|C16 C24 C0 <wb> C15 C0 C22 C0 C21 C0 C26 C23 <wb> C22 C0 C11 C23 <wb> C28 C0 C1 C23 C5 C0 <wb> C3 C0 C5 C0 C5 C0 C26 C23 <wb> C30 C0 C22 C0 C11 C32 C0 <wb> C19 C0 C22 C0 <wb> C30 C0 C11 <wb> C19 C0 C22 C0 <wb> C16 C19 C0 C19 C0 C16 C30 C0 <wb> C21 C0 C26 C13 C0 C26 C23 <wb> C19 C0 C16 <wb> C22 C0 C27 C32 C0 <wb> C19 C0 C16 <wb> C20 C0 C3 C0 C29 C0 <wb> C15 C0 C2
hindi_female_008391|C36 C24 C0 C15 C0 C26 C23 C24 C0 C11 <wb> C19 C0 C15 C0 C1 <wb> C15 C0 C22 C0 C1 C29 C0 C11 <wb> C36 C28 C0 C29 C0 <wb> C37 C0 C16 C22 C0 C1 C24 C0 <wb> C15 C0 C2 C23
hindi_female_008428|C2 C30 C0 C1 <wb> C16 C30 C0 C21 C0 C16 C11 <wb> C15 C0 C36 C1 <wb> C19 C0 C16 <wb> C38 C0 C11 <wb> C30 C0 C4 C0 C16 <wb> C19 C0 C11 <wb> C21 C0 C16 C11 <wb> C20 C0 C36 C21 C0 C1 <wb> C33 C0 C1
hindi_female_008432|C30 C0 C16 C29 C0 C16 C38 C0 C1 <wb> C22 C0 C11 C23 <wb> C17 C0 C1 C29 C0 C16 <wb> C30 C0 C23 C14 C0 C29 C0 C31 C0 <wb> C19 C0 C11 <wb> C3 C0 C16 C5 C0 <wb> C3 C0 C5 C0 C28 C0 C24 C0 <wb> C20 C0 C26 <wb> C30 C0 C1 <wb> C13 C0 C38 C0 C1 <wb> C15 C0 C2
hindi_female_008450|C21 C0 C11 C19 C0 C16 C24 C0 <wb> C17 C0 C2 C30 C0 C11 <wb> C17 C0 C2 C30 C0 C11 <wb> C30 C0 C22 C0 C18 C0 <wb> C3 C0 C10 C0 C16 <wb> C36 C30 C0 C19 C0 C1 <wb> C20 C0 C1 C24 C0 C11 <wb> C19 C0 C1 <wb> C0 C23 C7 C0 C1 C17 C0 <wb> C4 C0 C16 <wb> C3 C0 C7 C0 C21 C0 C1
hindi_female_008451|C27 C29 C0 <wb> C16 C30 C0 C19 C0 C11 <wb> C30 C0 C1 C33 C0 <wb> C15 C0 C16 <wb> C28 C0 C36 C29 C0 C16 <wb> C22 C0 C1 C24 C0 C37 C0 <wb> C17 C0 C1 C32 C0 C16 <wb> C15 C0 C22 C0 C11 C31 C0 C1 <wb> C19 C0 C11 <wb> C21 C0 C16 C11 <wb> C3 C0 C7 C0 C21 C0 <wb> C13 C0 C16
hindi_female_008452|C1 C13 C0 <wb> C19 C0 C16 <wb> C20 C0 C26 C17 C0 <wb> C24 C0 C11 <wb> C16 C30 C0 <wb> C7 C0 C16 C31 C0 C1 <wb> C22 C0 C11 C23 <wb> C27 C29 C0 <wb> C0 C15 C0 C22 C0 <wb> C29 C0 C26 C21 C0 <wb> C24 C0 C16 C4 C0 C1 C38 C0 C1
hindi_female_008454|C16 C23 C30 C0 C1 C24 C0 <wb> C19 C0 C11 <wb> C16 C32 C0 C16 C15 C0 C1 C30 C0 <wb> C22 C0 C11 C23 <wb> C1 C13 C0 <wb> C19 C0 C11 <wb> C3 C0 C1 C7 C0 <wb> C7 C0 C36 C30 C0 C29 C0 C1 <wb> C0 C15 C0 C22 C0 <wb> C19 C0 C7 C0 C22 C0 <wb> C33 C0 C1 <wb> C20 C0 C11 C32 C0 C16
hindi_female_008462|C7 C0 C11 C20 C0 C32 C0 C11 <wb> C15 C0 C16 <wb> C7 C0 C11 C20 C0 C32 C0 C11 <wb> C30 C0 C4 C0 C38 C0 C32 C0 C1 C26 C23 <wb> C19 C0 C1 <wb> C36 C7 C0 C38 C0 <wb> C15 C0 C36 C1
hindi_female_008464|C3 C0 C10 C0 C32 C0 C16 <wb> C1 C3 C0 C1 C7 C0 C16 <wb> C19 C0 C11 <wb> C21 C0 C16 C11 <wb> C3 C0 C9 C0 C16 <wb> C22 C0 C1 C32 C0 C29 C0 C1 <wb> C22 C0 C11 C23 <wb> C20 C0 C1 C24 C0 C11 <wb> C19 C0 C16 <wb> C17 C0 C29 C0 C36 C29 C0 C32 C0 <wb> C33 C0 C16
hindi_female_008466|C28 C0 C19 C0 C1 <wb> C15 C0 C36 C1 <wb> C20 C0 C1 C24 C0 C1 <wb> C17 C0 C3 C0 <wb> C11 C19 C0 <wb> C17 C0 C13 C0 C15 C0 <wb> C30 C0 C11 <wb> C7 C0 C36 C30 C0 C29 C0 C16 <wb> C17 C0 C13 C0 C15 C0 <wb> C17 C0 C1 C32 C0 C1 <wb> C33 C0 C1 <wb> C32 C0 C26 <wb> C36 C30 C0 C19 C0 C11 <wb> C20 C0 C29 C0 C1 C3 C0 <wb> C15 C0 C26 C24 C0 C11 <wb> C19 C0 C1 <wb> C9 C0 C29 C0 <wb> C29 C0 C15 C0 C32 C0 C1 <wb> C33 C0 C1
hindi_female_008467|C16 C30 C0 <wb> C22 C0 C36 C31 C0 C19 C0 C16 C21 C0 <wb> C30 C0 C11 <wb> C28 C0 C1 C29 C0 <wb> C28 C0 C1 C24 C0 C11 <wb> C19 C0 C11 <wb> C21 C0 C16 C11 <wb> C2 C30 C0 C11 <wb> C3 C0 C29 C0 C32 C0 C24 C0 <wb> C3 C0 C24 C0 C1 C11 <wb> C13 C0 C11 <wb> C17 C0 C16 C24 C0 C22 C0 C11 C23 <wb> C20 C0 C1 C24 C0 C1 <wb> C21 C0 C23 C3 C0 C11 <wb> C30 C0 C22 C0 C38 C0 <wb> C32 C0 C19 C0 <wb> C35 C0 C16 C19 C0 <wb> C29 C0 C15 C0 C32 C0 C1 <wb> C33 C0 C1
hindi_female_008469|C11 C19 C0 <wb> C30 C0 C22 C0 C38 C0 <wb> C33 C0 C1 <wb> C17 C0 C3 C0 <wb> C20 C0 C1 C24 C0 C1 <wb> C28 C0 C19 C0 C1 C24 C0 C11 <wb> C38 C0 C1 <wb> C13 C0 C29 C0 C22 C0 <wb> C19 C0 C29 C0 C24 C0 C11 <wb> C19 C0 C11 <wb> C21 C0 C16 C11 <wb> C14 C0 C23 C34 C0 C26 C23 <wb> C21 C0 C13 C0 C32 C0 C11 <wb> C33 C0 C11
hindi_female_008471|C20 C0 C1 C24 C0 C1 <wb> C20 C0 C1 C24 C0 C11 <wb> C19 C0 C16 <wb> C1 C7 C0 C32 C0 <wb> C3 C0 C7 C0 C21 C0 C24 C0 C11 <wb> C19 C0 C11 <wb> C30 C0 C1 C33 C0 <wb> C15 C0 C16 <wb> C20 C0 C1 C24 C0 C1 <wb> C3 C0 C24 C0 C1 C24 C0 C11 <wb> C27 C29 C0 <wb> C36 C30 C0 C11 <wb> C29 C0 C20 C0 C24 C0 C11 <wb> C19 C0 C11 <wb> C32 C0 C29 C0 C16 C19 C0 C11 <wb> C4 C0 C16 <wb> C3 C0 C7 C0 C21 C0 C24 C0 C11 <wb> C21 C0 C13 C0 C11
hindi_female_008481|C8 C0 C29 C0 C32 C0 C16 <wb> C19 C0 C11 <wb> C22 C0 C1 C15 C0 C27 C21 C0 <wb> C28 C0 C29 C0 <wb> C4 C0 C16 <wb> C16 C30 C0 C19 C0 C1 <wb> C0 C30 C0 C29 C0 <wb> C28 C0 C9 C0 C1 <wb> C15 C0 C2
hindi_female_008495|C19 C0 C36 C6 C0 <wb> C19 C0 C26 <wb> C36 C30 C0 <wb> C37 C0 C19 C0 C32 C0 <wb> C17 C0 C24 C0 C22 C0 <wb> C21 C0 C11 C24 C0 C1 <wb> C0 C5 C0 C6 C0 C1 <wb> C21 C0 C13 C0 C11 <wb> C17 C0 C3 C0 <wb> C16 C23 C30 C0 C1 C24 C0 <wb> C24 C0 C11 <wb> C19 C0 C21 C0 C22 C0 <wb> C27 C29 C0 <wb> C19 C0 C1 C13 C0 C17 C0 <wb> C19 C0 C1 <wb> C16 C30 C0 C32 C0 C11 C22 C0 C1 C21 C0 <wb> C31 C0 C36 C29 C0 C36 <wb> C19 C0 C16 C38 C0 C1
hindi_female_008497|C38 C0 C1 <wb> C19 C0 C36 C6 C0 <wb> C21 C0 C26 C13 C0 <wb> C31 C0 C11 C19 C0 C30 C0 C28 C0 C16 C38 C0 C29 C0 <wb> C19 C0 C11 <wb> C7 C0 C27 C29 C0 <wb> C22 C0 C11 C23 <wb> C28 C0 C2 C7 C0 C1 <wb> C15 C0 C26 C24 C0 C1 <wb> C5 C0 C1 C15 C0 C11 C23 C13 C0 C11
hindi_female_008499|C22 C0 C13 C0 C29 C0 <wb> C15 C0 C22 C0 <wb> C1 C28 C0 C19 C0 C26 <wb> C3 C0 C32 C0 C1 <wb> C7 C0 C11 C23 <wb> C19 C0 C16 <wb> C1 C28 C0 C19 C0 C26 <wb> C36 C30 C0 <wb> C7 C0 C27 C29 C0 <wb> C22 C0 C11 C23 <wb> C28 C0 C2 C7 C0 C1 <wb> C15 C0 C26 C24 C0 C11 <wb> C28 C0 C29 C0 <wb> C4 C0 C1 C29 C0 C16 <wb> C19 C0 C16 C22 C0 C32 C0 <wb> C4 C0 C16 <wb> C5 C0 C36 C19 C0 C1 C24 C0 C16 <wb> C15 C0 C26 C13 C0 C16
hindi_female_008508|C15 C0 C22 C0 C1 C29 C0 C16 <wb> C17 C0 C16 C23 C7 C0 C13 C0 C16 <wb> C15 C0 C22 C0 C1 C29 C0 C1 <wb> C29 C0 C15 C0 C24 C0 <wb> C30 C0 C15 C0 C24 C0 <wb> C19 C0 C1 C12 C0 C16 <wb> C3 C0 C11 C15 C0 C32 C0 C29 C0 <wb> C15 C0 C36 C1 <wb> C15 C0 C2
hindi_female_008511|C37 C0 C26 <wb> C19 C0 C15 C0 C32 C0 C11 <wb> C15 C0 C2 C23 <wb> C19 C0 C16 <wb> C16 C23 C30 C0 C1 C24 C0 <wb> C19 C0 C16 <wb> C27 C30 C0 C32 C0 <wb> C36 C22 C0 C29 C0 <wb> C17 C0 C16 C32 C0 C24 C0 C16 <wb> C28 C0 C16 C6 C0 C21 C0 C11 <wb> C28 C0 C5 C0 C1 C30 C0 <wb> C30 C0 C1 C21 C0 C26 C23 <wb> C22 C0 C11 C23 <wb> C3 C0 C10 C0 C16 <wb> C15 C0 C2 <wb> C36 C32 C0 C24 C0 C16 <wb> C28 C0 C16 C6 C0 C21 C0 C11 <wb> C11 C19 C0 <wb> C15 C0 C17 C0 C1 C29 C0 <wb> C30 C0 C1 C21 C0 <wb> C22 C0 C11 C23 <wb> C4 C0 C16 <wb> C24 C0 C15 C0 C16 C23 <wb> C3 C0 C10 C0 C16
hindi_female_008521|C15 C0 C29 C0 <wb> C16 C23 C30 C0 C1 C24 C0 <wb> C19 C0 C26 <wb> C28 C0 C11 C34 C0 <wb> C4 C0 C29 C0 <wb> C20 C0 C1 C24 C0 C1 <wb> C22 C0 C36 C15 C0 C2 C38 C0 C1 <wb> C19 C0 C29 C0 C1 C24 C0 C1 <wb> C36 C30 C0 C11 <wb> C0 C5 C0 C6 C0 C16 <wb> C31 C0 C16 C19 C0 C31 C0 C1 <wb> C27 C29 C0 <wb> C29 C0 C26 C17 C0 C13 C0 C1 C29 C0 <wb> C7 C0 C11 C24 C0 C1 <wb> C15 C0 C22 C0 C1 C29 C0 C11 <wb> C21 C0 C16 C11 <wb> C5 C0 C36 C24 C0 C27 C32 C0 C16 <wb> C3 C0 C24 C0 C11 <wb> C15 C0 C36 C11 <wb> C15 C0 C2 C23
hindi_female_008522|C12 C0 C16 C29 C0 <wb> C8 C0 C29 C0 C32 C0 C16 <wb> C19 C0 C1 <wb> C3 C0 C10 C0 C32 C0 C1 <wb> C32 C0 C1 C28 C0 C22 C0 C1 C24 C0 <wb> C15 C0 C22 C0 C1 C29 C0 C11 <wb> C0 C30 C0 C32 C0 C16 C32 C0 C37 C0 <wb> C19 C0 C11 <wb> C21 C0 C16 C11 <wb> C15 C0 C16 <wb> C20 C0 C32 C0 C29 C0 C1 <wb> C3 C0 C24 C0 C32 C0 C1 <wb> C17 C0 C1 <wb> C29 C0 C15 C0 C1 <wb> C15 C0 C2
hindi_female_008523|C19 C0 C26 C16 <wb> C11 C19 C0 <wb> C16 C23 C30 C0 C1 C24 C0 <wb> C8 C0 C29 C0 C32 C0 C16 <wb> C19 C0 C26 <wb> C3 C0 C7 C0 C21 C0 <wb> C7 C0 C11 <wb> C2 C30 C0 C1 <wb> C32 C0 C26 <wb> C24 C0 C15 C0 C16 C23
hindi_female_008524|C16 C30 C0 C19 C0 C11 <wb> C21 C0 C16 C11 <wb> C30 C0 C4 C0 C16 <wb> C19 C0 C26 <wb> C19 C0 C26 C31 C0 C16 C31 C0 <wb> C19 C0 C29 C0 C24 C0 C16 <wb> C15 C0 C26 C13 C0 C16
hindi_female_008525|C0 C13 C0 C29 C0 <wb> C15 C0 C22 C0 <wb> C32 C0 C22 C0 C1 C22 C0 <wb> C37 C0 C16 C31 C0 C11 C31 C0 C17 C0 C24 C0 C26 C23 <wb> C19 C0 C11 <wb> C30 C0 C1 C33 C0 <wb> C22 C0 C16 C21 C0 C19 C0 C29 C0 <wb> C5 C0 C29 C0 C5 C0 C1 <wb> C19 C0 C29 C0 C11 C23 <wb> C32 C0 C26 <wb> C3 C0 C11 C15 C0 C32 C0 C29 C0 <wb> C4 C0 C37 C0 C16 C31 C0 C38 C0 <wb> C19 C0 C11 <wb> C24 C0 C11 <wb> C29 C0 C1 C30 C0 C32 C0 C11 <wb> C24 C0 C16 C19 C0 C21 C0 <wb> C30 C0 C19 C0 C32 C0 C11 <wb> C15 C0 C2 C23
hindi_female_008534|C30 C0 C23 C17 C0 C38 C0 <wb> C28 C0 C1 C35 C0 C19 C0 <wb> C24 C0 C11 <wb> C38 C0 C11 <wb> C30 C0 C16 C21 C0 C30 C0 C16 C21 C0 C1 <wb> C30 C0 C1 C21 C0 <wb> C7 C0 C26 <wb> C15 C0 C17 C0 C1 C29 C0 <wb> C24 C0 C27 <wb> C22 C0 C11 C23 <wb> C7 C0 C26 <wb> C3 C0 C1 C21 C0 C16 C19 C0 C1 <wb> C20 C0 C16 C21 C0 C1 C9 C0 C16 C38 C0 C26 C23 <wb> C19 C0 C11 <wb> C30 C0 C1 C33 C0 <wb> C31 C0 C36 C29 C0 C36 <wb> C19 C0 C16 C38 C0 C1 <wb> C33 C0 C1 <wb> C17 C0 C26 <wb> C1 C17 C0 <wb> C3 C0 C9 C0 C1 <wb> C29 C0 C36 C28 C0 <wb> C21 C0 C11 <wb> C5 C0 C36 C19 C0 C1 <wb> C15 C0 C2
hindi_female_008549|C13 C0 C38 C0 C1 C29 C0 C15 C0 C37 C0 C16 C23 <wb> C19 C0 C16 <wb> C6 C0 C1 C32 C0 C29 C0 C1 <wb> C0 C22 C0 C29 C32 C0 C1 <wb> C30 C0 C1 C21 C0 <wb> C7 C0 C26 <wb> C15 C0 C17 C0 C1 C29 C0 <wb> C3 C0 C1 C29 C0 C15 C0 <wb> C22 C0 C11 C23 <wb> C28 C0 C15 C0 C21 C0 C16 <wb> C3 C0 C1 C29 C0 <wb> C36 C30 C0 <wb> C3 C0 C16 C15 C0 C1 C29 C0 <wb> C34 C0 C16 C22 C0 <wb> C19 C0 C16 <wb> C30 C0 C7 C0 C30 C0 C38 C0 <wb> C29 C0 C15 C0 C16 C23 <wb> C17 C0 C16 C30 C0 C24 C0 C11 <wb> C22 C0 C25 C0 C16 C28 C0 C36 C29 C0 <wb> C22 C0 C11 C23 <wb> C29 C0 C17 C0 C32 C0 <wb> C28 C0 C7 C0 C19 C0 <wb> C17 C0 C16 C32 C0 C1
hindi_female_008560|C0 C13 C0 C29 C0 <wb> C38 C0 C11 <wb> C30 C0 C3 C0 <wb> C24 C0 C15 C0 C16 C23 <wb> C22 C0 C16 C21 C0 C1 <wb> C32 C0 C26 <wb> C38 C0 C11 <wb> C28 C0 C27 C8 C0 C11 <wb> C11 C19 C0 <wb> C7 C0 C16 C24 C0 <wb> C30 C0 C36 C20 C0 <wb> C17 C0 C1 C11 C23 C13 C0 C11
hindi_female_008562|C16 C30 C0 <wb> C30 C0 C22 C0 C38 C0 <wb> C11 C19 C0 <wb> C7 C0 C16 C24 C0 <wb> C22 C0 C11 C23 <wb> C21 C0 C26 C13 C0 <wb> C30 C0 C1 C10 C0 C11 <wb> C5 C0 C1 C29 C0 <wb> C15 C0 C17 C0 C1 C29 C0 <wb> C29 C0 C36 C28 C0 C11 <wb> C3 C0 C7 C0 C21 C0 <wb> C30 C0 C19 C0 C32 C0 C11 <wb> C15 C0 C2 C23 <wb> C21 C0 C11 C19 C0 C16 C24 C0 <wb> C31 C0 C36 C19 C0 C29 C0 C37 C0 C1 C29 C0 <wb> C30 C0 C11 <wb> C38 C0 C15 C0 <wb> C30 C0 C16 C22 C0 C1 <wb> C19 C0 C22 C0 <wb> C19 C0 C29 C0 <wb> C19 C0 C11 <wb> C7 C0 C26 <wb> C15 C0 C17 C0 C1 C29 C0 <wb> C29 C0 C36 C28 C0 C11 <wb> C19 C0 C29 C0 <wb> C7 C0 C16 <wb> C13 C0 C16 <wb> C15 C0 C2
hindi_female_008571|C21 C0 C11 C19 C0 C16 C24 C0 <wb> C13 C0 C1 C23 C37 C0 <wb> C19 C0 C11 <wb> C5 C0 C27 C19 C0 <wb> C28 C0 C29 C0 <wb> C38 C0 C1 <wb> C30 C0 C33 C0 C1 C24 C0 C16 C38 C0 <wb> C5 C0 C1 C38 C0 <wb> C19 C0 C16 <wb> C7 C0 C36 C19 C0 C1 C24 C0 <wb> C28 C0 C29 C0 <wb> C3 C0 C15 C0 C36 C32 C0 <wb> C19 C0 C22 C0 <wb> C21 C0 C26 C13 C0 <wb> C7 C0 C16 C20 C0 C1 C16 <wb> C7 C0 C11 <wb> C29 C0 C15 C0 C11 <wb> C15 C0 C2 C23
hindi_female_008572|C20 C0 C11 C32 C0 C16 <wb> C19 C0 C11 <wb> C16 C30 C0 <wb> C22 C0 C27 C30 C0 C22 C0 <wb> C22 C0 C11 C23 <wb> C17 C0 C3 C0 <wb> C19 C0 C16 C30 C0 C1 C24 C0 <wb> C27 C29 C0 <wb> C22 C0 C17 C0 C7 C0 C36 C29 C0 <wb> C20 C0 C11 C32 C0 C26 C23 <wb> C22 C0 C11 C23 <wb> C15 C0 C26 C32 C0 C11 <wb> C15 C0 C2 C23 <wb> C37 C0 C15 C0 C1 C23 <wb> C19 C0 C26 C16 <wb> C24 C0 C15 C0 C16 C23 <wb> C7 C0 C16 C20 C0 C1 C16 <wb> C7 C0 C11 <wb> C29 C0 C15 C0 C1 <wb> C15 C0 C2
hindi_female_008574|C37 C0 C15 C0 C1 C23 <wb> C32 C0 C19 C0 C29 C0 C16 C3 C0 C24 C0 <wb> C28 C0 C5 C0 C1 C30 C0 <wb> C21 C0 C26 C13 C0 <wb> C28 C0 C15 C0 C21 C0 C11 <wb> C30 C0 C11 <wb> C15 C0 C16 <wb> C19 C0 C32 C0 C1 C29 C0 <wb> C22 C0 C11 C23 <wb> C20 C0 C9 C0 C11 <wb> C15 C0 C2 C23
hindi_female_008576|C22 C0 C2 C23 <wb> C36 C24 C0 <wb> C21 C0 C26 C13 C0 C26 C23 <wb> C30 C0 C11 <wb> C3 C0 C1 C32 C0 C5 C0 C16 C32 C0 <wb> C31 C0 C36 C29 C0 C36 <wb> C19 C0 C29 C0 C32 C0 C1 <wb> C15 C0 C36 C23
hindi_female_008577|C24 C0 C16 C17 C0 C1 C22 C0 <wb> C20 C0 C1 C24 C0 <wb> C19 C0 C15 C0 C32 C0 C11 <wb> C15 C0 C2 C23 <wb> C28 C0 C16 C6 C0 C21 C0 C11 <wb> C19 C0 C36 C6 C0 <wb> C7 C0 C16 C24 C0 C26 C23 <wb> C30 C0 C11 <wb> C16 C30 C0 C16 <wb> C32 C0 C29 C0 C15 C0 <wb> C30 C0 C11 <wb> C5 C0 C21 C0 <wb> C29 C0 C15 C0 C1 <wb> C15 C0 C2
hindi_female_008578|C3 C0 C2 C23 C19 C0 <wb> C20 C0 C36 C21 C0 C32 C0 C1 <wb> C15 C0 C2 <wb> C27 C29 C0 <wb> C28 C0 C2 C30 C0 C1 <wb> C17 C0 C21 C0 C7 C0 <wb> C15 C0 C16 <wb> C20 C0 C32 C0 C22 C0 <wb> C15 C0 C26 <wb> C17 C0 C1 C32 C0 C1 <wb> C15 C0 C2
hindi_female_008584|C21 C0 C11 C19 C0 C16 C24 C0 <wb> C19 C0 C32 C0 C1 C29 C0 <wb> C16 C32 C0 C24 C0 C16 <wb> C21 C0 C23 C3 C0 C16 <wb> C15 C0 C26 C32 C0 C16 <wb> C15 C0 C2 <wb> C19 C0 C16 <wb> C24 C0 C23 C3 C0 C29 C0 <wb> C1 C32 C0 C11 <wb> C1 C32 C0 C11 <wb> C3 C0 C2 C23 C19 C0 <wb> C19 C0 C1 <wb> C19 C0 C2 C31 C0 <wb> C20 C0 C32 C0 C22 C0 <wb> C15 C0 C26 <wb> C17 C0 C1 C32 C0 C1 <wb> C15 C0 C2
hindi_female_008588|C20 C0 C36 C21 C0 C11 <wb> C28 C0 C2 C30 C0 C11 <wb> C7 C0 C11 C24 C0 C11 <wb> C19 C0 C11 <wb> C21 C0 C16 C11 <wb> C3 C0 C2 C23 C19 C0 <wb> C19 C0 C11 <wb> C28 C0 C1 C30 C0 <wb> C1 C17 C0 <wb> C19 C0 C2 C31 C0 <wb> C24 C0 C15 C0 C16 C23 <wb> C15 C0 C2
hindi_female_008592|C22 C0 C11 C29 C0 C1 <wb> C3 C0 C2 C23 C19 C0 <wb> C28 C0 C1 C23 C5 C0 <wb> C13 C0 C1 C23 C37 C0 C26 C23 <wb> C19 C0 C26 <wb> C30 C0 C29 C0 C37 C0 C16 C30 C0 <wb> C7 C0 C11 C32 C0 C1 <wb> C15 C0 C2
hindi_female_008596|C17 C0 C22 C0 C16 C24 C0 <wb> C28 C0 C29 C0 <wb> C22 C0 C1 C33 C0 C1 <wb> C28 C0 C19 C0 C9 C0 C19 C0 C29 C0 <wb> C3 C0 C2 C35 C0 <wb> C17 C0 C1 C32 C0 C11 <wb> C15 C0 C2 C23
hindi_female_008599|C11 C19 C0 <wb> C22 C0 C15 C0 C16 C21 C0 C1 <wb> C24 C0 C11 <wb> C3 C0 C32 C0 C1 C38 C0 C1 <wb> C19 C0 C16 <wb> C36 C30 C0 C19 C0 C16 <wb> C29 C0 C30 C0 C26 C16 <wb> C22 C0 C11 C23 <wb> C19 C0 C36 C6 C0 <wb> C24 C0 C15 C0 C16 C23 <wb> C15 C0 C2
hindi_female_008600|C15 C0 C22 C0 C1 C29 C0 C11 <wb> C28 C0 C1 C30 C0 <wb> C20 C0 C1 C24 C0 C11 <wb> C19 C0 C11 <wb> C21 C0 C16 C11 <wb> C19 C0 C36 C6 C0 <wb> C24 C0 C15 C0 C16 C23 <wb> C3 C0 C5 C0 C1 <wb> C15 C0 C2
hindi_female_008601|C22 C0 C2 C23 <wb> C5 C0 C1 C38 C0 <wb> C5 C0 C16 C24 C0 C16 <wb> C27 C29 C0 <wb> C1 C34 C0 C1 <wb> C20 C0 C29 C0 C16 C7 C0 C24 C0 C11 <wb> C19 C0 C16 <wb> C36 C22 C0 C22 C0 C16 C7 C0 <wb> C19 C0 C29 C0 <wb> C29 C0 C15 C0 C16 <wb> C33 C0 C16
hindi_female_008612|C36 C24 C0 C19 C0 C11 <wb> C15 C0 C1 C33 C0 <wb> C22 C0 C11 C23 <wb> C28 C0 C2 C30 C0 C26 C23 <wb> C19 C0 C1 <wb> C11 C19 C0 <wb> C3 C0 C2 C13 C0 <wb> C15 C0 C2
hindi_female_008621|C22 C0 C2 C23 <wb> C0 C4 C0 C16 <wb> C1 C28 C0 C19 C0 C26 <wb> C17 C0 C26 <wb> C3 C0 C32 C0 C1 C24 C0 C11 <wb> C17 C0 C1 <wb> C29 C0 C15 C0 C1 <wb> C15 C0 C36 C23 <wb> C36 C30 C0 C11 <wb> C17 C0 C1 C24 C0 C24 C0 C11 <wb> C19 C0 C11 <wb> C3 C0 C1 C7 C0 <wb> C31 C0 C1 C38 C0 C7 C0 <wb> C15 C0 C16 <wb> C1 C28 C0 C19 C0 C1 <wb> C7 C0 C16 C21 C0 <wb> C1 C28 C0 C19 C0 C26 <wb> C5 C0 C1 C38 C0 <wb> C28 C0 C16 C24 C0 C11 <wb> C19 C0 C16 <wb> C16 C17 C0 C1 C17 C0 C32 C0 <wb> C7 C0 C11
hindi_female_008641|C16 C30 C0 <wb> C15 C0 C12 C0 C32 C0 C11 <wb> C1 C16 <wb> C37 C0 C29 C0 C21 C0 C9 C0 <wb> C3 C0 C2 C23 C19 C0 <wb> C19 C0 C16 <wb> C29 C0 C16 C28 C0 C26 C29 C0 C34 C0 <wb> C24 C0 C11 <wb> C36 C30 C0 C19 C0 C11 <wb> C20 C0 C36 C7 C0 <wb> C19 C0 C11 <wb> C28 C0 C29 C0 C38 C0 C1 C30 C0 C26 C23 <wb> C19 C0 C26 <wb> C15 C0 C16 <wb> C8 C0 C19 C0 C19 C0 C1 <wb> C28 C0 C15 C0 C36 C23 C5 C0 C1 C38 C0 C1 <wb> C15 C0 C2
hindi_female_008643|C16 C30 C0 <wb> C29 C0 C16 C28 C0 C26 C29 C0 C34 C0 <wb> C19 C0 C11 <wb> C1 C24 C0 C11 <wb> C19 C0 C11 <wb> C3 C0 C1 C7 C0 <wb> C21 C0 C13 C0 C32 C0 C1 <wb> C15 C0 C2 <wb> C19 C0 C16 <wb> C38 C0 C11 <wb> C19 C0 C26 C31 C0 C16 C31 C0 <wb> C0 C30 C0 C12 C0 C21 C0 <wb> C30 C0 C1 C3 C0 C16 C32 C0 <wb> C15 C0 C36 C16 <wb> C15 C0 C2
hindi_female_008675|C37 C0 C30 C0 C1 <wb> C4 C0 C26 C17 C0 C24 C0 <wb> C19 C0 C1 <wb> C11 C19 C0 <wb> C1 C37 C0 C31 C0 C38 C0 C19 C0 <wb> C4 C0 C1 C13 C0 <wb> C15 C0 C2 <wb> C27 C29 C0 <wb> C15 C0 C22 C0 C1 C29 C0 C11 <wb> C31 C0 C29 C0 C16 C29 C0 <wb> C19 C0 C11 <wb> C3 C0 C15 C0 C36 C32 C0 <wb> C30 C0 C1 C29 C0 C11 <wb> C19 C0 C1 C22 C0 C26 C23 <wb> C22 C0 C11 C23 <wb> C36 C28 C0 C38 C0 C26 C13 C0 C16 <wb> C30 C0 C1 C3 C0 C16 C32 C0 <wb> C15 C0 C26 C32 C0 C1 <wb> C15 C0 C2
hindi_female_008676|C38 C0 C15 C0 <wb> C36 C29 C0 C17 C0 C1 <wb> C19 C0 C1 <wb> C11 C19 C0 <wb> C35 C0 C26 C30 C0 <wb> C30 C0 C1 C8 C0 C24 C0 <wb> C15 C0 C2 <wb> C27 C29 C0 <wb> C24 C0 C27 <wb> C19 C0 C16 C21 C0 C26 <wb> C19 C0 C2 C21 C0 C26 C29 C0 C16 <wb> C28 C0 C29 C0 C32 C0 C16 <wb> C13 C0 C29 C0 C1 C22 C0 <wb> C36 C29 C0 C17 C0 C1 <wb> C19 C0 C1 <wb> C36 C32 C0 C28 C0 C1 C7 C0 C24 C0 <wb> C19 C0 C29 C0 C32 C0 C1 <wb> C15 C0 C2
hindi_female_008700|C4 C0 C1 C29 C0 C32 C0 <wb> C30 C0 C22 C0 C11 C32 C0 <wb> C15 C0 C29 C0 <wb> C17 C0 C13 C0 C15 C0 <wb> C15 C0 C1 C21 C0 C1 C23 C19 C0 C16 <wb> C22 C0 C26 C32 C0 C16 C38 C0 C26 C23 <wb> C19 C0 C16 <wb> C22 C0 C1 C23 C13 C0 <wb> C3 C0 C10 C0 C32 C0 C16 <wb> C17 C0 C1 <wb> C29 C0 C15 C0 C16 <wb> C15 C0 C2 <wb> C21 C0 C11 C19 C0 C16 C24 C0 <wb> C7 C0 C26 C15 C0 C24 C0 <wb> C27 C29 C0 <wb> C28 C0 C29 C0 C7 C0 C36 C31 C0 C25 C0 <wb> C30 C0 C11 <wb> C16 C24 C0 C19 C0 C16 <wb> C30 C0 C23 C20 C0 C38 C0 C1 <wb> C14 C0 C34 C0 C32 C0 C16 <wb> C17 C0 C1 <wb> C29 C0 C15 C0 C16 <wb> C15 C0 C2
hindi_female_008701|C38 C0 C15 C0 <wb> C1 C19 C0 C1 C29 C0 <wb> C22 C0 C11 C23 <wb> C6 C0 C26 C34 C0 C1 <wb> C15 C0 C26 C32 C0 C1 <wb> C27 C29 C0 <wb> C16 C30 C0 C19 C0 C16 <wb> C1 C19 C0 C29 C32 C0 C16 <wb> C3 C0 C29 C0 C1 C3 C0 C29 C0 <wb> C24 C0 C15 C0 C16 C23 <wb> C15 C0 C26 C32 C0 C16
hindi_female_008704|C13 C0 C36 C25 C0 C37 C0 C32 C0 C32 C0 C1 <wb> C19 C0 C11 <wb> C19 C0 C1 C29 C0 C25 C0 <wb> C30 C0 C36 C19 C0 C31 C0 C22 C0 <wb> C20 C0 C11 C32 C0 C16 <wb> C19 C0 C31 C0 C11 C32 C0 C29 C0 <wb> C19 C0 C11 <wb> C30 C0 C4 C0 C16 <wb> C36 C32 C0 C28 C0 C1 C7 C0 <wb> C3 C0 C1 C17 C0 C1 C29 C0 C26 C23 <wb> C22 C0 C11 C23 <wb> C1 C19 C0 C29 C0 C31 C0 C19 C0 <wb> C28 C0 C29 C0 C16 C22 C0 C16 C38 C0 C22 C0 <wb> C28 C0 C29 C0 C7 C0 C1 C24 C0 <wb> C19 C0 C29 C0 C32 C0 C1 <wb> C15 C0 C2
hindi_female_008720|C38 C0 C11 <wb> C30 C0 C3 C0 <wb> C19 C0 C36 C6 C0 <wb> C22 C0 C27 C30 C0 C22 C0 <wb> C22 C0 C11 C23 <wb> C15 C0 C26 C24 C0 C11 <wb> C37 C0 C1 C21 C0 C11 <wb> C3 C0 C7 C0 C21 C0 C1 C37 C0 <wb> C19 C0 C11 <wb> C19 C0 C1 C29 C0 C25 C0 <wb> C15 C0 C26 C32 C0 C1 <wb> C15 C0 C2
hindi_female_008738|C19 C0 C24 C0 C38 C0 C1 <wb> C4 C0 C29 C0 C36 C25 C0 <wb> C15 C0 C32 C0 C38 C0 C1 <wb> C21 C0 C9 C0 C19 C0 C26 C23 <wb> C19 C0 C26 <wb> C28 C0 C29 C0 C1 C33 C0 C22 C0 C16 C19 C0 C32 C0 C1 <wb> C7 C0 C11 C24 C0 C11 <wb> C32 C0 C33 C0 C1 <wb> C19 C0 C24 C0 C38 C0 C1 <wb> C17 C0 C24 C0 C22 C0 <wb> C30 C0 C11 <wb> C17 C0 C36 C9 C0 C11 <wb> C24 C0 C16 C22 C0 C24 C0 <wb> C22 C0 C36 C21 C0 C38 C0 <wb> C19 C0 C11 <wb> C19 C0 C1 C29 C0 C25 C0 <wb> C17 C0 C1 C24 C0 <wb> C3 C0 C36 C18 C0 C19 C0 C29 C0 <wb> C19 C0 C16 <wb> C13 C0 C16 <wb> C19 C0 C24 C0 C38 C0 C1 <wb> C31 C0 C16 C31 C0 C36 <wb> C19 C0 C16 <wb> C15 C0 C32 C0 C38 C0 C1 <wb> C15 C0 C26 C32 C0 C16 <wb> C15 C0 C2
hindi_female_008742|C30 C0 C29 C0 C19 C0 C1 C29 C0 <wb> C7 C0 C37 C0 C1 C29 C0 C1 <wb> C36 C24 C0 C19 C0 C11 <wb> C30 C0 C37 C0 C30 C0 C33 C0 <wb> C11 C37 C0 C23 <wb> C30 C0 C1 C29 C0 C33 C0 C19 C0 <wb> C17 C0 C16 C37 C0 C24 C0 <wb> C19 C0 C16 <wb> C19 C0 C31 C0 C22 C0 C32 C0 C1 <wb> C19 C0 C26 <wb> C30 C0 C36 C24 C0 C16 C31 C0 C5 C0 C16 C32 C0 <wb> C19 C0 C16 C38 C0 C1 <wb> C17 C0 C1 C24 C0 C1 <wb> C5 C0 C1 C15 C0 C16 C11
hindi_female_008749|C13 C0 C29 C0 C22 C0 C16 C38 C0 C26 C23 <wb> C19 C0 C11 <wb> C7 C0 C16 C24 C0 C26 C23 <wb> C22 C0 C11 C23 <wb> C37 C0 C11 <wb> C28 C0 C23 C20 C0 <wb> C20 C0 C26 C21 C0 C19 C0 C29 C0 <wb> C29 C0 C26 C32 C0 C11 <wb> C33 C0 C11
hindi_female_008755|C22 C0 C36 C18 C0 C11 <wb> C30 C0 C36 C20 C0 C11 <wb> C28 C0 C1 C24 C0 C16 <wb> C19 C0 C16 <wb> C28 C0 C38 C0 C1 C30 C0 <wb> C21 C0 C13 C0 C16 <wb> C15 C0 C2
hindi_female_008761|C36 C32 C0 C32 C0 C29 C0 <wb> C7 C0 C19 C0 C31 C0 C16 C25 C0 <wb> C22 C0 C11 C23 <wb> C3 C0 C1 C29 C0 C16 C31 C0 <wb> C15 C0 C26 C24 C0 C11 <wb> C19 C0 C16 <wb> C30 C0 C11 C37 C0 C1 <wb> C24 C0 C15 C0 C16 C23 <wb> C33 C0 C16
hindi_female_008774|C5 C0 C36 C15 C0 C11 <wb> C24 C0 C11 <wb> C13 C0 C36 C30 C0 C30 C0 C11 <wb> C22 C0 C11 C23 <wb> C15 C0 C1 C33 C0 C16 <wb> C19 C0 C26 <wb> C19 C0 C1 C34 C0 C1
hindi_female_008775|C13 C0 C16 C32 C0 <wb> C13 C0 C1 C32 C0 C11 <wb> C36 C30 C0 C19 C0 C16 <wb> C30 C0 C1 C23 C30 C0 C11 C23 <wb> C29 C0 C36 C19 C0 <wb> C13 C0 C38 C0 C16
hindi_female_008779|C19 C0 C29 C0 C24 C0 C1 C34 C0 C19 C0 <wb> C19 C0 C11 <wb> C22 C0 C36 C20 C0 C38 C0 <wb> C22 C0 C23 C32 C0 C29 C0 C16 <wb> C19 C0 C11 C29 C0 C21 C0 <wb> C22 C0 C11 C23 <wb> C19 C0 C1 C22 C0 <wb> C19 C0 C29 C0 C32 C0 C11 <wb> C15 C0 C2 C23
hindi_female_008780|C29 C0 C1 C17 C0 C30 C0 C33 C0 C1 C24 C0 <wb> C22 C0 C11 C23 <wb> C28 C0 C1 C24 C0 C16 <wb> C19 C0 C16 <wb> C19 C0 C22 C0 C16 <wb> C24 C0 C15 C0 C16 <wb> C15 C0 C2
hindi_female_008782|C7 C0 C19 C0 C31 C0 C16 C25 C0 <wb> C4 C0 C1 C29 C0 C32 C0 <wb> C22 C0 C11 C23 <wb> C29 C0 C26 C34 C0 C16 <wb> C20 C0 C1 C38 C0 C1 <wb> C17 C0 C1 C32 C0 C1 <wb> C15 C0 C2
hindi_female_008784|C19 C0 C1 C22 C0 <wb> C32 C0 C26 <wb> C29 C0 C1 C32 C0 <wb> C22 C0 C11 C23 <wb> C15 C0 C16 <wb> C19 C0 C29 C0 C24 C0 C1 <wb> C5 C0 C1 C15 C0 C16 C11
hindi_female_008789|C5 C0 C22 C0 C19 C0 C32 C0 C11 <wb> C15 C0 C36 C11 <wb> C32 C0 C1 C29 C0 C26 C23 <wb> C19 C0 C11 <wb> C30 C0 C1 C33 C0 <wb> C22 C0 C32 C0 <wb> C20 C0 C11 C21 C0 C26
hindi_female_008792|C19 C0 C27 C11 <wb> C19 C0 C11 <wb> C30 C0 C16 C29 C0 <wb> C28 C0 C29 C0 <wb> C30 C0 C26 C24 C0 C1 <wb> C22 C0 C16 C21 C0 C32 C0 C1 <wb> C15 C0 C2
hindi_female_008798|C28 C0 C10 C0 C24 C0 C1 <wb> C21 C0 C16 C20 C0 C24 C0 C1 <wb> C1 C28 C0 C19 C0 C11 <wb> C1 C24 C0 C11 <wb> C30 C0 C11 <wb> C20 C0 C36 C31 C0 <wb> C15 C0 C2 C23
hindi_female_008802|C29 C0 C30 C0 C26 C16 <wb> C22 C0 C11 C23 <wb> C22 C0 C19 C0 C1 C24 C0 <wb> C37 C0 C1 C21 C0 C16 <wb> C30 C0 C36 C24 C0 C1 <wb> C29 C0 C15 C0 C16 <wb> C15 C0 C2
hindi_female_008804|C30 C0 C22 C0 C38 C0 <wb> C19 C0 C11 <wb> C30 C0 C1 C33 C0 <wb> C19 C0 C27 C24 C0 <wb> C28 C0 C29 C0 C11 C31 C0 C1 C24 C0 <wb> C19 C0 C29 C0 C32 C0 C1 <wb> C15 C0 C2
hindi_female_008809|C14 C0 C29 C0 <wb> C22 C0 C11 C23 <wb> C28 C0 C29 C0 C37 C0 C11 C31 C0 <wb> C19 C0 C29 C0 C32 C0 C11 <wb> C15 C0 C16 <wb> C1 C24 C0 C23 C7 C0 <wb> C19 C0 C1 <wb> C32 C0 C38 C0 C26 C15 C0 C1 C29 C0 <wb> C15 C0 C2
hindi_female_008811|C37 C0 C16 C29 C0 C26 C8 C0 <wb> C19 C0 C11 <wb> C21 C0 C16 C11 <wb> C4 C0 C16 C20 C0 <wb> C22 C0 C11 C23 <wb> C22 C0 C16 C21 C0 C16 <wb> C1 C31 C0 C1
hindi_female_008819|C5 C0 C36 C15 C0 C1 <wb> C24 C0 C11 <wb> C7 C0 C11 C20 C0 C1 <wb> C19 C0 C16 <wb> C30 C0 C36 C29 C0 C17 C0 <wb> C24 C0 C16 C19 C0 C21 C0 <wb> C1 C38 C0 C1 <wb> C15 C0 C2
hindi_female_008821|C0 C28 C0 C24 C0 C11 <wb> C3 C0 C29 C0 C13 C0 C7 C0 <wb> C19 C0 C11 <wb> C28 C0 C1 C30 C0 <wb> C28 C0 C15 C0 C36 C23 C5 C0 <wb> C19 C0 C29 C0 <wb> C15 C0 C16 <wb> C7 C0 C22 C0 <wb> C21 C0 C26
hindi_female_008830|C36 C30 C0 C11 <wb> C1 C17 C0 <wb> C4 C0 C16 <wb> C37 C0 C16 C31 C0 C37 C0 C1 C30 C0 <wb> C24 C0 C15 C0 C16 C23 <wb> C15 C0 C26 C32 C0 C1 <wb> C15 C0 C2
hindi_female_008833|C36 C30 C0 C19 C0 C16 <wb> C1 C23 C20 C0 <wb> C3 C0 C5 C0 C1 C19 C0 C29 C0 <wb> C24 C0 C16 C19 C0 C21 C0 <wb> C30 C0 C19 C0 C32 C0 C1 <wb> C15 C0 C2
hindi_female_008868|C31 C0 C11 C29 C0 <wb> C17 C0 C1 C24 C0 C32 C0 C1 <wb> C33 C0 C1 <wb> C19 C0 C16 <wb> C30 C0 C16 C38 C0 C1 C29 C0 <wb> C19 C0 C1 <wb> C0 C30 C0 C21 C0 <wb> C22 C0 C19 C0 C30 C0 C7 C0 <wb> C36 C30 C0 C19 C0 C11 <wb> C7 C0 C37 C0 C1 C29 C0 C1 <wb> C6 C0 C26 C9 C0 C1 <wb> C13 C0 C38 C0 C1 <wb> C31 C0 C16 C19 C0 C1 C29 C0 <wb> C20 C0 C1 C24 C0 C1 <wb> C15 C0 C2 <wb> C28 C0 C29 C0 <wb> C36 C30 C0 C24 C0 C11 <wb> C30 C0 C26 C5 C0 C1 <wb> C19 C0 C16 <wb> C5 C0 C21 C0 C26 <wb> C16 C30 C0 C19 C0 C11 <wb> C30 C0 C1 C33 C0 <wb> C29 C0 C15 C0 C24 C0 C11 <wb> C30 C0 C11 <wb> C22 C0 C11 C29 C0 C11 <wb> C19 C0 C38 C0 C1 <wb> C17 C0 C1 C32 C0 C1 <wb> C15 C0 C2 <wb> C24 C0 C15 C0 C16 C23 <wb> C19 C0 C36 C6 C0 <wb> C32 C0 C26 <wb> C6 C0 C26 C34 C0 C11 <wb> C22 C0 C26 C34 C0 C11 <wb> C19 C0 C1 C22 C0 <wb> C15 C0 C16 <wb> C19 C0 C29 C0 <wb> C7 C0 C16 C38 C0 C1 <wb> C19 C0 C29 C0 C11 C13 C0 C1 <wb> C27 C29 C0 <wb> C36 C30 C0 C24 C0 C11 <wb> C30 C0 C16 C38 C0 C1 C29 C0 <wb> C19 C0 C26 <wb> C0 C28 C0 C24 C0 C11 <wb> C30 C0 C1 C33 C0 <wb> C29 C0 C15 C0 C24 C0 C11 <wb> C19 C0 C16 <wb> C0 C24 C0 C36 C22 C0 C32 C0 C16 <wb> C7 C0 C11 <wb> C7 C0 C16
hindi_female_008878|C28 C0 C16 C32 C0 C1 <wb> C37 C0 C26 <wb> C19 C0 C2 C30 C0 C11 <wb> C21 C0 C26 C13 C0 C26 C23 <wb> C24 C0 C11 <wb> C28 C0 C36 C6 C0 C1
hindi_female_008893|C0 C13 C0 C21 C0 C16 <wb> C30 C0 C36 C3 C0 C15 C0 <wb> C3 C0 C1 C3 C0 C1 <wb> C0 C17 C0 C38 C0 <wb> C30 C0 C11 <wb> C22 C0 C16 C21 C0 C11 <wb> C27 C29 C0 <wb> C28 C0 C36 C6 C0 C1 <wb> C19 C0 C15 C0 C26 <wb> C3 C0 C11 C34 C0 C1 <wb> C24 C0 C16 C23 C7 C0 <wb> C0 C5 C0 C6 C0 C16 <wb> C1 C16
hindi_female_008898|C32 C0 C26 <wb> C15 C0 C22 C0 C11 C23 <wb> C19 C0 C38 C0 C1 <wb> C19 C0 C29 C0 C24 C0 C1 <wb> C5 C0 C1 C15 C0 C16 C11 <wb> C0 C17 C0 C38 C0 <wb> C24 C0 C11 <wb> C17 C0 C16 C17 C0 C24 C0 C1 C30 C0 C1 C37 C0 C31 C0 <wb> C28 C0 C36 C6 C0 C1
hindi_female_008936|C3 C0 C15 C0 C36 C32 C0 <wb> C30 C0 C22 C0 C38 C0 <wb> C28 C0 C15 C0 C21 C0 C11 <wb> C19 C0 C16 <wb> C3 C0 C1 C32 C0 <wb> C15 C0 C2 <wb> C19 C0 C16 C30 C0 C16 <wb> C17 C0 C23 C13 C0 C21 C0 <wb> C22 C0 C11 C23 <wb> C11 C19 C0 <wb> C13 C0 C8 C0 C1 <wb> C3 C0 C29 C0 C13 C0 C7 C0 <wb> C19 C0 C11 <wb> C28 C0 C11 C9 C0 <wb> C19 C0 C11 <wb> C24 C0 C16 C5 C0 C11 <wb> C21 C0 C11 C34 C0 <wb> C19 C0 C29 C0 <wb> C1 C29 C0 C1 C22 C0 <wb> C19 C0 C29 C0 <wb> C29 C0 C15 C0 C1 <wb> C33 C0 C1
hindi_female_008944|C19 C0 C16 C30 C0 C24 C0 C11 <wb> C19 C0 C15 C0 C1 <wb> C38 C0 C11 <wb> C30 C0 C3 C0 <wb> C31 C0 C11 C29 C0 <wb> C24 C0 C11 <wb> C28 C0 C29 C0 C31 C0 C24 C0 <wb> C19 C0 C16 C38 C0 C1
hindi_female_008946|C13 C0 C8 C0 C11 <wb> C19 C0 C26 <wb> C22 C0 C15 C0 C1 C29 C0 C1 C17 C0 <wb> C19 C0 C11 <wb> C30 C0 C1 C22 C0 C24 C0 C11 <wb> C3 C0 C36 C21 C0 C1 C38 C0 C1 <wb> C13 C0 C38 C0 C1 <wb> C32 C0 C36 C22 C0 C15 C0 C11 <wb> C19 C0 C2 C30 C0 C11 <wb> C28 C0 C32 C0 C1 <wb> C5 C0 C21 C0 C1 <wb> C19 C0 C16 <wb> C8 C0 C29 C0 C32 C0 C16 <wb> C12 C0 C34 C0 <wb> C29 C0 C15 C0 C16 <wb> C15 C0 C2 <wb> C31 C0 C11 C29 C0 <wb> C24 C0 C11 <wb> C13 C0 C36 C30 C0 C30 C0 C11 <wb> C30 C0 C11 <wb> C28 C0 C36 C6 C0 C1
hindi_female_008996|C28 C0 C29 C0 <wb> C22 C0 C11 C29 C0 C11 <wb> C28 C0 C1 C30 C0 <wb> C28 C0 C2 C29 C0 <wb> C24 C0 C15 C0 C16 C23 <wb> C15 C0 C2 C23 <wb> C22 C0 C2 C23 <wb> C19 C0 C2 C30 C0 C11 <wb> C36 C30 C0 <wb> C19 C0 C36 C11 C23 <wb> C19 C0 C11 <wb> C28 C0 C1 C30 C0 <wb> C28 C0 C15 C0 C36 C23 C5 C0 <wb> C19 C0 C29 C0 <wb> C32 C0 C36 C22 C0 C15 C0 C1 C29 C0 C11 <wb> C7 C0 C36 C31 C0 C22 C0 C24 C0 <wb> C19 C0 C26 <wb> C22 C0 C1 C29 C0 <wb> C30 C0 C19 C0 C32 C0 C1 <wb> C15 C0 C36 C23
hindi_female_009105|C16 C30 C0 C21 C0 C16 C11 <wb> C19 C0 C15 C0 C32 C0 C11 <wb> C15 C0 C2 C23 <wb> C19 C0 C16 <wb> C3 C0 C21 C0 <wb> C30 C0 C11 <wb> C3 C0 C36 C7 C0 C8 C0 C16 <wb> C3 C0 C9 C0 C16 <wb> C15 C0 C26 C32 C0 C16 <wb> C15 C0 C2
hindi_female_009134|C36 C30 C0 <wb> C28 C0 C29 C0 <wb> C16 C24 C0 <wb> C5 C0 C1 C29 C0 <wb> C19 C0 C37 C0 C16 C38 C0 C26 C23 <wb> C19 C0 C1 <wb> C13 C0 C15 C0 C29 C0 C1 <wb> C0 C30 C0 C29 C0 <wb> C15 C0 C2
hindi_female_009135|C16 C30 C0 C11 <wb> C19 C0 C16 <wb> C3 C0 C1 C29 C0 <wb> C22 C0 C23 C5 C0 C16 C32 C0 <wb> C4 C0 C16 <wb> C19 C0 C16 C38 C0 C1 <wb> C13 C0 C38 C0 C1 <wb> C15 C0 C2
hindi_female_009138|C7 C0 C36 C30 C0 C29 C0 C16 <wb> C32 C0 C29 C0 C12 C0 <wb> C30 C0 C1 C19 C0 C31 C0 C1 C32 C0 C19 C0 C1 C29 C0 <wb> C22 C0 C11 C23 <wb> C37 C0 C11 <wb> C30 C0 C36 C23 C7 C0 C29 C0 <wb> C19 C0 C11 <wb> C37 C0 C16 C29 C0 C36 C7 C0 C8 C0 <wb> C0 C28 C0 C24 C0 C16 <wb> C29 C0 C25 C0 C24 C0 C16 C32 C0 C16 <wb> C19 C0 C11 <wb> C3 C0 C1 C29 C0 C11 <wb> C22 C0 C11 C23 <wb> C3 C0 C1 C32 C0 <wb> C19 C0 C29 C0 C32 C0 C11 <wb> C15 C0 C2 C23
hindi_female_009140|C0 C28 C0 C24 C0 C11 <wb> C37 C0 C38 C0 C19 C0 C32 C0 C16 C32 C0 C37 C0 <wb> C27 C29 C0 <wb> C37 C0 C1 C7 C0 <wb> C7 C0 C26 C24 C0 C26 C23 <wb> C30 C0 C11 <wb> C37 C0 C11 <wb> C31 C0 C1 C30 C0 C32 C0 C29 C0 C16 C38 C0 <wb> C30 C0 C23 C13 C0 C16 C32 C0 <wb> C22 C0 C11 C23 <wb> C11 C19 C0 <wb> C24 C0 C11 <wb> C34 C0 C1 C16 C28 C0 <wb> C33 C0 C11
hindi_female_009142|C38 C0 C32 C0 C16 C24 C0 C7 C0 C29 C0 <wb> C22 C0 C16 C31 C0 C29 C0 <wb> C19 C0 C1 <wb> C30 C0 C36 C29 C0 <wb> C19 C0 C16 <wb> C3 C0 C1 C29 C0 C1 C7 C0 C29 C0 C16 <wb> C16 C30 C0 <wb> C24 C0 C1 C22 C0 <wb> C30 C0 C11 <wb> C28 C0 C11 C23 C13 C0 C37 C0 C16 C24 C0 <wb> C38 C0 C1 C32 C0 C29 C0 C1 <wb> C30 C0 C11 <wb> C31 C0 C16 C14 C0 C29 C0 <wb> C28 C0 C29 C0 C19 C0 C1 C31 C0 C38 C0 <wb> C28 C0 C36 C30 C0 C32 C0 C19 C0 <wb> C30 C0 C11 <wb> C21 C0 C16 C38 C0 C1 <wb> C13 C0 C38 C0 C1 <wb> C15 C0 C2 <wb> C17 C0 C26 <wb> C36 C24 C0 C19 C0 C16 <wb> C19 C0 C21 C0 C1 <wb> C30 C0 C33 C0 C1 C24 C0 C16 C38 C0 <wb> C28 C0 C29 C0 C22 C0 C28 C0 C29 C0 C1 <wb> C36 C24 C0 C19 C0 C11 <wb> C37 C0 C38 C0 C19 C0 C32 C0 C16 C32 C0 C37 C0 <wb> C19 C0 C26 <wb> C11 C19 C0 <wb> C30 C0 C1 C33 C0 <wb> C28 C0 C10 C0 C32 C0 C16 <wb> C15 C0 C2
hindi_female_009143|C36 C30 C0 C32 C0 C1 C7 C0 <wb> C19 C0 C26 <wb> C34 C0 C29 C0 C16 C3 C0 C38 C0 C36 C34 C0 <wb> C19 C0 C16 <wb> C32 C0 C29 C0 C15 C0 <wb> C21 C0 C16 C20 C0 C1 <wb> C13 C0 C38 C0 C1 <wb> C37 C0 C38 C0 C26 C22 C0 C11 C31 C0 <wb> C31 C0 C36 C19 C0 C21 C0 <wb> C19 C0 C1 <wb> C13 C0 C7 C0 C38 C0 <wb> C36 C24 C0 C19 C0 C16 <wb> C19 C0 C21 C0 C1 <wb> C19 C0 C26 <wb> C30 C0 C1 C23 C30 C0 C19 C0 C29 C32 C0 C16 C19 C0 <wb> C29 C0 C1 C17 C0 C24 C0 C16 C32 C0 C16 <wb> C19 C0 C11 <wb> C28 C0 C29 C0 C32 C0 C16 C29 C0 C26 C8 C0 <wb> C19 C0 C11 <wb> C30 C0 C23 C19 C0 C11 C32 C0 C26 C23 <wb> C19 C0 C16 <wb> C32 C0 C29 C0 C15 C0 <wb> C7 C0 C11 C20 C0 C32 C0 C1 <wb> C15 C0 C2
hindi_female_009148|C22 C0 C32 C0 C21 C0 C3 C0 <wb> C19 C0 C16 <wb> C4 C0 C1 C31 C0 C1 <wb> C11 C19 C0 <wb> C11 C19 C0 C31 C0 C24 C0 <wb> C24 C0 C15 C0 C16 C23 <wb> C28 C0 C29 C0 C19 C0 C29 C32 C0 C16 <wb> C19 C0 C26 <wb> C7 C0 C11 C20 C0 C19 C0 C29 C0 <wb> C7 C0 C16 C38 C0 C1 <wb> C13 C0 C38 C0 C1 <wb> C15 C0 C22 C0 C1 C29 C0 C1 <wb> C29 C0 C16 C11 C19 C0 C31 C0 C24 C0 <wb> C22 C0 C1 C32 C0 C29 C0 <wb> C15 C0 C2
hindi_female_009149|C30 C0 C36 C29 C0 C17 C0 <wb> C19 C0 C26 <wb> C7 C0 C11 C20 C0 C19 C0 C29 C0 <wb> C15 C0 C29 C0 <wb> C28 C0 C29 C0 C17 C0 C1 C32 C0 C16 <wb> C19 C0 C11 <wb> C22 C0 C24 C0 C36 C31 C0 C38 C0 <wb> C19 C0 C11 <wb> C22 C0 C36 C23 C15 C0 <wb> C30 C0 C11 <wb> C29 C0 C1 <wb> C15 C0 C16 <wb> C24 C0 C16 C19 C0 C21 C0 C1
hindi_female_009153|C36 C30 C0 C19 C0 C11 <wb> C7 C0 C26 C30 C0 C32 C0 <wb> C28 C0 C29 C0 C11 C22 C0 C16 C19 C0 C1 C11 C23 <wb> C27 C29 C0 <wb> C29 C0 C16 C31 C0 C32 C0 C11 C7 C0 C1 C29 C0 <wb> C36 C30 C0 C11 <wb> C16 C30 C0 C16 <wb> C24 C0 C1 C22 C0 <wb> C30 C0 C11 <wb> C3 C0 C36 C21 C0 C1 C32 C0 C11 <wb> C33 C0 C11 <wb> C27 C29 C0 <wb> C37 C0 C26 <wb> C4 C0 C16 <wb> C0 C19 C0 C30 C0 C29 C0 <wb> C30 C0 C22 C0 C18 C0 <wb> C17 C0 C1 C32 C0 C1 <wb> C33 C0 C1 <wb> C19 C0 C16 <wb> C19 C0 C37 C0 C2 C23 <wb> C36 C30 C0 C16 <wb> C19 C0 C26 <wb> C30 C0 C23 C3 C0 C26 C8 C0 C16 C32 C0 <wb> C15 C0 C2
hindi_female_009156|C36 C30 C0 C11 <wb> C17 C0 C23 C13 C0 C21 C0 C16 <wb> C17 C0 C1 C24 C0 <wb> C37 C0 C29 C0 C26 C23 <wb> C30 C0 C11 <wb> C9 C0 C29 C0 <wb> C21 C0 C13 C0 C32 C0 C1 <wb> C33 C0 C1
hindi_female_009168|C0 C3 C0 <wb> C19 C0 C37 C0 C2 C23 <wb> C19 C0 C1 <wb> C7 C0 C16 C24 C0 <wb> C7 C0 C26 <wb> C15 C0 C16 C30 C0 C30 C0 C26 C23 <wb> C22 C0 C11 C23 <wb> C3 C0 C23 C34 C0 <wb> C13 C0 C38 C0 C1
hindi_female_009172|C16 C30 C0 <wb> C3 C0 C16 C5 C0 <wb> C19 C0 C37 C0 C2 C23 <wb> C24 C0 C11 <wb> C0 C28 C0 C24 C0 C11 <wb> C19 C0 C3 C0 C16 C21 C0 C11 <wb> C37 C0 C1 C21 C0 C26 C23 <wb> C19 C0 C11 <wb> C30 C0 C1 C33 C0 <wb> C20 C0 C1 C24 C0 C1 <wb> C3 C0 C16 C21 C0 C19 C0 C36 C21 C0 <wb> C15 C0 C16 <wb> C3 C0 C23 C7 C0 <wb> C19 C0 C29 C0 <wb> C7 C0 C16 C38 C0 C1
hindi_female_009183|C36 C30 C0 C19 C0 C11 <wb> C3 C0 C1 C7 C0 <wb> C19 C0 C37 C0 C2 C23 <wb> C24 C0 C11 <wb> C24 C0 C36 C19 C0 C16 C21 C0 C11 <wb> C28 C0 C32 C0 C33 C0 C29 C0 <wb> C36 C35 C0 C1 <wb> C19 C0 C29 C0 <wb> C20 C0 C36 C23 <wb> C19 C0 C16 <wb> C11 C19 C0 <wb> C11 C19 C0 <wb> C24 C0 C30 C0 <wb> C19 C0 C1 C34 C0 <wb> C9 C0 C1 C21 C0 C16
hindi_female_009188|C17 C0 C16 C24 C0 <wb> C28 C0 C32 C0 C33 C0 C29 C0 C26 C23 <wb> C28 C0 C11 <wb> C20 C0 C36 C24 C0 <wb> C21 C0 C13 C0 <wb> C13 C0 C38 C0 C1 <wb> C33 C0 C1 <wb> C36 C24 C0 C15 C0 C11 C23 <wb> C37 C0 C26 <wb> C9 C0 C2 C24 C0 C38 C0 C36 C3 C0 <wb> C22 C0 C11 C23 <wb> C8 C0 C26 <wb> C21 C0 C1 C38 C0 C1
hindi_female_009190|C28 C0 C29 C0 <wb> C36 C30 C0 C11 <wb> C2 C30 C0 C11 <wb> C15 C0 C16 <wb> C0 C5 C0 C6 C0 C1 <wb> C21 C0 C13 C0 C32 C0 C1 <wb> C33 C0 C1
hindi_female_009194|C37 C0 C11 <wb> C29 C0 C1 C13 C0 <wb> C19 C0 C1 <wb> C37 C0 C16 C30 C0 C32 C0 C1 C29 C0 <wb> C19 C0 C29 C0 C24 C0 C11 <wb> C36 C30 C0 C19 C0 C16 <wb> C30 C0 C23 C29 C0 C5 C0 C24 C0 C1 <wb> C19 C0 C11 <wb> C3 C0 C38 C0 C27 C29 C0 C26 C23 <wb> C19 C0 C26 <wb> C36 C4 C0 C1 C29 C0 C24 C0 C11 <wb> C22 C0 C11 C23 <wb> C15 C0 C22 C0 C11 C31 C0 C1 <wb> C3 C0 C11 C15 C0 C7 C0 <wb> C30 C0 C8 C0 C11 <wb> C15 C0 C36 C11 <wb> C27 C29 C0 <wb> C17 C0 C1 C13 C0 C29 C0 C36 C19 C0 <wb> C29 C0 C15 C0 C11 <wb> C15 C0 C2 C23
hindi_female_009206|C36 C24 C0 C30 C0 C11 <wb> C22 C0 C16 C21 C0 C24 C0 C1 <wb> C22 C0 C26 C22 C0 C16 C24 C0 <wb> C19 C0 C11 <wb> C36 C30 C0 <wb> C31 C0 C11 C29 C0 <wb> C30 C0 C11 <wb> C22 C0 C16 C21 C0 C24 C0 C1 <wb> C15 C0 C2 <wb> C17 C0 C15 C0 C1 C23 <wb> C37 C0 C11 <wb> C38 C0 C15 C0 <wb> C7 C0 C29 C0 C17 C0 <wb> C19 C0 C29 C0 C32 C0 C11 <wb> C15 C0 C2 C23 <wb> C32 C0 C36 C22 C0 <wb> C22 C0 C11 C29 C0 C11 <wb> C28 C0 C1 C30 C0 <wb> C15 C0 C26 C32 C0 C11 <wb> C15 C0 C26 <wb> C17 C0 C3 C0 <wb> C19 C0 C26 C16 <wb> C7 C0 C36 C30 C0 C29 C0 C1 <wb> C24 C0 C15 C0 C16 C23 <wb> C15 C0 C26 C32 C0 C1
hindi_female_009208|C36 C24 C0 C15 C0 C11 C23 <wb> C19 C0 C1 C31 C0 C16 <wb> C30 C0 C11 <wb> C3 C0 C11 C28 C0 C24 C0 C1 C15 C0 <wb> C22 C0 C36 C15 C0 C3 C0 C3 C0 C32 C0 <wb> C15 C0 C2
hindi_female_009209|C37 C0 C11 <wb> C31 C0 C15 C0 C24 C0 C1 C16 <wb> C19 C0 C26 <wb> C0 C28 C0 C24 C0 C16 <wb> C28 C0 C29 C0 C30 C0 C32 C0 C36 C32 C0 C16 <wb> C19 C0 C1 <wb> C11 C19 C0 <wb> C37 C0 C1 C7 C0 C38 C0 <wb> C38 C0 C24 C0 C32 C0 C29 C0 <wb> C24 C0 C15 C0 C16 C23 <wb> C22 C0 C1 C24 C0 C32 C0 C11 <wb> C3 C0 C21 C0 C19 C0 C16 <wb> C36 C30 C0 C11 <wb> C30 C0 C20 C0 C16 <wb> C27 C29 C0 <wb> C22 C0 C15 C0 C3 C0 C36 C3 C0 C1 <wb> C19 C0 C15 C0 C32 C0 C11 <wb> C15 C0 C2 C23
hindi_female_009210|C0 C28 C0 C24 C0 C16 <wb> C28 C0 C32 C0 C24 C0 C16 <wb> C19 C0 C11 <wb> C13 C0 C36 C17 C0 C29 C0 <wb> C17 C0 C1 C24 C0 C11 <wb> C19 C0 C11 <wb> C3 C0 C1 C7 C0 <wb> C30 C0 C11 <wb> C36 C24 C0 C19 C0 C16 <wb> C38 C0 C15 C0 <wb> C22 C0 C15 C0 C3 C0 C36 C3 C0 C1 <wb> C15 C0 C16 <wb> C36 C24 C0 C19 C0 C11 <wb> C30 C0 C16 C29 C0 C15 C0 C1 C24 C0 C11 <wb> C3 C0 C16 C30 C0 C32 C0 C29 C0 <wb> C28 C0 C29 C0 <wb> C30 C0 C1 C33 C0 <wb> C30 C0 C26 C32 C0 C16 <wb> C15 C0 C2 <wb> C27 C29 C0 <wb> C0 C28 C0 C24 C0 C11 <wb> C28 C0 C29 C0 C11 C22 C0 C16 <wb> C19 C0 C26 <wb> C7 C0 C26 <wb> C11 C19 C0 <wb> C19 C0 C31 C0 C25 C0 <wb> C20 C0 C36 C7 C0 <wb> C19 C0 C16 <wb> C20 C0 C36 C31 C0 C16 <wb> C3 C0 C34 C0 C26 C29 C0 C24 C0 C11 <wb> C19 C0 C1 <wb> C3 C0 C15 C0 C1 C24 C0 C1 <wb> C7 C0 C11 C32 C0 C16 <wb> C15 C0 C2
hindi_female_009214|C0 C28 C0 C24 C0 C11 <wb> C4 C0 C29 C0 C11 <wb> C28 C0 C36 C29 C0 C11 <wb> C19 C0 C36 C24 C0 C3 C0 C11 <wb> C19 C0 C11 <wb> C30 C0 C1 C33 C0 <wb> C29 C0 C15 C0 C24 C0 C1 <wb> C27 C29 C0 <wb> C28 C0 C1 C23 C5 C0 C26 C23 <wb> C37 C0 C19 C0 C32 C0 <wb> C19 C0 C16 <wb> C24 C0 C22 C0 C1 C17 C0 <wb> C22 C0 C11 C23 <wb> C30 C0 C23 C13 C0 C16 C32 C0 <wb> C19 C0 C16 <wb> C31 C0 C36 C7 C0 C8 C0 C32 C0 C1 <wb> C19 C0 C26 <wb> C22 C0 C16 C21 C0 C1 <wb> C7 C0 C11 C24 C0 C1 <wb> C36 C24 C0 C15 C0 C11 C23 <wb> C3 C0 C20 C0 C36 C3 C0 C16 <wb> C1 C32 C0 C1 <wb> C15 C0 C2
hindi_female_009223|C19 C0 C36 C21 C0 <wb> C22 C0 C16 C21 C0 C1 C19 C0 C29 C0 <wb> C19 C0 C16 C30 C0 C30 C0 C1 <wb> C19 C0 C26 C32 C0 C1 C15 C0 <wb> C38 C0 C15 C0 <wb> C19 C0 C16 <wb> C3 C0 C16 C30 C0 C22 C0 C16 C21 C0 C21 C0 C1 <wb> C20 C0 C1 C24 C0 <wb> C30 C0 C16 C29 C0 C12 C0 <wb> C11 C19 C0 <wb> C19 C0 C21 C0 C1 C19 C0 C1 C29 C0 <wb> C24 C0 C15 C0 C16 C23 <wb> C15 C0 C2 C23 <wb> C37 C0 C15 C0 <wb> C22 C0 C1 C24 C0 C37 C0 C16 C38 C0 <wb> C13 C0 C29 C0 C16 C22 C0 C1 <wb> C19 C0 C16 <wb> C30 C0 C3 C0 C30 C0 C11 <wb> C30 C0 C29 C0 C21 C0 C32 C0 C22 C0 <wb> C0 C4 C0 C16 <wb> C37 C0 C38 C0 C19 C0 C32 C0 C16 <wb> C15 C0 C2 C23
hindi_female_009227|C0 C17 C0 C16 C3 C0 <wb> C30 C0 C16 <wb> C28 C0 C23 C19 C0 C32 C0 C16 <wb> C24 C0 C15 C0 C16 C23 <wb> C15 C0 C2 <wb> C13 C0 C23 C13 C0 C1 <wb> C19 C0 C16 <wb> C21 C0 C15 C0 C29 C0 C11 C23 <wb> C17 C0 C16 C32 C0 C24 C0 C16 <wb> C22 C0 C36 C29 C0 C32 C0 <wb> C27 C29 C0 <wb> C38 C0 C33 C0 C1 C29 C0 C33 C0 <wb> C15 C0 C2 C23 <wb> C16 C32 C0 C16 C15 C0 C1 C30 C0 <wb> C36 C32 C0 C24 C0 C1 <wb> C15 C0 C16 <wb> C0 C22 C0 C36 C29 C0 C32 C0
hindi_female_009233|C21 C0 C27 C23 C9 C0 C1 <wb> C35 C0 C16 C35 C0 C26 C21 C0 C16 <wb> C27 C29 C0 <wb> C15 C0 C23 C30 C0 C16 <wb> C19 C0 C29 C0 <wb> C29 C0 C15 C0 C1 <wb> C33 C0 C1 <wb> C32 C0 C26 <wb> C12 C0 C36 C24 C0 C24 C0 C24 C0 <wb> C22 C0 C16 C38 C0 C1 C23 <wb> C24 C0 C11 <wb> C36 C35 C0 C19 C0 C29 C0 <wb> C11 C19 C0 <wb> C2 C30 C0 C1 <wb> C32 C0 C22 C0 C1 C5 C0 C1 <wb> C22 C0 C1 C29 C0 C1 <wb> C19 C0 C16 <wb> C36 C30 C0 C32 C0 C1 C7 C0 <wb> C17 C0 C16 <wb> C19 C0 C11 <wb> C3 C0 C1 C38 C0 C11 C23 <wb> C19 C0 C16 <wb> C13 C0 C22 C0 C19 C0 <wb> C7 C0 C3 C0 <wb> C13 C0 C16
hindi_female_009236|C16 C30 C0 C19 C0 C11 <wb> C3 C0 C1 C7 C0 <wb> C20 C0 C1 C24 C0 <wb> C30 C0 C1 C15 C0 C3 C0 <wb> C19 C0 C26 <wb> C21 C0 C1 C20 C0 <wb> C30 C0 C22 C0 C18 C0 C1 C38 C0 C1 <wb> C17 C0 C1 C32 C0 C1 <wb> C15 C0 C2 <wb> C19 C0 C16 <wb> C12 C0 C36 C24 C0 C24 C0 C24 C0 <wb> C22 C0 C16 C38 C0 C1 C23 <wb> C19 C0 C1 <wb> C33 C0 C28 C0 C28 C0 C9 C0 <wb> C36 C30 C0 <wb> C21 C0 C27 C23 C9 C0 C11 <wb> C19 C0 C11 <wb> C22 C0 C36 C23 C15 C0 <wb> C28 C0 C29 C0 <wb> C24 C0 C15 C0 C16 C23 <wb> C28 C0 C9 C0 C1 <wb> C33 C0 C1
hindi_female_009238|C37 C0 C15 C0 <wb> C19 C0 C26 C16 <wb> C19 C0 C1 C22 C0 <wb> C24 C0 C15 C0 C16 C23 <wb> C19 C0 C29 C0 C32 C0 C1 <wb> C33 C0 C1 <wb> C27 C29 C0 <wb> C1 C29 C0 C1 C22 C0 <wb> C30 C0 C11 <wb> C33 C0 C1
hindi_female_009239|C28 C0 C15 C0 C21 C0 C11 <wb> C37 C0 C15 C0 <wb> C7 C0 C16 C24 C0 <wb> C29 C0 C1 C32 C0 <wb> C19 C0 C1 C22 C0 <wb> C19 C0 C16 C38 C0 C1 <wb> C19 C0 C29 C0 C32 C0 C1 <wb> C33 C0 C1 <wb> C27 C29 C0 <wb> C3 C0 C11 C1 C29 C0 C1 C22 C0 <wb> C33 C0 C1
hindi_female_009243|C4 C0 C1 C29 C0 C32 C0 <wb> C6 C0 C26 C9 C0 C26 <wb> C1 C24 C0 C7 C0 C26 C21 C0 C24 C0 <wb> C19 C0 C11 <wb> C1 C30 C0 C28 C0 C1 C30 C0 <wb> C4 C0 C16 C9 C0 <wb> C33 C0 C1 C24 C0 C11 <wb> C19 C0 C26 <wb> C14 C0 C11 C29 C0 <wb> C21 C0 C11 C32 C0 C16 <wb> C15 C0 C2
hindi_female_009246|C13 C0 C26 C7 C0 C1 C24 C0 <wb> C6 C0 C32 C0 C32 C0 C16 C30 C0 <wb> C22 C0 C11 C23 <wb> C1 C38 C0 C1 <wb> C33 C0 C1 <wb> C21 C0 C11 C19 C0 C16 C24 C0 <wb> C5 C0 C36 C23 C19 C0 C16 <wb> C29 C0 C1 C38 C0 C30 C0 C1 C15 C0 C3 C0 <wb> C19 C0 C1 C23 C13 C0 C29 C0 C11 C30 C0 <wb> C19 C0 C16 <wb> C22 C0 C11 C22 C0 C3 C0 C29 C0 C16 <wb> C22 C0 C11 C23 <wb> C17 C0 C11 C21 C0 <wb> C4 C0 C16 <wb> C15 C0 C26 <wb> C1 C11 <wb> C33 C0 C11
hindi_female_009247|C16 C30 C0 C21 C0 C16 C11 <wb> C30 C0 C2 C23 C32 C0 C1 C21 C0 C16 C30 C0 <wb> C19 C0 C11 <wb> C3 C0 C1 C7 C0 <wb> C4 C0 C16 <wb> C36 C24 C0 C19 C0 C16 <wb> C29 C0 C16 C38 C0 C1 C30 C0 C32 C0 <wb> C3 C0 C7 C0 C21 C0 C11 <wb> C29 C0 C36 C28 C0 <wb> C22 C0 C11 C23 <wb> C5 C0 C21 C0 C32 C0 C16 <wb> C29 C0 C15 C0 C16 <wb> C15 C0 C26 C13 C0 C16 <wb> C2 C30 C0 C1 <wb> C15 C0 C22 C0 <wb> C22 C0 C1 C24 C0 <wb> C30 C0 C19 C0 C32 C0 C11 C23 <wb> C15 C0 C2 C23
hindi_female_009251|C13 C0 C36 C21 C0 C17 C0 C1 C29 C0 <wb> C19 C0 C16 <wb> C30 C0 C22 C0 C29 C32 C0 C16 <wb> C7 C0 C23 C31 C0 <wb> C19 C0 C16 <wb> C38 C0 C15 C0 <wb> C19 C0 C37 C0 C16 C32 C0 C1 C11 C23 <wb> C7 C0 C29 C0 C0 C30 C0 C21 C0 <wb> C36 C24 C0 C19 C0 C16 <wb> C4 C0 C1 C31 C0 C1 <wb> C22 C0 C11 C23 <wb> C4 C0 C29 C0 C26 C30 C0 C1 <wb> C19 C0 C29 C0 C24 C0 C11 <wb> C19 C0 C16 <wb> C37 C0 C17 C0 C15 C0 <wb> C30 C0 C11 <wb> C15 C0 C16 <wb> C21 C0 C16 C20 C0 C16 <wb> C13 C0 C38 C0 C16 <wb> C15 C0 C2 C23
hindi_female_009253|C16 C30 C0 <wb> C3 C0 C1 C32 C0 <wb> C30 C0 C11 <wb> C13 C0 C36 C21 C0 C17 C0 C1 C29 C0 <wb> C19 C0 C1 <wb> C19 C0 C15 C0 C1 C24 C0 C16 C19 C0 C1 C29 C0 <wb> C4 C0 C16 <wb> C13 C0 C15 C0 C29 C0 C1 C16 <wb> C30 C0 C11 <wb> C4 C0 C16 C13 C0 C1 <wb> C15 C0 C36 C1 <wb> C15 C0 C2
hindi_female_009254|C36 C24 C0 C19 C0 C16 <wb> C13 C0 C17 C0 C21 C0 C11 C23 <wb> C4 C0 C16 <wb> C16 C30 C0 <wb> C3 C0 C1 C32 C0 <wb> C30 C0 C11 <wb> C0 C6 C0 C36 C32 C0 C16 <wb> C24 C0 C15 C0 C16 C23 <wb> C15 C0 C2 C23
hindi_female_009255|C19 C0 C36 C6 C0 <wb> C13 C0 C17 C0 C21 C0 C26 C23 <wb> C19 C0 C16 <wb> C28 C0 C23 C19 C0 C32 C0 C16 C38 C0 C1 C23 <wb> C16 C30 C0 C16 <wb> C30 C0 C24 C0 C7 C0 C29 C0 C4 C0 <wb> C22 C0 C11 C23 <wb> C8 C0 C38 C0 C1 C24 C0 <wb> C7 C0 C11 C24 C0 C11 <wb> C38 C0 C26 C13 C0 C38 C0 <wb> C15 C0 C2 C23
hindi_female_009256|C37 C0 C11 <wb> C0 C28 C0 C24 C0 C11 <wb> C1 C29 C0 C22 C0 C4 C0 C16 C19 C0 <wb> C17 C0 C16 C37 C0 C24 C0 <wb> C19 C0 C16 <wb> C24 C0 C16 C32 C0 C1 C24 C0 C32 C0 <wb> C30 C0 C15 C0 C17 C0 <wb> C27 C29 C0 <wb> C1 C32 C0 C22 C0 C16 C38 C0 <wb> C5 C0 C16 C17 C0 C26 C23 <wb> C19 C0 C26 <wb> C31 C0 C1 C38 C0 C29 C0 C16 <wb> C19 C0 C11 <wb> C28 C0 C29 C0 C16 C37 C0 C1 C29 C0 <wb> C19 C0 C1 <wb> C30 C0 C7 C0 C30 C0 C38 C0 <wb> C3 C0 C24 C0 C1 C32 C0 C11 <wb> C15 C0 C2 C23
hindi_female_009261|C11 C19 C0 <wb> C15 C0 C7 C0 <wb> C32 C0 C19 C0 <wb> C15 C0 C22 C0 <wb> C38 C0 C15 C0 <wb> C1 C30 C0 C1 C24 C0 C16 <wb> C30 C0 C11 <wb> C19 C0 C15 C0 <wb> C30 C0 C19 C0 C32 C0 C11 <wb> C15 C0 C2 C23 <wb> C19 C0 C16 <wb> C24 C0 C16 C15 C0 C1 C38 C0 C32 C0 <wb> C30 C0 C1 C8 C0 C1 C29 C0 C25 C0 <wb> C17 C0 C16 C37 C0 C24 C0 <wb> C17 C0 C16 C24 C0 C11 <wb> C37 C0 C1 C21 C0 C11 <wb> C30 C0 C22 C0 C1 C17 C0 <wb> C19 C0 C16 <wb> C5 C0 C27 C20 C0 C34 C0 <wb> C28 C0 C29 C0 <wb> C17 C0 C1 C19 C0 C29 C0 <wb> C13 C0 C36 C21 C0 C17 C0 C1 C29 C0 <wb> C19 C0 C16 <wb> C19 C0 C37 C0 C16 C32 C0 C1 <wb> C0 C28 C0 C24 C0 C1 <wb> C31 C0 C16 C20 C0 C29 C0 <wb> C28 C0 C1 C32 C0 C16 <wb> C15 C0 C2
hindi_female_009262|C38 C0 C15 C0 <wb> C0 C28 C0 C24 C0 C32 C0 C37 C0 <wb> C27 C29 C0 <wb> C36 C32 C0 C19 C0 C29 C0 C31 C0 <wb> C13 C0 C36 C21 C0 C17 C0 C1 C29 C0 <wb> C19 C0 C16 <wb> C28 C0 C36 C29 C0 C16 <wb> C17 C0 C16 C7 C0 C13 C0 C16 <wb> C27 C29 C0 <wb> C36 C24 C0 C19 C0 C11 <wb> C0 C24 C0 C11 C19 C0 <wb> C0 C24 C0 C38 C0 <wb> C19 C0 C1 C29 C0 C38 C0 C26 C23 <wb> C22 C0 C11 C23 <wb> C1 C30 C0 C1 C24 C0 C16 <wb> C30 C0 C11 <wb> C21 C0 C19 C0 C31 C0 C16 C32 C0 <wb> C15 C0 C26 <wb> C17 C0 C1 <wb> C30 C0 C19 C0 C32 C0 C16 <wb> C15 C0 C2
hindi_female_009266|C13 C0 C36 C21 C0 C17 C0 C1 C29 C0 <wb> C19 C0 C16 <wb> C19 C0 C37 C0 C16 C32 C0 C1 <wb> C19 C0 C16 <wb> C19 C0 C16 <wb> C28 C0 C29 C0 C32 C0 C11 C23 <wb> C15 C0 C2 C23 <wb> C27 C29 C0 <wb> C36 C24 C0 <wb> C28 C0 C29 C0 C32 C0 C26 C23 <wb> C19 C0 C11 <wb> C3 C0 C16 C5 C0 <wb> C22 C0 C11 C23 <wb> C17 C0 C16 C37 C0 C24 C0 <wb> C27 C29 C0 <wb> C36 C30 C0 C19 C0 C16 <wb> C37 C0 C16 C30 C0 C23 C13 C0 C32 C0 C16 C38 C0 C26 C23 <wb> C19 C0 C16 <wb> C0 C24 C0 C13 C0 C16 C24 C0 C32 C0 <wb> C29 C0 C23 C13 C0 C32 C0 C11 <wb> C15 C0 C2 C23
hindi_female_009268|C16 C30 C0 <wb> C31 C0 C1 C38 C0 C29 C0 <wb> C19 C0 C1 <wb> C0 C28 C0 C24 C0 C1 <wb> C12 C0 C21 C0 <wb> C30 C0 C12 C0 C1 <wb> C28 C0 C36 C29 C0 C16 <wb> C29 C0 C36 C22 C0 C1 C24 C0 C16 C38 C0 C32 C0 <wb> C27 C29 C0 <wb> C17 C0 C17 C0 C3 C0 C1 C32 C0 <wb> C19 C0 C11 <wb> C30 C0 C1 C33 C0 <wb> C20 C0 C16 C21 C0 C32 C0 C1 <wb> C17 C0 C1 C32 C0 C1 <wb> C15 C0 C2
hindi_female_009270|C16 C30 C0 <wb> C0 C4 C0 C16 C37 C0 C38 C0 C19 C0 C32 C0 C16 <wb> C22 C0 C11 C23 <wb> C17 C0 C15 C0 C1 C23 <wb> C11 C19 C0 <wb> C26 C29 C0 <wb> C15 C0 C22 C0 C11 C23 <wb> C19 C0 C37 C0 C16 <wb> C19 C0 C11 <wb> C0 C24 C0 C32 C0 C29 C0 C22 C0 C24 C0 <wb> C19 C0 C16 <wb> C22 C0 C15 C0 C16 C24 C0 <wb> C3 C0 C36 C24 C0 C1 C37 C0 C34 C0 <wb> C19 C0 C16 <wb> C17 C0 C1 C24 C0 C19 C0 C1 C29 C0 C16 <wb> C22 C0 C16 C21 C0 C32 C0 C16 <wb> C15 C0 C2
hindi_female_009276|C11 C19 C0 <wb> C7 C0 C26 <wb> C13 C0 C16 C32 C0 C26 C23 <wb> C19 C0 C11 <wb> C36 C7 C0 C1 C15 C0 C29 C0 C25 C0 <wb> C30 C0 C11 <wb> C38 C0 C15 C0 <wb> C22 C0 C1 C29 C0 C22 C0 C16 C19 C0 C32 C0 C1 <wb> C30 C0 C22 C0 C18 C0 C16 <wb> C17 C0 C1 <wb> C30 C0 C19 C0 C32 C0 C16 <wb> C15 C0 C2
hindi_female_009278|C37 C0 C15 C0 <wb> C5 C0 C1 C23 C7 C0 <wb> C19 C0 C16 <wb> C36 C28 C0 C30 C0 C33 C0 C16 C32 C0 C16 <wb> C15 C0 C2
hindi_female_009285|C1 C28 C0 <wb> C36 C24 C0 C19 C0 C16 <wb> C13 C0 C17 C0 C21 C0 C11 C23 <wb> C21 C0 C11 C23 <wb> C38 C0 C1 <wb> C19 C0 C26 C16 <wb> C19 C0 C37 C0 C16 C32 C0 C1 <wb> C19 C0 C16 C30 C0 C16 <wb> C13 C0 C16 C32 C0 <wb> C19 C0 C26 <wb> C34 C0 C34 C0 C26 C21 C0 C11 C23 <wb> C38 C0 C1 <wb> C32 C0 C29 C0 C16 C37 C0 C11 C25 C0 C16 C38 C0 C26 C23 <wb> C19 C0 C16 <wb> C6 C0 C26 C34 C0 C16 <wb> C6 C0 C26 C34 C0 C16 <wb> C30 C0 C1 C29 C0 C33 C0 C19 C0 <wb> C36 C28 C0 C30 C0 C33 C0 C16 C32 C0 C16 C38 C0 C1 C23 <wb> C30 C0 C4 C0 C16 <wb> C17 C0 C13 C0 C15 C0 <wb> C5 C0 C24 C0 C7 C0 C29 C0 C22 C0 C1 <wb> C28 C0 C29 C0 <wb> C1 C30 C0 C33 C0 C1 <wb> C13 C0 C15 C0 C29 C0 C1 C38 C0 C16 <wb> C15 C0 C16 <wb> C15 C0 C2
hindi_female_009286|C13 C0 C36 C21 C0 C17 C0 C1 C29 C0 <wb> C19 C0 C1 <wb> C3 C0 C36 C20 C0 C1 C29 C0 <wb> C19 C0 C16 <wb> C15 C0 C7 C0 <wb> C32 C0 C19 C0 <wb> C28 C0 C15 C0 C36 C23 C5 C0 C1 <wb> C15 C0 C36 C1 <wb> C38 C0 C15 C0 <wb> C5 C0 C1 C23 C7 C0 <wb> C28 C0 C29 C0 C11 C22 C0 <wb> C36 C24 C0 C19 C0 C11 <wb> C12 C0 C16 C21 C0 C22 C0 C16 <wb> C13 C0 C16 C32 C0 C26 C23 <wb> C22 C0 C11 C23 <wb> C4 C0 C16 <wb> C19 C0 C36 C6 C0 <wb> C3 C0 C15 C0 C36 C32 C0 <wb> C24 C0 C38 C0 C11 <wb> C10 C0 C23 C13 C0 <wb> C19 C0 C11 <wb> C7 C0 C29 C31 C0 C38 C0 <wb> C21 C0 C11 <wb> C1 C38 C0 C1 <wb> C15 C0 C2
hindi_female_009287|C17 C0 C2 C30 C0 C11 <wb> C3 C0 C16 C22 C0 C3 C0 <wb> C27 C29 C0 <wb> C28 C0 C29 C0 C32 C0 C16 C19 C0 C26 C23 <wb> C20 C0 C1 C30 C0 C19 C0 C29 C0 <wb> C28 C0 C29 C0 C1 C19 C0 C29 C32 C0 C16 C19 C0 <wb> C29 C0 C36 C28 C0 C19 C0 C26 C23 <wb> C30 C0 C11 <wb> C30 C0 C1 C7 C0 C29 C31 C0 C38 C0 <wb> C29 C0 C5 C0 C24 C0 C11 <wb> C22 C0 C11 C23 <wb> C22 C0 C15 C0 C1 C29 C0 C32 C0 <wb> C28 C0 C1 C38 C0 C11 <wb> C15 C0 C36 C11 <wb> C13 C0 C36 C21 C0 C17 C0 C1 C29 C0 <wb> C19 C0 C11 <wb> C38 C0 C15 C0 C1 C23 <wb> C11 C19 C0 <wb> C0 C17 C0 C16 C3 C0 <wb> C3 C0 C1 C32 C0
hindi_female_009290|C17 C0 C1 C15 C0 C16 C29 C0 <wb> C15 C0 C2 <wb> C36 C7 C0 C1 C30 C0 C16 <wb> C19 C0 C1 <wb> C38 C0 C15 C0 <wb> C1 C21 C0 C22 C0 <wb> C19 C0 C37 C0 C16 C32 C0 C1 <wb> C22 C0 C11 C23 <wb> C2 C31 C0 C37 C0 C29 C0 C38 C0 <wb> C27 C29 C0 <wb> C5 C0 C19 C0 C1 C5 C0 C27 C23 C8 C0 <wb> C29 C0 C5 C0 C24 C0 C11 <wb> C19 C0 C16 <wb> C17 C0 C13 C0 C15 C0 <wb> C30 C0 C23 C37 C0 C11 C7 C0 C24 C0 C1 <wb> C27 C29 C0 <wb> C19 C0 C29 C0 C36 C25 C0 C1 <wb> C30 C0 C11 <wb> C8 C0 C1 C29 C0 <wb> C28 C0 C2 C7 C0 C1 <wb> C19 C0 C29 C0 C32 C0 C1 <wb> C15 C0 C2
hindi_female_009291|C13 C0 C36 C21 C0 C17 C0 C1 C29 C0 <wb> C19 C0 C11 <wb> C29 C0 C5 C0 C24 C0 C1 <wb> C19 C0 C29 C0 C22 C0 <wb> C22 C0 C11 C23 <wb> C37 C0 C16 C31 C0 C11 C31 C0 C19 C0 C29 C0 <wb> C36 C24 C0 C19 C0 C16 <wb> C19 C0 C37 C0 C16 C32 C0 C1 <wb> C27 C29 C0 <wb> C13 C0 C17 C0 C21 C0 C26 C23 <wb> C19 C0 C11 <wb> C30 C0 C24 C0 C7 C0 C29 C0 C4 C0 <wb> C22 C0 C11 C23 <wb> C28 C0 C29 C0 C11 C22 C0 <wb> C3 C0 C15 C0 C36 C32 C0 <wb> C13 C0 C29 C0 C16 C22 C0 C1 <wb> C19 C0 C11 <wb> C30 C0 C1 C33 C0 <wb> C28 C0 C29 C0 C32 C0 C16 C31 C0 C35 C0 C16 C32 C0 <wb> C15 C0 C36 C1 <wb> C15 C0 C2
hindi_female_009294|C12 C0 C16 C29 C0 <wb> C3 C0 C1 C32 C0 <wb> C17 C0 C3 C0 <wb> C13 C0 C36 C21 C0 C17 C0 C1 C29 C0 <wb> C19 C0 C16 <wb> C15 C0 C26 <wb> C29 C0 C15 C0 C16 <wb> C15 C0 C26 <wb> C17 C0 C26 <wb> C30 C0 C37 C0 C38 C0 C23 <wb> C0 C28 C0 C24 C0 C16 <wb> C0 C4 C0 C16 C37 C0 C38 C0 C19 C0 C32 C0 C16 <wb> C19 C0 C16 <wb> C30 C0 C15 C0 C17 C0 <wb> C6 C0 C1 C38 C0 C1 C11 C23 <wb> C3 C0 C1 C3 C0 C1 <wb> C12 C0 C29 C0 C16 C7 C0 <wb> C19 C0 C36 C32 C0 C36 C3 C0 <wb> C19 C0 C36 C21 C0 C16 C31 C0 C1 C15 C0 <wb> C31 C0 C22 C0 C30 C0 <wb> C32 C0 C3 C0 C29 C0 C11 C17 C0 C16 <wb> C11 C37 C0 C23 <wb> C24 C0 C1 C24 C0 C19 C0 <wb> C22 C0 C11 C23 <wb> C10 C0 C36 C23 C10 C0 C32 C0 C11 <wb> C15 C0 C26 C23
hindi_female_009305|C36 C24 C0 C15 C0 C26 C23 C24 C0 C11 <wb> C16 C32 C0 C24 C0 C11 <wb> C7 C0 C31 C0 C19 C0 C26 C23 <wb> C22 C0 C11 C23 <wb> C12 C0 C2 C21 C0 C11 <wb> C0 C28 C0 C24 C0 C11 <wb> C30 C0 C22 C0 C29 C7 C0 C8 C0 <wb> C29 C0 C5 C0 C24 C0 C1 C32 C0 C22 C0 C19 C0 <wb> C17 C0 C16 C37 C0 C24 C0 <wb> C22 C0 C11 C23 <wb> C10 C0 C11 C29 C0 C26 C23 <wb> C2 C30 C0 C11 <wb> C30 C0 C29 C17 C0 C24 C0 <wb> C19 C0 C11 <wb> C19 C0 C31 C0 C25 C0 <wb> C17 C0 C36 C34 C0 C1 C38 C0 C11 <wb> C15 C0 C2 C23
hindi_female_009307|C36 C24 C0 C15 C0 C26 C23 C24 C0 C11 <wb> C0 C28 C0 C24 C0 C1 <wb> C12 C0 C16 C21 C0 C22 C0 C16 <wb> C19 C0 C29 C0 C16 C38 C0 C29 C0 <wb> C28 C0 C29 C0 C11 C22 C0 <wb> C13 C0 C16 C32 C0 <wb> C19 C0 C26 <wb> C21 C0 C16 C20 C0 C19 C0 C29 C0 <wb> C31 C0 C36 C29 C0 C36 <wb> C19 C0 C16 C38 C0 C1 <wb> C33 C0 C1
hindi_female_009308|C37 C0 C15 C0 <wb> C37 C0 C16 C31 C0 C36 C7 C0 C8 C0 <wb> C28 C0 C29 C0 C11 C22 C0 <wb> C22 C0 C11 C23 <wb> C9 C0 C36 C3 C0 C1 <wb> C15 C0 C36 C1 <wb> C13 C0 C16 C32 C0 <wb> C33 C0 C1
hindi_female_009309|C3 C0 C24 C0 C7 C0 C16 C24 C0 C16 <wb> C19 C0 C1 <wb> C37 C0 C15 C0 <wb> C28 C0 C29 C0 C30 C0 C16 C7 C0 C8 C0 <wb> C13 C0 C1 C24 C0 C1 <wb> C24 C0 C1 C38 C0 C16 C19 C0 C1 <wb> C19 C0 C21 C0 C38 C0 C1 C25 C0 C16 <wb> C19 C0 C11 <wb> C18 C0 C16 C18 C0 C19 C0 <wb> C27 C29 C0 <wb> C36 C30 C0 C19 C0 C16 <wb> C22 C0 C24 C0 C26 C7 C0 C31 C0 C1 <wb> C19 C0 C1 <wb> C22 C0 C24 C0 C26 C15 C0 C1 C29 C0 C16 <wb> C5 C0 C16 C32 C0 C29 C0 C25 C0 <wb> C33 C0 C1 <wb> C19 C0 C16 <wb> C19 C0 C2 C30 C0 C11 <wb> C37 C0 C15 C0 <wb> C0 C28 C0 C24 C0 C11 <wb> C28 C0 C29 C0 C11 C22 C0 <wb> C22 C0 C11 C23 <wb> C4 C0 C16 C13 C0 C16 <wb> C15 C0 C36 C16 <wb> C5 C0 C1 C23 C7 C0 C24 C0 C16 <wb> C29 C0 C1 C32 C0 <wb> C19 C0 C26 <wb> C14 C0 C29 C0 <wb> C19 C0 C11 <wb> C1 C23 C13 C0 C24 C0 <wb> C30 C0 C11 <wb> C3 C0 C1 C15 C0 C29 C0 <wb> C28 C0 C1 C23 C37 C0 <wb> C29 C0 C20 C0 <wb> C7 C0 C11 C32 C0 C16 <wb> C15 C0 C2
hindi_female_009310|C37 C0 C15 C0 <wb> C3 C0 C29 C0 C30 C0 C26 C23 <wb> C3 C0 C16 C32 C0 <wb> C17 C0 C1 C24 C0 C11 <wb> C19 C0 C11 <wb> C3 C0 C1 C7 C0 <wb> C4 C0 C16 <wb> C1 C17 C0 <wb> C36 C32 C0 C24 C0 C16 <wb> C15 C0 C16 <wb> C24 C0 C17 C0 C1 C19 C0 C32 C0 <wb> C27 C29 C0 <wb> C3 C0 C11 C5 C0 C2 C24 C0 C16 <wb> C19 C0 C11 <wb> C30 C0 C1 C33 C0 <wb> C36 C24 C0 C19 C0 C16 <wb> C29 C0 C5 C0 C24 C0 C1 C32 C0 C22 C0 C19 C0 <wb> C38 C0 C1 C32 C0 C29 C0 C1 <wb> C22 C0 C11 C23 <wb> C22 C0 C27 C17 C0 C36 C7 C0 <wb> C15 C0 C2
hindi_female_009318|C1 C24 C0 <wb> C38 C0 C11 C7 C0 C29 C0 C21 C0 C36 C25 C0 C9 C0 <wb> C19 C0 C16 <wb> C19 C0 C37 C0 C16 C32 C0 C1 <wb> C24 C0 C11 <wb> C30 C0 C22 C0 C19 C0 C1 C21 C0 C16 C24 C0 <wb> C30 C0 C37 C0 C16 C9 C0 C16 C31 C0 <wb> C19 C0 C37 C0 C16 C32 C0 C1 <wb> C19 C0 C26 <wb> C0 C28 C0 C24 C0 C11 <wb> C19 C0 C1 C37 C0 C38 C0 <wb> C36 C7 C0 C38 C0 C22 C0 <wb> C30 C0 C11 <wb> C28 C0 C29 C0 C32 C0 C16 C19 C0 C29 C32 C0 <wb> C27 C29 C0 <wb> C30 C0 C22 C0 C29 C7 C0 C8 C0 <wb> C19 C0 C16 C38 C0 C1 <wb> C15 C0 C2
hindi_female_009319|C37 C0 C1 C13 C0 C16 C31 C0 <wb> C31 C0 C36 C19 C0 C21 C0 <wb> C28 C0 C16 C6 C0 C21 C0 C11 <wb> C19 C0 C16 <wb> C37 C0 C29 C0 C31 C0 C26 C23 <wb> C30 C0 C11 <wb> C11 C19 C0 <wb> C36 C28 C0 C24 C0 C38 C0 C1 C30 C0 <wb> C21 C0 C16 C20 C0 <wb> C29 C0 C15 C0 C11 <wb> C15 C0 C2 C23
hindi_female_009321|C16 C30 C0 <wb> C3 C0 C1 C29 C0 <wb> C15 C0 C16 C24 C0 C7 C0 C16 <wb> C19 C0 C37 C0 C16 <wb> C27 C29 C0 <wb> C30 C0 C22 C0 C1 C17 C0 <wb> C37 C0 C16 C17 C0 C24 C0 C1 C24 C0 C16 <wb> C3 C0 C7 C0 C29 C0 C16 <wb> C24 C0 C1 C29 C0 C1 C38 C0 C25 C0 <wb> C16 C30 C0 C16 <wb> C19 C0 C29 C0 C1 C23 C32 C0 C16 <wb> C22 C0 C11 C23 <wb> C7 C0 C21 C0 C16 C32 C0 <wb> C17 C0 C1 C32 C0 C16 C38 C0 C26 C23 <wb> C19 C0 C11 <wb> C38 C0 C26 C13 C0 C7 C0 C1 C24 C0 <wb> C19 C0 C11 <wb> C37 C0 C16 C31 C0 C38 C0 <wb> C22 C0 C11 C23 <wb> C3 C0 C1 C32 C0 <wb> C19 C0 C29 C0 <wb> C29 C0 C15 C0 C11 <wb> C15 C0 C2
hindi_female_009325|C0 C28 C0 C24 C0 C16 <wb> C19 C0 C36 C6 C0 <wb> C15 C0 C16 <wb> C19 C0 C16 C32 C0 C1 C3 C0 C26 C23 <wb> C30 C0 C11 <wb> C30 C0 C38 C0 C7 C0 C29 C0 C13 C0 C29 C0 C1 C24 C0 <wb> C24 C0 C11 <wb> C30 C0 C24 C0 C24 C0 C16 C31 C0 C35 C0 C1 <wb> C27 C29 C0 <wb> C22 C0 C26 C15 C0 C4 C0 C23 C13 C0 <wb> C19 C0 C11 <wb> C1 C8 C0 C36 C24 C0 C16 C19 C0 <wb> C0 C24 C0 C36 C4 C0 C37 C0 <wb> C15 C0 C11 C32 C0 C36 <wb> C11 C19 C0 <wb> C24 C0 C38 C0 C16 <wb> C19 C0 C1 C37 C0 C38 C0 <wb> C4 C0 C1 C31 C0 C1 <wb> C1 C37 C0 C16 C31 C0 C19 C0 C29 C32 C0 <wb> C19 C0 C16
hindi_female_009326|C38 C0 C15 C0 <wb> C4 C0 C1 C31 C0 C1 <wb> C24 C0 C16 C9 C0 C29 C0 <wb> C29 C0 C36 C28 C0 <wb> C30 C0 C11 <wb> C29 C0 C36 C28 C0 C19 C0 C1 C32 C0 C22 C0 C19 C0 <wb> C29 C0 C32 C0 C16 C22 C0 C38 C0 C16 <wb> C1 C8 C0 C38 C0 C1 C32 C0 C22 C0 C16 C19 C0 <wb> C11 C37 C0 C23 <wb> C7 C0 C29 C31 C0 C34 C0 C1 <wb> C4 C0 C1 C31 C0 C1 <wb> C33 C0 C16
hindi_female_009328|C21 C0 C11 C19 C0 C16 C24 C0 <wb> C11 C9 C0 C16 C33 C0 <wb> C19 C0 C16 <wb> C19 C0 C37 C0 C16 C32 C0 C1 <wb> C36 C30 C0 C19 C0 C11 <wb> C30 C0 C22 C0 C19 C0 C1 C21 C0 C16 C24 C0 <wb> C28 C0 C1 C35 C0 C19 C0 C26 C23 <wb> C19 C0 C11 <wb> C21 C0 C16 C11 <wb> C28 C0 C29 C0 C1 C38 C0 C15 <wb> C11 C19 C0 <wb> C3 C0 C27 C7 C0 C8 C0 C16 C19 C0 <wb> C5 C0 C36 C24 C0 C27 C32 C0 C16 <wb> C21 C0 C11 C19 C0 C29 C0 <wb> C36 C28 C0 C30 C0 C33 C0 C16 C32 C0 <wb> C15 C0 C36 C16 <wb> C27 C29 C0 <wb> C0 C4 C0 C16 <wb> C32 C0 C19 C0 <wb> C19 C0 C37 C0 C16 C38 C0 C26 C23 <wb> C27 C29 C0 <wb> C37 C0 C16 C7 C0 C37 C0 C1 C24 C0 C26 C23 <wb> C19 C0 C16 <wb> C13 C0 C15 C0 C24 C0 <wb> C17 C0 C16 C17 C0 C24 C0 C1 C30 C0 C1 <wb> C19 C0 C1 <wb> C37 C0 C16 C31 C0 C38 C0 <wb> C3 C0 C24 C0 C16 <wb> C15 C0 C36 C16 <wb> C15 C0 C2
hindi_female_009331|C21 C0 C11 C19 C0 C16 C24 C0 <wb> C1 C35 C0 C37 C0 C11 C23 <wb> C7 C0 C31 C0 C19 C0 <wb> C22 C0 C11 C23 <wb> C11 C19 C0 <wb> C0 C24 C0 C28 C0 C11 C19 C0 C31 C0 C16 C32 C0 <wb> C3 C0 C7 C0 C21 C0 C1 C37 C0 <wb> C28 C0 C2 C7 C0 C1 <wb> C15 C0 C36 C1
hindi_female_009335|C16 C30 C0 C19 C0 C11 <wb> C28 C0 C29 C0 C16 C25 C0 C1 C22 C0 <wb> C30 C0 C37 C0 C29 C0 C36 C28 C0 <wb> C3 C0 C16 C30 C0 C37 C0 C16 C23 <wb> C30 C0 C7 C0 C16 <wb> C19 C0 C11 <wb> C30 C0 C19 C0 C1 C24 C0 C7 C0 C16 C24 C0 C11 C37 C0 C16 C38 C0 C1 <wb> C22 C0 C11 C23 <wb> C11 C19 C0 <wb> C0 C21 C0 C13 C0 <wb> C30 C0 C27 C24 C0 C7 C0 C29 C0 C38 C0 <wb> C31 C0 C1 C30 C0 C32 C0 C29 C0 <wb> C28 C0 C29 C0 C32 C0 C16 C12 C0 C21 C0 C16 C32 C0 <wb> C15 C0 C36 C16
hindi_female_009338|C11 C19 C0 <wb> C7 C0 C15 C0 C1 C19 C0 C11 <wb> C30 C0 C11 <wb> C19 C0 C36 C6 C0 <wb> C15 C0 C16 <wb> C0 C8 C0 C16 C19 C0 <wb> C30 C0 C22 C0 C38 C0 <wb> C22 C0 C11 C23 <wb> C30 C0 C37 C0 C16 C9 C0 C16 <wb> C19 C0 C37 C0 C16 C32 C0 C1 <wb> C19 C0 C1 <wb> C4 C0 C36 C7 C0 C29 C31 C0 C38 C0 <wb> C11 C19 C0 C7 C0 C22 C0 <wb> C3 C0 C7 C0 C21 C0 <wb> C5 C0 C36 C19 C0 C1 <wb> C33 C0 C1
hindi_female_009339|C16 C30 C0 <wb> C3 C0 C7 C0 C21 C0 C1 C37 C0 <wb> C19 C0 C1 <wb> C30 C0 C27 C24 C0 C7 C0 C29 C0 C38 C0 <wb> C27 C29 C0 <wb> C16 C30 C0 C19 C0 C16 <wb> C5 C0 C36 C24 C0 C27 C32 C0 C16 <wb> C19 C0 C29 C0 C22 C0 C31 C0 C15 <wb> C30 C0 C22 C0 C29 C7 C0 C8 C0 <wb> C0 C8 C0 C16 C19 C0 <wb> C17 C0 C34 C0 C16 C21 C0 <wb> C27 C29 C0 <wb> C28 C0 C29 C0 C16 C28 C0 C19 C0 C37 C0 <wb> C15 C0 C26 C32 C0 C16 <wb> C5 C0 C21 C0 C16 <wb> C13 C0 C38 C0 C16
hindi_female_009342|C17 C0 C26 <wb> C4 C0 C16 <wb> C15 C0 C26 <wb> C1 C24 C0 <wb> C38 C0 C11 C7 C0 C29 C0 C21 C0 C36 C25 C0 C9 C0 <wb> C19 C0 C11 <wb> C21 C0 C11 C20 C0 C24 C0 <wb> C30 C0 C11 <wb> C19 C0 C1 C37 C0 C38 C0 C1 C32 C0 C22 C0 C19 C0 <wb> C30 C0 C26 C5 C0 <wb> C19 C0 C11 <wb> C4 C0 C16 C32 C0 C29 C0 <wb> C11 C19 C0 <wb> C24 C0 C1 C34 C0 C19 C0 C16 C38 C0 <wb> C36 C6 C0 C1 C21 C0 <wb> C28 C0 C2 C7 C0 C1 <wb> C15 C0 C36 C16 <wb> C15 C0 C2
hindi_female_009345|C36 C24 C0 C19 C0 C1 <wb> C30 C0 C22 C0 C28 C0 C36 C29 C0 C25 C0 <wb> C30 C0 C23 C37 C0 C11 C7 C0 C24 C0 <wb> C4 C0 C1 C31 C0 C1 <wb> C19 C0 C16 <wb> C30 C0 C1 C22 C0 C1 C24 C0 C38 C0 <wb> C30 C0 C23 C29 C0 C5 C0 C24 C0 C1 C26 C23 <wb> C19 C0 C16 <wb> C30 C0 C16 C22 C0 C1 C26 C23 <wb> C30 C0 C11 <wb> C28 C0 C29 C0 C11 <wb> C19 C0 C1 <wb> C30 C0 C37 C0 C23 C7 C0 C11 C24 C0 <wb> C15 C0 C2 <wb> C36 C24 C0 <wb> C30 C0 C23 C29 C0 C5 C0 C24 C0 C1 C26 C23 <wb> C30 C0 C11 <wb> C28 C0 C29 C0 C11 <wb> C19 C0 C1 <wb> C17 C0 C26 <wb> C22 C0 C1 C24 C0 C37 C0 C16 C38 C0 <wb> C0 C4 C0 C16 C37 C0 C38 C0 C19 C0 C32 C0 C16 <wb> C19 C0 C1 <wb> C30 C0 C23 C5 C0 C1 C21 C0 C24 C0 <wb> C19 C0 C29 C0 C32 C0 C16 <wb> C15 C0 C2 C23
hindi_female_009347|C31 C0 C1 C38 C0 C7 C0 <wb> C19 C0 C15 C0 C1 <wb> C17 C0 C1 <wb> C30 C0 C19 C0 C32 C0 C1 <wb> C15 C0 C2 <wb> C19 C0 C16 <wb> C36 C24 C0 C19 C0 C16 <wb> C19 C0 C37 C0 C16 C32 C0 C1 C11 C23 <wb> C11 C19 C0 <wb> C2 C30 C0 C11 <wb> C22 C0 C1 C24 C0 C37 C0 C16 C38 C0 <wb> C7 C0 C29 C31 C0 C34 C0 C1 C24 C0 C32 C0 <wb> C19 C0 C11 <wb> C4 C0 C16 C32 C0 C29 C0 <wb> C28 C0 C35 C0 C24 C0 C16 C38 C0 <wb> C15 C0 C2 C23
hindi_female_009349|C19 C0 C37 C0 C16 C32 C0 C1 <wb> C19 C0 C26 <wb> C4 C0 C1 C31 C0 C16 C19 C0 <wb> C37 C0 C38 C0 C37 C0 C15 C0 C1 C29 C0 <wb> C19 C0 C1 <wb> C30 C0 C3 C0 C30 C0 C11 <wb> C19 C0 C29 C0 C36 C25 C0 C1 C22 C0 C38 C0 C16 <wb> C0 C37 C0 C38 C0 C38 C0 <wb> C3 C0 C24 C0 <wb> C17 C0 C1 C24 C0 C1 <wb> C15 C0 C26 C32 C0 C1 <wb> C15 C0 C2
hindi_female_009350|C16 C30 C0 <wb> C19 C0 C16 C32 C0 C1 C3 C0 <wb> C19 C0 C16 <wb> C30 C0 C22 C0 C16 C19 C0 C31 C0 C1 <wb> C11 C19 C0 <wb> C29 C0 C11 C9 C0 C16 C38 C0 C26 <wb> C28 C0 C32 C0 C29 C0 C16 C19 C0 C1 <wb> C22 C0 C11 C23 <wb> C15 C0 C36 C16
hindi_female_009351|C36 C24 C0 <wb> C19 C0 C37 C0 C16 C32 C0 C1 C26 C23 <wb> C30 C0 C11 <wb> C22 C0 C36 C18 C0 C11 <wb> C11 C19 C0 <wb> C18 C0 C34 C0 C19 C0 C1 <wb> C21 C0 C13 C0 C1
hindi_female_009354|C17 C0 C16 C30 C0 C22 C0 C11 <wb> C37 C0 C11 <wb> C22 C0 C29 C32 C0 C38 C0 C36 <wb> C19 C0 C11 <wb> C30 C0 C22 C0 C38 C0 <wb> C0 C28 C0 C24 C0 C11 <wb> C36 C30 C0 <wb> C19 C0 C22 C0 C29 C0 C11 <wb> C22 C0 C11 C23 <wb> C0 C19 C0 C11 C21 C0 C11 <wb> C3 C0 C2 C35 C0 C11 <wb> C15 C0 C36 C11 <wb> C33 C0 C11 <wb> C17 C0 C26 <wb> C36 C24 C0 C19 C0 C1 <wb> C28 C0 C36 C30 C0 C32 C0 C19 C0 C1 C21 C0 C38 C0 <wb> C19 C0 C15 C0 C21 C0 C1 C32 C0 C1 <wb> C33 C0 C1
hindi_female_009356|C11 C19 C0 <wb> C28 C0 C36 C30 C0 C32 C0 C19 C0 <wb> C28 C0 C29 C0 <wb> C36 C24 C0 C19 C0 C16 <wb> C22 C0 C36 C34 C0 C35 C0 C16 <wb> C19 C0 C30 C0 C16 <wb> C19 C0 C16 <wb> C19 C0 C30 C0 C16 <wb> C29 C0 C15 C0 <wb> C13 C0 C38 C0 C16
hindi_female_009359|C19 C0 C32 C0 C21 C0 <wb> C19 C0 C16 <wb> C17 C0 C1 C23 C5 C0 <wb> C19 C0 C29 C0 C24 C0 C11 <wb> C37 C0 C1 C21 C0 C11 <wb> C28 C0 C36 C21 C0 C16 C30 C0 <wb> C19 C0 C11 <wb> C30 C0 C4 C0 C16 <wb> C6 C0 C26 C34 C0 C11 <wb> C3 C0 C9 C0 C11 <wb> C15 C0 C1 C19 C0 C16 C22 C0 C26 C23 <wb> C19 C0 C1 <wb> C19 C0 C15 C0 C24 C0 C1 <wb> C37 C0 C1 C17 C0 C16 C3 C0 <wb> C33 C0 C1
hindi_female_009364|C17 C0 C16 C24 C0 C22 C0 C11 C23 <wb> C19 C0 C36 C6 C0 <wb> C28 C0 C29 C0 C22 C0 C36 C20 C0 <wb> C29 C0 C1 C17 C0 C24 C0 C16 C32 C0 C16 C19 C0 <wb> C2 C32 C0 C16 C15 C0 C1 C30 C0 C16 C19 C0 <wb> C27 C29 C0 <wb> C30 C0 C1 C22 C0 C1 C17 C0 C16 C19 C0 <wb> C19 C0 C1 C29 C0 C25 C0 C26 C23 <wb> C19 C0 C26 <wb> C15 C0 C16 <wb> C13 C0 C16 C24 C0 C1 <wb> C28 C0 C1 C24 C0 C1 <wb> C38 C0 C15 C0 C1 C23 <wb> C30 C0 C22 C0 C4 C0 C37 C0 <wb> C15 C0 C26 <wb> C28 C0 C1 C38 C0 C11 C13 C0 C1
hindi_female_009365|C28 C0 C15 C0 C21 C0 C11 <wb> C29 C0 C1 C17 C0 C24 C0 C16 C32 C0 C16 C19 C0 <wb> C19 C0 C1 C29 C0 C25 C0 C26 C23 <wb> C19 C0 C16 <wb> C3 C0 C1 C32 C0 <wb> C19 C0 C16 <wb> C17 C0 C1 C38 C0 C11
hindi_female_009366|C17 C0 C3 C0 <wb> C11 C19 C0 <wb> C21 C0 C23 C3 C0 C11 <wb> C37 C0 C16 C5 C0 C1 C29 C0 <wb> C37 C0 C16 C22 C0 C29 C0 C31 C0 <wb> C19 C0 C11 <wb> C3 C0 C1 C7 C0 <wb> C19 C0 C11 C24 C0 C7 C0 C29 C0 C16 C38 C0 <wb> C30 C0 C29 C0 C19 C0 C1 C29 C0 <wb> C27 C29 C0 <wb> C19 C0 C11 C24 C0 C7 C0 C29 C0 C16 C38 C0 <wb> C37 C0 C16 C28 C0 C19 C0 C31 C0 <wb> C19 C0 C11 <wb> C3 C0 C16 C5 C0 <wb> C38 C0 C15 C0 <wb> C32 C0 C38 C0 <wb> C15 C0 C36 C1 <wb> C19 C0 C16 <wb> C0 C38 C0 C26 C8 C0 C38 C0 C1 <wb> C22 C0 C33 C0 C36 C29 C0 C1 <wb> C27 C29 C0 <wb> C37 C0 C1 C29 C0 C1 C25 C0 C30 C0 C16 <wb> C19 C0 C26 <wb> C19 C0 C11 C24 C0 C7 C0 C29 C0 C31 C0 C1 C30 C0 C16 C32 C0 <wb> C28 C0 C29 C0 C7 C0 C11 C31 C0 <wb> C19 C0 C1 <wb> C7 C0 C29 C0 C17 C0 C1 <wb> C7 C0 C11 <wb> C7 C0 C16 C38 C0 C1 <wb> C17 C0 C1 C38 C0 C11 <wb> C32 C0 C33 C0 C1 <wb> C28 C0 C36 C29 C0 C37 C0 C1 C23 C5 C0 C21 C0 <wb> C28 C0 C31 C0 C5 C0 C16 C22 C0 C1 C23 C5 C0 C21 C0 <wb> C27 C29 C0 <wb> C22 C0 C8 C0 C38 C0 C1 C23 C5 C0 C21 C0 <wb> C24 C0 C1 C22 C0 <wb> C30 C0 C11 <wb> C32 C0 C16 C24 C0 <wb> C24 C0 C38 C0 C11 <wb> C29 C0 C1 C17 C0 C38 C0 <wb> C3 C0 C24 C0 C1 C38 C0 C11 <wb> C17 C0 C1 C38 C0 C11
hindi_female_009368|C19 C0 C11 C24 C0 C7 C0 C29 C0 C16 C38 C0 <wb> C30 C0 C29 C0 C19 C0 C1 C29 C0 <wb> C27 C29 C0 <wb> C19 C0 C11 C24 C0 C7 C0 C29 C0 C16 C38 C0 <wb> C37 C0 C16 C28 C0 C19 C0 C31 C0 <wb> C19 C0 C11 <wb> C3 C0 C16 C5 C0 <wb> C38 C0 C15 C0 <wb> C32 C0 C38 C0 <wb> C15 C0 C26 <wb> C13 C0 C38 C0 C1
hindi_female_009369|C28 C0 C36 C29 C0 C37 C0 C1 C23 C5 C0 C21 C0 <wb> C37 C0 C1 C21 C0 C11 <wb> C12 C0 C16 C29 C0 <wb> C16 C21 C0 C1 C15 C0 C1 C3 C0 C1 C7 C0 <wb> C19 C0 C26 <wb> C0 C28 C0 C24 C0 C16 <wb> C29 C0 C1 C17 C0 C8 C0 C1 C24 C0 C16 <wb> C3 C0 C24 C0 C1 C24 C0 C11 <wb> C19 C0 C26 <wb> C36 C8 C0 C37 C0 C32 C0 <wb> C15 C0 C36 C11
hindi_female_009370|C19 C0 C16 C24 C0 C32 C0 C36 <wb> C28 C0 C16 C6 C0 C21 C0 C11 <wb> C22 C0 C1 C14 C0 <wb> C22 C0 C11 C21 C0 C11 <wb> C22 C0 C11 C23 <wb> C28 C0 C29 C0 C32 C0 C16 C7 C0 C16 C24 C0 <wb> C30 C0 C32 C0 C32 C0 C29 C0 <wb> C32 C0 C16 C29 C0 C33 C0 C38 C0 C1 C32 C0 C29 C0 C16 C38 C0 C26 C23 <wb> C19 C0 C26 <wb> C22 C0 C27 C32 C0 <wb> C19 C0 C11 <wb> C14 C0 C1 C34 C0 <wb> C36 C32 C0 C1 C29 C0 C24 C0 C11 <wb> C19 C0 C16 <wb> C0 C28 C0 C24 C0 C16 <wb> C14 C0 C26 C31 C0 C25 C0 C1 <wb> C19 C0 C26 <wb> C17 C0 C3 C0 <wb> C1 C32 C0 C23 C19 C0 C37 C0 C1 C7 C0 C16 C38 C0 C26 C23 <wb> C24 C0 C11 <wb> C3 C0 C16 C24 C0 C1 <wb> C19 C0 C16 C30 C0 C16 <wb> C3 C0 C1 C8 C0 C1 <wb> C19 C0 C11 <wb> C28 C0 C36 C29 C0 C11 <wb> C22 C0 C1 C14 C0 <wb> C22 C0 C15 C0 C16 C24 C0 C11 <wb> C28 C0 C36 C29 C0 C1 <wb> C19 C0 C29 C0 <wb> C7 C0 C16 C20 C0 C1 C38 C0 C1
hindi_female_009371|C17 C0 C26 <wb> C19 C0 C11 C24 C0 C7 C0 C29 C0 C16 C38 C0 <wb> C30 C0 C29 C0 C19 C0 C1 C29 C0 <wb> C27 C29 C0 <wb> C19 C0 C11 C24 C0 C7 C0 C29 C0 C16 C38 C0 <wb> C37 C0 C16 C28 C0 C19 C0 C31 C0 <wb> C19 C0 C11 <wb> C3 C0 C16 C5 C0 <wb> C30 C0 C15 C0 C22 C0 C32 C0 C16 <wb> C19 C0 C1 <wb> C11 C19 C0 <wb> C27 C29 C0 <wb> C3 C0 C16 C23 C7 C0 C36 <wb> C3 C0 C24 C0 <wb> C5 C0 C36 C19 C0 C16 <wb> C33 C0 C16 <wb> C19 C0 C16 <wb> C28 C0 C25 C0 C9 C0 C16 C32 C0 <wb> C7 C0 C36 C29 C0 C13 C0 C1 C31 C0 C24 C0 C19 C0 C29 C0 <wb> C31 C0 C29 C0 C16 C22 C0 C36 C20 C0 <wb> C16 C30 C0 <wb> C28 C0 C29 C0 C30 C0 C32 C0 C1 C37 C0 <wb> C19 C0 C11 <wb> C22 C0 C36 C20 C0 C29 C0 <wb> C37 C0 C16 C29 C0 C26 C8 C0 C16 <wb> C19 C0 C11 <wb> C29 C0 C36 C28 C0 <wb> C22 C0 C11 C23 <wb> C30 C0 C1 C22 C0 C24 C0 C11 <wb> C1 C38 C0 C11
hindi_female_009376|C17 C0 C26 <wb> C29 C0 C1 C17 C0 C8 C0 C1 C24 C0 C16 <wb> C3 C0 C24 C0 C24 C0 C11 <wb> C19 C0 C11 <wb> C3 C0 C1 C7 C0 <wb> C28 C0 C36 C24 C0 C29 C0 C24 C0 C16 C29 C0 C22 C0 C1 C25 C0 <wb> C19 C0 C11 <wb> C30 C0 C16 C21 C0 C30 C0 C16 C21 C0 C11 <wb> C22 C0 C11 C23 <wb> C0 C37 C0 C31 C0 C38 C0 C22 C0 C4 C0 C1 C37 C0 C16 <wb> C15 C0 C2
hindi_female_009378|C0 C32 C0 C15 <wb> C37 C0 C15 C0 C1 C23 <wb> C36 C30 C0 <wb> C0 C23 C8 C0 C1 C8 C0 C36 C23 C8 C0 <wb> C28 C0 C11 C9 C0 <wb> C19 C0 C34 C0 C1 C16 <wb> C19 C0 C16 <wb> C0 C24 C0 C36 C22 C0 C32 C0 C16 <wb> C24 C0 C15 C0 C16 C23 <wb> C22 C0 C16 C21 C0 C24 C0 C16 <wb> C5 C0 C1 C15 C0 C16 C11 <wb> C17 C0 C26 <wb> C29 C0 C1 C17 C0 C8 C0 C1 C24 C0 C16 <wb> C3 C0 C24 C0 C24 C0 C11 <wb> C19 C0 C11 <wb> C3 C0 C1 C7 C0 <wb> C28 C0 C36 C24 C0 C29 C0 C24 C0 C16 C29 C0 C22 C0 C1 C25 C0 <wb> C19 C0 C11 <wb> C30 C0 C16 C21 C0 C30 C0 C16 C21 C0 C11 <wb> C22 C0 C11 C23 <wb> C0 C37 C0 C31 C0 C38 C0 C22 C0 C4 C0 C1 C37 C0 C16 <wb> C15 C0 C2
hindi_female_009388|C17 C0 C16 C30 C0 <wb> C30 C0 C22 C0 C38 C0 <wb> C28 C0 C25 C0 C9 C0 C16 C32 C0 <wb> C7 C0 C36 C29 C0 C13 C0 C1 C31 C0 C24 C0 C19 C0 C29 C0 <wb> C31 C0 C29 C0 C16 C22 C0 C36 C20 C0 <wb> C19 C0 C16 <wb> C15 C0 C32 C0 C38 C0 C1 <wb> C15 C0 C36 C16 <wb> C37 C0 C11 <wb> C36 C30 C0 C19 C0 C16 <wb> C28 C0 C29 C0 C32 C0 C16 C19 C0 C31 C0 C1 <wb> C19 C0 C29 C0 <wb> C29 C0 C15 C0 C11 <wb> C33 C0 C11 <wb> C19 C0 C38 C0 C26 C23 C19 C0 C16 <wb> C36 C30 C0 C11 <wb> C11 C19 C0 <wb> C16 C23 <wb> C34 C0 C29 C0 <wb> C37 C0 C38 C0 C36 <wb> C7 C0 C11 C24 C0 C11 <wb> C19 C0 C11 <wb> C21 C0 C16 C11 <wb> C37 C0 C11 <wb> C30 C0 C37 C0 C16 C19 C0 C29 C32 C0 C16 <wb> C7 C0 C11 <wb> C5 C0 C36 C19 C0 C11 <wb> C33 C0 C11
hindi_female_009391|C30 C0 C33 C0 C1 C24 C0 C16 C38 C0 <wb> C28 C0 C36 C21 C0 C16 C30 C0 <wb> C19 C0 C16 <wb> C19 C0 C36 C6 C0 <wb> C21 C0 C1 C24 C0 C32 C0 <wb> C22 C0 C21 C0 C1 C22 C0 C32 C0 <wb> C4 C0 C16 <wb> C16 C30 C0 <wb> C3 C0 C1 C32 C0 <wb> C19 C0 C11 <wb> C21 C0 C16 C11 <wb> C15 C0 C36 C16 <wb> C19 C0 C16 <wb> C36 C30 C0 C24 C0 C11 <wb> C22 C0 C1 C22 C0 C36 C21 C0 C16 <wb> C28 C0 C36 C6 C0 C32 C0 C1 C6 C0 <wb> C19 C0 C11 <wb> C3 C0 C1 C7 C0 <wb> C36 C30 C0 C11 <wb> C17 C0 C1 C24 C0 C11 <wb> C7 C0 C16 C38 C0 C1 <wb> C33 C0 C1
hindi_female_009392|C19 C0 C16 C24 C0 C32 C0 C36 <wb> C38 C0 C15 C0 <wb> C30 C0 C5 C0 <wb> C15 C0 C2 <wb> C19 C0 C16 <wb> C31 C0 C19 C0 <wb> C19 C0 C16 <wb> C30 C0 C36 C16 <wb> C19 C0 C26 <wb> C16 C30 C0 <wb> C28 C0 C32 C0 C29 C0 C19 C0 C1 C29 C0 <wb> C19 C0 C11 <wb> C5 C0 C1 C29 C0 C26 C23 <wb> C26 C29 C0 <wb> C14 C0 C36 C22 C0 C1 C38 C0 C1 <wb> C17 C0 C1 C24 C0 C1 <wb> C3 C0 C23 C7 C0 <wb> C24 C0 C15 C0 C16 C23 <wb> C15 C0 C36 C1
hindi_female_009393|C30 C0 C16 <wb> C3 C0 C16 <wb> C1 C16 <wb> C19 C0 C26 <wb> C4 C0 C16 <wb> C36 C30 C0 C19 C0 C11 <wb> C37 C0 C16 C29 C0 C36 C7 C0 C8 C0 <wb> C19 C0 C26 C16 <wb> C28 C0 C29 C0 C22 C0 C1 C25 C0 <wb> C24 C0 C15 C0 C16 C23 <wb> C22 C0 C16 C21 C0 <wb> C28 C0 C1 C38 C0 C11 <wb> C33 C0 C11
hindi_female_009397|C11 C19 C0 <wb> C28 C0 C23 C5 C0 C24 C0 C1 C22 C0 C11 <wb> C19 C0 C11 <wb> C3 C0 C1 C7 C0 <wb> C21 C0 C1 C31 C0 <wb> C36 C24 C0 C19 C0 C11 <wb> C28 C0 C34 C0 C34 C0 C16 C7 C0 C1 C29 C0 <wb> C15 C0 C29 C0 C16 C7 C0 C32 C0 C32 C0 <wb> C28 C0 C25 C0 C9 C0 C16 C32 C0 <wb> C19 C0 C26 <wb> C7 C0 C11 <wb> C7 C0 C16 <wb> C13 C0 C38 C0 C16
hindi_female_009402|C17 C0 C26 <wb> C7 C0 C11 C37 C0 C7 C0 C32 C0 C32 C0 <wb> C28 C0 C25 C0 C9 C0 C16 C32 C0 <wb> C19 C0 C11 <wb> C22 C0 C29 C0 <wb> C17 C0 C1 C24 C0 C11 <wb> C19 C0 C11 <wb> C24 C0 C1 C32 C0 C11 <wb> C0 C3 C0 <wb> C15 C0 C29 C0 C16 C7 C0 C32 C0 C32 C0 <wb> C28 C0 C25 C0 C9 C0 C16 C32 C0 <wb> C19 C0 C16 <wb> C17 C0 C26 C32 C0 <wb> C22 C0 C11 C23 <wb> C1 C24 C0 C11 <wb> C37 C0 C1 C21 C0 C16 <wb> C33 C0 C16
hindi_female_009403|C36 C24 C0 C19 C0 C16 <wb> C5 C0 C11 C21 C0 C1 C15 C0 C16 <wb> C27 C29 C0 <wb> C36 C28 C0 C29 C0 C26 C15 C0 C16 C32 C0 C16 <wb> C19 C0 C11 <wb> C19 C0 C36 C6 C0 <wb> C14 C0 C29 C0 <wb> C17 C0 C29 C0 C36 C29 C0 <wb> C15 C0 C29 C0 C16 C7 C0 C32 C0 C32 C0 <wb> C28 C0 C25 C0 C9 C0 C16 C32 C0 <wb> C19 C0 C26 <wb> C22 C0 C16 C21 C0 C11 C23 C13 C0 C11 <wb> C21 C0 C11 C19 C0 C16 C24 C0 <wb> C38 C0 C11 <wb> C14 C0 C29 C0 <wb> C4 C0 C16 <wb> C22 C0 C1 C22 C0 C36 C21 C0 C16 <wb> C19 C0 C16 C30 C0 C1 C24 C0 C26 C23 <wb> C19 C0 C11 <wb> C33 C0 C11
hindi_female_009404|C38 C0 C7 C0 C38 C0 C28 C0 C16 <wb> C38 C0 C15 C0 <wb> C24 C0 C15 C0 C16 C23 <wb> C19 C0 C15 C0 C1 <wb> C17 C0 C1 <wb> C30 C0 C19 C0 C32 C0 C1 <wb> C19 C0 C16 <wb> C15 C0 C29 C0 C16 C7 C0 C32 C0 C32 C0 <wb> C28 C0 C25 C0 C9 C0 C16 C32 C0 <wb> C24 C0 C11 <wb> C7 C0 C11 C37 C0 C7 C0 C32 C0 C32 C0 <wb> C28 C0 C25 C0 C9 C0 C16 C32 C0 <wb> C19 C0 C11 <wb> C28 C0 C29 C0 C32 C0 C16 <wb> C0 C28 C0 C24 C0 C11 <wb> C3 C0 C2 C29 C0 <wb> C22 C0 C11 C23 <wb> C19 C0 C26 C16 <wb> C19 C0 C22 C0 C16 <wb> C7 C0 C16 C20 C0 C1 C38 C0 C16 <wb> C33 C0 C16
hindi_female_009407|C36 C24 C0 C19 C0 C11 <wb> C22 C0 C36 C23 C15 C0 <wb> C28 C0 C29 C0 <wb> C13 C0 C1 C23 C37 C0 <wb> C22 C0 C11 C23 <wb> C16 C30 C0 <wb> C3 C0 C1 C32 C0 <wb> C19 C0 C26 <wb> C0 C24 C0 C36 C5 C0 C16 C32 C0 <wb> C19 C0 C15 C0 C24 C0 C11 <wb> C37 C0 C1 C21 C0 C1 <wb> C19 C0 C26 C16 <wb> C24 C0 C15 C0 C16 C23 <wb> C33 C0 C1 <wb> C38 C0 C7 C0 C38 C0 C28 C0 C16 <wb> C15 C0 C29 C0 C16 C7 C0 C32 C0 C32 C0 <wb> C28 C0 C25 C0 C9 C0 C16 C32 C0 <wb> C30 C0 C11 <wb> C4 C0 C16 <wb> C21 C0 C26 C13 C0 <wb> C37 C0 C2 C30 C0 C11 <wb> C15 C0 C16 <wb> C9 C0 C29 C0 C32 C0 C11 <wb> C33 C0 C11 <wb> C17 C0 C2 C30 C0 C11 <wb> C37 C0 C11 <wb> C7 C0 C11 C37 C0 C7 C0 C32 C0 C32 C0 <wb> C28 C0 C25 C0 C9 C0 C16 C32 C0 <wb> C30 C0 C11 <wb> C9 C0 C29 C0 C32 C0 C11 <wb> C33 C0 C11
hindi_female_009408|C17 C0 C26 <wb> C17 C0 C1 C24 C0 C32 C0 C11 <wb> C33 C0 C11 <wb> C37 C0 C11 <wb> C17 C0 C1 C24 C0 C32 C0 C11 <wb> C33 C0 C11 <wb> C19 C0 C16 <wb> C38 C0 C15 C0 <wb> C28 C0 C26 C33 C0 C16 <wb> C7 C0 C11 C37 C0 C7 C0 C32 C0 C32 C0 <wb> C28 C0 C25 C0 C9 C0 C16 C32 C0 <wb> C19 C0 C11 <wb> C28 C0 C16 C32 C0 C1 <wb> C29 C0 C37 C0 C16 C7 C0 C32 C0 C32 C0 <wb> C28 C0 C25 C0 C9 C0 C16 C32 C0 <wb> C19 C0 C11 <wb> C15 C0 C1 C33 C0 C26 C23 <wb> C30 C0 C11 <wb> C21 C0 C16 C20 C0 C16 <wb> C13 C0 C38 C0 C16 <wb> C22 C0 C11 C14 C0 C7 C0 C36 C32 C0 <wb> C19 C0 C16 <wb> C11 C19 C0 <wb> C28 C0 C29 C0 C32 C0 C16 <wb> C33 C0 C16
hindi_female_009418|C16 C30 C0 C19 C0 C11 <wb> C28 C0 C11 C34 C0 C11 C23 C34 C0 <wb> C19 C0 C11 <wb> C21 C0 C16 C11 <wb> C1 C37 C0 C11 C7 C0 C24 C0 <wb> C19 C0 C29 C0 <wb> C7 C0 C16 C38 C0 C1 <wb> C15 C0 C2
hindi_female_009421|C36 C24 C0 C15 C0 C26 C23 C24 C0 C11 <wb> C38 C0 C15 C0 <wb> C4 C0 C16 <wb> C3 C0 C32 C0 C1 C38 C0 C1 <wb> C19 C0 C16 <wb> C6 C0 C26 C34 C0 C16 <wb> C3 C0 C15 C0 C24 C0 <wb> C19 C0 C11 <wb> C24 C0 C1 C22 C0 <wb> C28 C0 C29 C0 <wb> C36 C24 C0 C19 C0 C11 <wb> C28 C0 C1 C30 C0 <wb> C3 C0 C36 C8 C0 C16 C38 C0 C1 <wb> C19 C0 C16 <wb> C7 C0 C36 C30 C0 C29 C0 C16 <wb> C3 C0 C11 C34 C0 C16 <wb> C29 C0 C16 C8 C0 C16 C38 C0 C1 <wb> C15 C0 C2 <wb> C17 C0 C26 <wb> C36 C24 C0 C30 C0 C11 <wb> C32 C0 C16 C24 C0 <wb> C3 C0 C29 C0 C30 C0 <wb> C6 C0 C26 C34 C0 C16 <wb> C15 C0 C2 <wb> C27 C29 C0 <wb> C16 C30 C0 <wb> C28 C0 C29 C0 C19 C0 C1 C29 C0 <wb> C0 C3 C0 <wb> C0 C35 C0 C1 C29 C0 C15 C0 <wb> C3 C0 C29 C0 C30 C0 <wb> C19 C0 C16 <wb> C15 C0 C26 C13 C0 C16
hindi_female_009425|C16 C21 C0 C1 C15 C0 C1 C3 C0 C1 C7 C0 <wb> C19 C0 C1 <wb> C5 C0 C36 C24 C0 C1 C37 C0 <wb> C16 C30 C0 C21 C0 C16 C11 <wb> C30 C0 C37 C0 C1 C4 C0 C1 C37 C0 C16 C19 C0 <wb> C33 C0 C1 <wb> C19 C0 C16 <wb> C36 C24 C0 C19 C0 C11 <wb> C3 C0 C11 C15 C0 C24 C0 C26 C16 <wb> C33 C0 C11
hindi_female_009428|C37 C0 C15 C0 C1 C23 <wb> C36 C24 C0 C19 C0 C1 <wb> C30 C0 C37 C0 C1 C13 C0 C32 C0 <wb> C15 C0 C36 C1 <wb> C19 C0 C16 C24 C0 C32 C0 C36 <wb> C7 C0 C26 <wb> C31 C0 C29 C0 C32 C0 C26 C23 <wb> C28 C0 C29 C0
hindi_female_009430|C38 C0 C15 C0 <wb> C32 C0 C38 C0 <wb> C15 C0 C36 C1 <wb> C19 C0 C16 <wb> C19 C0 C26 C7 C0 C16 <wb> C0 C28 C0 C24 C0 C1 <wb> C4 C0 C26 C17 C0 C24 C0 <wb> C30 C0 C37 C0 C38 C0 C23 <wb> C3 C0 C24 C0 C1 C38 C0 C11 C23 C13 C0 C11
hindi_female_009433|C17 C0 C26 <wb> C30 C0 C24 C0 C32 C0 <wb> C29 C0 C2 C7 C0 C1 C30 C0 <wb> C37 C0 C16 C7 C0 C38 C0 C1 C22 C0 C24 C0 C7 C0 C16 C29 C0 <wb> C22 C0 C11 C23 <wb> C22 C0 C31 C0 C15 C0 C36 C29 C0 <wb> C33 C0 C16
hindi_female_009434|C24 C0 C1 C22 C0 <wb> C21 C0 C16 C20 C0 C24 C0 C11 <wb> C19 C0 C11 <wb> C21 C0 C16 C11 <wb> C36 C24 C0 C15 C0 C26 C23 C24 C0 C11 <wb> C19 C0 C26 C7 C0 C16 <wb> C17 C0 C2 C30 C0 C11 <wb> C13 C0 C23 C37 C0 C1 C29 C0 C36 <wb> C24 C0 C1 C22 C0 <wb> C30 C0 C11 <wb> C4 C0 C29 C0 C32 C0 C16 <wb> C19 C0 C29 C0 C24 C0 C11 <wb> C30 C0 C11 <wb> C0 C29 C0 C36 C5 C0 C16 <wb> C7 C0 C16 C20 C0 C1 C38 C0 C16
hindi_female_009443|C38 C0 C15 C0 C1 C23 <wb> C21 C0 C11 C20 C0 C19 C0 <wb> C0 C28 C0 C24 C0 C1 <wb> C19 C0 C29 C0 C32 C0 C37 C0 C38 C0 <wb> C30 C0 C22 C0 C18 C0 C32 C0 C1 <wb> C15 C0 C2 <wb> C19 C0 C16 <wb> C30 C0 C37 C0 C16 C19 C0 C1 C29 C0 <wb> C4 C0 C1 C31 C0 C25 C0 <wb> C22 C0 C11 C23 <wb> C11 C19 C0 <wb> C19 C0 C31 C0 C11 C28 C0 C19 C0 <wb> C9 C0 C1 C21 C0 C32 C0 C11 <wb> C15 C0 C36 C11 <wb> C28 C0 C1 C35 C0 C19 C0 C26 C23 <wb> C19 C0 C26 <wb> C38 C0 C15 C0 <wb> C3 C0 C32 C0 C1 C38 C0 C11 <wb> C19 C0 C16 <wb> C16 C30 C0 <wb> C14 C0 C34 C0 C24 C0 C1 C5 C0 C19 C0 C29 C0 <wb> C19 C0 C1 <wb> C11 C19 C0 <wb> C7 C0 C36 C31 C0 C28 C0 C29 C0 C16 C25 C0 C1 C22 C0 <wb> C38 C0 C15 C0 <wb> C15 C0 C36 C1
hindi_female_009450|C0 C4 C0 C16 <wb> C19 C0 C36 C6 C0 <wb> C37 C0 C29 C0 C31 C0 <wb> C28 C0 C15 C0 C21 C0 C11 <wb> C32 C0 C19 C0 <wb> C4 C0 C1 C29 C0 C32 C0 C16 C38 C0 <wb> C22 C0 C36 C20 C0 C38 C0 C8 C0 C1 C29 C0 C1 <wb> C22 C0 C11 C23 <wb> C11 C19 C0 <wb> C28 C0 C29 C0 C22 C0 C36 C20 C0 <wb> C38 C0 C36 C37 C0 C1 <wb> C32 C0 C16 C3 C0 C3 C0 C32 C0 C16 <wb> C30 C0 C37 C0 C29 C0 <wb> C29 C0 C15 C0 C11 <wb> C27 C29 C0 <wb> C4 C0 C1 C29 C0 C32 C0 <wb> C22 C0 C11 C23 <wb> C15 C0 C16 <wb> C17 C0 C24 C0 C22 C0 C11 <wb> C16 C30 C0 <wb> C38 C0 C36 C37 C0 C1 <wb> C19 C0 C37 C0 C16 <wb> C19 C0 C26 <wb> C16 C24 C0 <wb> C7 C0 C16 C24 C0 C26 C23 <wb> C30 C0 C1 C15 C0 C16 C32 C0 C38 C0 C16 C19 C0 <wb> C30 C0 C23 C28 C0 C1 C7 C0 C19 C0 <wb> C19 C0 C22 C0 <wb> C27 C29 C0 <wb> C13 C0 C36 C28 C0 C32 C0 C19 C0 C1 C29 C0 <wb> C30 C0 C23 C30 C0 C33 C0 C1 C11 C23 <wb> C27 C29 C0 <wb> C28 C0 C36 C21 C0 C16 C30 C0 <wb> C17 C0 C38 C0 C1 C7 C0 C1 <wb> C32 C0 C21 C0 C1 C31 C0 <wb> C19 C0 C29 C0 C32 C0 C11 <wb> C15 C0 C2
hindi_female_009452|C16 C30 C0 C16 <wb> C19 C0 C37 C0 C16 C32 C0 C1 <wb> C28 C0 C29 C0 <wb> C36 C24 C0 C15 C0 C11 C23 <wb> C4 C0 C1 C29 C0 C32 C0 <wb> C4 C0 C36 C31 C0 C25 C0 <wb> C0 C13 C0 C29 C0 C37 C0 C1 C21 C0 <wb> C19 C0 C37 C0 C16 C32 C0 C1 <wb> C28 C0 C36 C29 C0 C30 C0 C19 C0 C1 C29 C0 <wb> C22 C0 C16 C21 C0 C1 <wb> C33 C0 C1
hindi_female_009453|C36 C7 C0 C38 C0 <wb> C24 C0 C11 <wb> C16 C30 C0 <wb> C19 C0 C37 C0 C16 C32 C0 C1 <wb> C19 C0 C11 <wb> C24 C0 C11 C28 C0 C33 C0 C38 C0 <wb> C19 C0 C11 <wb> C3 C0 C1 C29 C0 C11 <wb> C22 C0 C11 C23 <wb> C36 C24 C0 <wb> C28 C0 C29 C0 C19 C0 C29 C0 C16 C38 C0 C1 C26 C23 <wb> C27 C29 C0 <wb> C28 C0 C29 C0 C11 C29 C0 C25 C0 C1 C26 C23 <wb> C19 C0 C11 <wb> C3 C0 C1 C29 C0 C11 <wb> C22 C0 C11 C23 <wb> C21 C0 C16 C20 C0 C24 C0 C1 <wb> C31 C0 C36 C29 C0 C36 <wb> C19 C0 C16 C38 C0 C1 <wb> C17 C0 C26 <wb> C32 C0 C16 C24 C0 <wb> C7 C0 C31 C0 C19 C0 <wb> C28 C0 C15 C0 C21 C0 C11 <wb> C36 C24 C0 C19 C0 C11 <wb> C1 C30 C0 <wb> C28 C0 C1 C30 C0 <wb> C22 C0 C23 C9 C0 C29 C0 C1 <wb> C29 C0 C15 C0 C16 <wb> C33 C0 C16 C23
hindi_female_009454|C38 C0 C15 C0 C16 <wb> C13 C0 C7 C0 C38 C0 <wb> C15 C0 C22 C0 C1 C29 C0 C16 <wb> C31 C0 C16 C29 C0 C31 C0 <wb> C19 C0 C33 C0 C1 <wb> C3 C0 C24 C0 C24 C0 C1 <wb> C33 C0 C1
hindi_female_009457|C37 C0 C15 C0 <wb> C31 C0 C15 C0 C29 C0 <wb> C17 C0 C16 C30 C0 C11 <wb> C15 C0 C22 C0 <wb> C7 C0 C36 C30 C0 C29 C0 C16 <wb> C17 C0 C13 C0 C15 C0 <wb> C30 C0 C11 <wb> C17 C0 C38 C0 C1 C7 C0 C1 <wb> C28 C0 C29 C0 C11 C22 C0 <wb> C27 C29 C0 <wb> C14 C0 C29 C25 C0 C1 <wb> C19 C0 C29 C0 C32 C0 C11 <wb> C15 C0 C2 C23 <wb> C36 C30 C0 <wb> C31 C0 C15 C0 C29 C0 <wb> C19 C0 C16 <wb> C17 C0 C38 C0 C1 C22 C0 C16 C32 C0 C16 <wb> C3 C0 C16 C13 C0 C9 C0 <wb> C13 C0 C38 C0 C16 <wb> C33 C0 C16
hindi_female_009459|C38 C0 C15 C0 <wb> C3 C0 C1 C32 C0 <wb> C1 C17 C0 <wb> C30 C0 C11 <wb> C19 C0 C16 <wb> C30 C0 C1 C21 C0 <wb> C28 C0 C36 C29 C0 C1 C24 C0 C16 <wb> C15 C0 C2
hindi_female_009463|C3 C0 C21 C0 C19 C0 C16 <wb> C1 C17 C0 <wb> C32 C0 C19 C0 <wb> C22 C0 C36 C18 C0 C11 <wb> C21 C0 C1 C21 C0 C34 C0 C11 C24 C0 C11 C23 <wb> C27 C29 C0 <wb> C10 C0 C16 C3 C0 C29 C0 C16 C38 C0 C1 C23 <wb> C0 C5 C0 C6 C0 C16 <wb> C21 C0 C13 C0 C32 C0 C16 <wb> C15 C0 C2 C23
hindi_female_009468|C15 C0 C22 C0 C1 C29 C0 C11 <wb> C14 C0 C29 C0 <wb> C22 C0 C11 C23 <wb> C4 C0 C1 C29 C0 C32 C0 <wb> C24 C0 C1 C22 C0 <wb> C19 C0 C1 <wb> C0 C20 C0 C3 C0 C1 C29 C0 <wb> C16 C21 C0 C1 C15 C0 C1 C3 C0 C1 C7 C0 <wb> C30 C0 C11 <wb> C1 C32 C0 C1 <wb> C33 C0 C1 <wb> C27 C29 C0 <wb> C19 C0 C4 C0 C16 <wb> C19 C0 C4 C0 C16 <wb> C24 C0 C37 C0 <wb> C4 C0 C1 C29 C0 C32 C0 <wb> C4 C0 C16
hindi_female_009473|C11 C19 C0 <wb> C15 C0 C2 C23 C9 C0 C16 C21 C0 <wb> C30 C0 C11 <wb> C36 C30 C0 C22 C0 C11 C23 <wb> C5 C0 C1 C4 C0 C16 <wb> C4 C0 C29 C0 C24 C0 C11 <wb> C28 C0 C29 C0 <wb> C29 C0 C16 C19 C0 C29 C0 C9 C0 <wb> C14 C0 C36 C22 C0 C32 C0 C1 <wb> C33 C0 C1
hindi_female_009474|C21 C0 C11 C19 C0 C16 C24 C0 <wb> C5 C0 C36 C23 C19 C0 C16 <wb> C36 C30 C0 C19 C0 C1 <wb> C30 C0 C28 C0 C29 C0 C16 C23 C13 C0 <wb> C34 C0 C36 C34 C0 C1 <wb> C15 C0 C36 C1 <wb> C33 C0 C1 <wb> C27 C29 C0 <wb> C30 C0 C1 C36 C23 C9 C0 <wb> C3 C0 C19 C0 C30 C0 <wb> C4 C0 C16 <wb> C17 C0 C23 C13 C0 <wb> C20 C0 C1 C19 C0 C29 C0 <wb> C3 C0 C11 C19 C0 C1 C29 C0 <wb> C15 C0 C26 <wb> C5 C0 C36 C19 C0 C1 <wb> C33 C0 C1
hindi_female_009478|C22 C0 C2 C23 <wb> C27 C29 C0 <wb> C22 C0 C11 C29 C0 C11 <wb> C4 C0 C1 C16 <wb> C7 C0 C26 C24 C0 C26 C23 <wb> C2 C30 C0 C16 <wb> C32 C0 C38 C0 C1 C13 C0 C16 <wb> C17 C0 C1 <wb> C5 C0 C36 C19 C0 C16 <wb> C28 C0 C36 C29 C0 C1 C24 C0 C16 <wb> C5 C0 C16 C17 C0 C26 C23 <wb> C19 C0 C26 <wb> C7 C0 C36 C3 C0 C1 C29 C0 C1 <wb> C17 C0 C16 C37 C0 C16 C32 C0 <wb> C27 C29 C0 <wb> C35 C0 C16 C19 C0 <wb> C19 C0 C29 C0 C24 C0 C11 <wb> C22 C0 C11 C23 <wb> C7 C0 C16 C24 C0 <wb> C29 C0 C1 C32 C0 <wb> C21 C0 C13 C0 C11 <wb> C29 C0 C15 C0 C32 C0 C11 <wb> C33 C0 C11
hindi_female_009480|C22 C0 C19 C0 C1 C23 C7 C0 C26 <wb> C22 C0 C11 C23 <wb> C19 C0 C16 C38 C0 C11 <wb> C17 C0 C1 <wb> C29 C0 C15 C0 C11 <wb> C37 C0 C2 C17 C0 C24 C0 C1 C24 C0 C16 C19 C0 <wb> C32 C0 C19 C0 C24 C0 C16 C19 C0 C16 <wb> C1 C37 C0 C16 C31 C0 C19 C0 C1 C29 C0 C26 C23 <wb> C30 C0 C11 <wb> C19 C0 C22 C0 <wb> C29 C0 C26 C22 C0 C1 C23 C5 C0 C19 C0 <wb> C15 C0 C22 C0 C1 C29 C0 C11 <wb> C3 C0 C5 C0 C28 C0 C24 C0 <wb> C19 C0 C16 <wb> C36 C28 C0 C21 C0 C3 C0 C8 C0 C16 C38 C0 C1 C23 <wb> C24 C0 C15 C0 C16 C23 <wb> C33 C0 C16 C23
hindi_female_009488|C15 C0 C22 C0 <wb> C32 C0 C26 <wb> C32 C0 C16 C3 C0 C3 C0 C32 C0 <wb> C19 C0 C11 <wb> C31 C0 C29 C0 C25 C0 C1 C29 C0 C33 C0 C16 C38 C0 C26 C23 <wb> C19 C0 C16 <wb> C3 C0 C1 C32 C0 <wb> C19 C0 C29 C0 <wb> C29 C0 C15 C0 C11 <wb> C33 C0 C11 <wb> C17 C0 C16 C24 C0 C15 C0 C11 C23 <wb> C15 C0 C22 C0 <wb> C30 C0 C3 C0 <wb> C21 C0 C1 C22 C0 C1 <wb> C15 C0 C16 <wb> C19 C0 C15 C0 C32 C0 C11 <wb> C33 C0 C11
hindi_female_009489|C32 C0 C26 <wb> C21 C0 C1 C22 C0 C1 <wb> C0 C28 C0 C24 C0 C11 <wb> C28 C0 C29 C0 C16 C37 C0 C1 C29 C0 C26 C23 <wb> C19 C0 C11 <wb> C30 C0 C1 C33 C0 <wb> C36 C30 C0 C16 <wb> C0 C24 C0 C36 C28 C0 C28 C0 C36 C29 C0 <wb> C19 C0 C11 <wb> C28 C0 C21 C0 C11 C34 C0 C12 C0 C29 C0 C22 C0 <wb> C28 C0 C29 C0 <wb> C36 C32 C0 C29 C0 C32 C0 C11 <wb> C33 C0 C11
hindi_female_009496|C21 C0 C11 C19 C0 C16 C24 C0 <wb> C21 C0 C1 C22 C0 C1 <wb> C21 C0 C26 C13 C0 <wb> C20 C0 C36 C3 C0 <wb> C13 C0 C26 C29 C0 C11 <wb> C27 C29 C0 <wb> C30 C0 C36 C23 C7 C0 C29 C0 <wb> C15 C0 C26 C32 C0 C11 <wb> C33 C0 C11
hindi_female_009497|C36 C24 C0 C19 C0 C11 <wb> C3 C0 C5 C0 C5 C0 C11 <wb> C27 C29 C0 <wb> C30 C0 C32 C0 C29 C0 C16 C38 C0 C1 C23 <wb> C32 C0 C26 <wb> C16 C32 C0 C24 C0 C16 <wb> C30 C0 C36 C23 C7 C0 C29 C0 <wb> C15 C0 C26 C32 C0 C16 C23 <wb> C19 C0 C16 <wb> C36 C24 C0 C15 C0 C11 C23 <wb> C7 C0 C11 C20 C0 C32 C0 C11 <wb> C15 C0 C22 C0 C1 C29 C0 C16 <wb> C1 C23 C20 C0 C11 C23 <wb> C28 C0 C21 C0 C19 C0 <wb> C18 C0 C28 C0 C19 C0 C24 C0 C1 <wb> C3 C0 C23 C7 C0 <wb> C19 C0 C29 C0 <wb> C7 C0 C11 C32 C0 C16 C23
hindi_female_009502|C15 C0 C22 C0 <wb> C16 C24 C0 <wb> C5 C0 C16 C23 C34 C0 C16 C38 C0 C26 C23 <wb> C19 C0 C26 <wb> C28 C0 C32 C0 C23 C13 C0 C26 C23 <wb> C19 C0 C11 <wb> C24 C0 C1 C22 C0 <wb> C30 C0 C11 <wb> C36 C24 C0 C19 C0 C11 <wb> C17 C0 C16 C37 C0 C24 C0 <wb> C19 C0 C11 <wb> C19 C0 C36 C6 C0 <wb> C28 C0 C21 C0 C26 C23 <wb> C22 C0 C11 C23 <wb> C17 C0 C1 C24 C0 C32 C0 C11 <wb> C15 C0 C2 C23
hindi_female_009508|C35 C0 C16 C19 C0 <wb> C22 C0 C24 C0 C36 C31 C0 C38 C0 C26 C23 <wb> C19 C0 C16 <wb> C30 C0 C4 C0 C38 C0 C32 C0 C1 <wb> C19 C0 C11 <wb> C16 C32 C0 C16 C15 C0 C1 C30 C0 <wb> C19 C0 C11 <wb> C19 C0 C16 C30 C0 C16 <wb> C20 C0 C25 C0 C9 C0 <wb> C19 C0 C16 <wb> C32 C0 C29 C0 C15 C0 <wb> C15 C0 C2
hindi_female_009509|C29 C0 C1 C32 C0 <wb> C22 C0 C11 C23 <wb> C14 C0 C29 C0 <wb> C22 C0 C11 C23 <wb> C15 C0 C29 C0 <wb> C26 C29 C0 <wb> C24 C0 C7 C0 C16 <wb> C19 C0 C16 <wb> C8 C0 C1 C29 C0 <wb> C19 C0 C11 <wb> C30 C0 C1 C33 C0 <wb> C3 C0 C15 C0 <wb> C19 C0 C29 C0 <wb> C1 C24 C0 C11 <wb> C37 C0 C1 C21 C0 C11 <wb> C30 C0 C1 C23 C28 C0 <wb> C13 C0 C26 C17 C0 C29 C0 <wb> C19 C0 C24 C0 C20 C0 C17 C0 C36 C29 C0 C11 <wb> C27 C29 C0 <wb> C19 C0 C6 C0 C36 C11 <wb> C34 C0 C15 C0 C21 C0 C24 C0 C11 <wb> C21 C0 C13 C0 C11 C23 C13 C0 C11
hindi_female_009513|C11 C19 C0 <wb> C3 C0 C1 C29 C0 <wb> C12 C0 C36 C12 C0 C1 <wb> C17 C0 C16 <wb> C24 C0 C11 <wb> C1 C8 C0 C16 <wb> C29 C0 C1 C32 C0 <wb> C0 C28 C0 C24 C0 C11 <wb> C30 C0 C16 C29 C0 C15 C0 C1 C24 C0 C11 <wb> C29 C0 C20 C0 C16 <wb> C34 C0 C29 C0 C5 C0 <wb> C36 C35 C0 C1 C24 C0 C16 <wb> C5 C0 C1 C15 C0 C16 <wb> C32 C0 C26 <wb> C37 C0 C15 C0 <wb> C0 C17 C0 C16 C3 C0 <wb> C30 C0 C16 <wb> C1 C37 C0 C1 C17 C0 <wb> C24 C0 C16 C19 C0 C1 C21 C0 C32 C0 C1 <wb> C4 C0 C1 C13 C0 <wb> C13 C0 C38 C0 C1
hindi_female_009515|C36 C30 C0 <wb> C16 C21 C0 C1 C19 C0 C11 <wb> C22 C0 C11 C23 <wb> C17 C0 C3 C0 <wb> C19 C0 C26 C16 <wb> C19 C0 C36 C1 C23 <wb> C20 C0 C26 C7 C0 C32 C0 C1 <wb> C15 C0 C2 <wb> C38 C0 C1 <wb> C0 C28 C0 C24 C0 C11 <wb> C24 C0 C38 C0 C11 <wb> C14 C0 C29 C0 <wb> C19 C0 C16 <wb> C24 C0 C16 C23 C37 C0 <wb> C32 C0 C26 <wb> C2 C30 C0 C16 <wb> C22 C0 C36 C29 C0 C32 C0 C16 C38 C0 C26 C23 <wb> C19 C0 C1 <wb> C22 C0 C16 C21 C0 C24 C0 C1 <wb> C11 C19 C0 <wb> C30 C0 C1 C22 C0 C1 C24 C0 C38 C0 <wb> C30 C0 C16 <wb> C3 C0 C1 C32 C0 <wb> C15 C0 C2
hindi_female_009516|C19 C0 C21 C0 C16 C23 C13 C0 <wb> C19 C0 C1 <wb> C37 C0 C15 C0 <wb> C19 C0 C31 C0 C11 C32 C0 C29 C0 <wb> C17 C0 C15 C0 C1 C23 <wb> C0 C32 C0 C16 C19 C0 C29 C0 C22 C0 C25 C0 C19 C0 C1 C29 C0 C16 <wb> C30 C0 C22 C0 C29 C0 C1 C34 C0 <wb> C0 C31 C0 C26 C19 C0 <wb> C19 C0 C16 <wb> C30 C0 C11 C24 C0 C1 <wb> C24 C0 C11 <wb> C24 C0 C16 C15 C0 C32 C0 C33 C0 C11 <wb> C13 C0 C29 C0 C16 C3 C0 <wb> C31 C0 C1 C23 C32 C0 <wb> C21 C0 C26 C13 C0 C26 C23 <wb> C19 C0 C11 <wb> C0 C15 C0 C16 C23 C30 C0 C19 C0 <wb> C28 C0 C29 C0 C32 C0 C16 C29 C0 C26 C8 C0 <wb> C19 C0 C11 <wb> C36 C32 C0 C32 C0 C29 C0 <wb> C22 C0 C11 C23 <wb> C4 C0 C38 C0 C1 C37 C0 C15 C0 <wb> C17 C0 C24 C0 C30 C0 C23 C15 C0 C1 C29 C0 <wb> C19 C0 C16 C38 C0 C1 <wb> C33 C0 C1
hindi_female_009519|C17 C0 C2 C30 C0 C11 <wb> C19 C0 C36 C6 C0 <wb> C21 C0 C26 C13 C0 <wb> C0 C28 C0 C24 C0 C11 <wb> C15 C0 C1 C33 C0 C26 C23 <wb> C22 C0 C11 C23 <wb> C24 C0 C24 C0 C15 C0 C16 C23 <wb> C24 C0 C24 C0 C15 C0 C16 C23 <wb> C22 C0 C31 C0 C1 C21 C0 C11 C23 <wb> C21 C0 C16 C11 <wb> C11 C19 C0 <wb> C37 C0 C29 C32 C0 C32 C0 <wb> C22 C0 C11 C23 <wb> C14 C0 C36 C22 C0 <wb> C29 C0 C15 C0 C11 <wb> C15 C0 C26 C23
hindi_female_009522|C28 C0 C7 C0 C1 C29 C0 C33 C0 <wb> C19 C0 C16 <wb> C36 C30 C0 C16 <wb> C1 C23 C32 C0 C29 C0 C16 C19 C0 <wb> C30 C0 C23 C29 C0 C5 C0 C24 C0 C1 <wb> C19 C0 C26 <wb> C3 C0 C7 C0 C21 C0 C24 C0 C11 <wb> C37 C0 C1 C21 C0 C11 <wb> C30 C0 C36 C32 C0 C29 C0 <wb> C19 C0 C26 <wb> C20 C0 C26 C17 C0 <wb> C24 C0 C16 C19 C0 C1 C21 C0 C24 C0 C11 <wb> C19 C0 C11 <wb> C31 C0 C32 C0 C1 C3 C0 C7 C0 C16 C38 C0 C26 C23 <wb> C32 C0 C19 C0 <wb> C5 C0 C21 C0 C24 C0 C11 <wb> C37 C0 C1 C21 C0 C11 <wb> C28 C0 C29 C0 C38 C0 C32 C0 C24 C0 C26 C23 <wb> C19 C0 C11 <wb> C3 C0 C16 C5 C0 <wb> C15 C0 C16 <wb> C36 C30 C0 <wb> C37 C0 C16 C17 C0 C24 C0 C1 C24 C0 <wb> C19 C0 C1 <wb> C17 C0 C24 C0 C22 C0 <wb> C15 C0 C36 C1 <wb> C17 C0 C16 C30 C0 C11 <wb> C15 C0 C22 C0 <wb> C19 C0 C11 C22 C0 C16 C30 C0 C34 C0 C29 C0 C16 <wb> C19 C0 C11 <wb> C24 C0 C1 C22 C0 <wb> C30 C0 C11 <wb> C1 C17 C0 <wb> C17 C0 C1 C24 C0 C32 C0 C11 <wb> C15 C0 C2 C23
hindi_female_009523|C22 C0 C11 C29 C0 C16 <wb> C30 C0 C22 C0 C29 C32 C0 C16 <wb> C22 C0 C11 C23 <wb> C32 C0 C26 <wb> C38 C0 C15 C0 <wb> C7 C0 C29 C31 C0 C38 C0 <wb> C16 C30 C0 C21 C0 C16 C11 <wb> C4 C0 C16 <wb> C0 C22 C0 C16 C34 C0 <wb> C29 C0 C15 C0 <wb> C13 C0 C38 C0 C1
hindi_female_009525|C16 C30 C0 <wb> C14 C0 C34 C0 C24 C0 C1 <wb> C19 C0 C11 <wb> C37 C0 C29 C0 C31 C0 C26 C23 <wb> C3 C0 C1 C7 C0 <wb> C22 C0 C11 C23 <wb> C22 C0 C2 C23 <wb> C17 C0 C16 <wb> C11 C24 C0 <wb> C38 C0 C36 <wb> C22 C0 C11 C23 <wb> C31 C0 C26 C8 C0 C6 C0 C1 C32 C0 C29 C0 <wb> C33 C0 C1 <wb> C17 C0 C15 C0 C1 C23 <wb> C3 C0 C1 C7 C0 <wb> C22 C0 C11 C23 <wb> C19 C0 C36 C6 C0 <wb> C30 C0 C22 C0 C38 C0 <wb> C19 C0 C11 <wb> C21 C0 C16 C11 <wb> C0 C8 C0 C38 C0 C1 C28 C0 C19 C0 <wb> C4 C0 C16 <wb> C15 C0 C36 C1
hindi_female_009528|C17 C0 C16 C30 C0 C22 C0 C11 C23 <wb> C30 C0 C29 C31 C0 C34 C0 C16 <wb> C19 C0 C11 <wb> C24 C0 C16 C29 C0 C22 C0 C1 C25 C0 <wb> C27 C29 C0 <wb> C37 C0 C16 C24 C0 C1 C31 C0 <wb> C19 C0 C1 <wb> C30 C0 C1 C29 C0 C1 <wb> C29 C0 C15 C0 C30 C0 C38 C0 <wb> C3 C0 C23 C7 C0 <wb> C15 C0 C2
hindi_female_009532|C29 C0 C15 C0 C30 C0 C38 C0 <wb> C4 C0 C29 C0 C16 <wb> C18 C0 C36 C29 C0 C29 C0 C16 C38 C0 C26 C23 <wb> C22 C0 C11 C23 <wb> C22 C0 C36 C30 C0 C19 C0 C36 C29 C0 C1 C32 C0 C1 <wb> C15 C0 C36 C1 <wb> C37 C0 C15 C0 <wb> C21 C0 C1 C22 C0 C1 <wb> C19 C0 C15 C0 C32 C0 C1 <wb> C15 C0 C2 <wb> C37 C0 C15 C0 <wb> C30 C0 C1 C23 C9 C0 <wb> C0 C4 C0 C16 <wb> C22 C0 C29 C0 C1 <wb> C24 C0 C15 C0 C16 C23 <wb> C15 C0 C2
hindi_female_009535|C16 C30 C0 C22 C0 C11 C23 <wb> C15 C0 C16 C24 C0 C7 C0 C16 <wb> C21 C0 C11 C20 C0 C19 C0 C26 C23 <wb> C1 C21 C0 C26 C5 C0 C19 C0 C26 C23 <wb> C27 C29 C0 <wb> C16 C32 C0 C16 C15 C0 C1 C30 C0 C19 C0 C1 C29 C0 C26 C23 <wb> C19 C0 C11 <wb> C30 C0 C1 C33 C0 <wb> C30 C0 C1 C33 C0 <wb> C30 C0 C37 C0 C16 C30 C0 <wb> C12 C0 C29 C0 C1 C23 C30 C0 C16 C30 C0 C16 <wb> C17 C0 C29 C0 C22 C0 C24 C0 <wb> C27 C29 C0 <wb> C0 C22 C0 C29 C0 C16 C19 C0 C24 C0 <wb> C0 C19 C0 C1 C7 C0 C22 C0 C16 C38 C0 C26 C23 <wb> C24 C0 C11 <wb> C15 C0 C16 C30 C0 C30 C0 C11 C7 C0 C1 C29 C0 C16 <wb> C19 C0 C16
hindi_female_009539|C0 C24 C0 C32 C0 C16 C22 C0 <wb> C32 C0 C16 C24 C0 <wb> C3 C0 C15 C0 C36 <wb> C0 C24 C0 C36 C7 C0 C16 C32 C0 <wb> C19 C0 C37 C0 C16 <wb> C15 C0 C2 C23 <wb> C27 C29 C0 <wb> C24 C0 C1 C13 C0 C1 C29 C0 C17 C0 C36 C24 C0 <wb> C3 C0 C15 C0 C36 C32 C0 <wb> C19 C0 C22 C0 <wb> C0 C24 C0 C36 C7 C0 C16 C32 C0
hindi_female_009542|C7 C0 C11 C37 C0 C38 C0 C1 C24 C0 C16 <wb> C17 C0 C26 <wb> C11 C19 C0 <wb> C15 C0 C16 C24 C0 C7 C0 C16 <wb> C29 C0 C1 C17 C0 C30 C0 C33 C0 C1 C24 C0 C16 <wb> C21 C0 C11 C20 C0 C19 C0 <wb> C19 C0 C16 <wb> C3 C0 C11 C34 C0 C16 <wb> C33 C0 C16 <wb> C36 C30 C0 C11 <wb> C19 C0 C37 C0 C16 C32 C0 C1 <wb> C21 C0 C16 C20 C0 C32 C0 C11 <wb> C21 C0 C16 C20 C0 C32 C0 C11 <wb> C28 C0 C32 C0 C29 C0 C19 C0 C1 C29 C0 C16 C32 C0 C1 <wb> C28 C0 C29 C0 C11 C22 C0 <wb> C13 C0 C29 C15 C0 C30 C0 C33 C0 C16 <wb> C0 C24 C0 C36 C37 C0 C1 C7 C0 <wb> C31 C0 C26 C8 C0 <wb> C19 C0 C16 <wb> C26 C29 C0 <wb> C5 C0 C21 C0 C11 <wb> C17 C0 C1 C24 C0 C1 <wb> C33 C0 C1
hindi_female_009544|C37 C0 C16 C31 C0 C1 C21 C0 <wb> C19 C0 C28 C0 C36 C29 C0 <wb> C19 C0 C26 <wb> C16 C32 C0 C16 C15 C0 C1 C30 C0 <wb> C19 C0 C16 <wb> C28 C0 C10 C0 C1 C16 <wb> C28 C0 C36 C29 C0 C16 <wb> C19 C0 C29 C0 C19 C0 C11 <wb> C13 C0 C1 C16 C9 C0 <wb> C3 C0 C24 C0 <wb> C17 C0 C1 C24 C0 C1 <wb> C33 C0 C1
hindi_female_009546|C37 C0 C11 <wb> C28 C0 C29 C0 C19 C0 C1 C31 C0 C24 C0 <wb> C27 C29 C0 <wb> C5 C0 C29 C0 C5 C0 C1 <wb> C19 C0 C11 <wb> C29 C0 C26 C17 C0 C22 C0 C29 C0 C29 C0 C1 <wb> C30 C0 C11 <wb> C28 C0 C29 C0 C11 <wb> C0 C28 C0 C24 C0 C11 <wb> C10 C0 C23 C13 C0 <wb> C30 C0 C11 <wb> C21 C0 C16 C20 C0 <wb> C29 C0 C15 C0 C11 <wb> C33 C0 C11
hindi_female_009549|C16 C30 C0 <wb> C3 C0 C1 C29 C0 <wb> C30 C0 C11 <wb> C15 C0 C22 C0 <wb> C11 C19 C0 <wb> C0 C24 C0 C38 C0 C32 C0 C19 C0 C1 C21 C0 C16 C19 C0 <wb> C30 C0 C32 C0 C22 C0 C4 C0 <wb> C19 C0 C16 C32 C0 C1 C3 C0 <wb> C31 C0 C36 C29 C0 C36 <wb> C19 C0 C29 C0 <wb> C29 C0 C15 C0 C11 <wb> C15 C0 C2 C23 <wb> C17 C0 C16 C30 C0 C11 <wb> C15 C0 C22 C0 <wb> C16 C30 C0 <wb> C30 C0 C22 C0 C16 C19 C0 C31 C0 C1 <wb> C30 C0 C16 C22 C0 C32 C0 <wb> C30 C0 C28 C0 C11 C30 C0 <wb> C24 C0 C15 C0 C16 C23 <wb> C3 C0 C24 C0 C1 C24 C0 C1 <wb> C5 C0 C1 C15 C0 C32 C0 C11
hindi_female_009553|C22 C0 C25 C0 C16 C28 C0 C36 C29 C0 <wb> C22 C0 C11 C23 <wb> C11 C19 C0 <wb> C22 C0 C15 C0 C16 C21 C0 C1 <wb> C19 C0 C16 <wb> C15 C0 C32 C0 C38 C0 C1 <wb> C19 C0 C11 <wb> C37 C0 C16 C29 C0 C26 C8 C0 <wb> C22 C0 C11 C23 <wb> C17 C0 C36 C21 C0 C1 C16 <wb> C7 C0 C26 <wb> C15 C0 C17 C0 C1 C29 C0 <wb> C5 C0 C1 C29 C0 <wb> C22 C0 C11 C23 <wb> C3 C0 C1 C29 C0 C15 C0 <wb> C22 C0 C15 C0 C16 C21 C0 C1 C26 C23 <wb> C7 C0 C37 C0 C1 C29 C0 C1 <wb> C19 C0 C16 C11 <wb> C13 C0 C11 <wb> C24 C0 C38 C0 C36 C9 C0 <wb> C28 C0 C29 C0 C26 C34 C0 C11 C30 C0 C34 C0 <wb> C19 C0 C26 <wb> C22 C0 C36 C20 C0 C38 C0 C8 C0 C1 C29 C0 C1 <wb> C22 C0 C16 C9 C0 C16 C38 C0 C1 <wb> C22 C0 C11 C23 <wb> C11 C19 C0 <wb> C36 C32 C0 C32 C0 C11 C17 C0 C19 C0 <wb> C20 C0 C3 C0 C29 C0 <wb> C19 C0 C26 <wb> C7 C0 C11 C20 C0 C24 C0 C1 <wb> C30 C0 C3 C0 C19 C0 C26 <wb> C38 C0 C1 C7 C0 <wb> C15 C0 C26 C13 C0 C1
hindi_female_009556|C12 C0 C16 C21 C0 C22 C0 <wb> C19 C0 C11 <wb> C30 C0 C19 C0 C29 C0 C16 C24 C0 C16 C23 C13 C0 <wb> C16 C32 C0 C16 C15 C0 C1 C30 C0 <wb> C28 C0 C29 C0 <wb> C3 C0 C1 C32 C0 <wb> C19 C0 C29 C0 C32 C0 C11 <wb> C15 C0 C36 C11 <wb> C37 C0 C11 <wb> C11 C19 C0 <wb> C2 C30 C0 C11 <wb> C3 C0 C16 C24 C0 C7 C0 C36 <wb> C28 C0 C29 C0 <wb> C28 C0 C15 C0 C36 C23 C5 C0 C32 C0 C11 <wb> C15 C0 C2 <wb> C17 C0 C15 C0 C1 C23 <wb> C0 C3 C0 <wb> C24 C0 C15 C0 C16 C23 <wb> C29 C0 C36 C19 C0 C1 <wb> C17 C0 C1 <wb> C30 C0 C19 C0 C32 C0 C1
hindi_female_009559|C22 C0 C15 C0 C22 C0 C36 C7 C0 <wb> C24 C0 C11 <wb> C0 C28 C0 C24 C0 C11 <wb> C7 C0 C22 C0 <wb> C28 C0 C29 C0 <wb> C16 C30 C0 <wb> C7 C0 C1 C30 C0 C32 C0 C1 C24 C0 C13 C0 C26 C16 <wb> C19 C0 C26 <wb> C28 C0 C36 C24 C0 C29 C0 C17 C0 C16 C37 C0 C16 C32 C0 <wb> C19 C0 C29 C0 <wb> C7 C0 C16 C38 C0 C1
hindi_female_009562|C14 C0 C3 C0 C29 C0 C1 C16 C38 C0 C11 <wb> C24 C0 C15 C0 C16 C23 <wb> C0 C3 C0 <wb> C1 C28 C0 <wb> C19 C0 C1 C12 C0 C16 <wb> C35 C0 C16 C19 C0 <wb> C15 C0 C2 C23
hindi_female_009563|C16 C30 C0 C19 C0 C11 <wb> C3 C0 C1 C7 C0 <wb> C1 C28 C0 C19 C0 C16 <wb> C5 C0 C26 C34 C0 <wb> C19 C0 C26 <wb> C30 C0 C37 C0 C30 C0 C33 C0 <wb> C15 C0 C26 C24 C0 C11 <wb> C19 C0 C1 <wb> C29 C0 C1 C30 C0 C32 C0 C1 <wb> C20 C0 C36 C7 C0 <wb> C32 C0 C38 C0 <wb> C19 C0 C29 C0 C24 C0 C1 <wb> C15 C0 C2 C23 <wb> C0 C3 C0 <wb> C24 C0 C15 C0 C16 C23 <wb> C29 C0 C36 C19 C0 C1 <wb> C17 C0 C1 <wb> C30 C0 C19 C0 C32 C0 C1
hindi_female_009566|C3 C0 C1 C7 C0 <wb> C22 C0 C11 C23 <wb> C36 C30 C0 C19 C0 C16 <wb> C1 C30 C0 C36 C29 C0 C16 <wb> C31 C0 C19 C0 C32 C0 C16 C38 C0 C26 C23 <wb> C19 C0 C1 <wb> C28 C0 C32 C0 C1 <wb> C5 C0 C21 C0 C24 C0 C11 <wb> C28 C0 C29 C0 <wb> C36 C30 C0 C30 C0 C11 <wb> C37 C0 C29 C0 C7 C0 C1 C24 C0 <wb> C37 C0 C1 C28 C0 C30 C0 <wb> C21 C0 C11 C24 C0 C11 <wb> C19 C0 C1 <wb> C36 C28 C0 C19 C0 C29 C0 C22 C0 <wb> C28 C0 C1 C29 C0 C37 C0 C32 C0 C16 <wb> C13 C0 C25 C0 C11 C31 C0 <wb> C19 C0 C26 <wb> C19 C0 C29 C0 C24 C0 C1 <wb> C28 C0 C9 C0 C1
hindi_female_009568|C30 C0 C1 C13 C0 C1 <wb> C38 C0 C1 C24 C0 C16 <wb> C31 C0 C1 C19 C0 C38 C0 <wb> C7 C0 C1 C37 C0 C1 <wb> C38 C0 C1 C24 C0 C16 <wb> C5 C0 C1 C23 C7 C0 <wb> C31 C0 C1 C19 C0 C38 C0 <wb> C22 C0 C36 C24 C0 C16 <wb> C19 C0 C1 <wb> C5 C0 C1 C23 C7 C0 <wb> C3 C0 C36 C7 C0 C8 C0 <wb> C28 C0 C36 C29 C0 C25 C0 C16 C22 C0 C1
hindi_female_009569|C11 C19 C0 <wb> C7 C0 C16 C24 C0 <wb> C24 C0 C15 C0 C16 C23 <wb> C28 C0 C36 C29 C0 C11 <wb> C11 C19 C0 <wb> C22 C0 C1 C30 C0 <wb> C19 C0 C1 <wb> C19 C0 C29 C32 C0 C17 C0 C24 C0 C32 C0 C1 <wb> C36 C32 C0 C30 C0 C37 C0 <wb> C30 C0 C1 C29 C0 C1 <wb> C22 C0 C1 C15 C0 <wb> C28 C0 C37 C0 C16 C32 C0 C29 C0 <wb> C15 C0 C2
hindi_female_009570|C37 C0 C16 C31 C0 C11 C31 C0 C19 C0 C29 C0 <wb> C19 C0 C2 C21 C0 C1 C31 C0 <wb> C28 C0 C29 C0 C37 C0 C32 C0 <wb> C19 C0 C16 <wb> C15 C0 C16 C24 C0 C7 C0 C36 C26 C23 <wb> C3 C0 C27 C7 C0 C8 C0 <wb> C19 C0 C11 <wb> C21 C0 C16 C11 <wb> C19 C0 C2 C21 C0 C1 C31 C0 <wb> C22 C0 C1 C24 C0 C30 C0 C29 C0 C26 C37 C0 C29 C0 <wb> C19 C0 C11 <wb> C7 C0 C29 C0 C31 C0 C24 C0 <wb> C15 C0 C16 <wb> C28 C0 C36 C25 C0 C38 C0 C19 C0 C1 C29 C0 C16 <wb> C15 C0 C2 C23
hindi_female_009571|C19 C0 C16 <wb> C22 C0 C11 C21 C0 <wb> C0 C21 C0 C13 C0 <wb> C0 C21 C0 C13 C0 <wb> C37 C0 C16 C7 C0 C11 C31 C0 <wb> C30 C0 C23 C30 C0 C33 C0 C1 C26 C23 <wb> C19 C0 C11 <wb> C24 C0 C1 C22 C0 <wb> C30 C0 C11 <wb> C1 C11
hindi_female_009576|C28 C0 C36 C29 C0 C30 C0 C19 C0 C1 C29 C0 <wb> C19 C0 C16 <wb> C29 C0 C1 C31 C0 C16 <wb> C5 C0 C36 C23 C19 C0 C16 <wb> C1 C28 C0 C19 C0 C26 <wb> C5 C0 C11 C19 C0 C30 C0 C37 C0 C29 C0 C36 C28 C0 <wb> C7 C0 C16 <wb> C17 C0 C1 <wb> C29 C0 C15 C0 C16 <wb> C15 C0 C2 <wb> C16 C30 C0 C21 C0 C16 C11 <wb> C19 C0 C1 C13 C0 C17 C0 C1 C32 C0 <wb> C1 C7 C0 C16 <wb> C3 C0 C24 C0 C37 C0 C1 C24 C0 C11 <wb> C19 C0 C1 <wb> C20 C0 C29 C0 C5 C0 <wb> C1 C28 C0 C19 C0 C26 <wb> C37 C0 C11 C15 C0 C24 C0 <wb> C19 C0 C29 C0 C24 C0 C1 <wb> C28 C0 C9 C0 C11 C13 C0 C1
hindi_female_009581|C3 C0 C29 C0 C30 C0 C26 C23 <wb> C3 C0 C1 C7 C0 <wb> C11 C19 C0 <wb> C7 C0 C16 C24 C0 <wb> C34 C0 C29 C0 C11 C24 C0 <wb> C22 C0 C11 C23 <wb> C36 C24 C0 C30 C0 C11 <wb> C4 C0 C11 C23 C34 C0 <wb> C15 C0 C26 <wb> C13 C0 C16
hindi_female_009590|C17 C0 C3 C0 C19 C0 C16 <wb> C36 C24 C0 C15 C0 C26 C23 C24 C0 C11 <wb> C17 C0 C26 <wb> C4 C0 C16 <wb> C19 C0 C15 C0 C1 C24 C0 C16 <wb> C38 C0 C1 <wb> C36 C24 C0 C19 C0 C11 <wb> C31 C0 C3 C0 C7 C0 C26 C23 <wb> C22 C0 C11 C23 <wb> C30 C0 C1 C15 C0 C16 C32 C0 C38 C0 <wb> C21 C0 C16 C20 C0 C1 <wb> C36 C30 C0 C11 <wb> C22 C0 C36 C18 C0 C11 <wb> C28 C0 C10 C0 C37 C0 C1 C11 <wb> C3 C0 C16 C24 C0 C1 <wb> C36 C24 C0 C15 C0 C26 C23 C24 C0 C11 <wb> C28 C0 C36 C29 C0 C1 <wb> C24 C0 C15 C0 C16 C23 <wb> C30 C0 C22 C0 C18 C0 C1 <wb> C19 C0 C36 C30 C0 C36 C22 C0 C1 C19 C0 C29 C0 <wb> C24 C0 C11 <wb> C3 C0 C9 C0 C11 <wb> C1 C31 C0 C5 C0 C29 C0 C38 C0 <wb> C19 C0 C11 <wb> C30 C0 C1 C33 C0 <wb> C3 C0 C32 C0 C1 C38 C0 C1
hindi_female_009596|C0 C13 C0 C21 C0 C11 <wb> C37 C0 C29 C0 C21 C0 C9 C0 <wb> C19 C0 C28 C0 <wb> C32 C0 C19 C0 <wb> C20 C0 C11 C21 C0 C24 C0 C1 <wb> C5 C0 C1 C15 C0 C32 C0 C11 <wb> C15 C0 C2 C23 <wb> C17 C0 C38 C0 C30 C0 C36 C29 C0 C38 C0 C1
hindi_female_009603|C16 C30 C0 C19 C0 C11 <wb> C3 C0 C16 C21 C0 C19 C0 C36 C21 C0 <wb> C3 C0 C13 C0 C21 C0 <wb> C22 C0 C11 C23 <wb> C7 C0 C11 C37 C0 C16 <wb> C7 C0 C11 C37 C0 C32 C0 C1 C26 C23 <wb> C27 C29 C0 <wb> C3 C0 C21 C0 C16 C37 C0 C36 C9 C0 <wb> C19 C0 C16 <wb> C0 C4 C0 C16 C24 C0 C11 C32 C0 C29 C0 C16 C38 C0 C26 C23 <wb> C19 C0 C11 <wb> C28 C0 C26 C30 C0 C34 C0 C29 C0 <wb> C4 C0 C16 <wb> C7 C0 C29 C31 C0 C38 C0 <wb> C19 C0 C1 <wb> C15 C0 C16 C30 C0 C30 C0 C1 <wb> C3 C0 C24 C0 <wb> C17 C0 C1 C32 C0 C11 <wb> C15 C0 C2 C23
hindi_female_009604|C5 C0 C16 C32 C0 C29 C0 C19 C0 C1 C29 C0 <wb> C15 C0 C19 C0 C36 <wb> C31 C0 C1 C15 C0 <wb> C11 C37 C0 C23 <wb> C21 C0 C11 C20 C0 C19 C0 <wb> C30 C0 C22 C0 C28 C0 C1 C7 C0 C19 C0 <wb> C28 C0 C16 C38 C0 C36 C31 C0 <wb> C7 C0 C29 C0 C16 C38 C0 C1 <wb> C19 C0 C16 <wb> C28 C0 C29 C0 C19 C0 C1 C31 C0 C24 C0 C1 C8 C0 C16 C24 C0 <wb> C37 C0 C1 C29 C0 C32 C0 C1 <wb> C29 C0 C36 C28 C0 <wb> C22 C0 C1 C24 C0 C36 C31 C0 <wb> C19 C0 C11 <wb> C19 C0 C36 C6 C0 <wb> C0 C23 C31 C0
hindi_female_009607|C13 C0 C15 C0 C29 C0 C1 <wb> C1 C32 C0 C22 C0 C1 C24 C0 C36 C31 C0 C1 C30 C0 C24 C0 <wb> C36 C24 C0 C19 C0 C1 <wb> C3 C0 C16 C17 C0 C19 C0 C26 C31 C0 <wb> C15 C0 C2
hindi_female_009613|C17 C0 C26 <wb> C29 C0 C1 C17 C0 <wb> C19 C0 C22 C0 C21 C0 <wb> C28 C0 C29 C0 C19 C0 C1 C31 C0 C24 C0 <wb> C7 C0 C16 C21 C0 C21 C0 C16 <wb> C30 C0 C11 <wb> C31 C0 C16 C8 C0 C29 C0 <wb> C28 C0 C29 C0 C19 C0 C1 C31 C0 C38 C0 <wb> C28 C0 C36 C30 C0 C32 C0 C19 C0 <wb> C19 C0 C1 <wb> C11 C19 C0 <wb> C30 C0 C22 C0 C28 C0 C1 C7 C0 C16 C32 C0 <wb> C15 C0 C16 C30 C0 C30 C0 C1 <wb> C15 C0 C2
hindi_female_009614|C15 C0 C1 C21 C0 C1 C19 C0 C16 <wb> C7 C0 C36 C24 C0 C16 C38 C0 C1 <wb> C19 C0 C16 <wb> C24 C0 C17 C0 C29 C0 C26 C23 <wb> C22 C0 C11 C23 <wb> C37 C0 C11 <wb> C19 C0 C26 C16 <wb> C3 C0 C15 C0 C36 C32 C0 <wb> C37 C0 C38 C0 C1 C37 C0 C15 C0 C1 C29 C0 C16 C19 C0 <wb> C37 C0 C38 C0 C19 C0 C32 C0 C16 <wb> C24 C0 C15 C0 C16 C23 <wb> C33 C0 C11
hindi_female_009626|C15 C0 C22 C0 C1 C29 C0 C11 <wb> C28 C0 C28 C0 C36 C21 C0 C29 C0 <wb> C30 C0 C1 C23 C30 C0 C19 C0 C29 C32 C0 C16 C19 C0 <wb> C28 C0 C29 C0 C32 C0 C16 C3 C0 C16 C22 C0 C24 C0 C26 C23 <wb> C24 C0 C11 <wb> C30 C0 C23 C4 C0 C37 C0 C32 C0 C15 <wb> C36 C30 C0 <wb> C37 C0 C1 C30 C0 C32 C0 C37 C0 C16 C19 C0 C32 C0 C1 <wb> C19 C0 C26 <wb> C3 C0 C15 C0 C36 C32 C0 <wb> C19 C0 C29 C0 C16 C3 C0 <wb> C30 C0 C11 <wb> C30 C0 C1 C22 C0 C24 C0 C11 <wb> C29 C0 C23 C13 C0 C1 <wb> C15 C0 C2
hindi_female_009627|C17 C0 C16 C30 C0 C11 <wb> C15 C0 C22 C0 C24 C0 C11 <wb> C30 C0 C37 C0 C38 C0 C23 <wb> C24 C0 C16 C29 C0 C22 C0 C16 C32 C0 <wb> C19 C0 C16 C38 C0 C1 <wb> C15 C0 C2
hindi_female_009633|C17 C0 C38 C0 C11 C31 C0 C35 C0 <wb> C22 C0 C1 C30 C0 <wb> C22 C0 C11 C23 <wb> C15 C0 C16 <wb> C29 C32 C0 C36 <wb> C19 C0 C16 <wb> C28 C0 C29 C0 C33 C0 C22 C0 <wb> C37 C0 C29 C0 C31 C0 C1 <wb> C15 C0 C26 <wb> C5 C0 C36 C19 C0 C16 <wb> C15 C0 C2
hindi_female_009634|C3 C0 C1 C32 C0 C11 C23 <wb> C17 C0 C26 <wb> C17 C0 C16 C32 C0 <wb> C21 C0 C11 C23 C13 C0 C16 <wb> C1 C28 C0 C19 C0 C11 <wb> C37 C0 C2 C21 C0 C11 C23 C34 C0 C1 C16 C24 C0 <wb> C19 C0 C1 <wb> C7 C0 C16 C21 C0
hindi_female_009637|C29 C0 C26 C22 C0 C11 C23 C34 C0 C16 C19 C0 <wb> C19 C0 C22 C0 C11 C9 C0 C16 <wb> C30 C0 C11 <wb> C34 C0 C36 C34 C0 C11 C13 C0 C1 <wb> C28 C0 C38 C0 C1 C29 C0 <wb> C19 C0 C1 <wb> C29 C0 C16 C31 C0 C32 C0 C1
hindi_female_009638|C30 C0 C19 C0 C36 C21 C0 <wb> C22 C0 C11 C23 <wb> C30 C0 C16 C29 C0 C12 C0 <wb> C7 C0 C30 C0 <wb> C21 C0 C23 C5 C0 <wb> C34 C0 C11 C3 C0 C21 C0 C30 C0 <wb> C15 C0 C2 C23
hindi_female_009648|C37 C0 C15 C0 <wb> C4 C0 C16 <wb> C14 C0 C11 C29 C0 C11 <wb> C22 C0 C11 C23 <wb> C36 C30 C0 <wb> C3 C0 C16 C23 C7 C0 C36 <wb> C19 C0 C26 <wb> C4 C0 C36 C21 C0 <wb> C5 C0 C36 C19 C0 C1 <wb> C15 C0 C2 <wb> C17 C0 C26 <wb> C14 C0 C11 C29 C0 C11 <wb> C19 C0 C26 <wb> C28 C0 C36 C29 C0 C25 C0 <wb> C19 C0 C29 C0 C32 C0 C1 <wb> C15 C0 C2
hindi_female_009650|C11 C19 C0 <wb> C16 C24 C0 C34 C0 C29 C0 C37 C0 C38 C0 C36 <wb> C22 C0 C11 C23 <wb> C37 C0 C15 C0 <wb> C19 C0 C15 C0 C32 C0 C16 <wb> C15 C0 C2 <wb> C19 C0 C16 <wb> C36 C30 C0 C24 C0 C11 <wb> C19 C0 C22 C0 C28 C0 C38 C0 C36 C34 C0 C29 C0 <wb> C30 C0 C11 <wb> C19 C0 C15 C0 C1 <wb> C19 C0 C16 <wb> C0 C23 C19 C0 <wb> C10 C0 C36 C23 C10 C0 <wb> C24 C0 C16 C19 C0 C1 C21 C0 C11 <wb> C27 C29 C0 <wb> C36 C30 C0 C24 C0 C11 <wb> C24 C0 C16 C19 C0 C1 C21 C0 C11 <wb> C3 C0 C1 C29 C0 C15 C0 <wb> C30 C0 C1 C32 C0 <wb> C36 C24 C0 C24 C0 C16 C30 C0 <wb> C6 C0 C3 C0 C3 C0 C16 C30 C0 <wb> C28 C0 C37 C0 C29 C0 <wb> C3 C0 C21 C0 <wb> C16 C19 C0 C19 C0 C16 C30 C0
hindi_female_009656|C19 C0 C21 C0 C1 <wb> C22 C0 C1 C24 C0 C37 C0 <wb> C17 C0 C1 C32 C0 C16 <wb> C19 C0 C16 <wb> C22 C0 C1 C32 C0 C29 C4 C0 C1 C31 C0 C1 <wb> C15 C0 C2
hindi_female_009657|C37 C0 C38 C0 C19 C0 C32 C0 C16 <wb> C0 C28 C0 C24 C0 C11 <wb> C4 C0 C16 C32 C0 C29 C0 <wb> C19 C0 C16 <wb> C0 C24 C0 C36 C4 C0 C36 C32 C0 C16 <wb> C30 C0 C23 C37 C0 C11 C7 C0 C24 C0 C1 <wb> C19 C0 C26 <wb> C19 C0 C21 C0 C1 <wb> C22 C0 C11 C23 <wb> C28 C0 C36 C29 C0 C25 C0 <wb> C30 C0 C29 C17 C0 C16 C32 C0 <wb> C19 C0 C29 C0 C32 C0 C1 <wb> C15 C0 C2 <wb> C27 C29 C0 <wb> C19 C0 C21 C0 C1 <wb> C30 C0 C11 <wb> C37 C0 C15 C0 <wb> C0 C28 C0 C24 C0 C16 <wb> C30 C0 C23 C37 C0 C11 C7 C0 C24 C0 C1 <wb> C0 C24 C0 C36 C4 C0 C36 C32 C0 C16 <wb> C19 C0 C26 <wb> C28 C0 C13 C0 C1 C32 C0 C1 <wb> C4 C0 C16 <wb> C15 C0 C2
hindi_female_009660|C19 C0 C21 C0 C1 <wb> C22 C0 C24 C0 C36 C31 C0 C38 C0 <wb> C19 C0 C26 <wb> C27 C29 C0 <wb> C0 C23 C32 C0 C32 C0 C15 <wb> C30 C0 C22 C0 C1 C17 C0 <wb> C19 C0 C26 <wb> C28 C0 C36 C29 C0 C25 C0 C32 C0 C1 <wb> C28 C0 C29 C0 C7 C0 C1 C24 C0 <wb> C19 C0 C29 C0 C32 C0 C16 <wb> C15 C0 C2
hindi_female_009662|C28 C0 C32 C0 C29 C0 C19 C0 C1 C29 C0 <wb> C27 C29 C0 <wb> C30 C0 C22 C0 C1 C5 C0 C1 C29 C0 <wb> C28 C0 C32 C0 C29 C0 <wb> C2 C30 C0 C16 <wb> C17 C0 C24 C0 <wb> C0 C12 C0 C37 C0 C1 C15 C0 C26 C23 <wb> C38 C0 C1 <wb> C13 C0 C28 C0 C28 C0 C26 C23 <wb> C38 C0 C1 <wb> C28 C0 C29 C0 C22 C0 C1 C25 C0 C16 C19 C0 <wb> C30 C0 C22 C0 C1 C5 C0 C1 C29 C0 C26 C23 <wb> C19 C0 C26 <wb> C4 C0 C16 <wb> C28 C0 C29 C0 C30 C0 C1 C29 C0 C16 C32 C0 <wb> C24 C0 C15 C0 C16 C23 <wb> C19 C0 C29 C0 C11 C13 C0 C11 C23 <wb> C17 C0 C16 C24 C0 <wb> C30 C0 C11 <wb> C19 C0 C16 C30 C0 C16 <wb> C19 C0 C1 <wb> C24 C0 C16 C17 C0 C16 <wb> C17 C0 C16 C37 C0 C24 C0 <wb> C28 C0 C29 C0 C4 C0 C1 C37 C0 C16 C32 C0 <wb> C15 C0 C26 C32 C0 C1 <wb> C15 C0 C2
hindi_female_009663|C0 C30 C0 C21 C0 <wb> C22 C0 C11 C23 <wb> C11 C19 C0 <wb> C29 C0 C5 C0 C24 C0 C1 C19 C0 C1 C29 C0 <wb> C19 C0 C21 C0 C1 C19 C0 C1 C29 C0 <wb> C19 C0 C11 <wb> C21 C0 C16 C11 <wb> C16 C30 C0 <wb> C3 C0 C1 C32 C0 <wb> C30 C0 C11 <wb> C19 C0 C26 C16 <wb> C12 C0 C29 C0 C19 C0 <wb> C24 C0 C15 C0 C16 C23 <wb> C28 C0 C9 C0 C32 C0 C1 <wb> C19 C0 C16 <wb> C30 C0 C32 C0 C32 C0 C1 <wb> C22 C0 C11 C23 <wb> C19 C0 C27 C24 C0 <wb> C3 C0 C2 C35 C0 C1 <wb> C15 C0 C2
hindi_female_009665|C1 C28 C0 C1 C32 C0 C19 C0 C1 C21 C0 <wb> C19 C0 C11 <wb> C7 C0 C27 C29 C0 C1 C24 C0 <wb> C38 C0 C15 C0 <wb> C30 C0 C16 C21 C0 C30 C0 C16 C21 C0 C1 <wb> C19 C0 C4 C0 C16 <wb> C33 C0 C22 C0 C32 C0 C1 <wb> C15 C0 C36 C1 <wb> C7 C0 C16 C20 C0 C21 C0 C1 C16 <wb> C24 C0 C15 C0 C16 C23 <wb> C28 C0 C9 C0 C32 C0 C1 <wb> C15 C0 C2
hindi_female_009668|C16 C30 C0 <wb> C14 C0 C26 C31 C0 C25 C0 C1 <wb> C19 C0 C11 <wb> C7 C0 C26 <wb> C7 C0 C16 C24 C0 <wb> C19 C0 C11 <wb> C3 C0 C1 C7 C0 <wb> C22 C0 C11 C29 C0 C11 <wb> C1 C15 C0 C29 C37 C0 C1 C24 C0 <wb> C28 C0 C29 C0 <wb> C7 C0 C16 C21 C0 C21 C0 C16 <wb> C19 C0 C11 <wb> C28 C0 C29 C0 C11 C30 C0 <wb> C19 C0 C21 C0 C3 C0 <wb> C28 C0 C29 C0 <wb> C11 C19 C0 <wb> C30 C0 C27 <wb> C28 C0 C1 C23 C5 C0 <wb> C28 C0 C32 C0 C29 C0 C19 C0 C1 C29 C0 C26 C23 <wb> C24 C0 C11 <wb> C11 C19 C0 C32 C0 C29 C0 <wb> C15 C0 C26 C19 C0 C29 C0 <wb> C28 C0 C29 C0 C11 C30 C0 <wb> C28 C0 C29 C0 <wb> C21 C0 C13 C0 C1 C11 <wb> C13 C0 C11 <wb> C28 C0 C29 C0 C32 C0 C16 C3 C0 C23 C8 C0 C26 C23 <wb> C19 C0 C1 <wb> C28 C0 C36 C29 C0 C17 C0 C26 C29 C0 <wb> C37 C0 C16 C29 C0 C26 C8 C0 <wb> C19 C0 C16 C38 C0 C1
hindi_female_009669|C0 C30 C0 C21 C0 <wb> C22 C0 C11 C23 <wb> C19 C0 C16 C30 C0 C16 <wb> C4 C0 C16 <wb> C29 C0 C1 C31 C0 C34 C0 C29 C0 <wb> C29 C0 C1 C17 C0 C38 C0 <wb> C22 C0 C11 C23 <wb> C28 C0 C29 C0 C11 C30 C0 <wb> C28 C0 C29 C0 <wb> C28 C0 C29 C0 C32 C0 C16 C3 C0 C23 C8 C0 <wb> C21 C0 C13 C0 C1 C11 <wb> C17 C0 C1 C24 C0 C11 <wb> C19 C0 C11 <wb> C19 C0 C1 C29 C0 C25 C0 <wb> C38 C0 C15 C0 <wb> C15 C0 C26 C32 C0 C1 <wb> C15 C0 C2 <wb> C19 C0 C16 <wb> C1 C22 C0 <wb> C17 C0 C24 C0 C32 C0 C1 <wb> C19 C0 C11 <wb> C28 C0 C1 C30 C0 <wb> C30 C0 C32 C0 C32 C0 C1 <wb> C7 C0 C37 C0 C1 C29 C0 C1 <wb> C36 C35 C0 C1 C11 <wb> C13 C0 C11 <wb> C30 C0 C32 C0 C32 C0 C1 C28 C0 C26 C31 C0 C16 <wb> C19 C0 C7 C0 C22 C0 <wb> C19 C0 C16 <wb> C17 C0 C1 C24 C0 C19 C0 C1 C29 C0 C16 <wb> C37 C0 C16 C5 C0 C1 C29 C0 <wb> C32 C0 C23 C32 C0 C29 C0 <wb> C19 C0 C1 <wb> C15 C0 C16 C30 C0 C30 C0 C1 <wb> C15 C0 C2
hindi_female_009673|C29 C0 C11 C22 C0 C3 C0 C29 C0 <wb> C24 C0 C11 <wb> C22 C0 C2 C9 C0 C26 C24 C0 C1 <wb> C19 C0 C26 <wb> C24 C0 C16 C7 C0 C29 C0 C21 C0 C2 C23 C9 C0 <wb> C19 C0 C16 <wb> C19 C0 C16 C30 C0 C1 C24 C0 <wb> C22 C0 C15 C0 C16 C24 C0 C1 <wb> C19 C0 C11 <wb> C29 C0 C36 C28 C0 <wb> C22 C0 C11 C23 <wb> C5 C0 C16 C32 C0 C29 C0 C16 C32 C0 <wb> C19 C0 C16 C38 C0 C1 <wb> C33 C0 C1
hindi_female_009674|C15 C0 C22 C0 C1 C29 C0 C1 <wb> C37 C0 C19 C0 C32 C0 <wb> C30 C0 C37 C0 C32 C0 C23 C32 C0 C29 C0 C32 C0 C1 <wb> C19 C0 C26 <wb> C19 C0 C38 C0 C26 C23 <wb> C2 C30 C0 C11 <wb> C29 C0 C36 C28 C0 <wb> C22 C0 C11 C23 <wb> C37 C0 C38 C0 C19 C0 C32 C0 <wb> C24 C0 C15 C0 C16 C23 <wb> C19 C0 C29 C0 C32 C0 C1 <wb> C17 C0 C26 <wb> C36 C30 C0 C11 <wb> C28 C0 C29 C0 C16 C38 C0 <wb> C27 C29 C0 <wb> C3 C0 C26 C8 C0 C13 C0 C22 C0 C38 C0 <wb> C15 C0 C2
hindi_female_009675|C1 C23 C20 C0 C11 <wb> C22 C0 C36 C23 C7 C0 C19 C0 C29 C0 <wb> C22 C0 C36 C23 C15 C0 <wb> C28 C0 C29 C0 <wb> C28 C0 C34 C0 C34 C0 C16 <wb> C3 C0 C1 C23 C8 C0 C19 C0 C29 C0 <wb> C16 C30 C0 <wb> C32 C0 C29 C0 C15 C0 <wb> C19 C0 C1 C29 C0 C38 C0 C29 C0 C32 C0 <wb> C33 C0 C11 <wb> C22 C0 C1 C24 C0 C26 <wb> C1 C30 C0 C28 C0 C1 C30 C0 <wb> C17 C0 C26 <wb> C15 C0 C26 <wb> C29 C0 C15 C0 C1 <wb> C15 C0 C2 <wb> C37 C0 C15 C0 <wb> C30 C0 C3 C0 <wb> C24 C0 C29 C0 C22 C0 C21 C0 <wb> C15 C0 C2
hindi_female_009676|C38 C0 C7 C0 C16 <wb> C1 C17 C0 <wb> C15 C0 C22 C0 <wb> C16 C24 C0 <wb> C28 C0 C32 C0 C29 C0 C16 C19 C0 C1 C26 C23 <wb> C19 C0 C11 <wb> C32 C0 C32 C0 C19 C0 C1 C21 C0 C16 C24 C0 <wb> C0 C23 C19 C0 C26 C23 <wb> C19 C0 C26 <wb> C36 C21 C0 C34 C0 <wb> C28 C0 C21 C0 C34 C0 <wb> C19 C0 C29 C0 <wb> C7 C0 C11 C20 C0 C11 C23 <wb> C32 C0 C26 <wb> C31 C0 C1 C38 C0 C7 C0 <wb> C15 C0 C16 <wb> C0 C24 C0 C36 C22 C0 C1 C24 C0 <wb> C21 C0 C13 C0 C1 <wb> C28 C0 C1 C11 C23 <wb> C19 C0 C16 <wb> C15 C0 C22 C0 <wb> C36 C24 C0 <wb> C7 C0 C16 C24 C0 C26 C23 <wb> C19 C0 C2 C30 C0 C11 <wb> C30 C0 C23 C19 C0 C34 C0 <wb> C19 C0 C16 <wb> C14 C0 C9 C0 C16 <wb> C30 C0 C11 <wb> C13 C0 C36 C17 C0 C29 C0 <wb> C29 C0 C15 C0 C11 <wb> C33 C0 C11
hindi_female_009684|C11 C19 C0 <wb> C30 C0 C32 C0 C29 C0 <wb> C37 C0 C26 <wb> C17 C0 C16 C30 C0 C22 C0 C11 C23 <wb> C1 C32 C0 C23 C19 C0 C37 C0 C1 C7 C0 <wb> C36 C30 C0 C19 C0 C16 <wb> C30 C0 C33 C0 C16 C32 C0 C16 <wb> C36 C30 C0 C30 C0 C11 <wb> C3 C0 C24 C0 C24 C0 C11 <wb> C37 C0 C1 C21 C0 C11 <wb> C15 C0 C1 C21 C0 C1 C32 C0 <wb> C19 C0 C26 <wb> C0 C8 C0 C16 C19 C0 <wb> C30 C0 C11 <wb> C0 C8 C0 C16 C19 C0 <wb> C0 C30 C0 C29 C0 C7 C0 C1 C29 C0 <wb> C32 C0 C29 C0 C16 C19 C0 C11 <wb> C30 C0 C11 <wb> C7 C0 C16 C20 C0 C1 C11 <wb> C17 C0 C1 <wb> C30 C0 C19 C0 C11 C23
hindi_female_009689|C16 C30 C0 <wb> C0 C29 C0 C33 C0 <wb> C22 C0 C11 C23 <wb> C1 C28 C0 <wb> C19 C0 C15 C0 <wb> C30 C0 C19 C0 C32 C0 C11 <wb> C15 C0 C2 C23 <wb> C19 C0 C16 <wb> C31 C0 C3 C0 C7 C0 C26 C23 <wb> C19 C0 C11 <wb> C17 C0 C29 C0 C16 C11 <wb> C34 C0 C11 C21 C0 C16 C37 C0 C16 C17 C0 C24 C0 <wb> C5 C0 C2 C24 C0 C21 C0 C26 C23 <wb> C7 C0 C37 C0 C1 C29 C0 C1 <wb> C28 C0 C29 C0 C38 C0 C36 C19 C0 C32 C0 <wb> C6 C0 C37 C0 C16 <wb> C38 C0 C36 C24 C0 C16 C16 C22 C0 C2 C17 C0 C16 C24 C0 C29 C0 C16 <wb> C15 C0 C26 C32 C0 C11 <wb> C15 C0 C2 C23 <wb> C17 C0 C26 <wb> C7 C0 C26 <wb> C37 C0 C16 C29 C0 C26 C8 C0 C16 <wb> C28 C0 C19 C0 C31 C0 C26 C23 <wb> C27 C29 C0 <wb> C37 C0 C16 C28 C0 C29 C0 C16 C32 C0 <wb> C7 C0 C31 C0 C1 <wb> C22 C0 C11 C23 <wb> C11 C19 C0 <wb> C15 C0 C16 <wb> C30 C0 C1 C33 C0 <wb> C19 C0 C1 C22 C0 <wb> C22 C0 C11 C23 <wb> C21 C0 C1 C11 <wb> C17 C0 C1 <wb> C30 C0 C19 C0 C32 C0 C11 <wb> C15 C0 C2 C23
hindi_female_009692|C16 C30 C0 C30 C0 C11 <wb> C28 C0 C2 C7 C0 C1 <wb> C15 C0 C26 C24 C0 C11 C37 C0 C1 C21 C0 C11 <wb> C0 C29 C0 C33 C0 <wb> C11 C19 C0 <wb> C32 C0 C26 <wb> C24 C0 C16 C29 C0 C22 C0 C1 C32 C0 C1 <wb> C27 C29 C0 <wb> C36 C28 C0 C4 C0 C26 C19 C0 C32 C0 C1 <wb> C19 C0 C11 <wb> C17 C0 C29 C0 C16 C11 <wb> C15 C0 C26 C32 C0 C1 <wb> C15 C0 C2 <wb> C27 C29 C0 <wb> C7 C0 C36 C30 C0 C29 C0 C1 <wb> C30 C0 C37 C0 C38 C0 C23 <wb> C16 C30 C0 <wb> C32 C0 C19 C0 C24 C0 C16 C19 C0 <wb> C19 C0 C11 <wb> C7 C0 C37 C0 C1 C29 C0 C1 <wb> C17 C0 C26 <wb> C19 C0 C16 <wb> C28 C0 C29 C0 C30 C0 C1 C29 C0 C25 C0 <wb> C27 C29 C0 <wb> C37 C0 C38 C0 <wb> C37 C0 C15 C0 C1 C29 C0 <wb> C19 C0 C11 <wb> C7 C0 C27 C29 C0 C1 C24 C0 <wb> C28 C0 C2 C7 C0 C1 <wb> C15 C0 C26 C32 C0 C1 <wb> C15 C0 C2
hindi_female_009696|C30 C0 C36 C17 C0 C24 C0 <wb> C30 C0 C26 C23 C34 C0 C1 C13 C0 <wb> C19 C0 C16 <wb> C22 C0 C1 C24 C0 C38 C0 C32 C0 C1 <wb> C19 C0 C11 <wb> C1 C8 C0 C1 C29 C0 <wb> C28 C0 C29 C0 <wb> C17 C0 C3 C0 <wb> C21 C0 C26 C13 C0 <wb> C9 C0 C29 C0 C1 C16 C23 C13 C0 <wb> C29 C0 C36 C22 C0 <wb> C22 C0 C11 C23 <wb> C3 C0 C2 C35 C0 <wb> C19 C0 C29 C0 <wb> C1 C32 C0 C23 C19 C0 C37 C0 C1 C7 C0 <wb> C19 C0 C16 <wb> C20 C0 C3 C0 C29 C0 C11 C23 <wb> C7 C0 C11 C20 C0 <wb> C29 C0 C15 C0 C11 <wb> C15 C0 C26 C32 C0 C11 <wb> C15 C0 C2 C23 <wb> C32 C0 C26 <wb> C16 C32 C0 C22 C0 C16 C24 C0 C1 C24 C0 <wb> C15 C0 C26 C32 C0 C11 <wb> C15 C0 C2 C23 <wb> C36 C24 C0 C19 C0 C11 <wb> C4 C0 C16 C32 C0 C29 C0 <wb> C11 C19 C0 <wb> C24 C0 C16 C31 C0 C5 C0 C16 C23 C32 C0 C32 C0 C1 <wb> C19 C0 C1 <wb> C3 C0 C26 C8 C0 <wb> C15 C0 C26 C32 C0 C1 <wb> C15 C0 C2 <wb> C19 C0 C16 <wb> C15 C0 C22 C0 <wb> C30 C0 C36 C29 C0 C19 C0 C31 C0 C16 C32 C0 <wb> C15 C0 C2 C23
hindi_female_009697|C28 C0 C16 C6 C0 C21 C0 C16 <wb> C29 C0 C1 C32 C0 <wb> C22 C0 C2 C23 <wb> C11 C19 C0 <wb> C22 C0 C16 C32 C0 C29 C0 <wb> C19 C0 C11 <wb> C14 C0 C29 C0 <wb> C33 C0 C16 <wb> C17 C0 C3 C0 <wb> C34 C0 C16 C37 C0 C16 <wb> C28 C0 C29 C0 <wb> C22 C0 C2 C23 C24 C0 C11 <wb> C14 C0 C1 C38 C0 C21 C0 C26 C23 <wb> C19 C0 C26 <wb> C30 C0 C34 C0 C29 C0 C11 C5 C0 C29 C0 <wb> C28 C0 C29 C0 <wb> C9 C0 C1 C21 C0 <wb> C21 C0 C26 C13 C0 C26 C23 <wb> C19 C0 C26 <wb> C16 C8 C0 C29 C0 <wb> C30 C0 C11 <wb> C36 C8 C0 C29 C0 <wb> C4 C0 C1 C13 C0 C32 C0 C11 <wb> C7 C0 C11 C20 C0 C1
hindi_female_009700|C21 C0 C11 C19 C0 C16 C24 C0 <wb> C19 C0 C38 C0 C1 <wb> C37 C0 C11 <wb> C30 C0 C4 C0 C16 <wb> C0 C30 C0 C1 C22 C0 C1 C24 C0 C38 C0 <wb> C38 C0 C1 <wb> C3 C0 C36 C29 C0 C11 <wb> C21 C0 C26 C13 C0 <wb> C15 C0 C2 C23 <wb> C38 C0 C1 <wb> C37 C0 C11 <wb> C2 C30 C0 C11 <wb> C21 C0 C26 C13 C0 <wb> C15 C0 C2 C23 <wb> C17 C0 C16 C24 C0 C30 C0 C11 <wb> C15 C0 C22 C0 <wb> C34 C0 C19 C0 C29 C0 C1 C32 C0 C11 <wb> C15 C0 C2 C23 <wb> C17 C0 C16 C24 C0 C22 C0 C11 C23 <wb> C30 C0 C11 <wb> C19 C0 C26 C16 <wb> C31 C0 C1 C38 C0 C7 C0 <wb> C15 C0 C22 C0 C1 C29 C0 C11 <wb> C30 C0 C1 C33 C0 <wb> C19 C0 C1 C22 C0 <wb> C19 C0 C29 C0 C32 C0 C1 <wb> C15 C0 C26 <wb> C38 C0 C1 <wb> C15 C0 C22 C0 C1 C29 C0 C11 <wb> C1 C30 C0 <wb> C28 C0 C1 C30 C0 <wb> C15 C0 C16 <wb> C22 C0 C27 C17 C0 C36 C7 C0 <wb> C15 C0 C26
hindi_female_009702|C20 C0 C2 C29 C0 <wb> C38 C0 C15 C0 C1 C23 <wb> C15 C0 C22 C0 <wb> C14 C0 C29 C25 C0 C1 <wb> C19 C0 C16 <wb> C32 C0 C1 C19 C0 C32 C0 <wb> C19 C0 C26 <wb> C30 C0 C22 C0 C18 C0 C24 C0 C11 <wb> C19 C0 C16 <wb> C30 C0 C2 C7 C0 C8 C0 C1 C23 C32 C0 C16 C19 C0 <wb> C19 C0 C26 C31 C0 C16 C31 C0 <wb> C24 C0 C15 C0 C16 <wb> C19 C0 C29 C0 <wb> C29 C0 C15 C0 C11 <wb> C15 C0 C2
hindi_female_009704|C19 C0 C38 C0 C26 C23 C19 C0 C16 <wb> C17 C0 C26 <wb> C15 C0 C36 C37 C0 C1 <wb> C36 C30 C0 C19 C0 C11 <wb> C0 C30 C0 C29 C0 <wb> C19 C0 C26 <wb> C22 C0 C16 C34 C0 C24 C0 C11 <wb> C22 C0 C11 C23 <wb> C32 C0 C26 <wb> C21 C0 C23 C3 C0 C1 <wb> C30 C0 C22 C0 C38 C0 <wb> C21 C0 C13 C0 C11 C13 C0 C1 <wb> C21 C0 C11 C19 C0 C16 C24 C0 <wb> C15 C0 C22 C0 C1 C29 C0 C16 <wb> C11 C19 C0 <wb> C11 C19 C0 <wb> C30 C0 C19 C0 C1 C29 C0 C1 C32 C0 C22 C0 C19 C0 <wb> C36 C29 C0 C17 C0 C1 <wb> C7 C0 C36 C24 C0 C16 C38 C0 C1 <wb> C19 C0 C26 <wb> C3 C0 C7 C0 C21 C0 <wb> C30 C0 C19 C0 C32 C0 C16 <wb> C15 C0 C2
hindi_female_009720|C32 C0 C3 C0 <wb> C12 C0 C16 C29 C0 <wb> C16 C30 C0 <wb> C19 C0 C26 C22 C0 C21 C0 <wb> C22 C0 C30 C0 C32 C0 C16 C31 C0 C19 C0 <wb> C22 C0 C11 C23 <wb> C3 C0 C1 C7 C0 <wb> C22 C0 C11 C23 <wb> C2 C30 C0 C1 <wb> C19 C0 C38 C0 C1 <wb> C14 C0 C34 C0 C16 C32 C0 <wb> C15 C0 C26 C32 C0 C1 <wb> C15 C0 C2 <wb> C19 C0 C16 <wb> C17 C0 C16 C30 C0 C19 C0 C11 <wb> C21 C0 C16 C11 <wb> C36 C30 C0 C11 <wb> C20 C0 C36 C7 C0 <wb> C0 C28 C0 C24 C0 C11 <wb> C28 C0 C29 C0 C1 C25 C0 C26 C23 <wb> C19 C0 C1 <wb> C4 C0 C16 <wb> C22 C0 C26 C15 C0 <wb> C24 C0 C15 C0 C16 C23 <wb> C29 C0 C15 C0 <wb> C17 C0 C1 C32 C0 C1 <wb> C15 C0 C2
hindi_female_009726|C30 C0 C1 C15 C0 C16 C32 C0 C38 C0 C16 C19 C0 <wb> C19 C0 C29 C32 C0 C16 C38 C0 C26 C23 <wb> C19 C0 C26 <wb> C17 C0 C36 C24 C0 C36 C24 C0 <wb> C19 C0 C16 <wb> C15 C0 C7 C0 <wb> C32 C0 C19 C0 <wb> C5 C0 C1 C15 C0 C24 C0 C11 <wb> C37 C0 C1 C21 C0 C11 <wb> C21 C0 C26 C13 C0 C26 C23 <wb> C19 C0 C1 <wb> C21 C0 C14 C0 C36 C32 C0 C22 C0 <wb> C30 C0 C22 C0 C1 C28 C0 C37 C0 C29 C0 C32 C0 C38 C0 <wb> C1 C20 C0 C16 C29 C0 <wb> C19 C0 C38 C0 C1 <wb> C15 C0 C26 <wb> C30 C0 C19 C0 C32 C0 C1 <wb> C15 C0 C2 <wb> C27 C29 C0 <wb> C16 C24 C0 <wb> C19 C0 C29 C32 C0 C16 C38 C0 C26 C23 <wb> C19 C0 C11 <wb> C21 C0 C11 C20 C0 C19 C0 C26 C23 <wb> C19 C0 C1 <wb> C19 C0 C26 C29 C0 C11 <wb> C32 C0 C33 C0 C38 C0 <wb> C16 C30 C0 <wb> C28 C0 C29 C0 C19 C0 C1 C29 C0 <wb> C15 C0 C2 C23
hindi_female_009727|C28 C0 C36 C21 C0 C16 C30 C0 <wb> C19 C0 C16 <wb> C15 C0 C16 C29 C0 C1 C30 C0 C32 C0 <wb> C22 C0 C11 C23 <wb> C15 C0 C1 C22 C0 C30 C0 C36 C24 C0 <wb> C28 C0 C29 C0 <wb> C22 C0 C36 C19 C0 C7 C0 C22 C0 C1 <wb> C5 C0 C21 C0 C1 C38 C0 C1 <wb> C13 C0 C38 C0 C1 <wb> C27 C29 C0 <wb> C16 C30 C0 <wb> C28 C0 C29 C0 C30 C0 C23 C13 C0 <wb> C19 C0 C1 <wb> C16 C32 C0 C16 C15 C0 C1 C30 C0 <wb> C0 C3 C0 <wb> C24 C0 C1 C29 C0 C37 C0 C11 <wb> C32 C0 C19 C0 <wb> C15 C0 C16 <wb> C22 C0 C15 C0 C7 C0 C36 C7 C0 <wb> C24 C0 C15 C0 C16 C23 <wb> C29 C0 C15 C0 <wb> C13 C0 C38 C0 C1 <wb> C15 C0 C2
hindi_female_009728|C17 C0 C16 C30 C0 <wb> C19 C0 C29 C0 C36 C29 C0 C32 C0 C1 <wb> C30 C0 C11 <wb> C22 C0 C24 C0 C26 C5 C0 C16 C19 C0 C16 C32 C0 C30 C0 C16 C38 C0 <wb> C17 C0 C1 C23 C5 C0 <wb> C19 C0 C11 <wb> C3 C0 C15 C0 C1 C24 C0 C11 <wb> C37 C0 C29 C7 C0 C8 C0 <wb> C15 C0 C1 C22 C0 C30 C0 C36 C24 C0 <wb> C19 C0 C26 <wb> C38 C0 C1 C32 C0 C24 C0 C1 <wb> C7 C0 C16 <wb> C13 C0 C38 C0 C16 <wb> C37 C0 C15 C0 <wb> C9 C0 C11 C24 C0 C22 C0 C1 C29 C0 C19 C0 <wb> C19 C0 C11 <wb> C21 C0 C11 C20 C0 C19 C0 <wb> C33 C0 C29 C0 C19 C0 C16 C21 C0 C9 C0 <wb> C15 C0 C1 C22 C0 C30 C0 C36 C24 C0 <wb> C19 C0 C16 <wb> C28 C0 C36 C30 C0 C32 C0 C19 C0 <wb> C28 C0 C29 C0 C26 C30 C0 C11 C31 C0 C24 C0 <wb> C22 C0 C11 C23 <wb> C28 C0 C2 C24 C0 C11 <wb> C27 C29 C0 <wb> C22 C0 C1 C29 C0 C22 C0 C16 C19 C0 <wb> C37 C0 C16 C37 C0 C29 C0 C25 C0 C26 C23 <wb> C19 C0 C11 <wb> C30 C0 C1 C33 C0 <wb> C7 C0 C29 C0 C17 C0 <wb> C15 C0 C2
hindi_female_009729|C16 C30 C0 <wb> C28 C0 C36 C30 C0 C32 C0 C19 C0 <wb> C30 C0 C11 <wb> C27 C29 C0 <wb> C16 C30 C0 <wb> C21 C0 C11 C20 C0 C19 C0 <wb> C19 C0 C11 <wb> C28 C0 C29 C0 C32 C0 C16 <wb> C15 C0 C36 C16 <wb> C28 C0 C29 C0 C32 C0 C16 <wb> C19 C0 C29 C0 C16 C38 C0 C1 <wb> C30 C0 C11 <wb> C16 C30 C0 <wb> C3 C0 C1 C32 C0 <wb> C19 C0 C1 <wb> C0 C24 C0 C36 C22 C0 C1 C24 C0 <wb> C30 C0 C15 C0 C17 C0 <wb> C15 C0 C16 <wb> C21 C0 C13 C0 C1 C38 C0 C1 <wb> C17 C0 C1 <wb> C30 C0 C19 C0 C32 C0 C1 <wb> C15 C0 C2 <wb> C19 C0 C16 <wb> C19 C0 C11 C37 C0 C21 C0 <wb> C24 C0 C1 C32 C0 C30 C0 C16 <wb> C15 C0 C16 <wb> C24 C0 C1 C32 C0 C30 C0 C16 <wb> C24 C0 C15 C0 C16 C23 <wb> C33 C0 C11
hindi_female_009741|C19 C0 C16 <wb> C21 C0 C26 C13 C0 C26 C23 <wb> C19 C0 C26 <wb> C13 C0 C29 C0 C7 C0 <wb> C27 C29 C0 <wb> C22 C0 C15 C0 C16 C24 C0 <wb> C5 C0 C36 C29 C0 C25 C0 <wb> C30 C0 C11 <wb> C15 C0 C26 C24 C0 C11 <wb> C37 C0 C1 C21 C0 C11 <wb> C37 C0 C16 C30 C0 C12 C0 C26 C34 C0 <wb> C19 C0 C11 <wb> C20 C0 C32 C0 C29 C0 C11 <wb> C19 C0 C11 <wb> C3 C0 C1 C29 C0 C11 <wb> C22 C0 C11 C23 <wb> C17 C0 C1 C24 C0 C19 C0 C1 C29 C0 C16 <wb> C24 C0 C15 C0 C16 <wb> C15 C0 C2
hindi_female_009742|C17 C0 C15 C0 C1 C23 <wb> C32 C0 C19 C0 <wb> C13 C0 C29 C0 C7 C0 <wb> C19 C0 C11 <wb> C20 C0 C32 C0 C29 C0 C26 C23 <wb> C19 C0 C1 <wb> C30 C0 C37 C0 C1 C21 C0 <wb> C15 C0 C2 <wb> C32 C0 C26 <wb> C0 C5 C0 C6 C0 C16 <wb> C30 C0 C1 C12 C0 <wb> C30 C0 C12 C0 C1 C16 <wb> C11 C19 C0 <wb> C22 C0 C15 C0 C32 C0 C32 C0 C37 C0 C28 C0 C36 C29 C0 C25 C0 <wb> C30 C0 C36 C29 C0 C19 C0 C31 C0 C1 <wb> C19 C0 C1 C29 C0 C38 C0 <wb> C28 C0 C29 C0 C19 C0 C29 C0 C16 C38 C0 C1 <wb> C15 C0 C2
hindi_female_009744|C30 C0 C29 C0 C19 C0 C1 C29 C0 <wb> C19 C0 C26 <wb> C19 C0 C26 C16 <wb> C15 C0 C19 C0 <wb> C24 C0 C15 C0 C16 <wb> C15 C0 C2 <wb> C19 C0 C16 <wb> C37 C0 C15 C0 <wb> C13 C0 C29 C0 C16 C3 C0 <wb> C21 C0 C26 C13 C0 C26 C23 <wb> C19 C0 C1 <wb> C0 C28 C0 C22 C0 C1 C24 C0 <wb> C19 C0 C29 C0 C11
hindi_female_009746|C13 C0 C17 C0 C21 C0 <wb> C11 C19 C0 <wb> C15 C0 C16 <wb> C3 C0 C15 C0 C29 C0 <wb> C27 C29 C0 <wb> C37 C0 C17 C0 C24 C0 <wb> C19 C0 C11 <wb> C0 C24 C0 C36 C30 C0 C1 C29 C0 <wb> C21 C0 C16 C20 C0 C11 <wb> C13 C0 C11 <wb> C31 C0 C11 C29 C0 C26 C23 <wb> C19 C0 C1 <wb> C30 C0 C22 C0 C36 C15 C0 <wb> C15 C0 C2
hindi_female_009747|C13 C0 C17 C0 C21 C0 C26 C23 <wb> C19 C0 C1 <wb> C1 C29 C0 C23 C4 C0 <wb> C0 C29 C0 C3 C0 C16 <wb> C30 C0 C1 C15 C0 C16 C32 C0 C38 C0 <wb> C19 C0 C16 <wb> C19 C0 C1 C37 C0 C38 C0 <wb> C37 C0 C16 C8 C0 C1 <wb> C19 C0 C11 <wb> C29 C0 C36 C28 C0 <wb> C22 C0 C11 C23 <wb> C15 C0 C36 C1
hindi_female_009750|C37 C0 C2 C30 C0 C11 <wb> C16 C30 C0 <wb> C36 C28 C0 C24 C0 C38 C0 C1 C30 C0 <wb> C22 C0 C11 C23 <wb> C37 C0 C38 C0 C19 C0 C32 C0 C16 C13 C0 C32 C0 <wb> C30 C0 C23 C3 C0 C23 C8 C0 C26 C23 <wb> C19 C0 C11 <wb> C19 C0 C1 C29 C0 C25 C0 <wb> C4 C0 C1 C29 C0 C32 C0 <wb> C22 C0 C11 C23 <wb> C0 C22 C0 C11 C29 C0 C16 C19 C0 C1 <wb> C19 C0 C11 <wb> C28 C0 C36 C29 C0 C37 C0 <wb> C29 C0 C1 C17 C0 C7 C0 C36 C32 C0 <wb> C19 C0 C16 <wb> C11 C19 C0 <wb> C19 C0 C31 C0 C22 C0 C16 C29 C0 C16 <wb> C7 C0 C37 C0 C1 C29 C0 C1 <wb> C15 C0 C32 C0 C38 C0 C1 <wb> C19 C0 C16 <wb> C17 C0 C1 C32 C0 C16 <wb> C15 C0 C2 <wb> C21 C0 C11 C19 C0 C16 C24 C0 <wb> C16 C30 C0 C16 <wb> C37 C0 C16 C31 C0 C11 C31 C0 <wb> C30 C0 C23 C7 C0 C29 C0 C4 C0 <wb> C19 C0 C11 <wb> C19 C0 C1 C29 C0 C25 C0 <wb> C38 C0 C15 C0 <wb> C14 C0 C34 C0 C24 C0 C1 <wb> C0 C28 C0 C24 C0 C11 <wb> C1 C28 C0 <wb> C22 C0 C11 C23 <wb> C1 C32 C0 C23 C19 C0 C37 C0 C1 C7 C0 C16 <wb> C14 C0 C34 C0 C24 C0 C1 <wb> C28 C0 C29 C0 C32 C0 C16 C32 C0 <wb> C15 C0 C26 C24 C0 C11 <wb> C21 C0 C13 C0 C32 C0 C16 <wb> C15 C0 C2
hindi_female_009751|C22 C0 C36 C30 C0 C21 C0 C16 C22 C0 <wb> C0 C24 C0 C38 C0 <wb> C19 C0 C16 <wb> C6 C0 C37 C0 C16 <wb> C19 C0 C1 <wb> C24 C0 C16 C29 C0 C22 C0 C1 C25 C0 <wb> C19 C0 C16 C30 C0 <wb> C32 C0 C29 C0 C15 C0 <wb> C19 C0 C16 C38 C0 C1 <wb> C17 C0 C1 <wb> C29 C0 C15 C0 C1 <wb> C15 C0 C2 <wb> C16 C30 C0 C19 C0 C16 <wb> C11 C19 C0 <wb> C18 C0 C21 C0 C19 C0 <wb> C16 C30 C0 <wb> C36 C28 C0 C24 C0 C38 C0 C1 C30 C0 <wb> C22 C0 C11 C23 <wb> C7 C0 C16 C20 C0 C1 C16 <wb> C7 C0 C11 C32 C0 C16 <wb> C15 C0 C2
hindi_female_010294|C16 C30 C0 C19 C0 C16 <wb> C30 C0 C22 C0 C18 C0 <wb> C38 C0 C1 <wb> C28 C0 C29 C0 C37 C0 C1 C15 C0 <wb> C15 C0 C26 C24 C0 C11 <wb> C19 C0 C11 <wb> C3 C0 C7 C0 C21 C0 C11 <wb> C0 C28 C0 C24 C0 C11 <wb> C28 C0 C29 C0 C32 C0 C16 C7 C0 C37 C0 C23 C7 C0 C16 C38 C0 C26 C23 <wb> C15 C0 C16 C23 C7 C0 C16 <wb> C19 C0 C11 <wb> C30 C0 C33 C0 C1 C28 C0 C16 C32 C0 <wb> C28 C0 C29 C0 C19 C0 C1 C31 C0 C19 C0 C26 C23 <wb> C29 C0 C1 C17 C0 C19 C0 C22 C0 C21 C0 <wb> C37 C0 C1 C25 C0 C16 <wb> C38 C0 C1 C24 C0 C28 C0 C16 C35 C0 <wb> C19 C0 C11 <wb> C3 C0 C1 C29 C0 C11 <wb> C22 C0 C11 C23 <wb> C19 C0 C38 C0 C1 <wb> C29 C0 C1 C38 C0 <wb> C33 C0 C16
hindi_female_010302|C0 C28 C0 C24 C0 C16 <wb> C0 C4 C0 C7 C0 C29 C0 <wb> C34 C0 C16 C28 C0 C28 C0 C25 C0 C16 C38 C0 C26 C23 <wb> C27 C29 C0 <wb> C0 C31 C0 C16 C19 C0 C31 C0 C16 C32 C0 C26 C23 <wb> C19 C0 C11 <wb> C3 C0 C1 C29 C0 C11 <wb> C22 C0 C11 C23 <wb> C0 C28 C0 C24 C0 C11 <wb> C17 C0 C26 C19 C0 C30 C0 <wb> C19 C0 C11 <wb> C21 C0 C16 C38 C0 C11 <wb> C37 C0 C16 C20 C0 C38 C0 C1 C32 C0 <wb> C27 C29 C0 <wb> C4 C0 C9 C0 C19 C0 C16 C21 C0 C11 <wb> C30 C0 C36 C34 C0 <wb> C28 C0 C15 C0 C24 C0 C24 C0 C11 <wb> C37 C0 C1 C21 C0 C1 <wb> C38 C0 C15 C0 <wb> C28 C0 C29 C0 C30 C0 C32 C0 C26 C32 C0 C1 <wb> C11 C19 C0 <wb> C3 C0 C1 C29 C0 <wb> C21 C0 C1 C16 C37 C0 <wb> C31 C0 C26 <wb> C19 C0 C11 <wb> C7 C0 C27 C29 C0 C1 C24 C0 <wb> C28 C0 C2 C13 C0 C23 C3 C0 C29 C0 <wb> C22 C0 C36 C15 C0 C22 C0 C22 C0 C7 C0 <wb> C19 C0 C11 <wb> C3 C0 C1 C29 C0 C11 <wb> C22 C0 C11 C23 <wb> C11 C19 C0 <wb> C1 C28 C0 C32 C0 C32 C0 C16 C17 C0 C24 C0 C19 C0 <wb> C34 C0 C16 C28 C0 C28 C0 C25 C0 C16 <wb> C19 C0 C29 C0 <wb> C3 C0 C2 C35 C0 C32 C0 C1 <wb> C15 C0 C2
hindi_female_010304|C29 C0 C22 C0 C11 C31 C0 <wb> C16 C30 C0 C32 C0 C1 C22 C0 C3 C0 C36 C21 C0 <wb> C28 C0 C29 C0 C11 C30 C0 <wb> C19 C0 C26 <wb> C11 C19 C0 <wb> C20 C0 C32 C0 <wb> C4 C0 C11 C17 C0 C32 C0 C1 <wb> C15 C0 C2
hindi_female_010310|C17 C0 C15 C0 C1 C23 <wb> C32 C0 C19 C0 <wb> C21 C0 C16 C24 C0 C19 C0 C30 C0 <wb> C19 C0 C1 <wb> C30 C0 C37 C0 C1 C21 C0 <wb> C33 C0 C1 <wb> C21 C0 C16 C24 C0 C19 C0 C30 C0 <wb> C19 C0 C1 <wb> C28 C0 C29 C0 C38 C0 C26 C13 C0 <wb> C4 C0 C16 <wb> C20 C0 C36 C3 C0 <wb> C19 C0 C16 C38 C0 C1 <wb> C13 C0 C38 C0 C1 <wb> C21 C0 C11 C19 C0 C16 C24 C0 <wb> C16 C30 C0 C19 C0 C1 <wb> C36 C28 C0 C38 C0 C26 C13 C0 <wb> C0 C8 C0 C16 C19 C0 C32 C0 C29 C0 <wb> C30 C0 C29 C0 C37 C0 C29 C0 <wb> C28 C0 C29 C0 <wb> C15 C0 C16 <wb> C19 C0 C16 C38 C0 C1 <wb> C9 C0 C11 C30 C0 C19 C0 <wb> C34 C0 C1 C28 C0 <wb> C28 C0 C29 C0 <wb> C24 C0 C15 C0 C16 C23
hindi_female_010315|C38 C0 C11 <wb> C30 C0 C22 C0 C28 C0 C1 C7 C0 C19 C0 C16 C38 C0 <wb> C2 C30 C0 C16 <wb> C30 C0 C1 C22 C0 C1 C17 C0 C16 C19 C0 <wb> C37 C0 C2 C38 C0 C19 C0 C32 C0 C16 C19 C0 <wb> C22 C0 C15 C0 C1 C32 C0 C37 C0 C19 C0 C1 C23 C19 C0 C31 C0 C1 C26 C23 <wb> C30 C0 C11 <wb> C21 C0 C3 C0 C29 C0 C11 C17 C0 <wb> C15 C0 C26 C32 C0 C11 <wb> C15 C0 C2 C23 <wb> C19 C0 C16 <wb> C15 C0 C22 C0 C11 C23 <wb> C0 C28 C0 C24 C0 C11 <wb> C30 C0 C1 C33 C0 <wb> C13 C0 C16 C29 C0 C1 <wb> C21 C0 C11 C32 C0 C11 <wb> C15 C0 C2 C23
hindi_female_010324|C15 C0 C16 C24 C0 C7 C0 C16 <wb> C22 C0 C11 C23 <wb> C30 C0 C3 C0 <wb> C19 C0 C37 C0 C16 C38 C0 C26 C23 <wb> C19 C0 C16 <wb> C28 C0 C36 C30 C0 C32 C0 C19 C0 C11 C23 <wb> C32 C0 C16 C24 C0 <wb> C30 C0 C27 <wb> C5 C0 C1 C29 C0 <wb> C30 C0 C27 <wb> C6 C0 C28 C0 C32 C0 C16 <wb> C15 C0 C2 C23 <wb> C28 C0 C29 C0 <wb> C15 C0 C16 C24 C0 C7 C0 C16 <wb> C22 C0 C11 C23 <wb> C15 C0 C29 C0 <wb> C37 C0 C29 C0 C31 C0 <wb> C5 C0 C1 C29 C0 <wb> C30 C0 C27 <wb> C30 C0 C11 <wb> C15 C0 C17 C0 C1 C29 C0 <wb> C19 C0 C1 C37 C0 C38 C0 <wb> C28 C0 C36 C30 C0 C32 C0 C19 C0 C11 C23 <wb> C6 C0 C28 C0 C32 C0 C16 <wb> C15 C0 C2 C23
hindi_female_010325|C28 C0 C29 C0 <wb> C22 C0 C24 C0 <wb> C22 C0 C11 <wb> C6 C0 C1 C21 C0 C11 <wb> C15 C0 C2 C23 <wb> C19 C0 C16 <wb> C30 C0 C36 C20 C0 C32 C0 C11 <wb> C24 C0 C15 C0 C16 C23 <wb> C3 C0 C21 C0 C19 C0 C16 <wb> C3 C0 C1 C29 C0 <wb> C3 C0 C1 C29 C0 <wb> C12 C0 C36 C34 C0 <wb> C19 C0 C29 C0 <wb> C36 C30 C0 C11 <wb> C1 C15 C0 C32 C0 <wb> C19 C0 C29 C0 C32 C0 C11 <wb> C15 C0 C2 C23 <wb> C36 C30 C0 C19 C0 C1 <wb> C19 C0 C38 C0 C1 <wb> C13 C0 C36 C24 C0 C1 C15 C0 <wb> C33 C0 C1
hindi_female_010329|C7 C0 C11 C20 C0 C24 C0 C11 <wb> C7 C0 C16 C20 C0 C1 C24 C0 C11 <wb> C19 C0 C16 <wb> C29 C0 C30 C0 C22 C0 <wb> C19 C0 C11 <wb> C3 C0 C1 C7 C0 <wb> C30 C0 C3 C0 C19 C0 C11 <wb> C19 C0 C15 C0 C24 C0 C11 <wb> C28 C0 C29 C0 <wb> C11 C19 C0 C1 C23 C32 C0 <wb> C22 C0 C11 C23 <wb> C36 C30 C0 C24 C0 C11 <wb> C11 C19 C0 <wb> C30 C0 C23 C19 C0 C31 C0 C16 C28 C0 C32 C0 <wb> C3 C0 C1 C32 C0 <wb> C19 C0 C16 <wb> C27 C29 C0 <wb> C37 C0 C15 C0 <wb> C0 C5 C0 C1 C24 C0 C19 C0 <wb> C36 C35 C0 <wb> C19 C0 C29 C0 <wb> C5 C0 C21 C0 C16 <wb> C13 C0 C16 <wb> C32 C0 C3 C0 <wb> C36 C30 C0 C11 <wb> C21 C0 C13 C0 C1 <wb> C33 C0 C1 <wb> C19 C0 C16 <wb> C31 C0 C29 C0 C22 C0 C1 <wb> C29 C0 C15 C0 C16 <wb> C15 C0 C26 C13 C0 C16
hindi_female_010331|C22 C0 C36 C18 C0 C11 <wb> C6 C0 C36 C24 C0 C1 <wb> C22 C0 C32 C0 <wb> C38 C0 C15 C0 <wb> C31 C0 C1 C7 C0 C16 <wb> C24 C0 C15 C0 C16 C23 <wb> C15 C0 C2 <wb> C0 C37 C0 C16 C24 C0 C1 C31 C0 <wb> C30 C0 C22 C0 C18 C0 C27 C32 C0 C1 <wb> C15 C0 C2
hindi_female_010337|C28 C0 C16 C6 C0 C21 C0 C11 <wb> C19 C0 C16 <wb> C7 C0 C16 C24 C0 C26 C23 <wb> C30 C0 C11 <wb> C38 C0 C15 C0 <wb> C22 C0 C1 C36 C23 C34 C0 <wb> C1 C3 C0 C36 <wb> C28 C0 C29 C0 C19 C0 C29 C0 C25 C0 <wb> C22 C0 C1 C23 <wb> C27 C29 C0 <wb> C22 C0 C1 C22 C0 C1 <wb> C5 C0 C21 C0 C1 C11 <wb> C17 C0 C1 <wb> C29 C0 C15 C0 C11 <wb> C33 C0 C11
hindi_female_010338|C16 C30 C0 <wb> C3 C0 C1 C29 C0 <wb> C22 C0 C1 C22 C0 C1 <wb> C6 C0 C1 C6 C0 <wb> C4 C0 C16 <wb> C12 C0 C36 C23 C19 C0 <wb> C12 C0 C36 C23 C19 C0 <wb> C19 C0 C29 C0 <wb> C28 C0 C16 C24 C0 C1 <wb> C5 C0 C1 C15 C0 C32 C0 C11 <wb> C33 C0 C11 <wb> C30 C0 C26 <wb> C37 C0 C15 C0 <wb> C36 C30 C0 C11 <wb> C21 C0 C9 C0 C19 C0 C16 <wb> C27 C29 C0 <wb> C36 C30 C0 <wb> C19 C0 C11 <wb> C28 C0 C29 C0 C16 C37 C0 C1 C29 C0 <wb> C19 C0 C11 <wb> C30 C0 C1 C33 C0 <wb> C28 C0 C36 C29 C0 C11 <wb> C28 C0 C24 C0 C7 C0 C29 C0 C15 C0 <wb> C3 C0 C16 C30 C0 <wb> C7 C0 C16 C24 C0 <wb> C6 C0 C26 C9 C0 C24 C0 C1 <wb> C5 C0 C1 C15 C0 <wb> C29 C0 C15 C0 C11 <wb> C33 C0 C11
hindi_female_010339|C3 C0 C29 C0 C16 C13 C0 C11 C9 C0 C16 C38 C0 C29 C0 <wb> C30 C0 C16 C24 C0 C15 C0 C1 <wb> C22 C0 C1 C22 C0 C1 <wb> C19 C0 C11 <wb> C19 C0 C21 C0 C16 C13 C0 <wb> C29 C0 C15 C0 <wb> C5 C0 C36 C19 C0 C11 <wb> C15 C0 C2 C23 <wb> C36 C24 C0 C19 C0 C16 <wb> C11 C19 C0 <wb> C3 C0 C15 C0 C24 C0 <wb> C15 C0 C2 <wb> C0 C37 C0 C16 C37 C0 C1 C15 C0 C16 C32 C0 <wb> C36 C30 C0 C24 C0 C11 <wb> C4 C0 C16 <wb> C19 C0 C16 C24 C0 C15 C0 C16 C23 <wb> C19 C0 C1 C29 C0 C25 C0 C26 C23 <wb> C30 C0 C11 <wb> C31 C0 C1 C7 C0 C16 <wb> C24 C0 C15 C0 C16 C23 <wb> C19 C0 C16
hindi_female_010344|C30 C0 C1 C22 C0 C24 C0 C11 <wb> C37 C0 C1 C21 C0 C16 <wb> C30 C0 C16 C34 C0 <wb> C28 C0 C29 C0 <wb> C11 C19 C0 <wb> C37 C0 C16 C7 C0 C11 C31 C0 C16 <wb> C38 C0 C36 C37 C0 C32 C0 C16 <wb> C3 C0 C2 C35 C0 C16 <wb> C15 C0 C2 <wb> C36 C30 C0 C11 <wb> C7 C0 C11 C20 C0 <wb> C22 C0 C36 C30 C0 C19 C0 C36 C29 C0 C1 <wb> C7 C0 C11 C32 C0 C16 <wb> C15 C0 C2
hindi_female_010349|C37 C0 C15 C0 <wb> C3 C0 C30 C0 <wb> C0 C28 C0 C24 C0 C16 <wb> C24 C0 C27 C19 C0 C29 C0 C16 <wb> C19 C0 C11 <wb> C3 C0 C16 C30 C0 <wb> C30 C0 C1 C21 C0 <wb> C28 C0 C36 C29 C0 C11 <wb> C19 C0 C29 C0 C32 C0 C11 <wb> C15 C0 C16 <wb> C0 C3 C0 C29 C0 C26 C9 C0 <wb> C5 C0 C21 C0 C1 <wb> C17 C0 C1 C11 C13 C0 C1
hindi_female_010350|C31 C0 C1 C22 C0 <wb> C10 C0 C21 C0 C24 C0 C11 <wb> C21 C0 C13 C0 C16 <wb> C33 C0 C16 <wb> C21 C0 C13 C0 C32 C0 C1 <wb> C15 C0 C2 <wb> C1 C3 C0 C36 <wb> C29 C0 C26 C9 C0 <wb> C30 C0 C11 <wb> C36 C28 C0 C29 C0 <wb> C22 C0 C1 C36 C23 C34 C0 <wb> C1 C3 C0 C36 <wb> C28 C0 C15 C0 C36 C23 C5 C0 C32 C0 C11 <wb> C28 C0 C15 C0 C36 C23 C5 C0 C32 C0 C11 <wb> C7 C0 C26 <wb> C14 C0 C23 C34 C0 C11 <wb> C27 C29 C0 <wb> C21 C0 C13 C0 <wb> C17 C0 C1 C11 C23 C13 C0 C11 <wb> C27 C29 C0 <wb> C37 C0 C15 C0 <wb> C29 C0 C1 C32 C0 <wb> C1 C35 C0 <wb> C3 C0 C17 C0 C11 <wb> C30 C0 C11 <wb> C28 C0 C15 C0 C21 C0 C11 <wb> C24 C0 C15 C0 C16 C23 <wb> C28 C0 C15 C0 C36 C23 C5 C0 C11 C13 C0 C1
hindi_female_010355|C3 C0 C30 C0 C30 C0 C34 C0 C28 C0 <wb> C28 C0 C29 C0 <wb> C36 C32 C0 C29 C0 <wb> C19 C0 C29 C0 <wb> C37 C0 C15 C0 <wb> C0 C28 C0 C24 C0 C1 <wb> C30 C0 C1 C22 C0 C1 C24 C0 <wb> C9 C0 C16 C19 C0 C19 C0 C16 <wb> C30 C0 C11 <wb> C24 C0 C16 C19 C0 C21 C0 C37 C0 C1 <wb> C29 C0 C15 C0 C1 <wb> C15 C0 C2
hindi_female_010362|C0 C24 C0 C7 C0 C29 C0 <wb> C28 C0 C26 C15 C0 C23 C5 C0 <wb> C19 C0 C29 C0 <wb> C29 C0 C1 C22 C0 C30 C0 C16 C23 C13 C0 <wb> C19 C0 C26 <wb> C36 C24 C0 C19 C0 C1 <wb> C30 C0 C1 C22 C0 C1 C24 C0 <wb> C13 C0 C11 C30 C0 C34 C0 C29 C0 C36 C22 C0 <wb> C22 C0 C11 C23 <wb> C29 C0 C20 C0 C24 C0 C11 <wb> C19 C0 C1 <wb> C1 C7 C0 C11 C31 C0 <wb> C7 C0 C11 C19 C0 C29 C0 <wb> C36 C30 C0 C11 <wb> C15 C0 C1 C21 C0 C24 C0 C36 C22 C0 C1 <wb> C9 C0 C29 C0 C26 C16 C23 C13 C0 <wb> C29 C0 C36 C22 C0 <wb> C22 C0 C11 C23 <wb> C3 C0 C16 C35 C0 C1 <wb> C19 C0 C29 C0 <wb> C37 C0 C11 <wb> C0 C24 C0 C7 C0 C29 C0 <wb> C19 C0 C15 C0 C16 C23 <wb> C13 C0 C1 C38 C0 C3 C0 <wb> C15 C0 C26 <wb> C13 C0 C38 C0 C11
hindi_female_010364|C0 C37 C0 C16 C24 C0 C1 C31 C0 <wb> C38 C0 C11 <wb> C22 C0 C11 C29 C0 C16 <wb> C3 C0 C11 C34 C0 C16 <wb> C24 C0 C16 C21 C0 C1 C23 C17 C0 C24 C0 C1 <wb> C15 C0 C2
hindi_female_010371|C28 C0 C36 C29 C0 C1 <wb> C14 C0 C36 C22 C0 C14 C0 C1 C22 C0 <wb> C19 C0 C29 C0 <wb> C7 C0 C11 C20 C0 <wb> C19 C0 C29 C0 <wb> C36 C30 C0 C11 <wb> C38 C0 C1 C7 C0 <wb> C1 C38 C0 C1 <wb> C7 C0 C30 C0 <wb> C3 C0 C17 C0 C11 <wb> C9 C0 C16 C24 C0 C29 C0 <wb> C19 C0 C11 <wb> C21 C0 C16 C38 C0 C11 <wb> C24 C0 C16 C5 C0 C11 <wb> C36 C32 C0 C29 C0 C24 C0 C1 <wb> C15 C0 C2
hindi_female_010372|C0 C37 C0 C16 C24 C0 C1 C31 C0 <wb> C0 C23 C17 C0 C24 C0 C1 <wb> C22 C0 C11 C29 C0 C16 <wb> C37 C0 C1 C16 C12 C0 <wb> C30 C0 C11 <wb> C32 C0 C36 C22 C0 <wb> C22 C0 C16 C21 C0 <wb> C5 C0 C36 C19 C0 C11 <wb> C15 C0 C26
hindi_female_010379|C4 C0 C29 C0 C11 <wb> C30 C0 C1 C24 C0 C36 C28 C0 C1 C32 C0 C16 C19 C0 <wb> C17 C0 C16 C30 C0 C22 C0 <wb> C28 C0 C29 C0 <wb> C3 C0 C1 C34 C0 C16 C19 C0 <wb> C28 C0 C29 C0 C16 C24 C0 C34 C0 <wb> C19 C0 C1 <wb> C4 C0 C29 C0 C1 <wb> C19 C0 C36 C29 C0 C32 C0 C1 <wb> C27 C29 C0 <wb> C17 C0 C16 C24 C0 C30 C0 <wb> C14 C0 C24 C0 C11 <wb> C19 C0 C1 C21 C0 C11 <wb> C21 C0 C22 C0 C3 C0 C11 <wb> C3 C0 C1 C21 C0 C26 C23 <wb> C19 C0 C26 <wb> C1 C19 C0 C29 C0 C31 C0 C19 C0 <wb> C22 C0 C13 C0 C29 C0 <wb> C3 C0 C11 C32 C0 C29 C0 C32 C0 C16 C3 C0 <wb> C17 C0 C36 C9 C0 C11 <wb> C22 C0 C11 C23 <wb> C21 C0 C28 C0 C11 C34 C0 C1 <wb> C15 C0 C36 C1
hindi_female_010380|C3 C0 C1 C32 C0 <wb> C19 C0 C29 C0 C24 C0 C11 <wb> C19 C0 C11 <wb> C10 C0 C23 C13 C0 <wb> C27 C29 C0 <wb> C31 C0 C3 C0 C7 C0 C26 C23 <wb> C19 C0 C11 <wb> C5 C0 C38 C0 C24 C0 <wb> C30 C0 C11 <wb> C21 C0 C13 C0 C32 C0 C1 <wb> C15 C0 C2 <wb> C19 C0 C16 <wb> C3 C0 C36 C8 C0 C7 C0 C16 C17 C0 C16 C37 C0 C16 <wb> C27 C29 C0 <wb> C19 C0 C21 C0 C1 C19 C0 C1 C29 C0 <wb> C3 C0 C1 C32 C0 <wb> C19 C0 C29 C0 <wb> C29 C0 C15 C0 C1 <wb> C15 C0 C2
hindi_female_010381|C12 C0 C16 C29 C0 <wb> C24 C0 C17 C0 C29 C0 <wb> C14 C0 C36 C22 C0 C16 <wb> C32 C0 C26 <wb> C24 C0 C16 C21 C0 C1 <wb> C28 C0 C29 C0 <wb> C17 C0 C1 <wb> C34 C0 C16 C19 C0 C16 <wb> C5 C0 C22 C0 C28 C0 C16 <wb> C29 C0 C23 C13 C0 <wb> C3 C0 C36 C1 <wb> C19 C0 C16 <wb> C30 C0 C16 <wb> C15 C0 C16 <wb> C3 C0 C9 C0 C16 <wb> C3 C0 C9 C0 C16 <wb> C21 C0 C22 C0 C3 C0 C16 <wb> C1 C23 C20 C0 C11 C23 <wb> C28 C0 C29 C0 <wb> C24 C0 C1 C19 C0 <wb> C27 C29 C0 <wb> C15 C0 C26 C23 C35 C0 <wb> C22 C0 C1 C23 <wb> C17 C0 C2 C30 C0 C16 <wb> C30 C0 C36 C14 C0 C10 C0
hindi_female_010387|C38 C0 C15 C0 <wb> C0 C34 C0 C19 C0 C16 <wb> C15 C0 C36 C16 <wb> C15 C0 C2 <wb> C7 C0 C29 C0 C0 C30 C0 C21 C0 <wb> C3 C0 C22 C0 C3 C0 C11 <wb> C15 C0 C26 C32 C0 C16 <wb> C32 C0 C26 <wb> C28 C0 C36 C29 C0 C1 <wb> C15 C0 C26 <wb> C17 C0 C1 C32 C0 C16 <wb> C16 C30 C0 C11 <wb> C24 C0 C16 C21 C0 C1 <wb> C21 C0 C11 <wb> C24 C0 C15 C0 C16 C23 <wb> C17 C0 C1 C24 C0 C11 <wb> C7 C0 C11 C32 C0 C16 <wb> C15 C0 C2
hindi_female_010392|C3 C0 C29 C0 C16 C13 C0 C11 C9 C0 C16 C38 C0 C29 C0 <wb> C30 C0 C16 C24 C0 C15 C0 C1 <wb> C24 C0 C11 <wb> C19 C0 C31 C0 C22 C0 C16 C29 C0 <wb> C22 C0 C30 C0 C21 C0 C11 <wb> C28 C0 C29 C0 <wb> C3 C0 C1 C32 C0 <wb> C6 C0 C11 C9 C0 <wb> C7 C0 C16 <wb> C32 C0 C26 <wb> C37 C0 C15 C0 <wb> C5 C0 C29 C0 C5 C0 C1 <wb> C7 C0 C11 C29 C0 <wb> C32 C0 C19 C0 <wb> C5 C0 C21 C0 C32 C0 C16 <wb> C29 C0 C15 C0 C16
hindi_female_010395|C21 C0 C23 C5 C0 <wb> C19 C0 C11 <wb> C3 C0 C1 C7 C0 <wb> C37 C0 C15 C0 <wb> C0 C28 C0 C24 C0 C11 <wb> C19 C0 C22 C0 C29 C0 C11 <wb> C22 C0 C11 C23 <wb> C1 C24 C0 C11 <wb> C19 C0 C11 <wb> C3 C0 C1 C7 C0 <wb> C7 C0 C11 C29 C0 <wb> C32 C0 C19 C0 <wb> C16 C30 C0 <wb> C37 C0 C16 C31 C0 C38 C0 <wb> C28 C0 C29 C0 <wb> C30 C0 C26 C5 C0 <wb> C30 C0 C26 C5 C0 <wb> C19 C0 C29 C0 <wb> C36 C21 C0 C18 C0 C32 C0 C1 <wb> C29 C0 C15 C0 C1
hindi_female_010396|C30 C0 C21 C0 C37 C0 C1 C29 C0 <wb> C19 C0 C36 C29 C0 C32 C0 C11 <wb> C22 C0 C11 C23 <wb> C24 C0 C16 C21 C0 C1 <wb> C3 C0 C9 C0 C16 <wb> C3 C0 C9 C0 C16 <wb> C21 C0 C13 C0 C16
hindi_female_010398|C28 C0 C21 C0 C16 C17 C0 <wb> C0 C37 C0 C16 C24 C0 C1 C31 C0 <wb> C0 C23 C19 C0 C21 C0 <wb> C1 C28 C0 <wb> C19 C0 C15 C0 C16 C38 C0 C11 <wb> C24 C0 C1 <wb> C22 C0 C22 C0 C22 C0 C16 <wb> C19 C0 C26 <wb> C19 C0 C16 <wb> C22 C0 C2 C23 <wb> C4 C0 C16 <wb> C5 C0 C21 C0 C36 C23 C13 C0 C16
hindi_female_010399|C36 C30 C0 C24 C0 C11 <wb> C24 C0 C16 C21 C0 C1 <wb> C19 C0 C26 <wb> C30 C0 C1 C33 C0 <wb> C21 C0 C11 <wb> C15 C0 C16 <wb> C21 C0 C16 C38 C0 C1 <wb> C30 C0 C36 C8 C0 C1 <wb> C24 C0 C11 <wb> C4 C0 C16 <wb> C28 C0 C2 C29 C0 C37 C0 C16 <wb> C19 C0 C16 <wb> C19 C0 C38 C0 C26 C23 C19 C0 C16 <wb> C7 C0 C26 C24 C0 C26 C23 <wb> C15 C0 C16 <wb> C34 C0 C1 C21 C0 <wb> C29 C0 C15 C0 C11 <wb> C33 C0 C11 <wb> C11 C19 C0 C1 C24 C0 C32 C0 <wb> C19 C0 C1 <wb> C30 C0 C1 C33 C0
hindi_female_010403|C24 C0 C16 C21 C0 C1 <wb> C24 C0 C11 <wb> C1 C19 C0 C29 C0 <wb> C15 C0 C1 C33 C0 <wb> C28 C0 C19 C0 C9 C0 <wb> C21 C0 C16 C38 C0 C1 <wb> C11 C19 C0 <wb> C36 C31 C0 C25 C0 <wb> C27 C29 C0 <wb> C36 C32 C0 C30 C0 C1 C15 C0 <wb> C30 C0 C11 <wb> C4 C0 C29 C0 C1 <wb> C30 C0 C28 C0 C29 C0 C31 C0
hindi_female_010413|C15 C0 C37 C0 C1 <wb> C22 C0 C11 C23 <wb> C36 C9 C0 C32 C0 C1 <wb> C36 C30 C0 C19 C0 C1 <wb> C21 C0 C2 C30 C0 <wb> C37 C0 C1 C21 C0 C1 <wb> C19 C0 C21 C0 C29 C0 <wb> C0 C37 C0 C16 C24 C0 C1 C31 C0 C17 C0 C16 <wb> C19 C0 C38 C0 C1 <wb> C7 C0 C11 C20 C0 <wb> C29 C0 C15 C0 C11 <wb> C33 C0 C11 <wb> C38 C0 C15 C0 C16 <wb> C19 C0 C16 <wb> C32 C0 C36 C22 C0 <wb> C3 C0 C15 C0 C36 C32 C0 <wb> C30 C0 C36 C24 C0 C7 C0 C29 C0 <wb> C15 C0 C26
hindi_female_010414|C28 C0 C29 C0 C19 C0 C29 C32 C0 C16 <wb> C22 C0 C11 C23 <wb> C15 C0 C29 C0 <wb> C5 C0 C16 C17 C0 <wb> C30 C0 C36 C24 C0 C7 C0 C29 C0 <wb> C15 C0 C2 <wb> C22 C0 C36 C18 C0 C11 <wb> C32 C0 C26 <wb> C15 C0 C29 C0 <wb> C5 C0 C16 C17 C0 <wb> C30 C0 C36 C24 C0 C7 C0 C29 C0 <wb> C21 C0 C13 C0 C32 C0 C16 <wb> C15 C0 C2
hindi_female_010415|C30 C0 C3 C0 C19 C0 C1 <wb> C30 C0 C26 C5 C0 C24 C0 C11 <wb> C19 C0 C1 <wb> C10 C0 C23 C13 C0 <wb> C15 C0 C2 <wb> C0 C28 C0 C24 C0 C1 <wb> C0 C28 C0 C24 C0 C1 <wb> C19 C0 C38 C0 C1 <wb> C38 C0 C11 <wb> C18 C0 C16 C21 C0 <wb> C29 C0 C16 C38 C0 C21 C0 <wb> C24 C0 C15 C0 C16 C23 <wb> C37 C0 C26 <wb> C17 C0 C21 C0 C28 C0 C1 C23 C20 C0 C16 C38 C0 C26 C23 <wb> C19 C0 C1 <wb> C18 C0 C36 C25 C0 C9 C0 <wb> C29 C0 C16 C38 C0 C21 C0 <wb> C24 C0 C15 C0 C16 C23
hindi_female_010416|C32 C0 C36 C22 C0 C15 C0 C11 C23 <wb> C19 C0 C38 C0 C1 <wb> C22 C0 C1 C21 C0 C36 C22 C0 <wb> C17 C0 C16 C24 C0 C7 C0 C13 C0 C16 <wb> C19 C0 C16 C32 C0 C24 C0 C16 <wb> C3 C0 C9 C0 C16 <wb> C13 C0 C29 C0 C16 C22 C0 <wb> C29 C0 C16 C38 C0 C11 C21 C0 C16 C34 C0 C16 <wb> C15 C0 C2 <wb> C17 C0 C16 C30 C0 C11 <wb> C32 C0 C36 C22 C0 C15 C0 C11 C23 <wb> C3 C0 C32 C0 C1 <wb> C19 C0 C29 C0 <wb> C9 C0 C29 C0 C1 C24 C0 C1 <wb> C24 C0 C15 C0 C16 C23 <wb> C5 C0 C1 C15 C0 C32 C0 C1
hindi_female_010421|C22 C0 C11 C29 C0 C1 <wb> C3 C0 C30 C0 <wb> C5 C0 C21 C0 C11 <wb> C32 C0 C26 <wb> C19 C0 C1 C24 C0 C26 C23 <wb> C22 C0 C11 C23 <wb> C3 C0 C3 C0 C36 C21 C0 <wb> C19 C0 C11 <wb> C13 C0 C26 C21 C0 <wb> C12 C0 C36 C21 C0 <wb> C28 C0 C15 C0 C24 C0 C36 C23 <wb> C3 C0 C1 C21 C0 C26 C23 <wb> C22 C0 C11 C23 <wb> C29 C0 C23 C13 C0 C3 C0 C16 C29 C0 C23 C13 C0 C11 <wb> C28 C0 C23 C20 C0 <wb> C21 C0 C13 C0 C1 <wb> C21 C0 C36 C23
hindi_female_010425|C31 C0 C1 C30 C0 C24 C0 <wb> C19 C0 C1 <wb> C19 C0 C1 C22 C0 C19 C0 C1 C17 C0 <wb> C30 C0 C36 C5 C0 C1 C29 C0 C36 <wb> C29 C0 C36 C28 C0 <wb> C30 C0 C11 <wb> C5 C0 C21 C0 <wb> C29 C0 C15 C0 C1 <wb> C33 C0 C1
hindi_female_010426|C24 C0 C13 C0 C29 C0 <wb> C30 C0 C11 C35 C0 <wb> C31 C0 C29 C0 C16 C8 C0 C29 C0 <wb> C29 C0 C1 C17 C0 C1 <wb> C19 C0 C11 <wb> C14 C0 C24 C0 C16 C31 C0 C35 C0 <wb> C22 C0 C16 C32 C0 C29 C0 <wb> C33 C0 C11
hindi_female_010427|C30 C0 C11 C35 C0 <wb> C19 C0 C1 <wb> C3 C0 C9 C0 C1 <wb> C3 C0 C11 C34 C0 C1 <wb> C3 C0 C15 C0 C36 C32 C0 <wb> C15 C0 C16 <wb> C15 C0 C26 C24 C0 C15 C0 C1 C29 C0 <wb> C33 C0 C1
hindi_female_010429|C12 C0 C16 C29 C0 <wb> C7 C0 C26 C24 C0 C26 C23 <wb> C20 C0 C36 C3 C0 <wb> C15 C0 C23 C30 C0 C32 C0 C11 <wb> C29 C0 C1 C17 C0 C38 C0 <wb> C22 C0 C11 C23 <wb> C16 C30 C0 <wb> C7 C0 C26 C30 C0 C32 C0 C16 <wb> C19 C0 C16 <wb> C5 C0 C29 C0 C5 C0 C1 <wb> C30 C0 C29 C0 C37 C0 C32 C0 C29 C0 <wb> C33 C0 C16 <wb> C30 C0 C22 C0 C38 C0 <wb> C13 C0 C36 C17 C0 C29 C0 C32 C0 C1 <wb> C29 C0 C15 C0 C1
hindi_female_010431|C28 C0 C29 C0 C32 C0 C38 C0 C11 C19 C0 <wb> C7 C0 C16 C24 C0 <wb> C19 C0 C16 <wb> C4 C0 C1 C23 C32 C0 C16 <wb> C1 C17 C0 <wb> C4 C0 C16 <wb> C37 C0 C11 <wb> C29 C0 C1 C17 C0 C1 <wb> C19 C0 C11 <wb> C3 C0 C13 C0 C21 C0 <wb> C22 C0 C11 C23 <wb> C37 C0 C16 C29 C0 C1 C17 C0 C22 C0 C1 C24 C0 <wb> C15 C0 C26 <wb> C13 C0 C11
hindi_female_010432|C33 C0 C26 C9 C0 C16 <wb> C3 C0 C15 C0 C36 C32 C0 <wb> C3 C0 C1 C32 C0 C11 C23 <wb> C15 C0 C36 C38 C0 C16 C23 <wb> C28 C0 C29 C0 <wb> C11 C19 C0 <wb> C5 C0 C36 C4 C0 C24 C0 <wb> C30 C0 C16 <wb> C7 C0 C26 C24 C0 C26 C23 <wb> C19 C0 C26 <wb> C15 C0 C16 <wb> C34 C0 C16 C30 C0 <wb> C29 C0 C15 C0 C16 <wb> C33 C0 C16 <wb> C17 C0 C26 <wb> C0 C37 C0 C38 C0 C19 C0 C32 C0 <wb> C15 C0 C26 C32 C0 C11 <wb> C15 C0 C36 C11 <wb> C4 C0 C16 <wb> C30 C0 C28 C0 C31 C0 C34 C0 <wb> C33 C0 C1
hindi_female_010437|C0 C32 C0 C15 <wb> C1 C28 C0 <wb> C21 C0 C26 C13 C0 C26 C23 <wb> C19 C0 C11 <wb> C16 C30 C0 <wb> C28 C0 C29 C0 C11 C22 C0 <wb> C22 C0 C11 C23 <wb> C2 C30 C0 C16 <wb> C15 C0 C16 <wb> C7 C0 C22 C0 C16 C32 C0 <wb> C7 C0 C36 C29 C0 C4 C0 C1 C37 C0 C24 C0 C1 <wb> C30 C0 C22 C0 C1 C37 C0 C16 C31 C0 C34 C0 <wb> C15 C0 C26 <wb> C13 C0 C38 C0 C16 <wb> C15 C0 C2 <wb> C17 C0 C16 C30 C0 <wb> C19 C0 C1 C29 C0 C25 C0 <wb> C1 C28 C0 C19 C0 C11 <wb> C16 C30 C0 <wb> C28 C0 C29 C0 C13 C0 C1 C10 C0 <wb> C28 C0 C29 C0 C11 C22 C0 <wb> C22 C0 C11 C23 <wb> C4 C0 C16 <wb> C0 C24 C0 C32 C0 C29 C0 C37 C0 C11 C7 C0 C24 C0 C1 <wb> C0 C23 C19 C0 C36 C29 C0 C16 C32 C0 <wb> C15 C0 C26 <wb> C17 C0 C1 C32 C0 C16 <wb> C15 C0 C2
hindi_female_010438|C0 C3 C0 <wb> C1 C28 C0 <wb> C7 C0 C26 C24 C0 C26 C23 <wb> C15 C0 C16 <wb> C0 C28 C0 C24 C0 C11 <wb> C0 C28 C0 C24 C0 C11 <wb> C22 C0 C24 C0 <wb> C22 C0 C11 C23 <wb> C0 C28 C0 C24 C0 C11 <wb> C14 C0 C36 C34 C0 C24 C0 <wb> C19 C0 C1 <wb> C19 C0 C1 C29 C0 C25 C0 <wb> C10 C0 C36 C23 C10 C0 C26
hindi_female_010439|C19 C0 C36 C6 C0 <wb> C7 C0 C11 C29 C0 <wb> C3 C0 C1 C7 C0 <wb> C30 C0 C11 C35 C0 <wb> C24 C0 C11 <wb> C5 C0 C36 C28 C0 C28 C0 C16 <wb> C32 C0 C26 C9 C0 C16 <wb> C27 C29 C0 <wb> C19 C0 C15 C0 C1 <wb> C15 C0 C11 <wb> C29 C0 C1 C17 C0 C13 C0 C36 C29 C0 C36 <wb> C30 C0 C1 C29 C0 C1 <wb> C19 C0 C36 C30 C0 C36 C29 C0 <wb> C22 C0 C11 C29 C0 C1 <wb> C15 C0 C2
hindi_female_010443|C22 C0 C11 C29 C0 C16 <wb> C30 C0 C1 C29 C0 C16 <wb> C28 C0 C36 C23 C17 C0 C16 <wb> C24 C0 C31 C0 C34 C0 <wb> C15 C0 C26 C24 C0 C11 <wb> C19 C0 C11 <wb> C19 C0 C13 C0 C1 C29 C0 <wb> C28 C0 C29 C0 <wb> C15 C0 C2
hindi_female_010446|C0 C3 C0 <wb> C32 C0 C36 C22 C0 <wb> C7 C0 C26 C24 C0 C26 C23 <wb> C19 C0 C11 <wb> C3 C0 C16 C5 C0 <wb> C19 C0 C1 <wb> C22 C0 C2 C21 C0 <wb> C8 C0 C36 C21 C0 <wb> C5 C0 C36 C19 C0 C1 <wb> C15 C0 C2
hindi_female_010447|C29 C0 C1 C17 C0 C1 <wb> C24 C0 C11 <wb> C19 C0 C15 C0 C1 <wb> C15 C0 C11 <wb> C22 C0 C16 C32 C0 C29 C0 <wb> C28 C0 C15 C0 C21 C0 C11 <wb> C15 C0 C16 <wb> C38 C0 C15 C0 <wb> C3 C0 C1 C32 C0 <wb> C3 C0 C32 C0 C1 <wb> C7 C0 C11 C32 C0 C11 <wb> C32 C0 C26 <wb> C15 C0 C22 C0 <wb> C7 C0 C26 C24 C0 C26 C23 <wb> C19 C0 C26 <wb> C16 C32 C0 C24 C0 C1 <wb> C19 C0 C31 C0 C34 C0 <wb> C32 C0 C26 <wb> C24 C0 C15 C0 C16 C23 <wb> C30 C0 C15 C0 C24 C0 C1 <wb> C28 C0 C9 C0 C32 C0 C1
hindi_female_010448|C36 C24 C0 C15 C0 C26 C23 C24 C0 C11 <wb> C22 C0 C23 C32 C0 C29 C0 C16 <wb> C19 C0 C26 <wb> C3 C0 C36 C21 C0 C37 C0 C1 C19 C0 C29 C0 <wb> C11 C19 C0 <wb> C5 C0 C23 C7 C0 C24 C0 <wb> C19 C0 C1 <wb> C22 C0 C15 C0 C21 C0 <wb> C32 C0 C2 C38 C0 C1 C29 C0 <wb> C19 C0 C29 C0 C37 C0 C1 C24 C0 C11 <wb> C19 C0 C1 <wb> C15 C0 C36 C19 C0 C22 C0 <wb> C7 C0 C16 C38 C0 C1
hindi_female_010451|C38 C0 C11 <wb> C37 C0 C16 C19 C0 C1 C30 C0 <wb> C28 C0 C33 C0 <wb> C19 C0 C11 <wb> C0 C37 C0 C29 C0 C26 C8 C0 C19 C0 <wb> C15 C0 C2 C23
hindi_female_010453|C32 C0 C16 C24 C0 <wb> C3 C0 C1 C29 C0 <wb> C13 C0 C29 C0 C4 C0 C28 C0 C1 C32 C0 <wb> C19 C0 C16 <wb> C37 C0 C15 C0 <wb> C31 C0 C16 C19 C0 C1 C29 C0 <wb> C15 C0 C36 C16 <wb> C33 C0 C16 <wb> C16 C30 C0 C21 C0 C16 C38 C0 C11 <wb> C32 C0 C16 C24 C0 <wb> C13 C0 C36 C9 C0 C16 C38 C0 C1 C23 <wb> C33 C0 C16 C23 <wb> C36 C30 C0 C19 C0 C11 <wb> C28 C0 C1 C30 C0
hindi_female_010455|C5 C0 C1 C15 C0 C32 C0 C16 <wb> C33 C0 C16 <wb> C32 C0 C36 C22 C0 <wb> C30 C0 C3 C0 C19 C0 C26 <wb> C27 C29 C0 <wb> C32 C0 C36 C22 C0 C15 C0 C1 C29 C0 C11 <wb> C17 C0 C2 C30 C0 C16 <wb> C0 C24 C0 C11 C19 C0 C26 C23 <wb> C19 C0 C16 <wb> C22 C0 C1 C23 <wb> C3 C0 C24 C0 <wb> C19 C0 C29 C0 <wb> C22 C0 C2 C23 <wb> C12 C0 C21 C0 C26 C23 <wb> C30 C0 C11 <wb> C21 C0 C7 C0 C1 <wb> C11 C19 C0 <wb> C37 C0 C16 C31 C0 C1 C21 C0 <wb> C6 C0 C32 C0 C24 C0 C1 C29 C0 <wb> C28 C0 C11 C9 C0 <wb> C3 C0 C24 C0 <wb> C17 C0 C1 C36 C23
hindi_female_010459|C31 C0 C1 C20 C0 C1 <wb> C19 C0 C26 <wb> C16 C24 C0 <wb> C30 C0 C33 C0 C16 C32 C0 C16 C38 C0 C26 C23 <wb> C30 C0 C11 <wb> C30 C0 C20 C0 C32 C0 <wb> C2 C32 C0 C29 C0 C1 C17 C0 <wb> C33 C0 C1 <wb> C27 C29 C0 <wb> C16 C30 C0 <wb> C2 C32 C0 C29 C0 C1 C17 C0 <wb> C19 C0 C16 <wb> C28 C0 C29 C0 C32 C0 C16 <wb> C19 C0 C29 C0 C16 C38 C0 C1 <wb> C22 C0 C11 C23 <wb> C37 C0 C15 C0 <wb> C7 C0 C29 C0 C17 C0 C24 C0 C26 C23 <wb> C3 C0 C11 C34 C0 C16 C38 C0 C26 C23 <wb> C19 C0 C16 <wb> C22 C0 C1 C23 <wb> C3 C0 C24 C0 C24 C0 C1 <wb> C5 C0 C1 C15 C0 C32 C0 C16 <wb> C33 C0 C16
hindi_female_010461|C1 C17 C0 <wb> C4 C0 C16 <wb> C36 C30 C0 C19 C0 C16 <wb> C30 C0 C30 C0 C36 C29 C0 C1 C21 C0 <wb> C19 C0 C11 <wb> C19 C0 C36 C32 C0 C32 C0 C11 <wb> C22 C0 C11 C29 C0 C11 <wb> C17 C0 C16 C30 C0 C22 C0 <wb> C19 C0 C26 <wb> C24 C0 C26 C23 C5 C0 <wb> C29 C0 C15 C0 C11 <wb> C15 C0 C2 C23 <wb> C17 C0 C2 C30 C0 C11 <wb> C22 C0 C2 C23 <wb> C36 C24 C0 C19 C0 C1 <wb> C17 C0 C24 C0 C22 C0 <wb> C17 C0 C1 C32 C0 <wb> C19 C0 C29 C0 C17 C0 <wb> C7 C0 C1 C29 C0 <wb> C15 C0 C36 C23
hindi_female_010462|C0 C3 C0 <wb> C27 C29 C0 <wb> C30 C0 C1 C15 C0 C30 C0 <wb> C24 C0 C15 C0 C16 C23 <wb> C15 C0 C2 <wb> C19 C0 C16 <wb> C3 C0 C11 C34 C0 C16 <wb> C3 C0 C38 C0 C1 C15 C0 C24 C0 C11 <wb> C19 C0 C11 <wb> C24 C0 C1 C22 C0 <wb> C28 C0 C29 C0 <wb> C19 C0 C26 C16 <wb> C7 C0 C26 C3 C0 C1 C29 C0 C1 <wb> C22 C0 C11 C29 C0 C16 <wb> C20 C0 C1 C21 C0 <wb> C36 C32 C0 C1 C29 C0 <wb> C21 C0 C11
hindi_female_010465|C37 C0 C15 C0 <wb> C11 C19 C0 <wb> C0 C5 C0 C6 C0 C11 <wb> C14 C0 C29 C0 <wb> C22 C0 C11 C23 <wb> C17 C0 C1 C19 C0 C29 C0 <wb> C30 C0 C36 C20 C0 <wb> C30 C0 C11 <wb> C29 C0 C15 C0 C11 <wb> C38 C0 C15 C0 <wb> C36 C30 C0 C19 C0 C16 <wb> C7 C0 C16 C21 C0 C16 <wb> C20 C0 C37 C0 C1 C15 C0 C16 C31 C0 <wb> C33 C0 C16
hindi_female_010469|C2 C30 C0 C1 <wb> C3 C0 C11 C22 C0 C36 C29 C0 <wb> C37 C0 C32 C0 <wb> C30 C0 C21 C0 C36 C19 C0 <wb> C32 C0 C26 <wb> C19 C0 C26 C16 <wb> C30 C0 C36 C7 C0 C20 C0 C26 C29 C0 <wb> C22 C0 C15 C0 C1 C17 C0 C24 C0 <wb> C4 C0 C16 <wb> C24 C0 C15 C0 C16 C23 <wb> C19 C0 C29 C0 C32 C0 C1 <wb> C15 C0 C26 C13 C0 C1
hindi_female_010474|C0 C23 C32 C0 C32 C0 C15 <wb> C36 C30 C0 C24 C0 C11 <wb> C2 C30 C0 C1 <wb> C15 C0 C16 <wb> C19 C0 C16 C38 C0 C1
hindi_female_010476|C20 C0 C36 C7 C0 <wb> C19 C0 C26 <wb> C38 C0 C15 C0 <wb> C30 C0 C22 C0 C18 C0 C1 C19 C0 C29 C0 <wb> C31 C0 C1 C7 C0 C16 <wb> C19 C0 C29 C0 <wb> C7 C0 C16 <wb> C19 C0 C16 <wb> C5 C0 C11 C15 C0 C29 C0 C11 <wb> C19 C0 C16 <wb> C30 C0 C33 C0 C36 C21 C0 <wb> C30 C0 C36 C24 C0 C7 C0 C29 C0 C32 C0 C1 <wb> C30 C0 C11 <wb> C19 C0 C15 C0 C16 C23 <wb> C3 C0 C9 C0 C16 <wb> C15 C0 C26 C32 C0 C16 <wb> C15 C0 C2 <wb> C1 C23 C32 C0 C29 C0 C16 C19 C0 <wb> C30 C0 C36 C24 C0 C7 C0 C29 C0 C32 C0 C1
hindi_female_010479|C0 C13 C0 C29 C0 <wb> C37 C0 C15 C0 <wb> C3 C0 C11 C34 C0 C16 <wb> C19 C0 C11 <wb> C3 C0 C1 C28 C0 <wb> C15 C0 C26 C24 C0 C11 <wb> C19 C0 C26 <wb> C0 C4 C0 C16 C31 C0 C1 C28 C0 <wb> C22 C0 C1 C24 C0 C19 C0 C29 C0 <wb> C16 C30 C0 C30 C0 C11 <wb> C3 C0 C5 C0 C24 C0 C11 <wb> C19 C0 C11 <wb> C21 C0 C16 C38 C0 C11 <wb> C30 C0 C20 C0 C32 C0 <wb> C11 C15 C0 C32 C0 C16 C38 C0 C1 C32 C0 <wb> C3 C0 C29 C0 C32 C0 C24 C0 C1 <wb> C5 C0 C1 C15 C0 C32 C0 C1 <wb> C15 C0 C2 <wb> C32 C0 C26 <wb> C31 C0 C1 C20 C0 C1 <wb> C16 C30 C0 <wb> C22 C0 C1 C24 C0 C30 C0 C16 C19 C0 C32 C0 C1 <wb> C19 C0 C26 <wb> C30 C0 C22 C0 C18 C0 <wb> C30 C0 C19 C0 C32 C0 C16 <wb> C15 C0 C2
hindi_female_010482|C22 C0 C11 C29 C0 C16 <wb> C38 C0 C15 C0 <wb> C28 C0 C15 C0 C21 C0 C16 <wb> C28 C0 C29 C0 C11 C13 C0 C24 C0 C11 C24 C0 C30 C0 C16 <wb> C15 C0 C2 <wb> C16 C30 C0 C11 <wb> C28 C0 C21 C0 C16 C17 C0 <wb> C19 C0 C29 C0 C36 C29 C0 C32 C0 C1 <wb> C30 C0 C11 <wb> C30 C0 C22 C0 C28 C0 C24 C0 C24 C0 <wb> C15 C0 C26 C24 C0 C11 <wb> C7 C0 C26
hindi_female_010483|C28 C0 C15 C0 C21 C0 C11 <wb> C16 C31 C0 C36 <wb> C22 C0 C11 C23 <wb> C19 C0 C26 C16 <wb> C37 C0 C29 C0 C17 C0 C24 C0 C1 <wb> C19 C0 C26 C16 <wb> C29 C0 C36 C19 C0 C1 C37 C0 C34 C0 <wb> C19 C0 C26 C16 <wb> C30 C0 C23 C31 C0 C38 C0 <wb> C36 C5 C0 C16 C32 C0 <wb> C24 C0 C15 C0 C16 C23
hindi_female_010486|C22 C0 C2 C23 <wb> C36 C30 C0 C30 C0 C11 <wb> C19 C0 C16 <wb> C30 C0 C1 C21 C0 <wb> C3 C0 C9 C0 C1 <wb> C33 C0 C1 <wb> C21 C0 C11 C19 C0 C16 C24 C0 <wb> C14 C0 C29 C0 <wb> C19 C0 C26 <wb> C30 C0 C23 C37 C0 C1 C29 C0 C24 C0 C11 <wb> C30 C0 C23 C4 C0 C1 C21 C0 C24 C0 C11 <wb> C27 C29 C0 <wb> C29 C0 C30 C0 C26 C16 <wb> C30 C0 C16 C8 C0 C16 <wb> C19 C0 C29 C0 C24 C0 C11 <wb> C19 C0 C11 <wb> C22 C0 C1 C22 C0 C21 C0 C11 <wb> C22 C0 C11 C23 <wb> C22 C0 C2 C23 <wb> C19 C0 C16 C30 C0 C16 <wb> C19 C0 C1 C22 C0 <wb> C19 C0 C1 <wb> C24 C0 C15 C0 C16 C23 <wb> C33 C0 C1
hindi_female_010488|C37 C0 C11 <wb> C19 C0 C15 C0 C32 C0 C11 <wb> C33 C0 C11 <wb> C22 C0 C36 C18 C0 C11 <wb> C0 C28 C0 C24 C0 C16 <wb> C28 C0 C29 C0 C16 C8 C0 C16 <wb> C19 C0 C16 <wb> C30 C0 C36 C14 C0 C9 C0 C32 C0 C1 <wb> C7 C0 C11 C20 C0 C26 <wb> C0 C23 C3 C0 C29 C0
hindi_female_010489|C16 C30 C0 C24 C0 C11 <wb> C14 C0 C36 C34 C0 C34 C0 C16 <wb> C22 C0 C11 C23 <wb> C15 C0 C16 <wb> C19 C0 C3 C0 <wb> C30 C0 C16 C20 C0 <wb> C21 C0 C16 C38 C0 C1 <wb> C38 C0 C15 C0 <wb> C30 C0 C3 C0 <wb> C15 C0 C22 C0 C11 C23 <wb> C28 C0 C32 C0 C1 <wb> C15 C0 C16 <wb> C24 C0 C15 C0 C16 C23 <wb> C5 C0 C21 C0 C1
hindi_female_010490|C19 C0 C15 C0 C19 C0 C29 C0 <wb> C11 C19 C0 <wb> C7 C0 C16 C29 C0 C14 C0 <wb> C24 C0 C16 C15 C31 C0 C37 C0 C1 C30 C0 <wb> C4 C0 C29 C0 C16 <wb> C0 C22 C0 C3 C0 C29 C0 <wb> C24 C0 C11
hindi_female_010492|C21 C0 C11 C19 C0 C16 C24 C0 <wb> C32 C0 C36 C22 C0 <wb> C5 C0 C1 C15 C0 C32 C0 C16 <wb> C15 C0 C26 <wb> C19 C0 C16 <wb> C22 C0 C1 C32 C0 C29 C32 C0 C37 C0 <wb> C19 C0 C11 <wb> C32 C0 C36 C22 C0 C15 C0 C1 C29 C0 C11 <wb> C28 C0 C15 C0 C21 C0 C11 <wb> C0 C37 C0 C30 C0 C29 C0 <wb> C19 C0 C26 <wb> C30 C0 C37 C0 C6 C0 C23 C7 C0 <wb> C29 C0 C15 C0 C24 C0 C11 <wb> C7 C0 C16 C38 C0 C1 <wb> C17 C0 C1 C38 C0 C11 <wb> C32 C0 C26 <wb> C5 C0 C21 C0 C26 <wb> C22 C0 C2 C23 <wb> C32 C0 C36 C22 C0 C15 C0 C1 C29 C0 C16 <wb> C4 C0 C1 C37 C0 C24 C0 C1 <wb> C19 C0 C26 <wb> C1 C15 C0 C32 C0 <wb> C24 C0 C15 C0 C16 C23 <wb> C19 C0 C29 C0 C32 C0 C1
hindi_female_010493|C31 C0 C1 C20 C0 C1 <wb> C24 C0 C11 <wb> C15 C0 C23 C30 C0 C16 <wb> C22 C0 C11 C23 <wb> C0 C24 C0 C36 C29 C0 C1 C13 C0 <wb> C14 C0 C26 C21 C0 C32 C0 C11 <wb> C15 C0 C36 C11 <wb> C19 C0 C15 C0 C1 <wb> C0 C13 C0 C29 C0 <wb> C3 C0 C11 C34 C0 C1 <wb> C15 C0 C26 <wb> C13 C0 C38 C0 C1 <wb> C16 C30 C0 <wb> C3 C0 C1 C29 C0 <wb> C32 C0 C26 <wb> C0 C13 C0 C21 C0 C16 <wb> C3 C0 C1 C29 C0 <wb> C4 C0 C16 <wb> C22 C0 C11 C29 C0 C1 <wb> C38 C0 C15 C0 <wb> C30 C0 C37 C0 C1 C21 C0 <wb> C19 C0 C1 C38 C0 C22 C0 <wb> C29 C0 C15 C0 C11 C13 C0 C1
hindi_female_010494|C31 C0 C1 C20 C0 C1 <wb> C24 C0 C11 <wb> C3 C0 C1 C21 C0 C16 C19 C0 C1 <wb> C31 C0 C16 C31 C0 C36 <wb> C19 C0 C26 <wb> C17 C0 C24 C0 C22 C0 <wb> C7 C0 C16 C38 C0 C1 <wb> C1 C31 C0 C23 C19 C0 C1 <wb> C2 C30 C0 C16 <wb> C15 C0 C16 <wb> C33 C0 C16 <wb> C15 C0 C1 C21 C0 C1 C23 C19 C0 C16 <wb> C7 C0 C26 C24 C0 C26 C23 <wb> C24 C0 C11 <wb> C22 C0 C24 C0 <wb> C15 C0 C16 <wb> C22 C0 C24 C0 <wb> C28 C0 C36 C32 C0 C29 C0 <wb> C28 C0 C29 C0 C1 C28 C0 C32 C0 C16 <wb> C19 C0 C16 <wb> C14 C0 C24 C0 C14 C0 C26 C29 C0 <wb> C19 C0 C1 C22 C0 C24 C0 C1 <wb> C19 C0 C16 <wb> C33 C0 C16
hindi_female_010495|C24 C0 C16 C38 C0 C32 C0 C16 <wb> C28 C0 C29 C0 C1 C38 C0 C15 <wb> C2 C30 C0 C1 <wb> C15 C0 C16 <wb> C37 C0 C16 C8 C0 C1 C24 C0 <wb> C29 C0 C5 C0 C32 C0 C16 <wb> C15 C0 C2 <wb> C17 C0 C16 C30 C0 C30 C0 C11 <wb> C1 C28 C0 <wb> C4 C0 C1 C13 C0 C24 C0 C1 <wb> C5 C0 C1 C15 C0 C32 C0 C11 <wb> C15 C0 C2 C23 <wb> C37 C0 C15 C0 <wb> C1 C28 C0 C19 C0 C11 <wb> C28 C0 C16 C6 C0 C11 <wb> C21 C0 C13 C0 <wb> C17 C0 C1 C32 C0 C16 <wb> C15 C0 C2
hindi_female_010496|C22 C0 C36 C24 C0 C24 C0 C16 <wb> C14 C0 C29 C0 <wb> C22 C0 C11 C23 <wb> C28 C0 C21 C0 C24 C0 C11 <wb> C21 C0 C13 C0 C16 <wb> C21 C0 C1 C9 C0 <wb> C28 C0 C38 C0 C1 C29 C0 <wb> C19 C0 C11 <wb> C30 C0 C15 C0 C17 C0 <wb> C27 C29 C0 <wb> C30 C0 C37 C0 C1 C4 C0 C1 C37 C0 C16 C19 C0 <wb> C28 C0 C29 C0 C16 C37 C0 C11 C31 C0 <wb> C22 C0 C11 C23 <wb> C28 C0 C21 C0 C24 C0 C11 <wb> C21 C0 C13 C0 C16
hindi_female_010497|C3 C0 C29 C0 C32 C0 C1 C37 C0 <wb> C22 C0 C11 C23 <wb> C2 C30 C0 C16 <wb> C31 C0 C1 C21 C0 C16 C24 C0 C32 C0 C1 <wb> C27 C29 C0 <wb> C30 C0 C16 C22 C0 C1 <wb> C3 C0 C30 C0 <wb> C38 C0 C15 C0 C16 C23 <wb> C32 C0 C19 C0 <wb> C29 C0 C15 C0 C16
hindi_female_010498|C0 C13 C0 C21 C0 C11 <wb> C16 C31 C0 C36 <wb> C30 C0 C11 <wb> C36 C24 C0 C19 C0 C16 <wb> C28 C0 C29 C0 C1 C33 C0 C22 C0 C16 C19 C0 C32 C0 C1 <wb> C3 C0 C7 C0 C21 C0 <wb> C13 C0 C16
hindi_female_010499|C7 C0 C36 C30 C0 C29 C0 C11 <wb> C32 C0 C16 C30 C0 C29 C0 C11 <wb> C27 C29 C0 <wb> C5 C0 C27 C33 C0 C11 <wb> C13 C0 C29 C0 C4 C0 <wb> C19 C0 C1 <wb> C15 C0 C31 C0 C29 C0 <wb> C13 C0 C36 C9 C0 C16 C38 C0 C26 C23 <wb> C22 C0 C11 C23 <wb> C28 C0 C29 C0 C37 C0 C29 C0 C16 C32 C0 <wb> C15 C0 C26 <wb> C13 C0 C38 C0 C1
hindi_female_010502|C31 C0 C1 C20 C0 C1 <wb> C19 C0 C11 <wb> C22 C0 C24 C0 <wb> C22 C0 C11 C23 <wb> C1 C32 C0 C1 <wb> C19 C0 C16 <wb> C17 C0 C3 C0 <wb> C13 C0 C29 C0 C4 C0 C28 C0 C1 C32 C0 <wb> C15 C0 C16 <wb> C36 C30 C0 C19 C0 C16 <wb> C24 C0 C16 C38 C0 C32 C0 C16 <wb> C15 C0 C2 <wb> C32 C0 C26 <wb> C12 C0 C16 C29 C0 <wb> C37 C0 C15 C0 <wb> C13 C0 C29 C0 C4 C0 <wb> C8 C0 C1 C29 C0 C25 C0 <wb> C15 C0 C16 <wb> C19 C0 C38 C0 C26 C23 <wb> C19 C0 C29 C0 C11 <wb> C19 C0 C38 C0 C26 C23 <wb> C24 C0 C15 C0 C16 C23 <wb> C0 C28 C0 C29 C0 C11 C31 C0 C24 C0 <wb> C19 C0 C29 C0 C37 C0 C1 <wb> C19 C0 C29 C0 <wb> C16 C30 C0 <wb> C18 C0 C23 C18 C0 C34 C0 <wb> C30 C0 C11 <wb> C15 C0 C16 <wb> C22 C0 C36 C19 C0 C32 C0 <wb> C15 C0 C26 <wb> C17 C0 C1 C38 C0 C11
hindi_female_010507|C31 C0 C1 C20 C0 C1 <wb> C19 C0 C26 <wb> C21 C0 C13 C0 C1 <wb> C19 C0 C16 <wb> C7 C0 C26 C24 C0 C26 C23 <wb> C19 C0 C11 <wb> C22 C0 C24 C0 <wb> C19 C0 C11 <wb> C3 C0 C16 C5 C0 <wb> C17 C0 C2 C30 C0 C11 <wb> C19 C0 C26 C16 <wb> C34 C0 C11 C21 C0 C16 C28 C0 C2 C33 C0 C16 <wb> C15 C0 C26 <wb> C13 C0 C38 C0 C16
hindi_female_010508|C0 C3 C0 <wb> C4 C0 C21 C0 C1 <wb> C2 C30 C0 C11 <wb> C1 C32 C0 C22 C0 C16 C38 C0 <wb> C27 C29 C0 <wb> C22 C0 C16 C35 C0 C11 <wb> C30 C0 C23 C4 C0 C1 C31 C0 C25 C0 <wb> C19 C0 C29 C0 C24 C0 C11 <wb> C37 C0 C1 C21 C0 C11 <wb> C28 C0 C32 C0 C16 <wb> C19 C0 C26 <wb> C19 C0 C26 C16 <wb> C20 C0 C21 C0 C24 C0 C1 C38 C0 C19 C0 <wb> C19 C0 C2 C30 C0 C11 <wb> C19 C0 C29 C0 C1 C29 C0 <wb> C7 C0 C11 <wb> C19 C0 C38 C0 C1 <wb> C28 C0 C38 C0 C1 C29 C0 <wb> C27 C29 C0 <wb> C37 C0 C16 C31 C0 C37 C0 C1 C30 C0 <wb> C4 C0 C16 <wb> C20 C0 C21 C0 C24 C0 C1 C38 C0 C19 C0 C16 <wb> C19 C0 C1 <wb> C0 C30 C0 C32 C0 C29 C0 <wb> C15 C0 C26 <wb> C30 C0 C19 C0 C32 C0 C1 <wb> C15 C0 C2
hindi_female_010510|C28 C0 C29 C0 C16 C19 C0 C31 C0 C25 C0 <wb> C28 C0 C29 C0 <wb> C37 C0 C2 C8 C0 C1 C24 C0 C16 C19 C0 <wb> C28 C0 C29 C0 C32 C0 C16 C3 C0 C23 C8 C0 <wb> C21 C0 C13 C0 C24 C0 C11 <wb> C19 C0 C11 <wb> C3 C0 C1 C7 C0 <wb> C9 C0 C19 C0 C34 C0 C29 C0 <wb> C24 C0 C11 <wb> C38 C0 C26 C23 <wb> C38 C0 C15 C0 <wb> C8 C0 C23 C8 C0 C1 <wb> C3 C0 C24 C0 C7 C0 <wb> C19 C0 C29 C0 <wb> C7 C0 C16 C38 C0 C1 <wb> C33 C0 C1 <wb> C12 C0 C16 C29 C0 <wb> C4 C0 C16 <wb> C19 C0 C36 C6 C0 <wb> C20 C0 C1 C30 C0 <wb> C28 C0 C29 C0 C16 C30 C0 C33 C0 C16 C32 C0 C16 C38 C0 C1 C23 <wb> C27 C29 C0 <wb> C19 C0 C36 C6 C0 <wb> C20 C0 C1 C30 C0 <wb> C21 C0 C26 C13 C0 <wb> C24 C0 C16 C38 C0 C22 C0 <wb> C19 C0 C1 C24 C0 C36 C24 C0 <wb> C19 C0 C11 <wb> C7 C0 C1 C38 C0 C29 C0 C11 <wb> C30 C0 C11 <wb> C15 C0 C22 C0 C11 C31 C0 C1 <wb> C19 C0 C16 <wb> C17 C0 C13 C0 C15 C0 <wb> C19 C0 C16 <wb> C3 C0 C1 C29 C0 <wb> C3 C0 C1 C15 C0 C29 C0 <wb> C32 C0 C26 <wb> C15 C0 C26 C32 C0 C11 <wb> C15 C0 C16 <wb> C15 C0 C2 C23
hindi_female_010511|C9 C0 C19 C0 C34 C0 C29 C0 <wb> C30 C0 C11 <wb> C3 C0 C15 C0 C36 C32 C0 <wb> C24 C0 C17 C0 C7 C0 C16 C19 C0 C16 <wb> C30 C0 C11 <wb> C17 C0 C1 C24 C0 <wb> C28 C0 C15 C0 C5 C0 C1 C24 C0 <wb> C15 C0 C26 <wb> C17 C0 C1 C24 C0 C11 <wb> C19 C0 C11 <wb> C3 C0 C1 C7 C0 <wb> C0 C23 C3 C0 C29 C0 <wb> C4 C0 C16 <wb> C20 C0 C36 C7 C0 <wb> C19 C0 C26 <wb> C16 C30 C0 <wb> C20 C0 C1 C30 C0 <wb> C31 C0 C29 C0 C11 C25 C0 C16 <wb> C22 C0 C11 C23 <wb> C22 C0 C1 C24 C0 C32 C0 C1 <wb> C33 C0 C1
hindi_female_010513|C7 C0 C36 C24 C0 C16 C38 C0 C1 <wb> C19 C0 C26 <wb> C0 C30 C0 C23 C32 C0 C36 C21 C0 C16 C32 C0 <wb> C19 C0 C29 C0 C24 C0 C11 <wb> C19 C0 C1 <wb> C0 C28 C0 C29 C0 C1 C8 C0 <wb> C0 C3 C0 <wb> C27 C29 C0 <wb> C22 C0 C36 C18 C0 C30 C0 C11 <wb> C24 C0 C15 C0 C16 C23 <wb> C15 C0 C26 C13 C0 C1
hindi_female_010515|C28 C0 C29 C0 C16 C8 C0 C16 <wb> C24 C0 C11 <wb> C0 C28 C0 C24 C0 C11 <wb> C4 C0 C1 C16 <wb> C19 C0 C1 <wb> C30 C0 C22 C0 C29 C0 C33 C0 C24 C0 <wb> C19 C0 C29 C0 C32 C0 C11 <wb> C15 C0 C36 C11 <wb> C19 C0 C15 C0 C1 <wb> C33 C0 C1 <wb> C4 C0 C2 C38 C0 C1 <wb> C35 C0 C16 C19 C0 <wb> C19 C0 C15 C0 C32 C0 C11 <wb> C15 C0 C2 C23 <wb> C9 C0 C19 C0 C34 C0 C29 C0 <wb> C3 C0 C11 C34 C0 C16 <wb> C37 C0 C15 C0 C16 <wb> C28 C0 C2 C7 C0 C1 <wb> C19 C0 C29 C0 C11 <wb> C17 C0 C16 C30 C0 C19 C0 C11 <wb> C14 C0 C29 C0 <wb> C22 C0 C11 C23 <wb> C21 C0 C1 C20 C0 C26 C23 <wb> C19 C0 C29 C0 C26 C9 C0 C26 C23 <wb> C17 C0 C22 C0 C1 <wb> C15 C0 C26 C23
hindi_female_010516|C22 C0 C2 C23 <wb> C1 C17 C0 <wb> C4 C0 C16 <wb> C0 C28 C0 C24 C0 C11 <wb> C14 C0 C29 C0 <wb> C22 C0 C11 C23 <wb> C29 C0 C27 C29 C0 C37 C0 <wb> C4 C0 C26 C13 C0 <wb> C29 C0 C15 C0 C16 <wb> C15 C0 C36 C23
hindi_female_010524|C0 C23 C3 C0 C29 C0 <wb> C1 C28 C0 C11 <wb> C30 C0 C11 <wb> C3 C0 C1 C15 C0 C29 C0 <wb> C15 C0 C26 <wb> C13 C0 C38 C0 C1 <wb> C27 C29 C0 <wb> C5 C0 C34 C0 C34 C0 C1 C24 C0 <wb> C17 C0 C2 C30 C0 C16 <wb> C19 C0 C35 C0 C26 C29 C0 C32 C0 C1 <wb> C36 C30 C0 C19 C0 C11 <wb> C5 C0 C11 C15 C0 C29 C0 C11 <wb> C28 C0 C29 C0 <wb> C36 C32 C0 C29 C0 <wb> C1 C38 C0 C16
hindi_female_010529|C31 C0 C1 C20 C0 C1 <wb> C24 C0 C11 <wb> C17 C0 C36 C21 C0 C22 C0 <wb> C10 C0 C15 C0 C1 C24 C0 C11 <wb> C19 C0 C11 <wb> C21 C0 C16 C38 C0 C11 <wb> C16 C30 C0 <wb> C7 C0 C36 C8 C0 C22 C0 C36 C23 C15 C0 C16 <wb> C19 C0 C26 <wb> C16 C30 C0 C19 C0 C11 <wb> C15 C0 C37 C0 C1 C21 C0 C11 <wb> C19 C0 C2 C30 C0 C11 <wb> C19 C0 C29 C0 <wb> C7 C0 C16 C38 C0 C1
hindi_female_010530|C21 C0 C11 C19 C0 C16 C24 C0 <wb> C38 C0 C15 C0 <wb> C11 C19 C0 <wb> C24 C0 C2 C32 C0 C16 C19 C0 C32 C0 C1 <wb> C15 C0 C2 <wb> C22 C0 C24 C0 C36 C31 C0 C38 C0 <wb> C22 C0 C11 C23 <wb> C24 C0 C15 C0 C16 C23 <wb> C17 C0 C1 C24 C0 <wb> C37 C0 C29 C0 C26 C23 <wb> C32 C0 C19 C0 <wb> C22 C0 C11 C23 <wb> C19 C0 C16 <wb> C37 C0 C11 <wb> C0 C28 C0 C24 C0 C11 <wb> C24 C0 C37 C0 C17 C0 C1 C32 C0 <wb> C3 C0 C5 C0 C5 C0 C11 <wb> C19 C0 C11 <wb> C21 C0 C16 C38 C0 C11 <wb> C36 C7 C0 C1 C29 C0 <wb> C31 C0 C36 C4 C0 C11 C5 C0 C6 C0 C36 <wb> C27 C29 C0 <wb> C28 C0 C1 C21 C0 C24 C0 C15 C0 C1 C29 C0 <wb> C15 C0 C26 C32 C0 C11 <wb> C15 C0 C2 C23
hindi_female_010531|C9 C0 C19 C0 C34 C0 C29 C0 <wb> C24 C0 C11 <wb> C0 C32 C0 C38 C0 C24 C0 C32 C0 <wb> C7 C0 C36 C20 C0 C16 <wb> C15 C0 C26 C19 C0 C29 C0 <wb> C19 C0 C15 C0 C1 <wb> C22 C0 C1 C24 C0 C1 <wb> C19 C0 C16 <wb> C22 C0 C36 C18 C0 C30 C0 C11 <wb> C13 C0 C21 C0 C32 C0 C16 <wb> C15 C0 C26 <wb> C13 C0 C16 <wb> C15 C0 C1 C21 C0 C1 C23 C19 C0 C16 <wb> C15 C0 C36 C16 <wb> C24 C0 C15 C0 C16 C23
hindi_female_010536|C4 C0 C29 C0 C36 C25 C0 <wb> C19 C0 C16 <wb> C3 C0 C1 C32 C0 <wb> C19 C0 C36 C6 C0 <wb> C27 C29 C0 <wb> C15 C0 C26 C32 C0 C16 <wb> C15 C0 C2 <wb> C22 C0 C13 C0 C29 C0 <wb> C0 C3 C0 <wb> C38 C0 C15 C0 <wb> C28 C0 C36 C29 C0 C16 <wb> C32 C0 C29 C0 C15 C0 <wb> C28 C0 C29 C0 C1 C25 C0 <wb> C8 C0 C1 C29 C0 C25 C0 <wb> C19 C0 C16 C38 C0 C1 <wb> C15 C0 C36 C1 <wb> C11 C19 C0 <wb> C22 C0 C1 C24 C0 C37 C0 C16 C38 C0 <wb> C31 C0 C29 C0 C16 C29 C0 <wb> C15 C0 C2
hindi_female_010538|C32 C0 C36 C22 C0 <wb> C11 C19 C0 <wb> C30 C0 C11 <wb> C28 C0 C16 C25 C0 C9 C0 <wb> C6 C0 C36 C9 C0 C36 C37 C0 C1 C24 C0 C1 <wb> C5 C0 C1 C15 C0 C32 C0 C11 <wb> C15 C0 C26 <wb> C22 C0 C2 C23 <wb> C7 C0 C26 C24 C0 C26 C23 <wb> C30 C0 C11 <wb> C6 C0 C36 C9 C0 C36 C37 C0 C1 <wb> C29 C0 C15 C0 C1 <wb> C15 C0 C36 C23
hindi_female_010539|C32 C0 C36 C22 C0 C24 C0 C11 <wb> C22 C0 C11 C29 C0 C16 <wb> C38 C0 C15 C0 <wb> C24 C0 C30 C0 <wb> C35 C0 C16 C19 C0 <wb> C28 C0 C19 C0 C9 C0 C16 <wb> C15 C0 C2 <wb> C19 C0 C16 <wb> C22 C0 C36 C24 C0 C24 C0 C16 <wb> C19 C0 C26 <wb> C15 C0 C22 C0 C24 C0 C11 <wb> C1 C35 C0 <wb> C30 C0 C1 C21 C0 <wb> C32 C0 C19 C0 <wb> C28 C0 C1 C21 C0 C1 <wb> C15 C0 C2 <wb> C27 C29 C0 <wb> C36 C30 C0 C30 C0 C11 <wb> C15 C0 C35 C0 C1 C32 C0 <wb> C22 C0 C26 C15 C0 <wb> C18 C0 C34 C0 C19 C0 <wb> C7 C0 C11 C24 C0 C1 <wb> C15 C0 C22 C0 C1 C29 C0 C11 <wb> C21 C0 C16 C38 C0 C11 <wb> C1 C30 C0 C1 C24 C0 <wb> C24 C0 C15 C0 C16 C23
hindi_female_010548|C14 C0 C29 C0 <wb> C22 C0 C11 C23 <wb> C15 C0 C29 C0 <wb> C17 C0 C13 C0 C15 C0 <wb> C22 C0 C36 C24 C0 C24 C0 C16 <wb> C19 C0 C1 <wb> C0 C30 C0 C32 C0 C16 C32 C0 C37 C0 <wb> C3 C0 C16 C20 C0 C29 C0 C1 <wb> C28 C0 C9 C0 C1 <wb> C33 C0 C1 <wb> C6 C0 C26 C34 C0 C11 <wb> C6 C0 C26 C34 C0 C11 <wb> C29 C0 C23 C13 C0 <wb> C3 C0 C16 C29 C0 C23 C13 C0 C11 <wb> C5 C0 C19 C0 <wb> C17 C0 C36 C32 C0 C11 <wb> C22 C0 C26 C17 C0 C11 <wb> C20 C0 C16 C21 C0 C27 C24 C0 C11 <wb> C30 C0 C19 C0 C36 C21 C0 <wb> C3 C0 C2 C13 C0 <wb> C27 C29 C0 <wb> C19 C0 C16 C32 C0 C1 C3 C0 C11 C23
hindi_female_010549|C0 C3 C0 <wb> C22 C0 C36 C24 C0 C24 C0 C16 <wb> C19 C0 C11 <wb> C3 C0 C16 C24 C0 C1 <wb> C17 C0 C2 C30 C0 C11 <wb> C36 C30 C0 C19 C0 C11 <wb> C28 C0 C1 C30 C0 <wb> C19 C0 C26 C16 <wb> C37 C0 C38 C0 <wb> C37 C0 C30 C0 C33 C0 C1 <wb> C24 C0 C15 C0 C16 C23 <wb> C3 C0 C5 C0 C16
hindi_female_010550|C36 C30 C0 C19 C0 C16 <wb> C15 C0 C1 C21 C0 C32 C0 <wb> C7 C0 C11 C20 C0 <wb> C19 C0 C29 C0 <wb> C0 C23 C3 C0 C29 C0 <wb> C3 C0 C15 C0 C36 C32 C0 <wb> C5 C0 C16 C23 C32 C0 C16 C32 C0 <wb> C15 C0 C26 <wb> C36 C35 C0 C1 <wb> C27 C29 C0 <wb> C1 C30 C0 C19 C0 C32 C0 C16 <wb> C17 C0 C32 C0 C1 C32 C0 C11 <wb> C15 C0 C36 C11 <wb> C28 C0 C36 C6 C0 C1 <wb> C32 C0 C36 C22 C0 <wb> C22 C0 C36 C18 C0 C30 C0 C11 <wb> C3 C0 C26 C21 C0 C32 C0 C16 <wb> C19 C0 C38 C0 C26 C23 <wb> C24 C0 C15 C0 C16 C23 <wb> C31 C0 C1 C20 C0 C1
hindi_female_010551|C31 C0 C1 C20 C0 C1 <wb> C28 C0 C1 C13 C0 C21 C0 C26 C23 <wb> C19 C0 C16 <wb> C32 C0 C29 C0 C15 C0 <wb> C28 C0 C1 C23 C5 C0 <wb> C13 C0 C36 C9 C0 C16 C38 C0 C26 C23 <wb> C19 C0 C26 <wb> C3 C0 C1 C29 C0 C16 <wb> C3 C0 C1 C29 C0 C16 <wb> C30 C0 C11 <wb> C3 C0 C16 C21 C0 C20 C0 <wb> C3 C0 C16 C21 C0 C20 C0 <wb> C19 C0 C29 C0 <wb> C0 C28 C0 C24 C0 C11 <wb> C30 C0 C16 C24 C0 C11 <wb> C30 C0 C11 <wb> C5 C0 C16 C28 C0 C19 C0 C1 <wb> C29 C0 C15 C0 C16 <wb> C33 C0 C16 <wb> C5 C0 C36 C22 C0 <wb> C29 C0 C15 C0 C16 <wb> C33 C0 C16 <wb> C27 C29 C0 <wb> C1 C32 C0 C22 C0 C1 C21 C0 C1 C28 C0 <wb> C19 C0 C29 C0 <wb> C29 C0 C15 C0 C16 <wb> C33 C0 C16
hindi_female_010558|C17 C0 C13 C0 C15 C0 <wb> C17 C0 C13 C0 C15 C0 <wb> C28 C0 C29 C0 <wb> C19 C0 C36 C9 C0 C1 <wb> C19 C0 C5 C0 C29 C0 C1 <wb> C12 C0 C11 C23 C19 C0 C24 C0 C11 <wb> C19 C0 C11 <wb> C21 C0 C16 C38 C0 C11 <wb> C9 C0 C29 C0 C22 C0 <wb> C21 C0 C13 C0 C11 <wb> C15 C0 C36 C11 <wb> C15 C0 C2 C23
hindi_female_010566|C38 C0 C15 C0 C1 C23 <wb> C22 C0 C11 C29 C0 C16 <wb> C17 C0 C1 C24 C0 <wb> C28 C0 C15 C0 C5 C0 C1 C24 C0 <wb> C19 C0 C1 <wb> C4 C0 C16 <wb> C32 C0 C26 <wb> C19 C0 C26 C16 <wb> C24 C0 C15 C0 C16 C23 <wb> C15 C0 C2
hindi_female_010568|C15 C0 C22 C0 C1 C29 C0 C1 <wb> C14 C0 C29 C0 <wb> C16 C30 C0 <wb> C19 C0 C21 C0 C26 C24 C0 C16 <wb> C30 C0 C11 <wb> C33 C0 C26 C9 C0 C16 <wb> C7 C0 C36 C29 C0 <wb> C15 C0 C16 <wb> C15 C0 C2 <wb> C21 C0 C11 C19 C0 C16 C24 C0 <wb> C21 C0 C1 C17 C0 C37 C0 C24 C0 C32 C0 C16 <wb> C19 C0 C11 <wb> C32 C0 C24 C0 C7 C0 C36 C29 C0 <wb> C19 C0 C16 <wb> C37 C0 C17 C0 C15 C0 <wb> C30 C0 C11 <wb> C15 C0 C22 C0 C1 C29 C0 C1 <wb> C16 C30 C0 <wb> C19 C0 C21 C0 C26 C24 C0 C16 <wb> C30 C0 C11 <wb> C19 C0 C36 C6 C0 <wb> C30 C0 C22 C0 C3 C0 C24 C0 C8 C0 <wb> C30 C0 C1 <wb> C15 C0 C26 <wb> C13 C0 C38 C0 C1 <wb> C15 C0 C2
hindi_female_010575|C15 C0 C22 C0 <wb> C17 C0 C2 C30 C0 C11 <wb> C4 C0 C16 <wb> C15 C0 C2 C23 <wb> C0 C5 C0 C6 C0 C11 <wb> C15 C0 C2 C23 <wb> C22 C0 C2 C24 C0 C11 <wb> C30 C0 C37 C0 C38 C0 C23 <wb> C19 C0 C26 <wb> C19 C0 C35 C0 C26 C29 C0 <wb> C3 C0 C24 C0 C1 C32 C0 C11 <wb> C15 C0 C36 C11 <wb> C19 C0 C15 C0 C1 <wb> C33 C0 C1 <wb> C28 C0 C32 C0 C24 C0 C16 <wb> C22 C0 C36 C23 C15 C0 <wb> C3 C0 C16 C5 C0 C19 C0 C1 <wb> C19 C0 C29 C0 <wb> C29 C0 C15 C0 <wb> C13 C0 C16 <wb> C33 C0 C16
hindi_female_010576|C0 C13 C0 C21 C0 C11 <wb> C29 C0 C26 C17 C0 <wb> C20 C0 C1 C24 C0 C1 <wb> C20 C0 C1 C32 C0 C16 <wb> C15 C0 C36 C16 <wb> C37 C0 C15 C0 <wb> C3 C0 C26 C21 C0 C16 <wb> C11 C19 C0 <wb> C3 C0 C1 C32 C0 <wb> C19 C0 C15 C0 C36 C23 <wb> C17 C0 C16 <wb> C19 C0 C38 C0 C1 <wb> C29 C0 C26 C34 C0 C16 <wb> C19 C0 C1 <wb> C19 C0 C26 C29 C0 <wb> C22 C0 C36 C23 C15 C0 <wb> C22 C0 C11 C23 <wb> C9 C0 C1 C21 C0 C32 C0 C11 <wb> C15 C0 C36 C11 <wb> C22 C0 C2 C23 <wb> C29 C0 C36 C19 C0 <wb> C13 C0 C38 C0 C1 <wb> C33 C0 C1
hindi_female_010578|C28 C0 C32 C0 C24 C0 C16 <wb> C24 C0 C11 <wb> C1 C23 C20 C0 C11 C23 <wb> C32 C0 C29 C0 C11 C29 C0 C16 C23 <wb> C32 C0 C26 <wb> C22 C0 C2 C23 <wb> C36 C30 C0 C16 <wb> C29 C0 C26 <wb> C22 C0 C11 C23 <wb> C3 C0 C26 C21 C0 C1 <wb> C4 C0 C16 <wb> C27 C29 C0 <wb> C19 C0 C38 C0 C1 <wb> C19 C0 C26 C16 <wb> C3 C0 C1 C32 C0 <wb> C33 C0 C16 <wb> C17 C0 C26 <wb> C32 C0 C36 C22 C0 <wb> C3 C0 C32 C0 C1 C24 C0 C11 <wb> C5 C0 C21 C0 C16
hindi_female_010581|C0 C5 C0 C6 C0 C11 <wb> C4 C0 C21 C0 C11 <wb> C14 C0 C29 C0 <wb> C30 C0 C11 <wb> C24 C0 C1 C32 C0 C1 <wb> C29 C0 C20 C0 C32 C0 C16 <wb> C33 C0 C16 <wb> C37 C0 C15 C0 <wb> C32 C0 C26 <wb> C21 C0 C11 C19 C0 C16 C24 C0 <wb> C28 C0 C32 C0 C16 <wb> C24 C0 C11 <wb> C8 C0 C19 C0 C19 C0 C11 <wb> C22 C0 C1 C29 C0 <wb> C19 C0 C29 C0 <wb> C14 C0 C29 C0 <wb> C30 C0 C11 <wb> C24 C0 C16 C19 C0 C1 C21 C0 <wb> C7 C0 C16 C38 C0 C1 <wb> C3 C0 C11 C5 C0 C1 C29 C0 C16 <wb> C19 C0 C26
hindi_female_010590|C22 C0 C36 C18 C0 C11 <wb> C19 C0 C36 C6 C0 <wb> C24 C0 C15 C0 C16 C23 <wb> C19 C0 C15 C0 C1 <wb> C21 C0 C1 C17 C0 C37 C0 C24 C0 C32 C0 C16 <wb> C30 C0 C11 <wb> C19 C0 C11 C15 C0 <wb> C29 C0 C15 C0 C11 <wb> C33 C0 C11
hindi_female_010592|C0 C13 C0 C21 C0 C11 <wb> C29 C0 C26 C17 C0 <wb> C0 C12 C0 C16 C30 C0 <wb> C30 C0 C11 <wb> C21 C0 C27 C34 C0 C32 C0 C11 <wb> C15 C0 C16 <wb> C22 C0 C2 C23 C24 C0 C11 <wb> C20 C0 C36 C7 C0 <wb> C15 C0 C16 <wb> C28 C0 C36 C6 C0 <wb> C21 C0 C16 C38 C0 C1 <wb> C21 C0 C1 C17 C0 C37 C0 C24 C0 C32 C0 C16 <wb> C19 C0 C1 <wb> C19 C0 C38 C0 C1 <wb> C15 C0 C1 C21 C0 <wb> C15 C0 C2 <wb> C28 C0 C32 C0 C24 C0 C16 <wb> C29 C0 C26 C34 C0 C16 <wb> C21 C0 C13 C0 C1 <wb> C29 C0 C15 C0 C16 <wb> C33 C0 C16
hindi_female_010595|C15 C0 C36 C1 <wb> C19 C0 C38 C0 C1 <wb> C37 C0 C15 C0 C16 <wb> C15 C0 C36 C1 <wb> C17 C0 C26 <wb> C0 C19 C0 C11 C21 C0 C11 <wb> C22 C0 C11 C23 <wb> C11 C19 C0 <wb> C22 C0 C29 C0 C7 C0 <wb> C28 C0 C29 C0 C1 C16 <wb> C27 C29 C0 C32 C0 <wb> C19 C0 C11 <wb> C30 C0 C1 C33 C0 <wb> C19 C0 C29 C0 <wb> C30 C0 C19 C0 C32 C0 C1 <wb> C15 C0 C2
hindi_female_010598|C21 C0 C1 C17 C0 C37 C0 C24 C0 C32 C0 C16 <wb> C24 C0 C11 <wb> C19 C0 C38 C0 C1 <wb> C19 C0 C15 C0 C1 <wb> C3 C0 C30 C0 <wb> C38 C0 C15 C0 C16 <wb> C32 C0 C26 <wb> C13 C0 C21 C0 C32 C0 C16 <wb> C19 C0 C29 C0 <wb> C1 C16 <wb> C21 C0 C1 C17 C0 C37 C0 C24 C0 C32 C0 C16 <wb> C19 C0 C36 C6 C0 <wb> C24 C0 C15 C0 C16 <wb> C19 C0 C15 C0 C1 <wb> C5 C0 C36 C28 C0 C5 C0 C1 C28 C0 <wb> C5 C0 C21 C0 C16 <wb> C1 C38 C0 C16
hindi_female_010609|C22 C0 C2 C23 <wb> C17 C0 C9 C0 <wb> C30 C0 C1 <wb> C3 C0 C24 C0 C1 <wb> C28 C0 C32 C0 C24 C0 C16 <wb> C19 C0 C11 <wb> C5 C0 C11 C15 C0 C29 C0 C11 <wb> C19 C0 C16 <wb> C26 C29 C0 <wb> C7 C0 C11 C20 C0 <wb> C29 C0 C15 C0 C1 <wb> C33 C0 C1 <wb> C37 C0 C15 C0 <wb> C15 C0 C16 <wb> C3 C0 C26 C21 C0 C16 <wb> C5 C0 C1 C29 C0 <wb> C14 C0 C23 C34 C0 C11 <wb> C3 C0 C1 C7 C0 <wb> C8 C0 C19 C0 C19 C0 C11 <wb> C22 C0 C1 C29 C0 C19 C0 C29 C0 <wb> C3 C0 C1 C15 C0 C29 C0 <wb> C24 C0 C16 C19 C0 C1 C21 C0 <wb> C7 C0 C16 C38 C0 C1
hindi_female_010611|C22 C0 C11 C29 C0 C11 <wb> C14 C0 C29 C0 <wb> C19 C0 C11 <wb> C3 C0 C1 C15 C0 C29 C0 <wb> C16 C32 C0 C24 C0 C16 <wb> C4 C0 C16 C9 C0 <wb> C27 C29 C0 <wb> C38 C0 C11 <wb> C28 C0 C36 C21 C0 C16 C30 C0 <wb> C19 C0 C16 <wb> C17 C0 C16 C28 C0 <wb> C19 C0 C38 C0 C26 C23 <wb> C15 C0 C2
hindi_female_010612|C1 C28 C0 <wb> C16 C24 C0 C15 C0 C11 C23 <wb> C28 C0 C15 C0 C5 C0 C1 C24 C0 <wb> C30 C0 C19 C0 C32 C0 C11 <wb> C15 C0 C2 C23 <wb> C22 C0 C11 C29 C0 C11 <wb> C19 C0 C29 C0 C16 C3 C0 <wb> C28 C0 C15 C0 C36 C23 C5 C0 C32 C0 C11 <wb> C15 C0 C16 <wb> C11 C19 C0 <wb> C28 C0 C36 C21 C0 C16 C30 C0 <wb> C37 C0 C1 C21 C0 C11 <wb> C24 C0 C11 <wb> C17 C0 C22 C0 C16 C24 C0 <wb> C28 C0 C11 <wb> C28 C0 C9 C0 C1 <wb> C30 C0 C12 C0 C11 C7 C0 <wb> C19 C0 C28 C0 C9 C0 C1 <wb> C11 C19 C0 <wb> C27 C29 C0 <wb> C30 C0 C29 C0 C19 C0 C1 <wb> C7 C0 C16 C38 C0 C1 <wb> C15 C0 C2
hindi_female_010683|C5 C0 C1 C38 C0 <wb> C19 C0 C1 <wb> C28 C0 C38 C0 C1 C21 C0 C1 <wb> C36 C35 C0 C1 <wb> C19 C0 C29 C0 <wb> C28 C0 C15 C0 C21 C0 C1 <wb> C14 C0 C36 C23 C34 C0 <wb> C21 C0 C11 C32 C0 C11 <wb> C15 C0 C36 C11 <wb> C36 C30 C0 C16 <wb> C24 C0 C11 <wb> C3 C0 C1 C32 C0 <wb> C31 C0 C36 C29 C0 C36 <wb> C19 C0 C16 <wb> C33 C0 C16
hindi_female_010699|C0 C5 C0 C6 C0 C1 <wb> C13 C0 C26 C28 C0 C1 C21 C0 <wb> C38 C0 C11 <wb> C3 C0 C29 C0 C32 C0 C24 C0 <wb> C29 C0 C30 C0 C26 C16 <wb> C22 C0 C11 C23 <wb> C29 C0 C20 C0 C19 C0 C29 C0 <wb> C32 C0 C36 C22 C0 <wb> C0 C4 C0 C16 <wb> C14 C0 C29 C0 <wb> C5 C0 C21 C0 C11 <wb> C17 C0 C1 C26 <wb> C22 C0 C2 C23 <wb> C33 C0 C26 C9 C0 C16 <wb> C7 C0 C11 C29 C0 <wb> C1 C29 C0 C1 C22 C0 <wb> C19 C0 C29 C0 C36 C23 C13 C0 C16
hindi_female_010720|C17 C0 C26 <wb> C19 C0 C36 C6 C0 <wb> C37 C0 C15 C0 <wb> C0 C28 C0 C24 C0 C11 <wb> C28 C0 C32 C0 C29 C0 C26 C23 <wb> C22 C0 C11 C23 <wb> C3 C0 C38 C0 C1 C24 C0 <wb> C19 C0 C29 C0 <wb> C5 C0 C36 C19 C0 C16 <wb> C33 C0 C16 <wb> C19 C0 C38 C0 C1 <wb> C36 C30 C0 C11 <wb> C12 C0 C16 C29 C0 <wb> C30 C0 C11 <wb> C7 C0 C26 C15 C0 C29 C0 C1 C24 C0 C11 <wb> C38 C0 C1 <wb> C36 C30 C0 C11 <wb> C27 C29 C0 <wb> C20 C0 C26 C21 C0 C19 C0 C29 C0 <wb> C30 C0 C22 C0 C18 C0 C1 C24 C0 C11 <wb> C19 C0 C16 <wb> C1 C37 C0 C31 C0 C38 C0 C19 C0 C32 C0 C1
hindi_female_010745|C0 C17 C0 C16 C3 C0 <wb> C3 C0 C1 C32 C0 <wb> C15 C0 C2 <wb> C37 C0 C26 <wb> C32 C0 C26 <wb> C19 C0 C1 C12 C0 C16 <wb> C22 C0 C30 C0 C32 C0 <wb> C1 C7 C0 C22 C0 C16 <wb> C33 C0 C1
hindi_female_010838|C16 C30 C0 C19 C0 C11 <wb> C3 C0 C1 C7 C0 <wb> C36 C30 C0 C24 C0 C11 <wb> C11 C19 C0 <wb> C31 C0 C21 C0 C26 C19 C0 <wb> C21 C0 C16 C20 C0 C19 C0 C29 C0 <wb> C0 C28 C0 C24 C0 C11 <wb> C28 C0 C16 C32 C0 C1 <wb> C19 C0 C11 <wb> C7 C0 C37 C0 C1 C29 C0 C1 <wb> C19 C0 C23 C35 C0 C30 C0 C33 C0 <wb> C19 C0 C29 C0 C37 C0 C1 C38 C0 C1
