hindi_female_004508|i s a ee <wb> k a ii <wb> b a aa r a <wb> m a q c a i t a <wb> bh a ii <wb> k a i y a aa <wb> g a y a aa <wb> h a ei
hindi_female_004512|u s a t a aa d a <wb> b a i s a m a i l a l a aa h a <wb> kh a aa n a <wb> bh a aa r a t a ii y a <wb> s a q g a ii t a <wb> h a ii <wb> n a h a ii q <wb> s a m a uu c a ee <wb> k a l a aa <wb> s a q s a aa r a <wb> m a ee q <wb> ee k a <wb> w a i l a k a sx a nx a <wb> u p a s a th a i t a i <wb> r a h a ee
hindi_female_004516|u s a t a aa d a <wb> k a o <wb> tx a r a i b a y a uu tx a <wb> k a ii <wb> t a r a h a <wb> l a i kh a aa <wb> g a y a aa <wb> w a y a o m a ee sh a <wb> sh a u k a l a <wb> k a aa <wb> g a d a y a <wb> u n a k a ii <wb> k a l a aa <wb> k a o <wb> s a aa q s a k a rq t a i k a <wb> r a aa j a n a ii t a i <wb> k a ee <wb> p a r a t a i r a o dh a <wb> k a ee <wb> s a q k a ee t a o q <wb> k a ii <wb> t a r a h a <wb> d a ee kh a t a aa <wb> h a ei
hindi_female_004517|i s a <wb> a q k a <wb> s a ee <wb> h a m a <wb> ee k a <wb> n a y a aa <wb> kh a q dx a <wb> u n a <wb> k a l a aa <wb> r a uu p a o q <wb> p a r a <wb> aa r a q bh a <wb> k a r a <wb> r a h a ee <wb> h a ei q <wb> j a i n a h a ee q <wb> l a o k a <wb> p a r a i y a <wb> y a aa <wb> p a p a u l a r a <wb> k a h a aa <wb> j a aa t a aa <wb> h a ei
hindi_female_004519|y a uu r a o p a <wb> k a aa <wb> b a aa y a aa mq <wb> h a i s a s a aa <wb> a f a r a ii k a aa <wb> k a ee <wb> d a aa h a i n a ee <wb> m a ee q <wb> ou r a <wb> aa s a tx a r a ee l a i y a aa <wb> k a aa <wb> uu p a r a ii <wb> p a sh a c a i m a ii <wb> k a i n a aa r a aa <wb> aa j a <wb> k a ee <wb> t a m a i l a n a aa dx a u <wb> k a ee <wb> b a g a l a <wb> m a ee q <wb> th a aa
hindi_female_004527|k a w a ei q <wb> k a ii <wb> u m a r a <wb> k a r a ii b a n a <wb> a txh a aa r a h a <wb> s a aa l a <wb> r a h a ii <wb> h a o g a ii <wb> y a aa n a i <wb> k a i <wb> w a o <wb> n a w a k a i sh a o r a <wb> th a aa <wb> aa j a <wb> k a aa <wb> tx a ii n a ee j a r a
hindi_female_004537|j a h a aa mq <wb> bh a ii <wb> k a o ii <wb> n a ii <wb> dh a w a n a i <wb> s a u n a t a aa <wb> t a u r a q t a <wb> u s a ee <wb> d a o h a r a aa t a aa
hindi_female_004544|k a u ch a <wb> l a o g a o q <wb> k a o <wb> t a o <wb> dx a r a <wb> th a aa <wb> k a i <wb> k a w a ei q <wb> k a i s a ii <wb> k a aa l a ee <wb> d a ee w a t a aa <wb> k a ii <wb> aa r a aa dh a n a aa <wb> k a r a t a aa <wb> h a ei
hindi_female_004545|i s a <wb> b a ii c a <wb> k a w a ei q <wb> n a ee <wb> a p a n a ee <wb> k a b a ii l a ee <wb> w a aa l a o q <wb> k a ee <wb> s a aa th a <wb> kh a aa n a aa <wb> b a i l a k a u l a <wb> h a ii <wb> b a q d a <wb> k a r a <wb> d a i y a aa
hindi_female_004549|k a bh a ii <wb> k a bh a ii <wb> k a w a ei q <wb> g a u s a s a ee <wb> m a ee q <wb> p a t a th a r a <wb> u txh a aa k a r a <wb> ph a ee q k a <wb> bh a ii <wb> d a ee t a aa
hindi_female_004555|sh a aa y a d a <wb> ee k a <wb> h a ii <wb> w a aa r a <wb> m a ee q <wb> kh a uu mq <wb> a q dh a aa <wb> h a o <wb> g a y a aa
hindi_female_004556|u s a k a ee <wb> b a aa d a <wb> k a w a ei q <wb> n a ee <wb> n a u k a ii l a ee <wb> p a t a th a r a <wb> u txh a aa <wb> k a r a <wb> kh a uu mq <wb> k a ii <wb> ee k a <wb> ee k a <wb> n a s a <wb> k a aa tx a <wb> dx a aa l a ii
hindi_female_004557|t a ii n a <wb> k a b a ii l a ee w a aa l a ee <wb> b a ii c a <wb> m a ee q <wb> aa ee <wb> l a ee k a i n a <wb> w a o <wb> bh a ii <wb> m a aa r a ee <wb> g a ee
hindi_female_004558|s a u b a h a <wb> h a o t a ee <wb> h a o t a ee <wb> p a uu r a aa <wb> k a b a ii l a aa <wb> kh a aa l a ii <wb> h a o <wb> g a y a aa
hindi_female_004559|m a aa n a <wb> l a i y a aa <wb> g a y a aa <wb> k a i <wb> k a w a ei q <wb> s a c a m a u c a <wb> r a aa t a <wb> k a ii <wb> h a ii <wb> aa r a aa dh a n a aa <wb> k a r a t a aa <wb> h a ei q
hindi_female_004561|j a i n a <wb> p a t a th a r a o q <wb> p a ee <wb> kh a uu n a <wb> l a g a <wb> g a y a aa <wb> th a aa <wb> u n a h a ee q <wb> w a o <wb> dx a ei n a y a uu b a <wb> m a ee q <wb> dh a o <wb> l a aa y a aa
hindi_female_004567|w a ee <wb> r a aa g a <wb> k a aa <wb> w a i s a t a aa r a <wb> k a r a n a ee <wb> u s a k a ii <wb> s a q r a c a n a aa <wb> k a ee <wb> b a y a ou r a o q <wb> k a o <wb> u bh a aa r a n a ee <wb> m a ee q <wb> h a m a ee sh a aa <wb> b a ee h a d a <wb> s a dh a ee <wb> h a u ee <wb> ou r a <wb> j a aa g a r a uu k a <wb> r a h a ee <wb> h a ei q
hindi_female_004577|w a ee <wb> ee k a <wb> s a aa dh a aa r a nx a <wb> i n a s a aa n a <wb> h a ei q <wb> j a i n a k a ee <wb> bh a ii t a r a <wb> aa p a k a o <wb> a n a aa y a aa s a <wb> h a ii <wb> s a h a j a <wb> m a aa n a w a ii y a t a aa <wb> k a ee <wb> d a r a sh a n a <wb> h a o t a ee <wb> h a ei q
hindi_female_004578|y a ee <wb> kh a aa n a <wb> s a aa h a b a <wb> k a o ii <wb> d a uu s a r a ee <wb> h a ei q
hindi_female_004579|u n a s a ee <wb> m a i l a n a aa <wb> m a o m a i n a <wb> k a ee <wb> u s a <wb> sh a ee r a <wb> s a ee <wb> m a i l a n a aa <wb> h a ei <wb> j a h a aa mq <wb> w a ee <wb> y a h a <wb> d a r a j a <wb> k a r a t a ee <wb> h a ei q <wb> t a u m a <wb> m a ee r a ee <wb> p a aa s a <wb> h a o t a ee <wb> h a o <wb> j a b a <wb> k a o ii <wb> d a uu s a r a aa <wb> n a h a ii q <wb> h a o t a aa
hindi_female_004581|u n a h a ee q <wb> k a aa sh a ii <wb> s a ee <wb> b a ee p a n a aa h a <wb> m a u h a b a b a t a <wb> h a ei
hindi_female_004582|w a ee <wb> sh a h a n a aa ii <wb> k a o <wb> a p a n a ii <wb> p a r a s a t a u t a i <wb> k a aa <wb> ee k a <wb> w a aa d a y a <wb> y a n a t a r a <wb> n a h a ii q <wb> m a aa n a t a ee <wb> b a l a k a i <wb> u s a ee <wb> s a kh a ii <wb> ou r a <wb> m a h a b a uu b a aa <wb> k a h a t a ee <wb> h a ei q
hindi_female_004583|a p a n a ii <wb> p a t a n a ii <wb> k a ee <wb> g a u j a r a <wb> j a aa n a ee <wb> k a ee <wb> b a aa d a <wb> s a ee <wb> u n a k a ii <wb> y a h a <wb> m a h a b a uu b a aa <wb> h a ii <wb> u n a k a ee <wb> s a i r a h a aa n a ee <wb> b a i s a t a r a <wb> p a r a <wb> s a aa th a <wb> s a o t a ii <wb> h a ei <wb> ou r a <wb> a p a n a ee <wb> p a r a ee m a ii <wb> k a o <wb> d a o <wb> ee k a <wb> k a sx a nx a <wb> kh a u d a <wb> k a ii <wb> kh a u sh a ii <wb> b a tx a o r a n a ee <wb> k a aa <wb> b a h a aa n a aa <wb> d a ee t a ii <wb> h a ei
hindi_female_004587|a p a n a ee <wb> bh a r a ee <wb> p a uu r a ee <wb> k a u n a b a ee <wb> k a ee <wb> s a aa th a <wb> r a h a n a aa <wb> ou r a <wb> p a aa mq c a o q <wb> w a k a t a <wb> k a ii <wb> n a m a aa z a <wb> m a ee q <wb> s a q g a ii t a <wb> k a ii <wb> sh a u d a dh a t a aa <wb> k a o <wb> m a i l a aa <wb> d a ee n a aa <wb> u n a h a ee q <wb> b a kh a uu b a ii <wb> aa t a aa <wb> h a ei
hindi_female_004595|i s a <wb> b a aa g a ii c a ee <wb> m a ee q <wb> aa p a <wb> sh a u r a uu <wb> s a ee <wb> a n a t a <wb> t a k a <wb> gh a uu m a <wb> aa i y a ee <wb> t a o <wb> d a u n a i y a aa <wb> bh a r a <wb> k a ii <wb> s a u n a d a r a <wb> c a ii z a o q <wb> k a ee <wb> s a aa th a <wb> ee k a <wb> a n a n a y a t a aa <wb> m a h a s a uu s a <wb> k a r a ee q g a ee q
hindi_female_004600|a j a ii b a <wb> s a ii <wb> p a q k a t a i <wb> n a h a ii q <wb> h a ei <wb> g a q g a aa <wb> k a ii <wb> l a h a r a ee q <wb> j a i t a n a ii <wb> m a uu r a t a <wb> ou r a <wb> y a th a aa r a th a <wb> h a ei q <wb> i t a i h a aa s a <wb> u t a n a aa <wb> h a ii <wb> a m a uu r a t a
hindi_female_004601|g a q g a aa <wb> k a ii <wb> l a h a r a o q <wb> k a aa <wb> k a y a aa <wb> k a o ii <wb> i t a i h a aa s a <wb> n a h a ii q <wb> b a i l a aa sh a k a <wb> h a ei <wb> r a aa h a ii <wb> m a aa s a uu m a <wb> r a z a aa <wb> t a ii s a r a ii <wb> h a ii <wb> p a q k a t a i <wb> m a ee q <wb> b a t a aa <wb> d a ee t a ee <wb> h a ei q
hindi_female_004606|l a ou q dx a aa <wb> txh a i txh a o l a ii <wb> ou r a <wb> h a mq s a ii <wb> k a r a <wb> r a h a aa <wb> th a aa <wb> t a o <wb> ph a u n a n a n a <wb> m a i y a aa mq <wb> n a ee <wb> u txh a k a r a <wb> ee k a <wb> ei s a aa <wb> t a m a aa c a aa <wb> m a aa r a aa <wb> k a i <wb> u s a t a aa d a <wb> j a ii <wb> k a ee <wb> b a aa y a ee q <wb> k a ii <wb> g a m a k a <wb> d a b a <wb> g a ii
hindi_female_004611|w a h a <wb> k a o ii <wb> k a aa m a <wb> n a h a ii q <wb> k a r a t a aa <wb> th a aa <wb> ou r a <wb> aa r a aa m a <wb> s a ee <wb> th a aa
hindi_female_004612|p a h a l a ee <wb> w a h a <wb> d a i n a <wb> r a aa t a <wb> k a aa m a <wb> k a i y a aa <wb> k a r a t a aa <wb> th a aa <wb> ou r a <wb> b a ee aa r a aa m a <wb> th a aa
hindi_female_004616|bh a aa r a t a <wb> ch a o dx a o <wb> aa n a d a o l a n a <wb> k a ee <wb> aa s a p a aa s a <wb> bh a ii dxq a <wb> th a aa n a ee <wb> k a o <wb> gh a ee r a <wb> l a ee t a ii <wb> h a ei
hindi_female_004619|g a o d a aa n a <wb> ch a t a t a ii s a <wb> m a ee q <wb> aa y a aa <wb> th a aa <wb> l a ee k a i n a <wb> c a uu q k a i <wb> r a aa y a s a aa h a b a <wb> k a aa q g a r a ee s a <wb> k a ii <wb> m a ee m a b a r a ii <wb> m a ee q <wb> j a ee l a <wb> bh a ii <wb> h a o <wb> aa ee <wb> th a ee
hindi_female_004620|i s a l a i ee <wb> s a ei q t a aa l a ii s a <wb> k a ee <wb> b a aa d a <wb> bh a ii <wb> u n a k a ii <wb> r a i y a aa s a t a <wb> b a d a l a ee <wb> r a uu p a <wb> m a ee q <wb> c a l a t a ii <wb> r a h a ii <wb> h a o g a ii <wb> ei s a aa <wb> h a m a <wb> m a aa n a <wb> s a k a t a ee q <wb> h a ei q
hindi_female_004621|ph a u n a n a n a <wb> m a i y a aa mq <wb> i s a ee <wb> jh a ee l a <wb> n a h a ii q <wb> p a aa t a ee <wb> ou r a <wb> b a ii c a <wb> t a k a r a ii r a <wb> m a ee q <wb> kh a dxq a ee <wb> h a o <wb> j a aa t a ee <wb> h a ei q
hindi_female_004622|u n a k a ii <wb> w a h a <wb> g a uu mq j a t a ii <wb> aa w a aa z a <wb> i s a <wb> u p a n a y a aa s a <wb> s a ee <wb> b a aa h a r a <wb> n a i k a l a k a r a <wb> aa t a ii <wb> h a ei
hindi_female_004625|w a ee <wb> c a aa h a t a ee <wb> t a o <wb> aa s a aa n a ii <wb> s a ee <wb> dxh a ee r a o q <wb> k a w a i t a aa o q <wb> k a o <wb> k a i s a ii <wb> f a i l a m a <wb> k a ii <wb> p a tx a k a th a aa <wb> k a ii <wb> sh a k a l a <wb> d a ee k a r a <wb> c a i t a r a i t a <wb> k a r a <wb> s a k a t a ee <wb> th a ee
hindi_female_004626|i s a <wb> b a aa t a <wb> s a ee <wb> g a u l a z a aa r a <wb> k a aa <wb> k a h a aa n a ii k a aa r a <wb> bh a ii <wb> g a h a r a aa ii <wb> s a ee <wb> bh a ii g a aa <wb> h a u aa <wb> h a ei
hindi_female_004629|w a ee <wb> a p a n a ee <wb> aa r a m a bh a i k a <wb> j a ii w a n a <wb> k a ii <wb> n a i t a aa n a t a <wb> s a h a j a <wb> ou r a <wb> aa t a m a ii y a <wb> c a ii z a o q <wb> k a o <wb> sh a aa y a r a ii <wb> k a ee <wb> p a r a i w a aa r a <wb> k a aa <wb> s a d a s a y a <wb> b a n a aa t a ee <wb> h a ei q
hindi_female_004634|ee k a <wb> h a d a <wb> t a k a <wb> h a m a <wb> y a h a <wb> aa s a aa n a ii <wb> s a ee <wb> k a h a <wb> s a k a t a ee <wb> h a ei q <wb> k a i <wb> n a i h a aa y a t a <wb> s a aa dh a aa r a nx a <wb> j a ii w a n a <wb> j a ii n a ee <wb> w a aa l a ee <wb> s a m a aa j a <wb> k a ii <wb> c a ou kh a tx a <wb> p a r a <wb> j a aa k a r a <wb> g a u l a z a aa r a <wb> k a ii <wb> k a w a i t a aa <wb> a p a n a aa <wb> sh a i kh a r a <wb> p a aa t a ii <wb> h a ei
hindi_female_004635|y a h a <wb> a p a n a t a w a <wb> ou r a <wb> u t a k a r a sx a <wb> g a u l a z a aa r a <wb> k a ii <wb> p a uu r a ii <wb> z a i d a g a ii <wb> ou r a <wb> u n a k a ee <wb> a n a ee k a <wb> a n a y a <wb> k a aa r a y a o q <wb> m a ee q <wb> aa s a aa n a ii <wb> s a ee <wb> l a k a sx a i t a <wb> h a o <wb> j a aa <wb> s a k a t a ii <wb> h a ei
hindi_female_004639|g a u l a z a aa r a <wb> k a ii <wb> k a w a i t a aa <wb> k a ii <wb> k a ii <wb> p a r a t a ee q <wb> h a ei q <wb> ou r a <wb> u n a <wb> p a r a t a o q <wb> k a ee <wb> b a ii c a <wb> m a ee q <wb> j a ii w a n a <wb> ou r a <wb> u s a k a ii <wb> w a i s a q g a t a i y a o q <wb> k a ii <wb> a n a g a i n a t a <wb> r a q g a t a ee <wb> h a ei q
hindi_female_004641|i s a <wb> sh a aa y a r a <wb> k a aa <wb> a p a n a aa <wb> f a l a <wb> s a f a aa <wb> p a uu r a ii <wb> r a uu m a aa n a i y a t a <wb> ou r a <wb> j a z a b a aa t a <wb> k a ee <wb> s a aa th a <wb> kh a i l a t a aa <wb> j a aa t a aa <wb> h a ei
hindi_female_004643|i s a <wb> a bh a i w a y a k a t a i <wb> m a ee q <wb> j a h a aa mq <wb> ee k a <wb> o r a <wb> h a m a ee q <wb> k a w a i <wb> k a ee <wb> a n a t a r a m a n a <wb> k a ii <wb> m a h a ii n a <wb> b a u n a aa w a tx a <wb> k a ii <wb> j a aa n a k a aa r a ii <wb> m a i l a t a ii <wb> h a ei
hindi_female_004648|y a h a <wb> a k a aa r a nx a <wb> n a h a ii q <wb> h a ei <wb> k a i <wb> g a u l a z a aa r a <wb> k a ee <wb> l a i kh a ee <wb> f a i l a m a <wb> g a ii t a <wb> bh a ii <wb> i s a ii <wb> k a aa r a nx a <wb> a p a n a aa <wb> s a q w a ee d a aa t a m a k a <wb> u t a k a r a sx a <wb> g a h a r a ii <wb> m a aa r a m a i k a t a aa <wb> m a ee q <wb> p a aa t a ee <wb> h a ei q
hindi_female_004649|ee k a <wb> d a o <wb> g a ii t a o q <wb> k a ee <wb> u d a aa h a r a nx a <wb> s a ee <wb> y a h a <wb> m a aa r a m a i k a t a aa <wb> s a m a jh a ii <wb> j a aa <wb> s a k a t a ii <wb> h a ei
hindi_female_004652|w a h a <wb> a k a ee l a ee <wb> m a ee q <wb> h a ii <wb> k a bh a ii <wb> p a uu r a aa <wb> k a aa <wb> p a uu r a aa <wb> d a rq sh a y a <wb> b a n a t a aa <wb> h a ei <wb> y a aa <wb> k a i s a ii <wb> n a z a m a <wb> m a ee q <wb> a p a n a ee <wb> p a r a w a ee sh a <wb> k a ee <wb> s a aa th a <wb> s a aa r a ii <wb> d a rq sh a y a aa w a l a ii <wb> k a o <wb> ee k a <wb> w a i sh a i sx a tx a <wb> k a i s a m a <wb> k a aa <wb> g a u l a z a aa r a tx a ei p a <wb> b a n a aa <wb> d a ee t a aa <wb> h a ei
hindi_female_004659|g a u l a z a aa r a <wb> k a aa <wb> b a u kh a aa r a <wb> k a ii <wb> h a d a <wb> t a k a <wb> p a h a u mq c a aa <wb> h a u aa <wb> y a h a <wb> c a aa mq d a <wb> p a r a ee m a <wb> u n a k a ee <wb> f a i l a m a ii <wb> g a ii t a o q <wb> m a ee q <wb> bh a ii <wb> k a u ch a <wb> b a h a u t a <wb> n a y a ee <wb> dxh a q g a <wb> k a ee <wb> d a rq sh a y a <wb> l a ee <wb> aa y a aa <wb> h a ei
hindi_female_004663|z a aa h a i r a <wb> h a ei <wb> u d a aa s a ii <wb> k a aa <wb> y a h a <wb> aa l a m a <wb> k a w a i t a aa <wb> m a ee q <wb> ei sh a w a r a y a <wb> ou r a <wb> c a k a aa c a ou q dh a <wb> r a c a n a ee <wb> k a ii <wb> j a g a h a <wb> s a q w a ee d a n a aa <wb> ou r a <wb> k a r a u nx a aa <wb> s a ee <wb> dh a aa r a <wb> p a ei d a aa <wb> k a r a t a aa <wb> h a ei
hindi_female_004664|g a u l a z a aa r a <wb> k a ee <wb> r a c a n a aa <wb> k a r a m a <wb> m a ee q <wb> w a i sh a ee sx a k a r a <wb> u n a k a ii <wb> k a w a i t a aa <wb> ou r a <wb> g a z a l a o q <wb> k a ee <wb> s a n a d a r a bh a <wb> m a ee q <wb> p a r a ee m a <wb> b a h a u t a <wb> g a r a i m a aa <wb> k a ee <wb> s a aa th a <wb> p a r a t a i sx a txh a i t a <wb> h a u aa <wb> h a ei
hindi_female_004665|u n a k a ee <wb> s a w a bh a aa w a <wb> m a ee q <wb> j a o <wb> ee k a <wb> a j a ii b a <wb> s a aa <wb> b a ee g a aa n a aa p a n a <wb> h a ei <wb> s a q k a o c a <wb> k a aa <wb> txh a h a r a aa <wb> h a u aa <wb> s a aa <wb> p a r a d a aa <wb> h a ei
hindi_female_004669|p a r a ee m a <wb> m a ee q <wb> u s a <wb> a n a s a u n a ii <wb> aa w a aa z a <wb> k a o <wb> j a o <wb> b a o l a n a aa <wb> n a h a ii q <wb> j a aa n a t a ii <wb> g a u l a z a aa r a <wb> b a kh a uu b a ii <wb> s a u n a <wb> p a aa y a ee <wb> h a ei q
hindi_female_004672|g a u l a z a aa r a <wb> ee k a <wb> b a h a u t a <wb> p a y a aa r a ee <wb> sh a aa y a r a <wb> h a ei q <wb> j a o <wb> a k a sx a r a o q <wb> k a ee <wb> a n a t a r a aa l a <wb> m a ee q <wb> b a s a ii <wb> h a u ii <wb> khq a aa m a o sh a ii <wb> k a ii <wb> a z a m a t a <wb> k a o <wb> j a aa n a t a ee <wb> h a ei q
hindi_female_004674|i s a ii <wb> khq a aa m a o sh a ii <wb> k a o <wb> s a aa dh a n a ee <wb> k a ee <wb> j a t a n a <wb> m a ee q <wb> u m a r a <wb> bh a r a <wb> l a g a ee <wb> r a h a ee <wb> g a u l a z a aa r a <wb> sh a aa y a d a <wb> i n a h a ii q <wb> w a j a h a o q <wb> s a ee <wb> p a r a ee m a <wb> k a ii <wb> s a th a aa p a n a aa <wb> m a ee q <wb> u n a <wb> a n a dh a ee r a ee <wb> d a aa y a r a o q <wb> k a ii <wb> o r a <wb> bh a ii <wb> c a l a ee <wb> g a y a ee <wb> h a ei q
hindi_female_004678|u n a h a o q n a ee <wb> i t a n a ee <wb> d a sh a k a o q <wb> m a ee q <wb> ph a ei l a ee <wb> a p a n a ee <wb> s a m a rq d a dh a <wb> r a c a n a aa t a m a k a <wb> j a ii w a n a <wb> m a ee q <wb> dxh a ee r a o q <wb> ei s a ee <wb> s a rq j a n a <wb> k a ee <wb> k a sx a nx a <wb> j a u tx a aa y a ee <wb> h a ei q
hindi_female_004680|u n a h a o q n a ee <wb> a p a n a aa <wb> f a i l a m a ii <wb> k a r a i y a r a <wb> p a r a ee m a <wb> g a ii t a <wb> k a o <wb> l a i kh a k a r a <wb> sh a u r a uu <wb> k a i y a aa <wb> th a aa
hindi_female_004683|w a h a <wb> b a r a s a o q <wb> b a ii t a <wb> j a aa n a ee <wb> k a ee <wb> b a aa d a <wb> bh a ii <wb> aa j a <wb> u t a n a ii <wb> h a ii <wb> n a z a aa k a t a <wb> ou r a <wb> b a ee c a ei n a ii <wb> k a ee <wb> s a aa th a <wb> u n a k a ii <wb> r a c a n a aa t a m a k a <wb> y a aa t a r a aa <wb> m a ee q <wb> m a ou j a uu d a <wb> h a ei
hindi_female_004689|y a h a <wb> aa l a ee kh a <wb> w a aa nx a ii <wb> p a r a k a aa sh a n a <wb> d a w a aa r a aa <wb> s a aa l a <wb> k a ee <wb> aa kh a i r a <wb> t a k a <wb> y a t a ii q d a r a <wb> m a i sh a r a <wb> k a ee <wb> s a q p a aa d a n a <wb> m a ee q <wb> p a r a k a aa sh a y a <wb> n a z a m a o q <wb> k a ee <wb> d a ii w a aa n a <wb> y a aa r a <wb> j a u l a aa h a ee <wb> k a ii <wb> bh a uu m a i k a aa <wb> k a aa <wb> s a q k a sx a i p a t a <wb> r a uu p a <wb> h a ei
hindi_female_004690|k a i s a s a aa <wb> ee k a <wb> n a aa k a aa m a <wb> s a q p a aa d a k a ii y a <wb> m a q s a uu b a ee <wb> k a aa
hindi_female_004691|aa n a <wb> y a ee d a r a l a u nx a dx a <wb> k a ii <wb> k a w a i t a aa <wb> n a ee <wb> s a m a k a aa l a ii n a <wb> s a w a ii dx a i sh a <wb> k a w a i t a aa <wb> k a o <wb> a p a n a ee <wb> k a aa w a y a <wb> u d a y a m a <wb> s a ee <wb> p a r a t a i k a rq t a <wb> ou r a <wb> s a m a rq d a dh a <wb> k a i y a aa <wb> h a ei
hindi_female_004692|w a aa g a ii sh a <wb> sh a u k a l a <wb> p a i ch a l a ee <wb> k a ii <wb> w a r a sx a o q <wb> s a ee <wb> ee k a <wb> u p a n a y a aa s a <wb> l a i kh a <wb> r a h a ee <wb> h a ei q
hindi_female_004693|p a i ch a l a ee <wb> a q k a <wb> m a ee q <wb> s a u dh a ii r a <wb> c a q d a r a <wb> n a ee <wb> a p a n a ee <wb> aa l a ee kh a <wb> m a ee q <wb> b a ou d a dh a i k a <wb> u t a t a r a j a ii w a n a <wb> k a o <wb> w a i sx a y a <wb> b a n a aa y a aa <wb> th a aa
hindi_female_004698|a p a n a ii <wb> k a u ch a <wb> h a ii <wb> k a i t a aa b a o q <wb> s a ee <wb> s a y a d a r a g a r a aa n a <wb> n a ee <wb> s a n a n a i sx a txh a aa <wb> ou r a <wb> m a o h a bh a q g a <wb> k a ee <wb> aa dh a u n a i k a <wb> a n a u bh a w a <wb> h a ee t a u <wb> ee k a <wb> n a y a ii <wb> k a aa w a y a <wb> bh a aa sx a aa <wb> aa w a i sx a k a rq t a <wb> k a ii
hindi_female_004699|y a h a <wb> bh a aa sx a aa <wb> n a i dx a r a <wb> r a uu p a <wb> s a ee <wb> r a uu p a k a aa t a m a k a <wb> r a t a i m a y a ii <wb> aa dh a y a aa t a m a i k a <wb> ee w a q <wb> d a rq sx a tx a aa <wb> bh a aa sx a aa <wb> th a ii
hindi_female_004701|l a ee k a i n a <wb> ee dx a i th a <wb> k a ii <wb> k a w a i t a aa <wb> u s a k a ee <wb> s a m a k a aa l a ii n a <wb> p a aa txh a k a o q <wb> k a ee <wb> l a i ee <wb> p a r a aa y a hq <wb> ee k a <wb> b a ou d a dh a i k a <wb> c a u n a ou t a ii <wb> l a ee k a r a <wb> u p a s a th a i t a <wb> h a u ii <wb> ou r a <wb> a bh a ii <wb> t a k a <wb> k a w a i y a o q <wb> ou r a <wb> w a i d a w a aa n a o q <wb> k a ii <wb> g a h a n a <wb> j a i j a nj a aa s a aa <wb> k a aa <wb> w a i sx a y a <wb> b a n a ii <wb> h a u ii <wb> h a ei
hindi_female_004704|l a ee k a i n a <wb> aa txh a w a ee q <wb> d a sh a k a <wb> m a ee q <wb> ee k a <wb> a n a p a ee k a sx a i t a <wb> b a d a l a aa w a <wb> p a ei d a aa <wb> h a u aa
hindi_female_004705|s a aa h a i t a y a i k a <wb> p a r a i d a rq sh a y a <wb> m a ee q <wb> bh a aa sx a aa <wb> ou r a <wb> k a aa w a y a <wb> r a uu p a <wb> k a ii <wb> ee k a <wb> b a i l a k a u l a <wb> a l a g a <wb> a w a dh a aa r a nx a aa <wb> l a i y a ee <wb> k a u ch a <wb> s a t a r a ii <wb> k a w a i t a aa o <wb> k a aa <wb> p a r a w a ee sh a <wb> h a u aa
hindi_female_004708|i s a k a ee <wb> p a r a i nx a aa m a <wb> s a w a r a uu p a <wb> b a ii s a w a ii q <wb> s a d a ii <wb> k a ee <wb> s a k a aa n a d a i n a ee w a i y a aa <wb> m a ee q <wb> ee k a <wb> a l a g a <wb> s a ou n a d a r a y a <wb> sh a aa s a t a r a <wb> p a r a t a i ph a l a i t a <wb> h a u ii
hindi_female_004710|n a w a ee q <wb> d a sh a k a <wb> t a k a <wb> aa t a ee <wb> aa t a ee <wb> y a h a <wb> s a p a sx a tx a <wb> h a o t a aa <wb> c a l a aa <wb> g a y a aa <wb> k a i <wb> a b a <wb> s a w a ii dx a <wb> k a w a i t a aa <wb> k a ii <wb> p a r a th a m a <wb> p a q k a t a i <wb> s a t a r a i y a o q <wb> k a ii <wb> n a i r a m a i t a <wb> b a n a t a ii <wb> c a l a ii <wb> j a aa <wb> r a h a ii <wb> th a ii
hindi_female_004712|i s a <wb> b a d a l a aa w a <wb> k a aa <wb> s a ou n a d a r a y a <wb> ou r a <wb> i s a k a ii <wb> c a u n a ou t a ii <wb> k a r a m a sh a hq <wb> s a m a rq d a dh a <wb> a dh a i k a <wb> j a tx a i l a <wb> ou r a <wb> p a r a i p a k a w a <wb> h a o t a ii <wb> c a l a ii <wb> g a y a ii
hindi_female_004722|k a w a i t a aa <wb> k a o <wb> bh a aa sx a i k a <wb> w a y a w a h a aa r a <wb> k a aa <wb> s a b a s a ee <wb> k a r a uu nx a aa m a y a ii <wb> a w a y a y a <wb> b a n a <wb> j a aa n a aa <wb> h a o t a aa <wb> h a ei
hindi_female_004723|i s a <wb> k a i t a aa b a <wb> k a ii <wb> s a m a ii k a sx a aa <wb> ee k a <wb> r a ee dx a i y a o <wb> p a t a r a i k a aa <wb> m a ee q <wb> h a u ii
hindi_female_004724|u n a <wb> k a w a i t a aa o q <wb> s a ee <wb> m a u jh a ee <wb> ee k a <wb> jh a tx a k a aa <wb> l a g a aa
hindi_female_004727|j a i s a m a ee <wb> w a ee <wb> m a rq t a y a u <wb> k a ee <wb> s a m a y a <wb> a p a n a ee <wb> u s a <wb> k a m a r a ee <wb> m a ee q <wb> a k a ee l a ee <wb> b a ei txh a ee <wb> h a u ee <wb> th a ee <wb> j a o <wb> u n a k a aa <wb> p a u s a t a k a aa l a y a <wb> k a h a l a aa t a aa <wb> th a aa
hindi_female_004730|i s a <wb> k a i t a aa b a <wb> k a o <wb> y a o mq <wb> t a o <wb> ee k a <wb> s a b a uu t a <wb> k a ee <wb> t a ou r a <wb> p a r a <wb> th a aa n a ee <wb> m a ee q <wb> j a m a aa <wb> k a r a <wb> l a i y a aa <wb> g a y a aa <wb> th a aa
hindi_female_004732|kq a t a l a <wb> k a ii <wb> j a aa mq c a <wb> k a r a n a ee <wb> w a aa l a ee <wb> p a u l a i s a <wb> k a ee <wb> s a bh a ii <wb> ch a o tx a ee <wb> b a dxq a ee <wb> h a aa k a i m a o mq <wb> k a aa <wb> k a h a n a aa <wb> w a aa j a i b a <wb> th a aa
hindi_female_004738|p a h a l a ee <wb> r a aa j a n a ii t a i k a <wb> k a aa r a nx a o mq <wb> k a ii <wb> b a aa t a <wb> k a ii <wb> j a aa y a ee
hindi_female_004740|t a o <wb> p a uu r a w a aa q c a l a <wb> w a aa l a o mq <wb> k a ee <wb> s a aa r a ee <wb> s a w a aa bh a aa w a i k a <wb> s a aa q s a k a rq t a i k a <wb> a dh a i k a aa r a <wb> k a ee <wb> b a aa w a u j a uu d a <wb> m a dh a y a aa q c a l a <wb> w a aa l a ee <wb> i s a <wb> b a aa t a <wb> p a r a <wb> a dxq a <wb> g a y a ee <wb> k a i <wb> l a kh a n a uu <wb> t a o <wb> m a dh a y a aa q c a l a <wb> k a ii <wb> h a ii <wb> r a aa j a dh a aa n a ii <wb> h a o g a ii
hindi_female_004741|k a ee n a d a r a ii y a <wb> s a r a k a aa r a <wb> ou r a <wb> k a ee n a d a r a ii y a <wb> w a i p a k a sx a <wb> k a ee <wb> b a ii c a <wb> y a h a <wb> t a y a <wb> h a o <wb> g a y a aa
hindi_female_004743|k a i n a t a u <wb> p a i ch a l a ee <wb> m a aa gh a <wb> m a ee l a ee <wb> m a ee q <wb> p a r a t a i d a i n a <wb> s a t a t a r a <wb> t a ii r a th a y a aa t a r a i y a o mq <wb> k a o <wb> m a ou t a <wb> k a ee <wb> gh a aa tx a <wb> u t a aa r a n a ee <wb> k a ii <wb> a p a n a ii <wb> gh a o sx a nx a aa <wb> k a o <wb> j a b a <wb> aa t a q k a w a aa d a i y a o mq <wb> n a ee <wb> b a i n a aa <wb> k a i s a ii <wb> b a aa dh a aa <wb> k a ee <wb> p a uu r a ee <wb> m a aa gh a <wb> m a h a ii n a ee <wb> p a uu r a aa <wb> k a r a <wb> d a i kh a aa y a aa
hindi_female_004744|j a o <wb> k a ee n a d a r a ii y a <wb> s a r a k a aa r a <wb> ou r a <wb> k a ee n a d a r a ii y a <wb> w a i p a k a sx a <wb> k a ee <wb> b a ii c a <wb> s a h a m a t a i <wb> k a aa <wb> ee k a <wb> ou r a <wb> b a i q d a u <wb> b a n a <wb> c a u k a ii <wb> th a ii <wb> k a i <wb> p a nx a dx a i t a <wb> d a u r a g a aa sh a ng a k a r a <wb> sh a r a ii m a u kh a <wb> i s a <wb> p a r a s a t a aa w a <wb> k a ee <wb> m a u kh a r a <wb> w a i r a o dh a ii <wb> k a ee <wb> r a uu p a <wb> m a ee q <wb> s a aa m a n a ee <wb> aa y a ee
hindi_female_004764|s a th a aa n a ii y a <wb> p a u l a i s a <wb> k a ii <wb> k a u ch a <wb> l a aa n a t a <wb> m a l a aa m a t a <wb> bh a ii <wb> i s a <wb> b a aa t a <wb> k a ee <wb> l a i ee <wb> h a u ii <wb> k a i <wb> u s a n a ee <wb> m a aa m a uu l a ii <wb> p a uu ch a t a aa ch a <wb> k a ee <wb> b a aa d a <wb> u s a ee <wb> j a aa n a ee <wb> d a i y a aa <wb> th a aa
hindi_female_004776|u n a k a ii <wb> c a ee l a aa h a ii <wb> ou r a <wb> u p a r a o h a i t a ii <wb> k a ee <wb> k a u ch a <wb> gh a r a <wb> z a r a uu r a <wb> h a r a i d a t a t a <wb> p a nx a dx a i t a <wb> k a o <wb> m a i l a ee mq g a ee <wb> l a ee k a i n a <wb> y a ee <wb> gh a r a <wb> bh a ii <wb> m a aa m a uu l a ii <wb> k a i s a aa n a o mq <wb> k a ee <wb> th a ee
hindi_female_004777|y a d a y a p a i <wb> y a h a <wb> n a h a ii mq <wb> k a h a aa <wb> j a aa <wb> s a k a t a aa <wb> k a i <wb> h a r a i d a t a t a <wb> p a nx a dx a i t a <wb> n a ee <wb> d a ee w a d a t a t a <wb> p a nx a dx a i t a <wb> k a ee <wb> p a r a t a i <wb> a p a n a ee <wb> b a ei r a <wb> m a ee q <wb> k a o ii <wb> k a m a ii <wb> d a i kh a aa y a ii <wb> th a ii
hindi_female_004780|u n a k a ee <wb> m a u mq h a <wb> p a r a <wb> g a aa mq w a <wb> m a ee q <wb> i s a <wb> b a aa t a <wb> k a o <wb> a n a u c a i t a <wb> k a h a n a ee <wb> w a aa l a aa <wb> k a o ii <wb> n a h a ii mq <wb> th a aa <wb> y a d a y a p a i <wb> h a r a i d a t a t a <wb> p a nx a dx a i t a <wb> s a ee <wb> bh a ii <wb> l a o g a <wb> w a ei s a ee <wb> h a ii <wb> dx a r a t a ee <wb> th a ee <wb> j a ei s a ee <wb> w a ee <wb> d a ee w a d a t a t a <wb> p a nx a dx a i t a <wb> s a ee <wb> dx a r a t a ee <wb> th a ee
hindi_female_004782|j a i s a k a ee <wb> p a h a l a ee <wb> p a n a n a ee <wb> p a r a <wb> m a o tx a ee <wb> a k a sx a r a o mq <wb> m a ee q <wb> s a i r a f a <wb> k a l a ii q <wb> l a i kh a aa <wb> h a u aa <wb> th a aa <wb> k a y a o mq k a i <wb> r a w a i d a t a t a <wb> p a nx a dx a i t a <wb> k a ii <wb> d a ee w a bh a k a t a i <wb> k a o <wb> bh a l a aa <wb> k a ou n a <wb> n a h a ii mq <wb> j a aa n a t a aa <wb> th a aa
hindi_female_004792|a s a t a u <wb> k a o d a ii <wb> k a ii <wb> w a y a th a aa <wb> k a th a aa <wb> p a r a <wb> l a ou tx a t a ee <wb> h a u ee <wb> a khq a b a aa r a <wb> m a ee q <wb> ch a i p a aa <wb> th a aa <wb> k a i <wb> k a o d a ii <wb> k a ee <wb> p a i t a aa m a h a <wb> p a nx a dx a i t a <wb> r a w a i d a t a t a <wb> sh a u k a l a <wb> n a ee <wb> y a d a i <wb> p a aa mq c a <wb> b a r a s a <wb> k a ii <wb> u m a r a <wb> m a ee q <wb> h a ii <wb> k a o d a ii <wb> k a aa <wb> j a n a ee uu <wb> k a r a <wb> d a i y a aa <wb> t a o <wb> i s a k a ee <wb> p a ii ch a ee <wb> u n a k a aa <wb> b a u dh a i y a aa <wb> k a aa <wb> b a ee tx a aa <wb> h a o n a aa <wb> p a r a m a u kh a <wb> k a aa r a nx a <wb> th a aa
hindi_female_004793|k a i n a t a u <wb> k a o d a ii <wb> n a ee <wb> s a w a ii k a aa r a <wb> bh a aa sx a nx a <wb> m a ee q <wb> s a g a r a w a <wb> k a h a aa <wb> k a i <wb> w a ee <wb> b a u dh a i y a aa <wb> k a ii <wb> b a ee tx a ii <wb> s a i dh a i y a aa <wb> k a o <wb> j a o <wb> k a o d a ii <wb> s a ee <wb> d a s a <wb> w a r a sx a <wb> b a dxq a ii <wb> th a ii <wb> a p a n a ii <wb> b a dxq a ii <wb> b a h a n a <wb> m a aa n a t a ee <wb> h a ei q
hindi_female_004798|i l a aa h a aa b a aa d a <wb> k a aa <wb> c a u n a aa w a <wb> i s a l a i ee <wb> s a w a aa bh a aa w a i k a <wb> th a aa <wb> k a i <wb> u n a k a ee <wb> b a ee h a n a o ii <wb> th a ee
hindi_female_004807|n a aa m a <wb> l a i kh a n a ee <wb> k a ee <wb> l a i ee <wb> u n a h a o mq n a ee <wb> k a o d a ii <wb> j a ei s a ee <wb> g a mq w a aa r a uu <wb> n a aa m a <wb> s a ee <wb> bh a r a t a ii <wb> k a r a n a ee <wb> s a ee <wb> a r a u c a i <wb> d a i kh a aa y a ii
hindi_female_004809|u s a <wb> s a m a y a <wb> dx a aa k a tx a r a <wb> l a aa l a t a aa <wb> p a r a s a aa d a <wb> w a r a m a aa <wb> k a ee <wb> m a i t a r a <wb> sh a r a ii n a i w a aa s a <wb> s a u b a r a <wb> m a n a i y a n a <wb> bh a ii <wb> w a h a aa mq <wb> m a ou j a uu d a <wb> th a ee
hindi_female_004816|y a h a aa mq <wb> l a ee kh a k a <wb> a p a n a aa <wb> k a r a t a w a y a <wb> s a m a jh a t a aa <wb> h a ei <wb> k a i <wb> s a w a ii k a aa r a <wb> bh a aa sx a nx a <wb> m a ee q <wb> ee k a <wb> k a sx a ee p a k a <wb> dx a aa l a t a ee <wb> h a u ee <wb> p a aa txh a k a o mq <wb> k a o <wb> y a h a <wb> b a t a aa y a ee <wb> k a i <wb> i s a <wb> gh a tx a n a aa c a k a r a <wb> k a aa <wb> ee k a <wb> d a u sx a p a r a i nx a aa m a <wb> y a h a <wb> h a u aa
hindi_female_004823|a bh a ii <wb> k a u ch a <wb> w a r a sx a <wb> p a h a l a ee <wb> t a k a <wb> bh a aa r a t a ii y a <wb> m a u kh a y a dh a aa r a aa <wb> m a ee q <wb> ee k a <wb> p a r a m a u kh a <wb> y a u w a aa <wb> t a i b a b a t a ii <wb> s a w a r a <wb> r a h a ee <wb> ou r a <wb> bh a aa r a t a <wb> m a ee q <wb> h a ii <wb> j a n a m a ee <wb> i s a <wb> y a u w a aa <wb> k a w a i <wb> k a o <wb> i n a <wb> d a i n a o q <wb> s a aa h a i t a y a i k a <wb> s a q p a aa d a k a <wb> k a m a <wb> ou r a <wb> g a u p a t a k a aa r a <wb> s a q s a th a aa ee q <wb> ou r a <wb> p a u l a i s a <wb> z a y a aa d a aa <wb> t a l a aa sh a <wb> k a r a t a ee <wb> h a ei
hindi_female_004826|u d a y a <wb> n a ee <wb> i s a <wb> k a w a i t a aa <wb> k a ee <wb> n a ee p a th a y a <wb> k a ee <wb> b a aa r a ee <wb> m a ee q <wb> u n a <wb> p a r a k a r a i y a aa o q <wb> ou r a <wb> p a r a ee r a nx a aa o q <wb> k a ee <wb> b a aa r a ee <wb> m a ee q <wb> l a i kh a n a aa <wb> sh a u r a uu <wb> k a i y a aa <wb> j a o <wb> t a ii n a <wb> d a sh a k a <wb> p a h a l a ee <wb> u n a k a ee <wb> aa s a <wb> p a aa s a <wb> m a q dx a r a aa <wb> r a h a ii <wb> th a ii q
hindi_female_004829|m a dh a y a <wb> m a ii <wb> m a ee q <wb> j a y a p a u r a <wb> m a ee q <wb> s a ii r a i y a l a <wb> b a m a <wb> dh a m a aa k a ee <wb> h a u ee <wb> ou r a <wb> a c a aa n a k a <wb> h a ii <wb> y a h a <wb> s a q s a aa r a <wb> h a m a aa r a ee <wb> l a i ee <wb> b a d a l a <wb> g a y a aa
hindi_female_004830|w a h a <wb> sh a h a r a <wb> j a i s a ee <wb> h a m a <wb> d a uu s a r a ii <wb> j a g a h a <wb> s a ee <wb> z a y a aa d a aa <wb> p a r a ee m a <wb> ou r a <wb> gh a rq nx a aa <wb> k a r a t a ee <wb> h a ei q <wb> u s a <wb> sh a h a r a <wb> k a ii <wb> j a y a aa m a i t a i <wb> b a i g a dxq a <wb> g a y a ii <wb> th a ii
hindi_female_004832|y a h a <wb> b a aa t a <wb> aa j a <wb> s a ee <wb> k a ii <wb> s a aa l a <wb> p a u r a aa n a ii <wb> h a ei
hindi_female_004833|m a ee r a aa <wb> j a n a m a <wb> m a dh a y a <wb> p a r a d a ee sh a <wb> k a ee <wb> ee k a <wb> b a h a u t a <wb> ch a o tx a ee <wb> s a ee <wb> g a aa q w a <wb> s a ii t a aa p a u r a <wb> m a ee q <wb> s a n a <wb> m a ee q <wb> h a u aa <wb> th a aa
hindi_female_004834|t a b a <wb> t a k a <wb> h a m a aa r a ee <wb> y a h a aa q <wb> b a i j a l a ii <wb> n a h a ii q <wb> aa ii <wb> th a ii
hindi_female_004836|b a l a k a i <wb> aa j a <wb> t a k a <wb> m a u jh a ee <wb> l a aa l a tx a ee n a ee q <wb> ou r a <wb> dxh a i b a r a i y a aa q <wb> a c a ch a ii <wb> l a g a t a ii <wb> h a ei q
hindi_female_004838|d a i y a o q <wb> k a o <wb> m a ei q <wb> d a ii w a aa l a ii <wb> ou r a <wb> p a uu j a aa <wb> t a y a ou h a aa r a <wb> k a ee <wb> a l a aa w a aa <wb> k a bh a ii <wb> p a s a q d a <wb> n a h a ii q <wb> k a r a <wb> p a aa y a aa
hindi_female_004841|h a m a aa r a ee <wb> gh a r a <wb> m a ee q <wb> bh a aa r a t a <wb> n a aa m a <wb> k a aa <wb> a kh a b a aa r a <wb> i l a aa h a aa b a aa d a <wb> s a ee <wb> aa t a aa <wb> th a aa <wb> ou r a <wb> k a bh a ii <wb> k a bh a ii <wb> n a w a <wb> bh a aa r a t a <wb> bh a ii
hindi_female_004847|l a ee k a i n a <wb> c a uu q k a i <wb> u s a k a aa <wb> s a p a r a i q g a <wb> tx a uu tx a aa <wb> h a u aa <wb> th a aa <wb> ou r a <wb> s a aa u q dx a <wb> b a k a s a <wb> bh a ii <wb> j a q g a <wb> kh a aa k a r a <wb> b a ee k a aa r a <wb> h a o <wb> c a u k a aa <wb> th a aa
hindi_female_004850|tx a ee k a n a l a j a ii <wb> k a ee <wb> s a aa th a <wb> h a m a ee sh a aa <wb> y a h a ii <wb> h a o t a aa <wb> h a ei
hindi_female_004853|m a k a aa q d a o <wb> m a ee q <wb> k a i y a ee <wb> j a aa <wb> r a h a ee <wb> w a ei j a nj a aa n a i k a <wb> t a k a n a ii k a ii <wb> aa w a i sx a k a aa r a o q <wb> s a ee <wb> k a m a <wb> r a o m a aa q c a k a <wb> h a m a aa r a ee <wb> b a c a p a n a <wb> k a ii <wb> u p a l a b a dh a i y a aa q <wb> n a h a ii q <wb> th a ii q
hindi_female_004857|h a m a aa r a ee <wb> g a aa q w a <wb> s a ee <wb> t a ii n a <wb> k a i l a o m a ii tx a r a <wb> d a uu r a <wb> a n a uu p a p a u r a <wb> r a ee l a w a ee <wb> j a q k a sh a n a <wb> th a aa
hindi_female_004862|t a o <wb> l a aa m a aa <wb> a p a n a ee <wb> p a r a i w a aa r a o q <wb> k a ee <wb> s a aa th a <wb> u s a ii <wb> a n a uu p a p a u r a <wb> k a ee <wb> p a l a ee tx a f a r a m a <wb> p a r a <wb> u t a r a t a ee <wb> th a ee
hindi_female_004867|u n a h a ee q <wb> w a h a aa q <wb> d a ee kh a n a aa <wb> h a m a <wb> b a c a c a o q <wb> k a ee <wb> l a i ee <wb> ee k a <wb> b a i l a k a u l a <wb> n a y a aa <wb> d a rq sh a y a <wb> b a n a t a aa
hindi_female_004869|l a ee k a i n a <wb> l a aa m a aa <wb> l a o g a <wb> kh a uu b a <wb> g a o r a ee <wb> ou r a <wb> s a u q d a r a <wb> h a o t a ee <wb> th a ee
hindi_female_004870|u n a k a ee <wb> b a c a c a ee <wb> ou r a <wb> s a t a r a i y a aa q <wb> t a o <wb> i t a n a ii <wb> s a u q d a r a <wb> h a o t a ii q <wb> k a i <wb> u n a h a ee q <wb> d a ee kh a t a ee <wb> h a m a aa r a ii <wb> aa q kh a ee q <wb> p a l a k a <wb> jh a p a k a n a aa <wb> b a q d a <wb> k a r a <wb> d a ee t a ii q
hindi_female_004872|a p a n a ee <wb> k a q dh a ee <wb> p a r a <wb> l a tx a k a t a ee <wb> g a ee r a u aa <wb> jh a o l a ee <wb> m a ee q <wb> s a ee <wb> l a ee m a q c a uu s a <wb> ou r a <wb> r a q g a ii n a <wb> m a ii txh a ii g a o l a i y a aa q <wb> d a ee t a ee <wb> th a ee
hindi_female_004875|h a m a <wb> i n a <wb> c a ii q tx a i y a o q <wb> k a o <wb> p a t a q g a o q <wb> k a ee <wb> n a aa m a <wb> s a ee <wb> u n a k a ee <wb> j a ii w a n a <wb> k a ee <wb> k a u ch a <wb> p a l a o q <wb> m a ee q <wb> j a aa n a t a ee <wb> h a ei q
hindi_female_004880|u n a k a ii <wb> s a bh a y a t a aa <wb> k a ee <wb> i t a i h a aa s a <wb> m a ee q <wb> k a i s a ii <wb> y a uu tx a o p a i y a aa <wb> k a ee <wb> b a n a n a ee <wb> ou r a <wb> ph a i r a <wb> u s a k a ee <wb> tx a uu tx a n a ee <wb> k a aa <wb> m a aa r a m a i k a <wb> a dh a y a aa y a <wb> h a o t a aa <wb> h a ei
hindi_female_004882|r a aa t a <wb> m a ee q <wb> gh a r a <wb> m a ee q <wb> h a r a <wb> o r a <wb> n a d a ii <wb> k a ii <wb> dh a aa r a <wb> k a ee <wb> s a aa th a <wb> b a h a <wb> k a r a <wb> aa n a ee <wb> w a aa l a ee <wb> s a aa q p a <wb> g a o j a r a <wb> k a n a kh a j a uu r a ee <wb> ou r a <wb> k a ch a u ee <wb> tx a h a l a n a ee <wb> l a g a ee q g a ee
hindi_female_004884|jh a ii q g a u r a o q <wb> k a ee <wb> g a i tx a aa r a <wb> p a h a r a u ee <wb> p a k a sx a ii <wb> k a ii <wb> tx a n a k a <wb> k a i s a ii <wb> r a aa t a r a i <wb> p a k a sx a ii <wb> k a ii <wb> d a uu r a <wb> t a k a <wb> j a aa t a ii <wb> m a ee q dx a o l a i n a <wb> y a aa <wb> b a aa q s a u r a ii <wb> k a ii <wb> s a q g a t a <wb> m a ee q <wb> l a g a aa t a aa r a <wb> c a l a t a aa <wb> s a q g a ii t a <wb> b a h a u t a <wb> m a n a m a o h a k a <wb> p a r a t a ii t a <wb> h a o t a aa <wb> h a ei
hindi_female_004885|h a m a <wb> j a uu t a o q <wb> k a ee <wb> bh a ii t a r a <wb> r a aa t a <wb> m a ee q <wb> p a aa q w a <wb> dx a aa l a t a ee <wb> dx a r a t a ee <wb> h a ei q
hindi_female_004888|u s a <wb> i l a aa k a ee <wb> m a ee q <wb> j a b a <wb> k a o ii <wb> k a u aa q <wb> kh a o d a t a aa <wb> h a ei <wb> y a aa <wb> a p a n a ee <wb> n a y a ee <wb> gh a r a <wb> k a ii <wb> n a ii q w a <wb> t a o <wb> ei s a ii <wb> m a uu r a t a i y a o q <wb> k a aa <wb> m a i l a n a aa <wb> ee k a <wb> s a aa m a aa n a y a <wb> s a ii <wb> b a aa t a <wb> h a ei
hindi_female_004890|ou r a <wb> ph a i r a <wb> j a h a aa q <wb> s a ee <wb> p a uu r a b a <wb> d a k a sx a i nx a <wb> r a aa j a g a ii r a <wb> u d a y a g a ii r a <wb> t a k a <wb> p a h a u mq c a t a ee <wb> p a h a u mq c a t a ee <wb> u s a ee <wb> s a w a y a q <wb> a p a n a ii <wb> h a i q s a aa <wb> s a ee <wb> g a l a aa n a i <wb> h a u ii <wb> th a ii <wb> ou r a <wb> w a h a <wb> b a ou d a dh a <wb> h a o <wb> g a y a aa <wb> th a aa <wb> u s a <wb> u t a k a l a <wb> k a l a i q g a <wb> k a sx a ee t a r a <wb> k a aa <wb> s a ii m a aa q t a <wb> w a i q dh a y a <wb> p a r a w a t a <wb> k a ii <wb> i s a ii <wb> sh a r a rq q kh a l a aa <wb> k a ee <wb> p a aa s a <wb> h a ei
hindi_female_004892|j a ei s a ee <wb> k a u ch a <wb> l a o g a <wb> a p a n a ee <wb> h a aa th a o q <wb> m a ee q <wb> n a n a h a ii q <wb> n a n a h a ii q <wb> m a sh a aa l a ee q <wb> l a i ee <wb> ee k a <wb> w a rq t a t a <wb> m a ee q <wb> gh a uu m a <wb> r a h a ee <wb> h a o q
hindi_female_004894|k a y a o q k a i <wb> h a r a <wb> p a d a aa r a th a <wb> m a ei tx a r a <wb> t a o <wb> a s a l a <wb> m a ee q <wb> ee k a <wb> h a ii <wb> h a o t a aa <wb> h a ei <wb> u s a k a ii <wb> aa q t a r a i k a <wb> s a q r a c a n a aa <wb> h a ii <wb> u s a ee <wb> d a uu s a r a o q <wb> s a ee <wb> bh a i n a n a <wb> b a n a aa <wb> dx a aa l a t a ii <wb> h a ei
hindi_female_004895|p a d a aa r a th a <wb> k a ii <wb> u s a ii <wb> aa q t a r a i k a <wb> s a q r a c a n a aa <wb> k a o <wb> b a d a l a n a ee <wb> w a aa l a ee <wb> s a uu t a r a <wb> k a o <wb> kh a o j a <wb> n a i k a aa l a n a ee <wb> k a ee <wb> sh a t a aa b a d a i y a o q <wb> t a k a <wb> c a l a n a ee <wb> w a aa l a ee <wb> p a r a y a t a n a o q <wb> k a ee <wb> b a ii c a <wb> h a ii <wb> u s a <wb> w a i j a nj a aa n a <wb> k a aa <wb> j a n a m a <wb> h a u aa <wb> j a i s a ee <wb> h a m a <wb> k a ee m a i s a tx a r a ii <wb> k a ee <wb> n a aa m a <wb> s a ee <wb> aa j a <wb> j a aa n a t a ee <wb> h a ei q
hindi_female_004901|j a i s a m a ee q <wb> s a rq sx a tx a i <wb> k a ee <wb> n a i r a m a aa nx a <wb> ou r a <wb> w a i n a aa sh a <wb> k a aa <wb> s a aa r a aa <wb> r a h a s a y a <wb> b a q d a <wb> h a ei
hindi_female_004911|i s a ii <wb> k a r a m a <wb> m a ee q <wb> i s a <wb> b a aa r a <wb> p a r a s a t a u t a <wb> h a ei <wb> n a aa g a aa r a j a u n a <wb> w a i sx a nx a u <wb> kh a ee r a <wb> w a i n a o d a <wb> k a u m a aa r a <wb> sh a u k a l a <wb> ou r a <wb> a r a u nx a <wb> k a m a l a
hindi_female_004912|a n a t a i m a <wb> t a ii n a <wb> b a h a u <wb> a n a uu d a i t a <wb> k a w a i <wb> h a ei q <wb> ou r a <wb> n a aa g a aa r a j a u n a <wb> b a h a u t a <wb> k a m a <wb> a n a uu d a i t a
hindi_female_004913|n a aa g a aa r a j a u n a <wb> k a ii <wb> k a w a i t a aa <wb> k a ii <wb> m a h a aa n a t a aa <wb> k a aa <wb> s a w a ii k a aa r a <wb> d a ee r a <wb> s a ee <wb> h a u aa <wb> j a b a <wb> m a aa n a o q <wb> ee k a <wb> t a r a h a <wb> s a ee <wb> p a r a g a t a i sh a ii l a t a aa <wb> n a ee <wb> s a r a w a h a aa r a aa <wb> k a w a i t a t a <wb> k a o <wb> d a ee kh a aa
hindi_female_004916|g a r a u p a <wb> k a ee <wb> aa l a o c a k a <wb> m a n a o j a <wb> k a u m a aa r a <wb> m a ii nx a aa <wb> k a o <wb> b a h a u t a <wb> s a o c a <wb> w a i c a aa r a <wb> k a ee <wb> b a aa d a <wb> bh a aa r a t a ii y a <wb> p a r a sh a aa s a n a i k a <wb> s a ee w a aa <wb> m a ee q <wb> c a l a ee <wb> j a aa n a aa <wb> th a aa
hindi_female_004917|w a i sh a aa l a <wb> k a p a uu r a <wb> k a o <wb> i t a i h a aa s a <wb> k a ii <wb> p a dxhq a aa ii <wb> p a uu r a ii <wb> k a r a k a ee <wb> g a aa i dx a <wb> b a n a <wb> j a aa n a aa <wb> th a aa
hindi_female_004918|sh a i w a k a u m a aa r a <wb> g a aa mq dh a ii <wb> k a o <wb> ee k a <wb> p a ee q tx a r a <wb> k a ee <wb> r a uu p a <wb> m a ee q <wb> w a i kh a y a aa t a <wb> h a o n a aa <wb> th a aa
hindi_female_004919|w a ee <wb> p a r a k a aa sh a n a <wb> ou r a <wb> c a r a c a aa <wb> k a ee <wb> r a o z a m a r a r a aa <wb> s a ee <wb> p a r a ee <wb> a p a n a ee <wb> dxh a q g a <wb> s a ee <wb> l a i kh a <wb> r a h a ee <wb> th a ee
hindi_female_004923|i s a <wb> b a aa r a <wb> d a o <wb> h a i n a d a ii <wb> p a u s a t a k a o q <wb> p a r a <wb> s a m a ii k a sx a aa <wb> l a i kh a ii <wb> g a y a ii <wb> h a ei
hindi_female_004924|y a u w a aa <wb> sh a o dh a k a r a t a aa <wb> g a i r a i r a aa j a <wb> k a i r a aa dx a uu <wb> ou r a <wb> g a g a n a <wb> g a i l a <wb> k a ee <wb> k a ei l a aa sh a <wb> m a aa n a <wb> s a r a o w a r a <wb> y a aa t a r a aa <wb> w a rq t a aa q t a <wb> a w a aa k a <wb> p a r a <wb> l a i kh a aa <wb> g a y a aa <wb> h a ei
hindi_female_004926|m a nx a i p a u r a <wb> m a ee q <wb> ee k a <wb> m a h a i l a aa <wb> k a ii <wb> h a t a y a aa <wb> k a ee <wb> w a i r a o dh a <wb> m a ee q <wb> j a u l a aa ii <wb> d a o <wb> h a z a aa r a <wb> c a aa r a <wb> m a ee q <wb> b a aa r a h a <wb> m a h a i l a aa o q <wb> d a w a aa r a aa <wb> k a i ee <wb> g a ee <wb> n a y a uu dx a <wb> p a r a o tx a ee s a tx a <wb> k a o <wb> m a u kh a y a dh a aa r a aa <wb> m a ii dx a i y a aa <wb> m a ee q <wb> ee k a <wb> u t a t a ee j a k a <wb> khq a b a r a <wb> k a o <wb> d a ee kh a n a aa <wb> s a b a k a o <wb> y a aa d a <wb> h a o g a aa
hindi_female_004929|f a i l a m a <wb> k a ee <wb> s a k a r a ii n a i q g a <wb> i t a i h a aa s a <wb> p a r a <wb> b a aa t a <wb> k a r a t a ee <wb> h a u ee <wb> w a ee <wb> ee k a <wb> ei s a ee <wb> b a i n a d a u <wb> p a r a <wb> p a h a u mq c a t a ee <wb> h a ei <wb> j a h a aa mq <wb> a b a <wb> n a h a ii q <wb> r a u k a aa <wb> j a aa <wb> s a k a t a aa
hindi_female_004930|m a h a m a uu d a <wb> f a aa r a uu k a ii <wb> a p a n a ii <wb> r a o dx a s a <wb> s a k a aa l a r a sh a i p a <wb> khq a t a m a <wb> k a r a k a ee <wb> h a i q d a u s a t a aa n a <wb> l a ou tx a ee
hindi_female_004932|m a h a m a uu d a <wb> n a ee <wb> a p a n a ee <wb> d a m a <wb> p a r a <wb> i s a <wb> d a aa s a t a aa n a g a o ii <wb> k a o <wb> p a u n a r a j a ii w a i t a <wb> k a r a <wb> d a i y a aa
hindi_female_004934|a g a r a <wb> w a h a ii <wb> tx a u q dx a ii <wb> b a aa mq h a <wb> k a ee <wb> s a aa th a <wb> b a u l a aa y a ee q g a ee <wb> t a o <wb> tx a u q dx a ii <wb> b a aa mq h a <wb> l a ee k a r a <wb> j a aa y a ee q g a ee
hindi_female_004935|gh a b a r a aa i y a ee <wb> n a h a ii q <wb> a b a <wb> aa p a <wb> k a aa f a ii <wb> txh a ii k a <wb> h a ei q
hindi_female_004937|y a u dh a i sx a txh a i r a <wb> i s a ii <wb> s a w a r a g a <wb> m a ee q <wb> s a sh a r a ii r a <wb> g a ee <wb> th a ee
hindi_female_004940|bh a s a m a aa s a u r a <wb> k a aa <wb> k a aa nx a dx a <wb> y a h a ii <wb> h a u aa <wb> th a aa <wb> ch a uu <wb> k a r a <wb> bh a s a m a <wb> k a r a <wb> d a ee n a ee <wb> k a aa <wb> w a r a d a aa n a <wb> l a ee k a r a <wb> a s a u r a <wb> sh a i w a <wb> p a r a <wb> h a ii <wb> u s a k a aa <wb> p a r a y a o g a <wb> k a r a n a aa <wb> c a aa h a t a aa <wb> th a aa
hindi_female_004941|s a aa g a aa <wb> y a aa n a ii <wb> sh a aa k a y a <wb> d a aa w a aa <wb> y a aa n a ii <wb> c a aa mq d a <wb> sh a aa k a y a <wb> m a u n a i <wb> k a aa <wb> c a aa mq d a <wb> b a u d a dh a <wb> p a uu r a nx a i m a aa
hindi_female_004942|ee k a <wb> d a i n a <wb> n a h a ii q <wb> p a uu r a ee <wb> ee k a <wb> m a aa s a <wb> k a aa <wb> k a rq t a j a nj a t a aa <wb> u t a s a w a <wb> s a aa r a aa <wb> m a aa h a <wb> p a w a i t a r a <wb> h a ei
hindi_female_004943|w a i sh a ee sx a k a r a <wb> k a ei l a aa sh a <wb> p a r a w a t a <wb> k a ii <wb> h a i n a d a u o q <wb> b a ou d a dh a <wb> k a ee <wb> l a i ee <wb> k a ei l a aa sh a <wb> m a aa n a s a r a o w a r a <wb> k a ee <wb> d a r a sh a n a <wb> h a ii <wb> p a u nx a y a k a aa r a ii <wb> h a ei q
hindi_female_004944|k a ii <wb> m a ee l a <wb> a l a g a <wb> a l a g a <wb> w a i d a ee sh a <wb> s a q s a th a aa o q <wb> k a ee <wb> n a aa m a <wb> s a ee <wb> aa ee
hindi_female_004946|p a u r a s a k a aa r a <wb> k a ii <wb> r a aa sh a i <wb> l a aa kh a o q <wb> dx a l a r a <wb> y a aa <wb> p a aa u q dx a <wb> m a ee q <wb> h a o t a ii <wb> h a ei
hindi_female_004948|a g a l a aa <wb> m a ee l a <wb> aa y a aa <wb> k a i <wb> i t a n a ii <wb> b a dxq a ii <wb> p a u r a s a k a aa r a <wb> r a aa sh a i <wb> w a i d a ee sh a <wb> m a ee q <wb> aa p a k a ee <wb> p a aa s a <wb> bh a ee j a n a ee <wb> k a ee <wb> l a i ee <wb> k a u ch a <wb> k a aa g a z a aa t a <wb> b a n a w a aa n a ee <wb> p a dxq a ee q g a ee
hindi_female_004954|b a r a s a o q <wb> b a aa d a <wb> ee k a <wb> d a i n a <wb> tx a r a ee n a <wb> m a ee q <wb> u n a s a ee <wb> bh a ee q tx a <wb> h a o <wb> g a ii
hindi_female_004963|j a b a k a i <wb> u n a h a o q n a ee <wb> j a o <wb> bh a ii <wb> k a h a aa n a ii <wb> y a aa <wb> u n a k a ee <wb> sh a b a d a o q <wb> m a ee q <wb> s a aa h a i t a y a <wb> l a i kh a aa <wb> u s a ee <wb> m a u jh a ee <wb> p a dxhq a w a aa ee <wb> b a i n a aa <wb> u n a h a o q n a ee <wb> p a uu r a aa <wb> n a h a ii q <wb> s a m a jh a aa <wb> k a u s a u m a aa k a r a <wb> n a ee <wb> b a dxq a ee <wb> aa sh a c a r a y a <wb> k a ee <wb> s a aa th a <wb> b a t a aa y a aa
hindi_female_004964|m a r a tx a ee n a <wb> k a ii <wb> n a i g a aa h a ee q <wb> i q dx a ii z a <wb> k a o <wb> ph a i r a <wb> j a ii t a d a i l a aa n a ee <wb> p a r a
hindi_female_004969|a g a l a ee <wb> w a r a l a dx a <wb> k a p a <wb> t a k a <wb> kh a ee l a n a aa <wb> c a aa h a t a ee <wb> h a ei q <wb> j a y a s a uu r a y a aa
hindi_female_004976|i s a k a ee <wb> b a i l a k a u l a <wb> b a g a l a <wb> m a ee q <wb> d a ee w a ii <wb> d a ee w a t a aa o q <wb> ou r a <wb> b a l a ii w a u dx a <wb> k a ii <wb> a bh a i n a ee t a r a i y a o q <wb> k a ee <wb> p a o s a tx a r a <wb> bh a ii <wb> d a rq sh a y a <wb> k a aa <wb> h a i s a s a aa <wb> b a n a <wb> j a aa t a ee <wb> h a ei q
hindi_female_004986|j a o <wb> r a aa j a <wb> k a m a l a <wb> p a r a k a aa sh a n a <wb> d a i l a l a ii <wb> s a ee <wb> sh a ii dh a r a <wb> p a r a k a aa sh a y a <wb> p a u s a t a k a <wb> k a aa <wb> ee k a <wb> s a m a p a aa d a i t a <wb> h a i s a s a aa <wb> h a ei
hindi_female_005003|ee k a <wb> ei t a i h a aa s a i k a <wb> w a y a k a t a i <wb> k a ee <wb> r a uu p a <wb> m a ee q <wb> t a ee j a aa j a ii <wb> k a aa <wb> j a n a m a <wb> bh a aa d a r a p a d a <wb> k a ii <wb> sh a u k a l a <wb> p a k a sx a ii y a <wb> d a sh a m a ii <wb> t a d a aa n a u s a aa r a <wb> u n a t a ii s a <wb> j a n a w a r a ii <wb> ee k a <wb> h a j a aa r a <wb> c a ou h a t a t a r a <wb> k a o <wb> dh a u l a i y a aa <wb> g a o t a r a <wb> k a ee <wb> j a aa tx a <wb> p a r a i w a aa r a <wb> m a ee q <wb> h a u aa <wb> th a aa
hindi_female_005005|u s a m a ee q <wb> w a r a nx a i t a <wb> u n a k a ii <wb> k a th a aa <wb> i s a <wb> p a r a k a aa r a <wb> h a ei
hindi_female_005006|j a y a ee sx a txh a <wb> m a aa s a <wb> m a ee q <wb> h a ii <wb> rq t a u <wb> k a ii <wb> p a r a th a m a <wb> w a r a sx a aa <wb> h a o <wb> c a u k a ii <wb> h a ei
hindi_female_005007|b a aa t a ee q <wb> j a o <wb> j a ii t a <wb> l a ee q g a ii <wb> aa p a k a ee <wb> w a ei l a ee q tx a aa i n a <wb> k a aa <wb> d a i l a
hindi_female_005010|r a o m a ee q tx a i k a <wb> k a m a ee dx a ii <wb> s a ee <wb> tx a uu tx a ee g a aa <wb> p a y a aa r a <wb> k a aa <wb> r a i sh a t a aa
hindi_female_005011|s a k a uu l a <wb> m a ee q <wb> s a i r a f a <wb> d a s a <wb> l a q c a <wb> tx a ee b a l a s a <wb> h a ei q
hindi_female_005012|l a ee k a i n a <wb> i s a ee <wb> c a l a aa n a ee <wb> w a aa l a ee <wb> w a i j a ee t a aa <wb> k a o <wb> y a h a <wb> l a u t a f a <wb> s a i r a f a <wb> aa dh a ee <wb> gh a q tx a ee <wb> t a k a <wb> u txh a aa n a ee <wb> d a ee t a ee <wb> h a ei q
hindi_female_005021|w a h a <wb> bh a ii <wb> gh a ee r a ee <wb> m a ee q <wb> u s a <wb> b a i q d a u <wb> k a o <wb> bh a uu l a <wb> c a u k a aa <wb> h a ei <wb> j a o <wb> gh a ee r a ee <wb> k a o <wb> p a uu r a nx a <wb> k a r a t a aa <wb> h a ei
hindi_female_005023|ee k a <wb> i n a tx a r a w a y a uu <wb> m a ee q <wb> w a h a <wb> k a h a t a ii <wb> h a ei <wb> k a i <wb> u s a n a ee <wb> k a m a p a y a uu tx a r a <wb> s a ee <wb> k a h a aa <wb> k a i <wb> a q k a <wb> dxh a uu q dxh a <wb> n a i k a aa l a ee <wb> ou r a <wb> u s a n a ee <wb> n a i k a aa l a ee <wb> b a aa r a h a <wb> s a aa t a <wb> u n a n a ii s a <wb> ch a b a b a ii s a <wb> p a w a r a <wb> b a l a <wb> i k a k a ii s a
hindi_female_005025|z a aa h a i r a <wb> h a ei <wb> b a ee q j a aa m a i n a <wb> ou r a <wb> b a r a ee q t a aa <wb> k a l a aa <wb> k a ee <wb> l a i ee <wb> k a l a aa <wb> j a ei s a ii <wb> dh a aa r a nx a aa <wb> y a aa <wb> aa q d a o l a n a <wb> s a ee <wb> u p a y a u k a t a <wb> k a th a n a o q <wb> d a w a aa r a aa <wb> a l a g a aa t a ee <wb> h a u ee <wb> d a i kh a aa ii <wb> p a dxq a t a ee <wb> h a ei q
hindi_female_005028|aa j a <wb> ee l a <wb> k a ee <wb> sh a ee sx a n a <wb> p a r a dh a aa n a m a q t a r a ii <wb> k a ee <wb> n a i j a ii <wb> s a c a i w a <wb> n a ee <wb> y a h a <wb> k a aa r a y a k a r a m a <wb> b a n a aa y a aa <wb> k a i <wb> h a m a <wb> c a aa r a <wb> l a o g a <wb> c a u p a c a aa p a <wb> k a i s a s a aa <wb> k a u r a s a ii <wb> k a aa <wb> d a ee kh a ee q
hindi_female_005029|k a l a aa <wb> m a aa n a w a <wb> j a aa t a i <wb> k a ii <wb> m a aa t a rq bh a aa sx a aa <wb> h a ei
hindi_female_005032|s a m a aa j a <wb> k a ee <wb> l a i ee <wb> k a l a aa k a aa r a <wb> s a b a s a ee <wb> b a dxq a aa <wb> j a aa d a uu g a r a <wb> h a ei <wb> ou r a <wb> s a m a aa j a <wb> k a o <wb> i s a <wb> s a b a <wb> k a o <wb> y a h a <wb> m a aa q g a n a ee <wb> k a aa <wb> a dh a i k a aa r a <wb> h a ei <wb> k a i <wb> k a l a aa k a aa r a <wb> a p a n a ee <wb> s a aa m a aa j a i k a <wb> k a aa m a <wb> k a ee <wb> p a r a t a i <wb> s a q c a ee t a <wb> h a o
hindi_female_005033|k a l a aa <wb> m a n a u sx a y a <wb> k a o <wb> ou r a <wb> a q t a t a hq <wb> s a m a aa j a <wb> k a o <wb> p a uu r a nx a t a aa <wb> p a r a d a aa n a <wb> k a r a t a ii <wb> h a ei
hindi_female_005034|h a i q s a aa <wb> k a ii <wb> h a r a <wb> h a aa l a t a <wb> m a ee q <wb> n a i q d a aa <wb> k a ii <wb> j a aa n a ii <wb> c a aa h a i ee
hindi_female_005035|p a t a r a k a aa r a <wb> ou r a <wb> s a m a aa c a aa r a <wb> p a t a r a <wb> ei s a ii <wb> j a n a <wb> a f a w a aa h a o q <wb> y a aa <wb> g a p a p a o q <wb> y a aa <wb> p a r a m a aa nx a i k a <wb> s a m a aa c a aa r a o q <wb> k a o <wb> bh a ii <wb> p a r a s a aa r a i t a <wb> n a h a ii q <wb> k a r a ee g a ee q <wb> j a i n a <wb> s a ee <wb> k a i s a ii <wb> k a aa <wb> n a i j a ii <wb> j a ii w a n a <wb> p a r a bh a aa w a i t a <wb> h a o t a aa <wb> h a ei
hindi_female_005036|a s a l a <wb> m a ee q <wb> ee k a <wb> r a c a n a aa k a aa r a <wb> k a l a aa k a aa r a <wb> k a ee <wb> l a i ee <wb> i s a <wb> b a aa t a <wb> s a ee <wb> k a o ii <wb> f a r a k a <wb> n a h a ii q <wb> p a dxq a t a aa <wb> k a i <wb> s a t a t a aa <wb> m a ee q <wb> k a ou n a <wb> b a ei txh a aa <wb> h a ei
hindi_female_005037|f a r a q q <wb> tx a i y a r a <wb> k a ee <wb> s a q p a aa d a k a <wb> s a m a r a <wb> s a ee n a <wb> k a o <wb> dh a m a k a ii <wb> d a ii <wb> g a ii
hindi_female_005038|aa p a aa t a k a aa l a <wb> k a ee <wb> d a ou r a aa n a <wb> y a h a <wb> s a i l a s a i l a aa <wb> k a bh a ii <wb> th a m a t a aa <wb> h a u aa <wb> d a i kh a l a aa ii <wb> n a h a ii q <wb> p a dxq a t a aa <wb> h a ei
hindi_female_005039|sh a r a ii m a t a ii <wb> i q d a i r a aa <wb> g a aa q dh a ii <wb> k a ee <wb> p a u r a aa n a ee <wb> m a i t a r a <wb> k a u l a d a ii p a <wb> n a ei y a r a <wb> j a i n a k a ii <wb> m a i t a r a t a aa <wb> i s a <wb> h a d a <wb> t a k a <wb> th a ii <wb> k a i <wb> j a b a <wb> sh a r a ii m a t a ii <wb> g a aa q dh a ii <wb> n a ee <wb> a p a n a ee <wb> l a q b a ee <wb> b a aa l a o q <wb> k a o <wb> ch a o tx a aa <wb> k a r a w a aa y a aa <wb> t a b a <wb> u n a h a o q n a ee <wb> k a u l a d a ii p a <wb> n a ei y a r a <wb> s a ee <wb> s a w a aa l a <wb> k a i y a aa <wb> th a aa <wb> k a i <wb> a b a <wb> m a ei q <wb> k a ei s a ii <wb> d a i kh a <wb> r a h a ii <wb> h a uu mq
hindi_female_005044|s a b a s a ee <wb> p a h a l a ee <wb> a j a ii b a <wb> l a g a n a ee <wb> w a aa l a ii <wb> b a aa t a <wb> y a h a <wb> h a ei <wb> k a i <wb> p a t a r a <wb> p a t a r a i k a aa o q <wb> k a ii <wb> s a w a t a q t a r a t a aa <wb> k a o <wb> w a y a w a s a aa y a <wb> k a ii <wb> s a w a t a q t a r a t a aa <wb> m a ee q <wb> sh a aa m a i l a <wb> k a i y a aa <wb> g a y a aa <wb> h a ei
hindi_female_005046|r a ee m a b a r a <wb> n a ee <wb> m a ei dx a o n a aa <wb> k a o <wb> n a ii d a r a l a ei q dx a <wb> k a ii <wb> k a i s a aa n a <wb> m a h a i n a aa <wb> k a ee <wb> r a uu p a <wb> m a ee q <wb> c a i t a r a i t a <wb> k a i y a aa <wb> th a aa
hindi_female_005047|h a m a aa r a aa <wb> w a k a t a <wb> s a w a t a q t a r a t a aa <wb> k a o <wb> k a y a o q <wb> ei s a ee <wb> r a uu p a <wb> m a ee q <wb> w a y a k a t a <wb> n a h a ii q <wb> k a r a t a aa <wb> j a o <wb> u s a ee <wb> p a r a i y a <wb> ou r a <wb> b a o dh a g a m a y a <wb> h a ei
hindi_female_005049|y a d a i <wb> aa j a <wb> h a m a <wb> i n a <wb> p a t a r a i k a aa o q <wb> k a ee <wb> t a t a k a aa l a ii n a <wb> a q k a o q <wb> k a o <wb> u l a tx a <wb> p a l a tx a <wb> k a r a <wb> d a ee kh a ee q <wb> t a o <wb> sh a aa y a d a <wb> h a ii <wb> a n a u m a aa n a <wb> l a g a aa <wb> p a aa ee q <wb> k a i <wb> h a m a <wb> u n a <wb> d a i n a o q <wb> k a ei s a ee <wb> s a q k a tx a <wb> k a ii <wb> gh a dxq a ii <wb> s a ee <wb> g a u z a r a <wb> r a h a ee <wb> th a ee
hindi_female_005052|i s a l a i ee <wb> i n a <wb> ch a w a i y a o q <wb> k a ee <wb> p a r a t a i <wb> h a m a aa r a aa <wb> w a i w a ee k a sh a ii l a <wb> ou r a <wb> aa l a o c a n a aa t a m a k a <wb> r a w a ei y a aa <wb> n a h a ii q <wb> b a l a k a i <wb> u n a s a ee <wb> s a m a m a o h a i t a <wb> h a o <wb> j a aa n a ee w a aa l a aa <wb> ee k a <wb> r a i sh a t a aa <wb> b a n a <wb> g a y a aa <wb> h a ei
hindi_female_005057|ee k a <wb> s a t a r a <wb> w a o <wb> j a i s a m a ee q <wb> aa t a q k a w a aa d a <wb> u s a k a ii <wb> s a th a i t a i <wb> u s a s a ee <wb> b a n a n a ee <wb> w a aa l a ee <wb> h a aa l a aa t a <wb> k a o <wb> a dh a i k a <wb> s a ee <wb> a dh a i k a <wb> a s a r a d a aa r a <wb> t a r a ii k a ee <wb> s a ee <wb> d a i kh a aa ee <wb> j a aa <wb> s a k a ee q
hindi_female_005069|s a uu z a n a <wb> s a o q tx a aa g a <wb> k a ii <wb> m a aa n a y a t a aa <wb> k a ee <wb> aa dh a aa r a <wb> p a r a <wb> j a b a <wb> l a o g a <wb> dx a r a aa i q g a <wb> r a u m a <wb> m a ee q <wb> b a ei txh a <wb> k a r a <wb> aa t a q k a w a aa d a <wb> k a ii <wb> kh a b a r a ee q <wb> d a ee kh a <wb> r a h a ee <wb> h a o t a ee <wb> h a ei q <wb> t a o <wb> i t a m a i n a aa n a <wb> h a o t a ee <wb> h a ei q <wb> u n a k a ee <wb> bh a ii t a r a <wb> ee k a <wb> n a i sh a c a i q t a t a aa <wb> k a aa <wb> b a o dh a <wb> h a o t a aa <wb> h a ei <wb> k a i <wb> h a m a <wb> s a u r a k a sx a i t a <wb> h a ei q
hindi_female_005070|p a i ch a l a ii <wb> r a aa t a <wb> m a ei q <wb> ee k a <wb> m a i t a r a <wb> k a ee <wb> gh a r a <wb> th a ii <wb> j a b a <wb> tx a ii w a ii <wb> p a r a <wb> m a ei q n a ee <wb> gh a aa y a l a o q <wb> k a o <wb> s a tx a r a ee c a r a <wb> p a r a <wb> dx a aa l a <wb> l a o g a o q <wb> k a o <wb> i dh a r a <wb> s a ee <wb> u dh a r a <wb> bh a aa g a t a ee <wb> d a ee kh a aa
hindi_female_005077|k a y a o q k a i <wb> j a o <wb> h a u w a aa <wb> u s a k a ee <wb> a s a r a <wb> k a o <wb> m a i tx a n a ee <wb> m a ee q <wb> t a o <wb> l a q b a aa <wb> s a m a y a <wb> l a g a ee g a aa <wb> l a ee k a i n a <wb> h a m a aa r a ii <wb> ee k a <wb> ee k a <wb> s a k a aa r a aa t a m a k a <wb> uu r a j a aa <wb> d a u n a i y a aa <wb> k a o <wb> b a d a l a <wb> s a k a t a ii <wb> h a ei
hindi_female_005079|l a ee k a i n a <wb> t a b a <wb> k a y a aa <wb> j a b a <wb> ei s a aa <wb> h a ii <wb> k a o ii <wb> y a th a aa r a th a <wb> h a m a aa r a ii <wb> txh a h a r a ii <wb> h a u ii <wb> j a i q d a g a ii <wb> m a ee q <wb> a c a aa n a k a <wb> s a ee <wb> gh a u s a p a ei txh a <wb> k a r a <wb> aa t a aa <wb> h a ei <wb> t a b a <wb> h a m a <wb> u s a k a aa <wb> m a u k a aa b a l a aa <wb> k a r a n a ee <wb> m a ee q <wb> s a w a y a q <wb> k a o <wb> a s a m a r a th a <wb> p a aa t a ee <wb> h a ei q
hindi_female_005093|t a b a <wb> ph a i r a <wb> i s a <wb> k a o m a l a <wb> m a s a t a i sx a k a <wb> m a ee q <wb> b a aa d a <wb> m a ee q <wb> ei s a aa <wb> k a y a aa <wb> gh a tx a i t a <wb> h a o t a aa <wb> h a ei <wb> k a i <wb> j a i s a k a ee <wb> l a i ee <wb> u s a ee <wb> kh a u d a <wb> a p a n a ee <wb> p a r a aa nx a o q <wb> k a aa <wb> bh a ii <wb> m a o h a <wb> n a h a ii q <wb> r a h a <wb> j a aa t a aa <wb> h a ei
hindi_female_005101|j a i s a <wb> k a r a uu r a t a aa <wb> s a ee <wb> m a n a o c a i k a i t a s a ii y a <wb> j a aa mq c a <wb> k a ee <wb> b a h a aa n a ee <wb> w a rq d a dh a <wb> h a aa m a s a u n a <wb> k a o <wb> y a aa t a n a aa <wb> d a ii <wb> g a y a ii <wb> w a h a <wb> dx a ee n a m a aa r a k a <wb> k a ee <wb> l a ee kh a k a <wb> th a r a k a i l a dx a <wb> h a aa m a s a u n a <wb> k a ii <wb> p a u s a t a k a <wb> p a r a o s a ee sh a n a <wb> m a ee q <wb> p a ei n a ee <wb> ou r a <wb> m a aa r a m a i k a <wb> w a i w a r a nx a o q <wb> k a ee <wb> s a aa th a <wb> d a r a j a <wb> h a ei
hindi_female_005113|c a ii n a ii <wb> k a ee <wb> k a aa r a nx a <wb> w a i s a ph a o tx a <wb> k a aa <wb> khq a t a r a aa <wb> h a o <wb> s a k a t a aa <wb> h a ei
hindi_female_005114|k a ii <wb> l a o g a o q <wb> k a o <wb> g a r a d a <wb> ou r a <wb> m a h a ii n a <wb> c a uu r a nx a <wb> s a ee <wb> h a o n a ee <wb> w a aa l a ee <wb> w a i s a ph a o tx a <wb> k a ee <wb> khq a t a r a ee <wb> k a ee <wb> b a aa r a ee <wb> m a ee q <wb> j a aa n a k a aa r a ii <wb> n a h a ii <wb> h a ei
hindi_female_005120|gq a z a l a o q <wb> k a aa <wb> aa r a q bh a <wb> a r a b a ii <wb> s a aa h a i t a y a <wb> k a ii <wb> k a aa w a y a <wb> w a i dh a aa <wb> k a ee <wb> r a uu p a <wb> m a ee q <wb> h a u aa
hindi_female_005123|w a ei s a ee <wb> i s a <wb> u p a n a y a aa s a <wb> m a ee q <wb> w a y a k a t a i g a t a <wb> s a q b a q dh a o q <wb> k a ee <wb> k a aa r a nx a <wb> bh a aa r a t a <wb> m a ee q <wb> a m a ee r a i k a aa <wb> k a ee <wb> p a uu r a w a <wb> r a aa j a d a uu t a <wb> k a ii <wb> ee k a <wb> k a sh a m a ii r a ii <wb> d a w a aa r a aa <wb> h a t a y a aa <wb> k a ii <wb> j a aa t a ii <wb> h a ei <wb> l a ee k a i n a <wb> i s a ii <wb> w a i sh a ee sx a <wb> s a q d a r a bh a <wb> k a ee <wb> k a aa r a nx a <wb> y a h a <wb> gh a tx a n a aa <wb> a p a n a ee <wb> aa p a <wb> m a ee q <wb> aa t a q k a w a aa d a ii <wb> gh a tx a n a aa <wb> p a r a t a ii t a <wb> h a o n a ee <wb> l a g a t a ii <wb> h a ei
hindi_female_005128|k a th a aa <wb> k a ii <wb> ee k a <wb> w a i sh a ee sx a t a aa <wb> y a h a <wb> h a ei <wb> k a i <wb> i s a m a ee q <wb> a h a m a d a <wb> n a aa m a k a <wb> u s a <wb> aa t a q k a w a aa d a ii <wb> k a ee <wb> n a z a r a i ee <wb> s a ee <wb> k a th a aa <wb> k a h a n a ee <wb> k a ii <wb> k a o sh a i sh a <wb> k a ii <wb> g a ii <wb> h a ei
hindi_female_005131|l a ee kh a k a <wb> n a ee <wb> u s a k a ii <wb> p a aa r a i w a aa r a i k a <wb> j a ii w a n a <wb> k a ii <wb> j a tx a i l a t a aa o q <wb> k a aa <wb> k a aa q tx a r a aa s a tx a <wb> u s a k a ee <wb> dh a aa r a m a i k a <wb> j a ii w a n a <wb> k a ii <wb> s a r a l a t a aa o q <wb> k a ee <wb> s a aa th a <wb> d a i kh a aa y a aa <wb> h a ei
hindi_female_005132|b a h a u l a t a aa w a aa d a ii <wb> s a m a aa j a o q <wb> k a ee <wb> l a i ee <wb> aa d a r a sh a <wb> s a m a jh a ee <wb> j a aa n a ee <wb> w a aa l a ee <wb> d a ee sh a <wb> a m a ee r a i k a aa <wb> k a ee <wb> y a u w a aa o q <wb> k a aa <wb> s a tx a ei q dx a p a aa i q tx a <wb> k a y a aa <wb> h a ei <wb> y a h a <wb> u p a n a y a aa s a <wb> k a ii <wb> k a th a aa <wb> m a ee q <wb> u bh a r a <wb> k a r a <wb> aa t a aa <wb> h a ei
hindi_female_005133|u p a n a y a aa s a <wb> m a ee q <wb> m a u s a l a m a aa n a <wb> ou r a <wb> ii s a aa ii <wb> dh a r a m a <wb> k a ee <wb> l a o g a o q <wb> k a ii <wb> ee k a <wb> d a uu s a r a ee <wb> k a ee <wb> p a r a t a i <wb> gh a rq nx a aa <wb> d a i kh a aa ii <wb> d a ee t a ii <wb> h a ei
hindi_female_005134|y a h a <wb> w a o <wb> p a r a d a t a t a <wb> s a i m a ee nx a tx a i k a <wb> p a r a y a aa w a r a nx a <wb> h a ei <wb> j a i s a m a ee q <wb> aa t a q k a <wb> k a ee <wb> b a aa r a ee <wb> m a ee q <wb> k a u ch a <wb> bh a ii <wb> k a h a aa <wb> j a aa <wb> s a k a n a aa <wb> s a q bh a w a <wb> h a ei
hindi_female_005135|j a o <wb> i s a <wb> k a r a m a <wb> k a ee <wb> l a k a sx a y a <wb> h a ei q <wb> w a ee <wb> i s a m a ee q <wb> h a ei q <wb> y a aa <wb> n a h a ii q <wb> h a ei q <wb> y a aa <wb> a d a rq sh a y a <wb> h a ei q <wb> m a ou n a <wb> h a ei q <wb> y a aa <wb> s a j a j a aa <wb> h a ei q
hindi_female_005136|w a ee <wb> t a r a aa s a d a ii <wb> k a ii <wb> w a r a sx a g a aa q txh a o q <wb> k a ee <wb> a n a u sx a txh a aa n a <wb> m a ee q <wb> a q k a i t a <wb> h a o <wb> g a y a ee <wb> h a ei q
hindi_female_005138|ee k a <wb> a n a u bh a w a <wb> ou r a <wb> ee k a <wb> a w a dh a aa r a nx a aa <wb> k a ee <wb> r a uu p a <wb> m a ee q <wb> aa t a q k a <wb> k a ee <wb> s a m a uu c a ee <wb> a r a th a <wb> k a o <wb> aa t a q k a w a aa d a <wb> m a ee q <wb> n a i sh a sh a ee sx a <wb> k a r a t a aa <wb> h a ei
hindi_female_005141|b a m a <wb> dh a m a aa k a o q <wb> ou r a <wb> s a ii r a i y a l a <wb> b a l a aa s a tx a s a <wb> k a ee <wb> s a aa th a <wb> h a m a <wb> m a n a u sx a y a <wb> k a ee <wb> i t a i h a aa s a <wb> m a ee q <wb> ee k a <wb> n a y a ee <wb> c a r a nx a <wb> m a ee q <wb> p a r a w a ee sh a <wb> k a r a <wb> g a y a ee <wb> h a ei <wb> h a m a <wb> ee k a <wb> s a r a w a th a aa <wb> n a y a ee <wb> w a i k a tx a i m a <wb> k a ee <wb> s a m a u kh a <wb> h a ei q
hindi_female_005144|y a d a i <wb> y a h a <wb> ee k a <wb> r a ei n a dx a m a <wb> h a i q s a aa <wb> h a o <wb> t a o <wb> p a r a t a i <wb> h a i q s a aa <wb> k a o <wb> u c a i t a <wb> n a y a aa y a o c a i t a <wb> b a n a aa <wb> p a aa n a aa <wb> b a h a u t a <wb> m a u sh a k a i l a <wb> h a ei
hindi_female_005145|ei s a ii <wb> h a i q s a aa <wb> k a o <wb> j a i s a k a ii <wb> k a o ii <wb> n a s a l a ii y a <wb> dh a aa r a m a i k a <wb> j a aa t a ii y a <wb> l a ei q g a i k a <wb> w a i c a aa r a dh a aa r a aa t a m a k a <wb> w a r a g a ii y a <wb> w a r a ii y a t a aa ee mq <wb> n a h a ii q <wb> h a ei q <wb> w a h a <wb> h a m a ee q <wb> s a b a s a ee <wb> w a i c a i t a r a <wb> a s a m a q j a s a <wb> m a ee q <wb> dx a aa l a t a ii <wb> h a ei
hindi_female_005148|k a i q t a u <wb> s a ou bh a aa g a y a <wb> s a ee <wb> i s a <wb> ee k a <wb> s a bh a y a t a aa <wb> k a ee <wb> bh a ii t a r a <wb> tx a k a r a aa w a <wb> ee k a <wb> w a y a k a t a i <wb> s a m a u d a aa y a <wb> s a q s a k a rq t a i <wb> k a ee <wb> h a i q s a k a <wb> aa t a m a <wb> ou r a <wb> a h a i q s a k a <wb> aa t a m a <wb> k a ee <wb> b a ii c a <wb> tx a k a r a aa w a <wb> k a ii <wb> t a r a h a <wb> p a dxhq a n a ee <wb> w a i sh a l a ee sx a i t a <wb> k a r a n a ee <wb> k a ii <wb> k a o sh a i sh a ee q <wb> bh a ii <wb> h a u ii <wb> h a ei q
hindi_female_005150|j a b a <wb> p a l a aa s a tx a i k a <wb> k a aa <wb> ph a uu l a <wb> b a n a aa n a ee <wb> k a o <wb> k a h a o <wb> t a o <wb> i q dx a i y a aa <wb> b a n a aa t a aa <wb> h a ei <wb> k a ee w a l a <wb> tx a uu th a <wb> b a r a sh a
hindi_female_005168|ee k a <wb> ei s a ii <wb> bh a y a q k a r a <wb> bh a uu l a <wb> j a i s a ee <wb> a dh a i k a aa q sh a <wb> uu q gh a t a ee <wb> d a r a sh a k a <wb> t a o <wb> sh a aa y a d a <wb> i g a n a o r a <wb> k a r a <wb> j a aa t a ee <wb> h a ei q
hindi_female_005170|sh a n a i w a aa r a <wb> k a o <wb> k a aa m a <wb> n a i p a tx a aa n a ee <wb> m a ee q <wb> d a ee r a ii <wb> h a o <wb> j a aa n a ee <wb> k a ee <wb> k a aa r a nx a <wb> m a n a ii sx a aa <wb> k a aa r a y a aa l a y a <wb> m a ee q <wb> a k a ee l a ii <wb> r a h a <wb> g a ii <wb> th a ii
hindi_female_005175|j a h a aa q <wb> t a k a <wb> l a i n a k a s a <wb> k a aa <wb> s a w a aa l a <wb> th a aa <wb> l a i n a k a s a <wb> k a aa <wb> p a r a y a o g a <wb> bh a ii <wb> kh a uu b a <wb> k a i y a aa <wb> g a y a aa <wb> l a ee k a i n a <wb> i s a k a aa <wb> u p a y a o g a <wb> a dh a i k a t a r a <wb> s a r a w a r a <wb> p a r a <wb> h a ii <wb> k a i y a aa <wb> dx a ee s a k a <wb> tx a aa p a <wb> p a r a <wb> n a h a ii q
hindi_female_005176|h a m a <wb> l a o g a <wb> k a aa m a <wb> k a r a t a ee <wb> th a ee <wb> t a o <wb> y a u n a i k a s a <wb> p a r a <wb> h a aa th a <wb> s a aa f a <wb> th a aa
hindi_female_005178|p a uu r a aa <wb> k a aa <wb> p a uu r a aa <wb> m a ee l a <wb> s a i s a tx a m a <wb> l a i n a k a s a <wb> p a r a <wb> b a d a l a aa
hindi_female_005180|y a ee <wb> s a m a p a aa d a k a ii y a <wb> ei s a ii <wb> s a aa m a aa j a i k a <wb> w a ei y a k a t a i k a <wb> m a h a aa t a w a k a aa q k a sx a aa o q <wb> s a ee <wb> l a b a r a ee z a <wb> h a o t a ee <wb> h a ei q <wb> k a i <wb> h a m a ee q <wb> a p a n a ee <wb> s a aa th a <wb> g a i r a aa <wb> l a ee t a ee <wb> h a ei q
hindi_female_005189|h a i n a d a ii <wb> m a ee q <wb> s a b a <wb> k a w a i y a o q <wb> k a ii <wb> p a u s a t a k a ee q <wb> t a ii n a <wb> s a ou <wb> c a aa r a <wb> s a ou <wb> ch a p a t a ii <wb> h a ei q <wb> p a r a <wb> h a i n a d a ii <wb> m a ee q <wb> h a r a <wb> w a r a sx a <wb> c a aa r a <wb> s a ou <wb> s a ee <wb> h a z a aa r a <wb> k a aa w a y a <wb> p a u s a t a k a ee q <wb> ch a p a t a ii <wb> h a ei q
hindi_female_005190|p a r a <wb> m a n a <wb> m a ee <wb> ch a aa l a ee <wb> h a ei q <wb> k a i <wb> s a uu kh a t a ee <wb> n a h a ii q <wb> b a l a k a i <wb> b a aa r a <wb> b a aa r a <wb> ph a uu tx a <wb> k a r a <wb> u s a ee <wb> aa h a t a <wb> k a r a t a ee <wb> h a ei q <wb> u s a k a aa <wb> k a y a aa <wb> g a u n a aa h a <wb> th a aa
hindi_female_005194|d a ee kh a n a ee <wb> d a i kh a aa n a ee <wb> k a ii <wb> r a s a m a <wb> k a ee <wb> b a aa d a <wb> s a b a k a ee <wb> k a h a n a ee <wb> p a r a <wb> ee k a aa q t a <wb> m a ee q <wb> u s a n a ee <wb> ee k a <wb> s a q k a sx a i p a t a <wb> b a aa t a <wb> k a ii <wb> ou r a <wb> w a h a <wb> a c a aa n a k a <wb> u txh a <wb> k a r a <wb> c a l a ii <wb> g a ii <wb> t a b a <wb> u s a ee <wb> l a g a aa <wb> th a aa <wb> k a i <wb> sh a r a m a aa <wb> r a h a ii <wb> h a o g a ii
hindi_female_005196|m a u jh a ee <wb> ch a uu n a aa <wb> m a t a <wb> y a h a <wb> sh a aa d a ii <wb> n a h a ii q <wb> h a ei <wb> a w a i n a aa sh a <wb> s a m a jh a ou t a aa <wb> h a ei
hindi_female_005197|w a h a <wb> s a u n a d a r a <wb> c a ee h a r a aa <wb> w a i t a rq sx a nx a aa <wb> s a ee <wb> bh a r a <wb> g a y a aa <wb> th a aa
hindi_female_005198|u s a k a ee <wb> b a aa d a <wb> j a b a <wb> w a h a <wb> a g a l a ee <wb> d a i n a <wb> m a aa y a k a ee <wb> g a ii <wb> t a o <wb> u s a k a ii <wb> j a g a h a <wb> l a ou tx a <wb> k a r a <wb> w a i w a aa h a <wb> k a o <wb> sh a uu n a y a <wb> s a aa b a i t a <wb> k a r a n a ee <wb> k a ee <wb> l a i y a ee <wb> u s a k a ee <wb> w a k a ii l a <wb> k a aa <wb> n a o tx a i s a <wb> aa y a aa <wb> j a i s a m a ee q <wb> aa r a o p a <wb> th a aa <wb> k a i <wb> w a h a <wb> n a p a u q s a k a <wb> h a ei <wb> ou r a <wb> w a i w a aa h a <wb> k a ee <wb> y a o g a y a <wb> n a h a ii q
hindi_female_005201|p a r a <wb> a b a <wb> m a aa mq <wb> k a ii <wb> a s a w a s a th a t a aa <wb> k a ii <wb> w a j a h a <wb> s a ee <wb> u s a ee <wb> j a o dh a p a u r a <wb> p a o s a tx a i q g a <wb> k a r a w a aa n a ii <wb> p a dx a ii
hindi_female_005202|p a i ch a l a ee <wb> k a ii <wb> d a i n a o q <wb> s a ee <wb> y a h a <wb> m a aa uu q tx a <wb> aa b a uu <wb> p a r a k a r a nx a <wb> m a aa mq <wb> ou r a <wb> m a aa m a aa <wb> c a l a aa ee <wb> j a aa <wb> r a h a ee <wb> th a ee
hindi_female_005203|i s a <wb> b a aa r a <wb> m a aa m a aa <wb> ch a aa ch a <wb> bh a ii <wb> ph a uu q k a <wb> ph a uu q k a <wb> k a r a <wb> p a ii n a aa <wb> c a aa h a t a ee <wb> th a ee <wb> s a o <wb> w a h a <wb> u s a ee <wb> l a dxq a k a ii <wb> ou r a <wb> u s a <wb> k a ee <wb> p a r a i w a aa r a <wb> k a ee <wb> s a aa th a <wb> p a uu r a ee <wb> p a n a d a r a h a <wb> b a ii s a <wb> d a i n a <wb> ch a o dx a n a aa <wb> c a aa h a <wb> r a h a ee <wb> th a ee
hindi_female_005204|b a r a i g a ee dx a i y a r a <wb> s a i n a h a aa <wb> m a aa m a aa <wb> k a ee <wb> k a l a ii g a <wb> r a h a <wb> c a u k a ee <wb> h a ei q <wb> u n a k a ii <wb> ee k a <wb> b a h a n a <wb> h a ei <wb> a w a i w a aa h a i t a <wb> u s a n a ee <wb> bh a ii <wb> k a i n a h a ii q <wb> k a aa r a nx a o q <wb> s a ee <wb> sh a aa d a ii <wb> n a h a ii q <wb> k a ii
hindi_female_005210|w a h a <wb> u s a <wb> b a ee b a aa k a <wb> n a i sh a ch a l a <wb> m a u s a k a aa n a <wb> p a r a <wb> j a w a aa b a <wb> m a ee q <wb> m a u s a k a u r a aa ee <wb> b a i n a aa <wb> n a h a ii q <wb> r a h a <wb> p a aa t a aa
hindi_female_005214|w a h a <wb> b a s a <wb> a p a n a ii <wb> n a ou k a r a ii <wb> k a ee <wb> b a ii s a <wb> s a aa l a <wb> p a uu r a ee <wb> k a r a t a ee <wb> h a ii <wb> a b a r a o dx a <wb> c a l a aa <wb> j a aa ee g a aa
hindi_female_005222|t a u m a <wb> h a m a aa r a ee <wb> m a ee h a m a aa n a <wb> h a o <wb> aa kh a i r a <wb> r a aa m a s a i q g a <wb> s a aa m a aa n a <wb> g a aa dx a ii <wb> m a ee q <wb> r a kh a o
hindi_female_005227|a n a d a r a <wb> p a o h a q c a <wb> k a r a <wb> r a aa m a s a i q g a <wb> k a o <wb> u n a k a aa <wb> s a aa m a aa n a <wb> g a ee s a tx a r a uu m a <wb> m a ee q <wb> r a kh a n a ee <wb> k a aa <wb> aa d a ee sh a <wb> d a ee k a r a <wb> u s a ee <wb> h a aa l a n a u m a aa <wb> dx a r a o ii q g a <wb> r a uu m a <wb> m a ee q <wb> b a i txh a aa <wb> k a r a <wb> w a ee <wb> a n a d a r a <wb> k a h a ii q <wb> g a aa y a b a <wb> h a o <wb> g a y a ee
hindi_female_005229|a w a i n a aa sh a <wb> y a ee <wb> m a ee r a ii <wb> b a ee tx a ii <wb> n a ii l a aa q j a n a aa <wb> h a ei
hindi_female_005236|p a uu r a aa <wb> gh a uu m a gh a aa m a <wb> k a r a <wb> d a ee kh a <wb> k a r a <wb> u s a ee <wb> y a aa d a <wb> aa y a aa <wb> d a s a <wb> b a j a ee <wb> dx a i n a r a <wb> k a ee <wb> l a i y a ee <wb> n a ii c a ee <wb> u t a r a n a aa <wb> h a ei
hindi_female_005237|a w a i n a aa sh a <wb> a q j a n a aa <wb> m a ee r a ii <wb> w a aa ii f a <wb> s a ee <wb> t a u m a <wb> m a i l a <wb> c a u k a ee <wb> h a o
hindi_female_005239|m a y a q k a <wb> m a ee r a aa <wb> b a ee tx a aa <wb> aa ii <wb> aa ii <wb> tx a ii <wb> b a m a b a ee <wb> s a ee <wb> i l a ee k a tx a r a aa n a i k a s a <wb> m a ee q <wb> i q j a ii n a i y a r a i q g a <wb> k a r a <wb> r a h a aa <wb> h a ei
hindi_female_005242|ou p a c a aa r a i k a <wb> a bh a i w a aa d a n a <wb> k a ee <wb> b a aa d a <wb> h a l a k a ee <wb> ph a u l a k a ee <wb> dx a r a i q k a s a <wb> s a uu p a <wb> k a ee <wb> s a aa th a <wb> ou p a c a aa r a i k a <wb> b a aa t a c a ii t a <wb> h a o n a ee <wb> l a g a ii
hindi_female_005244|bh a r a ee <wb> s a aa n a u p a aa t a i k a <wb> j a i s a m a <wb> p a r a <wb> b a aa tx a i k a <wb> p a r a i n a tx a <wb> k a aa <wb> bh a r a aa <wb> k a u r a t a aa <wb> ou r a <wb> j a ii n a s a <wb> gh a n a ee <wb> k a aa l a ee <wb> l a m a b a ee <wb> b a aa l a o q <wb> k a o <wb> aa k a r a sx a k a <wb> m a g a r a <wb> b a ee t a r a t a ii b a <wb> j a uu dx a ee <wb> m a ee q <wb> l a p a ee tx a aa <wb> h a u aa
hindi_female_005245|b a aa t a <wb> k a r a n a ee <wb> k a ee <wb> dxh a q g a <wb> ou r a <wb> sh a b a d a o q <wb> k a ee <wb> c a y a n a <wb> s a ee <wb> l a g a t a aa <wb> h a ei <wb> k a i <wb> b a u dh a d a i j a ii w a ii <wb> ou r a <wb> k a l a aa k a aa r a <wb> b a aa t a <wb> k a r a <wb> r a h a aa <wb> h a ei
hindi_female_005250|s a u dh a aa <wb> s a c a m a u c a <wb> ee k a <wb> p a ee n a tx a i q g a <wb> m a ee q <wb> w a y a s a t a <wb> th a ii <wb> w a h a <wb> p a ii ch a ee <wb> j a aa k a r a <wb> kh a dx a aa <wb> h a o <wb> g a y a aa
hindi_female_005252|y a h a <wb> a tx a k a ii <wb> h a u ii <wb> h a ei <wb> d a r a a s a l a <wb> b a m a b a ee <wb> h a o t a ii <wb> t a o <wb> p a uu r a aa <wb> h a o <wb> j a aa t a ii <wb> i s a ee <wb> n a ii l a aa <wb> l a ee <wb> n a h a ii q <wb> j a aa n a ee <wb> d a ee t a ii <wb> h a ei
hindi_female_005254|u s a n a ee <wb> p a ee n a tx a i q g a <wb> k a o <wb> dh a y a aa n a <wb> s a ee <wb> d a ee kh a aa <wb> u s a ee <wb> w a h a <wb> n a ii l a aa <wb> k a ii <wb> p a o r a tx a r a ee tx a <wb> l a g a ii
hindi_female_005257|b a r a i g a ee dx a i y a r a <wb> s a i n a h a aa <wb> n a ee <wb> k a sh a m a ii r a <wb> m a s a l a ee <wb> p a r a <wb> b a aa t a <wb> ch a ee dx a <wb> d a ii <wb> t a o <wb> w a h a <wb> c a r a c a aa <wb> d a ee r a <wb> t a k a <wb> c a l a t a ii <wb> r a h a ii
hindi_female_005258|a b a <wb> t a u m a <wb> d a o n a o q <wb> k a o <wb> h a ii <wb> w a i w a aa h a <wb> k a o <wb> l a ee k a r a <wb> n a i r a nx a y a <wb> l a ee <wb> l a ee n a aa <wb> c a aa h a i y a ee
hindi_female_005259|y a h a <wb> s a m a jh a <wb> l a o <wb> y a h a <wb> aa kh a r a ii <wb> g a aa dx a ii <wb> h a ei <wb> u s a k a ee <wb> b a aa d a <wb> y a aa <wb> t a o <wb> s a f a r a <wb> tx a aa l a <wb> d a o <wb> y a aa <wb> i s a ii <wb> m a ee q <wb> c a dxh a <wb> j a aa o <wb> j a ii
hindi_female_005261|s a l a w a aa r a <wb> k a u r a t a ee <wb> m a ee q <wb> n a ii l a aa <wb> b a dx a ii <wb> b a dx a ii <wb> l a g a ii
hindi_female_005264|u s a n a ee <wb> n a ii l a aa <wb> k a o <wb> s a aa th a <wb> l a ee <wb> h a ii <wb> l a i y a aa <wb> s a u dh a aa <wb> n a ee <wb> bh a ii <wb> p a ei r a w a ii <wb> k a ii <wb> k a y a o q k a i <wb> d a o n a o q <wb> h a ii <wb> tx a aa l a <wb> r a h a ee <wb> th a ee <wb> ee k a aa n a t a <wb> k a aa <wb> s a aa th a
hindi_female_005266|w a h a <wb> bh a ii <wb> sh a aa y a d a <wb> y a h a ii <wb> s a o c a <wb> r a h a ii <wb> h a o g a ii <wb> a p a n a ii <wb> a p a n a ii <wb> aa z a aa d a i y a o q <wb> k a ii <wb> l a t a <wb> l a g a <wb> g a ii <wb> h a ei <wb> h a m a ee q
hindi_female_005267|u m a r a <wb> k a o ii <wb> m a aa y a n a ee <wb> n a h a ii q <wb> r a kh a t a ii <wb> k a y a aa <wb> u s a k a ee <wb> k a ii <wb> a c a ch a ee <wb> d a o s a t a <wb> u s a s a ee <wb> b a dx a ee <wb> n a h a ii <wb> p a r a <wb> ph a i r a <wb> bh a ii <wb> a bh a ii <wb> w a h a <wb> h a aa mq <wb> n a h a ii q <wb> k a r a <wb> s a k a ee g a aa
hindi_female_005268|n a ii l a aa <wb> n a ee <wb> aa k a r a <wb> h a aa th a <wb> p a k a dx a <wb> l a i y a aa <wb> ee k a <wb> u sx a nx a <wb> ou r a <wb> u t a s a aa h a <wb> s a ee <wb> bh a r a aa <wb> s a p a r a sh a
hindi_female_005272|g a l a t a <wb> f a h a m a ii <wb> m a ee q <wb> m a t a <wb> r a h a i y a ee g a aa <wb> m a ee r a ii <wb> b a u aa <wb> h a ii <wb> s a b a k a o <wb> r a i j a ee k a tx a <wb> k a r a t a ii <wb> h a ei <wb> w a r a n a aa <wb> k a b a <wb> s a ee <wb> sh a aa d a ii <wb> h a o <wb> j a aa t a ii
hindi_female_005276|a w a i n a aa sh a <wb> j a ii <wb> s a n a <wb> s a ee tx a <wb> k a ee <wb> w a k a t a <wb> s a b a k a ii <wb> aa mq kh a o q <wb> k a aa <wb> r a q g a <wb> b a d a l a <wb> j a aa t a aa <wb> h a ei <wb> d a ee kh a o <wb> aa p a k a ii <wb> ou r a <wb> m a ee r a ii
hindi_female_005278|h a w a aa <wb> m a ee q <wb> u dx a t a aa <wb> u s a k a aa <wb> l a ei s a <wb> w a aa l a aa <wb> k a l a r a <wb> a w a i n a aa sh a j a ii <wb> k a y a aa <wb> d a ee kh a <wb> r a h a ee <wb> th a ee <wb> y a h a ii <wb> k a i <wb> t a u m a <wb> b a h a u t a <wb> s a u n a d a r a <wb> h a o
hindi_female_005279|p a r a k a rq t a i <wb> m a ee q <wb> h a r a <wb> c a ii z a <wb> s a u n a d a r a <wb> h a ei <wb> m a u jh a ee <wb> t a o <wb> h a r a <wb> c a ii z a <wb> s a u n a d a r a <wb> l a g a t a ii <wb> h a ei
hindi_female_005290|sh a aa s a n a <wb> k a aa <wb> k a aa m a k a aa j a <wb> s a u c a aa r a uu <wb> r a uu p a <wb> s a ee <wb> c a l a <wb> r a h a aa <wb> th a aa
hindi_female_005297|th a o dx a ii <wb> b a h a u t a <wb> b a aa t a ee q <wb> h a u y a ii q <wb> p a r a <wb> ee k a <wb> c a u bh a n a <wb> s a ii <wb> d a o n a o q <wb> k a o <wb> h a ii <wb> tx a ii s a <wb> r a h a ii <wb> th a ii <wb> j a o <wb> a w a y a k a t a <wb> h a o t a ee <wb> h a u ee <wb> bh a ii <wb> s a p a sx a tx a <wb> th a aa
hindi_female_005299|gh a u tx a n a <wb> s a ii m a aa ee q <wb> l a aa q gh a n a ee <wb> k a o <wb> b a ee t a aa b a <wb> th a ii
hindi_female_005302|a t a hq <wb> aa p a <wb> l a o g a o q <wb> k a ee <wb> i s a <wb> p a r a ee m a <wb> m a ee q <wb> ei s a ii <wb> h a ii <wb> d a m a i t a <wb> d a u r a bh a aa w a n a aa <wb> s a m a aa w a i sx a tx a <wb> h a o <wb> g a y a ii <wb> h a ei <wb> j a i s a <wb> k a aa r a nx a <wb> aa p a k a ee <wb> i s a <wb> p a r a g a aa dxh a <wb> p a r a ee m a <wb> m a ee q <wb> bh a ii <wb> a n a t a r a w a ee d a n a aa <wb> a q k a u r a i t a <wb> h a o <wb> j a aa t a ii <wb> h a ei
hindi_female_005304|k a u ch a <wb> d a ee r a <wb> b a aa d a <wb> s a ee txh a <wb> n a ee <wb> c a u p a p a ii <wb> t a o dx a ii <wb> ou r a <wb> k a h a aa <wb> h a ee <wb> r a aa j a g a u r a uu <wb> s a aa r a aa <wb> k a u s a uu r a <wb> m a ee r a aa <wb> h a ei
hindi_female_005312|r a aa j a aa <wb> n a ee <wb> k a h a aa <wb> h a ee <wb> m a i t a r a <wb> p a h a l a ee <wb> h a ii <wb> y a h a <wb> b a aa t a <wb> b a t a aa <wb> d a ee t a ee <wb> t a o <wb> h a m a <wb> d a o n a o q <wb> k a o <wb> i t a n a aa <wb> k a sx a tx a <wb> t a o <wb> n a h a ii q <wb> s a h a n a aa <wb> p a dx a t a aa
hindi_female_005314|i s a <wb> p a r a k a aa r a <wb> s a ee txh a <wb> k a ii <wb> p a uu q j a ii <wb> ou r a <wb> u n a <wb> d a o n a o q <wb> k a ii <wb> m a i t a r a t a aa <wb> d a ii r a gh a aa y a u <wb> h a o <wb> g a y a ii
hindi_female_005315|a w a y a k a t a <wb> r a kh a n a ee <wb> p a r a <wb> bh a ii <wb> a n a t a r a s a m a b a q dh a o q <wb> m a ee q <wb> d a r a aa r a <wb> dx a aa l a <wb> h a ii <wb> d a ee t a ii <wb> h a ei q
hindi_female_005316|y a ee <wb> w a i k a aa s a <wb> p a th a <wb> k a ee <wb> a w a r a o dh a k a <wb> h a ei q
hindi_female_005326|aa j a <wb> bh a ii <wb> u s a k a ii <wb> s a s a u r a aa l a <wb> k a ee <wb> k a u t a t a ee <wb> m a ee r a ee <wb> j a i s a m a <wb> k a o <wb> n a o q c a <wb> r a h a ee <wb> h a ei q <wb> j a ei s a ee <wb> m a ei q <wb> u n a k a aa <wb> j a n a m a <wb> j a aa t a <wb> k a r a z a <wb> d a aa r a <wb> h a uu q
hindi_female_005327|a b a <wb> ou r a <wb> s a aa h a s a <wb> n a h a ii q <wb> h a ei <wb> k a i <wb> b a ee tx a ii <wb> b a y a aa h a n a ee <wb> k a ee <wb> n a aa m a <wb> p a r a <wb> k a o ii <wb> d a o b a aa r a aa <wb> m a ee r a ii <wb> kh a aa l a <wb> u t a aa r a <wb> l a ee
hindi_female_005332|m a u jh a <wb> p a r a <wb> k a rq p a aa <wb> k a r a <wb> k a ee <wb> th a o dx a ii <wb> s a ii <wb> r a i y a aa y a t a <wb> j a ei s a ee <wb> u s a k a ee <wb> u b a l a <wb> p a dx a n a ee <wb> k a aa <wb> k a o ii <wb> s a w a i c a <wb> ax n a <wb> h a o <wb> g a y a aa <wb> h a o <wb> w a h a <wb> ph a n a <wb> ph a n a aa <wb> u txh a aa <wb> t a o <wb> t a u m a <wb> bh a aa dx a <wb> m a ee q <wb> j a aa o <wb> m a ee r a aa <wb> gh a r a <wb> k a o ii <wb> r a aa h a t a <wb> k a ee n a d a r a <wb> n a h a ii q <wb> h a ei
hindi_female_005333|k a ii <wb> l a o g a <wb> p a h a l a ee <wb> h a ii <wb> k a y a uu <wb> m a ee q <wb> h a ei q <wb> t a u m a <wb> a p a n a ii <wb> b a r a aa b a r a ii <wb> k a ii <wb> k a o ii <wb> d a uu s a r a ii <wb> j a g a h a <wb> dxh a uu q dxh a <wb> l a o
hindi_female_005334|ei s a aa <wb> b a ee m a u r a <wb> w a t a <wb> s a l a uu k a <wb> t a o <wb> k a o ii <wb> s a uu d a kh a o r a <wb> m a h a aa j a n a <wb> bh a ii <wb> n a h a ii q <wb> k a r a t a aa <wb> h a o g a aa
hindi_female_005339|a q t a t a hq <wb> u s a n a ee <wb> ei s a aa <wb> h a ii <wb> k a i y a aa
hindi_female_005341|kh a u d a <wb> k a o <wb> y a h a <wb> s a m a jh a aa k a r a <wb> sh a aa d a ii <wb> k a r a <wb> d a ii <wb> k a i <wb> c a ee h a r a ee <wb> k a ii <wb> s a th a uu l a <wb> s a u n a d a r a t a aa <wb> s a ee <wb> k a h a ii q <wb> b a dx a ii <wb> h a o t a ii <wb> h a ei <wb> aa q t a r a i k a <wb> s a u n a d a r a t a aa
hindi_female_005344|a g a r a <wb> w a h a <wb> b a ee tx a ii <wb> k a ee <wb> b a aa p a <wb> h a o n a ee <wb> k a o <wb> a bh a i sh a aa p a <wb> m a aa n a k a r a <wb> i s a s a ee <wb> b a c a n a ee <wb> k a ee <wb> l a i y a ee <wb> s a kh a t a <wb> ee h a t a i y a aa t a <wb> b a r a t a n a aa <wb> c a aa h a t a aa <wb> h a ei <wb> t a o <wb> sh a aa kh a aa <wb> i s a <wb> m a aa n a s a i k a t a aa <wb> k a o <wb> s a m a jh a <wb> s a k a t a ii <wb> h a ei
hindi_female_005348|p a h a l a ee <wb> i sh a uu <wb> m a ee q <wb> k a o ii <wb> w a r a j a n a aa <wb> k a o ii <wb> r a u k a aa w a tx a <wb> k a o ii <wb> s a q sh a y a <wb> u c a i t a <wb> n a h a ii q
hindi_female_005351|m a ei q <wb> u s a s a ee <wb> k a ii <wb> s a aa l a <wb> b a dx a aa <wb> th a aa <wb> l a ee k a i n a <wb> gh a r a <wb> k a o <wb> s a q w a aa r a n a ee <wb> s a q bh a aa l a n a ee <wb> ou r a <wb> r a s a o ii <wb> s a ii dh a ii <wb> k a r a n a ee <wb> k a ee <wb> m a aa m a l a ee <wb> m a ee q <wb> m a ei q <wb> k a i s a ii <wb> k a aa m a <wb> k a aa <wb> n a h a ii q <wb> th a aa
hindi_female_005353|w a ee <wb> k a h a t a ee <wb> th a ee <wb> m a u jh a ee <wb> a p a n a ii <wb> p a r a i dh a i <wb> k a ii <wb> s a u gh a dx a t a aa <wb> d a ee kh a o <wb> a q b a r a
hindi_female_005354|i s a n a ee <wb> gh a u tx a tx a ii <wb> m a ee q <wb> h a ii <wb> k a b a <wb> s a ii kh a <wb> l a i y a aa <wb> y a h a <wb> s a b a <wb> h a m a ee q <wb> p a t a aa <wb> h a ii <wb> n a h a ii q <wb> c a l a aa
hindi_female_005357|l a ee k a i n a <wb> t a u m a <wb> c a aa h a t a ii <wb> h a o <wb> k a i <wb> m a aa t a rq t a w a <wb> k a ee <wb> t a u m a h a aa r a ee <wb> p a h a l a ee <wb> a w a s a r a <wb> k a o <wb> s a w a ch a q d a <wb> r a h a n a ee <wb> d a i y a aa <wb> j a aa y a ee <wb> t a o <wb> c a l a o <wb> m a ei q <wb> t a u m a h a aa r a ii <wb> bh a aa w a n a aa <wb> k a o <wb> aa h a t a <wb> n a h a ii q <wb> k a r a t a aa
hindi_female_005358|sh a aa kh a aa <wb> n a ee <wb> h a q s a ii <wb> m a ee q <wb> a n a u r a aa g a <wb> gh a o l a t a ee <wb> h a u ee <wb> k a h a aa <wb> a g a r a <wb> b a ee tx a aa <wb> h a o <wb> g a y a aa <wb> i s a <wb> b a aa r a <wb> t a o <wb> a g a l a ii <wb> b a aa r a <wb> bh a ii <wb> m a ee r a aa <wb> y a h a <wb> s a w a aa l a <wb> k a aa y a m a <wb> r a h a ee g a aa
hindi_female_005361|m a u n a n a ii <wb> gh a r a <wb> m a ee q <wb> p a l a n a ee <wb> l a g a ii <wb> l a aa dx a <wb> p a y a aa r a <wb> k a ee <wb> s a h a j a <wb> ou r a <wb> s a w a aa bh a aa w a i k a <wb> p a r a i w a ee sh a <wb> m a ee q <wb> p a l a n a ee <wb> l a g a ii
hindi_female_005362|b a r a t a aa w a <wb> m a ee q <wb> ei s a ii <wb> sh a aa l a ii n a t a aa <wb> ou r a <wb> s a ii m a aa <wb> b a s a <wb> y a h a ii q <wb> t a k a <wb> r a h a ii
hindi_female_005364|d a uu s a r a ee <wb> t a ii s a r a ee <wb> ou r a <wb> c a ou th a ee <wb> g a r a bh a <wb> k a aa <wb> h a sh a r a <wb> g a u dx a i y a o q <wb> m a ee q <wb> p a r a w a r a i t a <wb> h a o <wb> g a y a aa
hindi_female_005365|h a r a <wb> b a aa r a <wb> sh a aa kh a aa <wb> k a aa <wb> sh a r a ii r a <wb> h a ii <wb> n a h a ii q <wb> a q t a s a <wb> bh a ii <wb> l a h a uu l a u h a aa n a <wb> h a u aa
hindi_female_005373|a b a <wb> bh a l a aa <wb> ei s a ee <wb> aa t a m a ii y a <wb> ou r a <wb> m a ii txh a ee <wb> s a q bh a aa sx a nx a <wb> k a r a n a ee <wb> w a aa l a ee <wb> p a t a i <wb> k a o <wb> k a o ii <wb> kh a l a n a aa y a k a <wb> k a ei s a ee <wb> k a r a aa r a <wb> d a ee <wb> k a y a aa <wb> p a y a aa r a <wb> ou r a <wb> w a i sh a w a aa s a <wb> bh a ii <wb> kh a l a n a aa y a k a ii <wb> k a aa <wb> a s a t a r a <wb> h a o <wb> s a k a t a aa <wb> h a ei
hindi_female_005375|p a r a ii k a sx a nx a <wb> p a r a <wb> w a ei dh a aa n a i k a <wb> p a r a t a i b a q dh a <wb> l a g a n a ee <wb> k a ee <wb> b a aa d a <wb> dx a k a tx a r a <wb> n a ee <wb> y a o q <wb> y a h a <wb> dh a q dh a aa <wb> b a n a d a <wb> k a r a <wb> d a i y a aa <wb> th a aa <wb> ph a i r a <wb> bh a ii <wb> k a u ch a <wb> kh a aa s a <wb> p a r a i s a th a i t a i y a aa q <wb> ou r a <wb> k a u ch a <wb> kh a aa s a <wb> l a o g a <wb> n a i y a m a <wb> k a aa n a uu n a <wb> k a ee <wb> d a aa y a r a ee <wb> s a ee <wb> h a m a ee sh a aa <wb> k a ii <wb> j a g a h a <wb> k a ii <wb> b a aa r a <wb> b a aa h a r a <wb> t a o <wb> h a o t a ee <wb> h a ii <wb> h a ei q
hindi_female_005378|d a u n a i y a aa <wb> k a o <wb> a s a q t a u l a i t a <wb> k a r a n a ee <wb> k a aa <wb> a p a r a aa dh a <wb> a b a <wb> ou r a <wb> m a u jh a s a ee <wb> n a h a ii q <wb> h a o g a aa
hindi_female_005380|p a r a i dh a i <wb> n a ee <wb> a p a n a ee <wb> bh a aa ii <wb> k a aa <wb> s a m a r a th a n a <wb> k a r a t a ee <wb> h a u ee <wb> k a h a aa <wb> th a aa <wb> bh a ei y a aa <wb> txh a ii k a <wb> k a h a t a ee <wb> h a ei q <wb> dx a k a tx a r a <wb> b a ee tx a ii <wb> w a h a ii <wb> p a ei d a aa <wb> k a r a ee <wb> j a i s a k a ee <wb> gh a r a <wb> m a ee q <wb> l a aa kh a o q <wb> k a r a o dx a o q <wb> j a m a aa <wb> h a o q
hindi_female_005381|m a ei q <wb> aa j a <wb> bh a ii <wb> a p a n a ee <wb> gh a r a <wb> m a ee q <wb> r a ou r a w a <wb> bh a o g a <wb> r a h a ii <wb> h a uu q
hindi_female_005387|m a u n a n a ii <wb> k a ee <wb> l a i y a ee <wb> a bh a ii <wb> s a ee <wb> h a ii <wb> u s a ee <wb> ee k a <wb> c a ou th a aa ii <wb> t a n a kh a w a aa h a <wb> k a ii <wb> s a ee w a i q g a <wb> k a r a n a ii <wb> p a dx a <wb> r a h a ii <wb> th a ii <wb> ph a l a s a w a r a uu p a <wb> w a h a <wb> s a th a aa y a ii <wb> t a ou r a <wb> p a r a <wb> t a q g a ii <wb> ou r a <wb> a bh a aa w a <wb> k a aa <wb> sh a i k a aa r a <wb> th a aa
hindi_female_005394|sh a aa kh a aa <wb> n a ee <wb> z a u l a m a <wb> dxh a h a aa n a ee <wb> k a ee <wb> l a i y a ee <wb> i s a <wb> d a u dh a m a u q h a ii <wb> k a o <wb> i s a k a ee <wb> h a w a aa l a ee <wb> k a ei s a ee <wb> k a r a <wb> d a i y a aa
hindi_female_005395|l a ee k a i n a <wb> y a h a <wb> ee k a <wb> n a ei t a i k a t a aa <wb> h a ei <wb> m a n a u sx a y a <wb> m a ee q <wb> n a h a ii q <wb> j a aa n a <wb> w a r a o q <wb> t a k a <wb> m a ee q <wb> k a i <wb> w a ee <wb> a p a n a ee <wb> n a w a j a aa t a <wb> b a c a c a ee <wb> k a ee <wb> l a i y a ee <wb> u d a aa r a <wb> sh a u bh a ee c a ch a u <wb> ou r a <wb> p a aa l a n a h a aa r a <wb> h a o t a ee <wb> h a ei q
hindi_female_005413|gh a r a <wb> m a ee q <wb> h a r a <wb> j a g a h a <wb> m a u n a n a ii <wb> k a aa <wb> a s a t a i t a w a <wb> b a i kh a r a aa <wb> p a dx a aa <wb> th a aa <wb> ch a o tx a ee <wb> ch a o tx a ee <wb> r a q g a <wb> b a i r a q g a ee <wb> c a k a <wb> j a uu t a ee <wb> m a o z a ee <wb> kh a i l a ou n a ee <wb> s a k a uu l a <wb> b a ei g a <wb> ou r a <wb> k a i t a aa b a ee q
hindi_female_005414|a b a <wb> m a u n a n a ii <wb> k a ee <wb> b a i n a aa <wb> j a ei s a ee <wb> u s a k a ee <wb> p a aa s a <wb> k a o ii <wb> w a y a <wb> w a s a th a aa <wb> n a h a ii q <wb> b a c a ii
hindi_female_005416|sh a aa kh a aa <wb> p a aa g a l a o q <wb> k a ii <wb> t a r a h a <wb> p a aa mq c a <wb> g a u dx a i y a o q <wb> k a o <wb> b a aa r a ii <wb> b a aa r a ii <wb> s a ee <wb> b a i l a kh a <wb> b a i l a kh a <wb> k a r a <wb> a p a n a ee <wb> s a ii n a ee <wb> s a ee <wb> c a i p a k a aa <wb> r a h a ii <wb> th a ii <wb> c a uu m a <wb> r a h a ii <wb> th a ii <wb> ou r a <wb> aa t a m a aa l a aa p a <wb> k a r a <wb> r a h a ii <wb> th a ii
hindi_female_005418|sh a aa kh a aa <wb> n a ee <wb> a p a n a ii <wb> a j a n a m a ii <wb> b a c a c a i y a o q <wb> k a o <wb> bh a ii <wb> a p a n a ii <wb> g a i n a t a ii <wb> ou r a <wb> s a m a rq t a i <wb> s a ee <wb> a l a g a <wb> n a h a ii q <wb> k a i y a aa <wb> ou r a <wb> a p a n a ee <wb> w a j a uu d a <wb> m a ee q <wb> u n a h a ee q <wb> sh a aa m a i l a <wb> r a kh a aa
hindi_female_005421|m a ei q <wb> a bh a ii <wb> a bh a ii <wb> j a h a aa q <wb> s a ee <wb> g a u z a r a aa <wb> h a uu mq <wb> w a h a aa q <wb> m a u jh a ee <wb> ee k a <wb> a j a ii b a <wb> s a ii <wb> d a u r a g a q dh a <wb> k a aa <wb> ee h a s a aa s a <wb> h a u aa <wb> s a c a <wb> m a ee q <wb> m a u jh a ee <wb> a p a n a ii <wb> n a aa k a <wb> bh a ou q <wb> s a i k a o dxq a <wb> l a ee n a ii <wb> p a dxq a ii <wb> th a ii <wb> w a h a aa q
hindi_female_005422|i s a <wb> b a aa t a <wb> k a ee <wb> l a i y a ee <wb> m a u jh a ee <wb> a w a sh a y a <wb> h a ii <wb> k a m a ee tx a ii <wb> w a aa l a o q <wb> s a ee <wb> sh a i k a aa y a t a <wb> k a r a n a ii <wb> h a o g a ii <wb> l a ee k a i n a <wb> y a h a <wb> k a l a o n a ii <wb> t a o <wb> b a i l a k a u l a <wb> n a y a ii <wb> n a y a ii <wb> b a n a ii <wb> h a ei
hindi_female_005423|j a g a h a <wb> j a g a h a <wb> p a r a <wb> k a uu dxq a aa <wb> k a c a r a aa <wb> ph a ee q k a n a ee <wb> k a ee <wb> l a i y a ee <wb> dx a r a m a <wb> l a g a ee <wb> h a u ee <wb> h a ei q
hindi_female_005426|m a u jh a ee <wb> w a aa p a i s a <wb> c a l a <wb> k a r a <wb> d a ee kh a n a aa <wb> c a aa h a i ee <wb> l a ee k a i n a <wb> y a h a <wb> k a y a aa <wb> m a ei q <wb> t a o <wb> y a ee <wb> s a b a <wb> s a o c a t a aa <wb> s a o c a t a aa <wb> i t a n a ii <wb> d a uu r a <wb> n a i k a l a <wb> aa y a aa <wb> h a uu q
hindi_female_005431|y a h a aa q <wb> m a ee r a ii <wb> j a aa n a <wb> p a h a c a aa n a <wb> k a aa <wb> bh a ii <wb> t a o <wb> k a o ii <wb> n a h a ii q <wb> h a ei
hindi_female_005433|h a m a aa r a aa <wb> gh a r a <wb> i s a <wb> k a l a o n a ii <wb> s a ee <wb> th a o dxq a ii <wb> d a uu r a <wb> h a ii <wb> h a ei <wb> l a ee k a i n a <wb> l a aa j a w a n a t a ii <wb> k a ee <wb> t a n a d a uu r a <wb> k a ii <wb> w a j a h a <wb> s a ee <wb> h a m a aa r a aa <wb> i s a <wb> k a l a o n a ii <wb> s a ee <wb> k a u ch a <wb> s a m a b a n a dh a <wb> s a aa <wb> h a o <wb> g a y a aa <wb> h a ei
hindi_female_005435|sh a ee h a r a o q <wb> m a ee q <wb> t a o <wb> j a h a aa q <wb> t a h a aa q <wb> g a l a ii <wb> m a o h a l a l a o q <wb> m a ee q <wb> t a n a d a uu r a <wb> m a i l a <wb> h a ii <wb> j a aa t a ee <wb> h a ei q
hindi_female_005439|y a ee <wb> b a dxq a ee <wb> l a o g a o q <wb> k a ii <wb> b a aa t a ee q <wb> s a u n a n a aa <wb> m a ee r a ee <wb> k a o <wb> p a s a n a d a <wb> n a h a ii q <wb> w a h a aa q <wb> p a r a <wb> j a o <wb> s a u n a t a ii <wb> h a o <wb> w a h a ii q <wb> ch a o dxq a <wb> aa y a aa <wb> k a r a o <wb> n a h a ii q <wb> t a o <wb> u s a <wb> k a l a o n a ii <wb> m a ee q <wb> j a aa n a aa <wb> b a q d a <wb> k a r a <wb> d a o
hindi_female_005440|h a m a <wb> j a ei s a ee <wb> bh a ii <wb> h a ei q <wb> a c a ch a ee <wb> h a ei q <wb> m a ei n a ee <wb> s a w a y a q <wb> k a o <wb> k a txh a o r a <wb> b a n a aa t a ee <wb> h a u ee <wb> k a h a aa <wb> th a aa <wb> p a t a n a ii <wb> m a u mq h a <wb> b a i c a k a aa <wb> k a r a <wb> r a h a <wb> g a ii <wb> th a ii
hindi_female_005441|a g a l a ee <wb> r a o z a <wb> kh a aa n a aa <wb> kh a aa t a ii <wb> h a u ii <wb> w a h a <wb> b a o l a ii <wb> ee k a <wb> b a aa t a <wb> k a h a uu mq <wb> j a ii <wb> k a y a aa <wb> r a o tx a ii <wb> k a aa <wb> k a o r a <wb> m a u mq h a <wb> m a ee q <wb> dx a aa l a t a ee <wb> h a u ee <wb> m a ei q <wb> r a uu k a <wb> g a y a aa <wb> th a aa
hindi_female_005445|c a ee h a r a ee <wb> p a r a <wb> g a m a bh a ii r a t a aa <wb> l a aa t a ii <wb> b a o l a ii <wb> p a uu r a ii <wb> b a aa t a <wb> t a o <wb> s a u n a ii <wb> h a o t a ii
hindi_female_005446|a c a ch a ee <wb> bh a l a ee <wb> gh a r a <wb> s a ee <wb> n a aa t a aa <wb> r a kh a t a ii <wb> th a ii <wb> w a h a <wb> t a o <wb> l a ee k a i n a <wb> p a t a i <wb> n a ee <wb> dh a k a k a ee <wb> m a aa r a <wb> k a r a <wb> gh a r a <wb> s a ee <wb> n a i k a aa l a <wb> d a i y a aa <wb> b a ee c a aa r a ii <wb> k a o
hindi_female_005449|k a i s a ii <wb> p a r a <wb> b a o jh a <wb> n a h a ii q <wb> b a n a n a aa <wb> c a aa h a t a ii <wb> th a ii <wb> m a i s a ee s a <wb> sh a r a m a aa <wb> n a ee <wb> s a u jh a aa w a <wb> d a i y a aa <wb> t a n a d a uu r a <wb> l a g a aa <wb> l a i y a aa
hindi_female_005455|m a u jh a ee <wb> k a u ch a <wb> n a h a ii q <wb> k a h a aa <wb> l a aa j a w a n a t a ii <wb> s a ee <wb> k a ee h a <wb> r a h a ee <wb> th a ee
hindi_female_005457|a g a l a ee <wb> r a o z a <wb> ax ph a i s a <wb> s a ee <wb> l a ou tx a t a ee <wb> h a ii <wb> m a ei q n a ee <wb> kh a u d a <wb> h a ii <wb> p a uu ch a <wb> l a i y a aa <wb> l a aa j a w a n a t a ii <wb> k a aa <wb> k a y a aa <wb> h a aa l a <wb> h a ei <wb> p a t a n a ii <wb> r a o tx a ii <wb> l a g a aa <wb> r a h a ii <wb> th a ii
hindi_female_005474|m a ei q <wb> j a dxq a <wb> s a aa <wb> b a n a aa <wb> p a t a n a ii <wb> k a ee <wb> c a ee h a r a ee <wb> k a ii <wb> o r a <wb> d a ee kh a <wb> r a h a aa <wb> th a aa <wb> w a h a <wb> h a ii <wb> b a o l a ii <wb> c a aa r a <wb> gh a q tx a ee <wb> b a aa d a <wb> dh a k a k a ee <wb> m a aa r a k a r a <wb> b a aa h a r a <wb> n a i k a aa l a <wb> d a i y a aa
hindi_female_005476|m a ee r a ee <wb> gh a r a <wb> k a ee <wb> b a aa h a r a <wb> i t a n a ii <wb> bh a ii dxq a <wb> ou r a <wb> y a ee <wb> p a u l a i s a <wb> k a ii <wb> j a ii p a <wb> k a y a o q <wb> h a ei
hindi_female_005521|s a b a <wb> d a aa n a <wb> d a h a ee j a <wb> s a m a ee tx a k a r a <wb> t a u m a <wb> y a h a aa q <wb> aa ii <wb> ou r a <wb> c a aa l a ii s a <wb> d a i n a <wb> m a ee r a ii <wb> i n a <wb> d a o n a o q <wb> k a ii <wb> ou r a <wb> m a ee r a ee <wb> s a s a u r a aa l a <wb> w a aa l a o q <wb> k a ii <wb> s a ee w a aa <wb> tx a h a l a <wb> k a r a k a ee <wb> l a ou tx a <wb> g a ii q
hindi_female_005548|c a aa y a <wb> k a aa <wb> p a y a aa l a aa <wb> u txh a aa <wb> k a r a <wb> p a h a l a aa <wb> gh a uu q tx a <wb> l a ee t a ee <wb> h a u ee <wb> u s a ii <wb> n a ee <wb> b a aa t a <wb> sh a u r a uu <wb> k a ii <wb> th a ii
hindi_female_005552|i t a n a aa <wb> k a h a t a ee <wb> h a u ee <wb> r a o h a i t a <wb> a p a n a ii <wb> j a g a h a <wb> s a ee <wb> u txh a <wb> g a ee <wb> th a ee
hindi_female_005578|i s a <wb> aa kh a i r a ii <wb> m a u l a aa k a aa t a <wb> k a ee <wb> b a aa d a <wb> a g a l a ee <wb> s a aa t a <wb> s a aa l a o q <wb> t a k a <wb> u n a k a ee <wb> b a ii c a <wb> k a o ii <wb> s a m a p a r a k a <wb> n a h a ii q <wb> r a h a aa
hindi_female_005585|j a o <wb> k a u ch a <wb> w a h a <wb> a p a n a ee <wb> p a t a r a o q <wb> m a ee q <wb> b a y a aa n a <wb> k a r a <wb> c a u k a ii <wb> th a ii <wb> k a y a aa <wb> u s a ee <wb> ph a i r a <wb> s a ee <wb> d a o h a r a aa n a ee <wb> y a aa <wb> u s a ee <wb> ou r a <wb> kh a o l a k a r a <wb> s a m a jh a aa n a ee <wb> k a ii <wb> aa w a sh a y a k a t a aa
hindi_female_005605|bh a ii <wb> l a o g a <wb> t a o <wb> i s a <wb> p a r a <wb> w a i sh a w a aa s a <wb> bh a ii <wb> k a r a t a ee <wb> h a ei q <wb> y a ee <wb> w a i sh a w a aa s a <wb> t a o <wb> w a y a k a t a i g a t a <wb> h a ei
hindi_female_005703|i s a k a ee <wb> b a aa d a <wb> u s a n a ee <wb> ee k a <wb> sh a l a o k a <wb> l a i kh a k a r a <wb> a p a n a ee <wb> p a i t a aa <wb> k a ee <wb> d a w a aa r a aa <wb> k a q txh a s a th a <wb> k a r a w a aa y a aa
hindi_female_005853|s a n a <wb> m a ee q <wb> s a n a aa t a k a <wb> b a n a n a ee <wb> k a ee <wb> b a aa d a <wb> i q g a l a ei nx a dx a <wb> m a ee q <wb> k a aa n a uu n a <wb> k a ii <wb> sh a i k a sx a aa <wb> k a ee <wb> l a i ee <wb> w a ee <wb> c a u n a ee <wb> g a y a ee
hindi_female_005892|u s a k a aa <wb> s a u h a aa g a <wb> sh a aa sh a w a t a <wb> h a o <wb> i s a k a aa <wb> u s a n a ee <wb> d a ee w a ii <wb> s a ee <wb> w a r a d a aa n a <wb> p a aa y a aa <wb> th a aa
hindi_female_006348|m a h a i l a aa <wb> k a aa <wb> a q t a <wb> j a o <wb> th a aa <wb> w a h a <wb> u n a k a ee <wb> s a aa m a n a ee <wb> th a aa <wb> aa d a i <wb> ou r a <wb> m a dh a y a <wb> k a ei s a aa <wb> r a h a aa <wb> h a o g a aa <wb> j a h a aa mq <wb> t a k a <wb> k a o ii <wb> n a h a ii q <wb> th a aa
hindi_female_006407|ou r a <wb> k a bh a ii <wb> k a bh a ii <wb> h a m a ee q <wb> s a p a n a o q <wb> k a i <wb> d a u n a i y a aa <wb> m a ee q <wb> bh a ii <wb> l a ee <wb> j a aa t a ee <wb> th a ee <wb> j a i n a h a ee q <wb> h a m a <wb> aa j a <wb> bh a ii <wb> y a aa d a <wb> k a r a k a ee <wb> p a r a s a n a n a <wb> h a o <wb> j a aa t a ee <wb> h a ei q
hindi_female_006412|s a bh a aa <wb> m a ee q <wb> t a y a <wb> h a o n a aa <wb> th a aa <wb> k a i <wb> u n a k a aa <wb> r a aa j a aa <wb> k a ou n a <wb> b a n a ee g a aa
hindi_female_006433|w a h a <wb> a h a q k a aa r a <wb> w a sh a <wb> a p a n a aa <wb> g a u nx a g a aa n a <wb> kh a u d a <wb> k a r a <wb> r a h a aa <wb> th a aa
hindi_female_006435|y a h a <wb> t a o <wb> h a m a aa r a ee <wb> s a m a aa j a <wb> k a aa <wb> s a ou bh a aa g a y a <wb> h a ei
hindi_female_006437|aa j a <wb> j a o <wb> k a h a aa n a ii <wb> m a ei q <wb> l a i kh a n a ee <wb> j a aa <wb> r a h a aa <wb> h a uu mq <wb> w a o <wb> b a i l a k a u l a <wb> s a t a y a <wb> h a ei
hindi_female_006439|ee k a <wb> p a r a i w a aa r a <wb> th a aa <wb> j a i s a m a ee q <wb> p a t a i <wb> p a t a n a ii <wb> ou r a <wb> u n a k a ee <wb> t a ii n a <wb> b a c a c a ee <wb> th a ee
hindi_female_006450|j a ei s a ee <wb> u s a k a o <wb> k a u ch a <wb> h a u aa <wb> h a ii <wb> n a h a ii q <wb> th a aa <wb> ee k a <wb> aa m a <wb> aa d a m a ii <wb> k a ii <wb> t a r a h a <wb> a p a n a ii <wb> z a i n a d a g a ii <wb> w a y a t a ii t a <wb> k a r a <wb> r a h a aa <wb> th a aa
hindi_female_006451|u s a k a ii <wb> b a ee tx a ii <wb> k a ii <wb> sh a aa d a ii <wb> t a o <wb> p a h a l a ee <wb> h a ii <wb> h a o <wb> c a u k a ii <wb> th a ii <wb> a b a <wb> u s a n a ee <wb> a p a n a ee <wb> p a h a l a ee <wb> b a ee tx a ee <wb> k a ii <wb> bh a ii <wb> sh a aa d a ii <wb> k a r a <wb> d a ii
hindi_female_006452|dh a ii r a ee <wb> dh a ii r a ee <wb> w a kq a t a <wb> b a ii t a t a aa <wb> g a y a aa <wb> ou r a <wb> s a aa l a <wb> b a ii t a <wb> g a ee
hindi_female_006458|u s a n a ee <wb> a p a n a ee <wb> ch a o tx a ee <wb> b a c a c a ee <wb> k a ii <wb> bh a ii <wb> sh a aa d a ii <wb> k a r a <wb> d a ii <wb> p a r a <wb> u s a k a ii <wb> h a aa l a t a <wb> dh a ii r a ee <wb> dh a ii r a ee <wb> ou r a <wb> khq a r a aa b a <wb> h a o t a ii <wb> c a l a ii <wb> g a ii
hindi_female_006469|gh a r a w a aa l a o q <wb> n a ee <wb> bh a ii <wb> u n a k a o <wb> j a o sh a <wb> n a ii <wb> u m a m a ii d a <wb> d a i l a aa n a ee <wb> k a ii <wb> b a h a u t a <wb> k a o sh a i sh a <wb> k a ii
hindi_female_006476|l a ee k a i n a <wb> m a ee r a ee <wb> p a aa s a <wb> sh a b a d a <wb> n a h a ii q <wb> h a ei <wb> u s a <wb> w a kq a t a <wb> k a o <wb> b a y a aa n a <wb> k a r a n a ee <wb> k a ee <wb> l a i ee
hindi_female_006477|p a r a <wb> m a aa n a o <wb> w a o <wb> m a q t a r a <wb> j a ei s a ee <wb> u n a k a ee <wb> p a r a i w a aa r a <wb> w a aa l a o q <wb> k a o <wb> sh a k a t a i <wb> d a ee <wb> r a h a aa <wb> h a o
hindi_female_006479|w a o <wb> j a aa n a t a aa <wb> th a aa <wb> k a ii <wb> k a i s a ii <wb> n a aa <wb> k a i s a ii <wb> k a o <wb> h a i m a m a t a <wb> k a r a n a ii <wb> h a o g a ii <wb> t a aa k a i <wb> u n a k a ii <wb> a q t a i m a <wb> y a aa t a r a aa <wb> h a o <wb> s a k a ee
hindi_female_006485|u n a k a ee <wb> j a aa n a ee <wb> k a ee <wb> b a aa d a <wb> m a aa n a o <wb> s a bh a ii <wb> p a r a i w a aa r a <wb> w a aa l a o q <wb> k a ii <wb> bh a ii <wb> j a ii n a ee <wb> k a ii <wb> c a aa h a <wb> n a h a ii q <wb> r a h a ii <wb> th a ii
hindi_female_006489|y a ee <wb> b a aa t a <wb> w a o <wb> bh a ii <wb> j a aa n a t a ee <wb> h a ei q <wb> j a o <wb> j a aa t a aa <wb> h a ei <wb> w a o <wb> w a aa p a s a <wb> k a bh a ii <wb> n a h a ii q <wb> aa t a aa
hindi_female_006496|a p a n a ii <wb> j a ii n a ee <wb> k a ii <wb> c a aa h a <wb> k a o <wb> k a bh a ii <wb> k a m a <wb> n a h a ii q <wb> k a r a n a aa <wb> c a aa h a i ee <wb> ou r a <wb> a g a r a <wb> aa p a <wb> ei s a aa <wb> k a r a t a ee <wb> h a ei q <wb> t a o <wb> aa p a <wb> kh a u d a <wb> m a h a s a uu s a <wb> k a r a ee q g a ee <wb> k a ii <wb> aa p a <wb> a p a n a ii <wb> b a ii m a aa r a ii <wb> s a ee <wb> txh a ii k a <wb> h a o <wb> r a h a ee <wb> h a ei q
hindi_female_006498|w a h a <wb> bh a ii <wb> a p a n a ee <wb> p a i t a aa <wb> k a ee <wb> s a m a aa n a <wb> b a u d a dh a i m a aa n a <wb> t a th a aa <wb> c a t a u r a <wb> th a ii
hindi_female_006500|m a h a l a <wb> m a ee q <wb> j a aa k a r a <wb> u s a n a ee <wb> s a bh a ii <wb> k a k a sx a <wb> t a th a aa <wb> sh a aa h a ii <wb> u d a y a aa n a <wb> d a ee kh a ee
hindi_female_006502|u s a <wb> s a m a y a <wb> b a aa d a sh a aa h a <wb> d a r a b a aa r a <wb> m a ee q <wb> b a ei txh a ee <wb> th a ee
hindi_female_006506|ou r a <wb> y a h a <wb> j a w a aa b a <wb> s a u n a k a r a <wb> b a aa d a sh a aa h a <wb> h a ei r a aa n a <wb> h a o <wb> g a ee
hindi_female_006508|i s a l a i ee <wb> u n a h a o q n a ee <wb> u s a s a ee <wb> p a uu ch a aa <wb> t a u m a <wb> k a y a aa <wb> k a h a n a aa <wb> c a aa h a t a ii <wb> h a o <wb> b a ee tx a ii
hindi_female_006517|s a aa dh a u <wb> n a ee <wb> g a aa y a <wb> l a ee <wb> l a ii <wb> ou r a <wb> aa g a ee <wb> c a l a <wb> p a dxq a ee
hindi_female_006520|w a y a aa p a aa r a ii <wb> n a ee <wb> s a aa dh a u <wb> k a o <wb> a p a n a aa <wb> p a r a i c a y a <wb> d a i y a aa
hindi_female_006521|ph a i r a <wb> u t a s a u k a t a aa w a sh a <wb> p a uu ch a <wb> b a ei txh a aa <wb> y a h a <wb> g a aa y a <wb> l a ee k a r a <wb> aa p a <wb> t a ii r a th a <wb> y a aa t a r a aa <wb> k a ee <wb> l a i ee <wb> k a y a o q <wb> n a i k a l a ee <wb> h a ei
hindi_female_006524|w a y a aa p a aa r a ii <wb> n a ee <wb> d a ee kh a aa <wb> k a ii <wb> g a aa y a <wb> b a h a u t a <wb> s a u n a d a r a <wb> h a ei
hindi_female_006535|s a aa dh a u <wb> u s a <wb> w a y a aa p a aa r a ii <wb> k a ee <wb> m a n a <wb> k a ii <wb> b a aa t a <wb> s a m a jh a <wb> g a ee
hindi_female_006536|t a u m a <wb> bh a ii <wb> i s a <wb> g a aa y a <wb> k a o <wb> p a r a aa p a t a <wb> k a r a n a ee <wb> k a ee <wb> a dh a i k a aa r a ii <wb> b a n a <wb> s a k a t a ee <wb> h a o <wb> l a ee k a i n a <wb> u s a s a ee <wb> p a h a l a ee <wb> ee k a <wb> k a aa m a <wb> k a r a n a aa <wb> h a o g a aa
hindi_female_006552|a b a <wb> t a o <wb> i s a <wb> s a ii kh a <wb> k a o <wb> p a r a aa p a t a <wb> k a r a k a ee <wb> s a q t a o sx a <wb> k a r a o
hindi_female_006560|d a o n a o q <wb> k a aa <wb> b a c a p a n a <wb> t a o <wb> kh a ee l a <wb> k a uu d a <wb> m a ee q <wb> b a ii t a <wb> g a y a aa
hindi_female_006561|l a ee k a i n a <wb> k a i sh a o r a <wb> h a o t a ee <wb> h a ii <wb> d a o n a o q <wb> a p a n a ee <wb> a p a n a ee <wb> m a n a <wb> k a ii <wb> k a r a n a ee <wb> l a g a ee
hindi_female_006573|d a o n a o q <wb> b a ee tx a ee <wb> aa j a nj a aa <wb> m a aa n a n a ee <wb> k a ee <wb> l a i ee <wb> t a ei y a aa r a <wb> h a o <wb> g a ee
hindi_female_006575|j a b a <wb> t a k a <wb> m a ei q <wb> t a u m a s a ee <wb> aa n a ee <wb> k a ee <wb> l a i ee <wb> n a aa <wb> k a h a uu mq <wb> t a b a <wb> t a k a <wb> ei s a ee <wb> h a ii <wb> r a h a n a aa
hindi_female_006576|i t a n a aa <wb> k a h a k a r a <wb> m a aa mq <wb> n a ee <wb> a q t a i m a <wb> s a aa mq s a <wb> l a ee <wb> l a ii
hindi_female_006583|y a ee <wb> m a h a t a w a p a uu r a nx a <wb> d a r a sh a n a ii y a <wb> s a th a l a <wb> bh a ii <wb> h a ei q
hindi_female_006644|b a s a <wb> y a h a ii <wb> c a aa h a t a ee <wb> th a ee <wb> k a ii <wb> k a i s a ii <wb> t a r a h a <wb> j a l a d a ii <wb> s a ee <wb> j a l a d a ii <wb> a p a n a ee <wb> gh a r a <wb> p a h a u mq c a <wb> j a aa y a ee q
hindi_female_006647|w a h a <wb> w a y a aa p a aa r a ii <wb> k a i s a ii <wb> m a ee l a ee <wb> m a ee q <wb> j a aa <wb> r a h a aa <wb> th a aa
hindi_female_006662|w a h a <wb> b a o l a aa <wb> aa p a <wb> m a ee r a ee <wb> p a i t a aa <wb> s a m a aa n a <wb> h a ei <wb> m a u jh a ee <wb> k a u ch a <wb> kh a aa n a ee <wb> k a o <wb> d a ee
hindi_female_006663|w a y a aa p a aa r a ii <wb> n a ee <wb> s a o c a aa <wb> k a i <wb> y a h a <wb> m a u jh a ee <wb> a p a n a ee <wb> p a i t a aa <wb> j a ei s a aa <wb> aa d a r a <wb> d a ee <wb> r a h a aa <wb> h a ei
hindi_female_006670|ph a i r a <wb> y a h a <wb> m a i t a r a <wb> t a o <wb> m a u s a ii b a t a <wb> m a ee q <wb> h a ei <wb> i s a k a ii <wb> m a d a d a <wb> k a r a n a ii <wb> c a aa h a i ee
hindi_female_006683|ee k a <wb> d a i n a <wb> ee k a <wb> sh a i sx a y a <wb> k a o <wb> bh a ee j a <wb> k a r a <wb> u n a h a o q n a ee <wb> u s a ee <wb> b a u l a aa y a aa <wb> ou r a <wb> k a h a aa <wb> bh a aa ii <wb> t a u m a <wb> t a o <wb> b a h a u t a <wb> a c a ch a aa <wb> g a aa t a ee <wb> h a o
hindi_female_006687|r a u p a y a ee <wb> p a aa <wb> k a r a <wb> j a uu t a ee <wb> w a aa l a aa <wb> b a h a u t a <wb> kh a u sh a <wb> h a u aa
hindi_female_006691|k a aa m a <wb> m a ee q <wb> l a aa p a r a w a aa h a ii <wb> k a ee <wb> k a aa r a nx a <wb> u s a k a ee <wb> g a r a aa h a k a <wb> bh a ii <wb> u s a <wb> p a r a <wb> g a u s a s a aa <wb> k a r a n a ee <wb> l a g a ee
hindi_female_006695|p a q dx a i t a <wb> j a ii <wb> n a ee <wb> p a uu ch a aa <wb> k a y a o q <wb> k a y a aa <wb> k a i s a ii <wb> n a ee <wb> k a u ch a <wb> k a h a aa <wb> t a u m a s a ee
hindi_female_006697|i s a ii <wb> r a uu p a y a ee <wb> n a ee <wb> m a ee r a aa <wb> j a ii n a aa <wb> h a r a aa m a <wb> k a r a <wb> d a i y a aa
hindi_female_006699|m a ei q <wb> s a m a jh a <wb> g a y a aa <wb> k a i <wb> a p a n a ii <wb> m a ee h a n a t a <wb> k a ii <wb> k a m a aa ii <wb> m a ee q <wb> j a o <wb> s a u kh a <wb> h a ei <wb> w a h a <wb> p a r a aa y a ee <wb> dh a n a <wb> m a ee q <wb> n a h a ii q <wb> h a ei
hindi_female_006702|ee k a <wb> b a aa r a <wb> k a aa sh a ii <wb> n a r a ee sh a <wb> n a ee <wb> m a ee r a txh a <wb> p a r a <wb> aa k a r a m a nx a <wb> k a r a k a ee <wb> u s a <wb> p a r a <wb> a dh a i k a aa r a <wb> k a r a <wb> l a i y a aa
hindi_female_006704|m a ee r a txh a <wb> k a ii <wb> p a r a j a aa <wb> a p a n a ee <wb> r a aa j a aa <wb> k a ee <wb> j a aa n a ee <wb> s a ee <wb> a t a y a q t a <wb> d a u kh a ii <wb> th a ii <wb> ou r a <wb> u n a h a ee q <wb> h a m a ee sh a aa <wb> y a aa d a <wb> k a r a t a ii <wb> r a h a t a ii <wb> th a ii
hindi_female_006707|i s a <wb> gh a o sx a nx a aa <wb> k a aa <wb> p a r a j a aa <wb> p a r a <wb> k a o ii <wb> a s a r a <wb> n a h a ii q <wb> p a dxq a aa
hindi_female_006710|r a aa j a aa <wb> n a ee <wb> u s a k a aa <wb> p a r a i c a y a <wb> p a uu ch a aa <wb> t a o <wb> b a o l a aa <wb> m a ei q <wb> b a h a u t a <wb> b a dxq a aa <wb> w a y a aa p a aa r a ii <wb> th a aa
hindi_female_006715|u n a h a ee q <wb> k a aa sh a ii <wb> n a r a ee sh a <wb> k a i <wb> gh a o sx a nx a aa <wb> k a aa <wb> p a t a aa <wb> c a l a <wb> g a y a aa <wb> th a aa <wb> i s a l a i ee <wb> u n a h a o q n a ee <wb> i s a <wb> w a y a k a t a i <wb> k a ii <wb> s a h a aa y a t a aa <wb> k a ii <wb> ee k a <wb> y a o j a n a aa <wb> b a n a aa ii
hindi_female_006716|w a h a <wb> u s a ee <wb> l a ee k a r a <wb> m a ee r a txh a <wb> p a h a u mq c a ee <wb> ou r a <wb> w a h a aa mq <wb> k a aa sh a ii <wb> n a r a ee sh a <wb> s a ee <wb> b a o l a ee <wb> m a ei q <wb> m a ee r a txh a <wb> k a aa <wb> r a aa j a aa <wb> t a u m a h a aa r a ee <wb> s a aa m a n a ee <wb> h a uu mq
hindi_female_006720|y a h a <wb> k a h a k a r a <wb> u n a h a o q n a ee <wb> m a ee r a txh a <wb> k a ee <wb> r a aa j a aa <wb> k a aa <wb> h a aa th a <wb> p a k a dxq a k a r a <wb> u n a h a ee q <wb> s a i q h a aa s a n a <wb> p a r a <wb> b a i txh a aa <wb> d a i y a aa <wb> ou r a <wb> w a h a aa mq <wb> s a ee <wb> c a l a ee <wb> g a ee
hindi_female_006734|u s a k a ee <wb> s a aa th a i y a o q <wb> n a ee <wb> s a m a jh a aa y a aa <wb> k a i <wb> s a m a u d a r a <wb> b a h a u t a <wb> w a i sh a aa l a <wb> h a ei
hindi_female_006739|u n a m a ee q <wb> b a dxq a ee <wb> b a dxq a ee <wb> r a s a ii l a ee <wb> ou r a <wb> m a ii txh a ee <wb> aa m a <wb> l a g a ee <wb> h a u ee <wb> th a ee
hindi_female_006744|l a ee k a i n a <wb> w a h a <wb> s a th a l a <wb> h a m a aa r a ii <wb> s a ii m a aa <wb> s a ee <wb> b a aa h a r a <wb> h a ei
hindi_female_006751|y a aa t a r a aa <wb> l a m a b a ii <wb> th a ii <wb> ou r a <wb> b a o jh a <wb> a dh a i k a <wb> th a aa
hindi_female_006755|s a m a u d a r a <wb> p a aa r a <wb> s a ee <wb> u s a k a ee <wb> s a aa th a i y a o q <wb> n a ee <wb> u s a ee <wb> i s a <wb> t a r a h a <wb> u dxq a t a ee <wb> d a ee kh a aa <wb> t a o <wb> p a r a ee sh a aa n a <wb> h a o n a ee <wb> l a g a ee
hindi_female_006759|ee k a <wb> b a aa r a <wb> b a aa d a sh a aa h a <wb> a k a b a r a <wb> k a i <wb> s a b a s a ee <wb> p a r a i y a <wb> p a t a n a ii <wb> n a ee <wb> b a aa d a sh a aa h a <wb> s a ee <wb> m a i l a n a ee <wb> k a ee <wb> l a i ee <wb> a p a n a aa <wb> s a q d a ee sh a <wb> bh a ee j a aa
hindi_female_006761|i s a l a i y a ee <wb> w a h a <wb> s a q d a ee sh a <wb> l a ee k a r a <wb> d a r a b a aa r a <wb> m a ee q <wb> h a ii <wb> p a h a u mq c a <wb> g a y a aa
hindi_female_006762|b a aa d a sh a aa h a <wb> n a ee <wb> s a o c a aa <wb> k a i <wb> m a ei q <wb> k a aa r a y a <wb> s a m a aa p a t a <wb> k a r a k a ee <wb> h a ii <wb> j a aa uu mq g a aa
hindi_female_006768|m a u jh a <wb> p a r a <wb> i s a <wb> p a r a k a aa r a <wb> h a mq s a n a ee <wb> k a ii <wb> t a u m a h a aa r a ii <wb> h a i m a m a t a <wb> k a ei s a ee <wb> h a u ii
hindi_female_006775|b a aa d a sh a aa h a <wb> a k a b a r a <wb> bh a ii <wb> c a i q t a i t a <wb> h a o <wb> u txh a ee
hindi_female_006779|ee k a <wb> sh a aa m a <wb> b a aa d a sh a aa h a <wb> a k a b a r a <wb> m a h a l a <wb> k a ii <wb> kh a i dxq a k a ii <wb> s a ee <wb> b a aa h a r a <wb> d a ee kh a <wb> r a h a ee <wb> th a ee
hindi_female_006784|m a ee r a ee <wb> p a aa s a <wb> a n a y a <wb> k a o ii <wb> w a i k a l a p a <wb> n a h a ii q <wb> th a aa
hindi_female_006785|m a ei q <wb> d a uu s a r a ee <wb> d a ee sh a <wb> m a ee q <wb> g a y a aa <wb> ou r a <wb> w a h a aa mq <wb> s a ee <wb> k a u ch a <wb> m a i tx a tx a ii <wb> l a ee k a r a <wb> aa y a aa <wb> h a uu mq
hindi_female_006799|s a bh a ii <wb> i n a s a aa n a <wb> ii sh a w a r a <wb> y a aa <wb> kh a u d a aa <wb> k a ii <wb> h a ii <wb> s a q t a aa n a <wb> h a ei <wb> a t a <wb> k a i s a ii <wb> p a r a <wb> a t a y a aa c a aa r a <wb> m a t a <wb> k a r a o
hindi_female_006808|b a i n a aa <wb> k a i s a ii <wb> jh a g a dxq a ee <wb> y a aa <wb> w a i w a aa d a <wb> k a ee <wb> h a ii <wb> w a i r a o dh a ii <wb> u n a k a ii <wb> b a aa t a <wb> k a aa <wb> l a o h a aa <wb> m a aa n a <wb> l a ee t a ee <wb> th a ee
hindi_female_006813|i s a <wb> t a r a h a <wb> k a ee <wb> k a ii <wb> p a r a s a q g a <wb> h a ei <wb> j a b a <wb> g a u r a u <wb> n a aa n a k a <wb> n a ee <wb> b a dxq a ii <wb> m a aa s a uu m a i y a t a <wb> s a ee <wb> ei s a ii <wb> b a aa t a <wb> k a h a <wb> d a ii
hindi_female_006816|y a h a <wb> t a o <wb> u n a k a ee <wb> i s a <wb> j a ii w a n a <wb> bh a r a <wb> c a l a n a ee <wb> w a aa l a ee <wb> a bh a i y a aa n a <wb> k a aa <wb> ee k a <wb> h a i s a s a aa <wb> th a aa
hindi_female_006821|s a c a c a aa <wb> dh a r a m a <wb> u t a n a aa <wb> h a ii <wb> s a r a l a <wb> h a ei <wb> j a i t a n a aa <wb> w a h a <wb> g a h a r a aa <wb> h a ei
hindi_female_006829|h a aa l a t a <wb> y a ee <wb> h a u ii <wb> k a i <wb> m a q t a r a ii <wb> j a ii <wb> k a o <wb> b a ei txh a k a <wb> ch a o dxq a k a r a <wb> gh a r a <wb> l a ou tx a n a aa <wb> p a dxq a aa
hindi_female_006830|dx a k a tx a r a o q <wb> k a o <wb> b a u l a aa y a aa <wb> g a y a aa <wb> t a o <wb> p a t a aa <wb> c a l a aa <wb> k a i <wb> m a ee dx a i k a l a <wb> s a tx a o r a <wb> k a ee <wb> d a u k a aa n a d a aa r a <wb> n a ee <wb> gq a l a t a <wb> d a w a aa <wb> d a ee <wb> d a ii <wb> h a ei
hindi_female_006837|h a m a n a ee <wb> i s a <wb> b a aa r a ee <wb> m a ee q <wb> m a q t a r a ii <wb> a m a r a <wb> a g a r a w a aa l a <wb> s a ee <wb> bh a ii <wb> s a q p a r a k a <wb> k a r a n a ee <wb> k a ii <wb> k a o sh a i sh a <wb> k a ii
hindi_female_006838|l a ee k a i n a <wb> u n a k a aa <wb> p a k a sx a <wb> h a m a ee q <wb> n a h a ii q <wb> m a i l a <wb> p a aa y a aa
hindi_female_006847|i s a <wb> w a r a sx a <wb> s a r a k a aa r a <wb> n a ee <wb> p a r a ii k a sx a aa <wb> k a ee <wb> d a ou r a aa n a <wb> k a r a aa ii <wb> j a aa n a ee <wb> w a aa l a ii <wb> n a kq a l a <wb> p a r a <wb> a q k a u sh a <wb> l a g a aa n a ee <wb> k a ee <wb> l a i ee <wb> j a u r a m a aa n a aa <wb> ou r a <wb> j a ee l a <wb> k a ii <wb> s a z a aa <wb> k a ii <wb> gh a o sx a nx a aa <wb> k a ii <wb> th a ii
hindi_female_006857|i s a l a aa m a aa b a aa d a <wb> p a u l a i s a <wb> n a ee <wb> b a t a aa y a aa <wb> k a i <wb> m a r a n a ee <wb> w a aa l a o q <wb> m a ee q <wb> ee k a <wb> m a h a i l a aa <wb> ou r a <wb> t a ii n a <wb> b a c a c a ee <wb> sh a aa m a i l a <wb> h a ei q
hindi_female_006865|r a aa w a l a p a i q dx a ii <wb> ou r a <wb> i s a l a aa m a aa b a aa d a <wb> k a ee <wb> b a ii c a <wb> c a l a n a ee <wb> w a aa l a ii <wb> m a ee tx a r a o <wb> b a s a <wb> s a ee w a aa <wb> k a o <wb> bh a ii <wb> k a u ch a <wb> d a ee r a <wb> k a ee <wb> l a i ee <wb> b a q d a <wb> k a r a n a aa <wb> p a dxq a aa
hindi_female_006897|t a b a <wb> a d a aa l a t a <wb> n a ee <wb> n a i s a aa r a <wb> k a o <wb> u m a r a kq a ei d a <wb> k a ii <wb> s a z a aa <wb> s a u n a aa <wb> d a ii
hindi_female_006899|l a ee k a i n a <wb> h a m a ee q <wb> s a u p a r a ii m a <wb> k a o r a tx a <wb> m a ee q <wb> j a aa n a ee <wb> ou r a <wb> k a ee s a <wb> r a d a d a <wb> k a r a aa n a ee <wb> m a ee q <wb> b a aa r a h a <wb> s a aa l a <wb> l a g a <wb> g a ee
hindi_female_006900|n a i s a aa r a <wb> n a ee <wb> k a h a aa <wb> j a b a <wb> m a ei q <wb> j a ee l a <wb> s a ee <wb> b a aa h a r a <wb> aa y a aa <wb> t a o <wb> m a u jh a ee <wb> y a kq a ii n a <wb> n a h a ii q <wb> h a u aa <wb> k a i <wb> m a ei q <wb> ch a uu tx a <wb> g a y a aa <wb> h a uu q
hindi_female_006901|j a b a <wb> l a o g a <wb> j a ee l a <wb> s a ee <wb> b a aa h a r a <wb> aa t a ee <wb> h a ei q <wb> t a b a <wb> u n a h a ee q <wb> khq a u sh a ii <wb> h a o t a ii <wb> h a ei
hindi_female_006905|m a ei q <wb> a p a n a ee <wb> sh a h a r a <wb> m a ee q <wb> h a ii <wb> a j a n a b a ii <wb> j a ei s a aa <wb> m a h a s a uu s a <wb> k a r a <wb> r a h a aa <wb> th a aa
hindi_female_006910|m a ei q <wb> j a b a <wb> b a ii s a <wb> s a aa l a <wb> k a aa <wb> th a aa <wb> j a b a <wb> p a u l a i s a <wb> p a k a dxq a <wb> k a r a <wb> l a ee <wb> g a ii
hindi_female_006917|m a o d a ii <wb> s a aa h a b a <wb> n a ee <wb> g a u j a r a aa t a <wb> m a ee q <wb> b a h a u t a <wb> a c a ch a aa <wb> k a aa m a <wb> k a i y a aa <wb> l a ee k a i n a <wb> g a u j a r a aa t a <wb> ch a o tx a aa <wb> p a r a i w a aa r a <wb> th a aa
hindi_female_006920|i s a l a i ee <wb> m a o d a ii <wb> k a o <wb> s a r a d a aa r a <wb> p a tx a ee l a <wb> b a n a n a aa <wb> h a o g a aa
hindi_female_006921|m a h a q g a aa ii <wb> k a o <wb> o m a <wb> p a u r a ii <wb> b a dxq a ii <wb> s a m a s a y a aa <wb> t a o <wb> m a aa n a t a ee <wb> h a ei <wb> s a aa th a <wb> h a ii <wb> i s a k a aa <wb> ee k a <wb> s a m a aa dh a aa n a <wb> b a t a aa t a ee <wb> h a ei q
hindi_female_006924|w a o <wb> k a h a t a ee <wb> h a ei q <wb> k a i <wb> d a ee sh a <wb> k a o <wb> i s a <wb> w a kq a t a <wb> j a y a <wb> j a w a aa n a <wb> j a y a <wb> k a i s a aa n a <wb> n a aa r a ee <wb> k a ii <wb> z a r a uu r a t a <wb> h a ei
hindi_female_006931|p a r a i s a r a <wb> k a o <wb> b a q d a <wb> k a r a <wb> d a i y a aa <wb> g a y a aa <wb> th a aa <wb> j a i s a ee <wb> a b a <wb> ph a i r a <wb> kh a o l a <wb> d a i y a aa <wb> g a y a aa <wb> h a ei
hindi_female_006932|d a o <wb> sh a w a <wb> i q j a ii n a i y a r a i q g a <wb> dx a i p a aa r a tx a m a ee q tx a <wb> k a ii <wb> i m a aa r a t a <wb> m a ee q <wb> m a i l a ee <wb> h a ei q <wb> j a i n a m a ee q <wb> s a ee <wb> k a i s a ii <wb> k a ii <wb> bh a ii <wb> p a h a c a aa n a <wb> n a h a ii q <wb> h a o <wb> p a aa ii <wb> h a ei
hindi_female_006936|g a u r a u w a aa r a <wb> s a ee <wb> p a dxhq a aa ii <wb> sh a u r a uu <wb> h a o n a ee <wb> k a ii <wb> s a q bh a aa w a n a aa <wb> h a ei
hindi_female_006948|l a ee k a i n a <wb> w a i m a aa n a <wb> k a aa <wb> a dh a i k a aa q sh a <wb> h a i s a s a aa <wb> ou r a <wb> y a aa t a r a i y a o q <wb> k a ee <wb> sh a w a <wb> s a m a u d a r a <wb> k a ii <wb> g a h a r a aa ii <wb> m a ee q <wb> h a ii <wb> h a o n a ee <wb> k a ii <wb> s a q bh a aa w a n a aa <wb> h a ei
hindi_female_006961|m a ei q <wb> c a aa h a t a aa <wb> h a uu mq <wb> k a i <wb> u n a h a ee q <wb> u m a r a <wb> kq a ei d a <wb> k a ii <wb> s a z a aa <wb> m a i l a ee
hindi_female_006965|u n a h a ee q <wb> gh a s a ii tx a <wb> k a r a <wb> b a aa h a r a <wb> l a aa y a aa <wb> g a y a aa <wb> u n a <wb> p a r a <wb> h a m a l a aa <wb> h a u aa
hindi_female_006966|u s a k a ee <wb> b a aa d a <wb> bh a ii dxq a <wb> n a ee <wb> u n a k a ee <wb> gh a r a <wb> k a o <wb> aa g a <wb> l a g a aa <wb> d a ii
hindi_female_006968|w a o <wb> s a aa m a n a ee <wb> w a aa l a ee <wb> gh a r a <wb> k a ii <wb> ch a t a <wb> s a ee <wb> s a aa r a aa <wb> n a z a aa r a aa <wb> d a ee kh a <wb> r a h a ee <wb> th a ee
hindi_female_006972|i s a <wb> h a m a l a ee <wb> m a ee q <wb> s a ii d a <wb> khq a aa n a <wb> k a ee <wb> p a r a i w a aa r a <wb> k a ee <wb> d a s a <wb> s a d a s a y a <wb> m a aa r a ee <wb> g a ee <wb> th a ee
hindi_female_006973|u n a h a o q n a ee <wb> k a h a aa <wb> h a m a ee q <wb> i n a s a aa f a <wb> c a aa h a i ee
hindi_female_006977|w a o <wb> m a ou t a <wb> k a ee <wb> k a aa f a ii <wb> n a z a d a ii k a <wb> th a ee <wb> l a ee k a i n a <wb> a l a l a aa h a <wb> n a ee <wb> m a u jh a ee <wb> b a c a aa <wb> l a i y a aa
hindi_female_006980|l a ee k a i n a <wb> u n a k a aa <wb> j a w a aa b a <wb> th a aa <wb> k a i <wb> k a ei s a ee <wb> bh a uu l a <wb> j a aa ee mq <wb> i n a s a aa f a <wb> h a o g a aa <wb> t a o <wb> bh a uu l a <wb> j a aa ee q g a ee
hindi_female_006982|k a i s a ii <wb> k a ee <wb> p a r a i w a aa r a <wb> k a ee <wb> d a s a <wb> l a o g a <wb> m a aa r a ee <wb> g a ee <wb> k a i s a ii <wb> k a ee <wb> c a ou d a h a
hindi_female_006983|aa p a <wb> u n a h a ee q <wb> bh a uu l a <wb> j a aa o <wb> k a ii <wb> s a l a aa h a <wb> k a ei s a ee <wb> d a ee <wb> s a k a t a ee <wb> h a ei q
hindi_female_007002|i s a m a ee q <wb> y a ee <wb> ch a aa t a r a <wb> a p a n a ee <wb> w a i sx a y a <wb> s a ee <wb> s a q b a q dh a i t a <wb> s a aa m a aa n a y a <wb> p a r a sh a n a o q <wb> k a aa <wb> u t a t a r a <wb> bh a ii <wb> n a h a ii q <wb> d a ee <wb> p a aa <wb> r a h a ee <wb> th a ee
hindi_female_007030|i s a <wb> t a r a h a <wb> w a o <wb> b a dxq a ee <wb> l a o g a o q <wb> k a ii <wb> z a i q d a g a ii <wb> aa s a aa n a <wb> k a r a t a ee <wb> h a ei q
hindi_female_007033|h a aa q <wb> w a o <wb> h a aa dxq a <wb> m a aa q s a <wb> k a aa <wb> b a n a aa <wb> i q s a aa n a <wb> n a h a ii q <wb> h a o g a aa
hindi_female_007041|s a b a <wb> d a aa w a aa <wb> k a r a t a ee <wb> h a ei q <wb> k a i <wb> w a o <wb> aa p a k a aa <wb> k a aa m a <wb> aa p a k a ii <wb> z a i q d a g a ii <wb> aa s a aa n a <wb> k a r a <wb> d a ee q g a ee
hindi_female_007044|ou r a <wb> j a aa n a n a ee <wb> k a ii <wb> k a o sh a i sh a <wb> k a r a t a ee <wb> h a ei q <wb> k a i <wb> k a ei s a ee <wb> i n a k a ii <wb> m a d a d a <wb> s a ee <wb> aa p a k a ii <wb> bh a aa g a d a ou dxq a <wb> bh a r a ii <wb> z a i q d a g a ii <wb> k a o <wb> th a o dxq a aa <wb> aa s a aa n a <wb> b a n a aa y a aa <wb> j a aa <wb> s a k a t a aa <wb> h a ei
hindi_female_007048|k a ii <wb> b a aa r a <wb> kh a ii jh a <wb> h a o t a ii <wb> h a ei <wb> gq a u s a s a aa <wb> bh a ii <wb> aa t a aa <wb> h a ei <wb> ou r a <wb> k a ii <wb> b a aa r a <wb> h a q s a ii <wb> bh a ii <wb> aa t a ii <wb> h a ei
hindi_female_007051|t a k a n a ii k a <wb> k a ee <wb> b a dxq a ee <wb> b a dxq a ee <wb> u s a t a aa d a <wb> bh a ii <wb> u s a s a ee <wb> txh a ii k a <wb> s a ee <wb> k a aa m a <wb> n a h a ii q <wb> l a ee <wb> p a aa t a ee
hindi_female_007056|s a b a s a ee <wb> b a dxq a aa <wb> m a s a l a aa <wb> h a o t a aa <wb> h a ei <wb> b a o l a ii <wb> s a m a jh a n a ee <wb> k a aa
hindi_female_007075|i s a k a ee <wb> b a d a l a ee <wb> s a i r a f a <wb> ee k a <wb> ch a o tx a ii <wb> s a ii <wb> b a aa t a <wb> z a u b a aa n a <wb> s a ee <wb> a d a aa <wb> k a r a n a ii <wb> h a ei
hindi_female_007087|s a b a s a ee <wb> b a dxq a ii <wb> d a i kq a kq a t a <wb> b a aa t a <wb> k a h a n a ee <wb> k a ee <wb> l a h a j a ee <wb> k a o <wb> s a m a jh a n a ee <wb> k a ii <wb> h a o t a ii <wb> h a ei
hindi_female_007105|y a ee <wb> ch a o tx a ee <wb> ch a o tx a ee <wb> k a aa m a <wb> aa p a k a ii <wb> z a i q d a g a ii <wb> k a o <wb> k a aa f a ii <wb> aa s a aa n a <wb> b a n a aa <wb> d a ee q g a ee
hindi_female_007106|h a aa q <wb> i s a s a ee <wb> k a i s a ii <wb> i q s a aa n a <wb> k a ii <wb> k a m a ii <wb> t a o <wb> n a h a ii q <wb> p a uu r a ii <wb> h a o <wb> s a k a t a ii
hindi_female_007107|i s a k a ee <wb> l a i ee <wb> t a k a n a ii k a <wb> k a o <wb> a bh a ii <wb> l a q b a aa <wb> s a f a r a <wb> t a y a <wb> k a r a n a aa <wb> h a o g a aa
hindi_female_007119|i s a k a aa <wb> m a t a l a b a <wb> y a ee <wb> k a i <wb> a g a r a <wb> aa p a <wb> m a ii tx a i q g a <wb> m a ee q <wb> h a ei <wb> t a o <wb> i s a <wb> ei p a <wb> k a o <wb> p a t a aa <wb> h a o g a aa <wb> k a i <wb> aa p a k a o <wb> a bh a ii <wb> t a q g a <wb> n a h a ii q <wb> k a r a n a aa <wb> h a ei
hindi_female_007129|m a g a r a <wb> k a y a aa <wb> aa p a k a o <wb> m a aa l a uu m a <wb> h a ei <wb> k a i <wb> k a u ch a <wb> l a o g a <wb> ei s a aa <wb> n a h a ii q <wb> k a r a <wb> s a k a t a ee
hindi_female_007133|d a u n a i y a aa <wb> m a ee q <wb> ei s a ee <wb> b a h a u t a <wb> s a ee <wb> l a o g a <wb> h a ei q <wb> j a i n a k a aa <wb> d a i m a aa gq a <wb> k a o ii <wb> t a s a w a ii r a <wb> n a h a ii q <wb> g a dxhq a <wb> p a aa t a aa
hindi_female_007137|y a uu q <wb> t a o <wb> i s a <wb> b a ii m a aa r a ii <wb> k a aa <wb> p a t a aa <wb> u n a n a ii s a w a ii q <wb> s a d a ii <wb> m a ee q <wb> h a ii <wb> c a l a <wb> g a y a aa <wb> th a aa
hindi_female_007138|a txh a aa r a h a <wb> s a ou <wb> a s a s a ii <wb> m a ee q <wb> i s a <wb> b a ii m a aa r a ii <wb> k a ii <wb> kh a o j a <wb> h a u ii <wb> th a ii
hindi_female_007139|l a ee k a i n a <wb> h a aa l a <wb> k a ee <wb> d a i n a o q <wb> m a ee q <wb> w a ei j a nj a aa n a i k a o q <wb> n a ee <wb> i s a <wb> b a ii m a aa r a ii <wb> k a o <wb> s a m a jh a n a ee <wb> m a ee q <wb> ph a i r a <wb> s a ee <wb> d a i l a c a s a p a ii <wb> d a i kh a aa ii <wb> h a ei
hindi_female_007145|y a ee <wb> u n a <wb> l a o g a o q <wb> p a r a <wb> k a i y a aa <wb> g a y a aa <wb> j a i n a k a ee <wb> d a i m a aa gq a <wb> k a o ii <wb> t a s a w a ii r a <wb> n a h a ii q <wb> g a dxhq a <wb> p a aa t a ee
hindi_female_007147|u n a k a ee <wb> d a i m a aa gq a <wb> m a ee q <wb> k a o ii <wb> bh a ii <wb> b a aa t a <wb> aa ee <wb> m a g a r a <wb> u s a s a ee <wb> j a u dxq a ii <wb> k a o ii <wb> t a s a w a ii r a <wb> n a h a ii q <wb> b a n a t a ii
hindi_female_007151|w a o <wb> j a b a <wb> aa q kh a ee q <wb> b a q d a <wb> k a r a t a ee <wb> h a ei q <wb> t a o <wb> u n a h a ee q <wb> s a i r a f a <wb> a p a n a ii <wb> p a l a k a ee q <wb> d a i kh a aa ii <wb> p a dxq a t a ii <wb> h a ei q
hindi_female_007167|l a ee k a i n a <wb> aa p a k a aa <wb> d a i m a aa gq a <wb> k a ei s a aa <wb> c a l a <wb> r a h a aa <wb> h a ei <wb> y a ee <wb> p a t a aa <wb> l a g a aa n a aa <wb> m a u sh a k a i l a <wb> k a aa m a <wb> h a ei
hindi_female_007173|i s a k a ee <wb> b a aa d a <wb> w a o <wb> l a o g a o q <wb> s a ee <wb> k a h a t a ee <wb> h a ei q <wb> k a i <wb> d a o n a o q <wb> aa q kh a o q <wb> s a ee <wb> ee k a <wb> s a aa th a <wb> d a o n a o q <wb> t a s a w a ii r a ee q <wb> d a ee kh a ee q
hindi_female_007180|u n a h a ee q <wb> a q d a aa z a aa <wb> h a u aa <wb> k a i <wb> u n a h a o q n a ee <wb> b a h a u t a <wb> l a o g a o q <wb> s a ee <wb> a l a g a <wb> z a i q d a g a ii <wb> j a ii <wb> h a ei
hindi_female_007187|u n a h a ee q <wb> l a o g a o q <wb> k a ee <wb> n a aa m a <wb> ou r a <wb> c a ee h a r a ee <wb> y a aa d a <wb> n a h a ii q <wb> r a h a t a ee <wb> th a ee
hindi_female_007192|k a y a o q k a i <wb> j a h a aa q <wb> bh a ii <wb> w a o <wb> g a aa dxq a ii <wb> kh a dxq a ii <wb> k a r a t a ee <wb> th a ee <wb> u s a <wb> j a g a h a <wb> k a o <wb> bh a uu l a <wb> j a aa t a ee <wb> th a ee
hindi_female_007193|ph a i r a <wb> gh a q tx a o q <wb> g a aa dxq a ii <wb> k a o <wb> kh a o j a t a ee <wb> r a h a t a ee <wb> th a ee
hindi_female_007195|i s a s a ee <wb> n a i p a tx a n a ee <wb> k a ee <wb> l a i ee <wb> u n a h a o q n a ee <wb> k a aa r a <wb> p a aa r a k a <wb> k a r a n a ee <wb> k a ee <wb> b a aa d a <wb> u s a <wb> khq a aa s a <wb> j a g a h a <wb> k a ii <wb> t a s a w a ii r a <wb> l a ee n a ii <wb> sh a u r a uu <wb> k a r a <wb> d a ii
hindi_female_007196|w a o <wb> aa s a <wb> p a aa s a <wb> k a ii <wb> d a u k a aa n a o q <wb> k a ee <wb> n a aa m a <wb> bh a ii <wb> n a o tx a <wb> k a r a <wb> l a ee t a ee <wb> th a ee
hindi_female_007210|k a y a o q k a i <wb> h a r a <wb> b a aa t a <wb> s a ee <wb> ee k a <wb> t a s a w a ii r a <wb> k a o <wb> j a o dxq a n a ee <wb> s a ee <wb> h a m a aa r a aa <wb> d a i m a aa gq a <wb> u n a h a ee q <wb> aa s a aa n a ii <wb> s a ee <wb> y a aa d a <wb> r a kh a t a aa <wb> h a ei
hindi_female_007214|a b a <wb> s a w a aa l a <wb> y a ee <wb> u txh a t a aa <wb> h a ei <wb> k a i <wb> d a i m a aa gq a <wb> m a ee q <wb> k a i s a ii <wb> b a aa t a <wb> s a ee <wb> j a u dxq a ii <wb> t a s a w a ii r a <wb> k a aa <wb> khq a y a aa l a <wb> aa n a aa <wb> i t a n a ii <wb> b a dxq a ii <wb> b a aa t a <wb> h a ei
hindi_female_007217|k a y a aa <wb> u n a k a ii <wb> p a r a ee sh a aa n a ii <wb> ou r a <wb> b a dxhq a <wb> j a aa n a ee <wb> w a aa l a ii <wb> h a ei
hindi_female_007219|w a o <wb> k a i s a ii <wb> b a aa t a <wb> k a o <wb> k a i s a ii <wb> i q s a aa n a <wb> k a o <wb> y a aa <wb> k a i s a ii <wb> j a g a h a <wb> k a o <wb> t a s a w a ii r a <wb> s a ee <wb> j a o dxq a k a r a <wb> n a h a ii q <wb> d a ee kh a t a ee
hindi_female_007226|w a o <wb> l a o g a o q <wb> k a ii <wb> aa w a aa z a <wb> k a ii <wb> n a kq a l a <wb> k a r a <wb> l a ee t a ee <wb> h a ei q
hindi_female_007232|k a u ch a <wb> ou r a <wb> l a o g a o q <wb> n a ee <wb> bh a ii <wb> i s a <wb> b a aa t a <wb> p a r a <wb> h a aa m a ii <wb> bh a r a ii
hindi_female_007233|ee k a <wb> n a ee <wb> k a h a aa <wb> k a i <wb> c a uu q k a i <wb> w a o <wb> k a i s a ii <wb> khq a aa s a <wb> p a l a <wb> k a o <wb> d a o b a aa r a aa <wb> n a h a ii q <wb> j a ii <wb> s a k a t a aa
hindi_female_007234|i s a l a i ee <wb> w a o <wb> h a r a <wb> p a l a <wb> k a ii <wb> a h a m a i y a t a <wb> s a m a jh a <wb> k a r a <wb> u s a ee <wb> a c a ch a ee <wb> s a ee <wb> g a u z a aa r a n a ee <wb> k a ii <wb> k a o sh a i sh a <wb> k a r a t a aa <wb> h a ei
hindi_female_007245|ee k a <wb> m a h a i l a aa <wb> n a ee <wb> k a h a aa <wb> k a i <wb> c a uu q k a i <wb> w a o <wb> k a o ii <wb> t a s a w a ii r a <wb> n a h a ii q <wb> s a o c a <wb> p a aa t a ii <wb> s a o <wb> w a o <wb> h a r a <wb> c a ii z a <wb> k a o <wb> l a i kh a k a r a <wb> r a kh a t a ii <wb> h a ei
hindi_female_007247|w a o <wb> k a h a t a ii <wb> h a ei q <wb> k a i <wb> sh a b a d a <wb> b a h a u t a <wb> khq a uu b a s a uu r a t a <wb> h a o t a ee <wb> h a ei q
hindi_female_007248|k a o ii <wb> t a s a w a ii r a <wb> u n a k a ii <wb> j a g a h a <wb> n a h a ii q <wb> l a ee <wb> s a t a ii
hindi_female_007252|u n a h a ee q <wb> p a t a aa <wb> h a ii <wb> n a h a ii q <wb> th a aa <wb> k a i <wb> l a o g a <wb> k a i s a ii <wb> b a aa t a <wb> y a aa <wb> i q s a aa n a <wb> k a aa <wb> khq a y a aa l a <wb> aa n a ee <wb> p a r a <wb> f a ou r a n a <wb> u s a k a ii <wb> t a s a w a ii r a <wb> g a dxhq a <wb> l a ee t a ee <wb> h a ei q
hindi_female_007257|i s a ee <wb> b a n a aa n a ee <wb> m a ee q <wb> kq a r a ii b a <wb> b a ii s a <wb> s a aa l a <wb> l a g a ee
hindi_female_007269|u n a h a o q n a ee <wb> i s a ee <wb> k a sx a ee t a r a ii y a <wb> t a n a aa w a <wb> k a aa <wb> p a r a m a u kh a <wb> k a aa r a nx a <wb> b a t a aa y a aa
hindi_female_007277|m a ee r a aa <wb> r a i k a r a dx a <wb> b a n a n a ee <wb> s a ee <wb> p a h a l a ee <wb> h a ii <wb> s a tx a ee tx a <wb> k a ii <wb> tx a ii m a <wb> b a n a <wb> g a ii <wb> th a ii
hindi_female_007284|m a ei q <wb> y a h a ii <wb> k a h a n a aa <wb> c a aa h a t a aa <wb> h a uu q <wb> k a i <wb> y a h a <wb> a f a w a aa h a <wb> j a l a d a ii <wb> b a q d a <wb> h a o
hindi_female_007285|p a r a nx a w a <wb> k a h a t a ee <wb> h a ei q <wb> a r a j a u n a <wb> ee k a <wb> b a h a u t a <wb> m a ee h a n a t a ii <wb> kh a i l a aa dxq a ii <wb> h a ei q
hindi_female_007286|w a o <wb> a p a n a ii <wb> m a ee h a n a t a <wb> k a ee <wb> d a m a <wb> p a r a <wb> c a u n a ee <wb> g a ee <wb> h a ei q
hindi_female_007300|p a r a nx a w a <wb> n a ee <wb> m a u q b a ii <wb> n a h a ii q <wb> kh a ee l a aa <wb> th a aa <wb> t a o <wb> z a o n a l a <wb> k a ee <wb> l a i ee <wb> c a u n a aa <wb> j a aa n a aa <wb> s a q bh a w a <wb> h a ii <wb> n a h a ii q <wb> th a aa
hindi_female_007303|p a r a nx a w a <wb> m a u q b a ii <wb> h a ii <wb> n a h a ii q <wb> kh a ee l a aa <wb> t a o <wb> z a o n a l a <wb> m a ee q <wb> k a ei s a ee <wb> j a aa ee g a aa
hindi_female_007329|l a ee k a i n a <wb> u m a m a ii d a <wb> y a ee <wb> k a ii <wb> j a aa <wb> r a h a ii <wb> h a ei <wb> k a i <wb> i s a ee <wb> d a uu s a r a ii <wb> s a r a w a i s a <wb> k a ee <wb> l a i ee <wb> bh a ii <wb> b a dxhq a aa y a aa <wb> j a aa <wb> s a k a t a aa <wb> h a ei
hindi_female_007334|s a r a w a i s a <wb> tx a ei k a s a <wb> s a ee <wb> s a r a k a aa r a <wb> k a ii <wb> k a m a aa ii <wb> a b a <wb> dx a ee dxhq a <wb> l a aa kh a <wb> k a r a o dxq a <wb> r a u p a ee <wb> s a ee <wb> bh a ii <wb> z a y a aa d a aa <wb> h a ei
hindi_female_007336|dh a ii r a ee <wb> dh a ii r a ee <wb> i s a <wb> l a i s a tx a <wb> k a o <wb> b a dxhq a aa <wb> d a i y a aa <wb> g a y a aa <wb> h a ei
hindi_female_007353|u dh a r a <wb> ee k a <wb> d a uu s a r a ee <wb> p a k a sx a <wb> k a ii <wb> sh a i k a aa y a t a <wb> h a ei <wb> k a i <wb> m a ii dx a i y a aa <wb> m a ee q <wb> s a r a k a aa r a <wb> k a ee <wb> kh a i l a aa f a <wb> l a i kh a n a aa <wb> m a u sh a k a i l a <wb> h a o t a aa <wb> j a aa <wb> r a h a aa <wb> h a ei
hindi_female_007370|h a r a <wb> ee k a <wb> y a o j a n a aa <wb> k a ee <wb> b a aa r a ee <wb> m a ee q <wb> tx a ii w a ii <wb> p a r a <wb> d a i kh a aa o <wb> h a r a <wb> y a o j a n a aa <wb> p a r a s a i d a d a <wb> h a o <wb> j a aa ee g a ii
hindi_female_007378|m a ei q <wb> b a t a aa t a aa <wb> h a uu q <wb> k a ei s a ee <wb> aa p a <wb> l a o g a <wb> k a r a t a ee <wb> h a o
hindi_female_007379|aa g a r a aa <wb> m a ee q <wb> d a l a i t a <wb> y a u w a aa <wb> k a ii <wb> h a t a y a aa <wb> h a u ii <wb> k a i s a ii <wb> n a ee <wb> n a h a ii q <wb> d a i kh a aa y a aa
hindi_female_007399|u m a m a ii d a <wb> h a ei <wb> aa p a <wb> h a m a ee q <wb> th a o dxq a aa <wb> ou r a <wb> g a q bh a ii r a t a aa <wb> s a ee <wb> l a ee q g a ee
hindi_female_007413|l a ee k a i n a <wb> k a o ii <wb> z a r a uu r a ii <wb> n a h a ii q <wb> h a ei <wb> k a i <wb> aa p a <wb> h a m a ee sh a aa <wb> ei s a aa <wb> k a r a ee q
hindi_female_007432|j a b a <wb> bh a ii <wb> k a i s a ii <wb> b a r a aa q dx a <wb> k a ee <wb> f a o n a <wb> k a ee <wb> n a ee <wb> m a dx a l a <wb> l a n a c a <wb> h a o t a ee <wb> h a ei q <wb> t a o <wb> u s a k a ee <wb> p a u r a aa n a ee <wb> m a dx a l a <wb> th a o dxq a ee <wb> k a m a <wb> s a m a y a <wb> m a ee q <wb> m a i l a <wb> j a aa t a ee <wb> h a ei q
hindi_female_007433|i s a l a i ee <wb> aa p a k a o <wb> ei s a ee <wb> m a ou k a ee <wb> k a ii <wb> t a l a aa sh a <wb> m a ee q <wb> r a h a n a aa <wb> h a o g a aa
hindi_female_007448|p a h a l a ee <wb> t a o <wb> y a ee <wb> d a ee kh a i ee <wb> k a i <wb> w a aa y a r a s a <wb> k a ii <wb> p a r a ee sh a aa n a ii <wb> k a y a aa <wb> s a i r a f a <wb> u s a ii <wb> s a m a y a <wb> h a o t a ii <wb> h a ei <wb> j a b a <wb> aa p a <wb> ee k a <wb> ei p a <wb> c a l a aa t a ee <wb> h a ei q
hindi_female_007472|s a b a s a ee <wb> p a h a l a ee <wb> b a aa t a <wb> k a r a t a ee <wb> h a ei q <wb> p a i n a <wb> p a aa s a w a r a dx a <wb> k a ii
hindi_female_007492|s a i k a y a o r a i tx a ii <wb> k a ee <wb> l a i ee <wb> t a r a h a <wb> t a r a h a <wb> k a ii <wb> k a o sh a i sh a <wb> k a ii <wb> j a aa <wb> r a h a ii <wb> h a ei
hindi_female_007500|i s a k a o <wb> sh a u r a uu <wb> k a r a n a aa <wb> b a h a u t a <wb> h a ii <wb> aa s a aa n a <wb> h a ei
hindi_female_007516|h a o <wb> s a k a t a aa <wb> h a ei <wb> j a b a <wb> aa p a n a ee <wb> k a ei m a r a aa <wb> ei p a <wb> i s a t a ee m a aa l a <wb> k a r a n a aa <wb> sh a u r a uu <wb> k a i y a aa <wb> u s a <wb> s a m a y a <wb> ei p a <wb> n a ee <wb> aa p a s a ee <wb> y a ee <wb> i j a aa z a t a <wb> m a aa q g a ii <wb> th a ii
hindi_female_007525|h a o <wb> s a k a t a aa <wb> h a ei <wb> aa p a n a ee <wb> sh a u r a u aa t a <wb> m a ee q <wb> a p a n a ee <wb> l a o k a ee sh a n a <wb> sh a ee y a r a <wb> k a r a n a ee <wb> k a ee <wb> l a i ee <wb> h a aa m a ii <wb> bh a r a <wb> d a ii <wb> h a o g a ii
hindi_female_007530|i s a l a i ee <wb> l a o k a ee sh a n a <wb> k a ii <wb> j a aa n a k a aa r a ii <wb> l a ee n a aa <wb> z a r a uu r a ii <wb> h a ei
hindi_female_007532|ei s a ii <wb> j a aa n a k a aa r a ii <wb> d a ee n a aa <wb> khq a t a r a n a aa k a <wb> h a o <wb> s a k a t a aa <wb> h a ei <wb> ou r a <wb> ei s a ee <wb> ei p a <wb> k a ee <wb> l a i ee <wb> l a o k a ee sh a n a <wb> k a o <wb> ax f a <wb> k a r a <wb> k a ee <wb> r a kh a n a aa <wb> h a ii <wb> aa p a k a ii <wb> s a u r a k a sx a aa <wb> k a ee <wb> h a i t a <wb> m a ee q <wb> h a o g a aa
hindi_female_007536|b a s a <wb> ee k a <wb> b a aa t a <wb> k a aa <wb> dh a y a aa n a <wb> r a kh a n a aa <wb> h a ei <wb> k a i <wb> j a b a <wb> aa p a <wb> p a o s a tx a <wb> k a r a ee q g a ee <wb> t a o <wb> w a o <wb> h a m a ee sh a aa <wb> k a r a n a aa <wb> h a o g a aa
hindi_female_007538|j a o <wb> bh a ii <wb> w a ii dx a i y a o <wb> y a aa <wb> t a s a w a ii r a <wb> aa p a <wb> p a o s a tx a <wb> k a r a t a ee <wb> h a ei q <wb> w a o <wb> ei s a ee <wb> h a o n a ee <wb> c a aa h a i ee <wb> j a o <wb> aa p a k a ee <wb> d a o s a t a o q <wb> k a ee <wb> c a ee h a r a ee <wb> p a r a <wb> ee k a <wb> m a u s a k a aa n a <wb> l a aa <wb> d a ee
hindi_female_007540|l a ee k a i n a <wb> a g a r a <wb> aa p a <wb> ei s a ee <wb> t a s a w a ii r a <wb> ou r a <wb> w a ii dx a i y a o <wb> dxh a uu q dxh a <wb> s a k a t a ee <wb> h a ei q <wb> t a o <wb> d a o s a t a o q <wb> k a ee <wb> b a ii c a <wb> aa p a <wb> h a i tx a <wb> h a o <wb> j a aa ee q g a ee
hindi_female_007541|k a bh a ii <wb> k a bh a ii <wb> k a i s a ii <wb> t a y a ou h a aa r a <wb> k a ee <wb> d a ou r a aa n a <wb> y a aa <wb> a p a n a ee <wb> j a n a m a d a i n a <wb> k a ee <wb> d a i n a <wb> bh a ii <wb> aa p a k a ee <wb> p a o s a tx a <wb> s a ee <wb> l a o g a o q <wb> k a o <wb> khq a u sh a ii <wb> h a o g a ii <wb> ou r a <wb> w a o <wb> aa p a k a ee <wb> p a o s a tx a <wb> f a o tx a o <wb> y a aa <wb> w a ii dx a i y a o <wb> k a o <wb> l a aa i k a <wb> k a r a <wb> s a k a t a ee <wb> h a ei q
hindi_female_007572|u n a k a ee <wb> m a u t a aa b a i k a <wb> s a q bh a w a <wb> h a ei <wb> k a i <wb> y a ee <wb> s a ee s a <wb> k a m a <wb> a w a dh a i <wb> k a ee <wb> l a i ee <wb> l a g a aa y a aa <wb> j a aa ee <wb> l a ee k a i n a <wb> a g a r a <wb> k a rq sx a i <wb> k a ee <wb> u t a p a aa d a <wb> k a o <wb> b a dxhq a aa n a aa <wb> h a ei <wb> t a o <wb> n a i w a ee sh a <wb> aa n a aa <wb> b a h a u t a <wb> z a r a uu r a ii <wb> h a ei
hindi_female_007580|i s a <wb> p a r a <wb> p a aa k a i s a t a aa n a <wb> m a ee q <wb> k a aa f a ii <wb> w a i w a aa d a <wb> bh a ii <wb> h a u aa
hindi_female_007622|u s a n a ee <wb> b a t a aa y a aa <wb> h a ei <wb> k a i <wb> m a aa mq <wb> n a ee <wb> bh a r a o s a aa <wb> d a i y a aa <wb> h a ei <wb> k a i <wb> w a o <wb> u s a ee <wb> j a l a d a ii <wb> a p a n a ee <wb> p a aa s a <wb> b a u l a aa <wb> l a ee g a ii
hindi_female_007638|h a m a n a ee <wb> u s a ee <wb> s a aa b a i t a <wb> k a r a n a ee <wb> k a ee <wb> l a i ee <wb> k a h a aa <wb> h a ei
hindi_female_007643|d a i l a l a ii <wb> m a ee q <wb> b a h a u t a <wb> kh a o j a n a ee <wb> k a ee <wb> b a aa d a <wb> u n a h a o q n a ee <wb> b a c a c a ee <wb> k a ii <wb> m a aa q <wb> ou r a <wb> u n a k a ee <wb> p a i t a aa <wb> k a o <wb> dxh a uu q dxhq a <wb> n a i k a aa l a aa
hindi_female_007644|ph a i r a <wb> w a o <wb> w a h a aa mq <wb> k a ee <wb> m a u kh a y a m a q t a r a ii <wb> s a ee <wb> m a i l a ee <wb> ou r a <wb> u n a k a ee <wb> s a aa m a n a ee <wb> p a uu r a ee <wb> m a aa m a l a ee <wb> k a o <wb> p a ee sh a <wb> k a i y a aa
hindi_female_007650|i s a l a i ee <wb> b a ee tx a aa <wb> b a ee tx a ii <wb> k a o <wb> m a ee r a ee <wb> p a aa s a <wb> ch a o dxq a <wb> g a ee
hindi_female_007696|k a ei l a aa sh a <wb> k a h a t a ee <wb> h a ei q <wb> k a i <wb> n a aa m a <wb> s a ee <wb> h a ii <wb> z a aa h a i r a <wb> h a o <wb> r a h a aa <wb> h a ei <wb> k a i <wb> b a aa t a <wb> i sh a kq a <wb> k a ii <wb> h a o <wb> r a h a ii <wb> h a ei
hindi_female_007699|k a ei l a aa sh a <wb> k a h a t a ee <wb> h a ei q <wb> m a ei q n a ee <wb> m a aa t a r a <wb> t a ee r a h a <wb> s a aa l a <wb> k a ii <wb> u m a r a <wb> m a ee q <wb> a p a n a aa <wb> gh a r a <wb> ch a o dxq a <wb> d a i y a aa <wb> th a aa
hindi_female_007740|l a ee k a i n a <wb> u n a k a ii <wb> a s a l a ii <wb> p a r a t a i bh a aa <wb> u n a k a ee <wb> d a i m a aa gq a <wb> m a ee q <wb> th a ii
hindi_female_007774|u n a h a o q n a ee <wb> p a uu ch a aa <wb> k a i <wb> i s a <wb> tx a ii m a <wb> m a ee q <wb> a sh a o k a <wb> k a u m a aa r a <wb> k a ou n a <wb> h a ei q
hindi_female_007776|t a u m a h a aa r a ee <wb> p a i t a aa <wb> i t a n a ee <wb> m a h a aa n a <wb> kh a i l a aa dxq a ii <wb> th a ee
hindi_female_007781|g a ee q d a <wb> aa t a ee <wb> h a ii <wb> w a o <wb> u s a ee <wb> a p a n a ee <wb> s a aa th a ii <wb> kh a i l a aa dxq a ii <wb> k a o <wb> p a aa s a <wb> k a r a <wb> d a ee t a ee <wb> th a ee
hindi_female_007787|m a u jh a ee <wb> t a aa j a j a u b a <wb> h a ei <wb> k a i <wb> aa p a <wb> m a ee q <wb> s a ee <wb> k a o ii <wb> aa dh a ee <wb> s a m a y a <wb> t a k a <wb> ee k a <wb> g a o l a <wb> bh a ii <wb> n a h a ii q <wb> k a r a <wb> p a aa y a aa
hindi_female_007839|m a g a r a <wb> s a c a <wb> t a o <wb> y a ee <wb> h a ei <wb> k a i <wb> i q s a aa n a <wb> k a ii <wb> y a ee <wb> s a o c a <wb> b a u r a ii <wb> t a r a h a <wb> n a aa k a aa m a <wb> s a aa b a i t a <wb> h a u ii <wb> h a ei
hindi_female_007844|b a l a k a i <wb> s a d a i y a o q <wb> s a ee <wb> ei s a aa <wb> h a o t a aa <wb> aa y a aa <wb> h a ei
hindi_female_007866|j a i n a k a ii <wb> m a d a d a <wb> s a ee <wb> w a o <wb> i t a n a ee <wb> b a u r a ee <wb> m a aa h a ou l a <wb> m a ee q <wb> bh a ii <wb> h a z a aa r a o q <wb> l a aa kh a o q <wb> s a aa l a <wb> s a ee <wb> r a h a <wb> r a h a ee <wb> h a ei q
hindi_female_007867|a s a l a <wb> m a ee q <wb> dh a r a t a ii <wb> k a ee <wb> a l a g a <wb> a l a g a <wb> h a i s a s a o q <wb> m a ee q <wb> ee k a <wb> s a ee <wb> ee k a <wb> khq a r a aa b a <wb> m a ou s a m a <wb> m a i l a t a ee <wb> h a ei q
hindi_female_007869|m a g a r a <wb> y a h a aa q <wb> bh a ii <wb> k a ii <wb> t a r a h a <wb> k a ee <wb> j a ii w a <wb> m a i l a <wb> j a aa t a ee <wb> h a ei q
hindi_female_007882|t a o <wb> u s a k a aa <wb> j a w a aa b a <wb> y a ee <wb> h a ei <wb> k a i <wb> p a r a k a rq t a i <wb> k a ee <wb> p a aa s a <wb> t a o <wb> h a r a <wb> s a w a aa l a <wb> k a aa <wb> j a w a aa b a <wb> h a ei
hindi_female_007895|i n a k a aa <wb> k a aa r a o b a aa r a <wb> n a aa r a w a ee <wb> k a ii <wb> a r a th a w a y a w a s a th a aa <wb> k a aa <wb> b a dxq a aa <wb> h a i s a s a aa <wb> th a aa
hindi_female_007903|w a h a ii q <wb> n a aa r a w a ee <wb> k a ee <wb> l a o g a o q <wb> k a o <wb> i s a s a ee <wb> r a t a t a ii <wb> bh a r a <wb> bh a ii <wb> f a aa y a d a aa <wb> n a h a ii q <wb> h a u aa
hindi_female_007915|i n a m a ee q <wb> s a ee <wb> k a ii <wb> s a ee <wb> d a u n a i y a aa <wb> k a o <wb> b a dxq a ii <wb> u m a m a ii d a ee q <wb> h a ei q
hindi_female_007970|b a dxq a ee <wb> h a o t a ee <wb> b a q d a r a <wb> b a aa d a <wb> m a ee q <wb> a p a n a ee <wb> d a o s a t a o q <wb> r a i sh a t a ee d a aa r a o q <wb> k a aa <wb> a l a g a <wb> jh a u q dx a <wb> b a n a aa <wb> l a ee t a ee <wb> h a ei q <wb> ou r a <wb> jh a u q dx a <wb> k a ee <wb> s a d a s a y a <wb> b a d a l a t a ee <wb> r a h a t a ee <wb> h a ei q
hindi_female_007973|i s a s a ee <wb> kh a aa n a ee <wb> k a o <wb> l a ee k a r a <wb> i n a k a ee <wb> b a ii c a <wb> aa p a s a ii <wb> jh a g a dxq a ee <wb> n a h a ii q <wb> h a u ee
hindi_female_007977|j a o <wb> j a aa n a w a r a <wb> b a d a l a ee <wb> h a u ee <wb> h a aa l a aa t a <wb> k a ee <wb> h a i s a aa b a <wb> s a ee <wb> khq a u d a <wb> k a o <wb> dxh a aa l a <wb> l a ee t a ee <wb> h a ei q <wb> w a o <wb> b a c a <wb> n a i k a l a t a ee <wb> h a ei q
hindi_female_007979|h a aa q <wb> i n a <wb> r a i s a r a c a <wb> s a ee <wb> ee k a <wb> b a aa t a <wb> s a aa f a <wb> h a ei <wb> k a i <wb> i q s a aa n a <wb> k a o <wb> a p a n a ee <wb> aa s a <wb> p a aa s a <wb> b a aa kq a ii <wb> j a aa n a w a r a o q <wb> k a o <wb> d a ee kh a t a ee <wb> r a h a n a aa <wb> h a ei <wb> t a o <wb> u s a ee <wb> j a q g a l a o q <wb> m a ee q <wb> a p a n a aa <wb> d a kh a l a <wb> k a m a <wb> k a r a n a aa <wb> h a o g a aa
hindi_female_007995|p a aa q dx a ee j a ii <wb> k a h a <wb> r a h a ee <wb> h a ei q <wb> t a o <wb> i s a k a aa <wb> m a t a l a b a <wb> p a uu r a aa <wb> d a ee sh a <wb> k a h a <wb> r a h a aa <wb> h a ei
hindi_female_007998|u s a k a ee <wb> b a aa d a <wb> s a ee <wb> u n a h a o q n a ee <wb> k a bh a ii <wb> p a ii ch a ee <wb> m a u dxq a <wb> k a r a <wb> n a h a ii q <wb> d a ee kh a aa
hindi_female_008020|u s a <wb> z a m a aa n a ee <wb> m a ee q <wb> m a n a o r a q j a n a <wb> k a aa <wb> s a aa dh a n a <wb> r a ee dx a i y a o <wb> ou r a <wb> s a i n a ee m a aa <wb> h a u aa <wb> k a r a t a aa <wb> th a aa
hindi_female_008021|m a ee r a ee <wb> p a i t a aa <wb> aa w a aa z a <wb> s a ee <wb> h a ii <wb> p a h a c a aa n a ee <wb> j a aa t a ee <wb> th a ee
hindi_female_008036|m a ee r a ee <wb> m a u q h a <wb> s a ee <wb> n a i k a l a aa <wb> k a i <wb> aa p a k a o <wb> s a u n a t a ee <wb> s a u n a t a ee <wb> h a ii <wb> m a ei q <wb> b a dxq a aa <wb> h a u aa <wb> h a uu mq
hindi_female_008056|s a b a k a o <wb> p a t a aa <wb> th a aa <wb> k a i <wb> w a o <wb> d a i l a <wb> k a ee <wb> s a aa f a <wb> aa d a m a ii <wb> h a ei q
hindi_female_008063|w a o <wb> b a o l a ee <wb> y a aa r a <wb> aa j a <wb> m a uu dx a <wb> n a h a ii q <wb> h a o <wb> r a h a aa <wb> h a ei
hindi_female_008077|kh a aa n a ee <wb> p a ii n a ee <wb> k a aa <wb> bh a ii <wb> u n a h a ee q <wb> b a h a u t a <wb> sh a ou k a <wb> th a aa
hindi_female_008080|l a ee k a i n a <wb> gh a r a <wb> m a ee q <wb> h a ii <wb> b a n a aa n a aa <wb> ou r a <wb> kh a aa n a aa <wb> p a s a q d a <wb> k a r a t a ee <wb> th a ee
hindi_female_008108|y a ee <wb> s a b a s a ee <wb> khq a t a r a n a aa k a <wb> sh a i k a aa r a ii <wb> m a aa n a ee <wb> j a aa t a ee <wb> h a ei q
hindi_female_008136|i t a n a ii <wb> t a aa kq a t a <wb> l a g a n a ee <wb> p a r a <wb> ee k a <wb> k a aa r a <wb> k a aa <wb> k a c a uu m a r a <wb> n a i k a l a <wb> s a k a t a aa <wb> h a ei
hindi_female_008152|u n a h a o q n a ee <wb> a k a tx a uu b a r a <wb> m a ee q <wb> p a h a l a ii <wb> b a aa r a <wb> w a o tx a <wb> dx a aa l a aa
hindi_female_008156|d a uu s a r a ee <wb> k a ii <wb> l a o g a o q <wb> k a ii <wb> bh a ii <wb> y a h a <wb> k a h a aa n a ii <wb> th a ii
hindi_female_008169|u n a h a o q n a ee <wb> p a h a l a ee <wb> h a ii <wb> w a o tx a <wb> d a ee n a ee <wb> k a aa <wb> w a i k a l a p a <wb> c a u n a aa
hindi_female_008178|w a ee <wb> k a h a t a ii <wb> h a ei q <wb> y a h a <wb> y a ee <wb> d a i kh a aa n a ee <wb> k a ee <wb> l a i ee <wb> h a ei <wb> k a i <wb> h a m a <wb> ou r a t a <wb> h a o n a ee <wb> k a ee <wb> n a aa t a ee <wb> k a u ch a <wb> bh a ii <wb> k a r a <wb> s a k a t a ii <wb> h a ei q <wb> khq a aa s a <wb> k a r a <wb> t a b a <wb> j a b a <wb> h a m a n a ee <wb> u s a k a ee <wb> l a i ee <wb> z a r a uu r a ii <wb> a n a u bh a w a <wb> h a aa s a i l a <wb> k a r a n a ee <wb> k a ee <wb> l a i ee <wb> k a dxq a ii <wb> m a ee h a n a t a <wb> k a ii <wb> h a ei
hindi_female_008190|s a r a k a aa r a <wb> k a aa <wb> m a aa n a n a aa <wb> h a ei <wb> k a i <wb> i s a <wb> b a m a <wb> m a ee q <wb> s a k a r a i y a <wb> p a r a m a aa nx a u <wb> s a aa m a g a r a ii <wb> n a h a ii q <wb> h a ei
hindi_female_008202|u dxq a aa n a <wb> k a ee <wb> k a u ch a <wb> d a ee r a <wb> b a aa d a <wb> h a ii <wb> w a i m a aa n a <wb> k a ee <wb> i q j a n a <wb> m a ee q <wb> aa g a <wb> l a g a <wb> g a ii
hindi_female_008204|l a ee k a i n a <wb> p a aa q c a <wb> s a d a s a y a <wb> ei s a aa <wb> n a h a ii q <wb> k a r a <wb> s a k a ee
hindi_female_008215|d a o <wb> d a i n a <wb> b a aa d a <wb> p a q j a aa b a <wb> s a ee <wb> l a ou tx a aa <wb> ou r a <wb> j a ei s a ee <wb> h a ii <wb> d a i l a l a ii <wb> k a ee <wb> kq a r a ii b a <wb> p a h a u mq c a aa <wb> m a ee r a aa <wb> d a i l a <wb> b a ei txh a <wb> g a y a aa
hindi_female_008223|k a m a <wb> s a ee <wb> k a m a <wb> m a ee r a ii <wb> y a aa d a <wb> m a ee q <wb> p a h a l a ee <wb> k a bh a ii <wb> ei s a aa <wb> n a h a ii q <wb> h a u aa <wb> th a aa
hindi_female_008224|m a ei q n a ee <wb> y a h a aa q <wb> p a i ch a l a ee <wb> s a o l a h a <wb> s a aa l a <wb> m a ee q <wb> b a ee h a d a <wb> gh a n a aa <wb> k a o h a r a aa <wb> t a o <wb> d a ee kh a aa <wb> h a ei <wb> l a ee k a i n a <wb> i t a n a aa <wb> gh a n a aa <wb> dh a u q dh a <wb> n a h a ii q
hindi_female_008237|s a ou <wb> n a h a ii q <wb> t a o <wb> p a c a aa s a <wb> s a aa txh a <wb> f a ii s a d a ii <wb> t a k a <wb> sh a aa y a d a <wb> r a aa h a t a <wb> m a i l a <wb> j a aa ee
hindi_female_008246|m a u jh a ee <wb> i s a <wb> b a aa t a <wb> k a aa <wb> a f a s a o s a <wb> h a ei <wb> k a i <wb> a b a <wb> s a i r a f a <wb> d a ii w a aa l a ii <wb> p a r a <wb> d a i l a l a ii <wb> ch a o dxq a n a ee <wb> s a ee <wb> k a aa m a <wb> n a h a ii q <wb> c a l a ee g a aa
hindi_female_008261|u t a t a r a <wb> p a sh a c a i m a <wb> s a ii m a aa <wb> p a r a aa q t a <wb> m a ee q <wb> ee k a <wb> b a aa r a <wb> g a aa q dh a ii <wb> k a ii <wb> g a aa dxq a ii <wb> k a u ch a <wb> ei s a ee <wb> h a ii <wb> ph a q s a <wb> g a ii <wb> th a ii
hindi_female_008283|i s a k a ee <wb> a l a aa w a aa <wb> i n a <wb> g a aa q w a o q <wb> m a ee q <wb> k a u ch a <wb> l a o g a o q <wb> k a ii <wb> h a t a y a aa <wb> ou r a <wb> b a l a aa t a k a aa r a <wb> k a ii <wb> gh a tx a n a aa ee q <wb> s a aa m a n a ee <wb> aa ii <wb> th a ii q
hindi_female_008290|sh a i k a sx a k a o q <wb> k a ee <wb> m a u t a aa b a i kq a <wb> p a uu r a ii <wb> gh a aa tx a ii <wb> k a ee <wb> s a k a uu l a o q <wb> m a ee q <wb> y a ee <wb> n a i r a d a ee sh a <wb> d a i ee <wb> g a ee <wb> h a ei q <wb> k a i <wb> s a u r a k a sx a aa <wb> k a aa <wb> z a i m a m a aa <wb> sh a i k a sx a k a o q <wb> k a aa <wb> h a o g a aa
hindi_female_008325|i s a <wb> s a m a y a <wb> ee k a <wb> d a i n a <wb> m a ee q <wb> l a o g a <wb> s a aa dxhq a ee <wb> c a aa r a <wb> h a z a aa r a <wb> r a uu p a ee <wb> b a d a l a <wb> s a k a t a ee <wb> h a ei q <wb> l a ee k a i n a <wb> sh a u k a r a w a aa r a <wb> s a ee <wb> y a h a <wb> s a ii m a aa <wb> k a m a <wb> k a r a <wb> k a ee <wb> d a o <wb> h a z a aa r a <wb> r a uu p a ee <wb> k a r a <wb> d a ii <wb> g a ii <wb> h a ei
hindi_female_008337|l a ee k a i n a <wb> k a u ch a <wb> l a o g a o q <wb> n a ee <wb> ei s a ii <wb> k a o sh a i sh a <wb> k a ii <wb> t a o <wb> bh a aa r a t a ii y a <wb> j a n a t a aa <wb> n a aa r a aa z a <wb> h a o <wb> g a ii
hindi_female_008338|h a m a n a ee <wb> k a sh a m a ii r a i y a o q <wb> p a r a <wb> g a aa n a aa <wb> b a n a aa n a ee <wb> k a aa <wb> p a h a l a aa <wb> h a kq a <wb> bh a aa r a t a <wb> k a o <wb> h a ii <wb> d a i y a aa <wb> th a aa
hindi_female_008343|p a aa k a i s a t a aa n a ii <wb> a khq a b a aa r a <wb> dx a n a <wb> m a ee q <wb> p a q d a r a h a <wb> n a w a q b a r a <wb> k a o <wb> ch a p a ii <wb> khq a b a r a <wb> k a ee <wb> m a u t a aa b a i kq a <wb> c a uu q k a i <wb> b a h a u t a <wb> s a ee <wb> p a aa k a i s a t a aa n a ii <wb> k a l a aa k a aa r a <wb> bh a aa r a t a <wb> k a ee <wb> l a i ee <wb> bh a ii <wb> k a aa m a <wb> k a r a t a ee <wb> h a ei q <wb> ei s a ee <wb> m a ee q <wb> z a y a aa d a aa t a r a <wb> k a l a aa k a aa r a <wb> sh a u r a uu aa t a <wb> m a ee q <wb> i s a <wb> g a aa n a ee <wb> k a ee <wb> l a i ee <wb> t a ei y a aa r a <wb> n a h a ii q <wb> h a u ee
hindi_female_008347|s a aa th a <wb> h a ii <wb> p a aa k a i s a t a aa n a <wb> k a ee <wb> l a o g a o q <wb> s a ee <wb> k a sh a m a ii r a <wb> k a ee <wb> s a q gh a r a sx a <wb> m a ee q <wb> u n a k a aa <wb> s a aa th a <wb> d a ee n a ee <wb> k a ii <wb> a p a ii l a <wb> k a ii <wb> h a ei
hindi_female_008373|a khq a b a aa r a <wb> k a ee <wb> m a u t a aa b a i k a <wb> m a q g a l a w a aa r a <wb> k a o <wb> u t a t a r a <wb> p a sh a c a i m a <wb> d a i l a l a ii <wb> m a ee q <wb> a p a n a ee <wb> d a o <wb> b a c a c a o q <wb> k a ii <wb> k a th a i t a <wb> t a ou r a <wb> p a r a <wb> s a o t a ee <wb> w a k a t a <wb> j a aa n a <wb> l a ee <wb> l a ii
hindi_female_008380|h a i q d a u s a t a aa n a <wb> tx a aa i m a s a <wb> k a ii <wb> khq a b a r a <wb> k a ee <wb> m a u t a aa b a i k a <wb> ee k a <wb> m a h a i l a aa <wb> c a aa l a k a <wb> n a ee <wb> k a th a i t a <wb> t a ou r a <wb> p a r a <wb> n a sh a ee <wb> k a ii <wb> h a aa l a t a <wb> m a ee q <wb> p a aa q c a <wb> l a o g a o q <wb> p a r a <wb> g a aa dxq a ii <wb> c a dxhq a aa <wb> d a ii
hindi_female_008385|i n a <wb> h a m a l a o q <wb> m a ee q <wb> p a aa q c a <wb> b a c a c a o q <wb> s a m a ee t a <wb> k a m a <wb> s a ee <wb> k a m a <wb> i k a k a ii s a <wb> l a o g a o q <wb> k a ii <wb> m a ou t a <wb> k a ii <wb> khq a b a r a <wb> h a ei
hindi_female_008391|u n a h a o q n a ee <wb> k a h a aa <wb> h a m a aa r a ee <wb> uu p a r a <wb> w a i m a aa n a <wb> h a ei q
hindi_female_008428|ei s a aa <wb> i s a l a i ee <wb> h a u aa <wb> k a i <wb> y a ee <wb> s a bh a ii <wb> k a ee <wb> l a i ee <wb> kh a u l a aa <wb> th a aa
hindi_female_008432|s a ii r a i y a aa <wb> m a ee q <wb> j a aa r a ii <wb> s a q gh a r a sx a <wb> k a ee <wb> b a ii c a <wb> b a c a p a n a <wb> kh a o <wb> s a aa <wb> g a y a aa <wb> h a ei
hindi_female_008450|l a ee k a i n a <wb> j a ei s a ee <wb> j a ei s a ee <wb> s a m a jh a <wb> b a dxhq a ii <wb> u s a k a aa <wb> kh a aa n a ee <wb> k a aa <wb> a q d a aa z a <wb> bh a ii <wb> b a d a l a aa
hindi_female_008451|ou r a <wb> i s a k a ee <wb> s a aa th a <wb> h a ii <wb> p a uu r a ii <wb> m a aa n a w a <wb> j a aa t a i <wb> h a m a ee sh a aa <wb> k a ee <wb> l a i ee <wb> b a d a l a <wb> g a ii
hindi_female_008452|aa g a <wb> k a ii <wb> kh a o j a <wb> n a ee <wb> i s a <wb> d a i sh a aa <wb> m a ee q <wb> ou r a <wb> a h a m a <wb> r a o l a <wb> n a i bh a aa y a aa
hindi_female_008454|i q s a aa n a <wb> k a ee <wb> i t a i h a aa s a <wb> m a ee q <wb> aa g a <wb> k a ee <wb> b a aa d a <wb> d a uu s a r a aa <wb> a h a m a <wb> kq a d a m a <wb> th a aa <wb> kh a ee t a ii
hindi_female_008462|d a ee kh a t a ee <wb> h a ii <wb> d a ee kh a t a ee <wb> s a bh a y a t a aa o q <wb> k a aa <wb> u d a y a <wb> h a u aa
hindi_female_008464|b a dxhq a t a ii <wb> aa b a aa d a ii <wb> k a ee <wb> l a i ee <wb> b a dxq a ii <wb> m a aa t a r a aa <wb> m a ee q <wb> kh a aa n a ee <wb> k a ii <wb> z a r a uu r a t a <wb> th a ii
hindi_female_008466|p a k a aa <wb> h a u aa <wb> kh a aa n a aa <wb> j a b a <wb> ee k a <wb> j a g a h a <wb> s a ee <wb> d a uu s a r a ii <wb> j a g a h a <wb> j a aa t a aa <wb> th a aa <wb> t a o <wb> u s a k a ee <wb> khq a r a aa b a <wb> h a o n a ee <wb> k a aa <wb> dx a r a <wb> r a h a t a aa <wb> th a aa
hindi_female_008467|i s a <wb> m a u sh a k a i l a <wb> s a ee <wb> p a aa r a <wb> p a aa n a ee <wb> k a ee <wb> l a i ee <wb> ei s a ee <wb> b a r a t a n a <wb> b a n a aa ee <wb> g a ee <wb> j a i n a m a ee q <wb> kh a aa n a aa <wb> l a q b a ee <wb> s a m a y a <wb> t a k a <wb> txh a ii k a <wb> r a h a t a aa <wb> th a aa
hindi_female_008469|ee k a <wb> s a m a y a <wb> th a aa <wb> j a b a <wb> kh a aa n a aa <wb> p a k a aa n a ee <wb> y a aa <wb> g a r a m a <wb> k a r a n a ee <wb> k a ee <wb> l a i ee <wb> gh a q tx a o q <wb> l a g a t a ee <wb> th a ee
hindi_female_008471|kh a aa n a aa <wb> kh a aa n a ee <wb> k a ii <wb> aa d a t a <wb> b a d a l a n a ee <wb> k a ee <wb> s a aa th a <wb> h a ii <wb> kh a aa n a aa <wb> b a n a aa n a ee <wb> ou r a <wb> u s a ee <wb> r a kh a n a ee <wb> k a ee <wb> t a r a ii kq a ee <wb> bh a ii <wb> b a d a l a n a ee <wb> l a g a ee
hindi_female_008481|dh a r a t a ii <wb> k a ee <wb> m a aa h a ou l a <wb> p a r a <wb> bh a ii <wb> i s a k a aa <wb> a s a r a <wb> p a dxq a aa <wb> h a ei
hindi_female_008495|k a u ch a <wb> k a o <wb> u s a <wb> w a kq a t a <wb> j a n a m a <wb> l a ee n a aa <wb> a c a ch a aa <wb> l a g a ee <wb> j a b a <wb> i q s a aa n a <wb> n a ee <wb> kq a l a m a <wb> ou r a <wb> k a aa gq a z a <wb> k a aa <wb> i s a t a ee m a aa l a <wb> sh a u r a uu <wb> k a i y a aa
hindi_female_008497|y a aa <wb> k a u ch a <wb> l a o g a <wb> sh a ee k a s a p a i y a r a <wb> k a ee <wb> d a ou r a <wb> m a ee q <wb> p a ei d a aa <wb> h a o n a aa <wb> c a aa h a ee q g a ee
hindi_female_008499|m a g a r a <wb> h a m a <wb> aa p a k a o <wb> b a t a aa <wb> d a ee q <wb> k a i <wb> aa p a k a o <wb> u s a <wb> d a ou r a <wb> m a ee q <wb> p a ei d a aa <wb> h a o n a ee <wb> p a r a <wb> bh a aa r a ii <wb> kq a ii m a t a <wb> bh a ii <wb> c a u k a aa n a ii <wb> h a o g a ii
hindi_female_008508|h a m a aa r a ii <wb> z a i q d a g a ii <wb> h a m a aa r a aa <wb> r a h a n a <wb> s a h a n a <wb> k a aa f a ii <wb> b a ee h a t a r a <wb> h a u aa <wb> h a ei
hindi_female_008511|w a o <wb> k a h a t a ee <wb> h a ei q <wb> k a i <wb> i q s a aa n a <wb> k a ii <wb> ou s a t a <wb> u m a r a <wb> j a i t a n a ii <wb> p a i ch a l a ee <wb> p a c a aa s a <wb> s a aa l a o q <wb> m a ee q <wb> b a dxhq a ii <wb> h a ei <wb> u t a n a ii <wb> p a i ch a l a ee <wb> ee k a <wb> h a z a aa r a <wb> s a aa l a <wb> m a ee q <wb> bh a ii <wb> n a h a ii q <wb> b a dxhq a ii
hindi_female_008521|h a r a <wb> i q s a aa n a <wb> k a o <wb> p a ee tx a <wb> bh a r a <wb> kh a aa n a aa <wb> m a u h a ei y a aa <wb> k a r a aa n a aa <wb> u s a ee <wb> a c a ch a ii <wb> sh a i k a sx a aa <wb> ou r a <wb> r a o z a g a aa r a <wb> d a ee n a aa <wb> h a m a aa r a ee <wb> l a i ee <wb> c a u n a ou t a ii <wb> b a n a ee <wb> h a u ee <wb> h a ei q
hindi_female_008522|ph a i r a <wb> dh a r a t a ii <wb> k a aa <wb> b a dxhq a t a aa <wb> t a aa p a m a aa n a <wb> h a m a aa r a ee <wb> a s a t a i t a w a <wb> k a ee <wb> l a i ee <wb> h a ii <wb> khq a t a r a aa <wb> b a n a t a aa <wb> j a aa <wb> r a h a aa <wb> h a ei
hindi_female_008523|k a o ii <wb> ee k a <wb> i q s a aa n a <wb> dh a r a t a ii <wb> k a o <wb> b a d a l a <wb> d a ee <wb> ei s a aa <wb> t a o <wb> n a h a ii q
hindi_female_008524|i s a k a ee <wb> l a i ee <wb> s a bh a ii <wb> k a o <wb> k a o sh a i sh a <wb> k a r a n a ii <wb> h a o g a ii
hindi_female_008525|a g a r a <wb> h a m a <wb> t a m a aa m a <wb> w a i sh a ee sx a j a nj a o q <wb> k a ee <wb> s a aa th a <wb> m a i l a k a r a <wb> c a r a c a aa <wb> k a r a ee q <wb> t a o <wb> b a ee h a t a r a <wb> bh a w a i sx a y a <wb> k a ee <wb> n a ee <wb> r a aa s a t a ee <wb> n a i k a l a <wb> s a k a t a ee <wb> h a ei q
hindi_female_008534|s a q j a y a <wb> p a aa txh a k a <wb> n a ee <wb> y a ee <wb> s a i l a s a i l a aa <wb> s a aa l a <wb> d a o <wb> h a z a aa r a <wb> n a ou <wb> m a ee q <wb> d a o <wb> b a aa l a i k a aa <wb> kh a i l a aa dxq a i y a o q <wb> k a ee <wb> s a aa th a <wb> sh a u r a uu <wb> k a i y a aa <wb> th a aa <wb> j a o <wb> aa j a <wb> b a dxq a aa <wb> r a uu p a <wb> l a ee <wb> c a u k a aa <wb> h a ei
hindi_female_008549|g a y a aa r a h a w a ii q <wb> k a ii <wb> ch a aa t a r a aa <wb> a m a rq t a aa <wb> s a aa l a <wb> d a o <wb> h a z a aa r a <wb> b a aa r a h a <wb> m a ee q <wb> p a h a l a ii <wb> b a aa r a <wb> u s a <wb> b a i h a aa r a <wb> tx a ii m a <wb> k a ii <wb> s a d a s a y a <wb> r a h a ii q <wb> j a i s a n a ee <wb> m a nx a i p a u r a <wb> m a ee q <wb> r a j a t a <wb> p a d a k a <wb> j a ii t a aa
hindi_female_008560|a g a r a <wb> y a ee <wb> s a b a <wb> n a h a ii q <wb> m a i l a aa <wb> t a o <wb> y a ee <wb> p a ou dh a ee <wb> ee k a <wb> d a i n a <wb> s a uu kh a <wb> j a aa ee q g a ee
hindi_female_008562|i s a <wb> s a m a y a <wb> ee k a <wb> d a i n a <wb> m a ee q <wb> l a o g a <wb> s a aa dxhq a ee <wb> c a aa r a <wb> h a z a aa r a <wb> r a uu p a ee <wb> b a d a l a <wb> s a k a t a ee <wb> h a ei q <wb> l a ee k a i n a <wb> sh a u k a r a w a aa r a <wb> s a ee <wb> y a h a <wb> s a ii m a aa <wb> k a m a <wb> k a r a <wb> k a ee <wb> d a o <wb> h a z a aa r a <wb> r a uu p a ee <wb> k a r a <wb> d a ii <wb> g a ii <wb> h a ei
hindi_female_008571|l a ee k a i n a <wb> g a aa q w a <wb> k a ee <wb> c a ou k a <wb> p a r a <wb> y a aa <wb> s a th a aa n a ii y a <wb> c a aa y a <wb> k a ii <wb> d a u k a aa n a <wb> p a r a <wb> b a h a u t a <wb> k a m a <wb> l a o g a <wb> d a i kh a aa ii <wb> d a ee <wb> r a h a ee <wb> h a ei q
hindi_female_008572|kh a ee t a ii <wb> k a ee <wb> i s a <wb> m a ou s a m a <wb> m a ee q <wb> j a b a <wb> k a i s a aa n a <wb> ou r a <wb> m a z a d a uu r a <wb> kh a ee t a o q <wb> m a ee q <wb> h a o t a ee <wb> h a ei q <wb> w a h a aa q <wb> k a o ii <wb> n a h a ii q <wb> d a i kh a aa ii <wb> d a ee <wb> r a h a aa <wb> h a ei
hindi_female_008574|w a h a aa q <wb> t a k a r a ii b a n a <wb> p a c a aa s a <wb> l a o g a <wb> p a h a l a ee <wb> s a ee <wb> h a ii <wb> k a t a aa r a <wb> m a ee q <wb> kh a dxq a ee <wb> h a ei q
hindi_female_008576|m a ei q <wb> u n a <wb> l a o g a o q <wb> s a ee <wb> b a aa t a c a ii t a <wb> sh a u r a uu <wb> k a r a t a aa <wb> h a uu q
hindi_female_008577|n a i z a aa m a <wb> kh a aa n a <wb> k a h a t a ee <wb> h a ei q <wb> p a i ch a l a ee <wb> k a u ch a <wb> d a i n a o q <wb> s a ee <wb> i s a ii <wb> t a r a h a <wb> s a ee <wb> c a l a <wb> r a h a aa <wb> h a ei
hindi_female_008578|b a ei q k a <wb> kh a u l a t a aa <wb> h a ei <wb> ou r a <wb> p a ei s a aa <wb> j a l a d a <wb> h a ii <wb> kh a t a m a <wb> h a o <wb> j a aa t a aa <wb> h a ei
hindi_female_008584|l a ee k a i n a <wb> k a t a aa r a <wb> i t a n a ii <wb> l a q b a ii <wb> h a o t a ii <wb> h a ei <wb> k a i <wb> n a q b a r a <wb> aa t a ee <wb> aa t a ee <wb> b a ei q k a <wb> k a aa <wb> k a ei sh a <wb> khq a t a m a <wb> h a o <wb> j a aa t a aa <wb> h a ei
hindi_female_008588|kh a u l a ee <wb> p a ei s a ee <wb> d a ee n a ee <wb> k a ee <wb> l a i ee <wb> b a ei q k a <wb> k a ee <wb> p a aa s a <wb> aa j a <wb> k a ei sh a <wb> n a h a ii q <wb> h a ei
hindi_female_008592|m a ee r a aa <wb> b a ei q k a <wb> p a aa q c a <wb> g a aa q w a o q <wb> k a o <wb> s a r a w a i s a <wb> d a ee t a aa <wb> h a ei
hindi_female_008596|z a m a ii n a <wb> p a r a <wb> m a aa th a aa <wb> p a k a dxq a k a r a <wb> b a ei txh a <wb> j a aa t a ee <wb> h a ei q
hindi_female_008599|ee k a <wb> m a h a i l a aa <wb> n a ee <wb> b a t a aa y a aa <wb> k a i <wb> u s a k a ii <wb> r a s a o ii <wb> m a ee q <wb> k a u ch a <wb> n a h a ii q <wb> h a ei
hindi_female_008600|h a m a aa r a ee <wb> p a aa s a <wb> kh a aa n a ee <wb> k a ee <wb> l a i ee <wb> k a u ch a <wb> n a h a ii q <wb> b a c a aa <wb> h a ei
hindi_female_008601|m a ei q <wb> c a aa y a <wb> c a ii n a ii <wb> ou r a <wb> aa tx a aa <wb> kh a r a ii d a n a ee <wb> k a ii <wb> u m a m a ii d a <wb> k a r a <wb> r a h a ii <wb> th a ii
hindi_female_008612|u n a k a ee <wb> h a aa th a <wb> m a ee q <wb> p a ei s a o q <wb> k a aa <wb> ee k a <wb> b a ei g a <wb> h a ei
hindi_female_008621|m a ei q <wb> a bh a ii <wb> aa p a k a o <wb> j a o <wb> b a t a aa n a ee <wb> j a aa <wb> r a h a aa <wb> h a uu q <wb> u s a ee <wb> j a aa n a n a ee <wb> k a ee <wb> b a aa d a <wb> sh a aa y a d a <wb> h a ii <wb> aa p a k a aa <wb> d a i l a <wb> aa p a k a o <wb> c a aa y a <wb> p a ii n a ee <wb> k a ii <wb> i j a aa z a t a <wb> d a ee
hindi_female_008641|i s a <wb> h a f a t a ee <wb> aa ii <wb> w a r a l a dx a <wb> b a ei q k a <wb> k a ii <wb> r a i p a o r a tx a <wb> n a ee <wb> u s a k a ee <wb> khq a u d a <wb> k a ee <wb> p a r a y a aa s a o q <wb> k a o <wb> h a ii <wb> dh a k a k a aa <wb> p a h a u q c a aa y a aa <wb> h a ei
hindi_female_008643|i s a <wb> r a i p a o r a tx a <wb> k a ee <wb> aa n a ee <wb> k a ee <wb> b a aa d a <wb> l a g a t a aa <wb> h a ei <wb> k a i <wb> y a ee <wb> k a o sh a i sh a <wb> a s a ph a l a <wb> s a aa b a i t a <wb> h a u ii <wb> h a ei
hindi_female_008675|w a s a aa <wb> bh a o j a n a <wb> k a aa <wb> ee k a <wb> aa w a sh a y a k a <wb> bh a aa g a <wb> h a ei <wb> ou r a <wb> h a m a aa r a ee <wb> sh a r a ii r a <wb> k a ee <wb> b a h a u t a <wb> s a aa r a ee <wb> k a aa m a o q <wb> m a ee q <wb> u p a y a o g a ii <wb> s a aa b a i t a <wb> h a o t a aa <wb> h a ei
hindi_female_008676|y a h a <wb> uu r a j a aa <wb> k a aa <wb> ee k a <wb> txh a o s a <wb> s a aa dh a n a <wb> h a ei <wb> ou r a <wb> n a ou <wb> k a i l a o <wb> k a ei l a o r a ii <wb> p a r a t a i <wb> g a r a aa m a <wb> uu r a j a aa <wb> k a aa <wb> u t a p a aa d a n a <wb> k a r a t a aa <wb> h a ei
hindi_female_008700|bh a aa r a t a <wb> s a m a ee t a <wb> h a r a <wb> j a g a h a <wb> h a aa l a aa q k a i <wb> m a o t a i y a o q <wb> k a ii <wb> m a aa mq g a <wb> b a dxhq a t a ii <wb> j a aa <wb> r a h a ii <wb> h a ei <wb> l a ee k a i n a <wb> d a o h a n a <wb> ou r a <wb> p a r a d a uu sx a nx a <wb> s a ee <wb> i n a k a ii <wb> s a q kh a y a aa <wb> gh a tx a t a ii <wb> j a aa <wb> r a h a ii <wb> h a ei
hindi_female_008701|y a h a <wb> aa k a aa r a <wb> m a ee q <wb> ch a o tx a aa <wb> h a o t a aa <wb> ou r a <wb> i s a k a ii <wb> aa k a rq t a i <wb> b a r a aa b a r a <wb> n a h a ii q <wb> h a o t a ii
hindi_female_008704|g a u nx a w a t a t a aa <wb> k a ee <wb> k a aa r a nx a <wb> s a uu k a sx a m a <wb> kh a ee t a ii <wb> k a sx a ee t a r a <wb> k a ee <wb> s a bh a ii <wb> u t a p a aa d a <wb> b a aa j a aa r a o q <wb> m a ee q <wb> aa k a r a sx a k a <wb> p a r a ii m a i y a m a <wb> p a r a d a aa n a <wb> k a r a t a aa <wb> h a ei
hindi_female_008720|y a ee <wb> s a b a <wb> k a u ch a <wb> m a ou s a m a <wb> m a ee q <wb> h a o n a ee <wb> w a aa l a ee <wb> b a d a l a aa w a <wb> k a ee <wb> k a aa r a nx a <wb> h a o t a aa <wb> h a ei
hindi_female_008738|k a n a y a aa <wb> bh a r a uu nx a <wb> h a t a y a aa <wb> l a dxq a k a o q <wb> k a o <wb> p a r a aa th a m a i k a t a aa <wb> d a ee n a ee <wb> t a th a aa <wb> k a n a y a aa <wb> j a n a m a <wb> s a ee <wb> j a u dxq a ee <wb> n a i m a n a <wb> m a uu l a y a <wb> k a ee <wb> k a aa r a nx a <wb> j a aa n a <wb> b a uu jh a k a r a <wb> k a ii <wb> g a ii <wb> k a n a y a aa <wb> sh a i sh a u <wb> k a ii <wb> h a t a y a aa <wb> h a o t a ii <wb> h a ei
hindi_female_008742|s a r a k a aa r a <wb> d a w a aa r a aa <wb> u n a k a ee <wb> s a w a s a th a <wb> ee w a q <wb> s a aa r a th a k a <wb> j a ii w a n a <wb> k a ii <wb> k a sx a m a t a aa <wb> k a o <wb> s a u n a i sh a c a i t a <wb> k a i y a aa <wb> j a aa n a aa <wb> c a aa h a i ee
hindi_female_008749|g a r a m a i y a o q <wb> k a ee <wb> d a i n a o q <wb> m a ee q <wb> w a ee <wb> p a q kh a <wb> kh a o l a k a r a <wb> r a o t a ee <wb> th a ee
hindi_female_008755|m a u jh a ee <wb> s a uu kh a ee <wb> p a aa n a ii <wb> k a ii <wb> p a y a aa s a <wb> l a g a ii <wb> h a ei
hindi_female_008761|u t a t a r a <wb> d a k a sx a i nx a <wb> m a ee q <wb> b a aa r a i sh a <wb> h a o n a ee <wb> k a ii <wb> s a ee w a aa <wb> n a h a ii q <wb> th a ii
hindi_female_008774|c a uu h a ee <wb> n a ee <wb> g a u s a s a ee <wb> m a ee q <wb> h a aa th a ii <wb> k a o <wb> k a aa tx a aa
hindi_female_008775|g a ii t a <wb> g a aa t a ee <wb> u s a k a ii <wb> s a aa q s a ee q <wb> r a u k a <wb> g a y a ii
hindi_female_008779|k a r a n a aa tx a k a <wb> k a ee <wb> m a u kh a y a <wb> m a q t a r a ii <wb> k a ee r a l a <wb> m a ee q <wb> k a aa m a <wb> k a r a t a ee <wb> h a ei q
hindi_female_008780|r a aa j a s a th a aa n a <wb> m a ee q <wb> p a aa n a ii <wb> k a ii <wb> k a m a ii <wb> n a h a ii <wb> h a ei
hindi_female_008782|d a k a sx a i nx a <wb> bh a aa r a t a <wb> m a ee q <wb> r a o tx a ii <wb> kh a aa y a aa <wb> j a aa t a aa <wb> h a ei
hindi_female_008784|k a aa m a <wb> t a o <wb> r a aa t a <wb> m a ee q <wb> h a ii <wb> k a r a n a aa <wb> c a aa h a i ee
hindi_female_008789|c a m a k a t a ee <wb> h a u ee <wb> t a aa r a o q <wb> k a ee <wb> s a aa th a <wb> m a t a <wb> kh a ee l a o
hindi_female_008792|k a ou ee <wb> k a ee <wb> s a i r a <wb> p a r a <wb> s a o n a aa <wb> m a i l a t a aa <wb> h a ei
hindi_female_008798|p a dxhq a n a aa <wb> l a i kh a n a aa <wb> aa p a k a ee <wb> aa n a ee <wb> s a ee <wb> kh a u sh a <wb> h a ei q
hindi_female_008802|r a s a o ii <wb> m a ee q <wb> m a k a aa n a <wb> w a aa l a ii <wb> s a u n a aa <wb> r a h a ii <wb> h a ei
hindi_female_008804|s a m a y a <wb> k a ee <wb> s a aa th a <wb> k a ou n a <wb> p a r a ee sh a aa n a <wb> k a r a t a aa <wb> h a ei
hindi_female_008809|gh a r a <wb> m a ee q <wb> p a r a w a ee sh a <wb> k a r a t a ee <wb> h a ii <wb> aa n a q d a <wb> k a aa <wb> t a y a o h a aa r a <wb> h a ei
hindi_female_008811|w a i r a o dh a <wb> k a ee <wb> l a i ee <wb> bh a ii kh a <wb> m a ee q <wb> m a i l a ii <wb> aa sh a aa
hindi_female_008819|c a uu h a aa <wb> n a ee <wb> d a ee kh a aa <wb> k a i <wb> s a uu r a j a <wb> n a i k a l a <wb> aa y a aa <wb> h a ei
hindi_female_008821|a p a n a ee <wb> b a r a g a d a <wb> k a ee <wb> p a aa s a <wb> p a h a u mq c a <wb> k a r a <wb> h a ii <wb> d a m a <wb> l a o
hindi_female_008830|u s a ee <wb> aa j a <wb> bh a ii <wb> w a i sh a w a aa s a <wb> n a h a ii q <wb> h a o t a aa <wb> h a ei
hindi_female_008833|u s a k a ii <wb> aa q kh a <wb> b a c a aa k a r a <wb> n a i k a l a <wb> s a k a t a aa <wb> h a ei
hindi_female_008868|sh a ee r a <wb> j a aa n a t a aa <wb> th a aa <wb> k a i <wb> s a i y a aa r a <wb> k a aa <wb> a s a l a <wb> m a k a s a d a <wb> u s a k a ee <wb> d a w a aa r a aa <wb> ch a o dxq a aa <wb> g a y a aa <wb> sh a i k a aa r a <wb> kh a aa n a aa <wb> h a ei <wb> p a r a <wb> u s a n a ee <wb> s a o c a aa <wb> k a i <wb> c a l a o <wb> i s a k a ee <wb> s a aa th a <wb> r a h a n a ee <wb> s a ee <wb> m a ee r a ee <wb> k a y a aa <wb> j a aa t a aa <wb> h a ei <wb> n a h a ii q <wb> k a u ch a <wb> t a o <wb> ch a o tx a ee <wb> m a o tx a ee <wb> k a aa m a <wb> h a ii <wb> k a r a <wb> d a i y a aa <wb> k a r a ee g a aa <wb> ou r a <wb> u s a n a ee <wb> s a i y a aa r a <wb> k a o <wb> a p a n a ee <wb> s a aa th a <wb> r a h a n a ee <wb> k a ii <wb> a n a u m a t a i <wb> d a ee <wb> d a ii
hindi_female_008878|p a i t a aa <wb> w a o <wb> k a ei s a ee <wb> l a o g a o q <wb> n a ee <wb> p a uu ch a aa
hindi_female_008893|a g a l a ii <wb> s a u b a h a <wb> b a aa b a aa <wb> a j a y a <wb> s a ee <wb> m a i l a ee <wb> ou r a <wb> p a uu ch a aa <wb> k a h a o <wb> b a ee tx a aa <wb> n a ii q d a <wb> a c a ch a ii <wb> aa ii
hindi_female_008898|t a o <wb> h a m a ee q <wb> k a y a aa <wb> k a r a n a aa <wb> c a aa h a i ee <wb> a j a y a <wb> n a ee <wb> j a i j a nj a aa s a aa w a sh a <wb> p a uu ch a aa
hindi_female_008936|b a h a u t a <wb> s a m a y a <wb> p a h a l a ee <wb> k a ii <wb> b a aa t a <wb> h a ei <wb> k a i s a ii <wb> j a q g a l a <wb> m a ee q <wb> ee k a <wb> g a dh a aa <wb> b a r a g a d a <wb> k a ee <wb> p a ee dxq a <wb> k a ee <wb> n a ii c a ee <wb> l a ee tx a <wb> k a r a <wb> aa r a aa m a <wb> k a r a <wb> r a h a aa <wb> th a aa
hindi_female_008944|k a i s a n a ee <wb> k a h a aa <wb> y a ee <wb> s a b a <wb> sh a ee r a <wb> n a ee <wb> p a r a sh a n a <wb> k a i y a aa
hindi_female_008946|g a dh a ee <wb> k a o <wb> m a h a aa r a aa j a <wb> k a ee <wb> s a aa m a n a ee <wb> b a u l a aa y a aa <wb> g a y a aa <wb> t a u m a h a ee <wb> k a ei s a ee <wb> p a t a aa <wb> c a l a aa <wb> k a i <wb> dh a r a t a ii <wb> ph a tx a <wb> r a h a ii <wb> h a ei <wb> sh a ee r a <wb> n a ee <wb> g a u s a s a ee <wb> s a ee <wb> p a uu ch a aa
hindi_female_008996|p a r a <wb> m a ee r a ee <wb> p a aa s a <wb> p a ei r a <wb> n a h a ii q <wb> h a ei q <wb> m a ei q <wb> k a ei s a ee <wb> u s a <wb> k a u ee q <wb> k a ee <wb> p a aa s a <wb> p a h a u mq c a <wb> k a r a <wb> t a u m a h a aa r a ee <wb> d a u sh a m a n a <wb> k a o <wb> m a aa r a <wb> s a k a t a aa <wb> h a uu mq
hindi_female_009105|i s a l a i ee <wb> k a h a t a ee <wb> h a ei q <wb> k a ii <wb> b a l a <wb> s a ee <wb> b a u d a dh a i <wb> b a dxq a ii <wb> h a o t a ii <wb> h a ei
hindi_female_009134|u s a <wb> p a r a <wb> i n a <wb> c a aa r a <wb> k a w a i y a o q <wb> k a aa <wb> g a h a r a aa <wb> a s a r a <wb> h a ei
hindi_female_009135|i s a ee <wb> k a ii <wb> b a aa r a <wb> m a q c a i t a <wb> bh a ii <wb> k a i y a aa <wb> g a y a aa <wb> h a ei
hindi_female_009138|d a uu s a r a ii <wb> t a r a f a <wb> s a aa k a sx a aa t a k a aa r a <wb> m a ee q <wb> w a ee <wb> s a u q d a r a <wb> k a ee <wb> w a i r a uu d a dh a <wb> a p a n a ii <wb> r a nx a n a ii t a i <wb> k a ee <wb> b a aa r a ee <wb> m a ee q <wb> b a aa t a <wb> k a r a t a ee <wb> h a ei q
hindi_female_009140|a p a n a ee <wb> w a y a k a t a i t a w a <wb> ou r a <wb> w a aa d a <wb> d a o n a o q <wb> s a ee <wb> w a ee <wb> sh a aa s a t a r a ii y a <wb> s a q g a ii t a <wb> m a ee q <wb> ee k a <wb> n a ee <wb> tx a aa ii p a <wb> th a ee
hindi_female_009142|y a t a ii n a d a r a <wb> m a i sh a r a <wb> k a aa <wb> s a u r a <wb> k a ii <wb> b a aa r a aa d a r a ii <wb> i s a <wb> n a aa m a <wb> s a ee <wb> p a ee q g a w a i n a <wb> y a aa t a r a aa <wb> s a ee <wb> sh a ii gh a r a <wb> p a r a k a aa sh a y a <wb> p a u s a t a k a <wb> s a ee <wb> l a i y a aa <wb> g a y a aa <wb> h a ei <wb> j a o <wb> u n a k a ii <wb> k a l a aa <wb> s a th a aa n a ii y a <wb> p a r a m a p a r a aa <wb> u n a k a ee <wb> w a y a k a t a i t a w a <wb> k a o <wb> ee k a <wb> s a aa th a <wb> p a dxhq a t a ii <wb> h a ei
hindi_female_009143|u s a t a aa d a <wb> k a o <wb> tx a r a i b a y a uu tx a <wb> k a ii <wb> t a r a h a <wb> l a i kh a aa <wb> g a y a aa <wb> w a y a o m a ee sh a <wb> sh a u k a l a <wb> k a aa <wb> g a d a y a <wb> u n a k a ii <wb> k a l a aa <wb> k a o <wb> s a aa q s a k a rq t a i k a <wb> r a aa j a n a ii t a i <wb> k a ee <wb> p a r a t a i r a o dh a <wb> k a ee <wb> s a q k a ee t a o q <wb> k a ii <wb> t a r a h a <wb> d a ee kh a t a aa <wb> h a ei
hindi_female_009148|m a t a l a b a <wb> k a i <wb> bh a aa sx a aa <wb> ee k a <wb> ee k a sh a n a <wb> n a h a ii q <wb> p a r a k a rq t a i <wb> k a o <wb> d a ee kh a k a r a <wb> d a i y a aa <wb> g a y a aa <wb> h a m a aa r a aa <wb> r a i ee k a sh a n a <wb> m a aa t a r a <wb> h a ei
hindi_female_009149|s a uu r a j a <wb> k a o <wb> d a ee kh a k a r a <wb> h a r a <wb> p a r a j a aa t a i <wb> k a ee <wb> m a n a u sx a y a <wb> k a ee <wb> m a u mq h a <wb> s a ee <wb> r a aa <wb> h a ii <wb> n a i k a l a aa
hindi_female_009153|u s a k a ee <wb> d a o s a t a <wb> p a r a ee m a i k a aa ee mq <wb> ou r a <wb> r a i sh a t a ee d a aa r a <wb> u s a ee <wb> i s a ii <wb> n a aa m a <wb> s a ee <wb> b a u l a aa t a ee <wb> th a ee <wb> ou r a <wb> w a o <wb> bh a ii <wb> a k a s a r a <wb> s a m a jh a <wb> j a aa t a aa <wb> th a aa <wb> k a i <wb> k a w a ei q <wb> u s a ii <wb> k a o <wb> s a q b a o dh a i t a <wb> h a ei
hindi_female_009156|u s a ee <wb> j a q g a l a ii <wb> j a aa n a <wb> w a r a o q <wb> s a ee <wb> dx a r a <wb> l a g a t a aa <wb> th a aa
hindi_female_009168|a b a <wb> k a w a ei q <wb> k a aa <wb> d a i n a <wb> d a o <wb> h a i s a s a o q <wb> m a ee q <wb> b a mq tx a <wb> g a y a aa
hindi_female_009172|i s a <wb> b a ii c a <wb> k a w a ei q <wb> n a ee <wb> a p a n a ee <wb> k a b a ii l a ee <wb> w a aa l a o q <wb> k a ee <wb> s a aa th a <wb> kh a aa n a aa <wb> b a i l a k a u l a <wb> h a ii <wb> b a q d a <wb> k a r a <wb> d a i y a aa
hindi_female_009183|u s a k a ee <wb> b a aa d a <wb> k a w a ei q <wb> n a ee <wb> n a u k a ii l a ee <wb> p a t a th a r a <wb> u txh a aa <wb> k a r a <wb> kh a uu mq <wb> k a ii <wb> ee k a <wb> ee k a <wb> n a s a <wb> k a aa tx a <wb> dx a aa l a ii
hindi_female_009188|j a i n a <wb> p a t a th a r a o q <wb> p a ee <wb> kh a uu n a <wb> l a g a <wb> g a y a aa <wb> th a aa <wb> u n a h a ee q <wb> w a o <wb> dx a ei n a y a uu b a <wb> m a ee q <wb> dh a o <wb> l a aa y a aa
hindi_female_009190|p a r a <wb> u s a ee <wb> ei s a ee <wb> h a ii <wb> a c a ch a aa <wb> l a g a t a aa <wb> th a aa
hindi_female_009194|w a ee <wb> r a aa g a <wb> k a aa <wb> w a i s a t a aa r a <wb> k a r a n a ee <wb> u s a k a ii <wb> s a q r a c a n a aa <wb> k a ee <wb> b a y a ou r a o q <wb> k a o <wb> u bh a aa r a n a ee <wb> m a ee q <wb> h a m a ee sh a aa <wb> b a ee h a d a <wb> s a dh a ee <wb> h a u ee <wb> ou r a <wb> j a aa g a r a uu k a <wb> r a h a ee <wb> h a ei q
hindi_female_009206|u n a s a ee <wb> m a i l a n a aa <wb> m a o m a i n a <wb> k a ee <wb> u s a <wb> sh a ee r a <wb> s a ee <wb> m a i l a n a aa <wb> h a ei <wb> j a h a aa mq <wb> w a ee <wb> y a h a <wb> d a r a j a <wb> k a r a t a ee <wb> h a ei q <wb> t a u m a <wb> m a ee r a ee <wb> p a aa s a <wb> h a o t a ee <wb> h a o <wb> j a b a <wb> k a o ii <wb> d a uu s a r a aa <wb> n a h a ii q <wb> h a o t a aa
hindi_female_009208|u n a h a ee q <wb> k a aa sh a ii <wb> s a ee <wb> b a ee p a n a aa h a <wb> m a u h a b a b a t a <wb> h a ei
hindi_female_009209|w a ee <wb> sh a h a n a aa ii <wb> k a o <wb> a p a n a ii <wb> p a r a s a t a u t a i <wb> k a aa <wb> ee k a <wb> w a aa d a y a <wb> y a n a t a r a <wb> n a h a ii q <wb> m a aa n a t a ee <wb> b a l a k a i <wb> u s a ee <wb> s a kh a ii <wb> ou r a <wb> m a h a b a uu b a aa <wb> k a h a t a ee <wb> h a ei q
hindi_female_009210|a p a n a ii <wb> p a t a n a ii <wb> k a ee <wb> g a u j a r a <wb> j a aa n a ee <wb> k a ee <wb> b a aa d a <wb> s a ee <wb> u n a k a ii <wb> y a h a <wb> m a h a b a uu b a aa <wb> h a ii <wb> u n a k a ee <wb> s a i r a h a aa n a ee <wb> b a i s a t a r a <wb> p a r a <wb> s a aa th a <wb> s a o t a ii <wb> h a ei <wb> ou r a <wb> a p a n a ee <wb> p a r a ee m a ii <wb> k a o <wb> d a o <wb> ee k a <wb> k a sx a nx a <wb> kh a u d a <wb> k a ii <wb> kh a u sh a ii <wb> b a tx a o r a n a ee <wb> k a aa <wb> b a h a aa n a aa <wb> d a ee t a ii <wb> h a ei
hindi_female_009214|a p a n a ee <wb> bh a r a ee <wb> p a uu r a ee <wb> k a u n a b a ee <wb> k a ee <wb> s a aa th a <wb> r a h a n a aa <wb> ou r a <wb> p a aa mq c a o q <wb> w a k a t a <wb> k a ii <wb> n a m a aa z a <wb> m a ee q <wb> s a q g a ii t a <wb> k a ii <wb> sh a u d a dh a t a aa <wb> k a o <wb> m a i l a aa <wb> d a ee n a aa <wb> u n a h a ee q <wb> b a kh a uu b a ii <wb> aa t a aa <wb> h a ei
hindi_female_009223|k a u l a <wb> m a i l a aa k a r a <wb> k a i s a s a aa <wb> k a o t a aa h a <wb> y a h a <wb> k a i <wb> b a i s a m a i l a l a aa <wb> kh a aa n a <wb> s a i r a f a <wb> ee k a <wb> k a l a aa k a aa r a <wb> n a h a ii q <wb> h a ei q <wb> w a h a <wb> m a aa n a w a ii y a <wb> g a r a i m a aa <wb> k a ii <wb> s a b a s a ee <wb> s a r a l a t a m a <wb> a bh a i <wb> w a y a k a t a i <wb> h a ei q
hindi_female_009227|a j a ii b a <wb> s a ii <wb> p a q k a t a i <wb> n a h a ii q <wb> h a ei <wb> g a q g a aa <wb> k a ii <wb> l a h a r a ee q <wb> j a i t a n a ii <wb> m a uu r a t a <wb> ou r a <wb> y a th a aa r a th a <wb> h a ei q <wb> i t a i h a aa s a <wb> u t a n a aa <wb> h a ii <wb> a m a uu r a t a
hindi_female_009233|l a ou q dx a aa <wb> txh a i txh a o l a ii <wb> ou r a <wb> h a mq s a ii <wb> k a r a <wb> r a h a aa <wb> th a aa <wb> t a o <wb> ph a u n a n a n a <wb> m a i y a aa mq <wb> n a ee <wb> u txh a k a r a <wb> ee k a <wb> ei s a aa <wb> t a m a aa c a aa <wb> m a aa r a aa <wb> k a i <wb> u s a t a aa d a <wb> j a ii <wb> k a ee <wb> b a aa y a ee q <wb> k a ii <wb> g a m a k a <wb> d a b a <wb> g a ii
hindi_female_009236|i s a k a ee <wb> b a aa d a <wb> kh a aa n a <wb> s a aa h a b a <wb> k a o <wb> l a aa kh a <wb> s a m a jh a aa y a aa <wb> j a aa t a aa <wb> h a ei <wb> k a i <wb> ph a u n a n a n a <wb> m a i y a aa mq <wb> k a aa <wb> th a p a p a dx a <wb> u s a <wb> l a ou q dx a ee <wb> k a ee <wb> m a u mq h a <wb> p a r a <wb> n a h a ii q <wb> p a dx a aa <wb> th a aa
hindi_female_009238|w a h a <wb> k a o ii <wb> k a aa m a <wb> n a h a ii q <wb> k a r a t a aa <wb> th a aa <wb> ou r a <wb> aa r a aa m a <wb> s a ee <wb> th a aa
hindi_female_009239|p a h a l a ee <wb> w a h a <wb> d a i n a <wb> r a aa t a <wb> k a aa m a <wb> k a i y a aa <wb> k a r a t a aa <wb> th a aa <wb> ou r a <wb> b a ee aa r a aa m a <wb> th a aa
hindi_female_009243|bh a aa r a t a <wb> ch a o dx a o <wb> aa n a d a o l a n a <wb> k a ee <wb> aa s a p a aa s a <wb> bh a ii dxq a <wb> th a aa n a ee <wb> k a o <wb> gh a ee r a <wb> l a ee t a ii <wb> h a ei
hindi_female_009246|g a o d a aa n a <wb> ch a t a t a ii s a <wb> m a ee q <wb> aa y a aa <wb> th a aa <wb> l a ee k a i n a <wb> c a uu q k a i <wb> r a aa y a s a aa h a b a <wb> k a aa q g a r a ee s a <wb> k a ii <wb> m a ee m a b a r a ii <wb> m a ee q <wb> j a ee l a <wb> bh a ii <wb> h a o <wb> aa ee <wb> th a ee
hindi_female_009247|i s a l a i ee <wb> s a ei q t a aa l a ii s a <wb> k a ee <wb> b a aa d a <wb> bh a ii <wb> u n a k a ii <wb> r a i y a aa s a t a <wb> b a d a l a ee <wb> r a uu p a <wb> m a ee q <wb> c a l a t a ii <wb> r a h a ii <wb> h a o g a ii <wb> ei s a aa <wb> h a m a <wb> m a aa n a <wb> s a k a t a ee q <wb> h a ei q
hindi_female_009251|g a u l a z a aa r a <wb> k a ii <wb> s a m a rq t a i <wb> d a q sh a <wb> k a ii <wb> y a h a <wb> k a w a i t a aa ee mq <wb> d a r a a s a l a <wb> u n a k a ii <wb> bh a aa sx a aa <wb> m a ee q <wb> bh a r a o s a aa <wb> k a r a n a ee <wb> k a ii <wb> w a j a h a <wb> s a ee <wb> h a ii <wb> l a i kh a ii <wb> g a y a ii <wb> h a ei q
hindi_female_009253|i s a <wb> b a aa t a <wb> s a ee <wb> g a u l a z a aa r a <wb> k a aa <wb> k a h a aa n a ii k a aa r a <wb> bh a ii <wb> g a h a r a aa ii <wb> s a ee <wb> bh a ii g a aa <wb> h a u aa <wb> h a ei
hindi_female_009254|u n a k a ii <wb> g a z a l a ee q <wb> bh a ii <wb> i s a <wb> b a aa t a <wb> s a ee <wb> a ch a uu t a ii <wb> n a h a ii q <wb> h a ei q
hindi_female_009255|k a u ch a <wb> g a z a l a o q <wb> k a ii <wb> p a q k a t a i y a aa mq <wb> i s a ii <wb> s a n a d a r a bh a <wb> m a ee q <wb> dh a y a aa n a <wb> d a ee n a ee <wb> y a o g a y a <wb> h a ei q
hindi_female_009256|w a ee <wb> a p a n a ee <wb> aa r a m a bh a i k a <wb> j a ii w a n a <wb> k a ii <wb> n a i t a aa n a t a <wb> s a h a j a <wb> ou r a <wb> aa t a m a ii y a <wb> c a ii z a o q <wb> k a o <wb> sh a aa y a r a ii <wb> k a ee <wb> p a r a i w a aa r a <wb> k a aa <wb> s a d a s a y a <wb> b a n a aa t a ee <wb> h a ei q
hindi_female_009261|ee k a <wb> h a d a <wb> t a k a <wb> h a m a <wb> y a h a <wb> aa s a aa n a ii <wb> s a ee <wb> k a h a <wb> s a k a t a ee <wb> h a ei q <wb> k a i <wb> n a i h a aa y a t a <wb> s a aa dh a aa r a nx a <wb> j a ii w a n a <wb> j a ii n a ee <wb> w a aa l a ee <wb> s a m a aa j a <wb> k a ii <wb> c a ou kh a tx a <wb> p a r a <wb> j a aa k a r a <wb> g a u l a z a aa r a <wb> k a ii <wb> k a w a i t a aa <wb> a p a n a aa <wb> sh a i kh a r a <wb> p a aa t a ii <wb> h a ei
hindi_female_009262|y a h a <wb> a p a n a t a w a <wb> ou r a <wb> u t a k a r a sx a <wb> g a u l a z a aa r a <wb> k a ii <wb> p a uu r a ii <wb> z a i d a g a ii <wb> ou r a <wb> u n a k a ee <wb> a n a ee k a <wb> a n a y a <wb> k a aa r a y a o q <wb> m a ee q <wb> aa s a aa n a ii <wb> s a ee <wb> l a k a sx a i t a <wb> h a o <wb> j a aa <wb> s a k a t a ii <wb> h a ei
hindi_female_009266|g a u l a z a aa r a <wb> k a ii <wb> k a w a i t a aa <wb> k a ii <wb> k a ii <wb> p a r a t a ee q <wb> h a ei q <wb> ou r a <wb> u n a <wb> p a r a t a o q <wb> k a ee <wb> b a ii c a <wb> m a ee q <wb> j a ii w a n a <wb> ou r a <wb> u s a k a ii <wb> w a i s a q g a t a i y a o q <wb> k a ii <wb> a n a g a i n a t a <wb> r a q g a t a ee <wb> h a ei q
hindi_female_009268|i s a <wb> sh a aa y a r a <wb> k a aa <wb> a p a n a aa <wb> f a l a <wb> s a f a aa <wb> p a uu r a ii <wb> r a uu m a aa n a i y a t a <wb> ou r a <wb> j a z a b a aa t a <wb> k a ee <wb> s a aa th a <wb> kh a i l a t a aa <wb> j a aa t a aa <wb> h a ei
hindi_female_009270|i s a <wb> a bh a i w a y a k a t a i <wb> m a ee q <wb> j a h a aa mq <wb> ee k a <wb> o r a <wb> h a m a ee q <wb> k a w a i <wb> k a ee <wb> a n a t a r a m a n a <wb> k a ii <wb> m a h a ii n a <wb> b a u n a aa w a tx a <wb> k a ii <wb> j a aa n a k a aa r a ii <wb> m a i l a t a ii <wb> h a ei
hindi_female_009276|ee k a <wb> d a o <wb> g a ii t a o q <wb> k a ee <wb> u d a aa h a r a nx a <wb> s a ee <wb> y a h a <wb> m a aa r a m a i k a t a aa <wb> s a m a jh a ii <wb> j a aa <wb> s a k a t a ii <wb> h a ei
hindi_female_009278|w a h a <wb> c a aa mq d a <wb> k a ii <wb> u p a s a th a i t a i <wb> h a ei
hindi_female_009285|aa p a <wb> u n a k a ii <wb> gq a z a l a ee q <wb> l a ee q <wb> y a aa <wb> k a o ii <wb> k a w a i t a aa <wb> k a i s a ii <wb> g a ii t a <wb> k a o <wb> tx a tx a o l a ee q <wb> y a aa <wb> t a r a i w a ee nx a i y a o q <wb> k a ii <wb> ch a o tx a ii <wb> ch a o tx a ii <wb> s a aa r a th a k a <wb> u p a s a th a i t a i y a aa mq <wb> s a bh a ii <wb> j a g a h a <wb> c a n a d a r a m a aa <wb> p a r a <wb> aa s a th a aa <wb> g a h a r a aa y a ii <wb> h a ii <wb> h a ei
hindi_female_009286|g a u l a z a aa r a <wb> k a aa <wb> b a u kh a aa r a <wb> k a ii <wb> h a d a <wb> t a k a <wb> p a h a u mq c a aa <wb> h a u aa <wb> y a h a <wb> c a aa mq d a <wb> p a r a ee m a <wb> u n a k a ee <wb> f a i l a m a ii <wb> g a ii t a o q <wb> m a ee q <wb> bh a ii <wb> k a u ch a <wb> b a h a u t a <wb> n a y a ee <wb> dxh a q g a <wb> k a ee <wb> d a rq sh a y a <wb> l a ee <wb> aa y a aa <wb> h a ei
hindi_female_009287|j a ei s a ee <wb> b a i m a b a <wb> ou r a <wb> p a r a t a ii k a o q <wb> kh a aa s a k a r a <wb> p a r a aa k a rq t a i k a <wb> r a uu p a k a o q <wb> s a ee <wb> s a aa d a rq sh a y a <wb> r a c a n a ee <wb> m a ee q <wb> m a h a aa r a t a <wb> p a aa y a ee <wb> h a u ee <wb> g a u l a z a aa r a <wb> k a ee <wb> y a h a aa mq <wb> ee k a <wb> a j a ii b a <wb> b a aa t a
hindi_female_009290|z a aa h a i r a <wb> h a ei <wb> u d a aa s a ii <wb> k a aa <wb> y a h a <wb> aa l a m a <wb> k a w a i t a aa <wb> m a ee q <wb> ei sh a w a r a y a <wb> ou r a <wb> c a k a aa c a ou q dh a <wb> r a c a n a ee <wb> k a ii <wb> j a g a h a <wb> s a q w a ee d a n a aa <wb> ou r a <wb> k a r a u nx a aa <wb> s a ee <wb> dh a aa r a <wb> p a ei d a aa <wb> k a r a t a aa <wb> h a ei
hindi_female_009291|g a u l a z a aa r a <wb> k a ee <wb> r a c a n a aa <wb> k a r a m a <wb> m a ee q <wb> w a i sh a ee sx a k a r a <wb> u n a k a ii <wb> k a w a i t a aa <wb> ou r a <wb> g a z a l a o q <wb> k a ee <wb> s a n a d a r a bh a <wb> m a ee q <wb> p a r a ee m a <wb> b a h a u t a <wb> g a r a i m a aa <wb> k a ee <wb> s a aa th a <wb> p a r a t a i sx a txh a i t a <wb> h a u aa <wb> h a ei
hindi_female_009294|ph a i r a <wb> b a aa t a <wb> j a b a <wb> g a u l a z a aa r a <wb> k a ii <wb> h a o <wb> r a h a ii <wb> h a o <wb> j a o <wb> s a w a y a q <wb> a p a n a ii <wb> a bh a i w a y a k a t a i <wb> k a ii <wb> s a h a j a <wb> ch a aa y a aa ee mq <wb> b a aa b a aa <wb> f a r a ii d a <wb> k a u t a u b a <wb> k a u l a ii sh a aa h a <wb> sh a m a s a <wb> t a b a r a ee z a ii <wb> ee w a q <wb> n a aa n a k a <wb> m a ee q <wb> dxh a uu mq dxh a t a ee <wb> h a o q
hindi_female_009305|u n a h a o q n a ee <wb> i t a n a ee <wb> d a sh a k a o q <wb> m a ee q <wb> ph a ei l a ee <wb> a p a n a ee <wb> s a m a rq d a dh a <wb> r a c a n a aa t a m a k a <wb> j a ii w a n a <wb> m a ee q <wb> dxh a ee r a o q <wb> ei s a ee <wb> s a rq j a n a <wb> k a ee <wb> k a sx a nx a <wb> j a u tx a aa y a ee <wb> h a ei q
hindi_female_009307|u n a h a o q n a ee <wb> a p a n a aa <wb> f a i l a m a ii <wb> k a r a i y a r a <wb> p a r a ee m a <wb> g a ii t a <wb> k a o <wb> l a i kh a k a r a <wb> sh a u r a uu <wb> k a i y a aa <wb> th a aa
hindi_female_009308|w a h a <wb> w a i sh a u d a dh a <wb> p a r a ee m a <wb> m a ee q <wb> dx a uu b a aa <wb> h a u aa <wb> g a ii t a <wb> th a aa
hindi_female_009309|b a n a d a i n a ii <wb> k a aa <wb> w a h a <wb> p a r a s a i d a dh a <wb> g a aa n a aa <wb> n a aa y a i k a aa <wb> k a l a y a aa nx a ii <wb> k a ee <wb> jh a i jh a k a <wb> ou r a <wb> u s a k a ii <wb> m a n a o d a sh a aa <wb> k a aa <wb> m a n a o h a aa r a ii <wb> c a i t a r a nx a <wb> th a aa <wb> k a i <wb> k a ei s a ee <wb> w a h a <wb> a p a n a ee <wb> p a r a ee m a <wb> m a ee q <wb> bh a ii g a ii <wb> h a u ii <wb> c a aa mq d a n a ii <wb> r a aa t a <wb> k a o <wb> gh a r a <wb> k a ee <wb> aa mq g a n a <wb> s a ee <wb> b a aa h a r a <wb> p a aa mq w a <wb> r a kh a <wb> d a ee t a ii <wb> h a ei
hindi_female_009310|w a h a <wb> b a r a s a o q <wb> b a ii t a <wb> j a aa n a ee <wb> k a ee <wb> b a aa d a <wb> bh a ii <wb> aa j a <wb> u t a n a ii <wb> h a ii <wb> n a z a aa k a t a <wb> ou r a <wb> b a ee c a ei n a ii <wb> k a ee <wb> s a aa th a <wb> u n a k a ii <wb> r a c a n a aa t a m a k a <wb> y a aa t a r a aa <wb> m a ee q <wb> m a ou j a uu d a <wb> h a ei
hindi_female_009318|aa n a <wb> y a ee d a r a l a u nx a dx a <wb> k a ii <wb> k a w a i t a aa <wb> n a ee <wb> s a m a k a aa l a ii n a <wb> s a w a ii dx a i sh a <wb> k a w a i t a aa <wb> k a o <wb> a p a n a ee <wb> k a aa w a y a <wb> u d a y a m a <wb> s a ee <wb> p a r a t a i k a rq t a <wb> ou r a <wb> s a m a rq d a dh a <wb> k a i y a aa <wb> h a ei
hindi_female_009319|w a aa g a ii sh a <wb> sh a u k a l a <wb> p a i ch a l a ee <wb> k a ii <wb> w a r a sx a o q <wb> s a ee <wb> ee k a <wb> u p a n a y a aa s a <wb> l a i kh a <wb> r a h a ee <wb> h a ei q
hindi_female_009321|i s a <wb> b a aa r a <wb> h a i n a d a ii <wb> k a w a i <wb> ou r a <wb> s a m a aa j a <wb> w a i j a nj a aa n a ii <wb> b a d a r a ii <wb> n a aa r a aa y a nx a <wb> i s a ii <wb> k a r a aa q t a i <wb> m a ee q <wb> d a l a i t a <wb> j a aa t a i y a o q <wb> k a ee <wb> y a o g a d a aa n a <wb> k a ee <wb> w a i sx a y a <wb> m a ee q <wb> b a aa t a <wb> k a r a <wb> r a h a ee <wb> h a ei
hindi_female_009325|a p a n a ii <wb> k a u ch a <wb> h a ii <wb> k a i t a aa b a o q <wb> s a ee <wb> s a y a d a r a g a r a aa n a <wb> n a ee <wb> s a n a n a i sx a txh a aa <wb> ou r a <wb> m a o h a bh a q g a <wb> k a ee <wb> aa dh a u n a i k a <wb> a n a u bh a w a <wb> h a ee t a u <wb> ee k a <wb> n a y a ii <wb> k a aa w a y a <wb> bh a aa sx a aa <wb> aa w a i sx a k a rq t a <wb> k a ii
hindi_female_009326|y a h a <wb> bh a aa sx a aa <wb> n a i dx a r a <wb> r a uu p a <wb> s a ee <wb> r a uu p a k a aa t a m a k a <wb> r a t a i m a y a ii <wb> aa dh a y a aa t a m a i k a <wb> ee w a q <wb> d a rq sx a tx a aa <wb> bh a aa sx a aa <wb> th a ii
hindi_female_009328|l a ee k a i n a <wb> ee dx a i th a <wb> k a ii <wb> k a w a i t a aa <wb> u s a k a ee <wb> s a m a k a aa l a ii n a <wb> p a aa txh a k a o q <wb> k a ee <wb> l a i ee <wb> p a r a aa y a hq <wb> ee k a <wb> b a ou d a dh a i k a <wb> c a u n a ou t a ii <wb> l a ee k a r a <wb> u p a s a th a i t a <wb> h a u ii <wb> ou r a <wb> a bh a ii <wb> t a k a <wb> k a w a i y a o q <wb> ou r a <wb> w a i d a w a aa n a o q <wb> k a ii <wb> g a h a n a <wb> j a i j a nj a aa s a aa <wb> k a aa <wb> w a i sx a y a <wb> b a n a ii <wb> h a u ii <wb> h a ei
hindi_female_009331|l a ee k a i n a <wb> aa txh a w a ee q <wb> d a sh a k a <wb> m a ee q <wb> ee k a <wb> a n a p a ee k a sx a i t a <wb> b a d a l a aa w a <wb> p a ei d a aa <wb> h a u aa
hindi_female_009335|i s a k a ee <wb> p a r a i nx a aa m a <wb> s a w a r a uu p a <wb> b a ii s a w a ii q <wb> s a d a ii <wb> k a ee <wb> s a k a aa n a d a i n a ee w a i y a aa <wb> m a ee q <wb> ee k a <wb> a l a g a <wb> s a ou n a d a r a y a <wb> sh a aa s a t a r a <wb> p a r a t a i ph a l a i t a <wb> h a u ii
hindi_female_009338|ee k a <wb> d a h a aa k a ee <wb> s a ee <wb> k a u ch a <wb> h a ii <wb> a dh a i k a <wb> s a m a y a <wb> m a ee q <wb> s a w a ii dx a ii <wb> k a w a i t a aa <wb> k a aa <wb> bh a uu d a rq sh a y a <wb> ee k a d a m a <wb> b a d a l a <wb> c a u k a aa <wb> th a aa
hindi_female_009339|i s a <wb> b a d a l a aa w a <wb> k a aa <wb> s a ou n a d a r a y a <wb> ou r a <wb> i s a k a ii <wb> c a u n a ou t a ii <wb> k a r a m a sh a hq <wb> s a m a rq d a dh a <wb> a dh a i k a <wb> j a tx a i l a <wb> ou r a <wb> p a r a i p a k a w a <wb> h a o t a ii <wb> c a l a ii <wb> g a y a ii
hindi_female_009342|j a o <wb> bh a ii <wb> h a o <wb> aa n a <wb> y a ee d a r a l a u nx a dx a <wb> k a ee <wb> l a ee kh a n a <wb> s a ee <wb> k a aa w a y a aa t a m a k a <wb> s a o c a <wb> k a ee <wb> bh a ii t a r a <wb> ee k a <wb> n a aa tx a k a ii y a <wb> u ch a aa l a <wb> p a ei d a aa <wb> h a u ii <wb> h a ei
hindi_female_009345|u n a k a aa <wb> s a m a p a uu r a nx a <wb> s a q w a ee d a n a <wb> bh a aa sx a aa <wb> k a ii <wb> s a aa m a aa n a y a <wb> s a q r a c a n a aa o q <wb> k a ii <wb> s a ii m a aa o q <wb> s a ee <wb> p a r a ee <wb> k a aa <wb> s a w a q d a ee n a <wb> h a ei <wb> u n a <wb> s a q r a c a n a aa o q <wb> s a ee <wb> p a r a ee <wb> k a aa <wb> j a o <wb> m a aa n a w a ii y a <wb> a bh a i w a y a k a t a i <wb> k a aa <wb> s a q c a aa l a n a <wb> k a r a t a ii <wb> h a ei q
hindi_female_009347|sh a aa y a d a <wb> k a h a aa <wb> j a aa <wb> s a k a t a aa <wb> h a ei <wb> k a i <wb> u n a k a ii <wb> k a w a i t a aa ee mq <wb> ee k a <wb> ei s a ee <wb> m a aa n a w a ii y a <wb> d a rq sx a tx a aa n a t a <wb> k a ee <wb> bh a ii t a r a <wb> p a txh a n a ii y a <wb> h a ei q
hindi_female_009349|k a w a i t a aa <wb> k a o <wb> bh a aa sx a i k a <wb> w a y a w a h a aa r a <wb> k a aa <wb> s a b a s a ee <wb> k a r a uu nx a aa m a y a ii <wb> a w a y a y a <wb> b a n a <wb> j a aa n a aa <wb> h a o t a aa <wb> h a ei
hindi_female_009350|i s a <wb> k a i t a aa b a <wb> k a ii <wb> s a m a ii k a sx a aa <wb> ee k a <wb> r a ee dx a i y a o <wb> p a t a r a i k a aa <wb> m a ee q <wb> h a u ii
hindi_female_009351|u n a <wb> k a w a i t a aa o q <wb> s a ee <wb> m a u jh a ee <wb> ee k a <wb> jh a tx a k a aa <wb> l a g a aa
hindi_female_009354|j a i s a m a ee <wb> w a ee <wb> m a rq t a y a u <wb> k a ee <wb> s a m a y a <wb> a p a n a ee <wb> u s a <wb> k a m a r a ee <wb> m a ee q <wb> a k a ee l a ee <wb> b a ei txh a ee <wb> h a u ee <wb> th a ee <wb> j a o <wb> u n a k a aa <wb> p a u s a t a k a aa l a y a <wb> k a h a l a aa t a aa <wb> th a aa
hindi_female_009356|ee k a <wb> p a u s a t a k a <wb> p a r a <wb> u n a k a ii <wb> m a u tx a txh a ii <wb> k a s a ii <wb> k a ii <wb> k a s a ii <wb> r a h a <wb> g a y a ii
hindi_female_009359|kq a t a l a <wb> k a ii <wb> j a aa mq c a <wb> k a r a n a ee <wb> w a aa l a ee <wb> p a u l a i s a <wb> k a ee <wb> s a bh a ii <wb> ch a o tx a ee <wb> b a dxq a ee <wb> h a aa k a i m a o mq <wb> k a aa <wb> k a h a n a aa <wb> w a aa j a i b a <wb> th a aa
hindi_female_009364|j a i n a m a ee mq <wb> k a u ch a <wb> p a r a m a u kh a <wb> r a aa j a n a ii t a i k a <wb> ei t a i h a aa s a i k a <wb> ou r a <wb> s a aa m a aa j a i k a <wb> k a aa r a nx a o mq <wb> k a o <wb> h a ii <wb> g a i n a aa <wb> p a aa n a aa <wb> y a h a aa mq <wb> s a m a bh a w a <wb> h a o <wb> p a aa y a ee g a aa
hindi_female_009365|p a h a l a ee <wb> r a aa j a n a ii t a i k a <wb> k a aa r a nx a o mq <wb> k a ii <wb> b a aa t a <wb> k a ii <wb> j a aa y a ee
hindi_female_009366|j a b a <wb> ee k a <wb> l a q b a ee <wb> w a i c a aa r a <wb> w a i m a r a sh a <wb> k a ee <wb> b a aa d a <wb> k a ee n a d a r a ii y a <wb> s a r a k a aa r a <wb> ou r a <wb> k a ee n a d a r a ii y a <wb> w a i p a k a sx a <wb> k a ee <wb> b a ii c a <wb> y a h a <wb> t a y a <wb> h a u aa <wb> k a i <wb> a y a o dh a y a aa <wb> m a th a u r a aa <wb> ou r a <wb> w a aa r a aa nx a s a ii <wb> k a o <wb> k a ee n a d a r a sh a aa s a i t a <wb> p a r a d a ee sh a <wb> k a aa <wb> d a r a j a aa <wb> d a ee <wb> d a i y a aa <wb> j a aa y a ee <wb> t a th a aa <wb> p a uu r a w a aa q c a l a <wb> p a sh a c a i m a aa q c a l a <wb> ou r a <wb> m a dh a y a aa q c a l a <wb> n a aa m a <wb> s a ee <wb> t a ii n a <wb> n a y a ee <wb> r a aa j a y a <wb> b a n a aa y a ee <wb> j a aa y a ee
hindi_female_009368|k a ee n a d a r a ii y a <wb> s a r a k a aa r a <wb> ou r a <wb> k a ee n a d a r a ii y a <wb> w a i p a k a sx a <wb> k a ee <wb> b a ii c a <wb> y a h a <wb> t a y a <wb> h a o <wb> g a y a aa
hindi_female_009369|p a uu r a w a aa q c a l a <wb> w a aa l a ee <wb> ph a i r a <wb> i l a aa h a aa b a aa d a <wb> k a o <wb> a p a n a ii <wb> r a aa j a dh a aa n a ii <wb> b a n a aa n a ee <wb> k a o <wb> u dh a w a t a <wb> h a u ee
hindi_female_009370|k a i n a t a u <wb> p a i ch a l a ee <wb> m a aa gh a <wb> m a ee l a ee <wb> m a ee q <wb> p a r a t a i d a i n a <wb> s a t a t a r a <wb> t a ii r a th a y a aa t a r a i y a o mq <wb> k a o <wb> m a ou t a <wb> k a ee <wb> gh a aa tx a <wb> u t a aa r a n a ee <wb> k a ii <wb> a p a n a ii <wb> gh a o sx a nx a aa <wb> k a o <wb> j a b a <wb> aa t a q k a w a aa d a i y a o mq <wb> n a ee <wb> b a i n a aa <wb> k a i s a ii <wb> b a aa dh a aa <wb> k a ee <wb> p a uu r a ee <wb> m a aa gh a <wb> m a h a ii n a ee <wb> p a uu r a aa <wb> k a r a <wb> d a i kh a aa y a aa
hindi_female_009371|j a o <wb> k a ee n a d a r a ii y a <wb> s a r a k a aa r a <wb> ou r a <wb> k a ee n a d a r a ii y a <wb> w a i p a k a sx a <wb> k a ee <wb> b a ii c a <wb> s a h a m a t a i <wb> k a aa <wb> ee k a <wb> ou r a <wb> b a i q d a u <wb> b a n a <wb> c a u k a ii <wb> th a ii <wb> k a i <wb> p a nx a dx a i t a <wb> d a u r a g a aa sh a ng a k a r a <wb> sh a r a ii m a u kh a <wb> i s a <wb> p a r a s a t a aa w a <wb> k a ee <wb> m a u kh a r a <wb> w a i r a o dh a ii <wb> k a ee <wb> r a uu p a <wb> m a ee q <wb> s a aa m a n a ee <wb> aa y a ee
hindi_female_009376|j a o <wb> r a aa j a dh a aa n a ii <wb> b a n a n a ee <wb> k a ee <wb> b a aa d a <wb> p a u n a r a n a i r a m a aa nx a <wb> k a ee <wb> s a i l a s a i l a ee <wb> m a ee q <wb> a w a sh a y a m a bh a aa w a ii <wb> h a ei
hindi_female_009378|a t a hq <wb> w a h a aa mq <wb> u s a <wb> a q dh a aa dh a u q dh a <wb> p a ee dxq a <wb> k a tx a aa ii <wb> k a ii <wb> a n a u m a t a i <wb> n a h a ii mq <wb> m a i l a n a ii <wb> c a aa h a i ee <wb> j a o <wb> r a aa j a dh a aa n a ii <wb> b a n a n a ee <wb> k a ee <wb> b a aa d a <wb> p a u n a r a n a i r a m a aa nx a <wb> k a ee <wb> s a i l a s a i l a ee <wb> m a ee q <wb> a w a sh a y a m a bh a aa w a ii <wb> h a ei
hindi_female_009388|j a i s a <wb> s a m a y a <wb> p a nx a dx a i t a <wb> d a u r a g a aa sh a ng a k a r a <wb> sh a r a ii m a u kh a <wb> k a ii <wb> h a t a y a aa <wb> h a u ii <wb> w a ee <wb> u s a k a ii <wb> p a r a t a ii k a sx a aa <wb> k a r a <wb> r a h a ee <wb> th a ee <wb> k a y a o mq k a i <wb> u s a ee <wb> ee k a <wb> i q <wb> tx a r a <wb> w a y a uu <wb> d a ee n a ee <wb> k a ee <wb> l a i ee <wb> w a ee <wb> s a w a ii k a rq t a i <wb> d a ee <wb> c a u k a ee <wb> th a ee
hindi_female_009391|s a th a aa n a ii y a <wb> p a u l a i s a <wb> k a ii <wb> k a u ch a <wb> l a aa n a t a <wb> m a l a aa m a t a <wb> bh a ii <wb> i s a <wb> b a aa t a <wb> k a ee <wb> l a i ee <wb> h a u ii <wb> k a i <wb> u s a n a ee <wb> m a aa m a uu l a ii <wb> p a uu ch a t a aa ch a <wb> k a ee <wb> b a aa d a <wb> u s a ee <wb> j a aa n a ee <wb> d a i y a aa <wb> th a aa
hindi_female_009392|k a i n a t a u <wb> y a h a <wb> s a c a <wb> h a ei <wb> k a i <wb> sh a k a <wb> k a ii <wb> s a u ii <wb> k a o <wb> i s a <wb> p a t a r a k a aa r a <wb> k a ee <wb> c a aa r a o mq <wb> o r a <wb> gh a u m a aa y a aa <wb> j a aa n a aa <wb> b a q d a <wb> n a h a ii mq <wb> h a u aa
hindi_female_009393|s a ii <wb> b a ii <wb> aa ii <wb> k a o <wb> bh a ii <wb> u s a k a ee <wb> w a i r a u d a dh a <wb> k a o ii <wb> p a r a m a aa nx a <wb> n a h a ii mq <wb> m a i l a <wb> p a aa y a ee <wb> th a ee
hindi_female_009397|ee k a <wb> p a q c a n a aa m a ee <wb> k a ee <wb> b a aa d a <wb> l a aa sh a <wb> u n a k a ee <wb> p a tx a tx a ii d a aa r a <wb> h a r a i d a t a t a <wb> p a nx a dx a i t a <wb> k a o <wb> d a ee <wb> d a ii <wb> g a y a ii
hindi_female_009402|j a o <wb> d a ee w a d a t a t a <wb> p a nx a dx a i t a <wb> k a ee <wb> m a r a <wb> j a aa n a ee <wb> k a ee <wb> n a aa t a ee <wb> a b a <wb> h a r a i d a t a t a <wb> p a nx a dx a i t a <wb> k a ii <wb> j a o t a <wb> m a ee q <wb> aa n a ee <wb> w a aa l a ii <wb> th a ii
hindi_female_009403|u n a k a ii <wb> c a ee l a aa h a ii <wb> ou r a <wb> u p a r a o h a i t a ii <wb> k a ee <wb> k a u ch a <wb> gh a r a <wb> z a r a uu r a <wb> h a r a i d a t a t a <wb> p a nx a dx a i t a <wb> k a o <wb> m a i l a ee mq g a ee <wb> l a ee k a i n a <wb> y a ee <wb> gh a r a <wb> bh a ii <wb> m a aa m a uu l a ii <wb> k a i s a aa n a o mq <wb> k a ee <wb> th a ee
hindi_female_009404|y a d a y a p a i <wb> y a h a <wb> n a h a ii mq <wb> k a h a aa <wb> j a aa <wb> s a k a t a aa <wb> k a i <wb> h a r a i d a t a t a <wb> p a nx a dx a i t a <wb> n a ee <wb> d a ee w a d a t a t a <wb> p a nx a dx a i t a <wb> k a ee <wb> p a r a t a i <wb> a p a n a ee <wb> b a ei r a <wb> m a ee q <wb> k a o ii <wb> k a m a ii <wb> d a i kh a aa y a ii <wb> th a ii
hindi_female_009407|u n a k a ee <wb> m a u mq h a <wb> p a r a <wb> g a aa mq w a <wb> m a ee q <wb> i s a <wb> b a aa t a <wb> k a o <wb> a n a u c a i t a <wb> k a h a n a ee <wb> w a aa l a aa <wb> k a o ii <wb> n a h a ii mq <wb> th a aa <wb> y a d a y a p a i <wb> h a r a i d a t a t a <wb> p a nx a dx a i t a <wb> s a ee <wb> bh a ii <wb> l a o g a <wb> w a ei s a ee <wb> h a ii <wb> dx a r a t a ee <wb> th a ee <wb> j a ei s a ee <wb> w a ee <wb> d a ee w a d a t a t a <wb> p a nx a dx a i t a <wb> s a ee <wb> dx a r a t a ee <wb> th a ee
hindi_female_009408|j a o <wb> j a aa n a t a ee <wb> th a ee <wb> w a ee <wb> j a aa n a t a ee <wb> th a ee <wb> k a i <wb> y a h a <wb> p a o th a ii <wb> d a ee w a d a t a t a <wb> p a nx a dx a i t a <wb> k a ee <wb> p a i t a aa <wb> r a w a i d a t a t a <wb> p a nx a dx a i t a <wb> k a ee <wb> h a aa th a o mq <wb> s a ee <wb> l a i kh a ii <wb> g a y a ii <wb> m a ee gh a d a uu t a <wb> k a ii <wb> ee k a <wb> p a r a t a i <wb> th a ii
hindi_female_009418|i s a k a ee <wb> p a ee tx a ee q tx a <wb> k a ee <wb> l a i ee <wb> aa w a ee d a n a <wb> k a r a <wb> d a i y a aa <wb> h a ei
hindi_female_009421|u n a h a o q n a ee <wb> y a h a <wb> bh a ii <wb> b a t a aa y a aa <wb> k a i <wb> ch a o tx a ii <wb> b a h a n a <wb> k a ee <wb> n a aa m a <wb> p a r a <wb> u n a k a ee <wb> p a aa s a <wb> b a u dh a i y a aa <wb> k a ii <wb> d a uu s a r a ii <wb> b a ee tx a ii <wb> r a i dh a i y a aa <wb> h a ei <wb> j a o <wb> u n a s a ee <wb> t a ii n a <wb> b a r a s a <wb> ch a o tx a ii <wb> h a ei <wb> ou r a <wb> i s a <wb> p a r a k a aa r a <wb> a b a <wb> a txh a aa r a h a <wb> b a r a s a <wb> k a ii <wb> h a o g a ii
hindi_female_009425|i l a aa h a aa b a aa d a <wb> k a aa <wb> c a u n a aa w a <wb> i s a l a i ee <wb> s a w a aa bh a aa w a i k a <wb> th a aa <wb> k a i <wb> u n a k a ee <wb> b a ee h a n a o ii <wb> th a ee
hindi_female_009428|w a h a aa mq <wb> u n a k a aa <wb> s a w a aa g a t a <wb> h a u aa <wb> k a i n a t a u <wb> d a o <wb> sh a r a t a o q <wb> p a r a
hindi_female_009430|y a h a <wb> t a y a <wb> h a u aa <wb> k a i <wb> k a o d a ii <wb> a p a n a aa <wb> bh a o j a n a <wb> s a w a y a q <wb> b a n a aa y a ee mq g a ee
hindi_female_009433|j a o <wb> s a n a t a <wb> r a ei d a aa s a <wb> w a i d a y a aa m a n a d a i r a <wb> m a ee q <wb> m a sh a h a uu r a <wb> th a ii
hindi_female_009434|n a aa m a <wb> l a i kh a n a ee <wb> k a ee <wb> l a i ee <wb> u n a h a o mq n a ee <wb> k a o d a ii <wb> j a ei s a ee <wb> g a mq w a aa r a uu <wb> n a aa m a <wb> s a ee <wb> bh a r a t a ii <wb> k a r a n a ee <wb> s a ee <wb> a r a u c a i <wb> d a i kh a aa y a ii
hindi_female_009443|y a h a aa mq <wb> l a ee kh a k a <wb> a p a n a aa <wb> k a r a t a w a y a <wb> s a m a jh a t a aa <wb> h a ei <wb> k a i <wb> s a w a ii k a aa r a <wb> bh a aa sx a nx a <wb> m a ee q <wb> ee k a <wb> k a sx a ee p a k a <wb> dx a aa l a t a ee <wb> h a u ee <wb> p a aa txh a k a o mq <wb> k a o <wb> y a h a <wb> b a t a aa y a ee <wb> k a i <wb> i s a <wb> gh a tx a n a aa c a k a r a <wb> k a aa <wb> ee k a <wb> d a u sx a p a r a i nx a aa m a <wb> y a h a <wb> h a u aa
hindi_female_009450|a bh a ii <wb> k a u ch a <wb> w a r a sx a <wb> p a h a l a ee <wb> t a k a <wb> bh a aa r a t a ii y a <wb> m a u kh a y a dh a aa r a aa <wb> m a ee q <wb> ee k a <wb> p a r a m a u kh a <wb> y a u w a aa <wb> t a i b a b a t a ii <wb> s a w a r a <wb> r a h a ee <wb> ou r a <wb> bh a aa r a t a <wb> m a ee q <wb> h a ii <wb> j a n a m a ee <wb> i s a <wb> y a u w a aa <wb> k a w a i <wb> k a o <wb> i n a <wb> d a i n a o q <wb> s a aa h a i t a y a i k a <wb> s a q p a aa d a k a <wb> k a m a <wb> ou r a <wb> g a u p a t a k a aa r a <wb> s a q s a th a aa ee q <wb> ou r a <wb> p a u l a i s a <wb> z a y a aa d a aa <wb> t a l a aa sh a <wb> k a r a t a ee <wb> h a ei
hindi_female_009452|i s a ii <wb> k a w a i t a aa <wb> p a r a <wb> u n a h a ee q <wb> bh a aa r a t a <wb> bh a uu sx a nx a <wb> a g a r a w a aa l a <wb> k a w a i t a aa <wb> p a u r a s a k a aa r a <wb> m a i l a aa <wb> th a aa
hindi_female_009453|u d a y a <wb> n a ee <wb> i s a <wb> k a w a i t a aa <wb> k a ee <wb> n a ee p a th a y a <wb> k a ee <wb> b a aa r a ee <wb> m a ee q <wb> u n a <wb> p a r a k a r a i y a aa o q <wb> ou r a <wb> p a r a ee r a nx a aa o q <wb> k a ee <wb> b a aa r a ee <wb> m a ee q <wb> l a i kh a n a aa <wb> sh a u r a uu <wb> k a i y a aa <wb> j a o <wb> t a ii n a <wb> d a sh a k a <wb> p a h a l a ee <wb> u n a k a ee <wb> aa s a <wb> p a aa s a <wb> m a q dx a r a aa <wb> r a h a ii <wb> th a ii q
hindi_female_009454|y a h a ii <wb> g a d a y a <wb> h a m a aa r a ii <wb> sh a ii r a sx a <wb> k a th a aa <wb> b a n a n a aa <wb> th a aa
hindi_female_009457|w a h a <wb> sh a h a r a <wb> j a i s a ee <wb> h a m a <wb> d a uu s a r a ii <wb> j a g a h a <wb> s a ee <wb> z a y a aa d a aa <wb> p a r a ee m a <wb> ou r a <wb> gh a rq nx a aa <wb> k a r a t a ee <wb> h a ei q <wb> u s a <wb> sh a h a r a <wb> k a ii <wb> j a y a aa m a i t a i <wb> b a i g a dxq a <wb> g a y a ii <wb> th a ii
hindi_female_009459|y a h a <wb> b a aa t a <wb> aa j a <wb> s a ee <wb> k a ii <wb> s a aa l a <wb> p a u r a aa n a ii <wb> h a ei
hindi_female_009463|b a l a k a i <wb> aa j a <wb> t a k a <wb> m a u jh a ee <wb> l a aa l a tx a ee n a ee q <wb> ou r a <wb> dxh a i b a r a i y a aa q <wb> a c a ch a ii <wb> l a g a t a ii <wb> h a ei q
hindi_female_009468|h a m a aa r a ee <wb> gh a r a <wb> m a ee q <wb> bh a aa r a t a <wb> n a aa m a <wb> k a aa <wb> a kh a b a aa r a <wb> i l a aa h a aa b a aa d a <wb> s a ee <wb> aa t a aa <wb> th a aa <wb> ou r a <wb> k a bh a ii <wb> k a bh a ii <wb> n a w a <wb> bh a aa r a t a <wb> bh a ii
hindi_female_009473|ee k a <wb> h a ei q dx a i l a <wb> s a ee <wb> u s a m a ee q <wb> c a aa bh a ii <wb> bh a r a n a ee <wb> p a r a <wb> r a i k a r a dx a <wb> gh a uu m a t a aa <wb> th a aa
hindi_female_009474|l a ee k a i n a <wb> c a uu q k a i <wb> u s a k a aa <wb> s a p a r a i q g a <wb> tx a uu tx a aa <wb> h a u aa <wb> th a aa <wb> ou r a <wb> s a aa u q dx a <wb> b a k a s a <wb> bh a ii <wb> j a q g a <wb> kh a aa k a r a <wb> b a ee k a aa r a <wb> h a o <wb> c a u k a aa <wb> th a aa
hindi_female_009478|m a ei q <wb> ou r a <wb> m a ee r a ee <wb> bh a aa ii <wb> d a o n a o q <wb> ei s a ii <wb> t a y a aa g a ii <wb> j a aa <wb> c a u k a ii <wb> p a u r a aa n a ii <wb> c a ii z a o q <wb> k a o <wb> d a u b a aa r a aa <wb> j a ii w a i t a <wb> ou r a <wb> txh a ii k a <wb> k a r a n a ee <wb> m a ee q <wb> d a i n a <wb> r a aa t a <wb> l a g a ee <wb> r a h a t a ee <wb> th a ee
hindi_female_009480|m a k a aa q d a o <wb> m a ee q <wb> k a i y a ee <wb> j a aa <wb> r a h a ee <wb> w a ei j a nj a aa n a i k a <wb> t a k a n a ii k a ii <wb> aa w a i sx a k a aa r a o q <wb> s a ee <wb> k a m a <wb> r a o m a aa q c a k a <wb> h a m a aa r a ee <wb> b a c a p a n a <wb> k a ii <wb> u p a l a b a dh a i y a aa q <wb> n a h a ii q <wb> th a ii q
hindi_female_009488|h a m a <wb> t a o <wb> t a i b a b a t a <wb> k a ee <wb> sh a r a nx a aa r a th a i y a o q <wb> k a ii <wb> b a aa t a <wb> k a r a <wb> r a h a ee <wb> th a ee <wb> j a i n a h a ee q <wb> h a m a <wb> s a b a <wb> l a aa m a aa <wb> h a ii <wb> k a h a t a ee <wb> th a ee
hindi_female_009489|t a o <wb> l a aa m a aa <wb> a p a n a ee <wb> p a r a i w a aa r a o q <wb> k a ee <wb> s a aa th a <wb> u s a ii <wb> a n a uu p a p a u r a <wb> k a ee <wb> p a l a ee tx a f a r a m a <wb> p a r a <wb> u t a r a t a ee <wb> th a ee
hindi_female_009496|l a ee k a i n a <wb> l a aa m a aa <wb> l a o g a <wb> kh a uu b a <wb> g a o r a ee <wb> ou r a <wb> s a u q d a r a <wb> h a o t a ee <wb> th a ee
hindi_female_009497|u n a k a ee <wb> b a c a c a ee <wb> ou r a <wb> s a t a r a i y a aa q <wb> t a o <wb> i t a n a ii <wb> s a u q d a r a <wb> h a o t a ii q <wb> k a i <wb> u n a h a ee q <wb> d a ee kh a t a ee <wb> h a m a aa r a ii <wb> aa q kh a ee q <wb> p a l a k a <wb> jh a p a k a n a aa <wb> b a q d a <wb> k a r a <wb> d a ee t a ii q
hindi_female_009502|h a m a <wb> i n a <wb> c a ii q tx a i y a o q <wb> k a o <wb> p a t a q g a o q <wb> k a ee <wb> n a aa m a <wb> s a ee <wb> u n a k a ee <wb> j a ii w a n a <wb> k a ee <wb> k a u ch a <wb> p a l a o q <wb> m a ee q <wb> j a aa n a t a ee <wb> h a ei q
hindi_female_009508|txh a ii k a <wb> m a n a u sx a y a o q <wb> k a ii <wb> s a bh a y a t a aa <wb> k a ee <wb> i t a i h a aa s a <wb> k a ee <wb> k a i s a ii <wb> kh a nx a dx a <wb> k a ii <wb> t a r a h a <wb> h a ei
hindi_female_009509|r a aa t a <wb> m a ee q <wb> gh a r a <wb> m a ee q <wb> h a r a <wb> o r a <wb> n a d a ii <wb> k a ii <wb> dh a aa r a <wb> k a ee <wb> s a aa th a <wb> b a h a <wb> k a r a <wb> aa n a ee <wb> w a aa l a ee <wb> s a aa q p a <wb> g a o j a r a <wb> k a n a kh a j a uu r a ee <wb> ou r a <wb> k a ch a u ee <wb> tx a h a l a n a ee <wb> l a g a ee q g a ee
hindi_female_009513|ee k a <wb> b a aa r a <wb> ph a uu ph a aa <wb> j a ii <wb> n a ee <wb> aa dh a ii <wb> r a aa t a <wb> a p a n a ee <wb> s a i r a h a aa n a ee <wb> r a kh a ii <wb> tx a r a c a <wb> u txh a aa n a ii <wb> c a aa h a ii <wb> t a o <wb> w a h a <wb> a j a ii b a <wb> s a ii <wb> aa w a aa z a <wb> n a i k a aa l a t a aa <wb> bh a aa g a <wb> g a y a aa
hindi_female_009515|u s a <wb> i l a aa k a ee <wb> m a ee q <wb> j a b a <wb> k a o ii <wb> k a u aa q <wb> kh a o d a t a aa <wb> h a ei <wb> y a aa <wb> a p a n a ee <wb> n a y a ee <wb> gh a r a <wb> k a ii <wb> n a ii q w a <wb> t a o <wb> ei s a ii <wb> m a uu r a t a i y a o q <wb> k a aa <wb> m a i l a n a aa <wb> ee k a <wb> s a aa m a aa n a y a <wb> s a ii <wb> b a aa t a <wb> h a ei
hindi_female_009516|k a l a i q g a <wb> k a aa <wb> w a h a <wb> k a sx a ee t a r a <wb> j a h a aa q <wb> a t a i k a r a m a nx a k a aa r a ii <wb> s a m a r a aa tx a <wb> a sh a o k a <wb> k a ii <wb> s a ee n a aa <wb> n a ee <wb> n a i h a t a th a ee <wb> g a r a ii b a <wb> sh a aa q t a <wb> l a o g a o q <wb> k a ee <wb> a h a i q s a k a <wb> p a r a t a i r a o dh a <wb> k a ee <wb> u t a t a r a <wb> m a ee q <wb> bh a y a aa w a h a <wb> j a n a s a q h a aa r a <wb> k a i y a aa <wb> th a aa
hindi_female_009519|j a ei s a ee <wb> k a u ch a <wb> l a o g a <wb> a p a n a ee <wb> h a aa th a o q <wb> m a ee q <wb> n a n a h a ii q <wb> n a n a h a ii q <wb> m a sh a aa l a ee q <wb> l a i ee <wb> ee k a <wb> w a rq t a t a <wb> m a ee q <wb> gh a uu m a <wb> r a h a ee <wb> h a o q
hindi_female_009522|p a d a aa r a th a <wb> k a ii <wb> u s a ii <wb> aa q t a r a i k a <wb> s a q r a c a n a aa <wb> k a o <wb> b a d a l a n a ee <wb> w a aa l a ee <wb> s a uu t a r a <wb> k a o <wb> kh a o j a <wb> n a i k a aa l a n a ee <wb> k a ee <wb> sh a t a aa b a d a i y a o q <wb> t a k a <wb> c a l a n a ee <wb> w a aa l a ee <wb> p a r a y a t a n a o q <wb> k a ee <wb> b a ii c a <wb> h a ii <wb> u s a <wb> w a i j a nj a aa n a <wb> k a aa <wb> j a n a m a <wb> h a u aa <wb> j a i s a ee <wb> h a m a <wb> k a ee m a i s a tx a r a ii <wb> k a ee <wb> n a aa m a <wb> s a ee <wb> aa j a <wb> j a aa n a t a ee <wb> h a ei q
hindi_female_009523|m a ee r a ii <wb> s a m a rq t a i <wb> m a ee q <wb> t a o <wb> y a h a <wb> d a rq sh a y a <wb> i s a l a i ee <wb> bh a ii <wb> a m a i tx a <wb> r a h a <wb> g a y a aa
hindi_female_009525|i s a <wb> gh a tx a n a aa <wb> k a ee <wb> w a r a sx a o q <wb> b a aa d a <wb> m a ee q <wb> m a ei q <wb> j a ii <wb> ee n a <wb> y a uu <wb> m a ee q <wb> sh a o dh a ch a aa t a r a <wb> th a aa <wb> j a h a aa q <wb> b a aa d a <wb> m a ee q <wb> k a u ch a <wb> s a m a y a <wb> k a ee <wb> l a i ee <wb> a dh a y a aa p a k a <wb> bh a ii <wb> h a u aa
hindi_female_009528|j a i s a m a ee q <wb> s a rq sx a tx a i <wb> k a ee <wb> n a i r a m a aa nx a <wb> ou r a <wb> w a i n a aa sh a <wb> k a aa <wb> s a aa r a aa <wb> r a h a s a y a <wb> b a q d a <wb> h a ei
hindi_female_009532|r a h a s a y a <wb> bh a r a ii <wb> jh a u r a r a i y a o q <wb> m a ee q <wb> m a u s a k a u r a aa t a aa <wb> h a u aa <wb> w a h a <wb> l a aa m a aa <wb> k a h a t a aa <wb> h a ei <wb> w a h a <wb> s a aa q dx a <wb> a bh a ii <wb> m a r a aa <wb> n a h a ii q <wb> h a ei
hindi_female_009535|i s a m a ee q <wb> h a i n a d a ii <wb> l a ee kh a k a o q <wb> aa l a o c a k a o q <wb> ou r a <wb> i t a i h a aa s a k a aa r a o q <wb> k a ee <wb> s a aa th a <wb> s a aa th a <wb> s a w a i s a <wb> ph a r a aa q s a ii s a ii <wb> j a r a m a n a <wb> ou r a <wb> a m a r a i k a n a <wb> a k a aa d a m a i y a o q <wb> n a ee <wb> h a i s a s a ee d a aa r a ii <wb> k a ii
hindi_female_009539|a n a t a i m a <wb> t a ii n a <wb> b a h a u <wb> a n a uu d a i t a <wb> k a w a i <wb> h a ei q <wb> ou r a <wb> n a aa g a aa r a j a u n a <wb> b a h a u t a <wb> k a m a <wb> a n a uu d a i t a
hindi_female_009542|d a ee w a y a aa n a ii <wb> j a o <wb> ee k a <wb> h a i n a d a ii <wb> r a aa j a s a th a aa n a ii <wb> l a ee kh a k a <wb> k a ii <wb> b a ee tx a ii <wb> th a ii <wb> u s a ee <wb> k a w a i t a aa <wb> l a i kh a t a ee <wb> l a i kh a t a ee <wb> p a t a r a k a aa r a i t a aa <wb> p a r a ee m a <wb> g a rq h a s a th a ii <wb> a n a u w a aa d a <wb> sh a o dh a <wb> k a ii <wb> o r a <wb> c a l a ee <wb> j a aa n a aa <wb> th a aa
hindi_female_009544|w a i sh a aa l a <wb> k a p a uu r a <wb> k a o <wb> i t a i h a aa s a <wb> k a ii <wb> p a dxhq a aa ii <wb> p a uu r a ii <wb> k a r a k a ee <wb> g a aa i dx a <wb> b a n a <wb> j a aa n a aa <wb> th a aa
hindi_female_009546|w a ee <wb> p a r a k a aa sh a n a <wb> ou r a <wb> c a r a c a aa <wb> k a ee <wb> r a o z a m a r a r a aa <wb> s a ee <wb> p a r a ee <wb> a p a n a ee <wb> dxh a q g a <wb> s a ee <wb> l a i kh a <wb> r a h a ee <wb> th a ee
hindi_female_009549|i s a <wb> b a aa r a <wb> s a ee <wb> h a m a <wb> ee k a <wb> a n a y a t a k a aa l a i k a <wb> s a t a m a bh a <wb> k a i t a aa b a <wb> sh a u r a uu <wb> k a r a <wb> r a h a ee <wb> h a ei q <wb> j a i s a ee <wb> h a m a <wb> i s a <wb> s a m a ii k a sx a aa <wb> s a ii m a t a <wb> s a p a ee s a <wb> n a h a ii q <wb> b a n a aa n a aa <wb> c a aa h a t a ee
hindi_female_009553|m a nx a i p a u r a <wb> m a ee q <wb> ee k a <wb> m a h a i l a aa <wb> k a ii <wb> h a t a y a aa <wb> k a ee <wb> w a i r a o dh a <wb> m a ee q <wb> j a u l a aa ii <wb> d a o <wb> h a z a aa r a <wb> c a aa r a <wb> m a ee q <wb> b a aa r a h a <wb> m a h a i l a aa o q <wb> d a w a aa r a aa <wb> k a i ee <wb> g a ee <wb> n a y a uu dx a <wb> p a r a o tx a ee s a tx a <wb> k a o <wb> m a u kh a y a dh a aa r a aa <wb> m a ii dx a i y a aa <wb> m a ee q <wb> ee k a <wb> u t a t a ee j a k a <wb> khq a b a r a <wb> k a o <wb> d a ee kh a n a aa <wb> s a b a k a o <wb> y a aa d a <wb> h a o g a aa
hindi_female_009556|f a i l a m a <wb> k a ee <wb> s a k a r a ii n a i q g a <wb> i t a i h a aa s a <wb> p a r a <wb> b a aa t a <wb> k a r a t a ee <wb> h a u ee <wb> w a ee <wb> ee k a <wb> ei s a ee <wb> b a i n a d a u <wb> p a r a <wb> p a h a u mq c a t a ee <wb> h a ei <wb> j a h a aa mq <wb> a b a <wb> n a h a ii q <wb> r a u k a aa <wb> j a aa <wb> s a k a t a aa
hindi_female_009559|m a h a m a uu d a <wb> n a ee <wb> a p a n a ee <wb> d a m a <wb> p a r a <wb> i s a <wb> d a aa s a t a aa n a g a o ii <wb> k a o <wb> p a u n a r a j a ii w a i t a <wb> k a r a <wb> d a i y a aa
hindi_female_009562|gh a b a r a aa i y a ee <wb> n a h a ii q <wb> a b a <wb> aa p a <wb> k a aa f a ii <wb> txh a ii k a <wb> h a ei q
hindi_female_009563|i s a k a ee <wb> b a aa d a <wb> aa p a k a ii <wb> c a o tx a <wb> k a o <wb> s a w a s a th a <wb> h a o n a ee <wb> k a aa <wb> r a aa s a t a aa <wb> kh a u d a <wb> t a y a <wb> k a r a n a aa <wb> h a ei q <wb> a b a <wb> n a h a ii q <wb> r a u k a aa <wb> j a aa <wb> s a k a t a aa
hindi_female_009566|b a aa d a <wb> m a ee q <wb> u s a k a ii <wb> aa s a u r a ii <wb> sh a k a t a i y a o q <wb> k a aa <wb> p a t a aa <wb> c a l a n a ee <wb> p a r a <wb> u s a s a ee <wb> w a r a d a aa n a <wb> w a aa p a s a <wb> l a ee n a ee <wb> k a aa <wb> u p a k a r a m a <wb> p a aa r a w a t a ii <wb> g a nx a ee sh a <wb> k a o <wb> k a r a n a aa <wb> p a dxq a aa
hindi_female_009568|s a aa g a aa <wb> y a aa n a ii <wb> sh a aa k a y a <wb> d a aa w a aa <wb> y a aa n a ii <wb> c a aa mq d a <wb> sh a aa k a y a <wb> m a u n a i <wb> k a aa <wb> c a aa mq d a <wb> b a u d a dh a <wb> p a uu r a nx a i m a aa
hindi_female_009569|ee k a <wb> d a i n a <wb> n a h a ii q <wb> p a uu r a ee <wb> ee k a <wb> m a aa s a <wb> k a aa <wb> k a rq t a j a nj a t a aa <wb> u t a s a w a <wb> s a aa r a aa <wb> m a aa h a <wb> p a w a i t a r a <wb> h a ei
hindi_female_009570|w a i sh a ee sx a k a r a <wb> k a ei l a aa sh a <wb> p a r a w a t a <wb> k a ii <wb> h a i n a d a u o q <wb> b a ou d a dh a <wb> k a ee <wb> l a i ee <wb> k a ei l a aa sh a <wb> m a aa n a s a r a o w a r a <wb> k a ee <wb> d a r a sh a n a <wb> h a ii <wb> p a u nx a y a k a aa r a ii <wb> h a ei q
hindi_female_009571|k a ii <wb> m a ee l a <wb> a l a g a <wb> a l a g a <wb> w a i d a ee sh a <wb> s a q s a th a aa o q <wb> k a ee <wb> n a aa m a <wb> s a ee <wb> aa ee
hindi_female_009576|p a u r a s a k a aa r a <wb> k a ii <wb> r a aa sh a i <wb> c a uu mq k a i <wb> aa p a k a o <wb> c a ee k a s a w a r a uu p a <wb> d a ii <wb> j a aa <wb> r a h a ii <wb> h a ei <wb> i s a l a i ee <wb> k a aa g a z a aa t a <wb> aa d a i <wb> b a n a w a aa n a ee <wb> k a aa <wb> kh a r a c a <wb> aa p a k a o <wb> w a ee h a n a <wb> k a r a n a aa <wb> p a dxq a ee g a aa
hindi_female_009581|b a r a s a o q <wb> b a aa d a <wb> ee k a <wb> d a i n a <wb> tx a r a ee n a <wb> m a ee q <wb> u n a s a ee <wb> bh a ee q tx a <wb> h a o <wb> g a ii
hindi_female_009590|j a b a k a i <wb> u n a h a o q n a ee <wb> j a o <wb> bh a ii <wb> k a h a aa n a ii <wb> y a aa <wb> u n a k a ee <wb> sh a b a d a o q <wb> m a ee q <wb> s a aa h a i t a y a <wb> l a i kh a aa <wb> u s a ee <wb> m a u jh a ee <wb> p a dxhq a w a aa ee <wb> b a i n a aa <wb> u n a h a o q n a ee <wb> p a uu r a aa <wb> n a h a ii q <wb> s a m a jh a aa <wb> k a u s a u m a aa k a r a <wb> n a ee <wb> b a dxq a ee <wb> aa sh a c a r a y a <wb> k a ee <wb> s a aa th a <wb> b a t a aa y a aa
hindi_female_009596|a g a l a ee <wb> w a r a l a dx a <wb> k a p a <wb> t a k a <wb> kh a ee l a n a aa <wb> c a aa h a t a ee <wb> h a ei q <wb> j a y a s a uu r a y a aa
hindi_female_009603|i s a k a ee <wb> b a i l a k a u l a <wb> b a g a l a <wb> m a ee q <wb> d a ee w a ii <wb> d a ee w a t a aa o q <wb> ou r a <wb> b a l a ii w a u dx a <wb> k a ii <wb> a bh a i n a ee t a r a i y a o q <wb> k a ee <wb> p a o s a tx a r a <wb> bh a ii <wb> d a rq sh a y a <wb> k a aa <wb> h a i s a s a aa <wb> b a n a <wb> j a aa t a ee <wb> h a ei q
hindi_female_009604|c a i t a r a k a aa r a <wb> h a k a u <wb> sh a aa h a <wb> ee w a q <wb> l a ee kh a k a <wb> s a m a p a aa d a k a <wb> p a ii y a uu sx a <wb> d a r a i y a aa <wb> k a ii <wb> p a r a k a aa sh a n a aa dh a ii n a <wb> w a aa r a t a aa <wb> r a uu p a <wb> m a aa n a u sx a <wb> k a ee <wb> k a u ch a <wb> a q sh a
hindi_female_009607|g a h a r a aa <wb> aa t a m a aa n a u sh a aa s a n a <wb> u n a k a aa <wb> b a ii j a k a o sx a <wb> h a ei
hindi_female_009613|j a o <wb> r a aa j a <wb> k a m a l a <wb> p a r a k a aa sh a n a <wb> d a i l a l a ii <wb> s a ee <wb> sh a ii dh a r a <wb> p a r a k a aa sh a y a <wb> p a u s a t a k a <wb> k a aa <wb> ee k a <wb> s a m a p a aa d a i t a <wb> h a i s a s a aa <wb> h a ei
hindi_female_009614|h a aa l a aa k a i <wb> d a u n a i y a aa <wb> k a ii <wb> n a z a r a o q <wb> m a ee q <wb> w a ee <wb> k a o ii <wb> b a h a u t a <wb> w a y a aa w a h a aa r a i k a <wb> w a y a k a t a i <wb> n a h a ii q <wb> th a ee
hindi_female_009626|h a m a aa r a ee <wb> p a p a u l a r a <wb> s a aa q s a k a rq t a i k a <wb> p a r a t a i b a i m a n a o q <wb> n a ee <wb> s a q bh a w a t a hq <wb> u s a <wb> w a aa s a t a w a i k a t a aa <wb> k a o <wb> b a h a u t a <wb> k a r a ii b a <wb> s a ee <wb> s a aa m a n a ee <wb> r a q g a aa <wb> h a ei
hindi_female_009627|j a i s a ee <wb> h a m a n a ee <wb> s a w a y a q <wb> n a i r a m a i t a <wb> k a i y a aa <wb> h a ei
hindi_female_009633|j a y a ee sx a txh a <wb> m a aa s a <wb> m a ee q <wb> h a ii <wb> rq t a u <wb> k a ii <wb> p a r a th a m a <wb> w a r a sx a aa <wb> h a o <wb> c a u k a ii <wb> h a ei
hindi_female_009634|b a aa t a ee q <wb> j a o <wb> j a ii t a <wb> l a ee q g a ii <wb> aa p a k a ee <wb> w a ei l a ee q tx a aa i n a <wb> k a aa <wb> d a i l a
hindi_female_009637|r a o m a ee q tx a i k a <wb> k a m a ee dx a ii <wb> s a ee <wb> tx a uu tx a ee g a aa <wb> p a y a aa r a <wb> k a aa <wb> r a i sh a t a aa
hindi_female_009638|s a k a uu l a <wb> m a ee q <wb> s a i r a f a <wb> d a s a <wb> l a q c a <wb> tx a ee b a l a s a <wb> h a ei q
hindi_female_009648|w a h a <wb> bh a ii <wb> gh a ee r a ee <wb> m a ee q <wb> u s a <wb> b a i q d a u <wb> k a o <wb> bh a uu l a <wb> c a u k a aa <wb> h a ei <wb> j a o <wb> gh a ee r a ee <wb> k a o <wb> p a uu r a nx a <wb> k a r a t a aa <wb> h a ei
hindi_female_009650|ee k a <wb> i n a tx a r a w a y a uu <wb> m a ee q <wb> w a h a <wb> k a h a t a ii <wb> h a ei <wb> k a i <wb> u s a n a ee <wb> k a m a p a y a uu tx a r a <wb> s a ee <wb> k a h a aa <wb> k a i <wb> a q k a <wb> dxh a uu q dxh a <wb> n a i k a aa l a ee <wb> ou r a <wb> u s a n a ee <wb> n a i k a aa l a ee <wb> b a aa r a h a <wb> s a aa t a <wb> u n a n a ii s a <wb> ch a b a b a ii s a <wb> p a w a r a <wb> b a l a <wb> i k a k a ii s a
hindi_female_009656|k a l a aa <wb> m a aa n a w a <wb> j a aa t a i <wb> k a ii <wb> m a aa t a rq bh a aa sx a aa <wb> h a ei
hindi_female_009657|w a y a k a t a i <wb> a p a n a ee <wb> bh a ii t a r a <wb> k a ii <wb> a n a u bh a uu t a i <wb> s a q w a ee d a n a aa <wb> k a o <wb> k a l a aa <wb> m a ee q <wb> p a uu r a nx a <wb> s a rq j a i t a <wb> k a r a t a aa <wb> h a ei <wb> ou r a <wb> k a l a aa <wb> s a ee <wb> w a h a <wb> a p a n a ii <wb> s a q w a ee d a n a aa <wb> a n a u bh a uu t a i <wb> k a o <wb> p a g a aa t a aa <wb> bh a ii <wb> h a ei
hindi_female_009660|k a l a aa <wb> m a n a u sx a y a <wb> k a o <wb> ou r a <wb> a q t a t a hq <wb> s a m a aa j a <wb> k a o <wb> p a uu r a nx a t a aa <wb> p a r a d a aa n a <wb> k a r a t a ii <wb> h a ei
hindi_female_009662|p a t a r a k a aa r a <wb> ou r a <wb> s a m a aa c a aa r a <wb> p a t a r a <wb> ei s a ii <wb> j a n a <wb> a f a w a aa h a o q <wb> y a aa <wb> g a p a p a o q <wb> y a aa <wb> p a r a m a aa nx a i k a <wb> s a m a aa c a aa r a o q <wb> k a o <wb> bh a ii <wb> p a r a s a aa r a i t a <wb> n a h a ii q <wb> k a r a ee g a ee q <wb> j a i n a <wb> s a ee <wb> k a i s a ii <wb> k a aa <wb> n a i j a ii <wb> j a ii w a n a <wb> p a r a bh a aa w a i t a <wb> h a o t a aa <wb> h a ei
hindi_female_009663|a s a l a <wb> m a ee q <wb> ee k a <wb> r a c a n a aa k a aa r a <wb> k a l a aa k a aa r a <wb> k a ee <wb> l a i ee <wb> i s a <wb> b a aa t a <wb> s a ee <wb> k a o ii <wb> f a r a k a <wb> n a h a ii q <wb> p a dxq a t a aa <wb> k a i <wb> s a t a t a aa <wb> m a ee q <wb> k a ou n a <wb> b a ei txh a aa <wb> h a ei
hindi_female_009665|aa p a aa t a k a aa l a <wb> k a ee <wb> d a ou r a aa n a <wb> y a h a <wb> s a i l a s a i l a aa <wb> k a bh a ii <wb> th a m a t a aa <wb> h a u aa <wb> d a i kh a l a aa ii <wb> n a h a ii q <wb> p a dxq a t a aa <wb> h a ei
hindi_female_009668|i s a <wb> gh a o sx a nx a aa <wb> k a ee <wb> d a o <wb> d a i n a <wb> k a ee <wb> b a aa d a <wb> m a ee r a ee <wb> aa h a rq w a aa n a <wb> p a r a <wb> d a i l a l a ii <wb> k a ee <wb> p a r a ee s a <wb> k a l a b a <wb> p a r a <wb> ee k a <wb> s a ou <wb> p a aa mq c a <wb> p a t a r a k a aa r a o q <wb> n a ee <wb> ee k a t a r a <wb> h a o k a r a <wb> p a r a ee s a <wb> p a r a <wb> l a g a aa ee <wb> g a ee <wb> p a r a t a i b a q dh a o q <wb> k a aa <wb> p a u r a z a o r a <wb> w a i r a o dh a <wb> k a i y a aa
hindi_female_009669|a s a l a <wb> m a ee q <wb> k a i s a ii <wb> bh a ii <wb> r a aa sx a tx a r a <wb> r a aa j a y a <wb> m a ee q <wb> p a r a ee s a <wb> p a r a <wb> p a r a t a i b a q dh a <wb> l a g a aa ee <wb> j a aa n a ee <wb> k a ee <wb> k a aa r a nx a <wb> y a h a <wb> h a o t a aa <wb> h a ei <wb> k a i <wb> aa m a <wb> j a n a t a aa <wb> k a ee <wb> p a aa s a <wb> s a t a t a aa <wb> d a w a aa r a aa <wb> u txh a aa ee <wb> g a ee <wb> s a t a t a aa p a o sx a ii <wb> k a d a m a <wb> k a ii <wb> j a aa n a k a aa r a ii <wb> w a i c a aa r a <wb> t a q t a r a <wb> k a aa <wb> h a i s a s a aa <wb> h a ei
hindi_female_009673|r a ee m a b a r a <wb> n a ee <wb> m a ei dx a o n a aa <wb> k a o <wb> n a ii d a r a l a ei q dx a <wb> k a ii <wb> k a i s a aa n a <wb> m a h a i n a aa <wb> k a ee <wb> r a uu p a <wb> m a ee q <wb> c a i t a r a i t a <wb> k a i y a aa <wb> th a aa
hindi_female_009674|h a m a aa r a aa <wb> w a k a t a <wb> s a w a t a q t a r a t a aa <wb> k a o <wb> k a y a o q <wb> ei s a ee <wb> r a uu p a <wb> m a ee q <wb> w a y a k a t a <wb> n a h a ii q <wb> k a r a t a aa <wb> j a o <wb> u s a ee <wb> p a r a i y a <wb> ou r a <wb> b a o dh a g a m a y a <wb> h a ei
hindi_female_009675|aa q kh a ee <wb> m a uu q d a k a r a <wb> m a u q h a <wb> p a r a <wb> p a tx a tx a ii <wb> b a aa q dh a k a r a <wb> i s a <wb> t a r a h a <wb> k a aa r a y a r a t a <wb> th a ee <wb> m a aa n a o <wb> aa s a p a aa s a <wb> j a o <wb> h a o <wb> r a h a aa <wb> h a ei <wb> w a h a <wb> s a b a <wb> n a r a m a l a <wb> h a ei
hindi_female_009676|y a d a i <wb> aa j a <wb> h a m a <wb> i n a <wb> p a t a r a i k a aa o q <wb> k a ee <wb> t a t a k a aa l a ii n a <wb> a q k a o q <wb> k a o <wb> u l a tx a <wb> p a l a tx a <wb> k a r a <wb> d a ee kh a ee q <wb> t a o <wb> sh a aa y a d a <wb> h a ii <wb> a n a u m a aa n a <wb> l a g a aa <wb> p a aa ee q <wb> k a i <wb> h a m a <wb> u n a <wb> d a i n a o q <wb> k a ei s a ee <wb> s a q k a tx a <wb> k a ii <wb> gh a dxq a ii <wb> s a ee <wb> g a u z a r a <wb> r a h a ee <wb> th a ee
hindi_female_009684|ee k a <wb> s a t a r a <wb> w a o <wb> j a i s a m a ee q <wb> aa t a q k a w a aa d a <wb> u s a k a ii <wb> s a th a i t a i <wb> u s a s a ee <wb> b a n a n a ee <wb> w a aa l a ee <wb> h a aa l a aa t a <wb> k a o <wb> a dh a i k a <wb> s a ee <wb> a dh a i k a <wb> a s a r a d a aa r a <wb> t a r a ii k a ee <wb> s a ee <wb> d a i kh a aa ee <wb> j a aa <wb> s a k a ee q
hindi_female_009689|i s a <wb> a r a th a <wb> m a ee q <wb> aa p a <wb> k a h a <wb> s a k a t a ee <wb> h a ei q <wb> k a i <wb> sh a b a d a o q <wb> k a ee <wb> z a r a i ee <wb> tx a ee l a ii w a i z a n a <wb> c a ei n a l a o q <wb> d a w a aa r a aa <wb> p a r a y a u k a t a <wb> ch a w a i <wb> y a uu n a ii i m a ei j a i n a r a ii <wb> h a o t a ee <wb> h a ei q <wb> j a o <wb> d a o <wb> w a i r a o dh a ii <wb> p a k a sx a o q <wb> ou r a <wb> w a i p a r a ii t a <wb> d a sh a aa <wb> m a ee q <wb> ee k a <wb> h a ii <wb> s a aa th a <wb> k a aa m a <wb> m a ee q <wb> l a aa ee <wb> j a aa <wb> s a k a t a ee <wb> h a ei q
hindi_female_009692|i s a s a ee <wb> p a ei d a aa <wb> h a o n a ee w a aa l a ee <wb> a r a th a <wb> ee k a <wb> t a o <wb> n a i r a m a aa t a aa <wb> ou r a <wb> u p a bh a o k a t a aa <wb> k a ee <wb> z a r a i ee <wb> h a o t a aa <wb> h a ei <wb> ou r a <wb> d a uu s a r a aa <wb> s a w a y a q <wb> i s a <wb> t a k a n a ii k a <wb> k a ee <wb> d a w a aa r a aa <wb> j a o <wb> k a i <wb> p a r a s a aa r a nx a <wb> ou r a <wb> w a y a <wb> w a h a aa r a <wb> k a ee <wb> d a ou r a aa n a <wb> p a ei d a aa <wb> h a o t a aa <wb> h a ei
hindi_female_009696|s a uu z a n a <wb> s a o q tx a aa g a <wb> k a ii <wb> m a aa n a y a t a aa <wb> k a ee <wb> aa dh a aa r a <wb> p a r a <wb> j a b a <wb> l a o g a <wb> dx a r a aa i q g a <wb> r a u m a <wb> m a ee q <wb> b a ei txh a <wb> k a r a <wb> aa t a q k a w a aa d a <wb> k a ii <wb> kh a b a r a ee q <wb> d a ee kh a <wb> r a h a ee <wb> h a o t a ee <wb> h a ei q <wb> t a o <wb> i t a m a i n a aa n a <wb> h a o t a ee <wb> h a ei q <wb> u n a k a ee <wb> bh a ii t a r a <wb> ee k a <wb> n a i sh a c a i q t a t a aa <wb> k a aa <wb> b a o dh a <wb> h a o t a aa <wb> h a ei <wb> k a i <wb> h a m a <wb> s a u r a k a sx a i t a <wb> h a ei q
hindi_female_009697|p a i ch a l a ii <wb> r a aa t a <wb> m a ei q <wb> ee k a <wb> m a i t a r a <wb> k a ee <wb> gh a r a <wb> th a ii <wb> j a b a <wb> tx a ii w a ii <wb> p a r a <wb> m a ei q n a ee <wb> gh a aa y a l a o q <wb> k a o <wb> s a tx a r a ee c a r a <wb> p a r a <wb> dx a aa l a <wb> l a o g a o q <wb> k a o <wb> i dh a r a <wb> s a ee <wb> u dh a r a <wb> bh a aa g a t a ee <wb> d a ee kh a aa
hindi_female_009700|l a ee k a i n a <wb> k a y a aa <wb> w a ee <wb> s a bh a ii <wb> a s a aa m a aa n a y a <wb> y a aa <wb> b a u r a ee <wb> l a o g a <wb> h a ei q <wb> y a aa <wb> w a ee <wb> ei s a ee <wb> l a o g a <wb> h a ei q <wb> j a i n a s a ee <wb> h a m a <wb> tx a k a r a aa t a ee <wb> h a ei q <wb> j a i n a m a ee q <wb> s a ee <wb> k a o ii <wb> sh a aa y a d a <wb> h a m a aa r a ee <wb> s a aa th a <wb> k a aa m a <wb> k a r a t a aa <wb> h a o <wb> y a aa <wb> h a m a aa r a ee <wb> aa s a <wb> p a aa s a <wb> h a ii <wb> m a ou j a uu d a <wb> h a o
hindi_female_009702|kh a ei r a <wb> y a h a aa q <wb> h a m a <wb> gh a rq nx a aa <wb> k a ii <wb> t a aa k a t a <wb> k a o <wb> s a m a jh a n a ee <wb> k a ii <wb> s a ei d a dh a aa q t a i k a <wb> k a o sh a i sh a <wb> n a h a ii <wb> k a r a <wb> r a h a ee <wb> h a ei
hindi_female_009704|k a y a o q k a i <wb> j a o <wb> h a u w a aa <wb> u s a k a ee <wb> a s a r a <wb> k a o <wb> m a i tx a n a ee <wb> m a ee q <wb> t a o <wb> l a q b a aa <wb> s a m a y a <wb> l a g a ee g a aa <wb> l a ee k a i n a <wb> h a m a aa r a ii <wb> ee k a <wb> ee k a <wb> s a k a aa r a aa t a m a k a <wb> uu r a j a aa <wb> d a u n a i y a aa <wb> k a o <wb> b a d a l a <wb> s a k a t a ii <wb> h a ei
hindi_female_009720|t a b a <wb> ph a i r a <wb> i s a <wb> k a o m a l a <wb> m a s a t a i sx a k a <wb> m a ee q <wb> b a aa d a <wb> m a ee q <wb> ei s a aa <wb> k a y a aa <wb> gh a tx a i t a <wb> h a o t a aa <wb> h a ei <wb> k a i <wb> j a i s a k a ee <wb> l a i ee <wb> u s a ee <wb> kh a u d a <wb> a p a n a ee <wb> p a r a aa nx a o q <wb> k a aa <wb> bh a ii <wb> m a o h a <wb> n a h a ii q <wb> r a h a <wb> j a aa t a aa <wb> h a ei
hindi_female_009726|s a aa h a i t a y a i k a <wb> k a rq t a i y a o q <wb> k a o <wb> j a u n a uu n a <wb> k a ii <wb> h a d a <wb> t a k a <wb> c a aa h a n a ee <wb> w a aa l a ee <wb> l a o g a o q <wb> k a aa <wb> l a gh a u t a m a <wb> s a m a aa p a w a r a t a y a <wb> aa kh a i r a <wb> k a y a aa <wb> h a o <wb> s a k a t a aa <wb> h a ei <wb> ou r a <wb> i n a <wb> k a rq t a i y a o q <wb> k a ee <wb> l a ee kh a k a o q <wb> k a aa <wb> k a o r a ee <wb> t a th a y a <wb> i s a <wb> p a r a k a aa r a <wb> h a ei q
hindi_female_009727|p a u l a i s a <wb> k a ii <wb> h a i r a aa s a t a <wb> m a ee q <wb> h a aa m a s a u n a <wb> p a r a <wb> m a u k a d a m a aa <wb> c a l a aa y a aa <wb> g a y a aa <wb> ou r a <wb> i s a <wb> p a r a s a q g a <wb> k a aa <wb> i t a i h a aa s a <wb> a b a <wb> n a aa r a w a ee <wb> t a k a <wb> h a ii <wb> m a h a d a uu d a <wb> n a h a ii q <wb> r a h a <wb> g a y a aa <wb> h a ei
hindi_female_009728|j a i s a <wb> k a r a uu r a t a aa <wb> s a ee <wb> m a n a o c a i k a i t a s a ii y a <wb> j a aa mq c a <wb> k a ee <wb> b a h a aa n a ee <wb> w a rq d a dh a <wb> h a aa m a s a u n a <wb> k a o <wb> y a aa t a n a aa <wb> d a ii <wb> g a y a ii <wb> w a h a <wb> dx a ee n a m a aa r a k a <wb> k a ee <wb> l a ee kh a k a <wb> th a r a k a i l a dx a <wb> h a aa m a s a u n a <wb> k a ii <wb> p a u s a t a k a <wb> p a r a o s a ee sh a n a <wb> m a ee q <wb> p a ei n a ee <wb> ou r a <wb> m a aa r a m a i k a <wb> w a i w a r a nx a o q <wb> k a ee <wb> s a aa th a <wb> d a r a j a <wb> h a ei
hindi_female_009729|i s a <wb> p a u s a t a k a <wb> s a ee <wb> ou r a <wb> i s a <wb> l a ee kh a k a <wb> k a ee <wb> p a r a t a i <wb> h a u ii <wb> p a r a t a i <wb> k a r a i y a aa <wb> s a ee <wb> i s a <wb> b a aa t a <wb> k a aa <wb> a n a u m a aa n a <wb> s a h a j a <wb> h a ii <wb> l a g a aa y a aa <wb> j a aa <wb> s a k a t a aa <wb> h a ei <wb> k a i <wb> k a ee w a l a <wb> n a aa t a s a ii <wb> h a ii <wb> n a aa t a s a ii <wb> n a h a ii q <wb> th a ee
hindi_female_009741|k a ii <wb> l a o g a o q <wb> k a o <wb> g a r a d a <wb> ou r a <wb> m a h a ii n a <wb> c a uu r a nx a <wb> s a ee <wb> h a o n a ee <wb> w a aa l a ee <wb> w a i s a ph a o tx a <wb> k a ee <wb> khq a t a r a ee <wb> k a ee <wb> b a aa r a ee <wb> m a ee q <wb> j a aa n a k a aa r a ii <wb> n a h a ii <wb> h a ei
hindi_female_009742|j a h a aa mq <wb> t a k a <wb> g a r a d a <wb> k a ee <wb> khq a t a r a o q <wb> k a aa <wb> s a w a aa l a <wb> h a ei <wb> t a o <wb> a c a ch a ii <wb> s a aa f a <wb> s a f a aa ii <wb> ee k a <wb> m a h a t a t a w a p a uu r a nx a <wb> s a u r a k a sx a aa <wb> k a aa r a y a <wb> p a r a k a r a i y a aa <wb> h a ei
hindi_female_009744|s a r a k a aa r a <wb> k a o <wb> k a o ii <wb> h a kq a <wb> n a h a ii <wb> h a ei <wb> k a i <wb> w a h a <wb> gq a r a ii b a <wb> l a o g a o q <wb> k a aa <wb> a p a m a aa n a <wb> k a r a ee
hindi_female_009746|gq a z a l a <wb> ee k a <wb> h a ii <wb> b a h a r a <wb> ou r a <wb> w a z a n a <wb> k a ee <wb> a n a u s a aa r a <wb> l a i kh a ee <wb> g a ee <wb> sh a ee r a o q <wb> k a aa <wb> s a m a uu h a <wb> h a ei
hindi_female_009747|gq a z a l a o q <wb> k a aa <wb> aa r a q bh a <wb> a r a b a ii <wb> s a aa h a i t a y a <wb> k a ii <wb> k a aa w a y a <wb> w a i dh a aa <wb> k a ee <wb> r a uu p a <wb> m a ee q <wb> h a u aa
hindi_female_009750|w a ei s a ee <wb> i s a <wb> u p a n a y a aa s a <wb> m a ee q <wb> w a y a k a t a i g a t a <wb> s a q b a q dh a o q <wb> k a ee <wb> k a aa r a nx a <wb> bh a aa r a t a <wb> m a ee q <wb> a m a ee r a i k a aa <wb> k a ee <wb> p a uu r a w a <wb> r a aa j a d a uu t a <wb> k a ii <wb> ee k a <wb> k a sh a m a ii r a ii <wb> d a w a aa r a aa <wb> h a t a y a aa <wb> k a ii <wb> j a aa t a ii <wb> h a ei <wb> l a ee k a i n a <wb> i s a ii <wb> w a i sh a ee sx a <wb> s a q d a r a bh a <wb> k a ee <wb> k a aa r a nx a <wb> y a h a <wb> gh a tx a n a aa <wb> a p a n a ee <wb> aa p a <wb> m a ee q <wb> aa t a q k a w a aa d a ii <wb> gh a tx a n a aa <wb> p a r a t a ii t a <wb> h a o n a ee <wb> l a g a t a ii <wb> h a ei
hindi_female_009751|m a u s a l a i m a <wb> a n a y a <wb> k a ii <wb> ch a w a i <wb> k a aa <wb> n a i r a m a aa nx a <wb> k a i s a <wb> t a r a h a <wb> k a i y a aa <wb> j a aa <wb> r a h a aa <wb> h a ei <wb> i s a k a ii <wb> ee k a <wb> jh a l a k a <wb> i s a <wb> u p a n a y a aa s a <wb> m a ee q <wb> d a i kh a aa ii <wb> d a ee t a ii <wb> h a ei
hindi_female_010294|i s a k a ii <wb> s a m a jh a <wb> y a aa <wb> p a r a w a aa h a <wb> h a o n a ee <wb> k a ee <wb> b a d a l a ee <wb> a p a n a ee <wb> p a r a t a i d a w a q d a i y a o q <wb> h a i q d a ii <wb> k a ee <wb> s a th a aa p a i t a <wb> p a r a k a aa sh a k a o q <wb> r a aa j a k a m a l a <wb> w a aa nx a ii <wb> y a aa n a p a ii txh a <wb> k a ee <wb> b a aa r a ee <wb> m a ee q <wb> k a y a aa <wb> r a aa y a <wb> th a ii
hindi_female_010302|a p a n a ii <wb> a bh a d a r a <wb> tx a i p a p a nx a i y a o q <wb> ou r a <wb> a sh a i k a sx a i t a o q <wb> k a ee <wb> b a aa r a ee <wb> m a ee q <wb> a p a n a ee <wb> j a o k a s a <wb> k a ee <wb> l a i y a ee <wb> w a i kh a y a aa t a <wb> ou r a <wb> bh a dx a k a ii l a ee <wb> s a uu tx a <wb> p a h a n a n a ee <wb> w a aa l a aa <wb> y a h a <wb> p a r a s a t a o t a aa <wb> ee k a <wb> b a aa r a <wb> l a aa ii w a <wb> sh a o <wb> k a ee <wb> d a ou r a aa n a <wb> p a ei g a q b a r a <wb> m a u h a m a m a d a <wb> k a ee <wb> b a aa r a ee <wb> m a ee q <wb> ee k a <wb> aa p a t a t a i j a n a k a <wb> tx a i p a p a nx a ii <wb> k a r a <wb> b a ei txh a t a aa <wb> h a ei
hindi_female_010304|r a m a ee sh a <wb> i s a t a aa m a b a u l a <wb> p a r a ee s a <wb> k a o <wb> ee k a <wb> khq a t a <wb> bh a ee j a t a aa <wb> h a ei
hindi_female_010310|j a h a aa q <wb> t a k a <wb> l a i n a k a s a <wb> k a aa <wb> s a w a aa l a <wb> th a aa <wb> l a i n a k a s a <wb> k a aa <wb> p a r a y a o g a <wb> bh a ii <wb> kh a uu b a <wb> k a i y a aa <wb> g a y a aa <wb> l a ee k a i n a <wb> i s a k a aa <wb> u p a y a o g a <wb> a dh a i k a t a r a <wb> s a r a w a r a <wb> p a r a <wb> h a ii <wb> k a i y a aa <wb> dx a ee s a k a <wb> tx a aa p a <wb> p a r a <wb> n a h a ii q
hindi_female_010315|y a ee <wb> s a m a p a aa d a k a ii y a <wb> ei s a ii <wb> s a aa m a aa j a i k a <wb> w a ei y a k a t a i k a <wb> m a h a aa t a w a k a aa q k a sx a aa o q <wb> s a ee <wb> l a b a r a ee z a <wb> h a o t a ee <wb> h a ei q <wb> k a i <wb> h a m a ee q <wb> a p a n a ee <wb> s a aa th a <wb> g a i r a aa <wb> l a ee t a ee <wb> h a ei q
hindi_female_010324|h a i n a d a ii <wb> m a ee q <wb> s a b a <wb> k a w a i y a o q <wb> k a ii <wb> p a u s a t a k a ee q <wb> t a ii n a <wb> s a ou <wb> c a aa r a <wb> s a ou <wb> ch a p a t a ii <wb> h a ei q <wb> p a r a <wb> h a i n a d a ii <wb> m a ee q <wb> h a r a <wb> w a r a sx a <wb> c a aa r a <wb> s a ou <wb> s a ee <wb> h a z a aa r a <wb> k a aa w a y a <wb> p a u s a t a k a ee q <wb> ch a p a t a ii <wb> h a ei q
hindi_female_010325|p a r a <wb> m a n a <wb> m a ee <wb> ch a aa l a ee <wb> h a ei q <wb> k a i <wb> s a uu kh a t a ee <wb> n a h a ii q <wb> b a l a k a i <wb> b a aa r a <wb> b a aa r a <wb> ph a uu tx a <wb> k a r a <wb> u s a ee <wb> aa h a t a <wb> k a r a t a ee <wb> h a ei q <wb> u s a k a aa <wb> k a y a aa <wb> g a u n a aa h a <wb> th a aa
hindi_female_010329|d a ee kh a n a ee <wb> d a i kh a aa n a ee <wb> k a ii <wb> r a s a m a <wb> k a ee <wb> b a aa d a <wb> s a b a k a ee <wb> k a h a n a ee <wb> p a r a <wb> ee k a aa q t a <wb> m a ee q <wb> u s a n a ee <wb> ee k a <wb> s a q k a sx a i p a t a <wb> b a aa t a <wb> k a ii <wb> ou r a <wb> w a h a <wb> a c a aa n a k a <wb> u txh a <wb> k a r a <wb> c a l a ii <wb> g a ii <wb> t a b a <wb> u s a ee <wb> l a g a aa <wb> th a aa <wb> k a i <wb> sh a r a m a aa <wb> r a h a ii <wb> h a o g a ii
hindi_female_010331|m a u jh a ee <wb> ch a uu n a aa <wb> m a t a <wb> y a h a <wb> sh a aa d a ii <wb> n a h a ii q <wb> h a ei <wb> a w a i n a aa sh a <wb> s a m a jh a ou t a aa <wb> h a ei
hindi_female_010337|p a i ch a l a ee <wb> k a ii <wb> d a i n a o q <wb> s a ee <wb> y a h a <wb> m a aa uu q tx a <wb> aa b a uu <wb> p a r a k a r a nx a <wb> m a aa mq <wb> ou r a <wb> m a aa m a aa <wb> c a l a aa ee <wb> j a aa <wb> r a h a ee <wb> th a ee
hindi_female_010338|i s a <wb> b a aa r a <wb> m a aa m a aa <wb> ch a aa ch a <wb> bh a ii <wb> ph a uu q k a <wb> ph a uu q k a <wb> k a r a <wb> p a ii n a aa <wb> c a aa h a t a ee <wb> th a ee <wb> s a o <wb> w a h a <wb> u s a ee <wb> l a dxq a k a ii <wb> ou r a <wb> u s a <wb> k a ee <wb> p a r a i w a aa r a <wb> k a ee <wb> s a aa th a <wb> p a uu r a ee <wb> p a n a d a r a h a <wb> b a ii s a <wb> d a i n a <wb> ch a o dx a n a aa <wb> c a aa h a <wb> r a h a ee <wb> th a ee
hindi_female_010339|b a r a i g a ee dx a i y a r a <wb> s a i n a h a aa <wb> m a aa m a aa <wb> k a ee <wb> k a l a ii g a <wb> r a h a <wb> c a u k a ee <wb> h a ei q <wb> u n a k a ii <wb> ee k a <wb> b a h a n a <wb> h a ei <wb> a w a i w a aa h a i t a <wb> u s a n a ee <wb> bh a ii <wb> k a i n a h a ii q <wb> k a aa r a nx a o q <wb> s a ee <wb> sh a aa d a ii <wb> n a h a ii q <wb> k a ii
hindi_female_010344|s a aa m a n a ee <wb> w a aa l a ii <wb> s a ii tx a <wb> p a r a <wb> ee k a <wb> w a i d a ee sh a ii <wb> y a u w a t a i <wb> b a ei txh a ii <wb> h a ei <wb> u s a ee <wb> d a ee kh a <wb> m a u s a k a u r a aa <wb> d a ee t a ii <wb> h a ei
hindi_female_010349|w a h a <wb> b a s a <wb> a p a n a ii <wb> n a ou k a r a ii <wb> k a ee <wb> b a ii s a <wb> s a aa l a <wb> p a uu r a ee <wb> k a r a t a ee <wb> h a ii <wb> a b a r a o dx a <wb> c a l a aa <wb> j a aa ee g a aa
hindi_female_010350|sh a aa m a <wb> dxh a l a n a ee <wb> l a g a ii <wb> th a ii <wb> l a g a t a aa <wb> h a ei <wb> aa b a uu <wb> r a o dx a <wb> s a ee <wb> u p a r a <wb> m a aa uu q tx a <wb> aa b a uu <wb> p a h a u mq c a t a ee <wb> p a h a u mq c a t a ee <wb> d a o <wb> gh a q tx a ee <wb> ou r a <wb> l a g a <wb> j a aa ee q g a ee <wb> ou r a <wb> w a h a <wb> r a aa t a <wb> aa txh a <wb> b a j a ee <wb> s a ee <wb> p a h a l a ee <wb> n a h a ii q <wb> p a h a u mq c a ee g a aa
hindi_female_010355|b a s a s a tx a p a <wb> p a r a <wb> u t a r a <wb> k a r a <wb> w a h a <wb> a p a n a aa <wb> s a aa m a aa n a <wb> dx a i k a k a ii <wb> s a ee <wb> n a i k a l a w a aa <wb> r a h a aa <wb> h a ei
hindi_female_010362|a n a d a r a <wb> p a o h a q c a <wb> k a r a <wb> r a aa m a s a i q g a <wb> k a o <wb> u n a k a aa <wb> s a aa m a aa n a <wb> g a ee s a tx a r a uu m a <wb> m a ee q <wb> r a kh a n a ee <wb> k a aa <wb> aa d a ee sh a <wb> d a ee k a r a <wb> u s a ee <wb> h a aa l a n a u m a aa <wb> dx a r a o ii q g a <wb> r a uu m a <wb> m a ee q <wb> b a i txh a aa <wb> k a r a <wb> w a ee <wb> a n a d a r a <wb> k a h a ii q <wb> g a aa y a b a <wb> h a o <wb> g a y a ee
hindi_female_010364|a w a i n a aa sh a <wb> y a ee <wb> m a ee r a ii <wb> b a ee tx a ii <wb> n a ii l a aa q j a n a aa <wb> h a ei
hindi_female_010371|p a uu r a aa <wb> gh a uu m a gh a aa m a <wb> k a r a <wb> d a ee kh a <wb> k a r a <wb> u s a ee <wb> y a aa d a <wb> aa y a aa <wb> d a s a <wb> b a j a ee <wb> dx a i n a r a <wb> k a ee <wb> l a i y a ee <wb> n a ii c a ee <wb> u t a r a n a aa <wb> h a ei
hindi_female_010372|a w a i n a aa sh a <wb> a q j a n a aa <wb> m a ee r a ii <wb> w a aa ii f a <wb> s a ee <wb> t a u m a <wb> m a i l a <wb> c a u k a ee <wb> h a o
hindi_female_010379|bh a r a ee <wb> s a aa n a u p a aa t a i k a <wb> j a i s a m a <wb> p a r a <wb> b a aa tx a i k a <wb> p a r a i n a tx a <wb> k a aa <wb> bh a r a aa <wb> k a u r a t a aa <wb> ou r a <wb> j a ii n a s a <wb> gh a n a ee <wb> k a aa l a ee <wb> l a m a b a ee <wb> b a aa l a o q <wb> k a o <wb> aa k a r a sx a k a <wb> m a g a r a <wb> b a ee t a r a t a ii b a <wb> j a uu dx a ee <wb> m a ee q <wb> l a p a ee tx a aa <wb> h a u aa
hindi_female_010380|b a aa t a <wb> k a r a n a ee <wb> k a ee <wb> dxh a q g a <wb> ou r a <wb> sh a b a d a o q <wb> k a ee <wb> c a y a n a <wb> s a ee <wb> l a g a t a aa <wb> h a ei <wb> k a i <wb> b a u dh a d a i j a ii w a ii <wb> ou r a <wb> k a l a aa k a aa r a <wb> b a aa t a <wb> k a r a <wb> r a h a aa <wb> h a ei
hindi_female_010381|ph a i r a <wb> n a z a r a <wb> gh a uu m a ii <wb> t a o <wb> n a ii l a aa <wb> p a r a <wb> j a aa <wb> tx a i k a ii <wb> c a m a p a ii <wb> r a q g a <wb> b a u aa <wb> k a ii <wb> s a ii <wb> h a ii <wb> b a dx a ii <wb> b a dx a ii <wb> l a m a b a ii <wb> aa mq kh a ee q <wb> p a r a <wb> n a aa k a <wb> ou r a <wb> h a o q txh a <wb> m a aa q <wb> j a ei s a ii <wb> s a u gh a dxh a
hindi_female_010387|y a h a <wb> a tx a k a ii <wb> h a u ii <wb> h a ei <wb> d a r a a s a l a <wb> b a m a b a ee <wb> h a o t a ii <wb> t a o <wb> p a uu r a aa <wb> h a o <wb> j a aa t a ii <wb> i s a ee <wb> n a ii l a aa <wb> l a ee <wb> n a h a ii q <wb> j a aa n a ee <wb> d a ee t a ii <wb> h a ei
hindi_female_010392|b a r a i g a ee dx a i y a r a <wb> s a i n a h a aa <wb> n a ee <wb> k a sh a m a ii r a <wb> m a s a l a ee <wb> p a r a <wb> b a aa t a <wb> ch a ee dx a <wb> d a ii <wb> t a o <wb> w a h a <wb> c a r a c a aa <wb> d a ee r a <wb> t a k a <wb> c a l a t a ii <wb> r a h a ii
hindi_female_010395|l a q c a <wb> k a ee <wb> b a aa d a <wb> w a h a <wb> a p a n a ee <wb> k a m a r a ee <wb> m a ee q <wb> aa n a ee <wb> k a ee <wb> b a aa d a <wb> d a ee r a <wb> t a k a <wb> i s a <wb> w a i sx a y a <wb> p a r a <wb> s a o c a <wb> s a o c a <wb> k a r a <wb> u l a jh a t a aa <wb> r a h a aa
hindi_female_010396|s a l a w a aa r a <wb> k a u r a t a ee <wb> m a ee q <wb> n a ii l a aa <wb> b a dx a ii <wb> b a dx a ii <wb> l a g a ii
hindi_female_010398|p a l a ii j a <wb> a w a i n a aa sh a <wb> a q k a l a <wb> aa p a <wb> k a h a i y a ee <wb> n a aa <wb> m a m a m a ii <wb> k a o <wb> k a i <wb> m a ei q <wb> bh a ii <wb> c a l a uu q g a ii
hindi_female_010399|u s a n a ee <wb> n a ii l a aa <wb> k a o <wb> s a aa th a <wb> l a ee <wb> h a ii <wb> l a i y a aa <wb> s a u dh a aa <wb> n a ee <wb> bh a ii <wb> p a ei r a w a ii <wb> k a ii <wb> k a y a o q k a i <wb> d a o n a o q <wb> h a ii <wb> tx a aa l a <wb> r a h a ee <wb> th a ee <wb> ee k a aa n a t a <wb> k a aa <wb> s a aa th a
hindi_female_010403|n a ii l a aa <wb> n a ee <wb> aa k a r a <wb> h a aa th a <wb> p a k a dx a <wb> l a i y a aa <wb> ee k a <wb> u sx a nx a <wb> ou r a <wb> u t a s a aa h a <wb> s a ee <wb> bh a r a aa <wb> s a p a r a sh a
hindi_female_010413|h a w a aa <wb> m a ee q <wb> u dx a t a aa <wb> u s a k a aa <wb> l a ei s a <wb> w a aa l a aa <wb> k a l a r a <wb> a w a i n a aa sh a j a ii <wb> k a y a aa <wb> d a ee kh a <wb> r a h a ee <wb> th a ee <wb> y a h a ii <wb> k a i <wb> t a u m a <wb> b a h a u t a <wb> s a u n a d a r a <wb> h a o
hindi_female_010414|p a r a k a rq t a i <wb> m a ee q <wb> h a r a <wb> c a ii z a <wb> s a u n a d a r a <wb> h a ei <wb> m a u jh a ee <wb> t a o <wb> h a r a <wb> c a ii z a <wb> s a u n a d a r a <wb> l a g a t a ii <wb> h a ei
hindi_female_010415|s a b a k a aa <wb> s a o c a n a ee <wb> k a aa <wb> dxh a q g a <wb> h a ei <wb> a p a n a aa <wb> a p a n a aa <wb> k a y a aa <wb> y a ee <wb> jh a ii l a <wb> r a i y a l a <wb> n a h a ii q <wb> w a o <wb> j a l a p a aa q kh a i y a o q <wb> k a aa <wb> jh a u nx a dx a <wb> r a i y a l a <wb> n a h a ii q
hindi_female_010416|t a u m a h a ee q <wb> k a y a aa <wb> m a aa l a uu m a <wb> z a i n a d a g a ii <wb> k a i t a n a ii <wb> b a dx a ii <wb> g a r a i m a <wb> r a i y a ee l a i tx a ii <wb> h a ei <wb> j a i s a ee <wb> t a u m a h a ee q <wb> b a t a aa <wb> k a r a <wb> dx a r a aa n a aa <wb> n a h a ii q <wb> c a aa h a t a aa
hindi_female_010421|m a ee r a aa <wb> b a s a <wb> c a l a ee <wb> t a o <wb> k a aa n a o q <wb> m a ee q <wb> b a b a uu l a <wb> k a ee <wb> g a o l a <wb> ph a uu l a <wb> p a h a n a uu q <wb> b a aa l a o q <wb> m a ee q <wb> r a q g a b a i r a q g a ee <wb> p a q kh a <wb> l a g a aa <wb> l a uu q
hindi_female_010425|sh a aa s a n a <wb> k a aa <wb> k a aa m a k a aa j a <wb> s a u c a aa r a uu <wb> r a uu p a <wb> s a ee <wb> c a l a <wb> r a h a aa <wb> th a aa
hindi_female_010426|n a g a r a <wb> s a ee txh a <wb> sh a r a ii dh a r a <wb> r a aa j a aa <wb> k a ee <wb> gh a n a i sx a txh a <wb> m a i t a r a <wb> th a ee
hindi_female_010427|s a ee txh a <wb> k a aa <wb> b a dx a aa <wb> b a ee tx a aa <wb> b a h a u t a <wb> h a ii <wb> h a o n a h a aa r a <wb> th a aa
hindi_female_010429|ph a i r a <wb> d a o n a o q <wb> kh a u b a <wb> h a mq s a t a ee <wb> r a aa j a y a <wb> m a ee q <wb> i s a <wb> d a o s a t a ii <wb> k a ii <wb> c a r a c a aa <wb> s a r a w a t a r a <wb> th a ii <wb> s a m a y a <wb> g a u z a r a t a aa <wb> r a h a aa
hindi_female_010431|p a r a t a y a ee k a <wb> d a i n a <wb> k a ii <wb> bh a aa q t a i <wb> aa j a <wb> bh a ii <wb> w a ee <wb> r a aa j a aa <wb> k a ee <wb> b a g a l a <wb> m a ee q <wb> w a i r a aa j a m a aa n a <wb> h a o <wb> g a ee
hindi_female_010432|th a o dx a ii <wb> b a h a u t a <wb> b a aa t a ee q <wb> h a u y a ii q <wb> p a r a <wb> ee k a <wb> c a u bh a n a <wb> s a ii <wb> d a o n a o q <wb> k a o <wb> h a ii <wb> tx a ii s a <wb> r a h a ii <wb> th a ii <wb> j a o <wb> a w a y a k a t a <wb> h a o t a ee <wb> h a u ee <wb> bh a ii <wb> s a p a sx a tx a <wb> th a aa
hindi_female_010437|a t a hq <wb> aa p a <wb> l a o g a o q <wb> k a ee <wb> i s a <wb> p a r a ee m a <wb> m a ee q <wb> ei s a ii <wb> h a ii <wb> d a m a i t a <wb> d a u r a bh a aa w a n a aa <wb> s a m a aa w a i sx a tx a <wb> h a o <wb> g a y a ii <wb> h a ei <wb> j a i s a <wb> k a aa r a nx a <wb> aa p a k a ee <wb> i s a <wb> p a r a g a aa dxh a <wb> p a r a ee m a <wb> m a ee q <wb> bh a ii <wb> a n a t a r a w a ee d a n a aa <wb> a q k a u r a i t a <wb> h a o <wb> j a aa t a ii <wb> h a ei
hindi_female_010438|a b a <wb> aa p a <wb> d a o n a o q <wb> h a ii <wb> a p a n a ee <wb> a p a n a ee <wb> m a n a <wb> m a ee q <wb> a p a n a ee <wb> gh a u tx a n a <wb> k a aa <wb> k a aa r a nx a <wb> dxh a uu q dxh a o
hindi_female_010439|k a u ch a <wb> d a ee r a <wb> b a aa d a <wb> s a ee txh a <wb> n a ee <wb> c a u p a p a ii <wb> t a o dx a ii <wb> ou r a <wb> k a h a aa <wb> h a ee <wb> r a aa j a g a u r a uu <wb> s a aa r a aa <wb> k a u s a uu r a <wb> m a ee r a aa <wb> h a ei
hindi_female_010443|m a ee r a ii <wb> s a aa r a ii <wb> p a uu q j a ii <wb> n a sx a tx a <wb> h a o n a ee <wb> k a ee <wb> k a g a aa r a <wb> p a r a <wb> h a ei
hindi_female_010446|a b a <wb> t a u m a <wb> d a o n a o q <wb> k a ee <wb> b a ii c a <wb> k a aa <wb> m a ei l a <wb> dh a u l a <wb> c a u k a aa <wb> h a ei
hindi_female_010447|r a aa j a aa <wb> n a ee <wb> k a h a aa <wb> h a ee <wb> m a i t a r a <wb> p a h a l a ee <wb> h a ii <wb> y a h a <wb> b a aa t a <wb> b a t a aa <wb> d a ee t a ee <wb> t a o <wb> h a m a <wb> d a o n a o q <wb> k a o <wb> i t a n a aa <wb> k a sx a tx a <wb> t a o <wb> n a h a ii q <wb> s a h a n a aa <wb> p a dx a t a aa
hindi_female_010448|u n a h a o q n a ee <wb> m a q t a r a ii <wb> k a o <wb> b a u l a w a aa k a r a <wb> ee k a <wb> c a q d a n a <wb> k a aa <wb> m a h a l a <wb> t a ei y a aa r a <wb> k a r a w a aa n a ee <wb> k a aa <wb> h a u k a m a <wb> d a i y a aa
hindi_female_010451|y a ee <wb> w a i k a aa s a <wb> p a th a <wb> k a ee <wb> a w a r a o dh a k a <wb> h a ei q
hindi_female_010453|t a ii n a <wb> b a aa r a <wb> g a r a bh a p a aa t a <wb> k a ii <wb> w a h a <wb> sh a i k a aa r a <wb> h a u ii <wb> th a ii <wb> i s a l a i y a ee <wb> t a ii n a <wb> g a u dx a i y a aa q <wb> th a ii q <wb> u s a k a ee <wb> p a aa s a
hindi_female_010455|c a aa h a t a ii <wb> th a ii <wb> t a u m a <wb> s a b a k a o <wb> ou r a <wb> t a u m a h a aa r a ee <wb> j a ei s a ii <wb> a n a ee k a o q <wb> k a ii <wb> m a aa q <wb> b a n a <wb> k a r a <wb> m a ei q <wb> ph a l a o q <wb> s a ee <wb> l a d a aa <wb> ee k a <wb> w a i sh a aa l a <wb> ch a t a n a aa r a <wb> p a ee dx a <wb> b a n a <wb> j a aa uu q
hindi_female_010459|sh a aa kh a aa <wb> k a o <wb> i n a <wb> s a th a i t a i y a o q <wb> s a ee <wb> s a kh a t a <wb> ei t a r a aa z a <wb> th a aa <wb> ou r a <wb> i s a <wb> ei t a r a aa z a <wb> k a ii <wb> p a r a t a i <wb> k a r a i y a aa <wb> m a ee q <wb> w a h a <wb> d a r a j a n a o q <wb> b a ee tx a i y a o q <wb> k a ii <wb> m a aa q <wb> b a n a n a aa <wb> c a aa h a t a ii <wb> th a ii
hindi_female_010461|aa j a <wb> bh a ii <wb> u s a k a ii <wb> s a s a u r a aa l a <wb> k a ee <wb> k a u t a t a ee <wb> m a ee r a ee <wb> j a i s a m a <wb> k a o <wb> n a o q c a <wb> r a h a ee <wb> h a ei q <wb> j a ei s a ee <wb> m a ei q <wb> u n a k a aa <wb> j a n a m a <wb> j a aa t a <wb> k a r a z a <wb> d a aa r a <wb> h a uu q
hindi_female_010462|a b a <wb> ou r a <wb> s a aa h a s a <wb> n a h a ii q <wb> h a ei <wb> k a i <wb> b a ee tx a ii <wb> b a y a aa h a n a ee <wb> k a ee <wb> n a aa m a <wb> p a r a <wb> k a o ii <wb> d a o b a aa r a aa <wb> m a ee r a ii <wb> kh a aa l a <wb> u t a aa r a <wb> l a ee
hindi_female_010465|w a h a <wb> ee k a <wb> a c a ch a ee <wb> gh a r a <wb> m a ee q <wb> j a aa k a r a <wb> s a u kh a <wb> s a ee <wb> r a h a ee <wb> y a h a <wb> u s a k a ii <wb> d a i l a ii <wb> kh a w a aa h a i sh a <wb> th a ii
hindi_female_010469|ei s a aa <wb> b a ee m a u r a <wb> w a t a <wb> s a l a uu k a <wb> t a o <wb> k a o ii <wb> s a uu d a kh a o r a <wb> m a h a aa j a n a <wb> bh a ii <wb> n a h a ii q <wb> k a r a t a aa <wb> h a o g a aa
hindi_female_010474|a q t a t a hq <wb> u s a n a ee <wb> ei s a aa <wb> h a ii <wb> k a i y a aa
hindi_female_010476|kh a u d a <wb> k a o <wb> y a h a <wb> s a m a jh a aa k a r a <wb> sh a aa d a ii <wb> k a r a <wb> d a ii <wb> k a i <wb> c a ee h a r a ee <wb> k a ii <wb> s a th a uu l a <wb> s a u n a d a r a t a aa <wb> s a ee <wb> k a h a ii q <wb> b a dx a ii <wb> h a o t a ii <wb> h a ei <wb> aa q t a r a i k a <wb> s a u n a d a r a t a aa
hindi_female_010479|a g a r a <wb> w a h a <wb> b a ee tx a ii <wb> k a ee <wb> b a aa p a <wb> h a o n a ee <wb> k a o <wb> a bh a i sh a aa p a <wb> m a aa n a k a r a <wb> i s a s a ee <wb> b a c a n a ee <wb> k a ee <wb> l a i y a ee <wb> s a kh a t a <wb> ee h a t a i y a aa t a <wb> b a r a t a n a aa <wb> c a aa h a t a aa <wb> h a ei <wb> t a o <wb> sh a aa kh a aa <wb> i s a <wb> m a aa n a s a i k a t a aa <wb> k a o <wb> s a m a jh a <wb> s a k a t a ii <wb> h a ei
hindi_female_010482|m a ee r a ii <wb> y a h a <wb> p a h a l a ii <wb> p a r a ee g a n a ee n a s a ii <wb> h a ei <wb> i s a ee <wb> p a l a ii z a <wb> k a r a uu r a t a aa <wb> s a ee <wb> s a m a p a n a n a <wb> h a o n a ee <wb> d a o
hindi_female_010483|p a h a l a ee <wb> i sh a uu <wb> m a ee q <wb> k a o ii <wb> w a r a j a n a aa <wb> k a o ii <wb> r a u k a aa w a tx a <wb> k a o ii <wb> s a q sh a y a <wb> u c a i t a <wb> n a h a ii q
hindi_female_010486|m a ei q <wb> u s a s a ee <wb> k a ii <wb> s a aa l a <wb> b a dx a aa <wb> th a aa <wb> l a ee k a i n a <wb> gh a r a <wb> k a o <wb> s a q w a aa r a n a ee <wb> s a q bh a aa l a n a ee <wb> ou r a <wb> r a s a o ii <wb> s a ii dh a ii <wb> k a r a n a ee <wb> k a ee <wb> m a aa m a l a ee <wb> m a ee q <wb> m a ei q <wb> k a i s a ii <wb> k a aa m a <wb> k a aa <wb> n a h a ii q <wb> th a aa
hindi_female_010488|w a ee <wb> k a h a t a ee <wb> th a ee <wb> m a u jh a ee <wb> a p a n a ii <wb> p a r a i dh a i <wb> k a ii <wb> s a u gh a dx a t a aa <wb> d a ee kh a o <wb> a q b a r a
hindi_female_010489|i s a n a ee <wb> gh a u tx a tx a ii <wb> m a ee q <wb> h a ii <wb> k a b a <wb> s a ii kh a <wb> l a i y a aa <wb> y a h a <wb> s a b a <wb> h a m a ee q <wb> p a t a aa <wb> h a ii <wb> n a h a ii q <wb> c a l a aa
hindi_female_010490|k a h a k a r a <wb> ee k a <wb> d a ii r a gh a <wb> n a i hq sh a w a aa s a <wb> bh a r a ii <wb> a m a b a r a <wb> n a ee
hindi_female_010492|l a ee k a i n a <wb> t a u m a <wb> c a aa h a t a ii <wb> h a o <wb> k a i <wb> m a aa t a rq t a w a <wb> k a ee <wb> t a u m a h a aa r a ee <wb> p a h a l a ee <wb> a w a s a r a <wb> k a o <wb> s a w a ch a q d a <wb> r a h a n a ee <wb> d a i y a aa <wb> j a aa y a ee <wb> t a o <wb> c a l a o <wb> m a ei q <wb> t a u m a h a aa r a ii <wb> bh a aa w a n a aa <wb> k a o <wb> aa h a t a <wb> n a h a ii q <wb> k a r a t a aa
hindi_female_010493|sh a aa kh a aa <wb> n a ee <wb> h a q s a ii <wb> m a ee q <wb> a n a u r a aa g a <wb> gh a o l a t a ee <wb> h a u ee <wb> k a h a aa <wb> a g a r a <wb> b a ee tx a aa <wb> h a o <wb> g a y a aa <wb> i s a <wb> b a aa r a <wb> t a o <wb> a g a l a ii <wb> b a aa r a <wb> bh a ii <wb> m a ee r a aa <wb> y a h a <wb> s a w a aa l a <wb> k a aa y a m a <wb> r a h a ee g a aa
hindi_female_010494|sh a aa kh a aa <wb> n a ee <wb> b a aa l a i k a aa <wb> sh a i sh a u <wb> k a o <wb> j a n a m a <wb> d a i y a aa <wb> aa sh a q k a aa <wb> ei s a ii <wb> h a ii <wb> th a ii <wb> h a aa l a aa q k a i <wb> d a o n a o q <wb> n a ee <wb> m a n a <wb> h a ii <wb> m a n a <wb> p a u t a r a <wb> p a r a aa p a t a i <wb> k a ii <wb> gh a n a gh a o r a <wb> k a aa m a n a aa <wb> k a ii <wb> th a ii
hindi_female_010495|n a i y a t a i <wb> p a r a aa y a hq <wb> ei s a aa <wb> h a ii <wb> w a i dh a aa n a <wb> r a c a t a ii <wb> h a ei <wb> j a i s a s a ee <wb> aa p a <wb> bh a aa g a n a aa <wb> c a aa h a t a ee <wb> h a ei q <wb> w a h a <wb> aa p a k a ee <wb> p a ii ch a ee <wb> l a g a <wb> j a aa t a ii <wb> h a ei
hindi_female_010496|m a u n a n a ii <wb> gh a r a <wb> m a ee q <wb> p a l a n a ee <wb> l a g a ii <wb> l a aa dx a <wb> p a y a aa r a <wb> k a ee <wb> s a h a j a <wb> ou r a <wb> s a w a aa bh a aa w a i k a <wb> p a r a i w a ee sh a <wb> m a ee q <wb> p a l a n a ee <wb> l a g a ii
hindi_female_010497|b a r a t a aa w a <wb> m a ee q <wb> ei s a ii <wb> sh a aa l a ii n a t a aa <wb> ou r a <wb> s a ii m a aa <wb> b a s a <wb> y a h a ii q <wb> t a k a <wb> r a h a ii
hindi_female_010498|a g a l a ee <wb> i sh a uu <wb> s a ee <wb> u n a k a ii <wb> p a r a aa th a m a i k a t a aa <wb> b a d a l a <wb> g a ii
hindi_female_010499|d a uu s a r a ee <wb> t a ii s a r a ee <wb> ou r a <wb> c a ou th a ee <wb> g a r a bh a <wb> k a aa <wb> h a sh a r a <wb> g a u dx a i y a o q <wb> m a ee q <wb> p a r a w a r a i t a <wb> h a o <wb> g a y a aa
hindi_female_010502|sh a aa kh a aa <wb> k a ee <wb> m a n a <wb> m a ee q <wb> aa t a aa <wb> k a i <wb> j a b a <wb> g a r a bh a p a aa t a <wb> h a ii <wb> u s a k a ii <wb> n a i y a t a i <wb> h a ei <wb> t a o <wb> ph a i r a <wb> w a h a <wb> g a r a bh a <wb> dh a aa r a nx a <wb> h a ii <wb> k a y a o q <wb> k a r a ee <wb> k a y a o q <wb> n a h a ii q <wb> ax p a r a ee sh a n a <wb> k a r a w a aa <wb> k a r a <wb> i s a <wb> jh a q jh a tx a <wb> s a ee <wb> h a ii <wb> m a u k a t a <wb> h a o <wb> j a aa y a ee
hindi_female_010507|sh a aa kh a aa <wb> k a o <wb> l a g a aa <wb> k a i <wb> d a o n a o q <wb> k a ee <wb> m a n a <wb> k a ee <wb> b a ii c a <wb> j a ei s a ee <wb> k a o ii <wb> tx a ee l a ii p a ei th a ii <wb> h a o <wb> g a y a ii
hindi_female_010508|a b a <wb> bh a l a aa <wb> ei s a ee <wb> aa t a m a ii y a <wb> ou r a <wb> m a ii txh a ee <wb> s a q bh a aa sx a nx a <wb> k a r a n a ee <wb> w a aa l a ee <wb> p a t a i <wb> k a o <wb> k a o ii <wb> kh a l a n a aa y a k a <wb> k a ei s a ee <wb> k a r a aa r a <wb> d a ee <wb> k a y a aa <wb> p a y a aa r a <wb> ou r a <wb> w a i sh a w a aa s a <wb> bh a ii <wb> kh a l a n a aa y a k a ii <wb> k a aa <wb> a s a t a r a <wb> h a o <wb> s a k a t a aa <wb> h a ei
hindi_female_010510|p a r a ii k a sx a nx a <wb> p a r a <wb> w a ei dh a aa n a i k a <wb> p a r a t a i b a q dh a <wb> l a g a n a ee <wb> k a ee <wb> b a aa d a <wb> dx a k a tx a r a <wb> n a ee <wb> y a o q <wb> y a h a <wb> dh a q dh a aa <wb> b a n a d a <wb> k a r a <wb> d a i y a aa <wb> th a aa <wb> ph a i r a <wb> bh a ii <wb> k a u ch a <wb> kh a aa s a <wb> p a r a i s a th a i t a i y a aa q <wb> ou r a <wb> k a u ch a <wb> kh a aa s a <wb> l a o g a <wb> n a i y a m a <wb> k a aa n a uu n a <wb> k a ee <wb> d a aa y a r a ee <wb> s a ee <wb> h a m a ee sh a aa <wb> k a ii <wb> j a g a h a <wb> k a ii <wb> b a aa r a <wb> b a aa h a r a <wb> t a o <wb> h a o t a ee <wb> h a ii <wb> h a ei q
hindi_female_010511|dx a k a tx a r a <wb> s a ee <wb> b a h a u t a <wb> n a z a d a ii k a ii <wb> s a ee <wb> j a aa n a <wb> p a h a c a aa n a <wb> h a o <wb> j a aa n a ee <wb> k a ee <wb> b a aa d a <wb> a q b a r a <wb> bh a ii <wb> kh a u d a <wb> k a o <wb> i s a <wb> kh a aa s a <wb> sh a r a ee nx a ii <wb> m a ee q <wb> m a aa n a t a aa <wb> th a aa
hindi_female_010513|d a u n a i y a aa <wb> k a o <wb> a s a q t a u l a i t a <wb> k a r a n a ee <wb> k a aa <wb> a p a r a aa dh a <wb> a b a <wb> ou r a <wb> m a u jh a s a ee <wb> n a h a ii q <wb> h a o g a aa
hindi_female_010515|p a r a i dh a i <wb> n a ee <wb> a p a n a ee <wb> bh a aa ii <wb> k a aa <wb> s a m a r a th a n a <wb> k a r a t a ee <wb> h a u ee <wb> k a h a aa <wb> th a aa <wb> bh a ei y a aa <wb> txh a ii k a <wb> k a h a t a ee <wb> h a ei q <wb> dx a k a tx a r a <wb> b a ee tx a ii <wb> w a h a ii <wb> p a ei d a aa <wb> k a r a ee <wb> j a i s a k a ee <wb> gh a r a <wb> m a ee q <wb> l a aa kh a o q <wb> k a r a o dx a o q <wb> j a m a aa <wb> h a o q
hindi_female_010516|m a ei q <wb> aa j a <wb> bh a ii <wb> a p a n a ee <wb> gh a r a <wb> m a ee q <wb> r a ou r a w a <wb> bh a o g a <wb> r a h a ii <wb> h a uu q
hindi_female_010524|a q b a r a <wb> aa p a ee <wb> s a ee <wb> b a aa h a r a <wb> h a o <wb> g a y a aa <wb> ou r a <wb> c a tx a tx a aa n a <wb> j a ei s a ii <wb> k a txh a o r a t a aa <wb> u s a k a ee <wb> c a ee h a r a ee <wb> p a r a <wb> u t a r a <wb> aa y a ii
hindi_female_010529|sh a aa kh a aa <wb> n a ee <wb> z a u l a m a <wb> dxh a h a aa n a ee <wb> k a ee <wb> l a i y a ee <wb> i s a <wb> d a u dh a m a u q h a ii <wb> k a o <wb> i s a k a ee <wb> h a w a aa l a ee <wb> k a ei s a ee <wb> k a r a <wb> d a i y a aa
hindi_female_010530|l a ee k a i n a <wb> y a h a <wb> ee k a <wb> n a ei t a i k a t a aa <wb> h a ei <wb> m a n a u sx a y a <wb> m a ee q <wb> n a h a ii q <wb> j a aa n a <wb> w a r a o q <wb> t a k a <wb> m a ee q <wb> k a i <wb> w a ee <wb> a p a n a ee <wb> n a w a j a aa t a <wb> b a c a c a ee <wb> k a ee <wb> l a i y a ee <wb> u d a aa r a <wb> sh a u bh a ee c a ch a u <wb> ou r a <wb> p a aa l a n a h a aa r a <wb> h a o t a ee <wb> h a ei q
hindi_female_010531|dx a k a tx a r a <wb> n a ee <wb> a t a y a n a t a <wb> d a u kh a ii <wb> h a o k a r a <wb> k a h a aa <wb> m a aa n a aa <wb> k a i <wb> m a u jh a s a ee <wb> g a l a t a ii <wb> h a o <wb> g a ii <wb> h a aa l a aa q k a i <wb> h a u ii <wb> n a h a ii q
hindi_female_010536|bh a r a uu nx a <wb> k a ii <wb> b a aa t a <wb> k a u ch a <wb> ou r a <wb> h a o t a ii <wb> h a ei <wb> m a g a r a <wb> a b a <wb> y a h a <wb> p a uu r a ii <wb> t a r a h a <wb> p a r a aa nx a <wb> dh a aa r a nx a <wb> k a i y a aa <wb> h a u aa <wb> ee k a <wb> m a aa n a w a ii y a <wb> sh a r a ii r a <wb> h a ei
hindi_female_010538|t a u m a <wb> ee k a <wb> s a ee <wb> p a i nx a dx a <wb> ch a u dx a u w a aa n a aa <wb> c a aa h a t a ee <wb> h a o <wb> m a ei q <wb> d a o n a o q <wb> s a ee <wb> ch a u dx a u w a aa <wb> r a h a aa <wb> h a uu q
hindi_female_010539|t a u m a n a ee <wb> m a ee r a ii <wb> y a h a <wb> n a s a <wb> txh a ii k a <wb> p a k a dx a ii <wb> h a ei <wb> k a i <wb> m a u n a n a ii <wb> k a o <wb> h a m a n a ee <wb> aa txh a <wb> s a aa l a <wb> t a k a <wb> p a aa l a aa <wb> h a ei <wb> ou r a <wb> u s a s a ee <wb> h a txh a aa t a <wb> m a o h a <wb> jh a tx a k a <wb> d a ee n a aa <wb> h a m a aa r a ee <wb> l a i y a ee <wb> aa s a aa n a <wb> n a h a ii q
hindi_female_010548|gh a r a <wb> m a ee q <wb> h a r a <wb> j a g a h a <wb> m a u n a n a ii <wb> k a aa <wb> a s a t a i t a w a <wb> b a i kh a r a aa <wb> p a dx a aa <wb> th a aa <wb> ch a o tx a ee <wb> ch a o tx a ee <wb> r a q g a <wb> b a i r a q g a ee <wb> c a k a <wb> j a uu t a ee <wb> m a o z a ee <wb> kh a i l a ou n a ee <wb> s a k a uu l a <wb> b a ei g a <wb> ou r a <wb> k a i t a aa b a ee q
hindi_female_010549|a b a <wb> m a u n a n a ii <wb> k a ee <wb> b a i n a aa <wb> j a ei s a ee <wb> u s a k a ee <wb> p a aa s a <wb> k a o ii <wb> w a y a <wb> w a s a th a aa <wb> n a h a ii q <wb> b a c a ii
hindi_female_010550|u s a k a ii <wb> h a aa l a t a <wb> d a ee kh a <wb> k a r a <wb> a q b a r a <wb> b a h a u t a <wb> c a i q t a i t a <wb> h a o <wb> u txh a aa <wb> ou r a <wb> aa s a k a t a i <wb> j a t a aa t a ee <wb> h a u ee <wb> p a uu ch a aa <wb> t a u m a <wb> m a u jh a s a ee <wb> b a o l a t a ii <wb> k a y a o q <wb> n a h a ii q <wb> sh a aa kh a aa
hindi_female_010551|sh a aa kh a aa <wb> p a aa g a l a o q <wb> k a ii <wb> t a r a h a <wb> p a aa mq c a <wb> g a u dx a i y a o q <wb> k a o <wb> b a aa r a ii <wb> b a aa r a ii <wb> s a ee <wb> b a i l a kh a <wb> b a i l a kh a <wb> k a r a <wb> a p a n a ee <wb> s a ii n a ee <wb> s a ee <wb> c a i p a k a aa <wb> r a h a ii <wb> th a ii <wb> c a uu m a <wb> r a h a ii <wb> th a ii <wb> ou r a <wb> aa t a m a aa l a aa p a <wb> k a r a <wb> r a h a ii <wb> th a ii
hindi_female_010558|j a g a h a <wb> j a g a h a <wb> p a r a <wb> k a uu dxq a aa <wb> k a c a r a aa <wb> ph a ee q k a n a ee <wb> k a ee <wb> l a i y a ee <wb> dx a r a m a <wb> l a g a ee <wb> h a u ee <wb> h a ei q
hindi_female_010566|y a h a aa q <wb> m a ee r a ii <wb> j a aa n a <wb> p a h a c a aa n a <wb> k a aa <wb> bh a ii <wb> t a o <wb> k a o ii <wb> n a h a ii q <wb> h a ei
hindi_female_010568|h a m a aa r a aa <wb> gh a r a <wb> i s a <wb> k a l a o n a ii <wb> s a ee <wb> th a o dxq a ii <wb> d a uu r a <wb> h a ii <wb> h a ei <wb> l a ee k a i n a <wb> l a aa j a w a n a t a ii <wb> k a ee <wb> t a n a d a uu r a <wb> k a ii <wb> w a j a h a <wb> s a ee <wb> h a m a aa r a aa <wb> i s a <wb> k a l a o n a ii <wb> s a ee <wb> k a u ch a <wb> s a m a b a n a dh a <wb> s a aa <wb> h a o <wb> g a y a aa <wb> h a ei
hindi_female_010575|h a m a <wb> j a ei s a ee <wb> bh a ii <wb> h a ei q <wb> a c a ch a ee <wb> h a ei q <wb> m a ei n a ee <wb> s a w a y a q <wb> k a o <wb> k a txh a o r a <wb> b a n a aa t a ee <wb> h a u ee <wb> k a h a aa <wb> th a aa <wb> p a t a n a ii <wb> m a u mq h a <wb> b a i c a k a aa <wb> k a r a <wb> r a h a <wb> g a ii <wb> th a ii
hindi_female_010576|a g a l a ee <wb> r a o z a <wb> kh a aa n a aa <wb> kh a aa t a ii <wb> h a u ii <wb> w a h a <wb> b a o l a ii <wb> ee k a <wb> b a aa t a <wb> k a h a uu mq <wb> j a ii <wb> k a y a aa <wb> r a o tx a ii <wb> k a aa <wb> k a o r a <wb> m a u mq h a <wb> m a ee q <wb> dx a aa l a t a ee <wb> h a u ee <wb> m a ei q <wb> r a uu k a <wb> g a y a aa <wb> th a aa
hindi_female_010578|p a t a n a ii <wb> n a ee <wb> aa q kh a ee q <wb> t a r a ee r a ii q <wb> t a o <wb> m a ei q <wb> u s a ii <wb> r a o <wb> m a ee q <wb> b a o l a aa <wb> bh a ii <wb> ou r a <wb> k a y a aa <wb> k a o ii <wb> b a aa t a <wb> th a ii <wb> j a o <wb> t a u m a <wb> b a t a aa n a ee <wb> c a l a ii
hindi_female_010581|a c a ch a ee <wb> bh a l a ee <wb> gh a r a <wb> s a ee <wb> n a aa t a aa <wb> r a kh a t a ii <wb> th a ii <wb> w a h a <wb> t a o <wb> l a ee k a i n a <wb> p a t a i <wb> n a ee <wb> dh a k a k a ee <wb> m a aa r a <wb> k a r a <wb> gh a r a <wb> s a ee <wb> n a i k a aa l a <wb> d a i y a aa <wb> b a ee c a aa r a ii <wb> k a o
hindi_female_010590|m a u jh a ee <wb> k a u ch a <wb> n a h a ii q <wb> k a h a aa <wb> l a aa j a w a n a t a ii <wb> s a ee <wb> k a ee h a <wb> r a h a ee <wb> th a ee
hindi_female_010592|a g a l a ee <wb> r a o z a <wb> ax ph a i s a <wb> s a ee <wb> l a ou tx a t a ee <wb> h a ii <wb> m a ei q n a ee <wb> kh a u d a <wb> h a ii <wb> p a uu ch a <wb> l a i y a aa <wb> l a aa j a w a n a t a ii <wb> k a aa <wb> k a y a aa <wb> h a aa l a <wb> h a ei <wb> p a t a n a ii <wb> r a o tx a ii <wb> l a g a aa <wb> r a h a ii <wb> th a ii
hindi_female_010595|h a u aa <wb> k a y a aa <wb> w a h a ii <wb> h a u aa <wb> j a o <wb> a k a ee l a ee <wb> m a ee q <wb> ee k a <wb> m a r a d a <wb> p a r a aa ii <wb> ou r a t a <wb> k a ee <wb> s a aa th a <wb> k a r a <wb> s a k a t a aa <wb> h a ei
hindi_female_010598|l a aa j a w a n a t a ii <wb> n a ee <wb> k a y a aa <wb> k a h a aa <wb> b a s a <wb> y a h a ii <wb> t a o <wb> g a l a t a ii <wb> k a r a <wb> aa ii <wb> l a aa j a w a n a t a ii <wb> k a u ch a <wb> n a h a ii <wb> k a h a aa <wb> c a u p a c a aa p a <wb> c a l a ii <wb> aa y a ii
hindi_female_010609|m a ei q <wb> j a dxq a <wb> s a aa <wb> b a n a aa <wb> p a t a n a ii <wb> k a ee <wb> c a ee h a r a ee <wb> k a ii <wb> o r a <wb> d a ee kh a <wb> r a h a aa <wb> th a aa <wb> w a h a <wb> h a ii <wb> b a o l a ii <wb> c a aa r a <wb> gh a q tx a ee <wb> b a aa d a <wb> dh a k a k a ee <wb> m a aa r a k a r a <wb> b a aa h a r a <wb> n a i k a aa l a <wb> d a i y a aa
hindi_female_010611|m a ee r a ee <wb> gh a r a <wb> k a ee <wb> b a aa h a r a <wb> i t a n a ii <wb> bh a ii dxq a <wb> ou r a <wb> y a ee <wb> p a u l a i s a <wb> k a ii <wb> j a ii p a <wb> k a y a o q <wb> h a ei
hindi_female_010612|aa p a <wb> i n a h a ee q <wb> p a h a c a aa n a <wb> s a k a t a ee <wb> h a ei q <wb> m a ee r a ee <wb> k a r a ii b a <wb> p a h a u q c a t a ee <wb> h a ii <wb> ee k a <wb> p a u l a i s a <wb> w a aa l a ee <wb> n a ee <wb> z a m a ii n a <wb> p a ee <wb> p a dxq a aa <wb> s a ph a ee d a <wb> k a p a dxq a aa <wb> ee k a <wb> ou r a <wb> s a r a k a aa <wb> d a i y a aa <wb> h a ei
hindi_female_010683|c a aa y a <wb> k a aa <wb> p a y a aa l a aa <wb> u txh a aa <wb> k a r a <wb> p a h a l a aa <wb> gh a uu q tx a <wb> l a ee t a ee <wb> h a u ee <wb> u s a ii <wb> n a ee <wb> b a aa t a <wb> sh a u r a uu <wb> k a ii <wb> th a ii
hindi_female_010699|a c a ch a aa <wb> g a o p a aa l a <wb> y a ee <wb> b a r a t a n a <wb> r a s a o ii <wb> m a ee q <wb> r a kh a k a r a <wb> t a u m a <wb> a bh a ii <wb> gh a r a <wb> c a l a ee <wb> j a aa o <wb> m a ei q <wb> th a o dx a ii <wb> d a ee r a <wb> aa r a aa m a <wb> k a r a uu q g a ii
hindi_female_010720|j a o <wb> k a u ch a <wb> w a h a <wb> a p a n a ee <wb> p a t a r a o q <wb> m a ee q <wb> b a y a aa n a <wb> k a r a <wb> c a u k a ii <wb> th a ii <wb> k a y a aa <wb> u s a ee <wb> ph a i r a <wb> s a ee <wb> d a o h a r a aa n a ee <wb> y a aa <wb> u s a ee <wb> ou r a <wb> kh a o l a k a r a <wb> s a m a jh a aa n a ee <wb> k a ii <wb> aa w a sh a y a k a t a aa
hindi_female_010745|a j a ii b a <wb> b a aa t a <wb> h a ei <wb> w a o <wb> t a o <wb> k a aa ph a ii <wb> m a s a t a <wb> aa d a m a ii <wb> th a aa
hindi_female_010838|i s a k a ee <wb> b a aa d a <wb> u s a n a ee <wb> ee k a <wb> sh a l a o k a <wb> l a i kh a k a r a <wb> a p a n a ee <wb> p a i t a aa <wb> k a ee <wb> d a w a aa r a aa <wb> k a q txh a s a th a <wb> k a r a w a aa y a aa
