row_id,text,gender,duration_sec,selected,exclusion_reason,filename,baseline_tokens,clustered_tokens,split
47,"તેમનાં લૂગડાંનો શીતળ સ્પર્શ, તથા કંપવાને કારણે સતત ધ્રૂજ્યા કરતી બાપુની આંગળીઓમાંથી, અમારા પર, છલકાતા વહાલના છાંટા, હજી એ એજ ઘરમાં, ક્યાંક પડ્યા હશે.",0,18.088,1,,gujarati_female_000047.wav,t a ee m a n a aa q <wb> l a uu g a dx a aa q n a o <wb> sh a ii t a lx a <wb> s a p a r a sh a <wb> t a th a aa <wb> k a q p a w a aa n a ee <wb> k a aa r a nx a ee <wb> s a t a t a <wb> dh a r a uu j a y a aa <wb> k a r a t a ii <wb> b a aa p a u n a ii <wb> aa q g a lx a ii o m a aa q th a ii <wb> a m a aa r a aa <wb> p a r a <wb> ch a l a k a aa t a aa <wb> w a h a aa l a n a aa <wb> ch a aa q tx a aa <wb> h a j a ii <wb> ee <wb> ee j a <wb> gh a r a m a aa q <wb> k a y a aa q k a <wb> p a dx a y a aa <wb> h a sh a ee,C32 C0 C11 C22 C0 C24 C0 C1 C23 <wb> C21 C0 C36 C13 C0 C9 C0 C1 C23 C24 C0 C26 <wb> C31 C0 C16 C32 C0 C21 C0 <wb> C30 C0 C28 C0 C29 C0 C31 C0 <wb> C32 C0 C33 C0 C1 <wb> C19 C0 C23 C28 C0 C37 C0 C1 C24 C0 C11 <wb> C19 C0 C1 C29 C0 C25 C0 C11 <wb> C30 C0 C32 C0 C32 C0 <wb> C8 C0 C29 C0 C36 C17 C0 C38 C0 C1 <wb> C19 C0 C29 C0 C32 C0 C16 <wb> C3 C0 C1 C28 C0 C36 C24 C0 C16 <wb> C1 C23 C13 C0 C21 C0 C16 C26 C22 C0 C1 C23 C33 C0 C16 <wb> C0 C22 C0 C1 C29 C0 C1 <wb> C28 C0 C29 C0 <wb> C6 C0 C21 C0 C19 C0 C1 C32 C0 C1 <wb> C37 C0 C15 C0 C1 C21 C0 C24 C0 C1 <wb> C6 C0 C1 C23 C34 C0 C1 <wb> C15 C0 C17 C0 C16 <wb> C11 <wb> C11 C17 C0 <wb> C14 C0 C29 C0 C22 C0 C1 C23 <wb> C19 C0 C38 C0 C1 C23 C19 C0 <wb> C28 C0 C9 C0 C38 C0 C1 <wb> C15 C0 C31 C0 C11,train
49,"ઇન્ડિયન જુનિયર અને, કેડેટ ઓપન ટેબલ ટેનિસ ટોર્નામેન્ટમાં, હરમીત દેસાઇના, વિજયી દેખાવને સહારે, ઈન્ડિયા એ, ટીમે શ્રીલંકાને, પ્રથમ રાઉન્ડમાં, ત્રણ શૂન્ય થી, કચડી નાંખ્યું હતુ.",0,19.884,0,not_selected_by_random,,,,
55,"સાથે સાથે, આપણે એ પણ જાણવું રહ્યું, કે હાલમાં, દિલ્હીથી પકડાઍલા, આતંકવાદી સૈયદ ઝબિઉદ્દીનની ધરપકડને પગલે, ઘણાં રહસ્યો પરથી પડદો ઊઠી શકે એમ છે.",0,18.368,0,not_selected_by_random,,,,
56,"સુપ્રીમ કોર્ટે વિચારણા હેઠળ રહેલા કેસના રિપોર્ટિંગના સંદર્ભે, ચર્ચાનો દાયરો, વધારતાં હવે, અપરાધ, સેક્સ, અને હિંસા સાથે, સંકળાએલા કેસોનો, પણ સમાવેશ કર્યો છે.",0,19.718,0,not_selected_by_random,,,,
67,"આજે જ્યારે, દુનિયામાં ર્કોપોરેટ સેક્ટર દ્વારા, પર્યાવરણ, અને, કુદરતી સંપત્તિને, નુકસાન પહોંચાડવાના કેસમાં, તેમની જવાબદારી, નક્કી કરવાની, માગ તેજ થઈ રહી છે.",0,19.216,0,not_selected_by_random,,,,
76,"આધારભૂત સૂત્રોના જણાવ્યા અનુસાર, બીસીએ દ્વારા, બનાવવામાં આવનાર, સ્ટેડિયમને, ક્રિકેટ નગરની ઓળખ, એટલા માટે, કે એક નગરની જેમ, સઘળી સુવિધાઓથી સજ્જ હશે.",0,19.519,0,not_selected_by_random,,,,
85,"એક ખાતે સેઝીયમ નામનો, રેડિયોએક્ટવ પદાર્થ મળી આવ્યો છે, જો કે, અધિકારીઓના મતે, સેઝીયમની ઉપસ્થિતિને કારણે, રેડીએશન થયું, હોવાનું કહી શકાય નહિ.",0,19.43,0,not_selected_by_random,,,,
90,"આ વિજય દ્વારા, ભારતે ઓસ્ટ્રેલિયાને, સતત સોળ મેચો જીતવાનો, ચાલી રહેલો, ઉપક્રમ તોડયો હતો, અને, ભારતની ટીમને, ગુમાવી દીધેલો, આત્મવિશ્વાસ, પાછો અપાવ્યો હતો.",0,18.437,1,,gujarati_female_000090.wav,aa <wb> w a i j a y a <wb> d a w a aa r a aa <wb> bh a aa r a t a ee <wb> o s a tx a r a ee l a i y a aa n a ee <wb> s a t a t a <wb> s a o lx a <wb> m a ee c a o <wb> j a ii t a w a aa n a o <wb> c a aa l a ii <wb> r a h a ee l a o <wb> u p a k a r a m a <wb> t a o dx a y a o <wb> h a t a o <wb> a n a ee <wb> bh a aa r a t a n a ii <wb> tx a ii m a n a ee <wb> g a u m a aa w a ii <wb> d a ii dh a ee l a o <wb> aa t a m a w a i sh a w a aa s a <wb> p a aa ch a o <wb> a p a aa w a y a o <wb> h a t a o,C1 <wb> C37 C0 C16 C17 C0 C38 C0 <wb> C7 C0 C37 C0 C1 C29 C0 C1 <wb> C4 C0 C1 C29 C0 C32 C0 C11 <wb> C26 C30 C0 C34 C0 C29 C0 C11 C21 C0 C16 C38 C0 C1 C24 C0 C11 <wb> C30 C0 C32 C0 C32 C0 <wb> C30 C0 C26 C21 C0 <wb> C22 C0 C11 C5 C0 C26 <wb> C17 C0 C16 C32 C0 C37 C0 C1 C24 C0 C26 <wb> C5 C0 C1 C21 C0 C16 <wb> C29 C0 C15 C0 C11 C21 C0 C26 <wb> C36 C28 C0 C19 C0 C29 C0 C22 C0 <wb> C32 C0 C26 C9 C0 C38 C0 C26 <wb> C15 C0 C32 C0 C26 <wb> C0 C24 C0 C11 <wb> C4 C0 C1 C29 C0 C32 C0 C24 C0 C16 <wb> C34 C0 C16 C22 C0 C24 C0 C11 <wb> C13 C0 C36 C22 C0 C1 C37 C0 C16 <wb> C7 C0 C16 C8 C0 C11 C21 C0 C26 <wb> C1 C32 C0 C22 C0 C37 C0 C16 C31 C0 C37 C0 C1 C30 C0 <wb> C28 C0 C1 C6 C0 C26 <wb> C0 C28 C0 C1 C37 C0 C38 C0 C26 <wb> C15 C0 C32 C0 C26,train
92,"શહેરના કેટલાંક સમૃદ્ધ મહાનૂભાવોએ, એક દિવસ માટે, પોતાની લક્ઝૂરિયસ એવા ગરીબોને ફરવા માટે આપી, જેમણે, તેમના જીવનમાં મજૂરી કરીને ક્યારેય પોતાનું શહેર પણ જોયું નથી.",0,19.907,0,not_selected_by_random,,,,
98,"માઇનસ ડિગ્રી તાપમાન, પહાડો અને નદીઓને ઓળંગીને, પદયાત્રા કરવી પડે છે, વર્ષમાં બે વાર યાત્રા કરવા છતાં પણ, રજનીકાન્તભાઈનું સ્વાસ્થ્ય, યુવાન વ્યક્તિ જેવું છે.",0,19.769,0,not_selected_by_random,,,,
107,"આંતરીક ભાગ સંપૂર્ણ નિષ્ફળ જાય, ત્યારે પણ, રેડિયેશનને બાહ્ય વાતાવરણમાં, પ્રવેશતું અટકાવવું, કંન્ટેઈનમેન્ટ સ્ટ્રકચર ની ઉપર, રિએકટર બિલ્ડીંગ, બાંધવામાં આવે છે.",0,17.885,0,not_selected_by_random,,,,
108,"આવા સમયે, કંઈક ઓફબીટ કામ કરતી ગૃહિણીઓના, જીવનમાં ઝાંખી, કરીએ તો ખ્યાલ આવે, કે ખરેખર, એક તહેવાર પાછળ, શ્રમજીવી પરિવાર, કેટલો પરસેવો પાડે છે.",0,16.242,0,not_selected_by_random,,,,
109,"વિજ્ઞાનીઓનું જણાવવું છે કે, બ્રહ્માંડના જન્મની થીયરી, રજૂ કરતા, પાર્ટીકલ ફિઝીક્સમાં, ખૂટતી એકમાત્ર કડી, ''હિગ્સ બોસન'', ની આ પ્રયોગમાં, ખાતરી થઈ જશે.",0,16.942,0,not_selected_by_random,,,,
111,"બોફર્સકાંડથી પ્રકાશમાં આવેલી, કેગે કોમનવેલ્થ ગેમ્સ કૌભાંડ, ટુ-જી સ્પેકટ્રમ સ્કેમ, અને, આદર્શ સોસાયટી ગોટાળા, જાહેર કરીને, મચાવી દીધો, ખળભળાટ.",0,18.021,0,not_selected_by_random,,,,
113,"તેમણે કહ્યું કે, સંગ્રહ શક્તિ, કોલ્ડ સ્ટોરેજ, અને, પરિવહનની સુવિધાઓના અભાવના કારણે, ભારતમાં, ફળફળાદી, અને શાકભાજીનો, અંદાજે, ચાલિસ ટકા જેટલો બગાડ થાય છે.",0,19.743,0,not_selected_by_random,,,,
114,"છેલ્લા વર્ષોમાં ટુજી સ્પેક્ટ્રમ, કોમનવેલ્થ ગેમ્સ, કે આદર્શ હાઉસિંગ સોસાયટી કૌભાંડ, જેવા જાહેર હિતને, લગતા વર્તમાન મુદ્દે, વ્યવસ્થિત રિપોર્ટ, રજૂ કરવામાં આવ્યાં છે.",0,19.662,0,not_selected_by_random,,,,
116,"મહારાષ્ટ્રની નદીઓનું ખાનગીકરણ, કરવાની યોજનાઓ પાછળ, સ્પષ્ટપણે, વિશ્વ બેન્કનો, અને, પાણીનો, અબજો ડોલરનો કારોબાર ચલાવતી, મલ્ટીનેશનલ કંપનીઓનો, હાથ છે.",0,19.489,0,not_selected_by_random,,,,
118,"પાકિસ્તાન ક્રિકેટ બોર્ડના, સૂત્રોને ટાંકીને, કેટલાક અહેવાલો જણાવે છે કે, બોર્ડના ચેરમેન, એજાઝ બટે, વર્લ્ડ કપ ટીમનું, સુકાન, આફ્રિદીને જ સોંપવાનો, નિર્ણય લઇ લીધો છે.",0,19.136,0,not_selected_by_random,,,,
119,"સોનેરી ફૂલોનો રસ પીવા, એના પર, ઝળૂંબી રહેલા ચળકતા, જાંબુડી શક્કરખોર, જોવા મળે, ત્યારે, વિરોધી રંગભભકનું, આગવું સૌંદર્ય, પ્રગટ થાય છે.",0,16.821,0,not_selected_by_random,,,,
120,"હાઈડ્રોજન જેવા હલકા તત્ત્વો, તારાના હાર્દમાં, સંલયન પામે, એટલે કે, થર્મોન્યૂક્લિયર પ્રક્રિયા કરે, ત્યારે, પ્રકાશ ઊર્જાના 'કણો' એવા ફોટોન ઉત્પન્ન થાય છે.",0,16.997,1,,gujarati_female_000120.wav,h a aa ii dx a r a o j a n a <wb> j a ee w a aa <wb> h a l a k a aa <wb> t a t a t a w a o <wb> t a aa r a aa n a aa <wb> h a aa r a d a m a aa q <wb> s a q l a y a n a <wb> p a aa m a ee <wb> ee tx a l a ee <wb> k a ee <wb> th a r a m a o n a y a uu k a l a i y a r a <wb> p a r a k a r a i y a aa <wb> k a r a ee <wb> t a y a aa r a ee <wb> p a r a k a aa sh a <wb> uu r a j a aa n a aa <wb> k a nx a o <wb> ee w a aa <wb> ph a o tx a o n a <wb> u t a p a n a n a <wb> th a aa y a <wb> ch a ee,C15 C0 C1 C16 C9 C0 C29 C0 C26 C17 C0 C24 C0 <wb> C17 C0 C11 C37 C0 C1 <wb> C15 C0 C21 C0 C19 C0 C1 <wb> C32 C0 C32 C0 C32 C0 C37 C0 C26 <wb> C32 C0 C1 C29 C0 C1 C24 C0 C1 <wb> C15 C0 C1 C29 C0 C7 C0 C22 C0 C1 C23 <wb> C30 C0 C23 C21 C0 C38 C0 C24 C0 <wb> C28 C0 C1 C22 C0 C11 <wb> C11 C34 C0 C21 C0 C11 <wb> C19 C0 C11 <wb> C33 C0 C29 C0 C22 C0 C26 C24 C0 C38 C0 C36 C19 C0 C21 C0 C16 C38 C0 C29 C0 <wb> C28 C0 C29 C0 C19 C0 C29 C0 C16 C38 C0 C1 <wb> C19 C0 C29 C0 C11 <wb> C32 C0 C38 C0 C1 C29 C0 C11 <wb> C28 C0 C29 C0 C19 C0 C1 C31 C0 <wb> C36 C29 C0 C17 C0 C1 C24 C0 C1 <wb> C19 C0 C25 C0 C26 <wb> C11 C37 C0 C1 <wb> C12 C0 C26 C34 C0 C26 C24 C0 <wb> C36 C32 C0 C28 C0 C24 C0 C24 C0 <wb> C33 C0 C1 C38 C0 <wb> C6 C0 C11,train
123,"એપ્રિલ બે હજાર દશ ની, જીએસએલવી, ડી ત્રણ ની ઉડાનમાં, ભારતમાં બનાવેલ, પ્રથમ ક્રાયોજેનિક એન્જીનની, બે મોટરો, દાગી નહીં, પરિણામે, તે મિશન, નિષ્ફળ ગયું હતું.",0,18.855,1,,gujarati_female_000123.wav,ee p a r a i l a <wb> b a ee <wb> h a j a aa r a <wb> d a sh a <wb> n a ii <wb> j a ii ee s a ee l a w a ii <wb> dx a ii <wb> t a r a nx a <wb> n a ii <wb> u dx a aa n a m a aa q <wb> bh a aa r a t a m a aa q <wb> b a n a aa w a ee l a <wb> p a r a th a m a <wb> k a r a aa y a o j a ee n a i k a <wb> ee n a j a ii n a n a ii <wb> b a ee <wb> m a o tx a r a o <wb> d a aa g a ii <wb> n a h a ii q <wb> p a r a i nx a aa m a ee <wb> t a ee <wb> m a i sh a n a <wb> n a i sx a ph a lx a <wb> g a y a u q <wb> h a t a u q,C11 C28 C0 C29 C0 C16 C21 C0 <wb> C3 C0 C11 <wb> C15 C0 C17 C0 C1 C29 C0 <wb> C7 C0 C31 C0 <wb> C24 C0 C16 <wb> C17 C0 C16 C11 C30 C0 C11 C21 C0 C37 C0 C16 <wb> C9 C0 C16 <wb> C32 C0 C29 C0 C25 C0 <wb> C24 C0 C16 <wb> C36 C9 C0 C1 C24 C0 C22 C0 C1 C23 <wb> C4 C0 C1 C29 C0 C32 C0 C22 C0 C1 C23 <wb> C3 C0 C24 C0 C1 C37 C0 C11 C21 C0 <wb> C28 C0 C29 C0 C33 C0 C22 C0 <wb> C19 C0 C29 C0 C1 C38 C0 C26 C17 C0 C11 C24 C0 C16 C19 C0 <wb> C11 C24 C0 C17 C0 C16 C24 C0 C24 C0 C16 <wb> C3 C0 C11 <wb> C22 C0 C26 C34 C0 C29 C0 C26 <wb> C7 C0 C1 C13 C0 C16 <wb> C24 C0 C15 C0 C16 C23 <wb> C28 C0 C29 C0 C16 C25 C0 C1 C22 C0 C11 <wb> C32 C0 C11 <wb> C22 C0 C16 C31 C0 C24 C0 <wb> C24 C0 C16 C31 C0 C12 C0 C21 C0 <wb> C13 C0 C38 C0 C36 C23 <wb> C15 C0 C32 C0 C36 C23,train
127,"ખાસકરીને, એશિયા અને આફ્રિકામાં, જમીન અધિગ્રહણની, આ લહેરે, ખેડૂતોના હક્ક, અને, ખાદ્ય સુરક્ષા સાથે, જોડાયેલી ચિંતાઓમાં, વધારો કર્યો છે.",0,15.372,1,,gujarati_female_000127.wav,kh aa s a k a r ii n ee <wb> ee sh a i y a aa <wb> a n a ee <wb> aa ph a r a i k a aa m a aa q <wb> j a m a ii n a <wb> a dh a i g a r a h a nx a n a ii <wb> aa <wb> l a h a ee r a ee <wb> kh a ee dx a uu t a o n a aa <wb> h a k a k a <wb> a n a ee <wb> kh a aa d a y a <wb> s a u r a k a sx a aa <wb> s a aa th a ee <wb> j a o dx a aa y a ee l a ii <wb> c a i q t a aa o m a aa q <wb> w a dh a aa r a o <wb> k a r a y a o <wb> ch a ee,C20 C1 C30 C0 C19 C0 C29 C16 C24 C11 <wb> C11 C31 C0 C16 C38 C0 C1 <wb> C0 C24 C0 C11 <wb> C1 C12 C0 C29 C0 C16 C19 C0 C1 C22 C0 C1 C23 <wb> C17 C0 C22 C0 C16 C24 C0 <wb> C0 C8 C0 C16 C13 C0 C29 C0 C15 C0 C25 C0 C24 C0 C16 <wb> C1 <wb> C21 C0 C15 C0 C11 C29 C0 C11 <wb> C20 C0 C11 C9 C0 C36 C32 C0 C26 C24 C0 C1 <wb> C15 C0 C19 C0 C19 C0 <wb> C0 C24 C0 C11 <wb> C20 C0 C1 C7 C0 C38 C0 <wb> C30 C0 C36 C29 C0 C19 C0 C31 C0 C1 <wb> C30 C0 C1 C33 C0 C11 <wb> C17 C0 C26 C9 C0 C1 C38 C0 C11 C21 C0 C16 <wb> C5 C0 C16 C23 C32 C0 C1 C26 C22 C0 C1 C23 <wb> C37 C0 C8 C0 C1 C29 C0 C26 <wb> C19 C0 C29 C0 C38 C0 C26 <wb> C6 C0 C11,train
128,"એમના માટે રચાયેલા, એક પ્રશસ્તી ગીતમાં, કવિ નોંધે છે કે, બાળકો માંદા પડે, ત્યારે લોકો તેમને સાજા કરવા માટે, નવાબ મહાબતખાનજીના ખોળામાં, લોટાડવાની માનતા માનતા.",0,18.857,0,not_selected_by_random,,,,
134,"શિરડીમાં ભાજપ પ્રમુખ, રાજેન્દ્ર ગોંડકર, અને સામાજિક કાર્યકર, સંદિપ કુલકર્ણી દ્વારા, ટ્રસ્ટ દ્વારા, દાખલ કરાયેલી અરજી પર, પગલાં લઇને, કોર્ટે આ આદેશ, આપ્યો હતો.",0,19.131,0,not_selected_by_random,,,,
136,"સ્વિઝરલેન્ડની બેંકે આપેલા, આંકડા અનુસાર, સ્વિસ બેંકોમાં, જમા કરવામાં આવેલા, નાણા પૈકીના, અર્ધા નાણા, ગત ત્રણ વર્ષ દરમ્યાન, અન્ય દેશોમાં, ખસેડી લેવાયા છે.",0,18.143,0,not_selected_by_random,,,,
137,"જે કામો આપણા શરીરની ઉર્જા આસાનીથી લઈ શકે, એવા અનેક કામો, આજે આપણે, યંત્રો પાસે કરાવીએ છીએ, અને, બાહ્ય ઉર્જાનો વપરાશ, તદ્દન બિનજરુરી રીતે, વધારતા જઈએ છીએ.",0,19.78,0,not_selected_by_random,,,,
138,"આવી સ્થિતિમાં, આત્મનિરીક્ષણ કરી, હૃદયવ્યાપાર અને, મનોવ્યાપારમાં, ઉચિત ફેરફારો દ્વારા, સમગ્ર જીવનના, સંજોગો, અને, વિષમ પરિસ્થિતિને, પલટાવવાં, શક્ય છે.",0,19.226,0,not_selected_by_random,,,,
139,"ઈંગ્લેન્ડ વતન પરત ફરે, તે સમય એટલે કે, ત્રેવીસ ડિસેમ્બરથી, દસ જાન્યુવારી દરમિયાન, ભારત, અને પાકિસ્તાન વચ્ચે, ક્રિકેટ શ્રેણી, રમાવવાની સંભાવના છે.",0,16.208,1,,gujarati_female_000139.wav,ii q g a l a ee n a dx a <wb> w a t a n a <wb> p a r a t a <wb> ph a r a ee <wb> t a ee <wb> s a m a y a <wb> ee tx a l a ee <wb> k a ee <wb> t a r a ee w a ii s a <wb> dx a i s a ee m a b a r a th a ii <wb> d a s a <wb> j a aa n a y a u w a aa r a ii <wb> d a r a m a i y a aa n a <wb> bh a aa r a t a <wb> a n a ee <wb> p a aa k a i s a t a aa n a <wb> w a c a c a ee <wb> k a r a i k a ee tx a <wb> sh a r a ee nx a ii <wb> r a m a aa w a w a aa n a ii <wb> s a q bh a aa w a n a aa <wb> ch a ee,C16 C23 C13 C0 C21 C0 C11 C24 C0 C9 C0 <wb> C37 C0 C32 C0 C24 C0 <wb> C28 C0 C29 C0 C32 C0 <wb> C12 C0 C29 C0 C11 <wb> C32 C0 C11 <wb> C30 C0 C22 C0 C38 C0 <wb> C11 C34 C0 C21 C0 C11 <wb> C19 C0 C11 <wb> C32 C0 C29 C0 C11 C37 C0 C16 C30 C0 <wb> C9 C0 C16 C30 C0 C11 C22 C0 C3 C0 C29 C0 C33 C0 C16 <wb> C7 C0 C30 C0 <wb> C17 C0 C1 C24 C0 C38 C0 C36 C37 C0 C1 C29 C0 C16 <wb> C7 C0 C29 C0 C22 C0 C16 C38 C0 C1 C24 C0 <wb> C4 C0 C1 C29 C0 C32 C0 <wb> C0 C24 C0 C11 <wb> C28 C0 C1 C19 C0 C16 C30 C0 C32 C0 C1 C24 C0 <wb> C37 C0 C5 C0 C5 C0 C11 <wb> C19 C0 C29 C0 C16 C19 C0 C11 C34 C0 <wb> C31 C0 C29 C0 C11 C25 C0 C16 <wb> C29 C0 C22 C0 C1 C37 C0 C37 C0 C1 C24 C0 C16 <wb> C30 C0 C23 C4 C0 C1 C37 C0 C24 C0 C1 <wb> C6 C0 C11,train
144,"ભારતમાં શહેરીકરણની પ્રક્રિયા, યોગ્ય રીતે, થઈ શકે એ માટે, એમજીઆઇના, અહેવાલમાં, ફન્ડિંગ, ગવર્નન્સ, અને પ્લાનિંગના મુદ્દા પર, ભાર મુકવામાં, આવ્યો છે.",0,18.555,0,not_selected_by_random,,,,
145,"અગાઉ માત્ર, સાત વર્ષની ઉંમરે, અવનિ ઉરણથી, મુંબઈના ગૅટ વે ઓફ ઇન્ડિયાનું, બાર માઈલ્સનું અંતર પણ, વિક્રમ સમયમાં, કાપીને વિજેતા બની હતી.",0,16.847,0,not_selected_by_random,,,,
148,"આ જ કારણે,યોજના પંચના ઉપાધ્યક્ષ, મોન્ટેકસિંહ અહલુવાલિયા, નેશનલ રુરલ એમ્પ્લોયમેન્ટ ગેરેન્ટી સ્કીમમાં, ફુગાવો ખમી શકે, તેવું વેતન ઇચ્છે છે.",0,15.486,0,not_selected_by_random,,,,
149,"હકીકતમાં, વિકાસશીલ દેશોના, વધતા જતા પ્રભાવને ફળસ્વરૂપે, આઈ એમ એફ માં, તેમની ભાગીદારી સંબંધિત, સુધારાની માગણીને, પણ સ્વીકારી લેવાઈ છે.",0,16.847,0,not_selected_by_random,,,,
150,"આ અંગે, પ્રહલાદભાઇ નાઇ કહે છે કે, વર્લ્ડ કપ ફાઇનલ મેચના, માનમાં અમે, કાલની કમાણી, અમદાવાદના ક્રિકેટ પ્રેમીઓ પાછળ, વાપરવાનો નિર્ણય કર્યો છે.",0,16.203,0,not_selected_by_random,,,,
151,"વેરાવળના, એક ખૂન કેસના છાંટા, મહાબતખાનજીના બાળસખા, અને, સહઅભ્યાસી, એવા દિવાન, મહંમદભાઈ શેખને ઉડતા, તેમને દિવાનપદેથી, રાતોરાત રૂખસદ આપી દીધી.",0,18.755,0,not_selected_by_random,,,,
152,"સિંઘના મત પ્રમાણે ડાયેટરી, ફાયટોકેમિકલ્સ પરનાં, સંશોધનો, કેન્સરને શરૂઆતના તબક્કામાં જ, પકડીને, તેને આગળ વધતું, અટકાવવામાં, મદદરૂપ થશે.",0,16.707,0,not_selected_by_random,,,,
154,"અમેરિકાના, જે કમાન્ડોએ, ઓસામા બિન લાદેનનો, ઘાત કર્યો, તે બધા સલામત રીતે, પોતાના જહાજ પર, પાછા ફર્યા, તે બતાવે છે કે, તેઓ, હાઈટેકથી, સુરક્ષિત હતા.",0,17.415,1,,gujarati_female_000154.wav,a m a ee r a i k a aa n a aa <wb> j a ee <wb> k a m a aa n a dx a o ee <wb> o s a aa m a aa <wb> b a i n a <wb> l a aa d a ee n a n a o <wb> gh a aa t a <wb> k a r a y a o <wb> t a ee <wb> b a dh a aa <wb> s a l a aa m a t a <wb> r a ii t a ee <wb> p a o t a aa n a aa <wb> j a h a aa j a <wb> p a r a <wb> p a aa ch a aa <wb> ph a r a y a aa <wb> t a ee <wb> b a t a aa w a ee <wb> ch a ee <wb> k a ee <wb> t a ee o <wb> h a aa ii tx a ee k a th a ii <wb> s a u r a k a sx a i t a <wb> h a t a aa,C0 C22 C0 C11 C29 C0 C16 C19 C0 C1 C24 C0 C1 <wb> C17 C0 C11 <wb> C19 C0 C22 C0 C1 C24 C0 C9 C0 C26 C11 <wb> C26 C30 C0 C1 C22 C0 C1 <wb> C3 C0 C16 C24 C0 <wb> C21 C0 C1 C7 C0 C11 C24 C0 C24 C0 C26 <wb> C14 C0 C1 C32 C0 <wb> C19 C0 C29 C0 C38 C0 C26 <wb> C32 C0 C11 <wb> C3 C0 C8 C0 C1 <wb> C30 C0 C21 C0 C1 C22 C0 C32 C0 <wb> C29 C0 C16 C32 C0 C11 <wb> C28 C0 C26 C32 C0 C1 C24 C0 C1 <wb> C17 C0 C15 C0 C1 C17 C0 <wb> C28 C0 C29 C0 <wb> C28 C0 C1 C6 C0 C1 <wb> C12 C0 C29 C0 C38 C0 C1 <wb> C32 C0 C11 <wb> C3 C0 C32 C0 C1 C37 C0 C11 <wb> C6 C0 C11 <wb> C19 C0 C11 <wb> C32 C0 C11 C26 <wb> C15 C0 C1 C16 C34 C0 C11 C19 C0 C33 C0 C16 <wb> C30 C0 C36 C29 C0 C19 C0 C31 C0 C16 C32 C0 <wb> C15 C0 C32 C0 C1,train
156,"પૃથ્વીના નિરવધિ, પટ પર ઊભેલાં, આ વૃક્ષો, વિશાળ શતરંજફલક પર, મૂકાયેલાં પ્યાદાં જેવાં લાગે છે, શૃંગેથી તમે, એમને જોયાં હશે, તો આ વાત, ઝટ સમજાઈ જશે.",0,18.39,1,,gujarati_female_000156.wav,p a th a w a ii n a aa <wb> n a i r a w a dh a i <wb> p a tx a <wb> p a r a <wb> uu bh a ee l a aa q <wb> aa <wb> w a k a sx a o <wb> w a i sh a aa lx a <wb> sh a t a r a q j a ph a l a k a <wb> p a r a <wb> m a uu k a aa y a ee l a aa q <wb> p a y a aa d a aa q <wb> j a ee w a aa q <wb> l a aa g a ee <wb> ch a ee <wb> sh a q g a ee th a ii <wb> t a m a ee <wb> ee m a n a ee <wb> j a o y a aa q <wb> h a sh a ee <wb> t a o <wb> aa <wb> w a aa t a <wb> jh a tx a <wb> s a m a j a aa ii <wb> j a sh a ee,C28 C0 C33 C0 C37 C0 C16 C24 C0 C1 <wb> C24 C0 C16 C29 C0 C37 C0 C8 C0 C16 <wb> C28 C0 C34 C0 <wb> C28 C0 C29 C0 <wb> C36 C4 C0 C11 C21 C0 C1 C23 <wb> C1 <wb> C37 C0 C19 C0 C31 C0 C26 <wb> C37 C0 C16 C31 C0 C1 C21 C0 <wb> C31 C0 C32 C0 C29 C0 C23 C17 C0 C12 C0 C21 C0 C19 C0 <wb> C28 C0 C29 C0 <wb> C22 C0 C36 C19 C0 C1 C38 C0 C11 C21 C0 C1 C23 <wb> C28 C0 C38 C0 C1 C7 C0 C1 C23 <wb> C17 C0 C11 C37 C0 C1 C23 <wb> C21 C0 C1 C13 C0 C11 <wb> C6 C0 C11 <wb> C31 C0 C23 C13 C0 C11 C33 C0 C16 <wb> C32 C0 C22 C0 C11 <wb> C11 C22 C0 C24 C0 C11 <wb> C17 C0 C26 C38 C0 C1 C23 <wb> C15 C0 C31 C0 C11 <wb> C32 C0 C26 <wb> C1 <wb> C37 C0 C1 C32 C0 <wb> C18 C0 C34 C0 <wb> C30 C0 C22 C0 C17 C0 C1 C16 <wb> C17 C0 C31 C0 C11,train
160,"અદાલતે ઠરાવ્યું છે કે, યુનિઅન કાર્બાઇડ ઇન્ડિયાનો હવાલો, સ્વતંત્ર હતો, અને તેની કામગીરીની જવાબદારી, અમેરિકા સ્થિત યુનિઅન કાર્બાઇડના, માથે ઢોળી શકાય નહીં.",0,18.912,0,not_selected_by_random,,,,
161,"તે સમયે જ બરાબર ઘોડાગાડીમાં, એક અમીર આવ્યો, અને બોલ્યો:, વૈદોત્તમ, તમે જેટલી પણ રકમ લેવા ઈચ્છો, તેટલી આપીશ, પણ, પહેલા મારા રોગની દવા કરો.",0,18.879,0,not_selected_by_random,,,,
163,"વેદથી વિવેકાનંદ, અને ઉપનિષદથી ઉપગ્રહ, સુધીની મહાન વિરાસત ધરાવતાં, ભારતમાં કુલ વસતિના, બોત્તેર ટકા, તો ચાલીસ વર્ષથી, ઓછી ઉમરની, યુવાપેઢી છે.",0,18.804,0,not_selected_by_random,,,,
164,"આ સંસ્થા દ્વારા, મહત્ત્વના ન્યુક્લિયર પાવર પ્લાન્ટની નજીક, પેરામિલીટરી ફોર્સની, દસ બટાલિયન ધરાવતી, નેશનલ ડિઝાસ્ટર રિસ્પોન્સ ફોર્સ, રાખવામાં આવી છે.",0,18.11,0,not_selected_by_random,,,,
165,"ધોળેશ્વર મહાદેવ મંદિર, અને, પંચનાથ મહાદેવ મંદિરમાં, શ્રાવણના પ્રથમ સોમવારને, અનુલક્ષીને, દિવ્ય શણગાર કરાયા છે, તથા, વિવિધ ધાર્મિક કાર્યક્રમો યોજાશે.",0,18.278,0,not_selected_by_random,,,,
166,"બાપુ સાહેબ, ગાયકવાડ, શ્રીમંત સરકાર સમક્ષ, ભક્તિના પદો, એવા તપ ભાવથી સંભળાવતા, કે, તેની બધી બેદરકારી, એ જ ક્ષણે, માફ થઈ જતી હતી.",0,17.181,0,not_selected_by_random,,,,
171,"જો બ્લાઇન્ડ થેરાપિસ્ટને, જાણવું હોય કે, કેટલા મીનીટની ટ્રીટમેન્ટ થઇ, એ માટે, ઇન્ફો બટન, દબાવવાથી, મશીન વોઇસમાં, પોતાનું, ફિડબેક આપે છે.",0,19.671,0,not_selected_by_random,,,,
175,"મહારાષ્ટ્રના નંદુરબાર જિલ્લામાં, દરેક ભારતીયને, ખાસ પ્રકારનો, બાર આંકડાવાળો, યુનિક આઇડેન્ટિફિકેશન આપવાના પ્રોજેક્ટનો, શુભારંભ થયો.",0,16.579,1,,gujarati_female_000175.wav,m a h a aa r a aa sx a tx a r a n a aa <wb> n a q d a u r a b a aa r a <wb> j a i l a l a aa m a aa q <wb> d a r a ee k a <wb> bh a aa r a t a ii y a n a ee <wb> kh a aa s a <wb> p a r a k a aa r a n a o <wb> b a aa r a <wb> aa q k a dx a aa w a aa lx a o <wb> y a u n a i k a <wb> aa i dx a ee n a tx a i ph a i k a ee sh a n a <wb> aa p a w a aa n a aa <wb> p a r a o j a ee k a tx a n a o <wb> sh a u bh a aa r a q bh a <wb> th a y a o,C22 C0 C15 C0 C1 C29 C0 C1 C31 C0 C34 C0 C29 C0 C24 C0 C1 <wb> C24 C0 C23 C7 C0 C36 C29 C0 C3 C0 C1 C29 C0 <wb> C17 C0 C16 C21 C0 C21 C0 C1 C22 C0 C1 C23 <wb> C7 C0 C29 C0 C11 C19 C0 <wb> C4 C0 C1 C29 C0 C32 C0 C16 C38 C0 C24 C0 C11 <wb> C20 C0 C1 C30 C0 <wb> C28 C0 C29 C0 C19 C0 C1 C29 C0 C24 C0 C26 <wb> C3 C0 C1 C29 C0 <wb> C1 C23 C19 C0 C9 C0 C1 C37 C0 C1 C21 C0 C26 <wb> C38 C0 C36 C24 C0 C16 C19 C0 <wb> C1 C16 C9 C0 C11 C24 C0 C34 C0 C16 C12 C0 C16 C19 C0 C11 C31 C0 C24 C0 <wb> C1 C28 C0 C37 C0 C1 C24 C0 C1 <wb> C28 C0 C29 C0 C26 C17 C0 C11 C19 C0 C34 C0 C24 C0 C26 <wb> C31 C0 C36 C4 C0 C1 C29 C0 C23 C4 C0 <wb> C33 C0 C38 C0 C26,train
176,"હું માત્ર એટલું જ કહેવા માંગું છું કે, મેં જે કાંઈ કહ્યું છે, તે અંગે, તમે સ્વતંત્ર રીતે, શાંતિથી વિચારજો, અને, તમારા સ્વભાવનું, થોડુંક, પૃથક્કરણ કરજો !.",0,19.765,0,not_selected_by_random,,,,
178,"હવેનો માણસ, જીવનની શરૂઆતમાં જ, જો વિશાળ અને પહોળો પાયો નહીં બનાવી શકે, તો, એના ઉપર ચણાયેલી, ઈમારત, ખખડી જશે, અને, એને સાથ નહીં આપે.",0,18.64,0,not_selected_by_random,,,,
179,"ક્રાયોજેનિક તબક્કામાં, એક, કે એકથી વધારે, ટાંકી ઇંધણ, અને, દહન માટે ઓક્સિજન પૂરો પાડનાર, ઓક્સિકરણ કરનાર, ઓક્સિડાઇઝર નો, સંગ્રહ કરે છે.",0,18.93,0,not_selected_by_random,,,,
180,"જૈતાપુરના અણુ ઊર્જા મથકની જમીન, ફરતે વાડ બાંધવાના, પ્રયાસનો, વિરોધ કરતાં, ટોળાં પર, પોલીસે ગોળીબાર કરતાં, માછીમાર, તવરેઝ સેજકર, માર્યો ગયો હતો.",0,19.716,0,not_selected_by_random,,,,
182,"આરંભિક સુસ્તી ખંખેરીને, પ્રાથમિક ધોરણે, અકસ્માતના સ્થળેથી, ભંગાર હટાવવાને બદલે, રાજ્ય, અને કેન્દ્રની સરકારોએ, સદંતર સરકારી વલણ, અપનાવ્યું છે.",0,18.809,0,not_selected_by_random,,,,
183,"આ દુર્ઘટનાની તપાસ કરવા, સરકાર દ્વારા, નિમાયેલી સમિતિનો, જે અહેવાલ આવ્યો, તેના આધારે, કુંભ મેળાની વ્યવસ્થાનું, કાયમી માળખું, ગોઠવવામાં આવ્યું છે.",0,17.577,0,not_selected_by_random,,,,
188,"સસલા ભાઈએ, હોઠે આવેલું, હાસ્ય પેટમાં ઉતારી દીધું, અને બાંયો ચઢાવીને, ઊકળતા પાણીની કીટલી લઈને, પેટીના કાણા પર, ધાર કરવા માંડી.",0,17.596,0,not_selected_by_random,,,,
189,"માત્ર બે વર્ષ પહેલા જ, મહાન વિજ્ઞાની, ચાર્લ્સ ડાર્વિને, પોતાનું ઉત્ક્રાંતિવાદનું, શકવર્તી સંશોધન, 'ઓરીજીન ઓફ સ્પેસીઝ' જાહેરમાં મુક્યું હતું.",0,17.911,0,not_selected_by_random,,,,
190,"જે કાર્યો મનુષ્યનું શરીર, અથવા, પશુઓ કરી શકે છે, તે માટે, વીજળી અથવા, પેટ્રોલ ડિઝલથી ચાલતા, યંત્રોનો ઉપયોગ કરીને, આપણે વિનાશ, નોંતરી રહ્યા છીએ.",0,19.33,0,not_selected_by_random,,,,
193,"ફ્રાંસમાં તો, નોર્મેન્ડી પ્રદેશમાં બંધાતા, ફલેમનવિલે ત્રણ તરીકે, ઓળખાતો, યુરોપીઅન પ્રેશરાઈઝડ વોટર રિએકટર, ઈપીઆર પ્લાન્ટ, પૂર્ણતાને આરે છે.",0,17.792,0,not_selected_by_random,,,,
196,"ચૂંટણીનાં પરિણામ પછી, મુલાયમસિંઘ યાદવે, ભારતના લોકશાહી રાજકારણમાં, વઘુ એક, વંશપરંપરાનો, ઉમેરો કયોઁ છે.",0,12.771,1,,gujarati_female_000196.wav,c a uu q tx a nx a ii n a aa q <wb> p a r a i nx a aa m a <wb> p a ch a ii <wb> m a u l a aa y a m a s a i q gh a <wb> y a aa d a w a ee <wb> bh a aa r a t a n a aa <wb> l a o k a sh a aa h a ii <wb> r a aa j a k a aa r a nx a m a aa q <wb> w a gh a u <wb> ee k a <wb> w a q sh a p a r a q p a r a aa n a o <wb> u m a ee r a o <wb> k a y a o mq <wb> ch a ee,C5 C0 C36 C23 C34 C0 C25 C0 C16 C24 C0 C1 C23 <wb> C28 C0 C29 C0 C16 C25 C0 C1 C22 C0 <wb> C28 C0 C6 C0 C16 <wb> C22 C0 C36 C21 C0 C1 C38 C0 C22 C0 C30 C0 C16 C23 C14 C0 <wb> C38 C0 C1 C7 C0 C37 C0 C11 <wb> C4 C0 C1 C29 C0 C32 C0 C24 C0 C1 <wb> C21 C0 C26 C19 C0 C31 C0 C1 C15 C0 C16 <wb> C29 C0 C1 C17 C0 C19 C0 C1 C29 C0 C25 C0 C22 C0 C1 C23 <wb> C37 C0 C14 C0 C36 <wb> C11 C19 C0 <wb> C37 C0 C23 C31 C0 C28 C0 C29 C0 C23 C28 C0 C29 C0 C1 C24 C0 C26 <wb> C36 C22 C0 C11 C29 C0 C26 <wb> C19 C0 C38 C0 C26 C23 <wb> C6 C0 C11,train
198,"આ સમય દરમિયાન, ટુ જી કેસમાં, ટોચના માથા, જેલમાં ધકેલાયા, તેમજ, મુંબઈ સીરિયલ બ્લાસ્ટના કારણે, લોકપાલ બીલ, તો હવે ચર્ચામાં પણ, નથી આવતું.",0,18.983,0,not_selected_by_random,,,,
201,"દેશની ધંધા, બેરોજગાર, કે, અક્રિય યુવાશક્તિના કેટલાક મૂંઝવતા પ્રશ્નોના નિરાકરણ, માટેની પગથીઓ, પણ એવા બદલાવ વડે, ખોળવાની રહે છે.",0,17.744,0,not_selected_by_random,,,,
205,"ન્યુક્લિયર પાવર પ્લાન્ટના, આ જોખમ ધ્યાનમાં રાખીને, ત્રણ વર્ષ પહેલાં, નેશનલ ડિઝાસ્ટર મેનેજમેન્ટ, ઓથોરિટી, એનડીએમએ, ની રચના કરવામાં આવી હતી.",0,18.092,0,not_selected_by_random,,,,
207,"સંમેલનમાં, અનેક પ્રસ્તાવો બાદ, મહત્વનો પ્રસ્તાવ, રજુ કરાયો, જે સરકાર દ્વારા, સ્વાતંત્રય સેનાનીઓને, અપાતા પેન્શન, અને અન્ય સુવિધાઓના વધારાની, વાત કરતો હતો.",0,19.774,0,not_selected_by_random,,,,
208,"જ્યારે સ્વયંભુ મનું, અને, સ્ત્રી શતરૂપા, બ્રહ્માજીના ડાબા જમણા અંગમાંથી, પ્રકટ થયા, સ્ત્રી પુરૂષનું જોડું ઉત્પન્ન થયા પછી, મૈથુન સૃષ્ટિનો, પ્રારંભ થયો.",0,19.716,0,not_selected_by_random,,,,
211,"બહુ ઓછા આસ્તિકો, ભગવાનની, અંગત માન્યતા, અને, વિજ્ઞાનની, આઘુનિક શોધખોળો, પ્રગતિ વચ્ચેનો, તાલમેળ સાધી શકવા જેટલું, ખુલ્લાપણું ધરાવે છે.",0,19.346,0,not_selected_by_random,,,,
212,"શહેરના ગરીબ કિશોરો, યુવાનો, જે ખાનગી ક્રિકેટ એકેડેમીમાં, જઇ શકતા નથી, તેઓને, બીસીએ તદ્દન મામૂલી રકમે, લઇને, કોચિંગ આપશે.",0,19.407,0,not_selected_by_random,,,,
220,"જે રીતે, રાજ્યસભા, સાંસદો છુટી પડ્યા, એ જોતાં, એમ માનવાને કારણ છે કે, મુંબઈ છાવણી, સંકેલાઈ ન હોત, તો એમના પર એક ડારો, જરૂર રહ્યો હોત.",0,19.763,0,not_selected_by_random,,,,
223,"મોટા પ્રમાણમાં, ગોટાળા થઈ રહ્યા હતા, અને, સરકાર દંભી બનીને, ભ્રષ્ટાચારીઓને, બચાવવા, તથા, ભ્રષ્ટાચાર વિરોધી, આંદોલનોને કચડી નાખવાનો, પ્રયાસ કરી રહી હતી.",0,19.312,0,not_selected_by_random,,,,
224,"શ્રાવણના પ્રથમ સોમવારે, વહેલી સવારથી જ, દિગ્વિજય દ્વાર પાસે, ભાવિકોની લાંબી લાઇનો થશે, અને, દ્વાર ખુલતા જ, ઓમ નમઃ શિવાયનો, જયઘોષ, ગુંજી ઉઠશે.",0,19.874,0,not_selected_by_random,,,,
228,"ક્રેમલિનના સૂત્રોએ, જણાવ્યું હતું કે, વિદેશી ભંડોળથી, રશિયામાં, રાજકીય કામગીરી કરતી, બિનસરકારી સંસ્થાઓ પર, લગામ કસવાના, આ પ્રયાસ છે.",0,18.988,0,not_selected_by_random,,,,
231,"પ્રેતાત્માશક્તિના, અસ્તિત્વના પ્રયોગોની, કસોટી કરાઈ હતી, એ બેઠક દરમિયાન લાઇટ વર્તમાનપત્રના, પ્રતિનિધિ, ડૉસન રોજર્સ, પણ હાજર હતા.",0,17.345,1,,gujarati_female_000231.wav,p a r a ee t a aa t a m a aa sh a k a t a i n a aa <wb> a s a t a i t a w a n a aa <wb> p a r a y a o g a o n a ii <wb> k a s a o tx a ii <wb> k a r a aa ii <wb> h a t a ii <wb> ee <wb> b a ee txh a k a <wb> d a r a m a i y a aa n a <wb> l a aa i tx a <wb> w a r a t a m a aa n a p a t a r a n a aa <wb> p a r a t a i n a i dh a i <wb> dx a s a n a <wb> r a o j a r a s a <wb> p a nx a <wb> h a aa j a r a <wb> h a t a aa,C28 C0 C29 C0 C11 C32 C0 C1 C32 C0 C22 C0 C1 C31 C0 C19 C0 C32 C0 C16 C24 C0 C1 <wb> C0 C30 C0 C32 C0 C16 C32 C0 C37 C0 C24 C0 C1 <wb> C28 C0 C29 C0 C38 C0 C26 C13 C0 C26 C24 C0 C16 <wb> C19 C0 C30 C0 C26 C34 C0 C16 <wb> C19 C0 C29 C0 C1 C16 <wb> C15 C0 C32 C0 C16 <wb> C11 <wb> C3 C0 C11 C35 C0 C19 C0 <wb> C7 C0 C29 C0 C22 C0 C16 C38 C0 C1 C24 C0 <wb> C21 C0 C1 C16 C34 C0 <wb> C37 C0 C29 C0 C32 C0 C22 C0 C1 C24 C0 C28 C0 C32 C0 C29 C0 C24 C0 C1 <wb> C28 C0 C29 C0 C32 C0 C16 C24 C0 C16 C8 C0 C16 <wb> C9 C0 C30 C0 C24 C0 <wb> C29 C0 C26 C17 C0 C29 C0 C30 C0 <wb> C28 C0 C25 C0 <wb> C15 C0 C1 C17 C0 C29 C0 <wb> C15 C0 C32 C0 C1,train
235,"હેમા માલિનીનો સંપર્ક સાધવામાં આવ્યો, ત્યારે, તેમણે જણાવ્યું હતું કે, 'આહના, 'ટેલ મીઓ ખુદા', ની પ્રમોશનલ ઈવેન્ટમાં, હાજર રહેવાની નથી.",0,18.238,0,not_selected_by_random,,,,
239,"વિજ્ઞાનીઓના મતે, ગંભીર ઘટના છે, ગ્લોબલ વોર્મિંગની અસર છે, કે, કેમ તે અંગે, અનિશ્ચિતતા, અગાઉ ગ્રીનલેન્ડનો, બરફ પીગળી રહ્યો, હોવાનું નોંધાયું છે.",0,19.605,0,not_selected_by_random,,,,
243,"આ બાયોલોજીકલ સેમ્પલને, સીરામીકની બરણીમાં, દરીંગ વડે, સીલ કરશે, જેથી પૃથ્વીવાસી, પરંતુ, મંગળ માટે, એલિયન્સ, મંગળને દુષિત ન કરે.",0,19.274,0,not_selected_by_random,,,,
250,"મદ્રાસ ઇન્સ્ટિટ્યૂટ ઓફ ડેવલપમેન્ટ સ્ટડીઝ સાથે, જોડાયેલા પાંડિયનના મતે, એનસીઈઆરટી ના, સમાજશાસ્ત્ર ના પાઠ્યપુસ્તકોમાં, કંઈ ખોટું નથી.",0,19.089,0,not_selected_by_random,,,,
251,"હ્યુમન જેનોમ સિકવન્સ, ઉકેલવાની આપણી યોગ્યતા, કે, અયોગ્યતાનો આધાર, આપણે સિકવન્સ માટે, ક્યાં, ''ક્વોલીટી સ્ટાન્ડર્ડ'', નક્કી કરીએ છીએ, તેનાં ઉપર રહેલો છે.",0,18.088,1,,gujarati_female_000251.wav,h a y a u m a n a <wb> j a ee n a o m a <wb> s a i k a w a n a s a <wb> u k a ee l a w a aa n a ii <wb> aa p a nx a ii <wb> y a o g a y a t a aa <wb> k a ee <wb> a y a o g a y a t a aa n a o <wb> aa dh a aa r a <wb> aa p a nx a ee <wb> s a i k a w a n a s a <wb> m a aa tx a ee <wb> k a y a aa q <wb> k a w a o l a ii tx a ii <wb> s a tx a aa n a dx a r a dx a <wb> n a k a k a ii <wb> k a r a ii ee <wb> ch a ii ee <wb> t a ee n a aa q <wb> u p a r a <wb> r a h a ee l a o <wb> ch a ee,C15 C0 C38 C0 C36 C22 C0 C24 C0 <wb> C17 C0 C11 C24 C0 C26 C22 C0 <wb> C30 C0 C16 C19 C0 C37 C0 C24 C0 C30 C0 <wb> C36 C19 C0 C11 C21 C0 C37 C0 C1 C24 C0 C16 <wb> C1 C28 C0 C25 C0 C16 <wb> C38 C0 C26 C13 C0 C38 C0 C32 C0 C1 <wb> C19 C0 C11 <wb> C0 C38 C0 C26 C13 C0 C38 C0 C32 C0 C1 C24 C0 C26 <wb> C1 C8 C0 C1 C29 C0 <wb> C1 C28 C0 C25 C0 C11 <wb> C30 C0 C16 C19 C0 C37 C0 C24 C0 C30 C0 <wb> C22 C0 C1 C34 C0 C11 <wb> C19 C0 C38 C0 C1 C23 <wb> C19 C0 C37 C0 C26 C21 C0 C16 C34 C0 C16 <wb> C30 C0 C34 C0 C1 C24 C0 C9 C0 C29 C0 C9 C0 <wb> C24 C0 C19 C0 C19 C0 C16 <wb> C19 C0 C29 C0 C16 C11 <wb> C6 C0 C16 C11 <wb> C32 C0 C11 C24 C0 C1 C23 <wb> C36 C28 C0 C29 C0 <wb> C29 C0 C15 C0 C11 C21 C0 C26 <wb> C6 C0 C11,train
252,"જિંદગીની વાસ્તવિકતા સાથેનો, આ મારો, પ્રથમ પરિચય હતો, અને, મને લાગ્યું કે, આ દુનિયામાં, નિ:સ્વાર્થ સહાનુભૂતિ, એક દુર્લભ ચીજ છે.",0,16.695,1,,gujarati_female_000252.wav,j a i q d a g a ii n a ii <wb> w a aa s a t a w a i k a t a aa <wb> s a aa th a ee n a o <wb> aa <wb> m a aa r a o <wb> p a r a th a m a <wb> p a r a i c a y a <wb> h a t a o <wb> a n a ee <wb> m a n a ee <wb> l a aa g a y a u q <wb> k a ee <wb> aa <wb> d a u n a i y a aa m a aa q <wb> n a i <wb> s a w a aa r a th a <wb> s a h a aa n a u bh a uu t a i <wb> ee k a <wb> d a u r a l a bh a <wb> c a ii j a <wb> ch a ee,C17 C0 C16 C23 C7 C0 C13 C0 C16 C24 C0 C16 <wb> C37 C0 C1 C30 C0 C32 C0 C37 C0 C16 C19 C0 C32 C0 C1 <wb> C30 C0 C1 C33 C0 C11 C24 C0 C26 <wb> C1 <wb> C22 C0 C1 C29 C0 C26 <wb> C28 C0 C29 C0 C33 C0 C22 C0 <wb> C28 C0 C29 C0 C16 C5 C0 C38 C0 <wb> C15 C0 C32 C0 C26 <wb> C0 C24 C0 C11 <wb> C22 C0 C24 C0 C11 <wb> C21 C0 C1 C13 C0 C38 C0 C36 C23 <wb> C19 C0 C11 <wb> C1 <wb> C7 C0 C36 C24 C0 C16 C38 C0 C1 C22 C0 C1 C23 <wb> C24 C0 C16 <wb> C30 C0 C37 C0 C1 C29 C0 C33 C0 <wb> C30 C0 C15 C0 C1 C24 C0 C36 C4 C0 C36 C32 C0 C16 <wb> C11 C19 C0 <wb> C7 C0 C36 C29 C0 C21 C0 C4 C0 <wb> C5 C0 C16 C17 C0 <wb> C6 C0 C11,val
253,"થોડા સમય પહેલાં, રાષ્ટ્રીય જળનીતિના મુદ્દામાં, પણ પાણીની કિંમત, નક્કી કરવા, અને, જળ વિતરણના, ખાનગીકરણ તરફ, ઇશારો કરવામાં આવ્યો હતો.",0,19.176,0,not_selected_by_random,,,,
254,"આ દુર્ઘટના પછી, તત્કાલીન વડા પ્રધાન, પંડિત નહેરુએ, ટિપ્પણ કરી હતી, કે, નેતાઓએ, કુંભ મેળાની, મુલાકાતે જવાનો, મોહ, ટાળવો જોઈએ.",0,19.363,0,not_selected_by_random,,,,
255,"ગરમાળા, ને ગુલમોર, લચી પડવાની તૈયારી કરતા, આંગણે ઊભા છે, પણ, ચોકઠાબદ્ધ, અને ટેવગ્રસ્ત જીવતા લોકો, આ બધાયથી, અળગા થઈ રહે છે.",0,19.389,0,not_selected_by_random,,,,
258,"રિઝર્વ બેન્ક ઓફ ઇન્ડિયા, આરબીઆઈ એ, વધતાં જતાં, વ્યાજદરને રોકવા, નાણાં પૂરવઠાનું, પ્રમાણ થોડું ઓછું કરતાં, લોન પણ, હવે, મોંઘી બની છે.",0,18.465,0,not_selected_by_random,,,,
259,"પર્યાય રુપે, ઈથેનોલનો ઉપયોગ થઈ શકે, પરંતુ, પેટ્રોલિયમની લાઈનમાંથી, તે પસાર થઈ શકતું નથી, કારણ કે, લો એનર્જી ડેન્સિટી ધરાવે છે.",0,17.218,0,not_selected_by_random,,,,
260,"રાહુલ દ્રવિડે, પહેલી ટેસ્ટમાં, પંચાણું રનની, ઝંઝાવાતી પાળી રમીને, સાબિત કરી આપ્યું, કે, તેનામાં, કાંઇક અનોખી, પ્રતિભા છે.",0,15.991,0,not_selected_by_random,,,,
261,"બે હજાર બાર, ઓલિમ્પિક રમતોત્સવના ઉદ્ઘાટન સમારોહની, ઉજવણી માટે, વિવિધ દેશોની, મળીને કુલ, પાંસો છ હસ્તીઓને, સત્તાવાર આમંત્રણ મોકલવામાં આવ્યું છે.",0,19.168,0,not_selected_by_random,,,,
262,"હવે સરકાર તરફથી, લીલી ઝંડી મળ્યા બાદ, પહેલીવાર, બીસીસીઆઈએ પણ, સંકેત આપી દીધા છે, કે બંને દેશો વચ્ચે, ક્રિકેટ સબંધો, સુધારવામાં આવે.",0,17.694,1,,gujarati_female_000262.wav,h a w a ee <wb> s a r a k a aa r a <wb> t a r a ph a th a ii <wb> l a ii l a ii <wb> jh a q dx a ii <wb> m a lx a y a aa <wb> b a aa d a <wb> p a h a ee l a ii w a aa r a <wb> b a ii s a ii s a ii aa ii ee <wb> p a nx a <wb> s a q k a ee t a <wb> aa p a ii <wb> d a ii dh a aa <wb> ch a ee <wb> k a ee <wb> b a q n a ee <wb> d a ee sh a o <wb> w a c a c a ee <wb> k a r a i k a ee tx a <wb> s a b a q dh a o <wb> s a u dh a aa r a w a aa m a aa q <wb> aa w a ee,C15 C0 C37 C0 C11 <wb> C30 C0 C29 C0 C19 C0 C1 C29 C0 <wb> C32 C0 C29 C0 C12 C0 C33 C0 C16 <wb> C21 C0 C16 C21 C0 C16 <wb> C18 C0 C23 C9 C0 C16 <wb> C22 C0 C21 C0 C38 C0 C1 <wb> C3 C0 C1 C7 C0 <wb> C28 C0 C15 C0 C11 C21 C0 C16 C37 C0 C1 C29 C0 <wb> C3 C0 C16 C30 C0 C16 C30 C0 C16 C1 C16 C11 <wb> C28 C0 C25 C0 <wb> C30 C0 C23 C19 C0 C11 C32 C0 <wb> C1 C28 C0 C16 <wb> C7 C0 C16 C8 C0 C1 <wb> C6 C0 C11 <wb> C19 C0 C11 <wb> C3 C0 C23 C24 C0 C11 <wb> C7 C0 C11 C31 C0 C26 <wb> C37 C0 C5 C0 C5 C0 C11 <wb> C19 C0 C29 C0 C16 C19 C0 C11 C34 C0 <wb> C30 C0 C3 C0 C23 C8 C0 C26 <wb> C30 C0 C36 C8 C0 C1 C29 C0 C37 C0 C1 C22 C0 C1 C23 <wb> C1 C37 C0 C11,train
263,"સાકરના ઉત્પાદન ખર્ચમાં, સિત્તેર ટકા ખર્ચ, શેરડી માટે થતો હોવાથી, જો કારખાનાવાળાઓ જ કંઈ ન કમાય, તો ખેડૂતોને, કેવી રીતે સારી કિંમત, ચૂકવી શકે?.",0,19.917,0,not_selected_by_random,,,,
266,"વ્યાયામ કે સ્પર્ધા શરૂ થયા પહેલા, તમારામાં પૂરતી ઊર્જા છે, તે નક્કી કરવું જોઈએ. કે, તમે લીધેલા આહારનું, પૂરેપુરુ પાચન થઈ ગયું છે.",0,18.39,0,not_selected_by_random,,,,
289,"આપણે તેમની, કાર્યપદ્ધતિમાં, શા માટે, હસ્તક્ષેપ કરી રહ્યા છીએ, જેને લીધે, તેની, બ્રાન્ડ વેલ્યૂ પર, દૂરોગામી, અસર પડી શકે છે?.",0,19.241,0,not_selected_by_random,,,,
295,"સ્થળાંતર કામગીરી હાથ ધરી શકાઇ, ન હોવાથી, મૃત્યુઆંક, વધશે, તેવી આશંકા, કવીન્સલેન્ડના, પ્રીમિઅર, અન્ના બ્લીધે, વ્યકત કરી હતી.",0,19.94,0,not_selected_by_random,,,,
307,"આ સાથે, વર્લ્ડકપની ટોપ ઈનિંગસમાં, સેહવાગ, કપિલદેવની, એક સો પંચોતેર, અણનમની, ઈનિંગ સાથે, તે સંયુક્ત, ચોથા ક્રમે રહ્યો છે.",0,19.2,0,not_selected_by_random,,,,
310,"બેંગકોકમાં યોજાનાર, રોબોકોન ઇન્ટરનેશનલ કોમ્પિટિશનમાં, નિરમા ઇન્સ્ટિટયૂટ ઓફ, ટેકનોલોજીના, સ્ટુડન્ટસ, દેશ તરફથી ભાગ લેશે.",0,18.3,0,not_selected_by_random,,,,
311,"સિંદૂરી રંગનાં, મોટા મોટા, ફૂલગુચ્છા, અને, ઘેરાં લીલાં પાનથી, શોભતાં, પેલાં મોટાં વૃક્ષોનું, પ્રચલિત નામ, મને પસંદ નથી.",0,17.995,1,,gujarati_female_000311.wav,s a i q d a uu r a ii <wb> r a q g a n a aa q <wb> m a o tx a aa <wb> m a o tx a aa <wb> ph a uu l a g a u c a ch a aa <wb> a n a ee <wb> gh a ee r a aa q <wb> l a ii l a aa q <wb> p a aa n a th a ii <wb> sh a o bh a t a aa q <wb> p a ee l a aa q <wb> m a o tx a aa q <wb> w a k a sx a o n a u q <wb> p a r a c a l a i t a <wb> n a aa m a <wb> m a n a ee <wb> p a s a q d a <wb> n a th a ii,C30 C0 C16 C23 C7 C0 C36 C29 C0 C16 <wb> C29 C0 C23 C13 C0 C24 C0 C1 C23 <wb> C22 C0 C26 C34 C0 C1 <wb> C22 C0 C26 C34 C0 C1 <wb> C12 C0 C36 C21 C0 C13 C0 C36 C5 C0 C6 C0 C1 <wb> C0 C24 C0 C11 <wb> C14 C0 C11 C29 C0 C1 C23 <wb> C21 C0 C16 C21 C0 C1 C23 <wb> C28 C0 C1 C24 C0 C33 C0 C16 <wb> C31 C0 C26 C4 C0 C32 C0 C1 C23 <wb> C28 C0 C11 C21 C0 C1 C23 <wb> C22 C0 C26 C34 C0 C1 C23 <wb> C37 C0 C19 C0 C31 C0 C26 C24 C0 C36 C23 <wb> C28 C0 C29 C0 C5 C0 C21 C0 C16 C32 C0 <wb> C24 C0 C1 C22 C0 <wb> C22 C0 C24 C0 C11 <wb> C28 C0 C30 C0 C23 C7 C0 <wb> C24 C0 C33 C0 C16,train
312,"ફેગ વેન્ટર, વૈજ્ઞાનિક અને, કૃત્રિમ કોષ વિકસાવનાર, કેગ વેન્ટર ઈન્સ્ટિટયૂટ, અને, સિન્થેટીક, જેનોમિક્સનાં, સુત્રધાર છે.",0,18.138,0,not_selected_by_random,,,,
313,"ફ્રિઝ, બૂટ ચંપલ, વૉશિંગમશીન, ભોજન, અંડર ગારમેન્ટ્સ, ચોક્કસ લેખકોનાં, ચોક્કસ પુસ્તકો.",0,16.525,0,not_selected_by_random,,,,
314,"બ્રિટનના, મરેને, કારકિર્દીની, ત્રીજી ગ્રાન્ડ સ્લેમ ફાઇનલમાં પણ, રનર્સ અપની, ટ્રોફીથી, સંતોષ માનવો પડયો હતો.",0,14.629,1,,gujarati_female_000314.wav,b a r a i tx a n a n a aa <wb> m a r a ee n a ee <wb> k a aa r a k a i r a d a ii n a ii <wb> t a r a ii j a ii <wb> g a r a aa n a dx a <wb> s a l a ee m a <wb> ph a aa i n a l a m a aa q <wb> p a nx a <wb> r a n a r a s a <wb> a p a n a ii <wb> tx a r a o ph a ii th a ii <wb> s a q t a o sx a <wb> m a aa n a w a o <wb> p a dx a y a o <wb> h a t a o,C3 C0 C29 C0 C16 C34 C0 C24 C0 C24 C0 C1 <wb> C22 C0 C29 C0 C11 C24 C0 C11 <wb> C19 C0 C1 C29 C0 C19 C0 C16 C29 C0 C7 C0 C16 C24 C0 C16 <wb> C32 C0 C29 C0 C16 C17 C0 C16 <wb> C13 C0 C29 C0 C1 C24 C0 C9 C0 <wb> C30 C0 C21 C0 C11 C22 C0 <wb> C12 C0 C1 C16 C24 C0 C21 C0 C22 C0 C1 C23 <wb> C28 C0 C25 C0 <wb> C29 C0 C24 C0 C29 C0 C30 C0 <wb> C0 C28 C0 C24 C0 C16 <wb> C34 C0 C29 C0 C26 C12 C0 C16 C33 C0 C16 <wb> C30 C0 C23 C32 C0 C26 C31 C0 <wb> C22 C0 C1 C24 C0 C37 C0 C26 <wb> C28 C0 C9 C0 C38 C0 C26 <wb> C15 C0 C32 C0 C26,train
317,"મેટ્રો લિંક એક્સપ્રેસ, ફોર ગાંધીનગર એન્ડ અમદાવાદ, મેગા પ્રોજેક્ટના, એક્ઝિક્યુટીવ ચેરમેન તરીકે, સંજય ગુપ્તા, કાર્યરત છે.",0,19.05,0,not_selected_by_random,,,,
322,"ઉગ્રસેન ગઢ, ખેંગાર ગઢ, મુસ્તફાબાદ, કિલ્લા એ ગિરનાર, સાર્વભૌમ નરેન્દ્રપુર, જૂનાણું અને, છેલ્લે આવ્યું, જૂનાગઢ.",0,19.576,0,not_selected_by_random,,,,
324,"કેપ્સ્યુલનાં, મધ્યભાગમાં, ઈઝરાયેલનાં, નેગેવની, ફળદ્રુપ માટીમાં, ખડતલ, માઈક્રોઓર્ગેનિઝમ, રાખવામાં આવશે.",0,16.581,0,not_selected_by_random,,,,
325,"દક્ષિણ આફ્રિકામાં, ટ્રેનની, એકાંકી મુસાફરી દરમ્યાન, આ પુસ્તકનું, વાંચન, મોહનદાસ ને, મહાત્મા બનાવનાર, મહત્વનું, સીમાચિન્હ, બની જાય છે.",0,19.692,0,not_selected_by_random,,,,
326,"વ્યક્તિગત સ્તર પર, નિર્ણય કરો, ઘરમાં, ઑફિસમાં, સામાજિક જીવનમાં, જ્યાં પ્રગતિ દેખાશે, હું, એ માટે, પ્રયત્નો કરીશ.",0,19.114,0,not_selected_by_random,,,,
327,"જેમાં, સેહવાગ, ગંભીર, તેંડુલકર, કોહલી, રૈના, યુવરાજ, ધોની, અને, ઓલરાઉન્ડર, યુસુફ પઠાણ છે.",0,19.345,0,not_selected_by_random,,,,
329,"એમાં, ટયુમરમાંથી, સોફ્ટ ટિસ્યુ, માંસપેશીનો ટુકડો, બહાર કાઢી, એને, ફાઇનલ ડાયગ્નોસીસ નિદાન માટે, માઇક્રોસ્કોપ હેઠળ, મુકાય છે.",0,18.864,0,not_selected_by_random,,,,
330,"દુનિયાભરમાં, ઈજનેરી ક્ષેત્રે, પાયાનો સિધ્ધાંત બની ગયેલ, આ પ્રમેય અનેક જટીલ, સંરચનાની, ડીઝાઈનો, બનાવવામાં વપરાય છે.",0,17.478,0,not_selected_by_random,,,,
332,"તેના, હોમ પ્રોડકશનની, પ્રથમ ફિલ્મ, ફિર ભી, દિલ હૈ, હિન્દુસ્તાની, રિલીઝ થઈ હતી, જેને, બોક્સ ઓફિસ પર, નિષ્ફળતા, મળી હતી.",0,19.287,0,not_selected_by_random,,,,
339,"શ્રીકૃષ્ણનું, પ્રેમ ભરેલ, વાક્ય સાંભળી, ઋષિ પ્રસન્ન થઈ બોલ્યાં, ગોવંદ, તમે, ધન્ય છો.",0,15.447,0,not_selected_by_random,,,,
351,"ત્રણ સ્પીડ ટ્રાન્સમીશન, છ સીલીન્ડરવાળું એન્જીન, કોઈલ સ્પ્રીંગ, સ્વતંત્રતાવાળી, ફ્રન્ટ સસ્પેન્શન.",0,15.067,0,not_selected_by_random,,,,
352,"થાઇલેન્ડમાં યોજાનાર, રોબોકોન ઇન્ટરનેશનલ કોમ્પિટિશનમાં, નિરમા ઇન્સ્ટિટયૂટ ઓફ, ટેકનોલોજીના, સ્ટુડન્ટસ, ભાગ લેશે.",0,16.483,0,not_selected_by_random,,,,
356,"શિવપુરાણમાં લખ્યાં પ્રમાણે, વ્રત કરનારે, પ્રાતઃકાળમાં ઉઠી, સ્નાન કરી, શિવલિંગનું, વિધિપૂર્વક, પૂજન, નમસ્કાર, કરવા.",0,18.959,0,not_selected_by_random,,,,
360,"બાય ધ વે, ફૅગ વેન્ટર, અને, આફ્રિકાનાં, બીશમ, કેસર્મડ ટુટુ, નોબેલ પ્રાઈઝ વિજેતાનો, જેનોમ પણ, વૈજ્ઞાનિકો, ઉકેલી ચુક્યાં છે.",0,16.864,0,not_selected_by_random,,,,
382,"અપ્રસ્તુત, બનતી જતી, વિનયન, વિજ્ઞાન, વાણિજ્ય કૉલેજો, સંખ્યા ની દષ્ટિએ, તો, હજી બીજાં, થોડાંક વર્ષો, ચાલશે.",0,19.102,0,not_selected_by_random,,,,
383,"નાગરિક ઉડ્ડયન મંત્રી, અજિતસિંઘે, હડતાળનું, અંતીમવાદી શસ્ત્ર, ઉગામનારા, પાઇલટો પ્રત્યે, અક્કડ વલણ, રાખ્યું.",0,18.569,0,not_selected_by_random,,,,
386,"પૃથ્વી, બાલતૃણોથી, સળવળી ઊઠે છે, અને, લક્ષાવધિ, જીવસૃષ્ટિ, ચારે તરફ, નાચવા, કૂદવા, મંડે છે.",0,15.77,0,not_selected_by_random,,,,
397,"હૃતિક રોશને, બોલીવૂડમાં, અગિયાર વર્ષ, પૂરાં કર્યાં, તેની પાર્ટી, શાહરુખ ખાને, સિંગાપોરમાં, આપી.",0,18.994,0,not_selected_by_random,,,,
398,"ઓસ્ટ્રેલિયા સામેની, પ્રેક્ટિસ મેચમાં, તેંડુલકર, ઝહીર, શ્રીસંત, અને, મુનાફ પટેલ, રમ્યા, નહતા.",0,17.961,0,not_selected_by_random,,,,
403,"જ્યાં, તેત્રીસ કરોડ, દેવતાઓ, ચોરાશી સિદ્ધો, નવનાથ, અને, મા અંબા, ભવાનીનાં, બેસણાં, છે.",0,18.996,0,not_selected_by_random,,,,
406,"ડિફરન્ટ ઇલેક્ટ્રિક કરન્ટ આપતી વખતે, પ્રજ્ઞાચક્ષુ, ઓપરેટર માટે, આ પ્રકારનું, મશીન, આશિર્વાદરૂપ, સાબિત થશે.",0,16.556,1,,gujarati_female_000406.wav,dx a i ph a r a n a tx a <wb> i l a ee k a tx a r a i k a <wb> k a r a n a tx a <wb> aa p a t a ii <wb> w a kh a t a ee <wb> p a r a j a nj a aa c a k a sx a u <wb> o p a r a ee tx a r a <wb> m a aa tx a ee <wb> aa <wb> p a r a k a aa r a n a u q <wb> m a sh a ii n a <wb> aa sh a i r a w a aa d a r a uu p a <wb> s a aa b a i t a <wb> th a sh a ee,C9 C0 C16 C12 C0 C29 C0 C24 C0 C34 C0 <wb> C16 C21 C0 C11 C19 C0 C34 C0 C29 C0 C16 C19 C0 <wb> C19 C0 C29 C0 C24 C0 C34 C0 <wb> C1 C28 C0 C32 C0 C16 <wb> C37 C0 C20 C0 C32 C0 C11 <wb> C28 C0 C29 C0 C17 C0 C24 C0 C1 C5 C0 C19 C0 C31 C0 C36 <wb> C26 C28 C0 C29 C0 C11 C34 C0 C29 C0 <wb> C22 C0 C1 C34 C0 C11 <wb> C1 <wb> C28 C0 C29 C0 C19 C0 C1 C29 C0 C24 C0 C36 C23 <wb> C22 C0 C31 C0 C16 C24 C0 <wb> C1 C31 C0 C16 C29 C0 C37 C0 C1 C7 C0 C29 C0 C36 C28 C0 <wb> C30 C0 C1 C3 C0 C16 C32 C0 <wb> C33 C0 C31 C0 C11,test
411,"બે દિવસ માટેનો, પાંચમા, વાઇબ્રન્ટ ગુજરાત, ગ્લોબલ ઇન્વેસ્ટર્સ સમિટમા, દેશના, ખ્યાતનામ, ઉધ્યોગપતિઓ, હાજર હતા.",0,18.99,0,not_selected_by_random,,,,
412,"ઝહિરખાન, મુનાફ પટેલ, પ્રવીણ કુમાર, નેહરા, હરભજન, અશ્વીન, ચાવલા, અન્ય ખેલાડીઓ, છે.",0,18.79,0,not_selected_by_random,,,,
421,"સામાન્ય રીતે, ફોરેન કન્ટ્રીમાં, ટાઇમ તફાવતને, કારણે, મેચના, ટાઇમિંગને, લઇને, થોડુંક ડિસ્ટર્બન્સ, સર્જાય છે.",0,18.04,0,not_selected_by_random,,,,
422,"મુખ્ય કલાકારો, અજય દેવગણ, અભિષેક બચ્ચન, અસિન, પ્રાચી દેસાઈ, અર્ચના, પૂરણ સિંહ, અસરાણી, કૃષ્ણા અભિષેક, હતા.",0,19.442,0,not_selected_by_random,,,,
423,"ફિઝિયો થેરપીના, ભાગરૂપે, ડિફરન્ટ ઇલેક્ટ્રિક કરન્ટ માટે, ઇન્ટર ફેન્સિયલ થેરાપી, મશીન, ડેવલોપ કરવામાં આવ્યું.",0,16.826,0,not_selected_by_random,,,,
425,"ગુજરાત ગણિત મંડળ, અને, તેના લોકભોગ્ય, સામયિક, સુગણિતમ્ માં, તેમણે પ્રાણ સિંચ્યા છે.",0,15.131,0,not_selected_by_random,,,,
427,"વ્યાયામ પશ્ચાત્, ગ્લાયકોજીનનો સંગ્રહ, ફરી પૂરો કરવા, પંદર મિનિટમાં, ફળો, કે, તેના રસ રૂપે, કાર્બોહાઈડ્રેટ, લેવા જોઈએ.",0,18.984,0,not_selected_by_random,,,,
430,"વૈજ્ઞાનિકો એ, બ્લ્યુગ્રીન, રંગનાં, એવા કોષ, જે, ફોટોસીન્થેસીસ દ્વારા, વનસ્પતિની માફક, વિકાસ પામી, વિકસતા હતાં.",0,19.016,0,not_selected_by_random,,,,
432,"ગરીબ, મધ્યમવર્ગ, માટે, જીવલેણ પુરવાર થઇ રહેલી, કાળઝાળ મોંઘવારીને, કાબુમાં લેવા, સ્વયં, સરકાર પણ, અસહાય છે.",0,19.62,0,not_selected_by_random,,,,
438,"એક ચોરસ ઇંચ વિસ્તાર પર, એટલે કે, એક ટપાલની ટિકિટ જેટલા, વિસ્તાર પર, પિસ્તાલીસ કિલોગ્રામ, વજન મૂકીએ, તેટલું હોય.",0,17.335,0,not_selected_by_random,,,,
439,"ક્યારેક મુશાયરા, કે, કવિ સંમેલનોમાં, માનસિક પીડા આપી, થકવી નાખનારાં, લાંબાલચક, ભાષણોથી, કંટાળો આવે છે.",0,16.3,1,,gujarati_female_000439.wav,k a y a aa r a ee k a <wb> m a u sh a aa y a r a aa <wb> k a ee <wb> k a w a i <wb> s a q m a ee l a n a o m a aa q <wb> m a aa n a s a i k a <wb> p a ii dx a aa <wb> aa p a ii <wb> th a k a w a ii <wb> n a aa kh a n a aa r a aa q <wb> l a aa q b a aa l a c a k a <wb> bh a aa sx a nx a o th a ii <wb> k a q tx a aa lx a o <wb> aa w a ee <wb> ch a ee,C19 C0 C38 C0 C1 C29 C0 C11 C19 C0 <wb> C22 C0 C36 C31 C0 C1 C38 C0 C29 C0 C1 <wb> C19 C0 C11 <wb> C19 C0 C37 C0 C16 <wb> C30 C0 C23 C22 C0 C11 C21 C0 C24 C0 C26 C22 C0 C1 C23 <wb> C22 C0 C1 C24 C0 C30 C0 C16 C19 C0 <wb> C28 C0 C16 C9 C0 C1 <wb> C1 C28 C0 C16 <wb> C33 C0 C19 C0 C37 C0 C16 <wb> C24 C0 C1 C20 C0 C24 C0 C1 C29 C0 C1 C23 <wb> C21 C0 C1 C23 C3 C0 C1 C21 C0 C5 C0 C19 C0 <wb> C4 C0 C1 C31 C0 C25 C0 C26 C33 C0 C16 <wb> C19 C0 C23 C34 C0 C1 C21 C0 C26 <wb> C1 C37 C0 C11 <wb> C6 C0 C11,train
440,"વૈષ્ણવનો, મુખ્ય ધર્મ, એ જ છે કે, પોતાના હૃદયમાં, પ્રભુનું, સ્વરૂપ વિરૂદ્ધ, ધર્મોના, આશ્રયયુક્ત છે.",0,15.581,1,,gujarati_female_000440.wav,w a ei sx a nx a w a n a o <wb> m a u kh a y a <wb> dh a r a m a <wb> ee <wb> j a <wb> ch a ee <wb> k a ee <wb> p a o t a aa n a aa <wb> h a d a y a m a aa q <wb> p a r a bh a u n a u q <wb> s a w a r a uu p a <wb> w a i r a uu d a dh a <wb> dh a r a m a o n a aa <wb> aa sh a r a y a y a u k a t a <wb> ch a ee,C37 C0 C2 C31 C0 C25 C0 C37 C0 C24 C0 C26 <wb> C22 C0 C36 C20 C0 C38 C0 <wb> C8 C0 C29 C0 C22 C0 <wb> C11 <wb> C17 C0 <wb> C6 C0 C11 <wb> C19 C0 C11 <wb> C28 C0 C26 C32 C0 C1 C24 C0 C1 <wb> C15 C0 C7 C0 C38 C0 C22 C0 C1 C23 <wb> C28 C0 C29 C0 C4 C0 C36 C24 C0 C36 C23 <wb> C30 C0 C37 C0 C29 C0 C36 C28 C0 <wb> C37 C0 C16 C29 C0 C36 C7 C0 C8 C0 <wb> C8 C0 C29 C0 C22 C0 C26 C24 C0 C1 <wb> C1 C31 C0 C29 C0 C38 C0 C38 C0 C36 C19 C0 C32 C0 <wb> C6 C0 C11,train
441,"બેંગકોકમાં, યોજાનાર, ઇન્ટરનેશનલ, રોબોકોન, કોમ્પિટિશનમાં, નિરમાના સ્ટુડન્ટસ, છવાશે.",0,13.78,0,not_selected_by_random,,,,
442,"નવરાત્રિના, પ્રથમ દિવસે, જોધપુરના, પ્રસિદ્ધ મહેરામગઢ કિલ્લાની, મુલાકાતે, આશરે, પચ્ચીસ હજાર, ભક્તો, આવ્યા હતા.",0,18.876,0,not_selected_by_random,,,,
444,"મણિનગરમાં રહેતા, ઈકોતેર વર્ષીય, રજનીકાન્ત શુક્લ, છેલ્લા બાર વર્ષથી, સાત, કૈલાસ શિખરની, યાત્રા કરે છે.",0,16.654,0,not_selected_by_random,,,,
445,"ફિરોઝશાહ, કોટલા મેદાનમાં, દારાએ, હવાઈ દાવ, લગાવીને, કિલર બ્રાઇનરને, નીચે પછાડયા બાદ, કુસ્તીને, કાયમ માટે, અલવિદા કહ્યું.",0,19.94,0,not_selected_by_random,,,,
446,"નેશનલ ઇન્સ્ટિટયૂટ ઓફ, ફાર્માસ્યુટિકલ, એજ્યુકેશન, એન્ડ રિસર્ચ, ગુજરાત, કેન્સર, રિસર્ચ ઇન્સ્ટિટયૂટ.",0,13.205,0,not_selected_by_random,,,,
447,"ચિત્રકારોએ, આવા, લૅન્ડસ્કેપ, આવાં વૃક્ષોની, ભરચકતાને, ફલક પર ઉતાર્યાનું, જોયું, જાણ્યું, નથી.",0,15.926,0,not_selected_by_random,,,,
448,"હાં, ખેંણીં આય?, લે, ખાવી છે?, કશાય સંકોચ વગર, અમારી, સહપાઠી, કન્યાઓ, કેરી લઈ, જરા દૂર જઈ, મોજથી ખાધી.",0,19.19,0,not_selected_by_random,,,,
449,"છતાં, ભારતના, સૌથી સોહામણાં, અને, સાહસિક ક્રિકેટરે, પોતાની, લાક્ષણિક, બેપરવાઈથી, ટ્વિટર પર લખ્યું, કશું ગંભીર નથી.",0,19.445,0,not_selected_by_random,,,,
452,"પંદર વર્ષ પહેલાં, એક જીવંત જાતીનાં, સજીવ, ને, ફલુનાં, વાયરસનો, સંપૂર્ણ, જેનોમ, ઉકેલી નાખ્યો હતો.",0,16.226,0,not_selected_by_random,,,,
460,"બે હજાર છ માં, વેસ્ટ ઇન્ડિઝની ધરતી ઉપર, પાંત્રીસ વર્ષ પછી, ભારતનો, ટેસ્ટ શ્રેણીનો, વિજય અપાવવામાં, દ્રવિડની, મુખ્ય ભૂમિકા હતી.",0,18.541,0,not_selected_by_random,,,,
462,"પ્રદ્યુમ્ન ખાચર, નોંધે છે કે, મહાબતખાનજી, ત્રીજાએ, કડક હાથે કામ લઈ, હિંદુ, મુસ્લિમ એકતા, જાળવી રાખવાનું, વલણ રાખ્યું હતું.",0,18.213,0,not_selected_by_random,,,,
464,"બ્રેકનેલના ઘરમાં, ઈંગ્લૅન્ડની, વિદેશી ઠંડીનાં, ચોસલાં, અને, ઘરમાં, પાથરેલી, જૂની કાર્પેટમાંથી, ગંધ, ઊઠતી હતી.",0,17.252,0,not_selected_by_random,,,,
466,"તાપી નદી કિનારે, ગુજરાતની, અસ્મિતાની, આહલાદની, અનુભૂતિ કરાવતો, આર્ય શૂરવીરતાનો, ઈતિહાસ, અદ્ભુત, અને, ગૌરવવંતો છે.",0,19.128,0,not_selected_by_random,,,,
469,"ભેંસો, દૂધ દેતી વખતે, જેમ, આંખ મીંચીને, નિસ્તબ્ધ, ઊભી રહે છે, તેમ, આકાશ તડકાની, સેરો, છોડતું જ રહે છે.",0,17.061,0,not_selected_by_random,,,,
470,"બીલ ક્લિન્ટનનાં, એક જ સ્ટેટમેન્ટથી, બાયોટેક કંપનીનાં શેર, માર્કેટમાં, ફક્ત બે દિવસમાં, પચાસ અબજ ડોલરનું, ગાબડુ પડયું હતું.",0,19.179,0,not_selected_by_random,,,,
472,"આપણો સૂર્ય, પાંચ અબજ વર્ષ પછી, વ્હાઈટડવાઈ, નામના, પૃથ્વી જેવડા, પિંડમાં, રૂપાંતર, પામશે.",0,14.983,0,not_selected_by_random,,,,
473,"દક્ષિણ આફ્રિકાના, નહોરવાળા, દેડકા નું, વૈજ્ઞાનિક નામ, ઝેનોપસ, લેવિસ, છે.",0,11.912,1,,gujarati_female_000473.wav,d a k a sx a i nx a <wb> aa ph a r a i k a aa n a aa <wb> n a h a o r a w a aa lx a aa <wb> d a ee dx a k a aa <wb> n a u q <wb> w a ei j a nj a aa n a i k a <wb> n a aa m a <wb> jh a ee n a o p a s a <wb> l a ee w a i s a <wb> ch a ee,C7 C0 C19 C0 C31 C0 C16 C25 C0 <wb> C1 C12 C0 C29 C0 C16 C19 C0 C1 C24 C0 C1 <wb> C24 C0 C15 C0 C26 C29 C0 C37 C0 C1 C21 C0 C1 <wb> C7 C0 C11 C9 C0 C19 C0 C1 <wb> C24 C0 C36 C23 <wb> C37 C0 C2 C17 C0 C24 C0 C1 C24 C0 C16 C19 C0 <wb> C24 C0 C1 C22 C0 <wb> C18 C0 C11 C24 C0 C26 C28 C0 C30 C0 <wb> C21 C0 C11 C37 C0 C16 C30 C0 <wb> C6 C0 C11,train
475,"જૂન, સપ્ટેમ્બરમાં, મિલોને, પિસ્તાલીસ લાખ ટનનો, મર્યાદિત જથ્થો, મુક્ત બજારમાં, વેચવાની, મંજૂરી, મળશે.",0,15.79,1,,gujarati_female_000475.wav,j a uu n a <wb> s a p a tx a ee m a b a r a m a aa q <wb> m a i l a o n a ee <wb> p a i s a t a aa l a ii s a <wb> l a aa kh a <wb> tx a n a n a o <wb> m a r a y a aa d a i t a <wb> j a th a th a o <wb> m a u k a t a <wb> b a j a aa r a m a aa q <wb> w a ee c a w a aa n a ii <wb> m a q j a uu r a ii <wb> m a lx a sh a ee,C17 C0 C36 C24 C0 <wb> C30 C0 C28 C0 C34 C0 C11 C22 C0 C3 C0 C29 C0 C22 C0 C1 C23 <wb> C22 C0 C16 C21 C0 C26 C24 C0 C11 <wb> C28 C0 C16 C30 C0 C32 C0 C1 C21 C0 C16 C30 C0 <wb> C21 C0 C1 C20 C0 <wb> C34 C0 C24 C0 C24 C0 C26 <wb> C22 C0 C29 C0 C38 C0 C1 C7 C0 C16 C32 C0 <wb> C17 C0 C33 C0 C33 C0 C26 <wb> C22 C0 C36 C19 C0 C32 C0 <wb> C3 C0 C17 C0 C1 C29 C0 C22 C0 C1 C23 <wb> C37 C0 C11 C5 C0 C37 C0 C1 C24 C0 C16 <wb> C22 C0 C23 C17 C0 C36 C29 C0 C16 <wb> C22 C0 C21 C0 C31 C0 C11,train
476,"સંપુર્ણ મેલ્ટડાઉન થતા, અણુભઠ્ઠીની, સ્ટીલની દિવાલો, તથા, અન્ય, રક્ષણાત્મક, આડશો, પણ તૂટવા, માંડે છે.",0,17.226,0,not_selected_by_random,,,,
479,"યાભ્યાં, વિનાન, પશ્યંતિ, સિઘ્ધાં, સ્વાન્તસ્થ, મીશ્વરમ્.",0,11.424,1,,gujarati_female_000479.wav,y a aa bh a y a aa q <wb> w a i n a aa n a <wb> p a sh a y a q t a i <wb> s a i gh a dh a aa q <wb> s a w a aa n a t a s a th a <wb> m a ii sh a w a r a m a,C38 C0 C1 C4 C0 C38 C0 C1 C23 <wb> C37 C0 C16 C24 C0 C1 C24 C0 <wb> C28 C0 C31 C0 C38 C0 C23 C32 C0 C16 <wb> C30 C0 C16 C14 C0 C8 C0 C1 C23 <wb> C30 C0 C37 C0 C1 C24 C0 C32 C0 C30 C0 C33 C0 <wb> C22 C0 C16 C31 C0 C37 C0 C29 C0 C22 C0,train
480,"જેસલ કારિયા, હર્ષલ પટેલ, ચિરાગ ગાંધી, હર્નેશ ત્રિવેદી, ભાર્ગવ મેરાઇ, અને, અભિષેક પટેલ.",0,16.277,1,,gujarati_female_000480.wav,j ee s a l a <wb> k aa r i y aa <wb> h a r sx a l a <wb> p a tx a ee l a <wb> c i r aa g a <wb> g a aa q dh a ii <wb> h a r n ee sh a <wb> t r i w ee d ii <wb> bh aa r g a w a <wb> m ee r aa i <wb> a n a ee <wb> a bh a i sx a ee k a <wb> p a tx a ee l a,C17 C11 C30 C0 C21 C0 <wb> C19 C1 C29 C16 C38 C1 <wb> C15 C0 C29 C31 C0 C21 C0 <wb> C28 C0 C34 C0 C11 C21 C0 <wb> C5 C16 C29 C1 C13 C0 <wb> C13 C0 C1 C23 C8 C0 C16 <wb> C15 C0 C29 C24 C11 C31 C0 <wb> C32 C29 C16 C37 C11 C7 C16 <wb> C4 C1 C29 C13 C0 C37 C0 <wb> C22 C11 C29 C1 C16 <wb> C0 C24 C0 C11 <wb> C0 C4 C0 C16 C31 C0 C11 C19 C0 <wb> C28 C0 C34 C0 C11 C21 C0,test
485,"આપણા રાંધણ ગેસની, ભૂરી જ્યોતના, તાપમાન કરતાં, અંદાજે, એક હજાર, અંશ સેલ્સિયસ, વધારે, ગણાય છે.",0,17.016,0,not_selected_by_random,,,,
492,"અદાણી પોર્ટસ, એન્ડ, સ્પેશિયલ ઇકોનોમિક ઝોને, એપીસેઝ, કોલસા અને, આયર્ન ઓરના, પરિવહન માટે, કામ કર્યું.",0,19.473,0,not_selected_by_random,,,,
495,"ન્યૂટ્રોન તારાનું, ઘટત્વ, એટલું હોય છે કે, તેના, ટાંચણીના ટોચ જેટલા, દ્રવ્યનું વજન, એક હજાર ટન, થાય.",0,16.742,1,,gujarati_female_000495.wav,n a y a uu tx a r a o n a <wb> t a aa r a aa n a u q <wb> gh a tx a t a w a <wb> ee tx a l a u q <wb> h a o y a <wb> ch a ee <wb> k a ee <wb> t a ee n a aa <wb> tx a aa q c a nx a ii n a aa <wb> tx a o c a <wb> j a ee tx a l a aa <wb> d a r a w a y a n a u q <wb> w a j a n a <wb> ee k a <wb> h a j a aa r a <wb> tx a n a <wb> th a aa y a,C24 C0 C38 C0 C36 C34 C0 C29 C0 C26 C24 C0 <wb> C32 C0 C1 C29 C0 C1 C24 C0 C36 C23 <wb> C14 C0 C34 C0 C32 C0 C37 C0 <wb> C11 C34 C0 C21 C0 C36 C23 <wb> C15 C0 C26 C38 C0 <wb> C6 C0 C11 <wb> C19 C0 C11 <wb> C32 C0 C11 C24 C0 C1 <wb> C34 C0 C1 C23 C5 C0 C25 C0 C16 C24 C0 C1 <wb> C34 C0 C26 C5 C0 <wb> C17 C0 C11 C34 C0 C21 C0 C1 <wb> C7 C0 C29 C0 C37 C0 C38 C0 C24 C0 C36 C23 <wb> C37 C0 C17 C0 C24 C0 <wb> C11 C19 C0 <wb> C15 C0 C17 C0 C1 C29 C0 <wb> C34 C0 C24 C0 <wb> C33 C0 C1 C38 C0,train
496,"વિલિંગ્ટન ડેમનો, પાયો, હિંદુ રાજજ્યોતિષી, શંભુપ્રસાદ જોશી પાસે, ગણેશપૂજા કરાવીને પછી, નાખ્યો હતો.",0,18.412,0,not_selected_by_random,,,,
500,"રોકફેલરે, ઓઈલ રિફાઈનિંગ, અને, માર્કેટિંગ વ્યવસાય ક્ષેત્રે, અમેરિકામાં, કાઠું, કાઢયું.",0,15.489,0,not_selected_by_random,,,,
503,"ઈશાંત શર્મા, પ્રજ્ઞાન ઓઝા, રવીન્દ્ર જાડેજા, પાર્થિવ પટેલ, પણ, તીવ્ર હરિફાઇ વચ્ચે, સ્થાન, નથી મેળવી, શક્યા.",0,19.717,0,not_selected_by_random,,,,
504,"પસંદગી સમિતિના, ચેરમેન, શ્રીકાંતે, યુસુફ પઠાણ, યુવરાજ અને, રૈનાને, ઓલરાઉન્ડર કેટેગરીમાં, ગણાવ્યા હતા.",0,18.992,0,not_selected_by_random,,,,
508,"શૈંલ્લ, આ ક્ષેત્ર માટે, નેશનલ સેન્ટર ફોર, એડવાન્સીંગ, ટ્રાન્સપ્લેશન સાયન્સ, શરુ કરી, રહી છે.",0,15.363,0,not_selected_by_random,,,,
512,"આઘ્યાત્મિક, જ્ઞાનભાથુ, બાંધવા માટે, ધર્મને, પ્રાધાન્યતા આપીને, પોઝિટીવ અભિગમ, અપનાવવો જોઈએ.",0,18.274,0,not_selected_by_random,,,,
515,"નેશનલ ઈન્સ્ટિટયૂટ ઓફ, હેલ્થનાં, જેમ્સ વિંગાર્ડને, આંતરરાષ્ટ્રીય, સહયોગ મેળવવાનું, શરૂ કર્યું.",0,14.118,1,,gujarati_female_000515.wav,n a ee sh a n a l a <wb> ii n a s a tx a i tx a y a uu tx a <wb> o ph a <wb> h a ee l a th a n a aa q <wb> j a ee m a s a <wb> w a i q g a aa r a dx a n a ee <wb> aa q t a r a r a aa sx a tx a r a ii y a <wb> s a h a y a o g a <wb> m a ee lx a w a w a aa n a u q <wb> sh a r a uu <wb> k a r a y a u q,C24 C0 C11 C31 C0 C24 C0 C21 C0 <wb> C16 C24 C0 C30 C0 C34 C0 C16 C34 C0 C38 C0 C36 C34 C0 <wb> C26 C12 C0 <wb> C15 C0 C11 C21 C0 C33 C0 C24 C0 C1 C23 <wb> C17 C0 C11 C22 C0 C30 C0 <wb> C37 C0 C16 C23 C13 C0 C1 C29 C0 C9 C0 C24 C0 C11 <wb> C1 C23 C32 C0 C29 C0 C29 C0 C1 C31 C0 C34 C0 C29 C0 C16 C38 C0 <wb> C30 C0 C15 C0 C38 C0 C26 C13 C0 <wb> C22 C0 C11 C21 C0 C37 C0 C37 C0 C1 C24 C0 C36 C23 <wb> C31 C0 C29 C0 C36 <wb> C19 C0 C29 C0 C38 C0 C36 C23,train
516,"પાતળા બાંધાનું, લાંબી પૂંછડીવાળું, ઘેરા, રાખોડી રંગનું, સ્ફૂર્તિલું પંખી, એટલે, ફડક ફુત્કી.",0,18.571,0,not_selected_by_random,,,,
519,"કૌટુંબિક મેળાવડા, અને, મિત્રો સાથેની, ગપ્પાંગોષ્ઠિનું, પણ, લાઇવ વિડીયો, સ્ટ્રીમિંગ, થઇ શકે છે.",0,15.935,0,not_selected_by_random,,,,
525,"પ્રવાહી, અને, જેલ કાર્બોહાઈડ્રેટ, પહેલી પંદર મિનિટમાં, વ્યાયામમાં, ગ્લુકોઝ માત્રામાં, ઝડપથી, થોડી વધારે, થાય છે.",0,18.888,0,not_selected_by_random,,,,
528,"મહાદેવ પ્રસન્ન થઇ, કાળુ વસ્ત્ર, કાળી પાઘડી, યજ્ઞોપવિતનું બંધન, પ્રકૃતિનું તમોગુણનું, તેજ ધારણ કર્યું.",0,19.136,0,not_selected_by_random,,,,
532,"સારી, અને, શ્રેષ્ઠ; ગૂડ અને, એકસ્ટ્રા ઓર્ડીનરી, વચ્ચેની પાતળી ભેદરેખા, સમજાવવા, માંગુ છું.",0,15.348,1,,gujarati_female_000532.wav,s a aa r a ii <wb> a n a ee <wb> sh a r a ee sx a txh a <wb> g a uu dx a <wb> a n a ee <wb> ee k a s a tx a r a aa <wb> o r a dx a ii n a r a ii <wb> w a c a c a ee n a ii <wb> p a aa t a lx a ii <wb> bh a ee d a r a ee kh a aa <wb> s a m a j a aa w a w a aa <wb> m a aa q g a u <wb> ch a u q,C30 C0 C1 C29 C0 C16 <wb> C0 C24 C0 C11 <wb> C31 C0 C29 C0 C11 C31 C0 C35 C0 <wb> C13 C0 C36 C9 C0 <wb> C0 C24 C0 C11 <wb> C11 C19 C0 C30 C0 C34 C0 C29 C0 C1 <wb> C26 C29 C0 C9 C0 C16 C24 C0 C29 C0 C16 <wb> C37 C0 C5 C0 C5 C0 C11 C24 C0 C16 <wb> C28 C0 C1 C32 C0 C21 C0 C16 <wb> C4 C0 C11 C7 C0 C29 C0 C11 C20 C0 C1 <wb> C30 C0 C22 C0 C17 C0 C1 C37 C0 C37 C0 C1 <wb> C22 C0 C1 C23 C13 C0 C36 <wb> C6 C0 C36 C23,train
539,"યોકોવિચ, બીજી વખત, ઓસ્ટ્રેલિયન ઓપન ચેમ્પિયન, મરે, કારકિર્દીની, ત્રીજી, ગ્રાન્ડ સ્લેમમાં, પણ, ટાઇટલથી વંચિત.",0,18.271,0,not_selected_by_random,,,,
540,"સબમરીનના, મધ્યથી, સહેજ આગળના ભાગે, ઓફિસરો, અને, સેઈલરનું, અત્યંત સાંકડુ રહેઠાણ હોય છે.",0,17.461,0,not_selected_by_random,,,,
541,"પરંતુ, આ એવો સમયનો, ગાળો હતો, જ્યારે, છીછરા, હૂંફાળા, ઉષ્ણકટિબંધના, પાણીમાં, યુરોપ, દ્વિપસમૂહ હતો.",0,19.796,0,not_selected_by_random,,,,
543,"યુવા સ્પિનર, હેસ્ટિંગ્સે, કોહલીને, એકવીસ રને, ડેવિડ હસીના, હાથે, કેચ આઉટ, કરાવ્યો હતો.",0,17.61,0,not_selected_by_random,,,,
544,"તેઓ, મેટ્રો રેલના, બેઝ સ્ટેશનો, સ્થાપવા માટે, અમદાવાદ, અને, ગાંધીનગર જિલ્લા, કલેક્ટરો પાસે, જમીનની, માગણી કરી છે.",0,17.833,1,,gujarati_female_000544.wav,t a ee o <wb> m a ee tx a r a o <wb> r a ee l a n a aa <wb> b a ee jh a <wb> s a tx a ee sh a n a o <wb> s a th a aa p a w a aa <wb> m a aa tx a ee <wb> a m a d a aa w a aa d a <wb> a n a ee <wb> g a aa q dh a ii n a g a r a <wb> j a i l a l a aa <wb> k a l a ee k a tx a r a o <wb> p a aa s a ee <wb> j a m a ii n a n a ii <wb> m a aa g a nx a ii <wb> k a r a ii <wb> ch a ee,C32 C0 C11 C26 <wb> C22 C0 C11 C34 C0 C29 C0 C26 <wb> C29 C0 C11 C21 C0 C24 C0 C1 <wb> C3 C0 C11 C18 C0 <wb> C30 C0 C34 C0 C11 C31 C0 C24 C0 C26 <wb> C30 C0 C33 C0 C1 C28 C0 C37 C0 C1 <wb> C22 C0 C1 C34 C0 C11 <wb> C0 C22 C0 C7 C0 C1 C37 C0 C1 C7 C0 <wb> C0 C24 C0 C11 <wb> C13 C0 C1 C23 C8 C0 C16 C24 C0 C13 C0 C29 C0 <wb> C17 C0 C16 C21 C0 C21 C0 C1 <wb> C19 C0 C21 C0 C11 C19 C0 C34 C0 C29 C0 C26 <wb> C28 C0 C1 C30 C0 C11 <wb> C17 C0 C22 C0 C16 C24 C0 C24 C0 C16 <wb> C22 C0 C1 C13 C0 C25 C0 C16 <wb> C19 C0 C29 C0 C16 <wb> C6 C0 C11,train
545,"ગોલમાલ ની, સિરીઝ સફળ ગયા બાદ, ફિલ્મ, બોલ બચ્ચન ને, માર્કેટમાં, લાવનાર, નિર્દેશક, રોહિત શેટ્ટીએ, જણાવી દીધુ.",0,19.024,0,not_selected_by_random,,,,
546,"નોકરિયાતોનાં, ઊજળાં, ને નવાં કપડાં, ઘેર રહેનારાં, કુતૂહલથી, જોઈ રહે, કોક, ભાવ પૂછે.",0,16.523,0,not_selected_by_random,,,,
548,"કોલકાતાની ટીમ, ચેમ્પિયન બની, એ સાથે જ, શાહરુખ ખાન, ઉપર, ટ્વિટરમાં, બોલિવૂડની, અભિનંદનવર્ષા, શરુ થઇ ગઇ હતી.",0,19.97,0,not_selected_by_random,,,,
550,"તેમાં, તીક્ષ્ણ દાંતવાળા, જડબાં, ત્રણ આંગળીવાળા પંજા, અને, લાબુ અસ્થિવાળું, પૂછડું, સામેલ છે.",0,16.765,0,not_selected_by_random,,,,
559,"તેની પાછળ, આધુનિક કૃષિવિજ્ઞાન, શીત પ્રૌદ્યોગિકી, રેફ્રીજરેશન, અને વૈશ્વિકરણ, મુખ્ય પરિબળ છે.",0,17.369,1,,gujarati_female_000559.wav,t a ee n a ii <wb> p a aa ch a lx a <wb> aa dh a u n a i k a <wb> k rq sx i w i j nj aa n a <wb> sh a ii t a <wb> p r ou d y o g i k ii <wb> r ee ph r ii j a r ee sh a n a <wb> a n a ee <wb> w ei sh w i k a r a nx a <wb> m a u kh a y a <wb> p a r a i b a lx a <wb> ch a ee,C32 C0 C11 C24 C0 C16 <wb> C28 C0 C1 C6 C0 C21 C0 <wb> C1 C8 C0 C36 C24 C0 C16 C19 C0 <wb> C19 C29 C31 C16 C37 C16 C17 C24 C1 C24 C0 <wb> C31 C0 C16 C32 C0 <wb> C28 C29 C27 C7 C38 C26 C13 C16 C19 C16 <wb> C29 C11 C12 C29 C16 C17 C0 C29 C11 C31 C0 C24 C0 <wb> C0 C24 C0 C11 <wb> C37 C2 C31 C37 C16 C19 C0 C29 C0 C25 C0 <wb> C22 C0 C36 C20 C0 C38 C0 <wb> C28 C0 C29 C0 C16 C3 C0 C21 C0 <wb> C6 C0 C11,train
561,"મુલ્લાંને, ભોંય ભેગા થયેલા, જોઈ, એ બોલી, હેં, ભેંશે શિંગડું માર્યું? તમને વાગ્યું?.",0,15.772,0,not_selected_by_random,,,,
562,"પરીયેટન સ્થાનથી, થોડાક માઇલના અંતરે, દેલવાડાનાં, દહેરા નામે, જગ મશહુર, તિર્થધામ, આવેલું છે.",0,18.135,0,not_selected_by_random,,,,
563,"પ્રજ્ઞાચક્ષઉ, જતીન શાહ, સહિત, આઠ વ્યક્તિઓએ, સખત પરિશ્રમ દ્વારા, ટોકિંગ પ્રો, મોડેલ, બનાવ્યું છે.",0,18.304,0,not_selected_by_random,,,,
567,"પોકેમોન, અને બેનટેન જેવી, જાપનીઝ કાર્ટૂન ફિલ્મો પર, ત્યાંની સરકારોએ પણ, ચીનની જેમ, પ્રતિબંધ લાગૂ પાડ્યો છે.",0,16.951,1,,gujarati_female_000567.wav,p a o k a ee m a o n a <wb> a n a ee <wb> b a ee n a tx a ee n a <wb> j a ee w a ii <wb> j a aa p a n a ii jh a <wb> k a aa r a tx a uu n a <wb> ph a i l a m a o <wb> p a r a <wb> t a y a aa q n a ii <wb> s a r a k a aa r a o ee <wb> p a nx a <wb> c a ii n a n a ii <wb> j a ee m a <wb> p a r a t a i b a q dh a <wb> l a aa g a uu <wb> p a aa dx a y a o <wb> ch a ee,C28 C0 C26 C19 C0 C11 C22 C0 C26 C24 C0 <wb> C0 C24 C0 C11 <wb> C3 C0 C11 C24 C0 C34 C0 C11 C24 C0 <wb> C17 C0 C11 C37 C0 C16 <wb> C17 C0 C1 C28 C0 C24 C0 C16 C18 C0 <wb> C19 C0 C1 C29 C0 C34 C0 C36 C24 C0 <wb> C12 C0 C16 C21 C0 C22 C0 C26 <wb> C28 C0 C29 C0 <wb> C32 C0 C38 C0 C1 C23 C24 C0 C16 <wb> C30 C0 C29 C0 C19 C0 C1 C29 C0 C26 C11 <wb> C28 C0 C25 C0 <wb> C5 C0 C16 C24 C0 C24 C0 C16 <wb> C17 C0 C11 C22 C0 <wb> C28 C0 C29 C0 C32 C0 C16 C3 C0 C23 C8 C0 <wb> C21 C0 C1 C13 C0 C36 <wb> C28 C0 C1 C9 C0 C38 C0 C26 <wb> C6 C0 C11,train
569,"એમ તો, અભિષેક બચ્ચન, અને, કંગના રણાવતના, ફિલ્મ, ગેમની કિંમત, ચાલીસ કરોડ રુપિયા, અંકાઈ છે.",0,17.08,0,not_selected_by_random,,,,
574,"સાઠની સ્પીડે, હુમલો કરી શકે એવી, આ, આણ્વીક સબમરીન, એંશી મેગાવોટનું, એંજીન, ધરાવે છે.",0,16.223,0,not_selected_by_random,,,,
579,"જેમ, વિશ્વમાનવતામાં, રોપાયેલી, સ્વતંત્રતા માટેનો, પ્રાગતિક ઉન્મેષ, આપણું ધ્યાન, ખેંચે છે.",0,15.963,0,not_selected_by_random,,,,
580,"ઈંગ્લેન્ડના, બેટ્સમેન, પીટરસને, વર્લ્ડ કપના, કાર્યક્રમને, બિન જરૃરી, લાંબો, અને, કંટાળાજનક, ગણાવ્યો છે.",0,17.672,0,not_selected_by_random,,,,
600,"અમેરિકાના, સેન ફ્રાન્સિસ્કોમાં, આવેલા, અલ્ટ્રાટેઝ, આઈલેન્ડ્સના, દરિયામાં, યોજાયેલી, સ્વિમ અરાઉન્ડ ધ રોક, ખૂબ સરસ હતું.",0,19.74,0,not_selected_by_random,,,,
601,"સતરસોબાવન માં, બેન્જામિન ફ્રેન્કલિન નામના, મહાન શોધકે, પતંગ વડે, ધરતી પર, વીજળી ઉત્પન કરવાનો, પ્રયોગ કર્યો હતો.",0,18.861,0,not_selected_by_random,,,,
602,"એ બધા, સાહ્યબીઓ, પોતાનામાં રહેલી, લોલુપતાઓ, કે, સ્વાર્થસભર, ઈચ્છાઓ, તૃપ્ત કરે છે.",0,15.0,0,not_selected_by_random,,,,
603,"ત્યાં આવેલી, સ્કૂપ ફોર, એડવાન્સ અન્ડરવોટર વોરફેર માં, સૌ નાવિકો, તાલિમ લઈ રહ્યા છે.",0,13.376,0,not_selected_by_random,,,,
604,"જ્યારે, ભારતની કેટલીક ગણતરીની, સર્વશ્રેષ્ઠ વસ્તુઓને, નુકસાન, પહોંચાડવામાં, આવે છે, ત્યારે, તકલીફ, તો થાયજ છે.",0,18.392,0,not_selected_by_random,,,,
607,"લેખ વાંચતા, અજ્ઞેયની, એમને, પ્રિય પંક્તિયો પૈકીની, એકને, સ્મૃતિએ ચિત્ત, ઝંકૃત ઝંકૃત હતું.",0,17.594,0,not_selected_by_random,,,,
608,"વ્યક્તિગત સ્વાર્થ માટે, ક્ષુલ્લક લાભ માટે, થોડીક ધનપ્રાપ્તિ માટે, આપણે, સામાજિક હિતને, નેવે, મૂકીએ છીયે.",0,17.507,0,not_selected_by_random,,,,
610,"ટુજી, સ્પેકટ્રમ કૌભાંડ, કે, આદર્શ સોસાયટી, ગોટાળા જેવા, કેસમાં, કેગ શબ્દ, નિયમિત રીતે, વાંચ્યો હશે.",0,16.311,0,not_selected_by_random,,,,
611,"સિડનીના ઓપેરા હાઉસ, ન્યુ યોર્કના ટાઈમ્સ સ્ક્વેર, લંડનમા, બિગ બેન ટાવર, અને, ભારત માં, તાજમહલ, જોવા જેવા સ્થળો છે.",0,18.524,0,not_selected_by_random,,,,
612,"હમણાં, મારો વાઘ, મ્યાઉં કરતોક, ઊભો થશે, ને, હમણાં હું, એને, હરખભેર, તેડી લઈશ.",0,15.532,0,not_selected_by_random,,,,
614,"ઉચ્ચ બ્યૂરોક્રેટિક વ્યવસ્થાવાળા, પોર્ટ મેનેજમેન્ટમાં, આવી સ્થિતિમાં, કોઈ સામાન્ય નાગરિકનો, જીવ, બચાવવાની, કાર્યવાહી, નથી થતી.",0,19.872,0,not_selected_by_random,,,,
617,"મનોહર પુષ્પ, પંખી, જ્યોત્સનાસ્નિગ્ધા, સમુદ્રસૈક્ત, વિધાતાએજ, સર્જ્યાં છે.",0,13.966,0,not_selected_by_random,,,,
618,"શેરબજારમાં, ઓનલાઇન ટ્રેડિંગ કરનારાઓના, પાસવર્ડ, પણ, દરેક ટ્રેડિંગ વખતે, બદલવાની, સિસ્ટમ, ઘણી બેંકોએ, ઉભી કરી છે.",0,18.978,0,not_selected_by_random,,,,
619,"તેમાં પણ, ખાસ કરીને, અગયાર મી માર્ચ, બેહજાર અગયાર ના રોજ, જાપાનમાં, રીકટર સ્કેલ પર, નવ ની માત્રાનો, ભયાનક ભૂકંપ આવ્યા.",0,18.66,0,not_selected_by_random,,,,
622,"રિસર્ચર્ઝે, આઇસબર્ગ, તૂટવા પાછળ, ગ્લોબલ વોર્મિંગને, જવાબદાર હોવાની, શંકા, વ્યક્ત કરી છે.",0,16.555,0,not_selected_by_random,,,,
623,"અખબારો, સામાયકોના, વાચકોએ, કોમન વેલ્થ ગેમ, સી ડબલ્યુ જી, કૌભાંડ ની, ખૂબ નિંદા કરી.",0,17.03,0,not_selected_by_random,,,,
624,"બ્રેટ લીએ, ત્યાર બાદ, ડેન્જરસ બેટ્સમેન, હરભજન, અને, ચાવલા ને, ક્લિન બોલ્ડ, કર્યા હતા.",0,15.198,0,not_selected_by_random,,,,
625,"આ પ્રયોગમાં, સાત લાખ કરોડ, ઈલેક્ટ્રોન વોલ્ટ ધરાવતા, પ્રોટોનના, કરોડો કણ, અથડાવવામાં, આવ્યા છે.",0,16.627,0,not_selected_by_random,,,,
627,"‘ટ્રેજેડી ઑફ જિન્નાહ’ લેખક:, કૈલાસ ચન્દ્ર, વર્મા પબ્લિશિંગ કંપની.",0,9.311,1,,gujarati_female_000627.wav,tx r ee j ee dx ii <wb> ax ph a <wb> j i n n aa h a <wb> l a ee kh a k a <wb> k a ei l a aa s a <wb> c a n a d a r a <wb> w a r a m a aa <wb> p a b a l a i sh a i q g a <wb> k a q p a n a ii,C34 C29 C11 C17 C11 C9 C16 <wb> C0 C12 C0 <wb> C17 C16 C24 C24 C1 C15 C0 <wb> C21 C0 C11 C20 C0 C19 C0 <wb> C19 C0 C2 C21 C0 C1 C30 C0 <wb> C5 C0 C24 C0 C7 C0 C29 C0 <wb> C37 C0 C29 C0 C22 C0 C1 <wb> C28 C0 C3 C0 C21 C0 C16 C31 C0 C16 C23 C13 C0 <wb> C19 C0 C23 C28 C0 C24 C0 C16,train
628,"ત્યાં, કમ્પ્યૂટર હશે, ઓનલાઈન માહિતી, કે, જ્ઞાન પ્રાપ્ત કરતા, કોઈક યુવક યુવતી, ત્યાં મળી જશે.",0,15.846,0,not_selected_by_random,,,,
629,"જિંદગી અને, મૃત્યુનું ચક્ર, નામના પુસ્તકના લેખક, ફિલિપ કેપલેવે, એક દષ્ટાંત આપ્યું છે.",0,14.373,1,,gujarati_female_000629.wav,j a i q d a g a ii <wb> a n a ee <wb> m a t a y a u n a u q <wb> c a k a r a <wb> n a aa m a n a aa <wb> p a u s a t a k a n a aa <wb> l a ee kh a k a <wb> ph a i l a i p a <wb> k a ee p a l a ee w a ee <wb> ee k a <wb> d a sx a tx a aa q t a <wb> aa p a y a u q <wb> ch a ee,C17 C0 C16 C23 C7 C0 C13 C0 C16 <wb> C0 C24 C0 C11 <wb> C22 C0 C32 C0 C38 C0 C36 C24 C0 C36 C23 <wb> C5 C0 C19 C0 C29 C0 <wb> C24 C0 C1 C22 C0 C24 C0 C1 <wb> C28 C0 C36 C30 C0 C32 C0 C19 C0 C24 C0 C1 <wb> C21 C0 C11 C20 C0 C19 C0 <wb> C12 C0 C16 C21 C0 C16 C28 C0 <wb> C19 C0 C11 C28 C0 C21 C0 C11 C37 C0 C11 <wb> C11 C19 C0 <wb> C7 C0 C31 C0 C34 C0 C1 C23 C32 C0 <wb> C1 C28 C0 C38 C0 C36 C23 <wb> C6 C0 C11,train
631,"તેઓ, રાહુલ દ્રવિડ, સચિન તેંડુલકર, કે, વીરેન્દ્ર સેહવાગ, જેવો સ્ફોટક સ્ટ્રોકમેકર, નથી.",0,14.655,0,not_selected_by_random,,,,
632,"ચોંકાવનારું, તારણ:, વીસ થી ઓગણપચાસ વર્ષના, પુરૂષો, રહી જશે અપરિણીત, કન્યા ભ્રૂણ હત્યા, કારણભૂત.",0,16.138,1,,gujarati_female_000632.wav,c a o q k a aa w a n a aa r a u q <wb> t a aa r a nx a <wb> w a ii s a <wb> th a ii <wb> o g a nx a p a c a aa s a <wb> w a r a sx a n a aa <wb> p a u r a uu sx a o <wb> r a h a ii <wb> j a sh a ee <wb> a p a r a i nx a ii t a <wb> k a n a y a aa <wb> bh a r a uu nx a <wb> h a t a y a aa <wb> k a aa r a nx a bh a uu t a,C5 C0 C26 C23 C19 C0 C1 C37 C0 C24 C0 C1 C29 C0 C36 C23 <wb> C32 C0 C1 C29 C0 C25 C0 <wb> C37 C0 C16 C30 C0 <wb> C33 C0 C16 <wb> C26 C13 C0 C25 C0 C28 C0 C5 C0 C1 C30 C0 <wb> C37 C0 C29 C0 C31 C0 C24 C0 C1 <wb> C28 C0 C36 C29 C0 C36 C31 C0 C26 <wb> C29 C0 C15 C0 C16 <wb> C17 C0 C31 C0 C11 <wb> C0 C28 C0 C29 C0 C16 C25 C0 C16 C32 C0 <wb> C19 C0 C24 C0 C38 C0 C1 <wb> C4 C0 C29 C0 C36 C25 C0 <wb> C15 C0 C32 C0 C38 C0 C1 <wb> C19 C0 C1 C29 C0 C25 C0 C4 C0 C36 C32 C0,train
635,"ગોપાલે, ફટાફટ ખિસકોલી પકડવાની, યોજના બનાવી, લીમડાના થડ પાસે, જમીન પર, થોડાં, રોટલીનાં ટુકડા, વેરવાનાં.",0,19.405,0,not_selected_by_random,,,,
641,"બે હઝાર ચાર માં, આર્કીઓ ઓપટેરીક્સના, મસ્તિષ્ક ધાનીનો વિગતવાર, સીટી સ્કેન, મેળવ્યો, અને, તેનું, પૃથ્થકરણ કર્યું.",0,17.651,0,not_selected_by_random,,,,
642,"ત્રીજા તબક્કામાં, બસ્સો પચાસ કિલોમીટરે, અગ્યારસો ત્રીસ સેકન્ડ સુધી, મોટર દાગતાં, સેકન્ડના, દસ માં ભાગ થી, એ, જીતી ગયો.",0,18.204,1,,gujarati_female_000642.wav,t a r a ii j a aa <wb> t a b a k a k a aa m a aa q <wb> b a s a s a o <wb> p a c a aa s a <wb> k a i l a o m a ii tx a r a ee <wb> a g a y a aa r a s a o <wb> t a r a ii s a <wb> s a ee k a n a dx a <wb> s a u dh a ii <wb> m a o tx a r a <wb> d a aa g a t a aa q <wb> s a ee k a n a dx a n a aa <wb> d a s a <wb> m a aa q <wb> bh a aa g a <wb> th a ii <wb> ee <wb> j a ii t a ii <wb> g a y a o,C32 C0 C29 C0 C16 C17 C0 C1 <wb> C32 C0 C3 C0 C19 C0 C19 C0 C1 C22 C0 C1 C23 <wb> C3 C0 C30 C0 C30 C0 C26 <wb> C28 C0 C5 C0 C1 C30 C0 <wb> C19 C0 C16 C21 C0 C26 C22 C0 C16 C34 C0 C29 C0 C11 <wb> C0 C13 C0 C38 C0 C1 C29 C0 C30 C0 C26 <wb> C32 C0 C29 C0 C16 C30 C0 <wb> C30 C0 C11 C19 C0 C24 C0 C9 C0 <wb> C30 C0 C36 C8 C0 C16 <wb> C22 C0 C26 C34 C0 C29 C0 <wb> C7 C0 C1 C13 C0 C32 C0 C1 C23 <wb> C30 C0 C11 C19 C0 C24 C0 C9 C0 C24 C0 C1 <wb> C7 C0 C30 C0 <wb> C22 C0 C1 C23 <wb> C4 C0 C1 C13 C0 <wb> C33 C0 C16 <wb> C11 <wb> C17 C0 C16 C32 C0 C16 <wb> C13 C0 C38 C0 C26,train
643,"તેમણે, બિલ ગેટ્સ, ગૂગલના, એરિક સ્મિડ, અને, અન્ય કેટલાક અબજોપતિઓને, પોતાના પલ્લાંમાં, લાવી દીધા છે.",0,18.209,0,not_selected_by_random,,,,
646,"દરેક ટ્રાન્ઝેક્શન વખતે, પીન, બદલવા પાછળનો, મુળ હેતુ, ગેરરીતિ અટકાવવાનો છે.",0,11.796,1,,gujarati_female_000646.wav,d a r a ee k a <wb> tx a r a aa n a jh a ee k a sh a n a <wb> w a kh a t a ee <wb> p ii n a <wb> b a d a l a w aa <wb> p a aa ch a lx a n a o <wb> m u lx a <wb> h a ee t a u <wb> g ee r a r ii t i <wb> a tx a k aa w a w aa n o <wb> ch a ee,C7 C0 C29 C0 C11 C19 C0 <wb> C34 C0 C29 C0 C1 C24 C0 C18 C0 C11 C19 C0 C31 C0 C24 C0 <wb> C37 C0 C20 C0 C32 C0 C11 <wb> C28 C16 C24 C0 <wb> C3 C0 C7 C0 C21 C0 C37 C1 <wb> C28 C0 C1 C6 C0 C21 C0 C24 C0 C26 <wb> C22 C36 C21 C0 <wb> C15 C0 C11 C32 C0 C36 <wb> C13 C11 C29 C0 C29 C16 C32 C16 <wb> C0 C34 C0 C19 C1 C37 C0 C37 C1 C24 C26 <wb> C6 C0 C11,train
647,"મિરપુરમાં, ડે નાઇટ મેચમાં, રાત્રે, ઝાકળને કારણે, બોલરોને, બોલની ગ્રીપ પકડતા, તકલીફ પડતી હોય છે.",0,16.608,0,not_selected_by_random,,,,
649,"વર્લ્ડવાઈડ, વેબ એટલે કે, ડબલ્યુ ડબલ્યુ ડબલ્યુ, જે, ઈન્ટરનેટમાં, યુઆરએલ, ટાઈપ કરતી વખતે, લખાય છે.",0,18.43,0,not_selected_by_random,,,,
651,"પલ્સારના પ્રચંડ ગુરૂત્વથી, તે, દળદાર તારાનું, દ્રવ્ય ખેંચાય જતા, જે બાકી રહે, તે, ગ્રહ છે.",0,16.98,0,not_selected_by_random,,,,
652,"ચંદ્રકેતુપુર, મણીપુર, જીર્ણપ્રાકાર, યવનઘઢ નગર, જીર્ણદુર્ગ, જીર્ણઘઢ, સુવર્ણ ગિરિનગર.",0,18.168,0,not_selected_by_random,,,,
655,"હાલમાં, નોર્થ રાજસ્થાન, પશ્ચિમ બંગાળના, ઉપસાગર તરફ, વાદળોની, ભારે, હલચલ, છે.",0,14.916,0,not_selected_by_random,,,,
656,"છાનાંછપનાં, મળનારાં, કાઠી છાતી, રાખીને, રાતે, પાદરમાં, ખૂણેખાંચરે મળે, ભૂતપ્રેત, એમને, કાંઈ ન કરે.",0,18.808,0,not_selected_by_random,,,,
657,"વસંત ૠતુ, બેસી ગઈ છે, ત્યારે, નિકોલ ગામના, લોકો, પૌરાણીક રિતરિવાજ મુજબ, હોળીને, વઘાવવાની, તૈયારી કરી, રહ્યા છે.",0,18.839,0,not_selected_by_random,,,,
659,"ભારતનું, જી એસ એલ વી, એફ, ઝિરો છ, નિષ્ફળ જતાં, પૃથ્વીની કક્ષામાં, પાછો આવશે.",0,15.15,0,not_selected_by_random,,,,
663,"ગિરના જંગલમાં, આવેલી, બોડમાં અકળામણ અનુભવતા, ટીલિયા સિંહને, એનો ભેરુબંધ, મોહન યાદ આવ્યો.",0,15.862,0,not_selected_by_random,,,,
666,"પરોપકારી, નિઃસ્પૃહ, સ્થિસ્થપ્રગનય, દાદી, કસુપણ મોટો વાંક હોઈ, વડતા નહીં",0,15.147,0,not_selected_by_random,,,,
668,"કલા પાછળ, ગાંડા થયેલા, આપણે, કુદરતની, મૂંગી બેફિકરીમાંથી, કંઈક પાઠ, શીખવો જોઈએ.",0,14.852,0,not_selected_by_random,,,,
669,"ભારતમાં, બે હઝાર બાવીસ સુધીમાં, વીસ હઝાર મેગાવોટ, સૌર વિદ્યુત, ઊર્જા, ઉત્પન્ન કરી શકે છે.",0,13.421,1,,gujarati_female_000669.wav,bh a aa r a t a m a aa q <wb> b a ee <wb> h a jh a aa r a <wb> b a aa w a ii s a <wb> s a u dh a ii m a aa q <wb> w a ii s a <wb> h a jh a aa r a <wb> m ee g aa w o tx a <wb> s ou r a <wb> w a i d a y a u t a <wb> uu r a j a aa <wb> u t a p a n a n a <wb> k a r a ii <wb> sh a k a ee <wb> ch a ee,C4 C0 C1 C29 C0 C32 C0 C22 C0 C1 C23 <wb> C3 C0 C11 <wb> C15 C0 C18 C0 C1 C29 C0 <wb> C3 C0 C1 C37 C0 C16 C30 C0 <wb> C30 C0 C36 C8 C0 C16 C22 C0 C1 C23 <wb> C37 C0 C16 C30 C0 <wb> C15 C0 C18 C0 C1 C29 C0 <wb> C22 C11 C13 C1 C37 C26 C34 C0 <wb> C30 C27 C29 C0 <wb> C37 C0 C16 C7 C0 C38 C0 C36 C32 C0 <wb> C36 C29 C0 C17 C0 C1 <wb> C36 C32 C0 C28 C0 C24 C0 C24 C0 <wb> C19 C0 C29 C0 C16 <wb> C31 C0 C19 C0 C11 <wb> C6 C0 C11,train
671,"અંતરાદંતપટ્ટી, ઈન્ટર ડેન્લર પ્લેટ્સ, નિતંબની આજુબાજુ, હલન ચલન કરવાની, માની છે.",0,14.655,0,not_selected_by_random,,,,
672,"જોકે, બે હઝાર માં, પ્રેસીડેન્ટ બિલ કલીન્ટને, જણાવી દીધું કે, જેનોમ સ્કિવન્સ, માટે, પેટન્ટ આપવામાં, નહીં આવે.",0,17.71,0,not_selected_by_random,,,,
673,"એપીસેઝની, સબસિડીયરી અદાણી, કંડલા બલ્ક ટર્મિનલે, કંડલા પોર્ટ ખાતે, ડ્રાય બલ્ક ટર્મિનલને, બિલ્ડ કરયા છે.",0,16.615,0,not_selected_by_random,,,,
674,"ભરજંગલમાં, હાલવા ચાલવાને, અશક્ત, એવા આ શિયાળને, રોજ, કોણ ખવડાવતું હશે?.",0,13.671,0,not_selected_by_random,,,,
677,"સુષ્મા નાડી, ફિંડલુ વાળી, શર્પ આકાર, ફેણ ચડાવી, ગુપસુપ, બેઠી છે.",0,13.065,0,not_selected_by_random,,,,
679,"ઈહિ, તનુકર, ફલ, વિષય ન ભાઇ, સ્વર્ગહ, સ્વલ્પ, અંત, દુઃખદાઇ.",0,14.206,0,not_selected_by_random,,,,
681,"પાદરની શોભામાં, ખાસો વધારો કરતી, એ નિશાળ, આજેય, ઉજ્જડ પાદરે, નતશિરે, અદબથી, ઊભી છે.",0,15.421,0,not_selected_by_random,,,,
683,"અનુરત દર્શી, સબાહ:, સમાજમ સ્વાગનતા, અજનવશીલહ:, રહશીલહ:",0,12.158,0,not_selected_by_random,,,,
685,"મહુડાંની ઋતુ, ઉલતી જાય, એમ, ડાળીએ ડાળીએ, કૂણી કથ્થાઈ, જાંબલી કૂંપળો, તતડી નીકળે, રાતોરાત, વનપટ, પડખું બદલી લે છે.",0,19.852,0,not_selected_by_random,,,,
686,"મેં, પેજ દીઠ, સાઠ પૈસાની ઓફર કરી, અને, દુકાનદાર, પંચોતેર પૈસા પકડી બેઠો હતો.",0,13.36,0,not_selected_by_random,,,,
687,"બહારથી શરીફ લાગતા, કિશન જેવા, બાહોશ ચોરને પકડવામાં, તેં અમને, ખૂબજ મદદ કરી છે.",0,14.173,0,not_selected_by_random,,,,
688,"પરંતુ, હસબન્ડ વાઈફ, બેય કામ કરતા હોય, તેવા ઘરોમાં પણ, સ્ત્રીઓને, રસોઈમાં, ટાઈમ બગાડવો નથી ગમતો, અને, કૂક રાખે છે.",0,19.26,0,not_selected_by_random,,,,
689,"રાવસાહેબનો જન્મ, તામિલનાડુના, જક સમુદ્રમ્ ગામમાં, ત્રેવીસ મી સપ્ટેમ્બર, ઓગણીસો આઠ ના રોજ, થયો હતો.",0,15.368,0,not_selected_by_random,,,,
690,"બન્ને ગોળાર્થોને, અલગ પાડતી, કાલ્પનિક રેખા, વિષુવવૃત પર, સૂર્યનાં કિરણો, કાટખૂણે પડે છે, એટલે કે, લંબ પડે છે.",0,17.554,0,not_selected_by_random,,,,
692,"આમ કરવું, સરળ બનશે, કારણ કે, નેનોએનટેના ની, પ્રયુક્તિ ફલેકસીબલ ફિલ્મ એટલે કે, લવચીક સ્તર, તરીકે તૈયાર થાય છે.",0,17.758,0,not_selected_by_random,,,,
693,"શિક્ષણની ટેક્નોલોજી, કેન્દ્રિત એપ્રોચ, અંગે દરેક સ્તરે, આશંકા વ્યક્ત કરવામાં આવે છે.",0,13.114,0,not_selected_by_random,,,,
695,"સેહવાગે, આગવી લય મેળવતા, છપન બોલમાં, આઠ ચોગ્ગા, અને, એક છગ્ગા સાથે, ચોપન રન, ફટકાર્યા હતા.",0,16.383,0,not_selected_by_random,,,,
696,"એ દિવસોમાં, નિમ્ન મધ્યમવર્ગના, ભારતીય કુટુંબોમાં, મેટ્રીક્યુલેશન થવું, તે પણ, ઘણું શિક્ષણ માનવામાં, આવતું હતું.",0,18.105,0,not_selected_by_random,,,,
698,"સોરઠમાં, વહીવટ કરવા આવેલ, શેરખાન બાબીએ, દિલ્હીના બાદશાહ, ના સમયમાં, વહીવટી, અંધાઘૂંધીનો, લાભ લીધો.",0,18.449,0,not_selected_by_random,,,,
699,"કમિશનર તરીકે, નિમણુંકને, બાર મી જુલાઇના રોજ, એક વર્ષ, પૂરું થયું, તે નિમિત્તે, પત્રકારો સાથે, વાતચીત કરી.",0,16.091,1,,gujarati_female_000699.wav,k a m i sh a n a r a <wb> t a r a ii k a ee <wb> n a i m a nx a u q k a n a ee <wb> b a aa r a <wb> m a ii <wb> j u l aa i n aa <wb> r a o j a <wb> ee k a <wb> w a r a sx a <wb> p a uu r a u q <wb> th a y a u q <wb> t a ee <wb> n a i m a i t a t a ee <wb> p a t a r a k a aa r a o <wb> s a aa th a ee <wb> w a aa t a c a ii t a <wb> k a r a ii,C19 C0 C22 C16 C31 C0 C24 C0 C29 C0 <wb> C32 C0 C29 C0 C16 C19 C0 C11 <wb> C24 C0 C16 C22 C0 C25 C0 C36 C23 C19 C0 C24 C0 C11 <wb> C3 C0 C1 C29 C0 <wb> C22 C0 C16 <wb> C17 C36 C21 C1 C16 C24 C1 <wb> C29 C0 C26 C17 C0 <wb> C11 C19 C0 <wb> C37 C0 C29 C0 C31 C0 <wb> C28 C0 C36 C29 C0 C36 C23 <wb> C33 C0 C38 C0 C36 C23 <wb> C32 C0 C11 <wb> C24 C0 C16 C22 C0 C16 C32 C0 C32 C0 C11 <wb> C28 C0 C32 C0 C29 C0 C19 C0 C1 C29 C0 C26 <wb> C30 C0 C1 C33 C0 C11 <wb> C37 C0 C1 C32 C0 C5 C0 C16 C32 C0 <wb> C19 C0 C29 C0 C16,train
700,"બૉલીવુડનો, નામાંકિત ચેહેરો, જ્યારે લાગણીવશ થઇને, સામાજીક સમસ્યાઓ, ચર્ચે ત્યારે, પ્રથમ નજરે, ગમે છે.",0,16.188,0,not_selected_by_random,,,,
701,"અને, ગાજ્યા મેહ, વરસતા નથી, તેમજ, ભસતા કૂતરા, કરડતા નથી, એ કહેવત, પાછળ પણ, આ જ હેતુ, છુપાયેલો છે!.",0,18.988,0,not_selected_by_random,,,,
702,"અગિયાર સભ્યોના આ ગ્રૂપમાં, પાંચેક વુમન પણ છે, જે, સ્પેશિયલ લેડિઝની, બ્યુટિ, તેમજ હેરકટ, ફ્રીમાં કરશે.",0,16.734,0,not_selected_by_random,,,,
704,"જે માણસને, કાગળ પર કરાતા, લીટાડિયા ડુડલ્સ! થી માંડીને, છેક ડિપ્રેશનમાં આવીને, આત્મહત્યા કરવા, સુધ્ધાં પ્રેરે છે!.",0,17.895,0,not_selected_by_random,,,,
705,"જ્યારે, સાયન્ટીફીક સ્ટાન્ડર્ડ પ્રમાણે, જેનોમ સિકવન્સીંગ ની વાત નીકળે, ત્યારે, જેનોમનાં, વિવરણ માટે, સમસ્યારૂપ સાબીત થાય છે.",0,17.73,0,not_selected_by_random,,,,
706,"હોલીવુડનાં, વિશ્વ પ્રસિઘ્ધ, પોપ સિંગર, સ્વર્ગીય માઈકલ જેક્સનની, ઘણી બધી, યાદગાર, ચીજવસ્તુઓની, હરાજી, વિદેશોમાં થઈ છે.",0,19.329,0,not_selected_by_random,,,,
707,"નાસીકની, ડેન્ટલ કોલેજના, ફક્ત, એકવીસ વર્ષની, ઊંમરના સમીર જૈન પણ, યુવા શોધકની, ઉપલી હરોલમાં છે.",0,17.281,0,not_selected_by_random,,,,
709,"ખગોળ વિજ્ઞાનીઓએ, તાજેતરમાં, એક, અદ્‌ભુત જગત, ડાયમંડ પ્લેનેટ, શોધેલ.",0,11.543,0,not_selected_by_random,,,,
710,"સ્વસ્તિરિઘ્ધિ, પ્રપથે, શ્રેષ્ઠા રેકણ, સ્વસ્ત્યામિ ય, વામમેતિ, સાનો.",0,10.983,1,,gujarati_female_000710.wav,s w a s t i r i gh dh i <wb> p r a p a th ee <wb> sh r ee sx txh aa <wb> r ee k a nx a <wb> s w a s t y aa m i <wb> y a <wb> w aa m a m ee t i <wb> s aa n o,C30 C37 C0 C30 C32 C16 C29 C16 C14 C8 C16 <wb> C28 C29 C0 C28 C0 C33 C11 <wb> C31 C29 C11 C31 C35 C1 <wb> C29 C11 C19 C0 C25 C0 <wb> C30 C37 C0 C30 C32 C38 C1 C22 C16 <wb> C38 C0 <wb> C37 C1 C22 C0 C22 C11 C32 C16 <wb> C30 C1 C24 C26,train
711,"શ્રાવણ માસના, પ્રથમ સોમવાર નિમિત્તે, આવતીકાલે, જૂનાઘઢના ભુતનાથ, ભવનાથ, અને, વસ્ત્રા પથેશ્વરમાં, મેળો ભરાશે.",0,19.056,0,not_selected_by_random,,,,
712,"પછી, પાંદડા ખરી જાય, સૂકાં પાંદડા, તાંબાવરણાં થઈને, મહુડા નીચેની, ભોંયને, મરુણ કથ્થાઈ ભાતથી, મઢી દે.",0,18.439,0,not_selected_by_random,,,,
717,"ગલબીએ કહ્યું:, પાછા ડંફાસે ચડ્યા? વાઘ બુડથલ ને, તમે ડાહ્યા, કાં?.",0,9.127,0,not_selected_by_random,,,,
718,"શટડાઉન કર્યા પછી, સાત ટકા પાવર, રેસીડયુઅલ હીટ બચેલ ગરમી નાં, કારણે, મુક્ત થાય છે.",0,12.048,0,not_selected_by_random,,,,
719,"ક્યારેક ક્યારેક, પીટરમાન ગ્લેશિયર પરથી, અલગ થયેલો, આઇસબર્ગ, તણાઈને, કેનેડાના, ન્યૂફાઁઉન્ડલેન્ડ, તટ સુધી, પોહોંચી જતો હોય છે.",0,19.277,0,not_selected_by_random,,,,
720,"ચિદમ્બરમે, બુધવારે, સ્પષ્ટપણે કહી દીધું છે કે, મુંબઈમાં, છવ્વીસ નવેમ્બરે થયેલા, આતંકવાદી હુમલામાં, પાકિસ્તાનનો, હાથ છે.",0,18.486,0,not_selected_by_random,,,,
723,"રોકાણ, અને ટોલટેક્સ, વસૂલવાની, અકુશળ વ્યવસ્થાને, કારણે, પેટ્રોલ બિન જરૂરી રીતે, વધારે બળે છે.",0,15.523,0,not_selected_by_random,,,,
724,"ચહેરો બદલાતો રહ્યો છે, કુમળો અવાજ, પુરુષના અવાજ જેવો, કઠોર, બનતો ગયો છે, વાળ ઓળવાની રીત, બદલાઈ છે.",0,16.065,0,not_selected_by_random,,,,
725,"તેને કારણે, ખેડૂતો બોરવેલ ઉપર, પમ્પ મૂકીને, ચોવીસેય કલાક, ભૂગર્ભ જળ, ખેંચ્યા કરે છે.",0,13.455,0,not_selected_by_random,,,,
726,"તમે, ફોટોગ્રાફ સાથે, જાતજાતની, ટ્રિક કરી શકો છો, અને, અવનવા મલ્ટીટ્રેક સાઉન્ડ તૈયાર કરી શકો છો.",0,13.723,1,,gujarati_female_000726.wav,t a m a ee <wb> ph o tx o g r aa ph a <wb> s a aa th a ee <wb> j aa t a j aa t a n ii <wb> tx r i k a <wb> k a r a ii <wb> sh a k o <wb> ch a o <wb> a n a ee <wb> a w a n a w aa <wb> m a l tx ii tx r ee k a <wb> s aa u n dx a <wb> t a ei y a aa r a <wb> k a r a ii <wb> sh a k o <wb> ch a o,C32 C0 C22 C0 C11 <wb> C12 C26 C34 C26 C13 C29 C1 C12 C0 <wb> C30 C0 C1 C33 C0 C11 <wb> C17 C1 C32 C0 C17 C1 C32 C0 C24 C16 <wb> C34 C29 C16 C19 C0 <wb> C19 C0 C29 C0 C16 <wb> C31 C0 C19 C26 <wb> C6 C0 C26 <wb> C0 C24 C0 C11 <wb> C0 C37 C0 C24 C0 C37 C1 <wb> C22 C0 C21 C34 C16 C34 C29 C11 C19 C0 <wb> C30 C1 C36 C24 C9 C0 <wb> C32 C0 C2 C38 C0 C1 C29 C0 <wb> C19 C0 C29 C0 C16 <wb> C31 C0 C19 C26 <wb> C6 C0 C26,train
727,"ડાયનાસોર અને, થેરાપોડના, અંગ, ઉપાંગો, જેવા કે, લાંબુ ઉંચે ચડતું, ઘૂંટીનું હાડકું.",0,14.657,0,not_selected_by_random,,,,
729,"ઓગણીસો અગણાએશી માં, અમેરિકાનાં, થ્રિમાઈલ આઈલેન્ડ ખાતે, આવેલ, લાઈટ વોટર રિયેકટરનું, આઁશિક મેલ્ટ ડાઉન.",0,14.861,1,,gujarati_female_000729.wav,o g a nx a ii s a o <wb> a g a nx aa ee sh ii <wb> m a aa q <wb> a m a ee r a i k a aa n a aa q <wb> th r i m aa ii l a <wb> aa ii l ee n dx a <wb> kh a aa t a ee <wb> aa w a ee l a <wb> l a aa ii tx a <wb> w a o tx a r a <wb> r i y ee k a tx a r a n u mq <wb> aa mq sh i k a <wb> m ee l tx a <wb> dx aa u n a,C26 C13 C0 C25 C0 C16 C30 C0 C26 <wb> C0 C13 C0 C25 C1 C11 C31 C16 <wb> C22 C0 C1 C23 <wb> C0 C22 C0 C11 C29 C0 C16 C19 C0 C1 C24 C0 C1 C23 <wb> C33 C29 C16 C22 C1 C16 C21 C0 <wb> C1 C16 C21 C11 C24 C9 C0 <wb> C20 C0 C1 C32 C0 C11 <wb> C1 C37 C0 C11 C21 C0 <wb> C21 C0 C1 C16 C34 C0 <wb> C37 C0 C26 C34 C0 C29 C0 <wb> C29 C16 C38 C11 C19 C0 C34 C0 C29 C0 C24 C36 C23 <wb> C1 C23 C31 C16 C19 C0 <wb> C22 C11 C21 C34 C0 <wb> C9 C1 C36 C24 C0,train
730,"આનો અર્થ, એ નથી કે, અફઘાનિસ્તાનમાં, શાંતિ છે, તેમ છતાં, અફઘાનિસ્તાનમાં, અમેરિકાનું, લશ્કર એ, એક સીધી, ચંચુપાત સમાન હતું.",0,19.9,0,not_selected_by_random,,,,
733,"સોનાની એ નગરીને, શોધવા, દક્ષિણ અમેરિકાનાં, ઘાટાં, જંગલો, ખૂંદવાની જરૂર નથી; આ રહ્યું અલ ડોરડો!.",0,15.948,0,not_selected_by_random,,,,
734,"આંતરરાષ્ટ્રીય વન ડેના, ઇતિહાસની સૌપ્રથમ વિકેટ ઝડપવાનો, રેકોર્ડ, ઓસ્ટ્રેલિયાના, એલન ફ્રોગી થોમ્સનના નામે, નોંધાયલો છે.",0,16.982,0,not_selected_by_random,,,,
736,"પરિણામે, ક્યારેક, આઘ્યાત્મિક જગતમાં, વ્યવહાર જગતને તુચ્છતા, કે, ક્ષૂદ્રતાથી જોવાની, વૃત્તિ જોવા મળે છે.",0,15.323,0,not_selected_by_random,,,,
738,"રોજ કોલેજથી આવતાં જતાં, એ, પેલા શોરૂમ પાસે ઊભો રહી, હોન્ડા સ્પોર્ટસ કારને, બે ક્ષણ જોઇ લેતો.",0,14.203,0,not_selected_by_random,,,,
739,"ઔર, આત્મસમ્માન ચાહિએ જિસ કી, લીક, હમ ડાલ રહે હૈ, હમારી, જમીન સે, હટ જાઓ’.",0,13.103,0,not_selected_by_random,,,,
740,"આ યુદ્ધને અટકાવવા માટે, શિવજી, અગ્નિમહાલિંગ તરીકે, ત્યાં સ્થાપિત થયા, તેનું, મૂળ, પાતાળથી પણ, નીચે છે.",0,14.838,1,,gujarati_female_000740.wav,aa <wb> y u d dh a n ee <wb> a tx a k aa w a w aa <wb> m a aa tx a ee <wb> sh a i w a j a ii <wb> a g n i m a h aa l i mq g a <wb> t a r a ii k a ee <wb> t a y a aa q <wb> s a th a aa p a i t a <wb> th a y a aa <wb> t a ee n a u q <wb> m a uu lx a <wb> p aa t aa lx a th ii <wb> p a nx a <wb> n a ii c a ee <wb> ch a ee,C1 <wb> C38 C36 C7 C8 C0 C24 C11 <wb> C0 C34 C0 C19 C1 C37 C0 C37 C1 <wb> C22 C0 C1 C34 C0 C11 <wb> C31 C0 C16 C37 C0 C17 C0 C16 <wb> C0 C13 C24 C16 C22 C0 C15 C1 C21 C16 C23 C13 C0 <wb> C32 C0 C29 C0 C16 C19 C0 C11 <wb> C32 C0 C38 C0 C1 C23 <wb> C30 C0 C33 C0 C1 C28 C0 C16 C32 C0 <wb> C33 C0 C38 C0 C1 <wb> C32 C0 C11 C24 C0 C36 C23 <wb> C22 C0 C36 C21 C0 <wb> C28 C1 C32 C1 C21 C0 C33 C16 <wb> C28 C0 C25 C0 <wb> C24 C0 C16 C5 C0 C11 <wb> C6 C0 C11,train
741,"ગૂગલે, અગ્યાર કરોડ રૂપિયા, નેટ ફલીકસના, સીઈઓ, રીડ હેસ્ટિંગ્ઝને, આપ્યા.",0,12.679,0,not_selected_by_random,,,,
742,"કદી બરફી, પેંડા, અને, ગુલાબજાંબુ, ભરેલા થાળમાંથી, અડધા ઉપરાંત, ગાયબ થઈ જાય છે?.",0,12.309,0,not_selected_by_random,,,,
743,"પરંતુ, ઉંચેથી નીચે કૂદવા માટેની, ગ્લાઈડીંગ તકનીકની, પાંખ ફફડાવાની રીતનો, હવામાં સરકવા ઉપયોગ કરતા હતા.",0,16.393,0,not_selected_by_random,,,,
744,"આમ છતાં, જૂનાગઢ રાજ્યમાં, ગુપ્ત પ્રયાગ, વેરાવળ, વંથલી, અને, વિસાવદરમાં, અપવાદરૂપે, કોમી દંગલો થયાનું, પણ નોંધાયું છે.",0,18.135,1,,gujarati_female_000744.wav,aa m a <wb> ch a t a aa q <wb> j a uu n a aa g a dxh a <wb> r a aa j a y a m a aa q <wb> g a u p a t a <wb> p r a y aa g a <wb> w ee r aa w a lx a <wb> w a mq th a l ii <wb> a n a ee <wb> w i s aa w a d a r a m aa mq <wb> a p a w aa d a r uu p ee <wb> k o m ii <wb> d a mq g a l o <wb> th a y aa n u mq <wb> p a nx a <wb> n a o q dh a aa y a u q <wb> ch a ee,C1 C22 C0 <wb> C6 C0 C32 C0 C1 C23 <wb> C17 C0 C36 C24 C0 C1 C13 C0 C10 C0 <wb> C29 C0 C1 C17 C0 C38 C0 C22 C0 C1 C23 <wb> C13 C0 C36 C28 C0 C32 C0 <wb> C28 C29 C0 C38 C1 C13 C0 <wb> C37 C11 C29 C1 C37 C0 C21 C0 <wb> C37 C0 C23 C33 C0 C21 C16 <wb> C0 C24 C0 C11 <wb> C37 C16 C30 C1 C37 C0 C7 C0 C29 C0 C22 C1 C23 <wb> C0 C28 C0 C37 C1 C7 C0 C29 C36 C28 C11 <wb> C19 C26 C22 C16 <wb> C7 C0 C23 C13 C0 C21 C26 <wb> C33 C0 C38 C1 C24 C36 C23 <wb> C28 C0 C25 C0 <wb> C24 C0 C26 C23 C8 C0 C1 C38 C0 C36 C23 <wb> C6 C0 C11,test
745,"લુચ્ચાઈ વગરનો, સમાજ રચાય એવું, શમણું ક્યારે સાચું પડશે, તે કહેવું, મુશ્કેલ છે.",0,11.953,0,not_selected_by_random,,,,
746,"ત્યારબાદ, એશિયામાં, ભારતખંડમાં, પશ્ચિમ એશિયામાં, ઈજિપ્તમાં, ગ્રીસમાં, વગેરેમાં, પતંગ ચગાવવાની, પ્રથા, પ્રચલિત બની.",0,18.065,1,,gujarati_female_000746.wav,t a y a aa r a b a aa d a <wb> ee sh a i y a aa m a aa q <wb> bh aa r a t a kh a mq dx a m aa mq <wb> p a sh a c a i m a <wb> ee sh a i y a aa m a aa q <wb> ii j i p t a m aa mq <wb> g r ii s a m aa mq <wb> w a g a ee r a ee m a aa q <wb> p a t a q g a <wb> c a g aa w a w aa n ii <wb> p a r a th a aa <wb> p a r a c a l a i t a <wb> b a n a ii,C32 C0 C38 C0 C1 C29 C0 C3 C0 C1 C7 C0 <wb> C11 C31 C0 C16 C38 C0 C1 C22 C0 C1 C23 <wb> C4 C1 C29 C0 C32 C0 C20 C0 C23 C9 C0 C22 C1 C23 <wb> C28 C0 C31 C0 C5 C0 C16 C22 C0 <wb> C11 C31 C0 C16 C38 C0 C1 C22 C0 C1 C23 <wb> C16 C17 C16 C28 C32 C0 C22 C1 C23 <wb> C13 C29 C16 C30 C0 C22 C1 C23 <wb> C37 C0 C13 C0 C11 C29 C0 C11 C22 C0 C1 C23 <wb> C28 C0 C32 C0 C23 C13 C0 <wb> C5 C0 C13 C1 C37 C0 C37 C1 C24 C16 <wb> C28 C0 C29 C0 C33 C0 C1 <wb> C28 C0 C29 C0 C5 C0 C21 C0 C16 C32 C0 <wb> C3 C0 C24 C0 C16,train
747,"દિવસે, કૂવાકાંઠો ખાલીજ ન પડે, રમનારાં, છોકરાં, વડ નીચે વાગોળતાં ઢોર, વટેમાર્ગુઓ, પણ, રાતે પાદર, ભેંકાર હોય.",0,17.152,0,not_selected_by_random,,,,
749,"આ પ્રકારના, કેન્સરની ગાંઠ, મુખ્યત્વય, ગળા, ફેફસાં, અને, રિદય વચ્ચે, પેડૂ, બગલ, અથવા, જંઘા મૂળમાં, થાય છે.",0,18.465,0,not_selected_by_random,,,,
750,"દરમિયાન, બીસીસીયાઇની, વર્કિંગ કમિટિએ, બે હઝાર બાર, તેર ની સિઝન સાથે, રણજી ફોર્મેટમાં, ફેરફાર કરવાને, મંજૂઈ આપી દીધી છે.",0,18.181,1,,gujarati_female_000750.wav,d a r a m a i y a aa n a <wb> b ii s ii s ii y aa i n ii <wb> w a r k i mq g a <wb> k a m a i tx a i ee <wb> b a ee <wb> h a jh a aa r a <wb> b a aa r a <wb> t a ee r a <wb> n a ii <wb> s i jh a n a <wb> s a aa th a ee <wb> r a nx a j ii <wb> ph a o r a m a ee tx a m a aa q <wb> ph a ee r a ph a aa r a <wb> k a r a w aa n ee <wb> m a mq j uu ii <wb> aa p a ii <wb> d a ii dh a ii <wb> ch a ee,C7 C0 C29 C0 C22 C0 C16 C38 C0 C1 C24 C0 <wb> C3 C16 C30 C16 C30 C16 C38 C1 C16 C24 C16 <wb> C37 C0 C29 C19 C16 C23 C13 C0 <wb> C19 C0 C22 C0 C16 C34 C0 C16 C11 <wb> C3 C0 C11 <wb> C15 C0 C18 C0 C1 C29 C0 <wb> C3 C0 C1 C29 C0 <wb> C32 C0 C11 C29 C0 <wb> C24 C0 C16 <wb> C30 C16 C18 C0 C24 C0 <wb> C30 C0 C1 C33 C0 C11 <wb> C29 C0 C25 C0 C17 C16 <wb> C12 C0 C26 C29 C0 C22 C0 C11 C34 C0 C22 C0 C1 C23 <wb> C12 C0 C11 C29 C0 C12 C0 C1 C29 C0 <wb> C19 C0 C29 C0 C37 C1 C24 C11 <wb> C22 C0 C23 C17 C36 C16 <wb> C1 C28 C0 C16 <wb> C7 C0 C16 C8 C0 C16 <wb> C6 C0 C11,train
751,"આમ તો, કંકાલની, સંઉરચના, શરીર રચના, અને, પ્રજનનની, પદ્ધતિમાં, સરિસૃપો, અને, પક્ષીઓ, એકબીજાને, ખૂબ મળતા આવે છે.",0,19.625,0,not_selected_by_random,,,,
752,"ઈસવી સંવત, પૂર્વેના, પ્રથમ સૈકાના, પુબ્લીલિયસ સાઈરસે, તેથી, ઊલટું વિધાન કર્યું છે.",0,13.675,0,not_selected_by_random,,,,
753,"ત્યારે, તેંડુલકરે, બોલને પુશ કરીને, આત્મઘાતી રન લેવા, ક્રીઝ છોડીને, નોન સ્ટ્રાઇકર છેડે, પહોંચી ગયો હતો.",0,16.44,0,not_selected_by_random,,,,
754,"આપણો દેશ પ્રેમ, આપણી સામાજિક ભાવના, સમાજ પ્રત્યેનું આપણું કર્તવ્ય, એ બધામાં, કેમ ઓટ આવી ગઈ છે ?.",0,14.882,0,not_selected_by_random,,,,
755,"ભારતમાં, પ્રથમ વાર, બ્લાઇન્ડ ફિઝિયો થેરાપિસ્ટ, માટે, ઇન્ટર ફેન્સિયલ થેરપી, મશીન ડેવલોપ કરવામાં આવ્યું છે.",0,14.56,0,not_selected_by_random,,,,
756,"અને અવકાશ મથક બહાર, શૂન્યાવકાશમાં, કુલ, ઓગણત્રીસ કલાક, અને, સત્તર મીનિટ, પસાર કર્યા છે.",0,14.21,0,not_selected_by_random,,,,
757,"ફોટોવોલ્ટેક સેલ, તેના પર આયાત થતા, સૌરવર્ણપટના, બધા વર્ણો, એટલે કે, દ્રશ્ય, અને, અદ્રશ્ય રંગો નું, પ્રગ્રહણ, કરતી નથી.",0,19.03,0,not_selected_by_random,,,,
759,"હેન્ડ્‌સ ફ્રી, કેમેરા કમ સ્માર્ટ ફોન ની, ગરજ સારતા, ગુગલ ગ્લાસના, ઉપયોગોની, શક્યતાનો, પાર નથી.",0,15.11,0,not_selected_by_random,,,,
760,"આઇસીસીયે, કૃત્રિમ રોમાંચકતાનો ફુગ્ગો, ઉછળતો જ રહે, તે માટે, ચઉદ ટીમોને, વર્લ્ડ કપમાં, ઉતારી, જેમાં, ઝિમબાબ્વે નો, સમાવેષ થાઇ છે.",0,18.236,0,not_selected_by_random,,,,
761,"આમ છતાં, માનવમનની, અગાધ શક્તિયો, અને, મનુષ્યના અસ્તિત્વના, અમાપ અંદાજનો, નૈસર્ગિક વારસો, આપણને, મળેલો, હોય છે.",0,18.411,0,not_selected_by_random,,,,
762,"એમની, વાહ વાહના, ઘોંઘાટ પાછળ, પેલો, વિવેક જાળવવાની, વાત સૂચવતો સ્વર, ક્યાંય દબાઈ જાય છે.",0,14.62,0,not_selected_by_random,,,,
763,"સ્ટીવ જોબ્ઝે, કોલેજ શિક્ષણ, અધૂરું છોડી દીધું, કારણ કે, તે, અતિખર્ચાળ હતું.",0,11.896,0,not_selected_by_random,,,,
764,"ગયા વર્ષે, મદ્રાસમાં પડેલ, દુષ્કાળમાં, નીલગીરીના વૃક્ષોને, જવાબદાર ગણવામાં આવ્યા.",0,11.498,0,not_selected_by_random,,,,
765,"ૠષિ પર હુમલો કરવા જતા, સિંહ ને જોઈ, તેણે ઉચ્ચારેલું, પુન, ર્મુષકો ભવઃ, પરંતુ, અહીં જુદી વાત છે.",0,15.254,0,not_selected_by_random,,,,
767,"મુનિ, બાહુબલીના, કર્ણદ્વય પર, બહેન સાધ્વીનો, મંગલમય અવાજ, સંભળાયો.",0,11.69,0,not_selected_by_random,,,,
768,"ઘણીવાર, આ વૃક્ષોની, આસપાસ, રુક્ષ, કાંટાળી છાલવાળા, શીમળા, જોઉં છું.",0,12.28,0,not_selected_by_random,,,,
769,"આપણું વાજબીપણું, વાતને, વધુ ગૂંચવે, તેટલી હદે, બેઠું હોય, તો, લાભ કરતાં, નુકશાનની, વધુ શક્યતા છે.",0,16.609,0,not_selected_by_random,,,,
770,"દહેજ, બાળમજૂરી, ઘૂમ્રપાન, બાળલગ્ન, વિધવાલગ્ન, વગેરે, સમસ્યાઓ પર, અનેક પ્રોગ્રામો, આવી ગયા છે.",0,16.79,0,not_selected_by_random,,,,
771,"ઓગણીસો ચોર્યાશી માં, અમેરિકી પબ્લિક સ્કૂલમાં, બાણું વિદ્યાર્થી દીઠ, એક કમ્પ્યૂટર હતું.",0,12.15,0,not_selected_by_random,,,,
772,"કોઈવાર, વળી, ઘરની ભીંત પર, પડતાં, ચાંદરડાં ગણું ને, એને આગળ આગળ ખસતાં જોઈને, નવાઈ પામતો રહું!.",0,15.948,0,not_selected_by_random,,,,
773,"આ દરમિયાન, પેલો ચોર, પોતાનો જીવ બચાવવા, ઝાડની બખોલમાંથી, નીકળીને, ઝાડની, સૌથી ઊંચી ડાળ પર, જઈને, બેઠો.",0,18.72,0,not_selected_by_random,,,,
775,"તે, ક્યા ક્યા, અનિષ્ટ વાતોથી, જોડાયેલા સંકેત, અને, લક્ષણોનો, સામનો કરે છે, તેનો ઉલ્લેખ, શાસ્ત્રોમાં, છે.",0,16.834,0,not_selected_by_random,,,,
776,"સન ઓગણીસ્સો છવ્વીસ માં, કોયલી મહંત શ્રી, રૂપગિરીજી, દેવ થતાં, તેમના શિષ્ય, રતિગિરિજી, મહંતપદે, સ્થપાયા.",0,17.187,0,not_selected_by_random,,,,
777,"બાળપણમાં, ચોકલેટની દુકાન, કે, રમકડાના સ્ટોરનો, માલિક બનવા, મન, થનગનતું હોય.",0,13.473,0,not_selected_by_random,,,,
778,"સિંહનું, વધ્યુંસધ્યું ખાઈ, પેટગુજારો કરતા, શિયાળ મુજબ, તું, વર્તીશ, નહિ.",0,12.63,0,not_selected_by_random,,,,
779,"કુલિંગ સિસ્ટમ, ઠપ થઈ જતા, યુરેનિયમ ફ્યુઅલ અત્યંત ગરમ થતા, આ નળાકાર ભાગ, પીગળવા માંડે છે, જેને, મેલ્ટડાઉન, પીગળવું, કહે છે.",0,19.647,0,not_selected_by_random,,,,
780,"એમાં, ટૂંકમાં એટલું જ લખ્યું કે, પૂજ્ય પિતાજી, સ્પોર્ટસ કારને બદલે, તમે મને, માત્ર, એક ધાર્મિક પુસ્તક જ, આપ્યું છે.",0,16.51,0,not_selected_by_random,,,,
781,"તે નીચે, મહાસાગરમાં, માછલીયોના ટોળાથી, લલચાય, અને, તેને પકડવા, તરવૈયાની જેમ, ડૂબકી લગાવતા હોય.",0,17.018,0,not_selected_by_random,,,,
782,"પાર્થિવ પટેલને, ઈજાગ્રસ્ત તેંડુલકરના સ્થાને, બાકીની ત્રણ વન ડે માટે, સાઉથ આફ્રિકા, તાબડતોબ, બોલાવાયો.",0,13.677,1,,gujarati_female_000782.wav,p a aa r a th a i w a <wb> p a tx a ee l a n a ee <wb> ii j a aa g a r a s a t a <wb> t ee mq dx u l a k a r a n aa <wb> s a th a aa n a ee <wb> b a aa k a ii n a ii <wb> t a r a nx a <wb> w a n a <wb> dx a ee <wb> m a aa tx a ee <wb> s a aa u th a <wb> aa ph a r a i k a aa <wb> t a aa b a dx a t a o b a <wb> b a o l a aa w a aa y a o,C28 C0 C1 C29 C0 C33 C0 C16 C37 C0 <wb> C28 C0 C34 C0 C11 C21 C0 C24 C0 C11 <wb> C16 C17 C0 C1 C13 C0 C29 C0 C30 C0 C32 C0 <wb> C32 C11 C23 C9 C36 C21 C0 C19 C0 C29 C0 C24 C1 <wb> C30 C0 C33 C0 C1 C24 C0 C11 <wb> C3 C0 C1 C19 C0 C16 C24 C0 C16 <wb> C32 C0 C29 C0 C25 C0 <wb> C37 C0 C24 C0 <wb> C9 C0 C11 <wb> C22 C0 C1 C34 C0 C11 <wb> C30 C0 C1 C36 C33 C0 <wb> C1 C12 C0 C29 C0 C16 C19 C0 C1 <wb> C32 C0 C1 C3 C0 C9 C0 C32 C0 C26 C3 C0 <wb> C3 C0 C26 C21 C0 C1 C37 C0 C1 C38 C0 C26,train
783,"યુવાન માતાઓ, પિસ્તાલીસ ડિગ્રી તાપમાને પણ, પોતાના બાળકને, રેલવેવેગનની, નીચે, ઘોડિયું બાંધીને, તેમાં, ઊંઘાડી દીધો.",0,17.391,0,not_selected_by_random,,,,
784,"એટલે, પીટર, મીનહોલ્ડ નામના, ચોત્રીસ વર્ષીય વૈજ્ઞાનિકે, પીસ્ટના જીનોમને, રિવાયર્ડ કર્યો.",0,14.767,0,not_selected_by_random,,,,
786,"એની બધીજ ડાળીઓ, સોનાપત્રો સાચવીને, મલકાતી હોય, ત્યારે, પાકેલાં ખેતરોની, ગંધથી, સીમ, મઘમઘી ઊઠે છે.",0,16.617,0,not_selected_by_random,,,,
787,"અયોધ્યામાં, રામરાજ્ય સ્થપાયું, અને, ઓચિંતો સીતાત્યાગનો, પ્રસંગ, ઉપસ્થિત થયો.",0,11.748,0,not_selected_by_random,,,,
788,"સ્પર્શાસ્પર્શી ને, ભેદ તો, નરસિંઘની જેમ, કોઈ પણ જોખમની પરવા કર્યા વગર, કર્તવ્યમાં, પ્રત્યક્ષ, કરી બતાવ્યા.",0,15.509,0,not_selected_by_random,,,,
789,"તે માટે, નિષ્ણાતોના, મતે, રોજના, પાનસો થી છસ્સો ગ્રામ, કાર્બોહાઈડ્રેટ, લેવાથી, ગ્લાયકોજીનનો, સંગ્રહ, ઊંચો રાખે છે.",0,16.644,0,not_selected_by_random,,,,
790,"ઓગણીસો પંચાણું માં, સુનીતાએ, ફલોરિડા ઈન્સ્ટીટયૂટ ઓફ, ટેકનોલોજીમાંથી, અનુસ્નાતકની, પદવી, મેળવી હતી.",0,14.479,0,not_selected_by_random,,,,
791,"ભાઈયો, તમને જમવાના સમયે, ખલેલ પહોંચાડવા બદલ, હું, દિલગીર છું, પરંતુ, હું, ખૂબ દૂરથી, આવું છું.",0,13.653,1,,gujarati_female_000791.wav,bh aa ii y o <wb> t a m a n a ee <wb> j a m a w aa n aa <wb> s a m a y a ee <wb> kh a l ee l a <wb> p a h a o q c a aa dx a w a aa <wb> b a d a l a <wb> h a u q <wb> d i l a g ii r a <wb> ch a u q <wb> p a r a q t a u <wb> h a u q <wb> kh a uu b a <wb> d uu r a th ii <wb> aa w a u q <wb> ch a u q,C4 C1 C16 C38 C26 <wb> C32 C0 C22 C0 C24 C0 C11 <wb> C17 C0 C22 C0 C37 C1 C24 C1 <wb> C30 C0 C22 C0 C38 C0 C11 <wb> C20 C0 C21 C11 C21 C0 <wb> C28 C0 C15 C0 C26 C23 C5 C0 C1 C9 C0 C37 C0 C1 <wb> C3 C0 C7 C0 C21 C0 <wb> C15 C0 C36 C23 <wb> C7 C16 C21 C0 C13 C16 C29 C0 <wb> C6 C0 C36 C23 <wb> C28 C0 C29 C0 C23 C32 C0 C36 <wb> C15 C0 C36 C23 <wb> C20 C0 C36 C3 C0 <wb> C7 C36 C29 C0 C33 C16 <wb> C1 C37 C0 C36 C23 <wb> C6 C0 C36 C23,val
792,"લંડનનો, આઈસ્ક્રિમ, એ મૉલમાં, બેઠાં બેઠાં, ખાતાં, યુવક યુવતીઓ, પણ, તમે, નિહાળી શકશો.",0,13.05,0,not_selected_by_random,,,,
793,"પ્રૌઢાવસ્થા એક, સપ્તાહની રાખી, અને, વૃદ્ધાવસ્થા તો, મેં અઢી કલાકજ, વેઠી છે.",0,11.747,0,not_selected_by_random,,,,
794,"આખા તિબેટમાં, મળી આવતાં, બીજાં પણ કેટલાંય મધુર કંઠવાળા, પંખીયોની, અજમાયેશ, કરવામાં આવી હતી.",0,14.32,0,not_selected_by_random,,,,
795,"લાતુર, અને, બારામતીના, શૂટિંગ દરમિયાન, ત્યાંના લોકો, ઇમરાન પાછળ, ગાંડા, બની ગયા હતા.",0,11.726,1,,gujarati_female_000795.wav,l aa t u r a <wb> a n a ee <wb> b aa r aa m a t ii n aa <wb> sh a uu tx a i q g a <wb> d a r a m a i y a aa n a <wb> t y aa mq n aa <wb> l a o k a o <wb> i m a r aa n a <wb> p a aa ch a lx a <wb> g a aa q dx a aa <wb> b a n a ii <wb> g a y a aa <wb> h a t a aa,C21 C1 C32 C36 C29 C0 <wb> C0 C24 C0 C11 <wb> C3 C1 C29 C1 C22 C0 C32 C16 C24 C1 <wb> C31 C0 C36 C34 C0 C16 C23 C13 C0 <wb> C7 C0 C29 C0 C22 C0 C16 C38 C0 C1 C24 C0 <wb> C32 C38 C1 C23 C24 C1 <wb> C21 C0 C26 C19 C0 C26 <wb> C16 C22 C0 C29 C1 C24 C0 <wb> C28 C0 C1 C6 C0 C21 C0 <wb> C13 C0 C1 C23 C9 C0 C1 <wb> C3 C0 C24 C0 C16 <wb> C13 C0 C38 C0 C1 <wb> C15 C0 C32 C0 C1,train
796,"શંતનું, ગંગાના પુત્ર, દેવવ્રત, ગાંગેય, દાદા ભિષ્મ ને, કહ્યું.",0,9.335,0,not_selected_by_random,,,,
797,"ઈશાંત શર્માને, સાઉથ આફ્રિકા સામેની, શ્રેણીનું, તેનું, કંગાળ ફોર્મ, નડયું હતું.",0,10.926,0,not_selected_by_random,,,,
798,"ઇસ્ટ વેસ્ટ કોરિડો, અમદાવાદ થલતેજ સ્ટેશન, ઘાંધીનગર અમદાવાદ રુટ, તૈયાર કરી દેવાશે.",0,10.31,1,,gujarati_female_000798.wav,i s tx a <wb> w a ee s a tx a <wb> k o r i dx o <wb> a m a d a aa w a aa d a <wb> th a l a t ee j a <wb> s a tx a ee sh a n a <wb> gh aa mq dh ii n a g a r a <wb> a m a d a aa w a aa d a <wb> r u tx a <wb> t a ei y a aa r a <wb> k a r a ii <wb> d ee w aa sh ee,C16 C30 C34 C0 <wb> C37 C0 C11 C30 C0 C34 C0 <wb> C19 C26 C29 C16 C9 C26 <wb> C0 C22 C0 C7 C0 C1 C37 C0 C1 C7 C0 <wb> C33 C0 C21 C0 C32 C11 C17 C0 <wb> C30 C0 C34 C0 C11 C31 C0 C24 C0 <wb> C14 C1 C23 C8 C16 C24 C0 C13 C0 C29 C0 <wb> C0 C22 C0 C7 C0 C1 C37 C0 C1 C7 C0 <wb> C29 C36 C34 C0 <wb> C32 C0 C2 C38 C0 C1 C29 C0 <wb> C19 C0 C29 C0 C16 <wb> C7 C11 C37 C1 C31 C11,train
801,"તેની શરીર રચના પરથી, એવું જણાય છે કે, આર્કીયો ઓપટેરીક્સ, પાંખો ફફડાવીને, ઉડ્ડયન માટે, અસમર્થ હતા.",0,14.292,0,not_selected_by_random,,,,
802,"રાજા કઈ, પૂતળી ખરીદશે, સોંઘી, કે મોંઘી, તેની આતુરતાથી, રાહ, જોવા લાગી.",0,11.494,1,,gujarati_female_000802.wav,r a aa j a aa <wb> k a ii <wb> p uu t a lx ii <wb> kh a r ii d a sh ee <wb> s o mq gh ii <wb> k a ee <wb> m a o q gh a ii <wb> t a ee n a ii <wb> aa t u r a t aa th ii <wb> r a aa h a <wb> j a o w a aa <wb> l a aa g a ii,C29 C0 C1 C17 C0 C1 <wb> C19 C0 C16 <wb> C28 C36 C32 C0 C21 C16 <wb> C20 C0 C29 C16 C7 C0 C31 C11 <wb> C30 C26 C23 C14 C16 <wb> C19 C0 C11 <wb> C22 C0 C26 C23 C14 C0 C16 <wb> C32 C0 C11 C24 C0 C16 <wb> C1 C32 C36 C29 C0 C32 C1 C33 C16 <wb> C29 C0 C1 C15 C0 <wb> C17 C0 C26 C37 C0 C1 <wb> C21 C0 C1 C13 C0 C16,val
803,"દિલ્હીમાં, આંબેડકર સ્ટેડિયમ અને, ફિરોઝશાહ, કોટલા મેદાનમાં, દારાસિંહની, કુસ્તીની, ટિકિટો માટે, મારામારી, પણ થતી હતી.",0,17.281,0,not_selected_by_random,,,,
804,"બેઇજીંગ ઓલિમ્પિક્સનો, ગોલ્ડ મેડલ વિજેતા, અને, શૂટીંગમાં, આ વખતે પણ, મેડલની આશા, જેની પાસેથી, રાખવામાં આવે છે.",0,15.994,0,not_selected_by_random,,,,
805,"એણે, ગરીબ મજૂર સ્ત્રીઓનો, અભ્યાસ કરવાનું, તથા, એની આફત દૂર કરવાનું, માથે, લીઘું છે.",0,13.496,0,not_selected_by_random,,,,
806,"તે દિવસે, આમલી સાફ કર્યાં પછી, સાત આઠ, કચૂકા, કચરાની ડોલમાં નાખવા ગઈ, ને, ઘડીક, હાથ, થંભી ગયો.",0,15.994,0,not_selected_by_random,,,,
807,"એ જાણે કે, બે હઝાર બાર ની, પરીયાવરણ ચિંતા પર, આંગળી મૂકી છે કે, કુદરતમાંથી, આ બધું, જૈવિક, વૈવિધ્ય, નષ્ટ થશે.",0,17.776,0,not_selected_by_random,,,,
808,"તેને કારણે, સેંકડો લોકો, કચડાઇ મર્યા, આ સ્ટેમ્પેડ માટે, મંદિરના, અને, કિલ્લાના, વહીવટદારો પણ, અમુક અંશે, જવાબદાર હતા.",0,17.251,0,not_selected_by_random,,,,
809,"શિક્ષકનું લક્ષ્ય, જીવનકૂચ નો, જો ખરા અર્થમાં, આદર્શ નહિ સમાયો હોય, તો, આવી તૃષ્ણાઓ, વ્યક્તિને, દોટ ભણી, દોરી જશે.",0,18.737,0,not_selected_by_random,,,,
811,"એ મુદ્દો પણ, ધ્યાને, લેવા જેવો છે કે, અખબારોનું, રિપોર્ટિંગ, ઈતિહાસના, દસ્તાવેજની જેમ, જળવાઈ રહે છે.",0,14.082,0,not_selected_by_random,,,,
812,"જેને કારણે, રૂટ કેનાલને, ફરી, ચેપ લાગતો નથી, અને, એન્ડોડોન્ટિક, સારવારનું, ધ્યેય, સિદ્ધ થાય છે.",0,14.659,0,not_selected_by_random,,,,
814,"સાંજે, વીજળીના તાર પર, બધાં કબૂતર, ગુમસુમ, અને, મૌન, બેઠાં હોય છે.",0,10.625,0,not_selected_by_random,,,,
815,"આપણે, ભલે તેવું માનતા હોઈએ, કે, મનુષ્યજ, કુશળ બિલ્ડર છે, અને, બાંધકામ, ઈજનેરી કૌશલ્યના, નમૂના રુપ, સુંદર ઘરો, બનાવી જાણે છે.",0,19.329,0,not_selected_by_random,,,,
816,"ચેઈન રિયેકશનને, સંપૂર્ણ બંધ કરી, ઝીરો અવસ્થા લાવવા માટે, એટલે કે, કંપ્લીટ શટડાઉન માટે પણ, કંટ્રોલ રોડજ, વાપરવામાં, આવે છે.",0,17.485,1,,gujarati_female_000816.wav,c a ee ii n a <wb> r i y ee k a sh a n a n ee <wb> s a q p a uu r a nx a <wb> b a q dh a <wb> k a r a ii <wb> jh a ii r a o <wb> a w a s th aa <wb> l a aa w a w a aa <wb> m a aa tx a ee <wb> ee tx a l a ee <wb> k a ee <wb> k a mq p l ii tx a <wb> sh a tx a dx aa u n a <wb> m a aa tx a ee <wb> p a nx a <wb> k a q tx a r a o l a <wb> r o dx a j a <wb> w a aa p a r a w a aa m a aa q <wb> aa w a ee <wb> ch a ee,C5 C0 C11 C16 C24 C0 <wb> C29 C16 C38 C11 C19 C0 C31 C0 C24 C0 C24 C11 <wb> C30 C0 C23 C28 C0 C36 C29 C0 C25 C0 <wb> C3 C0 C23 C8 C0 <wb> C19 C0 C29 C0 C16 <wb> C18 C0 C16 C29 C0 C26 <wb> C0 C37 C0 C30 C33 C1 <wb> C21 C0 C1 C37 C0 C37 C0 C1 <wb> C22 C0 C1 C34 C0 C11 <wb> C11 C34 C0 C21 C0 C11 <wb> C19 C0 C11 <wb> C19 C0 C23 C28 C21 C16 C34 C0 <wb> C31 C0 C34 C0 C9 C1 C36 C24 C0 <wb> C22 C0 C1 C34 C0 C11 <wb> C28 C0 C25 C0 <wb> C19 C0 C23 C34 C0 C29 C0 C26 C21 C0 <wb> C29 C26 C9 C0 C17 C0 <wb> C37 C0 C1 C28 C0 C29 C0 C37 C0 C1 C22 C0 C1 C23 <wb> C1 C37 C0 C11 <wb> C6 C0 C11,train
817,"સ્ટીવ જોબ્સે, ગેરેજમાંથી, અને, ધીરુભાઈએ, સાંકડી જગ્યામાં, ટેબલ સ્પેસથી, કાર ખસેડી હતી.",0,13.272,0,not_selected_by_random,,,,
818,"રોજ બરોજની જીંદગીમાં, અમદાવાદ, મુંબઈ, અને, દિલ્હીના યુવાનો, છોકરીયોને, ઈમ્પ્રેશ કરવા માટે, બાઈકીંગ, સ્ટન્ટ કરતા હોય છે.",0,17.61,0,not_selected_by_random,,,,
819,"કૂવાની આસપાસ, બંગડીયોનો ખણખણાટ, રૂમઝૂમતો વર્તાય છે.",0,7.291,1,,gujarati_female_000819.wav,k uu w aa n ii <wb> aa s a p a aa s a <wb> b a mq g a dx ii y o n o <wb> kh a nx a kh a nx aa tx a <wb> r uu m a jh uu m a t o <wb> w a r t aa y a <wb> ch a ee,C19 C36 C37 C1 C24 C16 <wb> C1 C30 C0 C28 C0 C1 C30 C0 <wb> C3 C0 C23 C13 C0 C9 C16 C38 C26 C24 C26 <wb> C20 C0 C25 C0 C20 C0 C25 C1 C34 C0 <wb> C29 C36 C22 C0 C18 C36 C22 C0 C32 C26 <wb> C37 C0 C29 C32 C1 C38 C0 <wb> C6 C0 C11,val
820,"ટિયુમર જો, શ્વાસનળીની, બહુ નજીક હોય, તો, નાક વાટે, કેમેરા સાથેનો, એક, સ્પેશિયલ ટેલિસ્કોપ, અંદર, ઉતારવો પડે છે.",0,17.837,0,not_selected_by_random,,,,
821,"ઓશરીમાંથી દેખાતી, ટેકરીની મુદ્રામાં, ફોટો પડાવવા ઊભી રહેતી, બાળકીનો અણસાર, વર્તાય છે.",0,15.623,0,not_selected_by_random,,,,
824,"હોલેન્ડ અને, પેલેસ્ટાઈનના, પુરાતત્વવિદ્દોની ટુકડીઓ, દ્વારા, ફરી એકવાર, મરીબની, માટીમાં, દટાઈ ગયેલા, મહરમ, બિલ્કીસ હતા.",0,19.96,0,not_selected_by_random,,,,
825,"આ ચુકાદો, આવતાં સુધીમાં, પીડિતો, ઝેરી ગેસ ઉપરાંત, બીજું એટલું બઘું, વેઠી ચૂક્યાં છે, કે, તે આઘાતથી, પાર થઇ ગયાં છે.",0,18.983,0,not_selected_by_random,,,,
826,"વીઓ બે, ર્ફં બે, ના સિત્તેર ટકા દરે, બે કલાકની, દોડ માટે, લોહીમાં, ગ્લુકોઝની માત્રા, જાળવવી જોઈયે.",0,17.149,0,not_selected_by_random,,,,
827,"જરા ખુલ્લા રહી, ગયેલા નળમાંથી, ટપકતા પાણીનાં ટીપાં, ઊંઘું વાળી દીધેલું, માટલા પર, ટપકે છે.",0,13.026,1,,gujarati_female_000827.wav,j a r a aa <wb> kh a u l a l a aa <wb> r a h a ii <wb> g a y a ee l a aa <wb> n a lx a m aa mq th ii <wb> tx a p a k a t aa <wb> p a aa nx a ii n a aa q <wb> tx a ii p a aa q <wb> uu mq gh u mq <wb> w a aa lx a ii <wb> d ii dh ee l u mq <wb> m aa tx a l aa <wb> p a r a <wb> tx a p a k ee <wb> ch a ee,C17 C0 C29 C0 C1 <wb> C20 C0 C36 C21 C0 C21 C0 C1 <wb> C29 C0 C15 C0 C16 <wb> C13 C0 C38 C0 C11 C21 C0 C1 <wb> C24 C0 C21 C0 C22 C1 C23 C33 C16 <wb> C34 C0 C28 C0 C19 C0 C32 C1 <wb> C28 C0 C1 C25 C0 C16 C24 C0 C1 C23 <wb> C34 C0 C16 C28 C0 C1 C23 <wb> C36 C23 C14 C36 C23 <wb> C37 C0 C1 C21 C0 C16 <wb> C7 C16 C8 C11 C21 C36 C23 <wb> C22 C1 C34 C0 C21 C1 <wb> C28 C0 C29 C0 <wb> C34 C0 C28 C0 C19 C11 <wb> C6 C0 C11,train
829,"વદરિંગ હાઈટ્સ, વાંચીને લાગે છે કે, એમિલી બ્રોન્તે, જીવનને, કેટલો ગાઢ, પ્રેમ કરતી હતી.",0,13.46,0,not_selected_by_random,,,,
831,"સપાટી પર, નદીઓના પ્રવાહપથ, વહેંણ, સ્થાનિક ભૂગોળની, વિશિષ્ટતાને, અનુસરે છે, એટલે કે, ટોપોગ્રાફી ને, અનુસરે છે.",0,17.261,0,not_selected_by_random,,,,
832,"ભ્રષ્ટાચારથી ખદબદતા, દેશના નાગરિકોને, એવો પ્રશ્ન થવો, સહજ છે, કે, શું બધા, કોમ ટ્રોલર, અને, ઓડિટર જનરલ, સ્વચ્છ હોય ખરા?.",0,19.357,0,not_selected_by_random,,,,
833,"આપણું બધુંજ ધ્યાન, બહારની સગવડો ઊભી કરવામાં, બહારનાં સુખ સાહેબીની, પ્રાપ્તિ કરવામાં, કેન્દ્રિત થયેલું છે.",0,14.28,1,,gujarati_female_000833.wav,aa p a nx a u q <wb> b a dh u mq j a <wb> dh a y a aa n a <wb> b a h a aa r a n a ii <wb> s a g a w a dx a o <wb> uu bh a ii <wb> k a r a w a aa m a aa q <wb> b a h a aa r a n a aa q <wb> s a u kh a <wb> s aa h ee b ii n ii <wb> p a r a aa p a t a i <wb> k a r a w a aa m a aa q <wb> k a ee n a d a r a i t a <wb> th a y a ee l a u q <wb> ch a ee,C1 C28 C0 C25 C0 C36 C23 <wb> C3 C0 C8 C36 C23 C17 C0 <wb> C8 C0 C38 C0 C1 C24 C0 <wb> C3 C0 C15 C0 C1 C29 C0 C24 C0 C16 <wb> C30 C0 C13 C0 C37 C0 C9 C0 C26 <wb> C36 C4 C0 C16 <wb> C19 C0 C29 C0 C37 C0 C1 C22 C0 C1 C23 <wb> C3 C0 C15 C0 C1 C29 C0 C24 C0 C1 C23 <wb> C30 C0 C36 C20 C0 <wb> C30 C1 C15 C11 C3 C16 C24 C16 <wb> C28 C0 C29 C0 C1 C28 C0 C32 C0 C16 <wb> C19 C0 C29 C0 C37 C0 C1 C22 C0 C1 C23 <wb> C19 C0 C11 C24 C0 C7 C0 C29 C0 C16 C32 C0 <wb> C33 C0 C38 C0 C11 C21 C0 C36 C23 <wb> C6 C0 C11,train
834,"નમણો દેહ, ચપળ રીતભાત, અને, મીઠો અવાજ, ધરાવતું, ગુજરાતમાં, ખૂબ, પંખી જોવા મળે છે.",0,13.88,0,not_selected_by_random,,,,
835,"સિધ્ધનાથ, મહાદેવ, તેમજ, ખંભાળીયા, દ્વારકા, ભાણવડ, જામજોધપુર, લાલપુરના, શિવાલયોમાં, જોવા મળે છે.",0,16.95,0,not_selected_by_random,,,,
836,"તે સમયે, એને પકડવા, પાંજરા મુકાતાં, શેરીના, કૂતરાને, ચીપીયાથી, પકડતા, કે, ઝેરી લાડવા, ખવડાવતા હતા.",0,16.14,0,not_selected_by_random,,,,
837,"જર્મન વૈજ્ઞાનિક, ફિટીંગ, અને, પોલે, અઢારસો સીત્ત્યોતેર માં, પોલીમરાઈઝેશન, પ્રોસેસ, શોધી હતી.",0,14.116,0,not_selected_by_random,,,,
838,"કેમ કે, ફેસબુકનો, ઉપયોગ કરનારા, લોકોમાં, યુવાનો, સમૃદ્ધ, અને, ઉચ્ચ શિક્ષિત, ભારતીયોની, સંખ્યા, વધારે છે.",0,17.288,0,not_selected_by_random,,,,
839,"શું, હજુ પણ, મકાનના, છાપરાં ઉપર, તાડપત્રીનો, ઝૂન ઝૂન અવાજ, આવે છે?",0,12.421,0,not_selected_by_random,,,,
840,"પ્રસિધ્ધ, સોમનાથ મહાદેવ, મંદિરે શ્રાવણ માસમાં, ભાવિકો, દાદાને, શીશ ઝુકાવવા, ઉમટી રહ્યા છે.",0,13.52,0,not_selected_by_random,,,,
841,"સમાચારો ઉપરાંત, સીરીયલો તેમજ, ધર્મ જ્યોતિષ, અને, શેરબજારની, ચેનલોએ, તો દર્શકોને, સક્રિય બનાવી દીધા છે.",0,16.447,0,not_selected_by_random,,,,
842,"કોઈ ઈમ્પ્રેશનિસ્ટ કલાકારે, આછા ઘેરા, જાંબલી રંગના, નાનામોટા, પીંછી લિસોટા, કરી કરીને, વૃક્ષ, ચીતર્યું હોય, એવું, લાગે છે.",0,18.848,0,not_selected_by_random,,,,
843,"કચ્છનો, રણપ્રદેશ પણ, દૂરના, ભૂતકાળમા, લીલાછમ, વનીશરીથી, ઉભરાતો હતો.",0,12.641,0,not_selected_by_random,,,,
844,"અને, નારદજીનું, આવું, કદરૂપું, મોઢું જોઈને, ખડખડાટ, હસવા લાગી.",0,9.729,1,,gujarati_female_000844.wav,a n a ee <wb> n aa r a d a j ii n u mq <wb> aa w a u q <wb> k a d a r uu p u mq <wb> m a o dxh a u q <wb> j a o ii n a ee <wb> kh a dx a kh a dx a aa tx a <wb> h a s a w aa <wb> l a aa g a ii,C0 C24 C0 C11 <wb> C24 C1 C29 C0 C7 C0 C17 C16 C24 C36 C23 <wb> C1 C37 C0 C36 C23 <wb> C19 C0 C7 C0 C29 C36 C28 C36 C23 <wb> C22 C0 C26 C10 C0 C36 C23 <wb> C17 C0 C26 C16 C24 C0 C11 <wb> C20 C0 C9 C0 C20 C0 C9 C0 C1 C34 C0 <wb> C15 C0 C30 C0 C37 C1 <wb> C21 C0 C1 C13 C0 C16,test
845,"આમ, દેવકી જૈને, અર્થશાસ્ત્રનો, અભ્યાસ કર્યો, અને, ગરીબ, મજૂર મહિલાઓની, આર્થિક, સ્થિતિ સુધારવાનો, પ્રયાસ કર્યો.",0,16.99,0,not_selected_by_random,,,,
846,"નિષ્ણાત કહે છે, આ તબક્કે, વૃક્ષો, વિપુલ પ્રમાણમાં, વાવ્યા હોત, તો, કચ્છનો, રણપ્રદેશ, આજે, હરિયાળો હોત.",0,16.543,0,not_selected_by_random,,,,
847,"આ ઉપરાંત, આ પ્રદર્શનમાં, સુબન કિંગ, બ્લેક મોર, ઘોસ્ટ, પલ્સ સ્કેલ, ગોલ્ડ જોવા, મળે છે.",0,14.3,0,not_selected_by_random,,,,
848,"વિશ્વના સુપ્રસિદ્ધ, આર્યગ્રંથ, બ્રમહસૂત્ર, નું લેખન, વ્યાસજીયે, આ દિવસે, શરૂ કર્યું.",0,11.54,1,,gujarati_female_000848.wav,w a i sh a w a n a aa <wb> s a u p a r a s a i d a dh a <wb> aa r y a g r a mq th a <wb> b r a m a h a s uu t r a <wb> n a u q <wb> l a ee kh a n a <wb> w y aa s a j ii y ee <wb> aa <wb> d a i w a s a ee <wb> sh a r a uu <wb> k a r a y a u q,C37 C0 C16 C31 C0 C37 C0 C24 C0 C1 <wb> C30 C0 C36 C28 C0 C29 C0 C30 C0 C16 C7 C0 C8 C0 <wb> C1 C29 C38 C0 C13 C29 C0 C23 C33 C0 <wb> C3 C29 C0 C22 C0 C15 C0 C30 C36 C32 C29 C0 <wb> C24 C0 C36 C23 <wb> C21 C0 C11 C20 C0 C24 C0 <wb> C37 C38 C1 C30 C0 C17 C16 C38 C11 <wb> C1 <wb> C7 C0 C16 C37 C0 C30 C0 C11 <wb> C31 C0 C29 C0 C36 <wb> C19 C0 C29 C0 C38 C0 C36 C23,train
849,"મેનહટ્ટનના, જિલ્લા, જજ જોન કીનને, એ સ્વીકાર્યું કે, કાર્બાઈડની, ભારતીય શાખા, યુનિયન કાર્બાઈડ ઇન્ડિયા લિમિટેડ, કચરાના નિકાલ.",0,19.492,0,not_selected_by_random,,,,
850,"ડાઉ કોર્પોરેશન, લંડનમાં યોજાનારી, ઓલિમ્પિકમાં, સ્પોન્સર બનવા, આગળ આવ્યું, ત્યારે, વિરોધવંટોળ, જાગ્યો.",0,13.816,1,,gujarati_female_000850.wav,dx aa u <wb> k o r p o r ee sh a n a <wb> l a q dx a n a m a aa q <wb> y o j aa n aa r ii <wb> o l i m p i k a m aa mq <wb> s p o n s a r a <wb> b a n a w a aa <wb> aa g a lx a <wb> aa w a y a u q <wb> t a y a aa r a ee <wb> w i r o dh a w a mq tx o lx a <wb> j a aa g a y a o,C9 C1 C36 <wb> C19 C26 C29 C28 C26 C29 C11 C31 C0 C24 C0 <wb> C21 C0 C23 C9 C0 C24 C0 C22 C0 C1 C23 <wb> C38 C26 C17 C1 C24 C1 C29 C16 <wb> C26 C21 C16 C22 C28 C16 C19 C0 C22 C1 C23 <wb> C30 C28 C26 C24 C30 C0 C29 C0 <wb> C3 C0 C24 C0 C37 C0 C1 <wb> C1 C13 C0 C21 C0 <wb> C1 C37 C0 C38 C0 C36 C23 <wb> C32 C0 C38 C0 C1 C29 C0 C11 <wb> C37 C16 C29 C26 C8 C0 C37 C0 C23 C34 C26 C21 C0 <wb> C17 C0 C1 C13 C0 C38 C0 C26,train
851,"પરંતુ, સહુથી ઉત્તમ, માઘ માસમાં, કૃષ્ણ પક્ષની, ચૌદશની રાત્રીનું, મહાશિવરાત્રી, વ્રત, ઉત્તમ વ્રત, કહે છે.",0,15.572,0,not_selected_by_random,,,,
852,"એક ડાળથી, બીજી ડાળ પર, ખૂબ નજીક થી, ઊડાન ભરતા, દૂધરાજને, નિહાળવો, તે, લ્હાવો, ગણાય છે.",0,13.259,1,,gujarati_female_000852.wav,ee k a <wb> dx aa lx a th ii <wb> b a ii j a ii <wb> dx aa lx a <wb> p a r a <wb> kh a uu b a <wb> n a j a ii k a <wb> th a ii <wb> uu dx aa n a <wb> bh a r a t aa <wb> d uu dh a r aa j a n ee <wb> n i h aa lx a w o <wb> t a ee <wb> l h aa w o <wb> g a nx a aa y a <wb> ch a ee,C11 C19 C0 <wb> C9 C1 C21 C0 C33 C16 <wb> C3 C0 C16 C17 C0 C16 <wb> C9 C1 C21 C0 <wb> C28 C0 C29 C0 <wb> C20 C0 C36 C3 C0 <wb> C24 C0 C17 C0 C16 C19 C0 <wb> C33 C0 C16 <wb> C36 C9 C1 C24 C0 <wb> C4 C0 C29 C0 C32 C1 <wb> C7 C36 C8 C0 C29 C1 C17 C0 C24 C11 <wb> C24 C16 C15 C1 C21 C0 C37 C26 <wb> C32 C0 C11 <wb> C21 C15 C1 C37 C26 <wb> C13 C0 C25 C0 C1 C38 C0 <wb> C6 C0 C11,train
853,"હાલ, હેડ્રોન કોલાઈડર, ચીપ ના, બે, પ્રોટોબીમ્સની, અથડામણો, કરાવવા, સક્ષમ છે.",0,11.169,1,,gujarati_female_000853.wav,h a aa l a <wb> h a ee dx a r a o n a <wb> k a o l a aa ii dx a r a <wb> c ii p a <wb> n a aa <wb> b a ee <wb> p r o tx o b ii m s a n ii <wb> a th a dx aa m a nx o <wb> k a r aa w a w aa <wb> s a k a sx a m a <wb> ch a ee,C15 C0 C1 C21 C0 <wb> C15 C0 C11 C9 C0 C29 C0 C26 C24 C0 <wb> C19 C0 C26 C21 C0 C1 C16 C9 C0 C29 C0 <wb> C5 C16 C28 C0 <wb> C24 C0 C1 <wb> C3 C0 C11 <wb> C28 C29 C26 C34 C26 C3 C16 C22 C30 C0 C24 C16 <wb> C0 C33 C0 C9 C1 C22 C0 C25 C26 <wb> C19 C0 C29 C1 C37 C0 C37 C1 <wb> C30 C0 C19 C0 C31 C0 C22 C0 <wb> C6 C0 C11,train
855,"ફ્યુઅલ સેલ ટેકનોલોજી, આધારિત, વાહનો પર, કન્સેશનના ધોરણે, દસ ટકાની, એક્સાઈઝ ડયુટી, લાદવામાં આવશે.",0,15.496,0,not_selected_by_random,,,,
856,"સમાજવિકાસના, પ્રજાકલ્યાણના કામો, ઉપરાંત, વાઘેશ્વરી મંદિર, જૂનાગઢ, વીરપુર, જલારામની જગ્યા, જોવા મળશે.",0,16.448,0,not_selected_by_random,,,,
857,"કુદરતની અદભૂત, જળસૃષ્ટિમાં, રંગીન માછલીઓ, પોતાનું આગવું, આકર્ષણ છે.",0,10.837,0,not_selected_by_random,,,,
858,"સેલ્સમેન સાથે, ઘણી માથાકૂટ કરીને, ભાવ કસ્યો, ડિસ્કાઉન્ટ લીધું, મ્યુઝિક સિસ્ટમ, ફ્રી મળશે, તેવું, પણ નક્કી કર્યું.",0,16.223,0,not_selected_by_random,,,,
859,"આમ છતાં, રિસર્ચ એન્ડ, એનાલિસિસ વિંગ, રો, ઇન્ટેલિજન્સ બ્યુરો, આઇબી, હાજર હતા.",0,11.68,1,,gujarati_female_000859.wav,aa m a <wb> ch a t a aa q <wb> r a i s a r a c a <wb> ee n a dx a <wb> ee n aa l i s i s a <wb> w i mq g a <wb> r o <wb> i n a tx a ee l a i j a n a s a <wb> b y u r o <wb> aa i b ii <wb> h a aa j a r a <wb> h a t a aa,C1 C22 C0 <wb> C6 C0 C32 C0 C1 C23 <wb> C29 C0 C16 C30 C0 C29 C0 C5 C0 <wb> C11 C24 C0 C9 C0 <wb> C11 C24 C1 C21 C16 C30 C16 C30 C0 <wb> C37 C16 C23 C13 C0 <wb> C29 C26 <wb> C16 C24 C0 C34 C0 C11 C21 C0 C16 C17 C0 C24 C0 C30 C0 <wb> C3 C38 C36 C29 C26 <wb> C1 C16 C3 C16 <wb> C15 C0 C1 C17 C0 C29 C0 <wb> C15 C0 C32 C0 C1,train
860,"અને, આ કંઇ, ઉંડો કૂવો થોડો છે? છીછરું તળાવ છે, એક છલાંગ મારશો, ને સીધા, સામે કિનારે, તમારા જેવાને, વાર કેટલી?.",0,17.827,0,not_selected_by_random,,,,
861,"વારસામાં મળેલી, વીરતાને જાળવી, જાણવા, ઉંમરલાયક થતા, કુસ્તીદંગલ, ઘોડે સવારી, મૂકી દેવા પડે છે.",0,14.74,0,not_selected_by_random,,,,
862,"ઘરમાં, ઝાડુ કાઢવા માટે, આપણે, ઝાડુ, અને સુપડીના બદલે, વેક્યૂમ ક્લિનરનો, ઉપયોગ, કરીએ છીયે.",0,14.263,0,not_selected_by_random,,,,
863,"સિડનીના પ્રખ્યાત, ઓપેરા હાઉસમાં, લોકો, પાંસો, ઓસ્ટ્રિલિયન ડોલર, ચૂકવીને, કોકટેલ પાર્ટીમાં, સામેલ, થયા હતા.",0,16.151,0,not_selected_by_random,,,,
865,"ધોધમાર વરસાદ પડતો હોય, કે, જબરો પવન ફૂંકાતો હોય, ત્યારે, એ તાડપત્રી, ઝૂન ઝૂન, અવાજ કરતી.",0,14.734,0,not_selected_by_random,,,,
866,"મૃગ તારાકમંડળ, અર્થાત્, મૃગ નક્ષત્રમાં, આવેલ, આદ્રા, બીટલગીયુઝ તારામાં, થનારા મહાવિસ્ફોટ, અંગેની છે.",0,15.72,1,,gujarati_female_000866.wav,m rq g a <wb> t aa r aa k a m a mq dx a lx a <wb> a r a th a aa t a <wb> m rq g a <wb> n a k sx a t r a m aa mq <wb> aa w a ee l a <wb> aa d r aa <wb> b ii tx a l a g ii y u jh a <wb> t aa r aa m aa mq <wb> th a n a aa r a aa <wb> m a h aa w i s ph o tx a <wb> a q g a ee n a ii <wb> ch a ee,C22 C29 C13 C0 <wb> C32 C1 C29 C1 C19 C0 C22 C0 C23 C9 C0 C21 C0 <wb> C0 C29 C0 C33 C0 C1 C32 C0 <wb> C22 C29 C13 C0 <wb> C24 C0 C19 C31 C0 C32 C29 C0 C22 C1 C23 <wb> C1 C37 C0 C11 C21 C0 <wb> C1 C7 C29 C1 <wb> C3 C16 C34 C0 C21 C0 C13 C16 C38 C36 C18 C0 <wb> C32 C1 C29 C1 C22 C1 C23 <wb> C33 C0 C24 C0 C1 C29 C0 C1 <wb> C22 C0 C15 C1 C37 C16 C30 C12 C26 C34 C0 <wb> C0 C23 C13 C0 C11 C24 C0 C16 <wb> C6 C0 C11,train
867,"આ દિવસે, શિવભક્તોએ, ઉપવાસ કરી, રાત્રે ભગવાન શંકરની, ષોડશોપચાર પૂજા બાદ, રાત્રે, જાગરણ કરી, પ્રભુ ભજન કર્યુ હતું.",0,16.976,0,not_selected_by_random,,,,
868,"હવે તો, પશ્ચિમ બંગાળ કે, અરબી સમુદ્રમાં, કોઇ નવી સિસ્ટમ, સર્જાય અથવા, તો, સ્થાનિક વાદળો બંધાય તો, ભારે વરસાદ, થવાની, વકી છે.",0,19.054,0,not_selected_by_random,,,,
869,"ધી, ડિવોટે ફ્રેન્ડ, જિગરી દોસ્ત, નામની આ વાર્તામાં, ઈંગ્લેન્ડના, એક, મહાન કટાક્ષ લેખક હતા.",0,12.237,1,,gujarati_female_000869.wav,dh a ii <wb> dx i w o tx ee <wb> ph r ee n dx a <wb> j i g a r ii <wb> d o s t a <wb> n a aa m a n a ii <wb> aa <wb> w a aa r a t a aa m a aa q <wb> ii q g a l a ee n a dx a n a aa <wb> ee k a <wb> m a h a aa n a <wb> k a tx aa k sx a <wb> l a ee kh a k a <wb> h a t a aa,C8 C0 C16 <wb> C9 C16 C37 C26 C34 C11 <wb> C12 C29 C11 C24 C9 C0 <wb> C17 C16 C13 C0 C29 C16 <wb> C7 C26 C30 C32 C0 <wb> C24 C0 C1 C22 C0 C24 C0 C16 <wb> C1 <wb> C37 C0 C1 C29 C0 C32 C0 C1 C22 C0 C1 C23 <wb> C16 C23 C13 C0 C21 C0 C11 C24 C0 C9 C0 C24 C0 C1 <wb> C11 C19 C0 <wb> C22 C0 C15 C0 C1 C24 C0 <wb> C19 C0 C34 C1 C19 C31 C0 <wb> C21 C0 C11 C20 C0 C19 C0 <wb> C15 C0 C32 C0 C1,train
871,"સેલ્સનો, સ્ટાફ સુઘડ, શિષ્ટ, અને નમ્ર હોવાની સાથે, વેચાણ કરવાની, શ્રેષ્ઠ આવડત, ધરાવતો હોવો જોઈયે.",0,14.44,0,not_selected_by_random,,,,
872,"આશા છે કે, ચીનના, ચેન્ગડુ, હુઆન્ગ ઝાહુ, ઝીયાન, અને, ચોંગ ક્વિન્ગ ની જેમ, પ્રખ્યાત છે.",0,13.92,0,not_selected_by_random,,,,
874,"દ્વિજા, એની શાળાનું, આ ગીત ગાય, અને મારાં મનમાં, લાલ માટીવાળા, રસ્તે, એ જ ગાડાના ઘૂઘરાં, ઘમઘમ, ઘમકી ઊઠે છે !",0,18.053,0,not_selected_by_random,,,,
875,"વશરામ કહે, ડબકાં ખવરાવું બે ચાર?, કૂવાને બદલે, વશરામ બોલ્યો, ખવરાવ ને ભાઈ!, દસ બાર.",0,13.045,0,not_selected_by_random,,,,
876,"જો તેઓ, આમ નહીં કરી શક્યા, તો, તેમનો વડાપ્રધાન, ફેસબુક પુરતો જ, મર્યાદિત રહી જશે.",0,13.264,0,not_selected_by_random,,,,
877,"એટલે જ, પીન નંબર કે, પાસવર્ડ આપતી વખતે, બેંક કહે છે કે, પાસવર્ડ, ક્યાંય, લખો નહી, પણ, યાદ રાખો.",0,16.186,0,not_selected_by_random,,,,
878,"પણ, એ સગડી, એ દેવતા, એ હેતાળ હાથ ને, એવાં લાળ ઝરતાં નિર્દોષ મોઢાં, ક્યાંથી લાવું ?",0,13.886,1,,gujarati_female_000878.wav,p a nx a <wb> ee <wb> s a g a dx ii <wb> ee <wb> d a ee w a t a aa <wb> ee <wb> h ee t aa lx a <wb> h a aa th a <wb> n a ee <wb> ee w a aa q <wb> l aa lx a <wb> jh a r a t aa mq <wb> n a i r a d a o sx a <wb> m o dxh aa mq <wb> k a y a aa q th a ii <wb> l aa w u mq,C28 C0 C25 C0 <wb> C11 <wb> C30 C0 C13 C0 C9 C16 <wb> C11 <wb> C7 C0 C11 C37 C0 C32 C0 C1 <wb> C11 <wb> C15 C11 C32 C1 C21 C0 <wb> C15 C0 C1 C33 C0 <wb> C24 C0 C11 <wb> C11 C37 C0 C1 C23 <wb> C21 C1 C21 C0 <wb> C18 C0 C29 C0 C32 C1 C23 <wb> C24 C0 C16 C29 C0 C7 C0 C26 C31 C0 <wb> C22 C26 C10 C1 C23 <wb> C19 C0 C38 C0 C1 C23 C33 C0 C16 <wb> C21 C1 C37 C36 C23,train
879,"ભૂસ્તરીય માધ્યમોમાં, પાણીના પ્રવાહોને, ઓળખવા, ભૂ – ઉષ્મીય, જીઓથર્મલ રીતના, સિદ્ધાંતો, ખૂબ જાણીતા છે.",0,17.014,0,not_selected_by_random,,,,
880,"નેણ સફેદ, પીઠ લીલી, ઢીંઢું વાદળી, પૂંછડી કાળી, પણ, છેડેથી આછી વાદળી, અને, પાંખો કાળાશ પડતી, લીલી જોવા મળી.",0,19.46,0,not_selected_by_random,,,,
881,"સમુદ્ર મંથનમાંથી, પ્રાપ્ત થયેલું, હળાહળ વિષ, શંકરે પીધું, એટલે તેઓ, નીલકંઠ, કહેવાયા.",0,14.174,0,not_selected_by_random,,,,
884,"આ ડિઝિટલ મશીનની ડિઝાઇન, પ્લાનિંગ, અને, મેન્યુફેક્ચરિંગ, કરવા, ખૂબ સમય લાગ્યો છે.",0,12.333,0,not_selected_by_random,,,,
885,"તેમાં, અત્યંત નિમ્ન તાપમાન, જાળવવાનું, હોવાથી, ઉષ્મા, અવાહક, એટલે કે, થર્મલ ઇન્સ્યુલેશન, ઘણો ભાગ, ભજવે છે.",0,16.231,1,,gujarati_female_000885.wav,t a ee m a aa q <wb> a t a y a q t a <wb> n a i m a n a <wb> t a aa p a m a aa n a <wb> j aa lx a w a w aa n u mq <wb> h a o w a aa th a ii <wb> u sx m aa <wb> a w aa h a k a <wb> ee tx a l a ee <wb> k a ee <wb> th a r m a l a <wb> i n s y u l ee sh a n a <wb> gh a nx a o <wb> bh a aa g a <wb> bh a j a w a ee <wb> ch a ee,C32 C0 C11 C22 C0 C1 C23 <wb> C0 C32 C0 C38 C0 C23 C32 C0 <wb> C24 C0 C16 C22 C0 C24 C0 <wb> C32 C0 C1 C28 C0 C22 C0 C1 C24 C0 <wb> C17 C1 C21 C0 C37 C0 C37 C1 C24 C36 C23 <wb> C15 C0 C26 C37 C0 C1 C33 C0 C16 <wb> C36 C31 C22 C1 <wb> C0 C37 C1 C15 C0 C19 C0 <wb> C11 C34 C0 C21 C0 C11 <wb> C19 C0 C11 <wb> C33 C0 C29 C22 C0 C21 C0 <wb> C16 C24 C30 C38 C36 C21 C11 C31 C0 C24 C0 <wb> C14 C0 C25 C0 C26 <wb> C4 C0 C1 C13 C0 <wb> C4 C0 C17 C0 C37 C0 C11 <wb> C6 C0 C11,train
887,"ઓગણીસો છ્યાસીમાં, ડિપાર્ટમેન્ટ ઓફ, એનર્જીનાં ડિરેક્ટર, ચાર્લ્સ, ડેલીસીએ, હ્યુમન જેનોમ, પ્રોજેક્ટ નાં, બીજ, વાવ્યા હતાં.",0,16.312,0,not_selected_by_random,,,,
889,"ઈંડા મુકવાના, કક્ષ પાસે, ઘૂમ્મટમાં, ભીની માટી, ચોંટાડવામાં આવે, જેમાં, માદા ઈંડા મૂકે છે.",0,14.207,0,not_selected_by_random,,,,
890,"મોહનદાસ નામના, બેરિસ્ટરને, પોલોક નામનો, અંગ્રેજી મિત્ર, એક, નાનકડું પુસ્તક, ટ્રેઈનની મુસાફરીમાં, ટાઈમપાસ કરવા, આપે છે.",0,18.715,0,not_selected_by_random,,,,
891,"એક તરફ, કાળઝાળ મોંઘવારી, અને, બીજી તરફ, પાણીની તંગી, પ્રજાને, ત્રાહિમામ, પોકરાવી દેત.",0,14.213,0,not_selected_by_random,,,,
892,"આગામી વર્લ્ડ કપ, ઓગણીસ ફેબ્રુઆરીથી, બે એપ્રિલ, એટલે કે, બેતાલીસ દિવસ જેટલો, લાંબો, ચાલવાનો છે.",0,14.88,0,not_selected_by_random,,,,
893,"વૃક્ષાચ્છાદિત, આ, હરિયાળા શહેરમાં, વસંતનો વૈભવ, અનન્યપણે, વીખરાય છે.",0,12.05,0,not_selected_by_random,,,,
894,"પણ, વાત માત્ર, આટલી જ નથી, એ એમનો, ઓગણીસો બાવીસનો નબિંધ, ‘રાબરી ઓફ સોઇલ’, બાંગલા શીર્ષક, ભોળાભાઈ જાણે, વાંચતાં સમજાય છે.",0,17.531,1,,gujarati_female_000894.wav,p a nx a <wb> w a aa t a <wb> m a aa t a r a <wb> aa tx a l a ii <wb> j a <wb> n a th a ii <wb> ee <wb> ee m a n a o <wb> o g a nx a ii s a o <wb> b aa w ii s a n o <wb> n a b i mq dh a <wb> r aa b a r ii <wb> o ph a <wb> s o i l a <wb> b a aa q g a l a aa <wb> sh ii r sx a k a <wb> bh o lx aa bh aa ii <wb> j a aa nx a ee <wb> w a aa q c a t a aa q <wb> s a m a j a aa y a <wb> ch a ee,C28 C0 C25 C0 <wb> C37 C0 C1 C32 C0 <wb> C22 C0 C1 C32 C0 C29 C0 <wb> C1 C34 C0 C21 C0 C16 <wb> C17 C0 <wb> C24 C0 C33 C0 C16 <wb> C11 <wb> C11 C22 C0 C24 C0 C26 <wb> C26 C13 C0 C25 C0 C16 C30 C0 C26 <wb> C3 C1 C37 C16 C30 C0 C24 C26 <wb> C24 C0 C3 C16 C23 C8 C0 <wb> C29 C1 C3 C0 C29 C16 <wb> C26 C12 C0 <wb> C30 C26 C16 C21 C0 <wb> C3 C0 C1 C23 C13 C0 C21 C0 C1 <wb> C31 C16 C29 C31 C0 C19 C0 <wb> C4 C26 C21 C1 C4 C1 C16 <wb> C17 C0 C1 C25 C0 C11 <wb> C37 C0 C1 C23 C5 C0 C32 C0 C1 C23 <wb> C30 C0 C22 C0 C17 C0 C1 C38 C0 <wb> C6 C0 C11,train
895,"સાબુના પરપોટા, પૃષ્ટતાણ, અલ્પિષ્ઠ પૃષ્ઠો, ફોબોનાસી સંખ્યાઓ, ઋણ સંખ્યાઓ, ગણિત વિજ્ઞાન માં, આવે છે.",0,16.208,1,,gujarati_female_000895.wav,s aa b u n aa <wb> p a r a p o tx aa <wb> p rq sx tx a t aa nx a <wb> a l p i sx txh a <wb> p rq sx txh o <wb> ph o b o n aa s ii <wb> s a mq kh y aa o <wb> nx a <wb> s a mq kh y aa o <wb> g a nx a i t a <wb> w a i j a nj a aa n a <wb> m a aa q <wb> aa w a ee <wb> ch a ee,C30 C1 C3 C36 C24 C1 <wb> C28 C0 C29 C0 C28 C26 C34 C1 <wb> C28 C29 C31 C34 C0 C32 C1 C25 C0 <wb> C0 C21 C28 C16 C31 C35 C0 <wb> C28 C29 C31 C35 C26 <wb> C12 C26 C3 C26 C24 C1 C30 C16 <wb> C30 C0 C23 C20 C38 C1 C26 <wb> C25 C0 <wb> C30 C0 C23 C20 C38 C1 C26 <wb> C13 C0 C25 C0 C16 C32 C0 <wb> C37 C0 C16 C17 C0 C24 C0 C1 C24 C0 <wb> C22 C0 C1 C23 <wb> C1 C37 C0 C11 <wb> C6 C0 C11,train
896,"ઓગણીસો છન્નુની સાલમાં, નો સોર્સ વિલેજ, ની સંખ્યા, વધીને, પાંસઠ હજાર ઉપર, પહોંચી ગઈ હતી.",0,15.62,0,not_selected_by_random,,,,
897,"સાંહીઠ થી સિત્તેર ડીગ્રીએ, તાપમાને, ગુટ્ટાપેર્યા, આલ્ફા ફેઝમાં, આવી સરસ, વહે છે.",0,13.923,0,not_selected_by_random,,,,
898,"વિશ્વ વિખ્યાત, શ્રીમદ ભગવદ ગીતામાં, પણ, અઢાર અઘ્યાય છે.",0,10.36,0,not_selected_by_random,,,,
900,"રથને, જય, અજય, જિન પ્રાણ, જિતાશ્રપ, મનોજિત, જિનક્રોધ, એ, સાત ઘોડા છે.",0,16.238,0,not_selected_by_random,,,,
901,"વરસાદ ખેંચાતાં, ખાંડનો ભાવ, રૂપિયા, ત્રણ હજાર પાનસો પચાસની, રેકોર્ડ ટોચે, એક જ દિવસમાં, ક્વિન્ટલે, રૂપિયા બસ્સો વધ્યા.",0,18.353,0,not_selected_by_random,,,,
902,"અષાઢ માસમાં જ, ગુરૂપૂર્ણિમા ઉજવવા, પછવાડે, કેટલીક મહત્વની બાબતો સંકડાયેલી છે.",0,13.727,0,not_selected_by_random,,,,
903,"મિડ ઓન પર, અલ હસને, બોલને ફિલ્ડ કરીને, વિકેટ કિપર, રહીમને, થ્રો આપ્યો હતો.",0,12.57,0,not_selected_by_random,,,,
904,"વળતાં પુરપાટ દોડતી નદી, ક્યાંથી આવી ગઈ?, એક, પ્રશ્નાર્થ ભરી આંખે, તેણે, પતંગિયાને પૂછ્યું.",0,14.88,0,not_selected_by_random,,,,
906,"બસ્સો પાઉન્ડ, વજનના, રમતવીરને, એકસો અઠ્યાવીસ, થી, એકસો ચોંસઠ ગ્રામ, પ્રોટીનની, જરૃર પડે છે.",0,16.31,0,not_selected_by_random,,,,
908,"સરકારની, નવી નીતિ પ્રમાણે, ઈન્ટરનેટ પર, કોઈ, ધિક્કારાસ્પદ, વિવાદાસ્પદ, કે, ધૃણાસ્પદ ટિપ્પણી, કરવી, એ ગુનો બને છે.",0,16.347,1,,gujarati_female_000908.wav,s a r a k a aa r a n a ii <wb> n a w a ii <wb> n a ii t a i <wb> p a r a m a aa nx a ee <wb> ii n tx a r a n ee tx a <wb> p a r a <wb> k a o ii <wb> dh i k k aa r aa s p a d a <wb> w a i w a aa d a aa s a p a d a <wb> k a ee <wb> dh rq nx aa s p a d a <wb> tx i p p a nx ii <wb> k a r a w a ii <wb> ee <wb> g a u n a o <wb> b a n a ee <wb> ch a ee,C30 C0 C29 C0 C19 C0 C1 C29 C0 C24 C0 C16 <wb> C24 C0 C37 C0 C16 <wb> C24 C0 C16 C32 C0 C16 <wb> C28 C0 C29 C0 C22 C0 C1 C25 C0 C11 <wb> C16 C24 C34 C0 C29 C0 C24 C11 C34 C0 <wb> C28 C0 C29 C0 <wb> C19 C0 C26 C16 <wb> C8 C16 C19 C19 C1 C29 C1 C30 C28 C0 C7 C0 <wb> C37 C0 C16 C37 C0 C1 C7 C0 C1 C30 C0 C28 C0 C7 C0 <wb> C19 C0 C11 <wb> C8 C29 C25 C1 C30 C28 C0 C7 C0 <wb> C34 C16 C28 C28 C0 C25 C16 <wb> C19 C0 C29 C0 C37 C0 C16 <wb> C11 <wb> C13 C0 C36 C24 C0 C26 <wb> C3 C0 C24 C0 C11 <wb> C6 C0 C11,train
909,"પરંતુ, કેટલાંક યંગસ્ટર્સ, તો કેન્ટીનની જગ્યાએ, કોલેજની, બહારની લારીઓ પરથી જ, નાસ્તો, કરવાનું, પસંદ કરે છે.",0,15.17,0,not_selected_by_random,,,,
910,"જન્મ સમયે, તેઓ, શ્યામ વર્ણના, હોવાથી, કૃષ્ણ, અને, યમુના દ્વીપમાં રહેતા, હોવાથી, દ્રૈપાયન, કહેવાયા.",0,15.726,0,not_selected_by_random,,,,
911,"વસ્તુતઃ, બીજી પ્રેયસીથી થયેલા, પુત્રનું અસ્તિત્વ ને, તેની મમ્મીનું મૃત્યુ, ન હોત તો, માસૂમ ની કથા જ નથી.",0,15.74,0,not_selected_by_random,,,,
912,"ચૉકલેટ, ચ્યુંઈંગ ગમના, જમાનાનાં, આ બાળકો, તો કદાચ, થૂંકીયે કાઢે !",0,8.034,1,,gujarati_female_000912.wav,c o k a l ee tx a <wb> c y u mq ii mq g a <wb> g a m a n aa <wb> j a m aa n aa n aa mq <wb> aa <wb> b a aa lx a k a o <wb> t a o <wb> k a d a aa c a <wb> th uu mq k ii y ee <wb> k a aa dxh a ee,C5 C26 C19 C0 C21 C11 C34 C0 <wb> C5 C38 C36 C23 C16 C23 C13 C0 <wb> C13 C0 C22 C0 C24 C1 <wb> C17 C0 C22 C1 C24 C1 C24 C1 C23 <wb> C1 <wb> C3 C0 C1 C21 C0 C19 C0 C26 <wb> C32 C0 C26 <wb> C19 C0 C7 C0 C1 C5 C0 <wb> C33 C36 C23 C19 C16 C38 C11 <wb> C19 C0 C1 C10 C0 C11,train
913,"આપણી, અઢળક ઈચ્છાઓને, સખણી રાખનારા, વૈરાગ્ય, ઉપેક્ષાભાવ વિના, આનંદની, સહજ અનુભૂતિ, શક્ય ખરી?.",0,15.19,0,not_selected_by_random,,,,
914,"આ દેશો, મેક્સિકોના શહેર, લોસ કાબોસમાં, જી વીસ ની, બેઠકને, પ્રભાવિત કરવામાં, સફળ રહ્યા છે.",0,14.141,1,,gujarati_female_000914.wav,aa <wb> d a ee sh a o <wb> m a ee k a s a i k a o n a aa <wb> sh a h a ee r a <wb> l o s a <wb> k aa b o s a m aa mq <wb> j a ii <wb> w a ii s a <wb> n a ii <wb> b ee txh a k a n ee <wb> p a r a bh a aa w a i t a <wb> k a r a w a aa m a aa q <wb> s a ph a lx a <wb> r a h a y a aa <wb> ch a ee,C1 <wb> C7 C0 C11 C31 C0 C26 <wb> C22 C0 C11 C19 C0 C30 C0 C16 C19 C0 C26 C24 C0 C1 <wb> C31 C0 C15 C0 C11 C29 C0 <wb> C21 C26 C30 C0 <wb> C19 C1 C3 C26 C30 C0 C22 C1 C23 <wb> C17 C0 C16 <wb> C37 C0 C16 C30 C0 <wb> C24 C0 C16 <wb> C3 C11 C35 C0 C19 C0 C24 C11 <wb> C28 C0 C29 C0 C4 C0 C1 C37 C0 C16 C32 C0 <wb> C19 C0 C29 C0 C37 C0 C1 C22 C0 C1 C23 <wb> C30 C0 C12 C0 C21 C0 <wb> C29 C0 C15 C0 C38 C0 C1 <wb> C6 C0 C11,train
915,"આ સિલસિલામાં, આપણી સંસદ, આપણી સાંસ્કૃતિક, અને, પ્રાદેશિક ભિન્નતાઓ, તથા, સામાજિક યથાર્થનું, વધુ ઊજળું, દર્પણ બનેલી છે.",0,19.51,0,not_selected_by_random,,,,
916,"આ સવાલ, એટલા માટે ઊભો થયો છે, કેમ કે, સરકારનો, તાજેતરનો, એક નિર્ણય, તેના, ઘોષિત ઉદ્દેશ્યથી, તદ્દન, વિરુદ્ધ છે.",0,16.695,0,not_selected_by_random,,,,
918,"પ્રભુના અંતરંગ ભક્તો, નન્દ, યદવેદા, વ્રજભક્તાદિક, સ્નેહભાવથી, પ્રભુનું, ભજન કરે છે.",0,14.066,0,not_selected_by_random,,,,
919,"એલિફન્ટ મોઝ ફીશ, ગપ્પી, મુનો એન્જલ, જેવી મીઠા, તથા, દરિયાઈ પાણીની, રંગીન માછલીઓને, પ્રદર્શિત કરવામાં, આવી છે.",0,16.845,0,not_selected_by_random,,,,
920,"બને કે, ઉમાશંકરની સહજ, સંનિધિમાં, દેશની વિવિધતામાં, એકતાની ભૂમિકાએ, તેમ, પ્લુરલ ઓળખની, સહજ, સ્વીકૃતિમાં, કોળાયું છે.",0,18.84,0,not_selected_by_random,,,,
921,"આપણે, તેમની રાત્રિઓ, લઈ લીધી છે, તેવા, તેમના વિધાનનું, ઉદાહરણ, ઇંગ્લેન્ડની, યુનિવર્સિટી ઓફ, બ્રિસ્ટોલના, એમ્મા સ્ટોને, પૂરૃં પાડયું છે.",0,18.325,0,not_selected_by_random,,,,
922,"કાળા માથાનો માણસ, ગૉડ પાર્ટિકલ, શોધી કાઢશે, તો, આસ્તિકો, અને શ્રદ્ધાળુઓનું, શું થશે? એવી, જિજ્ઞાસા, વ્યક્ત થઇ.",0,17.833,0,not_selected_by_random,,,,
923,"ઓગસ્ટના, ઘટનાક્રમ પછીના, સલમાન ખુરશીદના, ઉદ્ગારોમાં, અગર તો, ડિસેમ્બરના, ઘટનાક્રમ પછીના, પ્રણવ મુખરજીના, ઉદ્ગારોમાં, જોવા મળશે.",0,18.901,0,not_selected_by_random,,,,
924,"પણ, એક દિવસ અગાઉ, રશિયાની બનાવટના, ક્રાયોજેનિક એન્જીનમાં, એક વાલ્વમાં, લીકેજ જોવા મળતા, ઉડાન, મોકૂફ રખાયેલ છે.",0,18.26,0,not_selected_by_random,,,,
925,"બારી પાસે જ, મહોરેલી રાતરાણીની સુગંધ, પારિજાતનાં, ફૂલોનું, પાછલી રાતે, ચુપચાપ, ખરતા રહેવું.",0,15.26,0,not_selected_by_random,,,,
926,"આફ્રિદીએ, તાજેતરમાં જ, ન્યુઝીલેન્ડ સામેની, વન ડેમાં, પચીસ બોલમાં, પાંચ ચોગ્ગા, અને, પાંચ છગ્ગા સાથે, પાંસઠ રન, ફટકાર્યા હતા.",0,18.56,0,not_selected_by_random,,,,
927,"સત્યમેવ જયતે, જીસ્વ, તરીકે ઓળખાય છે, પરંતુ, સંસ્કૃતના સ્કોલરો, કહે છે.",0,11.613,0,not_selected_by_random,,,,
928,"પાંચ ટકા જગ્યાઓ, પછાત, લઘુમતીઓ માટે, અનામત રાખવાના, કેન્દ્રના પ્રયાસોને, લાગેલા, અદાલતી ઝટકાનો, અર્થ, સ્પષ્ટ છે.",0,17.76,0,not_selected_by_random,,,,
929,"તેમણે, ‘એર ઇન્ડિયા’, હડતાળ પર ઉતરેલા, પાઇલટોથી, ખોરવાયેલી સેવાઓ, પૂર્વવત્‌, કરવા માટે, નવા, સો પાઇલટો ની, ભરતી કરશે.",0,17.58,0,not_selected_by_random,,,,
930,"મેસેચ્યુસેટ્સ ઈન્સ્ટિટયૂટ, ઓફ, ટેક્નોલોજી, અને, હાર્વર્ડ, બિઝનેસ સ્કૂલમાં, તેમને, પ્રવેશ મળી ગયો.",0,13.172,0,not_selected_by_random,,,,
932,"પણ, જ્યારે ધીરજપૂર્વક, મજબૂત પાળીનો, પાયો નાંખવાનો હોય, ત્યારે, રાહુલ દ્રવિડ, બેનમૂન કામગીરી, બજાવતો હતો.",0,15.574,0,not_selected_by_random,,,,
933,"બે હજાર બે ની, સાલમાં, દ્રવિડે, એડિલેડ ખાતે, ઇંગ્લેન્ડ સામે, સદી ફટકારીને, ભારતની ટીમને, જીત, અપાવી હતી.",0,15.72,0,not_selected_by_random,,,,
934,"તૃન્દ્રાઃ, માનવ જીવનની, પ્રકૃતિ બિંબ સાથે, માયા, બુદ્ધિ, વૃત્તિનું, મિલન કરી, જીવનભાવ, રજોગુણ.",0,14.87,0,not_selected_by_random,,,,
935,"આ મંત્ર, જીવન પર્યાંત, ધીરુભાઈ અથવા, સ્ટીવ જોબ્સ, અથવા, રોકફેલર, જેવા, અદભુત લોકોએ, અપનાવ્યો હશે.",0,15.87,0,not_selected_by_random,,,,
936,"હાઈસ્કૂલમાં, ભણવા બેઠો ત્યારે, રેલગાડીમાં, પહેલીવાર બેસવાનો, અનુભવ, રોમાંચ થયેલો.",0,12.481,0,not_selected_by_random,,,,
937,"આપણે, પૂર્વાભિમુખ, થઈએ તો, ક્ષિતિજથી સહેજ ઉંચે, પૂર્વદિશા, અને, પૂર્વ દક્ષિણ દિશા, વચ્ચે, નીલા રંગનો, અત્યંત તેજસ્વી તારો દેખાશે.",0,18.766,0,not_selected_by_random,,,,
938,"પ્લાન્ટમાંથી, લીકેજ થાય, તો, સૌથી પહેલું કામ, ઘરમાં જઈને, દરવાજાં, અને, બારી મુશ્કેટાટ, બંધ કરી દેવાનું, કરવું જોઈએ.",0,17.565,0,not_selected_by_random,,,,
940,"લાકડાના પ્લેટફોર્મ પર, રિમોટ, કે, અન્ય વસ્તુને, ટચ કર્યા વગર, માત્ર, મશીન વડે જ, આ ટાસ્ક, પૂર્ણ થાય છે.",0,15.83,0,not_selected_by_random,,,,
941,"પણ, આપણી ઘ્રાણેન્દ્રિય, સાબદી રહી છે ખરી? સાંજે, ઝીણા ઝીણા, ચિલ્લીરવો, સંભળાય છે.",0,12.865,0,not_selected_by_random,,,,
942,"તો, કેટલાંક તેની, ટીકા કરતાં, કહે છે કે, 'કેગ', પોતાના સત્તા ક્ષેત્રથી, બહાર નીકળીને, સરકારના અધિકાર ક્ષેત્રમાં, પ્રવેશવાનો, પ્રયત્ન, કરી રહી છે.",0,19.86,0,not_selected_by_random,,,,
943,"તેણે, અને નેહરા ની જોડીએ, આખરી વિકેટની, ભાગીદારીમાં, સડત્રીસ રન કરતાં, ભારતનો સ્કોર, બસ્સો થી પાર, પહોંચાડયો હતો.",0,17.442,0,not_selected_by_random,,,,
944,"અમેરિકાની, વિરાટ નદી, એમેઝોનની, તેર હજાર ફુટ નીચે, છ હજાર કિલોમીટર લાંબી, આજે પણ, ખળખળ વહેતી, વિરાટ નદી, શોધી કાઢી છે.",0,18.85,0,not_selected_by_random,,,,
945,"ઓસ્કાર વાઈલ્ડે, વાર્તાના અંતમાં, ઘંટીવાળાના, મોંમાં જ, એવા શબ્દો મૂક્યા છે કે, આપણે, દાદ દેવી પડે!",0,14.738,0,not_selected_by_random,,,,
946,"સાંજે, સાત વાગે, મુહુરત બેશસે, એટલે, પલાણામાં, હજારો શ્રઘ્ધાળુઓ, ઉમટશે.",0,10.588,1,,gujarati_female_000946.wav,s a aa q j a ee <wb> s a aa t a <wb> w a aa g a ee <wb> m u h u r a t a <wb> b ee sh a s ee <wb> ee tx a l a ee <wb> p a l aa nx aa m aa mq <wb> h a j a aa r a o <wb> sh r a gh dh aa lx u o <wb> u m a tx a sh a ee,C30 C0 C1 C23 C17 C0 C11 <wb> C30 C0 C1 C32 C0 <wb> C37 C0 C1 C13 C0 C11 <wb> C22 C36 C15 C36 C29 C0 C32 C0 <wb> C3 C11 C31 C0 C30 C11 <wb> C11 C34 C0 C21 C0 C11 <wb> C28 C0 C21 C1 C25 C1 C22 C1 C23 <wb> C15 C0 C17 C0 C1 C29 C0 C26 <wb> C31 C29 C0 C14 C8 C1 C21 C36 C26 <wb> C36 C22 C0 C34 C0 C31 C0 C11,train
947,"જાયરોસ્કોપના, પ્રતાપે, માથું હલાવવા જેવી, ચેષ્ટાઓથી પણ, ચશ્માને, કમાન્ડ આપી શકાય, એવી ગણતરી છે.",0,14.9,0,not_selected_by_random,,,,
948,"તેના પર, અષાઢ માસના, પૂર્ણચંદ્ર સ્વરૂપ, પૂર્ણ જ્ઞાનનિષ્ઠ, સદ્‌ગુરૂ, પ્રકાશ પાથરે છે.",0,12.43,0,not_selected_by_random,,,,
950,"જોકે હજુ છેલ્લા સ્ટેજમાં, કેન્સરનું નિદાન થાય, તો, તેવા દર્દીને, સંપૂર્ણ રોગમુક્ત કરવા અંગે, કોઇ, રામબાણ, ઇલાજ, મળ્યો નથી.",0,17.485,1,,gujarati_female_000950.wav,j a o k a ee <wb> h a j a u <wb> ch a ee l a l a aa <wb> s tx ee j a m aa mq <wb> k ee n s a r a n u mq <wb> n a i d a aa n a <wb> th a aa y a <wb> t a o <wb> t a ee w a aa <wb> d a r a d a ii n a ee <wb> s a q p a uu r a nx a <wb> r o g a m u k t a <wb> k a r a w a aa <wb> a q g a ee <wb> k a o i <wb> r aa m a b aa nx a <wb> i l aa j a <wb> m a lx a y a o <wb> n a th a ii,C17 C0 C26 C19 C0 C11 <wb> C15 C0 C17 C0 C36 <wb> C6 C0 C11 C21 C0 C21 C0 C1 <wb> C30 C34 C11 C17 C0 C22 C1 C23 <wb> C19 C11 C24 C30 C0 C29 C0 C24 C36 C23 <wb> C24 C0 C16 C7 C0 C1 C24 C0 <wb> C33 C0 C1 C38 C0 <wb> C32 C0 C26 <wb> C32 C0 C11 C37 C0 C1 <wb> C7 C0 C29 C0 C7 C0 C16 C24 C0 C11 <wb> C30 C0 C23 C28 C0 C36 C29 C0 C25 C0 <wb> C29 C26 C13 C0 C22 C36 C19 C32 C0 <wb> C19 C0 C29 C0 C37 C0 C1 <wb> C0 C23 C13 C0 C11 <wb> C19 C0 C26 C16 <wb> C29 C1 C22 C0 C3 C1 C25 C0 <wb> C16 C21 C1 C17 C0 <wb> C22 C0 C21 C0 C38 C0 C26 <wb> C24 C0 C33 C0 C16,train
951,"તે હડતાળ, દરમિયાન બરતરફ કરાયેલા, એકસો એક પાઇલટ વિશે, સહાનુભૂતિભર્યું, વલણ દાખવશે.",0,13.337,0,not_selected_by_random,,,,
952,"વૃક્ષની ઊંચી ડાળ ઉપર, ઝૂલતું, એક ફૂટડું ફૂલ, મને મોહે છે.",0,10.38,0,not_selected_by_random,,,,
953,"પારંપરિક સોલ્યુશન્સ સેલિંગ થી, ઇનસાઇટ સેલિંગ સુધી, આ દેશે, યુએસપીને, એક નવી, ઊંચાઈ સુધી, પહોંચાડી છે.",0,13.862,1,,gujarati_female_000953.wav,p aa r a mq p a r i k a <wb> s o l y u sh a n s a <wb> s ee l i mq g a <wb> th a ii <wb> i n a s aa i tx a <wb> s ee l i mq g a <wb> s a u dh a ii <wb> aa <wb> d a ee sh a ee <wb> y u ee s a p ii n ee <wb> ee k a <wb> n a w a ii <wb> uu q c a aa ii <wb> s a u dh a ii <wb> p a h a o q c a aa dx a ii <wb> ch a ee,C28 C1 C29 C0 C23 C28 C0 C29 C16 C19 C0 <wb> C30 C26 C21 C38 C36 C31 C0 C24 C30 C0 <wb> C30 C11 C21 C16 C23 C13 C0 <wb> C33 C0 C16 <wb> C16 C24 C0 C30 C1 C16 C34 C0 <wb> C30 C11 C21 C16 C23 C13 C0 <wb> C30 C0 C36 C8 C0 C16 <wb> C1 <wb> C7 C0 C11 C31 C0 C11 <wb> C38 C36 C11 C30 C0 C28 C16 C24 C11 <wb> C11 C19 C0 <wb> C24 C0 C37 C0 C16 <wb> C36 C23 C5 C0 C1 C16 <wb> C30 C0 C36 C8 C0 C16 <wb> C28 C0 C15 C0 C26 C23 C5 C0 C1 C9 C0 C16 <wb> C6 C0 C11,train
954,"વિગતવાર સ્કેનિંગ, અને, બાયોપ્સી કરાવ્યા બાદ, રિપોર્ટસમાં, એવો નિર્દેશ થયો હતો, કે, એ કેન્સરની, ગાંઠ નથી.",0,15.389,0,not_selected_by_random,,,,
955,"છતાં, ત્યાંથી દુનિયાના, સૌથી શક્તિશાળી, આતંકવાદી, સંગઠનનું, નેતૃત્વ કરતાં, કિલ્લે બંધ, રહેણાંક છે.",0,14.74,0,not_selected_by_random,,,,
956,"ઘઉં, ચોખા, કઠોળ, અશુધ્ધ ખાદ્યતેલ, અને, બટર પરનો, આયાત કર, રદ કરવામાં, આવ્યો છે.",0,14.86,0,not_selected_by_random,,,,
958,"રૂપલબેન કહે છે, કોલેજના સ્ટુડન્ટ્‌સ, જો, પોકેટ મની વડે, સમાજની સેવા કરતા હોય, તો, અમે પણ, અમારા કામ વડે, સમાજને, મદદરૂપ થઇ શકીએ, છીએ.",0,18.762,1,,gujarati_female_000958.wav,r uu p a l a b ee n a <wb> k a h a ee <wb> ch a ee <wb> k a o l a ee j a n a aa <wb> s tx u dx a n tx s a <wb> j a o <wb> p o k ee tx a <wb> m a n ii <wb> w a dx a ee <wb> s a m a aa j a n a ii <wb> s a ee w a aa <wb> k a r a t a aa <wb> h a o y a <wb> t a o <wb> a m a ee <wb> p a nx a <wb> a m a aa r a aa <wb> k a aa m a <wb> w a dx a ee <wb> s a m a aa j a n a ee <wb> m a d a d a r a uu p a <wb> th a i <wb> sh a k a ii ee <wb> ch a ii ee,C29 C36 C28 C0 C21 C0 C3 C11 C24 C0 <wb> C19 C0 C15 C0 C11 <wb> C6 C0 C11 <wb> C19 C0 C26 C21 C0 C11 C17 C0 C24 C0 C1 <wb> C30 C34 C36 C9 C0 C24 C34 C30 C0 <wb> C17 C0 C26 <wb> C28 C26 C19 C11 C34 C0 <wb> C22 C0 C24 C16 <wb> C37 C0 C9 C0 C11 <wb> C30 C0 C22 C0 C1 C17 C0 C24 C0 C16 <wb> C30 C0 C11 C37 C0 C1 <wb> C19 C0 C29 C0 C32 C0 C1 <wb> C15 C0 C26 C38 C0 <wb> C32 C0 C26 <wb> C0 C22 C0 C11 <wb> C28 C0 C25 C0 <wb> C0 C22 C0 C1 C29 C0 C1 <wb> C19 C0 C1 C22 C0 <wb> C37 C0 C9 C0 C11 <wb> C30 C0 C22 C0 C1 C17 C0 C24 C0 C11 <wb> C22 C0 C7 C0 C7 C0 C29 C0 C36 C28 C0 <wb> C33 C0 C16 <wb> C31 C0 C19 C0 C16 C11 <wb> C6 C0 C16 C11,train
959,"બસ, આટલી વાત, પાકી થઈ જાય, તો, સાવ દુઃખ મુક્ત નહિ, તો ઘણાં બધાં, દુઃખોને, તમારા ઘરના બારણે જ, પાછાં વાળી શકશો.",0,16.577,0,not_selected_by_random,,,,
960,"માનવ દેહે, જ્યાર સુધી, વૃત્તિ શુદ્ધ ન થાય, ત્યાં સુધી, ઈશ્વર યોની, માનવ યોની, પશુ યોની, પક્ષી યોનીમાં, ભટકાળે છે.",0,17.795,0,not_selected_by_random,,,,
961,"સ્વામિ વિવેકાનંદજી એ, વિશ્વમાં સહુને, ફ્રિડમ, અને, હેપીનેસ મળે, અને, નોલેજ મળે, તેવા સમાજની, હિમાયત, કરી હતી.",0,16.514,0,not_selected_by_random,,,,
962,"આ જ કારણે, તેના, રેટિંગ ફર્મ વેન્ડરને, રેડ, ગ્રીન, અને, અંબર શ્રેણીમાં, નિરૂપિત કરે છે.",0,14.147,0,not_selected_by_random,,,,
963,"ત્યારબાદ, પંદર સેકન્ડ પછી, જી એસ એલ વી થી, ઉપગ્રહ, છૂટો પડે, અને, ટ્રાન્સફર ઓરબીટમાં, ગોઠવાય છે.",0,14.2,0,not_selected_by_random,,,,
964,"શ્રીમતી હેરીસ નામની, આઇરીશ મહિલા, પ્રેતાત્મા સાથે, સંપર્ક સાધનાર, શ્રેષ્ઠ માઘ્યમ, મિડીયમ હતી.",0,14.53,0,not_selected_by_random,,,,
966,"લેખનકાર્ય માટે, સ્પષ્ટ વિચાર, અને, શબ્દોના વિશાળ સંગ્રહની, સાથે – સાથે, સારા મૂડની પણ, જરૂર હોય છે.",0,14.288,0,not_selected_by_random,,,,
967,"ઈપીઆરના, વિવિધ માળખાં, બનાવવામાં, ચાર લાખ મિલિયન ટન, કોંક્રિટ, વપરાયું છે.",0,13.14,0,not_selected_by_random,,,,
968,"અમદાવાદની, ગર્લ્સ, અને, વુમન પોતાના, ગ્લેમરસ લુકને, લઇને, એકદમ, અવેર, થઇ ગઇ છે.",0,13.12,0,not_selected_by_random,,,,
969,"ગણિતને, રસપ્રદ બનાવવા, રાવસાહેબે, બસ્સો થી વધારે, મોડેલો, ટીચીંગ એઈડ્ઝ, અને, પઝલ્સ, તૈયાર કર્યા હતા.",0,15.647,0,not_selected_by_random,,,,
970,"વળી, સેનાના, વ્યુહાત્મક પ્રોજેક્ટનું, ઓડિટિંગ પણ, સામાન્ય પ્રક્રિયા હેઠળ, હાથ, નથી ધરાતું.",0,12.92,0,not_selected_by_random,,,,
971,"કદીક, હોંશભેર ભીંતે, લટકાવેલી, અમારાં, ત્રણેયની, બાળપણની છબિઓ, નીચે ઉતારાઈ.",0,12.039,0,not_selected_by_random,,,,
972,"ઉત્તર પ્રદેશમાં, કોંગ્રેસ અને ભાજપે, વિરોધ પક્ષ તરીકે, પોતાની હાજરી, મજબૂત બનાવવાના, છે.",0,12.52,0,not_selected_by_random,,,,
973,"જો એ શક્ય બને તો, પછી, ચશ્માનું બટન દબાવીને, મૌખિક સવાલ પૂછવાનો છે.",0,11.75,0,not_selected_by_random,,,,
975,"મારે, અર્જુન સાથે, વેર છે, તેણે, ખાંડવવન, સળગાવીને, મારા બધા સ્વજનોને, મારી નાખ્યા હતા.",0,14.39,0,not_selected_by_random,,,,
976,"ફ્યુઅલ સેલ ટેકનોલોજી આધારિત, વાહનો પર, કન્સેશનના ધોરણે, દસ ટકાની, એક્સાઈઝ ડ્યુટી, લાદવામાં આવશે.",0,15.399,0,not_selected_by_random,,,,
977,"સ્વામી વિવેકાનંદ, સ્પષ્ટ કહે છે કે, માણસ જો, માણસનું દુઃખ સમજે, તેને મદદ કરે, તો, આ પૃથ્વી પરથી, ઘણાંબધાં, દુઃખો અદૃશ્ય થઈ જાય.",0,19.356,0,not_selected_by_random,,,,
978,"અગ્નિનો, ભારતીય સૈન્યમાં, સમાવેશ થતાં, ભારત, પાંચ હજાર કિલોમીટર દૂર, સુધીની, મારણ ક્ષમતા ધરાવતું, થઈ જશે.",0,16.405,0,not_selected_by_random,,,,
979,"પ્લેનેટરી સોસાયટી નામનું, એક, બીન સરકારી, અને, નોન પ્રોફીટ ઓર્ગેનાઈઝેશન, આ પ્રયોગ, કરવા માંગે છે.",0,14.3,0,not_selected_by_random,,,,
980,"બાકી, અમીર, અને ગરીબ વચ્ચે, દોસ્તી બંધાય, તોય, લાંબું ના ચાલે!",0,10.424,0,not_selected_by_random,,,,
981,"લેખનકાર્ય માટે, સ્પષ્ટ વિચાર, અને, શબ્દોના વિશાળ સંગ્રહની, સાથે-સાથે, સારા મૂડની પણ, જરૂર હોય છે.",0,14.281,0,not_selected_by_random,,,,
982,"ધૂળ ખંખેરતો, અને, હાડકાં પંપાળતો, ઘર ભણી, નાઠો હતો.",0,8.97,0,not_selected_by_random,,,,
983,"પણ, પોતાનાં સંતાનોને, રમત ગમત તરફ, ઢળતાં જોઇને, માબાપોએ, સરકારના, ફતવાછાપ નિર્ણયને, ખેલદિલીપૂર્વક, વખાણ્યો.",0,16.138,1,,gujarati_female_000983.wav,p a nx a <wb> p a o t a aa n a aa q <wb> s a q t a aa n a o n a ee <wb> r a m a t a <wb> g a m a t a <wb> t a r a ph a <wb> dxh a lx a t aa mq <wb> j o i n ee <wb> m aa b aa p o ee <wb> s a r a k a aa r a n a aa <wb> ph a t a w aa ch aa p a <wb> n a i r a nx a y a n a ee <wb> kh ee l a d i l ii p uu r w a k a <wb> w a kh aa nx y o,C28 C0 C25 C0 <wb> C28 C0 C26 C32 C0 C1 C24 C0 C1 C23 <wb> C30 C0 C23 C32 C0 C1 C24 C0 C26 C24 C0 C11 <wb> C29 C0 C22 C0 C32 C0 <wb> C13 C0 C22 C0 C32 C0 <wb> C32 C0 C29 C0 C12 C0 <wb> C10 C0 C21 C0 C32 C1 C23 <wb> C17 C26 C16 C24 C11 <wb> C22 C1 C3 C1 C28 C26 C11 <wb> C30 C0 C29 C0 C19 C0 C1 C29 C0 C24 C0 C1 <wb> C12 C0 C32 C0 C37 C1 C6 C1 C28 C0 <wb> C24 C0 C16 C29 C0 C25 C0 C38 C0 C24 C0 C11 <wb> C20 C11 C21 C0 C7 C16 C21 C16 C28 C36 C29 C37 C0 C19 C0 <wb> C37 C0 C20 C1 C25 C38 C26,train
984,"આવો તારાનું હાર્દ, એટલું તો દળદાર હોય છે કે, તે, વ્હાઈટ ડ્વાર્ફ સ્થિતિમાં, અટકતો નથી.",0,13.597,0,not_selected_by_random,,,,
985,"કેન્દ્ર સરકારની, મહિલા, અને, બાળ વિકાસ પ્રધાન, શ્રીમતિ, કૃષ્ણા તિર્થે, સેક્સ માં થતા, ઘટાડા પર, ચિંતા, પ્રગટ કરી છે.",0,17.717,0,not_selected_by_random,,,,
986,"માસિક ધોરણે, પોલ્ટ્રી ચીકન, સાત ટકા, ચણા, છ ટકા, મસુર, ચાર ટકા, ફળો શાકભાજી માં, પાંચ ટકા, ભાવ વધારો, જોવા મળ્યો હતો.",0,19.279,0,not_selected_by_random,,,,
987,"અન્ય ઋતુમાં, આ, રૂક્ષ વૃક્ષ, ખાલી ખાખરો લાગે; પણ, વસંતમાં, તો બસ, વૈભવી, પલાશ જ!",0,14.241,0,not_selected_by_random,,,,
988,"કેરળ સરકારે, સ્ટેમ્પેડમાં, મૃત્યુ પામનારાના, પરિવાર જનો માટે, પાંચ લાખ રુપિયાની, મદદ, જાહેર કરી હતી.",0,14.117,0,not_selected_by_random,,,,
989,"સિંહે, જાળમાંથી છૂટવાં, ઘણાં ફાંફાં માર્યાં, પણ, કંઈ વળ્યું નહિ!, થાકીને, સિંહે, ગર્જના, કરવા માંડી.",0,15.299,0,not_selected_by_random,,,,
990,"બીજા સેટમાં, યોકોવિચે, પ્રારંભમાં, સળંગ ચાર પોઇન્ટ જીત્યા હતા, અને, ત્યાર બાદ, મરેની સર્વિસ તોડીને, બે શૂન્ય થી, સરસાઇ, મેળવી હતી.",0,18.271,0,not_selected_by_random,,,,
991,"વયોવૃઘ્ધ, ડાહયાભાઈ વકતાભાઈ ગજ્જર, એંસી વર્ષ પહેલાંના, સ્મરણો, વાગોળતાં હતા.",0,12.374,0,not_selected_by_random,,,,
992,"વૃક્ષોનાં વૃક્ષોને, અખંડ પણે, એકસાથે, કૂંપળ ખચિત, જોવાનું ભાગ્ય, બધાંને નસીબ, નથી હોતું.",0,13.37,0,not_selected_by_random,,,,
993,"બે હજાર બાર, ઓલમ્પિક રમતોત્સવમાં, એક, પ્રેક્ષક તરીકે, જવાનો અનુભવ, મારે માટે, જીવનભર, યાદગાર બની રહેશે.",0,15.847,0,not_selected_by_random,,,,
994,"સ્ત્રીને મળતો પગાર, એને, સહેવી પડતી કઠિન પરિસ્થિતિઓ એ, બધાની સાથોસાથ, મેંગ્લોરમાં, બીડી વાળનારી, જોવા મળે છે.",0,15.873,0,not_selected_by_random,,,,
995,"તેમના ડમરૂના નાદમાંથી, વ્યાકરણશાસ્ત્રોના, બીજમંત્રો, પ્રાપ્ત થાય છે.",0,10.386,0,not_selected_by_random,,,,
996,"ઘણીવાર, તેની હાજરીથી, દુશ્મનો અજાણ હોય છે, અને, સપાટી પરના, યુદ્ધ જહાજને, તે, પળવારમાં, ડૂબાડી શકે છે.",0,16.167,0,not_selected_by_random,,,,
997,"આ, બીગ બેંગ થિયરી છે, જેમાં, પદાર્થ, કેન્દ્ર તરફ, ખેંચાઈ, પ્રચંડ દબાણને, લીધે, ફરી વિસ્ફોટ થઈ, પદાર્થ, બહાર ફેંકાય છે.",0,18.4,0,not_selected_by_random,,,,
998,"જીવનના, અર્ધ સત્ય, જ્ઞાન સાથે, જીવન યાત્રાનો, સાચો અર્થ, પ્રગટ કરી, શકાય છે.",0,12.99,0,not_selected_by_random,,,,
999,"ન ભુલાય તેવું દશ્ય!, મિલેશિયાનો, જાંબલી રંગ, નીલ મહોર, જેટલો, દેખીતો, ભભકદાર, નથી હોતો; પણ, એની રંગછાયા, વધુ સંકુલ, હોય છે.",0,19.794,0,not_selected_by_random,,,,
1000,"બીઆરટીએસ, ઓગસ્ટ સુધી, પૂર્ણ કરાશે, જ્યારે, મોડલ રોડના, સ્ટ્રીટ વેન્ડર્સને, એકત્રીસમી જુલાઈ સુધીમાં, ખસેડાશે.",0,16.44,0,not_selected_by_random,,,,
1002,"તુલસીદાસજી, રામાયણના પ્રથમ કાંડમાં, મંગલા – ચરણના, બીજા શ્લોક માં, લખે છે કે",0,12.039,0,not_selected_by_random,,,,
1003,"આ કામ, કૌશલ્ય, માંગી લે છે, હિરાની ચમક, અને, ઝગ – મગાટ, તેના, પ્રગટકીય ગુણધર્મ ને, આભારી છે.",0,16.1,0,not_selected_by_random,,,,
1004,"યાહૂ મેસેન્જર, ચેટ સર્વિસ પર, ખાન ડૂડલ નામના, ટુલથી, લેસન બનાવવા લાગ્યા.",0,12.368,0,not_selected_by_random,,,,
1006,"પશ્ચિમ બંગાળની, વરસાદની સિસ્ટમ, જો ગુજરાતની દિશામાં ફંટાશે, તો, વઘુ વરસાદ, પડશે.",0,12.75,0,not_selected_by_random,,,,
1007,"મિત્રતાની બુલંદ ઈમારતનો પાયો, સ્વાર્થ રહિત, સ્પંદનો ઉપર, રચાયેલો હોય છે.",0,11.208,0,not_selected_by_random,,,,
1009,"જીવનના અર્ધ સત્ય જ્ઞાન સાથે, જીવન યાત્રાનો, સાચો અર્થ, પ્રગટ કરી શકાય છે.",0,11.74,0,not_selected_by_random,,,,
1010,"કર્ણ, કૌરવ પક્ષે રહ્યો, પણ, ભીષ્મ પિતામહના, નેતૃત્વ નીચે, તેણે, લડવાની ના પાડી, તે વાતને, કેમ મૂલવી શકાય?",0,16.347,0,not_selected_by_random,,,,
1011,"એવામાં એણે, મુલ્લાં નસરુદ્દીનને, વરસાદથી બચવા, દોટ કાઢીને, જતા જોયા.",0,9.334,1,,gujarati_female_001011.wav,ee w aa m aa mq <wb> ee nx a ee <wb> m u l l aa mq <wb> n a s a r u d d ii n a n ee <wb> w a r a s aa d a th ii <wb> b a c a w a aa <wb> d o tx a <wb> k a aa dxh a ii n a ee <wb> j a t a aa <wb> j a o y a aa,C11 C37 C1 C22 C1 C23 <wb> C11 C25 C0 C11 <wb> C22 C36 C21 C21 C1 C23 <wb> C24 C0 C30 C0 C29 C36 C7 C7 C16 C24 C0 C24 C11 <wb> C37 C0 C29 C0 C30 C1 C7 C0 C33 C16 <wb> C3 C0 C5 C0 C37 C0 C1 <wb> C7 C26 C34 C0 <wb> C19 C0 C1 C10 C0 C16 C24 C0 C11 <wb> C17 C0 C32 C0 C1 <wb> C17 C0 C26 C38 C0 C1,train
1012,"ગણિતનો રસથાળ, પીરસનાર અધ્યાપક, રાવ સાહેબનો, એકસો ત્રણ વર્ષે, દેહવિલય.",0,11.497,0,not_selected_by_random,,,,
1013,"વર્લ્ડ કપ બાદ, તરતજ, આઈપીએલમાં, દસ ટીમો વચ્ચે, જંગ જામશે, ભારત, વેસ્ટ ઇન્ડિઝ અને, ઈંગ્લેન્ડનો, પ્રવાસ, ખેડશે.",0,14.93,1,,gujarati_female_001013.wav,w a r a l a dx a <wb> k a p a <wb> b a aa d a <wb> t a r a t a j a <wb> aa ii p a ii ee l a m a aa q <wb> d a s a <wb> tx a ii m a o <wb> w a c a c a ee <wb> j a q g a <wb> j aa m a sh ee <wb> bh a aa r a t a <wb> w a ee s a tx a <wb> i n dx i jh a <wb> a n a ee <wb> ii mq g l ee n dx a n o <wb> p a r a w a aa s a <wb> kh ee dx a sh ee,C37 C0 C29 C0 C21 C0 C9 C0 <wb> C19 C0 C28 C0 <wb> C3 C0 C1 C7 C0 <wb> C32 C0 C29 C0 C32 C0 C17 C0 <wb> C1 C16 C28 C0 C16 C11 C21 C0 C22 C0 C1 C23 <wb> C7 C0 C30 C0 <wb> C34 C0 C16 C22 C0 C26 <wb> C37 C0 C5 C0 C5 C0 C11 <wb> C17 C0 C23 C13 C0 <wb> C17 C1 C22 C0 C31 C11 <wb> C4 C0 C1 C29 C0 C32 C0 <wb> C37 C0 C11 C30 C0 C34 C0 <wb> C16 C24 C9 C16 C18 C0 <wb> C0 C24 C0 C11 <wb> C16 C23 C13 C21 C11 C24 C9 C0 C24 C26 <wb> C28 C0 C29 C0 C37 C0 C1 C30 C0 <wb> C20 C11 C9 C0 C31 C11,train
1014,"અન્ય પછાત વર્ગો માટે, સરકારી નોકરિયો, અને, શેક્ષણિક સંસ્થાઓમાં, સત્યવિસ ટકા, અનામત, અપાઈ છે",0,13.963,0,not_selected_by_random,,,,
1015,"વાયોલન્ટ સીન જોનાર બાળકનો મિજાજ, કુદરતી રીતે, સહેજ આક્રમક અને, ચીડિયો બને છે.",0,12.995,0,not_selected_by_random,,,,
1016,"એટલા માટે, વરસાદમાં, જેવી બાહ્ય સૃષ્ટિમાં, જીવન સમૃદ્ધિ, દેખાય છે, તેવી, હૃદય સમૃદ્ધિ, મને પણ, મળે છે.",0,15.225,0,not_selected_by_random,,,,
1017,"ટાઈટેનિયમ નામની, સબ મરીનનું, સ્ટીલમાંથી બનેલું માળખું, હજીરા ખાતે, 'લાર્સન અને, ટુબ્રો' કંપનીએ, તૈયાર કર્યું છે.",0,16.169,0,not_selected_by_random,,,,
1018,"બીગ બેંગ થિયરી, પ્રચંડ વિસ્ફોટ સિધ્ધાંત વિષે, હાથ ધરાયેલો આ પ્રયોગ, બે હજાર અગિયાર સુધી, વારંવાર, કરતા રહેલા.",0,15.37,0,not_selected_by_random,,,,
1019,"બ્રિસ્બેન શહેરના, વીસ લાખ લોકો, ખોરાક, દૂધની અછતનો, સામનો કરી રહ્યા છે, અને, હવે, અંધારપટનો, સામનો કરવા, ઝઝૂમી રહ્યા છે.",0,18.8,0,not_selected_by_random,,,,
1020,"અને, ઓગણીસો સીત્યોતેર માં, તેની ધર્મેન્દ્ર સાથે, ડ્રીમ ગર્લ નામની, ફિલ્મ, આવી ત્યારથી જ, તેને બોલીવૂડની, ડ્રીમ ગર્લ, ગણવામાં આવે છે.",0,17.904,0,not_selected_by_random,,,,
1021,"પણ સત્તા ને સંપત્તિના લોભે, ચાલતી લૂટ, તે ક્યાં સુધી વેંઢારી, શકવાની હતી, એમણે, પૂછ્યું છે.",0,14.415,0,not_selected_by_random,,,,
1022,"ઉત્તરાયણ, મકર સંક્રાતિ, એ, ઐતિહાસિક, સાંસ્કૃતિક, અને, ભૌગોલિક ઘટના છે.",0,11.502,0,not_selected_by_random,,,,
1023,"પણ જો, એને કેવળ, કૉંગ્રેસજ દેખાય, તો, એ એક, મોટી લડતને, સાંકડી તેળમાં, નાખવા જેવું છે.",0,14.435,0,not_selected_by_random,,,,
1024,"કોઇ કિસાન, પોતાનો ત્રણસો ફૂટનો, ટ્યુબવેલ વધારીને, ચારસો ફૂટનો, કરી નાખે, તો, તે બઘું પાણી, ખેંચી લે છે.",0,15.066,0,not_selected_by_random,,,,
1026,"હોમો સેપિયન્સ એટલે, અર્વાચીન માનવી. એ આજથી, લગભગ, બાર થી ચૌદ હજાર વર્ષો પહેલાં, છેક, પૂર્વ એશિયા નજીક, થયો ગણાય.",0,19.54,0,not_selected_by_random,,,,
1027,"આ પુસ્તકની, તીવ્ર અસર, હેઠળજ, આખી સર્વોદયની, વિચારધારા આવી, અને, ગાંધીને, દરિદ્ર નારાયણ ની, સેવાનો, માર્ગ મળ્યો.",0,17.425,0,not_selected_by_random,,,,
1028,"ખાસ જગ્યામાં, રાખેલ, કોમ્પ્યૂટર માંથી, કમાંડ સંકેતો, પ્રથમ તબક્કામાં, રોકેટને, ધક્કો લગાવશે.",0,14.216,0,not_selected_by_random,,,,
1029,"જેમની જિનેટિક બ્લૂ પ્રિન્ટમાં, એકવડા બાંધાના જ રહેવાનું, પ્રોગ્રામિંગ થયું હોય.",0,9.172,1,,gujarati_female_001029.wav,j ee m a n ii <wb> j i n ee tx i k a <wb> b l uu <wb> p r i n tx a m aa mq <wb> ee k a w a dx aa <wb> b aa mq dh aa n aa <wb> j a <wb> r a h a ee w a aa n a u q <wb> p r o g r aa m i mq g a <wb> th a y a u q <wb> h a o y a,C17 C11 C22 C0 C24 C16 <wb> C17 C16 C24 C11 C34 C16 C19 C0 <wb> C3 C21 C36 <wb> C28 C29 C16 C24 C34 C0 C22 C1 C23 <wb> C11 C19 C0 C37 C0 C9 C1 <wb> C3 C1 C23 C8 C1 C24 C1 <wb> C17 C0 <wb> C29 C0 C15 C0 C11 C37 C0 C1 C24 C0 C36 C23 <wb> C28 C29 C26 C13 C29 C1 C22 C16 C23 C13 C0 <wb> C33 C0 C38 C0 C36 C23 <wb> C15 C0 C26 C38 C0,train
1030,"આ અંગે, શેમ તારાપોર વાળા કહે છે કે, આ મશીનમાં, જે પણ કંઇ, સ્ક્રીનમાં હોય, તે વોઇસમાં,, સંભળાય છે.",0,14.842,0,not_selected_by_random,,,,
1031,"પત્રમાં લખેલું હતું, કે, વાંજિયા મેણુ ભાગ્યું, અને, ચાલીસ વર્ષ બાદ, પુત્રનો જન્મ થયો, ત્યારે, દિકરીની ખુશીઓ, સમાતી નહતી.",0,17.786,0,not_selected_by_random,,,,
1032,"હવે તેઓ, તેમની ટ્રેનિંગ, અને, ફીટનેસ જાળવી રાખવાના, શેડયુલનો, આરંભ કરી દેશે.",0,9.567,1,,gujarati_female_001032.wav,h a w a ee <wb> t a ee o <wb> t a ee m a n a ii <wb> tx a r a ee n a i q g a <wb> a n a ee <wb> ph ii tx a n ee s a <wb> j a aa lx a w a ii <wb> r a aa kh a w a aa n a aa <wb> sh ee dx a y u l a n o <wb> aa r a q bh a <wb> k a r a ii <wb> d a ee sh a ee,C15 C0 C37 C0 C11 <wb> C32 C0 C11 C26 <wb> C32 C0 C11 C22 C0 C24 C0 C16 <wb> C34 C0 C29 C0 C11 C24 C0 C16 C23 C13 C0 <wb> C0 C24 C0 C11 <wb> C12 C16 C34 C0 C24 C11 C30 C0 <wb> C17 C0 C1 C21 C0 C37 C0 C16 <wb> C29 C0 C1 C20 C0 C37 C0 C1 C24 C0 C1 <wb> C31 C11 C9 C0 C38 C36 C21 C0 C24 C26 <wb> C1 C29 C0 C23 C4 C0 <wb> C19 C0 C29 C0 C16 <wb> C7 C0 C11 C31 C0 C11,train
1033,"મૂળ, માડાગાસ્કરના, આ, મહાશય ભારતીય ઉનાળાના, આગ ઝરતા આભની નીચે, પણ, હસી હસીને, ફૂલ ઝર્યા કરે છે.",0,15.6,0,not_selected_by_random,,,,
1034,"જો કે, રૈના પણ, સાઉથ આફ્રિકા, અને, તે અગાઉ, ન્યુઝીલેન્ડ સામેની, શ્રેણીમાં, ફ્લોપ નીવડ્તો હતો.",0,13.78,0,not_selected_by_random,,,,
1035,"ત્રણસો ઈકોતેર રનના, પડકાર સામે, બાંગ્લાદેશના, પચાસ ઓવરોમાં, નવ વિકેટે, બસ્સો ત્યાંસી રન, અને, ભારતનો, સીત્યાસી રનથી, વિજય.",0,19.491,0,not_selected_by_random,,,,
1036,"હોમીયાર, મોમેડજી, બોમ્બેના બ્લાઇન્ડ કોલેજ ના, પ્રોફેસર છે",0,7.314,1,,gujarati_female_001036.wav,h o m ii y aa r a <wb> m o m ee dx a j ii <wb> b o m b ee n aa <wb> b a l a aa i n a dx a <wb> k a o l a ee j a <wb> n a aa <wb> p a r a o ph a ee s a r a <wb> ch a ee,C15 C26 C22 C16 C38 C1 C29 C0 <wb> C22 C26 C22 C11 C9 C0 C17 C16 <wb> C3 C26 C22 C3 C11 C24 C1 <wb> C3 C0 C21 C0 C1 C16 C24 C0 C9 C0 <wb> C19 C0 C26 C21 C0 C11 C17 C0 <wb> C24 C0 C1 <wb> C28 C0 C29 C0 C26 C12 C0 C11 C30 C0 C29 C0 <wb> C6 C0 C11,train
1037,"ઓગણીસો છન્નું માં, હરિદ્વારમાં યોજાયેલા, કુંભમેળામાં, ધક્કા મુક્કી થતાં, ઓગણ ચાલીસ લોકોના, મોત, થયાં હતાં.",0,12.841,1,,gujarati_female_001037.wav,o g a nx a ii s a o <wb> ch a n a n a u q <wb> m a aa q <wb> h a r i d w aa r a m aa mq <wb> y o j aa y ee l aa <wb> k u mq bh a m ee lx aa m aa mq <wb> dh a k k aa <wb> m u k k ii <wb> th a t a aa q <wb> o g a nx a <wb> c a aa l a ii s a <wb> l a o k a o n a aa <wb> m a o t a <wb> th a y a aa q <wb> h a t a aa q,C26 C13 C0 C25 C0 C16 C30 C0 C26 <wb> C6 C0 C24 C0 C24 C0 C36 C23 <wb> C22 C0 C1 C23 <wb> C15 C0 C29 C16 C7 C37 C1 C29 C0 C22 C1 C23 <wb> C38 C26 C17 C1 C38 C11 C21 C1 <wb> C19 C36 C23 C4 C0 C22 C11 C21 C1 C22 C1 C23 <wb> C8 C0 C19 C19 C1 <wb> C22 C36 C19 C19 C16 <wb> C33 C0 C32 C0 C1 C23 <wb> C26 C13 C0 C25 C0 <wb> C5 C0 C1 C21 C0 C16 C30 C0 <wb> C21 C0 C26 C19 C0 C26 C24 C0 C1 <wb> C22 C0 C26 C32 C0 <wb> C33 C0 C38 C0 C1 C23 <wb> C15 C0 C32 C0 C1 C23,train
1038,"આમ, ગેબના ગાયક, બાપુસાહેબ ગાયકવાડે, અલ્પ, પણ અદ્‌ભુત રચનાઓ, આપી છે.",0,10.008,1,,gujarati_female_001038.wav,aa m a <wb> g ee b a n aa <wb> g aa y a k a <wb> b aa p u s aa h ee b a <wb> g aa y a k a w aa dx ee <wb> a l p a <wb> p a nx a <wb> a d a bh a u t a <wb> r a c a n a aa o <wb> aa p a ii <wb> ch a ee,C1 C22 C0 <wb> C13 C11 C3 C0 C24 C1 <wb> C13 C1 C38 C0 C19 C0 <wb> C3 C1 C28 C36 C30 C1 C15 C11 C3 C0 <wb> C13 C1 C38 C0 C19 C0 C37 C1 C9 C11 <wb> C0 C21 C28 C0 <wb> C28 C0 C25 C0 <wb> C0 C7 C0 C4 C0 C36 C32 C0 <wb> C29 C0 C5 C0 C24 C0 C1 C26 <wb> C1 C28 C0 C16 <wb> C6 C0 C11,train
1039,"ચુપચાપ તાક્યા કરતા, દીવાલો પરના ફોટા, નિરર્થક ખસ્યા કરતા, ઘડિયાળના કાંટા.",0,9.915,1,,gujarati_female_001039.wav,c u p a c aa p a <wb> t aa k y aa <wb> k a r a t a aa <wb> d ii w aa l o <wb> p a r a n a aa <wb> ph a o tx a aa <wb> n i r a r th a k a <wb> kh a s y aa <wb> k a r a t a aa <wb> gh a dx i y aa lx a n aa <wb> k aa mq tx aa,C5 C36 C28 C0 C5 C1 C28 C0 <wb> C32 C1 C19 C38 C1 <wb> C19 C0 C29 C0 C32 C0 C1 <wb> C7 C16 C37 C1 C21 C26 <wb> C28 C0 C29 C0 C24 C0 C1 <wb> C12 C0 C26 C34 C0 C1 <wb> C24 C16 C29 C0 C29 C33 C0 C19 C0 <wb> C20 C0 C30 C38 C1 <wb> C19 C0 C29 C0 C32 C0 C1 <wb> C14 C0 C9 C16 C38 C1 C21 C0 C24 C1 <wb> C19 C1 C23 C34 C1,test
1040,"અને, તલવારના દાવ ખેલવામાં, પૂર્ણ લાયકાત, પ્રાપ્ત કરવા, તાલીમ લેવા માંડી.",0,9.497,1,,gujarati_female_001040.wav,a n a ee <wb> t a l a w a aa r a n a aa <wb> d a aa w a <wb> kh ee l a w aa m aa mq <wb> p a uu r a nx a <wb> l a aa y a k a aa t a <wb> p a r a aa p a t a <wb> k a r a w a aa <wb> t a aa l a ii m a <wb> l a ee w a aa <wb> m a aa q dx a ii,C0 C24 C0 C11 <wb> C32 C0 C21 C0 C37 C0 C1 C29 C0 C24 C0 C1 <wb> C7 C0 C1 C37 C0 <wb> C20 C11 C21 C0 C37 C1 C22 C1 C23 <wb> C28 C0 C36 C29 C0 C25 C0 <wb> C21 C0 C1 C38 C0 C19 C0 C1 C32 C0 <wb> C28 C0 C29 C0 C1 C28 C0 C32 C0 <wb> C19 C0 C29 C0 C37 C0 C1 <wb> C32 C0 C1 C21 C0 C16 C22 C0 <wb> C21 C0 C11 C37 C0 C1 <wb> C22 C0 C1 C23 C9 C0 C16,train
1041,"આપણે, એ જાણવું જોઈએ કે, કાળા, ડિબાંગ કોલસાને, અને, શ્વેત પ્રકાશથી, ઝગમગતા હીરાને, શું સંબંધ છે ?",0,15.75,0,not_selected_by_random,,,,
1042,"અકસ્માત પછી, પીડિતોની અને, તેમની પછીની પેઢીઓની, જિંદગીમાં, ઝેર ઘોળવામાં, સરકારી નિષ્ક્રિયતાનો, વાંક સૌથી વધારે છે.",0,17.59,0,not_selected_by_random,,,,
1043,"સદા ઝૂલતો, છપ્પર ખાટ, સ્થિર લાકડું, થઈ ગયો, બાપુના શરીર જેવો.",0,9.143,0,not_selected_by_random,,,,
1044,"સીરામીકની બરણીમાં, ત્રીસ સેમ્પલ, ટ્યુબ રહેશે, જેમાં, દસ અલગ અલગ જાતિનાં, માઈક્રો ઓર્ગેનિઝમ હશે.",0,12.979,0,not_selected_by_random,,,,
1045,"શાકભાજી, ઘઉં, કઠોળ મોંઘાં થવા છતાં, ફુગાવો ઘટીને, સાત પોઈન્ટ પાંચ રૂપિયા, પ્રતિ કિલો, થઇ ગયા",0,14.216,0,not_selected_by_random,,,,
1046,"કૃશાંગ પટેલ, ચિંતન પટેલ, સમીત ગોહેલ, પાર્થ પરીખ, વિજય ગઢવી, અને, ભાવેશ બારિયાનો, સમાવેશ થયો છે.",0,15.57,0,not_selected_by_random,,,,
1047,"ઇન્ટર કોલેજ ટેનિસ, વૈદિક મુન્શાએ, બેવડા ટાઇટલ જીત્યા.",0,8.598,0,not_selected_by_random,,,,
1048,"તેલંગાના, ગુર્જર આંદોલન, અને, કૌભાંડોનો સીલસીલો, બે હજાર અગિયાર ને, દઝાડયા કરશે.",0,11.89,0,not_selected_by_random,,,,
1049,"દાખલા તરીકે, તને, સજીવ નામના, એક વૈદની વાર્તા સંભળાવીશ, ધ્યાનથી સાંભળ, અને, તારા લક્ષ્યનો નિર્ણય કર.",0,15.21,0,not_selected_by_random,,,,
1050,"શ્રાવણી સોમવારના, બિલીપત્ર પુજા, રૃદ્રી અભિષેક, માટે, હાલારના શિવાલયોમાં, શિવભક્તો દ્વારા, શિવ આરાધના, કરવામાં આવશે.",0,17.44,0,not_selected_by_random,,,,
1051,"ગુરૃત્વાકર્ષણના, સિધ્ધાંતને આધારે, સમસ્ત બ્રહ્માંડમાં, તારાઓ, ગ્રહો, નિહારિકાઓ, અને, લઘુ ગ્રહો, પૃથ્વી તરફ, ખેચાય છે",0,18.631,0,not_selected_by_random,,,,
1052,"પણ, ટીમ અણ્ણાએ, આ અંગે, કોઈ વિવેક નહીં કરતાં, કેવળ, કૉંગ્રેસવિરોધનું, વલણ દાખવ્યું, એ જ એકમાત્ર, ટીકામુદ્દો નથી.",0,17.16,0,not_selected_by_random,,,,
1053,"અબ્બાસે, પોતાના વકીલની, ફી ચૂકવવા માટે, પોતાની ટેક્ષી પણ, વેચી કાઢી હોય છે, અને, આખરે તે, કોર્ટમાં, કેસ, હારી જાય છે.",0,17.613,0,not_selected_by_random,,,,
1054,"સગવડ પ્રત્યે, દ્વેષ રાખનાર, પ્યુરિટનો, સુખવિરોધી, અને, જીવનવિરોધી, વાતો કરતાં જ, રહે છે.",0,11.796,1,,gujarati_female_001054.wav,s a g a w a dx a <wb> p a r a t a y a ee <wb> d w ee sx a <wb> r a aa kh a n a aa r a <wb> p y u r i tx a n o <wb> s u kh a w i r o dh ii <wb> a n a ee <wb> j ii w a n a w i r o dh ii <wb> w a aa t a o <wb> k a r a t a aa q <wb> j a <wb> r a h a ee <wb> ch a ee,C30 C0 C13 C0 C37 C0 C9 C0 <wb> C28 C0 C29 C0 C32 C0 C38 C0 C11 <wb> C7 C37 C11 C31 C0 <wb> C29 C0 C1 C20 C0 C24 C0 C1 C29 C0 <wb> C28 C38 C36 C29 C16 C34 C0 C24 C26 <wb> C30 C36 C20 C0 C37 C16 C29 C26 C8 C16 <wb> C0 C24 C0 C11 <wb> C17 C16 C37 C0 C24 C0 C37 C16 C29 C26 C8 C16 <wb> C37 C0 C1 C32 C0 C26 <wb> C19 C0 C29 C0 C32 C0 C1 C23 <wb> C17 C0 <wb> C29 C0 C15 C0 C11 <wb> C6 C0 C11,train
1055,"નાઇટ હુડને, દો ટૂક, અભિવ્યક્તિ સાથે, પરત કરી શકતા, રવીન્દ્ર નાથની, દેશ પ્રીતિ, રાષ્ટ્ર – વાદમાં, રહેલાં, ભય સ્થાનોને પણ, પ્રીછી, શકતી હતી.",0,19.497,0,not_selected_by_random,,,,
1056,"ક્યાંય એવો ઉલ્લેખ નથી, કે, જલિયાંવાલા અત્યાચારને, પગલે, રવીન્દ્ર નાથે, સરનો ખિતાબ, નાઇટ હુડ, ફગાવી દીધો હતો.",0,16.09,0,not_selected_by_random,,,,
1057,"ઈચ્છા અગણિત, અડાબીડ, ઘનઘોર ઈચ્છાઓ.",0,6.674,0,not_selected_by_random,,,,
1058,"ચોમાસું ગાળી, બચ્ચા ઉછેરી, ઓગષ્ટ માસમાં, ફરી, દક્ષિણ ભારત તરફ, પ્રસ્થાન કરી જાય.",0,12.784,0,not_selected_by_random,,,,
1059,"તપ્ત ગરમીનું ઘેન, ઉતારવા માટેના, આયુર્વેદિક ગુણો, બિલ્વપત્રમાં છે.",0,10.374,0,not_selected_by_random,,,,
1060,"જોકે, આજની બપોર, અનુભવ્યા પછી, ઋતુસંહારમાં, આવેલું, ગ્રીષ્મનું વર્ણન, ધ્યાનમાં આવે.",0,11.981,1,,gujarati_female_001060.wav,j a o k a ee <wb> aa j a n a ii <wb> b a p a o r a <wb> a n u bh a w y aa <wb> p a ch a ii <wb> rq t u s a mq h aa r a m aa mq <wb> aa w a ee l a u q <wb> g r ii sx m a n u mq <wb> w a r a nx a n a <wb> dh a y a aa n a m a aa q <wb> aa w a ee,C17 C0 C26 C19 C0 C11 <wb> C1 C17 C0 C24 C0 C16 <wb> C3 C0 C28 C0 C26 C29 C0 <wb> C0 C24 C36 C4 C0 C37 C38 C1 <wb> C28 C0 C6 C0 C16 <wb> C29 C32 C36 C30 C0 C23 C15 C1 C29 C0 C22 C1 C23 <wb> C1 C37 C0 C11 C21 C0 C36 C23 <wb> C13 C29 C16 C31 C22 C0 C24 C36 C23 <wb> C37 C0 C29 C0 C25 C0 C24 C0 <wb> C8 C0 C38 C0 C1 C24 C0 C22 C0 C1 C23 <wb> C1 C37 C0 C11,train
1061,"સચિનના, એકસો ત્રેવીસ રનની, મદદથી, ભારતે, અડતાલીસ ઓવરમાં, છ વિકેટે, ત્રણસો પંદર રન, બનાવ્યા હતા.",0,16.358,0,not_selected_by_random,,,,
1062,"જો તેણે, ચૌદ રન, વધુ કર્યા હોત, તો, વર્લ્ડકપના, ઈતિહાસમાં, સૌથી વધુ, એકસો અઠ્યાસી રનનો, ગેરી કર્સ્ટનનો, રેકોર્ડ, તોડયો હોત.",0,19.674,0,not_selected_by_random,,,,
1063,"વિપશ્યના, એટલે, વિશિષ્ટ રીતે, જોવું, પેખવું, નીરખવું.",0,9.599,0,not_selected_by_random,,,,
1064,"સરબજીતના વકીલ, અવૈસ શેખે, કહ્યા મુજબ, પાકિસ્તાની સરકારે, આંતરરાષ્ટ્રીય સમુદાયને, સારો સંકેત, આપ્યો નથી.",0,16.18,0,not_selected_by_random,,,,
1065,"પશ્ચિમના દેશો, અમેરિકામાં, નવા જન્મતા બાળકોના, પહેલા પાણીના, ઘૂંટડામાં, સોમલ ઝેર, અંશ દેખાય છે.",0,14.525,0,not_selected_by_random,,,,
1066,"વીસમી સદીના પ્રારંભમાં, થોમસ આલ્વા અડિસને, ભવિષ્યવાણી કરી હતી કે, શાળાઓમાંથી, ટૂંક સમયમાં જ, પુસ્તકો જતા રહેશે.",0,16.841,0,not_selected_by_random,,,,
1067,"સર્ગ, વિસર્ગ, વૃત્તિ, રક્ષા, મન્વંતર, વંશ, વંશાનુચરિત, સંસ્થા, હેતુ, અને, આશ્રય.",0,18.0,0,not_selected_by_random,,,,
1068,"મેઘરાજાની કૃપાએ, રથયાત્રાનો માહોલ, શ્રઘ્ધાથી છલકાવી, દીધો હતો.",0,10.63,0,not_selected_by_random,,,,
1069,"બેતાલીસ માંથી, ઝિમ્બાબ્વે, કેન્યા, નેધરલેન્ડ, આયર્લેન્ડ, કેનેડા જેવી, ટીમોની મેચોની, સંખ્યા, છવ્વીસ છે !",0,16.07,0,not_selected_by_random,,,,
1070,"ઓલમ્પિકમાં, ભારતના એક્યાસી ખેલાડીઓ, ભાગ લેશે, આજથી, ટ્રેનિંગનો પ્રારંભ.",0,9.427,1,,gujarati_female_001070.wav,o l a m p i k a m aa mq <wb> bh a aa r a t a n a aa <wb> ee k y aa s ii <wb> kh a ee l a aa dx a ii o <wb> bh a aa g a <wb> l a ee sh a ee <wb> aa j a th a ii <wb> tx r ee n i mq g a n o <wb> p a r a aa r a q bh a,C26 C21 C0 C22 C28 C16 C19 C0 C22 C1 C23 <wb> C4 C0 C1 C29 C0 C32 C0 C24 C0 C1 <wb> C11 C19 C38 C1 C30 C16 <wb> C20 C0 C11 C21 C0 C1 C9 C0 C16 C26 <wb> C4 C0 C1 C13 C0 <wb> C21 C0 C11 C31 C0 C11 <wb> C1 C17 C0 C33 C0 C16 <wb> C34 C29 C11 C24 C16 C23 C13 C0 C24 C26 <wb> C28 C0 C29 C0 C1 C29 C0 C23 C4 C0,train
1071,"ત્યારે, ઓસ્ટ્રેલિયાના, ભૂતપૂર્વ કેપ્ટન, બીલ લોરીએ, આંતરરાષ્ટ્રીય વન ડે ક્રિકેટના, જનક તરીકેનો શ્રેય, સર, ડોન બ્રેડમેનને, આપ્યો હતો.",0,17.97,0,not_selected_by_random,,,,
1072,"ભારતની સૌથી મોટી, ઔદ્યોગિક દુર્ઘટના તરીકે, ઓળખાતી, ભોપાલ ગેસ દુર્ઘટના, યુનિઅન કાર્બાઇડ ઇન્ડિયા કંપનીની, બેદરકારીનું, પરિણામ હતી.",0,18.885,0,not_selected_by_random,,,,
1073,"બે હજાર સાત ની સાલમાં, ઇંગ્લેન્ડની ધરતી ઉપર, એકવીસ વર્ષ પછી, ભારતને, વિજય અપાવનારી, ટીમનો સુકાની, રાહુલ દ્રવિડ હતો.",0,16.06,0,not_selected_by_random,,,,
1074,"ઓગણીસો ચોર્યાસી ના, ભોપાલ ગેસકાંડમાં, થયેલા જાનમાલની નુકસાનની, ભરપાઈની જવાબદારી.",0,13.088,0,not_selected_by_random,,,,
1075,"મેં એમની વાત સાંભળી, અને, એમને મંત્રશાસ્ત્રનાં, સાગરમાંથી, લક્ષ્મીદેવીને, ઘરમાં, સ્થિર કરવાનું, મંત્રરૂપી, અમૂલ્ય મોતી આપ્યું.",0,18.164,0,not_selected_by_random,,,,
1076,"હેરીસની સૂચના પ્રમાણે, સીએન્સ દરમિયાન, બધાએ પોતાની બાજુમાં, બેઠેલાનો, હાથ પકડી, સાંકળ બનાવી દીધી.",0,13.212,1,,gujarati_female_001076.wav,h a ee r a ii s a n a ii <wb> s a uu c a n a aa <wb> p a r a m a aa nx a ee <wb> s ii ee n s a <wb> d a r a m a i y a aa n a <wb> b a dh aa ee <wb> p a o t a aa n a ii <wb> b a aa j a u m a aa q <wb> b ee txh ee l aa n o <wb> h a aa th a <wb> p a k a dx a ii <wb> s a aa q k a lx a <wb> b a n a aa w a ii <wb> d a ii dh a ii,C15 C0 C11 C29 C0 C16 C30 C0 C24 C0 C16 <wb> C30 C0 C36 C5 C0 C24 C0 C1 <wb> C28 C0 C29 C0 C22 C0 C1 C25 C0 C11 <wb> C30 C16 C11 C24 C30 C0 <wb> C7 C0 C29 C0 C22 C0 C16 C38 C0 C1 C24 C0 <wb> C3 C0 C8 C1 C11 <wb> C28 C0 C26 C32 C0 C1 C24 C0 C16 <wb> C3 C0 C1 C17 C0 C36 C22 C0 C1 C23 <wb> C3 C11 C35 C11 C21 C1 C24 C26 <wb> C15 C0 C1 C33 C0 <wb> C28 C0 C19 C0 C9 C0 C16 <wb> C30 C0 C1 C23 C19 C0 C21 C0 <wb> C3 C0 C24 C0 C1 C37 C0 C16 <wb> C7 C0 C16 C8 C0 C16,train
1077,"આ સંશોધન, નવી પ્રજાતિ, ઝિઆઓટિનગીઓ, ઝહેંન્ગી ના, જીવાશ્મ, મળી આવતાં, તેની સાથે, આરકીઓપટેરિક્સના, જીવાશ્મને, સરખાવતાં થઈ છે.",0,17.995,1,,gujarati_female_001077.wav,aa <wb> s a q sh a o dh a n a <wb> n a w a ii <wb> p r a j aa t i <wb> jh i aa o tx i n a g ii o <wb> jh a h ee mq n g ii <wb> n a aa <wb> j ii w aa sh m a <wb> m a lx a ii <wb> aa w a t a aa q <wb> t a ee n a ii <wb> s a aa th a ee <wb> aa r a k ii o p a tx ee r i k s a n aa <wb> j ii w aa sh m a n ee <wb> s a r a kh aa w a t aa mq <wb> th a ii <wb> ch a ee,C1 <wb> C30 C0 C23 C31 C0 C26 C8 C0 C24 C0 <wb> C24 C0 C37 C0 C16 <wb> C28 C29 C0 C17 C1 C32 C16 <wb> C18 C16 C1 C26 C34 C16 C24 C0 C13 C16 C26 <wb> C18 C0 C15 C11 C23 C24 C13 C16 <wb> C24 C0 C1 <wb> C17 C16 C37 C1 C31 C22 C0 <wb> C22 C0 C21 C0 C16 <wb> C1 C37 C0 C32 C0 C1 C23 <wb> C32 C0 C11 C24 C0 C16 <wb> C30 C0 C1 C33 C0 C11 <wb> C1 C29 C0 C19 C16 C26 C28 C0 C34 C11 C29 C16 C19 C30 C0 C24 C1 <wb> C17 C16 C37 C1 C31 C22 C0 C24 C11 <wb> C30 C0 C29 C0 C20 C1 C37 C0 C32 C1 C23 <wb> C33 C0 C16 <wb> C6 C0 C11,train
1078,"ત્યારે, રવીન્દ્રનાથે, પરાધીન ભારતમાં, એક તબક્કે, ‘સિવિલ લબર્ટીઝ યુનિયન’ની, અધ્યક્ષતા સંભાળી હતી, એની સાર્થકતા, આજે સમજાય છે.",0,17.763,0,not_selected_by_random,,,,
1079,"ઇતની શક્તિ, હમે દેના દાતા, પ્રાર્થના નિયમિત કરીને, જુસ્સો, અને, શ્રદ્ધા મેળવું છું.",0,13.45,0,not_selected_by_random,,,,
1080,"ટીમ, મિસ્બાહ, ઉલ હક, અને, આફ્રિદી એમ, બે જુથમાં, વહેંચાઈ જશે.",0,9.91,0,not_selected_by_random,,,,
1081,"સ્વૈચ્છિક સંસ્થાઓને, વિદેશી તત્વો, તરીકે ગણવાની, માગણી કરતા, બિલને, રશિયાની સંસદનો, પ્રાથમિક ટેકો, મળી ગયો છે.",0,16.344,0,not_selected_by_random,,,,
1082,"ઘોસ્ટકારની, ખાસીયત એ છે કે, તે, ગ્લાસ જેવાં દેખાતા, ટ્રાન્સપરન્ટ એટલે કે, સંપૂર્ણ પારદર્શક પ્લાસ્ટીકની બનેલી છે.",0,14.396,1,,gujarati_female_001082.wav,gh o s tx a k aa r a n ii <wb> kh aa s ii y a t a <wb> ee <wb> ch a ee <wb> k a ee <wb> t a ee <wb> g l aa s a <wb> j a ee w a aa q <wb> d a ee kh a aa t a aa <wb> tx r aa n s a p a r a n tx a <wb> ee tx a l a ee <wb> k a ee <wb> s a q p a uu r a nx a <wb> p a aa r a d a r a sh a k a <wb> p l aa s tx ii k a n ii <wb> b a n a ee l a ii <wb> ch a ee,C14 C26 C30 C34 C0 C19 C1 C29 C0 C24 C16 <wb> C20 C1 C30 C16 C38 C0 C32 C0 <wb> C11 <wb> C6 C0 C11 <wb> C19 C0 C11 <wb> C32 C0 C11 <wb> C13 C21 C1 C30 C0 <wb> C17 C0 C11 C37 C0 C1 C23 <wb> C7 C0 C11 C20 C0 C1 C32 C0 C1 <wb> C34 C29 C1 C24 C30 C0 C28 C0 C29 C0 C24 C34 C0 <wb> C11 C34 C0 C21 C0 C11 <wb> C19 C0 C11 <wb> C30 C0 C23 C28 C0 C36 C29 C0 C25 C0 <wb> C28 C0 C1 C29 C0 C7 C0 C29 C0 C31 C0 C19 C0 <wb> C28 C21 C1 C30 C34 C16 C19 C0 C24 C16 <wb> C3 C0 C24 C0 C11 C21 C0 C16 <wb> C6 C0 C11,train
1083,"આ, સ્વકેન્દ્રિયતા અને, કૂપમંડૂકવૃત્તિ, સમાજના જીવનમાં, ખૂબ ઊંડે ઊંડે, પ્રસરી ગઈ છે.",0,13.8,0,not_selected_by_random,,,,
1084,"શ્રીકૃષ્ણ, અને, રૂકિમણી, દુર્વાસાનો સ્વભાવ, જાણતા હતાં, એટલે તુરંત જ, ખીર બનાવી પીરસી.",0,14.24,0,not_selected_by_random,,,,
1085,"બે હજાર સાત, ના વર્લ્ડ કપમાં, આયોજકોએ, ગંભીર ભૂલ, કરતાં, ગ્રુપિંગ એ, રીતે કર્યું હતું.",0,12.612,0,not_selected_by_random,,,,
1086,"આજથી દસ વર્ષ પહેલા, એટલે કે, ફેબ્રુઆરી બે હજાર એક માં, વિજ્ઞાન જગતમાં, એક નવી, ક્રાંતિ આવી હતી.",0,14.203,0,not_selected_by_random,,,,
1087,"પણ જો, મેં હિંમત કરી, બાણ માર્યું હોત, તો, આ બધું, અઢળક ધન, મને જ મળત ને ?",0,11.261,0,not_selected_by_random,,,,
1088,"સાઉથ કોરિયાના, સેઉલમાં, એક લાખ લોકોએ, એક જ સ્થળે, એકઠા થઈને, બેલ રીંગીંગ સેરેમનીમાં, ભાગ લીધો હતો.",0,15.241,0,not_selected_by_random,,,,
1089,"કોઈપણ વ્યક્તિ, ડિસ્કાઉન્ટ અને, ફ્રી ચેકઅપ માટે, એ સમય, ફાળવી લઇ છે.",0,9.52,0,not_selected_by_random,,,,
1090,"એરવિન જોસેફ, એક, સેલ્સ રિપ્રેઝેન્ટેટિવ છે, અને, ભારતમાં, આધુનિક સાઇકલો, વેચે છે.",0,11.65,0,not_selected_by_random,,,,
1091,"રૈવતાચળ, ઉજ્જયંત, આદિ નામે, ઓળખાતો, પુરાણ પ્રસિદ્ધ, ગરવો ગિરનાર.",0,10.65,0,not_selected_by_random,,,,
1092,"કંઈ ને કંઈ આપત્તિ, આપણી ઉપર, તૂટી પડવાનો ભય, આપણા, શંકા ગ્રસ્ત મનમાં, અડાબીડ, ઊગી નીકળ્યો છે.",0,14.455,0,not_selected_by_random,,,,
1093,"જો કે, મા જાણતી હતી, કે, ભાર્ગવ ઊંચો, અને હૃષ્ટ પુષ્ટ હોવાથી, તેને, વધારે ખોરાકની, જરૂર પડે છે.",0,15.42,0,not_selected_by_random,,,,
1094,"આ પ્રોબ સાથે, 'પ્લેનેટરી સોસાયટી', એક સીલબંધ કેપ્સ્યુલ, મોકલવા, માંગે છે.",0,11.44,0,not_selected_by_random,,,,
1095,"પૂર્વ ગ્રહો, વિકારો, ઈર્ષ્યા, લોભ, અને, અવાંછિત માહિતીથી, ગૂંગળાવી દીધો છે.",0,12.775,0,not_selected_by_random,,,,
1096,"એ માટેની, સૌથી સામાન્ય પદ્ધતિ, સિટી ગાઇડેડ બાયોપ્સી છે, જેમાં, એકદમ પાતળી નિડલ, સોઈ ટ્યુમરમાં, નખાય છે.",0,16.32,0,not_selected_by_random,,,,
1097,"ઓડિયો આઉટપુટ માટે, વોલ્યુમ કન્ટ્રોલની સાથે, લો વિઝન વ્યક્તિઓ, માટે, ક્લિયર એલ ઇ ડી, ઇન્ડિકેટર પણ છે.",0,15.62,0,not_selected_by_random,,,,
1098,"ને, સીમ – વૃક્ષો, નદી, તળાવ, સાથે દોસ્તી, બાંધી.",0,9.94,0,not_selected_by_random,,,,
1099,"અને, એકત્રીસ મી જુલાઇ સુધીમાં, મોડલ રોડની, ફૂટપાથ કે, રોડ ઉપર બેસતાં, ધંધાર્થીઓને, વૈકલ્પિક જગ્યાએ, ખસેડી દેવાશે.",0,17.101,0,not_selected_by_random,,,,
1100,"પિયરની કંગાલ હાલત, પોતાના સાસરિયા જાણી જાય, એ, એના સ્વમાની આત્માને, સહેજ પણ, મંજૂર ન હતું.",0,14.336,0,not_selected_by_random,,,,
1102,"તે સ્થળ, નું એપીસેન્ટર, નુકશાન ગ્રસ્ત પરમાણુ પ્લાન્ટ ની, દક્ષિણ દિશામાંથી, એક્યાસી કિલોમીટર, દુર હતું.",0,16.04,0,not_selected_by_random,,,,
1104,"ન્યુ જર્સીમાં, છેલ્લા વીસ વર્ષથી રહેતા, અને, સોફ્‌ટવેર એન્જિનિયર એવા, રાજન ના પપ્પા, સૌરભ પટેલ કહે છે.",0,16.51,0,not_selected_by_random,,,,
1105,"બપોરને કૂતરાની ઉપમા આપનાર, નવો કવિ, હરીન્દ્રનાથ, ચટ્ટોપાધ્યાય છે.",0,10.533,0,not_selected_by_random,,,,
1106,"વર્તમાન પેઢીના, ક્રિકેટરો, ટેસ્ટ ક્રિકેટને, વધારે પ્રાધાન્ય, આપ્યા વિના, ટ્વેન્ટી ટ્વેન્ટી ફોર્મેટ ઉપર, વધારે ઘ્યાન, કેન્દ્રિત, કરે છે.",0,16.324,1,,gujarati_female_001106.wav,w a r a t a m a aa n a <wb> p ee dxh ii n aa <wb> k a r a i k a ee tx a r a o <wb> tx a ee s a tx a <wb> k a r a i k a ee tx a n a ee <wb> w a dh a aa r a ee <wb> p a r a aa dh a aa n a y a <wb> aa p a y a aa <wb> w a i n a aa <wb> tx a w a ee n a tx a ii <wb> tx a w a ee n a tx a ii <wb> ph o r m ee tx a <wb> u p a r a <wb> w a dh a aa r a ee <wb> gh a y a aa n a <wb> k a ee n a d a r a i t a <wb> k a r a ee <wb> ch a ee,C37 C0 C29 C0 C32 C0 C22 C0 C1 C24 C0 <wb> C28 C11 C10 C16 C24 C1 <wb> C19 C0 C29 C0 C16 C19 C0 C11 C34 C0 C29 C0 C26 <wb> C34 C0 C11 C30 C0 C34 C0 <wb> C19 C0 C29 C0 C16 C19 C0 C11 C34 C0 C24 C0 C11 <wb> C37 C0 C8 C0 C1 C29 C0 C11 <wb> C28 C0 C29 C0 C1 C8 C0 C1 C24 C0 C38 C0 <wb> C1 C28 C0 C38 C0 C1 <wb> C37 C0 C16 C24 C0 C1 <wb> C34 C0 C37 C0 C11 C24 C0 C34 C0 C16 <wb> C34 C0 C37 C0 C11 C24 C0 C34 C0 C16 <wb> C12 C26 C29 C22 C11 C34 C0 <wb> C36 C28 C0 C29 C0 <wb> C37 C0 C8 C0 C1 C29 C0 C11 <wb> C14 C0 C38 C0 C1 C24 C0 <wb> C19 C0 C11 C24 C0 C7 C0 C29 C0 C16 C32 C0 <wb> C19 C0 C29 C0 C11 <wb> C6 C0 C11,train
1107,"આ દરમિયાન, પિતરાઈ બહેન, નાદિયાને, પોતાના, એલજીબ્રા હોમવર્ક માટે, તેમની, મદદની જરૂર પડી.",0,13.057,0,not_selected_by_random,,,,
1108,"જે રીતે, ખૂંખાર આતંક વાદીને, તેના જ કિલ્લા જેવા, અડ્ડામાં, ઠાર માર્યો.",0,10.986,0,not_selected_by_random,,,,
1109,"ચેરનોબીલમાં, થયેલ દુર્ઘટનામાં, પણ, વિસ્ફોટ કેન્દ્રભાગમાં, વધી રહેલ દબાણ, અને હાઈડ્રોજનનાં, કારણે, થયો હતો.",0,15.823,0,not_selected_by_random,,,,
1110,"વર્તમાન કોમ્પ્ટ્રોલર એન્ડ, ઓડિટર જનરલ, વિનોદ રાય, એક ડગલું, આગળ વધ્યા છે.",0,10.565,1,,gujarati_female_001110.wav,w a r a t a m a aa n a <wb> k o m p tx r o l a r a <wb> ee n a dx a <wb> o dx a i tx a r a <wb> j a n a r a l a <wb> w a i n a o d a <wb> r a aa y a <wb> ee k a <wb> dx a g a l u mq <wb> aa g a lx a <wb> w a dh a y a aa <wb> ch a ee,C37 C0 C29 C0 C32 C0 C22 C0 C1 C24 C0 <wb> C19 C26 C22 C28 C34 C29 C26 C21 C0 C29 C0 <wb> C11 C24 C0 C9 C0 <wb> C26 C9 C0 C16 C34 C0 C29 C0 <wb> C17 C0 C24 C0 C29 C0 C21 C0 <wb> C37 C0 C16 C24 C0 C26 C7 C0 <wb> C29 C0 C1 C38 C0 <wb> C11 C19 C0 <wb> C9 C0 C13 C0 C21 C36 C23 <wb> C1 C13 C0 C21 C0 <wb> C37 C0 C8 C0 C38 C0 C1 <wb> C6 C0 C11,train
1112,"ધર્મનું સેવન કરવા માટે, નિત્યે, ધર્મશાસ્ત્રનું પઠન, પાઠન, શ્રવણ, અને, નિદિદયાસ કરવો જોઈએ.",0,15.485,0,not_selected_by_random,,,,
1113,"શિવરાત્રી નિમિત્તે, શહેરના, સેક્ટર બાવીસ માં, આવેલા, પંચદેવ મહાદેવ મંદિર ખાતે, લોકમેળો યોજાયો હતો.",0,14.67,0,not_selected_by_random,,,,
1114,"બાબી રૂલર્સ, ઓફ સોરઠ, ગ્રંથો અને ઈતિહાસકારો, શ્રી, શંભુ પ્રસાદ દેસાઈની, રચનાઓ છે.",0,11.773,1,,gujarati_female_001114.wav,b aa b ii <wb> r uu l a r s a <wb> o ph a <wb> s o r a txh a <wb> g r a mq th o <wb> a n a ee <wb> ii t i h aa s a k aa r o <wb> sh a r a ii <wb> sh a mq bh u <wb> p r a s aa d a <wb> d ee s aa ii n ii <wb> r a c a n a aa o <wb> ch a ee,C3 C1 C3 C16 <wb> C29 C36 C21 C0 C29 C30 C0 <wb> C26 C12 C0 <wb> C30 C26 C29 C0 C35 C0 <wb> C13 C29 C0 C23 C33 C26 <wb> C0 C24 C0 C11 <wb> C16 C32 C16 C15 C1 C30 C0 C19 C1 C29 C26 <wb> C31 C0 C29 C0 C16 <wb> C31 C0 C23 C4 C36 <wb> C28 C29 C0 C30 C1 C7 C0 <wb> C7 C11 C30 C1 C16 C24 C16 <wb> C29 C0 C5 C0 C24 C0 C1 C26 <wb> C6 C0 C11,train
1115,"આંતરીક્ષ, એટલે કે, સ્પેસમાં આવેલ, કોઈ પ્લેનેટ, સીસ્ટમમાં જીવસૃષ્ટી, વિકાસ પામી રહી છે, કે, વિકાસ, પામી ચુકી છે?",0,15.822,0,not_selected_by_random,,,,
1116,"આ પ્રથમ, મેળાપમાં જ, ઈન્દ્રભૂતિ ગૌતમના, અહંકારનો, ભાંગીને, ભૂક્કો, બોલી ગયો.",0,12.715,0,not_selected_by_random,,,,
1117,"હ્યુમન જેનોમનાં, પ્રથમ ડ્રાફ્ટનાં, કારણે, વર્ષ બાદ, હ્યુમન જીનેટીક્સ, માટેનો, રોડ મેપ, તૈયાર થઈ ચુક્યો છે.",0,14.76,0,not_selected_by_random,,,,
1118,"ગયા વર્ષે, જ્યારે, એ આર રહેમાનના, સંગીત મઢ્‌યું, સત્યમેવ જયતે, ગવાયું, ત્યારે, લોકો ઝુમી ઊઠ્યા હતા.",0,15.615,0,not_selected_by_random,,,,
1119,"આખરે, ‘માસૂમ’, ને, ‘ગૃહ પ્રવેશ’ માં, કુટુંબ સચવાઈ જાય છે.",0,10.12,0,not_selected_by_random,,,,
1120,"ખેતરના શેઢે, વાડ, જળાશયોના ચીયામાં, કે, ઘાસના બીડમાં, લપાતું, છૂપાતું, ફરે.",0,14.231,0,not_selected_by_random,,,,
1121,"તેના આશરે, ચારસો પચાસ પાઇલટની, અઠ્ઠાવન દિવસની, હડતાળનો, બુધવારે અંત આવ્યો.",0,12.367,0,not_selected_by_random,,,,
1122,"ક્યારેક, એમાંથી પંખીઓનું ઝુંડ ઊડે, અને, ટેકરી તાળીઓ પાડતી, ખિલખિલાટ, હસી પડે.",0,12.17,0,not_selected_by_random,,,,
1123,"ભૂંકવાનો અવાજ સાંભળીને, ખેતરનો રખેવાળ, દોડી આવ્યો.",0,8.426,0,not_selected_by_random,,,,
1124,"એણે, નિશ્ચય કર્યો કે, આ મૂરખાને પાઠ ભણાવું, દાનશીલ બનાવું, નહિતર, એ તો, કુળને બોળશે.",0,13.99,0,not_selected_by_random,,,,
1125,"તેમની વસતિ, આ સ્થળે હતી, એ દરમ્યાન, પણ, ફ્રાન્સ, ઓસ્ટ્રિયા, તથા, ઈજીપ્તના થોડાક લોકોએ, અહીં, સંશોધનો હાથ, ધર્યા હતા.",0,17.983,0,not_selected_by_random,,,,
1126,"બોમ્બે હાઇકોર્ટની, ઓરંગાબાદ બંકે, મંગળવારે એક, મહત્વપૂર્ણ આદેશ આપતાં, અહેમદ નગર જિલ્લામાં, શિરડી ખાતે ની બેંક, બંધ કરી દીધી.",0,17.506,0,not_selected_by_random,,,,
1127,"શિરીષનાં ફૂલનો સુંવાળો, મૃદુ, મીઠો, લીલો કુમાશભર્યો સ્પર્શ !",0,9.404,1,,gujarati_female_001127.wav,sh i r ii sx a n aa mq <wb> ph uu l a n o <wb> s u mq w aa lx o <wb> m a d a u <wb> m ii txh o <wb> l a ii l a o <wb> k u m aa sh a bh a r y o <wb> s a p a r a sh a,C31 C16 C29 C16 C31 C0 C24 C1 C23 <wb> C12 C36 C21 C0 C24 C26 <wb> C30 C36 C23 C37 C1 C21 C26 <wb> C22 C0 C7 C0 C36 <wb> C22 C16 C35 C26 <wb> C21 C0 C16 C21 C0 C26 <wb> C19 C36 C22 C1 C31 C0 C4 C0 C29 C38 C26 <wb> C30 C0 C28 C0 C29 C0 C31 C0,train
1128,"આજે યોજાયેલી, વર્કિંગ કમિટિ બાદ, એક સભ્યે, જણાવ્યું હતું કે, કિરણ મોરેએ, આઇસીએલમાં, જોડાવવા બદલ, માફી માગી લીધી છે.",0,17.453,0,not_selected_by_random,,,,
1129,"રવૈયા વસ્તા વૈયા, આ ગીત ગાતા ગાતા, ગરીબ મજૂરો, આનંદવિભોર, થઇ, નાચતા બતાવ્યા છે.",0,13.312,0,not_selected_by_random,,,,
1130,"સસલો સસલી તો, ઝટપટ ભાગી છૂટ્યાં, પણ, બચ્ચાં, સપડાઈ ગયાં, અને, વરુના પેટમાં, પહોંચી ગયાં.",0,13.451,0,not_selected_by_random,,,,
1131,"ડ્રાઈવીંગ લાયસન્સ, આજકાલ, સમસ્યા જનક, બની ગયું છે.",0,8.004,0,not_selected_by_random,,,,
1132,"કન્યા ભ્રૂણ હત્યાની, દ્રષ્ટીએ, ખતરનાક દેશોની યાદીમાં, ભારત, ચોથા ક્રમાંક પર છે.",0,11.852,0,not_selected_by_random,,,,
1133,"ટાગોર અને ઘૂમકેતુએ, પોસ્ટમાસ્ટર જેવા, હૃદય સ્પર્શી પાત્રોને, જીવંત કર્યા, પરંતુ, ગુજરાતમાં એવા મુરબ્બી, ટપાલીઓ, પણ છે.",0,17.073,0,not_selected_by_random,,,,
1134,"કમિશ્નરે જણાવ્યું હતું કે, એક્ઝિબિશન સેન્ટર પાસે, બંને કાંઠાને જોડતો, વોકિંગ બ્રિજ, બનાવવામાં આવશે.",0,13.606,0,not_selected_by_random,,,,
1135,"ઊબડખાબડ, પાદરે, હવે, હોળી ઝાયણી ઝાંખાં, પડીને, ભૂંસાવા માંડ્યાં છે.",0,11.86,0,not_selected_by_random,,,,
1136,"સુખ સમૃધ્ધિના લાભો, વિકસી રહેલા દેશોને, મહત્તમ પહોંચે એ માટેના, પ્રયાસો, વધુ, બળવત્તર, બનાવવા છે.",0,14.9,0,not_selected_by_random,,,,
1137,"દલાશેઠ, તભાભટ, અને, મિયાં ફુસકી, ચાલી નીકળ્યા.",0,8.109,0,not_selected_by_random,,,,
1138,"તાજેતરના અભ્યાસો બતાવે છે કે, ન્યૂયોર્કસીટી ની ઝળહળતી લાઈટોની, પ્રાણીઓની પ્રવૃત્તિઓને, વેરવિખેર કરવા, જરૃરી નથી.",0,15.235,0,not_selected_by_random,,,,
1139,"માગણી સ્વીકારાય, તો, એને બમણો ભાવ મળે, કારણ, અત્યારે, ક્રૂડનો ભાવ, બેરલે, એકસો છ ડોલર છે.",0,13.379,0,not_selected_by_random,,,,
1140,"દેશના અન્ય, કેટલાક ટોચના ખેલાડીઓની જેમ, રાહુલ દ્રવિડને પણ, જાહેર ખબરના, કરોડોના કોન્ટ્રાક્ટ, મળતા હતા.",0,13.351,1,,gujarati_female_001140.wav,d a ee sh a n a aa <wb> a n a y a <wb> k a ee tx a l a aa k a <wb> tx a o c a n a aa <wb> kh ee l aa dx ii o n ii <wb> j a ee m a <wb> r a aa h a u l a <wb> d r a w i dx a n ee <wb> p a nx a <wb> j a aa h a ee r a <wb> kh a b a r a n aa <wb> k a r a o dx a o n a aa <wb> k a o n a tx a r a aa k a tx a <wb> m a lx a t a aa <wb> h a t a aa,C7 C0 C11 C31 C0 C24 C0 C1 <wb> C0 C24 C0 C38 C0 <wb> C19 C0 C11 C34 C0 C21 C0 C1 C19 C0 <wb> C34 C0 C26 C5 C0 C24 C0 C1 <wb> C20 C11 C21 C1 C9 C16 C26 C24 C16 <wb> C17 C0 C11 C22 C0 <wb> C29 C0 C1 C15 C0 C36 C21 C0 <wb> C7 C29 C0 C37 C16 C9 C0 C24 C11 <wb> C28 C0 C25 C0 <wb> C17 C0 C1 C15 C0 C11 C29 C0 <wb> C20 C0 C3 C0 C29 C0 C24 C1 <wb> C19 C0 C29 C0 C26 C9 C0 C26 C24 C0 C1 <wb> C19 C0 C26 C24 C0 C34 C0 C29 C0 C1 C19 C0 C34 C0 <wb> C22 C0 C21 C0 C32 C0 C1 <wb> C15 C0 C32 C0 C1,train
1141,"ફાઇનલમાં આક્રમક અગણ્યા એંસી રન, ફટકારનારો, મનવિન્દર બિસ્લા, મૂળ, હરિયાણાનો છે.",0,11.392,0,not_selected_by_random,,,,
1142,"પણ, જાપાનીઝ અધિકારીઓએ, સ્વીકાર્યું છે કે, અંશતઃ, મેલ્ટડાઉન, શરૂ થઈ ગયું છે, જે, ચિંતા જનક બાબત છે.",0,15.765,0,not_selected_by_random,,,,
1143,"સવિતાની, કુશાગ્ર બુદ્ધિએ, તુરંત નિર્ણય લઈ લીધો, અને, થેલીમાંથી, એક પાંચીકો કાઢીને આપ્યો.",0,13.316,0,not_selected_by_random,,,,
1144,"આ ગુણ ત્યારે દેખાય છે, જ્યારે, મનુષ્ય, વેદ, પુરાણ, રામાયણ, ગીતા, વગેરે ગ્રંથો ઉપર, વિશ્વાસ રાખે છે, અને, તેને આદર આપે છે.",0,18.865,0,not_selected_by_random,,,,
1145,"વાતે વાતે, સામા માણસને, ‘થેંક યૂ’ કહેનારો, માણસ, જીવન જેવી મહાન ભેટ આપનારા, પરમેશ્વરની, પ્રાર્થના, પણ ન કરે.",0,16.252,0,not_selected_by_random,,,,
1146,"તે જોતાં, સરકાર દ્વારા, રચવામાં આવેલી, મેટ્રો લિંક એક્સપ્રેસ, ફોર ગાંધી નગર, એન્ડ અમદાવાદ, મેગા પાસે, આ પ્રોજેક્ટ છે.",0,16.528,0,not_selected_by_random,,,,
1147,"પરંતુ, તે ટૂંકી સિકવન્સ, પચાસ થી બસ્સો, બેઝ પેપરનાં, ઘશછ નાં, ટુકડાને ઉકેલે છે.",0,12.98,0,not_selected_by_random,,,,
1148,"તે, વ્યાયામ દરમ્યાન, ભૂખમાં આપણું ધ્યાન, અન્યત્ર ખેંચાતા, ચિન્હોને, અટકાવે છે.",0,11.63,0,not_selected_by_random,,,,
1149,"સૂતળી બૉમ્બ, ફૂટે, પરદેશી હવાઈ, ને, બલૂન લાવ્યા હોય, તે ચઢે.",0,10.11,0,not_selected_by_random,,,,
1150,"સિર્ફ અહેસાસ હૈ, યે, રૂહસે મહેસુસ કરો.",0,5.294,1,,gujarati_female_001150.wav,s i r ph a <wb> a h ee s aa s a <wb> h a ei <wb> y a ee <wb> r uu h a s ee <wb> m a h ee s u s a <wb> k a r a o,C30 C16 C29 C12 C0 <wb> C0 C15 C11 C30 C1 C30 C0 <wb> C15 C0 C2 <wb> C38 C0 C11 <wb> C29 C36 C15 C0 C30 C11 <wb> C22 C0 C15 C11 C30 C36 C30 C0 <wb> C19 C0 C29 C0 C26,train
1151,"તેહિ, દેખહુ, નિજ નયનમૈં, યહ વરદાન, ન આન.",0,6.455,1,,gujarati_female_001151.wav,t ee h i <wb> d ee kh a h u <wb> n i j a <wb> n a y a n a m ei mq <wb> y a h a <wb> w a r a d aa n a <wb> n a <wb> aa n a,C32 C11 C15 C16 <wb> C7 C11 C20 C0 C15 C36 <wb> C24 C16 C17 C0 <wb> C24 C0 C38 C0 C24 C0 C22 C2 C23 <wb> C38 C0 C15 C0 <wb> C37 C0 C29 C0 C7 C1 C24 C0 <wb> C24 C0 <wb> C1 C24 C0,train
1152,"સતત, ચોવીસ કલાક, ત્રણસો પાંસઠ દિવસ, ચાલતી આ સેવામાં, સિક્યોરિટી, મહત્ત્વનું, પાસું છે.",0,12.1,0,not_selected_by_random,,,,
1153,"ડૉલર એક બીબામાં, સેન્સર, અને, કેબલ્સ, ગોઠવે છે, પછી એમાં, વિવિધ પ્રકારના, પ્લાસ્ટિક રેડે છે.",0,14.728,0,not_selected_by_random,,,,
1154,"માનવી મોક્ષ માટે, ઝંખે, કે, ઈચ્છા રહિત થવા મથે, એ, ઈચ્છવાયોગ્ય, હોવા છતાં, હંમેશાં સંભવ નથી.",0,15.507,0,not_selected_by_random,,,,
1155,"એનું નામ છે, અન ટુ ધિ લાસ્ટ, અને, લેખક છે, જહોન રસ્કિન.",0,8.95,0,not_selected_by_random,,,,
1156,"ગિરનારની તળેટીમાં, જુનાગઢની, બહાઉદ્દીન કોલેજમાં, ગણિતના, પ્રાધ્યાપક તરીકે, નવાબી શાસનકાળ, દરમ્યાન જોડાયા.",0,15.558,0,not_selected_by_random,,,,
1157,"આ ચિત્ર, હાલ, વિકટોરીયા એન્ડ, આલ્બર્ટ મ્યુઝિયમ, લંડનમાં, વર્ષોથી, સચવાયેલા છે.",0,11.643,0,not_selected_by_random,,,,
1158,"એવી વિચારણા ચાલે છે કે, ઉદ્યોગો જો, પાણીની બચત કરે, તો, તેમને ટેક્સમાં, છૂટછાટ, આપવી.",0,13.257,0,not_selected_by_random,,,,
1159,"સદ્‌ગુરૂ મેઘની જેમ, શિષ્ય પર જ્ઞાનવૃષ્ટિ કરી, તેના અંધકાર, અને, અજ્ઞાન હરી લે છે.",0,11.44,0,not_selected_by_random,,,,
1160,"અરબી સમુદ્રમાં જ નહિ, પણ ગુજરાતની આસપાસ, મોન્સૂન સિસ્ટમનું, ક્યાંય, નામોનિશાન, નથી.",0,12.1,0,not_selected_by_random,,,,
1161,"બિસ્લા, બે હજાર નવ માં, ડેક્કન, અને, બે હજાર દસ માં, પંજાબ તરફથી, રમ્યો હતો.",0,11.007,0,not_selected_by_random,,,,
1162,"ત્યાં, ડિવોર્સ કેક, અને, ડિવોર્સ રિંગના, સ્ટોલ્સ, લાગેલા છે.",0,7.407,1,,gujarati_female_001162.wav,t a y a aa q <wb> dx i w o r s a <wb> k a ee k a <wb> a n a ee <wb> dx i w o r s a <wb> r i mq g a n aa <wb> s tx o l s a <wb> l aa g ee l aa <wb> ch a ee,C32 C0 C38 C0 C1 C23 <wb> C9 C16 C37 C26 C29 C30 C0 <wb> C19 C0 C11 C19 C0 <wb> C0 C24 C0 C11 <wb> C9 C16 C37 C26 C29 C30 C0 <wb> C29 C16 C23 C13 C0 C24 C1 <wb> C30 C34 C26 C21 C30 C0 <wb> C21 C1 C13 C11 C21 C1 <wb> C6 C0 C11,train
1163,"માંહ્યલો ગીરવી મૂકવાથી, દહેજની રકમ, જો, તગડી, થતી હોય તો, માંહ્યલાને, પલીતો ચાંપો.",0,13.586,0,not_selected_by_random,,,,
1165,"અંગ્રેજ લેખક, હેઝલીટ કહે છે કે, મિત્રો, આપણા માટે, બધું જ કરવા, તૈયાર હોય છે.",0,11.67,0,not_selected_by_random,,,,
1166,"થોડા વધુ સમય સુધી, આ કમાણી, ચાલુ રાખવાના લોભમાં, રાહુલ દ્રવિડ, હજી થોડો, વધુ સમય, ટીમમાં, ચિટકી રહ્યો હોત.",0,17.218,0,not_selected_by_random,,,,
1168,"ત્યારે, આપણે સરકારને, વધુ એક, થર્મલ પાવર પ્લાન્ટ, કે, અણુ ઉર્જા મથકની, સ્થાપના કરવાનું, નિમિત્ત, પૂરું પાડીએ છીએ.",0,17.71,0,not_selected_by_random,,,,
1170,"કોઈ ખંડિત, તો, કોઈ નાનકી ઢગલી જેવાં, કોઈ, પડછંદ, વીર જેવાં.",0,10.166,0,not_selected_by_random,,,,
1171,"અલબત્ત, આ નિર્ણય, કેટલે અંશે, પાળી શકાશે, તે સામે, પ્રશ્નાર્થ છે.",0,10.415,0,not_selected_by_random,,,,
1172,"પ્રિયપાત્રને પામવાની સફર, પૂરી થાય, કે, કારકિર્દીની ટોચ આંબવાનું, આહવાન, આદમીને જંપવા, ન દે.",0,14.985,0,not_selected_by_random,,,,
1173,"જેને, ધરતીમાં સત્યાવીસ કિલોમીટર લાંબી, ગોળાકાર ભૂગર્ભ બોગદામાં, પ્રોટોનના કિરણોનો, મારો ચલાવી, અથડાવવામાં, આવ્યા હતા.",0,17.58,0,not_selected_by_random,,,,
1174,"સૌ પતિને, મહેણાંટોણાં મારે છે, પરંતુ, પતિ, બદ્ધ છે, કંઈક અંશે, હેલ્પલેસ, લાચાર છે, એ પોતે, રહેંસાયો છે.",0,16.161,1,,gujarati_female_001174.wav,s a ou <wb> p a t a i n a ee <wb> m a h ee nx aa mq tx o nx aa mq <wb> m a aa r a ee <wb> ch a ee <wb> p a r a q t a u <wb> p a t a i <wb> b a d dh a <wb> ch a ee <wb> k a q ii k a <wb> a q sh a ee <wb> h ee l p a l ee s a <wb> l a aa c a aa r a <wb> ch a ee <wb> ee <wb> p a o t a ee <wb> r a h ee mq s aa y o <wb> ch a ee,C30 C0 C27 <wb> C28 C0 C32 C0 C16 C24 C0 C11 <wb> C22 C0 C15 C11 C25 C1 C23 C34 C26 C25 C1 C23 <wb> C22 C0 C1 C29 C0 C11 <wb> C6 C0 C11 <wb> C28 C0 C29 C0 C23 C32 C0 C36 <wb> C28 C0 C32 C0 C16 <wb> C3 C0 C7 C8 C0 <wb> C6 C0 C11 <wb> C19 C0 C23 C16 C19 C0 <wb> C0 C23 C31 C0 C11 <wb> C15 C11 C21 C28 C0 C21 C11 C30 C0 <wb> C21 C0 C1 C5 C0 C1 C29 C0 <wb> C6 C0 C11 <wb> C11 <wb> C28 C0 C26 C32 C0 C11 <wb> C29 C0 C15 C11 C23 C30 C1 C38 C26 <wb> C6 C0 C11,train
1175,"માણસ દોડે છે, અને, એક રાક્ષસી ટ્રક, ક્ષણવારમાં, તેને, માંસનો રોટલો, કરી નાખે, ક્યાં ગઈ, ભાઈ, તારી ગતિ, તારી ઉતાવળ ?.",0,18.454,0,not_selected_by_random,,,,
1176,"ગ્રીનલેન્ડના, પીટરમાન ગ્લેશિયરથી, અલગ પડેલા, વિશાળ આઇસબર્ગ, અમેરિકાના, મેનહટન કરતાં, બમણા, કદનો છે.",0,16.6,0,not_selected_by_random,,,,
1177,"પિતાજી, મને તો, આ જ વર, ગમે છે, કેટલો ચપળ, રૂપાળો, અને, જોરાવર છે.",0,12.39,0,not_selected_by_random,,,,
1178,"સુધા મૂર્તિનો બોધ:, અતિશય લોભ કરનારને, છેવટે, તો નુકશાન જ, થાય છે.",0,10.101,1,,gujarati_female_001178.wav,s a u dh a aa <wb> m uu r t i n o <wb> b a o dh a <wb> a t a i sh a y a <wb> l a o bh a <wb> k a r a n aa r a n ee <wb> ch a ee w a tx a ee <wb> t a o <wb> n u k a sh aa n a <wb> j a <wb> th a aa y a <wb> ch a ee,C30 C0 C36 C8 C0 C1 <wb> C22 C36 C29 C32 C16 C24 C26 <wb> C3 C0 C26 C8 C0 <wb> C0 C32 C0 C16 C31 C0 C38 C0 <wb> C21 C0 C26 C4 C0 <wb> C19 C0 C29 C0 C24 C1 C29 C0 C24 C11 <wb> C6 C0 C11 C37 C0 C34 C0 C11 <wb> C32 C0 C26 <wb> C24 C36 C19 C0 C31 C1 C24 C0 <wb> C17 C0 <wb> C33 C0 C1 C38 C0 <wb> C6 C0 C11,train
1179,"દલાશેઠને, એમ કે, ઝટ ઝટ ચાલું, અને, વહેલો ઘેર, પહોંચી જાઉં.",0,9.672,0,not_selected_by_random,,,,
1180,"ઈલેક્ટ્રીક વાહનોના ઉત્પાદકો દ્વારા, આયાત કરાતી, બેટરીને, બેઝીક કસ્ટમ ડ્યુટીમાંથી, સંપૂર્ણ, મુક્તિ આપવાની.",0,14.671,0,not_selected_by_random,,,,
1181,"બે હજાર પાંચ ની સાલમાં, ભારે ધક્કામુક્કી, થઇ હતી, જેમાં, ત્રણસો કરતાં, વધુ યાત્રિકોનાં, મોત, થયાં હતાં.",0,15.58,0,not_selected_by_random,,,,
1183,"ભૈરવ તો, તરત જ લડવા માંડ્યો, હોય કાંઈ ? આ તો, સાવ ખોટી, વહેંચણી છે.",0,9.497,1,,gujarati_female_001183.wav,bh ei r a w a <wb> t a o <wb> t a r a t a <wb> j a <wb> l a dx a w aa <wb> m a aa q dx a y a o <wb> h a o y a <wb> k a aa q ii <wb> aa <wb> t a o <wb> s a aa w a <wb> kh a o tx a ii <wb> w a h a ee q c a nx a ii <wb> ch a ee,C4 C2 C29 C0 C37 C0 <wb> C32 C0 C26 <wb> C32 C0 C29 C0 C32 C0 <wb> C17 C0 <wb> C21 C0 C9 C0 C37 C1 <wb> C22 C0 C1 C23 C9 C0 C38 C0 C26 <wb> C15 C0 C26 C38 C0 <wb> C19 C0 C1 C23 C16 <wb> C1 <wb> C32 C0 C26 <wb> C30 C0 C1 C37 C0 <wb> C20 C0 C26 C34 C0 C16 <wb> C37 C0 C15 C0 C11 C23 C5 C0 C25 C0 C16 <wb> C6 C0 C11,train
1184,"પચીસ મી ડિસેમ્બરના રોજ, ઉડાન વખતે જ, નિષ્ફળ ગયેલ, જીઓસિન્ક્રોપ્રસ, સેટેલાઇટ, લોંચ વેહીકલ.",0,11.494,1,,gujarati_female_001184.wav,p a c a ii s a <wb> m a ii <wb> dx a i s a ee m a b a r a n a aa <wb> r a o j a <wb> u dx aa n a <wb> w a kh a t a ee <wb> j a <wb> n a i sx a ph a lx a <wb> g a y a ee l a <wb> j ii o s i n k r o p r a s a <wb> s ee tx ee l aa i tx a <wb> l a o q c a <wb> w ee h ii k a l a,C28 C0 C5 C0 C16 C30 C0 <wb> C22 C0 C16 <wb> C9 C0 C16 C30 C0 C11 C22 C0 C3 C0 C29 C0 C24 C0 C1 <wb> C29 C0 C26 C17 C0 <wb> C36 C9 C1 C24 C0 <wb> C37 C0 C20 C0 C32 C0 C11 <wb> C17 C0 <wb> C24 C0 C16 C31 C0 C12 C0 C21 C0 <wb> C13 C0 C38 C0 C11 C21 C0 <wb> C17 C16 C26 C30 C16 C24 C19 C29 C26 C28 C29 C0 C30 C0 <wb> C30 C11 C34 C11 C21 C1 C16 C34 C0 <wb> C21 C0 C26 C23 C5 C0 <wb> C37 C11 C15 C16 C19 C0 C21 C0,train
1185,"રામ મા રાજની વાડીઓમાં, હારબંધ ઊભેલા, આંબાના ઝાડમાં, શાખ પડેલી કેરી, એટલે જાણે, સો વોલ્ટનો, કેસરિયો બલ્બ !",0,17.296,0,not_selected_by_random,,,,
1186,"સરકારના ચોક્કસ કે, વિશિષ્ટ વિભાગ જાહેર, હિતને, ધ્યાનમાં લઇને, પોતાનો વાર્ષિક, લક્ષ્યાંક, પસંદ કરે છે,.",0,14.006,0,not_selected_by_random,,,,
1187,"જ્યારે, શુધ્ધ, રિફાઈન્ડ, અને, હાઈડ્રોજનેટેડ તેલ પરનો, આયાત કર, ઘટાડવામાં, આવ્યો છે.",0,12.81,0,not_selected_by_random,,,,
1188,"અગાઉ, એવું નક્કી થયું હતું, કે, ધર્મેન્દ્ર, હેમામાલિની, એશા દેઓલ, અને, આહના, બધાં જ, ભેગાં થઈને, આ ફિલ્મને, પ્રમોટ કરશે.",0,18.595,0,not_selected_by_random,,,,
1189,"નવી ટેકનીકમાં, ગુટ્ટા પેર્ચા મેજીક વડે, થ્રી ડાઈમેન્શનલ સીલ ઊભુ કરે છે.",0,11.482,0,not_selected_by_random,,,,
1190,"દ્રૌપદી, કૌરવોએ, હણેલા પોતાના પુત્રોના શબ પાસે, ઊભી રહીને, કલ્પાંત કરતી હતી.",0,12.048,0,not_selected_by_random,,,,
1191,"કુદરતમાં, અકળ, એવી અક્કલ છે, યોજના છે, સૌંદર્ય છે, પ્રમાણ છે, ઔચિત્ય છે.",0,12.95,0,not_selected_by_random,,,,
1192,"બીજો પર્યાય, આઈસોબ્યુટેનોસનો છે, પણ, જીવાણુંઓ, વડે તે, ઉત્પન્ન કરવું, મુશ્કેલ છે.",0,12.189,0,not_selected_by_random,,,,
1193,"હી, ધાગ ન વેંધા, ત, કોય બાયડી, પ ન ડીંઘો.",0,7.705,0,not_selected_by_random,,,,
1194,"સમગ્ર રીતે, મગજની રચનાનું, ચિત્ર ઉભું કરતાં, માલુમ પડયું કે, તેના, ત્રીજા ભાગનો, વિસ્તાર, દ્રષ્ટિ, રોકી લે છે.",0,15.801,0,not_selected_by_random,,,,
1195,"યુદ્ધ વખતે, તેની સાથે, સપાટી પર, એરક્રાફ્ટ કેરીઅર, ડિસ્ટ્રોયર, કુઝર જેવા, યુદ્ધ જહાજોનો, કાફલો હોય છે.",0,16.149,0,not_selected_by_random,,,,
1196,"એ જીવનને, ગીતામાં, વ્યક્તીમધ્ય, વ્યક્ત મધ્ય, કહ્યું છે.",0,8.961,0,not_selected_by_random,,,,
1197,"સ્વસ્તિ નઃ, પુત્ર, કૃથુષુ, યો નિસુ, સ્વસ્તિ રાયે, મરૂતો, ઘ્યાનત.",0,11.177,0,not_selected_by_random,,,,
1198,"આ પરિસ્થિતિને, તમે ગેસસ્ટવ, કે કેરોસીન સ્ટવ ઉપર, મુકેલ, પ્રેશર કુકર માફક, કલ્પના, કરી શકો છો.",0,13.037,0,not_selected_by_random,,,,
1199,"સેલીયમ, આયોડિન, સ્ટોન્ટ્રીયમ, અને, આર્ગોન જેવાં, પદાર્થનો ક્ષય, થતાં, લાંબો સમય લાગે છે.",0,14.139,0,not_selected_by_random,,,,
1200,"ક્રૂડના ભાવવધારાથી, ખેડૂતોને, વાપરવી પડતી, જંતુનાશક દવાઓ, પંદર થી વીસ ટકા, મોંઘી, થઈ રહી છે.",0,13.305,1,,gujarati_female_001200.wav,k r uu dx a n aa <wb> bh aa w a w a dh aa r aa th ii <wb> kh a ee dx a uu t a o n a ee <wb> w aa p a r a w ii <wb> p a dx a t a ii <wb> j a mq t u n aa sh a k a <wb> d a w a aa o <wb> p a q d a r a <wb> th a ii <wb> w a ii s a <wb> tx a k a aa <wb> m a o q gh a ii <wb> th a ii <wb> r a h a ii <wb> ch a ee,C19 C29 C36 C9 C0 C24 C1 <wb> C4 C1 C37 C0 C37 C0 C8 C1 C29 C1 C33 C16 <wb> C20 C0 C11 C9 C0 C36 C32 C0 C26 C24 C0 C11 <wb> C37 C1 C28 C0 C29 C0 C37 C16 <wb> C28 C0 C9 C0 C32 C0 C16 <wb> C17 C0 C23 C32 C36 C24 C1 C31 C0 C19 C0 <wb> C7 C0 C37 C0 C1 C26 <wb> C28 C0 C23 C7 C0 C29 C0 <wb> C33 C0 C16 <wb> C37 C0 C16 C30 C0 <wb> C34 C0 C19 C0 C1 <wb> C22 C0 C26 C23 C14 C0 C16 <wb> C33 C0 C16 <wb> C29 C0 C15 C0 C16 <wb> C6 C0 C11,train
1201,"જ્યાં બેસીને, તમામ ચર્ચા, વિચારણા, અને, નેક્સ્ટ પ્લાનીંગની ચર્ચા, સાથે નાસ્તો, કરીએ છીએ.",0,12.872,0,not_selected_by_random,,,,
1202,"અસંતુષ્ટ ગ્રાહકો, ફોયલ રિટર્ન કરીને, રિફંડ, લઈ શકે છે.",0,8.459,0,not_selected_by_random,,,,
1203,"એવું, સમગ્ર વિશ્વને, દર્શાવી શકવાની આશા, અમેરિકી પુરાતત્વ, વિદ્વાન, મેરીલિન ફિલીપ્સ હોડસનને, વ્યક્ત કરી છે.",0,16.207,0,not_selected_by_random,,,,
1204,"કોઈ પણ ગ્રાહક, કાંઈ પણ પૂછે, તો, યસ સર! ગ્રાહકને, રૂપિયાનુએ, ડિસ્કાઉન્ટ આપવાનું, શક્ય ન હોય.",0,14.138,0,not_selected_by_random,,,,
1205,"આ ઉપરાંત, યુસુફ, રૈના, યુવરાજ પણ, ઓફ સ્પિન, બોલિંગ, કરી શકે છે.",0,10.435,0,not_selected_by_random,,,,
1206,"ગરમીના તરંગો, ઉપરોક્ત, તરંગોની જેમ, વિદ્યુત, ચુંબકીય તરંગો, ઈલેક્ટ્રો મેગ્નેટીક તરંગોજ, છે.",0,13.457,0,not_selected_by_random,,,,
1207,"જ્યારે, સીકવન્સ ઉકેલવાનો ખર્ચ, પ્રતિ ન્યુકલીઓટાઈડ દીઠ, પચાસ સેન્ટ જેટલો, આવે.",0,12.62,0,not_selected_by_random,,,,
1209,"છેવટે, રીંછ, થાકીને, પેલા ઝાડની, બખોલ પાસે, આવીને બેઠું, જ્યાં, ચોર સંતાયો હતો.",0,13.726,0,not_selected_by_random,,,,
1210,"ત્યારબાદ, ઉપલા ગૃહ, અને, પ્રમુખ, વાલદીમિર પુતિનની, લીલી ઝંડી, પણ, લેવી પડશે.",0,12.528,0,not_selected_by_random,,,,
1211,"નેમચંદ બુઢ્ઢો, અને, કદરૂપો, તેમજ, હલકી મનોવૃત્તિ, ધરાવતો હતો.",0,11.28,0,not_selected_by_random,,,,
1212,"ગુલ મહોરનાં, ફૂલો, હજી કવિતા નહોતાં બન્યાં, ત્યારે પણ, એની છાંટદાર પાંખડીના સ્વાદની, ખટાશ, માણતા હતા.",0,15.993,0,not_selected_by_random,,,,
1213,"બહારની સૃષ્ટિમાં, રૂપ, રંગ, ધ્વનિ, સુગંધ, મીઠાશનો, અખૂટ, ખજાનો પડ્યો છે.",0,14.013,0,not_selected_by_random,,,,
1214,"એકદમ તો, રીંછ, સમજી ન શક્યું કે, શું થયું? પણ, વાવાઝોડાનો, ખ્યાલ આવતાંજ, તે, ચીસ પાડી ઊઠ્યું.",0,14.002,1,,gujarati_female_001214.wav,ee k a d a m a <wb> t a o <wb> r ii mq ch a <wb> s a m a j a ii <wb> n a <wb> sh a k a y a u q <wb> k a ee <wb> sh a u q <wb> th a y a u q <wb> p a nx a <wb> w aa w aa jh o dx aa n o <wb> kh a y a aa l a <wb> aa w a t aa mq j a <wb> t a ee <wb> c ii s a <wb> p a aa dx a ii <wb> uu txh a y a u q,C11 C19 C0 C7 C0 C22 C0 <wb> C32 C0 C26 <wb> C29 C16 C23 C6 C0 <wb> C30 C0 C22 C0 C17 C0 C16 <wb> C24 C0 <wb> C31 C0 C19 C0 C38 C0 C36 C23 <wb> C19 C0 C11 <wb> C31 C0 C36 C23 <wb> C33 C0 C38 C0 C36 C23 <wb> C28 C0 C25 C0 <wb> C37 C1 C37 C1 C18 C26 C9 C1 C24 C26 <wb> C20 C0 C38 C0 C1 C21 C0 <wb> C1 C37 C0 C32 C1 C23 C17 C0 <wb> C32 C0 C11 <wb> C5 C16 C30 C0 <wb> C28 C0 C1 C9 C0 C16 <wb> C36 C35 C0 C38 C0 C36 C23,train
1215,"તેને, ફર્ટાઇલ ક્રેસન્ટ, એટલે, ચંદ્રની બીજ કલા, આકારનો ફળદ્રુપ, પ્રદેશ કહે છે.",0,10.263,1,,gujarati_female_001215.wav,t a ee n a ee <wb> ph a r tx aa i l a <wb> k r ee s a n tx a <wb> ee tx a l a ee <wb> c a mq d r a n ii <wb> b ii j a <wb> k a l a aa <wb> aa k a aa r a n a o <wb> ph a lx a d a r a u p a <wb> p a r a d a ee sh a <wb> k a h a ee <wb> ch a ee,C32 C0 C11 C24 C0 C11 <wb> C12 C0 C29 C34 C1 C16 C21 C0 <wb> C19 C29 C11 C30 C0 C24 C34 C0 <wb> C11 C34 C0 C21 C0 C11 <wb> C5 C0 C23 C7 C29 C0 C24 C16 <wb> C3 C16 C17 C0 <wb> C19 C0 C21 C0 C1 <wb> C1 C19 C0 C1 C29 C0 C24 C0 C26 <wb> C12 C0 C21 C0 C7 C0 C29 C0 C36 C28 C0 <wb> C28 C0 C29 C0 C7 C0 C11 C31 C0 <wb> C19 C0 C15 C0 C11 <wb> C6 C0 C11,test
1216,"પણ, દાદી આવે, એ પહેલાં, તો, મેં સૂંડલો, ઊંચકાવીને, ખિસકોલીને, કેદ મુક્ત, કરી દીધી.",0,13.467,0,not_selected_by_random,,,,
1217,"ઉમંગ અને, વિશ્વકલ્યાણની ભાવના સાથે, બે હજાર અગિયારના, સ્વર્ણિમ ઉદયને, ભાવભર્યો, આવકાર અપાયો હતો.",0,15.21,0,not_selected_by_random,,,,
1218,"વિરોધી પક્ષો માટે, માયાવતીનો સ્મારક પ્રેમ કહો, કે, સ્મારકઘેલછા, એ કાયમી આક્રમણના, મુદ્દા હતા.",0,14.44,0,not_selected_by_random,,,,
1219,"મુલ્લાંની પડોશમાં, એક, ફક્કડ ભેંશ હતી.",0,5.737,0,not_selected_by_random,,,,
1220,"પછી પ્રવાસીએ, થોડુંક બળતણ ભેગું કરી, ચૂલો પેટાવ્યો, અને, એના પર, પાણી ઊકળવા મૂક્યું.",0,12.052,0,not_selected_by_random,,,,
1221,"અષ્ટાકાર મંત્ર, શ્રીકૃષ્ણ શરણં મમનું, અષ્ટ પ્રહ્ય, સ્મરણ કરવું.",0,8.545,1,,gujarati_female_001221.wav,a sx tx aa k aa r a <wb> m a q t a r a <wb> sh a r a ii k a sx a nx a <wb> sh a r a nx a q <wb> m a m a n u mq <wb> a sx tx a <wb> p r a h y a <wb> s m a r a nx a <wb> k a r a w a u q,C0 C31 C34 C1 C19 C1 C29 C0 <wb> C22 C0 C23 C32 C0 C29 C0 <wb> C31 C0 C29 C0 C16 C19 C0 C31 C0 C25 C0 <wb> C31 C0 C29 C0 C25 C0 C23 <wb> C22 C0 C22 C0 C24 C36 C23 <wb> C0 C31 C34 C0 <wb> C28 C29 C0 C15 C38 C0 <wb> C30 C22 C0 C29 C0 C25 C0 <wb> C19 C0 C29 C0 C37 C0 C36 C23,train
1222,"માનવ માનવ વચ્ચે, મૈત્રીભાવના, સમર્પણ ભાવના, પ્રેરણા સ્તોત્ર, વહેવડાવવું, જોઈએ.",0,12.75,0,not_selected_by_random,,,,
1223,"અરે, સાતમું ગયું, અને, આઠમું વર્ષે ગયું, નવમું ગયું, અને, દશમુંએ ગયું.",0,11.485,0,not_selected_by_random,,,,
1224,"હિગ્સ બોસોનના, ગૉડ પાર્ટિકલ જેવા, લાડકવાયા નામને, કારણે, ઘણા લોકોએ, તેને, દૈવી, કે, ઇશ્વરીય તરીકે, ઓળખાવ્યો.",0,16.993,0,not_selected_by_random,,,,
1225,"તરતજ તેને સંભળાયું, મૂર્ખ! ગુસ્સાથી મુઠ્ઠી ઊંચી કરી, તેણે, રાડ પાડી, હું તને, મારી નાખીશ !",0,14.47,0,not_selected_by_random,,,,
1226,"જાન્યુઆરીની ત્રેવીસમી સુધી, સાઉથ આફ્રિકામાં, એક ટેસ્ટ, એક ટ્વેન્ટી ટ્વેન્ટી, અને, પાંચ વન ડેની શ્રેણી.",0,14.51,0,not_selected_by_random,,,,
1227,"અને, કલકત્તાના સ્ટેડીયમ પર જઇને, માફી માગે, એ બંને, ફ્રન્ટપેજ ન્યુઝ, બની જાય છે.",0,11.238,1,,gujarati_female_001227.wav,a n a ee <wb> k a l a k a t t aa n aa <wb> s tx ee dx ii y a m a <wb> p a r a <wb> j a i n ee <wb> m a aa ph a ii <wb> m a aa g a ee <wb> ee <wb> b a q n a ee <wb> ph r a n tx a p ee j a <wb> n y u jh a <wb> b a n a ii <wb> j a aa y a <wb> ch a ee,C0 C24 C0 C11 <wb> C19 C0 C21 C0 C19 C0 C32 C32 C1 C24 C1 <wb> C30 C34 C11 C9 C16 C38 C0 C22 C0 <wb> C28 C0 C29 C0 <wb> C17 C0 C16 C24 C11 <wb> C22 C0 C1 C12 C0 C16 <wb> C22 C0 C1 C13 C0 C11 <wb> C11 <wb> C3 C0 C23 C24 C0 C11 <wb> C12 C29 C0 C24 C34 C0 C28 C11 C17 C0 <wb> C24 C38 C36 C18 C0 <wb> C3 C0 C24 C0 C16 <wb> C17 C0 C1 C38 C0 <wb> C6 C0 C11,train
1228,"હાઈબ્રિડ પદ્ધતિ દ્વારા, રંગીન માછલીઓની, વેરાયટી પેદા કરવામાં, આવે છે.",0,9.494,0,not_selected_by_random,,,,
1229,"જેમાં, નોર્થ સાઉથ કોરિડોર, અમદાવાદ વાસણા, એપીએમસીથી, ગાંધી નગર અક્ષરધામ.",0,12.158,0,not_selected_by_random,,,,
1230,"પાંચ ઓવરોમાં, બંનેએ, અગણ્યો સિત્તેર રન, ઉમેર્યા હતા, અને, મોટી ભાગીદારી માટે, સેટ, થઇ ગયા હતા.",0,13.597,0,not_selected_by_random,,,,
1231,"વાલિયા હમ્ઝાની, બ્રાઝીલમાં, વિરાટ એમેઝોન નદી નીચે, વ્હેલી, વિરાટ નદીની, ખોજ.",0,12.669,0,not_selected_by_random,,,,
1232,"અગિયાર વર્ષ, પૂર્વે, તેણે ચૌદમી જાન્યુઆરીએ, કહોના પ્યાર હૈ સાથે, બોલીવુડમાં, આગમન, કર્યું હતું.",0,14.789,0,not_selected_by_random,,,,
1233,"આવા, સમચોરસો, તો, પૂંઠામાંથી બનાવી શકાય, અને, અઘરા પ્રમેયને, તા દ્રશ્ય રીતે, સાબિત કરી શકાય.",0,14.424,0,not_selected_by_random,,,,
1234,"મેથાએક્રેલીક એસીડ, અને, મેથાનોલ વચ્ચે, રાસાયણીક પ્રક્રિયા દ્વારા, મિથાઈલ મેથાએક્રીલેટ, બનાવાયું હતું.",0,14.493,0,not_selected_by_random,,,,
1235,"સિક્સ્થ સેન્સ થી જાણીતા ગુજરાતી, પ્રણવ મિસ્ત્રીની, યાદ આવે.",0,8.47,0,not_selected_by_random,,,,
1236,"જ્યારે, અન્ના હજારેનો, જુવાળ હતો, ત્યારે, ટેમ્પરરી, તેને, વિવાદમાં ખેંચીને, સરકારે, લોકપાલ બીલને, પોતાના, તખતા પર, લઈ લીઘું છે.",0,18.777,0,not_selected_by_random,,,,
1237,"શુક્રાણુમાં, ઠ, અને, રૃ સહીતનાં, બધા જ રંગ સુત્રો, ફોમોઝોમ્સ, ઉપલબ્ધ, હોય છે.",0,12.64,0,not_selected_by_random,,,,
1238,"પુરુષ સ્ત્રીની, અક્કલ સાથે, હોડ નથી, લઈ શકતો, એટલે તો, રાત દિવસ, ઘરની બહાર, જ્યાં ત્યાં, ભટકતો રહે છે.",0,14.499,0,not_selected_by_random,,,,
1239,"એ વખતે, જ્હોન, કિન્ગ નામના, બળવાન પ્રેતાત્માએ, પ્રગટ થઈ, સભામાં, થોડા ઉપદ્રવો, પણ કર્યા હતા.",0,13.572,0,not_selected_by_random,,,,
1240,"રમતવીર, ઓછી ચરબીવાળી, ડેરી, નીપજ પુષ્કળ લેવાથી, જેમાં દૂધ, યોગર્ટ, ચીઝ, વગેરે આવે છે.",0,13.514,1,,gujarati_female_001240.wav,r a m a t a w ii r a <wb> o ch a ii <wb> c a r a b ii w aa lx ii <wb> dx ee r ii <wb> n ii p a j a <wb> p a u sx a k a lx a <wb> l ee w aa th ii <wb> j a ee m a aa q <wb> d a uu dh a <wb> y a o g a r a tx a <wb> c a ii jh a <wb> w a g a ee r a ee <wb> aa w a ee <wb> ch a ee,C29 C0 C22 C0 C32 C0 C37 C16 C29 C0 <wb> C26 C6 C0 C16 <wb> C5 C0 C29 C0 C3 C16 C37 C1 C21 C16 <wb> C9 C11 C29 C16 <wb> C24 C16 C28 C0 C17 C0 <wb> C28 C0 C36 C31 C0 C19 C0 C21 C0 <wb> C21 C11 C37 C1 C33 C16 <wb> C17 C0 C11 C22 C0 C1 C23 <wb> C7 C0 C36 C8 C0 <wb> C38 C0 C26 C13 C0 C29 C0 C34 C0 <wb> C5 C0 C16 C18 C0 <wb> C37 C0 C13 C0 C11 C29 C0 C11 <wb> C1 C37 C0 C11 <wb> C6 C0 C11,train
1241,"ક્રેઝાએ, સેહવાગની, ક્લાસિક ઇનિંગ નો, અંત, આણ્યો હતો.",0,8.606,0,not_selected_by_random,,,,
1242,"આ માટે, જરૂરી, કંઠનો સ્વર, દ્રષ્ટિ, શ્વેતા, વાણીનો, ત્રિભેટ કિનારો, કંઠ સાથે, ગોઠવ્યો.",0,14.27,0,not_selected_by_random,,,,
1243,"જાતસ્ય, હિ, ધુરવોર મૃત્યુ, અર્થાત્, જન્મેલાનું, મૃત્યુ, નિશ્ચિત છે.",0,9.822,1,,gujarati_female_001243.wav,j aa t a s y a <wb> h i <wb> dh u r a w o r a <wb> m a t a y a u <wb> a r a th a aa t a <wb> j a n m ee l aa n u mq <wb> m a t a y a u <wb> n a i sh a c a i t a <wb> ch a ee,C17 C1 C32 C0 C30 C38 C0 <wb> C15 C16 <wb> C8 C36 C29 C0 C37 C26 C29 C0 <wb> C22 C0 C32 C0 C38 C0 C36 <wb> C0 C29 C0 C33 C0 C1 C32 C0 <wb> C17 C0 C24 C22 C11 C21 C1 C24 C36 C23 <wb> C22 C0 C32 C0 C38 C0 C36 <wb> C24 C0 C16 C31 C0 C5 C0 C16 C32 C0 <wb> C6 C0 C11,train
1244,"અને, આ ક્ષણિક મોજશોખનું, છે, એવી સમજ, જીવનકૂચનું, સાચું, પીઠબળ છે.",0,12.57,0,not_selected_by_random,,,,
1245,"મોટાભાગના, વ્યાયામ માટે, ગ્લુકોઝ, મન પસંદ, ઊર્જાનો, સ્ત્રોત છે.",0,9.102,1,,gujarati_female_001245.wav,m a o tx a aa bh a aa g a n a aa <wb> w a y a aa y a aa m a <wb> m a aa tx a ee <wb> g a l a u k a o jh a <wb> m a n a <wb> p a s a q d a <wb> uu r j aa n o <wb> s a t a r a o t a <wb> ch a ee,C22 C0 C26 C34 C0 C1 C4 C0 C1 C13 C0 C24 C0 C1 <wb> C37 C0 C38 C0 C1 C38 C0 C1 C22 C0 <wb> C22 C0 C1 C34 C0 C11 <wb> C13 C0 C21 C0 C36 C19 C0 C26 C18 C0 <wb> C22 C0 C24 C0 <wb> C28 C0 C30 C0 C23 C7 C0 <wb> C36 C29 C17 C1 C24 C26 <wb> C30 C0 C32 C0 C29 C0 C26 C32 C0 <wb> C6 C0 C11,train
1246,"જ્ઞાનયોગી, શ્રી, ચંદુભાઈએ, વાતનું સમાપન કરતાં કહ્યું, પરમાત્માનો સાક્ષાત્કર, થાય છે, ત્યારે, કહે છે, બંઘુજ, મળી જાય છે.",0,17.252,1,,gujarati_female_001246.wav,j nj aa n a y o g ii <wb> sh a r a ii <wb> c a mq d u bh aa ii ee <wb> w a aa t a n a u q <wb> s a m aa p a n a <wb> k a r a t a aa q <wb> k a h a y a u q <wb> p a r a m aa t m aa n o <wb> s aa k sx aa t k a r a <wb> th a aa y a <wb> ch a ee <wb> t a y a aa r a ee <wb> k a h a ee <wb> ch a ee <wb> b a mq gh u j a <wb> m a lx a ii <wb> j a aa y a <wb> ch a ee,C17 C24 C1 C24 C0 C38 C26 C13 C16 <wb> C31 C0 C29 C0 C16 <wb> C5 C0 C23 C7 C36 C4 C1 C16 C11 <wb> C37 C0 C1 C32 C0 C24 C0 C36 C23 <wb> C30 C0 C22 C1 C28 C0 C24 C0 <wb> C19 C0 C29 C0 C32 C0 C1 C23 <wb> C19 C0 C15 C0 C38 C0 C36 C23 <wb> C28 C0 C29 C0 C22 C1 C32 C22 C1 C24 C26 <wb> C30 C1 C19 C31 C1 C32 C19 C0 C29 C0 <wb> C33 C0 C1 C38 C0 <wb> C6 C0 C11 <wb> C32 C0 C38 C0 C1 C29 C0 C11 <wb> C19 C0 C15 C0 C11 <wb> C6 C0 C11 <wb> C3 C0 C23 C14 C36 C17 C0 <wb> C22 C0 C21 C0 C16 <wb> C17 C0 C1 C38 C0 <wb> C6 C0 C11,train
1247,"આમ, શિવરાત્રીના મહાપર્વ પ્રસંગે, રાત્રે શિવજી ઉપર, બીલી ચઢાવી, અભિષેક કરવાથી, અનંત પુન્ય, પ્રાપ્ત થાય છે.",0,14.652,1,,gujarati_female_001247.wav,aa m a <wb> sh i w a r aa t r ii n aa <wb> m a h aa p a r w a <wb> p a r a s a q g a ee <wb> r a aa t a r a ee <wb> sh a i w a j a ii <wb> u p a r a <wb> b ii l ii <wb> c a dxh a aa w a ii <wb> a bh a i sx a ee k a <wb> k a r a w a aa th a ii <wb> a n a q t a <wb> p u n y a <wb> p a r a aa p a t a <wb> th a aa y a <wb> ch a ee,C1 C22 C0 <wb> C31 C16 C37 C0 C29 C1 C32 C29 C16 C24 C1 <wb> C22 C0 C15 C1 C28 C0 C29 C37 C0 <wb> C28 C0 C29 C0 C30 C0 C23 C13 C0 C11 <wb> C29 C0 C1 C32 C0 C29 C0 C11 <wb> C31 C0 C16 C37 C0 C17 C0 C16 <wb> C36 C28 C0 C29 C0 <wb> C3 C16 C21 C16 <wb> C5 C0 C10 C0 C1 C37 C0 C16 <wb> C0 C4 C0 C16 C31 C0 C11 C19 C0 <wb> C19 C0 C29 C0 C37 C0 C1 C33 C0 C16 <wb> C0 C24 C0 C23 C32 C0 <wb> C28 C36 C24 C38 C0 <wb> C28 C0 C29 C0 C1 C28 C0 C32 C0 <wb> C33 C0 C1 C38 C0 <wb> C6 C0 C11,train
1248,"ત્યારે, એવું બને છે કે, ઈશ્વરે આપેલી, જીવનની અણમોલ બક્ષિસનું, બોક્સ ખોલ્યા વગરજ, તમે, સમય ગાળો છો.",0,14.001,0,not_selected_by_random,,,,
1249,"વેસ્ટર્ન ડિસ્ટર્બન્સને કારણે, હાલ, તાપમાનમાં, ઉતાર ચઢાવ, થઇ રહ્યો છે.",0,10.179,0,not_selected_by_random,,,,
1250,"પણ, ભૌતિક સફળતા, કદાચ, ના પણ મળી, તો પણ, વિપરીત, સંયોગો વચ્ચે, સ્વચ્છ, અને, સમતોલ, રહી શકાય છે.",0,14.141,1,,gujarati_female_001250.wav,p a nx a <wb> bh a ou t a i k a <wb> s a ph a lx a t a aa <wb> k a d a aa c a <wb> n a aa <wb> p a nx a <wb> m a lx a ii <wb> t a o <wb> p a nx a <wb> w a i p a r a ii t a <wb> s a q y a o g a o <wb> w a c a c a ee <wb> s a w a c a ch a <wb> a n a ee <wb> s a m a t a o l a <wb> r a h a ii <wb> sh a k a aa y a <wb> ch a ee,C28 C0 C25 C0 <wb> C4 C0 C27 C32 C0 C16 C19 C0 <wb> C30 C0 C12 C0 C21 C0 C32 C0 C1 <wb> C19 C0 C7 C0 C1 C5 C0 <wb> C24 C0 C1 <wb> C28 C0 C25 C0 <wb> C22 C0 C21 C0 C16 <wb> C32 C0 C26 <wb> C28 C0 C25 C0 <wb> C37 C0 C16 C28 C0 C29 C0 C16 C32 C0 <wb> C30 C0 C23 C38 C0 C26 C13 C0 C26 <wb> C37 C0 C5 C0 C5 C0 C11 <wb> C30 C0 C37 C0 C5 C0 C6 C0 <wb> C0 C24 C0 C11 <wb> C30 C0 C22 C0 C32 C0 C26 C21 C0 <wb> C29 C0 C15 C0 C16 <wb> C31 C0 C19 C0 C1 C38 C0 <wb> C6 C0 C11,train
1251,"તેમના ફિટનેસ પ્લાન વિશે વાત કરતા, અભિનેતાએ, કહ્યું હતું કે, અમે, પિસ્તાલીસ મિનિટમાં, પચાસ સેટ, કરતા હતા.",0,14.856,0,not_selected_by_random,,,,
1252,"ઘરમાંથી, કેટલાંયને, વિદાય આપી છે, અને, પછી ઉદાસ મને, ઘેર, પાછો આવીને, ડામચિયા પર, ઊંઘમૂધ, સૂઈ ગયો છું.",0,14.745,1,,gujarati_female_001252.wav,gh a r a m aa mq th ii <wb> k a ee tx a l a aa q y a n a ee <wb> w a i d a aa y a <wb> aa p a ii <wb> ch a ee <wb> a n a ee <wb> p a ch a ii <wb> u d a aa s a <wb> m a n a ee <wb> gh a ee r a <wb> p a aa ch a o <wb> aa w a ii n a ee <wb> dx aa m a c i y aa <wb> p a r a <wb> uu mq gh a m uu dh a <wb> s a uu ii <wb> g a y a o <wb> ch a u q,C14 C0 C29 C0 C22 C1 C23 C33 C16 <wb> C19 C0 C11 C34 C0 C21 C0 C1 C23 C38 C0 C24 C0 C11 <wb> C37 C0 C16 C7 C0 C1 C38 C0 <wb> C1 C28 C0 C16 <wb> C6 C0 C11 <wb> C0 C24 C0 C11 <wb> C28 C0 C6 C0 C16 <wb> C36 C7 C0 C1 C30 C0 <wb> C22 C0 C24 C0 C11 <wb> C14 C0 C11 C29 C0 <wb> C28 C0 C1 C6 C0 C26 <wb> C1 C37 C0 C16 C24 C0 C11 <wb> C9 C1 C22 C0 C5 C16 C38 C1 <wb> C28 C0 C29 C0 <wb> C36 C23 C14 C0 C22 C36 C8 C0 <wb> C30 C0 C36 C16 <wb> C13 C0 C38 C0 C26 <wb> C6 C0 C36 C23,train
1253,"પરંતુ, ઋગ્વેદમાં, પ્રાચીન પૌરાણિક ગ્રંથોમાં, તેમજ, મહાભારતમાં, જેના ભરપૂર, ઉલ્લેખો, મળે છે.",0,14.39,0,not_selected_by_random,,,,
1254,"પ્રવૃત્તિ, કરીએ કે, પ્રમાદ સેવીએ, પ્રેમસાગરમાં, ડૂબકી મારીએ, કે, રાગ – દ્વેષના, તરંગો પર, તરીએ.",0,14.72,0,not_selected_by_random,,,,
1256,"અજિત ગુલાબચંદ, સુભાષ ચંદ્રા, પ્રસુન્ન મુખરજી, અમિતાભ કાંત.",0,10.339,0,not_selected_by_random,,,,
1257,"સમગ્ર દેશમાં, મોંઘવારી અને, ભ્રષ્ટાચારના, નવા શિખરો, હાંસલ કરતા, બે હજાર દસ ના, વર્ષને, વિદાય, અપાઈ હતી.",0,15.58,0,not_selected_by_random,,,,
1258,"સિમ્પલ લેંગ્વેજમાં કહું તો, ગંગા નદીમાં, જેમ દિવો મૂકવામાં આવે છે, ત્યારે તે માટે, ફ્લાવર્સ, મીણબત્તી, બાઉલ સહિતની, વસ્તુઓ જોઈએ.",0,18.77,0,not_selected_by_random,,,,
1259,"થોડા સમય પહેલાંજ, કૃત્રિમ કોષ, સિન્થીયા, વિકસાવવાની, જાહેરાત કરીને, ફેગ વેન્ટર, લાઈમ લાઈટમાં, આવ્યા હતાં.",0,16.366,0,not_selected_by_random,,,,
1260,"અમારું આખું ટોળું, મામાઓ, માસીઓ, ભાઈ, બહેન, બહેનપણીઓ, ધમાલમસ્તી કરતું, જતું હોય.",0,15.86,0,not_selected_by_random,,,,
1261,"જેમાં, દુનિયાભરના, ટુરિસ્ટ સ્પર્ધકોને, પતંગ ઉડાડવાની સ્પર્ધામાં, ભાગ લેવા માટે, નિમંત્રણ આપવામાં આવે છે.",0,14.934,0,not_selected_by_random,,,,
1262,"સૂંડલો જરાક, ઊંચો થાય, એવી, એ તો, અમારી પક્ડમાંથી, છટકીને, ભાગી જાય એમ હતી!",0,13.322,0,not_selected_by_random,,,,
1263,"આ ખોરાકના બદલામાં, પશુઓ, આપણને, કીંમતી છાણ આપે છે, જે પણ, ઉર્જાનો, અખૂટ, સ્રોત, બની શકે છે.",0,15.953,0,not_selected_by_random,,,,
1264,"તે, મુખ્ય મેનેજમેન્ટને, વ્યાપક, દ્રષ્ટિકોણ આપીને, તેમને સ્થિતિને, પ્રભાવશાળી ઢંગથી, સંભાળવામાં, સક્ષમ બનાવે છે.",0,16.46,0,not_selected_by_random,,,,
1265,"ઇલેટ, ઇલેવન, ગ્રોઉપના મેમ્બર્સ, ફ્રીમાં લેડિઝ, અને, જેન્ટ્‌સ, હેરકટ કરશે.",0,9.242,1,,gujarati_female_001265.wav,i l ee tx a <wb> i l ee w a n a <wb> g r o u p a n aa <wb> m a ee m a b a r a s a <wb> ph a r a ii m a aa q <wb> l ee dx i jh a <wb> a n a ee <wb> j ee n tx s a <wb> h a ee r a k a tx a <wb> k a r a sh a ee,C16 C21 C11 C34 C0 <wb> C16 C21 C11 C37 C0 C24 C0 <wb> C13 C29 C26 C36 C28 C0 C24 C1 <wb> C22 C0 C11 C22 C0 C3 C0 C29 C0 C30 C0 <wb> C12 C0 C29 C0 C16 C22 C0 C1 C23 <wb> C21 C11 C9 C16 C18 C0 <wb> C0 C24 C0 C11 <wb> C17 C11 C24 C34 C30 C0 <wb> C15 C0 C11 C29 C0 C19 C0 C34 C0 <wb> C19 C0 C29 C0 C31 C0 C11,test
1266,"ખેડૂતોએ, જો, સિંચાઇનાં પાણીની, કિંમત ચૂકવવી પડે, તો, તેમના પર, વધતા ભારણનો, અંદાજ, આવી શકે છે.",0,14.421,0,not_selected_by_random,,,,
1267,"પરિણામે, સમગ્ર તારાનું, અત્યંત ઘટ્ટ દ્રવ્ય, મુખ્યત્વે, ન્યૂટ્રોન નામના, કણોનું, લાગેલું હોય છે.",0,13.842,0,not_selected_by_random,,,,
1268,"તે તો, ઠીક પણ, ઠંડો પડેલો ત્રાસવાદ, અને, નક્સલવાદ, છાશવારે, રેડ એલર્ટની, સ્થિતિ, ઉભી કરશે.",0,13.392,0,not_selected_by_random,,,,
1269,"પ્રત્યેકના મનમાં, જીવનધોરણ, ઊંચું કરવાના, ચોક્કસ લક્ષ્યાંકો હોય છે.",0,9.72,0,not_selected_by_random,,,,
1270,"અનાજમાં અને, ખાદ્ય પદાર્થોમાં, ભેળસેળ કરનાર, સજાને પાત્ર છે, પણ, ફરિયાદ કોણ કરે ?.",0,12.358,0,not_selected_by_random,,,,
1271,"તે ડરના માર્યા એ, ગભરાઈ ગયો, અને, વાઘને ત્યાં જ મૂકીને, એ, ભાગી નીકળ્યો, અને, નજદીકના, એક ઝાડના, પોલાણમાં, છૂપાઈ ગયો.",0,17.571,0,not_selected_by_random,,,,
1272,"તેનું કારણ એ છે કે, કાર્બોહાઈડ્રેટ, વપરાશથી, ઈન્સ્યુલિન નામના, અંતઃ સ્ત્રાવ હોર્મોનના, ઉત્પાદનને, ઉત્તેજન મળે છે.",0,15.77,0,not_selected_by_random,,,,
1273,"તે પછી, પ્રેતાત્માએ, જેમ્સ ક્લાર્કના, ત્યાંના, કેટલાક ઓળખીતા, અને, મિત્રોના નામ પણ કહ્યા.",0,13.196,0,not_selected_by_random,,,,
1274,"પરંતુ, ઉપરોક્ત, તરતાં સૌર ઊર્જા પ્લાન્ટની, પધ્ધતિથી, યુનિટ દીઠ, આઠ રૃપિયા, થાય છે.",0,11.192,1,,gujarati_female_001274.wav,p a r a q t a u <wb> u p a r a o k a t a <wb> t a r a t aa mq <wb> s ou r a <wb> uu r a j a aa <wb> p a l a aa n a tx a n a ii <wb> p a dh dh a t i th ii <wb> y u n i tx a <wb> d a ii txh a <wb> aa txh a <wb> r a p a i y a aa <wb> th a aa y a <wb> ch a ee,C28 C0 C29 C0 C23 C32 C0 C36 <wb> C36 C28 C0 C29 C0 C26 C19 C0 C32 C0 <wb> C32 C0 C29 C0 C32 C1 C23 <wb> C30 C27 C29 C0 <wb> C36 C29 C0 C17 C0 C1 <wb> C28 C0 C21 C0 C1 C24 C0 C34 C0 C24 C0 C16 <wb> C28 C0 C8 C8 C0 C32 C16 C33 C16 <wb> C38 C36 C24 C16 C34 C0 <wb> C7 C0 C16 C35 C0 <wb> C1 C35 C0 <wb> C29 C0 C28 C0 C16 C38 C0 C1 <wb> C33 C0 C1 C38 C0 <wb> C6 C0 C11,test
1275,"વેદના, જ્ઞાનને, કોઈ જાતિ, વર્ણ, ધર્મ, અને, સંપ્રદાયના, સીમાડા, નડતા નથી.",0,12.056,0,not_selected_by_random,,,,
1276,"મોટે ભાગે, જોડકાં, ભાઈ બહેન, દેખાવે, તથા, રીતભાતમાં, ઘણીબધી રીતે, મળતાં, આવતાં હોય છે.",0,13.44,0,not_selected_by_random,,,,
1277,"તેમણે, ચાતુરી વાપરી, રથના, ઘોડાઓને, ધૂંટણભેર, નીચે બેસાડી દીધા.",0,10.574,0,not_selected_by_random,,,,
1278,"ત્યારેજ ખબર પડશે કે, બાંગ્લાદેશ વિન્ડિઝ વચ્ચેના, વિકલ્પ બાદ, આઠ ટીમો, તો, ક્વાર્ટર ફાઇનલમાં, નિશ્ચિત જ છે.",0,14.722,0,not_selected_by_random,,,,
1279,"રોબોટની, આ સ્પર્ધા, માત્ર, અંડર ગ્રેજ્યુએટ સ્ટુડન્ટ માટેજ છે.",0,8.852,0,not_selected_by_random,,,,
1280,"પાકિસ્તાનના, સિંધમાં, ઉદ્ભવેલાં, ડસ્ટ સ્ટોર્મના કારણે, સમગ્ર ગુજરાતના, વાતાવરણમાં, અણધાર્યો, બદલાવ, જોવા મળ્યો હતો.",0,14.768,1,,gujarati_female_001280.wav,p aa k i s t aa n a n aa <wb> s i mq dh a m aa mq <wb> u d bh a w ee l aa mq <wb> dx a s tx a <wb> s tx o r m a n aa <wb> k a aa r a nx a ee <wb> s a m a g a r a <wb> g a u j a r a aa t a n a aa <wb> w a aa t a aa w a r a nx a m a aa q <wb> a nx a dh aa r y o <wb> b a d a l a aa w a <wb> j a o w a aa <wb> m a lx a y a o <wb> h a t a o,C28 C1 C19 C16 C30 C32 C1 C24 C0 C24 C1 <wb> C30 C16 C23 C8 C0 C22 C1 C23 <wb> C36 C7 C4 C0 C37 C11 C21 C1 C23 <wb> C9 C0 C30 C34 C0 <wb> C30 C34 C26 C29 C22 C0 C24 C1 <wb> C19 C0 C1 C29 C0 C25 C0 C11 <wb> C30 C0 C22 C0 C13 C0 C29 C0 <wb> C13 C0 C36 C17 C0 C29 C0 C1 C32 C0 C24 C0 C1 <wb> C37 C0 C1 C32 C0 C1 C37 C0 C29 C0 C25 C0 C22 C0 C1 C23 <wb> C0 C25 C0 C8 C1 C29 C38 C26 <wb> C3 C0 C7 C0 C21 C0 C1 C37 C0 <wb> C17 C0 C26 C37 C0 C1 <wb> C22 C0 C21 C0 C38 C0 C26 <wb> C15 C0 C32 C0 C26,train
1281,"એટલે, સાચી વાત એ કે, ઈચ્છાઓ માનવીને, ઝાંખરાની જેમ, બાંધે છે, તો, અખિલાઈ સાથે, સાંધેય છે, અને, ત્યારે, ઈચ્છાનું, ઊર્ધ્વીકરણ, થાય છે.",0,18.736,0,not_selected_by_random,,,,
1282,"રાજા, સુંદરસિંહ, એ ત્રણેને, મૂર્ખશિરોમણિની, પદવી આપીશું.",0,8.444,0,not_selected_by_random,,,,
1284,"અક્ષરના અનેરા યાત્રીએ, કદાચ સામ્પ્રત ગતિવિધિ, સબબ કરેલું, અંસગાનજ કહો ને.",0,11.529,0,not_selected_by_random,,,,
1285,"મનનો અહંકાર ભાવ, દૂર કરી, બંસીની જેમ, જીવન, સુમઘુર, અને, સંગીન કર્મ બનાવી, ઈશ્વર તમારા, જીવનની જ્યોત, તેજોમય બનાવે.",0,16.834,1,,gujarati_female_001285.wav,m a n a n a o <wb> a h a q k a aa r a <wb> bh a aa w a <wb> d a uu r a <wb> k a r a ii <wb> b a mq s ii n ii <wb> j a ee m a <wb> j a ii w a n a <wb> s u m a gh u r a <wb> a n a ee <wb> s a mq g ii n a <wb> k a r a m a <wb> b a n a aa w a ii <wb> ii sh a w a r a <wb> t a m a aa r a aa <wb> j a ii w a n a n a ii <wb> j y o t a <wb> t ee j o m a y a <wb> b a n a aa w a ee,C22 C0 C24 C0 C24 C0 C26 <wb> C0 C15 C0 C23 C19 C0 C1 C29 C0 <wb> C4 C0 C1 C37 C0 <wb> C7 C0 C36 C29 C0 <wb> C19 C0 C29 C0 C16 <wb> C3 C0 C23 C30 C16 C24 C16 <wb> C17 C0 C11 C22 C0 <wb> C17 C0 C16 C37 C0 C24 C0 <wb> C30 C36 C22 C0 C14 C36 C29 C0 <wb> C0 C24 C0 C11 <wb> C30 C0 C23 C13 C16 C24 C0 <wb> C19 C0 C29 C0 C22 C0 <wb> C3 C0 C24 C0 C1 C37 C0 C16 <wb> C16 C31 C0 C37 C0 C29 C0 <wb> C32 C0 C22 C0 C1 C29 C0 C1 <wb> C17 C0 C16 C37 C0 C24 C0 C24 C0 C16 <wb> C17 C38 C26 C32 C0 <wb> C32 C11 C17 C26 C22 C0 C38 C0 <wb> C3 C0 C24 C0 C1 C37 C0 C11,test
1286,"સંચાર ઉપગ્રહ, જીસેટ પાંચ પી ને, વિસ્ફોટથી ઉડાવી દેવામાં આવેલ, તેનો ભડકો, ચેન્નાઈના મરીના બીચ પરથી, જોઇ શકાયેલ.",0,15.907,0,not_selected_by_random,,,,
1287,"કવિ, ચિત્રકાર, લેખક, કલાકાર, કારીગર, કે, શિલ્પી, જ્યારે ખરેકર સર્જન કરવા બેસે છે, ત્યારે એની જીભ, તદ્દન શાંત થઈ જાય છે.",0,17.97,0,not_selected_by_random,,,,
1288,"ભૂકંપનાં કારણે, ક્ષતિગ્રસ્ત થનાર, પાંચ પાવર પ્લાંન્ટમાંથી, ફુકુશિમા દાઈચી, યુનિટ એક છે.",0,12.048,0,not_selected_by_random,,,,
1289,"પ્રેતાત્માએ કહ્યું, ઓહ, પા કોટ્‌સ! હું, ડેવિડ છું.",0,5.759,1,,gujarati_female_001289.wav,p r ee t aa t m aa ee <wb> k a h a y a u q <wb> o h a <wb> p aa <wb> k o tx s a <wb> h a u q <wb> dx a ee w a i dx a <wb> ch a u q,C28 C29 C11 C32 C1 C32 C22 C1 C11 <wb> C19 C0 C15 C0 C38 C0 C36 C23 <wb> C26 C15 C0 <wb> C28 C1 <wb> C19 C26 C34 C30 C0 <wb> C15 C0 C36 C23 <wb> C9 C0 C11 C37 C0 C16 C9 C0 <wb> C6 C0 C36 C23,train
1290,"બાપ દીકરા વચ્ચેના, ઝઘડાનો પ્રસંગ, એક મિત્ર સમક્ષ, વર્ણવતાં, એક ભાઇ, કહી રહ્યા હતા.",0,12.287,0,not_selected_by_random,,,,
1291,"આ પ્રયોગનું, કોમ્પ્યૂટર અનુરુપણ, સિમ્યુલેશન, ઇસરો અને, ભારતીય નૌ સેનાની, દેખરેખ નીચે, કરવામાં, આવી રહ્યો છે.",0,16.54,0,not_selected_by_random,,,,
1292,"ખગ્રાસ ગ્રહણ વખતે, તડકો, કાળાશ, પડતો થાય છે.",0,5.782,1,,gujarati_female_001292.wav,kh a g r aa s a <wb> g a r a h a nx a <wb> w a kh a t a ee <wb> t a dx a k o <wb> k aa lx aa sh a <wb> p a dx a t a o <wb> th a aa y a <wb> ch a ee,C20 C0 C13 C29 C1 C30 C0 <wb> C13 C0 C29 C0 C15 C0 C25 C0 <wb> C37 C0 C20 C0 C32 C0 C11 <wb> C32 C0 C9 C0 C19 C26 <wb> C19 C1 C21 C1 C31 C0 <wb> C28 C0 C9 C0 C32 C0 C26 <wb> C33 C0 C1 C38 C0 <wb> C6 C0 C11,train
1293,"પરેશભાઇ કહે છે, આજે પણ નોર્મલ લાઇફ જીવતા, કપલ ને જોઇએ તો, તેમના લગ્નજીવનમાં, કંઇકને કંઇક, ખટરાગ, ચાલ્યા કરે છે.",0,16.313,0,not_selected_by_random,,,,
1294,"રીંછને લઈને, વાઘ, એ બાજુ ચાલ્યો, જ્યાં, વાવાઝોડાનાં, સકંજામાંથી, એ, ભાગી નીકળ્યો હતો.",0,13.171,0,not_selected_by_random,,,,
1295,"સુખ, અન્ય જીવો સાથે, વહેચવુ, અને, દુઃખ, ભોગવી લેવું, તોજ, આત્માની ઉન્નતિનો માર્ગ મળે.",0,11.122,1,,gujarati_female_001295.wav,s a u kh a <wb> a n a y a <wb> j ii w o <wb> s a aa th a ee <wb> w a h ee c a w u <wb> a n a ee <wb> d a u hq kh a <wb> bh a o g a w a ii <wb> l a ee w a u q <wb> t o j a <wb> aa t m aa n ii <wb> u n n a t i n o <wb> m a aa r a g a <wb> m a lx a ee,C30 C0 C36 C20 C0 <wb> C0 C24 C0 C38 C0 <wb> C17 C16 C37 C26 <wb> C30 C0 C1 C33 C0 C11 <wb> C37 C0 C15 C11 C5 C0 C37 C36 <wb> C0 C24 C0 C11 <wb> C7 C0 C36 C15 C20 C0 <wb> C4 C0 C26 C13 C0 C37 C0 C16 <wb> C21 C0 C11 C37 C0 C36 C23 <wb> C32 C26 C17 C0 <wb> C1 C32 C22 C1 C24 C16 <wb> C36 C24 C24 C0 C32 C16 C24 C26 <wb> C22 C0 C1 C29 C0 C13 C0 <wb> C22 C0 C21 C0 C11,train
1296,"આજના સમયમાં, જ્યારે, લોકો ભૌતિક વસ્તુઓને બદલે, ખુશી, પર્યાવરણ, ટેસ્ટ, અનુભૂતિ, જેવી, અમૂર્ત વસ્તુઓ, વધારે વેચી રહ્યા છે.",0,18.226,0,not_selected_by_random,,,,
1297,"યુવાની એવી ધૂન છે, જોશ છે, જોમ છે, રફતાર છે, ધ્યેય, અને ધ્યાન છે.",0,12.13,0,not_selected_by_random,,,,
1298,"બે હઝાર આઠ ના, શ્રાવણ મહિનાની, ધક્કામુક્કીમાં, એક સો બાસઠ લોકોનાં, મોત, થયા હતાં.",0,12.541,0,not_selected_by_random,,,,
1299,"આ સ્વસ્તિકનુ, વર્ણ, સિંઘુ ખીણની, સંસ્કૃતિ, મોહે જો દડો માં, જોવા મળે છે.",0,11.393,0,not_selected_by_random,,,,
1300,"જો તમે, માંસ, મચ્છી ન ખાતા હો, તો, તમારે લોહના, બીજા સ્ત્રોત શોધવા.",0,11.566,0,not_selected_by_random,,,,
1301,"એ કાળમાં, મહરમ બિલ્કીસ, અવ્વામ મંદિર, એક મોટું, યાત્રાધામ મનાતું હતું.",0,10.22,0,not_selected_by_random,,,,
1302,"ભૌતિક દષ્ટિએ, વિચારીએ તો, માનવજાતની, પ્રગતિનો ઈતિહાસ, જીવનકૂચના, મંત્રનું, યશોગાન છે.",0,13.978,0,not_selected_by_random,,,,
1303,"જેમ કે, શાકભાજી, ઇંડા, દૂધ અને, ડેરી ઉત્પાદનો, લાંબો સમય, ટકી શકે, તે માટે, કોલ્ડ સ્ટોરેજ, અને, આધુનિક ટેકનોલોજીમાં, વધારો, કરવો જોઈએ.",0,18.742,0,not_selected_by_random,,,,
1304,"આપણી પાસે, લતા મંગેશકર, કે, સચીન તેન્ડુલકર, નથી.",0,7.272,0,not_selected_by_random,,,,
1306,"અગાઉ વર્ષ, બે હઝાર દસ માં, પીટરમાન ગ્લેશિયરનો, લગભગ, બસ્સો સાહીઠ, ચોરસ કિલોમીટરનો, આઇસબર્ગ, તૂટીને, અલગ, થઈ ગયો હતો.",0,16.677,0,not_selected_by_random,,,,
1307,"હવે, યુનિવર્સિટી ઓફ, મિસુરીના, એક, ઈજનેરે, લવચીક સૌર ચાદર, એટલે કે, ફલેકસીબલ સોલાર શીટ, બનાવેલ છે.",0,15.242,0,not_selected_by_random,,,,
1308,"શાહરુખને, એ, યાદ આવ્યું કે, ચૌદ મી જાન્યુવારીએ, હૃતિકને, આ ઇન્ડસ્ટ્રીમાં, અગ્યાર વર્ષ, પૂરા થયા હતા.",0,13.41,0,not_selected_by_random,,,,
1309,"કાચના પોટ, કાચની મુર્તીઓ, કાચની ફ્રેમ, વગેરે જેવી વસ્તુવો, અત્યારે ઘરોમાં, શો પીસ તરીકે, ઉપયોગમાં, આવી રહ્યા છે.",0,14.768,1,,gujarati_female_001309.wav,k aa c a n aa <wb> p o tx a <wb> k aa c a n ii <wb> m u r t ii o <wb> k aa c a n ii <wb> ph a r a ee m a <wb> w a g a ee r a ee <wb> j a ee w a ii <wb> w a s t u w o <wb> a t a y a aa r a ee <wb> gh a r a o m a aa q <wb> sh a o <wb> p a ii s a <wb> t a r a ii k a ee <wb> u p a y a o g a m a aa q <wb> aa w a ii <wb> r a h a y a aa <wb> ch a ee,C19 C1 C5 C0 C24 C1 <wb> C28 C26 C34 C0 <wb> C19 C1 C5 C0 C24 C16 <wb> C22 C36 C29 C32 C16 C26 <wb> C19 C1 C5 C0 C24 C16 <wb> C12 C0 C29 C0 C11 C22 C0 <wb> C37 C0 C13 C0 C11 C29 C0 C11 <wb> C17 C0 C11 C37 C0 C16 <wb> C37 C0 C30 C32 C36 C37 C26 <wb> C0 C32 C0 C38 C0 C1 C29 C0 C11 <wb> C14 C0 C29 C0 C26 C22 C0 C1 C23 <wb> C31 C0 C26 <wb> C28 C0 C16 C30 C0 <wb> C32 C0 C29 C0 C16 C19 C0 C11 <wb> C36 C28 C0 C38 C0 C26 C13 C0 C22 C0 C1 C23 <wb> C1 C37 C0 C16 <wb> C29 C0 C15 C0 C38 C0 C1 <wb> C6 C0 C11,train
1310,"વૃષભ, એટલે, સર્વશ્રેષ્ઠ, તારાપુંજની, શક્તિ સાથે, દેહભાવ, જોડે.",0,9.818,0,not_selected_by_random,,,,
1311,"કલા વચન, મનપસંદ લલિતકલાઓ, રોજીંદી જીંદગીથી, આત્મા ઉપર, લાગેલી, ઘુળને, સહજમાં, ખંખેરી નાખી શકે છે.",0,16.004,0,not_selected_by_random,,,,
1312,"તે, સઘળું શાસ્ત્રોક્ત, જ્ઞાન પઘ્ધતિથી, બનાવતા હતા.",0,8.147,0,not_selected_by_random,,,,
1313,"તેના જીવનમાં, અંધકાર, પથરાયેલો હોય, તો તે, જ્ઞાન, આઘ્યાત્મિક, ધર્મ ચિકિત્સા, દ્વારા, ઐશ્વર્યતાનાં, દર્શન કરે છે.",0,15.82,0,not_selected_by_random,,,,
1314,"ફ્રાન્સીસ કોલીન્સ નેશનલ ઈન્સ્ટિટયૂટ, ઓફ હેલ્થ, શૈંલ્લ ના, ડિરેકટર હતા.",0,8.723,0,not_selected_by_random,,,,
1315,"આ સમસ્યાના, ઉકેલ માટે, અગ્યાર મી, પંચવર્ષીય યોજનામાં, ત્રીસ મેગા ફૂડ પાર્ક, સ્થાપવાનું, નક્કી કરાયું હતું.",0,14.403,0,not_selected_by_random,,,,
1316,"કોલેજમાં ભણતી, એમની દીકરી, હમણાંથી, કોઈપણ કારણવગર, બસ, ગુમસુમ રહેતી હતી.",0,11.269,0,not_selected_by_random,,,,
1318,"આ પહેલાં, તેમના ભાઈ, વેન્ડેલ ફિલીપ્સે, ઓગણીસો એકાવણ માં, અહીં, ખોદકામની, શરૂઆત, કરી હતી.",0,13.416,0,not_selected_by_random,,,,
1319,"આપ, કહ્યો વર માંગ શિવ, તબ, નૃપ, વિનય બખાન.",0,6.385,1,,gujarati_female_001319.wav,aa p a <wb> k a h y o <wb> w a r a <wb> m a aa q g a <wb> sh a i w a <wb> t a b a <wb> n rq p a <wb> w a i n a y a <wb> b a kh aa n a,C1 C28 C0 <wb> C19 C0 C15 C38 C26 <wb> C37 C0 C29 C0 <wb> C22 C0 C1 C23 C13 C0 <wb> C31 C0 C16 C37 C0 <wb> C32 C0 C3 C0 <wb> C24 C29 C28 C0 <wb> C37 C0 C16 C24 C0 C38 C0 <wb> C3 C0 C20 C1 C24 C0,train
1320,"વેરેબલ ટેકનોલોજીના, અશ્વમેધ યજ્ઞનો, ઘોડો, કોઇ અટકાવી શકે.",0,8.536,0,not_selected_by_random,,,,
1321,"તેલ, સોય, દૂધ, અનાજ, ચીઝ, દૂધ, અને, યોગર્ટ મળે છે.",0,11.138,0,not_selected_by_random,,,,
1322,"કોઈ વાર, વાઘ, અડફટે ચડશે તો, તને, મારી અક્કલનો, પરચો, દેખાડીશ.",0,10.192,0,not_selected_by_random,,,,
1323,"આજનાં વૈજ્ઞાનિકોનો, વિશે શું અભિપ્રાય છે?",0,6.018,0,not_selected_by_random,,,,
1324,"ઇરાદાપૂર્વક, પોતાને વિસ્ફોટથી ઉડાડી દે, તે પહેલાં, ફેંકાઈ જશે, વ્યોમોનોટસ સાથેની તે, કેપ સ્યૂલ, બંગાળના ઉપસાગરમાં, ઉતરી પડશે.",0,16.068,1,,gujarati_female_001324.wav,i r aa d aa p uu r w a k a <wb> p a o t a aa n a ee <wb> w a i s a ph a o tx a th a ii <wb> u dx a aa dx a ii <wb> d a ee <wb> t a ee <wb> p a h a ee l a aa q <wb> ph ee mq k aa ii <wb> j a sh a ee <wb> w y o m o n o tx a s a <wb> s a aa th a ee n a ii <wb> t a ee <wb> k ee p a <wb> s y uu l a <wb> b a q g a aa lx a n a aa <wb> u p a s aa g a r a m aa mq <wb> u t a r a ii <wb> p a dx a sh a ee,C16 C29 C1 C7 C1 C28 C36 C29 C37 C0 C19 C0 <wb> C28 C0 C26 C32 C0 C1 C24 C0 C11 <wb> C37 C0 C16 C30 C0 C12 C0 C26 C34 C0 C33 C0 C16 <wb> C36 C9 C0 C1 C9 C0 C16 <wb> C7 C0 C11 <wb> C32 C0 C11 <wb> C28 C0 C15 C0 C11 C21 C0 C1 C23 <wb> C12 C11 C23 C19 C1 C16 <wb> C17 C0 C31 C0 C11 <wb> C37 C38 C26 C22 C26 C24 C26 C34 C0 C30 C0 <wb> C30 C0 C1 C33 C0 C11 C24 C0 C16 <wb> C32 C0 C11 <wb> C19 C11 C28 C0 <wb> C30 C38 C36 C21 C0 <wb> C3 C0 C23 C13 C0 C1 C21 C0 C24 C0 C1 <wb> C36 C28 C0 C30 C1 C13 C0 C29 C0 C22 C1 C23 <wb> C36 C32 C0 C29 C0 C16 <wb> C28 C0 C9 C0 C31 C0 C11,train
1325,"કાંટાથી આચ્છાદિત થડને, બાદ કરતાં, આખી ઋતુમાં, શીમળામાં, ધ્યાન ખેંચે, તેવી, ખાસ કોઈ, વિશેષતા નહીં.",0,14.663,0,not_selected_by_random,,,,
1326,"પ્લેક્ષીગ્લાસનું, રાસાયણીક નામ, પોલી મિથાઈલ, મેથા એફીલેટ, છે.",0,8.793,0,not_selected_by_random,,,,
1327,"તેની સાથે, આ, પ્રયુક્તિનું જોડાણ કરતાં, સૌર ઊર્જાના, અન્ય ઘટકોનું, પણ, પ્રગ્રહણ કરી, વિદ્યુત ઊર્જાનું, ઉત્પાદન, વધારશે.",0,16.548,0,not_selected_by_random,,,,
1328,"ભારતમાં, વોલમાર્ટે, ભારતી એન્ટરપ્રાઇઝીસના, સંયુક્ત ઉપ ક્રમે, પોતાના, સ્ટોર ખોલ્યા છે.",0,12.87,0,not_selected_by_random,,,,
1329,"આ મશીનને, બ્લાઇન્ડ થેરાપિસ્ટ, સરળતાથી, ઓપરેટ કરી શકે, તે માટે, તેમાં, વોઇસ ટેક્‌નોલોજી, એડ કરવામાં, આવી છે.",0,14.727,0,not_selected_by_random,,,,
1330,"હું, રોજ ઉનાળાના, બળબળતા તડકાની વચ્ચે, છાંયો, અને, ફૂલ, અને, સુગંધ શોધ્યા કરું છું",0,12.005,1,,gujarati_female_001330.wav,h a u q <wb> r a o j a <wb> u n aa lx aa n aa <wb> b a lx a b a lx a t aa <wb> t a dx a k a aa n a ii <wb> w a c a c a ee <wb> ch aa mq y o <wb> a n a ee <wb> ph a uu l a <wb> a n a ee <wb> s a u g a q dh a <wb> sh o dh y aa <wb> k a r a u q <wb> ch a u q,C15 C0 C36 C23 <wb> C29 C0 C26 C17 C0 <wb> C36 C24 C1 C21 C1 C24 C1 <wb> C3 C0 C21 C0 C3 C0 C21 C0 C32 C1 <wb> C32 C0 C9 C0 C19 C0 C1 C24 C0 C16 <wb> C37 C0 C5 C0 C5 C0 C11 <wb> C6 C1 C23 C38 C26 <wb> C0 C24 C0 C11 <wb> C12 C0 C36 C21 C0 <wb> C0 C24 C0 C11 <wb> C30 C0 C36 C13 C0 C23 C8 C0 <wb> C31 C26 C8 C38 C1 <wb> C19 C0 C29 C0 C36 C23 <wb> C6 C0 C36 C23,train
1331,"માનવ માત્ર, ધર્મ, અર્થ, કામ, અને મોક્ષના, ચાર પુરૂષાર્થોને, સિદ્ધ કરવા, મહેચ્છા, રાખતો હોય છે.",0,14.228,0,not_selected_by_random,,,,
1332,"તો સિલેક્ટરો, તેને પડતો મૂકવાની, ઝટ, હિંમત બતાવી, ન શકત, અને, હજી એકાદ વર્ષ, સુધી, તેને વાંધો, આવત નહીં.",0,15.25,0,not_selected_by_random,,,,
1333,"આ આવી ગાથાઓનો, બ્રશ તરીકે ઉપયોગ કરીને, આપણી, નૈતિકતા પર, પડેલા ડાઘ, દૂર કરવાની, કોશિશ, કરવી જોઈએ.",0,15.284,0,not_selected_by_random,,,,
1334,"તેને પિછાનવાનો, ઈનકાર કરીને, આપણે, ઉતાવળે, જે દોડધામ, કરીએ છીએ, તે, શક્તિનો, વ્યયજ હોય છે.",0,14.381,0,not_selected_by_random,,,,
1335,"ભૂસ્તરીય ફોલ્ટ્સ, એમેઝોન તટપ્રદેશની, પહોળાઈ, નિશ્ચિત, નક્કી કરે છે.",0,9.282,0,not_selected_by_random,,,,
1336,"બે હઝાર સાત માં, રીતસર, ફતવા જેવું, હુકમનામું, બહાર પાડીને, સાંજે, ચાર થી, રાત્રે આઠ સુધીના, સમયગાળા દરમ્યાન.",0,17.378,0,not_selected_by_random,,,,
1337,"પાંચ કરોડ, અને, બે હઝાર વીસ સુધી, સાહીઠ કરોડ, બ્રોડબેન્ડ કનેકશનની, ક્ષમતા, વધારવાની વાત, કરાઈ હતી.",0,13.646,0,not_selected_by_random,,,,
1338,"દીવાન, બોલી ઊઠ્યો, દુષ્ટ!, નિર્દોષ બ્રાહ્મણ પર, રાજાને ગુસ્સે, કરવા જતાં, એ પોતેજ, એ ગુસ્સાનો, ભોગ, બની ગયો !.",0,15.106,0,not_selected_by_random,,,,
1339,"વીસમી સદીનો, પ્રથમ દિવસ, એટલે, ઓગણીસો એક ની, જાન્યુવારીની, પહેલી તારીખ, એકવીસમી સદીનો, પ્રથમ દિવસ, એટલે, એક એક, બેહજાર એક.",0,18.019,1,,gujarati_female_001339.wav,w a ii s a m a ii <wb> s a d ii n o <wb> p a r a th a m a <wb> d a i w a s a <wb> ee tx a l a ee <wb> o g a nx a ii s a o <wb> ee k a <wb> n a ii <wb> j aa n y u w aa r ii n ii <wb> p a h a ee l a ii <wb> t a aa r a ii kh a <wb> ee k a w a ii s a m a ii <wb> s a d ii n o <wb> p a r a th a m a <wb> d a i w a s a <wb> ee tx a l a ee <wb> ee k a <wb> ee k a <wb> b a ee h a j a aa r a <wb> ee k a,C37 C0 C16 C30 C0 C22 C0 C16 <wb> C30 C0 C7 C16 C24 C26 <wb> C28 C0 C29 C0 C33 C0 C22 C0 <wb> C7 C0 C16 C37 C0 C30 C0 <wb> C11 C34 C0 C21 C0 C11 <wb> C26 C13 C0 C25 C0 C16 C30 C0 C26 <wb> C11 C19 C0 <wb> C24 C0 C16 <wb> C17 C1 C24 C38 C36 C37 C1 C29 C16 C24 C16 <wb> C28 C0 C15 C0 C11 C21 C0 C16 <wb> C32 C0 C1 C29 C0 C16 C20 C0 <wb> C11 C19 C0 C37 C0 C16 C30 C0 C22 C0 C16 <wb> C30 C0 C7 C16 C24 C26 <wb> C28 C0 C29 C0 C33 C0 C22 C0 <wb> C7 C0 C16 C37 C0 C30 C0 <wb> C11 C34 C0 C21 C0 C11 <wb> C11 C19 C0 <wb> C11 C19 C0 <wb> C3 C0 C11 C15 C0 C17 C0 C1 C29 C0 <wb> C11 C19 C0,train
1340,"ભાષા, કળા, વિજ્ઞાન, વાણિજ્યની, રૂઢ વાતોનું રટણ પણ, એવો વિદ્યાર્થી, કર્યા કરશે.",0,12.786,0,not_selected_by_random,,,,
1341,"આ કથા અનુસાર, રાજકુમારી શેબા, ચિક્કાર માત્રામાં, સોનું, રત્નો, અને, મરી મસાલાના, મોટા જથ્થા સાથે, જેરૂસલેમ, આવી હતી.",0,17.265,0,not_selected_by_random,,,,
1342,"એક માણસે પૂછ્યું, એમાં જો, થોડીક ડુંગળી નાંખીએ, તો કેમ?, સૂપ, વધારે સારો, નહિ લાગે ?.",0,12.237,0,not_selected_by_random,,,,
1343,"શ્રી ઠાકોરજી, બાલક છે, છતાં, રસશિરોમણિ, છે, તે, સદા સ્વસ્થ, તેમ, પરવશ, પણ છે.",0,13.7,0,not_selected_by_random,,,,
1344,"ને, મીરાં ના નામોચ્ચાર ટાણેય, મનમાં, પાછાં એજ, મૂર્તિમંત થઈ રહે.",0,10.93,0,not_selected_by_random,,,,
1345,"તેમાં, શિખવાડાય છે કે, છુટાછેડા, પાર્ટી, કે, ફ્રીડમ ડેસ, કેવી રીતે, ઊજવવા, જોઈએ!.",0,10.031,1,,gujarati_female_001345.wav,t a ee m a aa q <wb> sh i kh a w aa dx aa y a <wb> ch a ee <wb> k a ee <wb> ch u tx aa ch ee dx aa <wb> p a aa r a tx a ii <wb> k a ee <wb> ph r ii dx a m a <wb> dx ee s a <wb> k a ee w a ii <wb> r a ii t a ee <wb> uu j a w a w aa <wb> j a o ii ee,C32 C0 C11 C22 C0 C1 C23 <wb> C31 C16 C20 C0 C37 C1 C9 C1 C38 C0 <wb> C6 C0 C11 <wb> C19 C0 C11 <wb> C6 C36 C34 C1 C6 C11 C9 C1 <wb> C28 C0 C1 C29 C0 C34 C0 C16 <wb> C19 C0 C11 <wb> C12 C29 C16 C9 C0 C22 C0 <wb> C9 C11 C30 C0 <wb> C19 C0 C11 C37 C0 C16 <wb> C29 C0 C16 C32 C0 C11 <wb> C36 C17 C0 C37 C0 C37 C1 <wb> C17 C0 C26 C16 C11,train
1346,"જેરૂસલેમ નો રાજા, સોલોમોન, અત્યંત ચતુર, અનુભવી, અને, વિદ્વાન, રાજા હતો.",0,10.79,0,not_selected_by_random,,,,
1347,"પાણી માટે, જુદાં જુદાં ક્ષેત્રની વધતી માંગ, વચ્ચે, તાલમેલ સાધી શકાય.",0,10.426,0,not_selected_by_random,,,,
1348,"જ્યાં તે ધ્યાનમાં ઊભા છે, ત્યાં, ચારે કોર, ઘેઘૂર, ઘાસ ઊગ્યું છે.",0,8.313,1,,gujarati_female_001348.wav,j a y a aa q <wb> t a ee <wb> dh a y a aa n a m a aa q <wb> uu bh a aa <wb> ch a ee <wb> t a y a aa q <wb> c a aa r a ee <wb> k a o r a <wb> gh a ee gh a uu r a <wb> gh a aa s a <wb> uu g y u mq <wb> ch a ee,C17 C0 C38 C0 C1 C23 <wb> C32 C0 C11 <wb> C8 C0 C38 C0 C1 C24 C0 C22 C0 C1 C23 <wb> C36 C4 C0 C1 <wb> C6 C0 C11 <wb> C32 C0 C38 C0 C1 C23 <wb> C5 C0 C1 C29 C0 C11 <wb> C19 C0 C26 C29 C0 <wb> C14 C0 C11 C14 C0 C36 C29 C0 <wb> C14 C0 C1 C30 C0 <wb> C36 C13 C38 C36 C23 <wb> C6 C0 C11,train
1349,"ઓગણીસો પાસઠ થી સિત્તેર ના ગાળામાં, દારાસિંહ, તેની ફ્રી સ્ટાઈલ કુસ્તીને લઈને, લોકપ્રિય હતા.",0,12.004,0,not_selected_by_random,,,,
1350,"ઓગણીસો બાવન માં, ચૌદ મી એપ્રિલે, ટાઇટેનિક જહાજ, આઇસબર્ગ સાથે, અથડાયુ.",0,10.217,0,not_selected_by_random,,,,
1351,"વિશ્વમાં, બ્રહ્માંડમાં, ત્રણ, શાશ્વત, વ્યાહૂતિયો, છે.",0,7.959,0,not_selected_by_random,,,,
1352,"ઓળખવામાં ગરબડ ગોથાં, તો જાતભાતનાં છે.",0,6.754,0,not_selected_by_random,,,,
1353,"તાજાં શાકભાજીની અપેક્ષા સંતોષાય, અને, સાવ નાખી દેવાના ભાવે, ઉત્પાદન, થઈ શકે છે.",0,11.268,0,not_selected_by_random,,,,
1354,"હું, અહીથી એક એક કરીને, ત્રણ, આખલા છોડીશ, તેમાંના, એકની પણ પૂંછડી પકડવામાં, તું, સફળ રહ્યો તો, મારી દીકરી, હું તને, પરણાવીશ.",0,17.991,0,not_selected_by_random,,,,
1355,"પણ, મિત્ર માર્ક્સના મૃત્યુ પછી, તેની પુત્રીઓએ, એન્જલ્સે, પોતાની મિલકત, વહેંચી આપી.",0,12.18,0,not_selected_by_random,,,,
1356,"મેક્સિકો અને, કોપનહેગનમાં, ભરાયેલી આ કોન્ફરન્સમાં, પાંચેય ખંડની, જાગૃત મહિલાઓ સાથે, એમણે, વિચારવિનિમય કર્યો છે.",0,14.907,1,,gujarati_female_001356.wav,m ee k s i k o <wb> a n a ee <wb> k o p a n a h ee g a n a m aa mq <wb> bh a r aa y ee l ii <wb> aa <wb> k o n ph a r a n s a m aa mq <wb> p aa mq c ee y a <wb> kh a mq dx a n ii <wb> j a aa g a t a <wb> m a h a i l a aa o <wb> s a aa th a ee <wb> ee m a nx a ee <wb> w i c aa r a w i n i m a y a <wb> k a r a y a o <wb> ch a ee,C22 C11 C19 C30 C16 C19 C26 <wb> C0 C24 C0 C11 <wb> C19 C26 C28 C0 C24 C0 C15 C11 C13 C0 C24 C0 C22 C1 C23 <wb> C4 C0 C29 C1 C38 C11 C21 C16 <wb> C1 <wb> C19 C26 C24 C12 C0 C29 C0 C24 C30 C0 C22 C1 C23 <wb> C28 C1 C23 C5 C11 C38 C0 <wb> C20 C0 C23 C9 C0 C24 C16 <wb> C17 C0 C1 C13 C0 C32 C0 <wb> C22 C0 C15 C0 C16 C21 C0 C1 C26 <wb> C30 C0 C1 C33 C0 C11 <wb> C11 C22 C0 C25 C0 C11 <wb> C37 C16 C5 C1 C29 C0 C37 C16 C24 C16 C22 C0 C38 C0 <wb> C19 C0 C29 C0 C38 C0 C26 <wb> C6 C0 C11,val
1357,"પણ, આ તો કંજૂસ!, એ વિચારવા લાગ્યો કે, અગર, હું આસવ પીશ, તો ઘણાને પિવડાવવો, પણ પડશે.",0,12.654,0,not_selected_by_random,,,,
1358,"મોહને રીંછને નજીક આવતું જોઈ, બૂમ પાડી, મિત્ર, ગોપાલ!, મને બચાવ !",0,9.889,0,not_selected_by_random,,,,
1360,"બે જણના પ્રેમમાં, લગ્ન પહેલાં, સમાજને, રસ હોય છે.",0,6.786,0,not_selected_by_random,,,,
1361,"આપણો જ, ટૂંકો સ્વાર્થ સાધવામાં, આપણે, રચ્યાંપચ્યાં રહીએ છીએ.",0,7.43,1,,gujarati_female_001361.wav,aa p a nx a o <wb> j a <wb> tx a uu q k a o <wb> s a w a aa r a th a <wb> s a aa dh a w a aa m a aa q <wb> aa p a nx a ee <wb> r a c y aa mq p a c y aa mq <wb> r a h ii ee <wb> ch a ii ee,C1 C28 C0 C25 C0 C26 <wb> C17 C0 <wb> C34 C0 C36 C23 C19 C0 C26 <wb> C30 C0 C37 C0 C1 C29 C0 C33 C0 <wb> C30 C0 C1 C8 C0 C37 C0 C1 C22 C0 C1 C23 <wb> C1 C28 C0 C25 C0 C11 <wb> C29 C0 C5 C38 C1 C23 C28 C0 C5 C38 C1 C23 <wb> C29 C0 C15 C16 C11 <wb> C6 C0 C16 C11,train
1362,"બે હજાર અગ્યાર માં, ટીવી માધ્યમો, ઘેર ઘેર, છવાઈ જશે, કેમકે, હવે તેની, ઉપયોગીતા, સમાચારો, મનોરંજન, અને, બિઝનેસ ક્ષેત્રે, વધી છે.",0,17.616,0,not_selected_by_random,,,,
1363,"તેથી, ખુશ થઈને, હું તને, આ અત્તરની, અણમોલ શીશી, વિનામૂલ્યે, ભેટ આપું છું.",0,11.34,0,not_selected_by_random,,,,
1364,"રાત્રે, એ ટાઢથી ધ્રૂજે છે, કે, શું એ જોવા હું જાઉં, ત્યારે, પોતાના અરીસામાં, મને, એ, મૃગનક્ષત્ર, બતાવતી.",0,15.992,0,not_selected_by_random,,,,
1365,"નવા જનરેશનવાળા, ટેલીસ્કોપ વડે, આપણી જ ગેલેકસીમાં, કોઈ સ્ટાર ની આજુબાજુ ફરતાં, અર્થ લાઈક, પ્લેનેટનાં, રહસ્યો, હજી ઉકેલવાનાં, બાકી છે.",0,18.775,0,not_selected_by_random,,,,
1366,"ટમે પણ, પાંચેય જણ, સંપથી રહેશો તો, મજબૂત બનશો, પરંતુ, લડી ઝઘડીને, અલગ અલગ રહેશો, તો, કમજોર બનશો.",0,14.327,1,,gujarati_female_001366.wav,tx a m ee <wb> p a nx a <wb> p aa mq c ee y a <wb> j a nx a <wb> s a mq p a th ii <wb> r a h ee sh o <wb> t a o <wb> m a j a b a uu t a <wb> b a n a sh o <wb> p a r a q t a u <wb> l a dx ii <wb> jh a gh a dx ii n ee <wb> a l a g a <wb> a l a g a <wb> r a h ee sh o <wb> t a o <wb> k a m a j o r a <wb> b a n a sh o,C34 C0 C22 C11 <wb> C28 C0 C25 C0 <wb> C28 C1 C23 C5 C11 C38 C0 <wb> C17 C0 C25 C0 <wb> C30 C0 C23 C28 C0 C33 C16 <wb> C29 C0 C15 C11 C31 C26 <wb> C32 C0 C26 <wb> C22 C0 C17 C0 C3 C0 C36 C32 C0 <wb> C3 C0 C24 C0 C31 C26 <wb> C28 C0 C29 C0 C23 C32 C0 C36 <wb> C21 C0 C9 C16 <wb> C18 C0 C14 C0 C9 C16 C24 C11 <wb> C0 C21 C0 C13 C0 <wb> C0 C21 C0 C13 C0 <wb> C29 C0 C15 C11 C31 C26 <wb> C32 C0 C26 <wb> C19 C0 C22 C0 C17 C26 C29 C0 <wb> C3 C0 C24 C0 C31 C26,train
1367,"આપણે જાણીએ છીએ કે, તમામ પ્રદૂષણો, પર્યાવરણને, રોગગ્રસ્ત, બનાવે છે.",0,9.4,0,not_selected_by_random,,,,
1368,"છેતાલીસ વર્ષીય, સુનીતા, અને, તેના સહયાત્રીઓ, આંતરરાષ્ટ્રીય, અવકાશ મથક પર, રહેલા, એક્સપિડિશન બત્રીસ ના, અવકાશયાત્રીઓ સાથે, મંગળવારે જોડાશે.",0,19.459,0,not_selected_by_random,,,,
1369,"તે સમયે, ભગવાનની સાથે, તેમના, અઠ્ઠાણું પુત્રોએ પણ, પોતાના, મહાન પિતાનો, પંથ પકડયો, દીક્ષા લીધી.",0,14.051,0,not_selected_by_random,,,,
1370,"ભગવાન, ઋષભ દવે, આ ધરતી પર, સર્વ પ્રથમ દીક્ષા ગ્રહણ કરીને, ત્યાગના પંથનો, પ્રારંભ કર્યો.",0,11.399,0,not_selected_by_random,,,,
1371,"ઉત્તર પ્રદેશના, કુલ, ચારસો ત્રણ ધારાસભ્યોમાંથી, અડસઠ ટકા, કરોડપતિ છે.",0,10.336,0,not_selected_by_random,,,,
1372,"આપણે, ખુદજ, પ્રશ્નોને ઊભા કરીએ છીએ, અને, તેને ઉકેલવામાં, કિંમતી સમય, વેડફીએ છીએ.",0,10.612,1,,gujarati_female_001372.wav,aa p a nx a ee <wb> kh u d a j a <wb> p r a sh n o n ee <wb> uu bh a aa <wb> k a r a ii ee <wb> ch a ii ee <wb> a n a ee <wb> t a ee n a ee <wb> u k ee l a w aa m aa mq <wb> k a i q m a t a ii <wb> s a m a y a <wb> w ee dx a ph ii ee <wb> ch a ii ee,C1 C28 C0 C25 C0 C11 <wb> C20 C36 C7 C0 C17 C0 <wb> C28 C29 C0 C31 C24 C26 C24 C11 <wb> C36 C4 C0 C1 <wb> C19 C0 C29 C0 C16 C11 <wb> C6 C0 C16 C11 <wb> C0 C24 C0 C11 <wb> C32 C0 C11 C24 C0 C11 <wb> C36 C19 C11 C21 C0 C37 C1 C22 C1 C23 <wb> C19 C0 C16 C23 C22 C0 C32 C0 C16 <wb> C30 C0 C22 C0 C38 C0 <wb> C37 C11 C9 C0 C12 C16 C11 <wb> C6 C0 C16 C11,train
1373,"ફિલ્મોની લકીચાર્મ, મસ્તીખોર અસિન, વધુ એક, હિટ ફિલ્મથી, પુરાખુશાલ છે.",0,10.735,0,not_selected_by_random,,,,
1374,"સોરઠના ધર્મસહિષ્ણુ નવાબે, પોતાના રાજમહેલમાં, સહજાનંદ સ્વામીનાં, પગલાં કરાવ્યાં.",0,10.658,1,,gujarati_female_001374.wav,s o r a txh a n aa <wb> dh a r m a s a h i sx nx u <wb> n a w aa b ee <wb> p a o t a aa n a aa <wb> r a aa j a m a h a ee l a m a aa q <wb> s a h a j a aa n a q d a <wb> s w aa m ii n aa mq <wb> p a g a l a aa q <wb> k a r aa w y aa mq,C30 C26 C29 C0 C35 C0 C24 C1 <wb> C8 C0 C29 C22 C0 C30 C0 C15 C16 C31 C25 C36 <wb> C24 C0 C37 C1 C3 C11 <wb> C28 C0 C26 C32 C0 C1 C24 C0 C1 <wb> C29 C0 C1 C17 C0 C22 C0 C15 C0 C11 C21 C0 C22 C0 C1 C23 <wb> C30 C0 C15 C0 C17 C0 C1 C24 C0 C23 C7 C0 <wb> C30 C37 C1 C22 C16 C24 C1 C23 <wb> C28 C0 C13 C0 C21 C0 C1 C23 <wb> C19 C0 C29 C1 C37 C38 C1 C23,train
1375,"આપણા પ્રાચીન મહાગ્રંથ, જ્ઞાનના, ભંડાર છે.",0,6.827,0,not_selected_by_random,,,,
1376,"ભારતીય પ્રજાની, સાર્વભૌમિકતાને, મૂર્તિમંત કરનાર, મંચ તરીકે, તેની, ગરિમા, અક્ષુણ્ણ છે.",0,13.306,0,not_selected_by_random,,,,
1377,"યોકોવિચે, પ્રથમ સેટ્માં, મરેના, ડબલફોલ્ટનો લાભ ઉઠાવતા, સરસાઇ, મેળવી લીધી હતી, અને, ત્યાર બાદ, તે સેટ પણ, જીતી ગયો હતો.",0,17.266,0,not_selected_by_random,,,,
1378,"ઓગ્નીસો પંચો તેર ના, વર્લ્ડકપની સૌપ્રથમ વન ડેમાં, તેઓએ, ત્રણસો ચોત્રીસ રન, કર્યા હતા, તે, અત્યાર સુધીનો, રેકોર્ડ હતો.",0,16.131,0,not_selected_by_random,,,,
1379,"પ્રયોગ દ્વારા, પૂર્ત કરવામાં આવે, તો, વિદ્યાર્થીઓને, ગણિતના, અમૂર્ત, ખ્યાલો, સમજવા, સરળ રહે !",0,14.177,0,not_selected_by_random,,,,
1380,"તેની સૌથી મનગમતી માન્ટ બ્લેંટ ફાઉન્ટેન પેનને પણ, હરાજીમાં, મુકવામાં, આવશે.",0,11.02,0,not_selected_by_random,,,,
1381,"કંઈક, ખચકાતો સેનાપતિ બોલ્યો, મહારાજ, આપણા રાજ્યના, બીજા, અને, ત્રીજા મૂર્ખ, આ દરબારમાંજ, હાજર છે.",0,14.8,0,not_selected_by_random,,,,
1382,"આ ભૂમિગત નદીમાં, કુલ પાણીનો જથ્થો, એક હઝાર તેર, ઘનમીટર ક્રમમાં, અંદાજવામાં, આવ્યો છે.",0,12.851,0,not_selected_by_random,,,,
1383,"વૈશ્વિક નજરે, જોવા જઈએ તો, અફઘાનમાંથી, અમેરિકાના લશ્કરની, વાપસી, એ, આવકારદાયક છે.",0,12.91,0,not_selected_by_random,,,,
1384,"તેના વડતાલ પ્રકરણના, ચોથા વચનામૃતમાં, પતંગને, ભગવાનની મૂર્તિની ઉપમા, આપીને, સમજાવ્યું છે.",0,12.96,0,not_selected_by_random,,,,
1385,"સિદ્ધાંત જો આટલો બધો ચુસ્ત, અને, યાંત્રિક હોય, તો મારા જીવનનો, કોઈ અર્થ જ, રહેતો નથી.",0,11.703,1,,gujarati_female_001385.wav,s a i d a dh a aa q t a <wb> j a o <wb> aa tx a l a o <wb> b a dh a o <wb> c a u s a t a <wb> a n a ee <wb> y a aa q t a r a i k a <wb> h a o y a <wb> t a o <wb> m a aa r a aa <wb> j a ii w a n a n a o <wb> k a o ii <wb> a r a th a <wb> j a <wb> r a h a ee t a o <wb> n a th a ii,C30 C0 C16 C7 C0 C8 C0 C1 C23 C32 C0 <wb> C17 C0 C26 <wb> C1 C34 C0 C21 C0 C26 <wb> C3 C0 C8 C0 C26 <wb> C5 C0 C36 C30 C0 C32 C0 <wb> C0 C24 C0 C11 <wb> C38 C0 C1 C23 C32 C0 C29 C0 C16 C19 C0 <wb> C15 C0 C26 C38 C0 <wb> C32 C0 C26 <wb> C22 C0 C1 C29 C0 C1 <wb> C17 C0 C16 C37 C0 C24 C0 C24 C0 C26 <wb> C19 C0 C26 C16 <wb> C0 C29 C0 C33 C0 <wb> C17 C0 <wb> C29 C0 C15 C0 C11 C32 C0 C26 <wb> C24 C0 C33 C0 C16,train
1386,"આપણે, આંખ પર, પાણી છાંટીએ છીએ, કાનમાં, મેલ ના હોય, તેની, કાળજી રાખીએ છીએ, દાંત સાફ કરીએ છીએ, મોંને, સુવાસિત રાખવાની, દરકાર કરીએ છીએ.",0,19.352,0,not_selected_by_random,,,,
1387,"પરંતુ, પછી, છિન્નભિન્ન, અસ્તિત્વમાંથી, બહાર આવી, પોતાનું ગૌરવ, જુદીજ રીતે, પ્રાપ્ત કરે છે.",0,12.98,0,not_selected_by_random,,,,
1388,"મંગલકારી, તેમજ, જ્યોતિર્મયી સ્વસ્તિક, જે કલ્યાણકારી, તેમજ, શક્તિવર્ધકનું, પ્રતિક, માનવામાં, આવે છે.",0,14.008,0,not_selected_by_random,,,,
1389,"પાડોશમાં, બનનારા, અણુ ઊર્જા મથકોની, સ્વાસ્થ્ય પર થનારી, આડઅસરના વિચારોમાં, મુંઝાતા, ગામવાસીઓને, રાજકારણીઓ, અને, કાર્યકરો પણ, સતાવી રહ્યા છે.",0,19.875,0,not_selected_by_random,,,,
1390,"બ્રેડ, દૂધ, પાણી ની બોટલ, મીણબત્તીનો જથ્થો, વેચાઇ ગયો છે.",0,9.214,0,not_selected_by_random,,,,
1391,"એવી રીતે, આઇએસબી, હૈદરાબાદ એક લીડરશિપ ટ્રાન્સફોર્મેશનલ, પ્રોગ્રામ ચલાવે છે, જે, ગીતા પર, ટકેલો છે.",0,14.057,0,not_selected_by_random,,,,
1392,"ગામને પાદરે પણ, કોઈકના વાડા પડતા હોય, ને, ત્યાંય ઘાસની ગંજીઓ, કે, પરાળના મોટા આંગલા, મંડાયેલા હોય.",0,14.638,0,not_selected_by_random,,,,
1393,"સ્પર્ધા પહેલાં, ત્રણથી ચાર કલાક અગાઉ, તાજા ફળો, બ્રેડ, ટમેટો, સોસ સાથે પાસ્તા, ભૂંજેલા બટેટા, તૈયાર હતા.",0,15.866,0,not_selected_by_random,,,,
1394,"પતંગિયાએ કહ્યું, ઓ ચારુલ!, તું આંખો બંધ કરી દે!, અને, પતંગિયાએ, મધુર સ્વરમાં, ગીત ગુંજન, શરૂ કર્યું !",0,14.8,0,not_selected_by_random,,,,
1395,"જેનોમિક્સ ક્ષેત્રે, હજી આપણે, ફુલ પોટેન્શીયલ પ્રગતી, કરીએ તે પેહેલાં, લાંબી મઝલ, કાપવાની છે.",0,13.686,0,not_selected_by_random,,,,
1396,"વિશ્વ બેંક પાસે, લોન માંગે ત્યારે, વિશ્વ બેન્ક દ્વારા, શરત મૂકવામાં આવે છે.",0,11.25,0,not_selected_by_random,,,,
1397,"ન્યુક્લિયર પાવર પ્લાન્ટમાંથી, નીકળતા, વિકીરણો, તેમના, અન્ન, અને, પાણીમાં પ્રવેશીને, કેન્સર ઉત્પન્ન, કરી શકે છે.",0,14.736,0,not_selected_by_random,,,,
1398,"સૌરભભાઇ કહે છે, ન્યૂયોર્ક, બોસ્ટનમાં રહેતા, મારા ફ્રેન્ડ્‌સ પણ, ક્રિકેટના, એટલા દિવાના છે.",0,12.834,0,not_selected_by_random,,,,
1399,"શ્રી દસ્તુરે, આ તથ્યને, સ્પષ્ટ કરતો, એક પ્રસંગ ટાંક્યો છે, તે, સમજવા જેવો છે.",0,12.164,0,not_selected_by_random,,,,
1400,"જીનીવા પાસેનું, આ, લાર્જ હેડ્રોન, કોલાઈડર, સત્તર માઈલ, સત્યાવિસ કિલો મીટર, લંબાઈની, ગોળાકાર, ટનલ છે.",0,13.909,1,,gujarati_female_001400.wav,j ii n ii w aa <wb> p a aa s a ee n a u q <wb> aa <wb> l a aa r a j a <wb> h a ee dx a r a o n a <wb> k a o l a aa ii dx a r a <wb> s a t a t a r a <wb> m a aa ii l a <wb> s a t y aa w i s a <wb> k a i l a o <wb> m a ii tx a r a <wb> l a q b a aa ii n a ii <wb> g a o lx a aa k a aa r a <wb> tx a n a l a <wb> ch a ee,C17 C16 C24 C16 C37 C1 <wb> C28 C0 C1 C30 C0 C11 C24 C0 C36 C23 <wb> C1 <wb> C21 C0 C1 C29 C0 C17 C0 <wb> C15 C0 C11 C9 C0 C29 C0 C26 C24 C0 <wb> C19 C0 C26 C21 C0 C1 C16 C9 C0 C29 C0 <wb> C30 C0 C32 C0 C32 C0 C29 C0 <wb> C22 C0 C1 C16 C21 C0 <wb> C30 C0 C32 C38 C1 C37 C16 C30 C0 <wb> C19 C0 C16 C21 C0 C26 <wb> C22 C0 C16 C34 C0 C29 C0 <wb> C21 C0 C23 C3 C0 C1 C16 C24 C0 C16 <wb> C13 C0 C26 C21 C0 C1 C19 C0 C1 C29 C0 <wb> C34 C0 C24 C0 C21 C0 <wb> C6 C0 C11,train
1401,"કશુંય પ્રાપ્ત કરવું, ત્યારે તો, સાવ દુર્લભ હતું, ઘણી ચીજો તો, જોઈ જ રહેવાની, કેટલુંક તો, સાંભળીને જ, સંતોષવાનું.",0,15.964,0,not_selected_by_random,,,,
1402,"શ્વેત પ્રકાશના કારણે, એશી ટકા કરતાં, પણ વધારે, પક્ષીઓને, અંધારાથી, ઘેરાયેલ, રાત્રિ તરફ, તેમની ઉડવાની, દિશા, બદલવા પ્રેરે છે.",0,18.36,0,not_selected_by_random,,,,
1403,"તે ન્યાયે, વિશ્વકર્મા દાદાના વંશજ, કોઈ જ્ઞાન પિપાસુ વિદ્વાને, સંશોધન કરી, વિશ્વકર્મા પુરાણની, રચના, કરી હતી.",0,15.809,0,not_selected_by_random,,,,
1404,"બે એક અઠવાડિયા માટે, અભૂષ્ય, તેજસ્વીતા, તે, ઝળહળી ઉઠશે.",0,9.716,0,not_selected_by_random,,,,
1405,"આપણી પૃથ્વી ઉપર, જેટલું પાણી છે, તેમાંનું, સત્તાણુ ટકા, મહાસાગરોના, ખારાં, જળના રૃપમાં, મોજૂદ છે.",0,13.653,1,,gujarati_female_001405.wav,aa p a nx a ii <wb> p a th a w a ii <wb> u p a r a <wb> j a ee tx a l a u q <wb> p a aa nx a ii <wb> ch a ee <wb> t ee m aa mq n u mq <wb> s a t t aa nx u <wb> tx a k a aa <wb> m a h aa s aa g a r o n aa <wb> kh aa r aa mq <wb> j a lx a n aa <wb> r rq p a m aa mq <wb> m o j uu d a <wb> ch a ee,C1 C28 C0 C25 C0 C16 <wb> C28 C0 C33 C0 C37 C0 C16 <wb> C36 C28 C0 C29 C0 <wb> C17 C0 C11 C34 C0 C21 C0 C36 C23 <wb> C28 C0 C1 C25 C0 C16 <wb> C6 C0 C11 <wb> C32 C11 C22 C1 C23 C24 C36 C23 <wb> C30 C0 C32 C32 C1 C25 C36 <wb> C34 C0 C19 C0 C1 <wb> C22 C0 C15 C1 C30 C1 C13 C0 C29 C26 C24 C1 <wb> C20 C1 C29 C1 C23 <wb> C17 C0 C21 C0 C24 C1 <wb> C29 C29 C28 C0 C22 C1 C23 <wb> C22 C26 C17 C36 C7 C0 <wb> C6 C0 C11,train
1406,"હકીકતમાં, ન્યુક્લિયર પાવર પ્લાન્ટની, આસપાસના, વિસ્તારના, ડિઝાસ્ટર મેનેજમેન્ટની, જવાબદારી, એ વિસ્તારના, કલેક્ટરની છે.",0,16.253,0,not_selected_by_random,,,,
1407,"પાતાળ અને, પૃથ્વી ઉપર, સમકાલીન સ્થિતિનો, ઘાટ ઘડયો.",0,8.713,0,not_selected_by_random,,,,
1408,"આઇસીસી, હવે, ક્રિકેટને, સોનાના ઇંડા આપતી, મરઘી તરીકેજ, જુવે છે.",0,10.97,0,not_selected_by_random,,,,
1409,"ત્યારે, સત્ય જ્ઞાન, જે શરીરની, પાંચ, જ્ઞાનેન્દ્રિય સાથે, આત્મામાં, છુપાયેલ છે.",0,12.46,0,not_selected_by_random,,,,
1410,"તોજ, ગ્રાહક એ ફોર્મ, ભરવામાં, રસ બતાવશે, અને, સાચો અભિપ્રાય, આપશે.",0,10.227,0,not_selected_by_random,,,,
1411,"બે હઝાર બાર માં, માર્કેટમાં, આ નવું, બાયોફ્યુલ, ધૂમ મચાવશે.",0,9.877,0,not_selected_by_random,,,,
1412,"વિશ્વ, ખૂબજ નાના, અત્યંત ઉષ્ણ, અને, અત્યંત, ઘન સિન્ગ્યુલારીટી, એકત્વ, દ્વારા, જન્મ્યું હશે.",0,14.19,0,not_selected_by_random,,,,
1413,"માર્કંડેય, જેમજેમ, ઉંમરમાં ખીલતો જાય, તેમતેમ, માબાપનાં, વદન, મ્લાન, થતાં જાય.",0,12.4,0,not_selected_by_random,,,,
1414,"નમ્રતા, અને વિવેક, કેળવી, બસ આશીર્વાદનો જથ્થો, મેળવેજ જાવ.",0,9.14,0,not_selected_by_random,,,,
1415,"દિવાન જર્મનીદાસે, નવાબે, કૂતરા કૂતરીનાં લગ્ન કર્યાની, વાતનું, વતેસર કરી, એમને, ખોટી રીતે, વગોવ્યા છે.",0,14.789,0,not_selected_by_random,,,,
1416,"મને નથી, કાલિદાસ સાંભરતા, કે, નથી યાદ આવતા, રિલ્કે બોદલેર.",0,8.885,0,not_selected_by_random,,,,
1417,"જો તેવો, કોઈ કામમાં, હસ્તક્ષેપ કરવામાં, ક્યાંક, ખોટું થઈ જાય તો, તેમને, નુકસાન વેઠવાનો, વારો, આવી શકે છે.",0,14.78,0,not_selected_by_random,,,,
1418,"સૂર્ય કરતા, બે થી ત્રોણ ગણા દળદાર, તારાનું ઇંધણ, ખલાસ થઈ જતા, તેની, જે અંતિમ, સ્થિતિ, થાય તે, ન્યુટ્રોન તારા, છે.",0,17.388,0,not_selected_by_random,,,,
1419,"આવી, આછીપાતળી, સમજણ પણ, આપણને, રાગદ્વેષ, અને, માયા મમતાથી, મુક્ત કરનારી છે.",0,13.489,0,not_selected_by_random,,,,
1420,"બ્રહ્માંડનું સર્જન, બ્રહ્માંડ પૂર્વેની સ્થિતિ, ગતિશીલ અવકાશી પદાર્થો, વિશેના પ્રત્યુત્તરો, આજે પણ, અનુત્તર.",0,15.158,0,not_selected_by_random,,,,
1421,"પણ, આ ઋતુમાં, ઝીણાંઝીણાં, જાંબલી પુષ્પોની મંજરીયોથી, આખું ઢંકાઈ જાય.",0,11.709,0,not_selected_by_random,,,,
1422,"હાલ, વિજ્ઞાનીઓ, આ પ્રયોગના, પરિણામો, જે સૂક્ષ્મ, સંવેદકો, અને, કોમ્પ્યુટરોએ, નોંધ્યા છે.",0,13.514,0,not_selected_by_random,,,,
1423,"ડસ્ટ, હેઝી સ્કાય, એટલે, ધુળની ડમરીથી છવાયેલા, આકાશની સ્થિતિ, સર્જાઇ હતી.",0,11.006,1,,gujarati_female_001423.wav,dx a s tx a <wb> h ee jh ii <wb> s k aa y a <wb> ee tx a l a ee <wb> dh u lx a n ii <wb> dx a m a r ii th ii <wb> ch a w aa y ee l aa <wb> aa k aa sh a n ii <wb> s a th a i t a i <wb> s a r a j a aa i <wb> h a t a ii,C9 C0 C30 C34 C0 <wb> C15 C11 C18 C16 <wb> C30 C19 C1 C38 C0 <wb> C11 C34 C0 C21 C0 C11 <wb> C8 C36 C21 C0 C24 C16 <wb> C9 C0 C22 C0 C29 C16 C33 C16 <wb> C6 C0 C37 C1 C38 C11 C21 C1 <wb> C1 C19 C1 C31 C0 C24 C16 <wb> C30 C0 C33 C0 C16 C32 C0 C16 <wb> C30 C0 C29 C0 C17 C0 C1 C16 <wb> C15 C0 C32 C0 C16,train
1424,"બિઝનેસ સ્કૂલોનો, દ્રઢ, વિશ્વાસ છે કે, એવો અભ્યાસક્રમ, કે, પ્રોગ્રામ વ્યવસાયી, લક્ષ્ય, હાંસલ કરવામાં, મદદ કરે છે",0,16.937,0,not_selected_by_random,,,,
1425,"પશ્ચિમે આવેલા, ટૂવૂમ્બામાં, સ્થિતિ, અત્યંત, ખરાબ છે.",0,8.767,0,not_selected_by_random,,,,
1426,"સામાન્યપણે, વપરાતી, એકવીસ ગેજની, નિડલ, એકદમ, પાતળી હોય છે.",0,10.264,0,not_selected_by_random,,,,
1427,"મારગ બધો, ધૂળિયો, ધૂળ સાફ, આછી કરકરી ને, વધારે સુંવાળી.",0,9.05,0,not_selected_by_random,,,,
1428,"જરીક વાર, જો એ મને ના દેખે તો, મ્યાઉં મ્યાઉં કરીને, આખું ઘર, માથે લ્યે !.",0,12.344,0,not_selected_by_random,,,,
1429,"મને એ ફૂલો જોઈને, વિન્સેન્ટ વાન ગોગનાં, સૂરજમુખીના, પીળા રંગની, ભવ્યતા, યાદ આવે છે.",0,13.538,0,not_selected_by_random,,,,
1430,"નાસ્તિકો, ભગવાનના ખ્યાલનું, માનસશાસ્ત્રીય, મહત્ત્વ સમજે, સ્વીકારે, અને, આસ્તિકો, તેમના મતે, જે, ભગવાનની, લીલા છે.",0,17.786,1,,gujarati_female_001430.wav,n a aa s a t a i k a o <wb> bh a g a w aa n a n aa <wb> kh y aa l a n u mq <wb> m aa n a s a sh aa s t r ii y a <wb> m a h a t a t a w a <wb> s a m a j a ee <wb> s a w a ii k a aa r a ee <wb> a n a ee <wb> aa s a t a i k a o <wb> t a ee m a n a aa <wb> m a t a ee <wb> j a ee <wb> bh a g a w a aa n a n a ii <wb> l a ii l a aa <wb> ch a ee,C24 C0 C1 C30 C0 C32 C0 C16 C19 C0 C26 <wb> C4 C0 C13 C0 C37 C1 C24 C0 C24 C1 <wb> C20 C38 C1 C21 C0 C24 C36 C23 <wb> C22 C1 C24 C0 C30 C0 C31 C1 C30 C32 C29 C16 C38 C0 <wb> C22 C0 C15 C0 C32 C0 C32 C0 C37 C0 <wb> C30 C0 C22 C0 C17 C0 C11 <wb> C30 C0 C37 C0 C16 C19 C0 C1 C29 C0 C11 <wb> C0 C24 C0 C11 <wb> C1 C30 C0 C32 C0 C16 C19 C0 C26 <wb> C32 C0 C11 C22 C0 C24 C0 C1 <wb> C22 C0 C32 C0 C11 <wb> C17 C0 C11 <wb> C4 C0 C13 C0 C37 C0 C1 C24 C0 C24 C0 C16 <wb> C21 C0 C16 C21 C0 C1 <wb> C6 C0 C11,train
1431,"ઈન્દ્રભૂમિ ગૌતમના, વડપણ નીચે, મહાપંડિતોએ, યજ્ઞ વખતે, વેદનો મંત્રોચ્ચાર, શરૂ કર્યો.",0,13.912,0,not_selected_by_random,,,,
1432,"આથી, એનાં, બૈરાં છોકરાં, હાડપિંજર જેવાં, થઈ ગયાં છે.",0,8.22,1,,gujarati_female_001432.wav,aa th a ii <wb> ee n a aa q <wb> b ei r aa mq <wb> ch a o k a r a aa q <wb> h aa dx a p i mq j a r a <wb> j a ee w a aa q <wb> th a ii <wb> g a y a aa q <wb> ch a ee,C1 C33 C0 C16 <wb> C11 C24 C0 C1 C23 <wb> C3 C2 C29 C1 C23 <wb> C6 C0 C26 C19 C0 C29 C0 C1 C23 <wb> C15 C1 C9 C0 C28 C16 C23 C17 C0 C29 C0 <wb> C17 C0 C11 C37 C0 C1 C23 <wb> C33 C0 C16 <wb> C13 C0 C38 C0 C1 C23 <wb> C6 C0 C11,train
1433,"આ અંગે, પાંસઠ વર્ષના, ક્રિકેટપ્રેમી, મોહનકુમાર શર્મા, કહે છે કે.",0,10.381,0,not_selected_by_random,,,,
1434,"તેના શરીરની લંબાઈ, પાંસો મિલિમીટર સુધી, હોઈ શકે, તેનું વજન, અંદાજે, બત્રીસ મીલીગ્રામ, હશે.",0,12.098,1,,gujarati_female_001434.wav,t a ee n a aa <wb> sh a r a ii r a n a ii <wb> l a q b a aa ii <wb> p a aa q s a o <wb> m i l i m ii tx a r a <wb> s a u dh a ii <wb> h a o ii <wb> sh a k a ee <wb> t a ee n a u q <wb> w a j a n a <wb> a q d a aa j a ee <wb> b a t a r a ii s a <wb> m ii l ii g r aa m a <wb> h a sh a ee,C32 C0 C11 C24 C0 C1 <wb> C31 C0 C29 C0 C16 C29 C0 C24 C0 C16 <wb> C21 C0 C23 C3 C0 C1 C16 <wb> C28 C0 C1 C23 C30 C0 C26 <wb> C22 C16 C21 C16 C22 C16 C34 C0 C29 C0 <wb> C30 C0 C36 C8 C0 C16 <wb> C15 C0 C26 C16 <wb> C31 C0 C19 C0 C11 <wb> C32 C0 C11 C24 C0 C36 C23 <wb> C37 C0 C17 C0 C24 C0 <wb> C0 C23 C7 C0 C1 C17 C0 C11 <wb> C3 C0 C32 C0 C29 C0 C16 C30 C0 <wb> C22 C16 C21 C16 C13 C29 C1 C22 C0 <wb> C15 C0 C31 C0 C11,train
1436,"આ કોરની ઉપર, બીજા રક્ષા કવચ તરીકે, સ્ટીલનું જાડું, પ્રેસર વેસલ, દાબ વાસણ, રચવામાં આવેલ છે.",0,15.819,0,not_selected_by_random,,,,
1437,"બ્રહ્માંડ એટલે કે, તારાઓ, અને, ગ્રહો, કેવી રીતે રચાયા, તેના પર, પ્રકાશ ફેંકનારી, સ્ટાન્ડર્ડ મોડલ નામની, થિયરીની, ખૂટતી કડી, મળી ગઈ છે.",0,19.692,0,not_selected_by_random,,,,
1438,"સારી રેસ્ટોરાં, એરલાઈન, તથા, વ્યાખ્યાનોમાં, પણ, આવાં ફીડબેક ફોર્મ, આપવામાં, આવે છે.",0,12.237,0,not_selected_by_random,,,,
1439,"દાદીએ, ફાટેલાં લૂગડાંમાંથી, સીવેલી હૂંફભરી ગોદડીયો, વહેંચી દેવાઈ.",0,10.786,0,not_selected_by_random,,,,
1440,"તેથી, ભગવાન શિવજીને, રાત્રીના સમયે કરેલ, પૂજા, પાઠ, જાપ, આરાધના, વધારે પ્રિય, સદા સુખ આપે છે.",0,16.301,0,not_selected_by_random,,,,
1441,"અને, પ્રગન્યા ચક્ષુ, પોતે જાતે પણ, તેમાં તેમના, ફિક્સ પ્રોગ્રામ, સેટ કરી શકે છે.",0,11.357,0,not_selected_by_random,,,,
1442,"મુનિ પણ, સમજ્યા કે, વ્યક્તિને ગમે તેટલું, ઉત્તમ મળે, પણ, તે પોતાના, મૂળ સ્વભાવને, ત્યજીને, શ્રેષ્ઠનો સ્વીકાર, કરી શકે નહીં.",0,18.355,0,not_selected_by_random,,,,
1443,"અને પછી, શ્રઘ્ધાળુઓ, પોતાના, કુળદેવતાના, સ્મરણ સાથે, એ અંગારા, ઉપર દોડવાનું શરૂ કરે, આ ક્રીયા, મોડી રાત, સુધી ચાલે.",0,18.408,0,not_selected_by_random,,,,
1444,"જો આ આઇસબર્ગ, પ્રવાહી સ્વરૃપે, દક્ષિણ, ગ્રીનલેન્ડ તરફ, આગળ વધશે, તો, જહાજોની, અવરજવર પર, અસર થઈ શકે છે.",0,16.33,0,not_selected_by_random,,,,
1445,"એ દિવસે, સાંજે, સસલાભાઈએ, ખુશાલીમાં, નવો સૂટ પહેર્યો, સસલીબાઈએ, નવો, ડ્રેસ ધારણ કર્યો.",0,13.365,0,not_selected_by_random,,,,
1446,"આંગળી માટે, સાંધા માટે, અને, ફિન્ગરપેડ માટે, જુદી જુદી, ઘનતાવાળા, પ્લાસ્ટિકનો, તે ઉપયોગ કરે છે.",0,14.379,0,not_selected_by_random,,,,
1447,"પોતાની રૂટિન લાઈફ, ડિસ્ટર્બ કરી નાખતા, પિરિયડ્સથી, કંટાળો આવે છે.",0,10.298,0,not_selected_by_random,,,,
1448,"વિશ્વમાં, અત્યારે, ત્રણસો ચૌવિસ પ્રોજેક્ટ હાલ, ડ્રોઇંગ બોર્ડ ઉપર, છે.",0,9.271,0,not_selected_by_random,,,,
1449,"ઇન્ડિયન પાઇલટ, ગિલ્ડે, હડતાળનો અંત આણવાની વાત, દિલ્હી હાઇકોર્ટમાં, કરી.",0,9.852,0,not_selected_by_random,,,,
1450,"તેમણે તેમના, આહારમાં, લોહ, ઝીંક, અને, વિટામીન બી બાર ની ઉણપ ન રહે તેમ રાખવું જોઈએ.",0,13.026,1,,gujarati_female_001450.wav,t a ee m a nx a ee <wb> t a ee m a n a aa <wb> aa h a aa r a m a aa q <wb> l a o h a <wb> jh ii mq k a <wb> a n a ee <wb> w a i tx a aa m a ii n a <wb> b a ii <wb> b a aa r a <wb> n a ii <wb> u nx a p a <wb> n a <wb> r a h a ee <wb> t a ee m a <wb> r a aa kh a w a u q <wb> j a o ii ee,C32 C0 C11 C22 C0 C25 C0 C11 <wb> C32 C0 C11 C22 C0 C24 C0 C1 <wb> C1 C15 C0 C1 C29 C0 C22 C0 C1 C23 <wb> C21 C0 C26 C15 C0 <wb> C18 C16 C23 C19 C0 <wb> C0 C24 C0 C11 <wb> C37 C0 C16 C34 C0 C1 C22 C0 C16 C24 C0 <wb> C3 C0 C16 <wb> C3 C0 C1 C29 C0 <wb> C24 C0 C16 <wb> C36 C25 C0 C28 C0 <wb> C24 C0 <wb> C29 C0 C15 C0 C11 <wb> C32 C0 C11 C22 C0 <wb> C29 C0 C1 C20 C0 C37 C0 C36 C23 <wb> C17 C0 C26 C16 C11,train
1451,"માત્ર ઘરજ, આપણા હોવાપણાના, એક ટુકડાનું, સાક્ષી બનીને, મૂંગું, ઊભું રહે છે.",0,11.239,0,not_selected_by_random,,,,
1452,"અમદાવાદ શહેરના, મધ્યમાં, મુખ્યમાર્ગ પરથી, પસાર થતી, મેટ્રો ટ્રેન, દોડાવવા માટે, એલિવેટેડ સ્ટ્રકચર, ઉભુ કરાશે.",0,16.099,0,not_selected_by_random,,,,
1453,"પ્રતાપગઢમાં, કૃપાળુ મહારાજના, આશ્રમમાં, જે ગરીબો, સ્ટેમ્પેડનો, ભોગ બન્યા, તેઓ, લોભનો, અને, ભયનો, ભોગ બન્યા હતા.",0,16.347,0,not_selected_by_random,,,,
1454,"આમ છતાં, બહુમતિ, સાબાવાસીઓ, તો, પોતાના ઈષ્ટ તરીકે, અલ્માકની જ, પ્રાર્થના, અને, આરાધના કરતા હતા.",0,15.015,0,not_selected_by_random,,,,
1455,"બે હજાર ચૌદ સુધીમાં, સમગ્ર લશ્કર, પાછું ખેંચવાના, અમેરિકન પ્રોમીસનું, આ, પ્રથમ ચરણ છે.",0,12.724,0,not_selected_by_random,,,,
1456,"ગુજરાત અને, રાજસ્થાનની, સીમાએ આવેલ, ગીરીમથક, માઉન્ટ આબુ, દેશભરના પ્રવાસી, સહેલાણીઓનું, વર્ષોથી માનીતું, સ્થાન, ગણાય છે.",0,17.624,0,not_selected_by_random,,,,
1457,"જ્ઞાનને, સાચી રીતે મૂલવવાની, કે, વ્યવહારમાં મૂકવાની, આવડતજ, શાણપણ, કેહેવાય.",0,11.864,0,not_selected_by_random,,,,
1458,"ભારત, આઝાદ થયાને, સાડા છ દાયકા થયા પછી પણ, આવી, રહેણી કરણી, ઠેરની ઠેર, રહી છે.",0,13.01,0,not_selected_by_random,,,,
1459,"પરંતુ, એ જ ગ્રાહક, તેના, સગાં સંબંધી, મિત્રવર્તુળ સાથે, તમારી સેવા લેવા, ફરીથી આવે, ત્યારે, તમારી, તેમજ, કંપનીની સફળતા, માનજો.",0,19.109,0,not_selected_by_random,,,,
1460,"ઉત્તર ગ્રીનલેન્ડના, પીટરમાન ગ્લેશિયરનો, એક, વિશાળ કદનો, આઇસબર્ગ, તૂટીને, પાણી માં, વહી ગયો.",0,13.969,0,not_selected_by_random,,,,
1461,"પ્રભુશરણ, તથાશ્રી, મહાપ્રભુજીનો, આશ્રય, એજ, પરમ, કર્તવ્ય છે.",0,10.445,0,not_selected_by_random,,,,
1463,"મૂળ, ઋગ્વેદમાં, શ્રી, વિશ્વકર્માની સ્તુતિના, સુક્તો, મળી આવે છે.",0,9.309,0,not_selected_by_random,,,,
1464,"આ નેન્એન્ટેનાની, ફીલ્મ, અધોરક્ત કિરણોનું, પ્રગ્રહણ, કરે છે.",0,7.082,1,,gujarati_female_001464.wav,aa <wb> n ee n ee n tx ee n aa n ii <wb> ph ii l m a <wb> a dh a o r a k a t a <wb> k i r a nx o n u mq <wb> p a r a g a r a h a nx a <wb> k a r a ee <wb> ch a ee,C1 <wb> C24 C11 C24 C11 C24 C34 C11 C24 C1 C24 C16 <wb> C12 C16 C21 C22 C0 <wb> C0 C8 C0 C26 C29 C0 C19 C0 C32 C0 <wb> C19 C16 C29 C0 C25 C26 C24 C36 C23 <wb> C28 C0 C29 C0 C13 C0 C29 C0 C15 C0 C25 C0 <wb> C19 C0 C29 C0 C11 <wb> C6 C0 C11,train
1465,"અઠયાવિસ લાખ, હેક્ટર જમીન, ઓગનીસો એકાવન થી, ઓગનીસો એશી ના ગાળા વચ્ચે, જંગલવાળી, જમીન, વપરાઈ ગઈ.",0,14.385,0,not_selected_by_random,,,,
1466,"હજારો ટન, પાવર શખ્તિ આપનાર, જ્ઞાનસભર સૂર્યને, કળિયુગના લોકો, કેમ સમજતા નહિ હોય ?",0,12.669,0,not_selected_by_random,,,,
1467,"સેવાનું કામ કરતાં પણ, વ્રત ભંગ થયું, માને એવી, સમજણવાળાઓએ, સાધકની વ્યાખ્યા સંબંધી, વિચાર કરવો જોઈએ.",0,14.118,1,,gujarati_female_001467.wav,s ee w aa n u mq <wb> k a aa m a <wb> k a r a t a aa q <wb> p a nx a <wb> w a r a t a <wb> bh a q g a <wb> th a y a u q <wb> m a aa n a ee <wb> ee w a ii <wb> s a m a j a nx a w aa lx aa o ee <wb> s aa dh a k a n ii <wb> w a y a aa kh a y a aa <wb> s a q b a q dh a ii <wb> w a i c a aa r a <wb> k a r a w a o <wb> j a o ii ee,C30 C11 C37 C1 C24 C36 C23 <wb> C19 C0 C1 C22 C0 <wb> C19 C0 C29 C0 C32 C0 C1 C23 <wb> C28 C0 C25 C0 <wb> C37 C0 C29 C0 C32 C0 <wb> C4 C0 C23 C13 C0 <wb> C33 C0 C38 C0 C36 C23 <wb> C22 C0 C1 C24 C0 C11 <wb> C11 C37 C0 C16 <wb> C30 C0 C22 C0 C17 C0 C25 C0 C37 C1 C21 C1 C26 C11 <wb> C30 C1 C8 C0 C19 C0 C24 C16 <wb> C37 C0 C38 C0 C1 C20 C0 C38 C0 C1 <wb> C30 C0 C23 C3 C0 C23 C8 C0 C16 <wb> C37 C0 C16 C5 C0 C1 C29 C0 <wb> C19 C0 C29 C0 C37 C0 C26 <wb> C17 C0 C26 C16 C11,train
1468,"વાસ્તવમાં, કેગ, પરફોર્મન્સ ઓડિટ, એટલે કે, જે તે, પ્રોજેક્ટની, કામગીરીનો, હિસાબ, રજૂ કરે છે.",0,13.262,0,not_selected_by_random,,,,
1469,"તેવા વૃદ્ધોને, જીવનના, અંતિમ તબક્કામાં, તેમણા, અઘૂરા સ્વપ્ન, મોંઘી કારમાં.",0,10.721,0,not_selected_by_random,,,,
1470,"બેલાસ્ટિક મિસાઈલ છોડવા માટે, મધ્યભાગે, લોન્ચિંગ, ટયુબ હોય છે.",0,8.011,1,,gujarati_female_001470.wav,b ee l aa s tx i k a <wb> m a i s a aa ii l a <wb> ch a o dx a w a aa <wb> m a aa tx a ee <wb> m a dh y a bh aa g ee <wb> l a o n a c a i q g a <wb> tx a y u b a <wb> h a o y a <wb> ch a ee,C3 C11 C21 C1 C30 C34 C16 C19 C0 <wb> C22 C0 C16 C30 C0 C1 C16 C21 C0 <wb> C6 C0 C26 C9 C0 C37 C0 C1 <wb> C22 C0 C1 C34 C0 C11 <wb> C22 C0 C8 C38 C0 C4 C1 C13 C11 <wb> C21 C0 C26 C24 C0 C5 C0 C16 C23 C13 C0 <wb> C34 C0 C38 C36 C3 C0 <wb> C15 C0 C26 C38 C0 <wb> C6 C0 C11,train
1471,"નોકરોએ, એને, પાછો વાળવાની, અને, ક્યાં જઇ રહ્યા છો, એ જાણવાની, ખૂબ કોશિશ, કરી જોઇ, પરંતુ, વ્યર્થ.",0,14.063,0,not_selected_by_random,,,,
1472,"એવું કેહેવામાં આવ્યું છે કે, એક ચોરસ ઇંચમાં, અગ્યાર લાખ, સિત્યોતેર હજાર, પાંસો કોશિકાઓ, હોય છે.",0,13.838,0,not_selected_by_random,,,,
1473,"ત્યાર બાદ, એરવિન, આ ટ્વિટ કરનારી વ્યક્તિને, મેસેજ મોકલતો, કે, તેની પાસે, વધુ સારો, વિકલ્પ છે.",0,13.9,0,not_selected_by_random,,,,
1474,"દેશ વિદેશના, ફોટોગ્રાફરો, ચિત્રકારો, સ્થપતિઓ, સંશોધકો, આર્કીઓલોજીસ્ટોએ, આ મંદીરોની, મુલાકાતો, લીધી છે.",0,15.848,0,not_selected_by_random,,,,
1475,"આવતા વર્ષે, પન્દરસો ડોલરમાં, ફક્ત, ડેવલપર્સ માટે, ઉપલબ્ધ થનારા, ગુગલ ગ્લાસમાં, હજુ, ઘણું કામ થવું, બાકી છે.",0,16.012,0,not_selected_by_random,,,,
1476,"તેવા લોકોને, મોંઘી કારમાં, અમદાવાદના, ગાંધીઆશ્રમ, ઇસ્કોન મોલ, સાયન્સસિટી, આ ઉપરાંત, જોવાલાયક, વિવિધ સ્થળોની, નિઃશુલ્ક, પ્રવાસ કરાવે છે",0,19.48,0,not_selected_by_random,,,,
1477,"તેમાં પણ, આર્ચરી માટેની સ્પર્ધા, લોર્ડઝમાં યોજાવાની હોઇ, હું, વિશેષ રોમાંચિત છું, તેમ, દિપિકાએ, જણાવ્યું હતું",0,15.721,0,not_selected_by_random,,,,
1478,"આ એકવીટ્રરોમાં, સંગ્રહ થયેલ, પાણી, સતત સ્ત્રાવના, સ્ત્રોતો છે.",0,10.346,0,not_selected_by_random,,,,
1479,"ત્યાર પછી, બીજી ઇનીંગ્ઝમાં, ભારતે, જંગી જુમલો, ખડકીને, ઓસ્ટ્રેલિયાને, પરાજયનો, સ્વાદ ચખાડયો હતો.",0,14.3,0,not_selected_by_random,,,,
1480,"પતંગોત્સવની પાછળ, આઘ્યાત્મિકતા, પણ છુપાયેલ છે.",0,6.836,0,not_selected_by_random,,,,
1482,"વિદ્યાર્થીઓને, તણાવમુકત, ત્યારેજ કરી શકાય, જ્યારે આપણી પાસે, ઉચ્ચ ગુણવત્તા ધરાવતી, વધુને વધુ, એ ગ્રેડની, કોલેજો હોય.",0,15.752,0,not_selected_by_random,,,,
1483,"સુખડનો પલંગ, અને, સુવાસભર્યા રૂવાળી તળાઈમાં, સૂતાવેંતજ, રાજાને, ઊંઘ આવી ગઈ.",0,12.212,0,not_selected_by_random,,,,
1484,"તમે જુઓ કે, એ, પૂર્વોત્તર ભારતમાં, અકાદામીની, ખાસ ફેલોશિપ પૂર્વક, ઘૂમે છે, તો એમાં પણ, પ્રગટ થતી આવે છે.",0,13.677,1,,gujarati_female_001484.wav,t a m a ee <wb> j a u o <wb> k a ee <wb> ee <wb> p uu r w o t t a r a <wb> bh a aa r a t a m a aa q <wb> a k aa d aa m ii n ii <wb> kh a aa s a <wb> ph ee l o sh i p a <wb> p a uu r a w a k a <wb> gh a uu m a ee <wb> ch a ee <wb> t a o <wb> ee m a aa q <wb> p a nx a <wb> p a r a g a tx a <wb> th a t a ii <wb> aa w a ee <wb> ch a ee,C32 C0 C22 C0 C11 <wb> C17 C0 C36 C26 <wb> C19 C0 C11 <wb> C11 <wb> C28 C36 C29 C37 C26 C32 C32 C0 C29 C0 <wb> C4 C0 C1 C29 C0 C32 C0 C22 C0 C1 C23 <wb> C0 C19 C1 C7 C1 C22 C16 C24 C16 <wb> C20 C0 C1 C30 C0 <wb> C12 C11 C21 C26 C31 C16 C28 C0 <wb> C28 C0 C36 C29 C0 C37 C0 C19 C0 <wb> C14 C0 C36 C22 C0 C11 <wb> C6 C0 C11 <wb> C32 C0 C26 <wb> C11 C22 C0 C1 C23 <wb> C28 C0 C25 C0 <wb> C28 C0 C29 C0 C13 C0 C34 C0 <wb> C33 C0 C32 C0 C16 <wb> C1 C37 C0 C11 <wb> C6 C0 C11,train
1485,"જ્યારે આપણે, પોતાના માટે, કે, ઘરના મેમ્બર્સ માટે, જમવાનું બનાવીએ છીએ, ત્યારે, ખુબ આંનદ થાઈ છે.",0,13.114,0,not_selected_by_random,,,,
1486,"ખલનાયકના શરાબના, પ્યાલામાં, થોડીક શરમ, બરફના ટુકડા સાથે, તરતી રહે, તોય બસ છે.",0,11.975,0,not_selected_by_random,,,,
1487,"અને, ચારેય વ્હીલને, હાઈડ્રોલીક ડ્રમ બ્રેકથી, સજ્જ કરી હતી.",0,9.472,0,not_selected_by_random,,,,
1488,"જો સડકોની ખરાબ સ્થિતિને, કારણે, અન્ય પ્રકારના, નુકસાન પર પણ, ધ્યાન કરીએ, તો, સમજી શકાય છે.",0,12.66,0,not_selected_by_random,,,,
1489,"શ્રી ઠાકોરજી, બાલ સ્વરૂપે, પારણામાં ઝૂલે છે, અને, તે અગીયારવર્ષના, કે, સોળ વર્ષના, પરમ રસિક, શિરોમણી થઈ, રાસક્રીડામાં, પણ, મગ્ન છે.",0,17.879,1,,gujarati_female_001489.wav,sh a r a ii <wb> txh aa k o r a j ii <wb> b a aa l a <wb> s a w a r a uu p a ee <wb> p aa r a nx aa m aa mq <wb> jh uu l ee <wb> ch a ee <wb> a n a ee <wb> t a ee <wb> a g ii y aa r a w a r sx a n aa <wb> k a ee <wb> s a o lx a <wb> w a r a sx a n a aa <wb> p a r a m a <wb> r a s a i k a <wb> sh i r o m a nx ii <wb> th a ii <wb> r aa s a k r ii dx aa m aa mq <wb> p a nx a <wb> m a g n a <wb> ch a ee,C31 C0 C29 C0 C16 <wb> C35 C1 C19 C26 C29 C0 C17 C16 <wb> C3 C0 C1 C21 C0 <wb> C30 C0 C37 C0 C29 C0 C36 C28 C0 C11 <wb> C28 C1 C29 C0 C25 C1 C22 C1 C23 <wb> C18 C36 C21 C11 <wb> C6 C0 C11 <wb> C0 C24 C0 C11 <wb> C32 C0 C11 <wb> C0 C13 C16 C38 C1 C29 C0 C37 C0 C29 C31 C0 C24 C1 <wb> C19 C0 C11 <wb> C30 C0 C26 C21 C0 <wb> C37 C0 C29 C0 C31 C0 C24 C0 C1 <wb> C28 C0 C29 C0 C22 C0 <wb> C29 C0 C30 C0 C16 C19 C0 <wb> C31 C16 C29 C26 C22 C0 C25 C16 <wb> C33 C0 C16 <wb> C29 C1 C30 C0 C19 C29 C16 C9 C1 C22 C1 C23 <wb> C28 C0 C25 C0 <wb> C22 C0 C13 C24 C0 <wb> C6 C0 C11,test
1490,"સાત મેના રોજ, એર ઇન્ડિયાના આશરે, ચારસો પચાસ પાઇલટ, સામુહિક રીતે, બિમારીની રજા પર ઉતરી જતાં, હડતાળનો આરંભ થયો.",0,16.705,0,not_selected_by_random,,,,
1491,"હાલોલ રોડ પર, સ્ટેડિયમ માટે, એકસો છ વીઘા જમીનને, રાજય સરકાર દ્વારા પણ, મંજૂરીની, મહોર, લગાવી દેવામાં, આવી છે.",0,15.07,1,,gujarati_female_001491.wav,h aa l o l a <wb> r a o dx a <wb> p a r a <wb> s a tx a ee dx a i y a m a <wb> m a aa tx a ee <wb> ee k a s a o <wb> ch a <wb> w a ii gh a aa <wb> j a m a ii n a n a ee <wb> r aa j a y a <wb> s a r a k a aa r a <wb> d a w a aa r a aa <wb> p a nx a <wb> m a mq j uu r ii n ii <wb> m a h o r a <wb> l a g a aa w a ii <wb> d a ee w a aa m a aa q <wb> aa w a ii <wb> ch a ee,C15 C1 C21 C26 C21 C0 <wb> C29 C0 C26 C9 C0 <wb> C28 C0 C29 C0 <wb> C30 C0 C34 C0 C11 C9 C0 C16 C38 C0 C22 C0 <wb> C22 C0 C1 C34 C0 C11 <wb> C11 C19 C0 C30 C0 C26 <wb> C6 C0 <wb> C37 C0 C16 C14 C0 C1 <wb> C17 C0 C22 C0 C16 C24 C0 C24 C0 C11 <wb> C29 C1 C17 C0 C38 C0 <wb> C30 C0 C29 C0 C19 C0 C1 C29 C0 <wb> C7 C0 C37 C0 C1 C29 C0 C1 <wb> C28 C0 C25 C0 <wb> C22 C0 C23 C17 C36 C29 C16 C24 C16 <wb> C22 C0 C15 C26 C29 C0 <wb> C21 C0 C13 C0 C1 C37 C0 C16 <wb> C7 C0 C11 C37 C0 C1 C22 C0 C1 C23 <wb> C1 C37 C0 C16 <wb> C6 C0 C11,train
1492,"જોકે, વહેલી સવારે, ધુમ્મસભર્યા માહોલમાં, ઉનાળામાં, આહલાદક ઠંડીનો, અહેસાસ, થયો હતો.",0,12.987,0,not_selected_by_random,,,,
1493,"વલણે, વ્યાસંગે, વાગ્મયે, ક્ષર અક્ષર લોકના, આ યાત્રીને માટે, જે પણ હોય, યાત્રા, અને યાત્રાજ હોય.",0,15.743,0,not_selected_by_random,,,,
1494,"ફ્‌લાવર ઓન, માછલીને, ચાઈનિઝ ફિશ તરીકે, પણ, ઓળખવામાં, આવે છે.",0,8.968,0,not_selected_by_random,,,,
1495,"જીવનની, ભૌતિકતાની દોડ, પથ્થરના ઈમલા જેવી, છે, જે, એક પછી એક, ઇંટ મેલી, અને, જડ ઈમારત બને છે.",0,15.318,0,not_selected_by_random,,,,
1496,"આ દિવેસ, પતંગ ચગાવવાનો, સામૂહિક આનંદોત્સવ, ઉજવાય છે.",0,7.555,0,not_selected_by_random,,,,
1497,"ખાખરાંનાં પાનાંને, ડીંચી તેની ઉપર, પાણી છાંટી, એની થપ્પીયોની, થપ્પીયો, કઈ આંગળીઓ કરે છે ?.",0,12.998,0,not_selected_by_random,,,,
1498,"'એનર્જી જેલ, બસ્સો મિલિમીટર પ્રવાહીમાં, પચ્ચીસ ગ્રામ, કાર્બોહાઈડ્રેટ ઓક્સિજન, શ્વાસમાં લેવાનું માપ.",0,11.192,1,,gujarati_female_001498.wav,ee n a r a j a ii <wb> j a ee l a <wb> b a s a s a o <wb> m i l i m ii tx a r a <wb> p r a w aa h ii m aa mq <wb> p a c a c a ii s a <wb> g a r a aa m a <wb> k a aa r a b a o h a aa ii dx a r a ee tx a <wb> o k a s a i j a n a <wb> sh a w a aa s a m a aa q <wb> l a ee w a aa n a u q <wb> m a aa p a,C11 C24 C0 C29 C0 C17 C0 C16 <wb> C17 C0 C11 C21 C0 <wb> C3 C0 C30 C0 C30 C0 C26 <wb> C22 C16 C21 C16 C22 C16 C34 C0 C29 C0 <wb> C28 C29 C0 C37 C1 C15 C16 C22 C1 C23 <wb> C28 C0 C5 C0 C5 C0 C16 C30 C0 <wb> C13 C0 C29 C0 C1 C22 C0 <wb> C19 C0 C1 C29 C0 C3 C0 C26 C15 C0 C1 C16 C9 C0 C29 C0 C11 C34 C0 <wb> C26 C19 C0 C30 C0 C16 C17 C0 C24 C0 <wb> C31 C0 C37 C0 C1 C30 C0 C22 C0 C1 C23 <wb> C21 C0 C11 C37 C0 C1 C24 C0 C36 C23 <wb> C22 C0 C1 C28 C0,train
1499,"દોઢડાહ્યા, વાણોતરની જેમ, તમે, તેને સત્તર વાર માપવાની ઝડપ, કરશો તો, તેથી તેની લંબાઈ, કે પોત, બદલાઈ જવાનાં નથી.",0,15.853,0,not_selected_by_random,,,,
1500,"તરણ સ્પર્ધાની, ઓપન ચૅમ્પિયનશીપ, મૂળ, અમદાવાદની, મુંબઈ સ્થિત, ગુજરાતી કિશોરી.",0,10.006,0,not_selected_by_random,,,,
1501,"ના મધૂર કલરવ સાથે, ઉત્તેજનામાં, પાંખો ફફડાવતા, સમૂહમાં, ગાયા કરે.",0,8.74,0,not_selected_by_random,,,,
1502,"ઓછા ટ્રાફિકવાળા રસ્તા ને, આંગણમાં, ડોલતું બદામનું ઝાડ.",0,7.44,0,not_selected_by_random,,,,
1503,"ભભકાદાર ગુલ મહોરનું, તો નામજ, ફલેમબોયોન્ટ છે.",0,6.805,0,not_selected_by_random,,,,
1504,"એ સિવાય, હૃદયના ધબકારા, અને, બ્લડસુગરનું લેવલ માપતાં, સાધનો, અત્યારે, ઉપલબ્ધ છે",0,10.187,0,not_selected_by_random,,,,
1505,"સાત અબજ વર્ષ પહેલાં, બે વિશાળ ગોળાઓ અથડાયા, અને, તેમાથી બ્રહ્માંડ રચાયું, એવી, બિગ બૈંગ થિયરીને, સમર્થન આપે.",0,16.267,0,not_selected_by_random,,,,
1506,"ફ્રેન્ચ સાહિત્યકાર, વોલ્ટેર, મૈત્રીને, બે આત્માનાં, લગ્ન, કહે છે.",0,8.956,0,not_selected_by_random,,,,
1507,"ખૂબ બધું ચેટિંગ કરવાનો, અને, બ્લેકબેરી પર, સતત, મેસેજિંગ કરવાનો પણ, એક સેચ્યુરેશન પોઈન્ટ, એક હદ, આવી જાય છે.",0,15.413,0,not_selected_by_random,,,,
1508,"મિથગવાણે, રેલીમાં, ઉધ્ધવ ઠાકરેએ, કોંગ્રેસ એનસીપી સરકારને, ચેતવણી, આપી હતી કે.",0,12.746,0,not_selected_by_random,,,,
1509,"એમ, હેન્સમ પંજાબી પુત્તરે, આ વરસે, જૂનમાં, ક્રિકેટ વેબસાઇટ, ક્રિક ઇન્ફોને, એક ઇન્ટરવ્યુમાં, જણાવ્યું હતું.",0,13.637,0,not_selected_by_random,,,,
1510,"ધનાઢ્‌ય બ્રાહ્મણ, સૌમીલના વિશાળ યજ્ઞ મંડળ પાસે, આ દિવ્ય વિમાનો, હમણાં ઉતરશે.",0,11.006,1,,gujarati_female_001510.wav,dh a n a aa dxh a y a <wb> b a r a aa h a m a nx a <wb> s ou m ii l a n aa <wb> w a i sh a aa lx a <wb> y a j a nj a <wb> m a q dx a lx a <wb> p a aa s a ee <wb> aa <wb> d a i w a y a <wb> w a i m a aa n a o <wb> h a m a nx a aa q <wb> u t a r a sh ee,C8 C0 C24 C0 C1 C10 C0 C38 C0 <wb> C3 C0 C29 C0 C1 C15 C0 C22 C0 C25 C0 <wb> C30 C27 C22 C16 C21 C0 C24 C1 <wb> C37 C0 C16 C31 C0 C1 C21 C0 <wb> C38 C0 C17 C0 C24 C0 <wb> C22 C0 C23 C9 C0 C21 C0 <wb> C28 C0 C1 C30 C0 C11 <wb> C1 <wb> C7 C0 C16 C37 C0 C38 C0 <wb> C37 C0 C16 C22 C0 C1 C24 C0 C26 <wb> C15 C0 C22 C0 C25 C0 C1 C23 <wb> C36 C32 C0 C29 C0 C31 C11,train
1511,"ત્રાટિકા નાટકમાં, પ્રતાપરાવ, પોતાની, નવોઢા વધૂને, તડકામાં ચાંદરણું કહીને, લઈ જાય છે.",0,12.421,0,not_selected_by_random,,,,
1512,"અન્યથા, જીવન ભાવ ઇચ્છામાં, ઓતપ્રોત, બને, બ્રહ્માજીનાં તપ દ્વારા, જે પાંચ મુખના, શિવજીનું, વર્ણન જોય.",0,14.954,1,,gujarati_female_001512.wav,a n y a th aa <wb> j a ii w a n a <wb> bh a aa w a <wb> i c ch aa m aa mq <wb> o t a p r o t a <wb> b a n a ee <wb> b a r a h a m a aa j a ii n a aa q <wb> t a p a <wb> d a w a aa r a aa <wb> j a ee <wb> p a aa q c a <wb> m u kh a n aa <wb> sh a i w a j a ii n a u q <wb> w a r a nx a n a <wb> j o y a,C0 C24 C38 C0 C33 C1 <wb> C17 C0 C16 C37 C0 C24 C0 <wb> C4 C0 C1 C37 C0 <wb> C16 C5 C6 C1 C22 C1 C23 <wb> C26 C32 C0 C28 C29 C26 C32 C0 <wb> C3 C0 C24 C0 C11 <wb> C3 C0 C29 C0 C15 C0 C22 C0 C1 C17 C0 C16 C24 C0 C1 C23 <wb> C32 C0 C28 C0 <wb> C7 C0 C37 C0 C1 C29 C0 C1 <wb> C17 C0 C11 <wb> C28 C0 C1 C23 C5 C0 <wb> C22 C36 C20 C0 C24 C1 <wb> C31 C0 C16 C37 C0 C17 C0 C16 C24 C0 C36 C23 <wb> C37 C0 C29 C0 C25 C0 C24 C0 <wb> C17 C26 C38 C0,train
1513,"જુનથી લઇને, જુલાઇની દસ મી સુધી, વેસ્ટ ઇન્ડિઝમાં, એક ટ્વેન્ટી ટ્વેન્ટી, પાંચ વન ડે, અને, ત્રણ ટેસ્ટની, શ્રેણી રમશે.",0,16.27,0,not_selected_by_random,,,,
1514,"વળી, આર્જેન્શિયા વૃક્ષ છે, વસંત ક્ષુપ, એટલે, બન્નેનાં કદ પણ, જુદાં.",0,11.07,0,not_selected_by_random,,,,
1515,"ત્યાં, ગરમ ગરમ, ગોટા આરોગી લેછે, કે, કોઈક ઢાબા ઉપર, અથવા, કાઠિયાવાડી હૉટેલમાં, બાજરીનો રોટલો, ભરથું, ખાઈ લેછે.",0,16.055,0,not_selected_by_random,,,,
1516,"પ્રાર્થના પૂરી થવા આવી, તે જ વખતે, શ્રીમતી હેરીસના, શ્વાસોચ્છ્‌વાસ, ઝડપી, બનવા લાગ્યા.",0,11.464,0,not_selected_by_random,,,,
1517,"અને, એના અજવાળે, જીવનકૂચ, આરંભાય, તો ઠોકરોનો, ભય, ઓછો છે.",0,9.567,1,,gujarati_female_001517.wav,a n a ee <wb> ee n a aa <wb> a j a w aa lx ee <wb> j ii w a n a k uu c a <wb> aa r a mq bh aa y a <wb> t a o <wb> txh o k a r o n o <wb> bh a y a <wb> o ch a o <wb> ch a ee,C0 C24 C0 C11 <wb> C11 C24 C0 C1 <wb> C0 C17 C0 C37 C1 C21 C11 <wb> C17 C16 C37 C0 C24 C0 C19 C36 C5 C0 <wb> C1 C29 C0 C23 C4 C1 C38 C0 <wb> C32 C0 C26 <wb> C35 C26 C19 C0 C29 C26 C24 C26 <wb> C4 C0 C38 C0 <wb> C26 C6 C0 C26 <wb> C6 C0 C11,train
1518,"વોલમાર્ટ ઇચ્છે છે કે, કેપીએમજી, ભારતમાં, તેના સેંકડો વેન્ડર્સ, અને, સપ્લાયર્જને ચકાસે.",0,11.54,1,,gujarati_female_001518.wav,w a o l a m a aa r a tx a <wb> i c a ch a ee <wb> ch a ee <wb> k a ee <wb> k ee p ii ee m a j ii <wb> bh a aa r a t a m a aa q <wb> t a ee n a aa <wb> s a ee q k a dx a o <wb> w ee n dx a r s a <wb> a n a ee <wb> s a p l aa y a r j a n ee <wb> c a k aa s ee,C37 C0 C26 C21 C0 C22 C0 C1 C29 C0 C34 C0 <wb> C16 C5 C0 C6 C0 C11 <wb> C6 C0 C11 <wb> C19 C0 C11 <wb> C19 C11 C28 C16 C11 C22 C0 C17 C16 <wb> C4 C0 C1 C29 C0 C32 C0 C22 C0 C1 C23 <wb> C32 C0 C11 C24 C0 C1 <wb> C30 C0 C11 C23 C19 C0 C9 C0 C26 <wb> C37 C11 C24 C9 C0 C29 C30 C0 <wb> C0 C24 C0 C11 <wb> C30 C0 C28 C21 C1 C38 C0 C29 C17 C0 C24 C11 <wb> C5 C0 C19 C1 C30 C11,train
1519,"ઉત્તરાયણના પર્વમાં, અનેક મુસ્લિમ પરિવારોમાં, મહિલાઓ, દિવસ રાત, પતંગ બનાવીને, રોજના રુપિયા, સો જેટલા, કમાઈ લે છે",0,14.86,0,not_selected_by_random,,,,
1520,"પ્રેમરસ પાને, તું મોરના પિચ્છધર, તત્વનું ટીપણું, તુચ્છ લાગે.",0,9.224,0,not_selected_by_random,,,,
1521,"રોજ એક, તાંબાનાં, અથવા, સ્ટીલનાં લોટામાં, સવારે, સાત થી દસ દરમ્યાન, ઉપરનો મંત્ર ગણી, અભિમંત્રિત જળ, ઘરમાં, છંટકાવ કરી દેવો.",0,17.375,0,not_selected_by_random,,,,
1522,"શ્રીમતી હેરીસે, પહેરેલો, વજનદાર રેશમી કોટ, તેમના શરીર પરથી, ખસીને, રેવરન્ડ, સી. એચ. સેન્ટ જ્હોન, માઇલ્ડમેનોના, ખભા પર, આવી પડ્યો હતો.",0,17.801,0,not_selected_by_random,,,,
1523,"ભારતમાં પ્રથમ વાર, બ્લાઇન્ડ ફિઝિયો થેરેપિસ્ટ, માટે, આઇએફપી, મશીન ડેવલોપ, કરવામાં આવ્યું છે.",0,12.318,0,not_selected_by_random,,,,
1524,"મેરાઉ, શીરવા, રાયણ, કોડાય, બિદડા, ખાખરની વાડીયોમાંથી, ઊતરતો ફાલ, માંડવીમાં, ઠલવાય.",0,14.55,0,not_selected_by_random,,,,
1525,"આમંત્રણપત્રનો, અર્થ જ, એવો થતો હતો, કે, થિયેટરમાં આવતાં પહેલાં, તમને, આ શરતો, મંજુર છે.",0,12.551,0,not_selected_by_random,,,,
1526,"નાળિયેરનું પાણી પણ, પૌષ્ટિક, ગણાય છે.",0,4.763,0,not_selected_by_random,,,,
1527,"આવા ગરીબ કુટુંબના, પિતાની પુત્રીનું લગ્ન, સંયોગવશાત્, એક શ્રીમંત ઘરના, યુવક સાથે, થયું હતું.",0,12.904,0,not_selected_by_random,,,,
1528,"આ સાદા, શર્કરા ગ્લુકોઝ, ફ્રુક્ટોઝ, રૃપે હોય છે.",0,6.169,0,not_selected_by_random,,,,
1529,"વિપુલ પ્રમાણમાં, તસ્વીરો, સ્મરણિકાઓ, ડોક્યુમેન્ટરી ફિલ્મો, જગત સમક્ષ, રજુ કરેલ છે.",0,10.263,1,,gujarati_female_001529.wav,w a i p a u l a <wb> p a r a m a aa nx a m a aa q <wb> t a s w ii r o <wb> s m a r a nx i k aa o <wb> dx o k y u m ee n tx a r ii <wb> ph a i l a m a o <wb> j a g a t a <wb> s a m a k a sx a <wb> r a j a u <wb> k a r a ee l a <wb> ch a ee,C37 C0 C16 C28 C0 C36 C21 C0 <wb> C28 C0 C29 C0 C22 C0 C1 C25 C0 C22 C0 C1 C23 <wb> C32 C0 C30 C37 C16 C29 C26 <wb> C30 C22 C0 C29 C0 C25 C16 C19 C1 C26 <wb> C9 C26 C19 C38 C36 C22 C11 C24 C34 C0 C29 C16 <wb> C12 C0 C16 C21 C0 C22 C0 C26 <wb> C17 C0 C13 C0 C32 C0 <wb> C30 C0 C22 C0 C19 C0 C31 C0 <wb> C29 C0 C17 C0 C36 <wb> C19 C0 C29 C0 C11 C21 C0 <wb> C6 C0 C11,train
1530,"હેસ્ટિંગ્ઝને, સોળ પોઈન્ટ પચાસ કરોડ રૂપિયા, અને, આઈરીશ ઉદયમી, સીન ઓ સલીવને, સત્યાવીસ પોઈન્ટ, પચાસ કરોડ રૂપિયા, દાનમાં આપ્યા.",0,16.77,0,not_selected_by_random,,,,
1531,"બીજે દિવસે, બૅન્કમાં જાય, અને, સેફ ડિપોઝિટ વૉલ્ટમાં, એ, કાવ્યો મૂકી યાવે.",0,9.667,0,not_selected_by_random,,,,
1532,"પણ, સાચી મૈત્રીને, લાભ નુકશાનના, ત્રાજવે, તોળવી નહીં જોઈયે.",0,7.245,1,,gujarati_female_001532.wav,p a nx a <wb> s a aa c a ii <wb> m ei t r ii n ee <wb> l a aa bh a <wb> n u k a sh aa n a n aa <wb> t r aa j a w ee <wb> t o lx a w ii <wb> n a h a ii q <wb> j a o ii y a ee,C28 C0 C25 C0 <wb> C30 C0 C1 C5 C0 C16 <wb> C22 C2 C32 C29 C16 C24 C11 <wb> C21 C0 C1 C4 C0 <wb> C24 C36 C19 C0 C31 C1 C24 C0 C24 C1 <wb> C32 C29 C1 C17 C0 C37 C11 <wb> C32 C26 C21 C0 C37 C16 <wb> C24 C0 C15 C0 C16 C23 <wb> C17 C0 C26 C16 C38 C0 C11,val
1533,"આ દરમિયાન, એક મિત્રએ, લેસનને, વીડિયો તરીકે, રેકોર્ડ કરી, યુટ્યૂબ પર, અપલોડ કરવાનું, સૂચન કર્યું.",0,12.822,0,not_selected_by_random,,,,
1534,"અમેરિકાના, હૅનોક, મૅકકાર્ટી, ત્યાંના લોકોને, જીવનમાં, પ્રેરણા આપે, તેવી વાતો, કહે છે.",0,10.913,1,,gujarati_female_001534.wav,a m a ee r a i k a aa n a aa <wb> h ae n o k a <wb> m ae k a k aa r tx ii <wb> t y aa mq n aa <wb> l a o k a o n a ee <wb> j a ii w a n a m a aa q <wb> p a r a ee r a nx a aa <wb> aa p a ee <wb> t a ee w a ii <wb> w a aa t a o <wb> k a h a ee <wb> ch a ee,C0 C22 C0 C11 C29 C0 C16 C19 C0 C1 C24 C0 C1 <wb> C15 C2 C24 C26 C19 C0 <wb> C22 C2 C19 C0 C19 C1 C29 C34 C16 <wb> C32 C38 C1 C23 C24 C1 <wb> C21 C0 C26 C19 C0 C26 C24 C0 C11 <wb> C17 C0 C16 C37 C0 C24 C0 C22 C0 C1 C23 <wb> C28 C0 C29 C0 C11 C29 C0 C25 C0 C1 <wb> C1 C28 C0 C11 <wb> C32 C0 C11 C37 C0 C16 <wb> C37 C0 C1 C32 C0 C26 <wb> C19 C0 C15 C0 C11 <wb> C6 C0 C11,train
1535,"ધોરણ અગ્યાર ના, પુસ્તકમાં, ડોકટર નીલેશ વૈષ્ણવ, લખે છે.",0,7.312,0,not_selected_by_random,,,,
1536,"ગણિત ગંભીરતાથી નહીં, પણ, રમૂજ અને હળવાશથી શીખી શકાય છે, તેઉ તેમની, શૈલીમાંથી, પ્રતિપાદિત, થતું હતું.",0,15.126,0,not_selected_by_random,,,,
1537,"શરદ પૂર્ણિમાનો ચાંદ, નભમાં, એકલો જ હોય, ત્યારે, વાદળ હોતા નથી.",0,8.512,0,not_selected_by_random,,,,
1538,"ભારતભૂષણ, મહાપંડિત, ઈન્દ્રભૂતિ ગૌતમ, પાંસો શિષ્યો સાથે, અપાયા નગરીમાં, પહોંચ્યા.",0,11.41,0,not_selected_by_random,,,,
1539,"બીજી તરફ, નાસાના જિયોલોજિસ્ટ, એરિક રિગનોટે પણ, હિમશિલા તૂટવાની ઘટનાને, ગંભીર ગણાવી છે.",0,13.072,0,not_selected_by_random,,,,
1540,"તેના મોટાભાગના નમૂના, દક્ષિણ જર્મનીમાં, વાવેરિયામાં, સોલ્હનારૃપ, ચૂનાના પથ્થરોમાં, મળી આવ્યા છે.",0,13.49,0,not_selected_by_random,,,,
1541,"સાંજે, હાટ વધાવીને, શેઠ, ઉદાસ મોંએ, ઘેહેર પોંચ્યા.",0,7.757,0,not_selected_by_random,,,,
1542,"છ ગ્રામ, કાર્બ ગુણ્યા, પાઉન્ડમાં, શરીરનું વજન બરાબર, રોજના ગ્રામ, કાર્બ ગણાય.",0,9.288,1,,gujarati_female_001542.wav,ch a <wb> g a r a aa m a <wb> k aa r b a <wb> g u nx y aa <wb> p aa u n dx a m aa mq <wb> sh a r a ii r a n a u q <wb> w a j a n a <wb> b a r a aa b a r a <wb> r a o j a n a aa <wb> g a r a aa m a <wb> k aa r b a <wb> g a nx a aa y a,C6 C0 <wb> C13 C0 C29 C0 C1 C22 C0 <wb> C19 C1 C29 C3 C0 <wb> C13 C36 C25 C38 C1 <wb> C28 C1 C36 C24 C9 C0 C22 C1 C23 <wb> C31 C0 C29 C0 C16 C29 C0 C24 C0 C36 C23 <wb> C37 C0 C17 C0 C24 C0 <wb> C3 C0 C29 C0 C1 C3 C0 C29 C0 <wb> C29 C0 C26 C17 C0 C24 C0 C1 <wb> C13 C0 C29 C0 C1 C22 C0 <wb> C19 C1 C29 C3 C0 <wb> C13 C0 C25 C0 C1 C38 C0,train
1543,"વસંત, આવતાં જ, એ બધાં, મન્મથના શસ્ત્રસજ્જ, સેનાનાયકોમાં, પરિવર્તિત, થાય છે.",0,11.222,0,not_selected_by_random,,,,
1544,"એનું આવખુંઇ શરીર, પરસેવાથી, રેબછેબ, થઈ ગયું હતું.",0,7.942,0,not_selected_by_random,,,,
1545,"બારી પર, બેહેન પણીયો સાથે, ગુસપુસ, બારી પર નાસ્તો, અને, કદીક, બારી પર ટૂંટિયું વાળી, સૂઈ પણ જવું.",0,13.637,0,not_selected_by_random,,,,
1546,"માર્કેટમાં, સેલ્ફ હેલ્પ, અને, મોટિવેશનની, ચોપડીયોનું વેચાણ થવું, એ પણ, એક લાલબત્તીજ છે.",0,12.034,0,not_selected_by_random,,,,
1547,"ખરેખરતો, આ મશીન, સાત ટ્રીલીયન વોલ્ટની, શક્તિ ધરાવતા, પ્રોટોનના, બે બીમને, અથડાવવા માટે, કરવામાં, આવ્યો હતો.",0,15.04,0,not_selected_by_random,,,,
1548,"પૃથ્વીની અંદર, સર્વ, ચૈતન્યશીલતાને, પાંચતત્વ, આકાશ, જલ, વાયુ, ગંધ, પૃથ્વીનું, નિયમન કરી.",0,14.67,0,not_selected_by_random,,,,
1549,"ભારતને, જ્યારે આઝાદી પ્રાપ્ત થઈ, ત્યારે, દેશની, જળવિતરણની વ્યવસ્થા, સંપૂર્ણ પણે, પ્રજાના, અંકુશ હેઠળ હતી.",0,14.398,0,not_selected_by_random,,,,
1550,"ઠંડા પાણીનાં વિરાટ મોજાં, સ્પર્ધકોને, પળવારમાં, ફંગોળી દેતા, છતાં, અવનિ, જીતી ગઈ હતી.",0,11.614,0,not_selected_by_random,,,,
1551,"અરે!, અરે!, પેલો ન્યાતમાં, જમવા જતી વેળા, લઈ જવાતો, પિત્તળનો, પેચવાળો લોટો.",0,10.165,0,not_selected_by_random,,,,
1552,"બોધ:, ખાટી અને મીઠ્ઠી દ્રાક્ષની વચ્ચે, માત્ર, એક બુદ્ધિપૂર્વકના, કૂદકાનું, અંતર હોય છે.",0,11.636,0,not_selected_by_random,,,,
1554,"શિયાળે, વરુ સામે, આંખ મીંચકારતાં કહ્યું, દ્રાક્ષ તો, ખરેખર, મીઠ્ઠી છે હોં.",0,9.617,0,not_selected_by_random,,,,
1555,"પરમ કૃપાળુ, શ્રીકૃષ્ણના, શરણે, મન, વચન, અને, કર્મથી જવું, એ જ નિશ્ચય, સિઘ્ધાંત છે.",0,13.062,0,not_selected_by_random,,,,
1556,"કમિશનરે, જાતેજ કહ્યું કે, શહેરને, સ્વચ્છ અને, જાહેર આરોગ્ય માટે, નાગરિકોમાં જાગૃતિ આણવામાં, તેઓ, મહદઅંશે, સફળ થયા છે.",0,16.56,0,not_selected_by_random,,,,
1557,"આ દિવસે, પતંગ ચગાવવાનો, સામૂહિક આનંદોત્સવ, ઉજવાય છે.",0,7.674,0,not_selected_by_random,,,,
1558,"આ ઋતુમાં, ત્યાં, લીલો રંગજ, જોવા ન મળે; માત્ર, ગુલાબી, શ્વેત, ફૂલોથી વૃક્ષ લદાઈ જાય.",0,12.061,0,not_selected_by_random,,,,
1559,"પરંતુ, આ પરાવ્રત થઇને, આવતા રડાર તરંગોની, તીવ્રતા ઘટી ગએલી હોય, તો, આગંતુક વિમાન, બહુ નજીક આવે, ત્યારેજ તેની, જાણ મળે છે.",0,18.024,0,not_selected_by_random,,,,
1560,"સ્ટાર્ચ, કાંજી, અને ફાઈબર રેષા, પણ, સંકીર્ણ, કાર્બોહાઈડ્રેટ, ગણાય છે.",0,9.182,0,not_selected_by_random,,,,
1561,"અઢાર્સો છવ્વીસ માં, સ્વામીનારાએણ મંદિરનું, ખાતમૂહુરત, થયું.",0,7.225,0,not_selected_by_random,,,,
1562,"એટલું જાણું જ માત્ર, બસ નથી, પણ, કંચનને સંઘરતા, અને, કથીર થી, છેટા રહેતાંએ, આવડવું જોઈયે.",0,12.768,0,not_selected_by_random,,,,
1563,"મખમલનાં જીવડાં, જમીનમાંથી પેદા થઈ, પોતાની લાલ રંગની, બેવડી શોભા, દેખાડીને, લુપ્ત, થઈ જાય છે.",0,13.39,0,not_selected_by_random,,,,
1564,"જો હું અહીંથી જઈશ, તો, કેટલાય રોગીયોને, કષ્ટ પહોંચશે.",0,6.9,0,not_selected_by_random,,,,
1565,"ફોર્મ, અને, મેચ પ્રેકટિસ જોતાં, શ્રીસંત, વધુ ફેવરિટ હતો.",0,7.37,0,not_selected_by_random,,,,
1566,"સ્વચ્છતા સચવાય, એ તો, પ્રત્યેક નાગરિકની, ફરજનો, ભાગ છે.",0,7.907,0,not_selected_by_random,,,,
1567,"ઘણા કહેતા સંભળાય કે, વટ પડ્યો, વડોદરે, ટેસ પડ્યો, ટેશને, પણ, પોતાનું પાદર, તે પોતાનું.",0,12.337,0,not_selected_by_random,,,,
1568,"મહારાજ યુધિષ્ટિર, આર્યે, સૂર્ય પાસેથી, અક્ષયપાત્ર, મેળવ્યું હતું.",0,8.506,0,not_selected_by_random,,,,
1569,"આ પ્રોજેક્ટની, કાર્યશૈલી સમજીએ, તો, યુઆઇડીએઆઈએ, મોટી સંખ્યામાં, રજિસ્ટ્રાર્ઝની, નિમણુંક કરી છે.",0,14.174,0,not_selected_by_random,,,,
1570,"અમરેલીમાં, છેલ્લાં ત્રણ દિવસથી, ગરમીનું પ્રમાણ, ઓગણ ચાલીસ ડીગ્રી, રહ્યું હતું, ત્યારે, આજે ધુમ્મસને કારણે, ઠંડી અનુભવાઇ હતી.",0,15.731,0,not_selected_by_random,,,,
1571,"કુંભાણી ધ્વારા, પોલીસ બંદોબસ્ત, ગોઠવવામાં, આવ્યો હતો.",0,6.601,0,not_selected_by_random,,,,
1572,"જ્યારે, ગતિમાન પાણી, ઉષ્માવહન કરવામાં, શ્રેષ્ઠ છે, કારણ કે, તે ઉષ્મીય ઉર્જાનાં સ્થળાંતર માટે, શ્રેષ્ઠ માધ્યમ છે.",0,14.995,0,not_selected_by_random,,,,
1573,"પીળી ધમરક ચૂંદડીઓ, ઓઢેલી હતી, અને, સોળ શણગારથી, સજેલી હતી.",0,8.034,1,,gujarati_female_001573.wav,p ii lx ii <wb> dh a m a r a k a <wb> c uu mq d a dx ii o <wb> o dxh ee l ii <wb> h a t a ii <wb> a n a ee <wb> s a o lx a <wb> sh a nx a g aa r a th ii <wb> s a j ee l ii <wb> h a t a ii,C28 C16 C21 C16 <wb> C8 C0 C22 C0 C29 C0 C19 C0 <wb> C5 C36 C23 C7 C0 C9 C16 C26 <wb> C26 C10 C11 C21 C16 <wb> C15 C0 C32 C0 C16 <wb> C0 C24 C0 C11 <wb> C30 C0 C26 C21 C0 <wb> C31 C0 C25 C0 C13 C1 C29 C0 C33 C16 <wb> C30 C0 C17 C11 C21 C16 <wb> C15 C0 C32 C0 C16,train
1574,"હિંદુ મુસ્લિમ, ઐક્ય થઈને, ગાએ, સવ ગુણગાન.",0,5.085,1,,gujarati_female_001574.wav,h a i q d a u <wb> m a u s a l a i m a <wb> ei k y a <wb> th a ii n a ee <wb> g aa ee <wb> s a w a <wb> g u nx a g aa n a,C15 C0 C16 C23 C7 C0 C36 <wb> C22 C0 C36 C30 C0 C21 C0 C16 C22 C0 <wb> C2 C19 C38 C0 <wb> C33 C0 C16 C24 C0 C11 <wb> C13 C1 C11 <wb> C30 C0 C37 C0 <wb> C13 C36 C25 C0 C13 C1 C24 C0,train
1575,"સત્યાવિસ મી જુલાઈએ, લંડનમાં શરૃ થનારી, સુપ્રસિધ્ધ, ઓલિમ્પિક રમતોત્સવની, તૈયારીયો લગભગ, પૂરી થઈ ગઈ છે.",0,13.65,0,not_selected_by_random,,,,
1576,"અહીં, શ્રઘ્ધાનો વિષય એવો છે કે, ધગધકતા હોળીના અંગારા ઉપર, ખુલ્લા પગે, સ્ત્રીઓ, અને, પુરૂષો દોડે છે.",0,13.606,0,not_selected_by_random,,,,
1577,"મુંબઈની ગુજરાતી કિશોરી, અવનિ દવેએ, અમેરિકાની સ્વિમિંગ ચૅમ્પિયનશીપ, જીતી.",0,9.182,0,not_selected_by_random,,,,
1578,"જેમ ધોનીની કેપ્ટનસી હેઠળ, વર્લ્ડકપ જીતીને, ક્રિકેટરોએ, તેમનું, આખરી સ્વપ્ન, સિદ્ધ કર્યું.",0,11.018,0,not_selected_by_random,,,,
1579,"સરકારે, ખાંડ મિલોને, જુલાઈથી સપ્ટેમ્બરના ગાળામાં, સ્થાનિક બજારમાં, પિસ્તાલિસ લાખ ટન, ખાંડના વેચાણની, મંજૂરી આપી છે.",0,15.379,0,not_selected_by_random,,,,
1580,"બ્લ્યૂ લાઈટ શરીરમાં, મેલાટોનિન, ના ઉત્પાદન, અટકાવે છે.",0,7.317,0,not_selected_by_random,,,,
1581,"તે, એર ટાઈટ, અને ખૂબ જ જાડા, કોન્ક્રીટ અને, લોખંની, બનેલ હોય છે.",0,9.393,0,not_selected_by_random,,,,
1582,"સેમિનારમાં, પ્લાસ્ટિક સર્જરી, અને, પોતાની છબીનું, પુન્હ નિર્માણ જેવા, રસપ્રદ વિષયો, સામેલ છે.",0,12.393,0,not_selected_by_random,,,,
1583,"ઘણીવાર તે કહે, મેં, દસ વર્ષથી, આઈસ્ક્રીમ, ચાખ્યો જ નથી.",0,7.059,1,,gujarati_female_001583.wav,gh a nx a ii w a aa r a <wb> t a ee <wb> k a h a ee <wb> m a ee q <wb> d a s a <wb> w a r a sx a th a ii <wb> aa ii s k r ii m a <wb> c aa kh y o <wb> j a <wb> n a th a ii,C14 C0 C25 C0 C16 C37 C0 C1 C29 C0 <wb> C32 C0 C11 <wb> C19 C0 C15 C0 C11 <wb> C22 C0 C11 C23 <wb> C7 C0 C30 C0 <wb> C37 C0 C29 C0 C31 C0 C33 C0 C16 <wb> C1 C16 C30 C19 C29 C16 C22 C0 <wb> C5 C1 C20 C38 C26 <wb> C17 C0 <wb> C24 C0 C33 C0 C16,train
1584,"એમેઝોન વિસ્તારમાં, સપાટીથી ઊંડે, પાણીના પ્રવાહ પ્હોંચી શકાય, તેટલી, ઉંડાઇએ છે.",0,10.13,0,not_selected_by_random,,,,
1585,"દ્રઢ વિશ્વાસથીજ, પ્રભુ પ્રાપ્તિ થાય, અને, તો જ, સાચું સુખ મળે",0,9.01,0,not_selected_by_random,,,,
1586,"હવે, બીજું કશું નથી, પણ, આપણો ડાયમંડ પ્લેનેટ, એટલે, હિરાનો ગ્રહ છે.",0,9.689,0,not_selected_by_random,,,,
1587,"નીલકંઠ નામની મહિમા, વચનોમાં કટુતાથી બચાવે, તથા, ધૈર્ય અને સંયમની, શીખ આપે છે.",0,12.576,0,not_selected_by_random,,,,
1588,"મન્મથનાં, એટલે કે, કામદેવના, પંચાસ્ત્રોમાંથી એક, આમ્રમંજરીનું હતું, એવું વાંચ્યું હતું.",0,11.847,0,not_selected_by_random,,,,
1589,"યુવીના ડાબા ફેફસામાં, ગાંઠ, ટયૂમર છે, એવિ, છવીસ નવેમ્બરે કરાયેલી, ચોકાવનારી જાહેરાતે, આ ક્રિકેટ ઘેલા રાષ્ટ્રમાં, ચિંતાનું મોટું મોજુ, ફેલાવી દીધું છે",0,19.931,0,not_selected_by_random,,,,
1590,"પણ, એ પ્યારી કિમ્તી વસ્તુ કઈ?, રાણી?, છોકરાં?, રાજ્ય?, ધન ભરેલી તિજોરી?, રાજાએ વિચાર કરવા માંડ્યો.",0,13.63,1,,gujarati_female_001590.wav,p a nx a <wb> ee <wb> p y aa r ii <wb> k i m t ii <wb> w a s a t a u <wb> k a ii <wb> r aa nx ii <wb> ch a o k a r a aa q <wb> r a aa j a y a <wb> dh a n a <wb> bh a r a ee l a ii <wb> t i j o r ii <wb> r a aa j a aa ee <wb> w a i c a aa r a <wb> k a r a w a aa <wb> m a aa q dx a y a o,C28 C0 C25 C0 <wb> C11 <wb> C28 C38 C1 C29 C16 <wb> C19 C16 C22 C32 C16 <wb> C37 C0 C30 C0 C32 C0 C36 <wb> C19 C0 C16 <wb> C29 C1 C25 C16 <wb> C6 C0 C26 C19 C0 C29 C0 C1 C23 <wb> C29 C0 C1 C17 C0 C38 C0 <wb> C8 C0 C24 C0 <wb> C4 C0 C29 C0 C11 C21 C0 C16 <wb> C32 C16 C17 C26 C29 C16 <wb> C29 C0 C1 C17 C0 C1 C11 <wb> C37 C0 C16 C5 C0 C1 C29 C0 <wb> C19 C0 C29 C0 C37 C0 C1 <wb> C22 C0 C1 C23 C9 C0 C38 C0 C26,train
1591,"અને પછી, જોઈએ તો, ફૂટેલા ઈંડામાંથી, પીળી રૂંવાટીવાળાં, નાનાં બચ્ચાં, ચાંચ પહોળી કરતાં, હોય.",0,13.6,0,not_selected_by_random,,,,
1592,"વડાપ્રધાને, યૂરોઝોનની મદદ માટે, બનેલા, ચારસો તીસ અબજ ડોલરના, ફંડમાં, ભારત તરફથી.",0,11.912,1,,gujarati_female_001592.wav,w a dx aa p r a dh aa n ee <wb> y uu r o jh o n a n ii <wb> m a d a d a <wb> m a aa tx a ee <wb> b a n a ee l a aa <wb> c a aa r a s a o <wb> t ii s a <wb> a b a j a <wb> dx a o l a r a n a aa <wb> ph a mq dx a m aa mq <wb> bh a aa r a t a <wb> t a r a ph a th a ii,C37 C0 C9 C1 C28 C29 C0 C8 C1 C24 C11 <wb> C38 C36 C29 C26 C18 C26 C24 C0 C24 C16 <wb> C22 C0 C7 C0 C7 C0 <wb> C22 C0 C1 C34 C0 C11 <wb> C3 C0 C24 C0 C11 C21 C0 C1 <wb> C5 C0 C1 C29 C0 C30 C0 C26 <wb> C32 C16 C30 C0 <wb> C0 C3 C0 C17 C0 <wb> C9 C0 C26 C21 C0 C29 C0 C24 C0 C1 <wb> C12 C0 C23 C9 C0 C22 C1 C23 <wb> C4 C0 C1 C29 C0 C32 C0 <wb> C32 C0 C29 C0 C12 C0 C33 C0 C16,train
1593,"ગંગામાં ડૂબકી મારો, પવિત્ર થાવ, અને, પાછાં પાપ કરવાના, શરૂ કરો !.",0,8.858,0,not_selected_by_random,,,,
1594,"હું એમને, પ્રણામ કરીને, અહીંથી, બીજે ક્યાંક જતો રહીશ.",0,6.552,0,not_selected_by_random,,,,
1595,"માનવી મોક્ષ માટે ઝંખે કે, ઈચ્છારહિત થવા મથે, એ, ઈચ્છવાયોગ્ય, હોવા છતાં હંમેશાં સંભવ નથી.",0,13.045,0,not_selected_by_random,,,,
1596,"આગળના ભાગમાં, વિન્ડ સ્ક્રીન, એટલો વિશાળ છે કે, મુસાફર, આસાનીથી, પેનોરામીક વ્યુહની, મજા માણી શકે.",0,12.866,0,not_selected_by_random,,,,
1597,"એક વ્યવસ્થિત પ્રચાર ઝુંબેશનું નેટવર્ક, એટલે, ચમત્કારો એમ સમજવું જોઈએ.",0,8.901,0,not_selected_by_random,,,,
1598,"નજીક પોતાના કુટુંબ, અને, અન્યો સાથે, અજ્ઞાતવાસ, સેવતા.",0,8.284,0,not_selected_by_random,,,,
1599,"છેક અઢાર્સો પચાસ માં, બ્રિટિશ ગવર્મેન્ટે, ભારતમાં કેગની સંસ્થા તરીકે, સ્થાપના કરી હતી.",0,11.322,0,not_selected_by_random,,,,
1600,"પણ, હું ભગવાનનો, ઠાઠ કરીને, નીકળું તો, કોઈ ગુંડો, મને લૂંટી લે, અને મારી નાખે.",0,11.041,0,not_selected_by_random,,,,
1601,"બ્રાઝીલની રાષ્ટ્રીય વેધ શાળા, નેશનલ ઓબઝર્વેટરી, માને છે કે, આ ભૂગર્ભ નદી, એમેઝોન નદીની નીચે, છ હજાર કિલોમીટર, લાંબી છે.",0,16.86,0,not_selected_by_random,,,,
1602,"ભારતે આ પહેલાં, પાકિસ્તાનની, સિયાલકોટ ટીમને, ચેમ્પિયન્સ લીગમાં, રમવા, આમંત્રણ આપયું.",0,11.64,0,not_selected_by_random,,,,
1603,"આ ભૂજાઓ, સૃષ્ટિના સઉહારક, દેવ, ભગવાન આસુતોષના, શિવનાં, ત્રિશુલ સરખી, દેખાડવામાં, આવે છે.",0,12.447,0,not_selected_by_random,,,,
1604,"અમથો અમથો, વેબવિહાર કરતો હતો, ત્યાં ઇંગ્લેન્ડના સુપ્રતિષ્ઠ, ઉદારમતવાદી પત્ર, ગાર્ડિયન નો, મોં, મેળો થઈ ગયો.",0,14.872,0,not_selected_by_random,,,,
1605,"તેના લીધે, તેની ધીમી સ્તંભી ઝડપ હશે, અને, વળાંકની ત્રિજયા, મર્યાદિત હશે.",0,10.588,1,,gujarati_female_001605.wav,t a ee n a aa <wb> l a ii dh a ee <wb> t a ee n a ii <wb> dh a ii m a ii <wb> s t a mq bh ii <wb> jh a dx a p a <wb> h a sh a ee <wb> a n a ee <wb> w a lx a aa q k a n a ii <wb> t r i j a y aa <wb> m a r a y a aa d a i t a <wb> h a sh a ee,C32 C0 C11 C24 C0 C1 <wb> C21 C0 C16 C8 C0 C11 <wb> C32 C0 C11 C24 C0 C16 <wb> C8 C0 C16 C22 C0 C16 <wb> C30 C32 C0 C23 C4 C16 <wb> C18 C0 C9 C0 C28 C0 <wb> C15 C0 C31 C0 C11 <wb> C0 C24 C0 C11 <wb> C37 C0 C21 C0 C1 C23 C19 C0 C24 C0 C16 <wb> C32 C29 C16 C17 C0 C38 C1 <wb> C22 C0 C29 C0 C38 C0 C1 C7 C0 C16 C32 C0 <wb> C15 C0 C31 C0 C11,train
1606,"હિંદુ ધર્મમાં, પવિત્ર મનાતા પીપળાને, કાપવાને બદલે, તેટલા ભાગનો રસ્તો, ઊંડો ઉતરાવી દીધો.",0,12.039,0,not_selected_by_random,,,,
1607,"પછી, આ વસતિથી, વેગળો રહીને, વર્ષમાં થોડાકજ દિવસોને, મધુમયતાથી, મદીર કરી જતો, મહુડો, એમની કલમને, ઓછો જડે, એ, સહજ છે.",0,17.973,0,not_selected_by_random,,,,
1608,"મનુ બ્રહ્મર્ષિનાં વંશજો, લોહ સંહિતના, અધિપતિ છે, તેના વંશજો, લુહાર થી, ઓળખાય છે.",0,10.937,1,,gujarati_female_001608.wav,m a n a u <wb> b r a h m a r sx i n aa mq <wb> w a q sh a j a o <wb> l a o h a <wb> s a mq h i t a n aa <wb> a dh a i p a t a i <wb> ch a ee <wb> t a ee n a aa <wb> w a q sh a j a o <wb> l a u h a aa r a <wb> th a ii <wb> o lx a kh a aa y a <wb> ch a ee,C22 C0 C24 C0 C36 <wb> C3 C29 C0 C15 C22 C0 C29 C31 C16 C24 C1 C23 <wb> C37 C0 C23 C31 C0 C17 C0 C26 <wb> C21 C0 C26 C15 C0 <wb> C30 C0 C23 C15 C16 C32 C0 C24 C1 <wb> C0 C8 C0 C16 C28 C0 C32 C0 C16 <wb> C6 C0 C11 <wb> C32 C0 C11 C24 C0 C1 <wb> C37 C0 C23 C31 C0 C17 C0 C26 <wb> C21 C0 C36 C15 C0 C1 C29 C0 <wb> C33 C0 C16 <wb> C26 C21 C0 C20 C0 C1 C38 C0 <wb> C6 C0 C11,train
1609,"શ્રીરામ, શ્રીકૃષ્ણ, બ્રહ્મ મુહૂર્તના સમયે, મંદિર જાયે, તો, બ્રહ્મ મુહુર્તનાં, દર્શન કલ્યાણ, કરતાં હોય છે.",0,13.32,0,not_selected_by_random,,,,
1610,"એમણે શાપનું નિવારણ કરતાં કહ્યું કે, વિક્રમસેન રાજા, તારા પ્રાણ લેશે, ત્યારે, તું એમાંથી છૂટીશ.",0,12.361,0,not_selected_by_random,,,,
1611,"ત્યાં, આઈસોબ્યુટેનોલ ઉત્પન્ન કરતાં, જનીનને, ગોઠવી દીધો.",0,7.667,0,not_selected_by_random,,,,
1612,"આ અલૌકિક, અને, અદ્‌ભુત હિરાના જગત, ગ્રહ ના, અછડતી વાત થઈ.",0,8.684,0,not_selected_by_random,,,,
1613,"આવી અનેક પેનલોને, મોટા વિસ્તાર પર પાથરી, સૌર વિદ્યુત ઊર્જા મથકમાં, મોટા પ્રમાણમાં, વિદ્યુત ઊર્જા, ઉત્પન્ન કરવામાં, આવે છે.",0,15.882,0,not_selected_by_random,,,,
1614,"ચેક્રોવોલુ સ્વુરો, અને, બોમ્બાલ્યા દેવી, અન્ય મહિલા તિરંદાજો છે.",0,9.019,0,not_selected_by_random,,,,
1615,"રામનવમી, કૃષ્ણ જન્માષ્ઠમી, એકાદશી વ્રત કરવાનો, અધિકાર છે.",0,7.755,1,,gujarati_female_001615.wav,r aa m a n a w a m ii <wb> k a sx a nx a <wb> j a n m aa sx txh a m ii <wb> ee k aa d a sh ii <wb> w a r a t a <wb> k a r a w a aa n a o <wb> a dh a i k a aa r a <wb> ch a ee,C29 C1 C22 C0 C24 C0 C37 C0 C22 C16 <wb> C19 C0 C31 C0 C25 C0 <wb> C17 C0 C24 C22 C1 C31 C35 C0 C22 C16 <wb> C11 C19 C1 C7 C0 C31 C16 <wb> C37 C0 C29 C0 C32 C0 <wb> C19 C0 C29 C0 C37 C0 C1 C24 C0 C26 <wb> C0 C8 C0 C16 C19 C0 C1 C29 C0 <wb> C6 C0 C11,train
1616,"રોદ્રી, જીવનની વૃત્તિ, રૂદ્ર સ્વરૂપ સાથે, કાલચક્ર, કર્મનું, બાંધે છે.",0,9.663,0,not_selected_by_random,,,,
1617,"શબ્દ મર્મને સ્પર્શે, શબ્દ ઑગાળી નાખે, શબ્દ વીંધી નાખે, આ અભિવ્યક્તિનું, વૈવિધ્ય, ક્યાંથી આવે છે ?.",0,13.23,0,not_selected_by_random,,,,
1618,"રૂધિરના સર્વ વ્યાપક સ્વરૂપ સાથે, ઇન્દ્રિયની માયા, બીંબની સાથે, કર્મ, એક કર્યા.",0,10.863,0,not_selected_by_random,,,,
1619,"દોરડાનો છેડો, મેં, લીમડાનાં થડમાં બાંધીને, મેં, વાઘને કહ્યું, તું, અહીંઅજ બેસ !.",0,11.322,0,not_selected_by_random,,,,
1620,"ચિદાનંમ રૂપ, શિવોહમઃ, શિવોહમઃ.",0,4.514,0,not_selected_by_random,,,,
1621,"દેરીની નજીક, નીલગીરી, લીમડો, ને, પીપળાની ગોળ ફરતી, વાડ છે.",0,9.42,0,not_selected_by_random,,,,
1622,"તેનો અર્થ એ થાય કે, ત્યાંથી નીકળેલા પ્રકાશને, પૃથ્વી સુધી પ્હોંચતા, છસ્સો ચાલીસ વર્ષ, લાગે છે.",0,12.236,0,not_selected_by_random,,,,
1623,"જેમણે જ્યોફ બોયકોટની, વિકેટ ઝડપી હતી.",0,5.934,0,not_selected_by_random,,,,
1624,"યુસુફ પઠાણે, ફરી એક વખત, બાજી સંભાળવાની, કોશીશ કરતાં, અશ્વિન સાથે, નવમી વિકેટની, ભાગીદારીમાં, ઓગન પચાસ રન, જોડયા હતા.",0,16.9,0,not_selected_by_random,,,,
1625,"ધીમે ધીમે, એનું પૂછડું, ઝાડની, બખોલમાં ગયું.",0,6.781,0,not_selected_by_random,,,,
1626,"ત્યાં, શૂન્ય અંશ સેલ્સિયસ એટલે, બરફના તાપમાનથી પણ, ખૂબ નીચું તાપમાન, જાય છે.",0,11.146,1,,gujarati_female_001626.wav,t a y a aa q <wb> sh a uu n a y a <wb> a q sh a <wb> s a ee l a s a i y a s a <wb> ee tx a l a ee <wb> b a r a ph a n aa <wb> t aa p a m aa n a th ii <wb> p a nx a <wb> kh a uu b a <wb> n a ii c a u q <wb> t a aa p a m a aa n a <wb> j a aa y a <wb> ch a ee,C32 C0 C38 C0 C1 C23 <wb> C31 C0 C36 C24 C0 C38 C0 <wb> C0 C23 C31 C0 <wb> C30 C0 C11 C21 C0 C30 C0 C16 C38 C0 C30 C0 <wb> C11 C34 C0 C21 C0 C11 <wb> C3 C0 C29 C0 C12 C0 C24 C1 <wb> C32 C1 C28 C0 C22 C1 C24 C0 C33 C16 <wb> C28 C0 C25 C0 <wb> C20 C0 C36 C3 C0 <wb> C24 C0 C16 C5 C0 C36 C23 <wb> C32 C0 C1 C28 C0 C22 C0 C1 C24 C0 <wb> C17 C0 C1 C38 C0 <wb> C6 C0 C11,train
1627,"ભીખ માગી, ટાંટિયા તોડ કરવી?, હું પણ, કોઈક જગાએ, બેસી જઈશ.",0,8.983,0,not_selected_by_random,,,,
1628,"આ ઉપરાંત, આનંદનગર સેક્ટર સત્યાવિસ ખાતે, દિવ્ય જીવન, સંઘ દ્વારા, સમુહમંત્ર જાપ, કરવામાં આવ્યા હતા.",0,12.608,1,,gujarati_female_001628.wav,aa <wb> u p a r a aa q t a <wb> aa n a mq d a n a g a r a <wb> s a ee k a tx a r a <wb> s a t y aa w i s a <wb> kh a aa t a ee <wb> d a i w a y a <wb> j a ii w a n a <wb> s a q gh a <wb> d a w a aa r a aa <wb> s a m u h a m a mq t r a <wb> j aa p a <wb> k a r a w a aa m a aa q <wb> aa w a y a aa <wb> h a t a aa,C1 <wb> C36 C28 C0 C29 C0 C1 C23 C32 C0 <wb> C1 C24 C0 C23 C7 C0 C24 C0 C13 C0 C29 C0 <wb> C30 C0 C11 C19 C0 C34 C0 C29 C0 <wb> C30 C0 C32 C38 C1 C37 C16 C30 C0 <wb> C20 C0 C1 C32 C0 C11 <wb> C7 C0 C16 C37 C0 C38 C0 <wb> C17 C0 C16 C37 C0 C24 C0 <wb> C30 C0 C23 C14 C0 <wb> C7 C0 C37 C0 C1 C29 C0 C1 <wb> C30 C0 C22 C36 C15 C0 C22 C0 C23 C32 C29 C0 <wb> C17 C1 C28 C0 <wb> C19 C0 C29 C0 C37 C0 C1 C22 C0 C1 C23 <wb> C1 C37 C0 C38 C0 C1 <wb> C15 C0 C32 C0 C1,train
1629,"વાસણના બાવીસ મળી, સુડતાલીસ રૂપિયા, પુરા રોકડા આપો.",0,7.759,0,not_selected_by_random,,,,
1630,"તે માટે, અગાઉથીજ અહીંથી, બેંકોક રોબોટ મોકલી દેવામાં, આવ્યો છે.",0,8.93,0,not_selected_by_random,,,,
1631,"કોઈના ઘરે, બેસવા જઈયે તો, લોકો આપણને, ગોળ ખવડાવી, મોઢું મીઠું, કરાવડાવતા હતા.",0,12.069,0,not_selected_by_random,,,,
1632,"વરુની પીઠ પર, ઊભા ઊભા, તેણે, દ્રાક્ષનું, એક ઝૂમખું તોડ્યું.",0,8.445,0,not_selected_by_random,,,,
1633,"જર્મનીમાં, હિટલરના સમયમાં, તેમનાં રાષ્ટ્રઘ્વજમાં, સ્વસ્તિકનું પ્રતિક દોરવામાં, આવેલ હતું !",0,11.062,0,not_selected_by_random,,,,
1634,"પક્ષના સભ્ય બનવું, એ, પોતાની પાંખો કપાવી નાખનારું, સમર્પિત પક્ષી બની જવું, એવી અપેક્ષા, પક્ષના, ખેરખાંઓ, રાખતા હોય છે.",0,16.45,0,not_selected_by_random,,,,
1636,"સક્રીય સ્નાયુઓ માટે, ઇંધણનો મોટો સ્ત્રોત, કાર્બોહાઈડ્રેટ છે.",0,8.122,0,not_selected_by_random,,,,
1637,"કવીન્સલેન્ડ રાજયના, ભીષણ પૂરથી, ત્રીસ લોકોએ, જાન ગુમાવ્યા હતા, અને, અન્ય ઈઠયોતેર લોકો, લાપતા છે.",0,13.135,0,not_selected_by_random,,,,
1638,"અલબત્ત, તે પોતાના ધ્યેયમાં, નિષ્ફળ ગયા હોય, પણ, અનેક પ્રયત્નો પછી, તેમનામાં, પાંખો, અને દિકનિયંત્રક, વિકસ્યા હોવા જોઈએ.",0,16.079,0,not_selected_by_random,,,,
1639,"પતરાંનાં ડબ્બામાં, પેક રેડીમેડ ફુડ, અને, માંસને, તે લાંબો સમય સુધી, ટકાવી રાખવા, માંગતાં હતાં.",0,13.02,0,not_selected_by_random,,,,
1641,"ગીત ગોવિન્દ નામના, કાવ્યમાં, જયદેવ કવિએ, માનાદિક વિહરાદિ સર્વ લીલા, કુમારિકાના ભાવથી, વર્ણવી છે.",0,13.003,1,,gujarati_female_001641.wav,g a ii t a <wb> g o w i n d a <wb> n a aa m a n a aa <wb> k aa w y a m aa mq <wb> j a y a d ee w a <wb> k a w i ee <wb> m aa n aa d i k a <wb> w i h a r aa d i <wb> s a r a w a <wb> l a ii l a aa <wb> k u m aa r i k aa n aa <wb> bh a aa w a th a ii <wb> w a r nx a w ii <wb> ch a ee,C13 C0 C16 C32 C0 <wb> C13 C26 C37 C16 C24 C7 C0 <wb> C24 C0 C1 C22 C0 C24 C0 C1 <wb> C19 C1 C37 C38 C0 C22 C1 C23 <wb> C17 C0 C38 C0 C7 C11 C37 C0 <wb> C19 C0 C37 C16 C11 <wb> C22 C1 C24 C1 C7 C16 C19 C0 <wb> C37 C16 C15 C0 C29 C1 C7 C16 <wb> C30 C0 C29 C0 C37 C0 <wb> C21 C0 C16 C21 C0 C1 <wb> C19 C36 C22 C1 C29 C16 C19 C1 C24 C1 <wb> C4 C0 C1 C37 C0 C33 C0 C16 <wb> C37 C0 C29 C25 C0 C37 C16 <wb> C6 C0 C11,train
1642,"વ્યાયામ પછી, પ્રોટીન લેવાથી, સ્નાયુની, જે પેશીયોને, હાનિ પ્હોંચી હોય છે.",0,9.553,0,not_selected_by_random,,,,
1643,"આ દરમ્યાન, કૃષ્ણ ભગવાનની, ઝાંખી આપતા ફૂલોથી, શણગારેલા માનતાના અસંખ્ય નિશાન, દંડ પણ જોડાય છે.",0,14.043,0,not_selected_by_random,,,,
1644,"તેનું દ્રવ્ય, એટલું તો ઘટ્ટ થઈ જશે, કે, એક પાસો, એક ઘનસેન્ટીમીટર, લો તો, તેનું વજન, એકસો સિત્તેર ટન, થાય.",0,15.277,0,not_selected_by_random,,,,
1645,"એક ખાલીખામપણું, એક શૂન્યતા, એક મૂર્છા, આપણને, ઘેરી વળે છે.",0,9.361,0,not_selected_by_random,,,,
1646,"એ રીતે બાઇક ચલાવતાં, કે, પહાડ ચડતાં આજુબાજુનાં, દૃશ્યોની, તસવીર, સતત ખેંચી શકાય.",0,12.32,0,not_selected_by_random,,,,
1647,"વાજબી, અને, વ્યવહારિક પણાની, આવી જીદ, પોતાને અને, પછી પરિવારને, પાયમાલ કરે છે.",0,11.743,0,not_selected_by_random,,,,
1648,"બારેજડી, અમદાવાદ, કલોલ, મેટ્રો દોડશે.",0,5.244,0,not_selected_by_random,,,,
1649,"તેના ગ્રામ્ય વિસ્તારના, સ્થળોએથી, મળેલ, વનસ્પતિના અવશેષો, નૌ હઝાર થી, ચૌદ હઝાર વર્ષો પહેલાના છે.",0,12.167,1,,gujarati_female_001649.wav,t a ee n a aa <wb> g a r a aa m a y a <wb> w a i s a t a aa r a n a aa <wb> s th a lx o ee th ii <wb> m a lx a ee l a <wb> w a n a s a p a t a i n a aa <wb> a w a sh ee sx o <wb> n ou <wb> h a jh a aa r a <wb> th a ii <wb> c a ou d a <wb> h a jh a aa r a <wb> w a r a sx a o <wb> p a h a ee l a aa n a aa <wb> ch a ee,C32 C0 C11 C24 C0 C1 <wb> C13 C0 C29 C0 C1 C22 C0 C38 C0 <wb> C37 C0 C16 C30 C0 C32 C0 C1 C29 C0 C24 C0 C1 <wb> C30 C33 C0 C21 C26 C11 C33 C16 <wb> C22 C0 C21 C0 C11 C21 C0 <wb> C37 C0 C24 C0 C30 C0 C28 C0 C32 C0 C16 C24 C0 C1 <wb> C0 C37 C0 C31 C11 C31 C26 <wb> C24 C27 <wb> C15 C0 C18 C0 C1 C29 C0 <wb> C33 C0 C16 <wb> C5 C0 C27 C7 C0 <wb> C15 C0 C18 C0 C1 C29 C0 <wb> C37 C0 C29 C0 C31 C0 C26 <wb> C28 C0 C15 C0 C11 C21 C0 C1 C24 C0 C1 <wb> C6 C0 C11,train
1650,"જૈવિક સૌંરક્ષણ માટેની, સોસાયટીનું પ્રકાશ, પ્રદૂષણ માટે, એક, સીમાચિહ્ન, સભા મળી હતી.",0,11.66,0,not_selected_by_random,,,,
1651,"યુવાહૃદયવિદારક, ક્રૂર મન્મથના, રક્તસિક્ત નોહોર ની, ઉપમા, આપી છે.",0,9.955,0,not_selected_by_random,,,,
1652,"સામાજિક કાર્યકર્તાઓનું, આગવું મહત્વ રહ્યું છે, તો, કલાકારો, ફિલ્મનિર્માતાઓ, લેખકો, અને, સંગીતકારોએ પણ, પોત પોતાની, ભૂમિકા ભજવી છે.",0,18.325,0,not_selected_by_random,,,,
1653,"ફુસકી મિયાં, ઘસઘસાટ ઊંઘવા માંડ્યા.",0,5.767,0,not_selected_by_random,,,,
1654,"તેંડુલકર ઓગઞ ત્રીસ બોલમાં, ચાર ચોગ્ગા સાથે, અઠયાવિસ રન કરીને, આઉટ થયો હતો.",0,10.542,0,not_selected_by_random,,,,
1655,"દાંતની રૂટકેનાલ ટ્રિટમેન્ટની, જુની પધ્ધતિ બદલી, નવી પધ્ધતિ, દાખલ કરી છે.",0,9.497,1,,gujarati_female_001655.wav,d aa mq t a n ii <wb> r uu tx a k ee n aa l a <wb> tx r i tx a m ee n tx a n ii <wb> j u n ii <wb> p a dh a dh a t a i <wb> b a d a l a ii <wb> n a w a ii <wb> p a dh a dh a t a i <wb> d a aa kh a l a <wb> k a r a ii <wb> ch a ee,C7 C1 C23 C32 C0 C24 C16 <wb> C29 C36 C34 C0 C19 C11 C24 C1 C21 C0 <wb> C34 C29 C16 C34 C0 C22 C11 C24 C34 C0 C24 C16 <wb> C17 C36 C24 C16 <wb> C28 C0 C8 C0 C8 C0 C32 C0 C16 <wb> C3 C0 C7 C0 C21 C0 C16 <wb> C24 C0 C37 C0 C16 <wb> C28 C0 C8 C0 C8 C0 C32 C0 C16 <wb> C7 C0 C1 C20 C0 C21 C0 <wb> C19 C0 C29 C0 C16 <wb> C6 C0 C11,train
1656,"આશંકિત હૃદયે, બીજરૂપે, શ્રદ્ધા, વાવવા, મથું છું.",0,7.09,0,not_selected_by_random,,,,
1657,"બીજે દિવસે, હૃતિક, અને, સુઝાન, શારુખ ખાન અને, કરણ જોહર સાથે, ચાર્ટર્ડ ફલાઈટમાં, પાછા ફર્યાં હતા.",0,13.131,0,not_selected_by_random,,,,
1658,"ઉપરાંત, તમારો મત, નીચે આપવામા આવેલા, ફીડબેક ફોર્મ, દ્વારા જણાવો",0,9.632,0,not_selected_by_random,,,,
1659,"તેમનું ચોકબોર્ડ, કાળા રંગનું, વેકોમ કમ્પ્યૂટર ટેબલેટ છે.",0,8.563,0,not_selected_by_random,,,,
1660,"જો મેં, પચ્ચીસ વર્ષની વયે, લગ્ન કરી લીધા હોત, તો, શું એ વખતે આવેલો, એક સારી નોકરીનો પ્રસ્તાવ, ફગાવી શક્યો હોત ?",0,15.542,0,not_selected_by_random,,,,
1661,"ફિલ્મોદ્યોગ આશાભરી મીટ માંડી છે, એવી ફિલ્મોમાં, આમિર ખાન, કિરણ રાવની ફિલ્મ, ધોબીઘાટ.",0,12.16,0,not_selected_by_random,,,,
1662,"યજ્ઞેશને, વનના, વનભૂમિના, અને, વૃક્ષોના રંગો, તથા, ત્યાંના લૅન્ડસ્કેપોએ, ધરવી દીધો હતો.",0,13.069,0,not_selected_by_random,,,,
1663,"એટલામાં, નજીકની દુકાનમાં આગ લાગી, અને, ગેસનું સિલિન્ડર ફાટયું હતું.",0,9.306,0,not_selected_by_random,,,,
1664,"ખડકોનાં, કેટલાંક સેમ્પલોને, તેમણે, ઈન્ટરનેશનલ સ્પેસ સ્ટેશન ની, બાહ્ય દીવાલો પર, દોઢ વર્ષ સુધી, રાખ્યાં હતાં.",0,12.98,1,,gujarati_female_001664.wav,kh a dx a k a o n a aa q <wb> k a ee tx a l a aa q k a <wb> s ee m p a l o n ee <wb> t a ee m a nx a ee <wb> ii n a tx a r a n a ee sh a n a l a <wb> s a p a ee s a <wb> s a tx a ee sh a n a <wb> n a ii <wb> b a aa h a y a <wb> d ii w aa l o <wb> p a r a <wb> d a o dxh a <wb> w a r a sx a <wb> s a u dh a ii <wb> r aa kh y aa mq <wb> h a t a aa q,C20 C0 C9 C0 C19 C0 C26 C24 C0 C1 C23 <wb> C19 C0 C11 C34 C0 C21 C0 C1 C23 C19 C0 <wb> C30 C11 C22 C28 C0 C21 C26 C24 C11 <wb> C32 C0 C11 C22 C0 C25 C0 C11 <wb> C16 C24 C0 C34 C0 C29 C0 C24 C0 C11 C31 C0 C24 C0 C21 C0 <wb> C30 C0 C28 C0 C11 C30 C0 <wb> C30 C0 C34 C0 C11 C31 C0 C24 C0 <wb> C24 C0 C16 <wb> C3 C0 C1 C15 C0 C38 C0 <wb> C7 C16 C37 C1 C21 C26 <wb> C28 C0 C29 C0 <wb> C7 C0 C26 C10 C0 <wb> C37 C0 C29 C0 C31 C0 <wb> C30 C0 C36 C8 C0 C16 <wb> C29 C1 C20 C38 C1 C23 <wb> C15 C0 C32 C0 C1 C23,train
1665,"એનો સામનો કરવાનું, માણસનું ગજું નથી રહેતું, ત્યારે, માણસ જૂઠું બોલે છે, દંભ કરે છે, બડાશો હાંકે છે.",0,11.633,1,,gujarati_female_001665.wav,ee n a o <wb> s a aa m a n a o <wb> k a r a w a aa n a u q <wb> m aa nx a s a n u mq <wb> g a j u mq <wb> n a th a ii <wb> r a h a ee t a u q <wb> t a y a aa r a ee <wb> m a aa nx a s a <wb> j uu txh u mq <wb> b a o l a ee <wb> ch a ee <wb> d a mq bh a <wb> k a r a ee <wb> ch a ee <wb> b a dx aa sh o <wb> h aa mq k ee <wb> ch a ee,C11 C24 C0 C26 <wb> C30 C0 C1 C22 C0 C24 C0 C26 <wb> C19 C0 C29 C0 C37 C0 C1 C24 C0 C36 C23 <wb> C22 C1 C25 C0 C30 C0 C24 C36 C23 <wb> C13 C0 C17 C36 C23 <wb> C24 C0 C33 C0 C16 <wb> C29 C0 C15 C0 C11 C32 C0 C36 C23 <wb> C32 C0 C38 C0 C1 C29 C0 C11 <wb> C22 C0 C1 C25 C0 C30 C0 <wb> C17 C36 C35 C36 C23 <wb> C3 C0 C26 C21 C0 C11 <wb> C6 C0 C11 <wb> C7 C0 C23 C4 C0 <wb> C19 C0 C29 C0 C11 <wb> C6 C0 C11 <wb> C3 C0 C9 C1 C31 C26 <wb> C15 C1 C23 C19 C11 <wb> C6 C0 C11,train
1666,"તો, બીજી બાજુ, માણસાના, પૌરાણિક, તખ્તેશ્વર મંદિર ખાતે, એકસો એકાવન દિવડાની, આરતીનું, આયોજન, કરવામાં આવ્યા.",0,14.637,0,not_selected_by_random,,,,
1667,"બધાં, પોતપોતાના સિંહાસન પર, બિરાજમાન હતા, ત્યાં, અચાનક શ્રીહરિ, વિષ્ણુ ભગવાનની નજર, નારદજી પર, પડી.",0,14.682,0,not_selected_by_random,,,,
1668,"એકવીસમી સદીમાં, જે રીતે ટેન્કરો, અને, પાઈપલાઈનો દ્વારા, ક્રૂડ તેલ વેચાય છે, તેવીજ રીતે, પાણી પણ વેચાશે.",0,13.498,0,not_selected_by_random,,,,
1669,"હું, શિસ્ત પાલન માટે, મારા અનુયાયીઓને, વિનંતી નથી કરતો, શિસ્તના નિયમો, તેમની પર, લાદું છું !.",0,11.964,0,not_selected_by_random,,,,
1670,"આમ તો, આ સંકોચન બસ ચાલુજ રહેત, પરંતુ, આધુનિક ભૌતિક વિજ્ઞાનનો, એક નિયમ, આડે આવે છે, અને, સંકોચન અટકી જશે.",0,15.835,0,not_selected_by_random,,,,
1671,"તેમનું યાન, બસ્સો ચુમ્બોતેર કિલોમીટર ઉંચે, કક્ષામાં પરિભ્રમણ કરશે.",0,8.789,0,not_selected_by_random,,,,
1672,"નખ્ખી તળાવ, આસપાસના જોવા લાયક સ્થળો, અને, અહીંની આબોહવા, પ્રવાસીઓને, હંમેશા આકર્ષતી હોય છે.",0,12.747,0,not_selected_by_random,,,,
1673,"એક વાર, એક મિત્રને, એમણે ધીમેથી પૂછ્યું, એવાં કોઈ સાધનો આવે છે, કે જે, આપણા મનના, ગણગણાટને પણ, નોંધી લે ?",0,15.56,0,not_selected_by_random,,,,
1674,"મેટ્રો ટ્રેન પ્રોજેક્ટને, ફાસ્ટ ટ્રેક પર, મૂકી દેવામાં આવ્યો છે.",0,7.676,0,not_selected_by_random,,,,
1675,"માનવના, માહ્યલામાં, સ્વભાવ, હકારત્મ, કે, પોઝિટિવ જ, અભિગમ, હોવો જોઈએ.",0,8.963,1,,gujarati_female_001675.wav,m a aa n a w a n a aa <wb> m aa h y a l aa m aa mq <wb> s w a bh aa w a <wb> h a k aa r a t m a <wb> k a ee <wb> p a o jh a i tx a i w a <wb> j a <wb> a bh a i g a m a <wb> h a o w a o <wb> j a o ii ee,C22 C0 C1 C24 C0 C37 C0 C24 C0 C1 <wb> C22 C1 C15 C38 C0 C21 C1 C22 C1 C23 <wb> C30 C37 C0 C4 C1 C37 C0 <wb> C15 C0 C19 C1 C29 C0 C32 C22 C0 <wb> C19 C0 C11 <wb> C28 C0 C26 C18 C0 C16 C34 C0 C16 C37 C0 <wb> C17 C0 <wb> C0 C4 C0 C16 C13 C0 C22 C0 <wb> C15 C0 C26 C37 C0 C26 <wb> C17 C0 C26 C16 C11,train
1676,"ફુગાવાના દરમાં, ઘટાડાના પગલે, વ્યાજદરોમાં, અને, ઇંધણ સબસિડીમાં, ઘટાડા માટે, ઉદ્યોગજગત, દબાણ કરી રહ્યું છે.",0,14.715,0,not_selected_by_random,,,,
1677,"રવીન્દ્રનાથની, સાર્ધ શતાબ્દીએ, હજુ આ મહિનાના, પૂર્વાર્ધમાં જ, અમદાવાદમાં, રાષ્ટ્રીય સ્તરનું, વિશેષ આયોજન થયું.",0,15.256,0,not_selected_by_random,,,,
1678,"તું ભણીગણીને, મોટો ડૉક્ટર થાય, ગરીબોની સેવા કરે, એટલા માટે તો, મેં ઘરબાર વેચીને, તને ભણાવ્યો છે.",0,13.909,0,not_selected_by_random,,,,
1679,"કેમ જાણે, વંદના, શિવા કે, એવું કોઈ અભ્યાસી, ઝુંબેશકાર કવિના ગધ્ય રૂપે, પ્રગટ થવા, ન કરતું હોય!",0,13.398,0,not_selected_by_random,,,,
1680,"પર્સનલાઈઝડ્ મેડિસીનનું, વિશાળ ક્ષેત્ર, ખૂલી શકે, તેમ છે.",0,7.65,0,not_selected_by_random,,,,
1681,"ઘરની પશ્ચિમ દિશામાં, ગોઠવાયેલી ટેકરી પર, પહેલાં ઉજાસની, અલૌકિક આભા, વરતાય.",0,10.862,0,not_selected_by_random,,,,
1682,"ક્યારેક હું જેમાં રહ્યો, તે, છવ્વીસે છવ્વીસ ઘર, મારી સ્મૃતિમાં, એકીસાથે, ઝિંકાય છે, ને, મને ભય લાગે છે.",0,14.063,0,not_selected_by_random,,,,
1683,"ચાર રંગના કોડ ધરાવતી, એલાર્મ સિસ્ટમનું પરીક્ષણ કરનારા, ઇજનેરો, તમામ કામગીરી નક્કી કર્યા મુજબ, થતી હોવાનું જોઈને, આનંદ અનુભવે છે.",0,17.825,0,not_selected_by_random,,,,
1684,"અભરાઈ પર મૂકેલા, ફ્‌લાવરવાઝમાંથી, એક ફૂલ, ઊડતું ઊડતું, ડોક્ટર વોલેસના, હાથમાં, આવી પડ્યું હતું.",0,12.464,0,not_selected_by_random,,,,
1685,"કમ્બોડિયા સ્થિત, અંકોરવાટ મંદિર, અત્યાર સુધીનુ, દુનિયાનું, સૌથી ઉંચુ, હિન્દૂ મંદિર છે.",0,10.426,1,,gujarati_female_001685.wav,k a m b o dx i y aa <wb> s a th a i t a <wb> a mq k o r a w aa tx a <wb> m a q d a i r a <wb> a t a y a aa r a <wb> s u dh ii n u <wb> d u n i y aa n u mq <wb> s a ou th a ii <wb> u q c a u <wb> h i n d uu <wb> m a q d a i r a <wb> ch a ee,C19 C0 C22 C3 C26 C9 C16 C38 C1 <wb> C30 C0 C33 C0 C16 C32 C0 <wb> C0 C23 C19 C26 C29 C0 C37 C1 C34 C0 <wb> C22 C0 C23 C7 C0 C16 C29 C0 <wb> C0 C32 C0 C38 C0 C1 C29 C0 <wb> C30 C36 C8 C16 C24 C36 <wb> C7 C36 C24 C16 C38 C1 C24 C36 C23 <wb> C30 C0 C27 C33 C0 C16 <wb> C36 C23 C5 C0 C36 <wb> C15 C16 C24 C7 C36 <wb> C22 C0 C23 C7 C0 C16 C29 C0 <wb> C6 C0 C11,train
1686,"પ્રેક્ટિસ મેચમાં, ભારતીય બેટ્સમેનોના, નાલેશીભર્યા ધબડકાથી, ચાહકો નિરાશ.",0,9.76,0,not_selected_by_random,,,,
1687,"અને, તેનો રોષ ઠંડો પાડવા, હું, મારી પ્રિય યુક્તિ, અજમાવતો.",0,8.27,0,not_selected_by_random,,,,
1688,"પ્લાસ્ટિકિયું સ્મિત કરી, શકે, તેવી સેલ્ઝગર્લ્સ, રાખવાથી, વેચાણ ન થાય.",0,9.639,0,not_selected_by_random,,,,
1689,"રાજકીય ડખાઓ, અને, હુંસાતુંસીથી, ત્રસ્ત પ્રજા, આ રાજકારણીયોને, નેશન ફર્સ્ટવાળી, થિયરી અપનાવવા કહે છે.",0,13.76,0,not_selected_by_random,,,,
1690,"શહેરીજનો તથા, જુનિયરથી માંડી, સિનિયર ક્રિકેટરો, જેની કાગડોળે રાહ જોઇ રહ્યા હતા, એ ક્રિકેટ સ્ટેડિયમ, હવે મૂર્તિ‌મંત, બનવા જઇ રહ્યું છે.",0,16.43,0,not_selected_by_random,,,,
1691,"ઓસ્ટ્રેલિયનોને, ત્યારે વન ડે રમતા, આવડતુ નહતુ, તેવી કબુલાત કરતાં, હેરાલ્ડ સનને, આપેલી મુલાકાતમાં, લોરીએ કહ્યું.",0,13.421,1,,gujarati_female_001691.wav,o s tx r ee l i y a n o n ee <wb> t a y a aa r a ee <wb> w a n a <wb> dx a ee <wb> r a m a t aa <wb> aa w a dx a t u <wb> n a h a t u <wb> t a ee w a ii <wb> k a b u l aa t a <wb> k a r a t a aa q <wb> h ee r aa l dx a <wb> s a n a n ee <wb> aa p a ee l a ii <wb> m a u l a aa k a aa t a m a aa q <wb> l o r ii ee <wb> k a h a y a u q,C26 C30 C34 C29 C11 C21 C16 C38 C0 C24 C26 C24 C11 <wb> C32 C0 C38 C0 C1 C29 C0 C11 <wb> C37 C0 C24 C0 <wb> C9 C0 C11 <wb> C29 C0 C22 C0 C32 C1 <wb> C1 C37 C0 C9 C0 C32 C36 <wb> C24 C0 C15 C0 C32 C36 <wb> C32 C0 C11 C37 C0 C16 <wb> C19 C0 C3 C36 C21 C1 C32 C0 <wb> C19 C0 C29 C0 C32 C0 C1 C23 <wb> C15 C11 C29 C1 C21 C9 C0 <wb> C30 C0 C24 C0 C24 C11 <wb> C1 C28 C0 C11 C21 C0 C16 <wb> C22 C0 C36 C21 C0 C1 C19 C0 C1 C32 C0 C22 C0 C1 C23 <wb> C21 C26 C29 C16 C11 <wb> C19 C0 C15 C0 C38 C0 C36 C23,train
1692,"આ ફંડ ધારકોની ઓળખ અંગે, પુછવામાં આવતા, તેમણે જણાવ્યું હતું, કે, બેંક પાસે, આનાથી વિશેષ, માહિતી નથી.",0,13.81,0,not_selected_by_random,,,,
1693,"ભારત જેવા દેશમાં, સુડતાલીસ ટકા એવી વસ્તી છે, જેમની ઉંમર, વીસ સાલથી પણ, ઓછી હોય !",0,11.069,0,not_selected_by_random,,,,
1694,"એવુંજ કર્ણાટકમાં, ગુલબર્ગ જિલ્લામાં, દ્રાક્ષની ખેતી માટે, વઘુ પાણીનો, ઉપયોગ, કરાતો હતો.",0,10.658,1,,gujarati_female_001694.wav,ee w u mq j a <wb> k a r nx aa tx a k a m aa mq <wb> g u l a b a r g a <wb> j a i l a l a aa m a aa q <wb> d r aa k sx a n ii <wb> kh a ee t a ii <wb> m a aa tx a ee <wb> w a gh a u <wb> p a aa nx a ii n a o <wb> u p a y a o g a <wb> k a r aa t o <wb> h a t a o,C11 C37 C36 C23 C17 C0 <wb> C19 C0 C29 C25 C1 C34 C0 C19 C0 C22 C1 C23 <wb> C13 C36 C21 C0 C3 C0 C29 C13 C0 <wb> C17 C0 C16 C21 C0 C21 C0 C1 C22 C0 C1 C23 <wb> C7 C29 C1 C19 C31 C0 C24 C16 <wb> C20 C0 C11 C32 C0 C16 <wb> C22 C0 C1 C34 C0 C11 <wb> C37 C0 C14 C0 C36 <wb> C28 C0 C1 C25 C0 C16 C24 C0 C26 <wb> C36 C28 C0 C38 C0 C26 C13 C0 <wb> C19 C0 C29 C1 C32 C26 <wb> C15 C0 C32 C0 C26,train
1695,"શોધાયેલો અથવા તો, દેખાએલો કણ, હિગ્સ બોસોન, નહીં હોય, તો પણ, સ્ટાન્ડર્ડ મોડલમાં, નઊં પરિમાણ, ઉમેરાશે.",0,13.145,0,not_selected_by_random,,,,
1696,"રવીન્દ્ર જાડેજા, અને, ફાસ્ટ બોલર, ઈશાંત શર્મા પણ, નિરાશ થયા.",0,8.263,0,not_selected_by_random,,,,
1697,"તો તે ભાગીને, ડોક્ટર પાસે પહોંચી, જે દર્દીને, ગ્લુકોઝની ડ્રિપ, લગાવવાની, તૈયારી કરતા હતા.",0,10.937,1,,gujarati_female_001697.wav,t a o <wb> t a ee <wb> bh aa g ii n ee <wb> dx a o k a tx a r a <wb> p a aa s a ee <wb> p a h a o q c a ii <wb> j a ee <wb> d a r a d a ii n a ee <wb> g l u k o jh a n ii <wb> dx r i p a <wb> l a g aa w a w aa n ii <wb> t a ei y a aa r a ii <wb> k a r a t a aa <wb> h a t a aa,C32 C0 C26 <wb> C32 C0 C11 <wb> C4 C1 C13 C16 C24 C11 <wb> C9 C0 C26 C19 C0 C34 C0 C29 C0 <wb> C28 C0 C1 C30 C0 C11 <wb> C28 C0 C15 C0 C26 C23 C5 C0 C16 <wb> C17 C0 C11 <wb> C7 C0 C29 C0 C7 C0 C16 C24 C0 C11 <wb> C13 C21 C36 C19 C26 C18 C0 C24 C16 <wb> C9 C29 C16 C28 C0 <wb> C21 C0 C13 C1 C37 C0 C37 C1 C24 C16 <wb> C32 C0 C2 C38 C0 C1 C29 C0 C16 <wb> C19 C0 C29 C0 C32 C0 C1 <wb> C15 C0 C32 C0 C1,test
1698,"ભરવાડ એક ઝાડ નીચે, પોતાનું ભાથુ છોડી, રોંઢો કરવા, બેઠો હતો.",0,9.06,0,not_selected_by_random,,,,
1699,"બાગ બગીચામાં, ભંમરાઓનો, ગુંજનનો, આવાજ ગુંજી ઉઠે છે.",0,7.792,0,not_selected_by_random,,,,
1701,"તે, અને, પ્રોટીન સમૃધ્ધ સોય, અને, શીંગનું બટર, પીનટ બટર, લેવાથી, પુરતું પ્રોટીન, મેળવી સકે છે.",0,12.96,0,not_selected_by_random,,,,
1702,"ઓગનીસોછ માં, ધરતીકંપે, મહાનગર સાન ફ્રાન્સિસકોનો, નાશ કર્યો.",0,8.778,0,not_selected_by_random,,,,
1704,"આ અંગે, ચુમ્બોતેર વર્ષીય, રિટાયર્ડ ટપાલી, બાબુભાઈ જોષી, કહે છે કે, હું, વીસ વર્ષનો હતો, ત્યારે મેં, ટપાલીની નોકરી, શરૂ કરી.",0,16.204,0,not_selected_by_random,,,,
1706,"ઉંમર વીતવા સાથે, સાંભળવાની શક્તિ, ઓછી થતી જાય, કે, આંખોમાં, ઝાંખપ આવે.",0,11.424,0,not_selected_by_random,,,,
1707,"અમૂલ શાહે, એમના મનનીય પુસ્તક, જીવનનું તત્વજ્ઞાન, આધુનિક દૄષ્ટિએ માં, ઈશ્વર, ધર્મ, અને, સમાજ વિશે, વિશ્લેષણ કરતાં, લખ્યું છે.",0,15.72,1,,gujarati_female_001707.wav,a m uu l a <wb> sh aa h ee <wb> ee m a n a aa <wb> m a n a n ii y a <wb> p a u s a t a k a <wb> j a ii w a n a n a u q <wb> t a t a w a j a nj a aa n a <wb> aa dh a u n a i k a <wb> d a sx tx i ee <wb> m a aa q <wb> ii sh a w a r a <wb> dh a r a m a <wb> a n a ee <wb> s a m a aa j a <wb> w a i sh a ee <wb> w i sh l ee sx a nx a <wb> k a r a t a aa q <wb> l a kh a y a u q <wb> ch a ee,C0 C22 C36 C21 C0 <wb> C31 C1 C15 C11 <wb> C11 C22 C0 C24 C0 C1 <wb> C22 C0 C24 C0 C24 C16 C38 C0 <wb> C28 C0 C36 C30 C0 C32 C0 C19 C0 <wb> C17 C0 C16 C37 C0 C24 C0 C24 C0 C36 C23 <wb> C32 C0 C32 C0 C37 C0 C17 C0 C24 C0 C1 C24 C0 <wb> C1 C8 C0 C36 C24 C0 C16 C19 C0 <wb> C7 C0 C31 C34 C16 C11 <wb> C22 C0 C1 C23 <wb> C16 C31 C0 C37 C0 C29 C0 <wb> C8 C0 C29 C0 C22 C0 <wb> C0 C24 C0 C11 <wb> C30 C0 C22 C0 C1 C17 C0 <wb> C37 C0 C16 C31 C0 C11 <wb> C37 C16 C31 C21 C11 C31 C0 C25 C0 <wb> C19 C0 C29 C0 C32 C0 C1 C23 <wb> C21 C0 C20 C0 C38 C0 C36 C23 <wb> C6 C0 C11,train
1708,"તેના સ્થાને, ભારતે, લેફ્ટ આર્મ સ્પિનરને, તક આપવાની, જરૃર હતી.",0,8.632,0,not_selected_by_random,,,,
1709,"અમદાવાદ હાટ, વસ્ત્રાપુર ખાતે, એકવેરીયમના શોખીનો માટે, ગુજરાત મસ્ત્યોદ્યોગ દ્વારા, રંગીન માછલીઓનું, પ્રદર્શન યોજવામાં આવ્યું.",0,14.852,0,not_selected_by_random,,,,
1710,"જેમાંથી, પોન્ટીયાક ડિલક્ષ છ તરીકે, જાણીતી, એક માત્ર કાર, હાલમાં, અસ્તિત્વ ધરાવે છે.",0,12.582,0,not_selected_by_random,,,,
1711,"જમીન ઉપર સુઇને, જોઇ શકાય, કે, ફોટા પાડી શકાય, તેવા છતો ઉપરનાં, નકશીકામ, સર્વત્ર, એકસુરતા, એ અશિક્ષીત કલાકારોની, સુઝબુઝ કહેવાય.",0,18.871,0,not_selected_by_random,,,,
1712,"ડચ ટાપુની, કુદરતી વાયુની શારડી પર, પ્રયોગ કરતાં, માલૂમ પડયું કે, લીલા પ્રકાશથી, કારિગરો ખુશ હતા.",0,13.68,0,not_selected_by_random,,,,
1713,"મેં ક્યારે, એવી કલ્પના નહોતી કરી, કે, મારી આ મુસાફરી, આટલી લાંબી, અને, આટલી સંતોષજનક હશે.",0,12.397,0,not_selected_by_random,,,,
1714,"બાંગ્લાદેશ તરફથી, કેપ્ટન હસનએ, પંચાવન સર્વોચ્ચ રન કર્યા હતા.",0,8.727,0,not_selected_by_random,,,,
1715,"યુનિવર્સિટી ઓફ મિયામીના, ભૂસ્તરવિજ્ઞાન વિભાગના, પ્રાધ્યાપક, એમિલિયાનીયે, પોતાના પુસ્તક, પ્લેનેટ અર્થ પર, એક વાદ આપ્યો છે.",0,15.0,1,,gujarati_female_001715.wav,y a u n a i w a r a s a i tx a ii <wb> o ph a <wb> m i y aa m ii n aa <wb> bh uu s t a r a w i j nj aa n a <wb> w a i bh a aa g a n a aa <wb> p r aa dh y aa p a k a <wb> ee m i l i y aa n ii y ee <wb> p a o t a aa n a aa <wb> p a u s a t a k a <wb> p a l a ee n a ee tx a <wb> a r a th a <wb> p a r a <wb> ee k a <wb> w aa d a <wb> aa p a y a o <wb> ch a ee,C38 C0 C36 C24 C0 C16 C37 C0 C29 C0 C30 C0 C16 C34 C0 C16 <wb> C26 C12 C0 <wb> C22 C16 C38 C1 C22 C16 C24 C1 <wb> C4 C36 C30 C32 C0 C29 C0 C37 C16 C17 C24 C1 C24 C0 <wb> C37 C0 C16 C4 C0 C1 C13 C0 C24 C0 C1 <wb> C28 C29 C1 C8 C38 C1 C28 C0 C19 C0 <wb> C11 C22 C16 C21 C16 C38 C1 C24 C16 C38 C11 <wb> C28 C0 C26 C32 C0 C1 C24 C0 C1 <wb> C28 C0 C36 C30 C0 C32 C0 C19 C0 <wb> C28 C0 C21 C0 C11 C24 C0 C11 C34 C0 <wb> C0 C29 C0 C33 C0 <wb> C28 C0 C29 C0 <wb> C11 C19 C0 <wb> C37 C1 C7 C0 <wb> C1 C28 C0 C38 C0 C26 <wb> C6 C0 C11,train
1716,"આમલીની ખાટી સુગંધ, અને, તેના તગતગતા કાળા કથ્થાઈ રંગવાળા, કચૂકાનો લિસ્સો સ્પર્શ.",0,10.984,0,not_selected_by_random,,,,
1717,"અજરામ આળસુ હતો, તેથી, જીવનમાં મોટું લક્ષ્ય તો, તેનાથી પળાય એમ હતુંજ નહિ.",0,9.607,0,not_selected_by_random,,,,
1718,"આનંદ અને મસ્તીમાં ઝૂમતા હાથીઓને, દોડધામને કારણ, સસલાંઓનાં ઘરમાં, દર ભાંગી ગયાં.",0,10.379,1,,gujarati_female_001718.wav,aa n a q d a <wb> a n a ee <wb> m a s t ii m aa mq <wb> jh a uu m a t a aa <wb> h aa th ii o n ee <wb> d o dx a dh aa m a n ee <wb> k a aa r a nx a <wb> s a s a l aa mq o n aa mq <wb> gh a r a m a aa q <wb> d a r a <wb> bh a aa q g a ii <wb> g a y a aa q,C1 C24 C0 C23 C7 C0 <wb> C0 C24 C0 C11 <wb> C22 C0 C30 C32 C16 C22 C1 C23 <wb> C18 C0 C36 C22 C0 C32 C0 C1 <wb> C15 C1 C33 C16 C26 C24 C11 <wb> C7 C26 C9 C0 C8 C1 C22 C0 C24 C11 <wb> C19 C0 C1 C29 C0 C25 C0 <wb> C30 C0 C30 C0 C21 C1 C23 C26 C24 C1 C23 <wb> C14 C0 C29 C0 C22 C0 C1 C23 <wb> C7 C0 C29 C0 <wb> C4 C0 C1 C23 C13 C0 C16 <wb> C13 C0 C38 C0 C1 C23,train
1719,"પલ્સાર તારો, એક મિનિટમાં, દસ હજાર ભ્રમણ કરે છે, તેનો વ્યાસ, વીસ કિલોમીટર, જેટલો હોય છે.",0,11.572,0,not_selected_by_random,,,,
1720,"ત્યારે, વૈજ્ઞાનિકોને, ખબર પડી કે, તેના, ઠૈંછઁ જનીનમાં, વિકૃતિ છે.",0,9.646,0,not_selected_by_random,,,,
1721,"આઇપીએલ બાદ, ભારતીય ટીમ, એક ટ્વેન્ટી ટ્વેન્ટી, પાંચ વન ડે, અને, ત્રણ ટેસ્ટની શ્રેણી રમવા માટે, વેસ્ટ ઇન્ડિઝના, પ્રવાસે જશે.",0,14.381,0,not_selected_by_random,,,,
1722,"કોલેજ કેમ્પસમાં પણ, ફ્રેન્ડ્‌ઝ ગૃપ, એક બીજા સાથે, જતા આવતા, અને, મસ્તી કરતા, જોવા મળે છે.",0,11.776,0,not_selected_by_random,,,,
1723,"પણ, સથવારા પસંદ ચાહકને, નાતે, નાગરિક છેડેથી, વ્યક્ત કરું છું.",0,9.66,0,not_selected_by_random,,,,
1724,"લીલા અને, કેશવ વહાણમાં, ચઢ્યાં કે તરતજ, કપ્તાને પૂછ્યું, તમારા થેલામાં, શું છે ?.",0,10.85,0,not_selected_by_random,,,,
1725,"પ્રોટીનના, એક ગ્રામ દીઠ, ચાર ગ્રામ કાર્બોહાઈડ્રેટનો, ગુણોત્તર, અધિકતમ છે.",0,9.464,0,not_selected_by_random,,,,
1727,"પરંતુ, દુનિયાના ન્યાયપ્રિય, અને, જાગૃત લોકોને પણ, જોરદાર ઝટકો, લાગ્યો છે.",0,10.21,0,not_selected_by_random,,,,
1728,"કોંગ્રેસ ના, મોદી વિરોધી આલાપે, મોદીની છબીને, લાર્જર ધેન લાઈફ, બનાવી દીધી છે.",0,10.309,0,not_selected_by_random,,,,
1729,"કોઈ ગેસ્ટ આવે, એટલે, તેમના માટે, બહારથી જમવાનું લઈ આવવું, તેના કરતાં, તેને પ્રેમથી, પોતાના હાથની, રસોઈ બનાવીને, ખવડાવવી.",0,17.22,0,not_selected_by_random,,,,
1730,"તેમાં, ખાસ નર્મદા નદીમાં, ૐકારેશ્વર પાસે, ઘાવડીકુંડમાંથી, લાવેલ, નર્મદેશ્વર શિવલિંગનું, પૂજન કરવા કહ્યું છે.",0,13.909,1,,gujarati_female_001730.wav,t a ee m a aa q <wb> kh a aa s a <wb> n a r a m a d a aa <wb> n a d a ii m a aa q <wb> k aa r ee sh w a r a <wb> p a aa s a ee <wb> gh aa w a dx ii k u mq dx a m aa mq th ii <wb> l aa w ee l a <wb> n a r m a d ee sh w a r a <wb> sh a i w a l a i q g a n a u q <wb> p a uu j a n a <wb> k a r a w a aa <wb> k a h a y a u q <wb> ch a ee,C32 C0 C11 C22 C0 C1 C23 <wb> C20 C0 C1 C30 C0 <wb> C24 C0 C29 C0 C22 C0 C7 C0 C1 <wb> C24 C0 C7 C0 C16 C22 C0 C1 C23 <wb> C19 C1 C29 C11 C31 C37 C0 C29 C0 <wb> C28 C0 C1 C30 C0 C11 <wb> C14 C1 C37 C0 C9 C16 C19 C36 C23 C9 C0 C22 C1 C23 C33 C16 <wb> C21 C1 C37 C11 C21 C0 <wb> C24 C0 C29 C22 C0 C7 C11 C31 C37 C0 C29 C0 <wb> C31 C0 C16 C37 C0 C21 C0 C16 C23 C13 C0 C24 C0 C36 C23 <wb> C28 C0 C36 C17 C0 C24 C0 <wb> C19 C0 C29 C0 C37 C0 C1 <wb> C19 C0 C15 C0 C38 C0 C36 C23 <wb> C6 C0 C11,val
1731,"વસંતયજ્ઞને, પલાશ, પ્રાજ્વલ્યમાન, કરે છે.",0,5.971,0,not_selected_by_random,,,,
1733,"તે, ઝળહળતી ટાવરો, ઈમારતો, કે, બીજી રચનાઓ દ્વારા, ભ્રમિત થઈ શકે છે, તેમને, ભ્રાંતિ થાય છે.",0,13.182,0,not_selected_by_random,,,,
1734,"વર્કિંગ વિમેન, હવે, લાંબુ જીવવા માટે, રેડી ટુ કૂક ચીજોને બદલે, સંપૂર્ણ રસોઈ કરીને, સ્વસ્થ રહેવાનું, પસંદ કરે છે.",0,13.661,0,not_selected_by_random,,,,
1735,"તમારી ચકોર દૃષ્ટિને, તમે, ગમે તેટલી વખાણતા હો, કે, તમારી બુદ્ધિને, તમે ગમે તેટલી, કુશાગ્ર, લેખતા હો.",0,13.13,0,not_selected_by_random,,,,
1736,"સામાન્ય અનુભવ એવો છે કે, સરકારનો દ્રષ્ટિકોણ, વાતને ટાળી દેવાનો હોય છે, કે પછી, ઓછેવત્તે અંશે, સરકાર જમીન પર, કબજો મેળવનારની, તરફેણમાં હોય છે.",0,18.758,0,not_selected_by_random,,,,
1737,"આમ, બાપુસાહેબ ગાયકવાડનો, ભક્તિભાવ વધીને વઘુ, ગૂઢ રીતે, ધુંટાવા લાગ્યો.",0,10.147,1,,gujarati_female_001737.wav,aa m a <wb> b aa p u s aa h ee b a <wb> g aa y a k a w aa dx a n o <wb> bh a k a t a i bh a aa w a <wb> w a dh a ii n a ee <wb> w a gh a u <wb> g uu dxh a <wb> r a ii t a ee <wb> dh u mq tx aa w aa <wb> l a aa g a y a o,C1 C22 C0 <wb> C3 C1 C28 C36 C30 C1 C15 C11 C3 C0 <wb> C13 C1 C38 C0 C19 C0 C37 C1 C9 C0 C24 C26 <wb> C4 C0 C19 C0 C32 C0 C16 C4 C0 C1 C37 C0 <wb> C37 C0 C8 C0 C16 C24 C0 C11 <wb> C37 C0 C14 C0 C36 <wb> C13 C36 C10 C0 <wb> C29 C0 C16 C32 C0 C11 <wb> C8 C36 C23 C34 C1 C37 C1 <wb> C21 C0 C1 C13 C0 C38 C0 C26,train
1738,"દેશમાં, કોઈ પણ જાતના ભેદભાવ વગર, પોતાના મોઘમ આશીર્વાદ સૌને પહોંચાડનાર, કોઈ ચીજ હોય, તો મોંઘવારી.",0,13.971,0,not_selected_by_random,,,,
1739,"સામાન્ય ભારતીયોના ઘરમાં, દરરોજ, બ્રેકફાસ્ટ, લંચ, અને, ડિનર, હંમેશા તાજાંજ બને છે.",0,11.498,0,not_selected_by_random,,,,
1740,"જેમાં, ફ્રીઝંગ હેલીયમ ગેસ, લીક થવાથી, ખામી ઉત્પન્ન થઈ હતી.",0,9.479,0,not_selected_by_random,,,,
1741,"હમણાં જ, વીરેશ્વરનાં જંગલોમાં, મિત્ર, યજ્ઞેશ દવે ને, તુષાર શુક્લ સાથે ગયેલા.",0,9.91,0,not_selected_by_random,,,,
1742,"કૉંગ્રેસ યુપીએ તરફથી, આ વિધેયકમાં, સામાજિક ન્યાયને, નામો, વિવાદપહેલ, કરાઈ તો.",0,11.413,0,not_selected_by_random,,,,
1743,"ત્રાસવાદ અને, નક્સલવાદ દેશમાં, ધારે ત્યારે હુમલો કરીને, નિર્દોષ નાગરિકોનો, ખાત્મો બોલાવે.",0,11.965,0,not_selected_by_random,,,,
1745,"મારી દલીલ એ છે કે, જે તડકામાં, કુમળાં ફૂલો પણ, ખીલે છે, તે તડકાનો વાંક, તમે શી રીતે કાઢી શકો ?.",0,11.999,0,not_selected_by_random,,,,
1746,"તેમાં, સૌથી ધ્યાનાકર્ષક, કૃષિ ક્ષેત્ર છે, જે, જળસંસાધનોના, ત્રણ, ચતુથાઁશ ભાગનો, વપરાશ કરે છે.",0,13.238,0,not_selected_by_random,,,,
1747,"ફુકુશીમાનો પ્લાંન્ટ, ખડકાળ ભૂમિ ઉપર, આંઠસો પાંસઠ એકરનાં, વિસ્તારમાં, આવેલો છે.",0,10.253,0,not_selected_by_random,,,,
1748,"ભારતના કાફલામાં, એક્યાસી ખેલાડીઓ, અને, એકાવન, ઓફિસિયલ્સ છે.",0,8.88,0,not_selected_by_random,,,,
1749,"ફિલ્મની રજુઆત પહેલાં, તેના અંગેના, તમારા વિચારો, તમે કોઈ પણ માધ્યમ, જેવા કે, એસએમએસ, ટ્વિટર, ફેસબુક, કે, પોતાના અખબારમાં, વ્યક્ત કરી, શકશો નહીં.",0,19.983,0,not_selected_by_random,,,,
1750,"અને, ઉખેડતાં કે, ધોળો બદામી રંગનો, કચૂકો, દડૂક દઈને, કૂદતો.",0,9.85,0,not_selected_by_random,,,,
1751,"ના, કહેતા શીખવું જ પડશે, અને, હા કે ના કહેવાથી, પહેલેથી જ, સ્પષ્ટતા કરવાથી, ગ્રાહક, ભાગી જાય છે, એ ભ્રામક માન્યતા, મનમાંથી, દૂર કરવાની છે.",0,19.57,0,not_selected_by_random,,,,
1752,"પોલીસ દ્વારા, બસ્સો થી ત્રણસો રાઉન્ડ ગોળીઓ, છોડવામાં આવી છે.",0,7.548,0,not_selected_by_random,,,,
1753,"વર્લ્ડ કપ બે હજાર અગ્યાર નું, સમાપન, બીજી એપ્રિલે થશે, અને, તેના છ દિવસ બાદ જ, ઘરઆંગણે, આઇપીએલનો, પ્રારંભ થશે.",0,14.211,1,,gujarati_female_001753.wav,w a r a l a dx a <wb> k a p a <wb> b a ee <wb> h a j a aa r a <wb> a g a y a aa r a <wb> n a u q <wb> s a m aa p a n a <wb> b a ii j a ii <wb> ee p a r a i l a ee <wb> th a sh a ee <wb> a n a ee <wb> t a ee n a aa <wb> ch a <wb> d a i w a s a <wb> b a aa d a <wb> j a <wb> gh a r a aa q g a nx a ee <wb> aa i p ii ee l a n o <wb> p a r a aa r a q bh a <wb> th a sh a ee,C37 C0 C29 C0 C21 C0 C9 C0 <wb> C19 C0 C28 C0 <wb> C3 C0 C11 <wb> C15 C0 C17 C0 C1 C29 C0 <wb> C0 C13 C0 C38 C0 C1 C29 C0 <wb> C24 C0 C36 C23 <wb> C30 C0 C22 C1 C28 C0 C24 C0 <wb> C3 C0 C16 C17 C0 C16 <wb> C11 C28 C0 C29 C0 C16 C21 C0 C11 <wb> C33 C0 C31 C0 C11 <wb> C0 C24 C0 C11 <wb> C32 C0 C11 C24 C0 C1 <wb> C6 C0 <wb> C7 C0 C16 C37 C0 C30 C0 <wb> C3 C0 C1 C7 C0 <wb> C17 C0 <wb> C14 C0 C29 C0 C1 C23 C13 C0 C25 C0 C11 <wb> C1 C16 C28 C16 C11 C21 C0 C24 C26 <wb> C28 C0 C29 C0 C1 C29 C0 C23 C4 C0 <wb> C33 C0 C31 C0 C11,train
1754,"ગીતાંજલિ ના, આ નોબેલ વિજેતા કવિ, કોઈ કુદરતમાં ખોવાઈ જતા, મરમી કે, સૌંદર્યલુબ્ધ, શબ્દસેવી, માત્ર નહોતા.",0,13.689,0,not_selected_by_random,,,,
1755,"રાવસાહેબનું નામ, આ પ્રતિષ્ઠિત આંતરરાષ્ટ્રીય એવોર્ડ માટે, સૂચવવા, નિર્ણય, લીધો હતો.",0,9.381,1,,gujarati_female_001755.wav,r aa w a s aa h ee b a n u mq <wb> n a aa m a <wb> aa <wb> p a r a t a i sx a txh a i t a <wb> aa q t a r a r a aa sx a tx a r a ii y a <wb> ee w a o r a dx a <wb> m a aa tx a ee <wb> s uu c a w a w aa <wb> n a i r a nx a y a <wb> l a ii dh a o <wb> h a t a o,C29 C1 C37 C0 C30 C1 C15 C11 C3 C0 C24 C36 C23 <wb> C24 C0 C1 C22 C0 <wb> C1 <wb> C28 C0 C29 C0 C32 C0 C16 C31 C0 C35 C0 C16 C32 C0 <wb> C1 C23 C32 C0 C29 C0 C29 C0 C1 C31 C0 C34 C0 C29 C0 C16 C38 C0 <wb> C11 C37 C0 C26 C29 C0 C9 C0 <wb> C22 C0 C1 C34 C0 C11 <wb> C30 C36 C5 C0 C37 C0 C37 C1 <wb> C24 C0 C16 C29 C0 C25 C0 C38 C0 <wb> C21 C0 C16 C8 C0 C26 <wb> C15 C0 C32 C0 C26,train
1756,"ત્યાંની માટીને, ખેતીલાયક બનાવવા, ગ્રિન હાઉસ ઈફેક્ટ, ઉભી કરવા.",0,8.281,0,not_selected_by_random,,,,
1757,"જો કે સ્નાયુ, ગ્લાયકોજીનની, જે ઘટ થાય, તેની પૂરવણી કરવી, અતિતીવ્ર વ્યાયામ ચાલુ રાખવા માટે, જરુરી છે.",0,15.61,0,not_selected_by_random,,,,
1758,"જેવી રીતે, હવન કુંડમાં, એક સમીધ, અને, બીજી, સમધી પુરક બની, અગ્નિ વઘુ પ્રજવલિત, બને છે.",0,13.643,0,not_selected_by_random,,,,
1759,"ઝીરકાલોય, ઝીટકોનિયમમાંથી બનેલું ધાતુ છે, અને, બાર હજાર સેલ્સીયસ તાપમાન પહોંચે, ત્યારે જ, નિષ્ફળ જઈને, પ્રવાહી, બની જાય છે.",0,14.789,0,not_selected_by_random,,,,
1760,"પ્રોફેસરે, વિશેષ પૃચ્છા કરતા પૂછ્યું, ભૂગોળ વિશે, તને કોઈ જાણકારી છે ?.",0,9.384,0,not_selected_by_random,,,,
1761,"પરંતુ જ્યારે, પહેલી જ વાર, કરુણામૂર્તિ, વાત્સલ્યમૂર્તિ, પ્રભુ મહાવીર સ્વામીનો, મેળાપ થયો ત્યારે, અહંકારનો, નાશ થયો.",0,15.54,0,not_selected_by_random,,,,
1762,"હિરાના પત્થર, એટલે કે, કાચા હિરા બને છે, ત્યાં, તાપમાન, ત્રણ હજાર અંશ, સેલ્સિયસ હોય છે.",0,12.421,0,not_selected_by_random,,,,
1763,"મારા ખાટલાની ઈસ પર, અદ્રશ્ય બેસી જતી, અને, અમે હોઠ ઉઘાડ્યા વિના, દિવસનું પહેલું અજવાળું થાય, ત્યાં સુધી, વાતો કર્યા કરતાં.",0,15.673,1,,gujarati_female_001763.wav,m a aa r a aa <wb> kh aa tx a l aa n ii <wb> ii s a <wb> p a r a <wb> a d r a sh y a <wb> b a ee s a ii <wb> j a t a ii <wb> a n a ee <wb> a m a ee <wb> h a o txh a <wb> u gh aa dx y aa <wb> w a i n a aa <wb> d i w a s a n u mq <wb> p a h a ee l a u q <wb> a j a w a aa lx a u q <wb> th a aa y a <wb> t a y a aa q <wb> s a u dh a ii <wb> w a aa t a o <wb> k a r a y a aa <wb> k a r a t a aa q,C22 C0 C1 C29 C0 C1 <wb> C20 C1 C34 C0 C21 C1 C24 C16 <wb> C16 C30 C0 <wb> C28 C0 C29 C0 <wb> C0 C7 C29 C0 C31 C38 C0 <wb> C3 C0 C11 C30 C0 C16 <wb> C17 C0 C32 C0 C16 <wb> C0 C24 C0 C11 <wb> C0 C22 C0 C11 <wb> C15 C0 C26 C35 C0 <wb> C36 C14 C1 C9 C38 C1 <wb> C37 C0 C16 C24 C0 C1 <wb> C7 C16 C37 C0 C30 C0 C24 C36 C23 <wb> C28 C0 C15 C0 C11 C21 C0 C36 C23 <wb> C0 C17 C0 C37 C0 C1 C21 C0 C36 C23 <wb> C33 C0 C1 C38 C0 <wb> C32 C0 C38 C0 C1 C23 <wb> C30 C0 C36 C8 C0 C16 <wb> C37 C0 C1 C32 C0 C26 <wb> C19 C0 C29 C0 C38 C0 C1 <wb> C19 C0 C29 C0 C32 C0 C1 C23,train
1764,"ઉદાહરણ તરીકે, બ્રોન્કસ ઝૂ, અને, સેન્ટ્રલ પાર્ક નામના, પ્રવાસી પક્ષીઓ, જેવા પક્ષીઓ, આવો ગુણ, ધરાવતાં, જોવા મળ્યા છે.",0,16.217,0,not_selected_by_random,,,,
1765,"વિરાટ એમેઝોન નદી નીચે, તેર હજાર એક સો ફુટ નીચે, ભૂગર્ભ નદી, શોધી કાઢી છે.",0,11.958,0,not_selected_by_random,,,,
1766,"નરેન્દ્ર મોદીની સરખામણીએ, રાષ્ટ્રીય સ્તરે, રાહુલ ગાંધી, એક જાણીતી, બ્રાન્ડ છે.",0,10.723,0,not_selected_by_random,,,,
1767,"મોઢામોઢ, કહી દેવાની હિંમત, દરેક વ્યક્તિમાં ન હોય, પરંતુ, એ કલા, તમને એક વાર, સાધ્ય થઈ જાય, તો, તમને, ના કહેવા બદલ, પણ, માન મળશે.",0,18.42,0,not_selected_by_random,,,,
1768,"બિદડા ગામની, લીલી કુંજાર વાડીઓના રસ્તા, હોળીની આસપાસ, આંબાના મોરથી, સુગંધના દરિયા, બની જતા.",0,13.979,0,not_selected_by_random,,,,
1769,"વનશ્રીના, આ પ્રચંડ વિનાશનું, એક બીજું માઠું પરિણામ, એ છે કે, માટીને પકડીને રાખનાર.",0,12.904,0,not_selected_by_random,,,,
1770,"દેશના પ્રથમ શ્રેણીના, અડ્તાલીસ, અને, બીજી શ્રેણીના, છાસઠ શહેરો નદીઓમાં, ગંદુ પાણી, ઠાલવે છે.",0,12.376,1,,gujarati_female_001770.wav,d a ee sh a n a aa <wb> p a r a th a m a <wb> sh r ee nx ii n aa <wb> a dx t aa l ii s a <wb> a n a ee <wb> b a ii j a ii <wb> sh r ee nx ii n aa <wb> ch a aa s a txh a <wb> sh a h a ee r a o <wb> n a d ii o m aa mq <wb> g a mq d u <wb> p a aa nx a ii <wb> txh aa l a w ee <wb> ch a ee,C7 C0 C11 C31 C0 C24 C0 C1 <wb> C28 C0 C29 C0 C33 C0 C22 C0 <wb> C31 C29 C11 C25 C16 C24 C1 <wb> C0 C9 C32 C1 C21 C16 C30 C0 <wb> C0 C24 C0 C11 <wb> C3 C0 C16 C17 C0 C16 <wb> C31 C29 C11 C25 C16 C24 C1 <wb> C6 C0 C1 C30 C0 C35 C0 <wb> C31 C0 C15 C0 C11 C29 C0 C26 <wb> C24 C0 C7 C16 C26 C22 C1 C23 <wb> C13 C0 C23 C7 C36 <wb> C28 C0 C1 C25 C0 C16 <wb> C35 C1 C21 C0 C37 C11 <wb> C6 C0 C11,train
1771,"કેટલાક, જળસ્થળ, પ્રાણીઓ પણ, ભ્રાંતિ અનુભવે છે.",0,6.895,0,not_selected_by_random,,,,
1772,"જેમાં, ગપ્પી ફીશ, એકદમ નાની, હોવા છતાં પણ, ઍટ્રેકટીવ, એને કલરફૂલ હોય છે.",0,11.34,0,not_selected_by_random,,,,
1773,"સર્વવાંગ દર્શન કરી, એમને, અલૌકિક દેહ સમ્પાદન કરી, તેમના મનોરથ, પૂર્ણ કર્યા.",0,10.152,0,not_selected_by_random,,,,
1774,"આપની ચિઠ્ઠી લઈ આવનાર, હજૂરિયાનાં હોઠ, સીવી લઈ, એની, બોબડી બંધ કરી, દીધી છે.",0,10.939,0,not_selected_by_random,,,,
1775,"અરે, એ બૂરા ગ્રહો પણ, ભલા થઈ ગયા, અને, ખુદ તેમણેય, આશીર્વાદ આપી દીધા:, આયુષ્યમાન ભવ!.",0,13.626,0,not_selected_by_random,,,,
1776,"અને અહીંના ઓગણીસ પ્લાન્ટ, તથા, અઠાવન રીએકટરના, કાફલામાં, ફલેમનવીલે રીએક્ટરનો પણ, સમાવેશ છે.",0,12.927,0,not_selected_by_random,,,,
1777,"ને, ન્યાયે, વસંતઋતુનું, છેવટે વર્ણન કરવા માટે, કાલિદાસે, ઋતુસંહાર નો, પ્રારંભ, ગ્રીષ્મઋતુથી, કર્યો.",0,14.391,0,not_selected_by_random,,,,
1778,"અને, જુલાઈ સપ્ટેમ્બરની, ટેસ્ટ સિરીઝમાં, ઇંગ્લેન્ડમાં એનો દેખાવ, શા માટે કંગાળ હતો.",0,11.031,0,not_selected_by_random,,,,
1779,"મને, એ જ સમજાતું નથી કે, આટલા મોટા, ઈવેન્ટ અગાઉ, પાકિસ્તાન બોર્ડે, કેમ આવી રીતે, કેપ્ટન મોડેથી જાહેર કરવાનો, નિર્ણય લીધો.",0,15.888,0,not_selected_by_random,,,,
1780,"તો તે, એકાદ પેન્ટ ખરીદવામાં, સહેલાઈથી, પાંચ સાત હજાર રૂપિયા, આપી દેતો હોય છે,.",0,11.093,0,not_selected_by_random,,,,
1781,"એન્જેલાનું નામ, એક સમયે, રણબીર સાથે, જોડાયું હતું.",0,6.293,1,,gujarati_female_001781.wav,ee n j ee l aa n u mq <wb> n a aa m a <wb> ee k a <wb> s a m a y a ee <wb> r a nx a b a ii r a <wb> s a aa th a ee <wb> j o dx aa y u mq <wb> h a t a u q,C11 C24 C17 C11 C21 C1 C24 C36 C23 <wb> C24 C0 C1 C22 C0 <wb> C11 C19 C0 <wb> C30 C0 C22 C0 C38 C0 C11 <wb> C29 C0 C25 C0 C3 C0 C16 C29 C0 <wb> C30 C0 C1 C33 C0 C11 <wb> C17 C26 C9 C1 C38 C36 C23 <wb> C15 C0 C32 C0 C36 C23,train
1782,"સંઘક્રાન્તિ, સહૂએ આ દિવસે, જૂના વૈરભાવ હોય, તો તે, તજી દઈને, એક થવું જોઈએ.",0,12.356,0,not_selected_by_random,,,,
1783,"આ લેબ, જીનિવાની વાયવ્ય બાજુએ, ફ્રાન્સ સ્વિત્ઝર્લેન્ડની, સરહદ પર, આવેલી છે.",0,11.01,0,not_selected_by_random,,,,
1784,"વહેણના ઝડપ તો, તેના મુખ પાસે, એક સેકન્ડમાં, ત્રણ હજાર નવસો, ઘનમીટર અંદાજવામાં, આવ્યો છે.",0,13.092,0,not_selected_by_random,,,,
1785,"રાવન, અને, ડોન બે, સલમાન ખાનની પણ, બે ફિલ્મ, રેડી, અને, દક્ષિણની ફિલ્મ, બોડીગાર્ડની, રિમેક છે,.",0,12.655,1,,gujarati_female_001785.wav,r aa w a n a <wb> a n a ee <wb> dx a o n a <wb> b a ee <wb> s a l a m a aa n a <wb> kh aa n a n ii <wb> p a nx a <wb> b a ee <wb> ph a i l a m a <wb> r ee dx ii <wb> a n a ee <wb> d a k sx i nx a n ii <wb> ph a i l a m a <wb> b o dx ii g aa r dx a n ii <wb> r i m ee k a <wb> ch a ee,C29 C1 C37 C0 C24 C0 <wb> C0 C24 C0 C11 <wb> C9 C0 C26 C24 C0 <wb> C3 C0 C11 <wb> C30 C0 C21 C0 C22 C0 C1 C24 C0 <wb> C20 C1 C24 C0 C24 C16 <wb> C28 C0 C25 C0 <wb> C3 C0 C11 <wb> C12 C0 C16 C21 C0 C22 C0 <wb> C29 C11 C9 C16 <wb> C0 C24 C0 C11 <wb> C7 C0 C19 C31 C16 C25 C0 C24 C16 <wb> C12 C0 C16 C21 C0 C22 C0 <wb> C3 C26 C9 C16 C13 C1 C29 C9 C0 C24 C16 <wb> C29 C16 C22 C11 C19 C0 <wb> C6 C0 C11,test
1786,"ફ્રેન્ચ નવલકથાકાર, આન્દ્ર જીદને, કોઈએ કહ્યું હતું કે, તમારા જીવનની, પરમ આનંદની ક્ષણ, કઈ ?.",0,12.249,0,not_selected_by_random,,,,
1787,"મિત્ર તકલીફમાં હોય, ત્યારે, તેને મળીને, શું કામ તેને, ક્ષોભ શરમમાં, નાંખવો !.",0,11.125,0,not_selected_by_random,,,,
1788,"આંખોમાં, વાદળની ભીનાશ અંજાઈ જાય, અને, મનમાં, મેઘધનુષી રંગોળે રચાય.",0,9.977,0,not_selected_by_random,,,,
1789,"એક ચોપડીનું મેન્યુસ્ક્રિપ્ટ હતું, તેની ફોટો કોપી, કાઢવાની હતી.",0,7.95,0,not_selected_by_random,,,,
1790,"તેથી જ, ઔદ્યોગિક ભઠ્ઠીઓને, ઠંડી રાખવા, અને, ન્યૂક્લિયર રિએક્ટરને, ઠંડા રાખવા, વહેતા પાણીનો, ઉપયોગ થાય છે.",0,13.983,0,not_selected_by_random,,,,
1791,"વરસાદ માટે, પ્રજન્ય યજ્ઞ, રામઘૂન, અને, સામૂહીક પ્રાર્થના, તેમજ, બંદગી જેવા, પ્રોગ્રામો, થયા હતા.",0,14.583,0,not_selected_by_random,,,,
1792,"પ્રશ્નો વંચાયા, અને, આખોય દરબાર, સ્તબ્ધ, બની ગયો.",0,7.072,0,not_selected_by_random,,,,
1793,"ભગવાનને એમ કે, આંધળો આંખ માગશે, લંગડો પગ માગશે, પણ, એ લોકોએ, જે માંગ્યું, એનાથી, પરમાત્માને, ભોંઠપ લાગી.",0,16.021,0,not_selected_by_random,,,,
1794,"જૂનાગઢમાં, મૌર્ય, ગુપ્ત, ચુડાસમા, અને, બાબીઓ મુસ્લીમો નું, શાસન રહ્યું છે.",0,12.03,0,not_selected_by_random,,,,
1795,"અને, નેશનલ બોર્ડ, ફોર હાયર મેથેમેટિક્સ, જેવી, પ્રતિષ્ઠિત સંસ્થાઓએ, તેમનું, બહુમાન કરેલ હતું.",0,10.89,1,,gujarati_female_001795.wav,a n a ee <wb> n a ee sh a n a l a <wb> b a o r a dx a <wb> ph a o r a <wb> h aa y a r a <wb> m ee th ee m ee tx i k s a <wb> j a ee w a ii <wb> p a r a t a i sx a txh a i t a <wb> s a q s a th a aa o ee <wb> t a ee m a n a u q <wb> b a h a u m a aa n a <wb> k a r a ee l a <wb> h a t a u q,C0 C24 C0 C11 <wb> C24 C0 C11 C31 C0 C24 C0 C21 C0 <wb> C3 C0 C26 C29 C0 C9 C0 <wb> C12 C0 C26 C29 C0 <wb> C15 C1 C38 C0 C29 C0 <wb> C22 C11 C33 C11 C22 C11 C34 C16 C19 C30 C0 <wb> C17 C0 C11 C37 C0 C16 <wb> C28 C0 C29 C0 C32 C0 C16 C31 C0 C35 C0 C16 C32 C0 <wb> C30 C0 C23 C30 C0 C33 C0 C1 C26 C11 <wb> C32 C0 C11 C22 C0 C24 C0 C36 C23 <wb> C3 C0 C15 C0 C36 C22 C0 C1 C24 C0 <wb> C19 C0 C29 C0 C11 C21 C0 <wb> C15 C0 C32 C0 C36 C23,train
1796,"એ કવિતા વંચાવતો હતો, ત્યારે, બાપના ચહેરા પર, એક પ્રકારની, ચીડ હતી, સૂગ હતી.",0,10.945,0,not_selected_by_random,,,,
1797,"ડીઝલ કારનું વેચાણ, એકવીસ પોઈન્ટ ચાર ટકા હતું, જે, બે હજાર દસ -અગિયાર માં, અઠયાવીસ પોઈન્ટ, બેતાલીસ ટકા, અને, બે હજાર અગિયાર-બાર માં, સીધું, પચાચ ટકા, થઈ ગયું છે.",0,19.95,0,not_selected_by_random,,,,
1798,"ચોમાસામાં, લીલા તાજા ઘાસના, સેંકડો તણખલાં, એકઠાં કરી લાવીને, નરસુગરીની ટોળી સાથે મળીને, નિરાંતે માળો ગૂંથે.",0,15.047,1,,gujarati_female_001798.wav,c a o m a aa s a aa m a aa q <wb> l a ii l a aa <wb> t aa j aa <wb> gh a aa s a n a aa <wb> s a ee q k a dx a o <wb> t a nx a kh a l aa mq <wb> ee k a txh aa mq <wb> k a r a ii <wb> l a aa w a ii n a ee <wb> n a r a s u g a r ii n ii <wb> tx o lx ii <wb> s a aa th a ee <wb> m a lx a ii n a ee <wb> n a i r a aa q t a ee <wb> m a aa lx a o <wb> g uu mq th ee,C5 C0 C26 C22 C0 C1 C30 C0 C1 C22 C0 C1 C23 <wb> C21 C0 C16 C21 C0 C1 <wb> C32 C1 C17 C1 <wb> C14 C0 C1 C30 C0 C24 C0 C1 <wb> C30 C0 C11 C23 C19 C0 C9 C0 C26 <wb> C32 C0 C25 C0 C20 C0 C21 C1 C23 <wb> C11 C19 C0 C35 C1 C23 <wb> C19 C0 C29 C0 C16 <wb> C21 C0 C1 C37 C0 C16 C24 C0 C11 <wb> C24 C0 C29 C0 C30 C36 C13 C0 C29 C16 C24 C16 <wb> C34 C26 C21 C16 <wb> C30 C0 C1 C33 C0 C11 <wb> C22 C0 C21 C0 C16 C24 C0 C11 <wb> C24 C0 C16 C29 C0 C1 C23 C32 C0 C11 <wb> C22 C0 C1 C21 C0 C26 <wb> C13 C36 C23 C33 C11,test
1799,"ઓગણીસો પાત્રીસ માં, ગિરનાર ઉપર, મસ્જિદ હોવાનો વિવાદ સર્જાતા, દીન નામના, સાપ્તાહિકે, જબરો, ઉહાપોહ મચાવ્યો",0,14.57,0,not_selected_by_random,,,,
1800,"ચોમાસું અવશ્ય આવશે, અને, એકાદ વૃક્ષ, ઊછરી જશે.",0,7.301,0,not_selected_by_random,,,,
1801,"એનું મૂલ્યાંકન કરવાની, ફૂરસદ, આજે કોઇનેય નથી.",0,5.759,1,,gujarati_female_001801.wav,ee n a u q <wb> m a uu l a y a aa q k a n a <wb> k a r a w a aa n a ii <wb> ph uu r a s a d a <wb> aa j a ee <wb> k o i n ee y a <wb> n a th a ii,C11 C24 C0 C36 C23 <wb> C22 C0 C36 C21 C0 C38 C0 C1 C23 C19 C0 C24 C0 <wb> C19 C0 C29 C0 C37 C0 C1 C24 C0 C16 <wb> C12 C36 C29 C0 C30 C0 C7 C0 <wb> C1 C17 C0 C11 <wb> C19 C26 C16 C24 C11 C38 C0 <wb> C24 C0 C33 C0 C16,train
1802,"દુનિયામાં પાણીનો કારોબાર કરતી, દસ ટોચની કંપનીઓ ઉપર, ભ્રષ્ટાચારના, અને, ગેરરીતિના, અનેક આક્ષેપો થયા છે.",0,13.63,1,,gujarati_female_001802.wav,d a u n a i y a aa m a aa q <wb> p a aa nx a ii n a o <wb> k a aa r a o b a aa r a <wb> k a r a t a ii <wb> d a s a <wb> tx o c a n ii <wb> k a q p a n a ii o <wb> u p a r a <wb> bh r a sx tx aa c aa r a n aa <wb> a n a ee <wb> g ee r a r ii t i n aa <wb> a n a ee k a <wb> aa k sx ee p o <wb> th a y a aa <wb> ch a ee,C7 C0 C36 C24 C0 C16 C38 C0 C1 C22 C0 C1 C23 <wb> C28 C0 C1 C25 C0 C16 C24 C0 C26 <wb> C19 C0 C1 C29 C0 C26 C3 C0 C1 C29 C0 <wb> C19 C0 C29 C0 C32 C0 C16 <wb> C7 C0 C30 C0 <wb> C34 C26 C5 C0 C24 C16 <wb> C19 C0 C23 C28 C0 C24 C0 C16 C26 <wb> C36 C28 C0 C29 C0 <wb> C4 C29 C0 C31 C34 C1 C5 C1 C29 C0 C24 C1 <wb> C0 C24 C0 C11 <wb> C13 C11 C29 C0 C29 C16 C32 C16 C24 C1 <wb> C0 C24 C0 C11 C19 C0 <wb> C1 C19 C31 C11 C28 C26 <wb> C33 C0 C38 C0 C1 <wb> C6 C0 C11,train
1803,"વર્ષોથી, બચતની આદત પડી જતા, પતિ, હજી પણ, મોજશોખ ઉપર, કાપ મૂકીને, બચતની જ સલાહ, આપે છે.",0,13.79,0,not_selected_by_random,,,,
1804,"સ્માર્ટફોન, ટેબ્લેટની ઉપયોગીતા, અનેક ગણી વધારી મૂકતાં, એપ્સ, ગુગલ પ્લસમાં પણ, સામેલ કરવામાં, આવશે.",0,12.505,0,not_selected_by_random,,,,
1805,"એ માટે, હવેલીના, ગોસ્વામી, શ્રી વ્રજલાલજી મહારાજ, તેમના માટે, ખાસ બેઠક ગોઠવતા.",0,11.196,0,not_selected_by_random,,,,
1806,"એમેઝોન નદીની ઉંડાઇ, કેટલાય, દશ દશ મીટરોથી માંડી, સેંકડો મીટરો, બદલાતી હતી.",0,10.661,0,not_selected_by_random,,,,
1807,"એક સ્ત્રીએ, બારણું ખોલ્યું, તમારી પાસે, બટકો રોટલો હોય, તો મને આપશો?.",0,9.232,0,not_selected_by_random,,,,
1808,"પ્રભાવ જમાવનાર, જેમ્સ વોટસનને, ડિરેક્ટર તરીકે, નિયુક્ત કરવામાં, આવે છે.",0,8.849,0,not_selected_by_random,,,,
1809,"આવા, મહાબતખાનજીએ, આઝાદી પછી, પાકિસ્તાનમાં ભળવાનો, ખોટો નિર્ણય કર્યો, ત્યારે, એમની ઉજળી કારકીર્દિ, ધુળમાં મળી ગઈ.",0,14.876,0,not_selected_by_random,,,,
1810,"સુંદર, લોકેશનો, તેમજ, સમુદ્રતટો પર, ટ્રિપપ્લાન પણ, ઉપલબ્ધ હોય છે.",0,9.871,0,not_selected_by_random,,,,
1811,"ખાસ કરીને, દાબેલી, વડાપાંઉ, પફ, સેન્ડવીચને, અમે, પ્રાયોરીટી, આપીએ છીએ.",0,10.477,0,not_selected_by_random,,,,
1812,"ચંદા કોચર, અનિલ નાયક, જીવી કે રેડ્ડી, ગૌતમ અદાણી, આનંદ મહિન્દ્રા, અજિત ગુલાબચંદ, સુભાષ ચંદ્રા, પ્રસુન્ન મુખરજી",0,17.778,0,not_selected_by_random,,,,
1813,"હજારો એક્યુરેટ હ્યુમન જેનોમ, સિકવન્સ ઉકેલી, તેનો સ્ટાન્ડર્ડ ડેટાબેઝ, તૈયાર કરવાની જરૃર છે.",0,10.932,0,not_selected_by_random,,,,
1814,"જેને અંગ્રેજીમાં, સ્પીન ઓફ કહે છે, તેવી પ્રયુક્તિઓ પણ, જો નાણાનાં ભંડોળ મળે, તો બનાવી શકાય છે.",0,12.42,0,not_selected_by_random,,,,
1815,"પોતાના દોષ વિના, મળેલા, આ લાંછન, દુર્ભાગ્યનો બોજ, લઈ જીવવાનું છે.",0,9.666,0,not_selected_by_random,,,,
1816,"રાજાના રસોડામાં પણ, ચતુર રસોઈયાઓ, નિત્ય, નવીન વાનીઓમાંથી, ભાત ભાતની, સુગંધી નાંખી, ખુશી કરતા.",0,13.452,0,not_selected_by_random,,,,
1817,"સત્યવિસ જૂન સુધી, કુલ નેવું લાખ, પચાસ હજાર લોકોને, યુઆઇડી, આપી દેવામાં, આવ્યા છે.",0,10.867,1,,gujarati_female_001817.wav,s a t y a w i s a <wb> j a uu n a <wb> s a u dh a ii <wb> k a u l a <wb> n a ee w a u q <wb> l a aa kh a <wb> p a c a aa s a <wb> h a j a aa r a <wb> l a o k a o n a ee <wb> y u aa i dx ii <wb> aa p a ii <wb> d a ee w a aa m a aa q <wb> aa w a y a aa <wb> ch a ee,C30 C0 C32 C38 C0 C37 C16 C30 C0 <wb> C17 C0 C36 C24 C0 <wb> C30 C0 C36 C8 C0 C16 <wb> C19 C0 C36 C21 C0 <wb> C24 C0 C11 C37 C0 C36 C23 <wb> C21 C0 C1 C20 C0 <wb> C28 C0 C5 C0 C1 C30 C0 <wb> C15 C0 C17 C0 C1 C29 C0 <wb> C21 C0 C26 C19 C0 C26 C24 C0 C11 <wb> C38 C36 C1 C16 C9 C16 <wb> C1 C28 C0 C16 <wb> C7 C0 C11 C37 C0 C1 C22 C0 C1 C23 <wb> C1 C37 C0 C38 C0 C1 <wb> C6 C0 C11,train
1818,"સીલ ની ટુકડી, ખાસ તાલીમ લીધેલ, સ્પેશ્યલ ફોર્સિઝના, જવાનોની.",0,8.439,0,not_selected_by_random,,,,
1819,"એક વખત, દ્રવિડ સેટ થઇ જાય, તે પછી, તેને, આઉટ કરવા, તમારે, એક ડઝન તોપમાંથી, એકસાથે ગોળાઓ, છોડવા પડે.",0,14.843,0,not_selected_by_random,,,,
1820,"ફેફસામાં ઇન્ફેક્શન થયાનું, જણાવી શા માટે, એ, જૂન-જુલાઈની, વેસ્ટ ઇન્ડીઝની ટુરમાંથી, ખસી ગયો.",0,11.657,0,not_selected_by_random,,,,
1821,"કોઈ આવીને, ડાળી ઝુકાવે છે, અને, હું ટચ્ચ કરતું, ફૂલ ચૂટું છું.",0,8.716,0,not_selected_by_random,,,,
1822,"સાહસ અને શ્રદ્ધાની, સીમા હોતી નથી, મણિનગરમાં રહેતા, ઇકોતેર વર્ષીય, રજનીકાન્ત શુક્લ.",0,10.429,0,not_selected_by_random,,,,
1823,"પોતાની જાતને, પોતાનો, પરમ હિતેચ્છુ, ગણે છે, પણ, કામ કરે છે, પોતાના કટ્ટર હિતશત્રુનું !.",0,10.844,1,,gujarati_female_001823.wav,p a o t a aa n a ii <wb> j a aa t a n a ee <wb> p a o t a aa n a o <wb> p a r a m a <wb> h i t ee c ch u <wb> g a nx ee <wb> ch a ee <wb> p a nx a <wb> k a aa m a <wb> k a r a ee <wb> ch a ee <wb> p a o t a aa n a aa <wb> k a tx tx a r a <wb> h i t a sh a t r u n u mq,C28 C0 C26 C32 C0 C1 C24 C0 C16 <wb> C17 C0 C1 C32 C0 C24 C0 C11 <wb> C28 C0 C26 C32 C0 C1 C24 C0 C26 <wb> C28 C0 C29 C0 C22 C0 <wb> C15 C16 C32 C11 C5 C6 C36 <wb> C13 C0 C25 C11 <wb> C6 C0 C11 <wb> C28 C0 C25 C0 <wb> C19 C0 C1 C22 C0 <wb> C19 C0 C29 C0 C11 <wb> C6 C0 C11 <wb> C28 C0 C26 C32 C0 C1 C24 C0 C1 <wb> C19 C0 C34 C34 C0 C29 C0 <wb> C15 C16 C32 C0 C31 C0 C32 C29 C36 C24 C36 C23,train
1824,"કોઈ કહેશે, અમે ક્યાં લેખક-કવિ, ચિત્રકાર, કે સંગીતકાર છીએ, કે, અમને ઝરણાના સંગીતમાં, સૂર્યાસ્તના રંગોમાં, કે, તારા-ભરેલી રાતોમાં, રસ પડે ?.",0,16.556,1,,gujarati_female_001824.wav,k a o ii <wb> k a h ee sh ee <wb> a m a ee <wb> k a y a aa q <wb> l a ee kh a k a <wb> k a w a i <wb> c a i t a r a k a aa r a <wb> k a ee <wb> s a q g a ii t a k a aa r a <wb> ch a ii ee <wb> k a ee <wb> a m a n a ee <wb> jh a r a nx aa n aa <wb> s a q g a ii t a m a aa q <wb> s uu r y aa s t a n aa <wb> r a mq g o m aa mq <wb> k a ee <wb> t a aa r a aa <wb> bh a r a ee l a ii <wb> r aa t o m aa mq <wb> r a s a <wb> p a dx a ee,C19 C0 C26 C16 <wb> C19 C0 C15 C11 C31 C11 <wb> C0 C22 C0 C11 <wb> C19 C0 C38 C0 C1 C23 <wb> C21 C0 C11 C20 C0 C19 C0 <wb> C19 C0 C37 C0 C16 <wb> C5 C0 C16 C32 C0 C29 C0 C19 C0 C1 C29 C0 <wb> C19 C0 C11 <wb> C30 C0 C23 C13 C0 C16 C32 C0 C19 C0 C1 C29 C0 <wb> C6 C0 C16 C11 <wb> C19 C0 C11 <wb> C0 C22 C0 C24 C0 C11 <wb> C18 C0 C29 C0 C25 C1 C24 C1 <wb> C30 C0 C23 C13 C0 C16 C32 C0 C22 C0 C1 C23 <wb> C30 C36 C29 C38 C1 C30 C32 C0 C24 C1 <wb> C29 C0 C23 C13 C26 C22 C1 C23 <wb> C19 C0 C11 <wb> C32 C0 C1 C29 C0 C1 <wb> C4 C0 C29 C0 C11 C21 C0 C16 <wb> C29 C1 C32 C26 C22 C1 C23 <wb> C29 C0 C30 C0 <wb> C28 C0 C9 C0 C11,train
1825,"મોગલ સમ્રાટ શાહજહાં પાસે તે હતો, આ હિરાએ, રજવાડાઓની, ઘણી ઉથલપાથલો, જોઈ છે.",0,9.381,1,,gujarati_female_001825.wav,m o g a l a <wb> s a m r aa tx a <wb> sh a aa h a j a h a aa q <wb> p a aa s a ee <wb> t a ee <wb> h a t a o <wb> aa <wb> h i r aa ee <wb> r a j a w aa dx aa o n ii <wb> gh a nx a ii <wb> u th a l a p aa th a l o <wb> j a o ii <wb> ch a ee,C22 C26 C13 C0 C21 C0 <wb> C30 C0 C22 C29 C1 C34 C0 <wb> C31 C0 C1 C15 C0 C17 C0 C15 C0 C1 C23 <wb> C28 C0 C1 C30 C0 C11 <wb> C32 C0 C11 <wb> C15 C0 C32 C0 C26 <wb> C1 <wb> C15 C16 C29 C1 C11 <wb> C29 C0 C17 C0 C37 C1 C9 C1 C26 C24 C16 <wb> C14 C0 C25 C0 C16 <wb> C36 C33 C0 C21 C0 C28 C1 C33 C0 C21 C26 <wb> C17 C0 C26 C16 <wb> C6 C0 C11,train
1826,"રોગ જીવલેણ છે, પરંતુ, તબીબી સુવિધાઓ, અને, સામાન્ય માહિતીનો અભાવ, ખોટી જીવનશૈલી, અને, ખરાબ ટેવને કારણે, તે, વધુ ઘાતક, બની જાય છે.",0,17.376,0,not_selected_by_random,,,,
1827,"હજી, ગયા વર્ષના, નવેમ્બર મહિનામાં, કોલકાતા ખાતે, વેસ્ટ ઇન્ડિઝ સામે રમતાં, રાહુલ દ્રવિડે, એકસો ઓગણીસ રન, કર્યા હતા.",0,15.035,0,not_selected_by_random,,,,
1828,"ડ્રાય બલ્ક ટર્મિનલ, કંડલા પોર્ટ ખાતે, કંડલા, ક્રીકની બહાર, ટુના પાસેના ટેકરા પાસે, બનાવાશે.",0,12.319,0,not_selected_by_random,,,,
1829,"તે માટેની, ગળાકાપ હરીફાઈ, વગેરેએ, આખી અર્થવ્યવસ્થામાં, આમૂલ પરિવર્તન, આણ્યું છે.",0,11.204,0,not_selected_by_random,,,,
1830,"સત્વશીલ બનીને, સત્તાશીલ બન્યાનો આનંદ, કોઇ વિરલાના નશીબમાં જ, લખાએલો હોય છે.",0,10.678,0,not_selected_by_random,,,,
1831,"મારા પતિને મુક્ત કર, મારું ઘર તૂટે છે, એની, શબાના એ, ફોન પરની, કાકલૂદી આપણને પણ, સ્પર્શી જાય છે.",0,13.635,0,not_selected_by_random,,,,
1832,"પીટરમાન ગ્લેશિયરમાં, થોડાંક વર્ષોમાં, ગ્લોબલ વોર્મિંગના, ફેરફારોએ, વિજ્ઞાનીઓમાં, આશ્ચર્ય સર્જ્યું છે.",0,12.249,0,not_selected_by_random,,,,
1833,"પાનાં ઉપર, ટચ્ચ દઈ, ખૂંપતી લીમડાની સળી, ને, પતરાળી તૈયાર!, અરે!.",0,8.923,0,not_selected_by_random,,,,
1834,"તેની સાથે, ઉત્તર પૂર્વીય, પવનો, ફુંકાઇ રહ્યાં છે.",0,6.855,0,not_selected_by_random,,,,
1835,"ગ્લાસમાં, સ્ટોર થયેલો ડેટા ફોન, ટેબ્લેટ, કે કમ્પ્યુટરમાં, લઇ શકાય છે.",0,9.215,0,not_selected_by_random,,,,
1836,"કુંભકર્ણની, ઉંઘમાંથી જાગીને, હવે, તેની, પુનઃસમીક્ષા, કરી રહ્યાં છે.",0,9.053,0,not_selected_by_random,,,,
1837,"લોકાહિતાર્થ મંદિર, કુવા, વાવ, તળાવ, ધર્મશાળા, સિંહાસન, ઉપર સોનાના વરખ, ચોટાળે છે.",0,13.825,0,not_selected_by_random,,,,
1839,"સામે પક્ષે, આપણું ટોચનું નેતૃત્વ, સંસદમાં સાઈઠ વર્ષ પૂરાં, થવાના પ્રસંગે, કાર્ટૂનને મુદ્દે, ચર્ચા કરી રહ્યું છે.",0,13.212,1,,gujarati_female_001839.wav,s a aa m a ee <wb> p a k a sx a ee <wb> aa p a nx a u q <wb> tx a o c a n a u q <wb> n a ee t a t a w a <wb> s a q s a d a m a aa q <wb> s a aa ii txh a <wb> w a r a sx a <wb> p a uu r a aa q <wb> th a w a aa n a aa <wb> p a r a s a q g a ee <wb> k aa r tx uu n a n ee <wb> m a u d a d a ee <wb> c a r a c a aa <wb> k a r a ii <wb> r a h a y a u q <wb> ch a ee,C30 C0 C1 C22 C0 C11 <wb> C28 C0 C19 C0 C31 C0 C11 <wb> C1 C28 C0 C25 C0 C36 C23 <wb> C34 C0 C26 C5 C0 C24 C0 C36 C23 <wb> C24 C0 C11 C32 C0 C32 C0 C37 C0 <wb> C30 C0 C23 C30 C0 C7 C0 C22 C0 C1 C23 <wb> C30 C0 C1 C16 C35 C0 <wb> C37 C0 C29 C0 C31 C0 <wb> C28 C0 C36 C29 C0 C1 C23 <wb> C33 C0 C37 C0 C1 C24 C0 C1 <wb> C28 C0 C29 C0 C30 C0 C23 C13 C0 C11 <wb> C19 C1 C29 C34 C36 C24 C0 C24 C11 <wb> C22 C0 C36 C7 C0 C7 C0 C11 <wb> C5 C0 C29 C0 C5 C0 C1 <wb> C19 C0 C29 C0 C16 <wb> C29 C0 C15 C0 C38 C0 C36 C23 <wb> C6 C0 C11,train
1840,"વૈશ્વિક સ્તરે, ભારતની એક તંદુરસ્ત ઇમેજ, બની ચૂકી છે.",0,7.67,0,not_selected_by_random,,,,
1841,"દર્દીને જોવા જવાની, મારી ફી, પચ્ચીસ રૂપિયા છે, અને, એની પાસે તો, પાંચ જ રૂપિયા છે.",0,11.089,0,not_selected_by_random,,,,
1842,"આ મંદિરમાં જવાનો રસ્તો, ખૂબ સાંકડો હતો, અને, તેમાં ભક્તોની ભીડને ખાળવા, બેરીકેડ્સ પણ, મૂકવામાં આવ્યા, નહોતા.",0,12.608,1,,gujarati_female_001842.wav,aa <wb> m a q d a i r a m a aa q <wb> j a w a aa n a o <wb> r a s a t a o <wb> kh a uu b a <wb> s a aa q k a dx a o <wb> h a t a o <wb> a n a ee <wb> t a ee m a aa q <wb> bh a k t o n ii <wb> bh ii dx a n ee <wb> kh aa lx a w aa <wb> b ee r ii k ee dx s a <wb> p a nx a <wb> m a uu k a w a aa m a aa q <wb> aa w a y a aa <wb> n a h a o t a aa,C1 <wb> C22 C0 C23 C7 C0 C16 C29 C0 C22 C0 C1 C23 <wb> C17 C0 C37 C0 C1 C24 C0 C26 <wb> C29 C0 C30 C0 C32 C0 C26 <wb> C20 C0 C36 C3 C0 <wb> C30 C0 C1 C23 C19 C0 C9 C0 C26 <wb> C15 C0 C32 C0 C26 <wb> C0 C24 C0 C11 <wb> C32 C0 C11 C22 C0 C1 C23 <wb> C4 C0 C19 C32 C26 C24 C16 <wb> C4 C16 C9 C0 C24 C11 <wb> C20 C1 C21 C0 C37 C1 <wb> C3 C11 C29 C16 C19 C11 C9 C30 C0 <wb> C28 C0 C25 C0 <wb> C22 C0 C36 C19 C0 C37 C0 C1 C22 C0 C1 C23 <wb> C1 C37 C0 C38 C0 C1 <wb> C24 C0 C15 C0 C26 C32 C0 C1,val
1843,"પાણીમાં પલળીને, લથબથ થતાં, દલાશેઠ, બહાર નીકળ્યાં.",0,7.368,0,not_selected_by_random,,,,
1844,"પરંતુ, જોતજોતાંમાં, અખિલેશ યાદવની, કોરી પાટી પર, રાજકારણની, શાહીનાં છાંટણાં, થવા લાગ્યાં છે.",0,12.97,0,not_selected_by_random,,,,
1845,"સગી આંખે દૂરથી, જોયેલા એક ઝઘડાના દૃશ્યના, બે જ આંખે દેખ્યા અહેવાલો, આટલાં ભિન્ન, કે તદ્દન, વિરોધાભાસી, બની જતા હોય.",0,15.794,0,not_selected_by_random,,,,
1846,"ચારુલ, લક્ક્ડખોદ, પક્ષીની માણસ જેવી, વાત કરવાની રીતથી, અચંબામાં, પડી ગઈ, અને કહ્યું.",0,11.221,0,not_selected_by_random,,,,
1847,"જો આ વખતે, સરકાર, ઝૂકી જશે, અને, છવીસ અગયારના, હુમલાના કેસમાં, કોઈ કાચું કપાશે, તો, પ્રજા તેને કોઈ કાળે, માફ નહીં કરે.",0,16.377,0,not_selected_by_random,,,,
1848,"પોતાનું આ કામ, પૂરું કરીને, તેનો રિપોર્ટ, સંસદની પબ્લિક એકાઉન્ટ સમિતિને, સુપરત કરી દેતી.",0,11.694,0,not_selected_by_random,,,,
1849,"દીકરીએ, ચોથો, અને અંતિમ પ્રશ્ન પૂછ્યો:, ‘માણેક, દિયરા જલે બાબા’.",0,8.72,0,not_selected_by_random,,,,
1850,"વૈજ્ઞાનિક જર્નલ, 'નેચર' અને 'સાયન્સ', હ્યુમન જેનોમનો, વર્કીગ ક્રાફટ, પ્રકાશીત થયો હતો.",0,10.757,0,not_selected_by_random,,,,
1851,"ઇમ્તિયાઝ અલીની, 'રોકસ્ટાર', નવેમ્બર મહિનામાં, રિલીઝ થવાની છે.",0,8.063,0,not_selected_by_random,,,,
1852,"રિલાયન્સ ઇન્ડસ્ટ્રીઝને, હવે, ક્રિષ્ના ગોદાવરીનો ગેસ, અત્યારે, મિલિયન બીટીયુના, ચાર પોઈન્ટ બે ડૉલરે, પડે છે.",0,13.425,0,not_selected_by_random,,,,
1853,"જોકે, આંધ્ર પ્રદેશના, શહેરી વિકાસ વિભાગના, સેક્રેટરી, પુષ્પા સુબ્રમણિયમ, રાજ્ય સરકાર, આ મુદ્દે, ગંભીરતાથી નથી વિચારતી",0,14.263,0,not_selected_by_random,,,,
1854,"આમ, એમેઝોન નદીની નીચે, તેર હજાર ફુટ ઊંડાઈએ, વહેતી, હમ્ઝા નદીનું, ઉંડે સુધી, ભૂસ્તર કેવું છે.",0,13.06,0,not_selected_by_random,,,,
1855,"સ્વામી આનંદ, મકરન્દ દવે, હરીન્દ્ર દવે, દલાઈ લામાની વાતોની, લહેરખી, વહ્યા કરે.",0,11.209,0,not_selected_by_random,,,,
1856,"સૂર્યદેવનાં, પ્રત્યક્ષ દર્શન, અને, પ્રકાશ તેની ઉષા, અને હૂંફથી, પ્રાપ્ત થતી પુષ્ઠિનો લાભ લેતાં, કરોડો જીવ-જંતુ, જીવે છે",0,15.757,0,not_selected_by_random,,,,
1857,"એમ કહીને, શેઠે, વારે ઘડિયે ગોખતાં, કંઠસ્થ થઈ ગયેલી, પેલી પંક્તિઓનો, કોયડો, શેઠાણીને કહ્યો.",0,12.6,0,not_selected_by_random,,,,
1858,"જ્યાં તેલના કૂવાઓનું, ડ્રીલીંગ કરી, બોર ગાળવામાં આવ્યા છે, તે વિસ્તારમાં, સપાટી નીચે, પાણી, ઝામતું હોય છે",0,12.999,0,not_selected_by_random,,,,
1859,"વિશ્વભારતી યુનિવર્સિટીએ, પથભવન વિદ્યાલયની, કરાબી હોસ્ટેલની, વોર્ડન, ઉમા પોદ્દારનો, બચાવ કર્યો નથી, એ પણ, સારી વાત છે.",0,15.4,0,not_selected_by_random,,,,
1860,"સૂર્યાસ્ત પછી, એની પર છવાતા, આછા અંધકારમાં, વિષાદની છાંટ, ભળી જાય.",0,9.463,0,not_selected_by_random,,,,
1861,"હિંદુ ધાર્મિક વિધિ અનુસાર, લક્ષ્મીપૂજન, શ્રાવણી પૂનમે, નાળિયેરી બંદરના અધિકારીઓ દ્વારા, દરિયાનું પૂજન, કરવામાં આવતું.",0,14.428,0,not_selected_by_random,,,,
1862,"ઝપ કરતી, એ, બેઠી થઈ ગઈ, અને, શિંગડાં ઉલાળી, એણે, મુલ્લાંને, ભોંયભેગા, કરી દીધા.",0,11.49,0,not_selected_by_random,,,,
1863,"આંતરરાષ્ટ્રીય, વન ડે, ક્રિકેટ ડોન બ્રેડમેનનું, 'બ્રેઇનચાઇલ્ડ' છેઃ, લોરી.",0,8.652,0,not_selected_by_random,,,,
1864,"આથી આજે, વિકસિત દુનિયામાં, માત્ર દવા, તથા, ઇલાજ જ, આરોગ્યની દેખરેખના, અસરકારક ઉપાય નથી માનવામાં, આવતા.",0,12.91,1,,gujarati_female_001864.wav,aa th a ii <wb> aa j a ee <wb> w i k a s i t a <wb> d a u n a i y a aa m a aa q <wb> m a aa t a r a <wb> d a w a aa <wb> t a th a aa <wb> i l aa j a <wb> j a <wb> aa r a o g a y a n a ii <wb> d ee kh a r ee kh a n aa <wb> a s a r a k a aa r a k a <wb> u p a aa y a <wb> n a th a ii <wb> m a aa n a w a aa m a aa q <wb> aa w a t a aa,C1 C33 C0 C16 <wb> C1 C17 C0 C11 <wb> C37 C16 C19 C0 C30 C16 C32 C0 <wb> C7 C0 C36 C24 C0 C16 C38 C0 C1 C22 C0 C1 C23 <wb> C22 C0 C1 C32 C0 C29 C0 <wb> C7 C0 C37 C0 C1 <wb> C32 C0 C33 C0 C1 <wb> C16 C21 C1 C17 C0 <wb> C17 C0 <wb> C1 C29 C0 C26 C13 C0 C38 C0 C24 C0 C16 <wb> C7 C11 C20 C0 C29 C11 C20 C0 C24 C1 <wb> C0 C30 C0 C29 C0 C19 C0 C1 C29 C0 C19 C0 <wb> C36 C28 C0 C1 C38 C0 <wb> C24 C0 C33 C0 C16 <wb> C22 C0 C1 C24 C0 C37 C0 C1 C22 C0 C1 C23 <wb> C1 C37 C0 C32 C0 C1,train
1865,"ઘણે દાડે, ઘેર વળતો મનેખ પણ, પાદરની ધૂળમાં, પગલું પાડે, કે, એના જીવને, ટાઢક થાય.",0,12.287,0,not_selected_by_random,,,,
1866,"તાજેતરમાં, ઓસ્ટ્રેલિયાની ટેસ્ટ સિરિઝમાં, ચાર ટેસ્ટની, આઠ પાળીમાં, માત્ર, એકસો ચોરાણુ રન, કર્યા.",0,12.096,0,not_selected_by_random,,,,
1867,"પેટ્રોલ, ડીઝલ, અને શરાબ, રાજ્ય સરકારોની, દૂઝણી ગાય છે.",0,7.694,0,not_selected_by_random,,,,
1868,"બની શકે, કે અંતરીક્ષની, હાડમારી ભરી, જગ્યાઓમાં વસતા, આ 'એલિયન્સ', સુક્ષ્મ, પ્રારંભીક કક્ષાનાં, જીવ કે, બેકટેરીયા પણ, હોઈ શકે.",0,14.536,1,,gujarati_female_001868.wav,b a n a ii <wb> sh a k a ee <wb> k a ee <wb> a mq t a r ii k sx a n ii <wb> h aa dx a m aa r ii <wb> bh a r ii <wb> j a g y aa o m aa mq <wb> w a s a t a aa <wb> aa <wb> ee l a i y a n a s a <wb> s a u k a sx a m a <wb> p a r a aa r a q bh a ii k a <wb> k a k sx aa n aa mq <wb> j a ii w a <wb> k a ee <wb> b a ee k a tx a ee r a ii y a aa <wb> p a nx a <wb> h a o ii <wb> sh a k a ee,C3 C0 C24 C0 C16 <wb> C31 C0 C19 C0 C11 <wb> C19 C0 C11 <wb> C0 C23 C32 C0 C29 C16 C19 C31 C0 C24 C16 <wb> C15 C1 C9 C0 C22 C1 C29 C16 <wb> C4 C0 C29 C16 <wb> C17 C0 C13 C38 C1 C26 C22 C1 C23 <wb> C37 C0 C30 C0 C32 C0 C1 <wb> C1 <wb> C11 C21 C0 C16 C38 C0 C24 C0 C30 C0 <wb> C30 C0 C36 C19 C0 C31 C0 C22 C0 <wb> C28 C0 C29 C0 C1 C29 C0 C23 C4 C0 C16 C19 C0 <wb> C19 C0 C19 C31 C1 C24 C1 C23 <wb> C17 C0 C16 C37 C0 <wb> C19 C0 C11 <wb> C3 C0 C11 C19 C0 C34 C0 C11 C29 C0 C16 C38 C0 C1 <wb> C28 C0 C25 C0 <wb> C15 C0 C26 C16 <wb> C31 C0 C19 C0 C11,train
1869,"અમેરિકાના, ન્યુયોર્કસીટીની, ફોર્ધાન યુનિવર્સિટીના, એલાન કલાર્ક, હવે, શહેરી પર્યાવરણમાં, પક્ષીઓની પથની ભાળ રાખવા, માઈક્રોફોનો, અને, રેડારનો, ઉપયોગ કરે છે.",0,19.377,0,not_selected_by_random,,,,
1870,"ઘાટકોપરના, અવાવરુ ઘરના, બાથરૂમમાં, કાનખજૂરા ગટરમાંથી, બહાર આવી જતો.",0,8.8,1,,gujarati_female_001870.wav,gh aa tx a k o p a r a n aa <wb> a w aa w a r u <wb> gh a r a n a aa <wb> b a aa th a r a uu m a m a aa q <wb> k aa n a kh a j uu r aa <wb> g a tx a r a m aa mq th ii <wb> b a h a aa r a <wb> aa w a ii <wb> j a t a o,C14 C1 C34 C0 C19 C26 C28 C0 C29 C0 C24 C1 <wb> C0 C37 C1 C37 C0 C29 C36 <wb> C14 C0 C29 C0 C24 C0 C1 <wb> C3 C0 C1 C33 C0 C29 C0 C36 C22 C0 C22 C0 C1 C23 <wb> C19 C1 C24 C0 C20 C0 C17 C36 C29 C1 <wb> C13 C0 C34 C0 C29 C0 C22 C1 C23 C33 C16 <wb> C3 C0 C15 C0 C1 C29 C0 <wb> C1 C37 C0 C16 <wb> C17 C0 C32 C0 C26,train
1871,"ઉતાવળ એ, હકીકતે, આપણા ગુપ્ત અહંકારનો જ, વલવલાટ છે.",0,7.788,0,not_selected_by_random,,,,
1872,"માથા પરની ચોટલીની ગાંઠ રમાડતાં, એ બોલ્યો:, હું ધનવાન છું, કારણ કે, હું બધાં શાસ્ત્રોમાં, પારંગત છું;.",0,12.483,0,not_selected_by_random,,,,
1873,"ગુજરાત પ્રદેશ કોંગ્રેસના, મહામંત્રી, નિશિત વ્યાસ, ગુડાના ચેરમેન અશોક ભાવસાર, મનપા વિરોધપક્ષના નેતા, મનુભાઇ પટેલ સહિતના, આગેવાનો, ઉપસ્થિત રહ્યા હતા.",0,18.533,0,not_selected_by_random,,,,
1874,"ઓચિંતો આવીને, એટલા જોસથી, એના પર હસતો-હસતો કૂદી પડે, કે, મોરનાં સુંદર આંખોવાળાં પીછાં, ભીંજવી નાખે.",0,12.748,1,,gujarati_female_001874.wav,o c i mq t o <wb> aa w a ii n a ee <wb> ee tx a l a aa <wb> j o s a th ii <wb> ee n a aa <wb> p a r a <wb> h a s a t a o <wb> h a s a t a o <wb> k uu d ii <wb> p a dx a ee <wb> k a ee <wb> m o r a n aa mq <wb> s a u q d a r a <wb> aa mq kh o w aa lx aa mq <wb> p ii ch aa mq <wb> bh ii mq j a w ii <wb> n a aa kh a ee,C26 C5 C16 C23 C32 C26 <wb> C1 C37 C0 C16 C24 C0 C11 <wb> C11 C34 C0 C21 C0 C1 <wb> C17 C26 C30 C0 C33 C16 <wb> C11 C24 C0 C1 <wb> C28 C0 C29 C0 <wb> C15 C0 C30 C0 C32 C0 C26 <wb> C15 C0 C30 C0 C32 C0 C26 <wb> C19 C36 C7 C16 <wb> C28 C0 C9 C0 C11 <wb> C19 C0 C11 <wb> C22 C26 C29 C0 C24 C1 C23 <wb> C30 C0 C36 C23 C7 C0 C29 C0 <wb> C1 C23 C20 C26 C37 C1 C21 C1 C23 <wb> C28 C16 C6 C1 C23 <wb> C4 C16 C23 C17 C0 C37 C16 <wb> C24 C0 C1 C20 C0 C11,train
1875,"આ રીતે, બનેલ પેલેટને, ઝીરકાલોપ નામની, મિશ્ર ધાતુનાં, નળાકારમાં, ગોઠવવામાં, આવે છે.",0,11.92,0,not_selected_by_random,,,,
1876,"અમેરિકન હાસ્યલેખક, માર્ક ટ્વેઈને, મજાકમાં કહ્યું છે, સાચો મિત્ર એ, કે જે આપણે ખોટા હોઈએ, ત્યારે પણ, આપણો પક્ષ લે !.",0,14.331,0,not_selected_by_random,,,,
1877,"અને, વેચાણ સંબંધી, જાત જાતની લોભામણી વાતો કરીને, થોડા જ સમયમાં, ડીલ, ફાઇનલ કરી લે છે.",0,11.263,0,not_selected_by_random,,,,
1878,"હિંદુપ્રજાની, કેટલીક રીતરસમો પણ, તેઓ, અપનાવતા.",0,6.808,0,not_selected_by_random,,,,
1879,"હસી-મજાક અને, અવનવા જોકથી, ઘર, અને આંગણું, ગાજી ઊઠ્યાં.",0,8.502,0,not_selected_by_random,,,,
1880,"સૂત્રે જણાવ્યા પ્રમાણે, ફિલ્મના સહ કલાકાર, ઇમરાન હાશ્મી સાથેની, સમસ્યા, તે દિવસે, જ્વાળામુખી બની, ફાટી નીકળી હતી.",0,13.685,0,not_selected_by_random,,,,
1881,"મૃત્યુ સમયે, એમનું વજન, ફક્ત, છેંતાળીસ રતલ હતું.",0,5.55,1,,gujarati_female_001881.wav,m a t a y a u <wb> s a m a y a ee <wb> ee m a n a u q <wb> w a j a n a <wb> ph a k a t a <wb> ch ee mq t aa lx ii s a <wb> r a t a l a <wb> h a t a u q,C22 C0 C32 C0 C38 C0 C36 <wb> C30 C0 C22 C0 C38 C0 C11 <wb> C11 C22 C0 C24 C0 C36 C23 <wb> C37 C0 C17 C0 C24 C0 <wb> C12 C0 C19 C0 C32 C0 <wb> C6 C11 C23 C32 C1 C21 C16 C30 C0 <wb> C29 C0 C32 C0 C21 C0 <wb> C15 C0 C32 C0 C36 C23,train
1882,"બોલીંજર ઓપનર, ગંભીરને, છ રનના, વ્યક્તિગત સ્કોર પર, પેવેલિયન ભેગો, કર્યો હતો.",0,9.334,1,,gujarati_female_001882.wav,b o l ii mq j a r a <wb> o p a n a r a <wb> g a q bh a ii r a n a ee <wb> ch a <wb> r a n a n a aa <wb> w a y a k a t a i g a t a <wb> s a k a o r a <wb> p a r a <wb> p ee w ee l i y a n a <wb> bh ee g o <wb> k a r a y a o <wb> h a t a o,C3 C26 C21 C16 C23 C17 C0 C29 C0 <wb> C26 C28 C0 C24 C0 C29 C0 <wb> C13 C0 C23 C4 C0 C16 C29 C0 C24 C0 C11 <wb> C6 C0 <wb> C29 C0 C24 C0 C24 C0 C1 <wb> C37 C0 C38 C0 C19 C0 C32 C0 C16 C13 C0 C32 C0 <wb> C30 C0 C19 C0 C26 C29 C0 <wb> C28 C0 C29 C0 <wb> C28 C11 C37 C11 C21 C16 C38 C0 C24 C0 <wb> C4 C11 C13 C26 <wb> C19 C0 C29 C0 C38 C0 C26 <wb> C15 C0 C32 C0 C26,train
1883,"થાક વિના, આરામની મીઠાશ, શું?, બદામ હોય, કે બિસ્કિટ હોય.",0,6.177,1,,gujarati_female_001883.wav,th a aa k a <wb> w a i n a aa <wb> aa r aa m a n ii <wb> m a ii txh a aa sh a <wb> sh a u q <wb> b a d aa m a <wb> h a o y a <wb> k a ee <wb> b i s k i tx a <wb> h a o y a,C33 C0 C1 C19 C0 <wb> C37 C0 C16 C24 C0 C1 <wb> C1 C29 C1 C22 C0 C24 C16 <wb> C22 C0 C16 C35 C0 C1 C31 C0 <wb> C31 C0 C36 C23 <wb> C3 C0 C7 C1 C22 C0 <wb> C15 C0 C26 C38 C0 <wb> C19 C0 C11 <wb> C3 C16 C30 C19 C16 C34 C0 <wb> C15 C0 C26 C38 C0,train
1884,"સ્ટન્ટ કરતી વખતે, ક્રિસે, બાઇકનું આગળનું વ્હીલ, ભાગ્યે જ, જમીન પર, અડવા દીઘું હતું.",0,9.733,0,not_selected_by_random,,,,
1885,"કચ્છના, એ ચુસણિયા આંબા, હવે, ઝાઝાં રહ્યાં નથી.",0,7.012,0,not_selected_by_random,,,,
1886,"જમાદાર સાહેબ!, શક ઉપરથી, કોઈના ઘેર તલાશી લેવી, કે, ઝડતી કરવી, એ, ગેરકાનૂની નથી.",0,10.217,1,,gujarati_female_001886.wav,j a m aa d aa r a <wb> s a aa h a ee b a <wb> sh a k a <wb> u p a r a th a ii <wb> k a o ii n a aa <wb> gh a ee r a <wb> t a l aa sh ii <wb> l a ee w a ii <wb> k a ee <wb> jh a dx a t ii <wb> k a r a w a ii <wb> ee <wb> g a ee r a k a aa n a uu n a ii <wb> n a th a ii,C17 C0 C22 C1 C7 C1 C29 C0 <wb> C30 C0 C1 C15 C0 C11 C3 C0 <wb> C31 C0 C19 C0 <wb> C36 C28 C0 C29 C0 C33 C0 C16 <wb> C19 C0 C26 C16 C24 C0 C1 <wb> C14 C0 C11 C29 C0 <wb> C32 C0 C21 C1 C31 C16 <wb> C21 C0 C11 C37 C0 C16 <wb> C19 C0 C11 <wb> C18 C0 C9 C0 C32 C16 <wb> C19 C0 C29 C0 C37 C0 C16 <wb> C11 <wb> C13 C0 C11 C29 C0 C19 C0 C1 C24 C0 C36 C24 C0 C16 <wb> C24 C0 C33 C0 C16,train
1887,"એવામાં, ચારુલે જંગલમાં, એક ઘાસની ઝૂંપડીમાં, રેંટિયો કાંતતી ડોસીને જોઈ, અને, તે ત્યાં તુરંત દોડી ગઈ, અને કહેવા લાગી, ઓ દાદીમા!.",0,16.577,0,not_selected_by_random,,,,
1888,"જે રુટકેનાલ સારવારને, ફેઈલ્યોર પ્રૂફ બનાવે છે.",0,6.327,0,not_selected_by_random,,,,
1889,"રામાવતારમાં પણ, ભગવાન રામે, સુગ્રીવનો પક્ષ લઈ, નિરપરાધી, વાલીનો, બાણ મારીને, વધ કર્યો હતો,.",0,12.249,0,not_selected_by_random,,,,
1890,"તેમાં આવો, નિઃસીમ, સંસ્કૃતિસંદર્ભ, પ્રકટી રહેવો જોઈએ.",0,8.34,0,not_selected_by_random,,,,
1891,"બે હજાર એક માં, કોલકાતા ખાતે, ઓસ્ટ્રેલિયા સામેની, ટેસ્ટમાં, ભારતની ટીમને, ફોલોઓન થવાની ફરજ પાડી હતી.",0,12.726,0,not_selected_by_random,,,,
1892,"એટલે કે, ઇન્ટરનેટના, બ્રોડબેન્ડ કનેકશનને, પ્રોત્સાહન આપવું, દરેક દ્રષ્ટિએ, એક જરૂરી લક્ષ્ય છે.",0,11.594,0,not_selected_by_random,,,,
1893,"ઓગણીસો ઇથ્યોતેર ની સાલમાં પણ, સ્ટેમ્પેડ થયું હતું.",0,5.155,1,,gujarati_female_001893.wav,o g a nx a ii s a o <wb> i th y o t ee r a <wb> n a ii <wb> s a aa l a m a aa q <wb> p a nx a <wb> s a tx a ee m a p a ee dx a <wb> th a y a u q <wb> h a t a u q,C26 C13 C0 C25 C0 C16 C30 C0 C26 <wb> C16 C33 C38 C26 C32 C11 C29 C0 <wb> C24 C0 C16 <wb> C30 C0 C1 C21 C0 C22 C0 C1 C23 <wb> C28 C0 C25 C0 <wb> C30 C0 C34 C0 C11 C22 C0 C28 C0 C11 C9 C0 <wb> C33 C0 C38 C0 C36 C23 <wb> C15 C0 C32 C0 C36 C23,train
1894,"શાકભાજી-ફળો, ક્યાં જન્મ્યા, અને, ક્યાં પહોંચ્યાં?.",0,6.288,0,not_selected_by_random,,,,
1895,"હાની લાભ, જશ ઉપજશ, જન્મ મરણ, વિધિ હાથ.",0,7.638,0,not_selected_by_random,,,,
1896,"મનોરમાએ, તરત કહ્યું:, મનુષ્યને સાચી તૃપ્તિ, આરોગ્ય સ્વસ્થ, હોય, તેનાથી મળે છે.",0,10.546,0,not_selected_by_random,,,,
1897,"ચતુર દીકરીનો, સાંકેતિક પ્રશ્ન, બાપ સમજી ગયો.",0,4.946,1,,gujarati_female_001897.wav,c a t u r a <wb> d ii k a r ii n o <wb> s a aa q k a ee t a i k a <wb> p a r a sh a n a <wb> b aa p a <wb> s a m a j a ii <wb> g a y a o,C5 C0 C32 C36 C29 C0 <wb> C7 C16 C19 C0 C29 C16 C24 C26 <wb> C30 C0 C1 C23 C19 C0 C11 C32 C0 C16 C19 C0 <wb> C28 C0 C29 C0 C31 C0 C24 C0 <wb> C3 C1 C28 C0 <wb> C30 C0 C22 C0 C17 C0 C16 <wb> C13 C0 C38 C0 C26,train
1898,"પક્ષી, સૃષ્ટિના શ્રેષ્ઠ, સિવિલ એન્જિનિઅર્સ હતા.",0,4.69,1,,gujarati_female_001898.wav,p a k a sx a ii <wb> s rq sx tx i n aa <wb> sh a r a ee sx a txh a <wb> s a i w a i l a <wb> ee n j i n i a r s a <wb> h a t a aa,C28 C0 C19 C0 C31 C0 C16 <wb> C30 C29 C31 C34 C16 C24 C1 <wb> C31 C0 C29 C0 C11 C31 C0 C35 C0 <wb> C30 C0 C16 C37 C0 C16 C21 C0 <wb> C11 C24 C17 C16 C24 C16 C0 C29 C30 C0 <wb> C15 C0 C32 C0 C1,train
1899,"રાત્રિમાં, પ્રકાશ ભરવાથી, જે ફાયદા છે, તેની સાથે, તેના હાનિકારક, પરિણામો પણ, ભોગવવા પડે છે, તેને, પ્રકાશ પ્રદૂષણ, કહે છે.",0,15.461,0,not_selected_by_random,,,,
1900,"આત્મહત્યા અને, બળાત્કારના, હૃદયદ્રાવક કિસ્સાઓ, સાંભળવા મળશે.",0,8.131,0,not_selected_by_random,,,,
1901,"એવામાં, મુલ્લાં નસરુદ્દીન, ત્યાં, આવી ચડ્યા.",0,5.223,0,not_selected_by_random,,,,
1902,"જેમ કે, કેટલાક સાહસિકોએ, ગુગલ ગ્લાસ સાથે, વિમાન, ઝેપલીન માંથી, નીચે ઝંપલાવ્યું.",0,10.778,0,not_selected_by_random,,,,
1903,"પશા પટેલને, એ વરસે, નાણાં ધીરનાર, નેમચંદભાઈ પાસેથી, કર્જ, લેવું પડ્યું.",0,9.703,0,not_selected_by_random,,,,
1904,"અલ્કાટ્રેઝનો, આ ટાપુ, એની તોફાની જેલ માટે, કુખ્યાત છે.",0,6.943,1,,gujarati_female_001904.wav,a l k aa tx r ee jh a n o <wb> aa <wb> tx a aa p a u <wb> ee n a ii <wb> t a o ph a aa n a ii <wb> j a ee l a <wb> m a aa tx a ee <wb> k u kh y aa t a <wb> ch a ee,C0 C21 C19 C1 C34 C29 C11 C18 C0 C24 C26 <wb> C1 <wb> C34 C0 C1 C28 C0 C36 <wb> C11 C24 C0 C16 <wb> C32 C0 C26 C12 C0 C1 C24 C0 C16 <wb> C17 C0 C11 C21 C0 <wb> C22 C0 C1 C34 C0 C11 <wb> C19 C36 C20 C38 C1 C32 C0 <wb> C6 C0 C11,train
1905,"જરૂલનાં, આછાં ઘેરાં, ગુલાબી ફૂલ પણ, ઉનાળામાં, પુરબહારમાં, ખીલે છે.",0,9.959,0,not_selected_by_random,,,,
1906,"નોંધનીય વાત તો એછેકે, છેલ્લાં બે દિવસમાં, પડેલાં, મુશળાધાર વરસાદે, સાબરકાઠાં અને, બનાસકાઠાંમાં, જુન જુલાઇની, ઘટ, પુરી દીધી છે.",0,15.859,1,,gujarati_female_001906.wav,n a o q dh a n a ii y a <wb> w a aa t a <wb> t a o <wb> ee ch ee k ee <wb> ch a ee l a l a aa q <wb> b a ee <wb> d a i w a s a m a aa q <wb> p a dx a ee l a aa q <wb> m u sh a lx aa dh aa r a <wb> w a r a s aa d ee <wb> s aa b a r a k aa txh aa mq <wb> a n a ee <wb> b a n aa s a k aa txh aa mq m aa mq <wb> j u n a <wb> j a u l a aa i n a ii <wb> gh a tx a <wb> p u r ii <wb> d a ii dh a ii <wb> ch a ee,C24 C0 C26 C23 C8 C0 C24 C0 C16 C38 C0 <wb> C37 C0 C1 C32 C0 <wb> C32 C0 C26 <wb> C11 C6 C11 C19 C11 <wb> C6 C0 C11 C21 C0 C21 C0 C1 C23 <wb> C3 C0 C11 <wb> C7 C0 C16 C37 C0 C30 C0 C22 C0 C1 C23 <wb> C28 C0 C9 C0 C11 C21 C0 C1 C23 <wb> C22 C36 C31 C0 C21 C1 C8 C1 C29 C0 <wb> C37 C0 C29 C0 C30 C1 C7 C11 <wb> C30 C1 C3 C0 C29 C0 C19 C1 C35 C1 C23 <wb> C0 C24 C0 C11 <wb> C3 C0 C24 C1 C30 C0 C19 C1 C35 C1 C23 C22 C1 C23 <wb> C17 C36 C24 C0 <wb> C17 C0 C36 C21 C0 C1 C16 C24 C0 C16 <wb> C14 C0 C34 C0 <wb> C28 C36 C29 C16 <wb> C7 C0 C16 C8 C0 C16 <wb> C6 C0 C11,train
1907,"ઓસ્ટ્રેલિયાના, સિડનીમાં, બરાબર બારના ટકોરે, સતત, તેર, મીનિટ સુધીની, આતશબાજી સાથે, બે હજાર અગિયાર ને, વેલકમ કરાયું હતું.",0,14.58,0,not_selected_by_random,,,,
1908,"મરે, છ ચાર, છ બે, છ ત્રણ થી હારીને, ઇતિહાસ રચવાની, તક ચૂક્યો.",0,9.839,0,not_selected_by_random,,,,
1909,"તેમાં, પ્રભાવક ભૂમિકા ભજવી શકીએ, તેવા દ્રષ્ટિબિંદુને પણ, આમેજ, કરવાનું હોય છે.",0,10.4,0,not_selected_by_random,,,,
1910,"ભવાનીશંકરૌ વંદે, શ્રઘ્ધા વિશ્વાસ, રૂપિણૌ.",0,6.446,0,not_selected_by_random,,,,
1911,"અઢારસો તેતાલીસમાં, સૌપ્રથમવાર, એક્રેલીક એસીડ બનાવવામાં, આવ્યું હતું.",0,8.87,0,not_selected_by_random,,,,
1912,"તમારી ઓફિસમાંથી, ચિત્રવિચિત્ર સમયે, ગ્રાહકોને ફોન તો, નથી કરવામાં આવતા ને.",0,9.48,0,not_selected_by_random,,,,
1913,"અને, સમાજને, ઉચ્ચસ્તરીય માર્ગદર્શન પૂરું પાડી, સમાજને, ઋણ અદા કરવું જોઈએ.",0,9.907,0,not_selected_by_random,,,,
1914,"જેનો આકાર, અમેરિકાના ન્યૂયોર્કમાં આવેલી, કાઉન્ટી, મેનહટન કરતાં, બેગણો છે.",0,10.036,0,not_selected_by_random,,,,
1915,"લોકોમાં, એવી અફવા ફેલાઇ ગઇ, કે, આ બોમ્બ બ્લાસ્ટ છે.",0,6.362,1,,gujarati_female_001915.wav,l a o k a o m a aa q <wb> ee w a ii <wb> a ph a w a aa <wb> ph a ee l a aa i <wb> g a i <wb> k a ee <wb> aa <wb> b a o m a b a <wb> b a l a aa s a tx a <wb> ch a ee,C21 C0 C26 C19 C0 C26 C22 C0 C1 C23 <wb> C11 C37 C0 C16 <wb> C0 C12 C0 C37 C0 C1 <wb> C12 C0 C11 C21 C0 C1 C16 <wb> C13 C0 C16 <wb> C19 C0 C11 <wb> C1 <wb> C3 C0 C26 C22 C0 C3 C0 <wb> C3 C0 C21 C0 C1 C30 C0 C34 C0 <wb> C6 C0 C11,train
1916,"શાસ્ત્રોમાં, જણાવ્યા મુજબ, મંત્ર, તીર્થો, જ્યોતિષી, દેવ, દવામાં જેવી જેની શ્રઘ્ધા હોય, તેવી તેને, સિદ્ધિ મળે છે.",0,14.745,1,,gujarati_female_001916.wav,sh a aa s a t a r a o m a aa q <wb> j a nx a aa w a y a aa <wb> m a u j a b a <wb> m a q t a r a <wb> t ii r th o <wb> j y o t i sx ii <wb> d ee w a <wb> d a w a aa m a aa q <wb> j a ee w a ii <wb> j a ee n a ii <wb> sh r a gh dh aa <wb> h a o y a <wb> t a ee w a ii <wb> t a ee n a ee <wb> s a i d a dh a i <wb> m a lx a ee <wb> ch a ee,C31 C0 C1 C30 C0 C32 C0 C29 C0 C26 C22 C0 C1 C23 <wb> C17 C0 C25 C0 C1 C37 C0 C38 C0 C1 <wb> C22 C0 C36 C17 C0 C3 C0 <wb> C22 C0 C23 C32 C0 C29 C0 <wb> C32 C16 C29 C33 C26 <wb> C17 C38 C26 C32 C16 C31 C16 <wb> C7 C11 C37 C0 <wb> C7 C0 C37 C0 C1 C22 C0 C1 C23 <wb> C17 C0 C11 C37 C0 C16 <wb> C17 C0 C11 C24 C0 C16 <wb> C31 C29 C0 C14 C8 C1 <wb> C15 C0 C26 C38 C0 <wb> C32 C0 C11 C37 C0 C16 <wb> C32 C0 C11 C24 C0 C11 <wb> C30 C0 C16 C7 C0 C8 C0 C16 <wb> C22 C0 C21 C0 C11 <wb> C6 C0 C11,train
1917,"બે હજાર બારમાં, પેટ્રોલનું સ્થાન, આઈસોબ્યુટેનોલ લેશે.",0,7.129,0,not_selected_by_random,,,,
1918,"પ્રમુખનો પિતરાઈ, સરકારની નીતિઓને, બિન્દાસ્ત, વખોડતા હતા.",0,7.857,0,not_selected_by_random,,,,
1919,"તેઓએ, પચાસ રન, સાડ્ત્રીસ બોલમાં, અને, સો રન, નવાણું બોલમાં, પૂરા કર્યા હતા.",0,10.646,0,not_selected_by_random,,,,
1920,"આમતેમ થોડીક વાર ડોલીને, એ, ધડામ કરતો, ફર્શ પર, પડી ગયો.",0,8.681,0,not_selected_by_random,,,,
1921,"કેટલાંક ફ્રેન્ડઝ તો, કોલેજ શરૂ થવાની, કાગડોળે, રાહ જોતા હતા.",0,7.714,0,not_selected_by_random,,,,
1922,"મકરસંક્રાંતિ આવી, પુણ્ય, પર્વણિ લાવી, ઉતરાયણ આવી, રંગબેરંગી, પતંગો લાવી.",0,11.009,0,not_selected_by_random,,,,
1923,"જીવન ત્યારે ઘણું કિમતી, અને, મર્મમય લાગતું હતું, દર્દ, અને ઉપેક્ષા જાણે, ગળથૂથીમાં જ મળેલાં.",0,12.117,0,not_selected_by_random,,,,
1924,"અને, ક્રૂડના બેરલે, સાઇઠ ડૉલરના, હિસાબે, નક્કી થયો છે.",0,8.553,0,not_selected_by_random,,,,
1925,"પ્રોફેસરે, ઘૃણા સાથે કહ્યું, તે પચાસ પ્રતિશત જીવન, બરબાદ કર્યું છે.",0,9.31,0,not_selected_by_random,,,,
1926,"સિંહએ, વાઘને, વજીર બનાવ્યો છે, પણ, વાઘ, સાવ બુડથલ છે.",0,8.225,0,not_selected_by_random,,,,
1927,"મારી દીકરી, મનોરમા દયાળુ છે, પણ, તેનામાં, લોકજ્ઞાન છે.",0,8.025,0,not_selected_by_random,,,,
1928,"વહેલી સવારની આરતીથી જ, શિવ મંદિરો, હર હર મહાદેવ, ઓમ નમઃ શિવાયના, નાદથી, ગુંજી ઉઠશે.",0,11.718,0,not_selected_by_random,,,,
1929,"એ, લંગડો, લૂલો, કાણિયો, અવિશ્વાસુ, ચીડિયો, અને, કંજૂસ હતો.",0,9.906,0,not_selected_by_random,,,,
1930,"તેમણે, અઢારસો સિતેરમાં, અમેરિકામાં, સ્ટાન્ડર્ડ ઓઈલ કંપનીની, સ્થાપના કરી.",0,9.456,0,not_selected_by_random,,,,
1931,"પણ, રજનીશજીએ, આ વાતને, એક નવો, વળાંક આપ્યો છે.",0,7.748,0,not_selected_by_random,,,,
1932,"વૃદ્ધા અવસ્થાએ પહોંચેલ, એક માણસનો, જુવાનજોધ મોટો દીકરો, એની, પહેલી નોકરીમાં, હાજર થવા, જતો હોય છે.",0,12.68,0,not_selected_by_random,,,,
1933,"દર ગુરુવારે, કચરો લેવા આવતી, ટ્રકમાં, ઠાલવવા માટે, ગાર્બેજની ટ્રોલી, ખેંચી હતી.",0,10.32,0,not_selected_by_random,,,,
1934,"અને, તેમની આંખે દેખાતો નજારો, કોન્ફરન્સ હોલના, પડદા પર, સૌની સામે, લાઇવ રજૂ કર્યો.",0,11.58,0,not_selected_by_random,,,,
1935,"રાતા રંગથી વધારે, રંગનો પ્રકાશ, અદ્રશ્ય, અધોરક્ત, ઈન્ફ્રારેડ, પ્રકાશ છે.",0,9.979,0,not_selected_by_random,,,,
1936,"ઇન્દ્રીયગમનનાં, બધા ગુણ, બળે જે, રૂદ્રભાવ છે, ત્યારે, મહેશ બનાય છે.",0,9.457,0,not_selected_by_random,,,,
1937,"અમદાવાદની, વર્કિંગ વિમેન, હવે, લાંબુ જીવવા માટે, રેડી ટુ કૂક ચીજોને, બદલે, સંપૂર્ણ રસોઈ કરીને, સ્વસ્થ રહેવાવું, પસંદ કરે છે.",0,15.29,0,not_selected_by_random,,,,
1938,"પાણીની નજીકની દિવાલ પર, ગારા, કે માટીનો અડધા વાટકા જેવા, આકારનો, ચોંટાડેલો માળો બાંધી, તેમાં, પીંછાની સુંદર ગાદી, કરે છે.",0,15.657,0,not_selected_by_random,,,,
1939,"સુરેશ જોશીનાં નિબંધોમાં, આવો છાકભર્યો મહુડો, ખાસ પ્રેમપૂર્વક, પ્રગટેલો વાંચ્યો નથી.",0,10.516,0,not_selected_by_random,,,,
1940,આખરે આ ઍક ખૂબ.........,0,11.515,0,not_selected_by_random,,,,
1941,"તેમના નાણા, મઘ્ય પૂર્વમાં, તબદીલ કરવાની, ફરજ પડી છે.",0,7.386,0,not_selected_by_random,,,,
1942,"અમદાવાદના, ઓઢવ વિસ્તારમાં રહેતા, જાગૃતિબહેન શાહને, બાળપણથી જ, હાથની આંગળીઓ નથી.",0,10.101,1,,gujarati_female_001942.wav,a m a d a aa w a aa d a n a aa <wb> o dxh a w a <wb> w a i s a t a aa r a m a aa q <wb> r a h a ee t a aa <wb> j a aa g a t a i b a h a ee n a <wb> sh aa h a n ee <wb> b aa lx a p a nx a th ii <wb> j a <wb> h aa th a n ii <wb> aa mq g a lx ii o <wb> n a th a ii,C0 C22 C0 C7 C0 C1 C37 C0 C1 C7 C0 C24 C0 C1 <wb> C26 C10 C0 C37 C0 <wb> C37 C0 C16 C30 C0 C32 C0 C1 C29 C0 C22 C0 C1 C23 <wb> C29 C0 C15 C0 C11 C32 C0 C1 <wb> C17 C0 C1 C13 C0 C32 C0 C16 C3 C0 C15 C0 C11 C24 C0 <wb> C31 C1 C15 C0 C24 C11 <wb> C3 C1 C21 C0 C28 C0 C25 C0 C33 C16 <wb> C17 C0 <wb> C15 C1 C33 C0 C24 C16 <wb> C1 C23 C13 C0 C21 C16 C26 <wb> C24 C0 C33 C0 C16,train
1943,"મહરમ બિલ્કીસ મંદિરમાં, નિયમિત રીતે, પ્રાર્થના આરાધનામાં, વ્યસ્ત રહેતી હતી.",0,8.672,0,not_selected_by_random,,,,
1944,"ખાનગી પેઢી હોય, કે, સરકારી, અર્ધ-સરકારી, વહીવટીતંત્ર, સર્વત્ર પોતાની, વરિષ્ઠતા, સિઘ્ધ કરવાના, પ્રયત્નો થતા જોવા મળે છે.",0,15.033,0,not_selected_by_random,,,,
1945,"ઘણીવાર એવો આભાસ થાય છે, પણ હકીકતે, ઉતાવળ અનિયમિતતા, અને, અધીરતાનું, આવરણ જ, હોય છે.",0,12.057,0,not_selected_by_random,,,,
1946,"મુનો એન્જલ ફીશની, ખાસિયત એ છે કે, ત્યાં, દરિયાઈ, અને, નદીના પાણીનું, સંગમ સ્થળ, હોય છે.",0,11.973,0,not_selected_by_random,,,,
1947,"આ ઇન્ફ્રાસ્ટ્રકચર પ્રત્યે, લાપરવાહી, આપણી અર્થવ્યવસ્થા માટે, કેટલી મોટી, મુસીબત, બનેલી છે.",0,11.157,0,not_selected_by_random,,,,
1948,"એન્ટાર્કટિકા, અને, ગ્રીનલેન્ડના બરફમાંથી, તૂટીને, અલગ પડનારા, આઇસબર્ગ પર, રિસર્ચ, શરૃ થયું હતું.",0,12.483,0,not_selected_by_random,,,,
1949,"મારા સૂવાના રૂમમાં, પ્રથમ વાર, કોઈ સ્ત્રીનાં, વસ્ત્રોનો સળવળાટ, સંભળાયો હતો.",0,8.8,1,,gujarati_female_001949.wav,m a aa r a aa <wb> s uu w aa n aa <wb> r a uu m a m a aa q <wb> p a r a th a m a <wb> w a aa r a <wb> k a o ii <wb> s t r ii n aa mq <wb> w a s t r o n o <wb> s a lx a w a lx aa tx a <wb> s a mq bh a lx aa y o <wb> h a t a o,C22 C0 C1 C29 C0 C1 <wb> C30 C36 C37 C1 C24 C1 <wb> C29 C0 C36 C22 C0 C22 C0 C1 C23 <wb> C28 C0 C29 C0 C33 C0 C22 C0 <wb> C37 C0 C1 C29 C0 <wb> C19 C0 C26 C16 <wb> C30 C32 C29 C16 C24 C1 C23 <wb> C37 C0 C30 C32 C29 C26 C24 C26 <wb> C30 C0 C21 C0 C37 C0 C21 C1 C34 C0 <wb> C30 C0 C23 C4 C0 C21 C1 C38 C26 <wb> C15 C0 C32 C0 C26,train
1950,"નવી ડેવલપ થયેલ, હોલ જેનોમ શોટગન, સિકવન્સીંગ, ટેકનિક વાપરવામાં, આવી હતી.",0,8.888,0,not_selected_by_random,,,,
1951,"ઇઠ્યોતેર ફિકસ્ડ એકસાઇઝ ડયૂટી, ઉઘરાવે છે.",0,4.807,1,,gujarati_female_001951.wav,i txh y o t ee r a <wb> ph i k a s dx a <wb> ee k a s aa i jh a <wb> dx a y uu tx ii <wb> u gh a r a aa w a ee <wb> ch a ee,C16 C35 C38 C26 C32 C11 C29 C0 <wb> C12 C16 C19 C0 C30 C9 C0 <wb> C11 C19 C0 C30 C1 C16 C18 C0 <wb> C9 C0 C38 C36 C34 C16 <wb> C36 C14 C0 C29 C0 C1 C37 C0 C11 <wb> C6 C0 C11,train
1952,"મુસ્લિમ પરિવારની બહેનો પણ, ઘરે, કે ગોડાઉનમાં, સવારથી સાંજ સુધી, પતંગ બનાવીને, રોજનારુ, પૂરું પાડે છે.",0,12.31,0,not_selected_by_random,,,,
1953,"ડાયરેક્ટ ટુ હોમ, જેવા માધ્યમનો, યોગ્ય, ઉપયોગ થાય છે.",0,6.572,0,not_selected_by_random,,,,
1954,"જ્યાં વાતાવરણ ખરાબ રહેતું હોય, નદી નાળા, કે સરોવર, ક્રોસ કરવા પડે, તેમ હોય, તેવાં સંજોગોમાં, હોવર કાર, આદર્શ કાર, પુરવાર થાય તેમ છે.",0,16.049,0,not_selected_by_random,,,,
1955,"પ્રથમ પતંગ ચગાવનાર, ચીનના, હુઆન થેંગ હતા, તેમ મનાય છે.",0,7.268,1,,gujarati_female_001955.wav,p a r a th a m a <wb> p a t a q g a <wb> c a g aa w a n aa r a <wb> c ii n a n aa <wb> h u aa n a <wb> th ee mq g a <wb> h a t a aa <wb> t a ee m a <wb> m a n a aa y a <wb> ch a ee,C28 C0 C29 C0 C33 C0 C22 C0 <wb> C28 C0 C32 C0 C23 C13 C0 <wb> C5 C0 C13 C1 C37 C0 C24 C1 C29 C0 <wb> C5 C16 C24 C0 C24 C1 <wb> C15 C36 C1 C24 C0 <wb> C33 C11 C23 C13 C0 <wb> C15 C0 C32 C0 C1 <wb> C32 C0 C11 C22 C0 <wb> C22 C0 C24 C0 C1 C38 C0 <wb> C6 C0 C11,train
1956,"આ નિરાશાજનક હકીકતની સાથે, જોડાયેલાં વિવિધ પાસાં પર, નજર નાખીએ, તો, તેના પર, કાબૂ મેળવવાનો માર્ગ, પણ મળી શકે, એમ છે.",0,15.076,0,not_selected_by_random,,,,
1957,"મોટી સંખ્યામાં, સ્ત્રીનાં લોહીનાં સેમ્પલ લેવામાં આવ્યા, અને, પુરૃષોનાં, વિર્ય, સેમ્પલો લેવામાં આવ્યા હતાં.",0,11.523,0,not_selected_by_random,,,,
1958,"ઇન્ટરનેટ સાથે, તેનું જોડાણ, વાઇ ફાઇ, અને, બ્લૂ ટૂથ વડે, થાય છે.",0,8.657,0,not_selected_by_random,,,,
1959,"અરુણદોય થતાં, હરણ, આળસ મરડીને, ઊભું થયું.",0,6.259,0,not_selected_by_random,,,,
1960,"હળવીફૂલ બને, ને એની છાયા, આપણા સુધી લંબાય, ત્યારે તો, એને ટપલી માર્યાનો, કે, એને સ્પર્શ કર્યાનો, અનુભવ થાય.",0,14.19,0,not_selected_by_random,,,,
1961,"થોડી હિંમત દાખવી, તેણે બૂમ મારી પૂછ્યું, કોણ ?",0,6.572,0,not_selected_by_random,,,,
1962,"મજબૂત કમાડમાં, સામાવાળાને જોઈ શકાય, એવું, છિદ્ર રાખેલું હતું.",0,7.639,1,,gujarati_female_001962.wav,m a j a b a uu t a <wb> k a m aa dx a m aa mq <wb> s aa m aa w aa lx aa n ee <wb> j a o ii <wb> sh a k a aa y a <wb> ee w a u q <wb> ch a i d a r a <wb> r a aa kh a ee l a u q <wb> h a t a u q,C22 C0 C17 C0 C3 C0 C36 C32 C0 <wb> C19 C0 C22 C1 C9 C0 C22 C1 C23 <wb> C30 C1 C22 C1 C37 C1 C21 C1 C24 C11 <wb> C17 C0 C26 C16 <wb> C31 C0 C19 C0 C1 C38 C0 <wb> C11 C37 C0 C36 C23 <wb> C6 C0 C16 C7 C0 C29 C0 <wb> C29 C0 C1 C20 C0 C11 C21 C0 C36 C23 <wb> C15 C0 C32 C0 C36 C23,train
1963,"લગભગ, સિત્તેર વર્ષ બાદ, તેની હરાજીમાંથી, પાંચ લાખ ડોલર જેટલી, રકમ, ઓક્સન કરનાર કંપનીને મળે, તેવાં એંધાણ, વરતાઈ રહ્યાં છે.",0,14.768,1,,gujarati_female_001963.wav,l a g a bh a g a <wb> s a i t a t a ee r a <wb> w a r a sx a <wb> b a aa d a <wb> t a ee n a ii <wb> h a r aa j ii m aa mq th ii <wb> p a aa q c a <wb> l a aa kh a <wb> dx a o l a r a <wb> j a ee tx a l a ii <wb> r a k a m a <wb> o k s a n a <wb> k a r a n a aa r a <wb> k a q p a n a ii n a ee <wb> m a lx a ee <wb> t a ee w a aa q <wb> ee mq dh aa nx a <wb> w a r a t aa ii <wb> r a h a y a aa q <wb> ch a ee,C21 C0 C13 C0 C4 C0 C13 C0 <wb> C30 C0 C16 C32 C0 C32 C0 C11 C29 C0 <wb> C37 C0 C29 C0 C31 C0 <wb> C3 C0 C1 C7 C0 <wb> C32 C0 C11 C24 C0 C16 <wb> C15 C0 C29 C1 C17 C16 C22 C1 C23 C33 C16 <wb> C28 C0 C1 C23 C5 C0 <wb> C21 C0 C1 C20 C0 <wb> C9 C0 C26 C21 C0 C29 C0 <wb> C17 C0 C11 C34 C0 C21 C0 C16 <wb> C29 C0 C19 C0 C22 C0 <wb> C26 C19 C30 C0 C24 C0 <wb> C19 C0 C29 C0 C24 C0 C1 C29 C0 <wb> C19 C0 C23 C28 C0 C24 C0 C16 C24 C0 C11 <wb> C22 C0 C21 C0 C11 <wb> C32 C0 C11 C37 C0 C1 C23 <wb> C11 C23 C8 C1 C25 C0 <wb> C37 C0 C29 C0 C32 C1 C16 <wb> C29 C0 C15 C0 C38 C0 C1 C23 <wb> C6 C0 C11,val
1964,"બડે ભાગ્ય, માનુષ તનુપાવા, સુરદુર્લભ, સદ્ગ્રન્થન ગાવા ।.",0,7.641,0,not_selected_by_random,,,,
1965,"રેસીડયુઅલ હીટ, રેડિયોએક્ટીવ પદાર્થનો, સામાન્ય દ્રાવણનાં, ડીકે કારણે, પેદા થાય છે.",0,11.22,0,not_selected_by_random,,,,
1966,"એના ઉપર, છાણ ભરવાનો એક, સૂંડલો ઊંધો વાળવાનો.",0,6.447,0,not_selected_by_random,,,,
1967,"બીજાં રાજ્યોમાં, ત્રીજો પક્ષ પણ છે, જેનો અવાજ, વિધાનસભામાં, ગુંજતો રહે છે.",0,10.15,0,not_selected_by_random,,,,
1968,"જેને કારણે, રિપીટ બાયોપ્સીઝ કરવાની જરૃર પડે છે, એવી માહિતી, ડોક્ટર આપે છે.",0,9.826,0,not_selected_by_random,,,,
1969,"હોડસનને, તેની શોધખોળ, અને, સંશોધન દરમ્યાન, આ ચર્ચના, અસ્તિત્વના, પૂરાવાઓ, તથા, ક્રોસની નિશાનીઓ, મળી હતી.",0,14.07,0,not_selected_by_random,,,,
1971,"ફેબ્રુઆરી, બે હજાર એક માં, નેચર અને, સાયન્સ, જર્નલમાં, હ્યુમન જેનોમ, પ્રકાશીત થયો.",0,9.817,0,not_selected_by_random,,,,
1972,"ભારતે તેની પચાસ ઓવરોમાં, ચાર વિકેટે, ત્રણ સો સિતેર રન, ખડકયા હતા.",0,8.65,0,not_selected_by_random,,,,
1973,"વિશ્વ પ્રસિદ્ધ, સાંઇબાબા મંદિરનું, સંચાલન કરતી સંસ્થા, શિરડી, સાંઇ સંસ્થાનને, વિખેરી નાંખવાનો, આદેશ, આપ્યો હતો.",0,13.514,0,not_selected_by_random,,,,
1974,"ભારત તરફથી, અવનિએ, બે હજાર છ, મેલબોર્ન અને, બે હજાર દસ, નવી દિલ્હી ની, કોમનવેલ્થ ગેઇમ્સમાં, પ્રતિનિધિત્વ કર્યું છે.",0,14.854,0,not_selected_by_random,,,,
1975,"તે સતત રટ્યા કરે છે, યા હોમ કરીને પડો ફતેહ છે આગે.",0,7.89,0,not_selected_by_random,,,,
1976,"જણતાં, જનેતાને, સંશય થયો, વે, કીણ મુખ પીવે ખીર ?.",0,7.563,0,not_selected_by_random,,,,
1977,"વેદવ્યાસનું, સાચું નામ તો, કૃષ્ણદ્રૈપાયન હતું.",0,6.33,0,not_selected_by_random,,,,
1978,"કંટાળાની વ્યાખ્યા, એને સમજવું, એમાંથી બચવું, એટલું જ, કોમ્પ્લેક્સ જટિલ, થતાં જાય છે.",0,10.286,0,not_selected_by_random,,,,
1979,"રિલાયન્સ ફાઉન્ડેશન, રિલાયન્સ ગ્રામ વિકાસ ટ્રસ્ટ, વગેરે, સ્વૈચ્છિક સંસ્થાઓના, નેજા હેઠળ, આગળ વધારી રહ્યા છે.",0,11.881,0,not_selected_by_random,,,,
1980,"પાકિસ્તાનના, અંગ્રેજી દૈનિક, ડોનમાં કહેવાયું હતું કે, આ ખુલાસો, અસાધારણ, યુ ટર્ન જેવો છે.",0,11.42,0,not_selected_by_random,,,,
1981,"સાંજના સમયે, ભક્તોની ભારે ભીડ, ઉમટી પડતાં, મંદિર પરીસરમાં, હૈયે હૈયું, દળાય તેટલી, ભીડ હતી.",0,12.157,0,not_selected_by_random,,,,
1982,"તે તારો, એટલો ઘટ્ટ હોય છે કે, તેના એકલીટર દ્રવ્યનું વજન, દશ લાખ, અબજ કિલોગ્રામ, હોય છે.",0,11.057,0,not_selected_by_random,,,,
1983,"એ લોકકથા છે, સ્ટોન સૂપ, પથ્થરનો સૂપ.",0,5.425,0,not_selected_by_random,,,,
1984,"માનવસંબંધો, ભાખરી બાંધવાના, લોટ જેવા છે, જેમાં, લાગણીનું મૉણ, ન હોય, તો, ન ચાલે.",0,11.176,0,not_selected_by_random,,,,
1985,"એને પંપાળતાં પસવારતાં બોલી, સ્વામી, તમને આ કેવો રોગ થયો છે ?.",0,7.459,0,not_selected_by_random,,,,
1986,"કોલેસ્ટ્રોલ થી, શરીરમાં, પ્રવાહીની, પુનઃપુષ્ટિ, ધીમી થાય છે,.",0,7.057,0,not_selected_by_random,,,,
1987,"ઝડપથી ફરી વળ્યો, તો, ખબર પડી કે, શીર્ષસ્તરેથી, સર ની બાંગ, પોકારતી, આ નોંધમાં છે.",0,11.294,0,not_selected_by_random,,,,
1988,"કેટલાય પ્રવાસી પક્ષીઓ, પોતાના પક્ષથી, વિચલિત, તેજસ્વી પ્રકાશ રેલાવતા ઈમારતો, કે, ટાવરો ફરતાં, ચક્કર મારવા, લાગે છે.",0,13.872,0,not_selected_by_random,,,,
1989,"એ પક્ષીના, મધુર કૂંજનથી, નવમો સૂર્ય રીઝશે, ને, મને શ્રદ્ધા છે, એ નવમો સૂર્ય, ફરી પાછો, આકાશમાં, દેખા દેશે.",0,14.136,0,not_selected_by_random,,,,
1990,"દલાશેઠ એકદમ ગભરાયા, અને, બૂમ પાડી:, ના ભઈસાબ, ના.",0,6.525,1,,gujarati_female_001990.wav,d a l aa sh ee txh a <wb> ee k a d a m a <wb> g a bh a r aa y aa <wb> a n a ee <wb> b uu m a <wb> p a aa dx a ii <wb> n a aa <wb> bh a ii s aa b a <wb> n a aa,C7 C0 C21 C1 C31 C11 C35 C0 <wb> C11 C19 C0 C7 C0 C22 C0 <wb> C13 C0 C4 C0 C29 C1 C38 C1 <wb> C0 C24 C0 C11 <wb> C3 C36 C22 C0 <wb> C28 C0 C1 C9 C0 C16 <wb> C24 C0 C1 <wb> C4 C0 C16 C30 C1 C3 C0 <wb> C24 C0 C1,train
1991,"પરીક્ષા માટે, વર્ષ દરમિયાની, મહેનતની સાથે, ઇશ્વર ઉપર શ્રદ્ધાનું, એટલું જ, મહત્ત્વ છે.",0,10.908,0,not_selected_by_random,,,,
1992,"તે સતત રટ્યા કરે છે, યા હોમ કરીને, પડો, ફતેહ છે આગે.",0,7.639,0,not_selected_by_random,,,,
1993,"ફકીર ઘાંચી, હસી પડ્યો ને બોલ્યો, ગાંડા, એક રૂપિયામાં, પરાણે લોટી ભરાય, એટલું તેલ આવે.",0,10.59,0,not_selected_by_random,,,,
1994,"મારાં ઠેહાં ભણવું, મેલીને આ દડો, કૂટવાનું કયાંથી શીખી લાયાં.",0,7.96,0,not_selected_by_random,,,,
1995,"ફિલસૂફ ઍરિસ્ટોટલની વાત, સાચી છે કે, એક ખરો મિત્ર હોવો, તે એક, વધારાની, પૂરક જિંદગી, પ્રાપ્ત કરવા બરોબર છે.",0,13.206,0,not_selected_by_random,,,,
1996,"તેની પચ્ચીચ મીટર પહોળી, બોડીમાં રહેતા, સૈનિકોનું, જીવન, લકઝુરિયસ હોતું નથી, પણ, કષ્ટદાયક હોય છે.",0,11.61,1,,gujarati_female_001996.wav,t a ee n a ii <wb> p a c c ii c a <wb> m a ii tx a r a <wb> p a h a o lx a ii <wb> b o dx ii m aa mq <wb> r a h a ee t a aa <wb> s ei n i k o n u mq <wb> j a ii w a n a <wb> l a k a jh u r i y a s a <wb> h a o t a u q <wb> n a th a ii <wb> p a nx a <wb> k a sx tx a d aa y a k a <wb> h a o y a <wb> ch a ee,C32 C0 C11 C24 C0 C16 <wb> C28 C0 C5 C5 C16 C5 C0 <wb> C22 C0 C16 C34 C0 C29 C0 <wb> C28 C0 C15 C0 C26 C21 C0 C16 <wb> C3 C26 C9 C16 C22 C1 C23 <wb> C29 C0 C15 C0 C11 C32 C0 C1 <wb> C30 C2 C24 C16 C19 C26 C24 C36 C23 <wb> C17 C0 C16 C37 C0 C24 C0 <wb> C21 C0 C19 C0 C18 C36 C29 C16 C38 C0 C30 C0 <wb> C15 C0 C26 C32 C0 C36 C23 <wb> C24 C0 C33 C0 C16 <wb> C28 C0 C25 C0 <wb> C19 C0 C31 C34 C0 C7 C1 C38 C0 C19 C0 <wb> C15 C0 C26 C38 C0 <wb> C6 C0 C11,train
1997,"બકરીની જેમ, આપણે, આખો દિવસ, કંઈ ને કંઈ ચાવ્યા જ કરીએ, પછી, આપણને, ક્ષુધા શાંતિનો સંતોષ, ક્યાંથી સાંપડવાનો હતો ?.",0,13.096,1,,gujarati_female_001997.wav,b a k a r ii n ii <wb> j a ee m a <wb> aa p a nx a ee <wb> aa kh a o <wb> d a i w a s a <wb> k a q ii <wb> n a ee <wb> k a q ii <wb> c aa w y aa <wb> j a <wb> k a r a ii ee <wb> p a ch a ii <wb> aa p a nx a n a ee <wb> k sx u dh aa <wb> sh aa mq t i n o <wb> s a q t a o sx a <wb> k a y a aa q th a ii <wb> s aa mq p a dx a w aa n o <wb> h a t a o,C3 C0 C19 C0 C29 C16 C24 C16 <wb> C17 C0 C11 C22 C0 <wb> C1 C28 C0 C25 C0 C11 <wb> C1 C20 C0 C26 <wb> C7 C0 C16 C37 C0 C30 C0 <wb> C19 C0 C23 C16 <wb> C24 C0 C11 <wb> C19 C0 C23 C16 <wb> C5 C1 C37 C38 C1 <wb> C17 C0 <wb> C19 C0 C29 C0 C16 C11 <wb> C28 C0 C6 C0 C16 <wb> C1 C28 C0 C25 C0 C24 C0 C11 <wb> C19 C31 C36 C8 C1 <wb> C31 C1 C23 C32 C16 C24 C26 <wb> C30 C0 C23 C32 C0 C26 C31 C0 <wb> C19 C0 C38 C0 C1 C23 C33 C0 C16 <wb> C30 C1 C23 C28 C0 C9 C0 C37 C1 C24 C26 <wb> C15 C0 C32 C0 C26,train
1998,"ઝીટકાલોપનો, નળાકાર ફયુઅલ રોડ, ઇંધણ દંડ, તરીકે, ઓળખાય છે.",0,7.949,0,not_selected_by_random,,,,
1999,"જૈન દેરાસર, તીર્થંકર, પશુ પક્ષીઓ, સંગીતના સાધનો, જેવી અનેક વસ્તુઓ, તે, કાગળને, હાથની, એવી કરામતથી, કટ કરે છે.",0,15.488,0,not_selected_by_random,,,,
2000,"તાજેતરમાં, જુલાઈ અઠયાવીસ, બે હજાર અગિયાર, પ્રતિષ્ઠિત વિજ્ઞાન સામયિક, નેચરમાં, પ્રસિદ્ધ થયેલા.",0,10.578,0,not_selected_by_random,,,,
2001,"અંક એક શૂન્ય પાસે, મુકવાથી, દશ ગણું મૂલ્ય, થઈ જાય છે.",0,7.824,0,not_selected_by_random,,,,
2002,"મહોત્સવને સફળ બનાવવા માટે, બ્રહ્મ સમાજના, બસો પચાસ, સ્વયંસેવકો, ખડે પગે, ફરજ બજાવી હતી.",0,11.602,0,not_selected_by_random,,,,
2003,"તમે યુવાન હો, પ્રૌઢ વયના હો, કે, વૃદ્ધાવસ્થાના, આરે, પહોંચ્યા હો.",0,9.193,0,not_selected_by_random,,,,
2004,"દીકરીએ હવે, ત્રીજો પ્રશ્ન પૂછ્યો, ઝૂન ઝૂન, પટેરિયા, બાજે બાબા? એટલે કે, પિતાજી !.",0,10.085,0,not_selected_by_random,,,,
2005,"લાર્જ હેડ્રન કોલાઇડરમાં, એ શક્ય બન્યું, અને, આખરે, વૈજ્ઞાનિકોએ, માર્કેટિંગની, આક્રમક નહીં.",0,10.575,0,not_selected_by_random,,,,
2006,"બપોરે, બે વાગ્યે, સ્ટ્રેન્ડ, બુક સ્ટોલ પાસે હતો.",0,6.198,0,not_selected_by_random,,,,
2007,"બ્રેકનેલના, ઘરનો માલિક, અંગ્રેજ નહોતો.",0,5.269,0,not_selected_by_random,,,,
2008,"આ બેંકનું વ્યાજ, ઘટાડાના કારણે, વાર્ષિક, ત્રીસ હજાર કરોડ વ્યાજની રકમ, ઘટતી હોય છે.",0,10.205,0,not_selected_by_random,,,,
2009,"ઓસ્ટ્રેલિયાના, ગ્રેટ ડિવાઇડિંગ રેન્જની, એકસો પચીસ કિલોમિટર પચિમે, તુઉમ્બા શહરના, મોટા ભાગમાં વિસ્તારો, અચાનક પૂર થી, ધોવાઈ ગયા હતા",0,16.216,0,not_selected_by_random,,,,
2010,"દીનદુખિયા, અપંગ, વૃદ્ધ, તમામની, સેવા કરીશ.",0,7.153,0,not_selected_by_random,,,,
2011,"અમદાવાદમાંથી, હું, વર્ષમાં, પચાસ થી શાહીઠ, યાત્રાળુઓને, સાત, કૈલાસ શિખરોની, યાત્રા કરાવું છું.",0,11.54,1,,gujarati_female_002011.wav,a m a d aa w aa d a m aa mq th ii <wb> h a u q <wb> w a r a sx a m a aa q <wb> p a c a aa s a <wb> th a ii <wb> sh aa h ii txh a <wb> y aa t r aa lx u o n ee <wb> s a aa t a <wb> k a ei l a aa s a <wb> sh i kh a r o n ii <wb> y a aa t a r a aa <wb> k a r a aa w a u q <wb> ch a u q,C0 C22 C0 C7 C1 C37 C1 C7 C0 C22 C1 C23 C33 C16 <wb> C15 C0 C36 C23 <wb> C37 C0 C29 C0 C31 C0 C22 C0 C1 C23 <wb> C28 C0 C5 C0 C1 C30 C0 <wb> C33 C0 C16 <wb> C31 C1 C15 C16 C35 C0 <wb> C38 C1 C32 C29 C1 C21 C36 C26 C24 C11 <wb> C30 C0 C1 C32 C0 <wb> C19 C0 C2 C21 C0 C1 C30 C0 <wb> C31 C16 C20 C0 C29 C26 C24 C16 <wb> C38 C0 C1 C32 C0 C29 C0 C1 <wb> C19 C0 C29 C0 C1 C37 C0 C36 C23 <wb> C6 C0 C36 C23,train
2012,"ના, ના, દાદી ! ખિસકોલી કદી, પકડાય ખરી ? ગોપલો તો, જૂઠ્ઠો છે !.",0,7.461,0,not_selected_by_random,,,,
2013,"ફોન અને ટેબ્લેટને કારણે, માણસોને, સતત સ્ક્રીનમાં, મોં ખોસીને, બેસી રહે છે.",0,9.056,1,,gujarati_female_002013.wav,ph a o n a <wb> a n a ee <wb> tx ee b l ee tx a n ee <wb> k a aa r a nx a ee <wb> m a aa nx a s a o n a ee <wb> s a t a t a <wb> s a k a r a ii n a m a aa q <wb> m a o q <wb> kh o s ii n ee <wb> b a ee s a ii <wb> r a h a ee <wb> ch a ee,C12 C0 C26 C24 C0 <wb> C0 C24 C0 C11 <wb> C34 C11 C3 C21 C11 C34 C0 C24 C11 <wb> C19 C0 C1 C29 C0 C25 C0 C11 <wb> C22 C0 C1 C25 C0 C30 C0 C26 C24 C0 C11 <wb> C30 C0 C32 C0 C32 C0 <wb> C30 C0 C19 C0 C29 C0 C16 C24 C0 C22 C0 C1 C23 <wb> C22 C0 C26 C23 <wb> C20 C26 C30 C16 C24 C11 <wb> C3 C0 C11 C30 C0 C16 <wb> C29 C0 C15 C0 C11 <wb> C6 C0 C11,train
2014,"ધીરુભાઈ, કાયમ માટે, પોતાનાં, લક્ષ્ય પ્રત્યે, પ્રતિબદ્ધ રહ્યા, અને, ભારતની આર્થિક સધ્ધરતા, અને, રાષ્ટ્ર માટે, બહુમૂલ્ય, પ્રદાન કરતા રહ્યા.",0,17.235,0,not_selected_by_random,,,,
2015,"વીડિયો મારફત, શિક્ષણ ક્ષેત્રે, ક્રાંતિ, યુ ટ્યૂબ પર, નવો કલાસરૂમ.",0,7.709,1,,gujarati_female_002015.wav,w ii dx i y o <wb> m a aa r a ph a t a <wb> sh a i k a sx a nx a <wb> k a sx a ee t a r a ee <wb> k a r a aa q t a i <wb> y a u <wb> tx a y a uu b a <wb> p a r a <wb> n a w a o <wb> k a l aa s a r uu m a,C37 C16 C9 C16 C38 C26 <wb> C22 C0 C1 C29 C0 C12 C0 C32 C0 <wb> C31 C0 C16 C19 C0 C31 C0 C25 C0 <wb> C19 C0 C31 C0 C11 C32 C0 C29 C0 C11 <wb> C19 C0 C29 C0 C1 C23 C32 C0 C16 <wb> C38 C0 C36 <wb> C34 C0 C38 C0 C36 C3 C0 <wb> C28 C0 C29 C0 <wb> C24 C0 C37 C0 C26 <wb> C19 C0 C21 C1 C30 C0 C29 C36 C22 C0,train
2016,"બાંગ્લા દેશને, સિત્યાસી રનથી, પરાજય આપીને, શુભાંરભ કર્યો હતો.",0,7.703,0,not_selected_by_random,,,,
2017,"આ માછલી, ફ્રેશ વોટર, એને, સોલ્ટ વોટરમાં જ, રહી શકે છે.",0,7.012,0,not_selected_by_random,,,,
2018,"ચારિત્ર્યમાં પ્રામાણિકતા, નીતિ, સત્યનિષ્ઠા, અને, વફાદારી પણ, સમાવિષ્ટ, થવી જોઈએ.",0,11.114,0,not_selected_by_random,,,,
2019,"તીર્થયાત્રા, કરીશું, કે ગંગાસ્નાન કરીશું, એટલે, બધાં પાપ, ધોવાઈ જશે.",0,9.017,0,not_selected_by_random,,,,
2020,"સાબાની રાણીની કથા, અને, તેની જેરૂસલેમની, મુલાકાત, એક ઐતિહાસિક, વાસ્તવિકતાનું, પ્રતિબિંબ, પાડે છે.",0,13.297,0,not_selected_by_random,,,,
2021,"તો, સ્ટીલ પ્લાંન્ટ, અને, ગેસ સ્ટવ જેવાં, રિએક્ટરનાં, કેન્દ્ર ભાગ, કોટમાં, દુર્ઘટના, સર્જાઈ શકે છે.",0,12.119,0,not_selected_by_random,,,,
2022,"શાસ્ત્રીય સંગીત પ્રત્યે, અરસિક વ્યક્તિને, ઓંકારનાથ ઠાકુર જેવા, સંગીતવર્યનો, સહવાસ.",0,10.912,0,not_selected_by_random,,,,
2023,"વર્લ્ડ કપની, ઓગણીસ ફેબૃઆરીથી, વીસ માર્ચ સુધી, રમાનારી, બેતાલીસ મેચો, નાટક પૂરતી જ છે.",0,10.774,1,,gujarati_female_002023.wav,w a r a l a dx a <wb> k a p a n a ii <wb> o g a nx a ii s a <wb> ph ee b rq aa r ii th ii <wb> w a ii s a <wb> m a aa r a c a <wb> s a u dh a ii <wb> r a m aa n aa r ii <wb> b a ee t a aa l a ii s a <wb> m a ee c a o <wb> n a aa tx a k a <wb> p a uu r a t a ii <wb> j a <wb> ch a ee,C37 C0 C29 C0 C21 C0 C9 C0 <wb> C19 C0 C28 C0 C24 C0 C16 <wb> C26 C13 C0 C25 C0 C16 C30 C0 <wb> C12 C11 C3 C29 C1 C29 C16 C33 C16 <wb> C37 C0 C16 C30 C0 <wb> C22 C0 C1 C29 C0 C5 C0 <wb> C30 C0 C36 C8 C0 C16 <wb> C29 C0 C22 C1 C24 C1 C29 C16 <wb> C3 C0 C11 C32 C0 C1 C21 C0 C16 C30 C0 <wb> C22 C0 C11 C5 C0 C26 <wb> C24 C0 C1 C34 C0 C19 C0 <wb> C28 C0 C36 C29 C0 C32 C0 C16 <wb> C17 C0 <wb> C6 C0 C11,train
2024,"કદાચ, આ કારણે જ, સમર્પિત ફિલ્મનિર્માતા, પોતાના અનુભવ, અને, અંતરાત્માની, પ્રેરણાથી, એવો વિષય પસંદ કરે છે, અને, એવી ફિલ્મ, બનાવે છે,.",0,16.586,0,not_selected_by_random,,,,
2025,"વધારે ફ્લાયઓવરની, રસ્તાઓની, નોકરીઓની, તેમજ, આવકના, સ્તોત્રોની, જરૃર છે.",0,9.651,0,not_selected_by_random,,,,
2026,"ત્યારે, જ્યાર્જ લોરેન્સ, તેની ઉપર, સત્તર કદાવર પતંગો વડે, એક મોટો કેમેરો, ચડાવ્યો હતો.",0,10.565,1,,gujarati_female_002026.wav,t a y a aa r a ee <wb> j y aa r j a <wb> l o r ee n s a <wb> t a ee n a ii <wb> u p a r a <wb> s a t a t a r a <wb> k a d aa w a r a <wb> p a t a mq g o <wb> w a dx a ee <wb> ee k a <wb> m a o tx a o <wb> k ee m ee r o <wb> c a dx a aa w a y a o <wb> h a t a o,C32 C0 C38 C0 C1 C29 C0 C11 <wb> C17 C38 C1 C29 C17 C0 <wb> C21 C26 C29 C11 C24 C30 C0 <wb> C32 C0 C11 C24 C0 C16 <wb> C36 C28 C0 C29 C0 <wb> C30 C0 C32 C0 C32 C0 C29 C0 <wb> C19 C0 C7 C1 C37 C0 C29 C0 <wb> C28 C0 C32 C0 C23 C13 C26 <wb> C37 C0 C9 C0 C11 <wb> C11 C19 C0 <wb> C22 C0 C26 C34 C0 C26 <wb> C19 C11 C22 C11 C29 C26 <wb> C5 C0 C9 C0 C1 C37 C0 C38 C0 C26 <wb> C15 C0 C32 C0 C26,train
2027,"આવો માનવીમાં, નૈતિકતાના મૂલ્યોનું ઘડતર કરતો ગ્રંથ, શિક્ષાપત્રી, જે કોઇને પ્રાપ્ત, કરવો હોય.",0,10.895,0,not_selected_by_random,,,,
2028,"અલબત્ત, આ વાત, મહદ્અંશે, વિકસિત દેશોને, લાગુ પડે છે.",0,7.314,0,not_selected_by_random,,,,
2029,"પેજ પર, દેશભરના, ફેસબુક યુઝર્સ, છ હજાર કરતાં, વધુ મત આપ્યા.",0,8.558,0,not_selected_by_random,,,,
2030,"હકીકતમાં, શહેરીકરણને, શહેરોના વિકાસ સાથે, સાંકળવાના બદલે, ગ્રામ્ય, અને, શહેરોના, સંયુક્ત વિકાસના, સાયુજ્ય તરીકે, જોવું જોઈએ.",0,15.604,0,not_selected_by_random,,,,
2031,"આ ડિઝાઇનમાં, અત્યાધુનિક સલામતી, સાધનો છે, જે, જનરેશન થ્રી, કલાસના, ગણાય છે.",0,9.562,0,not_selected_by_random,,,,
2032,"અહમથી ભરેલા જગતને, દોષ, તથા કલહથી, બચાવવા માટે, બ્રહ્માદેવે, વિનાયકની જરૂરીયાત, અનુભવી.",0,11.228,0,not_selected_by_random,,,,
2033,"અન્ય અણુ ઊર્જા મથકોની જેમ, ઈપીઆર પણ, કાર્બન ડાયોકસાઈડ છોડશે નહિ, એવું, ઇજનેરો કહે છે.",0,11.216,0,not_selected_by_random,,,,
2034,"સામાન્ય રીતે, પ્રેક્ટિસનું પરિણામ, કે, દેખાવ મહત્વના હોતા નથી.",0,7.471,0,not_selected_by_random,,,,
2035,"અને, નૌ નયન માટે, હાઈટેક હાઈપર સ્પેકટ્રવ ઇમેજર્સ, નામના સાધનો.",0,8.648,0,not_selected_by_random,,,,
2036,"અહીં, કાચું લાયસન્સ તો, દરેક પેટ્રોલ પંપ પર મળે, એવી વ્યવસ્થા, ગોઠવવી જોઈએ.",0,9.101,0,not_selected_by_random,,,,
2037,"નવની તીવ્રતાના ભૂકંપ બાદ, ટોકિયોથી, બસો સિત્તેર કિલોમીટર, ઉત્તર પૂર્વમાં, આવેલા જાપાનમાં.",0,10.58,0,not_selected_by_random,,,,
2038,"બીસીસીઆઈની, વર્કિંગ કમિટીની બેઠક બાદ, બીસીસીઆઈ, ઉપપ્રમુખ, રાજીવ શુક્લાએ, જણાવ્યું હતું.",0,9.915,1,,gujarati_female_002038.wav,b ii s ii s ii aa ii n ii <wb> w a r k i mq g a <wb> k a m i tx ii n ii <wb> b a ee txh a k a <wb> b a aa d a <wb> b a ii s a ii s a ii aa ii <wb> u p a p r a m u kh a <wb> r a aa j a ii w a <wb> sh u k l aa ee <wb> j a nx a aa w a y a u q <wb> h a t a u q,C3 C16 C30 C16 C30 C16 C1 C16 C24 C16 <wb> C37 C0 C29 C19 C16 C23 C13 C0 <wb> C19 C0 C22 C16 C34 C16 C24 C16 <wb> C3 C0 C11 C35 C0 C19 C0 <wb> C3 C0 C1 C7 C0 <wb> C3 C0 C16 C30 C0 C16 C30 C0 C16 C1 C16 <wb> C36 C28 C0 C28 C29 C0 C22 C36 C20 C0 <wb> C29 C0 C1 C17 C0 C16 C37 C0 <wb> C31 C36 C19 C21 C1 C11 <wb> C17 C0 C25 C0 C1 C37 C0 C38 C0 C36 C23 <wb> C15 C0 C32 C0 C36 C23,train
2039,"શા માટે, નગરપાલિકાઓને, ગટરના પાણીનું, શુદ્ધિકરણ કર્યા વિના જ, ગંદું પાણી, લોકમાતાઓમાં, છોડવાની, છૂટ આપવામાં, આવે છે ?.",0,14.866,0,not_selected_by_random,,,,
2040,"જેમાં, વડોદરાના, જિગ્નેશ પ્રજાપતિ, અને, જામનગરના, મુકેશ નકૂમનો,સમાવેશ થાય છે.",0,10.878,0,not_selected_by_random,,,,
2041,"આપણે, ચારિત્ર્યને, શારીરિક સ્ખલનો, પૂરતું, મર્યાદિત રાખ્યું છે.",0,7.955,0,not_selected_by_random,,,,
2042,"આવા, મહાપુરૃષની, જન્મશતાબ્દિ ઉજવવા, ભેગા થયેલા, ભક્તોમાં, ધક્કામુક્કી, થાય છે.",0,10.031,1,,gujarati_female_002042.wav,aa w a aa <wb> m a h aa p u r rq sx a n ii <wb> j a n m a sh a t aa b d i <wb> u j a w a w aa <wb> bh a ee g a aa <wb> th a y a ee l a aa <wb> bh a k t o m aa mq <wb> dh a k a k a aa m a u k a k a ii <wb> th a aa y a <wb> ch a ee,C1 C37 C0 C1 <wb> C22 C0 C15 C1 C28 C36 C29 C29 C31 C0 C24 C16 <wb> C17 C0 C24 C22 C0 C31 C0 C32 C1 C3 C7 C16 <wb> C36 C17 C0 C37 C0 C37 C1 <wb> C4 C0 C11 C13 C0 C1 <wb> C33 C0 C38 C0 C11 C21 C0 C1 <wb> C4 C0 C19 C32 C26 C22 C1 C23 <wb> C8 C0 C19 C0 C19 C0 C1 C22 C0 C36 C19 C0 C19 C0 C16 <wb> C33 C0 C1 C38 C0 <wb> C6 C0 C11,train
2043,"જાણે, આપણને એહસાસ કરાવતી હોય, કે, સીસ્ટેમેટીક જેનોમ સિકવન્સનાં, તબીબી ઉપયોગ થાય છે.",0,11.684,0,not_selected_by_random,,,,
2044,"બાળકોના, કોમળ મગજ પર, ગુનાખોરી, મારધાડ, અને, કત્લેઆમ જેવાં, દૂષણોનાં, બીજ રોપતી.",0,11.076,1,,gujarati_female_002044.wav,b a aa lx a k a o n a aa <wb> k o m a lx a <wb> m a g a j a <wb> p a r a <wb> g u n aa kh o r ii <wb> m aa r a dh aa dx a <wb> a n a ee <wb> k a t l ee aa m a <wb> j a ee w a aa q <wb> d uu sx a nx o n aa mq <wb> b ii j a <wb> r o p a t ii,C3 C0 C1 C21 C0 C19 C0 C26 C24 C0 C1 <wb> C19 C26 C22 C0 C21 C0 <wb> C22 C0 C13 C0 C17 C0 <wb> C28 C0 C29 C0 <wb> C13 C36 C24 C1 C20 C26 C29 C16 <wb> C22 C1 C29 C0 C8 C1 C9 C0 <wb> C0 C24 C0 C11 <wb> C19 C0 C32 C21 C11 C1 C22 C0 <wb> C17 C0 C11 C37 C0 C1 C23 <wb> C7 C36 C31 C0 C25 C26 C24 C1 C23 <wb> C3 C16 C17 C0 <wb> C29 C26 C28 C0 C32 C16,train
2045,"બે મહિના જેટલી, લાંબી ચાલતી, પાઇલટની હડતાળ, દાઝેલાને, ડામ જેવું, કામ કરે છે.",0,10.553,0,not_selected_by_random,,,,
2046,"ડરતાં અચકાતાં, જ્યોતિષી કહે, એટલે કે, છોકરો ઘણો તેજસ્વી છે.",0,8.814,0,not_selected_by_random,,,,
2047,"જનીનોમાં, અંતરીક્ષ યાત્રાનાં કારણે, કોઈ પ્રકારનું, જીનેટીક મ્યુટેશન, ગુણ વિકાર, થાય છે ખરૃં ?.",0,10.32,0,not_selected_by_random,,,,
2048,"ગ્રેટર હિમાલય, સેન્ટ્રલ હિમાલય, અને, શિવાલિક, એમ, ત્રણ ભાગમાં પથરાયેલો.",0,9.396,0,not_selected_by_random,,,,
2049,"પ્રત્યેક બ્લોકમાં, ખડેપગે મહેમાનોની, જરૃરિયાત, પૂરી કરવા, સ્વયંસેવકોને, રાખવામાં, આવ્યા છે.",0,11.73,0,not_selected_by_random,,,,
2050,"સ્ફટીક જેવા, નિર્મળ જળથી ભરેલું, સુંદર જળાશય છે.",0,6.735,0,not_selected_by_random,,,,
2051,"આવા તડકામાં જો, મુસાફરીનો પ્રસંગ આવે, તો, શરૂઆતમાં, ઘડી અબઘડી, જે તકલીફ થાય, તે ખરી,.",0,12.028,0,not_selected_by_random,,,,
2052,"જેમાં, ત્રણસો કરોડ રૂપિયા, જરૂરિયાત છે, જેમાં પાન્સો કરોડ રાજ્યના, જાહેર સાહસોમાંથી, ઉપલબ્ધ છે.",0,12.14,0,not_selected_by_random,,,,
2053,"કાચું લાયસન્સ સામાન્ય ફોર્મ ભરીને, ઑનલાઈન મેળવી શકાય, અને, પાકા માટે, ડેટ પ્રમાણે, પ્રજાને, બોલાવી શકાય છે.",0,12.89,0,not_selected_by_random,,,,
2054,"ભણતરનો થાક, નહોતો, તોય વૅકેશન, આરામનો ઉત્સવ ગણાતું.",0,7.775,0,not_selected_by_random,,,,
2055,"ચારે જણાથી, એક સાથે, બોલી જવાયું, આયુષ્યમાન ભવ, કીર્તિમાન ભવ, દીપ્તિવાન ભવ, તેજવાન ભવ.",0,12.898,0,not_selected_by_random,,,,
2056,"રોહિતશર્માની, બેટિંગ ટેકનીકમાં, હજુ પણ, શોર્ટ પીચ બોલના, સંદર્ભણાં, ખામી જણાય છે.",0,9.915,1,,gujarati_female_002056.wav,r o h i t a sh a r m aa n ii <wb> b a ee tx a i q g a <wb> tx ee k a n ii k a m aa mq <wb> h a j a u <wb> p a nx a <wb> sh o r tx a <wb> p a ii c a <wb> b o l a n aa <wb> s a mq d a r bh a nx aa mq <wb> kh a aa m a ii <wb> j a nx a aa y a <wb> ch a ee,C29 C26 C15 C16 C32 C0 C31 C0 C29 C22 C1 C24 C16 <wb> C3 C0 C11 C34 C0 C16 C23 C13 C0 <wb> C34 C11 C19 C0 C24 C16 C19 C0 C22 C1 C23 <wb> C15 C0 C17 C0 C36 <wb> C28 C0 C25 C0 <wb> C31 C26 C29 C34 C0 <wb> C28 C0 C16 C5 C0 <wb> C3 C26 C21 C0 C24 C1 <wb> C30 C0 C23 C7 C0 C29 C4 C0 C25 C1 C23 <wb> C20 C0 C1 C22 C0 C16 <wb> C17 C0 C25 C0 C1 C38 C0 <wb> C6 C0 C11,train
2057,"આપણી ગણતરીઓથી, એને, માપવાની કોશિશ ક્યારેય ન કરવી.",0,6.737,0,not_selected_by_random,,,,
2058,"ચાર પાંચ દિવસની, માથાકૂટ પછી, રામુ, રીંછે, વનરાજને, ફટફટિયું, ચલાવતાં, શિખવાડી દીધું.",0,11.11,0,not_selected_by_random,,,,
2059,"અને, જો તે સંમત થાય, તો તેને, જ્યેષ્ઠ પાંડવનું પદ આપવાની, દરખાસ્ત કરે છે.",0,9.945,0,not_selected_by_random,,,,
2060,"જૉન, બોરિસેન્કો કહે છે, તમે મૃત્યુ પામશો કે નહીં, એ પ્રશ્ન નથી.",0,8.383,0,not_selected_by_random,,,,
2061,"ઝવેરીઓએ, પૂતળીઓ વારાફરતી હાથમાં લીધી, અને, તેમને ચોમેર ફેરવીને, ઝીણવટથી તપાસી.",0,10.798,0,not_selected_by_random,,,,
2062,"મહાવદ ચૌદસના દિવસે આવતી, મહાશિવરાત્રીનું, હિન્દુ સંસ્કૃતિમાં, અનન્ય, મહિમા છે.",0,10.271,0,not_selected_by_random,,,,
2063,"વધુ, સુદ્દઢ શરીર મેળવવા, સંજય દત્ત, અને, હૃતિક રોશન, બંનેએ, કમર કસી.",0,9.843,0,not_selected_by_random,,,,
2064,"કચ્છવાસીઓએ, હજુયે, મેઘરાજાની, રાહ જોવી પડશે, કેમ કે, અહીં તો, હજુયે, છુટોછવાયો વરસાદ, વરસે તેમ છે.",0,12.9,0,not_selected_by_random,,,,
2065,"રઘુવંશીને, પોતાના જ, પિતરાઈ ભાઈ સાથે, દુશ્મની હોય છે, અને, એવામાં, અબ્બાસ તેની, મદદે, આવે છે.",0,12.037,0,not_selected_by_random,,,,
2066,"અમદાવાદમાં, નવા વિસ્તારો ડેવલોપ થયા, પરંતુ, ત્યાં પાણીના નિકાલ અંગે, કોઈ ચોક્કસ, પ્લાન થયા નથી.",0,12.375,0,not_selected_by_random,,,,
2067,"આંખો પટપટાવતી કન્યાઓની, કીકીમાં, એક સ્વરૂપવાન યુવતી, ચૂપચાપ, જોઈ રહી હતી.",0,10.301,0,not_selected_by_random,,,,
2068,"ત્યારે પણ, તે, વેબ સાઇઠ પર, લાળઇ સ્કોર તો, જોઇ જ લેતો હતો.",0,8.113,0,not_selected_by_random,,,,
2069,"ત્યક્તાનું લાંછન, હવે, કપાળે લાગ્યું છે.",0,5.842,0,not_selected_by_random,,,,
2070,"રથયાત્રાના દિવસે, અમીછાંટણા બાદ, મેઘરાજા, ગુમ થઈ ગયા હતા.",0,8.197,0,not_selected_by_random,,,,
2071,"જાહેર ક્ષેત્રની બેંકો, અને, ઇન્શ્યોરન્સ કંપનીઓનો, સમાવેશ થાય છે.",0,8.046,0,not_selected_by_random,,,,
2072,"એ પણ વૃક્ષ, પાન, ડાળ, અરે, પ્રત્યેક સજીવમાં, અસ્તિત્વ, ધરાવે છે, છતાં, એ ક્યાં છે ?.",0,12.015,0,not_selected_by_random,,,,
2073,"યંત્રયુગમાં, વૃક્ષો સાથેની, પ્રીતિ, મારે મન, કુદરતનો, આશીર્વાદ છે,.",0,9.143,0,not_selected_by_random,,,,
2074,"અણુઊર્જા દ્વારા, વીજ ઉત્પાદિત કરવાના બિઝનેસમાં, જર્મની, એક, સશક્ત ભાગીદાર છે.",0,8.8,1,,gujarati_female_002074.wav,a nx a u uu r a j a aa <wb> d a w a aa r a aa <wb> w a ii j a <wb> u t a p a aa d a i t a <wb> k a r a w a aa n a aa <wb> b i jh a n ee s a m aa mq <wb> j a r a m a n a ii <wb> ee k a <wb> s a sh a k t a <wb> bh a aa g a ii d a aa r a <wb> ch a ee,C0 C25 C0 C36 C36 C29 C0 C17 C0 C1 <wb> C7 C0 C37 C0 C1 C29 C0 C1 <wb> C37 C0 C16 C17 C0 <wb> C36 C32 C0 C28 C0 C1 C7 C0 C16 C32 C0 <wb> C19 C0 C29 C0 C37 C0 C1 C24 C0 C1 <wb> C3 C16 C18 C0 C24 C11 C30 C0 C22 C1 C23 <wb> C17 C0 C29 C0 C22 C0 C24 C0 C16 <wb> C11 C19 C0 <wb> C30 C0 C31 C0 C19 C32 C0 <wb> C4 C0 C1 C13 C0 C16 C7 C0 C1 C29 C0 <wb> C6 C0 C11,train
2075,"અઢારસો નવ્વાણું ના, ભારતીય ટિકિટ ધારામાં, સુધારો કરવા માટે, સંસદમાં, ટૂંક સમયમાં, એક વિધેયક, રજૂ કરવામાં, આવશે.",0,13.9,0,not_selected_by_random,,,,
2076,"ગીતાંજલિના, આ નોબેલ વિજેતા, કવિ, કોઈ કુદરતમાં ખોવાઈ જતા, મરમી, કે, સૌંદર્યલુબ્ધ, શબ્દસેવી, માત્ર, નહોતા.",0,13.843,0,not_selected_by_random,,,,
2077,"સ્કૂલમાં પણ, બીજી સ્પોર્ટ્સ એક્ટિવિટી કરતાં, તેની ફર્સ્ટ ચોઇસ, આજે પણ, માત્રને માત્ર, ક્રિકેટ જ છે.",0,10.542,1,,gujarati_female_002077.wav,s k uu l a m aa mq <wb> p a nx a <wb> b a ii j a ii <wb> s p o r tx s a <wb> ee k tx i w i tx ii <wb> k a r a t a aa q <wb> t a ee n a ii <wb> ph a r a s a tx a <wb> c o i s a <wb> aa j a ee <wb> p a nx a <wb> m aa t r a n ee <wb> m a aa t a r a <wb> k a r a i k a ee tx a <wb> j a <wb> ch a ee,C30 C19 C36 C21 C0 C22 C1 C23 <wb> C28 C0 C25 C0 <wb> C3 C0 C16 C17 C0 C16 <wb> C30 C28 C26 C29 C34 C30 C0 <wb> C11 C19 C34 C16 C37 C16 C34 C16 <wb> C19 C0 C29 C0 C32 C0 C1 C23 <wb> C32 C0 C11 C24 C0 C16 <wb> C12 C0 C29 C0 C30 C0 C34 C0 <wb> C5 C26 C16 C30 C0 <wb> C1 C17 C0 C11 <wb> C28 C0 C25 C0 <wb> C22 C1 C32 C29 C0 C24 C11 <wb> C22 C0 C1 C32 C0 C29 C0 <wb> C19 C0 C29 C0 C16 C19 C0 C11 C34 C0 <wb> C17 C0 <wb> C6 C0 C11,train
2078,"પોતાના દેશ ફ્રાંસમાં, હૉસ્ટેલમાં રહેવું, પસંદ કરે છે.",0,6.933,0,not_selected_by_random,,,,
2079,"તેના જીવનમાં, કેવી દુઃખદ પરિસ્થિતિ સર્જાય છે? તે જાણવા માટે, વાંચો, એક પ્રેરણાદાયી, પ્રસંગ.",0,10.959,0,not_selected_by_random,,,,
2080,"વ્રજની કુમારિકાઓએ, કોઈને જાણે, એમ, ગુઢભાવથી, કાત્યાય દેવીનું અર્ચન કર્યું.",0,10.765,0,not_selected_by_random,,,,
2081,"તેવી જ રીતે, વર્લ્ડકપની, સૌથી પ્રથમ મેચનો, સર્વાધિક ટીમ ટોટલનો રેકોર્ડ, ભારતે, આજે ત્રણસો સીતેર રન, નોંધાવીને, સર્જ્યો છે.",0,14.979,0,not_selected_by_random,,,,
2083,"પણ, મનમાં જમા થયા કરતા, ક્ષારો, દૂર કરવાનું, ખાસ વિચારતા નથી, પાણીની જેમ જ, જ્યાં લાગણી છે, ત્યાં, ક્ષાર જમા થઈ જાય છે.",0,15.954,0,not_selected_by_random,,,,
2084,"તોયે એ, અતડાપણું જાળવીને, થોડીક તોછડી રીતે જ, વાત કરે છે.",0,7.012,1,,gujarati_female_002084.wav,t o y ee <wb> ee <wb> a t a dx aa p a nx u mq <wb> j aa lx a w ii n ee <wb> th a o dx a ii k a <wb> t o ch a dx ii <wb> r a ii t a ee <wb> j a <wb> w a aa t a <wb> k a r a ee <wb> ch a ee,C32 C26 C38 C11 <wb> C11 <wb> C0 C32 C0 C9 C1 C28 C0 C25 C36 C23 <wb> C17 C1 C21 C0 C37 C16 C24 C11 <wb> C33 C0 C26 C9 C0 C16 C19 C0 <wb> C32 C26 C6 C0 C9 C16 <wb> C29 C0 C16 C32 C0 C11 <wb> C17 C0 <wb> C37 C0 C1 C32 C0 <wb> C19 C0 C29 C0 C11 <wb> C6 C0 C11,train
2085,"એનું ખોરડું, ખૂબ જૂનું પુરાણું, અને, ખખડધજ હતું.",0,8.07,0,not_selected_by_random,,,,
2086,"હિન્દુ મુસ્લિમ વચ્ચેની, કહેવાતી ભેદરેખાને ભૂંસી નાખવાની, તત્પરતા, દાદ માગી લેનાર છે.",0,11.27,0,not_selected_by_random,,,,
2087,"બુઝુર્ગ વડાપ્રધાન, કાળા વાવટાના સ્વાગત વચ્ચે, અમૃતસરમાં, એવો ઘાટ, જોવા મળ્યો.",0,10.563,0,not_selected_by_random,,,,
2088,"હવે, આપણે કૂંડી ધોકાના બદલે, ઇલેક્ટ્રિકથી ચાલતું, મિક્સર વાપરીએ છીએ, આ મિક્સર ચલાવવા માટે, સરકારે, વીજળી પેદા કરવી પડે છે.",0,15.08,0,not_selected_by_random,,,,
2089,સજીવમાં આવેલ અનિચ્છનીય બદલાવ મ્યુટેશન તેનાં માટે જવાબદાર છે.,0,8.55,0,not_selected_by_random,,,,
2090,"તે સ્ક્રીન પર, બિઝનેસ ચક્રનું, સ્કેચ, તૈયાર કરે છે.",0,5.317,1,,gujarati_female_002090.wav,t a ee <wb> s a k a r a ii n a <wb> p a r a <wb> b a i jh a n a ee s a <wb> c a k a r a n a u q <wb> s k ee c a <wb> t a ei y a aa r a <wb> k a r a ee <wb> ch a ee,C32 C0 C11 <wb> C30 C0 C19 C0 C29 C0 C16 C24 C0 <wb> C28 C0 C29 C0 <wb> C3 C0 C16 C18 C0 C24 C0 C11 C30 C0 <wb> C5 C0 C19 C0 C29 C0 C24 C0 C36 C23 <wb> C30 C19 C11 C5 C0 <wb> C32 C0 C2 C38 C0 C1 C29 C0 <wb> C19 C0 C29 C0 C11 <wb> C6 C0 C11,train
2091,"જેણે જેરૂસલેમથી, પાછા ફરી, સોલોમોનના પુત્ર, મેનેલિકને, જન્મ આપ્યો હતો.",0,9.71,0,not_selected_by_random,,,,
2092,"તેનો એક કઠોર શબ્દ, બીજા માણસને, કેટલો ઊંડો, જખ્મ, આપી દે છે.",0,8.755,0,not_selected_by_random,,,,
2093,"પરંતુ, ક્વૉલીટી, અને સ્ટાન્ડર્ડ ડેટાનું ધોરણ, જળવાઈ રહે, તેવી, કોઈ સીસ્ટમ નથી.",0,9.298,0,not_selected_by_random,,,,
2095,"એણે, દોડીને ઘરમાં પેસવા, કોશિશ કરી, પરંતુ, દ્વારપાળોએ, એની ગરદન, પકડીને, શેરીની ધૂળમાં, ફેંકી દીધો.",0,12.307,1,,gujarati_female_002095.wav,ee nx a ee <wb> d o dx ii n ee <wb> gh a r a m a aa q <wb> p ee s a w aa <wb> k a o sh a i sh a <wb> k a r a ii <wb> p a r a q t a u <wb> d w aa r a p aa lx o ee <wb> ee n a ii <wb> g a r a d a n a <wb> p a k a dx a ii n a ee <wb> sh ee r ii n ii <wb> dh uu lx a m aa mq <wb> ph a ee q k a ii <wb> d a ii dh a o,C11 C25 C0 C11 <wb> C7 C26 C9 C16 C24 C11 <wb> C14 C0 C29 C0 C22 C0 C1 C23 <wb> C28 C11 C30 C0 C37 C1 <wb> C19 C0 C26 C31 C0 C16 C31 C0 <wb> C19 C0 C29 C0 C16 <wb> C28 C0 C29 C0 C23 C32 C0 C36 <wb> C7 C37 C1 C29 C0 C28 C1 C21 C26 C11 <wb> C11 C24 C0 C16 <wb> C13 C0 C29 C0 C7 C0 C24 C0 <wb> C28 C0 C19 C0 C9 C0 C16 C24 C0 C11 <wb> C31 C11 C29 C16 C24 C16 <wb> C8 C36 C21 C0 C22 C1 C23 <wb> C12 C0 C11 C23 C19 C0 C16 <wb> C7 C0 C16 C8 C0 C26,train
2096,"અશ્વિને એક છેડો સાચવી રાખતાં, સુડતાલીસ બોલમાં, બે ચોગ્ગા સાથે, પચ્ચીસ રન, ફટકાર્યા હતા.",0,11.22,0,not_selected_by_random,,,,
2097,"સંબંધિત સમાચાર તમારા સ્ક્રિનની, ડાબી બાજુના, બોક્સમાં, વાંચી શકો છો.",0,9.038,0,not_selected_by_random,,,,
2098,"ત્યારે, ટપાલી, ગામડે ગામડે, અને, ઘરે ઘરે, જઈને, લોકોના સંદેશા, પહોંચાડતો, અને, વાંચી સંભળાવતો.",0,12.88,0,not_selected_by_random,,,,
2099,"ઓગણીસો અઠ્યાવીસ માં, શોધાયેલ પ્લેક્ષી ગ્લાસ, જેને, આપણે એક્રેલીકની ગ્લાસ કહીએ છીએ.",0,10.257,0,not_selected_by_random,,,,
2100,"બજારમાં, આંબોળિયા વરિયાળીના, લલચામણાં ઢગલાં જોતાં.",0,6.879,0,not_selected_by_random,,,,
2101,"બ્રહ્મપુરાણ, શિવપુરાણ, સ્કંદપુરાણ, જેવા, મુખ્ય ગ્રંથોમાં પણ, શ્રી વિશ્વકર્મા દાદાની, કથાઓ, વાંચવા મળે છે.",0,13.56,0,not_selected_by_random,,,,
2102,"પગમાં, બૂટ તો મેં કૉલેજમાં, અધ્યાપક થયા પછી, ઈડરમાં, પહેલીવાર ખરીદીને, પ્હેર્યા હતા !.",0,9.845,1,,gujarati_female_002102.wav,p a g a m a aa q <wb> b a uu tx a <wb> t a o <wb> m a ee q <wb> k a l a ee j a m a aa q <wb> a dh a y a aa p a k a <wb> th a y a aa <wb> p a ch a ii <wb> ii dx a r a m aa mq <wb> p a h a ee l a ii w a aa r a <wb> kh a r ii d ii n ee <wb> p h ee r y aa <wb> h a t a aa,C28 C0 C13 C0 C22 C0 C1 C23 <wb> C3 C0 C36 C34 C0 <wb> C32 C0 C26 <wb> C22 C0 C11 C23 <wb> C19 C0 C21 C0 C11 C17 C0 C22 C0 C1 C23 <wb> C0 C8 C0 C38 C0 C1 C28 C0 C19 C0 <wb> C33 C0 C38 C0 C1 <wb> C28 C0 C6 C0 C16 <wb> C16 C9 C0 C29 C0 C22 C1 C23 <wb> C28 C0 C15 C0 C11 C21 C0 C16 C37 C0 C1 C29 C0 <wb> C20 C0 C29 C16 C7 C16 C24 C11 <wb> C28 C15 C11 C29 C38 C1 <wb> C15 C0 C32 C0 C1,train
2103,"તૈયાર કરેલો, રોબોટ, આ ઇન્ટરનેશનલ કોમ્પિટિશનમાં, બેસ્ટ પરફોમ કરશે.",0,8.066,0,not_selected_by_random,,,,
2104,"તારી ઘડિયાળ ક્યાં છે ? માણસ સલામત ખંડમાં, ડનલોપીલોના, ગાદલામાં સૂતો છે.",0,10.096,0,not_selected_by_random,,,,
2105,"એ સમયે, અતિ ધનાઢ્ય બ્રાહ્મણ, સૌમીલે, અપાપા નગરીમાં, મહાયજ્ઞનું, આયોજન કર્યું.",0,10.699,0,not_selected_by_random,,,,
2106,"બ્રહ્માએ, પૌત્ર ચંદ્રદેવને, બીજ, ઔષધિ, જળ, બ્રાહ્મણોના રાજા, બનાવ્યા છે.",0,11.406,0,not_selected_by_random,,,,
2107,"તેઓ, કોઈ સરકારી મકાનમાં, એક એક્સ્ટ્રા બેડરૂમનો, ફ્લેટ મેળવવાની, તક, ગુમાવી દેશે?.",0,10.3,0,not_selected_by_random,,,,
2108,"અને, આ માછલીની અંદર, રાઈસના દાણાજેવડી, માક્રોચીપ, રાખવામાં આવેલી હોય છે.",0,10.233,0,not_selected_by_random,,,,
2109,"ભારતના શૂટર્સ, તિરંદાજો, અને વેઇટ લિફ્ટરો, લંડન પહોંચી ગયા.",0,9.35,0,not_selected_by_random,,,,
2110,"કહેવાની જરૃર નથી કે, કોમનવેલ્થ ગેમ્સમાં, જે, નાણાંકીય ગેરરીતીઓ, ઉઘાડી પડી, તે આ પ્રકારની તપાસને, આભારી હતી.",0,14.3,0,not_selected_by_random,,,,
2111,"એક વાર, ક્યાંક ખીલેલાં, સિંદૂરિયાના, વૃક્ષની નીચે, પથ્થર પર, સિંદૂર ચોપડીને, બનાવેલા, મારુતિ જોયા હતા.",0,12.942,0,not_selected_by_random,,,,
2112,"એનું કારણ એ છે કે, ગણતરી કરનાર, જિંદગીના વ્યાપને, કે, અગાધ ઊંડાણને, સમજી શકતો નથી.",0,11.343,0,not_selected_by_random,,,,
2113,"તેના, તત્કાલીન, ચેરમેન, વોરેન એન્ડરસનને, દોષમુક્ત જાહેર કર્યા છે.",0,8.316,0,not_selected_by_random,,,,
2114,"તેમાંય, ભીમ અગિયારસના દિવસે, છોકરાને, જલસા થઈ પડે.",0,6.8,0,not_selected_by_random,,,,
2115,"પંદર, મેગા ફૂડ પાર્ક સ્થાપવાની, દરખાસ્ત, કરી છે.",0,7.0,0,not_selected_by_random,,,,
2116,"અઢારસો ત્રાણું પછીનું, સૌથી વિનાશક પૂર, વીસ લાખની, વસતી ધરાવતું, બ્રિસ્બેન, જળબંબાકાર, ત્રીસ નાં મોત, ઇઠ્યોતેર, લાપતા.",0,15.59,0,not_selected_by_random,,,,
2117,"જોઉં છું તો, રવીન્દ્રનાથની, સાર્ધ, શતાબ્દી નિમિત્તે, તંત્રીસ્થાનેથી, કરેલી ટિપ્પણી.",0,11.058,0,not_selected_by_random,,,,
2118,"હાય હાય રે નસીબ ! એમ બોલીને, દલાશેઠે, કપાળ પર, ટાપલી મારી, અને, કુવાની કિનારી પર, બેસી ગયા.",0,11.88,0,not_selected_by_random,,,,
2119,"શાહ, લેખક વરિષ્ઠ પત્રકાર છે, અને, વિચારપત્ર, નિરીક્ષકના, તંત્રી છે.",0,9.194,0,not_selected_by_random,,,,
2120,"તેણે, જે પ્રમેય આપ્યું છે, તે મુજબ, જેનો એક ખૂણો, કાટખૂણો હોય, તેવા, ત્રિકોણની, સૌથી મોટી બાજુ, જેને, કર્ણ કહે છે.",0,15.859,0,not_selected_by_random,,,,
2121,"તેની યાદી, ઉત્સાહભેર બનાવતી વખતે, વિજ્ઞાનને, પોતાનું નૈસર્ગીક, વિરોધી ગણનારા, લોકો, એ હકીકત, ભૂલી જાય છે.",0,13.166,1,,gujarati_female_002121.wav,t a ee n a ii <wb> y a aa d a ii <wb> u t s aa h a bh ee r a <wb> b a n a aa w a t a ii <wb> w a kh a t a ee <wb> w a i j a nj a aa n a n a ee <wb> p a o t a aa n a u q <wb> n ei s a r g ii k a <wb> w a i r a o dh a ii <wb> g a nx a n aa r aa <wb> l a o k a o <wb> ee <wb> h a k a ii k a t a <wb> bh a uu l a ii <wb> j a aa y a <wb> ch a ee,C32 C0 C11 C24 C0 C16 <wb> C38 C0 C1 C7 C0 C16 <wb> C36 C32 C30 C1 C15 C0 C4 C11 C29 C0 <wb> C3 C0 C24 C0 C1 C37 C0 C32 C0 C16 <wb> C37 C0 C20 C0 C32 C0 C11 <wb> C37 C0 C16 C17 C0 C24 C0 C1 C24 C0 C24 C0 C11 <wb> C28 C0 C26 C32 C0 C1 C24 C0 C36 C23 <wb> C24 C2 C30 C0 C29 C13 C16 C19 C0 <wb> C37 C0 C16 C29 C0 C26 C8 C0 C16 <wb> C13 C0 C25 C0 C24 C1 C29 C1 <wb> C21 C0 C26 C19 C0 C26 <wb> C11 <wb> C15 C0 C19 C0 C16 C19 C0 C32 C0 <wb> C4 C0 C36 C21 C0 C16 <wb> C17 C0 C1 C38 C0 <wb> C6 C0 C11,train
2122,"સાથોસાથ, માયાવતીએ, કરેલા અઢળક ખર્ચામાંથી, બોધપાઠ લે, એટલા શાણા, તો એ, લાગતા જ, હતા.",0,12.361,0,not_selected_by_random,,,,
2123,"દલાશેઠ, રડમસ થઈને બોલ્યા, મારી પાઘડીની, ધડમાં, પચાસ રૂપિયા છે.",0,7.663,1,,gujarati_female_002123.wav,d a l aa sh ee txh a <wb> r a dx a m a s a <wb> th a ii n a ee <wb> b a o l a y a aa <wb> m a aa r a ii <wb> p aa gh a dx ii n ii <wb> dh a dx a m aa mq <wb> p a c a aa s a <wb> r a uu p a i y a aa <wb> ch a ee,C7 C0 C21 C1 C31 C11 C35 C0 <wb> C29 C0 C9 C0 C22 C0 C30 C0 <wb> C33 C0 C16 C24 C0 C11 <wb> C3 C0 C26 C21 C0 C38 C0 C1 <wb> C22 C0 C1 C29 C0 C16 <wb> C28 C1 C14 C0 C9 C16 C24 C16 <wb> C8 C0 C9 C0 C22 C1 C23 <wb> C28 C0 C5 C0 C1 C30 C0 <wb> C29 C0 C36 C28 C0 C16 C38 C0 C1 <wb> C6 C0 C11,train
2124,"એક નૈતિક લડાઈમાં, આપણાં પ્રિયજનો સાથે, યુદ્ધ કરવું પણ, ધર્મ જ છે.",0,8.482,0,not_selected_by_random,,,,
2125,"વૈજ્ઞાનિકોને, પ્રાચીન કાળનાં, ફોસીલાઈઝડ, અશ્મીકૃત ખડકો, મળી આવ્યા છે.",0,8.982,0,not_selected_by_random,,,,
2126,"વૅકેશન, એ, સર્જનાત્મક દ્રષ્ટિકોણ ખીલવે છે.",0,6.45,0,not_selected_by_random,,,,
2127,"યોગ, અને વેદનું જ્ઞાન મેળવીને, ઈન્દ્રભૂતિ ગૌતમે, ખૂબ જ નાની ઉંમરમાં, નામના મેળવી હતી.",0,11.58,0,not_selected_by_random,,,,
2128,"આ પ્રશ્નોના ઉત્તર, સંભવત, આપણને, ઉત્ક્રાંતિની પ્રક્રિયા, સમજવામાં, મદદરુપ થશે.",0,10.057,0,not_selected_by_random,,,,
2129,"ઘાસ એકઠું કરવાની, રઝળપાટની જીવનશૈલી, જે, હજારો વર્ષોથી, બદલાઇ ન હતી,.",0,10.083,0,not_selected_by_random,,,,
2130,"પરંતુ, રૉકસ્ટારના સર્જકો સાથે, કરારથી બંધાઇ હોવાથી, નરગિસ, આ ફિલ્મ, સાઇન કરી શકી, નહોતી.",0,11.855,0,not_selected_by_random,,,,
2131,"જ્યારે, કુન્તાએ, પાંચ પાંડવ પુત્રોને, જન્મ આપ્યો.",0,6.849,0,not_selected_by_random,,,,
2132,"પેલો બ્રાહ્મણ આપની આગળ, શ્લોક બોલે છે ને, તે મને કહે, કે હું શ્લોક બોલું છું, ત્યારે, રાજાનું મોં, એવું ગંધાય છે કે, મને, ઊલટી થવા જેવું થાય છે,.",0,17.288,0,not_selected_by_random,,,,
2133,"રશિયા પાસે, આવી, બસો પિસ્તાલીસ, અણુસબમરીન છે.",0,7.067,0,not_selected_by_random,,,,
2135,"જે ફેક્ટરીમાં અકસ્માત થયો, તે, યુનિઅન કાર્બાઇડ, ઇન્ડિયા લિમિટેડ.",0,7.589,0,not_selected_by_random,,,,
2137,"અજેય ગઢ, અને, નવ દરવાજા ધરાવતું, આ નગર, જૂનાકાળની જાહોજલાલી, અને, રાજવીઓની, યશપતાકા, લહેરાવતું, આજેય ઊભું છે.",0,15.638,0,not_selected_by_random,,,,
2138,"ફરીથી, એ જ સેલ્સમેન! તેણે તરત જ કહ્યું, સાહેબ, ગયે વખતે, ગાડી સાથે, મ્યુઝિક સિસ્ટમ ફ્રી હતી, હવે એ, સ્કીમ પતી ગઈ છે.",0,14.0,0,not_selected_by_random,,,,
2139,"મારા ઘરનો કચરો, બીજાના ઘરના આંગણામાં નાંખી, ઘરને સ્વચ્છ કર્યાનો સંતોષ, હું કેવી રીતે અનુભવી શકું ?.",0,11.918,0,not_selected_by_random,,,,
2140,"ઓગણીસ મી સદીમાં, ડગ્લાસ, આકીર્બાલ્ડે, પતંગ વડે, એનીમોમિટર, આકાશમાં ચડાવ્યો હતો.",0,10.731,0,not_selected_by_random,,,,
2141,"આપણે તો, અણુ સબમરીનની, બનાવટમાં, છઠ્ઠા ક્રમે છે.",0,5.55,1,,gujarati_female_002141.wav,aa p a nx a ee <wb> t a o <wb> a nx a u <wb> s a b a m a r ii n a n ii <wb> b a n aa w a tx a m aa mq <wb> ch a txh a txh a aa <wb> k a r a m a ee <wb> ch a ee,C1 C28 C0 C25 C0 C11 <wb> C32 C0 C26 <wb> C0 C25 C0 C36 <wb> C30 C0 C3 C0 C22 C0 C29 C16 C24 C0 C24 C16 <wb> C3 C0 C24 C1 C37 C0 C34 C0 C22 C1 C23 <wb> C6 C0 C35 C0 C35 C0 C1 <wb> C19 C0 C29 C0 C22 C0 C11 <wb> C6 C0 C11,val
2142,"ખિસકોલી, જમીન પર ઊતરીને, જેવી સૂંડલા હેઠે, રોટલીનાં ટુકડા, ખાવા આવે છે.",0,8.603,0,not_selected_by_random,,,,
2143,"ખાસ તો, આ કારણોસર, અત્યારે, આ ક્રિસ્ટલ હોમ ડેકોરેશન, લોકોમાં, ખુબ જ પ્રચલિત છે.",0,8.707,1,,gujarati_female_002143.wav,kh a aa s a <wb> t a o <wb> aa <wb> k a aa r a nx a o s a r a <wb> a t a y a aa r a ee <wb> aa <wb> k a r a i s a tx a l a <wb> h a o m a <wb> dx ee k o r ee sh a n a <wb> l a o k a o m a aa q <wb> kh u b a <wb> j a <wb> p a r a c a l a i t a <wb> ch a ee,C20 C0 C1 C30 C0 <wb> C32 C0 C26 <wb> C1 <wb> C19 C0 C1 C29 C0 C25 C0 C26 C30 C0 C29 C0 <wb> C0 C32 C0 C38 C0 C1 C29 C0 C11 <wb> C1 <wb> C19 C0 C29 C0 C16 C30 C0 C34 C0 C21 C0 <wb> C15 C0 C26 C22 C0 <wb> C9 C11 C19 C26 C29 C11 C31 C0 C24 C0 <wb> C21 C0 C26 C19 C0 C26 C22 C0 C1 C23 <wb> C20 C36 C3 C0 <wb> C17 C0 <wb> C28 C0 C29 C0 C5 C0 C21 C0 C16 C32 C0 <wb> C6 C0 C11,train
2144,"જેનું બાંધકામ, ગીઝાના પિરામીડ, કે, એથેન્સના એક્રોપોલીસ જેવું, ભવ્ય હશે.",0,8.127,1,,gujarati_female_002144.wav,j a ee n a u q <wb> b a aa q dh a k a aa m a <wb> g ii jh aa n aa <wb> p i r aa m ii dx a <wb> k a ee <wb> ee th ee n s a n aa <wb> ee k r o p o l ii s a <wb> j a ee w a u q <wb> bh a w a y a <wb> h a sh a ee,C17 C0 C11 C24 C0 C36 C23 <wb> C3 C0 C1 C23 C8 C0 C19 C0 C1 C22 C0 <wb> C13 C16 C18 C1 C24 C1 <wb> C28 C16 C29 C1 C22 C16 C9 C0 <wb> C19 C0 C11 <wb> C11 C33 C11 C24 C30 C0 C24 C1 <wb> C11 C19 C29 C26 C28 C26 C21 C16 C30 C0 <wb> C17 C0 C11 C37 C0 C36 C23 <wb> C4 C0 C37 C0 C38 C0 <wb> C15 C0 C31 C0 C11,train
2145,"તો, સ્ટીલ પ્લાંન્ટ અને, ગેસ સ્ટવ જેવાં, રિએક્ટરનાં કેન્દ્ર ભાગ, કોટમાં, દુર્ઘટના સર્જાઈ શકે છે.",0,11.11,0,not_selected_by_random,,,,
2146,"પચ્ચીસ ટકાએ, હોય, ત્યારે રિઝર્વ બેન્ક, વ્યાજદરોમાં, તાત્કાલિક કોઇ ઘટાડો, કરે છે.",0,9.65,0,not_selected_by_random,,,,
2147,"આપણે, વૈજ્ઞાનિક સંશોધન, અને, જીજ્ઞાસાપૂર્તિ માટે ઉકેલેલ, હ્યુમન જેનોમ સિકવન્સની, ક્વોલીટી.",0,10.854,0,not_selected_by_random,,,,
2148,"તેની કક્ષા, એટલી તો તંગ, અને બંધ બેસતી હશે, કે, આખી કક્ષા આપણા સૂર્યમાં, સમાઈ જાય, તે પૃથ્વીથી, ચાર હજાર પ્રકાશવર્ષ, દૂર છે.",0,17.144,0,not_selected_by_random,,,,
2149,"મેટ્રો રેલવે લિંક પ્રોજેક્ટ માટે, ચિમનભાઇ પટેલ બ્રિજના છેડે, અચેર ગામની સરકારી જમીન, મેળવવા માટેની, કાર્યવાહી, હાથ ધરાઇ છે.",0,14.303,1,,gujarati_female_002149.wav,m a ee tx a r a o <wb> r a ee l a w a ee <wb> l a i q k a <wb> p a r a o j a ee k a tx a <wb> m a aa tx a ee <wb> c i m a n a bh aa i <wb> p a tx a ee l a <wb> b r i j a n aa <wb> ch a ee dx a ee <wb> a c ee r a <wb> g a aa m a n a ii <wb> s a r a k a aa r a ii <wb> j a m a ii n a <wb> m a ee lx a w a w a aa <wb> m a aa tx a ee n a ii <wb> k a aa r a y a w a aa h a ii <wb> h a aa th a <wb> dh a r aa i <wb> ch a ee,C22 C0 C11 C34 C0 C29 C0 C26 <wb> C29 C0 C11 C21 C0 C37 C0 C11 <wb> C21 C0 C16 C23 C19 C0 <wb> C28 C0 C29 C0 C26 C17 C0 C11 C19 C0 C34 C0 <wb> C22 C0 C1 C34 C0 C11 <wb> C5 C16 C22 C0 C24 C0 C4 C1 C16 <wb> C28 C0 C34 C0 C11 C21 C0 <wb> C3 C29 C16 C17 C0 C24 C1 <wb> C6 C0 C11 C9 C0 C11 <wb> C0 C5 C11 C29 C0 <wb> C13 C0 C1 C22 C0 C24 C0 C16 <wb> C30 C0 C29 C0 C19 C0 C1 C29 C0 C16 <wb> C17 C0 C22 C0 C16 C24 C0 <wb> C22 C0 C11 C21 C0 C37 C0 C37 C0 C1 <wb> C22 C0 C1 C34 C0 C11 C24 C0 C16 <wb> C19 C0 C1 C29 C0 C38 C0 C37 C0 C1 C15 C0 C16 <wb> C15 C0 C1 C33 C0 <wb> C8 C0 C29 C1 C16 <wb> C6 C0 C11,train
2150,"તેમજ, વેઇટ લિફ્ટીંગના, ભારતના, ચાર ખેલાડીઓ સાથે, પહોંચ્યો હતો.",0,7.742,0,not_selected_by_random,,,,
2151,"રિપોર્ટ જણાવે છે કે, સૌથી વધુ લોકો, મોંઢાના કેન્સરથી મરે છે, અને, ફેફસાંનું કેન્સર પણ, મૃત્યુનું, એક મુખ્ય કારણ છે.",0,13.737,0,not_selected_by_random,,,,
2152,"જોકે, આ દરમિયાન, ઈંગ્લેન્ડની ટીમ, ત્રણ ટેસ્ટ, અને, બે ટ્વેન્ટી ટ્વેન્ટી રમી, ત્રેવીસ ડિસેમ્બરે, ક્રિસમસની, રજા મનાવવા.",0,13.688,0,not_selected_by_random,,,,
2153,"માણસોને, આજે આપણે, સક્રિયતા ને નામે, કર્માંધ, અને, કામકાજના વ્યસની, બની જતાં, જોઈએ છીએ.",0,11.736,0,not_selected_by_random,,,,
2154,"શાશ્વતીના, એ મહાપ્રવાહમાં, ક્યાંક ઊઠતા, એક તરંગ જેવું, આપણું જીવન, એ જીવનને, ગીતામાં, વ્યક્તમધ્ય, કહ્યું છે !.",0,14.135,0,not_selected_by_random,,,,
2155,"આ, બીગ બેન્ગમાંથી જ, અબજો નિહારિકાઓ, આકાશ ગંગાઓ, અને, આકાશગંગાઓ પૈકીની, એક આકાશગંગામાં, આપણો સૂર્ય, તેના, સૂર્યમંડળ ગ્રહો સાથે, રહેલો છે.",0,18.777,0,not_selected_by_random,,,,
2156,"બાંગ્લાદેશ માટે, ત્રણસો ઇકોતેર રનનો પડકાર ઝીલવો, શકય જ, નહોતો.",0,8.376,0,not_selected_by_random,,,,
2158,"લી, અત્યારે એશિયાઈ ચેમ્પિયન, અને, ઓલ ઇંગ્લેન્ડ, બેડમિંગ્ટન ટૂર્નામેન્ટની, વિજેતા છે.",0,9.451,0,not_selected_by_random,,,,
2159,"નીચે સંત્રીઓના, તંબૂ, પવનની થપાટોમાં, ફફડતા રહેતા.",0,6.927,0,not_selected_by_random,,,,
2160,"પક્ષીઓની ઝળહળતી ઈમારતો સાથે, અથડામણ જેવા બનાવો, વર્તમાન પત્રોમાં, હેડલાઈન્સ તરીકે, ભલે ચળકતા હોય.",0,10.774,1,,gujarati_female_002160.wav,p a k a sx a ii o n a ii <wb> jh a lx a h a lx a t ii <wb> ii m aa r a t o <wb> s a aa th a ee <wb> a th a dx aa m a nx a <wb> j a ee w a aa <wb> b a n a aa w a o <wb> w a r a t a m a aa n a <wb> p a t r o m aa mq <wb> h ee dx a l aa ii n s a <wb> t a r a ii k a ee <wb> bh a l a ee <wb> c a lx a k a t aa <wb> h a o y a,C28 C0 C19 C0 C31 C0 C16 C26 C24 C0 C16 <wb> C18 C0 C21 C0 C15 C0 C21 C0 C32 C16 <wb> C16 C22 C1 C29 C0 C32 C26 <wb> C30 C0 C1 C33 C0 C11 <wb> C0 C33 C0 C9 C1 C22 C0 C25 C0 <wb> C17 C0 C11 C37 C0 C1 <wb> C3 C0 C24 C0 C1 C37 C0 C26 <wb> C37 C0 C29 C0 C32 C0 C22 C0 C1 C24 C0 <wb> C28 C0 C32 C29 C26 C22 C1 C23 <wb> C15 C11 C9 C0 C21 C1 C16 C24 C30 C0 <wb> C32 C0 C29 C0 C16 C19 C0 C11 <wb> C4 C0 C21 C0 C11 <wb> C5 C0 C21 C0 C19 C0 C32 C1 <wb> C15 C0 C26 C38 C0,train
2161,"શિખા વ્યાસ કહે છે કે, પરીક્ષાની મહેનત સાથો સાથ, ઇશ્વર ઉપર પણ, એટલી જ, શ્રદ્ધા હોવી જોઇએ,.",0,10.922,0,not_selected_by_random,,,,
2162,"તલ્લીન થઈને ચરતી ગાય, પૂંછડું હલાવે ત્યારે, તો ટેકરીના હરખનો, પાર ન રહે,.",0,9.463,0,not_selected_by_random,,,,
2163,"ઓગણીસો છત્રીસ માં, પ્રથમવાર, એક્રેલીક સેફટી ગ્લાસનું, ઉત્પાદન, શરુ થઈ ગયું.",0,8.829,0,not_selected_by_random,,,,
2164,"પ્રણોદપાત્ર ને, અંગ્રેજીમાં, થ્રસ્ટ ચેમ્બર કહે છે, બે ક્રાયોજેનિક એંજીનનું, પાવર હાઉસ છે.",0,10.097,0,not_selected_by_random,,,,
2165,"ડિગ્રી સેર્તી, પચાસ કરોડ, બીસીએને, આપવામાં આવશે.",0,6.747,0,not_selected_by_random,,,,
2166,"લોર્ડઝમાં, પવન ખૂબ જ તેજ ફૂંકાતો હશે, પણ, અમે તે પહેલા, તેને અનુકૂળ થઇ જઇશું.",0,9.599,0,not_selected_by_random,,,,
2167,"ભગવાન કૃષ્ણને, આપણે, શ્રીકૃષ્ણં વંદે, જગદ્ગુરૂમ્, કહીને, દિલમાં સ્થાપ્યા છે.",0,10.278,0,not_selected_by_random,,,,
2168,"ડોક ઊંચી, અને, ખભા ટટ્ટાર રાખીને, ઉન્નત મુખે તમે, તમારા ઉપરી સાથે, અસંમત થવાની, હિંમત ધરાવો છો ખરા?.",0,13.673,0,not_selected_by_random,,,,
2169,"ચારુલ મનમાં બોલી ઊઠી કે, તેનો કોઈ અસભ્ય પ્રસ્તાવ નહોતો, ફક્ત, તેને ઘરનો રસ્તો જાણીને, ઘેર જવું હતું !.",0,12.127,0,not_selected_by_random,,,,
2170,"સળગતા પ્રશ્નોને, સિફતાઈથી સાઈડમાં ધકેલી, ટેમ્પરરી રાહત મેળવી લે છે.",0,8.149,0,not_selected_by_random,,,,
2171,"ને, એની સુગંધ- મીઠી, પણ, સહેજ જ, આછી તીખાશની છાંટવાળી, સુગંધભર્યા, એ રસ્તા, વાદળોની પાર, સીધા, અલકાપુરી લઈ જાય !.",0,15.51,0,not_selected_by_random,,,,
2172,"કારના પાર્ટ્સ ઉપર, તાંબાનો ઢોળ, ચડાવવામાં, આવ્યો હતો.",0,6.223,1,,gujarati_female_002172.wav,k a aa r a n a aa <wb> p a aa r a tx a s a <wb> u p a r a <wb> t aa mq b aa n o <wb> dxh a o lx a <wb> c a dx aa w a w aa m aa mq <wb> aa w a y a o <wb> h a t a o,C19 C0 C1 C29 C0 C24 C0 C1 <wb> C28 C0 C1 C29 C0 C34 C0 C30 C0 <wb> C36 C28 C0 C29 C0 <wb> C32 C1 C23 C3 C1 C24 C26 <wb> C10 C0 C26 C21 C0 <wb> C5 C0 C9 C1 C37 C0 C37 C1 C22 C1 C23 <wb> C1 C37 C0 C38 C0 C26 <wb> C15 C0 C32 C0 C26,train
2173,"પોતાના, મહાન બાળાવળીનાં, આ લોકો, મોંફાટ વખાણ કરતાં હતાં.",0,7.606,0,not_selected_by_random,,,,
2174,"ઇંડામાંથી નીકળ્યા પછીની, પહેલી અવસ્થાનું દેડકું, જેમાં ગોળ માથું, અને, પૂંછડી જ દેખાય છે.",0,10.405,0,not_selected_by_random,,,,
2175,"બાંગ્લાદેશના કેપ્ટન, શકીલ અલ હસને, ટોસ જીતીને ભારતને, પ્રથમ ફિલ્ડીંગ, આપી હતી.",0,9.665,0,not_selected_by_random,,,,
2176,"એટલો બધો અંગાર વાયુ, બહાર ફેંકાય છે કે, તે સમયે, પોલિસ પણ, ગુંગળામણ અનુભવે છે.",0,10.04,0,not_selected_by_random,,,,
2177,"જાંબુડિયા રંગના, ફુલવાળી અને, રૃંવાટીવાળા થડ, અને, પાનવાળા, જંગલી છોડ, થાય છે.",0,10.891,0,not_selected_by_random,,,,
2178,"જેથી, દરિયાકાઠાંથી થોડા દૂર, છીછરા પાણીમાં સ્થાપિત, અવતર, ખનીજ તેલ અને, કુદરતી વાયુ, શારડીઓ સાથે અથડાતાં, પક્ષીઓની સંખ્યામાં, ઘટાડો થયો હતો",0,18.69,0,not_selected_by_random,,,,
2179,"તેથી, કર્મ ચેષ્ટાનો, અને, ચેતનાનો, સંહાર, થયો મનાય છે.",0,7.769,0,not_selected_by_random,,,,
2180,"પોતાનું હેમખેમ અસ્તિત્વ, હચમચી ગયાનો ઊંડો ઘા, જોઈ શકાય છે.",0,7.987,0,not_selected_by_random,,,,
2182,"જોકે, આમિરખાનના, શૉમાં, ઝુમી ઊઠાય એવું, કશું નથી.",0,7.172,0,not_selected_by_random,,,,
2183,"એકવીસમી સદીમાં, જ્ઞાન, અને, ટેકનોલોજીનું, આદાન-પ્રદાન, વ્યાપક બને, તે મહત્વનું છે, અને આ સમિટમાં, આ હેતું, સારી રીતે, બહાર આવ્યો છે.",0,16.78,0,not_selected_by_random,,,,
2184,"પચ્ચીસ મીટર લાંબા, બત્રીસ થાંભલા હશે, અને, તેની બહારની બાજુ, એક ખુલ્લું મોટું, આંગણું હશે.",0,11.423,0,not_selected_by_random,,,,
2185,"શરીરનું ખૂન કરીએ તો, ખૂની પણ, શબ્દ દ્વારા, કોઈ જીવને, દૂભવીએ તો, એની શિક્ષા અંતે તો, આપણને, ક્યારેક ને ક્યારેક, થતી હોય છે.",0,15.493,0,not_selected_by_random,,,,
2186,"કાળીડિબાંગ રાત્રિ છે, ઘોર અંધારું છે, એમાં, ટ્યૂબલાઈટ થાય તો ?.",0,7.981,0,not_selected_by_random,,,,
2187,"આયોજનપંચનું આ, આકલન, તેંડુલકર સમિતિ દ્વારા, નક્કી કરાયેલા, માપદંડોના આધારે, નક્કી કરવામાં, આવ્યું છે.",0,12.888,0,not_selected_by_random,,,,
2188,"હવે, એક ઓક્ટોબર, બે હજાર અગિયારથી, દેશમાં, દરરોજ, દસ લાખ લોકોને, આવા કાર્ડ, ઈસ્યુ કરવામાં આવશે.",0,12.218,0,not_selected_by_random,,,,
2189,"તેનું હાર્દ, બાકી રહે છે, તે, દસ -પંદર કિલોમીટરના, 'વ્યાસના', 'ન્યૂટ્રોન તારામાં, પરિણામે છે.",0,11.287,0,not_selected_by_random,,,,
2190,"ત્યારે, મેરીલિન હોડસન, પુનઃ તેમનું કામ, શરૂ કરવાની, લીલી ઝંડી મળે, તેની રાહ, જોઈ રહ્યા છે.",0,11.417,0,not_selected_by_random,,,,
2191,"થેલેસેમિયા પેશન્ટને, હેલ્પ માટે, ફ્રી હેરકટ કોન્સેપ્ટ, લેડીઝ અને જેન્ટ્સ, હેરકટ કરશે.",0,9.671,0,not_selected_by_random,,,,
2192,"આ વંકનના માપને, વક્રીભવનાંક કહે છે.",0,5.068,0,not_selected_by_random,,,,
2193,"એમની, સ્મૃતિમાં, આવા પ્રસંગો, માબાપની સુગંધ, બનીને, મ્હોરે છે.",0,8.53,0,not_selected_by_random,,,,
2194,"મધ્યમ કદના, કબાટ જેવડાં, બે સ્પીકર હતાં.",0,4.853,1,,gujarati_female_002194.wav,m a dh a y a m a <wb> k a d a n aa <wb> k a b a aa tx a <wb> j ee w a dx aa mq <wb> b a ee <wb> s a p a ii k a r a <wb> h a t a aa q,C22 C0 C8 C0 C38 C0 C22 C0 <wb> C19 C0 C7 C0 C24 C1 <wb> C19 C0 C3 C0 C1 C34 C0 <wb> C17 C11 C37 C0 C9 C1 C23 <wb> C3 C0 C11 <wb> C30 C0 C28 C0 C16 C19 C0 C29 C0 <wb> C15 C0 C32 C0 C1 C23,train
2195,"કિરણ ! તારી ચતુરાઈ, બુદ્ધિમતા, અને, જાસૂસીનાં જેટલાં વખાણ કરું, એટલાં ઓછાં છે.",0,10.496,0,not_selected_by_random,,,,
2196,"પગ ઉઘાડા હતા, પણ ડામરના રસ્તાની બંને બાજુ, ધૂળિયો મારગ, સાચા અર્થમાં, ફૂટપાથ હતો.",0,10.542,1,,gujarati_female_002196.wav,p a g a <wb> u gh a aa dx a aa <wb> h a t a aa <wb> p a nx a <wb> dx aa m a r a n aa <wb> r a s t aa n ii <wb> b a q n a ee <wb> b a aa j a u <wb> dh uu lx i y o <wb> m aa r a g a <wb> s a aa c a aa <wb> a r a th a m a aa q <wb> ph uu tx a p aa th a <wb> h a t a o,C28 C0 C13 C0 <wb> C36 C14 C0 C1 C9 C0 C1 <wb> C15 C0 C32 C0 C1 <wb> C28 C0 C25 C0 <wb> C9 C1 C22 C0 C29 C0 C24 C1 <wb> C29 C0 C30 C32 C1 C24 C16 <wb> C3 C0 C23 C24 C0 C11 <wb> C3 C0 C1 C17 C0 C36 <wb> C8 C36 C21 C16 C38 C26 <wb> C22 C1 C29 C0 C13 C0 <wb> C30 C0 C1 C5 C0 C1 <wb> C0 C29 C0 C33 C0 C22 C0 C1 C23 <wb> C12 C36 C34 C0 C28 C1 C33 C0 <wb> C15 C0 C32 C0 C26,train
2197,"અબે ગાંડિયા ! ઊભો રહે ! તું મારા રથ-બળદ લઈને, ક્યાં જાય છે ?.",0,7.742,0,not_selected_by_random,,,,
2198,"અમેરિકામાં, ઉટારના, 'ઓવાકોમબ્રીજ' ને, 'ડાર્કસ્કાય પાર્ક', એવું નામ આપવામાં, આવ્યું છે.",0,10.994,0,not_selected_by_random,,,,
2199,"હું, કચ્છના સુક્કા વિસ્તારની, દેશીબાવળ, ખેર-ખીજડાથી ભરેલી, ભોંયથી ટેવાયેલો.",0,10.641,0,not_selected_by_random,,,,
2200,"ઓગણીસો તોતેર માં, પહેલો, ક્રૂડતેલનો, ભાવવધારો આવ્યો, અને, ઇન્દિરા ગાંધીએ, પેટ્રોલિયમ પેદાશોનો, ભાવવધારો કર્યો.",0,13.015,0,not_selected_by_random,,,,
2201,"તે કમ્પ્યુટરને પહેરી શકાય, એવાં કરવાને બદલે, કમ્પ્યુટિંગટેકનોલોજીને, સીધાસરળ સ્વરૂપે, કશી અડચણ વિના પહેરી શકાય, એ રીતે, રજૂ કરવા માગે છે,.",0,17.399,0,not_selected_by_random,,,,
2202,"વર્ષ ઓગણીસોએકસઠમાં, ગોવા આઝાદ થયા બાદ, પ્રભાકરજી નવગિઠત, ગોવા, દમણ, અને, દીવ, કેન્દ્રશાસિત પ્રદેશમાં, કોઈ સારું પદ, મેળવી શકતા હતા,.",0,17.995,0,not_selected_by_random,,,,
2203,"અને, ઊલટો પિરામીડ, સમતુલા જાળવી નથી શકતો, ત્યારે, માણસ, દુઃખી દુઃખી, થઈ જાય છે.",0,10.328,0,not_selected_by_random,,,,
2204,"પરંતુ, બીજી એક વિચિત્ર વાત એ છે કે, પૃથ્વી પરનાં, કેટલાંક સુક્ષ્મ, સજીવો, એવા ખડતલ છે, કે, અંતરીક્ષ,.",0,13.457,0,not_selected_by_random,,,,
2205,"કાશ્મીર એટલે, કાવા-કાંગડી પહેરીને, ફરિશ્તા જેવા લાગતા, કંચનવર્ણા, માનવ યુગલોનો પ્રદેશ.",0,11.49,0,not_selected_by_random,,,,
2206,"તેને, સુપરનોવા કહે છે, મૃગનક્ષત્રમાં આવેલો, આદ્રા તારો, મહાવિસ્ફોટ ટૂંક સમયમાં પામશે.",0,11.505,0,not_selected_by_random,,,,
2207,"કાર્બનનું એક રૂપ ગ્રેફાઇટ છે, તે કાળાશ પડતો, સુંવાળો, અને લીસો પદાર્થ છે.",0,9.335,0,not_selected_by_random,,,,
2208,"ઘણા લોકોએ ફીડબેક આપ્યા કે, તેમણે યુટ્યૂબ પર, ત્રણ કલાકમાં, જેટલું શીખ્યા છે.",0,9.155,0,not_selected_by_random,,,,
2209,"આ દ્વારા, શુદ્ધ કર્મ, વિચારની શુઘ્ધતાની દ્રષ્ટિ, બનાવી છે.",0,7.276,0,not_selected_by_random,,,,
2210,"થોડા સમય પહેલાં, નેશનલ ક્રાઈમ રેકોડ્ર્સ, બ્યૂરોના, આંકડાઓમાં, એ જાણવા મળ્યું કે, દેશમાં દર કલાકે, સરેરાશ, ચોઉદ વ્યક્તિ, માર્ગ અકસ્માતનો, ભોગ બને છે.",0,17.702,0,not_selected_by_random,,,,
2211,"અને, અહીં જ, એક હજાર ચછો પચ્ચાસ મેગાવૉટની, અણુઊર્જા ઉત્પાદિત થશે.",0,8.313,0,not_selected_by_random,,,,
2213,"તે મેન્ગો બ્રાન્ડની, કોલ્ડ્રીંક્સ, ગટગટાવી જાય છે.",0,5.292,0,not_selected_by_random,,,,
2214,"સિટી સ્કેન પરથી ડોક્ટરો, કેન્સરની ગાંઠ છે કે, પછી, અમસ્તી હળવી ગાંઠ છે, એનો, કાચો અંદાજ, આપી શકે છે.",0,12.315,0,not_selected_by_random,,,,
2215,"હિમાલય પર્વતની, હરિયાળી ગોદમાં, ગંગા નદી કિનારે, કસબામાં ચારુલ નામની છોકરી, તેનાં માતા-પિતા સાથે, રહેતી હતી.",0,13.221,0,not_selected_by_random,,,,
2216,"આ વિચારનો, દ્રષ્ટિકોણ, દર્શન સાથે, તિર્થ સ્થાનને, જોડી.",0,7.245,0,not_selected_by_random,,,,
2217,"તો, શક્ય છે કે, અનેક પત્રકારો, પોતાની અભિવ્યક્તિની, સ્વતંત્રતાની શરત પર, પ્રેસ શોમાં, જતા જ નહીં.",0,12.747,0,not_selected_by_random,,,,
2218,"આજીવન, તુલનાત્મક સાહિત્યસેવને, જે સહજ, અને, સંવેદના વિકસ્યાં હશે, એમાંથી, આવી પડેલું, આ અવલોકન,.",0,13.17,0,not_selected_by_random,,,,
2219,"ભેગા થવા પાછળનાં કારણો, અને, છૂટા પડવાનાં કારણોને, ઊંડાણથી તપાસવાનો વિવેક હોય, ત્યાં, સંઘર્ષ, ટળી શકાય છે.",0,13.2,0,not_selected_by_random,,,,
2220,"જે મળે તે જતું, કે, છીનવાઈ જવું ન જોઈએ, એવી લાલસા અને ભય જ, તમારા દુઃખનું બિયારણ છે.",0,11.438,0,not_selected_by_random,,,,
2221,"જો ઉપરોક્ત સંશોધન સાચું ઠરશે, અને, હમ્ઝા નદીના પાણીનો ઉપયોગ કરવાની, ટેકનોલોજી, વિકાસ પામશે.",0,11.099,1,,gujarati_female_002221.wav,j a o <wb> u p a r a o k a t a <wb> s a q sh a o dh a n a <wb> s a aa c a u q <wb> txh a r a sh ee <wb> a n a ee <wb> h a m jh aa <wb> n a d a ii n a aa <wb> p a aa nx a ii n a o <wb> u p a y a o g a <wb> k a r a w a aa n a ii <wb> tx a ee k a n a o l a o j a ii <wb> w a i k a aa s a <wb> p a aa m a sh a ee,C17 C0 C26 <wb> C36 C28 C0 C29 C0 C26 C19 C0 C32 C0 <wb> C30 C0 C23 C31 C0 C26 C8 C0 C24 C0 <wb> C30 C0 C1 C5 C0 C36 C23 <wb> C35 C0 C29 C0 C31 C11 <wb> C0 C24 C0 C11 <wb> C15 C0 C22 C18 C1 <wb> C24 C0 C7 C0 C16 C24 C0 C1 <wb> C28 C0 C1 C25 C0 C16 C24 C0 C26 <wb> C36 C28 C0 C38 C0 C26 C13 C0 <wb> C19 C0 C29 C0 C37 C0 C1 C24 C0 C16 <wb> C34 C0 C11 C19 C0 C24 C0 C26 C21 C0 C26 C17 C0 C16 <wb> C37 C0 C16 C19 C0 C1 C30 C0 <wb> C28 C0 C1 C22 C0 C31 C0 C11,train
2222,"હે ઈન્દ્ર, પૂષા, અરિષ્ટનેમિ, વ, બૃહસ્પતિ, અમારૂં સ્વસ્તિ કલ્યાણ હો !.",0,8.541,0,not_selected_by_random,,,,
2223,"તેવી રીતે, લિટલ ઈટાલિ, અને, ઈસ્ટહાર્લેમ નામના, રાત્રે પણ ધમધમતા વિસ્તારમાંથી, પોતાની દિશા, ખોળતાં ઉડતા હોય છે.",0,13.496,0,not_selected_by_random,,,,
2224,"પરંતુ, ભક્તિની ભાવનામાં ગળાડૂબ રહેતા, બાપુસાહેબ ગાયકવાડનું, ચિત્ત, સરદારી પ્રત્યે સભાન નહોતું.",0,11.32,0,not_selected_by_random,,,,
2225,"જેમાં તેની માદા, ત્રણ ચાર, લાલ-કાળાં ટપકાંવાળા, ઈંડા મૂકે છે.",0,8.014,0,not_selected_by_random,,,,
2226,"ગુગલ ગ્લાસ, પોતે, પ્રોસેસિંગ અને, ડેટા સ્ટોરેજની, સારી એવી ક્ષમતા, ધરાવે છે.",0,9.165,0,not_selected_by_random,,,,
2227,"સુજીત સરકાર દિગ્દર્શિત ફિલ્મ દ્વારા, બે હજાર બાર માં, આહનાનું, બોલીવૂડમાં, પદાર્પણ થઈ રહ્યું છે,.",0,9.636,1,,gujarati_female_002227.wav,s u j ii t a <wb> s a r a k a aa r a <wb> d i g d a r sh i t a <wb> ph a i l a m a <wb> d a w a aa r a aa <wb> b a ee <wb> h a j a aa r a <wb> b a aa r a <wb> m a aa q <wb> aa h a n aa n u mq <wb> b a o l a ii w a uu dx a m a aa q <wb> p a d aa r p a nx a <wb> th a ii <wb> r a h a y a u q <wb> ch a ee,C30 C36 C17 C16 C32 C0 <wb> C30 C0 C29 C0 C19 C0 C1 C29 C0 <wb> C7 C16 C13 C7 C0 C29 C31 C16 C32 C0 <wb> C12 C0 C16 C21 C0 C22 C0 <wb> C7 C0 C37 C0 C1 C29 C0 C1 <wb> C3 C0 C11 <wb> C15 C0 C17 C0 C1 C29 C0 <wb> C3 C0 C1 C29 C0 <wb> C22 C0 C1 C23 <wb> C1 C15 C0 C24 C1 C24 C36 C23 <wb> C3 C0 C26 C21 C0 C16 C37 C0 C36 C9 C0 C22 C0 C1 C23 <wb> C28 C0 C7 C1 C29 C28 C0 C25 C0 <wb> C33 C0 C16 <wb> C29 C0 C15 C0 C38 C0 C36 C23 <wb> C6 C0 C11,train
2228,"સતત ભજનોની કૅસેટ, અને, દર્શનાર્થીઓની ભીડથી કંટાળી, ભગવાન, કદીક અહીં, દે રીમાં, ના તેની પાળી પર જ, મારી જેમ બેસતો હશે.",0,14.715,0,not_selected_by_random,,,,
2229,"તેમને અવકાશયાનમાં, પૃથ્વી ફરતે, ભ્રમણ કક્ષામાં, મૂકવાની રૃપિયા, બાર હજાર ચારસો કરોડની, યોજનનું, ભાવિ અનિશ્ચિત, થઇ ગયું.",0,14.534,0,not_selected_by_random,,,,
2230,"ભોપાલ ગેસ દુર્ઘટના પછીના, ઘટનાક્રમમાં, ભારતે, બીજા કોઇનો વાંક, કાઢવાપણું, રાખ્યું નથી.",0,10.489,0,not_selected_by_random,,,,
2231,"ત્યારે, આખી દુનિયામાં રહેતાં, ક્રિકેટપ્રેમીઓની નજર, આ, હાઇવોલ્ટેજ, મેચના રિઝલ્ટ પર, મંડાયેલી છે.",0,13.181,0,not_selected_by_random,,,,
2232,"વર્ષમાં, બે વાર હું, પદયાત્રીઓને લઈને, હિમાચલમાં આવેલ, શ્રીખંડ, કૈલાસ અને, કિન્નર કૈલાસની યાત્રા કરાવું છું.",0,13.398,1,,gujarati_female_002232.wav,w a r a sx a m a aa q <wb> b a ee <wb> w a aa r a <wb> h a u q <wb> p a d a y aa t r ii o n ee <wb> l a ii n a ee <wb> h i m aa c a l a m aa mq <wb> aa w a ee l a <wb> sh r ii kh a mq dx a <wb> k a ei l a aa s a <wb> a n a ee <wb> k i n n a r a <wb> k ei l aa s a n ii <wb> y a aa t a r a aa <wb> k a r a aa w a u q <wb> ch a u q,C37 C0 C29 C0 C31 C0 C22 C0 C1 C23 <wb> C3 C0 C11 <wb> C37 C0 C1 C29 C0 <wb> C15 C0 C36 C23 <wb> C28 C0 C7 C0 C38 C1 C32 C29 C16 C26 C24 C11 <wb> C21 C0 C16 C24 C0 C11 <wb> C15 C16 C22 C1 C5 C0 C21 C0 C22 C1 C23 <wb> C1 C37 C0 C11 C21 C0 <wb> C31 C29 C16 C20 C0 C23 C9 C0 <wb> C19 C0 C2 C21 C0 C1 C30 C0 <wb> C0 C24 C0 C11 <wb> C19 C16 C24 C24 C0 C29 C0 <wb> C19 C2 C21 C1 C30 C0 C24 C16 <wb> C38 C0 C1 C32 C0 C29 C0 C1 <wb> C19 C0 C29 C0 C1 C37 C0 C36 C23 <wb> C6 C0 C36 C23,train
2233,"બ્રિસ્બેનના મેયર, લોર્ડ કેમ્પબેલ ન્યુમેને, જણાવ્યું હતું કે, આજનો દિવસ સહય હતો, આવતી કાલ વધુ ખરાબ હશે, અને, ગુરુવાર, વિનાશક બની જશે,.",0,16.3,1,,gujarati_female_002233.wav,b r i s b ee n a n aa <wb> m ee y a r a <wb> l o r dx a <wb> k ee m p a b ee l a <wb> n y u m ee n ee <wb> j a nx a aa w a y a u q <wb> h a t a u q <wb> k a ee <wb> aa j a n a o <wb> d a i w a s a <wb> s a h a y a <wb> h a t a o <wb> aa w a t a ii <wb> k a aa l a <wb> w a dh a u <wb> kh a r a aa b a <wb> h a sh a ee <wb> a n a ee <wb> g u r u w aa r a <wb> w i n aa sh a k a <wb> b a n a ii <wb> j a sh a ee,C3 C29 C16 C30 C3 C11 C24 C0 C24 C1 <wb> C22 C11 C38 C0 C29 C0 <wb> C21 C26 C29 C9 C0 <wb> C19 C11 C22 C28 C0 C3 C11 C21 C0 <wb> C24 C38 C36 C22 C11 C24 C11 <wb> C17 C0 C25 C0 C1 C37 C0 C38 C0 C36 C23 <wb> C15 C0 C32 C0 C36 C23 <wb> C19 C0 C11 <wb> C1 C17 C0 C24 C0 C26 <wb> C7 C0 C16 C37 C0 C30 C0 <wb> C30 C0 C15 C0 C38 C0 <wb> C15 C0 C32 C0 C26 <wb> C1 C37 C0 C32 C0 C16 <wb> C19 C0 C1 C21 C0 <wb> C37 C0 C8 C0 C36 <wb> C20 C0 C29 C0 C1 C3 C0 <wb> C15 C0 C31 C0 C11 <wb> C0 C24 C0 C11 <wb> C13 C36 C29 C36 C37 C1 C29 C0 <wb> C37 C16 C24 C1 C31 C0 C19 C0 <wb> C3 C0 C24 C0 C16 <wb> C17 C0 C31 C0 C11,train
2234,"પર્ણોમાંથી, નીલગીરીની તીવ્ર ગંધ, ફેફસાં સુધી, પહોંચી જાય છે.",0,6.827,1,,gujarati_female_002234.wav,p a r nx o m aa mq th ii <wb> n ii l a g ii r ii n ii <wb> t a ii w a r a <wb> g a q dh a <wb> ph ee ph a s aa mq <wb> s a u dh a ii <wb> p a h a o q c a ii <wb> j a aa y a <wb> ch a ee,C28 C0 C29 C25 C26 C22 C1 C23 C33 C16 <wb> C24 C16 C21 C0 C13 C16 C29 C16 C24 C16 <wb> C32 C0 C16 C37 C0 C29 C0 <wb> C13 C0 C23 C8 C0 <wb> C12 C11 C12 C0 C30 C1 C23 <wb> C30 C0 C36 C8 C0 C16 <wb> C28 C0 C15 C0 C26 C23 C5 C0 C16 <wb> C17 C0 C1 C38 C0 <wb> C6 C0 C11,train
2235,"તે દળદાર તારાનો અવશેષ છે, તે, ગુરૂના ગ્રહ કરતા, તેનું વજન, થોડું વધારે છે, પરંતુ, તે, વીસ ગણો વધારે, ઘટ્ટ છે.",0,14.119,0,not_selected_by_random,,,,
2236,"ચીનનું જો, ષડયંત્ર સફળ રહેશે તો, અફઘાનિસ્તાન પરથી, ભારતનો પ્રભાવ, ઓસરી શકે છે.",0,10.728,1,,gujarati_female_002236.wav,c ii n a n u mq <wb> j a o <wb> sx a dx a y a mq t r a <wb> s a ph a lx a <wb> r a h a ee sh a ee <wb> t a o <wb> a ph a gh a aa n a i s a t a aa n a <wb> p a r a th a ii <wb> bh a aa r a t a n a o <wb> p a r a bh a aa w a <wb> o s a r a ii <wb> sh a k a ee <wb> ch a ee,C5 C16 C24 C0 C24 C36 C23 <wb> C17 C0 C26 <wb> C31 C0 C9 C0 C38 C0 C23 C32 C29 C0 <wb> C30 C0 C12 C0 C21 C0 <wb> C29 C0 C15 C0 C11 C31 C0 C11 <wb> C32 C0 C26 <wb> C0 C12 C0 C14 C0 C1 C24 C0 C16 C30 C0 C32 C0 C1 C24 C0 <wb> C28 C0 C29 C0 C33 C0 C16 <wb> C4 C0 C1 C29 C0 C32 C0 C24 C0 C26 <wb> C28 C0 C29 C0 C4 C0 C1 C37 C0 <wb> C26 C30 C0 C29 C0 C16 <wb> C31 C0 C19 C0 C11 <wb> C6 C0 C11,train
2237,"ખીલી ઊઠીશ તો, કોઈ ચૂંટી જશે, એવો વિચાર કરીને, બાગની કોઈ કળીએ, શું ખીલવાનું બંધ રાખ્યું છે ?.",0,10.675,0,not_selected_by_random,,,,
2238,"પાયથાગોરસ, ઈસ્વીસન પૂર્વે, પાંસો બ્યાસી માં, ગ્રીસમાં જન્મેલા.",0,7.589,0,not_selected_by_random,,,,
2239,"સંબંધિત સૌનુ, સારું કઈ નહીં, તો પણ, ચિંત્ય તો છે જ.",0,7.432,0,not_selected_by_random,,,,
2240,"વિશેષ તો હવે પછી, ક્યાંય પણ, શ્રી વિશ્વકર્મા પુરાણની, કથા-સપ્તાહ, હોય ત્યાં, જઈ તેનું શ્રવણ કરવાથી, તેનું મહત્વ, જાણી શકાશે.",0,15.335,0,not_selected_by_random,,,,
2241,"આર્થર એન્ડરસને, ટીન ફુંડમાં એવાં બેકેટરીયા શોધી કાઢ્યા, જે, હાઈ-ડોઝ ગામા રે ને પણ, પચાવી જઈને, જીવતા રહેતાં હતાં !.",0,12.771,1,,gujarati_female_002241.wav,aa r a th a r a <wb> ee n dx a r a s a n ee <wb> tx ii n a <wb> ph u mq dx a m aa mq <wb> ee w a aa q <wb> b ee k ee tx a r ii y aa <wb> sh a o dh a ii <wb> k a aa dxh a y a aa <wb> j a ee <wb> h aa ii <wb> dx o jh a <wb> g a aa m a aa <wb> r a ee <wb> n a ee <wb> p a nx a <wb> p a c aa w ii <wb> j a ii n a ee <wb> j a ii w a t a aa <wb> r a h a ee t a aa q <wb> h a t a aa q,C1 C29 C0 C33 C0 C29 C0 <wb> C11 C24 C9 C0 C29 C0 C30 C0 C24 C11 <wb> C34 C16 C24 C0 <wb> C12 C36 C23 C9 C0 C22 C1 C23 <wb> C11 C37 C0 C1 C23 <wb> C3 C11 C19 C11 C34 C0 C29 C16 C38 C1 <wb> C31 C0 C26 C8 C0 C16 <wb> C19 C0 C1 C10 C0 C38 C0 C1 <wb> C17 C0 C11 <wb> C15 C1 C16 <wb> C9 C26 C18 C0 <wb> C13 C0 C1 C22 C0 C1 <wb> C29 C0 C11 <wb> C24 C0 C11 <wb> C28 C0 C25 C0 <wb> C28 C0 C5 C1 C37 C16 <wb> C17 C0 C16 C24 C0 C11 <wb> C17 C0 C16 C37 C0 C32 C0 C1 <wb> C29 C0 C15 C0 C11 C32 C0 C1 C23 <wb> C15 C0 C32 C0 C1 C23,train
2242,"ઘાસનાં અંકૂર ફૂટતા હોય, એ પવનના સંગીતને, વધુ મધુર બનાવતા હોય,.",0,16.274,0,not_selected_by_random,,,,
2243,"આ દ્વારા, શ્વેતરૂપ ધારણ કર્યું, જે કર્મની, શ્વેત ક્રાંતિ સ્વરૂપ છે.",0,7.407,1,,gujarati_female_002243.wav,aa <wb> d a w a aa r a aa <wb> sh w ee t a r uu p a <wb> dh a aa r a nx a <wb> k a r a y a u q <wb> j a ee <wb> k a r m a n ii <wb> sh a w a ee t a <wb> k a r a aa q t a i <wb> s a w a r a uu p a <wb> ch a ee,C1 <wb> C7 C0 C37 C0 C1 C29 C0 C1 <wb> C31 C37 C11 C32 C0 C29 C36 C28 C0 <wb> C8 C0 C1 C29 C0 C25 C0 <wb> C19 C0 C29 C0 C38 C0 C36 C23 <wb> C17 C0 C11 <wb> C19 C0 C29 C22 C0 C24 C16 <wb> C31 C0 C37 C0 C11 C32 C0 <wb> C19 C0 C29 C0 C1 C23 C32 C0 C16 <wb> C30 C0 C37 C0 C29 C0 C36 C28 C0 <wb> C6 C0 C11,train
2244,"તેથી, સજીવે, બૃહદારણ્ય જઈને, અને, અસવે, વૈદ-ગ્રંથ આપીને, કોઈ નિયમનો, ભંગ નથી કર્યો.",0,11.913,0,not_selected_by_random,,,,
2245,"વાસ્તવમાં, એપ્રિલ મહિનામાં, જથ્થાબંધ ભાવનો દર, અગિયાર ટકા હતો, જે, આઠ પોઈન્ટ બાસઠ ટકા, થયો હતો.",0,12.388,0,not_selected_by_random,,,,
2246,"ભારત, જુલાઇ-ઓગસ્ટ, અને, સપ્ટેમ્બરમાં, ઈંગ્લેન્ડની ધરતી પર, ટેસ્ટ, વન ડે, અને, ટ્વેન્ટી-ટ્વેન્ટી રમશે.",0,12.307,0,not_selected_by_random,,,,
2247,"ખિલાડી સાતસો ચ્યાસી માં, કોમેડી જરૂર છે, પણ, સાથે તેમાં, લવ છે, દુશ્મની છે.",0,10.405,0,not_selected_by_random,,,,
2248,"એ જાણીતું, વિધાન, ભગવાન વિરુદ્ધ, વિજ્ઞાનનાં, કાલ્પનિક દ્વંદ્વ યુદ્ધો વખતે, સદા યાદ રાખવા જેવું છે.",0,12.597,0,not_selected_by_random,,,,
2249,"એકવાર પાછાં ફરતાં, એક બળદ-ગાડાંવાળાએ, અમને, તેના ગાડામાં, બેસાડ્યાં,.",0,9.248,0,not_selected_by_random,,,,
2250,"ફુગાવાના દરમાં, ઘટાડાનાં પગલે, સરકારી જામીનગીરીઓ પરનાં, વળતર અને, ઓવરનાઇટ ઇન્ડેક્સ સ્વેપ્સ, ઓઆઇએસ ના દરોમાં, પણ ઘટાડો, થયો હતો.",0,17.369,0,not_selected_by_random,,,,
2251,"ટૂંકમાં, દેશમાં બે હજાર ચાર -પાચ માં, કુલ વસ્તીના, સાડત્રીસ પોઈન્ટ બે ટકા લોકો, ગરીબ હતા.",0,10.379,1,,gujarati_female_002251.wav,tx a uu q k a m a aa q <wb> d a ee sh a m a aa q <wb> b a ee <wb> h a j a aa r a <wb> c a aa r a <wb> p a aa c a <wb> m a aa q <wb> k a u l a <wb> w a s t ii n aa <wb> s aa dx a t r ii s a <wb> p a o ii n a tx a <wb> b a ee <wb> tx a k a aa <wb> l a o k a o <wb> g a r a ii b a <wb> h a t a aa,C34 C0 C36 C23 C19 C0 C22 C0 C1 C23 <wb> C7 C0 C11 C31 C0 C22 C0 C1 C23 <wb> C3 C0 C11 <wb> C15 C0 C17 C0 C1 C29 C0 <wb> C5 C0 C1 C29 C0 <wb> C28 C0 C1 C5 C0 <wb> C22 C0 C1 C23 <wb> C19 C0 C36 C21 C0 <wb> C37 C0 C30 C32 C16 C24 C1 <wb> C30 C1 C9 C0 C32 C29 C16 C30 C0 <wb> C28 C0 C26 C16 C24 C0 C34 C0 <wb> C3 C0 C11 <wb> C34 C0 C19 C0 C1 <wb> C21 C0 C26 C19 C0 C26 <wb> C13 C0 C29 C0 C16 C3 C0 <wb> C15 C0 C32 C0 C1,train
2252,"હરિદ્વારના, ગાયત્રી મંદિરમાં, શ્રીરામ શર્માની, જન્મશતાબ્દિની ઉજવણી નિમિત્તે, એક યજ્ઞાનું, આયોજન કરવામાં, આવ્યું હતું.",0,13.706,0,not_selected_by_random,,,,
2253,"ડાંગરની ખેતીથી જાણીતું, પલાણા સૌથી વઘુતો, સળગતી હોળી ઉપર ચાલવાની, શ્રઘ્ધાને કારણે, જાણીતું થયું છે.",0,12.518,0,not_selected_by_random,,,,
2254,"પોર્ટૂગીઝ અધિકારીઓમાં, તેમનો, ભારે આતંક હતો.",0,5.562,0,not_selected_by_random,,,,
2255,"આદ્ય જગત ગુરૂનું, પુરૂ, આત્મષષ્ટક, આભાવ સાથે, આપને આપ્યું છે.",0,8.736,0,not_selected_by_random,,,,
2256,"અને, હું તમને મૂરખ બનાવી શકું, એવી મારી હેસિયત કયાં છે? સિંહ, થોડો શાંત, અને, ખુશ થયો.",0,11.345,0,not_selected_by_random,,,,
2257,"બુલબુલનો કંઠ, અત્યંત સુમધુર હોય છે, એટલે, બધા પહોંચ્યા, બુલબુલ પાસે.",0,8.801,0,not_selected_by_random,,,,
2258,"જૈન સ્થાપત્ય, શિલ્પ કલાનું તિર્થધામઃ, દેલવાડાના દહેરાં, માઉન્ટ આબુ, દેશભરના પ્રવાસી, સહેલાણીઓનું, વર્ષોથી, માનીતું સ્થાન, ગણાય છે.",0,15.257,0,not_selected_by_random,,,,
2259,"હવે, વિયેના સ્થિત, આંતરરાષ્ટ્રીય, અણુઊર્જા પંચ દ્વારા, જાપાનની, પરમાણુ કટોકટી વિશે, માહિતી, અપાઈ, રહી છે.",0,13.626,0,not_selected_by_random,,,,
2260,"આ વર્ષે, બજેટમાં ડીઝલ કાર પરની, એક્સાઈઝ ડ્યૂટી વધારીને, સંતુલન બેસાડવાની, ચર્ચા હતી,.",0,10.236,0,not_selected_by_random,,,,
2261,"મુનિએ વાદળનું આહવાન કર્યું, વાદળ કન્યા સામે હાજર થયું, કન્યા તેને જોઈને, મોઢા પર, અણગમો લાવીને બોલી, આ તો કાળો, અને, પોચટ છે.",0,15.712,0,not_selected_by_random,,,,
2262,"અભિમાની કાગડો, જગદીશ ધનેશ્વર ભટે, આ વાર્તા લખી છે.",0,7.107,0,not_selected_by_random,,,,
2263,"જિતેન્દ્રનાથે, એક ગામડાની, નાનકડી સ્કૂલમાં, સૂર્યશક્તિથી ચાલતો, વાયરલેસ ફોન નાખ્યો.",0,10.562,0,not_selected_by_random,,,,
2264,"જ્યારે, એની જરૃર હોય, કારણ કે, કારણ વગર, આ માહિતી આપવાથી, ગભરાટનું વાતાવરણ જ, ઊભું થાય છે.",0,11.736,0,not_selected_by_random,,,,
2265,"સર્બિયાના નોવાક યોકોવિચે, બ્રિટનના એન્ડી મરેને હરાવીને, ઓસ્ટ્રેલિયન ઓપન, મેન્સ સિંગલ્સ ટાઇટલ, જીતી લીધું હતુ.",0,13.496,0,not_selected_by_random,,,,
2266,"જો તેઓ, ઘરઆંગણાનો ફાયદો ઉઠાવશે, તો, વેસ્ટ ઇન્ડિઝને સ્થાને, ક્વાર્ટર ફાઇનલમાં, પ્રવેશ મેળવી શકશે.",0,10.823,0,not_selected_by_random,,,,
2267,"અને, નવેમ્બર સુધીના પૂરા કરી, લોકાપર્ણ કરવા, યુદ્ધના ધોરણે, કામગીરી ચાલી રહી છે.",0,10.237,0,not_selected_by_random,,,,
2268,"કોઈક તો આંબાનું ઉપરનું કાળું ટપકું, નખ વડે હટાવી, સહેજ દબાવીને, થોડો રસ, જીભ પર રેલાવા દે.",0,11.582,0,not_selected_by_random,,,,
2269,"અજમેરમાં, એક મોટા સરકારી બંગલા સિવાય, કાર, સ્કૂટર, કે, ફ્રીજની સુવિધા, ન હતી.",0,9.975,0,not_selected_by_random,,,,
2270,"તે માટેના, નૂતન માર્ગોની ભરમાર છે, સમૂહમાધ્યમોને કારણે, કશા માટે, પ્રતીક્ષા કરવાની, રહેતી નથી.",0,11.641,0,not_selected_by_random,,,,
2272,"દરેક ગ્રૂપમાંથી, ટોચની, ત્રણ ટીમ, નોકઆઉટ માટે, ક્વોલિફાઇ કરશે.",0,8.53,0,not_selected_by_random,,,,
2273,"લાંબી સિકવન્સ ટેકનિક, આઠ્સો બેઝ પેર, વાંચે છે.",0,6.412,0,not_selected_by_random,,,,
2274,"માત્ર, મેનોવરીંગ જ નહીં, પરંતુ, કમ્પિટ મેન્યુફેક્ચરિંગ કરવામાં, વિદ્યાર્થીઓ આગળ વધી રહ્યા છે.",0,10.301,0,not_selected_by_random,,,,
2275,"માયાવતીએ, ઊભાં કરેલાં, દલિત ઇતિહાસ, અને, નેતાગીરીનાં સ્મારકો, સમાજશાસ્ત્રીય દૃષ્ટિએ, અને, ઓળખના રાજકારણના સંદર્ભે, કદાચ સમજાવી શકાય.",0,16.485,0,not_selected_by_random,,,,
2276,"હું તો એક માઘ્યમ, મઘ્યસ્થ છું.",0,3.867,0,not_selected_by_random,,,,
2277,"હું એમની પાસે ગયો, અને, મારા લાવેલાં, તાજાં ફળો પ્લેટમાં કાપીને, એમની સમક્ષ પ્રસ્તુત કર્યા.",0,10.553,0,not_selected_by_random,,,,
2278,"પ્રવાસના શોખીન એવા, દરેક ગુજરાતી સ્ત્રી-પુરુષનું, એક સ્વપ્ન હોય છે.",0,7.924,0,not_selected_by_random,,,,
2279,"મંઝિલ સુધી પહોંચવાની, ઊંડી સમજણ સચવાઈ રહે, અને, મનોરથના શિખરને, આંબવાના આત્મવિશ્વાસથી, દિલ દિમાગ, તરબતર રહે, ત્યારે, આ સપનું, સાચુ અને પાકો રંગ, પકડે.",0,19.476,0,not_selected_by_random,,,,
2280,"પ્રત્યેક દ્રશ્ય, તેના મગજ પર, એટલી ગહેરી છાપ મૂકી જાય છે કે, તે અસર, વર્ષોનાં વર્ષો સુધી, ભૂંસાતી નથી.",0,13.264,0,not_selected_by_random,,,,
2281,"દૂધની જેમ, તડકાની ધાર, થતી હોય તો, એને પવિત્ર માનીને, ગંગાજળની જેમ, સાચવી રાખવા, મન લલચાત.",0,12.753,0,not_selected_by_random,,,,
2282,"પિયુષ રાઠોડ કહે છે કે, કોલેજમાં લેક્ચર ભર્યા બાદ, બોર થઇ જવાય છે.",0,8.14,0,not_selected_by_random,,,,
2283,"ઓક્ટોબરમાં કરાયેલી, ત્રીજી બાયોપ્સીમાં, ટયુમરની વૃદ્ધિ, સૌમ્ય હોવાનું જણાયું હતું.",0,9.57,0,not_selected_by_random,,,,
2284,"બીજી રીતે કહીએ તો, સ્થિર પાણી, ઉષ્માનું વહન કરવા માટે, બિલકુલ, બિનકાર્યક્ષમ છે.",0,9.984,0,not_selected_by_random,,,,
2286,"ઈંદ્રિયો અને દેહને, લૌકિક કાર્યાદિમાંથી, ખેંચી, પ્રભુની સેવામાં, સમર્પણ એટલે, પ્રભુશરણ.",0,10.957,0,not_selected_by_random,,,,
2287,"પોતાની તાકાતથી, પોતાનો ભક્ષ પેદા કરી, ખાતાં વધે, તે બીજાને આપી દેવાની જોગવાઈ કરનાર, સિંહની માફક, તું કામ કર.",0,14.08,0,not_selected_by_random,,,,
2288,"પરંતુ, ભવિષ્યની પ્રચંડ શક્યતાઓ, ઘ્યાનમાં રાખતાં, આ બઘું, સાવ આરંભિક, નર્સરીની કક્ષાનું, લાગે છે.",0,12.645,0,not_selected_by_random,,,,
2289,"અન્ય કલાકારો, ગેમ-શૉમાં, કે, ટૉક-શૉમાં આવતા હતા પરંતુ, આમિર તેનાથી, દૂર રહ્યો છે.",0,10.328,0,not_selected_by_random,,,,
2290,"ગ્રાહક સાથે, કાયમી સંપર્ક જાળવી રાખવાથી, તમને, ખૂટતી કડીનો, ખ્યાલ આવશે.",0,10.01,0,not_selected_by_random,,,,
2291,"એકવેરિયમના શોખીનોમાં, ફ્લાવર ઓન ફીશની ડિમાન્ડ, ગોલ્ડ ફીશ પછી, બીજા નંબરે આવે છે.",0,10.301,0,not_selected_by_random,,,,
2292,"પછીના સ્ટેપમાં, ટયુમર્સના કદ, અને, એ ખરેખર ક્યાં થઈ છે, એ જાણવા, સિટી સ્કેન કરાય છે.",0,10.525,0,not_selected_by_random,,,,
2293,"ભીમો ડાંગર બોલ્યો, દલા શેઠ, ફુસકી મિયાંએ, તમારી સામે, ખોંખારો ખાધો.",0,8.306,0,not_selected_by_random,,,,
2294,"વરુએ, બગલાને કહ્યું, બગલાભાઈ, મારા ગળામાં, ફસાયેલ હાડકું, કાઢી આપો, હું તમને, મોટું ઈનામ આપીશ.",0,12.752,0,not_selected_by_random,,,,
2295,"અંધારાની સામે, પ્રકાશ યુદ્ધે ચઢે છે કે, પ્રકાશને પછાડવાનું, અંધારું કાવતરું ઘડે છે, આવાં તો, કેટકેટલાં વિસ્મયો !.",0,13.607,1,,gujarati_female_002295.wav,a q dh a aa r a aa n a ii <wb> s a aa m a ee <wb> p a r a k a aa sh a <wb> y u d dh ee <wb> c a dxh a ee <wb> ch a ee <wb> k a ee <wb> p r a k aa sh a n ee <wb> p a ch aa dx a w aa n u mq <wb> a q dh a aa r a u q <wb> k a aa w a t a r a u q <wb> gh a dx a ee <wb> ch a ee <wb> aa w a aa q <wb> t a o <wb> k ee tx a k ee tx a l aa mq <wb> w i s m a y o,C0 C23 C8 C0 C1 C29 C0 C1 C24 C0 C16 <wb> C30 C0 C1 C22 C0 C11 <wb> C28 C0 C29 C0 C19 C0 C1 C31 C0 <wb> C38 C36 C7 C8 C11 <wb> C5 C0 C10 C0 C11 <wb> C6 C0 C11 <wb> C19 C0 C11 <wb> C28 C29 C0 C19 C1 C31 C0 C24 C11 <wb> C28 C0 C6 C1 C9 C0 C37 C1 C24 C36 C23 <wb> C0 C23 C8 C0 C1 C29 C0 C36 C23 <wb> C19 C0 C1 C37 C0 C32 C0 C29 C0 C36 C23 <wb> C14 C0 C9 C0 C11 <wb> C6 C0 C11 <wb> C1 C37 C0 C1 C23 <wb> C32 C0 C26 <wb> C19 C11 C34 C0 C19 C11 C34 C0 C21 C1 C23 <wb> C37 C16 C30 C22 C0 C38 C26,train
2296,"ચાલીસ હજાર વર્ષ પહેલા, માનવી જંગલી ઘાસ, ભેગું કરી, તેની પર પ્રક્રિયા કરી, ખાતો હતો.",0,11.345,0,not_selected_by_random,,,,
2297,"મારી આંખે, કોણે ચંદન, ચોપડી દીધું ? અને, શ્વાસમાં તો, ખાખરાંનાં, પાનાંની, ભીની ગંધ, આવે છે.",0,12.487,0,not_selected_by_random,,,,
2298,"તેના સુંવાળા કિરણો, દેરીની લાલ ધજાને, પીંછાની જેમ, ગલીપચી કરે છે.",0,9.825,0,not_selected_by_random,,,,
2299,"પુરાતાત્વિય ખોદકામ પરથી, સાબિત થયું છે કે, ત્યાંના લોકો, સાત્તસો વર્ષ પહેલાં, મદિરા, બનાવતા હતા.",0,13.04,0,not_selected_by_random,,,,
2300,"બે હાજર આઠ-નવ થી, બે હજાર અગિયાર-બાર વચ્ચે, માલ પરિવહનના, માર્ગો પર, કોઈ જ, સુધારો થયો નથી.",0,13.425,0,not_selected_by_random,,,,
2301,"આગામી રણજી સિઝનમાં, સત્યાવીસ ટીમને, ત્રણ ગ્રૂપમાં, વહેંચવામાં આવશે.",0,9.997,0,not_selected_by_random,,,,
2302,"વેબ પર, અત્યાર સુધીના, સૌથી, મશહુર શિક્ષક, હોવા છતાં, ખાન સંતુષ્ટ નથી.",0,11.657,0,not_selected_by_random,,,,
2303,"શહેરમાં, પીવાના પાણી, અને, ગટરના પ્રશ્નો છે, તેની, નિખાલસ કબૂલાત કરતાં, મ્યુનિસિપાલિટી, કામ કરશે.",0,13.298,0,not_selected_by_random,,,,
2305,"તેણે, અનેક પ્રલોભનો સામે આવ્યા છતાં ય, પક્ષ, ન બદલ્યો, તે માટે, તેની મિત્રનિષ્ઠા ખરી.",0,11.862,0,not_selected_by_random,,,,
2306,"તેનો ફોટો જુઓ કે, તુર્ત જ, તે પહેલી નજરે જ, 'વિન્ટેજ કાર' લાગે છે.",0,8.557,0,not_selected_by_random,,,,
2308,"બાકી, ચૉરે, નિશાળેથી નાસી આવેલાં ટાબરિયાં, પત્તાં રમવાનું, શીખ્યા કરતાં.",0,8.081,0,not_selected_by_random,,,,
2309,"તાલિબાનો, કાબુલને, ટાર્ગેટ બનાવીને, હુમલો કરવા, સક્ષમ છે.",0,7.641,0,not_selected_by_random,,,,
2310,"સ્ટીવ જોબ્સ, અને, ધીરુભાઈ અંબાણી જેવી, સિદ્ધિઓ, મેળવવાનું સ્વપ્ન, મોટાભાગના, ઉદ્યોગપતિઓને પણ, આવે છે.",0,12.678,1,,gujarati_female_002310.wav,s tx ii w a <wb> j o b s a <wb> a n a ee <wb> dh a ii r a u bh a aa ii <wb> a mq b aa nx ii <wb> j a ee w a ii <wb> s a i d a dh a i o <wb> m a ee lx a w a w a aa n a u q <wb> s a w a p a n a <wb> m a o tx a aa bh a aa g a n a aa <wb> u d y o g a p a t i o n ee <wb> p a nx a <wb> aa w a ee <wb> ch a ee,C30 C34 C16 C37 C0 <wb> C17 C26 C3 C30 C0 <wb> C0 C24 C0 C11 <wb> C8 C0 C16 C29 C0 C36 C4 C0 C1 C16 <wb> C0 C23 C3 C1 C25 C16 <wb> C17 C0 C11 C37 C0 C16 <wb> C30 C0 C16 C7 C0 C8 C0 C16 C26 <wb> C22 C0 C11 C21 C0 C37 C0 C37 C0 C1 C24 C0 C36 C23 <wb> C30 C0 C37 C0 C28 C0 C24 C0 <wb> C22 C0 C26 C34 C0 C1 C4 C0 C1 C13 C0 C24 C0 C1 <wb> C36 C7 C38 C26 C13 C0 C28 C0 C32 C16 C26 C24 C11 <wb> C28 C0 C25 C0 <wb> C1 C37 C0 C11 <wb> C6 C0 C11,train
2311,"આકાશમાં ચગતો પતંગ, એ, આનંદનું, ઉર્ઘ્વગામી પ્રતિક છે.",0,7.533,0,not_selected_by_random,,,,
2312,"તેઓને, દેવલોકમાં, સાનગ, સનાતન, અદ્ભૂત, પ્રત્ન, સુપર્ણ.",0,10.208,0,not_selected_by_random,,,,
2313,"અને, તેનામાં જોવા મળી રહેલો, દૃઢ સંકલ્પ, દેશના રમતવીરોની અપેક્ષાઓને, પ્રોત્સાહન પૂરું પાડી રહ્યો છે.",0,12.797,0,not_selected_by_random,,,,
2314,"જોકે, સામાન્ય લોકોમાં, આ વાતની, જાગૃતિ નથી કેળવાઈ, કારણ કે, તેમને આ પ્રકારની, ડ્રીલમાં, કેળવણી માટે, સ્થાન, નથી આપવામાં આવ્યું.",0,16.245,0,not_selected_by_random,,,,
2316,"પાક સૈન્યની સહાય વગર, અમેરિકા, અફઘાન સરહદે, તપાસ આગળ, વધારી શકે, એમ નથી.",0,10.187,0,not_selected_by_random,,,,
2317,"રાજા સોલોમોનની, આ ખ્યાતિની પરીક્ષા કરવા માટે જ, રાજકુમારી શેબાએ, જેરૂસલેમની, મુલાકાત, લીધી હતી.",0,11.878,0,not_selected_by_random,,,,
2318,"અને, ફોર કે સિક્સ લાગતો, ત્યારે, અમે ઢોલ વગાડીને, સેલિબ્રેશન, કરતા હતા.",0,9.65,0,not_selected_by_random,,,,
2319,"સોનાં રૂપાં, ઉપરાંત ચીજવસ્તુઓ પણ, લઈ જાવ.",0,6.602,0,not_selected_by_random,,,,
2320,"ત્રણેનું, અસ્તિત્વ, છિન્નભિન્ન, થઈ ગયું છે.",0,5.868,0,not_selected_by_random,,,,
2321,"એમણે પોતાની કામની શરૂઆત, સુરથાન બેથરીમાં, આવેલી, ખાનગી હોસ્પિટલથી, કરી.",0,10.484,0,not_selected_by_random,,,,
2322,"મંદિરને નામે, એક નાનકડી દેરીનો, પતરાનો બનાવેલો દેશી ઝાંપો, ખોલ્યા વિના, સરળતાથી હું, અંદર આવી શકી છું.",0,14.317,0,not_selected_by_random,,,,
2323,"એ જથ્થામાંથી, માત્ર, એકસો વીસ સુવર્ણ મહોરો, ઉપરાંત, કિંમતી રત્નો, તથા, મરી- મસાલાનો, મોટો જથ્થો, રાજા સોલોમોનને, આપી દેશે.",0,16.743,0,not_selected_by_random,,,,
2324,"અમારો ટાર્ગેટ, ક્વોલિટી પ્રોડક્ટ આપવાની સાથે, દુનિયા માટે, ઉદાહરણરૂપ, બનાવાનો, પણ છે.",0,9.66,1,,gujarati_female_002324.wav,a m a aa r a o <wb> tx a aa r a g a ee tx a <wb> k a w a o l a i tx a ii <wb> p a r a o dx a k a tx a <wb> aa p a w a aa n a ii <wb> s a aa th a ee <wb> d a u n a i y a aa <wb> m a aa tx a ee <wb> u d aa h a r a nx a r uu p a <wb> b a n aa w aa n o <wb> p a nx a <wb> ch a ee,C0 C22 C0 C1 C29 C0 C26 <wb> C34 C0 C1 C29 C0 C13 C0 C11 C34 C0 <wb> C19 C0 C37 C0 C26 C21 C0 C16 C34 C0 C16 <wb> C28 C0 C29 C0 C26 C9 C0 C19 C0 C34 C0 <wb> C1 C28 C0 C37 C0 C1 C24 C0 C16 <wb> C30 C0 C1 C33 C0 C11 <wb> C7 C0 C36 C24 C0 C16 C38 C0 C1 <wb> C22 C0 C1 C34 C0 C11 <wb> C36 C7 C1 C15 C0 C29 C0 C25 C0 C29 C36 C28 C0 <wb> C3 C0 C24 C1 C37 C1 C24 C26 <wb> C28 C0 C25 C0 <wb> C6 C0 C11,train
2325,"રોહિત શેટ્ટીમાં, સાઉથના દિગ્દર્શકો જેવી, કામ કરવાની, સ્ટાઇલ છે.",0,7.824,0,not_selected_by_random,,,,
2326,"અને, તે ઉપલબ્ધ સૌર વિદ્યુત, ચુંબકીય તરંગના, વર્ણપટનાં મોટા ભાગને, અવગણે છે.",0,11.381,0,not_selected_by_random,,,,
2327,"કોલકાતા નાઇટ રાઇડર્સનના, કેપ્ટન, ગૌતમ ગંભીરે કબૂલ્યું છે કે, તેમની ટીમે ગઈ સીઝનથી જ, આઈપીએલ-પાચ માટે, તૈયારી, શરુ કરી દીધી હતી.",0,16.488,0,not_selected_by_random,,,,
2328,"ભ્રષ્ટાચારવિરોધી વ્યાપક લોકલડતને, એણે, એક કાનૂની, આંટી ઘૂંટી.",0,7.986,0,not_selected_by_random,,,,
2329,"મને હજૂરિયો કહે, કે, રાજાનું મોં ગંધાય છે, એટલે હવે હું, નાક-મોંએ, પાટો બાંધીને, શ્લોક બોલવા જવાનો છું, એવું, બ્રાહ્મણ મને કહેતો હતો.",0,16.562,0,not_selected_by_random,,,,
2330,"દલાશેઠ કહે, ભટજી ! એક કામ કરો, તો હું, કુવામાં ઊતરું, અને એક પળમાં, વાસણ લઈ આવું.",0,11.355,0,not_selected_by_random,,,,
2331,"માત્ર, ‘અર્થ’માં, કંઈક પૈસાની, સિનેસૃષ્ટિની, ઝાકઝમાળ છે, તોપણ, ત્રણે સુખી કુટુંબ છે'.",0,11.608,0,not_selected_by_random,,,,
2332,"તો ભારતનું ભાવિ, નિઃશંક, ઉત્તમોત્તમ હશે, કારણ કે, તે હવે યુવકોનો, દેશ બનવા, તરફ ધસી રહ્યો છે.",0,12.127,0,not_selected_by_random,,,,
2333,"હાલના, આંધ્રપ્રદેશમાં આવેલા, ગોલકોંડાની ખાણમાં, તે, મળી આવ્યો હતો.",0,8.802,0,not_selected_by_random,,,,
2334,"હવામાન વિભાગે, નોંધેલા આંકડા અનુસાર, કચ્છ, પોરબંદર, જુનાગઢ, ડાંગ, ભરુચ, જામનગરમાં, વરસાદની નોંધપાત્ર, ઘટ રહી છે.",0,17.792,0,not_selected_by_random,,,,
2335,"બીચ બૉલ હોય કે, વાઈન ગ્લાસ, કે પછી, ટેલીફોન એ દરેક વસ્તુને, ઓળખે છે, અને, ધીરેથી પકડે છે.",0,12.375,0,not_selected_by_random,,,,
2336,"તે તેની ગૂંચો, પળવારમાં ઉકેલી શકે છે, અન્ય પ્રાંત કે, દેશનો યુવાન, શું પહેરે, ઓઢે છે.",0,10.942,0,not_selected_by_random,,,,
2337,"તે વિસ્તારમાં, સપાટી નીચે, પાણી, ઝામતું હોય, તે વિભાગો છે, તે પાણીના, વિસ્તીર્ણ સ્ત્રોત, આપે છે.",0,12.608,0,not_selected_by_random,,,,
2338,"લાવ, બધાં પાંદડાં-સળી વગેરે, વાળીઝૂડીને, પ્રાંગણ સ્વચ્છ કરું.",0,7.735,0,not_selected_by_random,,,,
2339,"પાણીમાં, પનિહારીઓનો, કલબલાટ, પ્રતિબિંબાય છે.",0,5.271,1,,gujarati_female_002339.wav,p a aa nx a ii m a aa q <wb> p a n i h aa r ii o n o <wb> k a l a b a l aa tx a <wb> p r a t i b i mq b aa y a <wb> ch a ee,C28 C0 C1 C25 C0 C16 C22 C0 C1 C23 <wb> C28 C0 C24 C16 C15 C1 C29 C16 C26 C24 C26 <wb> C19 C0 C21 C0 C3 C0 C21 C1 C34 C0 <wb> C28 C29 C0 C32 C16 C3 C16 C23 C3 C1 C38 C0 <wb> C6 C0 C11,train
2340,"ગિફ્ટ સિટી, એરપોર્ટ લીંક, ગિફટ સિટી, કોબા-એરપોર્ટ, સોળ કિલોમીટર, એલિવેટેડ ટ્રેક પર, દોડશે મેટ્રો.",0,12.869,0,not_selected_by_random,,,,
2341,"ઓગણીસો પંસ્યાસી માં, ભારતમાં, 'નો સોર્સ વિલેજ' ની, સંખ્યા સાત્તસો પચાચ ની હતી.",0,9.275,0,not_selected_by_random,,,,
2342,"સામાન્ય જીવનમાં, પુખ્ત વયાના લોકો, ડાયાબીટીશ, અને, મેદસ્વીતાથી, બચવા, કાર્બોહાઈડ્રેટ, નિયંત્રીત પ્રમાણમાં, લે છે.",0,13.646,0,not_selected_by_random,,,,
2343,બ્રિટિશ મેગેઝિન ‘ધ લેન્સેટ’નો રિપોર્ટ જણાવે છે કે બે હજાર દસ માં ભારતમાં કેન્સરને લીધે સાડા પાંચ લાખથી વધુનાં મોત થયા છે.,0,16.277,1,,gujarati_female_002343.wav,b a r a i tx a i sh a <wb> m ee g ee jh i n a <wb> dh a <wb> l ee n s ee tx a n o <wb> r a i p a o r a tx a <wb> j a nx a aa w a ee <wb> ch a ee <wb> k a ee <wb> b a ee <wb> h a j a aa r a <wb> d a s a <wb> m a aa q <wb> bh a aa r a t a m a aa q <wb> k a ee n a s a r a n a ee <wb> l a ii dh a ee <wb> s aa dx aa <wb> p a aa q c a <wb> l a aa kh a th a ii <wb> w a dh u n aa mq <wb> m a o t a <wb> th a y a aa <wb> ch a ee,C3 C0 C29 C0 C16 C34 C0 C16 C31 C0 <wb> C22 C11 C13 C11 C18 C16 C24 C0 <wb> C8 C0 <wb> C21 C11 C24 C30 C11 C34 C0 C24 C26 <wb> C29 C0 C16 C28 C0 C26 C29 C0 C34 C0 <wb> C17 C0 C25 C0 C1 C37 C0 C11 <wb> C6 C0 C11 <wb> C19 C0 C11 <wb> C3 C0 C11 <wb> C15 C0 C17 C0 C1 C29 C0 <wb> C7 C0 C30 C0 <wb> C22 C0 C1 C23 <wb> C4 C0 C1 C29 C0 C32 C0 C22 C0 C1 C23 <wb> C19 C0 C11 C24 C0 C30 C0 C29 C0 C24 C0 C11 <wb> C21 C0 C16 C8 C0 C11 <wb> C30 C1 C9 C1 <wb> C28 C0 C1 C23 C5 C0 <wb> C21 C0 C1 C20 C0 C33 C0 C16 <wb> C37 C0 C8 C36 C24 C1 C23 <wb> C22 C0 C26 C32 C0 <wb> C33 C0 C38 C0 C1 <wb> C6 C0 C11,train
2344,"હે ઈન્દ્ર, પૂષા અરિષ્ટનેમિ વ, બૃહસ્પતિ, અમારૂં, સ્વસ્તિ, કલ્યાણ હો !.",0,9.598,0,not_selected_by_random,,,,
2345,"આ ત્રણમાંથી, જે ઉમેદવારને, સૌથી વધુ, મત મળ્યા, તેને, એવું કહેવાયું કે, જો, તેની પાસે ચૂંટણી લડવાના પૈસા હોય, તો, તે લડી શકે છે.",0,17.67,0,not_selected_by_random,,,,
2346,"એના મકાનમાં, છાપરા પર ઢાંકવા માટે, પૂરતાં નળિયાં પણ, ન હતાં, એટલે, એના પર તાડપત્રીના, ટુકડા ઢાંકવામાં આવતા, એથી, વરસાદમાં રક્ષણ થતું.",0,18.654,0,not_selected_by_random,,,,
2347,"સધોજાતાવતાર, બ્રહ્માજીએ, તપ કરી, પ્રથમ કલ્પમાં, શ્વેતરૂપ ધારણ કર્યું.",0,9.52,1,,gujarati_female_002347.wav,s a dh o j aa t aa w a t aa r a <wb> b a r a h a m a aa j a ii ee <wb> t a p a <wb> k a r a ii <wb> p a r a th a m a <wb> k a l p a m aa mq <wb> sh w ee t a r uu p a <wb> dh a aa r a nx a <wb> k a r a y a u q,C30 C0 C8 C26 C17 C1 C32 C1 C37 C0 C32 C1 C29 C0 <wb> C3 C0 C29 C0 C15 C0 C22 C0 C1 C17 C0 C16 C11 <wb> C32 C0 C28 C0 <wb> C19 C0 C29 C0 C16 <wb> C28 C0 C29 C0 C33 C0 C22 C0 <wb> C19 C0 C21 C28 C0 C22 C1 C23 <wb> C31 C37 C11 C32 C0 C29 C36 C28 C0 <wb> C8 C0 C1 C29 C0 C25 C0 <wb> C19 C0 C29 C0 C38 C0 C36 C23,train
2348,"આશરે, વીસ લાખથી વધુ વસતિ ધરાવતા, બ્રિસ્બેનમાં, ખાદ્ય પદાર્થોની, તીવ્ર અછત સર્જાઇ છે.",0,11.885,0,not_selected_by_random,,,,
2349,"કમળ, ધજા, રથ, ચક્ર, ઓમ, ત્રિશુલ, પૃથ્વી, અને, આકાશ, બ્રહ્મ, અને ક્ષેત્ર, આર્ય અને અસુર.",0,18.427,0,not_selected_by_random,,,,
2350,"ઓગણીસો ઇઠ્યાસી માં, શરુ થયેલૂઁ, ને, પૂર્ણ કરવા, ત્રણ હજાર વૈજ્ઞાનિકોએ, લગભગ, દસ વર્ષ, કામ કર્યું છે.",0,13.319,0,not_selected_by_random,,,,
2351,"જ્યારે, વર્ષો સુધી, મોજશોખથી, અલિપ્ત રહેલી પત્ની, હવે પોતાના અરમાનો પૂરાં કરવા, પતિને, અવગણીને, આગળ વધે છે.",0,15.356,0,not_selected_by_random,,,,
2352,"તો પૈસાને કારણે, મૈત્રીને મુદ્દલ આંચ આવવી, નહીં જોઈએ.",0,8.036,0,not_selected_by_random,,,,
2353,"આજના આ યુવાન સામે, ગ્લોબલ છે, તેનું, પળે પળે પરિવર્તન પામતું, કઠપૂતળી, જેવું બજાર છે,.",0,12.149,0,not_selected_by_random,,,,
2354,"અલબત્ત, આ 'ભૂગર્ભ નદી' ના અસ્તીત્વ માટે, કોઈ, પ્રત્યક્ષ પુરાવા, મળ્યા નથી.",0,9.684,0,not_selected_by_random,,,,
2355,"તેથી, કર્મ ચેષ્ટાનો, અને, ચેતનાનો સંહાર, થયો મનાય છે.",0,7.338,1,,gujarati_female_002355.wav,t a ee th a ii <wb> k a r a m a <wb> c ee sx tx aa n o <wb> a n a ee <wb> c ee t a n aa n o <wb> s a mq h aa r a <wb> th a y a o <wb> m a n a aa y a <wb> ch a ee,C32 C0 C11 C33 C0 C16 <wb> C19 C0 C29 C0 C22 C0 <wb> C5 C11 C31 C34 C1 C24 C26 <wb> C0 C24 C0 C11 <wb> C5 C11 C32 C0 C24 C1 C24 C26 <wb> C30 C0 C23 C15 C1 C29 C0 <wb> C33 C0 C38 C0 C26 <wb> C22 C0 C24 C0 C1 C38 C0 <wb> C6 C0 C11,val
2356,"મોંમાં દાંત હોય છે, એનો મતલબ, એ થયો કે, મોંમાં ઘર વાળી ઓરતને, ત્યાં હાથીદાંતના ચુડલાની, દુકાન છે.",0,12.91,1,,gujarati_female_002356.wav,m o mq m aa mq <wb> d a aa q t a <wb> h a o y a <wb> ch a ee <wb> ee n a o <wb> m a t a l a b a <wb> ee <wb> th a y a o <wb> k a ee <wb> m o mq m aa mq <wb> gh a r a <wb> w a aa lx a ii <wb> o r a t a n ee <wb> t a y a aa q <wb> h aa th ii d aa mq t a n aa <wb> c u dx a l aa n ii <wb> d a u k a aa n a <wb> ch a ee,C22 C26 C23 C22 C1 C23 <wb> C7 C0 C1 C23 C32 C0 <wb> C15 C0 C26 C38 C0 <wb> C6 C0 C11 <wb> C11 C24 C0 C26 <wb> C22 C0 C32 C0 C21 C0 C3 C0 <wb> C11 <wb> C33 C0 C38 C0 C26 <wb> C19 C0 C11 <wb> C22 C26 C23 C22 C1 C23 <wb> C14 C0 C29 C0 <wb> C37 C0 C1 C21 C0 C16 <wb> C26 C29 C0 C32 C0 C24 C11 <wb> C32 C0 C38 C0 C1 C23 <wb> C15 C1 C33 C16 C7 C1 C23 C32 C0 C24 C1 <wb> C5 C36 C9 C0 C21 C1 C24 C16 <wb> C7 C0 C36 C19 C0 C1 C24 C0 <wb> C6 C0 C11,train
2357,"ખાસ કરીને, બેટ્સમેનોએ, અને બોલરોએ, પોતાની વ્યુહરચના પર, ધ્યાન આપવાની સાથે, જવાબદારીભરી, રમત, દર્શાવવી, જોઇએ.",0,16.252,0,not_selected_by_random,,,,
2358,"જેથી, મોટાભાગના કોલેજના યંગસ્ટર્સ તો, આવી લારીઓ પર જ, પોતાની બેઠક બનાવીને, નાસ્તાની મજા, માણતા હોય છે.",0,14.737,0,not_selected_by_random,,,,
2359,"મને વિશ્વાસ છે કે, સ્ટર્નને, જ્યારે, 'શેન્ડી લખી હશે, ત્યારે, તેઓ આનંદને કારણે, ઉછળી પડયા હશે.",0,12.526,0,not_selected_by_random,,,,
2360,"આ ફીલ્મ, અત્યંત પાતળી, અને, લવચીક ફલેકસીબલ હશે.",0,6.791,0,not_selected_by_random,,,,
2362,"ભીમજી સાહેબનો, ઘેરો અવાજ, થર થર, ધ્રુજાવે છે.",0,7.117,0,not_selected_by_random,,,,
2363,"સાથે સાથે, એ જ, ભૂતિયા ગ્રાહકો, તમારા પ્રતિસ્પર્ધીની, સવર્સિના, ચેકિંગમાં પણ, મોકલીને, બે કંપનીની સર્વિસની, સરખામણી કરી શકાય.",0,16.734,0,not_selected_by_random,,,,
2364,"જોતજોતામાં, એ તો, વાદળાંમાં, છુપાઈ ગયા.",0,5.379,0,not_selected_by_random,,,,
2365,"પરંતુ, વહેણમાં થતાં, અંદાજીત ચલનો, ફેરફાર, યંત્રે માહિતી અત્યારે તો, પ્રાપ્ય નથી.",0,11.741,0,not_selected_by_random,,,,
2366,"ટેબલેટ બનાવનારી કંપની સાથેનો, કરાર રદ, નહીં થયો હોવાની, સ્પષ્ટતા, નવા વેર્ઝંવાળા, સીત્તેર હજાર ટેબ્લેટ, સરકારને આપશે.",0,15.43,0,not_selected_by_random,,,,
2367,"વધારે પડતાં આહાર, નિદ્રા, ભય, કે મૈથુન, નુકશાન કરે છે.",0,8.368,0,not_selected_by_random,,,,
2368,"ગ્રામીણ વિસ્તારોમાં, સૌથી વધારે ગરીબી, શીખોમાં જ્યારે, શહેરી વિસ્તારોમાં, સૌથી વધારે ગરીબી, ખ્રિસ્તીઓમાં છે.",0,13.333,0,not_selected_by_random,,,,
2369,"તો, કોઈવાર વળી, અમે કલાકો સુધી, રાહે જોઈ હોય, ખિસકોલીની, અને, વચ્ચે ટપકી પડે, ડાઘિયો કૂતરો !.",0,13.431,0,not_selected_by_random,,,,
2370,"ભાવોનું વૈવિધ્ય, અભિવ્યક્ત કરવાની, મથામણોમાં જ, પેલી વાણીની, અભિવ્યક્તિ, રહેલી છે.",0,10.889,0,not_selected_by_random,,,,
2371,"ચીમનભાઈ સાહેબની, ખટ્ટમીઠી ભાષા, હજીય યાદ છે, અલ્યા ડફોળ, એને આંબો, ન કહવાઈ.",0,11.642,0,not_selected_by_random,,,,
2372,"અને, દેખરેખ હેઠળ, પ્રેતાત્મા આહ્વાનના, પ્રયોગો કરી, બતાવ્યા હતા.",0,8.716,0,not_selected_by_random,,,,
2373,"કેમ કે, તેના માથા પર, બ્લેક કલરના, ચાઈનિઝ સ્પોસ્ટ, હોય છે.",0,7.84,0,not_selected_by_random,,,,
2374,"અને, હોઠના છેડેથી, ખમીસ પર રેલાતો, કેસરિયો રંગ, હજીય માંહ્યલા કોર, એવાને એવા જ, રહ્યા છે.",0,12.815,0,not_selected_by_random,,,,
2375,"કે, નીલગિરિમાં, ચાની પત્તી, વીણનારી, અથવા તો, લખનૌની, ચીકન વર્કર, બહેનોને,આર્થિક રીતે, છેતરવામાં ન આવે, તેવા પ્રયાસો, આરંભ્યા.",0,18.093,0,not_selected_by_random,,,,
2376,"દલા શેઠને જોતા, ફુસકી મિયાંએ, ખોંખારો ખાધો.",0,6.085,0,not_selected_by_random,,,,
2377,"ફ્રાંસમાં, સત્યાંશી ટકા વીજ ઉત્પાદન, અણુ ઊર્જા, મથકો દ્વારા જ, થાય છે.",0,10.103,0,not_selected_by_random,,,,
2379,"એક સાંજે, જુનિયર કટોચે, પિતાને પૂછયું, ડેડ, તમે ક્યારેય, સરકારી જીપનો ઉપયોગ, કેમ કરતા નથી?",0,12.731,0,not_selected_by_random,,,,
2380,"ભટ્ટાણીને, રીંગણાંનો સ્વાદ લાગ્યો.",0,3.694,0,not_selected_by_random,,,,
2381,"તમે, નાના નગરોના મૉલમાં પણ, ઈટાલીની દ્રાક્ષ, માગતા યુવકો, જોઈ શકશો.",0,9.58,0,not_selected_by_random,,,,
2382,"તેમ છતાં, અમુક સંજોગોમાં, વન્યજીવો, લાભપ્રદ લાઈટીંગનું, પરિરુપ, ડીઝાઈન, તૈયાર કરી શકાય.",0,12.243,0,not_selected_by_random,,,,
2383,"બન્ને કંપનીમાં, પાઇલટની બઢતી અને, સિનિયોરિટી નક્કી કરવાનાં, ધોરણ જુદાં હતાં.",0,9.729,1,,gujarati_female_002383.wav,b a n a n a ee <wb> k a q p a n a ii m a aa q <wb> p aa i l a tx a n ii <wb> b a dxh a t ii <wb> a n a ee <wb> s i n i y o r i tx ii <wb> n a k a k a ii <wb> k a r a w a aa n a aa q <wb> dh a o r a nx a <wb> j a u d a aa q <wb> h a t a aa q,C3 C0 C24 C0 C24 C0 C11 <wb> C19 C0 C23 C28 C0 C24 C0 C16 C22 C0 C1 C23 <wb> C28 C1 C16 C21 C0 C34 C0 C24 C16 <wb> C3 C0 C10 C0 C32 C16 <wb> C0 C24 C0 C11 <wb> C30 C16 C24 C16 C38 C26 C29 C16 C34 C16 <wb> C24 C0 C19 C0 C19 C0 C16 <wb> C19 C0 C29 C0 C37 C0 C1 C24 C0 C1 C23 <wb> C8 C0 C26 C29 C0 C25 C0 <wb> C17 C0 C36 C7 C0 C1 C23 <wb> C15 C0 C32 C0 C1 C23,train
2384,"અઢારસો ચાલીસ માં, ગાદીએ આવેલ, નવાબ હામેદખાન, બીજા સંગીતના, ભારે શોખીન હતાં.",0,11.647,0,not_selected_by_random,,,,
2385,"પરિણામે, જંગલોનો નાશ થતા, પૂર, જમીનના ધોવાણ, ઘસારા, બંધમા કાદવનો ભરાવો, થતા, પર્યાવરણમાં, અસમતુલા, આવી.",0,17.502,0,not_selected_by_random,,,,
2386,"તે, કોલિમ્બયા એન્સાઇકલોપીડિયાની, તરોતાજા આવૃત્તિ માં, જોયું કે, અધિકરણ, ટાગોર, સર રવીન્દ્રનાથ, એ મથાળે છે,.",0,15.663,0,not_selected_by_random,,,,
2387,"ભાર્ગવ ઊંચો, અને, તગડો હતો, જ્યારે, ભૈરવ, નીચો, અને પાતળો હતો.",0,9.86,0,not_selected_by_random,,,,
2388,"પાણીનો ધંધો કરતી, મલ્ટીનેશનલ કંપનીઓ, સરકારી અધિકારીઓ, અને, પ્રધાનોને, અબજો રુપિયાની, લાંચ આપીને, કોન્ટ્રેક્ટ મેળવવા માટે, જાણીતી છે.",0,17.77,0,not_selected_by_random,,,,
2389,"ઇઝરાયલ તેમજ, ઘણાં આરબ દેશમાં, વેલાવાળાં શાકભાજી, ઉગાડવા માટે, પ્રોત્સાહન, મળે છે.",0,12.052,0,not_selected_by_random,,,,
2390,"અલબત્ત, ઉડ્ડયનના, ઉદભવ અંગે, કોઈ ખાતરીપૂર્વકનો, વાદ નથી.",0,9.599,0,not_selected_by_random,,,,
2391,"બન્નેએ, મળીને, ગુપચુપ, ઉપાય વિચારી, કાઢ્યો.",0,6.446,0,not_selected_by_random,,,,
2392,"રાજાના વસ્ત્રભંડારમાં, સુગંધી પદાર્થની થેલીઓ, એવી ચતુરાઈથી ગોઠવેલી હતી, કે, દરેક વસ્ત્ર, સુગંધથી, મહેકી ઊઠતું હતું.",0,16.427,0,not_selected_by_random,,,,
2393,"તેના લીધે, માણસો તો ઠીક, પણ, અન્ય જીવોના સ્થળાંતર, પ્રજનન, અને, તેમના બચ્ચાઓને, ખવરાવવા જેવા, જીવનના પાસાઓને, અસર થાય છે.",0,17.311,0,not_selected_by_random,,,,
2394,"સોમનાથ મંદિરે, ભગવાન શીવના દર્શન કરવા માટે, લોકોની, સવારથી જ, ભીડ, ઉમટી હતી.",0,11.598,0,not_selected_by_random,,,,
5679,"આપણે જાણીએ છીએ, કે અગાઉના અભ્યાસોમાં કેટલીક અણધારી અને પ્રબળ સમરુપતા આર્કીયોઅપટેરીક્સ અને અન્ય ડીઈનોનીચોસૌર પક્ષી જેવા ડાયનાસોર પરંતુ ડાયનાસૉરના પક્ષી જૂથમાં નહીં, એવા બતાવે છે અને તે બન્ને વચ્ચે ઘનિષ્ઠ સંબંધ છે.",0,18.97,0,not_selected_by_random,,,,
5680,"જિંદગીમાં અનેક નાનીમોટી બાબતોમાં, જો તમે રસ લીધો હશે, તો તમારે કોઈ એકાદ ક્ષેત્રમાં પીછેહઠ કરવાનું બનશે, કે, કોઈ એકાદ ક્ષેત્રમાં તમને નિષ્ફળતા મળશે, તોપણ તમે જિંદગી હારી નહીં જાઓ, બલકે બદલતા જતા સમયના, પ્રવાહમાં, ચોક્કસ ગોઠવાઈ જશે.",0,19.824,0,not_selected_by_random,,,,
5681,"એમજીઆઈની આ આગાહી સાચી પડશે એમ લાગે છે, કારણ કે ઇતિહાસમાં, પલીવાર, તામિલનાડુ , ગુજરાત , મહારાષ્ટ્ર , કર્ણાટક અને પંજાબ જેવા, પાંચ રાજ્યોમાં, શહેરોમાં રહેતા લોકોની સંખ્યા ગ્રામ્ય વિસ્તારમાં રહેતા, લોકો કરતા વધી જશે.",0,17.612,0,not_selected_by_random,,,,
5682,"બૈકોનુરથી રવાના થઈ રહેલા, અવકાશયાનમાં, તેમની સાથે રશિયન ફેડરલ સ્પેસ એજન્સીના યૂરી માલેનશેનકો અને જાપાન એરોસ્પેસ એક્સપ્લોરેશન એજન્સીના, અકિહિતો હોશિદે એમ બે ફલાઈટ એન્જિનિયર પણ જોડાશે.",0,15.906,1,,gujarati_female_005682.wav,b a ei k a o n a u r a th a ii <wb> r a w a aa n a aa <wb> th a ii <wb> r a h a ee l a aa <wb> a w a k a aa sh a y a aa n a m a aa q <wb> t a ee m a n a ii <wb> s a aa th a ee <wb> r a sh a i y a n a <wb> ph a ee dx a r a l a <wb> s a p a ee s a <wb> ee j a n a s a ii n a aa <wb> y a uu r a ii <wb> m a aa l a ee n a sh a ee n a k a o <wb> a n a ee <wb> j a aa p a aa n a <wb> ee r a o s a p a ee s a <wb> ee k a s a p a l a o r a ee sh a n a <wb> ee j a n a s a ii n a aa <wb> a k a i h a i t a o <wb> h a o sh a i d a ee <wb> ee m a <wb> b a ee <wb> ph a l a aa ii tx a <wb> ee n a j a i n a i y a r a <wb> p a nx a <wb> j a o dx a aa sh a ee,C3 C0 C2 C19 C0 C26 C24 C0 C36 C29 C0 C33 C0 C16 <wb> C29 C0 C37 C0 C1 C24 C0 C1 <wb> C33 C0 C16 <wb> C29 C0 C15 C0 C11 C21 C0 C1 <wb> C0 C37 C0 C19 C0 C1 C31 C0 C38 C0 C1 C24 C0 C22 C0 C1 C23 <wb> C32 C0 C11 C22 C0 C24 C0 C16 <wb> C30 C0 C1 C33 C0 C11 <wb> C29 C0 C31 C0 C16 C38 C0 C24 C0 <wb> C12 C0 C11 C9 C0 C29 C0 C21 C0 <wb> C30 C0 C28 C0 C11 C30 C0 <wb> C11 C17 C0 C24 C0 C30 C0 C16 C24 C0 C1 <wb> C38 C0 C36 C29 C0 C16 <wb> C22 C0 C1 C21 C0 C11 C24 C0 C31 C0 C11 C24 C0 C19 C0 C26 <wb> C0 C24 C0 C11 <wb> C17 C0 C1 C28 C0 C1 C24 C0 <wb> C11 C29 C0 C26 C30 C0 C28 C0 C11 C30 C0 <wb> C11 C19 C0 C30 C0 C28 C0 C21 C0 C26 C29 C0 C11 C31 C0 C24 C0 <wb> C11 C17 C0 C24 C0 C30 C0 C16 C24 C0 C1 <wb> C0 C19 C0 C16 C15 C0 C16 C32 C0 C26 <wb> C15 C0 C26 C31 C0 C16 C7 C0 C11 <wb> C11 C22 C0 <wb> C3 C0 C11 <wb> C12 C0 C21 C0 C1 C16 C34 C0 <wb> C11 C24 C0 C17 C0 C16 C24 C0 C16 C38 C0 C29 C0 <wb> C28 C0 C25 C0 <wb> C17 C0 C26 C9 C0 C1 C31 C0 C11,train
5683,"લગભગ એક દાયકા પહેલાં, છવ્વીસ મી જાન્યુવારી બે હજાર એક ના દિવસે, ગુજરાતના, ભુજમાં આવેલા, ભુકંપ પછી, સરકારને લાગ્યું, કે ડિઝાસ્ટર મેનેજમેન્ટ વખતે, ખાસ નીતિની જરુર છે, અને આ માટે, એનડીએમએની સ્થાપના કરવામાં આવી હતી.",0,18.413,0,not_selected_by_random,,,,
5684,"અઢાર મહિનાથી, ભારે મથામણ કરતા, પ્રોટોન - કોલિઝન, પ્રયોગમાં, ફ્રાન્સ અને સ્વીત્ઝર્લેન્ડ સરહદે, જીનિવા પાસે, વિજ્ઞાનનીઓએ, લાર્જ હેડ્રોન કોલાઈડરમાં, પ્રોટોનના, બે કિરણો સામસામે અથડાવી, પ્રયોગ કરી, અદભૂત સફળતા મેળવી છે.",0,15.906,1,,gujarati_female_005684.wav,a dxh a aa r a <wb> m a h a i n a aa th a ii <wb> bh a aa r a ee <wb> m a th a aa m a nx a <wb> k a r a t a aa <wb> p a r a o tx a o n a <wb> k a o l a i jh a n a <wb> p a r a y a o g a m a aa q <wb> ph a r a aa n a s a <wb> a n a ee <wb> s a w a ii t a jh a r a l a ee n a dx a <wb> s a r a h a d a ee <wb> j a ii n a i w a aa <wb> p a aa s a ee <wb> w a i j a nj a aa n a n a ii o ee <wb> l a aa r a j a <wb> h a ee dx a r a o n a <wb> k a o l a aa ii dx a r a m a aa q <wb> p a r a o tx a o n a n a aa <wb> b a ee <wb> k a i r a nx a o <wb> s a aa m a s a aa m a ee <wb> a th a dx a aa w a ii <wb> p a r a y a o g a <wb> k a r a ii <wb> a d a bh a uu t a <wb> s a ph a lx a t a aa <wb> m a ee lx a w a ii <wb> ch a ee,C0 C10 C0 C1 C29 C0 <wb> C22 C0 C15 C0 C16 C24 C0 C1 C33 C0 C16 <wb> C4 C0 C1 C29 C0 C11 <wb> C22 C0 C33 C0 C1 C22 C0 C25 C0 <wb> C19 C0 C29 C0 C32 C0 C1 <wb> C28 C0 C29 C0 C26 C34 C0 C26 C24 C0 <wb> C19 C0 C26 C21 C0 C16 C18 C0 C24 C0 <wb> C28 C0 C29 C0 C38 C0 C26 C13 C0 C22 C0 C1 C23 <wb> C12 C0 C29 C0 C1 C24 C0 C30 C0 <wb> C0 C24 C0 C11 <wb> C30 C0 C37 C0 C16 C32 C0 C18 C0 C29 C0 C21 C0 C11 C24 C0 C9 C0 <wb> C30 C0 C29 C0 C15 C0 C7 C0 C11 <wb> C17 C0 C16 C24 C0 C16 C37 C0 C1 <wb> C28 C0 C1 C30 C0 C11 <wb> C37 C0 C16 C17 C0 C24 C0 C1 C24 C0 C24 C0 C16 C26 C11 <wb> C21 C0 C1 C29 C0 C17 C0 <wb> C15 C0 C11 C9 C0 C29 C0 C26 C24 C0 <wb> C19 C0 C26 C21 C0 C1 C16 C9 C0 C29 C0 C22 C0 C1 C23 <wb> C28 C0 C29 C0 C26 C34 C0 C26 C24 C0 C24 C0 C1 <wb> C3 C0 C11 <wb> C19 C0 C16 C29 C0 C25 C0 C26 <wb> C30 C0 C1 C22 C0 C30 C0 C1 C22 C0 C11 <wb> C0 C33 C0 C9 C0 C1 C37 C0 C16 <wb> C28 C0 C29 C0 C38 C0 C26 C13 C0 <wb> C19 C0 C29 C0 C16 <wb> C0 C7 C0 C4 C0 C36 C32 C0 <wb> C30 C0 C12 C0 C21 C0 C32 C0 C1 <wb> C22 C0 C11 C21 C0 C37 C0 C16 <wb> C6 C0 C11,train
5685,"ખરે બપોરે, રસ્તાઓ જાણે પહોળા થાય છે , ગામ ગામ વચ્ચેનું અંતર વધે છે , શહેરમાં હજીયે વધારે વસ્તી માઈ શકે એવો ભાસ થાય છે , અને જાણે ઈશ્વરની એ લીલા આગળ, ચરાચર સૃષ્ટિ તો શું, પણ, માનવ પ્રાણી પણ સ્તબ્ધ થઈ જાય છે.",0,17.705,0,not_selected_by_random,,,,
5686,"ત્યારે શબની અંદર રહેલા વૅતાળે કહ્યું, રાજન , આ ભયંકર સ્મશાનમાં બેધડક ફરી રહ્યો છે , પણ હું તે નથી જાણતો કે, તું તારા સ્વાર્થની પૂર્તિને માટે, આમ કરી રહ્યો છે, કે નિસ્વાર્થ લક્ષ્યને સાધવા માટે આટલો પરિશ્રમ કરી રહ્યો છે.",0,16.634,0,not_selected_by_random,,,,
5687,"આ રીતે હેલીકોપ્ટરના અવાજ ઘટાડવાના સુધારા વધારા, ઉપરાંત, વિસ્ફોટથી ઉડાડી દીધેલા, એક હેલીકોપ્ટરના જે કાટમાળ વધ્યો હતો, તેમા સખત ખૂણાઓ અને સપાટ સપાટીઓ સ્ટેલ્થ જેટ વિમાનમાં બહુ સામાન્ય જોવા મળે છે.",0,16.743,0,not_selected_by_random,,,,
5688,"ઈન્ઝમામે એક રસપ્રદ ઘટસ્ફોટ કર્યો હતો, કે બે હજાર ત્રણ માં વકાર યુનુસને કેપ્ટન બનાવાશે તે નિશ્ચિત હતું , છતાં પણ બોર્ડના અક્રમને, પણ કેપ્ટન બનાવાય તેવી શક્યતા વેહેતી કરી હતી, જેને કારણે ટીમમાં, તે વખતે પણ બે ભાગ પડી ગયા હતા.",0,18.237,0,not_selected_by_random,,,,
5689,"શાસ્ત્રોમાં પણ કહ્યું છે, કે જે બાળક, નિયમિતરૂપે પોતાનાથી મોટાઓને નમન વંદન કરે છે , જાતે ખુશ રહી ભલાઈ ઉદારતા અને પરોપકારનાં કામો કરી આશીર્વાદો મેળવે છે , એ બાળક, આયુષ્ય, બળ, વિદ્યા અને યશ લાભ, પ્રાપ્ત કરે છે.",0,19.445,0,not_selected_by_random,,,,
5690,"ચાલો હવેથી એકાંતનો પણ ઓચ્છવ કરીએ , થોડો જાતને સમય આપીએ , સામેવાળી વ્યક્તિ પાસેથી બઉ અપેક્ષા ન રાખીયે , સતત નઉ જાણીએ , માનીયે , જોઈયે , વાંચીએ અને નવાં સ્થળો અને લોકોને ખુલ્લા દિલે સ્વીકારીએ.",0,16.672,1,,gujarati_female_005690.wav,c a aa l a o <wb> h a w a ee th a ii <wb> ee k a aa q t a n a o <wb> p a nx a <wb> o c a ch a w a <wb> k a r a ii ee <wb> th a o dx a o <wb> j a aa t a n a ee <wb> s a m a y a <wb> aa p a ii ee <wb> s a aa m a ee w a aa lx a ii <wb> w a y a k a t a i <wb> p a aa s a ee th a ii <wb> b a u <wb> a p a ee k a sx a aa <wb> n a <wb> r a aa kh a ii y a ee <wb> s a t a t a <wb> n a u <wb> j a aa nx a ii ee <wb> m a aa n a ii y a ee <wb> j a o ii y a ee <wb> w a aa q c a ii ee <wb> a n a ee <wb> n a w a aa q <wb> s a th a lx a o <wb> a n a ee <wb> l a o k a o n a ee <wb> kh a u l a l a aa <wb> d a i l a ee <wb> s a w a ii k a aa r a ii ee,C5 C0 C1 C21 C0 C26 <wb> C15 C0 C37 C0 C11 C33 C0 C16 <wb> C11 C19 C0 C1 C23 C32 C0 C24 C0 C26 <wb> C28 C0 C25 C0 <wb> C26 C5 C0 C6 C0 C37 C0 <wb> C19 C0 C29 C0 C16 C11 <wb> C33 C0 C26 C9 C0 C26 <wb> C17 C0 C1 C32 C0 C24 C0 C11 <wb> C30 C0 C22 C0 C38 C0 <wb> C1 C28 C0 C16 C11 <wb> C30 C0 C1 C22 C0 C11 C37 C0 C1 C21 C0 C16 <wb> C37 C0 C38 C0 C19 C0 C32 C0 C16 <wb> C28 C0 C1 C30 C0 C11 C33 C0 C16 <wb> C3 C0 C36 <wb> C0 C28 C0 C11 C19 C0 C31 C0 C1 <wb> C24 C0 <wb> C29 C0 C1 C20 C0 C16 C38 C0 C11 <wb> C30 C0 C32 C0 C32 C0 <wb> C24 C0 C36 <wb> C17 C0 C1 C25 C0 C16 C11 <wb> C22 C0 C1 C24 C0 C16 C38 C0 C11 <wb> C17 C0 C26 C16 C38 C0 C11 <wb> C37 C0 C1 C23 C5 C0 C16 C11 <wb> C0 C24 C0 C11 <wb> C24 C0 C37 C0 C1 C23 <wb> C30 C0 C33 C0 C21 C0 C26 <wb> C0 C24 C0 C11 <wb> C21 C0 C26 C19 C0 C26 C24 C0 C11 <wb> C20 C0 C36 C21 C0 C21 C0 C1 <wb> C7 C0 C16 C21 C0 C11 <wb> C30 C0 C37 C0 C16 C19 C0 C1 C29 C0 C16 C11,train
5691,"તેમણે જોકે જે ખિલાડીયોનો સમાવેશ નથી થઇ શક્યો તે અંગે સ્પષ્ટતા ન્હોતી કરી, પણ એક બાબત પર ભાર મૂક્યો હતો, કે વર્લ્ડ કપ ભારતીય ઉપખંડની સ્લો પીચો પર રમાવાનો છે, તેને અમે નજરમાં રાખ્યું છે.",0,15.806,0,not_selected_by_random,,,,
5692,"રાજભવનમાં રેતા બધાને ખબર પડી, કે કોઈ આલતુ ફાલતુ, મફતલાલ ખેડૂત તેની સાથે, એક મામૂલી શક્કરિયું ભેટમાં લઈ યાવ્યો, જેના બદલામાં, રાજાએ તેને એક હજાર સુવર્ણ મુદ્રાઓની બક્ષિસ આપી.",0,14.732,0,not_selected_by_random,,,,
5693,"આ હિસાબે એટલું જરુર કહી શકાય કે, ચેર્નોબીલ ખાતે જે દુર્ઘટના બની , તેટલી વિનાશક અને વધારે ઉગ્રતા ધરાવતી, પરિસ્થિતિ જાપાનનાં રિએક્ટરોમાં, પેદા થાય તેમ નથી.",0,13.034,0,not_selected_by_random,,,,
5694,"મનુષ્યે પોતાને, જે વસ્તુમાં ગતાગમ ન પડે, અથવા તો બુદ્ધિની ચાંચ ન ડૂબે, એવી બાબતોને, ભગવાન ગણી લીધી હોવાથી, મોડલમાં નહીં મળી રહેલા, અથવા તો ઘણી મહેનતે મળી શકે એવા, કણને, ગોડ પાર્ટિકલ નામ આપવામાં આવ્યું હતું.",0,17.65,0,not_selected_by_random,,,,
5695,"એમજીઆઇના અહેવાલ પ્રમાણે, શહેરો, હવે ભારતના વિકાસના એન્જિન બની રહ્યા છે, કારણ કે શહેરોમાંજ સિત્તેર ટકા જેટલી નવી નોકરીઓનું સર્જન થાય છે, જેને પરિણામે, દેશની માથાદીઠ આવકમાં, વધારો થાય છે.",0,16.032,0,not_selected_by_random,,,,
5696,"ફંડા એ છે, કે આપણે બાળકોના મનમાં, નાનપણથીજ પ્રાચીન પ્રેરક ગાથાઓ, સાથે જોડાયેલા બોધપાઠ, બેસાડી દેવા જોઈએ, જેથી, તે આધુનિક સમાજની પ્રતિસ્પર્ધાનો, સરળતાથી, મુકાબલો કરી શકે.",0,14.835,0,not_selected_by_random,,,,
5697,"પરંતુ, તેઓ ખોટું બોલ્યા, કે મને શિવલિંગનો છેડો દેખાયો, તે સમયે કપટી બ્રહ્માજીને, શિક્ષા કરવા, તે અગ્નિરૂપ સ્થંભમાંથી, મહાદેવ પ્રગટ થયા, અને બ્રહ્માજીનું પાંચમું મુખ, અસત્ય બોલેલ, તે કાપ્યું.",0,15.141,0,not_selected_by_random,,,,
5698,"આ બાજુ હરણીએ, શિકારીને બાણ તાકતાં જોઇ, વિનંતી કરી, કે હે વ્યાઘ્ર!, મારા શરીરથી, તારા કુટુંને પોષણ મળતું હોય, તો જરૂર લઇ લે, પરંતુ મારા નાના બચ્ચાંને, મારી બેન અને મારા પતિને, સોંપી જરૂર પાછી આવીશ.",0,17.235,0,not_selected_by_random,,,,
5699,"આંબેડકરના કાર્ટૂનના સમાવેશને કારણે, ઊભા થયેલા વિવાદ બાદ, આ પુસ્તકોની સમીક્ષા માટે, સુખદેવ થોરાટના અધ્યક્ષપદ હેઠળ બનેલી, સમીક્ષા સમિતિના, અન્ય સભ્યો, તેનાથી અલગ નિષ્કર્ષ પર પહોંચ્યા છે.",0,16.77,0,not_selected_by_random,,,,
5700,"વિરજ:, વાસના રહિત, વિવાહ:, એકબીજાને જોડે , વિશ્વ:, ગોળાકાર ફેરવે , વિશોક:, જીવન ભાવ પ્રકૃતિ સાથે જોડે, આવા ભાવ સાથે, બ્રહ્માજીએ, ચાર સ્વરૂપના પુત્રો, ઉત્પન્ન કરી, માનવ દેહની ચેતના સ્વરૂપ જીવન ભાવ આપ્યો.",0,16.997,1,,gujarati_female_005700.wav,w a i r a j a <wb> w a aa s a n a aa <wb> r a h a i t a <wb> w a i w a aa h a <wb> ee k a b a ii j a aa n a ee <wb> j a o dx a ee <wb> w a i sh a w a <wb> g a o lx a aa k a aa r a <wb> ph a ee r a w a ee <wb> w a i sh a o k a <wb> j a ii w a n a <wb> bh a aa w a <wb> p a r a k a t a i <wb> s a aa th a ee <wb> j a o dx a ee <wb> aa w a aa <wb> bh a aa w a <wb> s a aa th a ee <wb> b a r a h a m a aa j a ii ee <wb> c a aa r a <wb> s a w a r a uu p a n a aa <wb> p a u t a r a o <wb> u t a p a n a n a <wb> k a r a ii <wb> m a aa n a w a <wb> d a ee h a n a ii <wb> c a ee t a n a aa <wb> s a w a r a uu p a <wb> j a ii w a n a <wb> bh a aa w a <wb> aa p a y a o,C37 C0 C16 C29 C0 C17 C0 <wb> C37 C0 C1 C30 C0 C24 C0 C1 <wb> C29 C0 C15 C0 C16 C32 C0 <wb> C37 C0 C16 C37 C0 C1 C15 C0 <wb> C11 C19 C0 C3 C0 C16 C17 C0 C1 C24 C0 C11 <wb> C17 C0 C26 C9 C0 C11 <wb> C37 C0 C16 C31 C0 C37 C0 <wb> C13 C0 C26 C21 C0 C1 C19 C0 C1 C29 C0 <wb> C12 C0 C11 C29 C0 C37 C0 C11 <wb> C37 C0 C16 C31 C0 C26 C19 C0 <wb> C17 C0 C16 C37 C0 C24 C0 <wb> C4 C0 C1 C37 C0 <wb> C28 C0 C29 C0 C19 C0 C32 C0 C16 <wb> C30 C0 C1 C33 C0 C11 <wb> C17 C0 C26 C9 C0 C11 <wb> C1 C37 C0 C1 <wb> C4 C0 C1 C37 C0 <wb> C30 C0 C1 C33 C0 C11 <wb> C3 C0 C29 C0 C15 C0 C22 C0 C1 C17 C0 C16 C11 <wb> C5 C0 C1 C29 C0 <wb> C30 C0 C37 C0 C29 C0 C36 C28 C0 C24 C0 C1 <wb> C28 C0 C36 C32 C0 C29 C0 C26 <wb> C36 C32 C0 C28 C0 C24 C0 C24 C0 <wb> C19 C0 C29 C0 C16 <wb> C22 C0 C1 C24 C0 C37 C0 <wb> C7 C0 C11 C15 C0 C24 C0 C16 <wb> C5 C0 C11 C32 C0 C24 C0 C1 <wb> C30 C0 C37 C0 C29 C0 C36 C28 C0 <wb> C17 C0 C16 C37 C0 C24 C0 <wb> C4 C0 C1 C37 C0 <wb> C1 C28 C0 C38 C0 C26,train
5701,"શહેરો અને ગામડાઓ નવા બન્યા , ખેતી માટે વધુ જમીન મેળવવા, ઉદ્યોગો સ્થાપવા , વાહન વ્હવારના વિકાસ માટે, બળતણ, ઈમારતી લાકડું, કે પછી ઉદ્યોગો માટેનો, કાચો માલ મેળવવા માટે, જંગલો બેફામ રીતે કપાયા.",0,17.291,0,not_selected_by_random,,,,
5702,"ગુજરાતનું મોડર્ન જનરેશન, ભલે ઇંગ્લિશ વાતાવરણને, પોતાનું સ્ટેટસ માને, પરંતુ કેટલાંક એનઆરજી પરિવાર, એવા પણ છે, કે જેઓ કંપલસરી તેમના જનરેશન નેક્સ્ટને, ગુજરાતી ભાષા માટે પ્રેરણા આપી રહ્યા છે.",0,17.249,0,not_selected_by_random,,,,
5704,"પણ ગાર્ડિયને ટીએલએસને ટપાર્યું છે કે, આપણે આવું ગોથું ખાઈ બેસીયે છીયે, એનું કારણ એ છે, કે ચોક્કસ સંજોગોમાં ‘ગીતાંજલિ ’ના પ્રવેશ સાથે આપણે ટાગોરને, કોઈ મરમી, મિસ્ટિકના ખાનામાં માત્ર ખતવી નાખ્યા છે.",0,18.004,0,not_selected_by_random,,,,
5705,"આ પ્રયોગમાં હેડ્રોન કોલાઈડર, એલએચસી કણોને, પરસ્પર સાથે અથડાવી, તેમાંથી, ઊર્જાના તદ્દન ઝીણા ઝીણા, સ્કૂલ્લીંગો ઉત્પન્ન કરી, બીગ બેંગ થયો, તે સમયની, પરિસ્થિતિને, ફરીથી સર્જીત કરી છે.",0,16.228,0,not_selected_by_random,,,,
5706,"દહેગામના, પાલિયા પાસે આવેલા પ્રસિધ્ધ નિલકંઠ મહાદેવના, મંદિર, ટ્રસ્ટ ધ્વારા લોકમેળાનું આયોજન કરવામાં આવતા, વએલી સવારથી, મોડી સાંજ સુધી, શિવભક્તોનો, ભારે ધસારો, જોવા મળતો હતો.",0,14.994,0,not_selected_by_random,,,,
5707,"દિલીમાં પોતાની બહેન, સાનિયા ખાન સાથે, રહી રહેતો, અબ્બાસ અલી ઘણાં વર્ષોથી, પોતાના પૂર્વજોની હવેલીને, મેળવવા માટે કોર્ટનાં ધક્કા ખાતો હોય છે, અને એવામાં તેની પાસે, પૈસા પણ બચતાં નથી.",0,14.832,0,not_selected_by_random,,,,
5708,"ચિકિત્સક પાસે, ચિકિત્સા કરાવવી પડે, એટલા ભ્રમમાં જીવતી વ્યક્તિઓની, બાબતમાં પણ નવાઈ લાગે એવી વાત એ છે, કે પોતે જે ખાસ વાત પકડી લીધી હોય, એ સિવાયની બીજી બધી બાબતોમાં, તેઓ તર્કબદ્ધ વિચારી શકે છે.",0,16.34,0,not_selected_by_random,,,,
5709,"સ્વામી વિવેકાનંદે કાલી માતા પાસે, પોતાના માટે કશું માગ્યું નહીં, ત્રણ વાર દર્શન થયાં , પોતાની માતા અને ભાઈઓ માટે વધુ કંઈ નહીં, તો દાળરોટીનું સુખ માગવાનું મન તેમને થયું હતું, પણ તે, આઉ માગી શક્યા નહીં.",0,16.56,0,not_selected_by_random,,,,
5710,"એની માતા શબનમ સિંના જણાવવા મુજબ, પ્રારંભિક મેડિકલ રિપોર્ટ્સ, એવું સૂચવતા હતા, કે, યુવરાજના ડાબા ફેફસાની ઉપર, લિમ્ફોમાં કહેવાતી, અસાધારણ ટિયુમર, કે જે , કેન્સરની ગાંઠ હોઈ શકે છે.",0,13.955,1,,gujarati_female_005710.wav,ee n a ii <wb> m a aa t a aa <wb> sh a b a n a m a <wb> s a i q n a aa <wb> j a nx a aa w a w a aa <wb> m a u j a b a <wb> p a r a aa r a q bh a i k a <wb> m a ee dx a i k a l a <wb> r a i p a o r a tx a s a <wb> ee w a u q <wb> s a uu c a w a t a aa <wb> h a t a aa <wb> k a ee <wb> y a u w a r a aa j a n a aa <wb> dx a aa b a aa <wb> ph a ee ph a s a aa n a ii <wb> u p a r a <wb> l a i m a ph a o m a aa q <wb> k a h a ee w a aa t a ii <wb> a s a aa dh a aa r a nx a <wb> tx a i y a u m a r a <wb> k a ee <wb> j a ee <wb> k a ee n a s a r a n a ii <wb> g a aa q txh a <wb> h a o ii <wb> sh a k a ee <wb> ch a ee,C11 C24 C0 C16 <wb> C22 C0 C1 C32 C0 C1 <wb> C31 C0 C3 C0 C24 C0 C22 C0 <wb> C30 C0 C16 C23 C24 C0 C1 <wb> C17 C0 C25 C0 C1 C37 C0 C37 C0 C1 <wb> C22 C0 C36 C17 C0 C3 C0 <wb> C28 C0 C29 C0 C1 C29 C0 C23 C4 C0 C16 C19 C0 <wb> C22 C0 C11 C9 C0 C16 C19 C0 C21 C0 <wb> C29 C0 C16 C28 C0 C26 C29 C0 C34 C0 C30 C0 <wb> C11 C37 C0 C36 C23 <wb> C30 C0 C36 C5 C0 C37 C0 C32 C0 C1 <wb> C15 C0 C32 C0 C1 <wb> C19 C0 C11 <wb> C38 C0 C36 C37 C0 C29 C0 C1 C17 C0 C24 C0 C1 <wb> C9 C0 C1 C3 C0 C1 <wb> C12 C0 C11 C12 C0 C30 C0 C1 C24 C0 C16 <wb> C36 C28 C0 C29 C0 <wb> C21 C0 C16 C22 C0 C12 C0 C26 C22 C0 C1 C23 <wb> C19 C0 C15 C0 C11 C37 C0 C1 C32 C0 C16 <wb> C0 C30 C0 C1 C8 C0 C1 C29 C0 C25 C0 <wb> C34 C0 C16 C38 C0 C36 C22 C0 C29 C0 <wb> C19 C0 C11 <wb> C17 C0 C11 <wb> C19 C0 C11 C24 C0 C30 C0 C29 C0 C24 C0 C16 <wb> C13 C0 C1 C23 C35 C0 <wb> C15 C0 C26 C16 <wb> C31 C0 C19 C0 C11 <wb> C6 C0 C11,train
5711,"જોકે, બિનસરકારી ન્યુક્લિયર પ્રવૃત્તિને, નિયંત્રિત કરનારી, પેરિસની સ્વાયત્ત સંસ્થા, ન્યુક્લિઅર સેફટી ઓથોરિટી, એનએસએ ના, સૂત્રોએ કહ્યું હતું કે, ફુકૂશીમાના અકસ્માત પરથી, અમારે પાઠ ભણવાનો છે.",0,15.708,0,not_selected_by_random,,,,
5712,"ધનનંદ જેવા લોખંડી શાસક સામે, એક છોકરડા જેવા લાગતા, યુવાનના સહારેએ, જંગ માંડે, અને પોતાના પ્રચંડ મનોબળ અને પુરુષાર્થથી, એ વસ્તુને સાકાર કરી શકે એ ઘટનાજ , કેટલી ભવ્ય છે.",0,15.551,0,not_selected_by_random,,,,
5713,"ભારતીય કાફલાના ડેપ્યુટી ચીફ, ડી મિશન બ્રિગેડિયા, પી કે મુરલીધર રાજાએ, કહ્યું હતું, કે જે પણ ખિલાડીયોનું, અહીં આગમન થઇ ચુક્યુ છે, તેઓ, વાતાવરણને, અને અહીના, ટેમ્પોને અનુકૂળ થઇ ગયા છે.",0,15.38,0,not_selected_by_random,,,,
5714,"પરંતુ, મહત્વની બાબત એ છે કે, માણસ આર્થિક વ્યવહારો સાથેના, વ્યવહારમાં, અને, બજાર વચ્ચે બેઠો હોવા છતાં, પણ પોતાની શક્તિઓ, કે, સંપત્તિ બાબતે, એને પર્યાપ્ત જાણકારી નથી.",0,13.564,0,not_selected_by_random,,,,
5715,"ઋતુ ભોંયને ઊઘાડી કરી દે છે, રાતીભૂરી ટેકરીઓ, પાછી નિર્વસ્ત્ર બનીને, હારબદ્ધ બેસી પડે છે , ઋતુને હું દૂર દૂર વહી જતી જોઈ રહું છું , આમે , પરિવર્તનની પ્રક્રિયા જોઈ રેહેવાનું, આસ્વાદ્ય લાગે છે.",0,16.127,0,not_selected_by_random,,,,
5716,"પ્રશાંતે પોતાનું જહાજ વાળ્યું, અને, તટ તરફ જવા લાગ્યો, ત્યારે તેના સિનિયર બોટ્સ્વૈન, ક્વાર્ટર માસ્ટર, મુન્નુસ્વામીએ, એક માછીમાર નૌકાને, તોફાનમાં ફસાયેલી જોઈ, જેના પર, ત્રણ માછીમારો હતા.",0,16.037,0,not_selected_by_random,,,,
5717,"જે રીતે, પાર્થિવ પટેલ ને, ન્યુઝીલેન્ડ અને, હવે સાઉથ આફ્રિકા સામે, ચાલુ શ્રેણીએ, બોલાવાયો છે, તે જ બતાવે છે કે, તેના નજીકના હરિફ, દિનેશ કાર્તિક, કરતા હવે તેના પર, પસંદગીકારોને વધુ ભરોસો છે.",0,15.382,0,not_selected_by_random,,,,
5718,"હોસ્પિટલોમાં, હેલ્થ ચેકઅપ, તેમજ અન્ય સારવાર ઉપર ગયા વર્ષે, લાદવામાં આવેલા, સેવાકરના સ્થાને, આગામી અંદાજપત્રમાં, પચ્ચીસ, કે એથી વધુ, પથારીની, સેન્ટ્રલી એસી હોસ્પિટલોની, તમામ સેવા ઉપર, હવે સેવા કર લેવામાં આવશે.",0,17.811,0,not_selected_by_random,,,,
5719,"ગુજરાતી , હિન્દી , સંસ્કૃત , અંગ્રેજી, ઉપપ્રાંત કંઈક જર્મન , વળી અસમિયા , ઉડિયા , બાંગલા , તુલનાત્મક સાહિત્ય, સેવને, અને, દેશ દેશાંતરના, ભ્રમણે ભોળાભાઈને, એક વ્યાપકતા આપે છે.",0,16.216,0,not_selected_by_random,,,,
5720,"નાણાં મંત્રી, પ્રણવ મુખરજીએ, અંદાજપત્ર રજૂ કરતાં, જણાવ્યું હતું કે , હવે, યુનીક આઈડી કાર્ડ મારફત, દેશની, શાસન વ્યવસ્થા સુધારવા ઉપર, ખાસ ભાર મુકવામાં આવી રહ્યો છે.",0,13.968,0,not_selected_by_random,,,,
5721,"વિદ્યાર્થીઓને, જે બાબત જણાવાય છે , તેના પર, અલગ દ્રષ્ટિકોણ, કે સંબંધિત વિષય પર, સમાજમાં રહેલી, વિવિધ માન્યતાઓને, કારણે તેમને, અલગ રાખવા જોઈયે, એ મુદ્દો ઉપસ્થિત થવો વ્યાજબી છે.",0,14.449,0,not_selected_by_random,,,,
5722,"એ બધાં પ્રાકૃતિક નિયમતંત્રનાં અમોઘ પરિણામ છે , પરંતુ, સુંદર સમાજનું માળખું, અથવા, સુંદર વ્યક્તિ જીવનનો વિકાસ, માણસની જ સ્વાધીન ઈચ્છાશક્તિ, અને, સર્જનશક્તિના યોગ્ય વિકાસ પર, આધારિત છે.",0,16.248,0,not_selected_by_random,,,,
5723,"આ કોલેજના, વિજ્ઞાન ના વિદ્યાર્થીઓના, સદ્ભાગ્ય, કે, સત્યાવીસ વર્ષો સુધી, રાવસાહેબની, સરળ, અને રસાળ શૈલીમાં, કંટાળાજનક ગણાતાં, ગણિત જેવા વિષયને, રસિક અને રોમાંચકારી રીતે માણ્યો.",0,15.306,0,not_selected_by_random,,,,
5724,"ગણિતના કઠીન વિષયો, જેવા કે, પાયથાગોરસનું પ્રમેય , ગોસિયન વક્ર , ક્વોડ્રીલેટરલ સમીકરણો , રામાનુજમની સંખ્યા, અને, ભૂમિતિના અન્ય પાસાઓને, સહેલા કરી દીધા હતા.",0,13.596,0,not_selected_by_random,,,,
5725,"બીજી મહત્વની વાત એ છે કે, અમેરિકાના જહાજ પરથી, ત્રણ હેલીકોપ્ટરો, પાકિસ્તાનની સરહદમાં ઘૂસ્યા, અને, વાયવ્ય પાકિસ્તાનમાં આવેલ, એબોટાબાદ શહેરમાં, આવેલ હવેલી જેવા મકાન પર, હુમલો કર્યો.",0,15.451,0,not_selected_by_random,,,,
5726,"તેમનાં લૂગડાંનો શીતળ સ્પર્શ, તથા કંપવાને કારણે સતત ધ્રૂજ્યા કરતી બાપુની આંગળીઓમાંથી, અમારા પર, છલકાતા વહાલના છાંટા, હજી એ એજ ઘરમાં, ક્યાંક પડ્યા હશે.",0,13.252,0,not_selected_by_random,,,,
5727,"એમજીઆઇના અહેવાલ પ્રમાણે, બે હજાર ત્રીસ સુધી, એવો સમય આવશે, કે આ શહેરો પર કેન્દ્રિય સરકાર જેટલો જ પ્રભાવ, ત્યાનું તંત્ર, સારી રીતે ચલાવતા સરકારી અધિકારીઓને, અને બ્યુરોકેટ્સનો હશે.",0,14.972,0,not_selected_by_random,,,,
5728,"ઇન્ડિયન જુનિયર અને, કેડેટ ઓપન ટેબલ ટેનિસ ટોર્નામેન્ટમાં, હરમીત દેસાઇના, વિજયી દેખાવને સહારે, ઈન્ડિયા એ, ટીમે શ્રીલંકાને, પ્રથમ રાઉન્ડમાં, ત્રણ શૂન્ય થી, કચડી નાંખ્યું હતુ.",0,12.959,0,not_selected_by_random,,,,
5729,"કેગ જાહેર ભંડોળના, વપરાશ વખતે, જે તે પ્રોજેક્ટના ખર્ચ માટેના, નિયમોને, અનુસરવામાં આવે છે કે નહીં, તેના નાણાંકીય વહેવારમાં, નિર્ધારિત સંમતિ મુજબ, વર્તવામાં આવે કે નહીં, તેનો હિસાબ પણ લે છે.",0,15.934,0,not_selected_by_random,,,,
5730,"આથી, હવે, શીર્ષ બિઝનેસ સ્કૂલ, હાલની વ્યવસાયી રણનીતિઓની સાથે, પંચતંત્રની વાર્તા, સ્વામી વિવેકાનંદના દર્શન, અને, મહાભારત, ભગવદ્ગીતા, રામાયણ, વગેરેને, જોડી રહી છે.",0,14.08,0,not_selected_by_random,,,,
5731,"ત્યારે વિદ્યાર્થીઓ પરીક્ષા દરમિયાન, તન, મન, પ્રફુલ્લિત રહે અને, વર્ષ દરમિયાન કરેલી મહેનતનું, કોઇ વિઘ્ન વગર, યોગ્ય ફળ મળે, તે હેતુથી, પરીક્ષાર્થીઓ, મંદિર, અને મસ્જિદમાં, દર્શનાર્થે ઉમટી પડયા હતા.",0,15.607,0,not_selected_by_random,,,,
5732,"હાલમાં, તો ઇંગ્લીશ ચેનનની બાજુમાં આવેલી આ વિશાળ સાઈટ પર, કેસરી રંગની, સેફટી હૅટ, અને પીળા રંગના, જેકેટ પહેરેલા સેંકડો મજૂરો, પ્રકલ્પને, પૂરો કરવાના કામમાં, વ્યસ્ત જોવા મળે છે.",0,14.33,0,not_selected_by_random,,,,
5733,"દુનિયાની ફ્યુચરીસ્ટીક કારનું બિરુદ પામનાર, વોક્સવેગનની 'એક્વા', અને બીજા વિશ્વયુદ્ધ સમયની ટેકનોલોજી મારવેલ ગણાતી, 'ઘોસ્ટ કાર', એ ભુતકાળથી ભવિષ્યકાળ વચ્ચેનાં બે અંતિમ જેવી છે.",0,14.896,0,not_selected_by_random,,,,
5734,"સાથે સાથે, આપણે એ પણ જાણવું રહ્યું, કે હાલમાં, દિલ્હીથી પકડાઍલા, આતંકવાદી સૈયદ ઝબિઉદ્દીનની ધરપકડને પગલે, ઘણાં રહસ્યો પરથી પડદો ઊઠી શકે એમ છે.",0,13.466,0,not_selected_by_random,,,,
5735,"સુપ્રીમ કોર્ટે વિચારણા હેઠળ રહેલા કેસના રિપોર્ટિંગના સંદર્ભે, ચર્ચાનો દાયરો, વધારતાં હવે, અપરાધ, સેક્સ, અને હિંસા સાથે, સંકળાએલા કેસોનો, પણ સમાવેશ કર્યો છે.",0,13.236,0,not_selected_by_random,,,,
5736,"અમદાવાદથી થોડે દૂર આવેલા, વિવેકાનંદ નગર, વિસ્તારના સિનીયર સિટીઝનોએ, ઓગણીસો ત્યાંસી ના વર્લ્ડકપની, ક્ષણોને, જીવંત કરવા માટે, જે રેડીયા પર, ત્યાંસી ના વર્લ્ડકપની કોમેન્ટ્રી સાંભળી હતી.",0,14.355,0,not_selected_by_random,,,,
5737,"તેમણે સાબિત કર્યું છે, કે શેરીઓ અજવાળતી ઉંચા દબાણના, સોડિયમ વેપર, લેમ્પની અસરના લીધે, ઘોડા નામ, ચામાચિડીયા, હોર્સ શુ બેટ, પોતાનો હંમેશાનો રૃટ બદલે છે.",0,13.374,0,not_selected_by_random,,,,
5738,"મુખ્યમંત્રીએ, દેશના વિકાસ માટે, ચાર શક્તિઓને, મહત્વ આપતા જણાવ્યું, કે આપણા દેશ પાસે, ઉત્તમ યુવાશક્તિ , ઉત્તમ જ્ઞાનસંપદા , ઉત્તમ લોકતંત્ર, અને ઉત્તમ ન્યાયપ્રણાલીની વિરાસત છે.",0,14.974,0,not_selected_by_random,,,,
5739,"જોકે કેગની નિમણુંક માટે, કોઇ માર્ગદર્શિકા નથી, અને, સુપ્રીમ કોર્ટ ઘણીવાર, ધારાસભા, કે વિધાનસભા દ્વારા, કરવામાં આવેલી, પોતાની પસંદગીના, કેગની નિમણુંકને, સ્થગિત કરી છે.",0,14.461,0,not_selected_by_random,,,,
5740,"રિઝર્વ બેન્કે એવા સંકેત આપ્યા છે કે, ફુગાવો હજુ પણ, થ્રેશોલ્ડ લેવલથી, ઘણો ઊંચો હોવાથી, એકત્રીસ જુલાઇએ થનારી, નાણાકીય નીતિની સમીક્ષામાં, વ્યાજદરમાં, ઘટાડાની નહિવત્ શક્યતા છે.",0,14.06,0,not_selected_by_random,,,,
5741,"ભૂકંપ અને સુનામી દ્વારા, પાવર પ્લાન્ટનાં, રિએક્ટરમાં, કઈ સમસ્યા સર્જાઈ, જે છેવટે, દુર્ઘટનામાં ફેરવાઈ ગઈ, તેની વિગતોની, હવે પછીનાં અંકમાં, વિસ્તારપૂર્વક સમીક્ષા કરવામાં આવશે.",0,14.721,1,,gujarati_female_005741.wav,bh a uu k a q p a <wb> a n a ee <wb> s a u n a aa m a ii <wb> d a w a aa r a aa <wb> p a aa w a r a <wb> p a l a aa n a tx a n a aa q <wb> r a i ee k a tx a r a m a aa q <wb> k a ii <wb> s a m a s a y a aa <wb> s a r a j a aa ii <wb> j a ee <wb> ch a ee w a tx a ee <wb> d a u r a gh a tx a n a aa m a aa q <wb> ph a ee r a w a aa ii <wb> g a ii <wb> t a ee n a ii <wb> w a i g a t a o n a ii <wb> h a w a ee <wb> p a ch a ii n a aa q <wb> a q k a m a aa q <wb> w a i s a t a aa r a p a uu r a w a k a <wb> s a m a ii k a sx a aa <wb> k a r a w a aa m a aa q <wb> aa w a sh a ee,C4 C0 C36 C19 C0 C23 C28 C0 <wb> C0 C24 C0 C11 <wb> C30 C0 C36 C24 C0 C1 C22 C0 C16 <wb> C7 C0 C37 C0 C1 C29 C0 C1 <wb> C28 C0 C1 C37 C0 C29 C0 <wb> C28 C0 C21 C0 C1 C24 C0 C34 C0 C24 C0 C1 C23 <wb> C29 C0 C16 C11 C19 C0 C34 C0 C29 C0 C22 C0 C1 C23 <wb> C19 C0 C16 <wb> C30 C0 C22 C0 C30 C0 C38 C0 C1 <wb> C30 C0 C29 C0 C17 C0 C1 C16 <wb> C17 C0 C11 <wb> C6 C0 C11 C37 C0 C34 C0 C11 <wb> C7 C0 C36 C29 C0 C14 C0 C34 C0 C24 C0 C1 C22 C0 C1 C23 <wb> C12 C0 C11 C29 C0 C37 C0 C1 C16 <wb> C13 C0 C16 <wb> C32 C0 C11 C24 C0 C16 <wb> C37 C0 C16 C13 C0 C32 C0 C26 C24 C0 C16 <wb> C15 C0 C37 C0 C11 <wb> C28 C0 C6 C0 C16 C24 C0 C1 C23 <wb> C0 C23 C19 C0 C22 C0 C1 C23 <wb> C37 C0 C16 C30 C0 C32 C0 C1 C29 C0 C28 C0 C36 C29 C0 C37 C0 C19 C0 <wb> C30 C0 C22 C0 C16 C19 C0 C31 C0 C1 <wb> C19 C0 C29 C0 C37 C0 C1 C22 C0 C1 C23 <wb> C1 C37 C0 C31 C0 C11,train
5742,"ભૂકંપ બાદ આ પરમાણુ કેન્દ્રના, એક, બે, અને ચાર નંબરના, એકમનો, વીજ પુરવઠો ખોરવાયો છે, અને, તેમાં સતત દબાણ વધી રહ્યું છે , ઓપરેટરોએ, દરેક એકમમાંથી, વરાળ રીલિઝ કરવાનું, શરૃ કર્યું છે.",0,16.238,0,not_selected_by_random,,,,
5743,"કાર્ટૂન ફિલ્મોમાં, દર્શાવવામાં આવતાં, હિંસક દ્રશ્યો, જોનાર બાળક, પોતાને, તેમજ પોતાનાં આપ્તજનોને, વરતાતી, શારીરિક તથા માનસિક પીડા, પ્રત્યે લાંબે ગાળે, કઠોર બની જાય છે.",0,13.479,0,not_selected_by_random,,,,
5744,"હ્યુમન જેનોમ પ્રોજેક્ટથી, જીવવિજ્ઞાન, બાયો - કેમિસ્ટ્રી, બાયો - ટેકનોલોજી, તબીબી જગત, ડ્રગ્સ ઉત્પાદન કરનારી કંપનીઓ, અને, જીનેટીક્સ અને ઉત્ક્રાંન્તિ સમજવામાં, અમુલ્ય ફાળો મળ્યો છે.",0,14.348,0,not_selected_by_random,,,,
5745,"સ્થાપત્યનો સર્વાંગસુંદર નમૂનો તૈયાર કર્યા પછી, એનાં રક્ષણ, અને પ્રદર્શન માટે, આપણને, કેટલી તૈયારી કરવી પડે છે ! એક કલાત્મક વસ્તુનું નિર્માણ કર્યું, કે આપણને, ધન્યધન્ય થઈ જાય છે.",0,14.292,0,not_selected_by_random,,,,
5746,"આજે જ્યારે, દુનિયામાં ર્કોપોરેટ સેક્ટર દ્વારા, પર્યાવરણ, અને, કુદરતી સંપત્તિને, નુકસાન પહોંચાડવાના કેસમાં, તેમની જવાબદારી, નક્કી કરવાની, માગ તેજ થઈ રહી છે.",0,11.563,0,not_selected_by_random,,,,
5747,"ગેરકાયદે રીતે, કરવામાં આવતાં, જમીન અધિગ્રહણથી, ગરીબ ખેડૂતો, અને, કૃષિ આધારિત મુદ્દાના અધિકારોની, સુરક્ષા માટે, લેવાયેલું, આ, ઐતિહાસિક પગલું છે.",0,11.939,0,not_selected_by_random,,,,
5748,"આમ બપોરથી, લઇ સાંજ ઢળતા સુધીમાં, ગામ આખામાં, માનવવસ્તીના, મેળાવડા, વચ્ચે, મંદિરે દર્શન, મેળાની મઝા, અને, પરંપરાગત ઓડા, અને બાંધણા નૃત્ય જોવા મળે છે.",0,14.142,0,not_selected_by_random,,,,
5749,"આંધ્ર પ્રદેશમાં, કડપ્પા જિલ્લાના, એક નાનકડા ગામ, કોડુરુમાં, બૈરાઈટની ખાણના, એક અંતરિયાળ વિસ્તારમાં આવેલી, આ લેબમાં, ખનિજોની નિકાસ પહેલાં, તેને અહીંયા, તપાસવામાં આવતી હતી.",0,14.3,0,not_selected_by_random,,,,
5750,"કોઈએ કહ્યું કે, ગૃહસ્થી છોડીને, વૈરાગ્યનો રંગ ધારણ કરો, તો જ અઘ્યાત્મ પ્રગટે, તો બીજી બાજુ, કોઈએ એમ પણ કહ્યું કે, ગૃહસ્થ રહીને પણ, વ્યક્તિ આઘ્યાત્મિકતાની પરાકાષ્ઠા સાધી શકે.",0,13.995,0,not_selected_by_random,,,,
5751,"ભલે પૂર્વજન્મનાં કર્મોનાં ફળ ભોગવવાં પડે, પણ, માણસ સાથેસાથે, આ જન્મમાં, પુરુષાર્થ વડે, પોતાની સુસજ્જતા વધારીને, પોતાના જીવનની દિશા, બદલી શકે છે, અને, ખરાબ ફળને, ઓછું કરી શકે છે.",0,15.704,0,not_selected_by_random,,,,
5752,"બીસીએના સેક્રેટરી, સંજય પટેલે, કોચીનથી ટેલિફોનિક વાતચિતમાં જણાવ્યું હતું, કે, 'ભણિયારા ખાતે, એકસો છ વીઘા જમીનનો માત્ર રૂટિન પ્રોસિજર કરવાનો રહે છે.",0,13.248,0,not_selected_by_random,,,,
5753,"ફુકુશીમાની દુર્ઘટના પછી, બધા ન્યુક્લિયર પાવર પ્લાન્ટને, સિક્યોરિટી ચેક માટેની, સુચના આપવામાં આવી હોવા છતાં, ભારતમાં, આ દિશામાં, કોઈ સક્રિય પ્રયાસ કરવામાં નથી આવ્યા.",0,13.145,0,not_selected_by_random,,,,
5754,"અત્યાર સુધી આ પ્રશ્ન પર કેટલાય પ્રકારની, ચર્ચાઓ થતી આવી છે, પરંતુ હવે એક એવો રિસર્ચ રિપૉર્ટ આવી ગયો છે, કે જે સાબીત કરશે, કે મહિલાઓ, પુરૂષો કરતાં વધું હોંશિયાર હોય છે.",0,13.844,0,not_selected_by_random,,,,
5755,"આધારભૂત સૂત્રોના જણાવ્યા અનુસાર, બીસીએ દ્વારા, બનાવવામાં આવનાર, સ્ટેડિયમને, ક્રિકેટ નગરની ઓળખ, એટલા માટે, કે એક નગરની જેમ, સઘળી સુવિધાઓથી સજ્જ હશે.",0,13.151,0,not_selected_by_random,,,,
5756,"અત્યારની, સ્થિતિમાં, જેના અસ્તિત્ત્વનો પુરાઓ મળ્યો છે, એ ગૉડ પાર્ટિકલ ખરેખર હોય, તો પણ તેનાથી, ભગવાનને, અથવા તો, નાસ્તિકો કહે છે તેમ, ભગવાનની માન્યતાને કશો ફરક પડવાનો નથી.",0,14.522,0,not_selected_by_random,,,,
5757,"તેમના વિરોધ વચ્ચે, ફિલીપ્સ અને એએફએસએમની ટીમને, મરીબમાં આ મંદિર, તથા સાબા રાજ્ય, તેની પુત્રી શેબા સંબંધિત માહિતી મેળવવા, ખોદકામ કરવાની મંજૂરી આપી હતી.",0,14.975,0,not_selected_by_random,,,,
5758,"ઓગણીસ સો પચાસ નાં દાયકામાં, આર્થર એન્ડરસન નામનો કૃષિ વૈજ્ઞાનિક ગામા રે, તરીકે ઓળખાતાં ગમે તે ચીજોને, ભેટી શકે, તેવાં, આયોનાઈઝીંગ રેડિયેશન પર, પ્રયોગો કરતાં હતાં.",0,13.738,0,not_selected_by_random,,,,
5759,"અમેરિકામાં, ફલોરિડા ખાતે, એક ટીવી ટાવરનું છેલ્લા પચ્ચીસ વર્ષનું સર્વેક્ષણ કરતાં, એક સો નેવ્યાસી જાતિના, બેતાલીસ હજાર થી વધારે, પક્ષીઓ, મોતને ઘાટ ઉતરી ગયા હોવાનું નોંધાયેલ છે.",0,13.796,0,not_selected_by_random,,,,
5760,"શહેરી વિકાસને, વેગ બનતો બનાવવા માટે, આગામી પાંચ વર્ષમાં, અઢાર હજાર કરોડના, ખર્ચનું આયોજન કરાયું છે, રાજ્યમાં, ઝડપી વિકસી રહેલા, અમદાવાદ જેવા શહેરોના વિકાસ, વેગવાન બનશે.",0,14.233,0,not_selected_by_random,,,,
5761,"માનો યા ન માનો , પણ ચીનની સરકારે, કાર્ટૂન ચેનલો પર ચાર થી આઠ નો કરફ્યૂ લાદ્યો એ પછી, ત્યાંની નવી પેઢીમાં, ઓબેસિટી, સ્થૂળતાનું પ્રમાણ, દર્શાવતો ગ્રાફ, આજે ખાસ્સો નીચે ઊતરી આવ્યો છે.",0,15.492,0,not_selected_by_random,,,,
5762,"આટલો મોટો કેસ થયો, અને કંપનીએ દંડ ચૂકવ્યા પછી, તેના પર પાંચ વર્ષ સુધી સતત નજર રાખવામાં આવશે, એવું નક્કી થયા બાદ, કંપનીના એક પણ અધિકારીને, દોષિત ઠેરવવામાં, આવ્યો નથી.",0,15.257,0,not_selected_by_random,,,,
5763,"આ વર્ષની, ચૌઉદ મી જાન્યુવારીએ, કેરલના જંગલમાં આવેલા, શબરીમાલા મંદિરમાં, મકરસંક્રાંતિની રાત્રિએ, પ્રગટાવવામાં આવતા, પવિત્ર અગ્નિના દર્શન કરવા, લાખો લોકો ભેગા થયા હતા.",0,14.007,0,not_selected_by_random,,,,
5764,"એક ખાતે સેઝીયમ નામનો, રેડિયોએક્ટવ પદાર્થ મળી આવ્યો છે, જો કે, અધિકારીઓના મતે, સેઝીયમની ઉપસ્થિતિને કારણે, રેડીએશન થયું, હોવાનું કહી શકાય નહિ.",0,12.472,0,not_selected_by_random,,,,
5765,"પાકિસ્તાન તરફથી, એકસો વીસ ટેસ્ટ અને, ત્રણ સો અઠયાસી વન ડે રમી ચૂકેલા, ઈન્ઝમામે ઉમેર્યું હતું, કે પાકિસ્તાન ક્રિકેટ બોર્ડે, સાવ બિનજરૃરી રીતે, કેપ્ટન્સીના ઈસ્યુને, પેચિદો બનાવ્યો છે.",0,15.015,0,not_selected_by_random,,,,
5766,"બે હઝાર દસ ની સાલમાં ઉત્તર પ્રદેશના, પ્રતાપગઢમાં આવેલા, કૃપાળુ મહારાજના આશ્રમમાં, સ્ટેમ્પેડ થવાથી, ત્રેસઠ ભક્તોનાં મોત થયાં હતાં, અને આશરે સો લોકો, ગંભીર ઇજાઓ પામ્યા હતા.",0,14.928,0,not_selected_by_random,,,,
5767,"સત્યાવિસ્સો છાસઠ માં થયા, ત્રણ દેશોના, રાજદ્વારીઓ, નેવું દેશો, અને દેશના ઓગણીસ રાજયોના, પ્રતિનિધિઓ, હાજર ગુજરાત વિકાસની, સહભાગીતાનો, વિશ્વમંચ, બનવાની ક્ષમતા ધરાવે છે.",0,13.351,1,,gujarati_female_005767.wav,s a t y aa w i s s o <wb> ch a aa s a txh a <wb> m a aa q <wb> th a y a aa <wb> t a r a nx a <wb> d a ee sh a o n a aa <wb> r aa j a d w aa r ii o <wb> n a ee w a u q <wb> d a ee sh a o <wb> a n a ee <wb> d a ee sh a n a aa <wb> o g a nx a ii s a <wb> r aa j a y o n aa <wb> p r a t i n i dh i o <wb> h a aa j a r a <wb> g a u j a r a aa t a <wb> w a i k a aa s a n a ii <wb> s a h a bh aa g ii t aa n o <wb> w i sh w a m a mq c a <wb> b a n a w a aa n a ii <wb> k a sx a m a t a aa <wb> dh a r a aa w a ee <wb> ch a ee,C30 C0 C32 C38 C1 C37 C16 C30 C30 C26 <wb> C6 C0 C1 C30 C0 C35 C0 <wb> C22 C0 C1 C23 <wb> C33 C0 C38 C0 C1 <wb> C32 C0 C29 C0 C25 C0 <wb> C7 C0 C11 C31 C0 C26 C24 C0 C1 <wb> C29 C1 C17 C0 C7 C37 C1 C29 C16 C26 <wb> C24 C0 C11 C37 C0 C36 C23 <wb> C7 C0 C11 C31 C0 C26 <wb> C0 C24 C0 C11 <wb> C7 C0 C11 C31 C0 C24 C0 C1 <wb> C26 C13 C0 C25 C0 C16 C30 C0 <wb> C29 C1 C17 C0 C38 C26 C24 C1 <wb> C28 C29 C0 C32 C16 C24 C16 C8 C16 C26 <wb> C15 C0 C1 C17 C0 C29 C0 <wb> C13 C0 C36 C17 C0 C29 C0 C1 C32 C0 <wb> C37 C0 C16 C19 C0 C1 C30 C0 C24 C0 C16 <wb> C30 C0 C15 C0 C4 C1 C13 C16 C32 C1 C24 C26 <wb> C37 C16 C31 C37 C0 C22 C0 C23 C5 C0 <wb> C3 C0 C24 C0 C37 C0 C1 C24 C0 C16 <wb> C19 C0 C31 C0 C22 C0 C32 C0 C1 <wb> C8 C0 C29 C0 C1 C37 C0 C11 <wb> C6 C0 C11,train
5768,"આ પૂર્વે, એક થિયરી એવી પણ હતી, કે, આ સિન્ગ્યુલારીટી બ્લેકહોલમાં, સમાયેલી હશે, આ બ્લેક હોલ્સ વાસ્તવમાં પ્રચંડ ગુરુત્વાકર્ષણ ધરાવતા, અંતરિક્ષમાં, અવકાશમાં ઘુમતા, પદાર્થ હોય છે.",0,14.692,0,not_selected_by_random,,,,
5769,"આ વિજય દ્વારા, ભારતે ઓસ્ટ્રેલિયાને, સતત સોળ મેચો જીતવાનો, ચાલી રહેલો, ઉપક્રમ તોડયો હતો, અને, ભારતની ટીમને, ગુમાવી દીધેલો, આત્મવિશ્વાસ, પાછો અપાવ્યો હતો.",0,12.651,0,not_selected_by_random,,,,
5770,"પચ્ચીસ ડિસેમ્બર બે હજાર અગ્યાર ની, જીએસએલવીની ઉડાન, પ્રથમ તબક્કે જ નિષ્ફળ જતાં, રૂપિયા એકસો પચ્ચીસ કરોડનો સંચાર ઉપગ્રહ નષ્ટ થઇ ગયો, અને, આ યોજના પાછળનો, કુલ ખર્ચ, રૂપિયા, ત્રણસો પચ્ચીસ કરોડ એળે ગયો.",0,16.718,1,,gujarati_female_005770.wav,p a c a c a ii s a <wb> dx a i s a ee m a b a r a <wb> b a ee <wb> h a j a aa r a <wb> a g a y a aa r a <wb> n a ii <wb> j ii ee s a ee l a w ii n ii <wb> u dx aa n a <wb> p a r a th a m a <wb> t a b a k a k a ee <wb> j a <wb> n a i sx a ph a lx a <wb> j a t a aa q <wb> r a uu p a i y a aa <wb> ee k a s a o <wb> p a c a c a ii s a <wb> k a r a o dx a n a o <wb> s a q c a aa r a <wb> u p a g a r a h a <wb> n a sx tx a <wb> th a i <wb> g a y a o <wb> a n a ee <wb> aa <wb> y a o j a n a aa <wb> p a aa ch a lx a n a o <wb> k a u l a <wb> kh a r a c a <wb> r a uu p a i y a aa <wb> t a r a nx a s a o <wb> p a c a c a ii s a <wb> k a r a o dx a <wb> ee lx ee <wb> g a y a o,C28 C0 C5 C0 C5 C0 C16 C30 C0 <wb> C9 C0 C16 C30 C0 C11 C22 C0 C3 C0 C29 C0 <wb> C3 C0 C11 <wb> C15 C0 C17 C0 C1 C29 C0 <wb> C0 C13 C0 C38 C0 C1 C29 C0 <wb> C24 C0 C16 <wb> C17 C16 C11 C30 C0 C11 C21 C0 C37 C16 C24 C16 <wb> C36 C9 C1 C24 C0 <wb> C28 C0 C29 C0 C33 C0 C22 C0 <wb> C32 C0 C3 C0 C19 C0 C19 C0 C11 <wb> C17 C0 <wb> C24 C0 C16 C31 C0 C12 C0 C21 C0 <wb> C17 C0 C32 C0 C1 C23 <wb> C29 C0 C36 C28 C0 C16 C38 C0 C1 <wb> C11 C19 C0 C30 C0 C26 <wb> C28 C0 C5 C0 C5 C0 C16 C30 C0 <wb> C19 C0 C29 C0 C26 C9 C0 C24 C0 C26 <wb> C30 C0 C23 C5 C0 C1 C29 C0 <wb> C36 C28 C0 C13 C0 C29 C0 C15 C0 <wb> C24 C0 C31 C34 C0 <wb> C33 C0 C16 <wb> C13 C0 C38 C0 C26 <wb> C0 C24 C0 C11 <wb> C1 <wb> C38 C0 C26 C17 C0 C24 C0 C1 <wb> C28 C0 C1 C6 C0 C21 C0 C24 C0 C26 <wb> C19 C0 C36 C21 C0 <wb> C20 C0 C29 C0 C5 C0 <wb> C29 C0 C36 C28 C0 C16 C38 C0 C1 <wb> C32 C0 C29 C0 C25 C0 C30 C0 C26 <wb> C28 C0 C5 C0 C5 C0 C16 C30 C0 <wb> C19 C0 C29 C0 C26 C9 C0 <wb> C11 C21 C11 <wb> C13 C0 C38 C0 C26,train
5771,"શહેરના કેટલાંક સમૃદ્ધ મહાનૂભાવોએ, એક દિવસ માટે, પોતાની લક્ઝૂરિયસ એવા ગરીબોને ફરવા માટે આપી, જેમણે, તેમના જીવનમાં મજૂરી કરીને ક્યારેય પોતાનું શહેર પણ જોયું નથી.",0,14.19,0,not_selected_by_random,,,,
5772,"પરંતુ, વેપાર ઉદ્યોગ કે નોકરીમાં જ નહિ, તમે કોઈપણ ક્ષેત્રમાં હોવ, તમારે એક વસ્તુ ચોક્કસ શીખવાની છે, અને તે છે, તમારી અંદર, તમારા કાર્ય માટે, નિષ્ઠા, અને પુષ્કળ લગાવ",0,14.062,0,not_selected_by_random,,,,
5773,"ચિત્રને જોયા વગર, મનમાં જ હું કલ્પના કરું, કે મારે આ વસ્તુ તૈયાર કરવી છે, તો બસ એક કલર પેપર, અને મારા આંગળી વગરના હાથ, જાણે તે, આર્ટ પિસને તૈયાર કરવામાં, લાગી જાય છે.",0,15.015,0,not_selected_by_random,,,,
5774,"દેશના જાણીતા ચિત્રકાર, શ્રી રઝાની, આઘુનિક મોટી કલાકૃતિ, જેનું કાલ્પનિક નામ, સૌરાષ્ટ્ર રાખેલું, તે સન અઢાર સો ત્રાણું ની, કૃતિ, તાજેતરમાં, ક્રીસ્ટી સંસ્થાના, લંડનના નિલામી પ્રદર્શનમાં, આશરે રૂપિયા બે લાખ આપ્યા.",0,17.654,0,not_selected_by_random,,,,
5775,"આ સંગઠનોની ઈચ્છા છે કે, ભારતમાં, છુટાછેડાનો ઉદાર કાયદો, ત્યારે જ લાગુ કરવામાં આવે, જ્યારે, પહેલાં પિતાની સંપત્તિમાં છોકરીઓને સમાન હક આપવાની, જોગવાઈ થઈ જાય.",0,13.472,0,not_selected_by_random,,,,
5776,"એક તજજ્ઞા, જ્હોન ઓસ્ટ્રોએ, ઓગણીસો સિત્તેર ના દાયકામાં જણાવ્યું હતું, કે, થેરાપોડ ડાયનાસોર માં જ, પક્ષીઓની ઉત્ક્રાંતિ થઈ હતી, અને આર્કીઓપટેરિક્સ તેનો વિશિષ્ટ પુરાવો છે.",0,13.444,1,,gujarati_female_005776.wav,ee k a <wb> t a j a j a nj a aa <wb> j a h a o n a <wb> o s a tx a r a o ee <wb> o g a nx a ii s a o <wb> s a i t a t a ee r a <wb> n a aa <wb> d a aa y a k a aa m a aa q <wb> j a nx a aa w a y a u q <wb> h a t a u q <wb> k a ee <wb> th a ee r a aa p a o dx a <wb> dx a aa y a n a aa s a o r a <wb> m a aa q <wb> j a <wb> p a k a sx a ii o n a ii <wb> u t a k a r a aa q t a i <wb> th a ii <wb> h a t a ii <wb> a n a ee <wb> aa r a k a ii o p a tx a ee r a i k a s a <wb> t a ee n a o <wb> w a i sh a i sx a tx a <wb> p a u r a aa w a o <wb> ch a ee,C11 C19 C0 <wb> C32 C0 C17 C0 C17 C0 C24 C0 C1 <wb> C17 C0 C15 C0 C26 C24 C0 <wb> C26 C30 C0 C34 C0 C29 C0 C26 C11 <wb> C26 C13 C0 C25 C0 C16 C30 C0 C26 <wb> C30 C0 C16 C32 C0 C32 C0 C11 C29 C0 <wb> C24 C0 C1 <wb> C7 C0 C1 C38 C0 C19 C0 C1 C22 C0 C1 C23 <wb> C17 C0 C25 C0 C1 C37 C0 C38 C0 C36 C23 <wb> C15 C0 C32 C0 C36 C23 <wb> C19 C0 C11 <wb> C33 C0 C11 C29 C0 C1 C28 C0 C26 C9 C0 <wb> C9 C0 C1 C38 C0 C24 C0 C1 C30 C0 C26 C29 C0 <wb> C22 C0 C1 C23 <wb> C17 C0 <wb> C28 C0 C19 C0 C31 C0 C16 C26 C24 C0 C16 <wb> C36 C32 C0 C19 C0 C29 C0 C1 C23 C32 C0 C16 <wb> C33 C0 C16 <wb> C15 C0 C32 C0 C16 <wb> C0 C24 C0 C11 <wb> C1 C29 C0 C19 C0 C16 C26 C28 C0 C34 C0 C11 C29 C0 C16 C19 C0 C30 C0 <wb> C32 C0 C11 C24 C0 C26 <wb> C37 C0 C16 C31 C0 C16 C31 C0 C34 C0 <wb> C28 C0 C36 C29 C0 C1 C37 C0 C26 <wb> C6 C0 C11,train
5777,"માઇનસ ડિગ્રી તાપમાન , પહાડો અને નદીઓને ઓળંગીને, પદયાત્રા કરવી પડે છે, વર્ષમાં બે વાર યાત્રા કરવા છતાં પણ, રજનીકાન્તભાઈનું સ્વાસ્થ્ય, યુવાન વ્યક્તિ જેવું છે.",0,12.697,0,not_selected_by_random,,,,
5778,"આપણા સુખનો આધાર, પત્ની, પુત્ર, પુત્રી, માતા, પિતા, ભાઈ, બહેન, પડોશી, મિત્ર, સાથીદારો, વગેરે ઘણીબધી, વ્યક્તિઓ સાથેના, સંબંધ વ્યવહાર ઉપર રહેલો છે.",0,14.816,0,not_selected_by_random,,,,
5779,"કંજૂસની પેઠે, પોતાની છાયા, પોતાના પગ તળે દબાવીને જ ઊભાં હતાં , એટલે મારા પગને, છાયાનો આશ્રય, ક્યાંથી મળે ? રસ્તા પરથી ગયેલાં, પરોપકારી પશુઓએ, છાણના, પોદળા નાખ્યા હતા.",0,14.33,0,not_selected_by_random,,,,
5780,"ક્રિકેટ જગતના, સૌથી, ધનાઢ્ય બોર્ડ, બીસીસીઆઇ ની હાઇ પ્રોફાઇલ, ભારતીય ટીમ, આવતી કાલથી, શરૂ થતાં, નવા વર્ષમાં પણ, ભરચક કાર્યક્રમને, કારણે, અત્યંત વ્યસ્ત રહેશે.",0,12.535,0,not_selected_by_random,,,,
5781,"જે સ્થળે, હજારો ભક્તો, એકઠા થયાં હોય, ત્યાં, નાનકડી દુર્ઘટના, અફવાઓ ફેલાવે છે, અને, તેને કારણે, લોકોમાં ગભરાટ ફેલાઇ જતાં, તેઓ ભાન ભૂલીને, ધક્કામુક્કી કરવા લાગે છે.",0,13.876,0,not_selected_by_random,,,,
5782,"લાઇફ સાયન્સ, બાયોટેકનોલોજી, ઓન્કોલોજીના, બસ્સો થી વધુ રિસર્ચ સ્કોલર્સ, દ્વારા, કેન્સર અટકાવવાના, છેલ્લામાં છેલ્લાં સંશોધનો પર, વિચાર વિમર્શ કરાયો, અને, માહિતીની આપ લે થઇ હતી.",0,14.396,0,not_selected_by_random,,,,
5783,"જીએસકેની સામે, વર્ષ બે હજાર ચાર માં, કાનૂની ખટલો, માંડનારા, ન્યૂયોર્કના ભૂતપૂર્વ એટર્ની જનરલ, ઇલિયટ સ્વિટ્ઝરનું કહેવું છે કે , પૈસા આપીને, છૂટી જવાની વાત અયોગ્ય છે.",0,15.066,0,not_selected_by_random,,,,
5784,"એ દવાઓથી થતા લાભ, કે ગેરલાભની વાત, બાજુએ રાખીએ, તેને એટલું સમજાતું નથી, કે કુદરતે, મનુષ્યના શરીરને, મનને, નાના-મોટા આંચકા, ખમી ખાવાની, એક ત્રેવડ આપેલી જ છે.",0,15.445,0,not_selected_by_random,,,,
5785,"પાસવર્ડ સાચવવો, એ મહત્વ નું બનતું જાય છે, ઇન્ટરનેટ પર, કે શેરબજારના, ઓનલાઇન ટ્રાન્ઝેક્શન માટેના પાસવર્ડ હેકર્સ, આંચકી લેતા હોય, એવા અનેક કિસ્સાઓ, બન્યા છે, પાસવર્ડની સાચવણી મહત્વની છે.",0,15.347,0,not_selected_by_random,,,,
5786,"આંતરીક ભાગ સંપૂર્ણ નિષ્ફળ જાય, ત્યારે પણ, રેડિયેશનને બાહ્ય વાતાવરણમાં, પ્રવેશતું અટકાવવું , કંન્ટેઈનમેન્ટ સ્ટ્રકચર ની ઉપર, રિએકટર બિલ્ડીંગ, બાંધવામાં આવે છે.",0,13.107,0,not_selected_by_random,,,,
5787,"આવા સમયે, કંઈક ઓફબીટ કામ કરતી ગૃહિણીઓના, જીવનમાં ઝાંખી, કરીએ તો ખ્યાલ આવે, કે ખરેખર, એક તહેવાર પાછળ, શ્રમજીવી પરિવાર, કેટલો પરસેવો પાડે છે.",0,12.588,0,not_selected_by_random,,,,
5788,"વિજ્ઞાનીઓનું જણાવવું છે કે, બ્રહ્માંડના જન્મની થીયરી, રજૂ કરતા, પાર્ટીકલ ફિઝીક્સમાં, ખૂટતી એકમાત્ર કડી, ''હિગ્સ બોસન'', ની આ પ્રયોગમાં, ખાતરી થઈ જશે.",0,12.064,0,not_selected_by_random,,,,
5789,"જળ, જમીન, જંગલનું સરિયામ શોષણ, અને કોર્પોરેટ સાંઠગાંઠ સાથે, એમાં રાચતું આધુનિક શાસન, એમના આ ઓગણીસો બાવીસ ના શકવર્તી, નબિંધના ઉજાસમાં, સાફ દેખાઈ આવે છે.",0,14.44,0,not_selected_by_random,,,,
5790,"બોફર્સકાંડથી પ્રકાશમાં આવેલી, કેગે કોમનવેલ્થ ગેમ્સ કૌભાંડ, ટુ-જી સ્પેકટ્રમ સ્કેમ, અને, આદર્શ સોસાયટી ગોટાળા, જાહેર કરીને, મચાવી દીધો, ખળભળાટ.",0,12.199,0,not_selected_by_random,,,,
5791,"આ ઉપરાંત, તેઓ વર્ષમાં, બે વખત, પચાસ થી સાહિંઠ જેટલા, યાત્રાળુઓને લઈને, હિમાચલમાં આવેલી, સત્તર હજાર ફીટ, ઉંચુ શ્રીખંડ કૈલાસ, તથા, ઓગણીસ હજાર ફીટ ઉંચા, કિન્નર કૈલાસની યાત્રા કરે છે.",0,16.109,0,not_selected_by_random,,,,
5792,"તેમણે કહ્યું કે, સંગ્રહ શક્તિ, કોલ્ડ સ્ટોરેજ, અને, પરિવહનની સુવિધાઓના અભાવના કારણે, ભારતમાં, ફળફળાદી, અને શાકભાજીનો, અંદાજે, ચાલિસ ટકા જેટલો બગાડ થાય છે.",0,13.347,0,not_selected_by_random,,,,
5793,"છેલ્લા વર્ષોમાં ટુજી સ્પેક્ટ્રમ, કોમનવેલ્થ ગેમ્સ, કે આદર્શ હાઉસિંગ સોસાયટી કૌભાંડ, જેવા જાહેર હિતને, લગતા વર્તમાન મુદ્દે, વ્યવસ્થિત રિપોર્ટ, રજૂ કરવામાં આવ્યાં છે.",0,13.568,0,not_selected_by_random,,,,
5794,"જળાશયોની આસપાસ, નિવાસ કરતું, માટીમાંથી, માળો બનાવતું, અદભુત્ પંખી, તે તારોડિયું, ગરદન સહિત, ઉપરનો ભાગ, ઘેરા ચળકતા વાદળી રંગનો, પણ, માથું કથ્થાઈ રંગનું હોય છે.",0,14.199,0,not_selected_by_random,,,,
5795,"મહારાષ્ટ્રની નદીઓનું ખાનગીકરણ, કરવાની યોજનાઓ પાછળ, સ્પષ્ટપણે, વિશ્વ બેન્કનો, અને, પાણીનો, અબજો ડોલરનો કારોબાર ચલાવતી, મલ્ટીનેશનલ કંપનીઓનો, હાથ છે.",0,12.861,0,not_selected_by_random,,,,
5796,"બ્રહ્માંડની ઉત્પત્તિ સમયનાં, કેટલાંક રહસ્યો ઉકેલવા, અને કેટલાક સવાલોના જવાબ મેળવવા, માટે વિજ્ઞાનના નિયમોને, આધીન રહીને, ગૉડ પાર્ટિકલ, ની કલ્પના કરવામાં આવી હતી.",0,13.454,0,not_selected_by_random,,,,
5797,"પાકિસ્તાન ક્રિકેટ બોર્ડના, સૂત્રોને ટાંકીને, કેટલાક અહેવાલો જણાવે છે કે, બોર્ડના ચેરમેન, એજાઝ બટે, વર્લ્ડ કપ ટીમનું, સુકાન, આફ્રિદીને જ સોંપવાનો, નિર્ણય લઇ લીધો છે.",0,13.548,0,not_selected_by_random,,,,
5798,"સોનેરી ફૂલોનો રસ પીવા, એના પર, ઝળૂંબી રહેલા ચળકતા, જાંબુડી શક્કરખોર, જોવા મળે, ત્યારે, વિરોધી રંગભભકનું, આગવું સૌંદર્ય, પ્રગટ થાય છે.",0,12.279,0,not_selected_by_random,,,,
5799,"હાઈડ્રોજન જેવા હલકા તત્ત્વો, તારાના હાર્દમાં, સંલયન પામે, એટલે કે, થર્મોન્યૂક્લિયર પ્રક્રિયા કરે, ત્યારે, પ્રકાશ ઊર્જાના 'કણો' એવા ફોટોન ઉત્પન્ન થાય છે.",0,13.211,0,not_selected_by_random,,,,
5800,"સપનાંની સાથે સચ્ચાઈ, સમજણ, અને, સામર્થ્યનો સુયોગ, સૌને સુલભ નથી હોતો, એટલે જ, મોટાભાગના માનવીઓનું, ઈચ્છાઓના અરણ્યમાં, આથડતાં આથડતાં, આયખું આથમી જાય છે.",0,14.81,0,not_selected_by_random,,,,
5801,"આ સંજોગોમાં જેની પાસે પોતાને ત્યાં, કમ્પાઉન્ડ છે, કે, થોડી ઘણી બાગ માટેની જગ્યા, કે, ધાબાની વ્યવસ્થા છે, એવા લોકોએ, પોતાના વપરાશ માટેની, શાકભાજી, જાતે ઉગાડવાની જરૂર છે.",0,14.917,0,not_selected_by_random,,,,
5802,"એપ્રિલ બે હજાર દશ ની, જીએસએલવી, ડી ત્રણ ની ઉડાનમાં, ભારતમાં બનાવેલ, પ્રથમ ક્રાયોજેનિક એન્જીનની, બે મોટરો, દાગી નહીં, પરિણામે, તે મિશન, નિષ્ફળ ગયું હતું.",0,13.189,1,,gujarati_female_005802.wav,ee p a r a i l a <wb> b a ee <wb> h a j a aa r a <wb> d a sh a <wb> n a ii <wb> j a ii ee s a ee l a w a ii <wb> dx a ii <wb> t a r a nx a <wb> n a ii <wb> u dx a aa n a m a aa q <wb> bh a aa r a t a m a aa q <wb> b a n a aa w a ee l a <wb> p a r a th a m a <wb> k a r a aa y a o j a ee n a i k a <wb> ee n a j a ii n a n a ii <wb> b a ee <wb> m a o tx a r a o <wb> d a aa g a ii <wb> n a h a ii q <wb> p a r a i nx a aa m a ee <wb> t a ee <wb> m a i sh a n a <wb> n a i sx a ph a lx a <wb> g a y a u q <wb> h a t a u q,C11 C28 C0 C29 C0 C16 C21 C0 <wb> C3 C0 C11 <wb> C15 C0 C17 C0 C1 C29 C0 <wb> C7 C0 C31 C0 <wb> C24 C0 C16 <wb> C17 C0 C16 C11 C30 C0 C11 C21 C0 C37 C0 C16 <wb> C9 C0 C16 <wb> C32 C0 C29 C0 C25 C0 <wb> C24 C0 C16 <wb> C36 C9 C0 C1 C24 C0 C22 C0 C1 C23 <wb> C4 C0 C1 C29 C0 C32 C0 C22 C0 C1 C23 <wb> C3 C0 C24 C0 C1 C37 C0 C11 C21 C0 <wb> C28 C0 C29 C0 C33 C0 C22 C0 <wb> C19 C0 C29 C0 C1 C38 C0 C26 C17 C0 C11 C24 C0 C16 C19 C0 <wb> C11 C24 C0 C17 C0 C16 C24 C0 C24 C0 C16 <wb> C3 C0 C11 <wb> C22 C0 C26 C34 C0 C29 C0 C26 <wb> C7 C0 C1 C13 C0 C16 <wb> C24 C0 C15 C0 C16 C23 <wb> C28 C0 C29 C0 C16 C25 C0 C1 C22 C0 C11 <wb> C32 C0 C11 <wb> C22 C0 C16 C31 C0 C24 C0 <wb> C24 C0 C16 C31 C0 C12 C0 C21 C0 <wb> C13 C0 C38 C0 C36 C23 <wb> C15 C0 C32 C0 C36 C23,train
5803,"ઓગણિસો નેવું ની, મૂળ ફિલ્મના, ડેની ડેન્ઝોંગપ્પાએ, વિલનના અભિનયમાં, દેખાડેલી, ક્રૂરતાથી વધુ ક્રૂરતા દેખાડવા, માટે સંજયે, તેની સામાન્ય સાઇઝથી, ત્રણ ગણા, બાવડા વધારવા પડયા હતા.",0,14.847,0,not_selected_by_random,,,,
5804,"શ્રી મુંબઈ જૈન યુવક સંઘના ઉપક્રમે, ચર્ચગેટના, પાટકર સભાગૃહમાં, આયોજિત પહેલવહેલી, ‘ગૌતમ કથા’ રજૂ કરતા, ‘ગુજરાત સમાચાર’ના, પ્રતિષ્ઠિત કટારલેખક, ડોક્ટર અલય બેંકર, હાજર હતાં.",0,14.42,1,,gujarati_female_005804.wav,sh a r a ii <wb> m a u q b a ii <wb> j a ei n a <wb> y a u w a k a <wb> s a q gh a n a aa <wb> u p a k a r a m a ee <wb> c a r a c a g a ee tx a n a aa <wb> p a aa tx a k a r a <wb> s a bh a aa g a h a m a aa q <wb> aa y a o j a i t a <wb> p a h a ee l a w a h a ee l a ii <wb> g ou t a m a <wb> k a th aa <wb> r a j a uu <wb> k a r a t a aa <wb> g u j a r aa t a <wb> s a m aa c aa r a n aa <wb> p a r a t a i sx a txh a i t a <wb> k a tx a aa r a l a ee kh a k a <wb> dx a o k a tx a r a <wb> a l a y a <wb> b a ee q k a r a <wb> h a aa j a r a <wb> h a t a aa q,C31 C0 C29 C0 C16 <wb> C22 C0 C36 C23 C3 C0 C16 <wb> C17 C0 C2 C24 C0 <wb> C38 C0 C36 C37 C0 C19 C0 <wb> C30 C0 C23 C14 C0 C24 C0 C1 <wb> C36 C28 C0 C19 C0 C29 C0 C22 C0 C11 <wb> C5 C0 C29 C0 C5 C0 C13 C0 C11 C34 C0 C24 C0 C1 <wb> C28 C0 C1 C34 C0 C19 C0 C29 C0 <wb> C30 C0 C4 C0 C1 C13 C0 C15 C0 C22 C0 C1 C23 <wb> C1 C38 C0 C26 C17 C0 C16 C32 C0 <wb> C28 C0 C15 C0 C11 C21 C0 C37 C0 C15 C0 C11 C21 C0 C16 <wb> C13 C27 C32 C0 C22 C0 <wb> C19 C0 C33 C1 <wb> C29 C0 C17 C0 C36 <wb> C19 C0 C29 C0 C32 C0 C1 <wb> C13 C36 C17 C0 C29 C1 C32 C0 <wb> C30 C0 C22 C1 C5 C1 C29 C0 C24 C1 <wb> C28 C0 C29 C0 C32 C0 C16 C31 C0 C35 C0 C16 C32 C0 <wb> C19 C0 C34 C0 C1 C29 C0 C21 C0 C11 C20 C0 C19 C0 <wb> C9 C0 C26 C19 C0 C34 C0 C29 C0 <wb> C0 C21 C0 C38 C0 <wb> C3 C0 C11 C23 C19 C0 C29 C0 <wb> C15 C0 C1 C17 C0 C29 C0 <wb> C15 C0 C32 C0 C1 C23,train
5805,"સ્પેશ્યલ ફોર્સિઝને, દુર્ગમ પરિસ્થિતિમાં, દિવસો સુધી, ખાધા-પીધા, વિના ટકી રહેવાની, અને, જરુર પડે, ત્યાં રહેલા, નાના પ્રાણીઓ, અને વનસ્પતિને આરોગી, ટકી રહેવાની તાલીમ મળી હોય છે.",0,14.645,0,not_selected_by_random,,,,
5806,"ખાસકરીને, એશિયા અને આફ્રિકામાં, જમીન અધિગ્રહણની, આ લહેરે, ખેડૂતોના હક્ક, અને, ખાદ્ય સુરક્ષા સાથે, જોડાયેલી ચિંતાઓમાં, વધારો કર્યો છે.",0,11.369,0,not_selected_by_random,,,,
5807,"એમના માટે રચાયેલા, એક પ્રશસ્તી ગીતમાં, કવિ નોંધે છે કે, બાળકો માંદા પડે, ત્યારે લોકો તેમને સાજા કરવા માટે, નવાબ મહાબતખાનજીના ખોળામાં, લોટાડવાની માનતા માનતા.",0,14.025,1,,gujarati_female_005807.wav,ee m a n a aa <wb> m a aa tx a ee <wb> r a c a aa y a ee l a aa <wb> ee k a <wb> p a r a sh a s a t a ii <wb> g a ii t a m a aa q <wb> k a w a i <wb> n a o q dh a ee <wb> ch a ee <wb> k a ee <wb> b a aa lx a k a o <wb> m a aa q d a aa <wb> p a dx a ee <wb> t a y a aa r a ee <wb> l a o k a o <wb> t a ee m a n a ee <wb> s a aa j a aa <wb> k a r a w a aa <wb> m a aa tx a ee <wb> n a w a aa b a <wb> m a h a aa b a t a kh a aa n a j a ii n a aa <wb> kh a o lx a aa m a aa q <wb> l a o tx a aa dx a w a aa n a ii <wb> m a aa n a t a aa <wb> m a aa n a t a aa,C11 C22 C0 C24 C0 C1 <wb> C22 C0 C1 C34 C0 C11 <wb> C29 C0 C5 C0 C1 C38 C0 C11 C21 C0 C1 <wb> C11 C19 C0 <wb> C28 C0 C29 C0 C31 C0 C30 C0 C32 C0 C16 <wb> C13 C0 C16 C32 C0 C22 C0 C1 C23 <wb> C19 C0 C37 C0 C16 <wb> C24 C0 C26 C23 C8 C0 C11 <wb> C6 C0 C11 <wb> C19 C0 C11 <wb> C3 C0 C1 C21 C0 C19 C0 C26 <wb> C22 C0 C1 C23 C7 C0 C1 <wb> C28 C0 C9 C0 C11 <wb> C32 C0 C38 C0 C1 C29 C0 C11 <wb> C21 C0 C26 C19 C0 C26 <wb> C32 C0 C11 C22 C0 C24 C0 C11 <wb> C30 C0 C1 C17 C0 C1 <wb> C19 C0 C29 C0 C37 C0 C1 <wb> C22 C0 C1 C34 C0 C11 <wb> C24 C0 C37 C0 C1 C3 C0 <wb> C22 C0 C15 C0 C1 C3 C0 C32 C0 C20 C0 C1 C24 C0 C17 C0 C16 C24 C0 C1 <wb> C20 C0 C26 C21 C0 C1 C22 C0 C1 C23 <wb> C21 C0 C26 C34 C0 C1 C9 C0 C37 C0 C1 C24 C0 C16 <wb> C22 C0 C1 C24 C0 C32 C0 C1 <wb> C22 C0 C1 C24 C0 C32 C0 C1,train
5808,"ભારતમાં, કચ્છ સહિત ગુજરાતનો કેટલોક વિસ્તાર, તથા, રાજસ્થાન, હરિયાણા, ઉત્તર પ્રદેશ, દિલ્હી, પંજાબ, ઉત્તરાખંડ, હિમાચલ પ્રદેશ અને જમ્મુ-કાશ્મીર પર, ચંદ્રનો પડછાયો પડશે.",0,16.126,0,not_selected_by_random,,,,
5809,"આથી, 'ઝિંદગી ના મિલેગી દોબારા' થી, 'અગ્નિપથ' દરમિયાન, હૃતિકની છાતીનું માપ, વિસ થી પિસ્તાલિસ ઇંચ પર, પહોંચી ગયું હતું, અને, તેના બાવડાનો ઘેરાવો, સોળ થી અઢાર ઇંચ પર, પહોંચ્યો હતો.",0,14.86,0,not_selected_by_random,,,,
5810,"ઈશ્વર સુધી પહોંચવા માંગતા, માનવીના અનેક વૈજ્ઞાનિક પ્રયોગ પછી, ઈશ્વર સાથેના, તાદાત્મ્ય સાધવામાં, છેલ્લા અઢાર માસના, વિશ્વભરના, વૈજ્ઞાનિકોની અથાક્ મથામણને, સફળતા મળી છે.",0,15.35,0,not_selected_by_random,,,,
5811,"આવી પરિસ્થિતિ, આપણા જીવનમાં, ન સર્જાઇ જાય, અને, આપણું જીવન, બરબાદ ન થઇ જાય, એટલા માટે, શ્રી સ્વામિનારાયણ ભગવાને, શિક્ષાપત્રીના, છત્રીસ માં શ્લોક માં, લાલબત્તી ધરી છે.",0,15.82,0,not_selected_by_random,,,,
5812,"ન્યુક્લીયર, નાભીકીય, ફયુઅલ, ઇંધણો માંથી, પેદા થતી ઊર્જા, અને, ગરમીથી પાણી ઉકળે છે, અને તેમાંથી પેદા થતી વરાળ, ટર્બાઈન ફેરવીને, ઇલેકટ્રીસીટી પેદા કરે છે.",0,13.651,0,not_selected_by_random,,,,
5813,"શિરડીમાં ભાજપ પ્રમુખ, રાજેન્દ્ર ગોંડકર, અને સામાજિક કાર્યકર, સંદિપ કુલકર્ણી દ્વારા, ટ્રસ્ટ દ્વારા, દાખલ કરાયેલી અરજી પર, પગલાં લઇને, કોર્ટે આ આદેશ, આપ્યો હતો.",0,13.973,0,not_selected_by_random,,,,
5814,"અજરામની પત્નીને, અજરામની આવી પ્રતિજ્ઞા સાંભળીને, હસુ આવ્યું, પરંતુ, તેણે મનમાં વિચારીને કહ્યું:, ભલે, જીવનમાં કશોય ધ્યેય ન હોય, એના કરતાં, કંઈક પણ ધ્યેય, હોય એ સારું છે.",0,14.703,0,not_selected_by_random,,,,
5815,"સ્વિઝરલેન્ડની બેંકે આપેલા, આંકડા અનુસાર, સ્વિસ બેંકોમાં, જમા કરવામાં આવેલા, નાણા પૈકીના, અર્ધા નાણા, ગત ત્રણ વર્ષ દરમ્યાન, અન્ય દેશોમાં, ખસેડી લેવાયા છે.",0,13.606,0,not_selected_by_random,,,,
5816,"જે કામો આપણા શરીરની ઉર્જા આસાનીથી લઈ શકે, એવા અનેક કામો, આજે આપણે, યંત્રો પાસે કરાવીએ છીએ, અને, બાહ્ય ઉર્જાનો વપરાશ, તદ્દન બિનજરુરી રીતે, વધારતા જઈએ છીએ.",0,14.731,0,not_selected_by_random,,,,
5817,"આવી સ્થિતિમાં, આત્મનિરીક્ષણ કરી, હૃદયવ્યાપાર અને, મનોવ્યાપારમાં, ઉચિત ફેરફારો દ્વારા, સમગ્ર જીવનના, સંજોગો, અને, વિષમ પરિસ્થિતિને, પલટાવવાં, શક્ય છે.",0,12.098,1,,gujarati_female_005817.wav,aa w a ii <wb> s a th a i t a i m a aa q <wb> aa t a m a n a i r a ii k a sx a nx a <wb> k a r a ii <wb> h a d a y a w a y a aa p a aa r a <wb> a n a ee <wb> m a n a o w a y a aa p a aa r a m a aa q <wb> u c a i t a <wb> ph a ee r a ph a aa r a o <wb> d a w a aa r a aa <wb> s a m a g a r a <wb> j a ii w a n a n a aa <wb> s a q j a o g a o <wb> a n a ee <wb> w a i sx a m a <wb> p a r a i s a th a i t a i n a ee <wb> p a l a tx a aa w a w a aa q <wb> sh a k a y a <wb> ch a ee,C1 C37 C0 C16 <wb> C30 C0 C33 C0 C16 C32 C0 C16 C22 C0 C1 C23 <wb> C1 C32 C0 C22 C0 C24 C0 C16 C29 C0 C16 C19 C0 C31 C0 C25 C0 <wb> C19 C0 C29 C0 C16 <wb> C15 C0 C7 C0 C38 C0 C37 C0 C38 C0 C1 C28 C0 C1 C29 C0 <wb> C0 C24 C0 C11 <wb> C22 C0 C24 C0 C26 C37 C0 C38 C0 C1 C28 C0 C1 C29 C0 C22 C0 C1 C23 <wb> C36 C5 C0 C16 C32 C0 <wb> C12 C0 C11 C29 C0 C12 C0 C1 C29 C0 C26 <wb> C7 C0 C37 C0 C1 C29 C0 C1 <wb> C30 C0 C22 C0 C13 C0 C29 C0 <wb> C17 C0 C16 C37 C0 C24 C0 C24 C0 C1 <wb> C30 C0 C23 C17 C0 C26 C13 C0 C26 <wb> C0 C24 C0 C11 <wb> C37 C0 C16 C31 C0 C22 C0 <wb> C28 C0 C29 C0 C16 C30 C0 C33 C0 C16 C32 C0 C16 C24 C0 C11 <wb> C28 C0 C21 C0 C34 C0 C1 C37 C0 C37 C0 C1 C23 <wb> C31 C0 C19 C0 C38 C0 <wb> C6 C0 C11,train
5818,"ઈંગ્લેન્ડ વતન પરત ફરે, તે સમય એટલે કે, ત્રેવીસ ડિસેમ્બરથી, દસ જાન્યુવારી દરમિયાન, ભારત, અને પાકિસ્તાન વચ્ચે, ક્રિકેટ શ્રેણી, રમાવવાની સંભાવના છે.",0,11.698,0,not_selected_by_random,,,,
5819,"સૌથી ચિંતાજનક વાત તો એ છે કે, મોટાભાગના લોકોને, એ વાતની પણ ખબર નથી, કે જો, ન્યુક્લિયર પાવર પ્લાન્ટમાંથી, વિકીરણો ઉત્સર્જિત થાય, તો પ્રાથમિક પગલાં, શું લેવા જોઈએ?.",0,13.9,0,not_selected_by_random,,,,
5820,"તાજેતરની ક્રિકેટ સિરીઝોમાં, ભારતની ટીમે, એક પછી એક, ધબડકાઓ કર્યા, ત્યારબાદ, ક્રિકેટ પ્રેમીઓમાં માંગણી ઉઠી હતી કે, સચિન તેંડુલકર , રાહુલ દ્રવિડ, અને, વી. વી. એસ. લક્ષ્મણને, રમાડવાના જોઈએ.",0,15.83,0,not_selected_by_random,,,,
5821,"વાંકાનેર પાસેના, જડેશ્વર મંદિર, જસદણ પાસેના, ઘેલા સોમનાથ મંદિરે પણ, ઓંમ નમઃ શિવાયના, નાદ સાથે, ભાવિકો ઉમટી પડશે, શિવાલયોમાં આજે ભાવભક્તિની, હેલી જોવા મળશે.",0,15.53,0,not_selected_by_random,,,,
5822,"આ કણ, લગભગ પ્રકાશ જેટલી ઝડપે દોડતા, સામસામે અથડાતા, આ અથડામણને, પરિણામે, બ્રહ્માંડના જન્મ વખતે, જેવું વાદળ સર્જાયું હતું, તેવું, બીગબેન્ગ જેવો ધડાકો, થયો હતો.",0,13.886,1,,gujarati_female_005822.wav,aa <wb> k a nx a <wb> l a g a bh a g a <wb> p a r a k a aa sh a <wb> j a ee tx a l a ii <wb> jh a dx a p a ee <wb> d a o dx a t a aa <wb> s a aa m a s a aa m a ee <wb> a th a dx a aa t a aa <wb> aa <wb> a th a dx a aa m a nx a n a ee <wb> p a r a i nx a aa m a ee <wb> b a r a h a m a aa q dx a n a aa <wb> j a n a m a <wb> w a kh a t a ee <wb> j a ee w a u q <wb> w a aa d a lx a <wb> s a r a j a aa y a u q <wb> h a t a u q <wb> t a ee w a u q <wb> b a ii g a b a ee n a g a <wb> j a ee w a o <wb> dh a dx a aa k a o <wb> th a y a o <wb> h a t a o,C1 <wb> C19 C0 C25 C0 <wb> C21 C0 C13 C0 C4 C0 C13 C0 <wb> C28 C0 C29 C0 C19 C0 C1 C31 C0 <wb> C17 C0 C11 C34 C0 C21 C0 C16 <wb> C18 C0 C9 C0 C28 C0 C11 <wb> C7 C0 C26 C9 C0 C32 C0 C1 <wb> C30 C0 C1 C22 C0 C30 C0 C1 C22 C0 C11 <wb> C0 C33 C0 C9 C0 C1 C32 C0 C1 <wb> C1 <wb> C0 C33 C0 C9 C0 C1 C22 C0 C25 C0 C24 C0 C11 <wb> C28 C0 C29 C0 C16 C25 C0 C1 C22 C0 C11 <wb> C3 C0 C29 C0 C15 C0 C22 C0 C1 C23 C9 C0 C24 C0 C1 <wb> C17 C0 C24 C0 C22 C0 <wb> C37 C0 C20 C0 C32 C0 C11 <wb> C17 C0 C11 C37 C0 C36 C23 <wb> C37 C0 C1 C7 C0 C21 C0 <wb> C30 C0 C29 C0 C17 C0 C1 C38 C0 C36 C23 <wb> C15 C0 C32 C0 C36 C23 <wb> C32 C0 C11 C37 C0 C36 C23 <wb> C3 C0 C16 C13 C0 C3 C0 C11 C24 C0 C13 C0 <wb> C17 C0 C11 C37 C0 C26 <wb> C8 C0 C9 C0 C1 C19 C0 C26 <wb> C33 C0 C38 C0 C26 <wb> C15 C0 C32 C0 C26,train
5823,"ભારતમાં શહેરીકરણની પ્રક્રિયા, યોગ્ય રીતે, થઈ શકે એ માટે, એમજીઆઇના, અહેવાલમાં, ફન્ડિંગ, ગવર્નન્સ, અને પ્લાનિંગના મુદ્દા પર, ભાર મુકવામાં, આવ્યો છે.",0,13.0,0,not_selected_by_random,,,,
5824,"અગાઉ માત્ર, સાત વર્ષની ઉંમરે, અવનિ ઉરણથી, મુંબઈના ગૅટ વે ઓફ ઇન્ડિયાનું, બાર માઈલ્સનું અંતર પણ, વિક્રમ સમયમાં, કાપીને વિજેતા બની હતી.",0,11.349,0,not_selected_by_random,,,,
5825,"આ પ્રકારની સોગંધમાં, બંધાયેલો પત્રકાર, ફિલ્મ જોયા બાદ, પોતાના મિત્ર સાથે, વાત કરતો, કે, એસએમએસ મોકલી પણ દે, કેમ કે, આ પ્રકારની, સોગંધ નું આવું પાલન, શક્ય નથી.",0,13.879,0,not_selected_by_random,,,,
5826,"અમે કોઈ ઘરનું, ઓછામાં ઓછું માસિક ભાડું, કચ્છના, નખત્રાણા ગામમાં, પાંચેક રૂપિયા ભર્યું હશે, વધારેમાં વધારે, ભાડું બ્રેકનેલમાં, હૂંડિયામણના દર પ્રમાણે, ઓગણપચાસ હજાર રૂપિયા, ભર્યું છે.",0,15.686,0,not_selected_by_random,,,,
5827,"આ જ કારણે ,યોજના પંચના ઉપાધ્યક્ષ, મોન્ટેકસિંહ અહલુવાલિયા, નેશનલ રુરલ એમ્પ્લોયમેન્ટ ગેરેન્ટી સ્કીમમાં, ફુગાવો ખમી શકે, તેવું વેતન ઇચ્છે છે.",0,12.353,0,not_selected_by_random,,,,
5828,"હકીકતમાં, વિકાસશીલ દેશોના, વધતા જતા પ્રભાવને ફળસ્વરૂપે, આઈ એમ એફ માં, તેમની ભાગીદારી સંબંધિત, સુધારાની માગણીને, પણ સ્વીકારી લેવાઈ છે.",0,12.655,0,not_selected_by_random,,,,
5829,"આ અંગે, પ્રહલાદભાઇ નાઇ કહે છે કે, વર્લ્ડ કપ ફાઇનલ મેચના, માનમાં અમે, કાલની કમાણી, અમદાવાદના ક્રિકેટ પ્રેમીઓ પાછળ, વાપરવાનો નિર્ણય કર્યો છે.",0,12.156,0,not_selected_by_random,,,,
5830,"વેરાવળના, એક ખૂન કેસના છાંટા, મહાબતખાનજીના બાળસખા, અને, સહઅભ્યાસી, એવા દિવાન, મહંમદભાઈ શેખને ઉડતા, તેમને દિવાનપદેથી, રાતોરાત રૂખસદ આપી દીધી.",0,13.826,0,not_selected_by_random,,,,
5831,"સિંઘના મત પ્રમાણે ડાયેટરી, ફાયટોકેમિકલ્સ પરનાં, સંશોધનો, કેન્સરને શરૂઆતના તબક્કામાં જ, પકડીને, તેને આગળ વધતું, અટકાવવામાં, મદદરૂપ થશે.",0,12.115,0,not_selected_by_random,,,,
5832,"ખરતાં અને ખીલતાં વૃક્ષો, કશુંક રહસ્ય ઊઘાડતાં રહે છે, જો આદમી, ઈન્દ્રિયજડ ન હોય, તો વૃક્ષો પ્રત્યેક ઋતુમાં, જે અલગ સંદેશો લાવે છે, એ સાંભળવા, ઉત્સુક થઈ જતો હોય છે.",0,14.546,0,not_selected_by_random,,,,
5833,"અમેરિકાના, જે કમાન્ડોએ, ઓસામા બિન લાદેનનો, ઘાત કર્યો , તે બધા સલામત રીતે, પોતાના જહાજ પર, પાછા ફર્યા, તે બતાવે છે કે, તેઓ, હાઈટેકથી, સુરક્ષિત હતા.",0,12.667,0,not_selected_by_random,,,,
5834,"આ જંગલોમાં આવેલા, કારુલ, અમ્માવયલ, અંભેકર અને કુરીચિયાડ જેવા ગામડાંઓ, પ્રતિકૂળ આબોહવા, જંગલી જાનવરોનો ભય, અને, અસ્થિર પરિસ્થિતિથી, ઘેરાયેલા હોય છે.",0,14.169,0,not_selected_by_random,,,,
5835,"પૃથ્વીના નિરવધિ, પટ પર ઊભેલાં, આ વૃક્ષો, વિશાળ શતરંજફલક પર, મૂકાયેલાં પ્યાદાં જેવાં લાગે છે , શૃંગેથી તમે, એમને જોયાં હશે, તો આ વાત, ઝટ સમજાઈ જશે.",0,12.5,0,not_selected_by_random,,,,
5836,"આ ઋતુમાં, જમીનથી, બે પાચ મીટરની ઊંચાઈ પર, ઝાડની મજબૂત ડાળી પર, કે, ગીચ ઝાડીઓમાં, ઘાસના ઝીણાં તણખલા, અને રેષાઓ ગૂંથીને, કપ જેવો, સુંદર માળો બનાવે છે.",0,14.188,0,not_selected_by_random,,,,
5837,"આ ટેકનોલોજીના રોકેટના, ક્રાયોજેનિક એન્જીન સિવાય પણ, સુપર કોમ્પ્યુટર ક્ષેત્રે , સુપર કન્ડકટીવીટી, અનિવાહકતા ક્ષેત્રે , હોસ્પિટલમાં, શસ્ત્રક્રિયા ક્ષેત્રે, વગેરેમાં, ઉપયોગો છે.",0,13.468,1,,gujarati_female_005837.wav,aa <wb> tx a ee k a n a o l a o j a ii n a aa <wb> r a o k a ee tx a n a aa <wb> k a r a aa y a o j a ee n a i k a <wb> ee n a j a ii n a <wb> s a i w a aa y a <wb> p a nx a <wb> s a u p a r a <wb> k a o m a p a y a u tx a r a <wb> k a sx a ee t a r a ee <wb> s a u p a r a <wb> k a n a dx a k a tx a ii w a ii tx a ii <wb> a n a i w a aa h a k a t a aa <wb> k a sx a ee t a r a ee <wb> h a o s a p a i tx a l a m a aa q <wb> sh a s a t a r a k a r a i y a aa <wb> k a sx a ee t a r a ee <wb> w a g a ee r a ee m a aa q <wb> u p a y a o g a o <wb> ch a ee,C1 <wb> C34 C0 C11 C19 C0 C24 C0 C26 C21 C0 C26 C17 C0 C16 C24 C0 C1 <wb> C29 C0 C26 C19 C0 C11 C34 C0 C24 C0 C1 <wb> C19 C0 C29 C0 C1 C38 C0 C26 C17 C0 C11 C24 C0 C16 C19 C0 <wb> C11 C24 C0 C17 C0 C16 C24 C0 <wb> C30 C0 C16 C37 C0 C1 C38 C0 <wb> C28 C0 C25 C0 <wb> C30 C0 C36 C28 C0 C29 C0 <wb> C19 C0 C26 C22 C0 C28 C0 C38 C0 C36 C34 C0 C29 C0 <wb> C19 C0 C31 C0 C11 C32 C0 C29 C0 C11 <wb> C30 C0 C36 C28 C0 C29 C0 <wb> C19 C0 C24 C0 C9 C0 C19 C0 C34 C0 C16 C37 C0 C16 C34 C0 C16 <wb> C0 C24 C0 C16 C37 C0 C1 C15 C0 C19 C0 C32 C0 C1 <wb> C19 C0 C31 C0 C11 C32 C0 C29 C0 C11 <wb> C15 C0 C26 C30 C0 C28 C0 C16 C34 C0 C21 C0 C22 C0 C1 C23 <wb> C31 C0 C30 C0 C32 C0 C29 C0 C19 C0 C29 C0 C16 C38 C0 C1 <wb> C19 C0 C31 C0 C11 C32 C0 C29 C0 C11 <wb> C37 C0 C13 C0 C11 C29 C0 C11 C22 C0 C1 C23 <wb> C36 C28 C0 C38 C0 C26 C13 C0 C26 <wb> C6 C0 C11,test
5838,"વિદેશોમાં કાળુંધન જમા કરાવનારા, લોકો પર, ન્યાયતંત્રના, સતત તંગ બની રહેલા ફેંસલા, અને, રાજકીય પક્ષો દ્વારા, સતત વ્યક્ત કરવામાં આવી રહેલા, ઉગ્ર રોષને, કારણે તેમને, ઘણું નુકસાન થયું હતું.",0,15.41,0,not_selected_by_random,,,,
5839,"અદાલતે ઠરાવ્યું છે કે, યુનિઅન કાર્બાઇડ ઇન્ડિયાનો હવાલો, સ્વતંત્ર હતો, અને તેની કામગીરીની જવાબદારી, અમેરિકા સ્થિત યુનિઅન કાર્બાઇડના, માથે ઢોળી શકાય નહીં.",0,13.09,0,not_selected_by_random,,,,
5840,"તે સમયે જ બરાબર ઘોડાગાડીમાં, એક અમીર આવ્યો , અને બોલ્યો:, વૈદોત્તમ, તમે જેટલી પણ રકમ લેવા ઈચ્છો, તેટલી આપીશ , પણ, પહેલા મારા રોગની દવા કરો.",0,11.082,0,not_selected_by_random,,,,
5841,"અત્યંત ઠંડુ વાતાવરણ, અંતરીક્ષ અને સતત રેડિયેશનમાં રહેલ, ખડકોનાં સેમ્પલ, પાછાં પૃથ્વી પર, લાવવામાં આવ્યા, ત્યારે, કેટલાંક સુક્ષ્મ જીવ, ટકી ગયા, અને બચી ગયા હતા.",0,12.539,1,,gujarati_female_005841.wav,a t a y a q t a <wb> txh a q dx a u <wb> w a aa t a aa w a r a nx a <wb> a q t a r a ii k a sx a <wb> a n a ee <wb> s a t a t a <wb> r a ee dx a i y a ee sh a n a m a aa q <wb> r a h a ee l a <wb> kh a dx a k a o n a aa q <wb> s a ee m a p a l a <wb> p a aa ch a aa q <wb> p a th a w a ii <wb> p a r a <wb> l a aa w a w a aa m a aa q <wb> aa w a y a aa <wb> t a y a aa r a ee <wb> k a ee tx a l a aa q k a <wb> s a u k a sx a m a <wb> j a ii w a <wb> tx a k a ii <wb> g a y a aa <wb> a n a ee <wb> b a c a ii <wb> g a y a aa <wb> h a t a aa,C0 C32 C0 C38 C0 C23 C32 C0 <wb> C35 C0 C23 C9 C0 C36 <wb> C37 C0 C1 C32 C0 C1 C37 C0 C29 C0 C25 C0 <wb> C0 C23 C32 C0 C29 C0 C16 C19 C0 C31 C0 <wb> C0 C24 C0 C11 <wb> C30 C0 C32 C0 C32 C0 <wb> C29 C0 C11 C9 C0 C16 C38 C0 C11 C31 C0 C24 C0 C22 C0 C1 C23 <wb> C29 C0 C15 C0 C11 C21 C0 <wb> C20 C0 C9 C0 C19 C0 C26 C24 C0 C1 C23 <wb> C30 C0 C11 C22 C0 C28 C0 C21 C0 <wb> C28 C0 C1 C6 C0 C1 C23 <wb> C28 C0 C33 C0 C37 C0 C16 <wb> C28 C0 C29 C0 <wb> C21 C0 C1 C37 C0 C37 C0 C1 C22 C0 C1 C23 <wb> C1 C37 C0 C38 C0 C1 <wb> C32 C0 C38 C0 C1 C29 C0 C11 <wb> C19 C0 C11 C34 C0 C21 C0 C1 C23 C19 C0 <wb> C30 C0 C36 C19 C0 C31 C0 C22 C0 <wb> C17 C0 C16 C37 C0 <wb> C34 C0 C19 C0 C16 <wb> C13 C0 C38 C0 C1 <wb> C0 C24 C0 C11 <wb> C3 C0 C5 C0 C16 <wb> C13 C0 C38 C0 C1 <wb> C15 C0 C32 C0 C1,train
5842,"વેદથી વિવેકાનંદ, અને ઉપનિષદથી ઉપગ્રહ, સુધીની મહાન વિરાસત ધરાવતાં, ભારતમાં કુલ વસતિના, બોત્તેર ટકા, તો ચાલીસ વર્ષથી, ઓછી ઉમરની, યુવાપેઢી છે.",0,12.847,0,not_selected_by_random,,,,
5843,"આ સંસ્થા દ્વારા, મહત્ત્વના ન્યુક્લિયર પાવર પ્લાન્ટની નજીક, પેરામિલીટરી ફોર્સની, દસ બટાલિયન ધરાવતી, નેશનલ ડિઝાસ્ટર રિસ્પોન્સ ફોર્સ, રાખવામાં આવી છે.",0,12.421,0,not_selected_by_random,,,,
5844,"ધોળેશ્વર મહાદેવ મંદિર, અને, પંચનાથ મહાદેવ મંદિરમાં, શ્રાવણના પ્રથમ સોમવારને, અનુલક્ષીને, દિવ્ય શણગાર કરાયા છે, તથા, વિવિધ ધાર્મિક કાર્યક્રમો યોજાશે.",0,13.188,0,not_selected_by_random,,,,
5845,"બાપુ સાહેબ, ગાયકવાડ, શ્રીમંત સરકાર સમક્ષ, ભક્તિના પદો, એવા તપ ભાવથી સંભળાવતા, કે, તેની બધી બેદરકારી, એ જ ક્ષણે, માફ થઈ જતી હતી.",0,12.799,0,not_selected_by_random,,,,
5846,"આવતા પાંચ વર્ષમાં, એવી પ્રયુક્તિ તૈયાર કરી શકાશે, જે, પરંપરાગત ફોટોવોલ્ટેક સેલ, જે માત્ર વિસ ટકા જ સૂર્યપ્રકાશનું, પ્રગ્રહણ કરે છે, તે હવે, ચાલિસ ટકા, પ્રગ્રહણ કરી સકશે.",0,15.119,0,not_selected_by_random,,,,
5847,"એ જાણીને આશ્ચર્ય થાય છે, કે ગ્રેફાઇટ, કે પેન્સિલની અણીમાં વપરાય છે, અને, તે મૃદુ હોવાથી, તેમાંથી લખી શકાય છે, તે, અને કઠણમાં કઠણ વસ્તુને, કાપી નાખતો હિરો, એક જ પદાર્થ છે.",0,16.35,0,not_selected_by_random,,,,
5848,"ભુજ કાયમ માટે છોડીને, અમદાવાદ આવ્યાં, તો એક સહકાર્યકર્તાએ, એના વિદેશમાં વસતા, સગાનો બંગલો સચવાય, તે હેતુથી, અમને, એમ ને એમ, વાપરવા આપી દીધો.",0,13.932,1,,gujarati_female_005848.wav,bh a u j a <wb> k a aa y a m a <wb> m a aa tx a ee <wb> ch a o dx a ii n a ee <wb> a m a d a aa w a aa d a <wb> aa w a y a aa q <wb> t a o <wb> ee k a <wb> s a h a k a aa r a y a k a r a t a aa ee <wb> ee n a aa <wb> w a i d a ee sh a m a aa q <wb> w a s a t a aa <wb> s a g a aa n a o <wb> b a q g a l a o <wb> s a c a w a aa y a <wb> t a ee <wb> h a ee t a u th a ii <wb> a m a n a ee <wb> ee m a <wb> n a ee <wb> ee m a <wb> w a aa p a r a w a aa <wb> aa p a ii <wb> d a ii dh a o,C4 C0 C36 C17 C0 <wb> C19 C0 C1 C38 C0 C22 C0 <wb> C22 C0 C1 C34 C0 C11 <wb> C6 C0 C26 C9 C0 C16 C24 C0 C11 <wb> C0 C22 C0 C7 C0 C1 C37 C0 C1 C7 C0 <wb> C1 C37 C0 C38 C0 C1 C23 <wb> C32 C0 C26 <wb> C11 C19 C0 <wb> C30 C0 C15 C0 C19 C0 C1 C29 C0 C38 C0 C19 C0 C29 C0 C32 C0 C1 C11 <wb> C11 C24 C0 C1 <wb> C37 C0 C16 C7 C0 C11 C31 C0 C22 C0 C1 C23 <wb> C37 C0 C30 C0 C32 C0 C1 <wb> C30 C0 C13 C0 C1 C24 C0 C26 <wb> C3 C0 C23 C13 C0 C21 C0 C26 <wb> C30 C0 C5 C0 C37 C0 C1 C38 C0 <wb> C32 C0 C11 <wb> C15 C0 C11 C32 C0 C36 C33 C0 C16 <wb> C0 C22 C0 C24 C0 C11 <wb> C11 C22 C0 <wb> C24 C0 C11 <wb> C11 C22 C0 <wb> C37 C0 C1 C28 C0 C29 C0 C37 C0 C1 <wb> C1 C28 C0 C16 <wb> C7 C0 C16 C8 C0 C26,train
5849,"આ અંગે, ક્રિસ ફિફર કહે છે કે, રંગીન શહેર અમદાવાદમાં, પ્રથમ વખત, પરફોર્મ કરવામાં, મનને, ખૂબ આનંદ થયો, અને, રંગીલા ચાહકોને, જોતા, મારો આનંદ, બે ગણો, થઇ ગયો છે.",0,15.592,0,not_selected_by_random,,,,
5850,"જો બ્લાઇન્ડ થેરાપિસ્ટને, જાણવું હોય કે, કેટલા મીનીટની ટ્રીટમેન્ટ થઇ, એ માટે, ઇન્ફો બટન, દબાવવાથી, મશીન વોઇસમાં, પોતાનું, ફિડબેક આપે છે.",0,11.656,1,,gujarati_female_005850.wav,j a o <wb> b a l a aa i n a dx a <wb> th a ee r a aa p a i s a tx a n a ee <wb> j a aa nx a w a u q <wb> h a o y a <wb> k a ee <wb> k a ee tx a l a aa <wb> m a ii n a ii tx a n a ii <wb> tx a r a ii tx a m a ee n a tx a <wb> th a i <wb> ee <wb> m a aa tx a ee <wb> i n a ph a o <wb> b a tx a n a <wb> d a b a aa w a w a aa th a ii <wb> m a sh a ii n a <wb> w a o i s a m a aa q <wb> p a o t a aa n a u q <wb> ph a i dx a b a ee k a <wb> aa p a ee <wb> ch a ee,C17 C0 C26 <wb> C3 C0 C21 C0 C1 C16 C24 C0 C9 C0 <wb> C33 C0 C11 C29 C0 C1 C28 C0 C16 C30 C0 C34 C0 C24 C0 C11 <wb> C17 C0 C1 C25 C0 C37 C0 C36 C23 <wb> C15 C0 C26 C38 C0 <wb> C19 C0 C11 <wb> C19 C0 C11 C34 C0 C21 C0 C1 <wb> C22 C0 C16 C24 C0 C16 C34 C0 C24 C0 C16 <wb> C34 C0 C29 C0 C16 C34 C0 C22 C0 C11 C24 C0 C34 C0 <wb> C33 C0 C16 <wb> C11 <wb> C22 C0 C1 C34 C0 C11 <wb> C16 C24 C0 C12 C0 C26 <wb> C3 C0 C34 C0 C24 C0 <wb> C7 C0 C3 C0 C1 C37 C0 C37 C0 C1 C33 C0 C16 <wb> C22 C0 C31 C0 C16 C24 C0 <wb> C37 C0 C26 C16 C30 C0 C22 C0 C1 C23 <wb> C28 C0 C26 C32 C0 C1 C24 C0 C36 C23 <wb> C12 C0 C16 C9 C0 C3 C0 C11 C19 C0 <wb> C1 C28 C0 C11 <wb> C6 C0 C11,train
5851,"અગ્નિની શોધ પછી, કૃષિ, સૌથી મોટી ક્રાંતિ છે, રઝળતા, - રખડતા માનવીઓ, આશરે, દસ હજાર વર્ષો પૂર્વે, કૃષિના કારણે, જુદા જુદા પ્રદેશમાં, ઠરીઠામ થયા.",0,14.242,0,not_selected_by_random,,,,
5852,"બોટ જ્યારે, વહેણના મધ્ય ભાગમાં, પહોંચી, ત્યારે, ભયગ્રસ્ત ચહેરે, નાવિકે, પ્રોફેસરને કહ્યું:, સાહેબ , હું પાણીના, પ્રવાહમાં, કોઈક ફેરફાર, અનુભવું છું.",0,11.098,0,not_selected_by_random,,,,
5853,"શાંતિનિકેતનની, એક હોસ્ટેલમાં, પથારીમાં પેશાબ કરી જનારી, બાળકીને, પેશાબવાળી ભીની પથારી, ચાટવા માટે મજબૂર કરનારી, વોર્ડનને, કડક સજા મળવી જોઈએ, એમાં કોઈ બેમત નથી.",0,13.584,1,,gujarati_female_005853.wav,sh aa mq t i n i k ee t a n a n ii <wb> ee k a <wb> h o s tx ee l a m aa mq <wb> p a th aa r ii m aa mq <wb> p ee sh aa b a <wb> k a r a ii <wb> j a n aa r ii <wb> b aa lx a k ii n ee <wb> p ee sh aa b a w aa lx ii <wb> bh a ii n a ii <wb> p a th a aa r a ii <wb> c aa tx a w aa <wb> m a aa tx a ee <wb> m a j a b uu r a <wb> k a r a n a aa r a ii <wb> w o r dx a n a n ee <wb> k a dx a k a <wb> s a j a aa <wb> m a lx a w a ii <wb> j a o ii ee <wb> ee m a aa q <wb> k a o ii <wb> b ee m a t a <wb> n a th a ii,C31 C1 C23 C32 C16 C24 C16 C19 C11 C32 C0 C24 C0 C24 C16 <wb> C11 C19 C0 <wb> C15 C26 C30 C34 C11 C21 C0 C22 C1 C23 <wb> C28 C0 C33 C1 C29 C16 C22 C1 C23 <wb> C28 C11 C31 C1 C3 C0 <wb> C19 C0 C29 C0 C16 <wb> C17 C0 C24 C1 C29 C16 <wb> C3 C1 C21 C0 C19 C16 C24 C11 <wb> C28 C11 C31 C1 C3 C0 C37 C1 C21 C16 <wb> C4 C0 C16 C24 C0 C16 <wb> C28 C0 C33 C0 C1 C29 C0 C16 <wb> C5 C1 C34 C0 C37 C1 <wb> C22 C0 C1 C34 C0 C11 <wb> C22 C0 C17 C0 C3 C36 C29 C0 <wb> C19 C0 C29 C0 C24 C0 C1 C29 C0 C16 <wb> C37 C26 C29 C9 C0 C24 C0 C24 C11 <wb> C19 C0 C9 C0 C19 C0 <wb> C30 C0 C17 C0 C1 <wb> C22 C0 C21 C0 C37 C0 C16 <wb> C17 C0 C26 C16 C11 <wb> C11 C22 C0 C1 C23 <wb> C19 C0 C26 C16 <wb> C3 C11 C22 C0 C32 C0 <wb> C24 C0 C33 C0 C16,train
5854,"મહારાષ્ટ્રના નંદુરબાર જિલ્લામાં, દરેક ભારતીયને, ખાસ પ્રકારનો, બાર આંકડાવાળો, યુનિક આઇડેન્ટિફિકેશન આપવાના પ્રોજેક્ટનો, શુભારંભ થયો.",0,11.83,0,not_selected_by_random,,,,
5855,"હું માત્ર એટલું જ કહેવા માંગું છું કે, મેં જે કાંઈ કહ્યું છે, તે અંગે, તમે સ્વતંત્ર રીતે, શાંતિથી વિચારજો, અને, તમારા સ્વભાવનું, થોડુંક, પૃથક્કરણ કરજો !.",0,12.311,0,not_selected_by_random,,,,
5856,"જો એક બીજા સાથે, કોઈ ટકરાવ નહિ થાય, તો, આગામી વર્ષે, ઓક્ટોબરથી ડિસેમ્બર સુધી, માત્ર ખાન ત્રિપુટીના જ, પોસ્ટરો, અત્ર,તત્ર, સર્વત્ર, દેખાશે.",0,12.738,0,not_selected_by_random,,,,
5857,"હવેનો માણસ, જીવનની શરૂઆતમાં જ, જો વિશાળ અને પહોળો પાયો નહીં બનાવી શકે, તો, એના ઉપર ચણાયેલી, ઈમારત, ખખડી જશે, અને, એને સાથ નહીં આપે.",0,11.744,0,not_selected_by_random,,,,
5858,"ક્રાયોજેનિક તબક્કામાં, એક, કે એકથી વધારે, ટાંકી ઇંધણ, અને, દહન માટે ઓક્સિજન પૂરો પાડનાર, ઓક્સિકરણ કરનાર, ઓક્સિડાઇઝર નો, સંગ્રહ કરે છે.",0,12.539,0,not_selected_by_random,,,,
5859,"જૈતાપુરના અણુ ઊર્જા મથકની જમીન, ફરતે વાડ બાંધવાના, પ્રયાસનો, વિરોધ કરતાં, ટોળાં પર, પોલીસે ગોળીબાર કરતાં, માછીમાર, તવરેઝ સેજકર, માર્યો ગયો હતો.",0,12.166,0,not_selected_by_random,,,,
5860,"ભૂ-ઉષ્મા વિજ્ઞાન, ભૂ-ભૌતિક વિજ્ઞાન, અને, ભૂસ્તરીય વિજ્ઞાનને, પાયામાં રાખી, આ ભૂમિગત નદીના, અસ્તિત્ત્વ અંગેનું, અને તે નદીમાં, સતત વહેતા, જળપ્રવાહના તારણો કાઢ્યા છે.",0,14.469,0,not_selected_by_random,,,,
5861,"આરંભિક સુસ્તી ખંખેરીને, પ્રાથમિક ધોરણે, અકસ્માતના સ્થળેથી, ભંગાર હટાવવાને બદલે, રાજ્ય, અને કેન્દ્રની સરકારોએ, સદંતર સરકારી વલણ, અપનાવ્યું છે.",0,12.103,0,not_selected_by_random,,,,
5862,"આ દુર્ઘટનાની તપાસ કરવા, સરકાર દ્વારા, નિમાયેલી સમિતિનો, જે અહેવાલ આવ્યો, તેના આધારે, કુંભ મેળાની વ્યવસ્થાનું, કાયમી માળખું, ગોઠવવામાં આવ્યું છે.",0,11.371,0,not_selected_by_random,,,,
5863,"ચોથી જુલાઈ, બે હજાર દસ માં, મળેલ પ્રકાશી પ્રદૂષણ, વિશેની સભાના અધ્યક્ષ, પ્રોફેસર લોંગકોરના મતે, એક જાતિ માટે, જે સારૂ હોય, તે, બીજી જાતિ માટે, ખરાબ હોઈ શકે.",0,13.514,0,not_selected_by_random,,,,
5864,"ચાર પુરૂષાર્થો ધર્મ, અર્થ, કામ, અને મોક્ષની, સાથે સાથે, વીરત્વ તેમજ, જીવનની ઉપલબ્ધીના ક્ષેત્રે, દર્શકનાં રૂપે પણ, સ્વસ્તિકને, કાળજી પૂર્વક, સ્વીકારવામાં આવેલ છે.",0,14.865,0,not_selected_by_random,,,,
5865,"શહેર નજીક, હાલોર રોડ પર આવેલ, ભણીયારા ગામ પાસે, અંદાજે, એક સો છ વીંઘા જમીનમાં, આકાર પામનાર શહેરીજનો, અને ક્રિકેટપ્રેમીઓના સ્વપ્નનું, નગર.",0,13.926,0,not_selected_by_random,,,,
5866,"કપડાં ધોવાનો સાબુ, લોન્ડ્રી સોપ મેન્યુફેક્ચર કરવા માટે, વપરાતા, ક્રૂડ, પામ, સ્ટીયરીનને, બેઝીક કસ્ટમ ડયુટીમાંથી, સંપૂર્ણ મુક્તિ આપવાની, દરખાસ્ત કરાઈ છે.",0,12.999,0,not_selected_by_random,,,,
5867,"સસલા ભાઈએ, હોઠે આવેલું, હાસ્ય પેટમાં ઉતારી દીધું, અને બાંયો ચઢાવીને, ઊકળતા પાણીની કીટલી લઈને, પેટીના કાણા પર, ધાર કરવા માંડી.",0,11.97,0,not_selected_by_random,,,,
5868,"માત્ર બે વર્ષ પહેલા જ, મહાન વિજ્ઞાની, ચાર્લ્સ ડાર્વિને, પોતાનું ઉત્ક્રાંતિવાદનું, શકવર્તી સંશોધન, 'ઓરીજીન ઓફ સ્પેસીઝ' જાહેરમાં મુક્યું હતું.",0,11.962,0,not_selected_by_random,,,,
5869,"જે કાર્યો મનુષ્યનું શરીર, અથવા, પશુઓ કરી શકે છે, તે માટે, વીજળી અથવા, પેટ્રોલ ડિઝલથી ચાલતા, યંત્રોનો ઉપયોગ કરીને, આપણે વિનાશ, નોંતરી રહ્યા છીએ.",0,12.188,0,not_selected_by_random,,,,
5870,"સ્ત્રીઓને, રોજ્જે, ઘરનાં બધાં જ કામ, સવારે બધાંથી વહેલા ઊઠી, રાત્રે સૂતા સુધી, સતત અથાગ પરિશ્રમ કરીને, ક્યારેક કંટાળો, કે, ગુસ્સો આવે છે.",0,11.053,1,,gujarati_female_005870.wav,s a t a r a ii o n a ee <wb> r a o j a j a ee <wb> gh a r a n a aa q <wb> b a dh a aa q <wb> j a <wb> k a aa m a <wb> s a w a aa r a ee <wb> b a dh a aa q th a ii <wb> w a h a ee l a aa <wb> uu txh a ii <wb> r a aa t a r a ee <wb> s a uu t a aa <wb> s a u dh a ii <wb> s a t a t a <wb> a th a aa g a <wb> p a r a i sh a r a m a <wb> k a r a ii n a ee <wb> k a y a aa r a ee k a <wb> k a q tx a aa lx a o <wb> k a ee <wb> g a u s a s a o <wb> aa w a ee <wb> ch a ee,C30 C0 C32 C0 C29 C0 C16 C26 C24 C0 C11 <wb> C29 C0 C26 C17 C0 C17 C0 C11 <wb> C14 C0 C29 C0 C24 C0 C1 C23 <wb> C3 C0 C8 C0 C1 C23 <wb> C17 C0 <wb> C19 C0 C1 C22 C0 <wb> C30 C0 C37 C0 C1 C29 C0 C11 <wb> C3 C0 C8 C0 C1 C23 C33 C0 C16 <wb> C37 C0 C15 C0 C11 C21 C0 C1 <wb> C36 C35 C0 C16 <wb> C29 C0 C1 C32 C0 C29 C0 C11 <wb> C30 C0 C36 C32 C0 C1 <wb> C30 C0 C36 C8 C0 C16 <wb> C30 C0 C32 C0 C32 C0 <wb> C0 C33 C0 C1 C13 C0 <wb> C28 C0 C29 C0 C16 C31 C0 C29 C0 C22 C0 <wb> C19 C0 C29 C0 C16 C24 C0 C11 <wb> C19 C0 C38 C0 C1 C29 C0 C11 C19 C0 <wb> C19 C0 C23 C34 C0 C1 C21 C0 C26 <wb> C19 C0 C11 <wb> C13 C0 C36 C30 C0 C30 C0 C26 <wb> C1 C37 C0 C11 <wb> C6 C0 C11,train
5871,"જેઓ આવી ફરિયાદ કરે છે, તેમાંના, ઘણા તો મદદ કરવા, આગળ આવ્યા હોય, ત્યારે, મિત્રનો પોશાક પહેરે છે, અને, પછી, શાહુકારનો પોશાક પહેરીને, ઉઘરાણી કરવા લાગે છે.",0,13.721,0,not_selected_by_random,,,,
5872,"ફ્રાંસમાં તો, નોર્મેન્ડી પ્રદેશમાં બંધાતા, ફલેમનવિલે ત્રણ તરીકે, ઓળખાતો, યુરોપીઅન પ્રેશરાઈઝડ વોટર રિએકટર, ઈપીઆર પ્લાન્ટ, પૂર્ણતાને આરે છે.",0,13.008,0,not_selected_by_random,,,,
5873,"એકવેરીયમના શોખીનો, અને, ક્રેઝને ઘ્યાનમાં રાખીને, ગુજરાત મત્સ્યો ઉદ્યોગ ખાતા, દ્વારા, અમદાવાદ હાટ, વસ્ત્રાપુર ખાતે, ‘ગુજરાત ઓર્નામેન્ટલ ફીશ એક્સપો’નું, આયોજન કરવામાં આવ્યું છે.",0,15.264,0,not_selected_by_random,,,,
5874,"ચૂંટણીનાં પરિણામ પછી, મુલાયમસિંઘ યાદવે, ભારતના લોકશાહી રાજકારણમાં, વઘુ એક, વંશપરંપરાનો, ઉમેરો કયોઁ છે.",0,10.238,0,not_selected_by_random,,,,
5875,"તેનું પરિણામ, જેમણે આ વર્ષે, આઇઆઇટી, - જેઇઇ, પરીક્ષામાં, લઘુમતી ક્વોટાના, આધારે સફળતા મેળવી હોય, એવા, સેંકડો વિદ્યાર્થીઓએ, ભોગવવું પડશે.",0,12.318,0,not_selected_by_random,,,,
5876,"આ સમય દરમિયાન, ટુ જી કેસમાં, ટોચના માથા, જેલમાં ધકેલાયા, તેમજ, મુંબઈ સીરિયલ બ્લાસ્ટના કારણે, લોકપાલ બીલ, તો હવે ચર્ચામાં પણ, નથી આવતું.",0,12.632,0,not_selected_by_random,,,,
5877,"સામાન્ય પરિસ્થિતિમાં, રિએક્ટરનાં, કોર – ભાગમાં, ન્યુટ્રોનની સંખ્યા ઉપર, નિયંત્રણ રાખવામાં આવે છે, જેથી, ચેઈન રિએકશન, અનિયંત્રીત ન બને, અને, કોઈ દુર્ઘટના, ન બને.",0,13.419,0,not_selected_by_random,,,,
5878,"આવા કર્તવ્યનિષ્ઠ, કર્મશીલ, સંસ્કારી, શિક્ષિત મનુષ્યોની શોધ કરવાની, અને, તેની એક માળા બનાવી, સમાજને, પ્રેરણા મળે તે રીતે, તે કાર્યોમાં, આચરણમાં લાવી શકાય, તે રીતે, સમાજને સર્મિપત કરવાની જરૂર છે.",0,17.001,0,not_selected_by_random,,,,
5879,"દેશની ધંધા, બેરોજગાર, કે, અક્રિય યુવાશક્તિના કેટલાક મૂંઝવતા પ્રશ્નોના નિરાકરણ, માટેની પગથીઓ, પણ એવા બદલાવ વડે, ખોળવાની રહે છે.",0,12.722,0,not_selected_by_random,,,,
5880,"ઝડપી વાહનવ્યવસ્થા દ્વારા, નાગરિકોને પૂરતી સગવડ મળી રહે, તે માટે, મહત્ત્વાકાંક્ષી, મેટ્રો પ્રોજેક્ટ નિમિત્તે, મેગા કંપનીને, શેરભંડોળ પેટે, રૂપિયા, પાંચ લાખ આપ્યા હતાં.",0,14.044,0,not_selected_by_random,,,,
5881,"હવે જળવિતરણની વ્યવસ્થા, સોંપી દેવામાં આવશે, તો, તેઓ કમાણી કરવાની લાલચમાં, પાણીના ભાવો, એટલા તો વધારી મૂકશે, કે, ગરીબોને આ પાણી, પરવડશે જ નહીં.",0,12.091,0,not_selected_by_random,,,,
5883,"ન્યુક્લિયર પાવર પ્લાન્ટના, આ જોખમ ધ્યાનમાં રાખીને, ત્રણ વર્ષ પહેલાં, નેશનલ ડિઝાસ્ટર મેનેજમેન્ટ, ઓથોરિટી, એનડીએમએ, ની રચના કરવામાં આવી હતી.",0,12.864,1,,gujarati_female_005883.wav,n a y a u k a l a i y a r a <wb> p a aa w a r a <wb> p a l a aa n a tx a n a aa <wb> aa <wb> j a o kh a m a <wb> dh a y a aa n a m a aa q <wb> r a aa kh a ii n a ee <wb> t a r a nx a <wb> w a r a sx a <wb> p a h a ee l a aa q <wb> n a ee sh a n a l a <wb> dx a i jh a aa s a tx a r a <wb> m a ee n a ee j a m a ee n a tx a <wb> o th a o r a i tx a ii <wb> ee n a dx a ii ee m a ee <wb> n a ii <wb> r a c a n a aa <wb> k a r a w a aa m a aa q <wb> aa w a ii <wb> h a t a ii,C24 C0 C38 C0 C36 C19 C0 C21 C0 C16 C38 C0 C29 C0 <wb> C28 C0 C1 C37 C0 C29 C0 <wb> C28 C0 C21 C0 C1 C24 C0 C34 C0 C24 C0 C1 <wb> C1 <wb> C17 C0 C26 C20 C0 C22 C0 <wb> C8 C0 C38 C0 C1 C24 C0 C22 C0 C1 C23 <wb> C29 C0 C1 C20 C0 C16 C24 C0 C11 <wb> C32 C0 C29 C0 C25 C0 <wb> C37 C0 C29 C0 C31 C0 <wb> C28 C0 C15 C0 C11 C21 C0 C1 C23 <wb> C24 C0 C11 C31 C0 C24 C0 C21 C0 <wb> C9 C0 C16 C18 C0 C1 C30 C0 C34 C0 C29 C0 <wb> C22 C0 C11 C24 C0 C11 C17 C0 C22 C0 C11 C24 C0 C34 C0 <wb> C26 C33 C0 C26 C29 C0 C16 C34 C0 C16 <wb> C11 C24 C0 C9 C0 C16 C11 C22 C0 C11 <wb> C24 C0 C16 <wb> C29 C0 C5 C0 C24 C0 C1 <wb> C19 C0 C29 C0 C37 C0 C1 C22 C0 C1 C23 <wb> C1 C37 C0 C16 <wb> C15 C0 C32 C0 C16,train
5884,"જીવનનો અહંકાર, દુર થતા, મન - બુઘ્ધિના વિચાર, દૂર થાય, ત્યારે, મન નિવૃત્ત થતા, કાનથી જે સાંભળી, જીભથી સ્વાદ લઈએ, નાકથી શ્વાસ લઈએ, આંખથી જોઈએ, તે ત્યાં, ત્વચાથી જેનો સ્પર્શ કરીએ.",0,18.312,0,not_selected_by_random,,,,
5885,"સંમેલનમાં, અનેક પ્રસ્તાવો બાદ, મહત્વનો પ્રસ્તાવ, રજુ કરાયો, જે સરકાર દ્વારા, સ્વાતંત્રય સેનાનીઓને, અપાતા પેન્શન, અને અન્ય સુવિધાઓના વધારાની, વાત કરતો હતો.",0,15.163,0,not_selected_by_random,,,,
5886,"જ્યારે સ્વયંભુ મનું, અને, સ્ત્રી શતરૂપા, બ્રહ્માજીના ડાબા જમણા અંગમાંથી, પ્રકટ થયા, સ્ત્રી પુરૂષનું જોડું ઉત્પન્ન થયા પછી, મૈથુન સૃષ્ટિનો, પ્રારંભ થયો.",0,14.004,0,not_selected_by_random,,,,
5887,"હરતાં ફરતાં, લાંબી પૂંછડી, આમતેમ હલાવ્યા કરે, અને, ઉત્સાહપૂર્વક, તુલ્વી તુલ્વી તુલ્વી, તેથી કહ્યું:, ક્ષણે ક્ષણે, યન્નવતામુપૈતિ, તદેવ રૂપમ, રમણીયતાયાઃ.",0,15.948,0,not_selected_by_random,,,,
5888,"એક સામાન્ય માન્યતા એવી પણ ચાલી આવે છે, કે બાળકો સારી રીતે અભ્યાસ કરે, તેને માટે, તેમને શારીરિક સજા ફટકારવી, કે, તેમની પાસે, ધાક ધમકીથી, કામ લેવું જરૂરી છે.",0,14.141,1,,gujarati_female_005888.wav,ee k a <wb> s a aa m a aa n a y a <wb> m a aa n a y a t a aa <wb> ee w a ii <wb> p a nx a <wb> c a aa l a ii <wb> aa w a ee <wb> ch a ee <wb> k a ee <wb> b a aa lx a k a o <wb> s a aa r a ii <wb> r a ii t a ee <wb> a bh a y a aa s a <wb> k a r a ee <wb> t a ee n a ee <wb> m a aa tx a ee <wb> t a ee m a n a ee <wb> sh a aa r a ii r a i k a <wb> s a j a aa <wb> ph a tx a k a aa r a w a ii <wb> k a ee <wb> t a ee m a n a ii <wb> p a aa s a ee <wb> dh a aa k a <wb> dh a m a k a ii th a ii <wb> k a aa m a <wb> l a ee w a u q <wb> j a r a uu r a ii <wb> ch a ee,C11 C19 C0 <wb> C30 C0 C1 C22 C0 C1 C24 C0 C38 C0 <wb> C22 C0 C1 C24 C0 C38 C0 C32 C0 C1 <wb> C11 C37 C0 C16 <wb> C28 C0 C25 C0 <wb> C5 C0 C1 C21 C0 C16 <wb> C1 C37 C0 C11 <wb> C6 C0 C11 <wb> C19 C0 C11 <wb> C3 C0 C1 C21 C0 C19 C0 C26 <wb> C30 C0 C1 C29 C0 C16 <wb> C29 C0 C16 C32 C0 C11 <wb> C0 C4 C0 C38 C0 C1 C30 C0 <wb> C19 C0 C29 C0 C11 <wb> C32 C0 C11 C24 C0 C11 <wb> C22 C0 C1 C34 C0 C11 <wb> C32 C0 C11 C22 C0 C24 C0 C11 <wb> C31 C0 C1 C29 C0 C16 C29 C0 C16 C19 C0 <wb> C30 C0 C17 C0 C1 <wb> C12 C0 C34 C0 C19 C0 C1 C29 C0 C37 C0 C16 <wb> C19 C0 C11 <wb> C32 C0 C11 C22 C0 C24 C0 C16 <wb> C28 C0 C1 C30 C0 C11 <wb> C8 C0 C1 C19 C0 <wb> C8 C0 C22 C0 C19 C0 C16 C33 C0 C16 <wb> C19 C0 C1 C22 C0 <wb> C21 C0 C11 C37 C0 C36 C23 <wb> C17 C0 C29 C0 C36 C29 C0 C16 <wb> C6 C0 C11,train
5889,"બહુ ઓછા આસ્તિકો, ભગવાનની, અંગત માન્યતા, અને, વિજ્ઞાનની, આઘુનિક શોધખોળો, પ્રગતિ વચ્ચેનો, તાલમેળ સાધી શકવા જેટલું, ખુલ્લાપણું ધરાવે છે.",0,13.483,0,not_selected_by_random,,,,
5890,"શહેરના ગરીબ કિશોરો, યુવાનો, જે ખાનગી ક્રિકેટ એકેડેમીમાં, જઇ શકતા નથી, તેઓને, બીસીએ તદ્દન મામૂલી રકમે, લઇને, કોચિંગ આપશે.",0,11.285,1,,gujarati_female_005890.wav,sh a h a ee r a n a aa <wb> g a r a ii b a <wb> k a i sh a o r a o <wb> y a u w a aa n a o <wb> j a ee <wb> kh a aa n a g a ii <wb> k a r a i k a ee tx a <wb> ee k a ee dx a ee m a ii m a aa q <wb> j a i <wb> sh a k a t a aa <wb> n a th a ii <wb> t a ee o n a ee <wb> b a ii s a ii ee <wb> t a d a d a n a <wb> m a aa m a uu l a ii <wb> r a k a m a ee <wb> l a i n a ee <wb> k a o c a i q g a <wb> aa p a sh a ee,C31 C0 C15 C0 C11 C29 C0 C24 C0 C1 <wb> C13 C0 C29 C0 C16 C3 C0 <wb> C19 C0 C16 C31 C0 C26 C29 C0 C26 <wb> C38 C0 C36 C37 C0 C1 C24 C0 C26 <wb> C17 C0 C11 <wb> C20 C0 C1 C24 C0 C13 C0 C16 <wb> C19 C0 C29 C0 C16 C19 C0 C11 C34 C0 <wb> C11 C19 C0 C11 C9 C0 C11 C22 C0 C16 C22 C0 C1 C23 <wb> C17 C0 C16 <wb> C31 C0 C19 C0 C32 C0 C1 <wb> C24 C0 C33 C0 C16 <wb> C32 C0 C11 C26 C24 C0 C11 <wb> C3 C0 C16 C30 C0 C16 C11 <wb> C32 C0 C7 C0 C7 C0 C24 C0 <wb> C22 C0 C1 C22 C0 C36 C21 C0 C16 <wb> C29 C0 C19 C0 C22 C0 C11 <wb> C21 C0 C16 C24 C0 C11 <wb> C19 C0 C26 C5 C0 C16 C23 C13 C0 <wb> C1 C28 C0 C31 C0 C11,train
5891,"ઓસ્ટ્રેલિયાના, કવીન્સલેન્ડ રાજયમાં, સુનામીની માફક, ઉછલતા પૂરના પ્રવાહે, દેશના, ત્રીજા સૌથી મોટા શહેર, બ્રિસ્બેનમાં, પરિસ્થિતિને ગંભીર બનાવી છે.",0,12.354,0,not_selected_by_random,,,,
5892,"અમેરિકાના ભૂતપૂર્વ સંરક્ષણ નિષ્ણાતો ના, જણાવ્યા પ્રમાણે, તે હેલીકોપ્ટરો, સિર્કોસ્કી, એચ સાહિંઠ, બ્લેક હોક નામના, હેલીકોપ્ટરનું, સુધારા વધારા કરેલું, રૂપ હતું.",0,13.584,1,,gujarati_female_005892.wav,a m a ee r a i k a aa n a aa <wb> bh a uu t a p a uu r a w a <wb> s a q r a k a sx a nx a <wb> n a i sx a nx a aa t a o <wb> n a aa <wb> j a nx a aa w a y a aa <wb> p a r a m a aa nx a ee <wb> t a ee <wb> h a ee l a ii k a o p a tx a r a o <wb> s a i r a k a o s a k a ii <wb> ee c a <wb> s a aa h a i q txh a <wb> b a l a ee k a <wb> h a o k a <wb> n a aa m a n a aa <wb> h a ee l a ii k a o p a tx a r a n a u q <wb> s a u dh a aa r a aa <wb> w a dh a aa r a aa <wb> k a r a ee l a u q <wb> r a uu p a <wb> h a t a u q,C0 C22 C0 C11 C29 C0 C16 C19 C0 C1 C24 C0 C1 <wb> C4 C0 C36 C32 C0 C28 C0 C36 C29 C0 C37 C0 <wb> C30 C0 C23 C29 C0 C19 C0 C31 C0 C25 C0 <wb> C24 C0 C16 C31 C0 C25 C0 C1 C32 C0 C26 <wb> C24 C0 C1 <wb> C17 C0 C25 C0 C1 C37 C0 C38 C0 C1 <wb> C28 C0 C29 C0 C22 C0 C1 C25 C0 C11 <wb> C32 C0 C11 <wb> C15 C0 C11 C21 C0 C16 C19 C0 C26 C28 C0 C34 C0 C29 C0 C26 <wb> C30 C0 C16 C29 C0 C19 C0 C26 C30 C0 C19 C0 C16 <wb> C11 C5 C0 <wb> C30 C0 C1 C15 C0 C16 C23 C35 C0 <wb> C3 C0 C21 C0 C11 C19 C0 <wb> C15 C0 C26 C19 C0 <wb> C24 C0 C1 C22 C0 C24 C0 C1 <wb> C15 C0 C11 C21 C0 C16 C19 C0 C26 C28 C0 C34 C0 C29 C0 C24 C0 C36 C23 <wb> C30 C0 C36 C8 C0 C1 C29 C0 C1 <wb> C37 C0 C8 C0 C1 C29 C0 C1 <wb> C19 C0 C29 C0 C11 C21 C0 C36 C23 <wb> C29 C0 C36 C28 C0 <wb> C15 C0 C32 C0 C36 C23,train
5893,"મનોરંજનના નામ પર, એક બાજુ, ફિલ્મો હતી, તો, બીજી તરફ, દારાની કુસ્તી, એટલે, વર્ષમાં, જ્યારે દારાસિંહની, કુસ્તી થવાની વાત આવતી, તો, ઘરોમાં પણ, ચર્ચાઓ છવાઈ જતી હતી.",0,14.194,0,not_selected_by_random,,,,
5894,"નાણા મંત્રી, પ્રણવ મુખરજીએ, આજે લોકસભામાં, રજૂ કરેલા, બે હજાર અગ્યાર બાર ના વર્ષના, કેન્દ્રીય અંદાજપત્રમાં, વધુ, પંદર મેગા, ફૂડ પાર્ક સ્થાપવાની, દરખાસ્ત કરી છે.",0,14.396,1,,gujarati_female_005894.wav,n a aa nx a aa <wb> m a q t a r a ii <wb> p a r a nx a w a <wb> m a u kh a r a j a ii ee <wb> aa j a ee <wb> l a o k a s a bh a aa m a aa q <wb> r a j a uu <wb> k a r a ee l a aa <wb> b a ee <wb> h a j a aa r a <wb> a g a y a aa r a <wb> b a aa r a <wb> n a aa <wb> w a r a sx a n a aa <wb> k a ee n a d a r a ii y a <wb> a q d a aa j a p a t a r a m a aa q <wb> w a dh a u <wb> p a q d a r a <wb> m a ee g a aa <wb> ph a uu dx a <wb> p a aa r a k a <wb> s a th a aa p a w a aa n a ii <wb> d a r a kh a aa s a t a <wb> k a r a ii <wb> ch a ee,C24 C0 C1 C25 C0 C1 <wb> C22 C0 C23 C32 C0 C29 C0 C16 <wb> C28 C0 C29 C0 C25 C0 C37 C0 <wb> C22 C0 C36 C20 C0 C29 C0 C17 C0 C16 C11 <wb> C1 C17 C0 C11 <wb> C21 C0 C26 C19 C0 C30 C0 C4 C0 C1 C22 C0 C1 C23 <wb> C29 C0 C17 C0 C36 <wb> C19 C0 C29 C0 C11 C21 C0 C1 <wb> C3 C0 C11 <wb> C15 C0 C17 C0 C1 C29 C0 <wb> C0 C13 C0 C38 C0 C1 C29 C0 <wb> C3 C0 C1 C29 C0 <wb> C24 C0 C1 <wb> C37 C0 C29 C0 C31 C0 C24 C0 C1 <wb> C19 C0 C11 C24 C0 C7 C0 C29 C0 C16 C38 C0 <wb> C0 C23 C7 C0 C1 C17 C0 C28 C0 C32 C0 C29 C0 C22 C0 C1 C23 <wb> C37 C0 C8 C0 C36 <wb> C28 C0 C23 C7 C0 C29 C0 <wb> C22 C0 C11 C13 C0 C1 <wb> C12 C0 C36 C9 C0 <wb> C28 C0 C1 C29 C0 C19 C0 <wb> C30 C0 C33 C0 C1 C28 C0 C37 C0 C1 C24 C0 C16 <wb> C7 C0 C29 C0 C20 C0 C1 C30 C0 C32 C0 <wb> C19 C0 C29 C0 C16 <wb> C6 C0 C11,train
5895,"મારી નજર, અભરાઈ પરનાં, જુદાં જુદાં, આકાર, કોતરણીવાળા, પિત્તળના પ્યાલાં, ઉપર ફરતી ફરતી ડોયા, તરીકે વપરાતાં, જુદાં જ ઘાટના, જાડાભમ્મ, કળશિયા પર, અટકી જાય છે.",0,15.264,0,not_selected_by_random,,,,
5896,"બીજે વરસ,, વરસાદ સારો થયો, એટલે, નેમચંદ મુદ્દલ, અને, વ્યાજની ગણતરી કરીને, રકમ, તુરંત ભરપાઈ કરી દેવા, પશા પટેલને, તાકીદ, તકાદો, કરવા લાગ્યો.",0,13.433,0,not_selected_by_random,,,,
5897,"ઇન્ડિયન એરલાઇન્સ ને, એર ઇન્ડિયા માં, ભેળવી દેવાયા પછી, જૂના એર ઇન્ડિયા ના પાઇલટ, સમુહની માંગણી છે કે, લાંબી દૂરીના, તમામ માર્ગો પર, ઇન્ડિયન એર લાઇન્સ ના નહીં , પણ, એર ઇન્ડિયા ના પાઇલટ, મુકાવા જોઇએ.",0,16.415,0,not_selected_by_random,,,,
5898,"જે રીતે, રાજ્યસભા, સાંસદો છુટી પડ્યા, એ જોતાં, એમ માનવાને કારણ છે કે, મુંબઈ છાવણી, સંકેલાઈ ન હોત, તો એમના પર એક ડારો, જરૂર રહ્યો હોત.",0,12.566,0,not_selected_by_random,,,,
5899,"ઉપરોકત કમિટી જીએસએલવી, એફ, ઝીરો છ નું, ઉડ્ડયન શા માટે નિષ્ફળ ગયું, તેના કારણો, નિશ્ચિત કરશે, અને, રોકેટમાં, સુધારા વધારાની, ભલામણ કરશે.",0,13.799,0,not_selected_by_random,,,,
5900,"બેઠક પૂરી થયા બાદ, ફ્‌લેમીંગે, કોટ્‌સને કહ્યું, બે અઠવાડિયા પછી, હું, ટ્રામ વૅ ની નોકરી લેવાનો છું, અને, શહેર છોડી જવાનો છું,પણ, આ વાતની ખબર, કોઈનેય નથી.",0,13.786,0,not_selected_by_random,,,,
5901,"મોટા પ્રમાણમાં, ગોટાળા થઈ રહ્યા હતા, અને, સરકાર દંભી બનીને, ભ્રષ્ટાચારીઓને, બચાવવા, તથા, ભ્રષ્ટાચાર વિરોધી, આંદોલનોને કચડી નાખવાનો, પ્રયાસ કરી રહી હતી.",0,13.699,0,not_selected_by_random,,,,
5902,"શ્રાવણના પ્રથમ સોમવારે, વહેલી સવારથી જ, દિગ્વિજય દ્વાર પાસે, ભાવિકોની લાંબી લાઇનો થશે, અને, દ્વાર ખુલતા જ, ઓમ નમઃ શિવાયનો, જયઘોષ, ગુંજી ઉઠશે.",0,13.612,0,not_selected_by_random,,,,
5903,"દર્દી એવું વિચારે, કે મારી વ્હીલચેર, રસોડા તરફ જવી જોઈએ, તરત જ, એક સોફ્ટવેર, આ વિચારનું, વર્ગીકરણ કરી, ચેરકારનું, રસોડાના માર્ગે, મોકલવાનું કામ, શરુ કરી દે.",0,15.444,0,not_selected_by_random,,,,
5904,"પ્રથમ તો, તેમણે તારવ્યું કે, આર્કીઓ ઓપટેરીક્સ, અને તાજેતરમાં, જેના જીવાશ્મો મળી આવેલ છે, તે, ઝીઆઓન્ટીજિનિઆ, વચ્ચે આંખે ઊડીને, વળગે તેવી, સમરુપતા છે.",0,14.118,1,,gujarati_female_005904.wav,p a r a th a m a <wb> t a o <wb> t a ee m a nx a ee <wb> t a aa r a w a y a u q <wb> k a ee <wb> aa r a k a ii o <wb> o p a tx a ee r a ii k a s a <wb> a n a ee <wb> t a aa j a ee t a r a m a aa q <wb> j a ee n a aa <wb> j a ii w a aa sh a m a o <wb> m a lx a ii <wb> aa w a ee l a <wb> ch a ee <wb> t a ee <wb> jh a ii aa o n a tx a ii j a i n a i aa <wb> w a c a c a ee <wb> aa q kh a ee <wb> uu dx a ii n a ee <wb> w a lx a g a ee <wb> t a ee w a ii <wb> s a m a r a u p a t a aa <wb> ch a ee,C28 C0 C29 C0 C33 C0 C22 C0 <wb> C32 C0 C26 <wb> C32 C0 C11 C22 C0 C25 C0 C11 <wb> C32 C0 C1 C29 C0 C37 C0 C38 C0 C36 C23 <wb> C19 C0 C11 <wb> C1 C29 C0 C19 C0 C16 C26 <wb> C26 C28 C0 C34 C0 C11 C29 C0 C16 C19 C0 C30 C0 <wb> C0 C24 C0 C11 <wb> C32 C0 C1 C17 C0 C11 C32 C0 C29 C0 C22 C0 C1 C23 <wb> C17 C0 C11 C24 C0 C1 <wb> C17 C0 C16 C37 C0 C1 C31 C0 C22 C0 C26 <wb> C22 C0 C21 C0 C16 <wb> C1 C37 C0 C11 C21 C0 <wb> C6 C0 C11 <wb> C32 C0 C11 <wb> C18 C0 C16 C1 C26 C24 C0 C34 C0 C16 C17 C0 C16 C24 C0 C16 C1 <wb> C37 C0 C5 C0 C5 C0 C11 <wb> C1 C23 C20 C0 C11 <wb> C36 C9 C0 C16 C24 C0 C11 <wb> C37 C0 C21 C0 C13 C0 C11 <wb> C32 C0 C11 C37 C0 C16 <wb> C30 C0 C22 C0 C29 C0 C36 C28 C0 C32 C0 C1 <wb> C6 C0 C11,train
5905,"નાઇટ હુડ છોડ્યું, એનાયે પહેલાં, રવીન્દ્રનાથે, એની બેસન્ટ સામે, બ્રિટિશ સરકારની, જુલમી કારવાઈનો વિરોધ કર્યો હતો, અને, ઓગણીસો પંદર ના, ડિફેન્સ ઓફ ઇન્ડિયા એક્ટ ને, પડકાર્યો હતો.",0,15.507,0,not_selected_by_random,,,,
5906,"ક્રેમલિનના સૂત્રોએ, જણાવ્યું હતું કે, વિદેશી ભંડોળથી, રશિયામાં, રાજકીય કામગીરી કરતી, બિનસરકારી સંસ્થાઓ પર, લગામ કસવાના, આ પ્રયાસ છે.",0,12.131,0,not_selected_by_random,,,,
5907,"હિંદુ મંદિરનું, ખાતમૂહૂર્ત, હિન્દુવિધિ પ્રમાણે, વઝીર શેખ, બહાઉદ્દીનભાઈના હસ્તે થાય, એ, હિંદુ-મુસ્લિમ એકતા, અને ભાઈચારાની, અભૂતપૂર્વ ઘટના, ગણી શકાય.",0,14.242,0,not_selected_by_random,,,,
5908,"આ પ્રક્રિયામાં, ફિશન પ્રોડક્ટ, ફયુઅલ રોડ, આલ્ફા, બીટા, ગામા, અને ન્યુટ્રોન જેવાં, કણો મુક્ત કરીને, ઉર્જા મુકત કરી, સ્ટેબલ, સ્થાયી, બનવાની કોશીશ કરે છે.",0,14.416,0,not_selected_by_random,,,,
5909,"પ્રેતાત્માશક્તિના, અસ્તિત્વના પ્રયોગોની, કસોટી કરાઈ હતી, એ બેઠક દરમિયાન લાઇટ વર્તમાનપત્રના, પ્રતિનિધિ, ડૉસન રોજર્સ, પણ હાજર હતા.",0,11.773,1,,gujarati_female_005909.wav,p a r a ee t a aa t a m a aa sh a k a t a i n a aa <wb> a s a t a i t a w a n a aa <wb> p a r a y a o g a o n a ii <wb> k a s a o tx a ii <wb> k a r a aa ii <wb> h a t a ii <wb> ee <wb> b a ee txh a k a <wb> d a r a m a i y a aa n a <wb> l a aa i tx a <wb> w a r a t a m a aa n a p a t a r a n a aa <wb> p a r a t a i n a i dh a i <wb> dx a s a n a <wb> r a o j a r a s a <wb> p a nx a <wb> h a aa j a r a <wb> h a t a aa,C28 C0 C29 C0 C11 C32 C0 C1 C32 C0 C22 C0 C1 C31 C0 C19 C0 C32 C0 C16 C24 C0 C1 <wb> C0 C30 C0 C32 C0 C16 C32 C0 C37 C0 C24 C0 C1 <wb> C28 C0 C29 C0 C38 C0 C26 C13 C0 C26 C24 C0 C16 <wb> C19 C0 C30 C0 C26 C34 C0 C16 <wb> C19 C0 C29 C0 C1 C16 <wb> C15 C0 C32 C0 C16 <wb> C11 <wb> C3 C0 C11 C35 C0 C19 C0 <wb> C7 C0 C29 C0 C22 C0 C16 C38 C0 C1 C24 C0 <wb> C21 C0 C1 C16 C34 C0 <wb> C37 C0 C29 C0 C32 C0 C22 C0 C1 C24 C0 C28 C0 C32 C0 C29 C0 C24 C0 C1 <wb> C28 C0 C29 C0 C32 C0 C16 C24 C0 C16 C8 C0 C16 <wb> C9 C0 C30 C0 C24 C0 <wb> C29 C0 C26 C17 C0 C29 C0 C30 C0 <wb> C28 C0 C25 C0 <wb> C15 C0 C1 C17 C0 C29 C0 <wb> C15 C0 C32 C0 C1,train
5910,"ઇન્ડોનેશિયન ઓપન બેડમિંગ્ટન ટૂર્નામેન્ટમાં, તેણે જે ફોર્મ દેખાડયું છે, તે આગળ પણ, જળવાઈ રહ્યું, તો, લંડનમાં તે ભારતને, મેડલ અપાવવા માટે, સક્ષમ છે.",0,12.376,1,,gujarati_female_005910.wav,i n a dx a o n a ee sh a i y a n a <wb> o p a n a <wb> b a ee dx a m a i q g a tx a n a <wb> tx a uu r a n a aa m a ee n a tx a m a aa q <wb> t a ee nx a ee <wb> j a ee <wb> ph a o r a m a <wb> d a ee kh a aa dx a y a u q <wb> ch a ee <wb> t a ee <wb> aa g a lx a <wb> p a nx a <wb> j a lx a w a aa ii <wb> r a h a y a u q <wb> t a o <wb> l a q dx a n a m a aa q <wb> t a ee <wb> bh a aa r a t a n a ee <wb> m a ee dx a l a <wb> a p a aa w a w a aa <wb> m a aa tx a ee <wb> s a k a sx a m a <wb> ch a ee,C16 C24 C0 C9 C0 C26 C24 C0 C11 C31 C0 C16 C38 C0 C24 C0 <wb> C26 C28 C0 C24 C0 <wb> C3 C0 C11 C9 C0 C22 C0 C16 C23 C13 C0 C34 C0 C24 C0 <wb> C34 C0 C36 C29 C0 C24 C0 C1 C22 C0 C11 C24 C0 C34 C0 C22 C0 C1 C23 <wb> C32 C0 C11 C25 C0 C11 <wb> C17 C0 C11 <wb> C12 C0 C26 C29 C0 C22 C0 <wb> C7 C0 C11 C20 C0 C1 C9 C0 C38 C0 C36 C23 <wb> C6 C0 C11 <wb> C32 C0 C11 <wb> C1 C13 C0 C21 C0 <wb> C28 C0 C25 C0 <wb> C17 C0 C21 C0 C37 C0 C1 C16 <wb> C29 C0 C15 C0 C38 C0 C36 C23 <wb> C32 C0 C26 <wb> C21 C0 C23 C9 C0 C24 C0 C22 C0 C1 C23 <wb> C32 C0 C11 <wb> C4 C0 C1 C29 C0 C32 C0 C24 C0 C11 <wb> C22 C0 C11 C9 C0 C21 C0 <wb> C0 C28 C0 C1 C37 C0 C37 C0 C1 <wb> C22 C0 C1 C34 C0 C11 <wb> C30 C0 C19 C0 C31 C0 C22 C0 <wb> C6 C0 C11,train
5911,"વાસ્તવમાં, જે શિષ્ય, પોતાના પંચવિષય, કામ, ક્રોધ, લોભ, મોહ, મત્સરને, દક્ષિણા સ્વરૂપે, ગુરૂચરણોમાં, આ દિવસે મૂકે , તે અચૂક મોક્ષભાગી બને છે.",0,13.252,0,not_selected_by_random,,,,
5912,"મારી આજુબાજુની દુનિયા, લોકો, દ્રશ્યો, વિચારોથી ભરપૂર છે, અને, હું તેમાંથી, પસાર થતી ક્ષણને, હંમેશાં માટે, પકડી લેવા માટે, તેને લખી નાખું છું.",0,12.19,1,,gujarati_female_005912.wav,m a aa r a ii <wb> aa j a u b a aa j a u n a ii <wb> d a u n a i y a aa <wb> l a o k a o <wb> d a r a sh a y a o <wb> w a i c a aa r a o th a ii <wb> bh a r a p a uu r a <wb> ch a ee <wb> a n a ee <wb> h a u q <wb> t a ee m a aa q th a ii <wb> p a s a aa r a <wb> th a t a ii <wb> k a sx a nx a n a ee <wb> h a q m a ee sh a aa q <wb> m a aa tx a ee <wb> p a k a dx a ii <wb> l a ee w a aa <wb> m a aa tx a ee <wb> t a ee n a ee <wb> l a kh a ii <wb> n a aa kh a u q <wb> ch a u q,C22 C0 C1 C29 C0 C16 <wb> C1 C17 C0 C36 C3 C0 C1 C17 C0 C36 C24 C0 C16 <wb> C7 C0 C36 C24 C0 C16 C38 C0 C1 <wb> C21 C0 C26 C19 C0 C26 <wb> C7 C0 C29 C0 C31 C0 C38 C0 C26 <wb> C37 C0 C16 C5 C0 C1 C29 C0 C26 C33 C0 C16 <wb> C4 C0 C29 C0 C28 C0 C36 C29 C0 <wb> C6 C0 C11 <wb> C0 C24 C0 C11 <wb> C15 C0 C36 C23 <wb> C32 C0 C11 C22 C0 C1 C23 C33 C0 C16 <wb> C28 C0 C30 C0 C1 C29 C0 <wb> C33 C0 C32 C0 C16 <wb> C19 C0 C31 C0 C25 C0 C24 C0 C11 <wb> C15 C0 C23 C22 C0 C11 C31 C0 C1 C23 <wb> C22 C0 C1 C34 C0 C11 <wb> C28 C0 C19 C0 C9 C0 C16 <wb> C21 C0 C11 C37 C0 C1 <wb> C22 C0 C1 C34 C0 C11 <wb> C32 C0 C11 C24 C0 C11 <wb> C21 C0 C20 C0 C16 <wb> C24 C0 C1 C20 C0 C36 C23 <wb> C6 C0 C36 C23,val
5913,"હેમા માલિનીનો સંપર્ક સાધવામાં આવ્યો, ત્યારે, તેમણે જણાવ્યું હતું કે, 'આહના, 'ટેલ મીઓ ખુદા', ની પ્રમોશનલ ઈવેન્ટમાં, હાજર રહેવાની નથી.",0,11.398,0,not_selected_by_random,,,,
5914,"આપણને સૌને, એક પ્રશ્ન, સતાવે છે:, દુઃખની સાથે કામ શી રીતે પાડવું? જીવનમાં, ચાર પ્રકારની, દુઃખદ ઘટનાઓ માટે, માણસે પોતાના મનને, સતત તૈયાર રાખવાનું છે.",0,12.716,0,not_selected_by_random,,,,
5915,"તેણે ઓગણીસો નવ્વાણું થી, લઇને અત્યાર સુધીના, તમામ વર્લ્ડ કપમાં, ભારત તરફથી, કયા ખિલાડીએ, કેટલા રન કર્યા, અને કેટલી વિકેટો લીધી, તેનો રેકોર્ડ બૂકમાં, સાચવી રાખ્યો છે.",0,15.141,0,not_selected_by_random,,,,
5916,"વિશ્વનાં અલગ અલગ, ભૌગોલિક સ્થાનો, ઉપર વસતાં લોકોનાં, જેનોમમાં, જોવા મળતાં, ફેરફારોનો અભ્યાસ કરીને, વૈજ્ઞાનિકો પોપ્યુલેશન, જીનેટિક્સનો, અભ્યાસ કરી શકે છે.",0,13.527,0,not_selected_by_random,,,,
5917,"વિજ્ઞાનીઓના મતે, ગંભીર ઘટના છે, ગ્લોબલ વોર્મિંગની અસર છે, કે, કેમ તે અંગે, અનિશ્ચિતતા, અગાઉ ગ્રીનલેન્ડનો, બરફ પીગળી રહ્યો, હોવાનું નોંધાયું છે.",0,13.182,0,not_selected_by_random,,,,
5918,"પડદા પાછળથી આવતા, આછા અજવાળામાં, દેખાતી ધૂંધળી છાયાઓ, ફર્નિચર પર ઢાંકેલાં કપડાંના, સળો, બારીના છજ્જા પર બેઠેલાં, કબૂતરો નો આવાજ, સાંભળવા મળ્યો .",0,13.004,0,not_selected_by_random,,,,
5919,"ધર્મેન્દ્ર અને, હેમા માલિનીને, હવે એમ લાગે છે કે, એશાની કારકિર્દી, બરાબર જામી નથી, એનું મુખ્ય કારણ, એ જ છે કે, તેનું લોન્ચિંગ, યોગ્ય રીતે કરાયું નહોતું.",0,14.553,0,not_selected_by_random,,,,
5920,"તેમણે દેવતાઓને, વિષ્ણુને, બ્રહ્માજીને, ગરૂડ, હંસ નામના, વિમાનો, અને રથો વગેરે વાહનો, રાજા મહારથીઓ માટે રથ વિગેરે, નિર્માણ કરતા તેથી રથકારથી, તેના વંશજો, ઓળખાય છે.",0,16.674,0,not_selected_by_random,,,,
5921,"આ બાયોલોજીકલ સેમ્પલને, સીરામીકની બરણીમાં, દરીંગ વડે, સીલ કરશે, જેથી પૃથ્વીવાસી, પરંતુ, મંગળ માટે, એલિયન્સ, મંગળને દુષિત ન કરે.",0,12.85,0,not_selected_by_random,,,,
5922,"ક્રૂડનો ભાવવધારો, અને, ગબડી રહેલો રૂપિયો, મધ્યમવર્ગીય ગરીબ જનતાના, દુખ, મોંઘવારી, અને, ફુગાવાના વધારાથી, પીડાજનક, અને, અસહ્ય બન્યો છે.",0,12.571,0,not_selected_by_random,,,,
5923,"આ ઉપરાંત, તેમાં, એવી યંત્રણા હોય છે, કે, જે ઇંધણ, અને, ઓકિસડાઇઝરના પ્રવાહીઓનું, યોગ્ય પ્રમાણમાં, મિશ્રણ, પ્રણોદ ચેમ્બર, જે પાત્રમાં, ધક્કો લાગે છે, તે માં કરે છે.",0,14.457,0,not_selected_by_random,,,,
5924,"પરંતુ મૂળ સમસ્યા, પાણીના વઘુ ઉપયોગ ની છે, અને, તે પણ કિસાનો દ્વારા, થતા વઘુ ઉપયોગની, બે હજાર ના વર્ષમાં, દેશમાં, પાણીનો, નેવ્યાસી ટકા વપરાશ, ખેતી માટે, થતો હતો.",0,14.838,1,,gujarati_female_005924.wav,p a r a q t a u <wb> m a uu lx a <wb> s a m a s a y a aa <wb> p a aa nx a ii n a aa <wb> w a gh a u <wb> u p a y a o g a <wb> n a ii <wb> ch a ee <wb> a n a ee <wb> t a ee <wb> p a nx a <wb> k a i s a aa n a o <wb> d a w a aa r a aa <wb> th a t a aa <wb> w a gh a u <wb> u p a y a o g a n a ii <wb> b a ee <wb> h a j a aa r a <wb> n a aa <wb> w a r a sx a m a aa q <wb> d a ee sh a m a aa q <wb> p a aa nx a ii n a o <wb> n a ee w a y a aa s a ii <wb> tx a k a aa <wb> w a p a r a aa sh a <wb> kh a ee t a ii <wb> m a aa tx a ee <wb> th a t a o <wb> h a t a o,C28 C0 C29 C0 C23 C32 C0 C36 <wb> C22 C0 C36 C21 C0 <wb> C30 C0 C22 C0 C30 C0 C38 C0 C1 <wb> C28 C0 C1 C25 C0 C16 C24 C0 C1 <wb> C37 C0 C14 C0 C36 <wb> C36 C28 C0 C38 C0 C26 C13 C0 <wb> C24 C0 C16 <wb> C6 C0 C11 <wb> C0 C24 C0 C11 <wb> C32 C0 C11 <wb> C28 C0 C25 C0 <wb> C19 C0 C16 C30 C0 C1 C24 C0 C26 <wb> C7 C0 C37 C0 C1 C29 C0 C1 <wb> C33 C0 C32 C0 C1 <wb> C37 C0 C14 C0 C36 <wb> C36 C28 C0 C38 C0 C26 C13 C0 C24 C0 C16 <wb> C3 C0 C11 <wb> C15 C0 C17 C0 C1 C29 C0 <wb> C24 C0 C1 <wb> C37 C0 C29 C0 C31 C0 C22 C0 C1 C23 <wb> C7 C0 C11 C31 C0 C22 C0 C1 C23 <wb> C28 C0 C1 C25 C0 C16 C24 C0 C26 <wb> C24 C0 C11 C37 C0 C38 C0 C1 C30 C0 C16 <wb> C34 C0 C19 C0 C1 <wb> C37 C0 C28 C0 C29 C0 C1 C31 C0 <wb> C20 C0 C11 C32 C0 C16 <wb> C22 C0 C1 C34 C0 C11 <wb> C33 C0 C32 C0 C26 <wb> C15 C0 C32 C0 C26,train
5926,"બીજો કોઈ રસ્તો ન સૂઝતા, જ્યારે તે સાધુને મળ્યો, ત્યારે તેણે સલાહ આપી, કે, તે તરત જ ગુરુ પાસે, જવા માટે, નીકળી જાય, અને, તે મંત્ર ગ્રંથ, લઈ આવે છે.",0,14.118,0,not_selected_by_random,,,,
5927,"ફિલ્મનું સંગીત તો, લોન્ચ થયાં બાદ જ હિટ થઈ ગયું છે, તેમાંય, ખાસ કરીને, ફિલ્મનું ટાઈટલ સોંગ, 'બોલ બચ્ચન' માં, અમિતાભ બચ્ચને, મહેમાન કલાકાર તરીકે, હાજરી આપી છે.",0,14.443,1,,gujarati_female_005927.wav,ph a i l a m a n a u q <wb> s a q g a ii t a <wb> t a o <wb> l a o n a c a <wb> th a y a aa q <wb> b a aa d a <wb> j a <wb> h a i tx a <wb> th a ii <wb> g a y a u q <wb> ch a ee <wb> t a ee m a aa q y a <wb> kh a aa s a <wb> k a r a ii n a ee <wb> ph a i l a m a n a u q <wb> tx a aa ii tx a l a <wb> s a o q g a <wb> b a o l a <wb> b a c a c a n a <wb> m a aa q <wb> a m a i t a aa bh a <wb> b a c a c a n a ee <wb> m a h a ee m a aa n a <wb> k a l a aa k a aa r a <wb> t a r a ii k a ee <wb> h a aa j a r a ii <wb> aa p a ii <wb> ch a ee,C12 C0 C16 C21 C0 C22 C0 C24 C0 C36 C23 <wb> C30 C0 C23 C13 C0 C16 C32 C0 <wb> C32 C0 C26 <wb> C21 C0 C26 C24 C0 C5 C0 <wb> C33 C0 C38 C0 C1 C23 <wb> C3 C0 C1 C7 C0 <wb> C17 C0 <wb> C15 C0 C16 C34 C0 <wb> C33 C0 C16 <wb> C13 C0 C38 C0 C36 C23 <wb> C6 C0 C11 <wb> C32 C0 C11 C22 C0 C1 C23 C38 C0 <wb> C20 C0 C1 C30 C0 <wb> C19 C0 C29 C0 C16 C24 C0 C11 <wb> C12 C0 C16 C21 C0 C22 C0 C24 C0 C36 C23 <wb> C34 C0 C1 C16 C34 C0 C21 C0 <wb> C30 C0 C26 C23 C13 C0 <wb> C3 C0 C26 C21 C0 <wb> C3 C0 C5 C0 C5 C0 C24 C0 <wb> C22 C0 C1 C23 <wb> C0 C22 C0 C16 C32 C0 C1 C4 C0 <wb> C3 C0 C5 C0 C5 C0 C24 C0 C11 <wb> C22 C0 C15 C0 C11 C22 C0 C1 C24 C0 <wb> C19 C0 C21 C0 C1 C19 C0 C1 C29 C0 <wb> C32 C0 C29 C0 C16 C19 C0 C11 <wb> C15 C0 C1 C17 C0 C29 C0 C16 <wb> C1 C28 C0 C16 <wb> C6 C0 C11,train
5928,"મદ્રાસ ઇન્સ્ટિટ્યૂટ ઓફ ડેવલપમેન્ટ સ્ટડીઝ સાથે, જોડાયેલા પાંડિયનના મતે, એનસીઈઆરટી ના, સમાજશાસ્ત્ર ના પાઠ્યપુસ્તકોમાં, કંઈ ખોટું નથી.",0,12.728,0,not_selected_by_random,,,,
5929,"હ્યુમન જેનોમ સિકવન્સ, ઉકેલવાની આપણી યોગ્યતા, કે, અયોગ્યતાનો આધાર, આપણે સિકવન્સ માટે, ક્યાં, ''ક્વોલીટી સ્ટાન્ડર્ડ'', નક્કી કરીએ છીએ, તેનાં ઉપર રહેલો છે.",0,13.913,0,not_selected_by_random,,,,
5930,"જિંદગીની વાસ્તવિકતા સાથેનો, આ મારો, પ્રથમ પરિચય હતો, અને, મને લાગ્યું કે, આ દુનિયામાં, નિ:સ્વાર્થ સહાનુભૂતિ, એક દુર્લભ ચીજ છે.",0,11.272,0,not_selected_by_random,,,,
5931,"થોડા સમય પહેલાં, રાષ્ટ્રીય જળનીતિના મુદ્દામાં, પણ પાણીની કિંમત, નક્કી કરવા, અને, જળ વિતરણના, ખાનગીકરણ તરફ, ઇશારો કરવામાં આવ્યો હતો.",0,13.294,0,not_selected_by_random,,,,
5932,"આ દુર્ઘટના પછી, તત્કાલીન વડા પ્રધાન, પંડિત નહેરુએ, ટિપ્પણ કરી હતી, કે, નેતાઓએ, કુંભ મેળાની, મુલાકાતે જવાનો, મોહ, ટાળવો જોઈએ.",0,11.61,1,,gujarati_female_005932.wav,aa <wb> d a u r a gh a tx a n a aa <wb> p a ch a ii <wb> t a t a k a aa l a ii n a <wb> w a dx a aa <wb> p a r a dh a aa n a <wb> p a q dx a i t a <wb> n a h a ee r a u ee <wb> tx a i p a p a nx a <wb> k a r a ii <wb> h a t a ii <wb> k a ee <wb> n a ee t a aa o ee <wb> k a u q bh a <wb> m a ee lx a aa n a ii <wb> m a u l a aa k a aa t a ee <wb> j a w a aa n a o <wb> m a o h a <wb> tx a aa lx a w a o <wb> j a o ii ee,C1 <wb> C7 C0 C36 C29 C0 C14 C0 C34 C0 C24 C0 C1 <wb> C28 C0 C6 C0 C16 <wb> C32 C0 C32 C0 C19 C0 C1 C21 C0 C16 C24 C0 <wb> C37 C0 C9 C0 C1 <wb> C28 C0 C29 C0 C8 C0 C1 C24 C0 <wb> C28 C0 C23 C9 C0 C16 C32 C0 <wb> C24 C0 C15 C0 C11 C29 C0 C36 C11 <wb> C34 C0 C16 C28 C0 C28 C0 C25 C0 <wb> C19 C0 C29 C0 C16 <wb> C15 C0 C32 C0 C16 <wb> C19 C0 C11 <wb> C24 C0 C11 C32 C0 C1 C26 C11 <wb> C19 C0 C36 C23 C4 C0 <wb> C22 C0 C11 C21 C0 C1 C24 C0 C16 <wb> C22 C0 C36 C21 C0 C1 C19 C0 C1 C32 C0 C11 <wb> C17 C0 C37 C0 C1 C24 C0 C26 <wb> C22 C0 C26 C15 C0 <wb> C34 C0 C1 C21 C0 C37 C0 C26 <wb> C17 C0 C26 C16 C11,train
5933,"ગરમાળા, ને ગુલમોર, લચી પડવાની તૈયારી કરતા, આંગણે ઊભા છે, પણ, ચોકઠાબદ્ધ, અને ટેવગ્રસ્ત જીવતા લોકો, આ બધાયથી, અળગા થઈ રહે છે.",0,13.046,0,not_selected_by_random,,,,
5934,"હું જો, રૂતુભ્યહ, ની દિક્ષા લઉં, અને, મારી જીવનનિષ્ઠા, વ્યક્ત કરવા માંડું, તો વર્ષાઋતુથી, એક પ્રકારથી, પ્રારંભ કરીને, પછી બીજી રીતે, વર્ષાઋતુથી જ, સમાપ્તિ કરું.",0,13.871,0,not_selected_by_random,,,,
5935,"એક મોટી ચળવળને, લોકપાલ નામની, કાનૂની ઘટનામાં, આ હદે ગંઠાવા દઈએ, અને, એને રાજકીય હાથો, બનવા દઈએ, તો, બે હજાર બાર નું, વર્ષ, ઊણુંઅલૂણું બની રહેશે.",0,15.906,1,,gujarati_female_005935.wav,ee k a <wb> m a o tx a ii <wb> c a lx a w a lx a n a ee <wb> l a o k a p a aa l a <wb> n a aa m a n a ii <wb> k a aa n a uu n a ii <wb> gh a tx a n a aa m a aa q <wb> aa <wb> h a d a ee <wb> g a q txh a aa w a aa <wb> d a ii ee <wb> a n a ee <wb> ee n a ee <wb> r a aa j a k a ii y a <wb> h a aa th a o <wb> b a n a w a aa <wb> d a ii ee <wb> t a o <wb> b a ee <wb> h a j a aa r a <wb> b a aa r a <wb> n a u q <wb> w a r a sx a <wb> uu nx a u q a l a uu nx a u q <wb> b a n a ii <wb> r a h a ee sh a ee,C11 C19 C0 <wb> C22 C0 C26 C34 C0 C16 <wb> C5 C0 C21 C0 C37 C0 C21 C0 C24 C0 C11 <wb> C21 C0 C26 C19 C0 C28 C0 C1 C21 C0 <wb> C24 C0 C1 C22 C0 C24 C0 C16 <wb> C19 C0 C1 C24 C0 C36 C24 C0 C16 <wb> C14 C0 C34 C0 C24 C0 C1 C22 C0 C1 C23 <wb> C1 <wb> C15 C0 C7 C0 C11 <wb> C13 C0 C23 C35 C0 C1 C37 C0 C1 <wb> C7 C0 C16 C11 <wb> C0 C24 C0 C11 <wb> C11 C24 C0 C11 <wb> C29 C0 C1 C17 C0 C19 C0 C16 C38 C0 <wb> C15 C0 C1 C33 C0 C26 <wb> C3 C0 C24 C0 C37 C0 C1 <wb> C7 C0 C16 C11 <wb> C32 C0 C26 <wb> C3 C0 C11 <wb> C15 C0 C17 C0 C1 C29 C0 <wb> C3 C0 C1 C29 C0 <wb> C24 C0 C36 C23 <wb> C37 C0 C29 C0 C31 C0 <wb> C36 C25 C0 C36 C23 C0 C21 C0 C36 C25 C0 C36 C23 <wb> C3 C0 C24 C0 C16 <wb> C29 C0 C15 C0 C11 C31 C0 C11,train
5936,"રિઝર્વ બેન્ક ઓફ ઇન્ડિયા, આરબીઆઈ એ, વધતાં જતાં, વ્યાજદરને રોકવા, નાણાં પૂરવઠાનું, પ્રમાણ થોડું ઓછું કરતાં, લોન પણ, હવે, મોંઘી બની છે.",0,12.644,0,not_selected_by_random,,,,
5937,"પર્યાય રુપે, ઈથેનોલનો ઉપયોગ થઈ શકે, પરંતુ, પેટ્રોલિયમની લાઈનમાંથી, તે પસાર થઈ શકતું નથી, કારણ કે, લો એનર્જી ડેન્સિટી ધરાવે છે.",0,12.399,1,,gujarati_female_005937.wav,p a r y aa y a <wb> r u p ee <wb> ii th ee n o l a n o <wb> u p a y a o g a <wb> th a ii <wb> sh a k a ee <wb> p a r a q t a u <wb> p a ee tx a r a o l a i y a m a n a ii <wb> l aa ii n a m aa mq th ii <wb> t a ee <wb> p a s a aa r a <wb> th a ii <wb> sh a k a t a u q <wb> n a th a ii <wb> k a aa r a nx a <wb> k a ee <wb> l a o <wb> ee n a r a j a ii <wb> dx ee n s i tx ii <wb> dh a r a aa w a ee <wb> ch a ee,C28 C0 C29 C38 C1 C38 C0 <wb> C29 C36 C28 C11 <wb> C16 C33 C11 C24 C26 C21 C0 C24 C26 <wb> C36 C28 C0 C38 C0 C26 C13 C0 <wb> C33 C0 C16 <wb> C31 C0 C19 C0 C11 <wb> C28 C0 C29 C0 C23 C32 C0 C36 <wb> C28 C0 C11 C34 C0 C29 C0 C26 C21 C0 C16 C38 C0 C22 C0 C24 C0 C16 <wb> C21 C1 C16 C24 C0 C22 C1 C23 C33 C16 <wb> C32 C0 C11 <wb> C28 C0 C30 C0 C1 C29 C0 <wb> C33 C0 C16 <wb> C31 C0 C19 C0 C32 C0 C36 C23 <wb> C24 C0 C33 C0 C16 <wb> C19 C0 C1 C29 C0 C25 C0 <wb> C19 C0 C11 <wb> C21 C0 C26 <wb> C11 C24 C0 C29 C0 C17 C0 C16 <wb> C9 C11 C24 C30 C16 C34 C16 <wb> C8 C0 C29 C0 C1 C37 C0 C11 <wb> C6 C0 C11,train
5938,"રાહુલ દ્રવિડે, પહેલી ટેસ્ટમાં, પંચાણું રનની, ઝંઝાવાતી પાળી રમીને, સાબિત કરી આપ્યું, કે, તેનામાં, કાંઇક અનોખી, પ્રતિભા છે.",0,11.019,0,not_selected_by_random,,,,
5939,"બે હજાર બાર, - ઓલિમ્પિક રમતોત્સવના ઉદ્ઘાટન સમારોહની, ઉજવણી માટે, વિવિધ દેશોની, મળીને કુલ, પાંસો છ હસ્તીઓને, સત્તાવાર આમંત્રણ મોકલવામાં આવ્યું છે.",0,14.21,0,not_selected_by_random,,,,
5940,"હવે સરકાર તરફથી, લીલી ઝંડી મળ્યા બાદ, પહેલીવાર, બીસીસીઆઈએ પણ, સંકેત આપી દીધા છે, કે બંને દેશો વચ્ચે, ક્રિકેટ સબંધો, સુધારવામાં આવે.",0,13.19,0,not_selected_by_random,,,,
5941,"સાકરના ઉત્પાદન ખર્ચમાં, સિત્તેર ટકા ખર્ચ, શેરડી માટે થતો હોવાથી, જો કારખાનાવાળાઓ જ કંઈ ન કમાય, તો ખેડૂતોને, કેવી રીતે સારી કિંમત, ચૂકવી શકે?.",0,12.754,0,not_selected_by_random,,,,
5942,"ઇન્ટર કોલેજ, ટેનિસ ચેમ્પિયનશીપમાં, એચએલસીસીના, વૈદિક મુન્શાએ, આરએચપી કોલેજના, સમીપ મહેતાને, છ - બે, છ - બે થી હરાવીને સિંગલ્સ ટાઇટલ જીત્યું હતુ.",0,16.597,0,not_selected_by_random,,,,
5943,"અહીં ઉલ્લેખનીય વાત એ છે કે, કૃષિમાં સારી આવક થાય, તે માટે સરકારે અનાજના લઘુત્તમ ટેકારૂપ ભાવમાં, વધારો કર્યો હતો, અને તેથી તેની કિંમતમાં, વધારો થયો છે.",0,14.939,0,not_selected_by_random,,,,
5944,"વ્યાયામ કે સ્પર્ધા શરૂ થયા પહેલા, તમારામાં પૂરતી ઊર્જા છે, તે નક્કી કરવું જોઈએ. કે, તમે લીધેલા આહારનું, પૂરેપુરુ પાચન થઈ ગયું છે.",0,11.996,0,not_selected_by_random,,,,
5945,"ગુલાબી રંગની, સાવ આછી ઝાંયવાળા શુભ્રથી માંડીને, ઘાટા ગુલાબી સુધીના રંગ, એની મંજરીઓમાં, એકસાથે જોવા મળે, એ દ્રશ્ય, મનમોહક હોય છે.",0,13.351,1,,gujarati_female_005945.wav,g a u l a aa b a ii <wb> r a q g a n a ii <wb> s a aa w a <wb> aa ch a ii <wb> jh a aa q y a w a aa lx a aa <wb> sh a u bh a r a th a ii <wb> m a aa q dx a ii n a ee <wb> gh a aa tx a aa <wb> g a u l a aa b a ii <wb> s a u dh a ii n a aa <wb> r a q g a <wb> ee n a ii <wb> m a q j a r a ii o m a aa q <wb> ee k a s a aa th a ee <wb> j a o w a aa <wb> m a lx a ee <wb> ee <wb> d a r a sh a y a <wb> m a n a m a o h a k a <wb> h a o y a <wb> ch a ee,C13 C0 C36 C21 C0 C1 C3 C0 C16 <wb> C29 C0 C23 C13 C0 C24 C0 C16 <wb> C30 C0 C1 C37 C0 <wb> C1 C6 C0 C16 <wb> C18 C0 C1 C23 C38 C0 C37 C0 C1 C21 C0 C1 <wb> C31 C0 C36 C4 C0 C29 C0 C33 C0 C16 <wb> C22 C0 C1 C23 C9 C0 C16 C24 C0 C11 <wb> C14 C0 C1 C34 C0 C1 <wb> C13 C0 C36 C21 C0 C1 C3 C0 C16 <wb> C30 C0 C36 C8 C0 C16 C24 C0 C1 <wb> C29 C0 C23 C13 C0 <wb> C11 C24 C0 C16 <wb> C22 C0 C23 C17 C0 C29 C0 C16 C26 C22 C0 C1 C23 <wb> C11 C19 C0 C30 C0 C1 C33 C0 C11 <wb> C17 C0 C26 C37 C0 C1 <wb> C22 C0 C21 C0 C11 <wb> C11 <wb> C7 C0 C29 C0 C31 C0 C38 C0 <wb> C22 C0 C24 C0 C22 C0 C26 C15 C0 C19 C0 <wb> C15 C0 C26 C38 C0 <wb> C6 C0 C11,train
5946,"બે ત્રણ દિવસ સુધી, ભારે વરસાદ નહીં થાય, અરબી સમુદ્રમાં, મોન્સૂન કરંટ, અને, સાયક્લોનિક સિસ્ટમ, રફેદફે, હાલમાં કોઇ મોન્સૂન સિસ્ટમ, પણ, ડેવલપ, થઇ રહી નથી.",0,14.512,1,,gujarati_female_005946.wav,b a ee <wb> t a r a nx a <wb> d a i w a s a <wb> s a u dh a ii <wb> bh a aa r a ee <wb> w a r a s a aa d a <wb> n a h a ii q <wb> th a aa y a <wb> a r a b a ii <wb> s a m a u d a r a m a aa q <wb> m a o n a s a uu n a <wb> k a r a q tx a <wb> a n a ee <wb> s a aa y a k a l a o n a i k a <wb> s a i s a tx a m a <wb> r a ph a ee d a ph a ee <wb> h a aa l a m a aa q <wb> k a o i <wb> m a o n a s a uu n a <wb> s a i s a tx a m a <wb> p a nx a <wb> dx a ee w a l a p a <wb> th a i <wb> r a h a ii <wb> n a th a ii,C3 C0 C11 <wb> C32 C0 C29 C0 C25 C0 <wb> C7 C0 C16 C37 C0 C30 C0 <wb> C30 C0 C36 C8 C0 C16 <wb> C4 C0 C1 C29 C0 C11 <wb> C37 C0 C29 C0 C30 C0 C1 C7 C0 <wb> C24 C0 C15 C0 C16 C23 <wb> C33 C0 C1 C38 C0 <wb> C0 C29 C0 C3 C0 C16 <wb> C30 C0 C22 C0 C36 C7 C0 C29 C0 C22 C0 C1 C23 <wb> C22 C0 C26 C24 C0 C30 C0 C36 C24 C0 <wb> C19 C0 C29 C0 C23 C34 C0 <wb> C0 C24 C0 C11 <wb> C30 C0 C1 C38 C0 C19 C0 C21 C0 C26 C24 C0 C16 C19 C0 <wb> C30 C0 C16 C30 C0 C34 C0 C22 C0 <wb> C29 C0 C12 C0 C11 C7 C0 C12 C0 C11 <wb> C15 C0 C1 C21 C0 C22 C0 C1 C23 <wb> C19 C0 C26 C16 <wb> C22 C0 C26 C24 C0 C30 C0 C36 C24 C0 <wb> C30 C0 C16 C30 C0 C34 C0 C22 C0 <wb> C28 C0 C25 C0 <wb> C9 C0 C11 C37 C0 C21 C0 C28 C0 <wb> C33 C0 C16 <wb> C29 C0 C15 C0 C16 <wb> C24 C0 C33 C0 C16,train
5947,"પુષ્પચિત્ર, શ્રવણ, અને, રેવતી, એટલે, ચારે, દિશાએથી, આપણને, આશીર્વાદ મળે, આનો ભદ્રોકતવો, યન્તુ, વિશ્વત, આપણે માટે, મંગલમયી, બને.",0,12.528,0,not_selected_by_random,,,,
5948,"જોવામાં એટલા મશગૂલ, થઈ ગયા હો, કે, તેણે તમારી પાસેથી, ઉદાસ ચહેરે, ચૂપચાપ, પોતાની વાત, રજૂ કર્યા વગર, સૂઈ જવું, પડ્યું હોય?",0,11.384,0,not_selected_by_random,,,,
5949,"કેટલાંય ઘરની છત પર, વરસાદની ધાર, ટકરાતી સાંભળી છે, નળિયાં ચૂવતાં ત્યારે, તેની નીચે, વાસણો ગોઠવી દીધાં છે, ધધૂડા નીચે, નાગોધડંગ, ઊભો રહ્યો છું.",0,13.158,0,not_selected_by_random,,,,
5950,"શેરી માને છે કે, મંગળ ઉપર, સુક્ષ્મ જીવસૃષ્ટી, જો ભૂતકાળમાં, વિકસી હોય, તો તેમાં, એસીડીઆનસ ઇન્ફર્નસ, જેવાં બેકટેરીયા પણ, હોવા જોઈએ, જે એસીડીક વાતાવરણમાં, પણ ટકી શકવા, સમર્થ હશે.",0,17.136,1,,gujarati_female_005950.wav,sh a ee r a ii <wb> m a aa n a ee <wb> ch a ee <wb> k a ee <wb> m a q g a lx a <wb> u p a r a <wb> s a u k a sx a m a <wb> j a ii w a s a sx a tx a ii <wb> j a o <wb> bh a uu t a k a aa lx a m a aa q <wb> w a i k a s a ii <wb> h a o y a <wb> t a o <wb> t a ee m a aa q <wb> ee s a ii dx a ii aa n a s a <wb> i n a ph a r a n a s a <wb> j a ee w a aa q <wb> b a ee k a tx a ee r a ii y a aa <wb> p a nx a <wb> h a o w a aa <wb> j a o ii ee <wb> j a ee <wb> ee s a ii dx a ii k a <wb> w a aa t a aa w a r a nx a m a aa q <wb> p a nx a <wb> tx a k a ii <wb> sh a k a w a aa <wb> s a m a r a th a <wb> h a sh a ee,C31 C0 C11 C29 C0 C16 <wb> C22 C0 C1 C24 C0 C11 <wb> C6 C0 C11 <wb> C19 C0 C11 <wb> C22 C0 C23 C13 C0 C21 C0 <wb> C36 C28 C0 C29 C0 <wb> C30 C0 C36 C19 C0 C31 C0 C22 C0 <wb> C17 C0 C16 C37 C0 C30 C0 C31 C0 C34 C0 C16 <wb> C17 C0 C26 <wb> C4 C0 C36 C32 C0 C19 C0 C1 C21 C0 C22 C0 C1 C23 <wb> C37 C0 C16 C19 C0 C30 C0 C16 <wb> C15 C0 C26 C38 C0 <wb> C32 C0 C26 <wb> C32 C0 C11 C22 C0 C1 C23 <wb> C11 C30 C0 C16 C9 C0 C16 C1 C24 C0 C30 C0 <wb> C16 C24 C0 C12 C0 C29 C0 C24 C0 C30 C0 <wb> C17 C0 C11 C37 C0 C1 C23 <wb> C3 C0 C11 C19 C0 C34 C0 C11 C29 C0 C16 C38 C0 C1 <wb> C28 C0 C25 C0 <wb> C15 C0 C26 C37 C0 C1 <wb> C17 C0 C26 C16 C11 <wb> C17 C0 C11 <wb> C11 C30 C0 C16 C9 C0 C16 C19 C0 <wb> C37 C0 C1 C32 C0 C1 C37 C0 C29 C0 C25 C0 C22 C0 C1 C23 <wb> C28 C0 C25 C0 <wb> C34 C0 C19 C0 C16 <wb> C31 C0 C19 C0 C37 C0 C1 <wb> C30 C0 C22 C0 C29 C0 C33 C0 <wb> C15 C0 C31 C0 C11,val
5951,"આખરે, સડક વ્યવસ્થાને, સુવ્યવસ્થિત શા માટે, નથી કરવામાં આવતી, જેથી, પેટ્રોલ-ડીઝલની સાથે-સાથે, હજારો જિંદગીઓ પણ, બચાવી શકાય.",0,12.83,0,not_selected_by_random,,,,
5952,"ઇન્ડિયન સુગર મેન્યુફેકચરર્સ, એસોસિએશન, ઇસ્મા ના ડાયરેક્ટર જનરલ, અવિનાશ વર્માએ, જણાવ્યું હતું કે, એકાદ મહિનામાં, સાકરના ભાવ, સ્થિર થઈ જશે.",0,13.007,0,not_selected_by_random,,,,
5953,"ફંડા એ છે કે, પોતાની જવાબદારીઓ નિભાવતી વખતે, ક્યારેક, તમારે કોઈનું જીવન બચાવવા માટે, તમારી ડ્યૂટીથી, આગળ જઈને, કામ કરવું જોઈએ.",0,12.856,0,not_selected_by_random,,,,
5954,"ભારતની રાષ્ટ્રિય એરલાઇન્સ, અથવા સાદા શબ્દોમાં કહીએ તો, સરકારી એરલાઇન્સ, ગણાતી એર ઇન્ડિયા, લગભગ, છેલ્લા બે મહિનાથી, હડતાળગ્રસ્ત હતી.",0,13.156,0,not_selected_by_random,,,,
5955,"આ અંગે, જતીન શાહ, કહે છે કે, જો અજાણ્યા માણસને, આ મશીન, ઓપરેટ કરવું હોય, તો તે, માટે ટ્રેનીંગ મોડની સુવિધા, પણ, આ ડિઝિટલ મશીનમાં, સમાવવામાં, આવી છે.",0,13.793,1,,gujarati_female_005955.wav,aa <wb> a q g a ee <wb> j a t a ii n a <wb> sh a aa h a <wb> k a h a ee <wb> ch a ee <wb> k a ee <wb> j a o <wb> a j a aa nx a y a aa <wb> m a aa nx a s a n a ee <wb> aa <wb> m a sh a ii n a <wb> o p a r a ee tx a <wb> k a r a w a u q <wb> h a o y a <wb> t a o <wb> t a ee <wb> m a aa tx a ee <wb> tx a r a ee n a ii q g a <wb> m a o dx a n a ii <wb> s a u w a i dh a aa <wb> p a nx a <wb> aa <wb> dx a i jh a i tx a l a <wb> m a sh a ii n a m a aa q <wb> s a m a aa w a w a aa m a aa q <wb> aa w a ii <wb> ch a ee,C1 <wb> C0 C23 C13 C0 C11 <wb> C17 C0 C32 C0 C16 C24 C0 <wb> C31 C0 C1 C15 C0 <wb> C19 C0 C15 C0 C11 <wb> C6 C0 C11 <wb> C19 C0 C11 <wb> C17 C0 C26 <wb> C0 C17 C0 C1 C25 C0 C38 C0 C1 <wb> C22 C0 C1 C25 C0 C30 C0 C24 C0 C11 <wb> C1 <wb> C22 C0 C31 C0 C16 C24 C0 <wb> C26 C28 C0 C29 C0 C11 C34 C0 <wb> C19 C0 C29 C0 C37 C0 C36 C23 <wb> C15 C0 C26 C38 C0 <wb> C32 C0 C26 <wb> C32 C0 C11 <wb> C22 C0 C1 C34 C0 C11 <wb> C34 C0 C29 C0 C11 C24 C0 C16 C23 C13 C0 <wb> C22 C0 C26 C9 C0 C24 C0 C16 <wb> C30 C0 C36 C37 C0 C16 C8 C0 C1 <wb> C28 C0 C25 C0 <wb> C1 <wb> C9 C0 C16 C18 C0 C16 C34 C0 C21 C0 <wb> C22 C0 C31 C0 C16 C24 C0 C22 C0 C1 C23 <wb> C30 C0 C22 C0 C1 C37 C0 C37 C0 C1 C22 C0 C1 C23 <wb> C1 C37 C0 C16 <wb> C6 C0 C11,train
5956,"રશિયાનું, સોયૂઝ અવકાશયાન, સુનીતા, અને એમની ટીમને લઈને, કઝાખીસ્તાનના, બૈકોનુર ખાતેના, અવકાશ મથકેથી, રવિવારે સવારે, સ્થાનિક સમય, આઠ વાગે, રવાના થશે.",0,15.929,0,not_selected_by_random,,,,
5957,"કટેથોન ઇવેન્ટ, હેઠળ, અમારા ગૃપના, અગિયાર મેમ્બર્સ, શહેરના, પશ્ચિમ વિસ્તારમાં આવેલા, ગુલમહોર પાર્કમાં, સવારથી સાંજ સુધી, ફ્રીમાં હેરકટ, કરી આપશે.",0,13.839,0,not_selected_by_random,,,,
5958,"વરસાદી પાણી, એટલી ઉગ્રતાથી, ધસમસ્યાં હતાં, કે, સુનામી જેવાં, ઉછળતાં, મોજાંઓથી, મકાનો, વાહનો, અને વૃક્ષો, રમકડાંની માફક, ફેંકાયા હતા.",0,12.88,0,not_selected_by_random,,,,
5959,"જોકે, અત્યારે નવા સોફ્ટવેર, અને, સિસ્ટમની ચકાસણી થઈ રહી છે, જેની મદદથી, આ પ્રક્રિયાને, થોડી વધારે, ઝડપી, બનાવી શકાશે.",0,11.84,0,not_selected_by_random,,,,
5960,"સોના ચાંદીના, બજારોએ, બે હજાર દસ ને, ઝગમગાવ્યું હતું, અને, વર્ષાન્તે, પણ તે, ચળકાટ ચાલુ રહ્યો હતો, એમ, બે હજાર અગિયાર નું વર્ષ પણ, આ ચળકાટને, અપનાવી રાખશે, એમ, બજારનો ટ્રેન્ડ, બતાવી રહ્યો છે.",0,17.551,0,not_selected_by_random,,,,
5961,"તેઓએ કહ્યું કે, હાજીપુરથી, પાંચ કિલોમીટર પૂર્વ, અંકોરનગરમાં, સ્થાપિત થનારું, આ મંદિર, ત્રણ સો સાઈઠ ફુટ લાંબુ, ત્રણ સો સાઈઠ ફુટ પહોળું, અને, બસો સિત્તેર ફુટ ઉંચુ હશે.",0,14.989,0,not_selected_by_random,,,,
5962,"આ પ્રયુક્તિની, ક્ષમતા એવી હોવી જોઇએ, જે, સૂર્યના, વિકિરણમાં આવતાં નજીક, અધોરક્ત તરંગો, અને દ્રશ્ય પ્રકાશના તરંગોને, ઝીલી શકે, અને, તેને એકઠા કરે.",0,14.169,0,not_selected_by_random,,,,
5963,"વિશ્વની જાણીતી દવાની કંપની, ગ્લેક્સોસ્મિતક્લાઇન જીએસકે, એ આરોગ્ય ક્ષેત્રે, પોતે કરેલાં કૌભાંડો, બદલ, આરોપો સ્વીકારી લીધા છે.",0,12.805,0,not_selected_by_random,,,,
5964,"જાગૃતિબહેન, કહે છે, હું ગીત ગાતાં ગાતાં, કે, વાતો કરતાં, દેરાસર, તીર્થંકર, કોયલ, કબૂતર, મોર, ગણેશજી, વગેરેને, થોડીક વારમાં જ, તૈયાર, કરી દઉં છું.",0,14.706,0,not_selected_by_random,,,,
5965,"આ વર્ષે, જાહેર કરાયેલી, સંદેશાવ્યવહાર નીતિમાં, વપરાશકર્તાઓને, બે હજાર પંદર સુધી, સસ્તું, અને, વિશ્વસનીય બ્રોડબેન્ડ, ઉપલબ્ધ કરાવવાનું લક્ષ્ય, જાહેર કરાયું હતું.",0,14.954,0,not_selected_by_random,,,,
5966,"ટીવીનું વોલ્યુમ, બંધ રાખીને, અઠ્ઠાવીસ વર્ષ પછી, અમે એ રેડીયાને, ટીવીની સામે, ટેબલ પર ગોઠવીને, બે હજાર અગિયાર ના, વર્લ્ડકપના ફાઈનલ મેચની, કોમેનટ્રીની, મજા માણીશું.",0,15.115,0,not_selected_by_random,,,,
5967,"આપણે તેમની, કાર્યપદ્ધતિમાં, શા માટે, હસ્તક્ષેપ કરી રહ્યા છીએ, જેને લીધે, તેની, બ્રાન્ડ વેલ્યૂ પર, દૂરોગામી, અસર પડી શકે છે?.",0,11.418,0,not_selected_by_random,,,,
5968,"વર્લ્ડ કપની જાહેરાતોથી, માંડી, અન્ય આવક વધારવા, આઇસીસીએ, ચાહકોને માથે, જે લાંબુલચક, ફોરમેટ ફટકાર્યું છે, તેના પર, નજર નાખવા જેવી છે.",0,14.017,0,not_selected_by_random,,,,
5969,"જકાર્તાની સફળતા, આ દૃષ્ટિએ, અત્યંત મહત્ત્વની છે, કે, ત્યાંની ફાઈનલમાં, તેણે, ચીનની, લી, શૂએરૂઈને, હરાવી છે, જે, દુનિયામાં, ત્રીજા નંબરની, ખેલાડી છે.",0,14.813,0,not_selected_by_random,,,,
5970,"ત્રણ હજાર બસો પચાસ વીડિયોની, સંખ્યા, સાઈઠ કરોડ, અત્યાર સુધી થયેલી પરીક્ષા, પ્રતિદિન, વીસ લાખથી વધુ, પંદર હજાર કલાસરૂમમાં, ખાન અકાદમીનો, કોર્સ, ભણાવાય છે.",0,16.296,0,not_selected_by_random,,,,
5971,"ભારત તેના, ઉપખંડમાં જ, મેચ રમવાનું હોઈ, આજે જાહેર થયેલી ટીમમાં, કોઈ ઈજાગ્રસ્ત થશે, તો, ભારત, પાર્થિવ જેવાને, ચાલુ વર્લ્ડકપ દરમ્યાન, સામેલ કરી શકશે.",0,14.259,0,not_selected_by_random,,,,
5972,"બાઇકિંગ સ્ટન્ટના દિગ્ગજ, અને, ચાર વખત, સ્ટન્ટ બાઇકિંગ માં, વર્લ્ડ ચેમ્પિયન બનેલા, ક્રિસ ફિફરે, અમદાવાદમાં પોતાના, બાઇકિંગ સ્ટન્ટ કરીને, ચાહકોના જીવ, તાળવે ચોંટાડી દીધા હતા.",0,15.073,0,not_selected_by_random,,,,
5973,"સ્થળાંતર કામગીરી હાથ ધરી શકાઇ, ન હોવાથી, મૃત્યુઆંક, વધશે, તેવી આશંકા, કવીન્સલેન્ડના, પ્રીમિઅર, અન્ના બ્લીધે, વ્યકત કરી હતી.",0,11.642,0,not_selected_by_random,,,,
5974,"તે પછી, સુડતાલીસ સેકન્ડ બાદ, વૈજ્ઞાનિકોને જાણવા મળ્યું કે, રોકેટમાં રહેલા, કોમ્પ્યુટર અને, સ્ટ્રેપ ઓન મોટરો, વચ્ચે સંકેતોની, આપલે થતી નથી.",0,12.916,0,not_selected_by_random,,,,
5975,"ગંભીર, ઓગણ ચાલીસ બોલમાં, ઓગણ ચાલીસ રન બનાવીને, પુરા પ્રભુત્વ હેઠળ હતો, પણ, મહમુદુલ્લાહના, અંદર તરફ ધસી આવેલા, સ્પિન બોલમાં, તેણે, થાપ ખાતા, બોલ્ડ થયો હતો.",0,14.759,0,not_selected_by_random,,,,
5976,"હનોઈમાં, આવેલા, ફ્રેન્ચ શૈલીના, ઓપેરા હાઉસમાં, ભવ્ય લાઈટ શૉ, અને, વિદેશી ડીજેના મ્યુઝિકના તાલે, લોકોએ, રંગેચંગે, પાર્ટી મનાવી હતી.",0,12.778,0,not_selected_by_random,,,,
5977,"મહાદેવની, અગિયાર રૂદ્રનું સ્વરૂપ, પ્રેરણાની, તીક્ષ્ણા, રોદ્રી, મયા, નિદ્રા, તુન્દ્રા, સુધા, ક્રોધીની, ક્રિયા, ઉદારી, અને મૃત્યુ છે.",0,14.272,0,not_selected_by_random,,,,
5978,"એક્સ્ટ્રા શોટ:, માર્ક વેબ દ્વારા, નિર્દેશિત હોલિવૂડની ફિલ્મ, ધ અમેઝિંગ સ્પાઈડરમેન ને, ગયા અઠવાડિયે, ભારતમાં, પંદર સો થિયેટરોમાં, રિલીઝ કરાઈ છે.",0,12.971,0,not_selected_by_random,,,,
5979,"બ્રાઝીલની, પેટ્રોબ્રાસ નામની સરકાર, સંચાલિત કંપનીએ, બસો એકતાલીસ ખનીજતેલના, કૂવાઓનું, ડ્રીલીંગ કરેલું, તે, હાલ નિષ્ક્રિય છે.",0,11.925,0,not_selected_by_random,,,,
5980,"બીજાવિશ્વયુદ્ધમાં, સબમરીનનાં પેરીસ્કોપ, ગાડીનાં વિન્ડશીલ્ડ, એર પ્લેનનાં, કેનોપીથી, માંડીને, ગન ટરેટ સુદ્ધાં, પ્લેક્ષી ગ્લાસનાં, બનવા લાગ્યા હતા.",0,12.898,0,not_selected_by_random,,,,
5981,"અનુષ્ઠાન, ગ્રહ પ્રવેશ, ચોપડાપૂજન, વ્યાપારિક પ્રસંગ, તેમજ, શૂભ પ્રસંગોથી, લઈને, રાજ્યાભિષેક જેવા, ઉચ્ચત્તમ પ્રકારના, કાર્યો માટે, ઉપયોગ થાય છે.",0,12.636,0,not_selected_by_random,,,,
5982,"ક્રેબ્સ સાઈકલ, સાઈટ્રિક એસિડ સાઈકલ, અને, સેલ મેટાબોલિઝમ, કોષ ચયાપચય પર, તેમના અઢાર મિનિટના લેકચરને, છ લાખ, પંચોતેર હજાર વખત, જોવાયો છે.",0,13.704,0,not_selected_by_random,,,,
5983,"જીએસએલવી, એફ, ઝિરો છ, કે જે, એડવાન્સ્ડ સંચાર ઉપગ્રહ જીસેટ, પાંચ પી ને, ભૂ, અનુવર્તનીય કક્ષામાં, જીઓસિન્ક્રોન્સ ઓરબીટમાં, મૂકનાર હતું.",0,15.808,0,not_selected_by_random,,,,
5984,"બોઈંગનાં, બી સત્તર, ફ્લાઈંટ ફોર્ટીસનું, પારદર્શક નાક, અને, એફ બાવીસ, રેપ્ટચર જેવાં, ફાઈટર પ્લેનનાં, સામાન્ય એક્રેલીકની જગ્યા, પ્લેક્ષી ગ્લાસે, લઈ લીધી છે.",0,14.059,0,not_selected_by_random,,,,
5985,"આ સાથે, વર્લ્ડકપની ટોપ ઈનિંગસમાં, સેહવાગ, કપિલદેવની, એક સો પંચોતેર, અણનમની, ઈનિંગ સાથે, તે સંયુક્ત, ચોથા ક્રમે રહ્યો છે.",0,11.941,0,not_selected_by_random,,,,
5986,"તેમજ બ્રહ્માજીનાં નેત્રમાંથી, અત્રિ ઋષિ, ગોદમાંથી, વશિષ્ઠ, કાનમાંથી પુલત્સ્ય, મુનિ, ચામડીમાંથી, ભૃગુ મુનિ, તેમજ, અંગુઠામાંથી, દક્ષ પ્રજાપતિ, પ્રકટ થયા છે.",0,13.715,0,not_selected_by_random,,,,
5987,"બિજિંગ, શાંઘાઇ, હોંગકોંગ, વગેરે જેવાં શહેરોમાં, ઉછેર પામતાં બાળકો, કશાક અગમ્ય કારણસર, ક્રમશઃ, સ્થૂળકાય બની રહ્યાં હતાં.",0,11.821,0,not_selected_by_random,,,,
5988,"બેંગકોકમાં યોજાનાર, રોબોકોન ઇન્ટરનેશનલ કોમ્પિટિશનમાં, નિરમા ઇન્સ્ટિટયૂટ ઓફ, ટેકનોલોજીના, સ્ટુડન્ટસ, દેશ તરફથી ભાગ લેશે.",0,10.588,1,,gujarati_female_005988.wav,b a ee q g a k a o k a m a aa q <wb> y a o j a aa n a aa r a <wb> r a o b a o k a o n a <wb> i n a tx a r a n a ee sh a n a l a <wb> k a o m a p a i tx a i sh a n a m a aa q <wb> n a i r a m a aa <wb> i n a s a tx a i tx a y a uu tx a <wb> o ph a <wb> tx a ee k a n a o l a o j a ii n a aa <wb> s a tx a u dx a n a tx a s a <wb> d a ee sh a <wb> t a r a ph a th a ii <wb> bh a aa g a <wb> l a ee sh a ee,C3 C0 C11 C23 C13 C0 C19 C0 C26 C19 C0 C22 C0 C1 C23 <wb> C38 C0 C26 C17 C0 C1 C24 C0 C1 C29 C0 <wb> C29 C0 C26 C3 C0 C26 C19 C0 C26 C24 C0 <wb> C16 C24 C0 C34 C0 C29 C0 C24 C0 C11 C31 C0 C24 C0 C21 C0 <wb> C19 C0 C26 C22 C0 C28 C0 C16 C34 C0 C16 C31 C0 C24 C0 C22 C0 C1 C23 <wb> C24 C0 C16 C29 C0 C22 C0 C1 <wb> C16 C24 C0 C30 C0 C34 C0 C16 C34 C0 C38 C0 C36 C34 C0 <wb> C26 C12 C0 <wb> C34 C0 C11 C19 C0 C24 C0 C26 C21 C0 C26 C17 C0 C16 C24 C0 C1 <wb> C30 C0 C34 C0 C36 C9 C0 C24 C0 C34 C0 C30 C0 <wb> C7 C0 C11 C31 C0 <wb> C32 C0 C29 C0 C12 C0 C33 C0 C16 <wb> C4 C0 C1 C13 C0 <wb> C21 C0 C11 C31 C0 C11,train
5989,"સિંદૂરી રંગનાં, મોટા મોટા, ફૂલગુચ્છા, અને, ઘેરાં લીલાં પાનથી, શોભતાં, પેલાં મોટાં વૃક્ષોનું, પ્રચલિત નામ, મને પસંદ નથી.",0,11.438,0,not_selected_by_random,,,,
5990,"ફેગ વેન્ટર, વૈજ્ઞાનિક અને, કૃત્રિમ કોષ વિકસાવનાર, કેગ વેન્ટર ઈન્સ્ટિટયૂટ, અને, સિન્થેટીક, જેનોમિક્સનાં, સુત્રધાર છે.",0,10.845,0,not_selected_by_random,,,,
5991,"ફ્રિઝ, બૂટ ચંપલ, વૉશિંગમશીન, ભોજન, અંડર ગારમેન્ટ્સ, ચોક્કસ લેખકોનાં, ચોક્કસ પુસ્તકો.",0,8.385,0,not_selected_by_random,,,,
5992,"બ્રિટનના, મરેને, કારકિર્દીની, ત્રીજી ગ્રાન્ડ સ્લેમ ફાઇનલમાં પણ, રનર્સ અપની, ટ્રોફીથી, સંતોષ માનવો પડયો હતો.",0,9.708,0,not_selected_by_random,,,,
5993,"ભાગવત કથા અનુસાર, ભગવાન, શ્રીકૃષ્ણને, પરમં, બ્રહ્મ સ્વરૂપે, બે વ્યક્તિએ ઓળખ્યા. એક, માતા કુન્તા, ને, બીજા, ભીષ્મ પિતામહ.",0,10.96,1,,gujarati_female_005993.wav,bh a aa g a w a t a <wb> k a th a aa <wb> a n a u s a aa r a <wb> bh a g a w a aa n a <wb> sh a r a ii k a sx a nx a n a ee <wb> p a r a m a q <wb> b a r a h a m a <wb> s a w a r a uu p a ee <wb> b a ee <wb> w a y a k a t a i ee <wb> o lx a kh a y a aa <wb> ee k a <wb> m a aa t a aa <wb> k a u n a t a aa <wb> n a ee <wb> b a ii j a aa <wb> bh a ii sx a m a <wb> p a i t a aa m a h a,C4 C0 C1 C13 C0 C37 C0 C32 C0 <wb> C19 C0 C33 C0 C1 <wb> C0 C24 C0 C36 C30 C0 C1 C29 C0 <wb> C4 C0 C13 C0 C37 C0 C1 C24 C0 <wb> C31 C0 C29 C0 C16 C19 C0 C31 C0 C25 C0 C24 C0 C11 <wb> C28 C0 C29 C0 C22 C0 C23 <wb> C3 C0 C29 C0 C15 C0 C22 C0 <wb> C30 C0 C37 C0 C29 C0 C36 C28 C0 C11 <wb> C3 C0 C11 <wb> C37 C0 C38 C0 C19 C0 C32 C0 C16 C11 <wb> C26 C21 C0 C20 C0 C38 C0 C1 <wb> C11 C19 C0 <wb> C22 C0 C1 C32 C0 C1 <wb> C19 C0 C36 C24 C0 C32 C0 C1 <wb> C24 C0 C11 <wb> C3 C0 C16 C17 C0 C1 <wb> C4 C0 C16 C31 C0 C22 C0 <wb> C28 C0 C16 C32 C0 C1 C22 C0 C15 C0,train
5994,"અઢાર સો પચાસ ની, સોળ મી નવેમ્બરે, કેગનો આરંભ થયો, ત્યારે, તેના પ્રથમ, કોમ્પટ્રોલર એન્ડ, ઓડિટર જનરલ હતાં, સર, એડમંડ ડ્રમોન્ડ.",0,11.724,0,not_selected_by_random,,,,
5995,"મેટ્રો લિંક એક્સપ્રેસ, ફોર ગાંધીનગર એન્ડ અમદાવાદ, મેગા પ્રોજેક્ટના, એક્ઝિક્યુટીવ ચેરમેન તરીકે, સંજય ગુપ્તા, કાર્યરત છે.",0,11.124,0,not_selected_by_random,,,,
5996,"આમ પણ, સંસ્કૃતમાં, આંબાને, વસન્તદૂત, કોકિલોત્સવ, પિકરાગ, ભૃંગાભીષ્ઠ, રસાલ, મદાઢ્ય, મધ્યાવાસ, સુમદન, કહેવાય છે.",0,12.553,0,not_selected_by_random,,,,
5997,"સ્કન્દ પુરાણમાં, લખ્યું છે, શિવજીનું પૂજન, રાત્રીનું આઠ પહોરનું જાગરણ, તથા, ઉપવાસ મહાશિવરાત્રીના રોજ, કરવાવાળો મનુષ્યનો, પુનઃ, જન્મ થાશે નહિં.",0,13.207,0,not_selected_by_random,,,,
5998,"જ્યારે ઝુંડાલમાં, શિવરાત્રી નિમિત્તે, ભજન સંધ્યા, સેક્ટર બે બી ખાતે, આવેલ, ચંદ્રમૌલેશ્વર મંદિર ખાતે, હોમાત્કમ, લઘુરૂદ્ર, અને પંચમુખી મહાદેવ મંદિર ખાતે, ચાર પ્રહરની, પૂજા કરવામાં, આવી હતી.",0,17.237,0,not_selected_by_random,,,,
5999,"બ્રહ્માંડ પુરાણ, વિશ્વબ્રહ્મકૂળ અખ્યાન, સ્કન્દ પુરાણ પ્રભાસખંડ, વશિષ્ઠ પુરાણકાંડ ત્રણ, આ ગ્રંથોમાં, તેનું પ્રમાણ, જોવા મળે છે.",0,12.283,1,,gujarati_female_005999.wav,b a r a h a m a aa q dx a <wb> p a u r a aa nx a <wb> w a i sh a w a b a r a h a m a k a uu lx a <wb> a kh a y a aa n a <wb> s a k a n a d a <wb> p a u r a aa nx a <wb> p a r a bh a aa s a kh a q dx a <wb> w a sh a i sx a txh a <wb> p a u r a aa nx a k a aa q dx a <wb> t a r a nx a <wb> aa <wb> g a r a q th a o m a aa q <wb> t a ee n a u q <wb> p a r a m a aa nx a <wb> j a o w a aa <wb> m a lx a ee <wb> ch a ee,C3 C0 C29 C0 C15 C0 C22 C0 C1 C23 C9 C0 <wb> C28 C0 C36 C29 C0 C1 C25 C0 <wb> C37 C0 C16 C31 C0 C37 C0 C3 C0 C29 C0 C15 C0 C22 C0 C19 C0 C36 C21 C0 <wb> C0 C20 C0 C38 C0 C1 C24 C0 <wb> C30 C0 C19 C0 C24 C0 C7 C0 <wb> C28 C0 C36 C29 C0 C1 C25 C0 <wb> C28 C0 C29 C0 C4 C0 C1 C30 C0 C20 C0 C23 C9 C0 <wb> C37 C0 C31 C0 C16 C31 C0 C35 C0 <wb> C28 C0 C36 C29 C0 C1 C25 C0 C19 C0 C1 C23 C9 C0 <wb> C32 C0 C29 C0 C25 C0 <wb> C1 <wb> C13 C0 C29 C0 C23 C33 C0 C26 C22 C0 C1 C23 <wb> C32 C0 C11 C24 C0 C36 C23 <wb> C28 C0 C29 C0 C22 C0 C1 C25 C0 <wb> C17 C0 C26 C37 C0 C1 <wb> C22 C0 C21 C0 C11 <wb> C6 C0 C11,train
6000,"ઉગ્રસેન ગઢ, ખેંગાર ગઢ, મુસ્તફાબાદ, કિલ્લા એ ગિરનાર, સાર્વભૌમ નરેન્દ્રપુર, જૂનાણું અને, છેલ્લે આવ્યું, જૂનાગઢ.",0,10.147,1,,gujarati_female_006000.wav,u g a r a s a ee n a <wb> g a dxh a <wb> kh a ee q g a aa r a <wb> g a dxh a <wb> m a u s a t a ph a aa b a aa d a <wb> k a i l a l a aa <wb> ee <wb> g a i r a n a aa r a <wb> s a aa r a w a bh a ou m a <wb> n a r a ee n a d a r a p a u r a <wb> j a uu n a aa nx a u q <wb> a n a ee <wb> ch a ee l a l a ee <wb> aa w a y a u q <wb> j a uu n a aa g a dxh a,C36 C13 C0 C29 C0 C30 C0 C11 C24 C0 <wb> C13 C0 C10 C0 <wb> C20 C0 C11 C23 C13 C0 C1 C29 C0 <wb> C13 C0 C10 C0 <wb> C22 C0 C36 C30 C0 C32 C0 C12 C0 C1 C3 C0 C1 C7 C0 <wb> C19 C0 C16 C21 C0 C21 C0 C1 <wb> C11 <wb> C13 C0 C16 C29 C0 C24 C0 C1 C29 C0 <wb> C30 C0 C1 C29 C0 C37 C0 C4 C0 C27 C22 C0 <wb> C24 C0 C29 C0 C11 C24 C0 C7 C0 C29 C0 C28 C0 C36 C29 C0 <wb> C17 C0 C36 C24 C0 C1 C25 C0 C36 C23 <wb> C0 C24 C0 C11 <wb> C6 C0 C11 C21 C0 C21 C0 C11 <wb> C1 C37 C0 C38 C0 C36 C23 <wb> C17 C0 C36 C24 C0 C1 C13 C0 C10 C0,train
6001,"તેવી જ રીતે, તેમને, નેશનલ એકેડમી ઓફ, ઓડિટ એન્ડ, અકાઉન્ટસ અને, નેશનલ ઇન્સ્ટિટયુટ ઓફ, ફાઇનાન્સ મેનેજમેન્ટમાં, ખાસ તાલીમ, આપવામાં આવે છે.",0,12.655,1,,gujarati_female_006001.wav,t a ee w a ii <wb> j a <wb> r a ii t a ee <wb> t a ee m a n a ee <wb> n a ee sh a n a l a <wb> ee k a ee dx a m a ii <wb> o ph a <wb> o dx a i tx a <wb> ee n a dx a <wb> a k a aa u n a tx a s a <wb> a n a ee <wb> n a ee sh a n a l a <wb> i n a s a tx a i tx a y a u tx a <wb> o ph a <wb> ph a aa i n a aa n a s a <wb> m a ee n a ee j a m a ee n a tx a m a aa q <wb> kh a aa s a <wb> t a aa l a ii m a <wb> aa p a w a aa m a aa q <wb> aa w a ee <wb> ch a ee,C32 C0 C11 C37 C0 C16 <wb> C17 C0 <wb> C29 C0 C16 C32 C0 C11 <wb> C32 C0 C11 C22 C0 C24 C0 C11 <wb> C24 C0 C11 C31 C0 C24 C0 C21 C0 <wb> C11 C19 C0 C11 C9 C0 C22 C0 C16 <wb> C26 C12 C0 <wb> C26 C9 C0 C16 C34 C0 <wb> C11 C24 C0 C9 C0 <wb> C0 C19 C0 C1 C36 C24 C0 C34 C0 C30 C0 <wb> C0 C24 C0 C11 <wb> C24 C0 C11 C31 C0 C24 C0 C21 C0 <wb> C16 C24 C0 C30 C0 C34 C0 C16 C34 C0 C38 C0 C36 C34 C0 <wb> C26 C12 C0 <wb> C12 C0 C1 C16 C24 C0 C1 C24 C0 C30 C0 <wb> C22 C0 C11 C24 C0 C11 C17 C0 C22 C0 C11 C24 C0 C34 C0 C22 C0 C1 C23 <wb> C20 C0 C1 C30 C0 <wb> C32 C0 C1 C21 C0 C16 C22 C0 <wb> C1 C28 C0 C37 C0 C1 C22 C0 C1 C23 <wb> C1 C37 C0 C11 <wb> C6 C0 C11,val
6002,"કેપ્સ્યુલનાં, મધ્યભાગમાં, ઈઝરાયેલનાં, નેગેવની, ફળદ્રુપ માટીમાં, ખડતલ, માઈક્રોઓર્ગેનિઝમ, રાખવામાં આવશે.",0,9.963,0,not_selected_by_random,,,,
6003,"દક્ષિણ આફ્રિકામાં, ટ્રેનની, એકાંકી મુસાફરી દરમ્યાન, આ પુસ્તકનું, વાંચન, મોહનદાસ ને, મહાત્મા બનાવનાર, મહત્વનું, સીમાચિન્હ, બની જાય છે.",0,13.622,0,not_selected_by_random,,,,
6004,"વ્યક્તિગત સ્તર પર, નિર્ણય કરો, ઘરમાં, ઑફિસમાં, સામાજિક જીવનમાં, જ્યાં પ્રગતિ દેખાશે, હું, એ માટે, પ્રયત્નો કરીશ.",0,11.111,0,not_selected_by_random,,,,
6005,"જેમાં, સેહવાગ, ગંભીર, તેંડુલકર, કોહલી, રૈના, યુવરાજ, ધોની, અને, ઓલરાઉન્ડર, યુસુફ પઠાણ છે.",0,9.677,0,not_selected_by_random,,,,
6006,"ગજની, રેડી, અને, હાઉસફુલ ટુ, જેવી ધમાકેદાર, હિટ ફિલ્મોની હિરોઇન, અસિનની, લેટેસ્ટ ફિલ્મ, બોલ બચ્ચનને પણ, બોક્સઓફિસ પર, ભવ્ય ઓપનિંગ મળી ગયું.",0,13.644,0,not_selected_by_random,,,,
6007,"એમાં, ટયુમરમાંથી, સોફ્ટ ટિસ્યુ, માંસપેશીનો ટુકડો, બહાર કાઢી, એને, ફાઇનલ ડાયગ્નોસીસ નિદાન માટે, માઇક્રોસ્કોપ હેઠળ, મુકાય છે.",0,13.115,0,not_selected_by_random,,,,
6008,"દુનિયાભરમાં, ઈજનેરી ક્ષેત્રે, પાયાનો સિધ્ધાંત બની ગયેલ, આ પ્રમેય અનેક જટીલ, સંરચનાની, ડીઝાઈનો, બનાવવામાં વપરાય છે.",0,12.074,1,,gujarati_female_006008.wav,d a u n a i y a aa bh a r a m a aa q <wb> ii j a n a ee r a ii <wb> k a sx a ee t a r a ee <wb> p a aa y a aa n a o <wb> s a i dh a dh a aa q t a <wb> b a n a ii <wb> g a y a ee l a <wb> aa <wb> p a r a m a ee y a <wb> a n a ee k a <wb> j a tx a ii l a <wb> s a q r a c a n a aa n a ii <wb> dx a ii jh a aa ii n a o <wb> b a n a aa w a w a aa m a aa q <wb> w a p a r a aa y a <wb> ch a ee,C7 C0 C36 C24 C0 C16 C38 C0 C1 C4 C0 C29 C0 C22 C0 C1 C23 <wb> C16 C17 C0 C24 C0 C11 C29 C0 C16 <wb> C19 C0 C31 C0 C11 C32 C0 C29 C0 C11 <wb> C28 C0 C1 C38 C0 C1 C24 C0 C26 <wb> C30 C0 C16 C8 C0 C8 C0 C1 C23 C32 C0 <wb> C3 C0 C24 C0 C16 <wb> C13 C0 C38 C0 C11 C21 C0 <wb> C1 <wb> C28 C0 C29 C0 C22 C0 C11 C38 C0 <wb> C0 C24 C0 C11 C19 C0 <wb> C17 C0 C34 C0 C16 C21 C0 <wb> C30 C0 C23 C29 C0 C5 C0 C24 C0 C1 C24 C0 C16 <wb> C9 C0 C16 C18 C0 C1 C16 C24 C0 C26 <wb> C3 C0 C24 C0 C1 C37 C0 C37 C0 C1 C22 C0 C1 C23 <wb> C37 C0 C28 C0 C29 C0 C1 C38 C0 <wb> C6 C0 C11,test
6009,"તેમણે તેમની કારકિર્દી, આરંભ ઓગણીસ સો છાસઠમાં, હૈદ્રાબાદ ખાતે, નેશનલ જીઓફીઝીકલ, રીસર્ચ ઇન્સ્ટિટયૂટમાં, સીનિયર સાયન્ટીફીક આસીસ્ટંટ તરીકે, કરેલો હતો.",0,15.004,0,not_selected_by_random,,,,
6010,"તેના, હોમ પ્રોડકશનની, પ્રથમ ફિલ્મ, ફિર ભી, દિલ હૈ, હિન્દુસ્તાની, રિલીઝ થઈ હતી, જેને, બોક્સ ઓફિસ પર, નિષ્ફળતા, મળી હતી.",0,10.857,0,not_selected_by_random,,,,
6011,"ચમકતો લીલો રંગ, માથું, અને, ડોક, સોનેરી ઝાંયવાળા, રતુંબડા, ગળે કાળો, કાંઠલો, અને લાલચોળ આંખો ધરાવતું, આ પંખી, ખૂબ નમણું છે.",0,12.792,0,not_selected_by_random,,,,
6012,"સેહવાગના, ચૌદ ચોગ્ગા, પાંચ છગ્ગા, સાથે, એક સો ચાલીસ બોલમાં, એક સો પંચોત્તેર રન, સેહવાગ કોહલી વચ્ચે, ત્રીજી વિકેટની, બસો ત્રણ, રનની, ભાગીદારી.",0,13.793,0,not_selected_by_random,,,,
6014,"હિગ્સ, પાર્ટિકલ, એટલે કે, હિગ્સ બોસોન, અર્થાત્, ગોડ પાર્ટિકલ વિશે, ઓગણીસ સો ચોસઠ માં, બ્રિટિશ વિજ્ઞાની, પીટર હિગ્સ સહિતના, છ ભૌતિકશાસ્ત્રીઓએ, થિયરી, દર્શાવી હતી.",0,14.605,1,,gujarati_female_006014.wav,h a i g a s a <wb> p a aa r a tx a i k a l a <wb> ee tx a l a ee <wb> k a ee <wb> h a i g a s a <wb> b a o s a o n a <wb> a r a th a aa t a <wb> g a o dx a <wb> p a aa r a tx a i k a l a <wb> w a i sh a ee <wb> o g a nx a ii s a <wb> s a o <wb> c a o s a txh a <wb> m a aa q <wb> b a r a i tx a i sh a <wb> w a i j a nj a aa n a ii <wb> p a ii tx a r a <wb> h a i g a s a <wb> s a h a i t a n a aa <wb> ch a <wb> bh a ou t a i k a sh a aa s a t a r a ii o ee <wb> th a i y a r a ii <wb> d a r a sh a aa w a ii <wb> h a t a ii,C15 C0 C16 C13 C0 C30 C0 <wb> C28 C0 C1 C29 C0 C34 C0 C16 C19 C0 C21 C0 <wb> C11 C34 C0 C21 C0 C11 <wb> C19 C0 C11 <wb> C15 C0 C16 C13 C0 C30 C0 <wb> C3 C0 C26 C30 C0 C26 C24 C0 <wb> C0 C29 C0 C33 C0 C1 C32 C0 <wb> C13 C0 C26 C9 C0 <wb> C28 C0 C1 C29 C0 C34 C0 C16 C19 C0 C21 C0 <wb> C37 C0 C16 C31 C0 C11 <wb> C26 C13 C0 C25 C0 C16 C30 C0 <wb> C30 C0 C26 <wb> C5 C0 C26 C30 C0 C35 C0 <wb> C22 C0 C1 C23 <wb> C3 C0 C29 C0 C16 C34 C0 C16 C31 C0 <wb> C37 C0 C16 C17 C0 C24 C0 C1 C24 C0 C16 <wb> C28 C0 C16 C34 C0 C29 C0 <wb> C15 C0 C16 C13 C0 C30 C0 <wb> C30 C0 C15 C0 C16 C32 C0 C24 C0 C1 <wb> C6 C0 <wb> C4 C0 C27 C32 C0 C16 C19 C0 C31 C0 C1 C30 C0 C32 C0 C29 C0 C16 C26 C11 <wb> C33 C0 C16 C38 C0 C29 C0 C16 <wb> C7 C0 C29 C0 C31 C0 C1 C37 C0 C16 <wb> C15 C0 C32 C0 C16,train
6015,"મરે હારતાં, છેલ્લા પંચોત્તેર વર્ષથી, મેન્સ, સિંગલ્સ ગ્રાન્ડ સ્લેમ, ચેમ્પિયનની, રાહ જોઇ રહેલા, બ્રિટીશ ટેનિસ પ્રેમીઓમાં, ભારે, નિરાશા ફેલાવા, પામી હતી.",0,13.349,0,not_selected_by_random,,,,
6016,"ગ્રીસ, આયર્લેન્ડમાં, આર્થિક કટોકટીને કારણે, સેલિબ્રેશન, ફિક્કુ રહ્યું હતું, જ્યારે, સ્પેન, અને, પોર્ટુગલ, પણ કટોકટીમાં, સપડાય એવા, સંકેતો છે.",0,12.543,0,not_selected_by_random,,,,
6017,"શ્રીકૃષ્ણનું, પ્રેમ ભરેલ, વાક્ય સાંભળી, ઋષિ પ્રસન્ન થઈ બોલ્યાં, ગોવંદ, તમે, ધન્ય છો.",0,7.815,0,not_selected_by_random,,,,
6018,"ગણિતને, આત્મસાત્ કરનાર, અધ્યાપક, અન્નાસ્વામી, રંગનાથ રાવનું, સોમવાર તારીખ, અગિયાર એપ્રિલ, બે હજાર અગિયારના, રોજ, અવસાન થયું, છે.",0,11.61,1,,gujarati_female_006018.wav,g a nx a i t a n a ee <wb> aa t a m a s a aa t a <wb> k a r a n a aa r a <wb> a dh a y a aa p a k a <wb> a n a n a aa s a w a aa m a ii <wb> r a q g a n a aa th a <wb> r a aa w a n a u q <wb> s a o m a w a aa r a <wb> t a aa r a ii kh a <wb> a g a i y a aa r a <wb> ee p a r a i l a <wb> b a ee <wb> h a j a aa r a <wb> a g i y aa r a n aa <wb> r a o j a <wb> a w a s a aa n a <wb> th a y a u q <wb> ch a ee,C13 C0 C25 C0 C16 C32 C0 C24 C0 C11 <wb> C1 C32 C0 C22 C0 C30 C0 C1 C32 C0 <wb> C19 C0 C29 C0 C24 C0 C1 C29 C0 <wb> C0 C8 C0 C38 C0 C1 C28 C0 C19 C0 <wb> C0 C24 C0 C24 C0 C1 C30 C0 C37 C0 C1 C22 C0 C16 <wb> C29 C0 C23 C13 C0 C24 C0 C1 C33 C0 <wb> C29 C0 C1 C37 C0 C24 C0 C36 C23 <wb> C30 C0 C26 C22 C0 C37 C0 C1 C29 C0 <wb> C32 C0 C1 C29 C0 C16 C20 C0 <wb> C0 C13 C0 C16 C38 C0 C1 C29 C0 <wb> C11 C28 C0 C29 C0 C16 C21 C0 <wb> C3 C0 C11 <wb> C15 C0 C17 C0 C1 C29 C0 <wb> C0 C13 C16 C38 C1 C29 C0 C24 C1 <wb> C29 C0 C26 C17 C0 <wb> C0 C37 C0 C30 C0 C1 C24 C0 <wb> C33 C0 C38 C0 C36 C23 <wb> C6 C0 C11,train
6019,"એમણે, હાટમાં બચેલાં, બધાંયે ચીભડાં, કાકડીઓ, ખરબૂજાં, અને, મતીરાં, નાનું તરબૂચ, તોળાવ્યાં, અને, ગાંસડીઓ બાંધીને, લઈને, ચાલવા લાગી.",0,13.303,0,not_selected_by_random,,,,
6020,"ઓગણીસ સો તેત્રીસ માં, રોહમ એન્ડ હાસનાં, સ્થાપક, જર્મન રસાયણશાસ્ત્રી, ઓટો એન્ડ, રોહમ, પ્લેક્ષીગ્લાસ નામે, તેનાં, પેટન્ટ હક્ક, મેળવી લીધા હતા.",0,13.514,0,not_selected_by_random,,,,
6021,"ત્યારે, તેને, પૃથ્વીલોકમાં, મનુ, લુહાર, મય, સુથાર, ત્વષ્ટ્રા, કંસારા, શિલ્પી, કડિયા, દૈવજ્ઞ, સોની, આ, શિલ્પકાર, કર્મો કરે છે.",0,12.093,0,not_selected_by_random,,,,
6022,"બિહાર રાજ્ય, ધાર્મિક, ન્યાય, પરિષદના, અધ્યક્ષ, તેમજ, મહાવીર મંદિર, પટનાના, સચિવ, કિશોર કુણાલે, આજે અહીં, પત્રકારોને, જણાવ્યું .",0,12.765,0,not_selected_by_random,,,,
6023,"જેમકે, ડીડીટી, દસ વર્ષ, ડાઈએલડીન, આઠ વર્ષ, હેપ્ટાક્લોર, અને, સ્ટીનફેન, ચાર વર્ષ, આલ્ડ્રીન, ત્રણ વર્ષ.",0,10.886,0,not_selected_by_random,,,,
6024,"આ, સપ્ત ઋષિઓ, ગૌતમ, ભારદ્વાજ, વિશ્વામિત્ર, કશ્યપ, જમદગ્નિ, વશિષ્ટ, તેમજ, અત્રિનું, આહવાન કરે છે.",0,10.069,0,not_selected_by_random,,,,
6025,"ત્રીસ નાં, મોત. ઇઠયોતેર લાપતા. વધુ ખાનાખરાબીની, ચેતવણી. હજારોનું સ્થળાંતર. દૂધ, ખોરાકની ભારે અછત. અંધારપટથી, સ્થિતિ વણસી.",0,11.639,0,not_selected_by_random,,,,
6026,"જંગલમાં, એને, ગભરાઈને ભાગતો જોઈને, રીંછે એને રોકીને પૂછ્યું:, વાઘ રાજા, આજ આટલા ઝડપથી, ક્યાં, દાવ મારવા, નીકળ્યા છો?.",0,11.238,1,,gujarati_female_006026.wav,j a q g a l a m a aa q <wb> ee n a ee <wb> g a bh a r a aa ii n a ee <wb> bh a aa g a t a o <wb> j a o ii n a ee <wb> r a ii q ch a ee <wb> ee n a ee <wb> r a o k a ii n a ee <wb> p a uu ch a y a u q <wb> w a aa gh a <wb> r a aa j a aa <wb> aa j a <wb> aa tx a l a aa <wb> jh a dx a p a th a ii <wb> k a y a aa q <wb> d a aa w a <wb> m a aa r a w a aa <wb> n a ii k a lx a y a aa <wb> ch a o,C17 C0 C23 C13 C0 C21 C0 C22 C0 C1 C23 <wb> C11 C24 C0 C11 <wb> C13 C0 C4 C0 C29 C0 C1 C16 C24 C0 C11 <wb> C4 C0 C1 C13 C0 C32 C0 C26 <wb> C17 C0 C26 C16 C24 C0 C11 <wb> C29 C0 C16 C23 C6 C0 C11 <wb> C11 C24 C0 C11 <wb> C29 C0 C26 C19 C0 C16 C24 C0 C11 <wb> C28 C0 C36 C6 C0 C38 C0 C36 C23 <wb> C37 C0 C1 C14 C0 <wb> C29 C0 C1 C17 C0 C1 <wb> C1 C17 C0 <wb> C1 C34 C0 C21 C0 C1 <wb> C18 C0 C9 C0 C28 C0 C33 C0 C16 <wb> C19 C0 C38 C0 C1 C23 <wb> C7 C0 C1 C37 C0 <wb> C22 C0 C1 C29 C0 C37 C0 C1 <wb> C24 C0 C16 C19 C0 C21 C0 C38 C0 C1 <wb> C6 C0 C26,train
6027,"તો સફરજન, તરબૂચ, પીચ, દ્રાક્ષ, નારંગી જેવા ફળો, એનર્જી જેલ, સ્પોર્ટસ ડ્રીકસ, દોઢ કપ સુધી, લેવા જોઈએ.",0,9.782,0,not_selected_by_random,,,,
6028,"પરંતુ એ, લિમ્ફોમા નથી, એમ, ભારપૂર્વક, જણાવતા, શબનમ સિંહ, ચોખવટ કરે છે, કે, એ, હૃદય અને ફેફસા વચ્ચેનો, એક, સોફ્ટ, ટિસ્યુ ગ્રોથ છે.",0,12.748,0,not_selected_by_random,,,,
6029,"ત્રણ સ્પીડ ટ્રાન્સમીશન, છ સીલીન્ડરવાળું એન્જીન, કોઈલ સ્પ્રીંગ, સ્વતંત્રતાવાળી, ફ્રન્ટ સસ્પેન્શન.",0,7.779,1,,gujarati_female_006029.wav,t a r a nx a <wb> s a p a ii dx a <wb> tx a r a aa n a s a m a ii sh a n a <wb> ch a <wb> s a ii l a ii n a dx a r a w a aa lx a u q <wb> ee n a j a ii n a <wb> k a o ii l a <wb> s a p a r a ii q g a <wb> s a w a t a q t a r a t a aa w a aa lx a ii <wb> ph a r a n a tx a <wb> s a s a p a ee n a sh a n a,C32 C0 C29 C0 C25 C0 <wb> C30 C0 C28 C0 C16 C9 C0 <wb> C34 C0 C29 C0 C1 C24 C0 C30 C0 C22 C0 C16 C31 C0 C24 C0 <wb> C6 C0 <wb> C30 C0 C16 C21 C0 C16 C24 C0 C9 C0 C29 C0 C37 C0 C1 C21 C0 C36 C23 <wb> C11 C24 C0 C17 C0 C16 C24 C0 <wb> C19 C0 C26 C16 C21 C0 <wb> C30 C0 C28 C0 C29 C0 C16 C23 C13 C0 <wb> C30 C0 C37 C0 C32 C0 C23 C32 C0 C29 C0 C32 C0 C1 C37 C0 C1 C21 C0 C16 <wb> C12 C0 C29 C0 C24 C0 C34 C0 <wb> C30 C0 C30 C0 C28 C0 C11 C24 C0 C31 C0 C24 C0,train
6030,"થાઇલેન્ડમાં યોજાનાર, રોબોકોન ઇન્ટરનેશનલ કોમ્પિટિશનમાં, નિરમા ઇન્સ્ટિટયૂટ ઓફ, ટેકનોલોજીના, સ્ટુડન્ટસ, ભાગ લેશે.",0,10.349,0,not_selected_by_random,,,,
6031,"ચિત્રમાં, મુખ્ય દેવળ તરફ, જવાનો માર્ગ, કલા કારીગરીવાળા થાંભલા, ટોડલા, કમાનો, બ્રેકેટ, મારબલના પગથીયાં, દેખાય છે.",0,11.33,0,not_selected_by_random,,,,
6032,"અઢાર સો ચાલીસ માં, ગાદીએ આવેલા, નવાબ હામેદખાને, સહજાનંદ સ્વામી, ભગવાન સ્વામીનારાયણ ની, પધરામણી પોતાના, રાજમહેલમાં, ધામઘૂમથી, કરાવી હતી.",0,14.55,0,not_selected_by_random,,,,
6033,"બ્રહ્મા, વિષ્ણુ, અને મહેશ, આ, ત્રિદેવનું, સ્વરૂપ એટલે, દત્તાત્રેય, મહર્ષિ, અત્રી, અને, માતા અનસૂયાના, પુત્રરૂપે, પ્રગટ થયેલા.",0,12.095,0,not_selected_by_random,,,,
6034,"શિવપુરાણમાં લખ્યાં પ્રમાણે, વ્રત કરનારે, પ્રાતઃકાળમાં ઉઠી, સ્નાન કરી, શિવલિંગનું, વિધિપૂર્વક, પૂજન, નમસ્કાર, કરવા.",0,10.323,0,not_selected_by_random,,,,
6035,"વ્યાયામ પશ્ચાત્, બે કલાકમાં, પ્રોટીન સાથે, કાર્બોહાઈડ્રેટ જોડાવાથી, ઈન્સ્યુલિનનો, પ્રતિભાવ, લગભગ, બમણો થઈ જાય છે.",0,10.927,0,not_selected_by_random,,,,
6036,"એનાં, વાંકડિયાં શિંગડાંની, વચમાં, શોભતું, વિશાલ ભાલ, જોઈ, મુલ્લાં, રોજ વિચાર કરતા, કે, સુલતાનનું, સિંહાસન, તો શું છે આની આગળ!.",0,11.889,0,not_selected_by_random,,,,
6037,"ત્રણ વાગ્યે, મહાપૂજા, બપોરે, બાર વાગ્યે, મધ્યાહન આરતી, બે વાગ્યે, બિલ્વ શ્રૃંગાર, દર્શન, સાંજે પાંચ વાગ્યે, સાય મહાપૂજા, અને, સાંજે, સાત વાગ્યે, આરતી, યોજાશે.",0,14.425,0,not_selected_by_random,,,,
6038,"બાય ધ વે, ફૅગ વેન્ટર, અને, આફ્રિકાનાં, બીશમ, કેસર્મડ ટુટુ, નોબેલ પ્રાઈઝ વિજેતાનો, જેનોમ પણ, વૈજ્ઞાનિકો, ઉકેલી ચુક્યાં છે.",0,13.277,0,not_selected_by_random,,,,
6039,"બે હજાર આઠ ના, સપ્ટેમ્બર મહિનામાં, જોધપુરના ચામુંડા દેવી, મંદિરમાં, સ્ટેમ્પેડમાં, બસો ને ઓગણ પચાસ લોકો, માર્યા ગયા હતા, અને, ચાર સો જેટલા લોકો, ઘાયલ થયા હતા.",0,16.196,0,not_selected_by_random,,,,
6040,"ધોબીઘાટ, ગુજરીબજાર, ગાર્ડન, પાલડી, અર્બન ફોરેસ્ટ, રિટેઇનિંગ વોલ, લોવર પ્રોમેનાડ, વગેરેના કામ પણ, યુદ્ધના ધોરણે, ચાલી રહ્યાં છે.",0,12.197,0,not_selected_by_random,,,,
6041,"તેમજ, કોહલીએ, ચોયાઁસી બોલમાં, આઠ ચોગ્ગા, અને, બે છગ્ગા સાથે, સો, અણનમ રન કરતા, ભારતે, વર્લ્ડ કપની, સૌ પ્રથમ મેચમાં, વિજય મેળવ્યો.",0,12.484,0,not_selected_by_random,,,,
6042,"એ, હંમેશ દેવમંદિરમાં, દર્શને જતા, અને, ત્યાં અકસ્માતે, કોઈ સાઘુ સંત, કે, ભક્ત જોગી, જોગંદર, ભેટી જતા, તો, ધર્મ સંબંધી, સવાલેય, અચૂક પૂછતા.",0,14.783,0,not_selected_by_random,,,,
6043,"કુણાલ કોહલીએ, જણાવ્યું હતું કે, દબાણભરી પરિસ્થિતિમાં, શાહરુખ પોતાની પુત્રીને, ભેટી પડયો હતો, તે ફાઇનલની, શ્રેષ્ઠ, ક્ષણ હતી.",0,11.231,0,not_selected_by_random,,,,
6044,"દેવર્ષિ નારદ, કપિલમુનિ, મહર્ષિ દુર્વાસા, ઋષિ વિશ્વામિત્ર, હનુમાન, મારઠ, પિંગલા, ચંડોળ, સાંન, એ બધા, આર્ય ઋષિઓ, સૂર્યના સાધકો હતા.",0,14.098,0,not_selected_by_random,,,,
6045,"મેન ઓફ ધ મેચ, સેહવાગે, એક સો ચાલીસ બોલમાં, ચૌદ ચોગ્ગા, અને, પાંચ છગ્ગા સાથે, એક સો પંચોત્તેર રનની, યાદગાર, ઇનિંગ, કરી હતી.",0,12.529,0,not_selected_by_random,,,,
6046,"વિશ્વકર્મા, પુરાણમાં, દ્રષ્ટાંતો, આખ્યાનો, અને, કથાઓ દ્વારા, ધર્મ, અધર્મ, પાપ, પુણ્ય, કર્મ, અકર્મ, વિકર્મ, સુખ, દુઃખ, વિગેરેની, છણાવટ કરવામાં, આવી છે.",0,15.519,0,not_selected_by_random,,,,
6047,"ઊતરતે ચોમાસે, શરદના દિવસોમાં, સીમ, ખળે ઠલવાય, ને જોતજોતામાં, વાડાઓમાં, બધે, ડાંગર, મકાઈ, બાજરીના, ઘાસનાં, કૂંધવાં, મંડાઈ જાય.",0,13.682,0,not_selected_by_random,,,,
6048,"વાળું ગીત, તોતડી બોલીમાં, ગાય છે, ત્યારે, દૂર દૂર, મારી, આંખોનાં, ઝળઝળિયાંની, આરપાર, હજી, અડીખમ ઊભેલું, એ, ઘર દેખાય છે!.",0,12.621,0,not_selected_by_random,,,,
6049,"કન્યા પ્રત્યે, સામાજીક ભેદભાવ, નિરક્ષરતા, દહેજપ્રથા, અને, લિંગ તપાસ માટેની, સવલત, લિંગાનુપાત, ઘટવાનું, મુખ્ય કારણ છે.",0,11.453,0,not_selected_by_random,,,,
6050,"તેમણે જણાવ્યું કે, ગુજરાતની, આ, પાંચમી વાઇબ્રન્ટ ગુજરાત, ગ્લોબલ સમિટનો હેતુ, ઇન્વેસમેન્ટ, કે, ઇન્ડસ્ટ્રીયલ ડેવલપમેન્ટ, પુરતો, સિમિત નથી.",0,12.82,0,not_selected_by_random,,,,
6051,"સુરજીતની ફાંસીની સજાને, ઓગણીસ સો નેવ્યાસી માં, તત્કાલીન પ્રમુખ, ઇશ્હાક ખાને, તત્કાલીન વડાં, પ્રધાન બેનઝીર ભુટ્ટોની, ભલામણના આધારે, ઘટાડી, દીધી હતી.",0,14.685,0,not_selected_by_random,,,,
6052,"તેમની ગણિતને, લોકભોગ્ય, કરવા આપેલ, સેવાઓની, કદરુપે, ડિપાટમેન્ટ ઓફ, સાયંસ એન્ડ, ટેકનોલોજી તરફથી, એવોર્ડ, એનાયત, થયો છે.",0,12.323,0,not_selected_by_random,,,,
6053,"પ્રથમ આદિ, જ્યોર્તિલિંગ ભગવાન, શ્રી, સોમનાથના, સાનિધ્યમાં, શ્રાવણના, પ્રથમ સોમવારે, દર્શન માટે, દોઢ લાખથી, વધુ, ભાવિકો, ઉમટવાનો, અંદાજ છે.",0,12.975,0,not_selected_by_random,,,,
6054,"માનવ જીવનમાં, રહેલા, અજ્ઞાન, વ્હેમ, અંધશ્રદ્ધા, જડતા, કુંસંસ્કાર, વગેરે, અવગુણોને, જીવનમાંથી, હટાવવા, તેને જ, સાચી, સંક્રાંન્તિ, ગણાય છે.",0,12.924,0,not_selected_by_random,,,,
6055,"બે હજાર દસ માં, સિલિકોન વેલીના વેન્ચર, કેપિટલિસ્ટ, જોન ડોએરની, પત્ની, એન ડોએરેએ, ખાનની, કલ્પનાશીલતાથી, પ્રભાવિત થઈને, એક લાખ ડોલરનું, દાન આપ્યું હતું.",0,15.906,1,,gujarati_female_006055.wav,b a ee <wb> h a j a aa r a <wb> d a s a <wb> m a aa q <wb> s a i l a i k a o n a <wb> w ee l ii n aa <wb> w ee n c a r a <wb> k ee p i tx a l i s tx a <wb> j a o n a <wb> dx o ee r a n ii <wb> p a t a n a ii <wb> ee n a <wb> dx o ee r ee ee <wb> kh aa n a n ii <wb> k a l p a n aa sh ii l a t aa th ii <wb> p a r a bh a aa w a i t a <wb> th a ii n a ee <wb> ee k a <wb> l a aa kh a <wb> dx a o l a r a n a u q <wb> d a aa n a <wb> aa p a y a u q <wb> h a t a u q,C3 C0 C11 <wb> C15 C0 C17 C0 C1 C29 C0 <wb> C7 C0 C30 C0 <wb> C22 C0 C1 C23 <wb> C30 C0 C16 C21 C0 C16 C19 C0 C26 C24 C0 <wb> C37 C11 C21 C16 C24 C1 <wb> C37 C11 C24 C5 C0 C29 C0 <wb> C19 C11 C28 C16 C34 C0 C21 C16 C30 C34 C0 <wb> C17 C0 C26 C24 C0 <wb> C9 C26 C11 C29 C0 C24 C16 <wb> C28 C0 C32 C0 C24 C0 C16 <wb> C11 C24 C0 <wb> C9 C26 C11 C29 C11 C11 <wb> C20 C1 C24 C0 C24 C16 <wb> C19 C0 C21 C28 C0 C24 C1 C31 C16 C21 C0 C32 C1 C33 C16 <wb> C28 C0 C29 C0 C4 C0 C1 C37 C0 C16 C32 C0 <wb> C33 C0 C16 C24 C0 C11 <wb> C11 C19 C0 <wb> C21 C0 C1 C20 C0 <wb> C9 C0 C26 C21 C0 C29 C0 C24 C0 C36 C23 <wb> C7 C0 C1 C24 C0 <wb> C1 C28 C0 C38 C0 C36 C23 <wb> C15 C0 C32 C0 C36 C23,train
6056,"પાંડે, કેપ્ટન સુરેશ વાસુદેવ, અને, ઉર્મિલા જાધવે, વર્ષ, બે હજાર ચાર, બે હજાર સાત, વચ્ચે, બનાવટી પ્રવાસ, બિલો, રજૂ કર્યા હતા.",0,12.064,0,not_selected_by_random,,,,
6057,"મેજર જનરલ, ધ્રુવ સી, કટોચ, જેઓ, સેંટર ફોર, લેન્ડ વેલફેર, સ્ટડીઝમાં, એડિશનલ ડાયરેક્ટર છે, સોળ વર્ષના હતા, એ સમયની વાત છે.",0,12.655,0,not_selected_by_random,,,,
6058,"વર્લ્ડ કપ જીતવા માટે, હોટફેવરિટ મનાતા, ભારતના સુપરસ્ટાર, બેટ્સમેનોએ, પ્રેક્ટિસ મેચમાં, નાલેશીભર્યા, ધબડકા સાથે, શરૂઆત, કરી હતી.",0,13.291,0,not_selected_by_random,,,,
6059,"ત્યારે, પ્રશ્ન થાય કે, સર્જકને, પ્રદ્મશ્રીએ, પોખતાં, તંત્રોને તેની, નિજભોંયની, અગર તો, સ્વાયત્તિની, કશી, સુધબુધ છે ખરી?.",0,12.041,0,not_selected_by_random,,,,
6060,"અપ્રસ્તુત, બનતી જતી, વિનયન, વિજ્ઞાન, વાણિજ્ય કૉલેજો, સંખ્યા ની દષ્ટિએ, તો, હજી બીજાં, થોડાંક વર્ષો, ચાલશે.",0,10.237,0,not_selected_by_random,,,,
6061,"નાગરિક ઉડ્ડયન મંત્રી, અજિતસિંઘે, હડતાળનું, અંતીમવાદી શસ્ત્ર, ઉગામનારા, પાઇલટો પ્રત્યે, અક્કડ વલણ, રાખ્યું.",0,10.917,0,not_selected_by_random,,,,
6062,"આઇઆઇએમ, કોલકતાએ, એક, એક્સકલુઝિવ પ્રોગ્રામ, લોંચ કર્યો છે, જેમાં, કાલિદાસના, પધ્ય, અને, કૌટિલ્યનું, અર્થશાસ્ત્ર, સામેલ છે.",0,13.076,0,not_selected_by_random,,,,
6063,"ઓગણીસ સો છોત્તેર માં, પ્રશાંત ત્રિકન્નડ, મદ્રાસ બંદરગાહ પાસે, સેકન્ડ શિફ્ટમાં, ટીએસ કાવેરી, નામક, જહાજનું, સંચાલન, કરતો હતો.",0,12.595,0,not_selected_by_random,,,,
6064,"પૃથ્વી, બાલતૃણોથી, સળવળી ઊઠે છે, અને, લક્ષાવધિ, જીવસૃષ્ટિ, ચારે તરફ, નાચવા, કૂદવા, મંડે છે.",0,10.385,0,not_selected_by_random,,,,
6065,"ઝહિરખાન, નેહરા, પ્રવીણકુમાર, અને, મુનાફ પટેલ, પૈકી, ભારતના, પરંપરાગત, વન ડે ટીમ પ્રમાણે, ઝહિરખાન, પ્રવિણકુમાર, અને, મુનાફ પટેલ, નિશ્ચિત હતા.",0,16.957,0,not_selected_by_random,,,,
6066,"જુલાઇની, પંદરમી થી, સોળ સપ્ટેમ્બર સુધી, ઈંગ્લેન્ડમાં, ચાર ટેસ્ટ, એક ટ્વેન્ટી ટ્વેન્ટી, અને, પાંચ, વન ડેની શ્રેણી, ઉપરાંત, પાંચ, પ્રેક્ટિસ મેચોનું, આયોજન, થયું છે.",0,16.589,0,not_selected_by_random,,,,
6067,"પશ્ચિમને, એમની શાંતિચાહના, પ્રીછતાં, વિલંબ થયો, તેમ, બ્રિટિશ રાજનેય, ટાગોર બાબતે, હાડમાંથી, કશીક, મુશ્કેલી, સતત, રહી હશે .",0,13.356,0,not_selected_by_random,,,,
6068,"બે હજાર ત્રણ થી, નાના પાયે, શરુ થયેલી, વાઇબ્રન્ટ ગુજરાત, ગ્લોબલ ઇન્વેસ્ટર્સ, સમિટની, આ, પાંચમી ઘટના, ભારતની, આ પ્રકારની, સૌથી મોટી, ઐતિહાસિક, ઘટના, છે.",0,15.695,0,not_selected_by_random,,,,
6069,"પાણીની, સહેજ ઊંચે, સામા પવને, ખાંચાવાળી, સુંદર પૂંછડીનો, પંખો, બનાવીને, સમૂહમાં ઊડતાં, તારોડિયા, ઉઠવામાં, કુશળ, હોય છે.",0,12.268,0,not_selected_by_random,,,,
6070,"ફૂલવડી, એવાં ફરસાણ, ઉપરાંત, પેંડા, બરફી, ગુલાબજાંબુ, હલવો, એવી, સ્વાદિષ્ટ, મીઠાઈ પણ, બનતી હતી.",0,9.885,0,not_selected_by_random,,,,
6071,"બે હજાર બાર નો, ઓલિમ્પિક, રમતોત્સવનો, ઉદ્ઘાટન સમારંભ, જ્યાં યોજાવાનો છે, એ સ્ટેડિયમમાં, કરણ, એક અનામત રાખેલા, બોક્સમાં, અન્ય આમંત્રિતો, સાથે, બેસશે.",0,15.274,0,not_selected_by_random,,,,
6072,"છાતી આગળ, બે ફાંટાવાળું, હાડકું, ઉડવા માટેના, પીછા, પાંખો, અને, આંશિક રીતે, ઉલ્ટો અંગૂઠાનો, સમાવેશ, થાય છે.",0,10.274,0,not_selected_by_random,,,,
6073,"વોલમાર્ટે, લાંબી, લોબિઇંગ બાદ, બે હજાર સાતમાં, બેસ્ટ બાયના, નામે, તે અત્યાર સુધી, ભારતનાં, વિવિધ શહેરોમાં, સત્તર, આઉટલેટ્સ, ખોલી ચૂક્યા, છે.",0,12.955,0,not_selected_by_random,,,,
6074,"પણ આર્જેન્શિયાનાં પાન, ટોચે અણીવાળાં, લંબગોળ, રૂપેરી રુંવાટથી, ઢંકાયેલાં, એટલે, થોડાં ભૂખરી ઝાંયવાળાં, લાગે.",0,10.281,0,not_selected_by_random,,,,
6075,"હૃતિક રોશને, બોલીવૂડમાં, અગિયાર વર્ષ, પૂરાં કર્યાં, તેની પાર્ટી, શાહરુખ ખાને, સિંગાપોરમાં, આપી.",0,8.719,0,not_selected_by_random,,,,
6076,"ઓસ્ટ્રેલિયા સામેની, પ્રેક્ટિસ મેચમાં, તેંડુલકર, ઝહીર, શ્રીસંત, અને, મુનાફ પટેલ, રમ્યા, નહતા.",0,9.062,0,not_selected_by_random,,,,
6077,"સમીક્ષક, અમોદ મેહરાના, જણાવ્યા મુજબ, છેલ્લા થોડા વર્ષોથી, ફિલ્મોદ્યોગ, વાર્ષિક, પાન સો કરોડ રૂપિયાની, ખોટ, કરતો રહ્યો હતો.",0,10.91,0,not_selected_by_random,,,,
6078,"પ્રકાશ, અંધકાર, યજ્ઞ, ઘૂત, ગાય, ગરૂડ, સિંહ, વરાહ, વૃષભ, ઘોડો, પીપળો, અને ઘાસ.",0,8.568,1,,gujarati_female_006078.wav,p a r a k a aa sh a <wb> a q dh a k a aa r a <wb> y a j a nj a <wb> gh a uu t a <wb> g a aa y a <wb> g a r a uu dx a <wb> s a i q h a <wb> w a r a aa h a <wb> w a sx a bh a <wb> gh a o dx a o <wb> p a ii p a lx a o <wb> a n a ee <wb> gh a aa s a,C28 C0 C29 C0 C19 C0 C1 C31 C0 <wb> C0 C23 C8 C0 C19 C0 C1 C29 C0 <wb> C38 C0 C17 C0 C24 C0 <wb> C14 C0 C36 C32 C0 <wb> C13 C0 C1 C38 C0 <wb> C13 C0 C29 C0 C36 C9 C0 <wb> C30 C0 C16 C23 C15 C0 <wb> C37 C0 C29 C0 C1 C15 C0 <wb> C37 C0 C31 C0 C4 C0 <wb> C14 C0 C26 C9 C0 C26 <wb> C28 C0 C16 C28 C0 C21 C0 C26 <wb> C0 C24 C0 C11 <wb> C14 C0 C1 C30 C0,test
6079,"મહાદેવે, વરદાનમાં, વિકલ્પ મૂક્યો, કાં તો, વધુ જીવનાર, મૂઢ, કુરુપ બાળક, કાં તો, સોળ વર્ષ જીવનાર, કુલોદ્ધારક.",0,11.096,0,not_selected_by_random,,,,
6080,"અર્ધ ભારતીય, અને, અર્ધ, આઇસલેન્ડિક, એન્જેલા, આ વર્ષની, શરૂવાત માં, એક અગ્રગણ્ય, બ્રાન્ડના, કેલેન્ડરની, મોડેલ હન્ટમાં, વિજ્યી બની હતી.",0,13.283,0,not_selected_by_random,,,,
6081,"જ્યાં, તેત્રીસ કરોડ, દેવતાઓ, ચોરાશી સિદ્ધો, નવનાથ, અને, મા અંબા, ભવાનીનાં, બેસણાં, છે.",0,8.734,0,not_selected_by_random,,,,
6082,"મોટા ભાગના, રેતીના પત્થરો, વાલુકાશમ, સેન્ડસ્ટોન, અને, કાંકરાઓના બનેલા, પત્થરોની, સંગુટિકારમ, કોન્ગ્લોમરેટ, બનેલ છે.",0,11.972,0,not_selected_by_random,,,,
6083,"આ મહાશિવરાત્રીનું, વ્રત, બ્રાહ્મણ, ક્ષત્રિય, વૈશ્ય, શુદ્ર, સ્ત્રી, પુરૂષ, યુવાનો, અને બાળકો, વૃદ્ધ, સર્વ, કોઈને કરવાનો, અધિકાર છે.",0,13.749,0,not_selected_by_random,,,,
6084,"ડિફરન્ટ ઇલેક્ટ્રિક કરન્ટ આપતી વખતે, પ્રજ્ઞાચક્ષુ, ઓપરેટર માટે, આ પ્રકારનું, મશીન, આશિર્વાદરૂપ, સાબિત થશે.",0,10.74,0,not_selected_by_random,,,,
6085,"આ ઉપરાંત, હોલિવૂડ, સ્ટૂડિયોઝ તરફથી, પણ, બાવીસ જેટલી, થ્રી ડી, ત્રિપરિમાણિય, થ્રી, ડાઈમેન્શનલ, ફિલ્મો, રજૂ થશે.",0,10.766,0,not_selected_by_random,,,,
6086,"ઓલ્સ ડૉ આઓ, જેવા જેવા, દુનિયાના, સૌથી મોટા, ભૂગર્ભ જળસંચયો, એકલીફર્સ, ઓછી ઊંડાઈએ, એમેઝોન વિસ્તારના, મધ્યમાં, આવેલા છે.",0,14.061,0,not_selected_by_random,,,,
6087,"તેંડુલકર, ગંભીર, ઝહિરખાન, પ્રવિણ કુમાર, સેહવાગ, જેવા ક્રિકેટરોને, થયેલી ઈજા અંગે, તેણે, ખાસ ચિંતા, વ્યક્ત કર્યા, વગર કહ્યું, હતું .",0,12.541,0,not_selected_by_random,,,,
6088,"તમિલનાડુના, ત્રિચિ, સ્થિત, ભારતીદાસન ઇન્સ્ટિટ્યૂટ, ઓફ મેનેજમેન્ટે, પોંડિચેરીના, શ્રી, અરવિંદો ઇન્સ્ટિટ્યૂટ, સાથે, ટાઇ અપ, કર્યું છે.",0,11.494,1,,gujarati_female_006088.wav,t a m a i l a n a aa dx a u n a aa <wb> t a r a i c a i <wb> s a th a i t a <wb> bh a aa r a t a ii d a aa s a n a <wb> i n a s a tx a i tx a y a uu tx a <wb> o ph a <wb> m a ee n a ee j a m a ee n a tx a ee <wb> p a o q dx a i c a ee r a ii n a aa <wb> sh a r a ii <wb> a r a w a i q d a o <wb> i n a s a tx a i tx a y a uu tx a <wb> s a aa th a ee <wb> tx a aa i <wb> a p a <wb> k a r a y a u q <wb> ch a ee,C32 C0 C22 C0 C16 C21 C0 C24 C0 C1 C9 C0 C36 C24 C0 C1 <wb> C32 C0 C29 C0 C16 C5 C0 C16 <wb> C30 C0 C33 C0 C16 C32 C0 <wb> C4 C0 C1 C29 C0 C32 C0 C16 C7 C0 C1 C30 C0 C24 C0 <wb> C16 C24 C0 C30 C0 C34 C0 C16 C34 C0 C38 C0 C36 C34 C0 <wb> C26 C12 C0 <wb> C22 C0 C11 C24 C0 C11 C17 C0 C22 C0 C11 C24 C0 C34 C0 C11 <wb> C28 C0 C26 C23 C9 C0 C16 C5 C0 C11 C29 C0 C16 C24 C0 C1 <wb> C31 C0 C29 C0 C16 <wb> C0 C29 C0 C37 C0 C16 C23 C7 C0 C26 <wb> C16 C24 C0 C30 C0 C34 C0 C16 C34 C0 C38 C0 C36 C34 C0 <wb> C30 C0 C1 C33 C0 C11 <wb> C34 C0 C1 C16 <wb> C0 C28 C0 <wb> C19 C0 C29 C0 C38 C0 C36 C23 <wb> C6 C0 C11,test
6089,"બે દિવસ માટેનો, પાંચમા, વાઇબ્રન્ટ ગુજરાત, ગ્લોબલ ઇન્વેસ્ટર્સ સમિટમા, દેશના, ખ્યાતનામ, ઉધ્યોગપતિઓ, હાજર હતા.",0,10.959,0,not_selected_by_random,,,,
6090,"ઝહિરખાન, મુનાફ પટેલ, પ્રવીણ કુમાર, નેહરા, હરભજન, અશ્વીન, ચાવલા, અન્ય ખેલાડીઓ, છે.",0,8.108,0,not_selected_by_random,,,,
6091,"તેઓ, સોનું, ચાંદી, તાંબુ, કાંસુ, અને, પિત્તળ, આ પાંચ, ધાતુમાંથી, મૂર્તિ, આભૂષણ, કુંડલ, મુકુંટ, વગેરે, અલંકારોના, નિર્માણના, અધિપતિ છે.",0,14.452,0,not_selected_by_random,,,,
6092,"એમ કહી, નીલી આંખોવાળું, પતંગિયું, જંગલમાં, ચાલ્યું ગયું, અને, ચારુલ એ, નીલી પાંખો, હૃદયમાં લઈને, ઘરમાં, હેમખેમ આવીને, મજા કરવા લાગી.",0,13.486,0,not_selected_by_random,,,,
6093,"કારગીલના વિજયની સાથે જ, ભારતીય નૌકાદળમાં, સૌ પ્રથમ, અણુઊર્જા, સંચાલિત, સબમરીન, આઇ એન એસ, અરિહંતનો, પણ જન્મ થયો.",0,12.794,0,not_selected_by_random,,,,
6094,"સૌથી જુના, ફુકુશીમા પરમાણુ કેન્દ્રનો, વીજ વ્યવહાર, ખોરવાઈ જતા, દુનિયાભરનો જીવ, અધ્ધર કરી દેનારી, કટોકટીની, શરૂવાત, થઈ હતી.",0,12.47,0,not_selected_by_random,,,,
6095,"કેગના અહેવાલ સંસદની, પબ્લિક અકાઉન્ટ કમિટિને, સુપરત કરવામાં આવે, ત્યાર બાદ, આ સમિતિ, સરકારને, શિક્ષાત્મક પગલાં, બાબતે, સૂચન કરી શકે છે.",0,14.138,0,not_selected_by_random,,,,
6096,"ઓમ, સ્વસ્તિના ઈન્દ્ર, વૃઘ્ધશ્રવા, સ્વસ્તિ ન પૂષા, વિશ્વવેદા, સ્વસ્તિ ન સ્તાક્ષ્યો, અરિષ્ટનેમિ, સ્વસ્તિનો, બૃહસ્પતિર્દધાતું!.",0,13.048,0,not_selected_by_random,,,,
6097,"નેશનલ લેવલે, બેસ્ટ પર્ફોમ કરીને, ઇન્ટરનેશનલ લેવલની, આ, સ્પર્ધામાં, દાવેદાર બનતાં, હવે, છવ્વીસ થી, ત્રીસ ઓગષ્ટ, દરમ્યાન, બેંકોકમાં, ભાગ લેશે.",0,14.165,0,not_selected_by_random,,,,
6098,"સસલાભાઈ, સસલીબાઈ, અને, બચ્ચાં, જિંદગીમાં, પહેલી વાર, નીડર બનીને, ઘરમાં, આંગણામાં, અને, ચોગાનમાં, નાચ્યાં, કૂદ્યાં, અને, કિલકારીઓ પાડતાં રહ્યાં.",0,14.225,0,not_selected_by_random,,,,
6099,"સામાન્ય રીતે, ફોરેન કન્ટ્રીમાં, ટાઇમ તફાવતને, કારણે, મેચના, ટાઇમિંગને, લઇને, થોડુંક ડિસ્ટર્બન્સ, સર્જાય છે.",0,10.133,0,not_selected_by_random,,,,
6100,"મુખ્ય કલાકારો, અજય દેવગણ, અભિષેક બચ્ચન, અસિન, પ્રાચી દેસાઈ, અર્ચના, પૂરણ સિંહ, અસરાણી, કૃષ્ણા અભિષેક, હતા.",0,10.47,0,not_selected_by_random,,,,
6101,"ફિઝિયો થેરપીના, ભાગરૂપે, ડિફરન્ટ ઇલેક્ટ્રિક કરન્ટ માટે, ઇન્ટર ફેન્સિયલ થેરાપી, મશીન, ડેવલોપ કરવામાં આવ્યું.",0,9.944,0,not_selected_by_random,,,,
6102,"ભારતની ટીમમાં, જેન્ટલમેન તરીકેની, છાપ ધરાવતો, રાહુલ દ્રવિડ, ગમે તેવી મુશ્કેલ પરિસ્થિતિમાં, પણ, પોતાના મગજની, સમતુલા, ગુમાવતો નહોતો.",0,11.703,1,,gujarati_female_006102.wav,bh a aa r a t a n a ii <wb> tx a ii m a m a aa q <wb> j a ee n a tx a l a m a ee n a <wb> t a r a ii k a ee n a ii <wb> ch a aa p a <wb> dh a r a aa w a t a o <wb> r a aa h a u l a <wb> d a r a w a i dx a <wb> g a m a ee <wb> t a ee w a ii <wb> m a u sh a k a ee l a <wb> p a r a i s a th a i t a i m a aa q <wb> p a nx a <wb> p a o t a aa n a aa <wb> m a g a j a n a ii <wb> s a m a t a u l a aa <wb> g a u m a aa w a t a o <wb> n a h a o t a o,C4 C0 C1 C29 C0 C32 C0 C24 C0 C16 <wb> C34 C0 C16 C22 C0 C22 C0 C1 C23 <wb> C17 C0 C11 C24 C0 C34 C0 C21 C0 C22 C0 C11 C24 C0 <wb> C32 C0 C29 C0 C16 C19 C0 C11 C24 C0 C16 <wb> C6 C0 C1 C28 C0 <wb> C8 C0 C29 C0 C1 C37 C0 C32 C0 C26 <wb> C29 C0 C1 C15 C0 C36 C21 C0 <wb> C7 C0 C29 C0 C37 C0 C16 C9 C0 <wb> C13 C0 C22 C0 C11 <wb> C32 C0 C11 C37 C0 C16 <wb> C22 C0 C36 C31 C0 C19 C0 C11 C21 C0 <wb> C28 C0 C29 C0 C16 C30 C0 C33 C0 C16 C32 C0 C16 C22 C0 C1 C23 <wb> C28 C0 C25 C0 <wb> C28 C0 C26 C32 C0 C1 C24 C0 C1 <wb> C22 C0 C13 C0 C17 C0 C24 C0 C16 <wb> C30 C0 C22 C0 C32 C0 C36 C21 C0 C1 <wb> C13 C0 C36 C22 C0 C1 C37 C0 C32 C0 C26 <wb> C24 C0 C15 C0 C26 C32 C0 C26,train
6103,"ગુજરાત ગણિત મંડળ, અને, તેના લોકભોગ્ય, સામયિક, સુગણિતમ્ માં, તેમણે પ્રાણ સિંચ્યા છે.",0,7.983,0,not_selected_by_random,,,,
6104,"આંતરરાષ્ટ્રિય રૂટ પર, એર ઇન્ડિયા નાં, બોઇંગ, સાત સો સિત્યોતેર જેવાં, મોટાં વિમાનોમાં, રોજની, સરેરાશ, દસ હજાર બેઠકો, ઉપલબ્ધ, રહેતી હતી.",0,12.008,0,not_selected_by_random,,,,
6105,"વ્યાયામ પશ્ચાત્, ગ્લાયકોજીનનો સંગ્રહ, ફરી પૂરો કરવા, પંદર મિનિટમાં, ફળો, કે, તેના રસ રૂપે, કાર્બોહાઈડ્રેટ, લેવા જોઈએ.",0,10.939,0,not_selected_by_random,,,,
6106,"કલા, વિજ્ઞાન, વાણિજ્ય, કે, ઈતર વિદ્યાશાખાઓમાં, પણ પેલા, બહિર વિશ્વની, સાથે, કોઈક ને કોઈક રૂપે, સંસ્કૃતિવણાટને, અભિન્નઅંશે, રૂપે લાવવો પડશે.",0,13.861,0,not_selected_by_random,,,,
6107,"આ પછી શાહરૂખ, હૃતિક, કરણ જોહર, અર્જુન રામપાલ, મહેર જેસિયા, અને, પ્રિયંકા ચોપરાએ, આખી રાત, હૃતિકના રૂમમાં, પાર્ટી, માણી હતી.",0,10.821,0,not_selected_by_random,,,,
6108,"વૈજ્ઞાનિકો એ, બ્લ્યુગ્રીન, રંગનાં, એવા કોષ, જે, ફોટોસીન્થેસીસ દ્વારા, વનસ્પતિની માફક, વિકાસ પામી, વિકસતા હતાં.",0,9.834,0,not_selected_by_random,,,,
6109,"અમેરિકી નાગરિક, સલમાન ખાને, યુ ટ્યૂબ પર, ગણિત, વિજ્ઞાન, અર્થશાસ્ત્ર, સહિત, અનેક વિષયો પર, સેંકડો લેકચર, તૈયાર કર્યા છે.",0,10.412,0,not_selected_by_random,,,,
6110,"ગરીબ, મધ્યમવર્ગ, માટે, જીવલેણ પુરવાર થઇ રહેલી, કાળઝાળ મોંઘવારીને, કાબુમાં લેવા, સ્વયં, સરકાર પણ, અસહાય છે.",0,10.934,0,not_selected_by_random,,,,
6111,"માયાવતીએ, સ્મારકો પાછળ, ખર્ચેલાં, અઢળક નાણાંની વાત, અને, તેમની વૈભવી શૈલી, સમાજવાદી, પ્રચારઝુંબેશનું, એક, હથિયાર હતી.",0,12.281,0,not_selected_by_random,,,,
6112,"જામનગર, પોરબંદર, ભૂજમાં, તમામ ફ્લાઈટો રદ્દ, રાજકોટમાં, એરબસને, ઉતરાણમાં મૂશ્કેલી, અમદાવાદમાં વિમાની વ્યવહાર, રાબેતા મુજબ.",0,13.623,0,not_selected_by_random,,,,
6113,"નિશાળ પાસે આવેલી, તળાવડીની પાળ પર, ઘટાટોપ, કેરડાંમાં, સંતાઈને, આંબો ચૂસવાની, મજામાં, પ્રાર્થનામાં, મોડા પડવાની, બીક, ભૂલાઈ જતી.",0,12.678,1,,gujarati_female_006113.wav,n a i sh a aa lx a <wb> p a aa s a ee <wb> aa w a ee l a ii <wb> t a lx a aa w a dx a ii n a ii <wb> p a aa lx a <wb> p a r a <wb> gh a tx a aa tx a o p a <wb> k a ee r a dx a aa q m a aa q <wb> s a q t a aa ii n a ee <wb> aa q b a o <wb> c a uu s a w a aa n a ii <wb> m a j a aa m a aa q <wb> p a r a aa r a th a n a aa m a aa q <wb> m a o dx a aa <wb> p a dx a w a aa n a ii <wb> b a ii k a <wb> bh a uu l a aa ii <wb> j a t a ii,C24 C0 C16 C31 C0 C1 C21 C0 <wb> C28 C0 C1 C30 C0 C11 <wb> C1 C37 C0 C11 C21 C0 C16 <wb> C32 C0 C21 C0 C1 C37 C0 C9 C0 C16 C24 C0 C16 <wb> C28 C0 C1 C21 C0 <wb> C28 C0 C29 C0 <wb> C14 C0 C34 C0 C1 C34 C0 C26 C28 C0 <wb> C19 C0 C11 C29 C0 C9 C0 C1 C23 C22 C0 C1 C23 <wb> C30 C0 C23 C32 C0 C1 C16 C24 C0 C11 <wb> C1 C23 C3 C0 C26 <wb> C5 C0 C36 C30 C0 C37 C0 C1 C24 C0 C16 <wb> C22 C0 C17 C0 C1 C22 C0 C1 C23 <wb> C28 C0 C29 C0 C1 C29 C0 C33 C0 C24 C0 C1 C22 C0 C1 C23 <wb> C22 C0 C26 C9 C0 C1 <wb> C28 C0 C9 C0 C37 C0 C1 C24 C0 C16 <wb> C3 C0 C16 C19 C0 <wb> C4 C0 C36 C21 C0 C1 C16 <wb> C17 C0 C32 C0 C16,train
6114,"તેમજ, ખાંડ મીડિયમોનો ભાવ પણ, તેટલાંજ માર્જિનથી, ત્રણ સો ના નોંધપાત્ર, વધારા સાથે, અગાઉના, ત્રણ હજાર પચાસ થી, એકત્રીસો સામે, વધીને, ત્રણ હજાર ત્રણ સો પચ્ચીસ થી, ત્રણ હજાર, ચારસો થયો હતો.",0,18.41,0,not_selected_by_random,,,,
6115,"માત્ર શ્વેત શ્યામ, રંગ ધરાવતું, અને, આકર્ષક દેહલાલિત્યનું, માલિક, પ્રકૃતિનું, ખૂબ લાડકવાયું પંખી, તે, દૂધરાજ.",0,10.905,0,not_selected_by_random,,,,
6116,"એક ચોરસ ઇંચ વિસ્તાર પર, એટલે કે, એક ટપાલની ટિકિટ જેટલા, વિસ્તાર પર, પિસ્તાલીસ કિલોગ્રામ, વજન મૂકીએ, તેટલું હોય.",0,10.604,0,not_selected_by_random,,,,
6117,"ક્યારેક મુશાયરા, કે, કવિ સંમેલનોમાં, માનસિક પીડા આપી, થકવી નાખનારાં, લાંબાલચક, ભાષણોથી, કંટાળો આવે છે.",0,10.495,0,not_selected_by_random,,,,
6118,"વૈષ્ણવનો, મુખ્ય ધર્મ, એ જ છે કે, પોતાના હૃદયમાં, પ્રભુનું, સ્વરૂપ વિરૂદ્ધ, ધર્મોના, આશ્રયયુક્ત છે.",0,9.273,0,not_selected_by_random,,,,
6119,"બેંગકોકમાં, યોજાનાર, ઇન્ટરનેશનલ, રોબોકોન, કોમ્પિટિશનમાં, નિરમાના સ્ટુડન્ટસ, છવાશે.",0,7.862,0,not_selected_by_random,,,,
6120,"નવરાત્રિના, પ્રથમ દિવસે, જોધપુરના, પ્રસિદ્ધ મહેરામગઢ કિલ્લાની, મુલાકાતે, આશરે, પચ્ચીસ હજાર, ભક્તો, આવ્યા હતા.",0,9.961,1,,gujarati_female_006120.wav,n a w a r a aa t a r a i n a aa <wb> p a r a th a m a <wb> d a i w a s a ee <wb> j a o dh a p a u r a n a aa <wb> p a r a s a i d a dh a <wb> m a h a ee r a aa m a g a dxh a <wb> k a i l a l a aa n a ii <wb> m a u l a aa k a aa t a ee <wb> aa sh a r a ee <wb> p a c a c a ii s a <wb> h a j a aa r a <wb> bh a k a t a o <wb> aa w a y a aa <wb> h a t a aa,C24 C0 C37 C0 C29 C0 C1 C32 C0 C29 C0 C16 C24 C0 C1 <wb> C28 C0 C29 C0 C33 C0 C22 C0 <wb> C7 C0 C16 C37 C0 C30 C0 C11 <wb> C17 C0 C26 C8 C0 C28 C0 C36 C29 C0 C24 C0 C1 <wb> C28 C0 C29 C0 C30 C0 C16 C7 C0 C8 C0 <wb> C22 C0 C15 C0 C11 C29 C0 C1 C22 C0 C13 C0 C10 C0 <wb> C19 C0 C16 C21 C0 C21 C0 C1 C24 C0 C16 <wb> C22 C0 C36 C21 C0 C1 C19 C0 C1 C32 C0 C11 <wb> C1 C31 C0 C29 C0 C11 <wb> C28 C0 C5 C0 C5 C0 C16 C30 C0 <wb> C15 C0 C17 C0 C1 C29 C0 <wb> C4 C0 C19 C0 C32 C0 C26 <wb> C1 C37 C0 C38 C0 C1 <wb> C15 C0 C32 C0 C1,train
6121,"ઑક્યુપાય વૉલ સ્ટ્રીટ ની, નવ્ય, અર્થનીતિ, ઝંખતી ચળવળ, અને, તહરીરથી, જંતરમંતર, શક્યતાઓથી, ભરેલું, ને ભરેલું.",0,10.737,0,not_selected_by_random,,,,
6122,"મણિનગરમાં રહેતા, ઈકોતેર વર્ષીય, રજનીકાન્ત શુક્લ, છેલ્લા બાર વર્ષથી, સાત, કૈલાસ શિખરની, યાત્રા કરે છે.",0,9.784,0,not_selected_by_random,,,,
6123,"ફિરોઝશાહ, કોટલા મેદાનમાં, દારાએ, હવાઈ દાવ, લગાવીને, કિલર બ્રાઇનરને, નીચે પછાડયા બાદ, કુસ્તીને, કાયમ માટે, અલવિદા કહ્યું .",0,11.949,0,not_selected_by_random,,,,
6124,"નેશનલ ઇન્સ્ટિટયૂટ ઓફ, ફાર્માસ્યુટિકલ, એજ્યુકેશન, એન્ડ રિસર્ચ, ગુજરાત, કેન્સર, રિસર્ચ ઇન્સ્ટિટયૂટ.",0,8.658,0,not_selected_by_random,,,,
6125,"ચિત્રકારોએ, આવા, લૅન્ડસ્કેપ, આવાં વૃક્ષોની, ભરચકતાને, ફલક પર ઉતાર્યાનું, જોયું, જાણ્યું, નથી.",0,9.015,0,not_selected_by_random,,,,
6126,"હાં, ખેંણીં આય?, લે, ખાવી છે?, કશાય સંકોચ વગર, અમારી, સહપાઠી, કન્યાઓ, કેરી લઈ, જરા દૂર જઈ, મોજથી ખાધી.",0,11.199,0,not_selected_by_random,,,,
6127,"છતાં, ભારતના, સૌથી સોહામણાં, અને, સાહસિક ક્રિકેટરે, પોતાની, લાક્ષણિક, બેપરવાઈથી, ટ્વિટર પર લખ્યું, કશું ગંભીર નથી.",0,10.692,0,not_selected_by_random,,,,
6128,"ત્રણ વાગ્યે, મહાપૂજા, સાત વાગ્યે, પ્રાતઃ, આરતી, આઠ વાગ્યે, સવાલક્ષ, બિલ્વ પૂજા, અગિયાર વાગ્યે, મહાદુગ્ધ અભિષેક.",0,10.054,1,,gujarati_female_006128.wav,t a r a nx a <wb> w a aa g a y a ee <wb> m a h a aa p a uu j a aa <wb> s a aa t a <wb> w a aa g a y a ee <wb> p a r a aa t a hq <wb> aa r a t a ii <wb> aa txh a <wb> w a aa g a y a ee <wb> s a w a aa l a k a sx a <wb> b a i l a w a <wb> p a uu j a aa <wb> a g a i y a aa r a <wb> w a aa g a y a ee <wb> m a h a aa d a u g a dh a <wb> a bh a i sx a ee k a,C32 C0 C29 C0 C25 C0 <wb> C37 C0 C1 C13 C0 C38 C0 C11 <wb> C22 C0 C15 C0 C1 C28 C0 C36 C17 C0 C1 <wb> C30 C0 C1 C32 C0 <wb> C37 C0 C1 C13 C0 C38 C0 C11 <wb> C28 C0 C29 C0 C1 C32 C0 C15 <wb> C1 C29 C0 C32 C0 C16 <wb> C1 C35 C0 <wb> C37 C0 C1 C13 C0 C38 C0 C11 <wb> C30 C0 C37 C0 C1 C21 C0 C19 C0 C31 C0 <wb> C3 C0 C16 C21 C0 C37 C0 <wb> C28 C0 C36 C17 C0 C1 <wb> C0 C13 C0 C16 C38 C0 C1 C29 C0 <wb> C37 C0 C1 C13 C0 C38 C0 C11 <wb> C22 C0 C15 C0 C1 C7 C0 C36 C13 C0 C8 C0 <wb> C0 C4 C0 C16 C31 C0 C11 C19 C0,train
6129,"રાષ્ટ્રગીતના સર્જક, રવીન્દ્રનાથને, રાષ્ટ્રવાદની, જે મર્યાદાઓ, સમજાઈ હતી, એના ઉજાસમાં, ભોળાભાઈનું, દેશ, અને, ગુજરાતના, હાલના દોરમાં, કેવુંક આકલન હશે?.",0,13.839,1,,gujarati_female_006129.wav,r a aa sx a tx a r a g a ii t a n a aa <wb> s a r a j a k a <wb> r a w a ii n a d a r a n a aa th a n a ee <wb> r a aa sx a tx a r a w a aa d a n a ii <wb> j a ee <wb> m a r a y a aa d a aa o <wb> s a m a j a aa ii <wb> h a t a ii <wb> ee n a aa <wb> u j a aa s a m a aa q <wb> bh a o lx a aa bh a aa ii n a u q <wb> d a ee sh a <wb> a n a ee <wb> g a u j a r a aa t a n a aa <wb> h a aa l a n a aa <wb> d a o r a m a aa q <wb> k a ee w a u q k a <wb> aa k a l a n a <wb> h a sh a ee,C29 C0 C1 C31 C0 C34 C0 C29 C0 C13 C0 C16 C32 C0 C24 C0 C1 <wb> C30 C0 C29 C0 C17 C0 C19 C0 <wb> C29 C0 C37 C0 C16 C24 C0 C7 C0 C29 C0 C24 C0 C1 C33 C0 C24 C0 C11 <wb> C29 C0 C1 C31 C0 C34 C0 C29 C0 C37 C0 C1 C7 C0 C24 C0 C16 <wb> C17 C0 C11 <wb> C22 C0 C29 C0 C38 C0 C1 C7 C0 C1 C26 <wb> C30 C0 C22 C0 C17 C0 C1 C16 <wb> C15 C0 C32 C0 C16 <wb> C11 C24 C0 C1 <wb> C36 C17 C0 C1 C30 C0 C22 C0 C1 C23 <wb> C4 C0 C26 C21 C0 C1 C4 C0 C1 C16 C24 C0 C36 C23 <wb> C7 C0 C11 C31 C0 <wb> C0 C24 C0 C11 <wb> C13 C0 C36 C17 C0 C29 C0 C1 C32 C0 C24 C0 C1 <wb> C15 C0 C1 C21 C0 C24 C0 C1 <wb> C7 C0 C26 C29 C0 C22 C0 C1 C23 <wb> C19 C0 C11 C37 C0 C36 C23 C19 C0 <wb> C1 C19 C0 C21 C0 C24 C0 <wb> C15 C0 C31 C0 C11,train
6130,"પંદર વર્ષ પહેલાં, એક જીવંત જાતીનાં, સજીવ, ને, ફલુનાં, વાયરસનો, સંપૂર્ણ, જેનોમ, ઉકેલી નાખ્યો હતો.",0,8.127,1,,gujarati_female_006130.wav,p a q d a r a <wb> w a r a sx a <wb> p a h a ee l a aa q <wb> ee k a <wb> j a ii w a q t a <wb> j a aa t a ii n a aa q <wb> s a j a ii w a <wb> n a ee <wb> ph a l a u n a aa q <wb> w a aa y a r a s a n a o <wb> s a q p a uu r a nx a <wb> j a ee n a o m a <wb> u k a ee l a ii <wb> n a aa kh a y a o <wb> h a t a o,C28 C0 C23 C7 C0 C29 C0 <wb> C37 C0 C29 C0 C31 C0 <wb> C28 C0 C15 C0 C11 C21 C0 C1 C23 <wb> C11 C19 C0 <wb> C17 C0 C16 C37 C0 C23 C32 C0 <wb> C17 C0 C1 C32 C0 C16 C24 C0 C1 C23 <wb> C30 C0 C17 C0 C16 C37 C0 <wb> C24 C0 C11 <wb> C12 C0 C21 C0 C36 C24 C0 C1 C23 <wb> C37 C0 C1 C38 C0 C29 C0 C30 C0 C24 C0 C26 <wb> C30 C0 C23 C28 C0 C36 C29 C0 C25 C0 <wb> C17 C0 C11 C24 C0 C26 C22 C0 <wb> C36 C19 C0 C11 C21 C0 C16 <wb> C24 C0 C1 C20 C0 C38 C0 C26 <wb> C15 C0 C32 C0 C26,train
6131,"ભુજમાં, નાગરની વંડીના, વિશાળ ચોગાનમાં, સૂતો હોઉં, ત્યારે, બાજુમાં જ આવેલી, ટૉકીઝમાંથી, રાતના, છેલ્લા શૉનાં, અંતિમ દશ્યોના, અવાજ સંભળાતા.",0,13.567,0,not_selected_by_random,,,,
6132,"માનવ જીવનમાં, અગિયાર રૂદ્રના, સંચિત કર્મ મહાદેવને, અર્પણ કરી, સર્વ જગ્યાએ, ઈશ્વર વાસ ગણી, અને, જલધારી ને, પ્રદક્ષિણા કરીએ છીએ.",0,12.939,0,not_selected_by_random,,,,
6133,"સંગક્રાન્તિઃ, માણસે આ દિવસે, કામ, ક્રોધ, લોભ, મોહ, મદ, મત્સર, આદિ, દોષોનો ત્યાગ કરી, સત્પુરૂષનો, સંગ કરવો, જોઈએ.",0,11.889,1,,gujarati_female_006133.wav,s a mq g a k r aa n t i hq <wb> m a aa nx a s a ee <wb> aa <wb> d a i w a s a ee <wb> k a aa m a <wb> k a r a o dh a <wb> l a o bh a <wb> m a o h a <wb> m a d a <wb> m a t s a r a <wb> aa d a i <wb> d o sx o n o <wb> t a y a aa g a <wb> k a r a ii <wb> s a t p u r uu sx a n o <wb> s a mq g a <wb> k a r a w a o <wb> j a o ii ee,C30 C0 C23 C13 C0 C19 C29 C1 C24 C32 C16 C15 <wb> C22 C0 C1 C25 C0 C30 C0 C11 <wb> C1 <wb> C7 C0 C16 C37 C0 C30 C0 C11 <wb> C19 C0 C1 C22 C0 <wb> C19 C0 C29 C0 C26 C8 C0 <wb> C21 C0 C26 C4 C0 <wb> C22 C0 C26 C15 C0 <wb> C22 C0 C7 C0 <wb> C22 C0 C32 C30 C0 C29 C0 <wb> C1 C7 C0 C16 <wb> C7 C26 C31 C26 C24 C26 <wb> C32 C0 C38 C0 C1 C13 C0 <wb> C19 C0 C29 C0 C16 <wb> C30 C0 C32 C28 C36 C29 C36 C31 C0 C24 C26 <wb> C30 C0 C23 C13 C0 <wb> C19 C0 C29 C0 C37 C0 C26 <wb> C17 C0 C26 C16 C11,val
6134,"ત્યાં સુધીમાં, ટેલિવિઝન પર, તેણે, મારધાડનાં, અને, ખૂનનાં, અઢાર હજાર દ્રશ્યો, અને, અશ્લીલતાનાં, ચૌદ હજાર પાન સો દ્રશ્યો, જોઇ નાખ્યાં, હોય છે.",0,13.923,0,not_selected_by_random,,,,
6135,"સપ્તાહના, આરંભે, દિલ્હી હાઇકોર્ટનાં, ન્યાયાધીશ, રેવા ખેતરપાલે, એર ઇન્ડિયા ને, માવતર જેવો, પેટર્નલ, અભિગમ, દાખવવા, સૂચવ્યું.",0,11.991,0,not_selected_by_random,,,,
6136,"એનર્જી બાર, દૂધ સાથે અનાજ, યોગર્ટ, ટોસ્ટ અથવા બ્રેડ, શીંગના બટર સાથે, ચરબી વિનાનું, માંસ, અથવા, ચીઝ, પાણી, લઈ શકાય.",0,11.702,0,not_selected_by_random,,,,
6137,"સરબજીતને, ઓગણીસ સો નેવું માં, પંજાબમાં, થયેલા, શ્રેણીબંધ, બોમ્બધડાકાના, કેસ સંબંધે, પકડી લેવાયો હતો, અને, હાલ તે, કોટ લખપત જેલમાં છે.",0,13.507,0,not_selected_by_random,,,,
6138,"બે હજાર છ માં, વેસ્ટ ઇન્ડિઝની ધરતી ઉપર, પાંત્રીસ વર્ષ પછી, ભારતનો, ટેસ્ટ શ્રેણીનો, વિજય અપાવવામાં, દ્રવિડની, મુખ્ય ભૂમિકા હતી.",0,12.192,0,not_selected_by_random,,,,
6139,"નદીની ભેખડો, કે, કુવાની પોચી દિવાલમાં, જ્યાં, ઊંડા દર બનાવી શકાય, ત્યાં, એકાદ મીટરથી પણ, વધુ, ઊંડાઈની, સુરંગ બનાવીને, સમૂહમાં, પ્રજનન કરે છે.",0,13.933,0,not_selected_by_random,,,,
6140,"પ્રદ્યુમ્ન ખાચર, નોંધે છે કે, મહાબતખાનજી, ત્રીજાએ, કડક હાથે કામ લઈ, હિંદુ, મુસ્લિમ એકતા, જાળવી રાખવાનું, વલણ રાખ્યું હતું.",0,11.401,1,,gujarati_female_006140.wav,p a r a d a y a u m a n a <wb> kh a aa c a r a <wb> n a o q dh a ee <wb> ch a ee <wb> k a ee <wb> m a h a aa b a t a kh a aa n a j a ii <wb> t a r a ii j a aa ee <wb> k a dx a k a <wb> h a aa th a ee <wb> k a aa m a <wb> l a ii <wb> h a i q d a u <wb> m a u s a l a i m a <wb> ee k a t a aa <wb> j a aa lx a w a ii <wb> r a aa kh a w a aa n a u q <wb> w a l a nx a <wb> r a aa kh a y a u q <wb> h a t a u q,C28 C0 C29 C0 C7 C0 C38 C0 C36 C22 C0 C24 C0 <wb> C20 C0 C1 C5 C0 C29 C0 <wb> C24 C0 C26 C23 C8 C0 C11 <wb> C6 C0 C11 <wb> C19 C0 C11 <wb> C22 C0 C15 C0 C1 C3 C0 C32 C0 C20 C0 C1 C24 C0 C17 C0 C16 <wb> C32 C0 C29 C0 C16 C17 C0 C1 C11 <wb> C19 C0 C9 C0 C19 C0 <wb> C15 C0 C1 C33 C0 C11 <wb> C19 C0 C1 C22 C0 <wb> C21 C0 C16 <wb> C15 C0 C16 C23 C7 C0 C36 <wb> C22 C0 C36 C30 C0 C21 C0 C16 C22 C0 <wb> C11 C19 C0 C32 C0 C1 <wb> C17 C0 C1 C21 C0 C37 C0 C16 <wb> C29 C0 C1 C20 C0 C37 C0 C1 C24 C0 C36 C23 <wb> C37 C0 C21 C0 C25 C0 <wb> C29 C0 C1 C20 C0 C38 C0 C36 C23 <wb> C15 C0 C32 C0 C36 C23,train
6141,"શેકસ્પિયરના, ટેમ્પેસ્ટ અને, કાલિદાસના, શાકુન્તલ વચ્ચેની, એમની, સુચિંતિત, એટલી જ, સહૃદય, સરખામણીથી, રસિકજનો, સુપેરે, પરિચિત છે.",0,12.587,0,not_selected_by_random,,,,
6142,"બ્રેકનેલના ઘરમાં, ઈંગ્લૅન્ડની, વિદેશી ઠંડીનાં, ચોસલાં, અને, ઘરમાં, પાથરેલી, જૂની કાર્પેટમાંથી, ગંધ, ઊઠતી હતી.",0,10.054,0,not_selected_by_random,,,,
6143,"ખનિજજન્ય, બળતણ આધારિત, વાહનોનું, મિશ્ર બળતણના, વાહનોમાં, રૂપાંતર કરવા માટે, વપરાતી, કિટ પરની, આબકારી, જકાત ઘડવામાં, આવી છે.",0,13.266,0,not_selected_by_random,,,,
6144,"તાપી નદી કિનારે, ગુજરાતની, અસ્મિતાની, આહલાદની, અનુભૂતિ કરાવતો, આર્ય શૂરવીરતાનો, ઈતિહાસ, અદ્ભુત, અને, ગૌરવવંતો છે.",0,12.348,0,not_selected_by_random,,,,
6145,"ઈન્સ્ટિટ્યૂટ ઓફ, સોશ્યલ સ્ટડીઝ, ટ્રસ્ટ દ્વારા, સ્ત્રીઓ વિશેના, એવા અભ્યાસો, હાથ પર લેવામાં આવ્યા કે, જેમાં, સ્ત્રીની સ્થિતિનો, અભ્યાસ, થતો.",0,11.525,0,not_selected_by_random,,,,
6146,"ઓછામાં ઓછી, પાંચ હજાર ની, સંખ્યા ધરાવતી, જગ્યા, જ્યાં, પંચોતેર ટકા, પુરુષોની આવક, ખેતી સિવાયના, સ્તોત્રો પર, આધારિત, હોય છે.",0,11.314,0,not_selected_by_random,,,,
6147,"ભેંસો, દૂધ દેતી વખતે, જેમ, આંખ મીંચીને, નિસ્તબ્ધ, ઊભી રહે છે, તેમ, આકાશ તડકાની, સેરો, છોડતું જ રહે છે.",0,10.336,0,not_selected_by_random,,,,
6148,"બીલ ક્લિન્ટનનાં, એક જ સ્ટેટમેન્ટથી, બાયોટેક કંપનીનાં શેર, માર્કેટમાં, ફક્ત બે દિવસમાં, પચાસ અબજ ડોલરનું, ગાબડુ પડયું હતું.",0,10.589,0,not_selected_by_random,,,,
6149,"ફોક્સ સ્ટૂડિયોઝના, વિજય સિંહના, જણાવ્યા મુજબ, ગયા વર્ષની, શરૂવાત, કોપીરાઈટ એમેન્ડમેન્ટના, મુદ્દે, વિરોધ, વંટોળથી, થઈ હતી.",0,10.681,0,not_selected_by_random,,,,
6150,"આપણો સૂર્ય, પાંચ અબજ વર્ષ પછી, વ્હાઈટડવાઈ, નામના, પૃથ્વી જેવડા, પિંડમાં, રૂપાંતર, પામશે.",0,8.99,0,not_selected_by_random,,,,
6151,"દક્ષિણ આફ્રિકાના, નહોરવાળા, દેડકા નું, વૈજ્ઞાનિક નામ, ઝેનોપસ, લેવિસ, છે.",0,6.812,0,not_selected_by_random,,,,
6152,"મેલ્ટડાઉન, રોકવાનો, સૌથી તાકીદનો ઉપાય, તમામ, અણુભઠ્ઠીઓમાં, તાપમાન, ઘટાડવાનો છે. અન્ય ઉપાય, નિયમિત વીજ પુરવઠો, શરૂ કરવાનો છે.",0,12.5,0,not_selected_by_random,,,,
6153,"જૂન, સપ્ટેમ્બરમાં, મિલોને, પિસ્તાલીસ લાખ ટનનો, મર્યાદિત જથ્થો, મુક્ત બજારમાં, વેચવાની, મંજૂરી, મળશે.",0,9.637,0,not_selected_by_random,,,,
6154,"સંપુર્ણ મેલ્ટડાઉન થતા, અણુભઠ્ઠીની, સ્ટીલની દિવાલો, તથા, અન્ય, રક્ષણાત્મક, આડશો, પણ તૂટવા, માંડે છે.",0,8.824,1,,gujarati_female_006154.wav,s a q p a u r a nx a <wb> m a ee l a tx a dx a aa u n a <wb> th a t a aa <wb> a nx a u bh a txh a txh a ii n a ii <wb> s a tx a ii l a n a ii <wb> d a i w a aa l a o <wb> t a th a aa <wb> a n a y a <wb> r a k a sx a nx a aa t a m a k a <wb> aa dx a sh a o <wb> p a nx a <wb> t a uu tx a w a aa <wb> m a aa q dx a ee <wb> ch a ee,C30 C0 C23 C28 C0 C36 C29 C0 C25 C0 <wb> C22 C0 C11 C21 C0 C34 C0 C9 C0 C1 C36 C24 C0 <wb> C33 C0 C32 C0 C1 <wb> C0 C25 C0 C36 C4 C0 C35 C0 C35 C0 C16 C24 C0 C16 <wb> C30 C0 C34 C0 C16 C21 C0 C24 C0 C16 <wb> C7 C0 C16 C37 C0 C1 C21 C0 C26 <wb> C32 C0 C33 C0 C1 <wb> C0 C24 C0 C38 C0 <wb> C29 C0 C19 C0 C31 C0 C25 C0 C1 C32 C0 C22 C0 C19 C0 <wb> C1 C9 C0 C31 C0 C26 <wb> C28 C0 C25 C0 <wb> C32 C0 C36 C34 C0 C37 C0 C1 <wb> C22 C0 C1 C23 C9 C0 C11 <wb> C6 C0 C11,train
6155,"દૂધી, કાકડી, રીંગણ, ટીંડોળા, ભીંડા, જેવી ચીજો, ઘર આંગળે, ઉગાડવાનો, પ્રયાસ, થવો જોઈએ, અને, તે માટે, પ્રોત્સાહન, પણ આપવું, જોઈએ.",0,13.172,0,not_selected_by_random,,,,
6156,"શિવના, આ સ્વરૂપ, અને, નામ, ચમત્કારીક રૂપથી, દૈહિક, દૈવિક, અને, આધ્યાત્મિક સિદ્ધિ પણ, આપનારા, માનવામાં, આવે છે.",0,10.265,0,not_selected_by_random,,,,
6157,"યાભ્યાં, વિનાન, પશ્યંતિ, સિઘ્ધાં, સ્વાન્તસ્થ, મીશ્વરમ્.",0,6.022,0,not_selected_by_random,,,,
6158,"જેસલ કારિયા, હર્ષલ પટેલ, ચિરાગ ગાંધી, હર્નેશ ત્રિવેદી, ભાર્ગવ મેરાઇ, અને, અભિષેક પટેલ.",0,9.07,0,not_selected_by_random,,,,
6159,"એક મેચની, બે ઇનીંગ્સમાં, ડબલ સેંચુરી, ફટકારવાનો, વિક્રમ, માત્ર ગાવસ્કર, અને, રીકી પોન્ટીંગ, ઉપરાંત, રાહુલ દ્રવિડના, નામે છે.",0,12.425,0,not_selected_by_random,,,,
6160,"ઇંગ્લેન્ડમાં, ઇંગ્લેન્ડ સામે, રમતાં, બે વખત, એક, ટેસ્ટ સિરીઝમાં, ત્રણ ત્રણ સદીઓ, ફટકારવાનું, પરાક્રમ, વિશ્વમાં, ડોન બ્રેડમેન પછી, માત્ર, રાહુલ દ્રવિડે, કર્યું છે.",0,14.564,0,not_selected_by_random,,,,
6161,"સરસ મજાનાં, પાકેલાં, ચીભડાં, અને, રસદાર ખરબૂજાં, સક્કરટેટી ની, મીઠી, સોડમથી, આખું બજાર, મહેંકી ઊઠ્યું.",0,10.109,0,not_selected_by_random,,,,
6162,"ભૂજથી પૂર્વ તરફ, તેમજ, ધોળાવીરા વિસ્તારમાં, કચ્છના રણમાં, સરસ્વતી નદીના, ત્રણ ત્રિકોણ, પ્રદશો, મળ્યાનું સંશોધન છે.",0,12.238,0,not_selected_by_random,,,,
6163,"આપણા રાંધણ ગેસની, ભૂરી જ્યોતના, તાપમાન કરતાં, અંદાજે, એક હજાર, અંશ સેલ્સિયસ, વધારે, ગણાય છે.",0,9.55,0,not_selected_by_random,,,,
6164,"અને, રણબીરની, ફિલ્મ, અજબ પ્રેમ કી, ગઝબ કહાની, ની, રિલીઝ દરમિયાન, રણબીર સલમાનની, એક સમયની, પ્રેમિકા, કેટરિના કૈફના, પ્રેમમાં, હોવાની પણ, એક અફવા હતી.",0,14.629,1,,gujarati_female_006164.wav,a n a ee <wb> r a nx a b a ii r a n a ii <wb> ph a i l a m a <wb> a j a b a <wb> p a r a ee m a <wb> k a ii <wb> g a jh a b a <wb> k a h a aa n a ii <wb> n a ii <wb> r a i l a ii jh a <wb> d a r a m a i y a aa n a <wb> r a nx a b a ii r a <wb> s a l a m a aa n a n a ii <wb> ee k a <wb> s a m a y a n a ii <wb> p a r a ee m a i k a aa <wb> k a ee tx a r a i n a aa <wb> k a ei ph a n a aa <wb> p a r a ee m a m a aa q <wb> h a o w a aa n a ii <wb> p a nx a <wb> ee k a <wb> a ph a w a aa <wb> h a t a ii,C0 C24 C0 C11 <wb> C29 C0 C25 C0 C3 C0 C16 C29 C0 C24 C0 C16 <wb> C12 C0 C16 C21 C0 C22 C0 <wb> C0 C17 C0 C3 C0 <wb> C28 C0 C29 C0 C11 C22 C0 <wb> C19 C0 C16 <wb> C13 C0 C18 C0 C3 C0 <wb> C19 C0 C15 C0 C1 C24 C0 C16 <wb> C24 C0 C16 <wb> C29 C0 C16 C21 C0 C16 C18 C0 <wb> C7 C0 C29 C0 C22 C0 C16 C38 C0 C1 C24 C0 <wb> C29 C0 C25 C0 C3 C0 C16 C29 C0 <wb> C30 C0 C21 C0 C22 C0 C1 C24 C0 C24 C0 C16 <wb> C11 C19 C0 <wb> C30 C0 C22 C0 C38 C0 C24 C0 C16 <wb> C28 C0 C29 C0 C11 C22 C0 C16 C19 C0 C1 <wb> C19 C0 C11 C34 C0 C29 C0 C16 C24 C0 C1 <wb> C19 C0 C2 C12 C0 C24 C0 C1 <wb> C28 C0 C29 C0 C11 C22 C0 C22 C0 C1 C23 <wb> C15 C0 C26 C37 C0 C1 C24 C0 C16 <wb> C28 C0 C25 C0 <wb> C11 C19 C0 <wb> C0 C12 C0 C37 C0 C1 <wb> C15 C0 C32 C0 C16,train
6165,"તેનો પ્રવાહ, સતત વેગવાળો હતો, તેની મુખ્ય સહાયક નદીઓ, શતદ્રુ અને, દંશદ્રવતી હતી, અને, અન્ય સહાયક નદીઓ, રાવી, ચિનાબ, જેલમ, અને સિંધુ હતી.",0,15.281,0,not_selected_by_random,,,,
6166,"આરોગ્ય ક્ષેત્રે, અત્યાર સુધીનાં, આ, સૌથી મોટાં, કૌભાંડમાં, જીએસકેએ, દવાનાં માર્કેટિંગ માટે, ગેરકાનૂની, રસ્તા, અપનાવ્યા હતા.",0,12.36,0,not_selected_by_random,,,,
6167,"તું તારા, જીવનસાથીના, દેખાવ, બાહ્ય, વ્યક્તિત્વને, વિશેષ મહત્વ આપશે, કે, તેના બુદ્ધિકૌશલ, અને, ઊજળા ભવિષ્ય, માટેની, ગુંજાશને, વધુ મહત્વ આપશે?.",0,13.812,0,not_selected_by_random,,,,
6168,"મુલેશ્વર મંદિર, તથા, ક્રિષ્ણા વૃધ્ધાશ્રમમાં, પણ, શિવરાત્રી નિમિત્તે, શિવજીનું, પૂજન અર્ચન કરી, લઘુરૂદ્ર, કરવામાં, આવ્યુ હતું.",0,10.721,0,not_selected_by_random,,,,
6169,"સંતાનો, નપુંસક બનશે, પાક, ઝેરી બનશે, દીકરીઓ, સગીરાવસ્થામાં, પ્રવેશવાને, બદલે, પેરેલિસીસનો, ભોગ બનશે, જેવા વિચારે તેવો, ઊઠે છે.",0,12.328,0,not_selected_by_random,,,,
6170,"અદાણી પોર્ટસ, એન્ડ, સ્પેશિયલ ઇકોનોમિક ઝોને, એપીસેઝ, કોલસા અને, આયર્ન ઓરના, પરિવહન માટે, કામ કર્યું.",0,10.245,0,not_selected_by_random,,,,
6171,"રોકફેલર, ત્રણ દાયકા સુધી, સ્ટાન્ડર્ડ ઓઈલ કંપનીના, અધ્યક્ષપદે, રહ્યા પછી, અઢાર સો સત્તાણું માં, તેજસ્વી પ્રગતિ બાદ, નિવૃત્ત થયા.",0,12.375,0,not_selected_by_random,,,,
6172,"અને, છતાં, માણસનો ઈતિહાસ, નોંધે છે કે, બ્રુટ્સની જેમ, કોઈક મિત્ર, સિઝરની પીઠમાં, ખંજર ભોંકે, એવું પણ, બન્યું છે.",0,10.997,0,not_selected_by_random,,,,
6173,"ન્યૂટ્રોન તારાનું, ઘટત્વ, એટલું હોય છે કે, તેના, ટાંચણીના ટોચ જેટલા, દ્રવ્યનું વજન, એક હજાર ટન, થાય.",0,10.401,0,not_selected_by_random,,,,
6174,"વિલિંગ્ટન ડેમનો, પાયો, હિંદુ રાજજ્યોતિષી, શંભુપ્રસાદ જોશી પાસે, ગણેશપૂજા કરાવીને પછી, નાખ્યો હતો.",0,10.035,0,not_selected_by_random,,,,
6175,"આજે, ત્રણ અબજ, બેઝપેરને, ઉકેલવા, થર્ડ જનરેશનની, સિકવન્સીંગ ટેકનોલોજી, વાપરતાં, એક હજાર, ડોલરનો, ખર્ચ આવે.",0,10.637,0,not_selected_by_random,,,,
6176,"ભગવાન શિવ પાર્વતીનું, ભજન કરી, પરભ્રહ્મ, પરમાત્માને, રાજા જનકની જેમ, અથવા, ભક્ત નરસિંહ મહેતાની જેમ, પ્રાપ્ત કરી, અવિચળ, સુખ મેળવીએ.",0,13.468,0,not_selected_by_random,,,,
6177,"વ્યવસાય ચલાવનાર, આપણા, મુખ્ય મેનેજમેન્ટ, વિશ્વાસની કમી, અને, ઇમોશનલ, કોશન્ટ, ઇકયુ માં, અસંતુલન સાથે, ખૂબ દબાણમાં, રહે છે.",0,11.83,0,not_selected_by_random,,,,
6178,"રોકફેલરે, ઓઈલ રિફાઈનિંગ, અને, માર્કેટિંગ વ્યવસાય ક્ષેત્રે, અમેરિકામાં, કાઠું, કાઢયું.",0,7.935,0,not_selected_by_random,,,,
6179,"માંગનાથ, બિલનાથ, હાટકેશ્વર, ઇન્દ્રેશ્વર, જાગનાથ, જટાશંકર, ગુપ્તેશ્વર, મહાદેવ, મંદિર ખાતે, હવેલી, સવારથી જ, ભક્તો ની, મેદની, જામી હતી.",0,14.341,0,not_selected_by_random,,,,
6180,"સંજ્ઞા સૂર્યનો, પરિવાર, ત્વષ્ઠા, પ્રભાસ, મનુ, યમરાજ, યમુના નદી, અશ્વિનકુમાર, રૈવન્ત.",0,9.95,0,not_selected_by_random,,,,
6181,"ઈશાંત શર્મા, પ્રજ્ઞાન ઓઝા, રવીન્દ્ર જાડેજા, પાર્થિવ પટેલ, પણ, તીવ્ર હરિફાઇ વચ્ચે, સ્થાન, નથી મેળવી, શક્યા.",0,9.976,0,not_selected_by_random,,,,
6182,"પસંદગી સમિતિના, ચેરમેન, શ્રીકાંતે, યુસુફ પઠાણ, યુવરાજ અને, રૈનાને, ઓલરાઉન્ડર કેટેગરીમાં, ગણાવ્યા હતા.",0,11.35,0,not_selected_by_random,,,,
6183,"છેલ્લા નવાબ, મહાબતખાનજીએ, દ્વારિકાધીશ, પીઠાધિશ્વર, જગતગુરૂ, શંકરાચાર્યજી, અભિનવ, સચ્ચિદાનંદજીને, પ્રણામ કર્યા.",0,12.039,0,not_selected_by_random,,,,
6184,"તો, ક્યારેક, બહુ લાંબા, ગાળાનો કંટાળો, માણસને, ડિસ્થામિઆ, જેવા, એકદમ તીવ્ર ડિપ્રેશન, અને, તાણ તરફ, પણ, ધકેલી શકે છે.",0,12.156,0,not_selected_by_random,,,,
6185,"જોખમી અને, મોંઘી દાટ દવાઓના પ્રચાર માટે, ડોક્ટરોને, લાંચ, આપી હતી, તથા, દવાની સલામતી, અને, અસરકારકતા, વિશે, જુઠ્ઠાણું, ફેલાવ્યું હતું.",0,14.197,0,not_selected_by_random,,,,
6186,"શૈંલ્લ, આ ક્ષેત્ર માટે, નેશનલ સેન્ટર ફોર, એડવાન્સીંગ, ટ્રાન્સપ્લેશન સાયન્સ, શરુ કરી, રહી છે.",0,8.368,0,not_selected_by_random,,,,
6187,"લખલુંટ ધનસંપત્તિ, વર્ષોની જહેમત, તપસ્યાના, સામંજસ્ય, દ્વારા, આ, અદભૂત સર્જન, એક ચીરંજીવ સંભારણું, આપણને, આપતા ગયા છે.",0,12.032,0,not_selected_by_random,,,,
6188,"ક્રિસ્ટલના વેપારી, અવિનાશ પરીખ, કહે છે કે, માર્કેટમાં, વિવિઘ સજાવટને, ઘ્યાનમાં રાખીને, ક્રિસ્ટલ, તૈયાર કરીને, મૂકવામાં, આવ્યાં છે.",0,11.713,0,not_selected_by_random,,,,
6189,"નેશનલ ટેકનોલોજી, રિસર્ચ ઓર્ગેનાઈઝેશન, એનટીઆરએ, જેવી સંસ્થાઓ, કેગના, સ્વાધીનગતિક, કાર્યક્ષેત્રમાં, નથી, આવતી.",0,11.806,0,not_selected_by_random,,,,
6190,"આઘ્યાત્મિક, જ્ઞાનભાથુ, બાંધવા માટે, ધર્મને, પ્રાધાન્યતા આપીને, પોઝિટીવ અભિગમ, અપનાવવો જોઈએ.",0,9.201,0,not_selected_by_random,,,,
6191,"ગૂપચૂપ, બે થી ત્રણ, હેલીકોપ્ટરો દ્વારા, ઉતરાણ કરી, મિનિટોમાં જ, ઓસામા બિન લાદેન, જેવાં, મોસ્ટ વોન્ટેડ, આતંકવાદીને, પકડી લીધો.",0,13.266,0,not_selected_by_random,,,,
6192,"ફુકૂશીમાની, ઘટના બાદ, દુનિયાના, અન્ય દેશોની જેમ, ફ્રાંસ સુધ્ધાં, પોતાના તમામ અણુઊર્જા, મથકોનો, સ્ટ્રેસ ટેસ્ટ, કરી રહ્યું છે.",0,12.576,0,not_selected_by_random,,,,
6193,"નેશનલ ઈન્સ્ટિટયૂટ ઓફ, હેલ્થનાં, જેમ્સ વિંગાર્ડને, આંતરરાષ્ટ્રીય, સહયોગ મેળવવાનું, શરૂ કર્યું.",0,7.454,1,,gujarati_female_006193.wav,n a ee sh a n a l a <wb> ii n a s a tx a i tx a y a uu tx a <wb> o ph a <wb> h a ee l a th a n a aa q <wb> j a ee m a s a <wb> w a i q g a aa r a dx a n a ee <wb> aa q t a r a r a aa sx a tx a r a ii y a <wb> s a h a y a o g a <wb> m a ee lx a w a w a aa n a u q <wb> sh a r a uu <wb> k a r a y a u q,C24 C0 C11 C31 C0 C24 C0 C21 C0 <wb> C16 C24 C0 C30 C0 C34 C0 C16 C34 C0 C38 C0 C36 C34 C0 <wb> C26 C12 C0 <wb> C15 C0 C11 C21 C0 C33 C0 C24 C0 C1 C23 <wb> C17 C0 C11 C22 C0 C30 C0 <wb> C37 C0 C16 C23 C13 C0 C1 C29 C0 C9 C0 C24 C0 C11 <wb> C1 C23 C32 C0 C29 C0 C29 C0 C1 C31 C0 C34 C0 C29 C0 C16 C38 C0 <wb> C30 C0 C15 C0 C38 C0 C26 C13 C0 <wb> C22 C0 C11 C21 C0 C37 C0 C37 C0 C1 C24 C0 C36 C23 <wb> C31 C0 C29 C0 C36 <wb> C19 C0 C29 C0 C38 C0 C36 C23,train
6194,"પાતળા બાંધાનું, લાંબી પૂંછડીવાળું, ઘેરા, રાખોડી રંગનું, સ્ફૂર્તિલું પંખી, એટલે, ફડક ફુત્કી.",0,8.044,0,not_selected_by_random,,,,
6195,"ઈંદ્રિય, અને દેહને, લૌકિક કાર્યાદિમાંથી, ખેંચી લઈ, ભગવત સેવામાં, પ્રયોજવા, નેત્રનો, મુખ્ય ધર્મ, પ્રભુના દર્શન કરવાનો છે.",0,11.328,0,not_selected_by_random,,,,
6196,"દેવગનના, જણાવ્યા પ્રમાણે, અંશતઃ, કે, સંપુર્ણ સૂર્યગ્રહણ, નરી આંખે, દેખવાથી, સૂર્યના રેડિએશનની, આંખ પર, ઘાતક અસર, થઈ શકે છે.",0,13.294,0,not_selected_by_random,,,,
6197,"કૌટુંબિક મેળાવડા, અને, મિત્રો સાથેની, ગપ્પાંગોષ્ઠિનું, પણ, લાઇવ વિડીયો, સ્ટ્રીમિંગ, થઇ શકે છે.",0,8.727,0,not_selected_by_random,,,,
6198,"દૂધ, ઇંડા, માંસ, શીંગદાણા, કોપરું, શેરડી, તથા, બીન ખાદ્ય પદાર્થમાં, કપાસ, શણ, વગેરેના, ભાવો, વધ્યા.",0,11.144,0,not_selected_by_random,,,,
6199,"ડિસેમ્બર, બે હજાર અગિયાર માં, એક, સ્પેસ પ્રોબ, મંગળનાં ચંદર, ફોળોસ તરફ, જઈને, ત્રણ વર્ષ પછી, પૃથ્વી પર, પાછો ફરવાનો છે.",0,11.008,0,not_selected_by_random,,,,
6200,"કાર ડિઝાઈનનાં, કોન્સેપ્ટમાં, સાત દાયકામાં, કેવાં ફેરફારો થયાં છે, તેનું, તે, જીવતું જાગતું, ઉદાહરણ છે.",0,8.173,1,,gujarati_female_006200.wav,k a aa r a <wb> dx a i jh a aa ii n a n a aa q <wb> k a o n a s a ee p a tx a m a aa q <wb> s a aa t a <wb> d a aa y a k a aa m a aa q <wb> k a ee w a aa q <wb> ph a ee r a ph a aa r a o <wb> th a y a aa q <wb> ch a ee <wb> t a ee n a u q <wb> t a ee <wb> j a ii w a t a u q <wb> j a aa g a t a u q <wb> u d a aa h a r a nx a <wb> ch a ee,C19 C0 C1 C29 C0 <wb> C9 C0 C16 C18 C0 C1 C16 C24 C0 C24 C0 C1 C23 <wb> C19 C0 C26 C24 C0 C30 C0 C11 C28 C0 C34 C0 C22 C0 C1 C23 <wb> C30 C0 C1 C32 C0 <wb> C7 C0 C1 C38 C0 C19 C0 C1 C22 C0 C1 C23 <wb> C19 C0 C11 C37 C0 C1 C23 <wb> C12 C0 C11 C29 C0 C12 C0 C1 C29 C0 C26 <wb> C33 C0 C38 C0 C1 C23 <wb> C6 C0 C11 <wb> C32 C0 C11 C24 C0 C36 C23 <wb> C32 C0 C11 <wb> C17 C0 C16 C37 C0 C32 C0 C36 C23 <wb> C17 C0 C1 C13 C0 C32 C0 C36 C23 <wb> C36 C7 C0 C1 C15 C0 C29 C0 C25 C0 <wb> C6 C0 C11,train
6201,"થોડા વર્ષો પછી, અઢાર છ, ઓગણીસો અઢાર ના રોજ, અનેક બૌદ્ધિકોની, હાજરીમાં, શ્રીમતી હેરીસની, મઘ્યસ્થી, મિડિયમશીપ હેઠળ, ચર્ચા થઇ.",0,11.988,0,not_selected_by_random,,,,
6202,"સેહવાગે, જોકે, વર્લ્ડકપની, સૌપ્રથમ મેચમાં, સદી ફટકારતા, સૌથી વધુ, રનનો, ન્યુઝીલેન્ડના, ગ્લેન ટર્નરનો, રેકોર્ડ, તોડયો હતો.",0,10.53,0,not_selected_by_random,,,,
6203,"પ્રવાહી, અને, જેલ કાર્બોહાઈડ્રેટ, પહેલી પંદર મિનિટમાં, વ્યાયામમાં, ગ્લુકોઝ માત્રામાં, ઝડપથી, થોડી વધારે, થાય છે.",0,9.826,0,not_selected_by_random,,,,
6204,"લાલ ચોખા, શાકભાજી, આખા ઓટ્સ, ઘઉં, જવ, કાંદા, મૂળો, મરી, બ્રોકોલી, ગાજર, કોબીજ, ટમેટાં, વગેરેમાં, જરૂરી પોષક, તત્વો હોય છે.",0,14.631,0,not_selected_by_random,,,,
6205,"કસ્તુરીરંગનના, વડપણ, નીચે, પ્રોગ્રામ રીવ્યૂ, અને, સ્ટ્રેટેજી કમીટી, કાર્યક્રમની, ફેર વિચારણા, અને, વ્યૂહરચના, માટેની, સમિતિ, રચી છે.",0,10.774,1,,gujarati_female_006205.wav,k a s a t a u r a ii r a q g a n a n a aa <wb> w a dx a p a nx a <wb> n a ii c a ee <wb> p a r a o g a r a aa m a <wb> r a ii w a y a uu <wb> a n a ee <wb> s a tx a r a ee tx a ee j a ii <wb> k a m a ii tx a ii <wb> k a aa r a y a k a r a m a n a ii <wb> ph a ee r a <wb> w a i c a aa r a nx a aa <wb> a n a ee <wb> w a y a uu h a r a c a n a aa <wb> m a aa tx a ee n a ii <wb> s a m a i t a i <wb> r a c a ii <wb> ch a ee,C19 C0 C30 C0 C32 C0 C36 C29 C0 C16 C29 C0 C23 C13 C0 C24 C0 C24 C0 C1 <wb> C37 C0 C9 C0 C28 C0 C25 C0 <wb> C24 C0 C16 C5 C0 C11 <wb> C28 C0 C29 C0 C26 C13 C0 C29 C0 C1 C22 C0 <wb> C29 C0 C16 C37 C0 C38 C0 C36 <wb> C0 C24 C0 C11 <wb> C30 C0 C34 C0 C29 C0 C11 C34 C0 C11 C17 C0 C16 <wb> C19 C0 C22 C0 C16 C34 C0 C16 <wb> C19 C0 C1 C29 C0 C38 C0 C19 C0 C29 C0 C22 C0 C24 C0 C16 <wb> C12 C0 C11 C29 C0 <wb> C37 C0 C16 C5 C0 C1 C29 C0 C25 C0 C1 <wb> C0 C24 C0 C11 <wb> C37 C0 C38 C0 C36 C15 C0 C29 C0 C5 C0 C24 C0 C1 <wb> C22 C0 C1 C34 C0 C11 C24 C0 C16 <wb> C30 C0 C22 C0 C16 C32 C0 C16 <wb> C29 C0 C5 C0 C16 <wb> C6 C0 C11,train
6206,"મહાદેવ પ્રસન્ન થઇ, કાળુ વસ્ત્ર, કાળી પાઘડી, યજ્ઞોપવિતનું બંધન, પ્રકૃતિનું તમોગુણનું, તેજ ધારણ કર્યું.",0,9.902,0,not_selected_by_random,,,,
6207,"બ્રાઝિલમાં, માગમાં, વધારો, તેમજ મર્યાદીત ઉત્પાદનને પગલે, આંતરાષ્ટ્રીય બજારમાં, પણ, ખાંડ વાયદામાં, તેજી, જોવા મળી હતી.",0,11.162,0,not_selected_by_random,,,,
6208,"પિતાજીએ, પ્રહલ્લાદજીને, ભગવત્સમરણ, તથા, ભજનાદિકનો, ત્યાગ કરવા, બહુ પ્રકારે, સમજાવવા છતાં, તેમણે, ભગવત સ્મરણાદિકનો, ત્યાગ કર્યો નહિ.",0,11.27,0,not_selected_by_random,,,,
6209,"તેમણે કહ્યું કે, ઓગણીસો ત્યાસી ના, વર્લ્ડ કપમાં, કપિલ દેવે, જ્યારે, ઝિમ્બાબ્વે સામેની મેચમાં, અણનમ, એક સો પંચોતેર રનની, ઇનિંગ, ફટકારી ત્યાર બાદની, આ, શ્રેષ્ઠ ઇનિંગ છે.",0,13.801,0,not_selected_by_random,,,,
6210,"સારી, અને, શ્રેષ્ઠ; ગૂડ અને, એકસ્ટ્રા ઓર્ડીનરી, વચ્ચેની પાતળી ભેદરેખા, સમજાવવા, માંગુ છું.",0,7.765,0,not_selected_by_random,,,,
6211,"જો વૈષ્ણવ, પોતાના હૃદયમાં, શ્રી કૃષ્ણ, શરણં મમ્, એવી ભાવના, નિરંતર રાખે, તો, શ્રીકૃષ્ણ, જે, પરમકૃપાળુ છે, તે, કૃપા કરશે જ.",0,11.174,0,not_selected_by_random,,,,
6212,"જો, કર્ણ, ભીષ્મ પિતામહના, નેતૃત્વ હેઠળ, લડ્યો હોત, તો, મહાભારતના, યુદ્ધનો, અંત, કદાચ જુદી રીતે, પણ, આવ્ય હોત.",0,9.149,1,,gujarati_female_006212.wav,j a o <wb> k a r a nx a <wb> bh a ii sx a m a <wb> p a i t a aa m a h a n a aa <wb> n a ee t a t a w a <wb> h a ee txh a lx a <wb> l a dx a y a o <wb> h a o t a <wb> t a o <wb> m a h a aa bh a aa r a t a n a aa <wb> y a u d a dh a n a o <wb> a q t a <wb> k a d a aa c a <wb> j a u d a ii <wb> r a ii t a ee <wb> p a nx a <wb> aa w y a <wb> h a o t a,C17 C0 C26 <wb> C19 C0 C29 C0 C25 C0 <wb> C4 C0 C16 C31 C0 C22 C0 <wb> C28 C0 C16 C32 C0 C1 C22 C0 C15 C0 C24 C0 C1 <wb> C24 C0 C11 C32 C0 C32 C0 C37 C0 <wb> C15 C0 C11 C35 C0 C21 C0 <wb> C21 C0 C9 C0 C38 C0 C26 <wb> C15 C0 C26 C32 C0 <wb> C32 C0 C26 <wb> C22 C0 C15 C0 C1 C4 C0 C1 C29 C0 C32 C0 C24 C0 C1 <wb> C38 C0 C36 C7 C0 C8 C0 C24 C0 C26 <wb> C0 C23 C32 C0 <wb> C19 C0 C7 C0 C1 C5 C0 <wb> C17 C0 C36 C7 C0 C16 <wb> C29 C0 C16 C32 C0 C11 <wb> C28 C0 C25 C0 <wb> C1 C37 C38 C0 <wb> C15 C0 C26 C32 C0,train
6213,"આપણી પાસે, તો, મકાન બાંધવા, સિવિલ એન્જિનિયર્સ, આર્કિટેકચર્સ, કડિયા, કોન્ટ્રાક્ટર, આ બધાની, મોટી, ફોજ છે.",0,9.469,0,not_selected_by_random,,,,
6214,"સ્વતંત્ર, ફિલ્મવિતરક, સુનિલ વાધવાના, જણાવ્યા મુજબ, વર્ષ, બે હજાર દસ ની, એક સો બે ફિલ્મનો, કુલ વકરો, ચૌદ સો ને એક કરોડ, રહ્યો છે.",0,11.053,1,,gujarati_female_006214.wav,s a w a t a q t a r a <wb> ph a i l a m a w a i t a r a k a <wb> s a u n a i l a <wb> w a aa dh a w a aa n a aa <wb> j a nx a aa w a y a aa <wb> m a u j a b a <wb> w a r a sx a <wb> b a ee <wb> h a j a aa r a <wb> d a s a <wb> n a ii <wb> ee k a <wb> s a o <wb> b a ee <wb> ph a i l a m a n a o <wb> k a u l a <wb> w a k a r a o <wb> c a ou d a <wb> s a o <wb> n a ee <wb> ee k a <wb> k a r a o dx a <wb> r a h a y a o <wb> ch a ee,C30 C0 C37 C0 C32 C0 C23 C32 C0 C29 C0 <wb> C12 C0 C16 C21 C0 C22 C0 C37 C0 C16 C32 C0 C29 C0 C19 C0 <wb> C30 C0 C36 C24 C0 C16 C21 C0 <wb> C37 C0 C1 C8 C0 C37 C0 C1 C24 C0 C1 <wb> C17 C0 C25 C0 C1 C37 C0 C38 C0 C1 <wb> C22 C0 C36 C17 C0 C3 C0 <wb> C37 C0 C29 C0 C31 C0 <wb> C3 C0 C11 <wb> C15 C0 C17 C0 C1 C29 C0 <wb> C7 C0 C30 C0 <wb> C24 C0 C16 <wb> C11 C19 C0 <wb> C30 C0 C26 <wb> C3 C0 C11 <wb> C12 C0 C16 C21 C0 C22 C0 C24 C0 C26 <wb> C19 C0 C36 C21 C0 <wb> C37 C0 C19 C0 C29 C0 C26 <wb> C5 C0 C27 C7 C0 <wb> C30 C0 C26 <wb> C24 C0 C11 <wb> C11 C19 C0 <wb> C19 C0 C29 C0 C26 C9 C0 <wb> C29 C0 C15 C0 C38 C0 C26 <wb> C6 C0 C11,train
6215,"કાશ્મીર નામ સંભળાય, એટલે, સ્વાભાવિક રીતે, એકે, સુડતાલીસ, કે, એકે છપ્પન, લટકાઈને, ફરતા, ત્રાસવાદીઓ, કે, આર્મીના ઝૂંડનો, સ્વાભાવિક, આભાસ થાય.",0,12.989,0,not_selected_by_random,,,,
6216,"રાહુલ દ્રવિડે, જે સોળ વર્ષ, ભારતની ટીમ માટે, રમ્યો, તેમાં, તેના મુખ્ય, સિદ્ધાંતો હતા, ટીમ માટે રમવું, અને, બધું કરી છુટવુ.",0,9.973,0,not_selected_by_random,,,,
6217,"યોકોવિચ, બીજી વખત, ઓસ્ટ્રેલિયન ઓપન ચેમ્પિયન, મરે, કારકિર્દીની, ત્રીજી, ગ્રાન્ડ સ્લેમમાં, પણ, ટાઇટલથી વંચિત.",0,8.034,1,,gujarati_female_006217.wav,y a o k a o w a i c a <wb> b a ii j a ii <wb> w a kh a t a <wb> o s a tx a r a ee l a i y a n a <wb> o p a n a <wb> c a ee m a p a i y a n a <wb> m a r a ee <wb> k a aa r a k a i r a d a ii n a ii <wb> t a r a ii j a ii <wb> g a r a aa n a dx a <wb> s a l a ee m a m a aa q <wb> p a nx a <wb> tx a aa i tx a l a th a ii <wb> w a q c a i t a,C38 C0 C26 C19 C0 C26 C37 C0 C16 C5 C0 <wb> C3 C0 C16 C17 C0 C16 <wb> C37 C0 C20 C0 C32 C0 <wb> C26 C30 C0 C34 C0 C29 C0 C11 C21 C0 C16 C38 C0 C24 C0 <wb> C26 C28 C0 C24 C0 <wb> C5 C0 C11 C22 C0 C28 C0 C16 C38 C0 C24 C0 <wb> C22 C0 C29 C0 C11 <wb> C19 C0 C1 C29 C0 C19 C0 C16 C29 C0 C7 C0 C16 C24 C0 C16 <wb> C32 C0 C29 C0 C16 C17 C0 C16 <wb> C13 C0 C29 C0 C1 C24 C0 C9 C0 <wb> C30 C0 C21 C0 C11 C22 C0 C22 C0 C1 C23 <wb> C28 C0 C25 C0 <wb> C34 C0 C1 C16 C34 C0 C21 C0 C33 C0 C16 <wb> C37 C0 C23 C5 C0 C16 C32 C0,train
6218,"સબમરીનના, મધ્યથી, સહેજ આગળના ભાગે, ઓફિસરો, અને, સેઈલરનું, અત્યંત સાંકડુ રહેઠાણ હોય છે.",0,8.79,0,not_selected_by_random,,,,
6219,"પરંતુ, આ એવો સમયનો, ગાળો હતો, જ્યારે, છીછરા, હૂંફાળા, ઉષ્ણકટિબંધના, પાણીમાં, યુરોપ, દ્વિપસમૂહ હતો.",0,9.381,1,,gujarati_female_006219.wav,p a r a q t a u <wb> aa <wb> ee w a o <wb> s a m a y a n a o <wb> g a aa lx a o <wb> h a t a o <wb> j a y a aa r a ee <wb> ch a ii ch a r a aa <wb> h a uu q ph a aa lx a aa <wb> u sx a nx a k a tx a i b a q dh a n a aa <wb> p a aa nx a ii m a aa q <wb> y a u r a o p a <wb> d a w a i p a s a m a uu h a <wb> h a t a o,C28 C0 C29 C0 C23 C32 C0 C36 <wb> C1 <wb> C11 C37 C0 C26 <wb> C30 C0 C22 C0 C38 C0 C24 C0 C26 <wb> C13 C0 C1 C21 C0 C26 <wb> C15 C0 C32 C0 C26 <wb> C17 C0 C38 C0 C1 C29 C0 C11 <wb> C6 C0 C16 C6 C0 C29 C0 C1 <wb> C15 C0 C36 C23 C12 C0 C1 C21 C0 C1 <wb> C36 C31 C0 C25 C0 C19 C0 C34 C0 C16 C3 C0 C23 C8 C0 C24 C0 C1 <wb> C28 C0 C1 C25 C0 C16 C22 C0 C1 C23 <wb> C38 C0 C36 C29 C0 C26 C28 C0 <wb> C7 C0 C37 C0 C16 C28 C0 C30 C0 C22 C0 C36 C15 C0 <wb> C15 C0 C32 C0 C26,train
6220,"બે આંખની, શરમ ખૂટી પડે, ત્યારે, કોક શાહજહાં આગ્રાના કિલ્લામાં, બંદીવાન બનીને, દૂર દેખાતા, તાજમહેલને, આંસુ સારતો, જોયા કરે છે.",0,11.858,0,not_selected_by_random,,,,
6221,"યુવા સ્પિનર, હેસ્ટિંગ્સે, કોહલીને, એકવીસ રને, ડેવિડ હસીના, હાથે, કેચ આઉટ, કરાવ્યો હતો.",0,8.114,0,not_selected_by_random,,,,
6222,"તેઓ, મેટ્રો રેલના, બેઝ સ્ટેશનો, સ્થાપવા માટે, અમદાવાદ, અને, ગાંધીનગર જિલ્લા, કલેક્ટરો પાસે, જમીનની, માગણી કરી છે.",0,9.403,0,not_selected_by_random,,,,
6223,"ગોલમાલ ની, સિરીઝ સફળ ગયા બાદ, ફિલ્મ, બોલ બચ્ચન ને, માર્કેટમાં, લાવનાર, નિર્દેશક, રોહિત શેટ્ટીએ, જણાવી દીધુ.",0,9.233,0,not_selected_by_random,,,,
6224,"નોકરિયાતોનાં, ઊજળાં, ને નવાં કપડાં, ઘેર રહેનારાં, કુતૂહલથી, જોઈ રહે, કોક, ભાવ પૂછે.",0,6.803,1,,gujarati_female_006224.wav,n a o k a r a i y a aa t a o n a aa q <wb> uu j a lx a aa q <wb> n a ee <wb> n a w a aa q <wb> k a p a dx a aa q <wb> gh a ee r a <wb> r a h a ee n a aa r a aa q <wb> k a u t a uu h a l a th a ii <wb> j a o ii <wb> r a h a ee <wb> k a o k a <wb> bh a aa w a <wb> p a uu ch a ee,C24 C0 C26 C19 C0 C29 C0 C16 C38 C0 C1 C32 C0 C26 C24 C0 C1 C23 <wb> C36 C17 C0 C21 C0 C1 C23 <wb> C24 C0 C11 <wb> C24 C0 C37 C0 C1 C23 <wb> C19 C0 C28 C0 C9 C0 C1 C23 <wb> C14 C0 C11 C29 C0 <wb> C29 C0 C15 C0 C11 C24 C0 C1 C29 C0 C1 C23 <wb> C19 C0 C36 C32 C0 C36 C15 C0 C21 C0 C33 C0 C16 <wb> C17 C0 C26 C16 <wb> C29 C0 C15 C0 C11 <wb> C19 C0 C26 C19 C0 <wb> C4 C0 C1 C37 C0 <wb> C28 C0 C36 C6 C0 C11,train
6225,"મરેએ, તેની, પ્રથમ, બે ગેમમાં, પાંચ અનફોર્સ્ડ, એરર કરતાં, સર્બિયન સ્ટાર, યોકોવિચે, બીજા સેટ પર, પોતાની પકડ, મજબુત કરી હતી.",0,11.863,0,not_selected_by_random,,,,
6226,"કોલકાતાની ટીમ, ચેમ્પિયન બની, એ સાથે જ, શાહરુખ ખાન, ઉપર, ટ્વિટરમાં, બોલિવૂડની, અભિનંદનવર્ષા, શરુ થઇ ગઇ હતી.",0,9.599,0,not_selected_by_random,,,,
6227,"જવાબમાં, બાંગ્લાદેશે, ભારત માટે, થોડુ ટેન્શન સર્જતા, સન્માનજનક, બસ્સો ત્યાંશી રન, નવ વિકેટે, પચ્ચાસ ઓવરોમાં, નોંધાવ્યા હતા.",0,10.49,0,not_selected_by_random,,,,
6228,"તેમાં, તીક્ષ્ણ દાંતવાળા, જડબાં, ત્રણ આંગળીવાળા પંજા, અને, લાબુ અસ્થિવાળું, પૂછડું, સામેલ છે.",0,8.168,0,not_selected_by_random,,,,
6229,"એક એંજીનની મદદથી, એ એટલો ઝડપથી, ફરે છે કે, પાણીમાં, ડૂબેલી, આ, અણુ સબ મરીન, ત્રીસ, ચોત્રીસ, નોટિકલ માઈલની, સ્પીડે, ભાગી શકે છે.",0,12.545,0,not_selected_by_random,,,,
6230,"તેમનું અસ્તિત્ત્વ, જેમ્સ, હિગ્સ, અને, સત્યેન્દ્રનાથ, બોઝ સહિતના, કેટલાક સંશોધકોની, થિયરી, પૂરતું, સીમિત હતું.",0,9.387,0,not_selected_by_random,,,,
6231,"અમેરિકા, બે હઝાર પચ્ચાસ સુધીમાં, ત્રીસ હઝાર, ચોરસમીટર, વેરાન જમીન પર, ફોટોવોલ્ટેક, ફાર્મ, સ્થાપિત કરવા, માંગે છે.",0,9.427,0,not_selected_by_random,,,,
6232,"યજૂરવેદના, મંત્રોમાં, લખ્યા પ્રમાણે, શંકરને, ત્રિશુળ, વિષ્ણુને, સુદર્શન, બ્રમહાજી ને, ખડગ, દૈત્યોના સંહાર માટે, મળેલ છે.",0,10.983,0,not_selected_by_random,,,,
6233,"અને, અત્યારે તેઓ, બ્રાઝીલમાં, રિઓડીજાનેરો ખાતે, આવેલી, જીયોથર્મલ, લેબોરેટરી, ઓફ ધી, નેશનલ, ઓબ્ઝર્વેટરીના, વડા છે.",0,10.217,1,,gujarati_female_006233.wav,a n a ee <wb> a t a y a aa r a ee <wb> t a ee o <wb> b a r a aa jh a ii l a m a aa q <wb> r a i o dx a ii j a aa n a ee r a o <wb> kh a aa t a ee <wb> aa w a ee l a ii <wb> j a ii y a o th a r a m a l a <wb> l a ee b a o r a ee tx a r a ii <wb> o ph a <wb> dh a ii <wb> n a ee sh a n a l a <wb> o b a jh a r a w a ee tx a r a ii n a aa <wb> w a dx a aa <wb> ch a ee,C0 C24 C0 C11 <wb> C0 C32 C0 C38 C0 C1 C29 C0 C11 <wb> C32 C0 C11 C26 <wb> C3 C0 C29 C0 C1 C18 C0 C16 C21 C0 C22 C0 C1 C23 <wb> C29 C0 C16 C26 C9 C0 C16 C17 C0 C1 C24 C0 C11 C29 C0 C26 <wb> C20 C0 C1 C32 C0 C11 <wb> C1 C37 C0 C11 C21 C0 C16 <wb> C17 C0 C16 C38 C0 C26 C33 C0 C29 C0 C22 C0 C21 C0 <wb> C21 C0 C11 C3 C0 C26 C29 C0 C11 C34 C0 C29 C0 C16 <wb> C26 C12 C0 <wb> C8 C0 C16 <wb> C24 C0 C11 C31 C0 C24 C0 C21 C0 <wb> C26 C3 C0 C18 C0 C29 C0 C37 C0 C11 C34 C0 C29 C0 C16 C24 C0 C1 <wb> C37 C0 C9 C0 C1 <wb> C6 C0 C11,test
6234,"ઓસ્ટ્રેલિયન ઓપનમાં, જબરદસ્ત દેખાવ, સાથે, ફાઇનલમાં, પ્રવેશેલા, યોકોવિચને, મરે સામે, વિજય મેળવવામાં, ખાસ સંઘર્ષ કરવો, પડયો નહતો.",0,11.711,0,not_selected_by_random,,,,
6235,"ઓગણીસો એક્કોતેર માં, ઓસ્ટ્રેલિયા અને, ઈંગ્લેન્ડ વચ્ચેની, મેલબોર્ન ક્રિકેટ ગ્રાઉન્ડ ખાતેની, ત્રીજી એશિઝ ટેસ્ટ, વરસાદના કારણે, રદ થઇ હતી.",0,11.568,0,not_selected_by_random,,,,
6236,"બેળગુંદીના, અમારા ખેતરમાં, ઊમરાના ઝાડ તળે, બપોરની છાયામાં, બેઠો હોઉં ત્યારે, માર્કંડીનો, મંદ પવન, જરૂર બોલાવવાનો.",0,10.754,0,not_selected_by_random,,,,
6237,"તેની પાછળ, આધુનિક કૃષિવિજ્ઞાન, શીત પ્રૌદ્યોગિકી, રેફ્રીજરેશન, અને વૈશ્વિકરણ, મુખ્ય પરિબળ છે.",0,8.232,0,not_selected_by_random,,,,
6238,"આ સાથે, તેમણે, ફ્લોપી ડિસ્ક, કોમ્પેક્ટ ડિસ્ક, કે, કાળા રંગની, સ્લાઈડ ફિલ્મ દ્વારા, પણ, ગ્રહણ, નહિ જોવાની, સલાહ આપી છે.",0,9.529,0,not_selected_by_random,,,,
6239,"મુલ્લાંને, ભોંય ભેગા થયેલા, જોઈ, એ બોલી, હેં, ભેંશે શિંગડું માર્યું? તમને વાગ્યું? .",0,6.626,0,not_selected_by_random,,,,
6240,"પરીયેટન સ્થાનથી, થોડાક માઇલના અંતરે, દેલવાડાનાં, દહેરા નામે, જગ મશહુર, તિર્થધામ, આવેલું છે.",0,8.836,0,not_selected_by_random,,,,
6241,"પ્રજ્ઞાચક્ષઉ, જતીન શાહ, સહિત, આઠ વ્યક્તિઓએ, સખત પરિશ્રમ દ્વારા, ટોકિંગ પ્રો, મોડેલ, બનાવ્યું છે.",0,8.139,0,not_selected_by_random,,,,
6242,"વોલમાર્ટ, ગુણવત્તા, બાબતે, ખૂબ સતર્ક છે, સાથે સાથે, પોતાની વ્યવસાયિક ગતિવિધિયોને પણ, સાફ રાખવા, માગે છે.",0,9.245,0,not_selected_by_random,,,,
6243,"બીજે કે ત્રીજે વર્ષે, તેમને વિશાખાપટ્ટનમ, ખાતેના, આઈએનએસ, વિઝાગ નામની, ટ્રેનિંગ સ્કૂલમાં, કેમ્પ પર, જવાની, તક મળે છે.",0,10.658,1,,gujarati_female_006243.wav,b a ii j a ee <wb> k a ee <wb> t r ii j ee <wb> w a r a sx a ee <wb> t a ee m a n a ee <wb> w i sh aa kh aa p a tx tx a n a m a <wb> kh a aa t a ee n a aa <wb> aa ii ee n a ee s a <wb> w i jh aa g a <wb> n a aa m a n a ii <wb> tx a r a ee n a i q g a <wb> s k uu l a m aa mq <wb> k ee m p a <wb> p a r a <wb> j a w a aa n a ii <wb> t a k a <wb> m a lx a ee <wb> ch a ee,C3 C0 C16 C17 C0 C11 <wb> C19 C0 C11 <wb> C32 C29 C16 C17 C11 <wb> C37 C0 C29 C0 C31 C0 C11 <wb> C32 C0 C11 C22 C0 C24 C0 C11 <wb> C37 C16 C31 C1 C20 C1 C28 C0 C34 C34 C0 C24 C0 C22 C0 <wb> C20 C0 C1 C32 C0 C11 C24 C0 C1 <wb> C1 C16 C11 C24 C0 C11 C30 C0 <wb> C37 C16 C18 C1 C13 C0 <wb> C24 C0 C1 C22 C0 C24 C0 C16 <wb> C34 C0 C29 C0 C11 C24 C0 C16 C23 C13 C0 <wb> C30 C19 C36 C21 C0 C22 C1 C23 <wb> C19 C11 C22 C28 C0 <wb> C28 C0 C29 C0 <wb> C17 C0 C37 C0 C1 C24 C0 C16 <wb> C32 C0 C19 C0 <wb> C22 C0 C21 C0 C11 <wb> C6 C0 C11,train
6244,"આખરે, વૈજ્ઞાનિકો, પૃથ્વી પર, એક્સટ્રીમ કંડીશન માં, ટકી જાય, તેવાં, માઈક્રો ઓર્ગેનિઝમ પર, સંશોધન કરી, શું મેળવવા માગે છે?.",0,10.409,0,not_selected_by_random,,,,
6245,"પોકેમોન, અને બેનટેન જેવી, જાપનીઝ કાર્ટૂન ફિલ્મો પર, ત્યાંની સરકારોએ પણ, ચીનની જેમ, પ્રતિબંધ લાગૂ પાડ્યો છે.",0,9.586,0,not_selected_by_random,,,,
6246,"રોહિત શર્મા, અને, શ્રીસંતની, આશ્ચર્યજનક બાદબાકી, ટીમમાં, આઠ બેટસમેનો, ચાર ફાસ્ટરો, અને, ત્રણ સ્પિનરો.",0,9.839,0,not_selected_by_random,,,,
6247,"એમ તો, અભિષેક બચ્ચન, અને, કંગના રણાવતના, ફિલ્મ, ગેમની કિંમત, ચાલીસ કરોડ રુપિયા, અંકાઈ છે.",0,7.555,0,not_selected_by_random,,,,
6248,"ક્રાઈમ ઍન્ડ, પનિશમેન્ટ અને, બ્રધર્સ કેરેમેઝોવ, જેવી, મહાન નવલકથાઓ, લખનારા, આ રશિયન સર્જકે, સ્ટેનોગ્રાફર તરીકે, ફરજ બજાવનારી, યુવતી સાથે, લગ્ન, કર્યાં.",0,14.221,0,not_selected_by_random,,,,
6249,"અને, નેગેટીવ વિદ્યુત ધરાવતાં, ઇલેકટ્રોન તેના જેટલી, પોઝીટીવ વિદ્યુત ધરાવતાં, પ્રોટોનમાં, ઘૂસી જાય છે, અને ન્યૂટ્રોનમાં, પરિણમે છે.",0,11.073,0,not_selected_by_random,,,,
6250,"હૃતિક રોશન અભિનિત, ઝોયા અખ્તરની, ફિલ્મ, જીંદગીના મિલે, દોબારા, અને, હૃતિકની જ, કરણ, મલહોત્રા દિગ્દર્શીત, અગ્નિપથ, સફળ રહી છે.",0,11.759,0,not_selected_by_random,,,,
6251,"ઉત્પાદકીય ચીજવસ્તુવોની, શ્રેણીમાં, સુતરાઉ કાપડ, રબર, પ્લાસ્ટિક પ્રોડક્ટ્સ, લોખંડ, અને, મશીનરી, વાર્ષિક ધોરણે, સસ્તાં થયાં છે.",0,11.357,0,not_selected_by_random,,,,
6252,"સાઠની સ્પીડે, હુમલો કરી શકે એવી, આ, આણ્વીક સબમરીન, એંશી મેગાવોટનું, એંજીન, ધરાવે છે.",0,7.701,0,not_selected_by_random,,,,
6253,"નજરના, માધ્યમથી, જે કંઈ હૃદયસ્થ થાય એ, અનુભૂતિ, વિગલન, પામીને, ભાષાના માધ્યમ દ્વારા, બહાર આવે, તે, અભિવ્યક્તિમાં, વિસ્મય નથી ?.",0,11.797,0,not_selected_by_random,,,,
6254,"હજી, આજેય મોસાળના, એ ગામની, સવાર, બપોર, સાંજ, રાતની, અલગ અલગ, ગંધાનુભૂતિ, મારું મન, તંતોતંત, સૂંધી શકે છે.",0,10.711,0,not_selected_by_random,,,,
6255,"સેક્રેટરી તરીકે, ખરું કહીએ તો, સ્ટેનોગ્રાફર તરીકે, ફરજ બજાવનારી, આ યુવતીના, પ્રેમમાં પડીને, પછી તેની સાથે, લગ્ન કર્યાં.",0,10.147,1,,gujarati_female_006255.wav,s a ee k a r a ee tx a r a ii <wb> t a r a ii k a ee <wb> kh a r u mq <wb> k a h a ii ee <wb> t a o <wb> s a tx a ee n a o g a r a aa ph a r a <wb> t a r a ii k a ee <wb> ph a r a j a <wb> b a j a aa w a n a aa r a ii <wb> aa <wb> y a u w a t a ii n a aa <wb> p a r a ee m a m a aa q <wb> p a dx a ii n a ee <wb> p a ch a ii <wb> t a ee n a ii <wb> s a aa th a ee <wb> l a g a n a <wb> k a r a y a aa q,C30 C0 C11 C19 C0 C29 C0 C11 C34 C0 C29 C0 C16 <wb> C32 C0 C29 C0 C16 C19 C0 C11 <wb> C20 C0 C29 C36 C23 <wb> C19 C0 C15 C0 C16 C11 <wb> C32 C0 C26 <wb> C30 C0 C34 C0 C11 C24 C0 C26 C13 C0 C29 C0 C1 C12 C0 C29 C0 <wb> C32 C0 C29 C0 C16 C19 C0 C11 <wb> C12 C0 C29 C0 C17 C0 <wb> C3 C0 C17 C0 C1 C37 C0 C24 C0 C1 C29 C0 C16 <wb> C1 <wb> C38 C0 C36 C37 C0 C32 C0 C16 C24 C0 C1 <wb> C28 C0 C29 C0 C11 C22 C0 C22 C0 C1 C23 <wb> C28 C0 C9 C0 C16 C24 C0 C11 <wb> C28 C0 C6 C0 C16 <wb> C32 C0 C11 C24 C0 C16 <wb> C30 C0 C1 C33 C0 C11 <wb> C21 C0 C13 C0 C24 C0 <wb> C19 C0 C29 C0 C38 C0 C1 C23,train
6256,"ભારતના, અનેક સોફટવેર, ઈજનેરો, કોમ્પ્યુટર ક્ષેત્રે, અથાગ પ્રયત્ન કરી, નાની નાની, ચિપ્સ, અને, રોમાંચક સોફટવેર, તૈયાર કરી રહ્યા છે.",0,10.329,0,not_selected_by_random,,,,
6257,"જેમ, વિશ્વમાનવતામાં, રોપાયેલી, સ્વતંત્રતા માટેનો, પ્રાગતિક ઉન્મેષ, આપણું ધ્યાન, ખેંચે છે.",0,7.589,0,not_selected_by_random,,,,
6258,"ઈંગ્લેન્ડના, બેટ્સમેન, પીટરસને, વર્લ્ડ કપના, કાર્યક્રમને, બિન જરૃરી, લાંબો, અને, કંટાળાજનક, ગણાવ્યો છે.",0,8.145,0,not_selected_by_random,,,,
6259,"અને, તેમને, સીતામાતાની, ભાળ મેળવવા, માટે, હનુમાનજી, સુગ્રીવ, નલ, નીલ, અંગદ, જેવા વાનરો, તથા, તેમની વાનર સેનાની મદદ, લેવી પડી હતી.",0,12.627,0,not_selected_by_random,,,,
6260,"તે પૈકી, એંશી ટકા, સ્રોત, ઉદ્યોગો દ્વારા, ઠાલવવામાં આવતા, કચરાને કારણે, ગટરનું ગંદું પાણી, ભળવાને કારણે, પ્રદૂષિત, થઈ ગયાં છે.",0,11.449,0,not_selected_by_random,,,,
6261,"શ્રી, વિશ્વકર્માનાં, વંશજો, બ્રહ્મકૂલોત્પન્ન કહેવાય છે, તેથી, વૈદિક કામમાં, તથા, શિલ્પ વિદ્યામાં, તેઓ, નિપુણ છે.",0,9.643,0,not_selected_by_random,,,,
6262,"પરંતુ, આજે પણ, ગુલમર્ગ, સોનમર્ગ, ખિલનમર્ગ, જેવા, ડેસ્ટિનેશન, ભારતીય આર્મી, દ્વારા, સંપૂર્ણ, પ્રોટેક્ટેડ છે.",0,9.251,0,not_selected_by_random,,,,
6263,"બિહારના, વૈશાલી જિલ્લાના, ઇસ્માઇલપુરમાં, પ્રસ્તાવિત આ મંદિરનું, ભૂમિ પૂજન, ગઈ, ચાર માર્ચના, રોજ, થઈ ચુક્યું છે.",0,9.57,0,not_selected_by_random,,,,
6264,"બે હજાર અગયાર માં, શેરબજારના, ભાવો, અને, સોના ચાંદીના, બજારો, તેજીના ટ્રેક પર, ચાલતા એટલા, માટે જોવા મળશે કે, વૈશ્વિક બજારો, ડિસેમ્બરના, છેલ્લા અઠવાડિયામાં, તેજી તરફી હતા.",0,16.63,0,not_selected_by_random,,,,
6265,"તેનો અર્થ, એ નથી કે, કાર્બોહાઈડ્રેટને, આડેધડ, આહારમાં, સ્થાન આપવું; સુપાચ્ય, કાર્બોહાઈડ્રેટનું રુપાંતર, સાદી શર્કરા રૃપે, રૃપાંતર થાય છે.",0,11.958,1,,gujarati_female_006265.wav,t a ee n a o <wb> a r a th a <wb> ee <wb> n a th a ii <wb> k a ee <wb> k a aa r a b a o h a aa ii dx a r a ee tx a n a ee <wb> aa dx a ee dh a dx a <wb> aa h a aa r a m a aa q <wb> s a th a aa n a <wb> aa p a w a u q <wb> s a u p a aa c a y a <wb> k a aa r a b a o h a aa ii dx a r a ee tx a n a u q <wb> r a u p a aa q t a r a <wb> s a aa d a ii <wb> sh a r a k a r a aa <wb> r a p a ee <wb> r a p a aa q t a r a <wb> th a aa y a <wb> ch a ee,C32 C0 C11 C24 C0 C26 <wb> C0 C29 C0 C33 C0 <wb> C11 <wb> C24 C0 C33 C0 C16 <wb> C19 C0 C11 <wb> C19 C0 C1 C29 C0 C3 C0 C26 C15 C0 C1 C16 C9 C0 C29 C0 C11 C34 C0 C24 C0 C11 <wb> C1 C9 C0 C11 C8 C0 C9 C0 <wb> C1 C15 C0 C1 C29 C0 C22 C0 C1 C23 <wb> C30 C0 C33 C0 C1 C24 C0 <wb> C1 C28 C0 C37 C0 C36 C23 <wb> C30 C0 C36 C28 C0 C1 C5 C0 C38 C0 <wb> C19 C0 C1 C29 C0 C3 C0 C26 C15 C0 C1 C16 C9 C0 C29 C0 C11 C34 C0 C24 C0 C36 C23 <wb> C29 C0 C36 C28 C0 C1 C23 C32 C0 C29 C0 <wb> C30 C0 C1 C7 C0 C16 <wb> C31 C0 C29 C0 C19 C0 C29 C0 C1 <wb> C29 C0 C28 C0 C11 <wb> C29 C0 C28 C0 C1 C23 C32 C0 C29 C0 <wb> C33 C0 C1 C38 C0 <wb> C6 C0 C11,train
6266,"યુરોઝોનને મદદ કરવા માટે, બ્રિકે, બ્રાઝિલ, રશિયા, ભારત, ચીન, પંચોતેર અબજ ડોલરના, યોગદાનની, જાહેરાત કરી છે.",0,11.059,0,not_selected_by_random,,,,
6267,"અરબી સમુદ્રમાં, કોંકણથી માંડીને, દક્ષિણ ગુજરાતના, દરિયાકાંઠામાં, ઓફશોર, ટ્રેક, સર્જાયો છે, પણ, તેનાથી, કોઇ અસર, થાય તેમ નથી.",0,11.956,0,not_selected_by_random,,,,
6268,"તે, નથી ઇચ્છતા કે, ઓછી કિંમત પર, વસ્તુ, ઉપલબ્ધ કરાવવાને, કારણે, તેમના પર, ગુણવત્તા સાથે, બાંધછોડ કરવાનો, આક્ષેપ કરાય.",0,11.288,0,not_selected_by_random,,,,
6269,"તેના, લેબોરેટરી સાયન્ટિસ્ટ, સેલ્સ ઓફિસર, કોર્પોરેટ એક્ઝિક્યુટિવ, વગેરેને, દોષિત ઠેરવવામાં, ન આવે, તો, કેસ કરવાનો, ફાયદો જ થતો નથી.",0,10.658,1,,gujarati_female_006269.wav,t a ee n a aa <wb> l a ee b a o r a ee tx a r a ii <wb> s a aa y a n a tx a i s a tx a <wb> s a ee l a s a <wb> o ph a i s a r a <wb> k a o r a p a o r a ee tx a <wb> ee k a jh a i k a y a u tx a i w a <wb> w a g a ee r a ee n a ee <wb> d a o sx a i t a <wb> txh a ee r a w a w a aa m a aa q <wb> n a <wb> aa w a ee <wb> t a o <wb> k a ee s a <wb> k a r a w a aa n a o <wb> ph a aa y a d a o <wb> j a <wb> th a t a o <wb> n a th a ii,C32 C0 C11 C24 C0 C1 <wb> C21 C0 C11 C3 C0 C26 C29 C0 C11 C34 C0 C29 C0 C16 <wb> C30 C0 C1 C38 C0 C24 C0 C34 C0 C16 C30 C0 C34 C0 <wb> C30 C0 C11 C21 C0 C30 C0 <wb> C26 C12 C0 C16 C30 C0 C29 C0 <wb> C19 C0 C26 C29 C0 C28 C0 C26 C29 C0 C11 C34 C0 <wb> C11 C19 C0 C18 C0 C16 C19 C0 C38 C0 C36 C34 C0 C16 C37 C0 <wb> C37 C0 C13 C0 C11 C29 C0 C11 C24 C0 C11 <wb> C7 C0 C26 C31 C0 C16 C32 C0 <wb> C35 C0 C11 C29 C0 C37 C0 C37 C0 C1 C22 C0 C1 C23 <wb> C24 C0 <wb> C1 C37 C0 C11 <wb> C32 C0 C26 <wb> C19 C0 C11 C30 C0 <wb> C19 C0 C29 C0 C37 C0 C1 C24 C0 C26 <wb> C12 C0 C1 C38 C0 C7 C0 C26 <wb> C17 C0 <wb> C33 C0 C32 C0 C26 <wb> C24 C0 C33 C0 C16,train
6270,"બોર્ડમાં, રાજ્ય કારભાર ચલાવનાર, સંરક્ષણ, અને, નાણાંકીય સંસ્થાઓ, જેવા, વિવિધ ક્ષેત્રોનો, અનુભવ ધરાવતાં, સભ્યો હોય છે.",0,10.385,0,not_selected_by_random,,,,
6271,"તેમાંથી ઉદ્ભવતા રેડિયો તરંગો, જ્યારે, પૃથ્વી પર ઝીલાય છે, ત્યારે, તે તારાની, તીવ્ર ભ્રમણ ગતિના, કારણે, ઝબકારા રૂપે, ઝીલાય છે, તેથી તેને, ઝબકતારા કહે છે.",0,13.253,0,not_selected_by_random,,,,
6272,"ટેકનીકલી, સ્પર્મ એટલે કે, શુક્રાણુમાંથી, સ્વચ્છ ઘશછ ને, અલગ તારવવું, વધારે સહેલું, અને, સલાહભર્યું હતું.",0,9.285,0,not_selected_by_random,,,,
6273,"પહેલા જેવી, અઘોષિત કટોકટી, જોગવાઈયો, ઓગણીસો પંદર ના, આ કાયદાના, કુળની જ છે, મઝુમદારનું, આ, અવલોકન, નોંધું છું.",0,10.51,0,not_selected_by_random,,,,
6274,"જાપાનના, શક્તિશાળી રોકેટ, એચ બે, ઓગણીસો ચોરાણુ માં, બે વખત, ઓગણીસો અઠાંણુ માં, એક વખત, અને, ઓગણીસો નવાંણુ માં, ચાર વખત, ઉડ્ડયનો, નિષ્ફળ જતાં, જાપાને, તે શ્રેણી જ. પડતી મૂકી હતી.",0,15.331,0,not_selected_by_random,,,,
6275,"ગોપાલ, દાંત કચકચાવતો, ગુસ્સાભેર, મારી પાછળ દોડ્યો, પણ, હું લીમડાના થડ પર, ઠેકડો મારીને, ઉપર ચડી ગયો, ને ગાવા લાગ્યો.",0,10.511,0,not_selected_by_random,,,,
6276,"પશ્ચિમ બંગાળમાં, બીરભૂમની, જિલ્લા અદાલતે પણ, આ કેસમાં, જે કડક વલણ, અખ ત્યાર કર્યું છે, તેનાથી આશા જન્મી છે, કે, ન્યાય થશે.",0,11.908,0,not_selected_by_random,,,,
6277,"તેમ, સાર્ધ શતાબ્દી અવસરે, પશ્ચિમ બંગાળે, દફતર ભંડારમાંથી, જે બધી, ટાગોર સામગ્રી, પ્રદર્શિત કરી, એની વિગતો, જોતાં, સમજાય જાય છે.",0,10.96,0,not_selected_by_random,,,,
6278,"અમેરિકાના, સેન ફ્રાન્સિસ્કોમાં, આવેલા, અલ્ટ્રાટેઝ, આઈલેન્ડ્સના, દરિયામાં, યોજાયેલી, સ્વિમ અરાઉન્ડ ધ રોક, ખૂબ સરસ હતું.",0,9.602,0,not_selected_by_random,,,,
6279,"સતરસોબાવન માં, બેન્જામિન ફ્રેન્કલિન નામના, મહાન શોધકે, પતંગ વડે, ધરતી પર, વીજળી ઉત્પન કરવાનો, પ્રયોગ કર્યો હતો.",0,9.594,0,not_selected_by_random,,,,
6280,"એ બધા, સાહ્યબીઓ, પોતાનામાં રહેલી, લોલુપતાઓ, કે, સ્વાર્થસભર, ઈચ્છાઓ, તૃપ્ત કરે છે.",0,7.236,0,not_selected_by_random,,,,
6281,"ત્યાં આવેલી, સ્કૂપ ફોર, એડવાન્સ અન્ડરવોટર વોરફેર માં, સૌ નાવિકો, તાલિમ લઈ રહ્યા છે.",0,7.129,0,not_selected_by_random,,,,
6282,"જ્યારે, ભારતની કેટલીક ગણતરીની, સર્વશ્રેષ્ઠ વસ્તુઓને, નુકસાન, પહોંચાડવામાં, આવે છે, ત્યારે, તકલીફ, તો થાયજ છે.",0,8.49,0,not_selected_by_random,,,,
6283,"કજિયાખોર, ઝઘડાળુ, સ્વાર્થી, ઈર્ષાળુ, રોતલ, કે, બીકણની છાપ, ન પડે, એ રીતે, સહુ સાથે, રહેતાં, શીખવાની, આ, તાલીમશાળા છે.",0,10.774,1,,gujarati_female_006283.wav,k a j a i y a aa kh a o r a <wb> jh a gh a dx a aa lx a u <wb> s a w a aa r a th a ii <wb> ii r a sx a aa lx a u <wb> r a o t a l a <wb> k a ee <wb> b a ii k a nx a n a ii <wb> ch a aa p a <wb> n a <wb> p a dx a ee <wb> ee <wb> r a ii t a ee <wb> s a h a u <wb> s a aa th a ee <wb> r a h a ee t a aa q <wb> sh a ii kh a w a aa n a ii <wb> aa <wb> t a aa l a ii m a sh a aa lx a aa <wb> ch a ee,C19 C0 C17 C0 C16 C38 C0 C1 C20 C0 C26 C29 C0 <wb> C18 C0 C14 C0 C9 C0 C1 C21 C0 C36 <wb> C30 C0 C37 C0 C1 C29 C0 C33 C0 C16 <wb> C16 C29 C0 C31 C0 C1 C21 C0 C36 <wb> C29 C0 C26 C32 C0 C21 C0 <wb> C19 C0 C11 <wb> C3 C0 C16 C19 C0 C25 C0 C24 C0 C16 <wb> C6 C0 C1 C28 C0 <wb> C24 C0 <wb> C28 C0 C9 C0 C11 <wb> C11 <wb> C29 C0 C16 C32 C0 C11 <wb> C30 C0 C15 C0 C36 <wb> C30 C0 C1 C33 C0 C11 <wb> C29 C0 C15 C0 C11 C32 C0 C1 C23 <wb> C31 C0 C16 C20 C0 C37 C0 C1 C24 C0 C16 <wb> C1 <wb> C32 C0 C1 C21 C0 C16 C22 C0 C31 C0 C1 C21 C0 C1 <wb> C6 C0 C11,val
6284,"કોઇ પણ જાતની, મહેનત, કે, તકલીફ વિના, પોતાના જીવનનું, સતત, રેકોરર્ડિંગ, કે, શૂટિંગ થતું રહે, એ, ખ્યાલથી, આશ્ચર્યચકિત, થયા છે.",0,10.103,0,not_selected_by_random,,,,
6285,"લેખ વાંચતા, અજ્ઞેયની, એમને, પ્રિય પંક્તિયો પૈકીની, એકને, સ્મૃતિએ ચિત્ત, ઝંકૃત ઝંકૃત હતું.",0,8.316,0,not_selected_by_random,,,,
6286,"વ્યક્તિગત સ્વાર્થ માટે, ક્ષુલ્લક લાભ માટે, થોડીક ધનપ્રાપ્તિ માટે, આપણે, સામાજિક હિતને, નેવે, મૂકીએ છીયે.",0,8.842,0,not_selected_by_random,,,,
6287,"હા ના કરતાં, આખરે, પાશ ફેંક્યો, ત્યાં, લિંગમાંથી, ત્રિશૂળધારી શિવજી, પ્રગટ થયા, અને, ધૃષ્ટતા માટે, યમરાજને, સાંભળવું પડ્યું.",0,10.058,0,not_selected_by_random,,,,
6288,"ટુજી, સ્પેકટ્રમ કૌભાંડ, કે, આદર્શ સોસાયટી, ગોટાળા જેવા, કેસમાં, કેગ શબ્દ, નિયમિત રીતે, વાંચ્યો હશે.",0,8.302,0,not_selected_by_random,,,,
6289,"સિડનીના ઓપેરા હાઉસ, ન્યુ યોર્કના ટાઈમ્સ સ્ક્વેર, લંડનમા, બિગ બેન ટાવર, અને, ભારત માં, તાજમહલ, જોવા જેવા સ્થળો છે.",0,9.392,0,not_selected_by_random,,,,
6290,"હમણાં, મારો વાઘ, મ્યાઉં કરતોક, ઊભો થશે, ને, હમણાં હું, એને, હરખભેર, તેડી લઈશ.",0,5.898,1,,gujarati_female_006290.wav,h a m a nx a aa q <wb> m a aa r a o <wb> w a aa gh a <wb> m a y a aa u q <wb> k a r a t a o k a <wb> uu bh a o <wb> th a sh a ee <wb> n a ee <wb> h a m a nx a aa q <wb> h a u q <wb> ee n a ee <wb> h a r a kh a bh a ee r a <wb> t a ee dx a ii <wb> l a ii sh a,C15 C0 C22 C0 C25 C0 C1 C23 <wb> C22 C0 C1 C29 C0 C26 <wb> C37 C0 C1 C14 C0 <wb> C22 C0 C38 C0 C1 C36 C23 <wb> C19 C0 C29 C0 C32 C0 C26 C19 C0 <wb> C36 C4 C0 C26 <wb> C33 C0 C31 C0 C11 <wb> C24 C0 C11 <wb> C15 C0 C22 C0 C25 C0 C1 C23 <wb> C15 C0 C36 C23 <wb> C11 C24 C0 C11 <wb> C15 C0 C29 C0 C20 C0 C4 C0 C11 C29 C0 <wb> C32 C0 C11 C9 C0 C16 <wb> C21 C0 C16 C31 C0,train
6291,"હાલમાં, મિથગવાણેમાં, યોજાયેલી રેલીમાં, શિવસેનાના, કાર્યકારી પ્રમુખ, ઉધ્ધવ ઠાકરેએ, રમેશના વલણ બાબતે, શંકા, વ્યક્ત કરી હતી.",0,10.443,0,not_selected_by_random,,,,
6292,"ઉચ્ચ બ્યૂરોક્રેટિક વ્યવસ્થાવાળા, પોર્ટ મેનેજમેન્ટમાં, આવી સ્થિતિમાં, કોઈ સામાન્ય નાગરિકનો, જીવ, બચાવવાની, કાર્યવાહી, નથી થતી.",0,9.033,1,,gujarati_female_006292.wav,u c a c a <wb> b a y a uu r a o k a r a ee tx a i k a <wb> w a y a w a s a th a aa w a aa lx a aa <wb> p a o r a tx a <wb> m a ee n a ee j a m a ee n a tx a m a aa q <wb> aa w a ii <wb> s a th a i t a i m a aa q <wb> k a o ii <wb> s a aa m a aa n a y a <wb> n a aa g a r a i k a n a o <wb> j a ii w a <wb> b a c a aa w a w a aa n a ii <wb> k a aa r a y a w a aa h a ii <wb> n a th a ii <wb> th a t a ii,C36 C5 C0 C5 C0 <wb> C3 C0 C38 C0 C36 C29 C0 C26 C19 C0 C29 C0 C11 C34 C0 C16 C19 C0 <wb> C37 C0 C38 C0 C37 C0 C30 C0 C33 C0 C1 C37 C0 C1 C21 C0 C1 <wb> C28 C0 C26 C29 C0 C34 C0 <wb> C22 C0 C11 C24 C0 C11 C17 C0 C22 C0 C11 C24 C0 C34 C0 C22 C0 C1 C23 <wb> C1 C37 C0 C16 <wb> C30 C0 C33 C0 C16 C32 C0 C16 C22 C0 C1 C23 <wb> C19 C0 C26 C16 <wb> C30 C0 C1 C22 C0 C1 C24 C0 C38 C0 <wb> C24 C0 C1 C13 C0 C29 C0 C16 C19 C0 C24 C0 C26 <wb> C17 C0 C16 C37 C0 <wb> C3 C0 C5 C0 C1 C37 C0 C37 C0 C1 C24 C0 C16 <wb> C19 C0 C1 C29 C0 C38 C0 C37 C0 C1 C15 C0 C16 <wb> C24 C0 C33 C0 C16 <wb> C33 C0 C32 C0 C16,train
6293,"એ બાળક, ભીડ, અને ઘોંઘાટ શમી, જાય, ત્યારે, તમરાંના, ત્રમ ત્રમ વચ્ચેથી, રૂમઝુમ કરતો, ચાલ્યો જઈ, ફરી, જરિયાન વસ્ત્રો પહેરી, લેતો હશે.",0,10.89,1,,gujarati_female_006293.wav,ee <wb> b a aa lx a k a <wb> bh a ii dx a <wb> a n a ee <wb> gh a o q gh a aa tx a <wb> sh a m a ii <wb> j a aa y a <wb> t a y a aa r a ee <wb> t a m a r a aa q n a aa <wb> t a r a m a <wb> t a r a m a <wb> w a c a c a ee th a ii <wb> r a uu m a jh a u m a <wb> k a r a t a o <wb> c a aa l a y a o <wb> j a ii <wb> ph a r a ii <wb> j a r a i y a aa n a <wb> w a s a t a r a o <wb> p a h a ee r a ii <wb> l a ee t a o <wb> h a sh a ee,C11 <wb> C3 C0 C1 C21 C0 C19 C0 <wb> C4 C0 C16 C9 C0 <wb> C0 C24 C0 C11 <wb> C14 C0 C26 C23 C14 C0 C1 C34 C0 <wb> C31 C0 C22 C0 C16 <wb> C17 C0 C1 C38 C0 <wb> C32 C0 C38 C0 C1 C29 C0 C11 <wb> C32 C0 C22 C0 C29 C0 C1 C23 C24 C0 C1 <wb> C32 C0 C29 C0 C22 C0 <wb> C32 C0 C29 C0 C22 C0 <wb> C37 C0 C5 C0 C5 C0 C11 C33 C0 C16 <wb> C29 C0 C36 C22 C0 C18 C0 C36 C22 C0 <wb> C19 C0 C29 C0 C32 C0 C26 <wb> C5 C0 C1 C21 C0 C38 C0 C26 <wb> C17 C0 C16 <wb> C12 C0 C29 C0 C16 <wb> C17 C0 C29 C0 C16 C38 C0 C1 C24 C0 <wb> C37 C0 C30 C0 C32 C0 C29 C0 C26 <wb> C28 C0 C15 C0 C11 C29 C0 C16 <wb> C21 C0 C11 C32 C0 C26 <wb> C15 C0 C31 C0 C11,train
6294,"શું તમે, પોતે, આવું દાન આપ્યું? એમ કહી, તે, અર્ધા ભાનમાં, અને, અર્ધા બેધ્યાનમાં, ઈલ્લીસ, આ બળદગાડાની પાછળ, દોડ્યો, અને, રાડ પાડવા લાગ્યો.",0,11.225,0,not_selected_by_random,,,,
6295,"મનોહર પુષ્પ, પંખી, જ્યોત્સનાસ્નિગ્ધા, સમુદ્રસૈક્ત, વિધાતાએજ, સર્જ્યાં છે.",0,6.962,0,not_selected_by_random,,,,
6296,"શેરબજારમાં, ઓનલાઇન ટ્રેડિંગ કરનારાઓના, પાસવર્ડ, પણ, દરેક ટ્રેડિંગ વખતે, બદલવાની, સિસ્ટમ, ઘણી બેંકોએ, ઉભી કરી છે.",0,9.395,0,not_selected_by_random,,,,
6297,"તેમાં પણ, ખાસ કરીને, અગયાર મી માર્ચ, બેહજાર અગયાર ના રોજ, જાપાનમાં, રીકટર સ્કેલ પર, નવ ની માત્રાનો, ભયાનક ભૂકંપ આવ્યા.",0,10.064,0,not_selected_by_random,,,,
6298,"મેળા માં, પાણિયારાંનાં ઝાંખાં થઈ ગયેલાં બેડાં, ધૂળના થરવાળા વાસણો, પેટી, પટારાં, પીપ, આદિ, વેચાવા લાગ્યા.",0,9.547,0,not_selected_by_random,,,,
6299,"મૂળમાંથી, પોષણ મેળવીને, વિવેક, વિનય, શિષ્ટતા તો, તે ધારેજ સાથે, સંસ્કૃતિને, નખશિખ પામી, જીવનવિદ્યાનો, પણ તે, જ્ઞાતા બને.",0,12.243,0,not_selected_by_random,,,,
6300,"રિસર્ચર્ઝે, આઇસબર્ગ, તૂટવા પાછળ, ગ્લોબલ વોર્મિંગને, જવાબદાર હોવાની, શંકા, વ્યક્ત કરી છે.",0,7.218,0,not_selected_by_random,,,,
6301,"અખબારો, સામાયકોના, વાચકોએ, કોમન વેલ્થ ગેમ, સી ડબલ્યુ જી, કૌભાંડ ની, ખૂબ નિંદા કરી.",0,7.918,1,,gujarati_female_006301.wav,a kh a b a aa r a o <wb> s a aa m a aa y a k a o n a aa <wb> w a aa c a k a o ee <wb> k a o m a n a <wb> w a ee l a th a <wb> g a ee m a <wb> s a ii <wb> dx a b a l a y a u <wb> j a ii <wb> k a ou bh a aa q dx a <wb> n a ii <wb> kh a uu b a <wb> n a i q d a aa <wb> k a r a ii,C0 C20 C0 C3 C0 C1 C29 C0 C26 <wb> C30 C0 C1 C22 C0 C1 C38 C0 C19 C0 C26 C24 C0 C1 <wb> C37 C0 C1 C5 C0 C19 C0 C26 C11 <wb> C19 C0 C26 C22 C0 C24 C0 <wb> C37 C0 C11 C21 C0 C33 C0 <wb> C13 C0 C11 C22 C0 <wb> C30 C0 C16 <wb> C9 C0 C3 C0 C21 C0 C38 C0 C36 <wb> C17 C0 C16 <wb> C19 C0 C27 C4 C0 C1 C23 C9 C0 <wb> C24 C0 C16 <wb> C20 C0 C36 C3 C0 <wb> C24 C0 C16 C23 C7 C0 C1 <wb> C19 C0 C29 C0 C16,train
6302,"બ્રેટ લીએ, ત્યાર બાદ, ડેન્જરસ બેટ્સમેન, હરભજન, અને, ચાવલા ને, ક્લિન બોલ્ડ, કર્યા હતા.",0,7.423,0,not_selected_by_random,,,,
6303,"આ પ્રયોગમાં, સાત લાખ કરોડ, ઈલેક્ટ્રોન વોલ્ટ ધરાવતા, પ્રોટોનના, કરોડો કણ, અથડાવવામાં, આવ્યા છે.",0,8.199,0,not_selected_by_random,,,,
6304,"આ રજિસ્ટ્રાર, ખાનગી કંપનીની, મદદ લઈને, લોકોની ફિંગર પ્રિન્ટ, આઇરિશ સ્કેન, જેવી માહિતી, ભેગી કરવાનું, કામ કરે છે.",0,9.669,0,not_selected_by_random,,,,
6305,"‘ટ્રેજેડી ઑફ જિન્નાહ’ લેખક:, કૈલાસ ચન્દ્ર, વર્મા પબ્લિશિંગ કંપની.",0,5.705,0,not_selected_by_random,,,,
6306,"ત્યાં, કમ્પ્યૂટર હશે, ઓનલાઈન માહિતી, કે, જ્ઞાન પ્રાપ્ત કરતા, કોઈક યુવક યુવતી, ત્યાં મળી જશે.",0,7.146,0,not_selected_by_random,,,,
6307,"જિંદગી અને, મૃત્યુનું ચક્ર, નામના પુસ્તકના લેખક, ફિલિપ કેપલેવે, એક દષ્ટાંત આપ્યું છે.",0,7.402,0,not_selected_by_random,,,,
6308,"અત્રે ઉલ્લેખનીય છે કે, આ પ્રયોગની, શુભ શરૃવાત, દસ સપ્ટેમ્બર, બેહજાર આઠ થી થઈ, હતી, પરંતુ, ઓગણીસ મીએ, તેમાં, અવરોધ, ઊભો થયો હતો.",0,11.457,0,not_selected_by_random,,,,
6309,"તેઓ, રાહુલ દ્રવિડ, સચિન તેંડુલકર, કે, વીરેન્દ્ર સેહવાગ, જેવો સ્ફોટક સ્ટ્રોકમેકર, નથી.",0,6.902,0,not_selected_by_random,,,,
6310,"ચોંકાવનારું, તારણ:, વીસ થી ઓગણપચાસ વર્ષના, પુરૂષો, રહી જશે અપરિણીત, કન્યા ભ્રૂણ હત્યા, કારણભૂત.",0,7.66,0,not_selected_by_random,,,,
6311,"આમ વિચારીને, વાઘ, મનોમન ડરી ગયો, અને, વાવાઝોડાના મારથી, બચવા માટે, ચૂપચાપ, ઝાડીમાંથી નીકળી, ઘેટાં બકરાંમાં, ભળી ગયો.",0,8.916,1,,gujarati_female_006311.wav,aa m a <wb> w a i c a aa r a ii n a ee <wb> w a aa gh a <wb> m a n o m a n a <wb> dx a r ii <wb> g a y a o <wb> a n a ee <wb> w a aa w a aa jh a o dx a aa n a aa <wb> m aa r a th ii <wb> b a c a w a aa <wb> m a aa tx a ee <wb> c a uu p a c a aa p a <wb> jh aa dx ii m aa mq th ii <wb> n a ii k a lx a ii <wb> gh a ee tx a aa q <wb> b a k a r aa mq m aa mq <wb> bh a lx a ii <wb> g a y a o,C1 C22 C0 <wb> C37 C0 C16 C5 C0 C1 C29 C0 C16 C24 C0 C11 <wb> C37 C0 C1 C14 C0 <wb> C22 C0 C24 C26 C22 C0 C24 C0 <wb> C9 C0 C29 C16 <wb> C13 C0 C38 C0 C26 <wb> C0 C24 C0 C11 <wb> C37 C0 C1 C37 C0 C1 C18 C0 C26 C9 C0 C1 C24 C0 C1 <wb> C22 C1 C29 C0 C33 C16 <wb> C3 C0 C5 C0 C37 C0 C1 <wb> C22 C0 C1 C34 C0 C11 <wb> C5 C0 C36 C28 C0 C5 C0 C1 C28 C0 <wb> C18 C1 C9 C16 C22 C1 C23 C33 C16 <wb> C24 C0 C16 C19 C0 C21 C0 C16 <wb> C14 C0 C11 C34 C0 C1 C23 <wb> C3 C0 C19 C0 C29 C1 C23 C22 C1 C23 <wb> C4 C0 C21 C0 C16 <wb> C13 C0 C38 C0 C26,train
6312,"આપણા પૃથ્વી ગ્રહ પર, વસતા, ઓટીયન્સ, જેવાં બેકટેરીયા, ભવિષ્યની, એસ્ટ્રોબાયોલોજી, સમજવા માટે, પ્રારંભીક અભ્યાસ, સાબીત થાય તેમ છે.",0,10.283,0,not_selected_by_random,,,,
6313,"ગોપાલે, ફટાફટ ખિસકોલી પકડવાની, યોજના બનાવી, લીમડાના થડ પાસે, જમીન પર, થોડાં, રોટલીનાં ટુકડા, વેરવાનાં.",0,8.42,0,not_selected_by_random,,,,
6314,"સત્તાવાળાઓના, જણાવ્યા મુજબ, બ્રિસ્બેન, અને, ઇપ્સવિચ સામે, ઝળુંબતી, પૂરની મહાઆફત, ઓગણીસ્સો ચુમ્બોતેર ની, આફત કરતાં, વધુ ખરાબ છે.",0,11.424,1,,gujarati_female_006314.wav,s a t a t a aa w a aa lx a aa o n a aa <wb> j a nx a aa w a y a aa <wb> m a u j a b a <wb> b a r a i s a b a ee n a <wb> a n a ee <wb> i p a s a w a i c a <wb> s a aa m a ee <wb> jh a lx a u q b a t a ii <wb> p a uu r a n a ii <wb> m a h a aa aa ph a t a <wb> o g a nx a ii s a s a o <wb> c a u m a b a o t a ee r a <wb> n a ii <wb> aa ph a t a <wb> k a r a t a aa q <wb> w a dh a u <wb> kh a r a aa b a <wb> ch a ee,C30 C0 C32 C0 C32 C0 C1 C37 C0 C1 C21 C0 C1 C26 C24 C0 C1 <wb> C17 C0 C25 C0 C1 C37 C0 C38 C0 C1 <wb> C22 C0 C36 C17 C0 C3 C0 <wb> C3 C0 C29 C0 C16 C30 C0 C3 C0 C11 C24 C0 <wb> C0 C24 C0 C11 <wb> C16 C28 C0 C30 C0 C37 C0 C16 C5 C0 <wb> C30 C0 C1 C22 C0 C11 <wb> C18 C0 C21 C0 C36 C23 C3 C0 C32 C0 C16 <wb> C28 C0 C36 C29 C0 C24 C0 C16 <wb> C22 C0 C15 C0 C1 C1 C12 C0 C32 C0 <wb> C26 C13 C0 C25 C0 C16 C30 C0 C30 C0 C26 <wb> C5 C0 C36 C22 C0 C3 C0 C26 C32 C0 C11 C29 C0 <wb> C24 C0 C16 <wb> C1 C12 C0 C32 C0 <wb> C19 C0 C29 C0 C32 C0 C1 C23 <wb> C37 C0 C8 C0 C36 <wb> C20 C0 C29 C0 C1 C3 C0 <wb> C6 C0 C11,train
6315,"હા, મોજશોખને માટે, સમારંભો ગોઠવાય, મેળાઓ ભરાય, જ્ઞાતિભોજનો ચાલે, નાટક સિનેમાઓ યોજાય, ત્યાં સાધક ન જાય.",0,10.5,0,not_selected_by_random,,,,
6316,"રેગીસ્ત્રાર એ, આ માહિતી, યુ આઇ ડી એ આઈ ના, બેંગ્લોર ખાતે આવેલા, સેન્ટ્રલ આઇડેન્ટિટીઝ ડેટા, રીપોઝીટરી, સીઆઇડીઆર, ને, મોકલી દે છે.",0,11.726,1,,gujarati_female_006316.wav,r a ee g a ii s a t a r a aa r a <wb> ee <wb> aa <wb> m a aa h a i t a ii <wb> y a u <wb> aa i <wb> dx a ii <wb> ee <wb> aa ii <wb> n a aa <wb> b a ee q g a l a o r a <wb> kh a aa t a ee <wb> aa w a ee l a aa <wb> s a ee n a tx a r a l a <wb> aa i dx a ee n a tx a i tx a ii jh a <wb> dx a ee tx a aa <wb> r a ii p a o jh a ii tx a r a ii <wb> s a ii aa i dx a ii aa r a <wb> n a ee <wb> m a o k a l a ii <wb> d a ee <wb> ch a ee,C29 C0 C11 C13 C0 C16 C30 C0 C32 C0 C29 C0 C1 C29 C0 <wb> C11 <wb> C1 <wb> C22 C0 C1 C15 C0 C16 C32 C0 C16 <wb> C38 C0 C36 <wb> C1 C16 <wb> C9 C0 C16 <wb> C11 <wb> C1 C16 <wb> C24 C0 C1 <wb> C3 C0 C11 C23 C13 C0 C21 C0 C26 C29 C0 <wb> C20 C0 C1 C32 C0 C11 <wb> C1 C37 C0 C11 C21 C0 C1 <wb> C30 C0 C11 C24 C0 C34 C0 C29 C0 C21 C0 <wb> C1 C16 C9 C0 C11 C24 C0 C34 C0 C16 C34 C0 C16 C18 C0 <wb> C9 C0 C11 C34 C0 C1 <wb> C29 C0 C16 C28 C0 C26 C18 C0 C16 C34 C0 C29 C0 C16 <wb> C30 C0 C16 C1 C16 C9 C0 C16 C1 C29 C0 <wb> C24 C0 C11 <wb> C22 C0 C26 C19 C0 C21 C0 C16 <wb> C7 C0 C11 <wb> C6 C0 C11,train
6317,"પૃથ્વીના, પેટાળમાં, બસ્સો ચાલીસ માઇલ ઉંડે, એટલે કે, ત્રણસો છન્નું કિલોમીટર છેડે, ખૂબજ દબાણ, અને, અતિ ઉંચા તાપમાને, કોઈ, રહી શકતું નથી.",0,11.897,0,not_selected_by_random,,,,
6318,"સ્વીઝરલેન્ડનાં, વૈજ્ઞાનિકો કહે છે કે, કેલીફોર્નિયાનાં, વૈજ્ઞાનિકોનો, ડેટા વાપરીને, સંભવીત પ્લેનેટ શોધવામાં, તેમને, નિષ્ફળતા મળી છે.",0,10.251,0,not_selected_by_random,,,,
6319,"બે હઝાર ચાર માં, આર્કીઓ ઓપટેરીક્સના, મસ્તિષ્ક ધાનીનો વિગતવાર, સીટી સ્કેન, મેળવ્યો, અને, તેનું, પૃથ્થકરણ કર્યું.",0,9.991,0,not_selected_by_random,,,,
6320,"ત્રીજા તબક્કામાં, બસ્સો પચાસ કિલોમીટરે, અગ્યારસો ત્રીસ સેકન્ડ સુધી, મોટર દાગતાં, સેકન્ડના, દસ માં ભાગ થી, એ, જીતી ગયો.",0,11.039,0,not_selected_by_random,,,,
6321,"તેમણે, બિલ ગેટ્સ, ગૂગલના, એરિક સ્મિડ, અને, અન્ય કેટલાક અબજોપતિઓને, પોતાના પલ્લાંમાં, લાવી દીધા છે.",0,8.569,0,not_selected_by_random,,,,
6322,"વાંકાનેર પાસેના, જડેશ્વર મહાદેવ મંદિર, અને, જસદણ પાસેના, ઘેલા સોમનાથ મંદિરે, પણ, વિવિધ ધાર્મિક આયોજનોમાં, ભાવિકો ઉમટશે.",0,11.197,0,not_selected_by_random,,,,
6323,"આમ તો, બહુ ધ્યાન, ન ખેંચે, પણ, ઉનાળો આવે એટલે, વૃક્ષ પર, માત્ર, સૌમ્ય સોનેરી ફૂલોનાં, ઝુમ્મરજ, લટકતાં દેખાય.",0,9.316,0,not_selected_by_random,,,,
6324,"દરેક ટ્રાન્ઝેક્શન વખતે, પીન, બદલવા પાછળનો, મુળ હેતુ, ગેરરીતિ અટકાવવાનો છે.",0,7.078,0,not_selected_by_random,,,,
6325,"મિરપુરમાં, ડે નાઇટ મેચમાં, રાત્રે, ઝાકળને કારણે, બોલરોને, બોલની ગ્રીપ પકડતા, તકલીફ પડતી હોય છે.",0,8.808,0,not_selected_by_random,,,,
6326,"હિમાચલપ્રદેશ, મધ્યપ્રદેશ, મહારાષ્ટ્ર, ઓડિસા, સિક્કિમ, તામિલનાડુ, કણોટક, ઉત્તરાખંડ, ગુજરાત, દેલ્હી, ઓરિસ્સા, બેંગલોર, ચેન્નાઈ, પુનજાબ.",0,13.506,0,not_selected_by_random,,,,
6327,"વર્લ્ડવાઈડ, વેબ એટલે કે, ડબલ્યુ ડબલ્યુ ડબલ્યુ, જે, ઈન્ટરનેટમાં, યુઆરએલ, ટાઈપ કરતી વખતે, લખાય છે.",0,8.522,1,,gujarati_female_006327.wav,w a r l dx a w aa ii dx a <wb> w a ee b a <wb> ee tx a l a ee <wb> k a ee <wb> dx a b a l a y a u <wb> dx a b a l a y a u <wb> dx a b a l a y a u <wb> j a ee <wb> ii n tx a r a n ee tx a m aa mq <wb> y u aa r a ee l a <wb> tx a aa ii p a <wb> k a r a t a ii <wb> w a kh a t a ee <wb> l a kh aa y a <wb> ch a ee,C37 C0 C29 C21 C9 C0 C37 C1 C16 C9 C0 <wb> C37 C0 C11 C3 C0 <wb> C11 C34 C0 C21 C0 C11 <wb> C19 C0 C11 <wb> C9 C0 C3 C0 C21 C0 C38 C0 C36 <wb> C9 C0 C3 C0 C21 C0 C38 C0 C36 <wb> C9 C0 C3 C0 C21 C0 C38 C0 C36 <wb> C17 C0 C11 <wb> C16 C24 C34 C0 C29 C0 C24 C11 C34 C0 C22 C1 C23 <wb> C38 C36 C1 C29 C0 C11 C21 C0 <wb> C34 C0 C1 C16 C28 C0 <wb> C19 C0 C29 C0 C32 C0 C16 <wb> C37 C0 C20 C0 C32 C0 C11 <wb> C21 C0 C20 C1 C38 C0 <wb> C6 C0 C11,train
6328,"સરકારે, રૂપિયા, બારસો કરોડના, રોકાણ સાથે, ડ્રાય, બલ્ક ટર્મિનલ, ઉભું કરવા, કંડલા પોર્ટ ટ્રસ્ટ, કેપીટી, સાથે, કરાર કર્યો છે.",0,10.623,0,not_selected_by_random,,,,
6329,"પલ્સારના પ્રચંડ ગુરૂત્વથી, તે, દળદાર તારાનું, દ્રવ્ય ખેંચાય જતા, જે બાકી રહે, તે, ગ્રહ છે.",0,7.755,1,,gujarati_female_006329.wav,p a l s aa r a n aa <wb> p a r a c a q dx a <wb> g u r uu t w a th ii <wb> t a ee <wb> d a lx a d aa r a <wb> t a aa r a aa n a u q <wb> d a r a w a y a <wb> kh ee mq c aa y a <wb> j a t a aa <wb> j a ee <wb> b a aa k a ii <wb> r a h a ee <wb> t a ee <wb> g a r a h a <wb> ch a ee,C28 C0 C21 C30 C1 C29 C0 C24 C1 <wb> C28 C0 C29 C0 C5 C0 C23 C9 C0 <wb> C13 C36 C29 C36 C32 C37 C0 C33 C16 <wb> C32 C0 C11 <wb> C7 C0 C21 C0 C7 C1 C29 C0 <wb> C32 C0 C1 C29 C0 C1 C24 C0 C36 C23 <wb> C7 C0 C29 C0 C37 C0 C38 C0 <wb> C20 C11 C23 C5 C1 C38 C0 <wb> C17 C0 C32 C0 C1 <wb> C17 C0 C11 <wb> C3 C0 C1 C19 C0 C16 <wb> C29 C0 C15 C0 C11 <wb> C32 C0 C11 <wb> C13 C0 C29 C0 C15 C0 <wb> C6 C0 C11,train
6330,"ચંદ્રકેતુપુર, મણીપુર, જીર્ણપ્રાકાર, યવનઘઢ નગર, જીર્ણદુર્ગ, જીર્ણઘઢ, સુવર્ણ ગિરિનગર.",0,8.526,0,not_selected_by_random,,,,
6331,"લિજ્જતથી, એ નહીં જમે, શાંતિથી, સ્વસ્થતાથી, એ, કપડાં નહીં પેહેરે, અદબથી, એ, નહીં ચાલે, નિરાંતથી, એ નહીં બેસે, એ, દોડશે, અને, છેવટે કહેશે, કે, સમય પસાર જ થતો નથી.",0,13.722,0,not_selected_by_random,,,,
6332,"સૌર ઊર્જાનું, નેવુઁ ટકા, પ્રગ્રહણ, કરી, તેનું વિદ્યુત ઊર્જામાં, રૃપાંતર કરે, તેવી, અતિ કાર્યક્ષમ, પ્રયુક્તિ આવી રહી છે, નેન્ એન્ટેના.",0,10.901,0,not_selected_by_random,,,,
6333,"હાલમાં, નોર્થ રાજસ્થાન, પશ્ચિમ બંગાળના, ઉપસાગર તરફ, વાદળોની, ભારે, હલચલ, છે.",0,6.98,0,not_selected_by_random,,,,
6334,"છાનાંછપનાં, મળનારાં, કાઠી છાતી, રાખીને, રાતે, પાદરમાં, ખૂણેખાંચરે મળે, ભૂતપ્રેત, એમને, કાંઈ ન કરે.",0,8.608,0,not_selected_by_random,,,,
6335,"વસંત ૠતુ, બેસી ગઈ છે, ત્યારે, નિકોલ ગામના, લોકો, પૌરાણીક રિતરિવાજ મુજબ, હોળીને, વઘાવવાની, તૈયારી કરી, રહ્યા છે.",0,9.668,0,not_selected_by_random,,,,
6336,"કે, વાઈન્ડર બ્રેકર, કેપવન અવરોધક તરીકે, બાગ બગીચામાં, ઉગાડવામાં આવતા, નિલગીરીના વૃક્ષો, પર્યાવરણ માટે, સહેજ પણ ઉપયોગી નથી.",0,11.157,0,not_selected_by_random,,,,
6337,"ભારતનું, જી એસ એલ વી, એફ, ઝિરો છ, નિષ્ફળ જતાં, પૃથ્વીની કક્ષામાં, પાછો આવશે.",0,7.111,0,not_selected_by_random,,,,
6338,"પચાસ લાખ, યૂઝર, પ્રતિમાસ, સોળ કરોડ વીડિયો, બે હઝાર છ થી, અત્યાર સુધીમાં, જોવાયા, બસ્સો ચોત્રીસ દેશો, અને, ક્ષેત્રોમાં, ખાન અકાદમીનો, ઉપયોગ થાય છે.",0,11.703,1,,gujarati_female_006338.wav,p a c a aa s a <wb> l a aa kh a <wb> y uu jh a r a <wb> p a r a t a i m a aa s a <wb> s a o lx a <wb> k a r a o dx a <wb> w ii dx i y o <wb> b a ee <wb> h a jh a aa r a <wb> ch a <wb> th a ii <wb> a t a y a aa r a <wb> s a u dh a ii m a aa q <wb> j o w aa y aa <wb> b a s a s a o <wb> c a o t a r a ii s a <wb> d a ee sh a o <wb> a n a ee <wb> k a sx a ee t a r a o m a aa q <wb> kh a aa n a <wb> a k a aa d a m a ii n a o <wb> u p a y a o g a <wb> th a aa y a <wb> ch a ee,C28 C0 C5 C0 C1 C30 C0 <wb> C21 C0 C1 C20 C0 <wb> C38 C36 C18 C0 C29 C0 <wb> C28 C0 C29 C0 C32 C0 C16 C22 C0 C1 C30 C0 <wb> C30 C0 C26 C21 C0 <wb> C19 C0 C29 C0 C26 C9 C0 <wb> C37 C16 C9 C16 C38 C26 <wb> C3 C0 C11 <wb> C15 C0 C18 C0 C1 C29 C0 <wb> C6 C0 <wb> C33 C0 C16 <wb> C0 C32 C0 C38 C0 C1 C29 C0 <wb> C30 C0 C36 C8 C0 C16 C22 C0 C1 C23 <wb> C17 C26 C37 C1 C38 C1 <wb> C3 C0 C30 C0 C30 C0 C26 <wb> C5 C0 C26 C32 C0 C29 C0 C16 C30 C0 <wb> C7 C0 C11 C31 C0 C26 <wb> C0 C24 C0 C11 <wb> C19 C0 C31 C0 C11 C32 C0 C29 C0 C26 C22 C0 C1 C23 <wb> C20 C0 C1 C24 C0 <wb> C0 C19 C0 C1 C7 C0 C22 C0 C16 C24 C0 C26 <wb> C36 C28 C0 C38 C0 C26 C13 C0 <wb> C33 C0 C1 C38 C0 <wb> C6 C0 C11,train
6339,"મૃતકનાં, સગાંસ્નેહીઓ, એની, અંતિમ ક્રિયા માટે, મૃતદેહની, રાહ જોતાં, આંસુ સારતાં, બેઠાં હતાં, પણ, મૃતદેહ, એમને મળતો ન હતો.",0,10.396,0,not_selected_by_random,,,,
6340,"પાલક, લસણ, હળદર, તુલસી, આદુમાં, ફાયટોકેમિકલ્સના, તમામ તત્ત્વો હોઇ, તેના રોજિંદા સેવનથી, કેન્સર દૂર રહે છે.",0,9.726,0,not_selected_by_random,,,,
6341,"ગિરના જંગલમાં, આવેલી, બોડમાં અકળામણ અનુભવતા, ટીલિયા સિંહને, એનો ભેરુબંધ, મોહન યાદ આવ્યો.",0,8.408,0,not_selected_by_random,,,,
6342,"તેના બદલે, સૌર ઊર્જા, પવન ઊર્જા, બાયોમાસ, વગેરે, પુનઃ, પ્રાપ્ય રીન્યુએબલ, ઊર્જાના, સ્ત્રોતોનો, મોટાપાયે, ઉપયોગ કરવા, વિચારેલ છે.",0,11.214,0,not_selected_by_random,,,,
6343,"સરકારી હોસ્પિટલોમાં, નિઃશુલ્ક દવાનું, પ્રમાણ, ઓગણીસો સત્યાશી માં, એકત્રીસ ટકા હતું, તે, ઘટીને, બે હઝાર ચાર સુધીમાં, નવ ટકા, થઈ ગયું હતું.",0,11.302,0,not_selected_by_random,,,,
6344,"આ કંપનીઓમાં, જર્મનીની, આર ડબલ્યૂઈ, ફ્રાન્સની, વિવાલ્ડી, ફ્રાન્સની જ, સ્વેજ લિયોનેજ, અને, અમેરિકાના, એનરોન કોર્પોરેશનનો, સમાવેશ થાય છે.",0,11.91,0,not_selected_by_random,,,,
6345,"કલા પાછળ, ગાંડા થયેલા, આપણે, કુદરતની, મૂંગી બેફિકરીમાંથી, કંઈક પાઠ, શીખવો જોઈએ.",0,6.525,1,,gujarati_female_006345.wav,k a l a aa <wb> p a aa ch a lx a <wb> g a aa q dx a aa <wb> th a y a ee l a aa <wb> aa p a nx a ee <wb> k u d a r a t a n ii <wb> m uu mq g ii <wb> b ee ph i k a r ii m aa mq th ii <wb> k a q ii k a <wb> p a aa txh a <wb> sh ii kh a w o <wb> j a o ii ee,C19 C0 C21 C0 C1 <wb> C28 C0 C1 C6 C0 C21 C0 <wb> C13 C0 C1 C23 C9 C0 C1 <wb> C33 C0 C38 C0 C11 C21 C0 C1 <wb> C1 C28 C0 C25 C0 C11 <wb> C19 C36 C7 C0 C29 C0 C32 C0 C24 C16 <wb> C22 C36 C23 C13 C16 <wb> C3 C11 C12 C16 C19 C0 C29 C16 C22 C1 C23 C33 C16 <wb> C19 C0 C23 C16 C19 C0 <wb> C28 C0 C1 C35 C0 <wb> C31 C16 C20 C0 C37 C26 <wb> C17 C0 C26 C16 C11,train
6346,"ભારતમાં, બે હઝાર બાવીસ સુધીમાં, વીસ હઝાર મેગાવોટ, સૌર વિદ્યુત, ઊર્જા, ઉત્પન્ન કરી શકે છે.",0,6.966,1,,gujarati_female_006346.wav,bh a aa r a t a m a aa q <wb> b a ee <wb> h a jh a aa r a <wb> b a aa w a ii s a <wb> s a u dh a ii m a aa q <wb> w a ii s a <wb> h a jh a aa r a <wb> m ee g aa w o tx a <wb> s ou r a <wb> w a i d a y a u t a <wb> uu r a j a aa <wb> u t a p a n a n a <wb> k a r a ii <wb> sh a k a ee <wb> ch a ee,C4 C0 C1 C29 C0 C32 C0 C22 C0 C1 C23 <wb> C3 C0 C11 <wb> C15 C0 C18 C0 C1 C29 C0 <wb> C3 C0 C1 C37 C0 C16 C30 C0 <wb> C30 C0 C36 C8 C0 C16 C22 C0 C1 C23 <wb> C37 C0 C16 C30 C0 <wb> C15 C0 C18 C0 C1 C29 C0 <wb> C22 C11 C13 C1 C37 C26 C34 C0 <wb> C30 C27 C29 C0 <wb> C37 C0 C16 C7 C0 C38 C0 C36 C32 C0 <wb> C36 C29 C0 C17 C0 C1 <wb> C36 C32 C0 C28 C0 C24 C0 C24 C0 <wb> C19 C0 C29 C0 C16 <wb> C31 C0 C19 C0 C11 <wb> C6 C0 C11,train
6347,"તેવીજ રીતે, બે હઝાર તેર માં, ચંદ્ર પર ઉતરાણ કરનાર, લેન્ડરયાન, ચંદ્રયાન બે, ની યોજના સામે, પણ, પ્રશ્નારથ ચિનહ, ખડું થયુ છે.",0,11.669,0,not_selected_by_random,,,,
6348,"અંતરાદંતપટ્ટી, ઈન્ટર ડેન્લર પ્લેટ્સ, નિતંબની આજુબાજુ, હલન ચલન કરવાની, માની છે.",0,7.817,0,not_selected_by_random,,,,
6349,"જોકે, બે હઝાર માં, પ્રેસીડેન્ટ બિલ કલીન્ટને, જણાવી દીધું કે, જેનોમ સ્કિવન્સ, માટે, પેટન્ટ આપવામાં, નહીં આવે.",0,8.591,1,,gujarati_female_006349.wav,j a o k a ee <wb> b a ee <wb> h a jh a aa r a <wb> m a aa q <wb> p r ee s ii dx ee n tx a <wb> b a i l a <wb> k a l ii n tx a n ee <wb> j a nx a aa w a ii <wb> d a ii dh a u q <wb> k a ee <wb> j a ee n a o m a <wb> s k i w a n s a <wb> m a aa tx a ee <wb> p a ee tx a n a tx a <wb> aa p a w a aa m a aa q <wb> n a h a ii q <wb> aa w a ee,C17 C0 C26 C19 C0 C11 <wb> C3 C0 C11 <wb> C15 C0 C18 C0 C1 C29 C0 <wb> C22 C0 C1 C23 <wb> C28 C29 C11 C30 C16 C9 C11 C24 C34 C0 <wb> C3 C0 C16 C21 C0 <wb> C19 C0 C21 C16 C24 C34 C0 C24 C11 <wb> C17 C0 C25 C0 C1 C37 C0 C16 <wb> C7 C0 C16 C8 C0 C36 C23 <wb> C19 C0 C11 <wb> C17 C0 C11 C24 C0 C26 C22 C0 <wb> C30 C19 C16 C37 C0 C24 C30 C0 <wb> C22 C0 C1 C34 C0 C11 <wb> C28 C0 C11 C34 C0 C24 C0 C34 C0 <wb> C1 C28 C0 C37 C0 C1 C22 C0 C1 C23 <wb> C24 C0 C15 C0 C16 C23 <wb> C1 C37 C0 C11,train
6350,"એપીસેઝની, સબસિડીયરી અદાણી, કંડલા બલ્ક ટર્મિનલે, કંડલા પોર્ટ ખાતે, ડ્રાય બલ્ક ટર્મિનલને, બિલ્ડ કરયા છે.",0,9.934,0,not_selected_by_random,,,,
6351,"ભરજંગલમાં, હાલવા ચાલવાને, અશક્ત, એવા આ શિયાળને, રોજ, કોણ ખવડાવતું હશે?.",0,7.175,0,not_selected_by_random,,,,
6352,"આ એક્સ્પોમાં, સ્પા, મેનિક્યુરિસ્ટ, નેલ સ્પેશિયાલિસ્ટ, એકયુપંકચરિસ્ટ, અને, યોગ નિષ્ણાતો, ઉપરાંત, એક્સ્પોમાં, કોઈ આવ્યું નથી.",0,9.725,0,not_selected_by_random,,,,
6353,"નાયડુ ટ્રોફીમાં, ઓક્ટોબર, ચૌદ થી સત્તર, અને, એકવીસ થી ચોવીસ દરમિયાન, અનુક્રમે, મુંબઇ, અને, ઉત્તર પ્રદેશ, સામે રમશે.",0,10.231,0,not_selected_by_random,,,,
6354,"સુષ્મા નાડી, ફિંડલુ વાળી, શર્પ આકાર, ફેણ ચડાવી, ગુપસુપ, બેઠી છે.",0,6.214,0,not_selected_by_random,,,,
6355,"આવો યુવાન, ઈપ્સિત નોકરી, જગ્યા મેળવીને, સારો પગાર મેળવતાં, મેળવતાં, ભારતીય અર્થવ્યવસ્થાનોજ, એક, હિસ્સો બની રહે છે.",0,9.632,0,not_selected_by_random,,,,
6356,"ઈહિ, તનુકર, ફલ, વિષય ન ભાઇ, સ્વર્ગહ, સ્વલ્પ, અંત, દુઃખદાઇ .",0,5.871,0,not_selected_by_random,,,,
6357,"પક્ષીઓના, કંઠમાં, સંગીત મૂક્યું છે, સુંદર અને મધુર ફળ પાકે, એવી વ્યવસ્તા, કરી છે, અને, આકાશમાં, અદ્દભુત સૌન્દર્ય પાથર્યું છે.",0,10.724,0,not_selected_by_random,,,,
6358,"પાદરની શોભામાં, ખાસો વધારો કરતી, એ નિશાળ, આજેય, ઉજ્જડ પાદરે, નતશિરે, અદબથી, ઊભી છે.",0,8.404,0,not_selected_by_random,,,,
6359,"પૂનમના, ચંદ્રના, પ્રકાશ કરતાં, થોડો વધારે પ્રકાશ, અને ઉટિકામાં, પ્રકાશ પ્રદૂષિત, નીચાણમાં, આવેલી, ભેજવાળી, કળણભૂમિ, માર્શ હતી.",0,11.795,0,not_selected_by_random,,,,
6360,"ચાર ભૂજાઓ, દેવગતિ, મનુષ્ય ગતિ, તીરીયાગતિ, તથા, નરકાગતિનાં, રૂપે, જૈન ધર્મના, ગણીને ખૂબજ મહત્વ આપવામાં આવે છે.",0,11.114,0,not_selected_by_random,,,,
6361,"મહુડાંની ઋતુ, ઉલતી જાય, એમ, ડાળીએ ડાળીએ, કૂણી કથ્થાઈ, જાંબલી કૂંપળો, તતડી નીકળે, રાતોરાત, વનપટ, પડખું બદલી લે છે.",0,10.989,0,not_selected_by_random,,,,
6362,"મેં, પેજ દીઠ, સાઠ પૈસાની ઓફર કરી, અને, દુકાનદાર, પંચોતેર પૈસા પકડી બેઠો હતો.",0,7.386,0,not_selected_by_random,,,,
6363,"બહારથી શરીફ લાગતા, કિશન જેવા, બાહોશ ચોરને પકડવામાં, તેં અમને, ખૂબજ મદદ કરી છે.",0,7.288,0,not_selected_by_random,,,,
6364,"પરંતુ, હસબન્ડ વાઈફ, બેય કામ કરતા હોય, તેવા ઘરોમાં પણ, સ્ત્રીઓને, રસોઈમાં, ટાઈમ બગાડવો નથી ગમતો, અને, કૂક રાખે છે.",0,9.925,0,not_selected_by_random,,,,
6365,"રાવસાહેબનો જન્મ, તામિલનાડુના, જક સમુદ્રમ્ ગામમાં, ત્રેવીસ મી સપ્ટેમ્બર, ઓગણીસો આઠ ના રોજ, થયો હતો.",0,8.429,1,,gujarati_female_006365.wav,r aa w a s aa h ee b a n o <wb> j a n a m a <wb> t a aa m a i l a n a aa dx a u n a aa <wb> j a k a <wb> s a m u d r a m <wb> g a aa m a m a aa q <wb> t a r a ee w a ii s a <wb> m a ii <wb> s a p a tx a ee m a b a r a <wb> o g a nx a ii s a o <wb> aa txh a <wb> n a aa <wb> r a o j a <wb> th a y a o <wb> h a t a o,C29 C1 C37 C0 C30 C1 C15 C11 C3 C0 C24 C26 <wb> C17 C0 C24 C0 C22 C0 <wb> C32 C0 C1 C22 C0 C16 C21 C0 C24 C0 C1 C9 C0 C36 C24 C0 C1 <wb> C17 C0 C19 C0 <wb> C30 C0 C22 C36 C7 C29 C0 C22 <wb> C13 C0 C1 C22 C0 C22 C0 C1 C23 <wb> C32 C0 C29 C0 C11 C37 C0 C16 C30 C0 <wb> C22 C0 C16 <wb> C30 C0 C28 C0 C34 C0 C11 C22 C0 C3 C0 C29 C0 <wb> C26 C13 C0 C25 C0 C16 C30 C0 C26 <wb> C1 C35 C0 <wb> C24 C0 C1 <wb> C29 C0 C26 C17 C0 <wb> C33 C0 C38 C0 C26 <wb> C15 C0 C32 C0 C26,train
6366,"બન્ને ગોળાર્થોને, અલગ પાડતી, કાલ્પનિક રેખા, વિષુવવૃત પર, સૂર્યનાં કિરણો, કાટખૂણે પડે છે, એટલે કે, લંબ પડે છે.",0,10.728,1,,gujarati_female_006366.wav,b a n a n a ee <wb> g o lx aa r th o n ee <wb> a l a g a <wb> p aa dx a t ii <wb> k a aa l a p a n a i k a <wb> r a ee kh a aa <wb> w i sx u w a w rq t a <wb> p a r a <wb> s uu r y a n aa mq <wb> k a i r a nx a o <wb> k aa tx a kh uu nx ee <wb> p a dx a ee <wb> ch a ee <wb> ee tx a l a ee <wb> k a ee <wb> l a mq b a <wb> p a dx a ee <wb> ch a ee,C3 C0 C24 C0 C24 C0 C11 <wb> C13 C26 C21 C1 C29 C33 C26 C24 C11 <wb> C0 C21 C0 C13 C0 <wb> C28 C1 C9 C0 C32 C16 <wb> C19 C0 C1 C21 C0 C28 C0 C24 C0 C16 C19 C0 <wb> C29 C0 C11 C20 C0 C1 <wb> C37 C16 C31 C36 C37 C0 C37 C29 C32 C0 <wb> C28 C0 C29 C0 <wb> C30 C36 C29 C38 C0 C24 C1 C23 <wb> C19 C0 C16 C29 C0 C25 C0 C26 <wb> C19 C1 C34 C0 C20 C36 C25 C11 <wb> C28 C0 C9 C0 C11 <wb> C6 C0 C11 <wb> C11 C34 C0 C21 C0 C11 <wb> C19 C0 C11 <wb> C21 C0 C23 C3 C0 <wb> C28 C0 C9 C0 C11 <wb> C6 C0 C11,train
6367,"અત્રે, ઉલ્લેખનીય છે કે, સરકારે, જાન્યુવારી મહિનામાં, મુક્ત વેચાણ માટે, સત્તર લાખ ટન, સાકર, છૂટી કરી છે, જે, છેલ્લા ત્રણ વર્ષની, તુલનામાં, ચૌદ પોઈંટ ત્રણ ટકા, વધારે છે.",0,14.646,0,not_selected_by_random,,,,
6368,"આમ કરવું, સરળ બનશે, કારણ કે, નેનોએનટેના ની, પ્રયુક્તિ ફલેકસીબલ ફિલ્મ એટલે કે, લવચીક સ્તર, તરીકે તૈયાર થાય છે.",0,10.191,0,not_selected_by_random,,,,
6369,"શિક્ષણની ટેક્નોલોજી, કેન્દ્રિત એપ્રોચ, અંગે દરેક સ્તરે, આશંકા વ્યક્ત કરવામાં આવે છે.",0,7.448,0,not_selected_by_random,,,,
6370,"આ લાંબી કથાના અંતે, હાલનો વિસ્ફોટ, જોઈ કેટલાક આર્થિ‌ક તજ્જ્ઞો, આવા એક સાથે, વધારાને બદલે, ધીમા, ક્રમશહ વધારાની, સલાહ આપે છે.",0,12.033,0,not_selected_by_random,,,,
6371,"સેહવાગે, આગવી લય મેળવતા, છપન બોલમાં, આઠ ચોગ્ગા, અને, એક છગ્ગા સાથે, ચોપન રન, ફટકાર્યા હતા.",0,8.551,0,not_selected_by_random,,,,
6372,"એ દિવસોમાં, નિમ્ન મધ્યમવર્ગના, ભારતીય કુટુંબોમાં, મેટ્રીક્યુલેશન થવું, તે પણ, ઘણું શિક્ષણ માનવામાં, આવતું હતું.",0,8.475,1,,gujarati_female_006372.wav,ee <wb> d a i w a s a o m a aa q <wb> n a i m a n a <wb> m a dh y a m a w a r g a n aa <wb> bh a aa r a t a ii y a <wb> k u tx u mq b o m aa mq <wb> m ee tx r ii k y u l ee sh a n a <wb> th a w a u q <wb> t a ee <wb> p a nx a <wb> gh a nx a u q <wb> sh a i k a sx a nx a <wb> m a aa n a w a aa m a aa q <wb> aa w a t a u q <wb> h a t a u q,C11 <wb> C7 C0 C16 C37 C0 C30 C0 C26 C22 C0 C1 C23 <wb> C24 C0 C16 C22 C0 C24 C0 <wb> C22 C0 C8 C38 C0 C22 C0 C37 C0 C29 C13 C0 C24 C1 <wb> C4 C0 C1 C29 C0 C32 C0 C16 C38 C0 <wb> C19 C36 C34 C36 C23 C3 C26 C22 C1 C23 <wb> C22 C11 C34 C29 C16 C19 C38 C36 C21 C11 C31 C0 C24 C0 <wb> C33 C0 C37 C0 C36 C23 <wb> C32 C0 C11 <wb> C28 C0 C25 C0 <wb> C14 C0 C25 C0 C36 C23 <wb> C31 C0 C16 C19 C0 C31 C0 C25 C0 <wb> C22 C0 C1 C24 C0 C37 C0 C1 C22 C0 C1 C23 <wb> C1 C37 C0 C32 C0 C36 C23 <wb> C15 C0 C32 C0 C36 C23,train
6373,"માનવી માનવી વચ્ચે, ઊંચનીચનો, ભેદ ન રહે, સ્ત્રીપુરુષ વચ્ચે, સમાનતા રહે, સામાજિક ન્યાય સ્થપાય, એ આદર્શોને, બંધારણમાં, સ્વીકાર્યા.",0,11.045,0,not_selected_by_random,,,,
6374,"સોરઠમાં, વહીવટ કરવા આવેલ, શેરખાન બાબીએ, દિલ્હીના બાદશાહ, ના સમયમાં, વહીવટી, અંધાઘૂંધીનો, લાભ લીધો.",0,10.029,0,not_selected_by_random,,,,
6375,"કમિશનર તરીકે, નિમણુંકને, બાર મી જુલાઇના રોજ, એક વર્ષ, પૂરું થયું, તે નિમિત્તે, પત્રકારો સાથે, વાતચીત કરી.",0,9.068,0,not_selected_by_random,,,,
6376,"બૉલીવુડનો, નામાંકિત ચેહેરો, જ્યારે લાગણીવશ થઇને, સામાજીક સમસ્યાઓ, ચર્ચે ત્યારે, પ્રથમ નજરે, ગમે છે.",0,8.547,0,not_selected_by_random,,,,
6377,"અને, ગાજ્યા મેહ, વરસતા નથી, તેમજ, ભસતા કૂતરા, કરડતા નથી, એ કહેવત, પાછળ પણ, આ જ હેતુ, છુપાયેલો છે!.",0,9.053,0,not_selected_by_random,,,,
6378,"અગિયાર સભ્યોના આ ગ્રૂપમાં, પાંચેક વુમન પણ છે, જે, સ્પેશિયલ લેડિઝની, બ્યુટિ, તેમજ હેરકટ, ફ્રીમાં કરશે.",0,8.859,0,not_selected_by_random,,,,
6379,"સમાચાર મુજબ, વર્ષ બે હઝાર, અને, બે હઝાર દસ વચ્ચે, સમગ્ર વિશ્વમાં, ખેતીલાયક, ઓગન પચાસ કરોડ, આઠ લાખ, એકર જમીનનું, અધિગ્રહણ, કરવામાં આવ્યું છે.",0,11.875,0,not_selected_by_random,,,,
6380,"જે માણસને, કાગળ પર કરાતા, લીટાડિયા ડુડલ્સ! થી માંડીને, છેક ડિપ્રેશનમાં આવીને, આત્મહત્યા કરવા, સુધ્ધાં પ્રેરે છે!.",0,9.614,0,not_selected_by_random,,,,
6381,"જ્યારે, સાયન્ટીફીક સ્ટાન્ડર્ડ પ્રમાણે, જેનોમ સિકવન્સીંગ ની વાત નીકળે, ત્યારે, જેનોમનાં, વિવરણ માટે, સમસ્યારૂપ સાબીત થાય છે.",0,11.304,0,not_selected_by_random,,,,
6382,"હોલીવુડનાં, વિશ્વ પ્રસિઘ્ધ, પોપ સિંગર, સ્વર્ગીય માઈકલ જેક્સનની, ઘણી બધી, યાદગાર, ચીજવસ્તુઓની, હરાજી, વિદેશોમાં થઈ છે.",0,9.802,0,not_selected_by_random,,,,
6383,"નાસીકની, ડેન્ટલ કોલેજના, ફક્ત, એકવીસ વર્ષની, ઊંમરના સમીર જૈન પણ, યુવા શોધકની, ઉપલી હરોલમાં છે.",0,9.279,0,not_selected_by_random,,,,
6384,"તે સાચી વાત છે કે, તેને ક્યારેક, ગુસ્સો ચઢે, ચીડ ચઢે, અણગમો પેદા થાય, પણ, આવું બને ત્યારે, તેણે, તરત સમતુલના પ્રાપ્ત કરવાની, ત્રેવડ, કેળવવી જોઈયે.",0,12.474,0,not_selected_by_random,,,,
6385,"ખગોળ વિજ્ઞાનીઓએ, તાજેતરમાં, એક, અદ્‌ભુત જગત, ડાયમંડ પ્લેનેટ, શોધેલ.",0,5.41,1,,gujarati_female_006385.wav,kh a g a o lx a <wb> w a i j a nj a aa n a ii o ee <wb> t a aa j a ee t a r a m a aa q <wb> ee k a <wb> a d a bh a u t a <wb> j a g a t a <wb> dx aa y a m a mq dx a <wb> p a l a ee n a ee tx a <wb> sh o dh ee l a,C20 C0 C13 C0 C26 C21 C0 <wb> C37 C0 C16 C17 C0 C24 C0 C1 C24 C0 C16 C26 C11 <wb> C32 C0 C1 C17 C0 C11 C32 C0 C29 C0 C22 C0 C1 C23 <wb> C11 C19 C0 <wb> C0 C7 C0 C4 C0 C36 C32 C0 <wb> C17 C0 C13 C0 C32 C0 <wb> C9 C1 C38 C0 C22 C0 C23 C9 C0 <wb> C28 C0 C21 C0 C11 C24 C0 C11 C34 C0 <wb> C31 C26 C8 C11 C21 C0,train
6386,"સ્વસ્તિરિઘ્ધિ, પ્રપથે, શ્રેષ્ઠા રેકણ, સ્વસ્ત્યામિ ય, વામમેતિ, સાનો.",0,6.495,0,not_selected_by_random,,,,
6387,"શ્રાવણ માસના, પ્રથમ સોમવાર નિમિત્તે, આવતીકાલે, જૂનાઘઢના ભુતનાથ, ભવનાથ, અને, વસ્ત્રા પથેશ્વરમાં, મેળો ભરાશે.",0,10.008,1,,gujarati_female_006387.wav,sh r aa w a nx a <wb> m a aa s a n a aa <wb> p a r a th a m a <wb> s a o m a w a aa r a <wb> n a i m a i t a t a ee <wb> aa w a t a ii k a aa l a ee <wb> j uu n aa gh a dxh a n aa <wb> bh u t a n aa th a <wb> bh a w a n aa th a <wb> a n a ee <wb> w a s t r aa <wb> p a th ee sh w a r a m aa mq <wb> m ee lx o <wb> bh a r aa sh ee,C31 C29 C1 C37 C0 C25 C0 <wb> C22 C0 C1 C30 C0 C24 C0 C1 <wb> C28 C0 C29 C0 C33 C0 C22 C0 <wb> C30 C0 C26 C22 C0 C37 C0 C1 C29 C0 <wb> C24 C0 C16 C22 C0 C16 C32 C0 C32 C0 C11 <wb> C1 C37 C0 C32 C0 C16 C19 C0 C1 C21 C0 C11 <wb> C17 C36 C24 C1 C14 C0 C10 C0 C24 C1 <wb> C4 C36 C32 C0 C24 C1 C33 C0 <wb> C4 C0 C37 C0 C24 C1 C33 C0 <wb> C0 C24 C0 C11 <wb> C37 C0 C30 C32 C29 C1 <wb> C28 C0 C33 C11 C31 C37 C0 C29 C0 C22 C1 C23 <wb> C22 C11 C21 C26 <wb> C4 C0 C29 C1 C31 C11,train
6388,"પછી, પાંદડા ખરી જાય, સૂકાં પાંદડા, તાંબાવરણાં થઈને, મહુડા નીચેની, ભોંયને, મરુણ કથ્થાઈ ભાતથી, મઢી દે.",0,9.08,0,not_selected_by_random,,,,
6389,"આ બધી વાતનો, સાર એટલો છે કે, મા બાપ જો સંતાનના, શૈશવમાં, કશુંક, અનન્ય પારખી લે, તો, એના ગુણવિશેષને, વિકસાવવો જોઈયે.",0,11.804,0,not_selected_by_random,,,,
6390,"બે હઝાર સડસઠ ના, મહા સુદ, તેરસ ના દિને, સમગ્ર વિશ્વમાં વસતા, દેવોના શિલ્પી, શ્રી વિશ્વકર્મા મહાપ્રભુના, વંશજો, શ્રી વિશ્વકર્મા જયંતી, ની, ઉજવણી મન ભરીને, કરશે.",0,15.197,0,not_selected_by_random,,,,
6391,"સચિન તેંડુલકર, ટેસ્ટમાં, તેર હઝાર બસ્સો અઠ્યાશી, અને, વન ડે માં, દસ હઝાર આઠસો નેવ્યાશી, દસ હઝાર રન પુરા કર્યા હોય, તેવો, એક માત્ર, ભારતીય, ખિલાડી છે.",0,12.516,1,,gujarati_female_006391.wav,s a c a i n a <wb> t a ee q dx a u l a k a r a <wb> tx a ee s a tx a m a aa q <wb> t a ee r a <wb> h a jh a aa r a <wb> b a s a s a o <wb> a txh y aa sh ii <wb> a n a ee <wb> w a n a <wb> dx a ee <wb> m a aa q <wb> d a s a <wb> h a jh a aa r a <wb> aa txh a s a o <wb> n ee w y aa sh ii <wb> d a s a <wb> h a jh a aa r a <wb> r a n a <wb> p u r aa <wb> k a r a y a aa <wb> h a o y a <wb> t a ee w a o <wb> ee k a <wb> m a aa t a r a <wb> bh a aa r a t a ii y a <wb> kh i l aa dx ii <wb> ch a ee,C30 C0 C5 C0 C16 C24 C0 <wb> C32 C0 C11 C23 C9 C0 C36 C21 C0 C19 C0 C29 C0 <wb> C34 C0 C11 C30 C0 C34 C0 C22 C0 C1 C23 <wb> C32 C0 C11 C29 C0 <wb> C15 C0 C18 C0 C1 C29 C0 <wb> C3 C0 C30 C0 C30 C0 C26 <wb> C0 C35 C38 C1 C31 C16 <wb> C0 C24 C0 C11 <wb> C37 C0 C24 C0 <wb> C9 C0 C11 <wb> C22 C0 C1 C23 <wb> C7 C0 C30 C0 <wb> C15 C0 C18 C0 C1 C29 C0 <wb> C1 C35 C0 C30 C0 C26 <wb> C24 C11 C37 C38 C1 C31 C16 <wb> C7 C0 C30 C0 <wb> C15 C0 C18 C0 C1 C29 C0 <wb> C29 C0 C24 C0 <wb> C28 C36 C29 C1 <wb> C19 C0 C29 C0 C38 C0 C1 <wb> C15 C0 C26 C38 C0 <wb> C32 C0 C11 C37 C0 C26 <wb> C11 C19 C0 <wb> C22 C0 C1 C32 C0 C29 C0 <wb> C4 C0 C1 C29 C0 C32 C0 C16 C38 C0 <wb> C20 C16 C21 C1 C9 C16 <wb> C6 C0 C11,train
6392,"ગટર ઉભરાઈ જવી, તેમજ, ભયંકર ટ્રાફિક જામ જેવી, સમસ્યાનો, સામનો કરવો પડશે, અને, બે હઝાર ત્રીસ સુધી, પરિસ્થિતિ, સાવ વણસી જશે.",0,9.52,1,,gujarati_female_006392.wav,g a tx a r a <wb> u bh a r aa ii <wb> j a w a ii <wb> t a ee m a j a <wb> bh a y a q k a r a <wb> tx a r a aa ph a i k a <wb> j aa m a <wb> j a ee w a ii <wb> s a m a s y aa n o <wb> s a aa m a n a o <wb> k a r a w a o <wb> p a dx a sh a ee <wb> a n a ee <wb> b a ee <wb> h a jh a aa r a <wb> t a r a ii s a <wb> s a u dh a ii <wb> p a r a i s a th a i t a i <wb> s a aa w a <wb> w a nx a s a ii <wb> j a sh a ee,C13 C0 C34 C0 C29 C0 <wb> C36 C4 C0 C29 C1 C16 <wb> C17 C0 C37 C0 C16 <wb> C32 C0 C11 C22 C0 C17 C0 <wb> C4 C0 C38 C0 C23 C19 C0 C29 C0 <wb> C34 C0 C29 C0 C1 C12 C0 C16 C19 C0 <wb> C17 C1 C22 C0 <wb> C17 C0 C11 C37 C0 C16 <wb> C30 C0 C22 C0 C30 C38 C1 C24 C26 <wb> C30 C0 C1 C22 C0 C24 C0 C26 <wb> C19 C0 C29 C0 C37 C0 C26 <wb> C28 C0 C9 C0 C31 C0 C11 <wb> C0 C24 C0 C11 <wb> C3 C0 C11 <wb> C15 C0 C18 C0 C1 C29 C0 <wb> C32 C0 C29 C0 C16 C30 C0 <wb> C30 C0 C36 C8 C0 C16 <wb> C28 C0 C29 C0 C16 C30 C0 C33 C0 C16 C32 C0 C16 <wb> C30 C0 C1 C37 C0 <wb> C37 C0 C25 C0 C30 C0 C16 <wb> C17 C0 C31 C0 C11,train
6393,"ગલબીએ કહ્યું:, પાછા ડંફાસે ચડ્યા? વાઘ બુડથલ ને, તમે ડાહ્યા, કાં?.",0,6.204,0,not_selected_by_random,,,,
6394,"શટડાઉન કર્યા પછી, સાત ટકા પાવર, રેસીડયુઅલ હીટ બચેલ ગરમી નાં, કારણે, મુક્ત થાય છે.",0,7.929,0,not_selected_by_random,,,,
6395,"ક્યારેક ક્યારેક, પીટરમાન ગ્લેશિયર પરથી, અલગ થયેલો, આઇસબર્ગ, તણાઈને, કેનેડાના, ન્યૂફાઁઉન્ડલેન્ડ, તટ સુધી, પોહોંચી જતો હોય છે.",0,11.029,0,not_selected_by_random,,,,
6396,"ચિદમ્બરમે, બુધવારે, સ્પષ્ટપણે કહી દીધું છે કે, મુંબઈમાં, છવ્વીસ નવેમ્બરે થયેલા, આતંકવાદી હુમલામાં, પાકિસ્તાનનો, હાથ છે.",0,9.892,1,,gujarati_female_006396.wav,c a i d a m a b a r a m a ee <wb> b a u dh a w a aa r a ee <wb> s a p a sx a tx a p a nx a ee <wb> k a h a ii <wb> d a ii dh a u q <wb> ch a ee <wb> k a ee <wb> m a u q b a ii m a aa q <wb> ch a w a w a ii s a <wb> n a w a ee m a b a r a ee <wb> th a y a ee l a aa <wb> aa t a q k a w a aa d a ii <wb> h u m a l aa m aa mq <wb> p aa k i s t aa n a n o <wb> h a aa th a <wb> ch a ee,C5 C0 C16 C7 C0 C22 C0 C3 C0 C29 C0 C22 C0 C11 <wb> C3 C0 C36 C8 C0 C37 C0 C1 C29 C0 C11 <wb> C30 C0 C28 C0 C31 C0 C34 C0 C28 C0 C25 C0 C11 <wb> C19 C0 C15 C0 C16 <wb> C7 C0 C16 C8 C0 C36 C23 <wb> C6 C0 C11 <wb> C19 C0 C11 <wb> C22 C0 C36 C23 C3 C0 C16 C22 C0 C1 C23 <wb> C6 C0 C37 C0 C37 C0 C16 C30 C0 <wb> C24 C0 C37 C0 C11 C22 C0 C3 C0 C29 C0 C11 <wb> C33 C0 C38 C0 C11 C21 C0 C1 <wb> C1 C32 C0 C23 C19 C0 C37 C0 C1 C7 C0 C16 <wb> C15 C36 C22 C0 C21 C1 C22 C1 C23 <wb> C28 C1 C19 C16 C30 C32 C1 C24 C0 C24 C26 <wb> C15 C0 C1 C33 C0 <wb> C6 C0 C11,train
6397,"કાચનો એક પ્યાલો, તો, આખા ઓરડામાં, ગોળ ગોળ, ઉડવા લાગ્યો હતો, અને, બધાની વચ્ચે, આવીને, નીચે અથડાઈને, જોરદાર અવાજ સાથે, ફૂટી ગયો હતો.",0,12.013,0,not_selected_by_random,,,,
6398,"ઓગણીસો ચોપ્પન માં, અલહાબાદમાં યોજાયેલા કુંભ મેળામાં, જે સ્ટેમ્પેડ થયો, તેમાં, આશરે, આઠસો લોકો માર્યા ગયા હતા, અને, બસ્સો લોકો, લાપતા થયા હતા.",0,12.356,0,not_selected_by_random,,,,
6399,"રોકાણ, અને ટોલટેક્સ, વસૂલવાની, અકુશળ વ્યવસ્થાને, કારણે, પેટ્રોલ બિન જરૂરી રીતે, વધારે બળે છે.",0,8.222,0,not_selected_by_random,,,,
6400,"ચહેરો બદલાતો રહ્યો છે, કુમળો અવાજ, પુરુષના અવાજ જેવો, કઠોર, બનતો ગયો છે, વાળ ઓળવાની રીત, બદલાઈ છે.",0,7.953,0,not_selected_by_random,,,,
6401,"તેને કારણે, ખેડૂતો બોરવેલ ઉપર, પમ્પ મૂકીને, ચોવીસેય કલાક, ભૂગર્ભ જળ, ખેંચ્યા કરે છે.",0,7.086,0,not_selected_by_random,,,,
6402,"તમે, ફોટોગ્રાફ સાથે, જાતજાતની, ટ્રિક કરી શકો છો, અને, અવનવા મલ્ટીટ્રેક સાઉન્ડ તૈયાર કરી શકો છો.",0,8.238,0,not_selected_by_random,,,,
6403,"ડાયનાસોર અને, થેરાપોડના, અંગ, ઉપાંગો, જેવા કે, લાંબુ ઉંચે ચડતું, ઘૂંટીનું હાડકું.",0,7.998,0,not_selected_by_random,,,,
6404,"હવે, આ ખબર, પાડવાની વાત, એવી છે કે, માણસને, બીજા પ્રતિકૂળ લાગતા માણસો, પર રીતસર, હુમલા કરવાની, ઝાઝી ફુરસદ, કે, ત્રેવડ, હોતી નથી.",0,11.856,0,not_selected_by_random,,,,
6405,"ઓગણીસો અગણાએશી માં, અમેરિકાનાં, થ્રિમાઈલ આઈલેન્ડ ખાતે, આવેલ, લાઈટ વોટર રિયેકટરનું, આઁશિક મેલ્ટ ડાઉન.",0,9.671,0,not_selected_by_random,,,,
6406,"આનો અર્થ, એ નથી કે, અફઘાનિસ્તાનમાં, શાંતિ છે, તેમ છતાં, અફઘાનિસ્તાનમાં, અમેરિકાનું, લશ્કર એ, એક સીધી, ચંચુપાત સમાન હતું.",0,12.106,0,not_selected_by_random,,,,
6407,"ઉચ્ચ પ્રદેશની, ખીણમાંથી, હજારો ગેલન પાણી, ઠલવાતા, શહેરમાં, સુનામી જેવા મોજાં, ઉછળવા સાથે, ત્રીસ લોકોનાં, મોત થયાં હતા, અને, ઇથ્યોતેર લોકો, લાપતા હતા.",0,12.847,0,not_selected_by_random,,,,
6408,"મુંબઈ ફિલ્મ ઉધ્યોગમાં, હંમેશાં રજુવાતના, બે દિવસ પહેલાં, અનેક સ્થળોએ, ટ્રાયલ શો, રાખવામાં આવે છે, અને, નિર્માતાના, પરિચિતો, આ ફિલ્મ જુવે છે.",0,11.85,0,not_selected_by_random,,,,
6409,"સોનાની એ નગરીને, શોધવા, દક્ષિણ અમેરિકાનાં, ઘાટાં, જંગલો, ખૂંદવાની જરૂર નથી; આ રહ્યું અલ ડોરડો!.",0,8.905,0,not_selected_by_random,,,,
6410,"આંતરરાષ્ટ્રીય વન ડેના, ઇતિહાસની સૌપ્રથમ વિકેટ ઝડપવાનો, રેકોર્ડ, ઓસ્ટ્રેલિયાના, એલન ફ્રોગી થોમ્સનના નામે, નોંધાયલો છે.",0,9.822,1,,gujarati_female_006410.wav,aa q t a r a r a aa sx a tx a r a ii y a <wb> w a n a <wb> dx ee n aa <wb> i t i h aa s a n ii <wb> s a ou p a r a th a m a <wb> w a i k a ee tx a <wb> jh a dx a p a w aa n o <wb> r a ee k a o r a dx a <wb> o s a tx a r a ee l a i y a aa n a aa <wb> ee l a n a <wb> ph r o g ii <wb> th o m s a n a n aa <wb> n a aa m a ee <wb> n o mq dh aa y a l o <wb> ch a ee,C1 C23 C32 C0 C29 C0 C29 C0 C1 C31 C0 C34 C0 C29 C0 C16 C38 C0 <wb> C37 C0 C24 C0 <wb> C9 C11 C24 C1 <wb> C16 C32 C16 C15 C1 C30 C0 C24 C16 <wb> C30 C0 C27 C28 C0 C29 C0 C33 C0 C22 C0 <wb> C37 C0 C16 C19 C0 C11 C34 C0 <wb> C18 C0 C9 C0 C28 C0 C37 C1 C24 C26 <wb> C29 C0 C11 C19 C0 C26 C29 C0 C9 C0 <wb> C26 C30 C0 C34 C0 C29 C0 C11 C21 C0 C16 C38 C0 C1 C24 C0 C1 <wb> C11 C21 C0 C24 C0 <wb> C12 C29 C26 C13 C16 <wb> C33 C26 C22 C30 C0 C24 C0 C24 C1 <wb> C24 C0 C1 C22 C0 C11 <wb> C24 C26 C23 C8 C1 C38 C0 C21 C26 <wb> C6 C0 C11,train
6412,"પરિણામે, ક્યારેક, આઘ્યાત્મિક જગતમાં, વ્યવહાર જગતને તુચ્છતા, કે, ક્ષૂદ્રતાથી જોવાની, વૃત્તિ જોવા મળે છે.",0,8.893,1,,gujarati_female_006412.wav,p a r a i nx a aa m a ee <wb> k a y a aa r a ee k a <wb> aa gh a y a aa t a m a i k a <wb> j a g a t a m a aa q <wb> w a y a w a h a aa r a <wb> j a g a t a n ee <wb> t u c ch a t aa <wb> k a ee <wb> k sx uu d r a t aa th ii <wb> j a o w a aa n a ii <wb> w a t a t a i <wb> j a o w a aa <wb> m a lx a ee <wb> ch a ee,C28 C0 C29 C0 C16 C25 C0 C1 C22 C0 C11 <wb> C19 C0 C38 C0 C1 C29 C0 C11 C19 C0 <wb> C1 C14 C0 C38 C0 C1 C32 C0 C22 C0 C16 C19 C0 <wb> C17 C0 C13 C0 C32 C0 C22 C0 C1 C23 <wb> C37 C0 C38 C0 C37 C0 C15 C0 C1 C29 C0 <wb> C17 C0 C13 C0 C32 C0 C24 C11 <wb> C32 C36 C5 C6 C0 C32 C1 <wb> C19 C0 C11 <wb> C19 C31 C36 C7 C29 C0 C32 C1 C33 C16 <wb> C17 C0 C26 C37 C0 C1 C24 C0 C16 <wb> C37 C0 C32 C0 C32 C0 C16 <wb> C17 C0 C26 C37 C0 C1 <wb> C22 C0 C21 C0 C11 <wb> C6 C0 C11,train
6413,"એક તો, ગણિત શિક્ષક તરીકેની, તેમની, અધ્યાન શૈલી, અને, બીજું, ગણિતને તાદ્રશ્ય કરે, તેવી, ગણિતની પ્રયોગશાળા, અને, ગણિતના મોડલો.",0,11.524,0,not_selected_by_random,,,,
6414,"રોજ કોલેજથી આવતાં જતાં, એ, પેલા શોરૂમ પાસે ઊભો રહી, હોન્ડા સ્પોર્ટસ કારને, બે ક્ષણ જોઇ લેતો.",0,8.798,0,not_selected_by_random,,,,
6415,"ઔર, આત્મસમ્માન ચાહિએ જિસ કી, લીક, હમ ડાલ રહે હૈ, હમારી, જમીન સે, હટ જાઓ’.",0,7.825,1,,gujarati_female_006415.wav,ou r a <wb> aa t m a s a m m aa n a <wb> c aa h i ee <wb> j i s a <wb> k a ii <wb> l a ii k a <wb> h a m a <wb> dx aa l a <wb> r a h a ee <wb> h a ei <wb> h a m aa r ii <wb> j a m a ii n a <wb> s a ee <wb> h a tx a <wb> j aa o,C27 C29 C0 <wb> C1 C32 C22 C0 C30 C0 C22 C22 C1 C24 C0 <wb> C5 C1 C15 C16 C11 <wb> C17 C16 C30 C0 <wb> C19 C0 C16 <wb> C21 C0 C16 C19 C0 <wb> C15 C0 C22 C0 <wb> C9 C1 C21 C0 <wb> C29 C0 C15 C0 C11 <wb> C15 C0 C2 <wb> C15 C0 C22 C1 C29 C16 <wb> C17 C0 C22 C0 C16 C24 C0 <wb> C30 C0 C11 <wb> C15 C0 C34 C0 <wb> C17 C1 C26,train
6416,"આ યુદ્ધને અટકાવવા માટે, શિવજી, અગ્નિમહાલિંગ તરીકે, ત્યાં સ્થાપિત થયા, તેનું, મૂળ, પાતાળથી પણ, નીચે છે.",0,9.334,1,,gujarati_female_006416.wav,aa <wb> y u d dh a n ee <wb> a tx a k aa w a w aa <wb> m a aa tx a ee <wb> sh a i w a j a ii <wb> a g n i m a h aa l i mq g a <wb> t a r a ii k a ee <wb> t a y a aa q <wb> s a th a aa p a i t a <wb> th a y a aa <wb> t a ee n a u q <wb> m a uu lx a <wb> p aa t aa lx a th ii <wb> p a nx a <wb> n a ii c a ee <wb> ch a ee,C1 <wb> C38 C36 C7 C8 C0 C24 C11 <wb> C0 C34 C0 C19 C1 C37 C0 C37 C1 <wb> C22 C0 C1 C34 C0 C11 <wb> C31 C0 C16 C37 C0 C17 C0 C16 <wb> C0 C13 C24 C16 C22 C0 C15 C1 C21 C16 C23 C13 C0 <wb> C32 C0 C29 C0 C16 C19 C0 C11 <wb> C32 C0 C38 C0 C1 C23 <wb> C30 C0 C33 C0 C1 C28 C0 C16 C32 C0 <wb> C33 C0 C38 C0 C1 <wb> C32 C0 C11 C24 C0 C36 C23 <wb> C22 C0 C36 C21 C0 <wb> C28 C1 C32 C1 C21 C0 C33 C16 <wb> C28 C0 C25 C0 <wb> C24 C0 C16 C5 C0 C11 <wb> C6 C0 C11,train
6417,"ગૂગલે, અગ્યાર કરોડ રૂપિયા, નેટ ફલીકસના, સીઈઓ, રીડ હેસ્ટિંગ્ઝને, આપ્યા.",0,7.031,0,not_selected_by_random,,,,
6418,"કદી બરફી, પેંડા, અને, ગુલાબજાંબુ, ભરેલા થાળમાંથી, અડધા ઉપરાંત, ગાયબ થઈ જાય છે?.",0,7.297,0,not_selected_by_random,,,,
6419,"પરંતુ, ઉંચેથી નીચે કૂદવા માટેની, ગ્લાઈડીંગ તકનીકની, પાંખ ફફડાવાની રીતનો, હવામાં સરકવા ઉપયોગ કરતા હતા.",0,9.984,0,not_selected_by_random,,,,
6420,"આમ છતાં, જૂનાગઢ રાજ્યમાં, ગુપ્ત પ્રયાગ, વેરાવળ, વંથલી, અને, વિસાવદરમાં, અપવાદરૂપે, કોમી દંગલો થયાનું, પણ નોંધાયું છે.",0,11.384,0,not_selected_by_random,,,,
6421,"લુચ્ચાઈ વગરનો, સમાજ રચાય એવું, શમણું ક્યારે સાચું પડશે, તે કહેવું, મુશ્કેલ છે.",0,6.314,0,not_selected_by_random,,,,
6422,"ત્યારબાદ, એશિયામાં, ભારતખંડમાં, પશ્ચિમ એશિયામાં, ઈજિપ્તમાં, ગ્રીસમાં, વગેરેમાં, પતંગ ચગાવવાની, પ્રથા, પ્રચલિત બની.",0,10.246,0,not_selected_by_random,,,,
6423,"દિવસે, કૂવાકાંઠો ખાલીજ ન પડે, રમનારાં, છોકરાં, વડ નીચે વાગોળતાં ઢોર, વટેમાર્ગુઓ, પણ, રાતે પાદર, ભેંકાર હોય.",0,10.653,0,not_selected_by_random,,,,
6424,"મારી પાસે, એક એવું અત્તર છે, કે, તેની એક શીશી, તમારા ચાકડામાં ઢોળી નાંખશો, તો, તમારા મહેલની, આખી ઈમારત, હરહંમેશ, સુગંધથી, મહેક મહેક થશે.",0,12.248,0,not_selected_by_random,,,,
6425,"આ પ્રકારના, કેન્સરની ગાંઠ, મુખ્યત્વય, ગળા, ફેફસાં, અને, રિદય વચ્ચે, પેડૂ, બગલ, અથવા, જંઘા મૂળમાં, થાય છે.",0,9.993,0,not_selected_by_random,,,,
6426,"દરમિયાન, બીસીસીયાઇની, વર્કિંગ કમિટિએ, બે હઝાર બાર, તેર ની સિઝન સાથે, રણજી ફોર્મેટમાં, ફેરફાર કરવાને, મંજૂઈ આપી દીધી છે.",0,11.34,0,not_selected_by_random,,,,
6427,"આમ તો, કંકાલની, સંઉરચના, શરીર રચના, અને, પ્રજનનની, પદ્ધતિમાં, સરિસૃપો, અને, પક્ષીઓ, એકબીજાને, ખૂબ મળતા આવે છે.",0,11.153,0,not_selected_by_random,,,,
6428,"ઈસવી સંવત, પૂર્વેના, પ્રથમ સૈકાના, પુબ્લીલિયસ સાઈરસે, તેથી, ઊલટું વિધાન કર્યું છે.",0,7.429,0,not_selected_by_random,,,,
6429,"ત્યારે, તેંડુલકરે, બોલને પુશ કરીને, આત્મઘાતી રન લેવા, ક્રીઝ છોડીને, નોન સ્ટ્રાઇકર છેડે, પહોંચી ગયો હતો.",0,8.883,0,not_selected_by_random,,,,
6430,"આપણો દેશ પ્રેમ, આપણી સામાજિક ભાવના, સમાજ પ્રત્યેનું આપણું કર્તવ્ય, એ બધામાં, કેમ ઓટ આવી ગઈ છે ?.",0,8.554,0,not_selected_by_random,,,,
6431,"ભારતમાં, પ્રથમ વાર, બ્લાઇન્ડ ફિઝિયો થેરાપિસ્ટ, માટે, ઇન્ટર ફેન્સિયલ થેરપી, મશીન ડેવલોપ કરવામાં આવ્યું છે.",0,9.475,0,not_selected_by_random,,,,
6432,"અને અવકાશ મથક બહાર, શૂન્યાવકાશમાં, કુલ, ઓગણત્રીસ કલાક, અને, સત્તર મીનિટ, પસાર કર્યા છે.",0,8.616,0,not_selected_by_random,,,,
6433,"ફોટોવોલ્ટેક સેલ, તેના પર આયાત થતા, સૌરવર્ણપટના, બધા વર્ણો, એટલે કે, દ્રશ્ય, અને, અદ્રશ્ય રંગો નું, પ્રગ્રહણ, કરતી નથી.",0,12.197,0,not_selected_by_random,,,,
6434,"ખિસ્સાકાતરુ, પાકીટ કાપી જાય, ત્યારે, પૈસા ખાસા ન હોય, છતાં, હુઁ ગાફેલ રહ્યો, એ દર્દ, જેમ કોરી ખાય, તેમ, તેમને અંધારામાં, રહ્યાનું, દુઃખ છે.",0,13.743,0,not_selected_by_random,,,,
6435,"હેન્ડ્‌સ ફ્રી, કેમેરા કમ સ્માર્ટ ફોન ની, ગરજ સારતા, ગુગલ ગ્લાસના, ઉપયોગોની, શક્યતાનો, પાર નથી.",0,8.991,0,not_selected_by_random,,,,
6436,"આઇસીસીયે, કૃત્રિમ રોમાંચકતાનો ફુગ્ગો, ઉછળતો જ રહે, તે માટે, ચઉદ ટીમોને, વર્લ્ડ કપમાં, ઉતારી, જેમાં, ઝિમબાબ્વે નો, સમાવેષ થાઇ છે.",0,13.011,0,not_selected_by_random,,,,
6437,"આમ છતાં, માનવમનની, અગાધ શક્તિયો, અને, મનુષ્યના અસ્તિત્વના, અમાપ અંદાજનો, નૈસર્ગિક વારસો, આપણને, મળેલો, હોય છે.",0,10.96,0,not_selected_by_random,,,,
6438,"એમની, વાહ વાહના, ઘોંઘાટ પાછળ, પેલો, વિવેક જાળવવાની, વાત સૂચવતો સ્વર, ક્યાંય દબાઈ જાય છે.",0,8.569,0,not_selected_by_random,,,,
6439,"સ્ટીવ જોબ્ઝે, કોલેજ શિક્ષણ, અધૂરું છોડી દીધું, કારણ કે, તે, અતિખર્ચાળ હતું.",0,6.659,0,not_selected_by_random,,,,
6440,"ગયા વર્ષે, મદ્રાસમાં પડેલ, દુષ્કાળમાં, નીલગીરીના વૃક્ષોને, જવાબદાર ગણવામાં આવ્યા.",0,6.664,1,,gujarati_female_006440.wav,g a y a aa <wb> w a r a sx a ee <wb> m a d r aa s a m aa mq <wb> p a dx ee l a <wb> d u sx k aa lx a m aa mq <wb> n ii l a g ii r ii n aa <wb> w rq k sx o n ee <wb> j a w a aa b a d a aa r a <wb> g a nx a w a aa m a aa q <wb> aa w a y a aa,C13 C0 C38 C0 C1 <wb> C37 C0 C29 C0 C31 C0 C11 <wb> C22 C0 C7 C29 C1 C30 C0 C22 C1 C23 <wb> C28 C0 C9 C11 C21 C0 <wb> C7 C36 C31 C19 C1 C21 C0 C22 C1 C23 <wb> C24 C16 C21 C0 C13 C16 C29 C16 C24 C1 <wb> C37 C29 C19 C31 C26 C24 C11 <wb> C17 C0 C37 C0 C1 C3 C0 C7 C0 C1 C29 C0 <wb> C13 C0 C25 C0 C37 C0 C1 C22 C0 C1 C23 <wb> C1 C37 C0 C38 C0 C1,train
6441,"ૠષિ પર હુમલો કરવા જતા, સિંહ ને જોઈ, તેણે ઉચ્ચારેલું, પુન, ર્મુષકો ભવઃ, પરંતુ, અહીં જુદી વાત છે.",0,8.85,0,not_selected_by_random,,,,
6442,"તેઓ, છસ્સો આઠ વિદ્યાપીઠો, અને, એકસો તેર દેશોના છે, તેનું, મુખ્ય કામ, ઉક્ત, અગ્યાર કણો કઈ રીતે, કામ કરે છે, તેના વિશે, પ્રયોગ કરવાનું છે.",0,12.946,0,not_selected_by_random,,,,
6443,"મુનિ, બાહુબલીના, કર્ણદ્વય પર, બહેન સાધ્વીનો, મંગલમય અવાજ, સંભળાયો.",0,7.331,0,not_selected_by_random,,,,
6444,"ઘણીવાર, આ વૃક્ષોની, આસપાસ, રુક્ષ, કાંટાળી છાલવાળા, શીમળા, જોઉં છું.",0,6.426,0,not_selected_by_random,,,,
6445,"આપણું વાજબીપણું, વાતને, વધુ ગૂંચવે, તેટલી હદે, બેઠું હોય, તો, લાભ કરતાં, નુકશાનની, વધુ શક્યતા છે.",0,8.986,1,,gujarati_female_006445.wav,aa p a nx a u q <wb> w aa j a b ii p a nx u mq <wb> w a aa t a n a ee <wb> w a dh a u <wb> g uu mq c a w ee <wb> t a ee tx a l a ii <wb> h a d a ee <wb> b ee txh u mq <wb> h a o y a <wb> t a o <wb> l a aa bh a <wb> k a r a t a aa q <wb> n u k a sh aa n a n ii <wb> w a dh a u <wb> sh a k a y a t a aa <wb> ch a ee,C1 C28 C0 C25 C0 C36 C23 <wb> C37 C1 C17 C0 C3 C16 C28 C0 C25 C36 C23 <wb> C37 C0 C1 C32 C0 C24 C0 C11 <wb> C37 C0 C8 C0 C36 <wb> C13 C36 C23 C5 C0 C37 C11 <wb> C32 C0 C11 C34 C0 C21 C0 C16 <wb> C15 C0 C7 C0 C11 <wb> C3 C11 C35 C36 C23 <wb> C15 C0 C26 C38 C0 <wb> C32 C0 C26 <wb> C21 C0 C1 C4 C0 <wb> C19 C0 C29 C0 C32 C0 C1 C23 <wb> C24 C36 C19 C0 C31 C1 C24 C0 C24 C16 <wb> C37 C0 C8 C0 C36 <wb> C31 C0 C19 C0 C38 C0 C32 C0 C1 <wb> C6 C0 C11,val
6446,"દહેજ, બાળમજૂરી, ઘૂમ્રપાન, બાળલગ્ન, વિધવાલગ્ન, વગેરે, સમસ્યાઓ પર, અનેક પ્રોગ્રામો, આવી ગયા છે.",0,9.549,0,not_selected_by_random,,,,
6447,"ઓગણીસો ચોર્યાશી માં, અમેરિકી પબ્લિક સ્કૂલમાં, બાણું વિદ્યાર્થી દીઠ, એક કમ્પ્યૂટર હતું.",0,8.074,0,not_selected_by_random,,,,
6448,"કોઈવાર, વળી, ઘરની ભીંત પર, પડતાં, ચાંદરડાં ગણું ને, એને આગળ આગળ ખસતાં જોઈને, નવાઈ પામતો રહું!.",0,9.613,0,not_selected_by_random,,,,
6449,"આ દરમિયાન, પેલો ચોર, પોતાનો જીવ બચાવવા, ઝાડની બખોલમાંથી, નીકળીને, ઝાડની, સૌથી ઊંચી ડાળ પર, જઈને, બેઠો.",0,10.743,0,not_selected_by_random,,,,
6450,"ટ્વિટર, ડેક ફિચર પર, તેમણે, કેટલાક, એવા શબ્દો, પસંદ કરીને મૂક્યા છે કે, જેથી, જ્યારે પણ આ શબ્દ, ટ્વિટર પર આવે, એટલે, તેને જાણકારી, મળી જાય.",0,12.498,0,not_selected_by_random,,,,
6451,"તે, ક્યા ક્યા, અનિષ્ટ વાતોથી, જોડાયેલા સંકેત, અને, લક્ષણોનો, સામનો કરે છે, તેનો ઉલ્લેખ, શાસ્ત્રોમાં, છે.",0,8.649,0,not_selected_by_random,,,,
6452,"સન ઓગણીસ્સો છવ્વીસ માં, કોયલી મહંત શ્રી, રૂપગિરીજી, દેવ થતાં, તેમના શિષ્ય, રતિગિરિજી, મહંતપદે, સ્થપાયા.",0,10.583,0,not_selected_by_random,,,,
6453,"બાળપણમાં, ચોકલેટની દુકાન, કે, રમકડાના સ્ટોરનો, માલિક બનવા, મન, થનગનતું હોય.",0,7.407,1,,gujarati_female_006453.wav,b a aa lx a p a nx a m a aa q <wb> c o k a l ee tx a n ii <wb> d a u k a aa n a <wb> k a ee <wb> r a m a k a dx aa n aa <wb> s tx o r a n o <wb> m a aa l a i k a <wb> b a n a w a aa <wb> m a n a <wb> th a n a g a n a t u mq <wb> h a o y a,C3 C0 C1 C21 C0 C28 C0 C25 C0 C22 C0 C1 C23 <wb> C5 C26 C19 C0 C21 C11 C34 C0 C24 C16 <wb> C7 C0 C36 C19 C0 C1 C24 C0 <wb> C19 C0 C11 <wb> C29 C0 C22 C0 C19 C0 C9 C1 C24 C1 <wb> C30 C34 C26 C29 C0 C24 C26 <wb> C22 C0 C1 C21 C0 C16 C19 C0 <wb> C3 C0 C24 C0 C37 C0 C1 <wb> C22 C0 C24 C0 <wb> C33 C0 C24 C0 C13 C0 C24 C0 C32 C36 C23 <wb> C15 C0 C26 C38 C0,train
6454,"સિંહનું, વધ્યુંસધ્યું ખાઈ, પેટગુજારો કરતા, શિયાળ મુજબ, તું, વર્તીશ, નહિ.",0,6.92,0,not_selected_by_random,,,,
6455,"કુલિંગ સિસ્ટમ, ઠપ થઈ જતા, યુરેનિયમ ફ્યુઅલ અત્યંત ગરમ થતા, આ નળાકાર ભાગ, પીગળવા માંડે છે, જેને, મેલ્ટડાઉન, પીગળવું, કહે છે.",0,13.542,0,not_selected_by_random,,,,
6456,"એમાં, ટૂંકમાં એટલું જ લખ્યું કે, પૂજ્ય પિતાજી, સ્પોર્ટસ કારને બદલે, તમે મને, માત્ર, એક ધાર્મિક પુસ્તક જ, આપ્યું છે.",0,9.889,0,not_selected_by_random,,,,
6457,"તે નીચે, મહાસાગરમાં, માછલીયોના ટોળાથી, લલચાય, અને, તેને પકડવા, તરવૈયાની જેમ, ડૂબકી લગાવતા હોય.",0,9.268,0,not_selected_by_random,,,,
6458,"પાર્થિવ પટેલને, ઈજાગ્રસ્ત તેંડુલકરના સ્થાને, બાકીની ત્રણ વન ડે માટે, સાઉથ આફ્રિકા, તાબડતોબ, બોલાવાયો.",0,9.215,0,not_selected_by_random,,,,
6459,"યુવાન માતાઓ, પિસ્તાલીસ ડિગ્રી તાપમાને પણ, પોતાના બાળકને, રેલવેવેગનની, નીચે, ઘોડિયું બાંધીને, તેમાં, ઊંઘાડી દીધો.",0,10.008,1,,gujarati_female_006459.wav,y a u w a aa n a <wb> m aa t aa o <wb> p a i s a t a aa l a ii s a <wb> dx a i g a r a ii <wb> t a aa p a m a aa n a ee <wb> p a nx a <wb> p a o t a aa n a aa <wb> b a aa lx a k a n a ee <wb> r ee l a w ee w ee g a n a n ii <wb> n a ii c a ee <wb> gh o dx i y u mq <wb> b a aa q dh a ii n a ee <wb> t a ee m a aa q <wb> uu mq gh aa dx ii <wb> d a ii dh a o,C38 C0 C36 C37 C0 C1 C24 C0 <wb> C22 C1 C32 C1 C26 <wb> C28 C0 C16 C30 C0 C32 C0 C1 C21 C0 C16 C30 C0 <wb> C9 C0 C16 C13 C0 C29 C0 C16 <wb> C32 C0 C1 C28 C0 C22 C0 C1 C24 C0 C11 <wb> C28 C0 C25 C0 <wb> C28 C0 C26 C32 C0 C1 C24 C0 C1 <wb> C3 C0 C1 C21 C0 C19 C0 C24 C0 C11 <wb> C29 C11 C21 C0 C37 C11 C37 C11 C13 C0 C24 C0 C24 C16 <wb> C24 C0 C16 C5 C0 C11 <wb> C14 C26 C9 C16 C38 C36 C23 <wb> C3 C0 C1 C23 C8 C0 C16 C24 C0 C11 <wb> C32 C0 C11 C22 C0 C1 C23 <wb> C36 C23 C14 C1 C9 C16 <wb> C7 C0 C16 C8 C0 C26,test
6460,"એટલે, પીટર, મીનહોલ્ડ નામના, ચોત્રીસ વર્ષીય વૈજ્ઞાનિકે, પીસ્ટના જીનોમને, રિવાયર્ડ કર્યો.",0,8.412,0,not_selected_by_random,,,,
6461,"શ્રી ઠાકોરજીયે, માટી ખાધી, ત્યારે, શ્રી યશોદાજી, લાકડી લઈ, પ્રભુને, ધમકાવવા માંડ્યા, ત્યારે, નેત્રમાં આંસુ લાવી, પ્રભુ, ભયયુક્ત, થઈ કહે છે કે, મેં માટી નથી ખાધી.",0,13.382,0,not_selected_by_random,,,,
6462,"એની બધીજ ડાળીઓ, સોનાપત્રો સાચવીને, મલકાતી હોય, ત્યારે, પાકેલાં ખેતરોની, ગંધથી, સીમ, મઘમઘી ઊઠે છે.",0,11.403,0,not_selected_by_random,,,,
6463,"અયોધ્યામાં, રામરાજ્ય સ્થપાયું, અને, ઓચિંતો સીતાત્યાગનો, પ્રસંગ, ઉપસ્થિત થયો.",0,6.502,1,,gujarati_female_006463.wav,a y a o dh a y a aa m a aa q <wb> r a aa m a r a aa j a y a <wb> s th a p aa y u mq <wb> a n a ee <wb> o c i mq t o <wb> s ii t aa t y aa g a n o <wb> p a r a s a q g a <wb> u p a s a th a i t a <wb> th a y a o,C0 C38 C0 C26 C8 C0 C38 C0 C1 C22 C0 C1 C23 <wb> C29 C0 C1 C22 C0 C29 C0 C1 C17 C0 C38 C0 <wb> C30 C33 C0 C28 C1 C38 C36 C23 <wb> C0 C24 C0 C11 <wb> C26 C5 C16 C23 C32 C26 <wb> C30 C16 C32 C1 C32 C38 C1 C13 C0 C24 C26 <wb> C28 C0 C29 C0 C30 C0 C23 C13 C0 <wb> C36 C28 C0 C30 C0 C33 C0 C16 C32 C0 <wb> C33 C0 C38 C0 C26,train
6464,"સ્પર્શાસ્પર્શી ને, ભેદ તો, નરસિંઘની જેમ, કોઈ પણ જોખમની પરવા કર્યા વગર, કર્તવ્યમાં, પ્રત્યક્ષ, કરી બતાવ્યા.",0,9.488,0,not_selected_by_random,,,,
6465,"તે માટે, નિષ્ણાતોના, મતે, રોજના, પાનસો થી છસ્સો ગ્રામ, કાર્બોહાઈડ્રેટ, લેવાથી, ગ્લાયકોજીનનો, સંગ્રહ, ઊંચો રાખે છે.",0,10.348,0,not_selected_by_random,,,,
6466,"ઓગણીસો પંચાણું માં, સુનીતાએ, ફલોરિડા ઈન્સ્ટીટયૂટ ઓફ, ટેકનોલોજીમાંથી, અનુસ્નાતકની, પદવી, મેળવી હતી.",0,8.68,0,not_selected_by_random,,,,
6467,"ભાઈયો, તમને જમવાના સમયે, ખલેલ પહોંચાડવા બદલ, હું, દિલગીર છું, પરંતુ, હું, ખૂબ દૂરથી, આવું છું.",0,7.908,0,not_selected_by_random,,,,
6468,"લંડનનો, આઈસ્ક્રિમ, એ મૉલમાં, બેઠાં બેઠાં, ખાતાં, યુવક યુવતીઓ, પણ, તમે, નિહાળી શકશો.",0,6.962,0,not_selected_by_random,,,,
6469,"પ્રૌઢાવસ્થા એક, સપ્તાહની રાખી, અને, વૃદ્ધાવસ્થા તો, મેં અઢી કલાકજ, વેઠી છે.",0,6.664,1,,gujarati_female_006469.wav,p r ou dxh aa w a s th aa <wb> ee k a <wb> s a p a t a aa h a n a ii <wb> r a aa kh a ii <wb> a n a ee <wb> w rq d dh aa w a s th aa <wb> t a o <wb> m a ee q <wb> a dxh a ii <wb> k a l aa k a j a <wb> w ee txh ii <wb> ch a ee,C28 C29 C27 C10 C1 C37 C0 C30 C33 C1 <wb> C11 C19 C0 <wb> C30 C0 C28 C0 C32 C0 C1 C15 C0 C24 C0 C16 <wb> C29 C0 C1 C20 C0 C16 <wb> C0 C24 C0 C11 <wb> C37 C29 C7 C8 C1 C37 C0 C30 C33 C1 <wb> C32 C0 C26 <wb> C22 C0 C11 C23 <wb> C0 C10 C0 C16 <wb> C19 C0 C21 C1 C19 C0 C17 C0 <wb> C37 C11 C35 C16 <wb> C6 C0 C11,train
6470,"આખા તિબેટમાં, મળી આવતાં, બીજાં પણ કેટલાંય મધુર કંઠવાળા, પંખીયોની, અજમાયેશ, કરવામાં આવી હતી.",0,8.581,0,not_selected_by_random,,,,
6471,"લાતુર, અને, બારામતીના, શૂટિંગ દરમિયાન, ત્યાંના લોકો, ઇમરાન પાછળ, ગાંડા, બની ગયા હતા.",0,7.651,0,not_selected_by_random,,,,
6472,"શંતનું, ગંગાના પુત્ર, દેવવ્રત, ગાંગેય, દાદા ભિષ્મ ને, કહ્યું.",0,5.568,0,not_selected_by_random,,,,
6473,"ઈશાંત શર્માને, સાઉથ આફ્રિકા સામેની, શ્રેણીનું, તેનું, કંગાળ ફોર્મ, નડયું હતું.",0,6.502,0,not_selected_by_random,,,,
6474,"ઇસ્ટ વેસ્ટ કોરિડો, અમદાવાદ થલતેજ સ્ટેશન, ઘાંધીનગર અમદાવાદ રુટ, તૈયાર કરી દેવાશે.",0,7.408,0,not_selected_by_random,,,,
6475,"જેમાં, લોકભોગ્ય, સાદી, સરળ ભાષામાં, ઈતિહાસ, આખ્યાન, ઉપાખ્યાન, દ્રષ્ટાંત, અને, દેવી દેવતાઓની, કથા, માહિતી, જોવા મળે છે.",0,10.612,1,,gujarati_female_006475.wav,j a ee m a aa q <wb> l a o k a bh a o g a y a <wb> s a aa d a ii <wb> s a r a lx a <wb> bh a aa sx a aa m a aa q <wb> ii t a i h a aa s a <wb> aa kh y aa n a <wb> u p aa kh y aa n a <wb> d a r a sx a tx a aa q t a <wb> a n a ee <wb> d a ee w a ii <wb> d ee w a t aa o n ii <wb> k a th a aa <wb> m a aa h a i t a ii <wb> j a o w a aa <wb> m a lx a ee <wb> ch a ee,C17 C0 C11 C22 C0 C1 C23 <wb> C21 C0 C26 C19 C0 C4 C0 C26 C13 C0 C38 C0 <wb> C30 C0 C1 C7 C0 C16 <wb> C30 C0 C29 C0 C21 C0 <wb> C4 C0 C1 C31 C0 C1 C22 C0 C1 C23 <wb> C16 C32 C0 C16 C15 C0 C1 C30 C0 <wb> C1 C20 C38 C1 C24 C0 <wb> C36 C28 C1 C20 C38 C1 C24 C0 <wb> C7 C0 C29 C0 C31 C0 C34 C0 C1 C23 C32 C0 <wb> C0 C24 C0 C11 <wb> C7 C0 C11 C37 C0 C16 <wb> C7 C11 C37 C0 C32 C1 C26 C24 C16 <wb> C19 C0 C33 C0 C1 <wb> C22 C0 C1 C15 C0 C16 C32 C0 C16 <wb> C17 C0 C26 C37 C0 C1 <wb> C22 C0 C21 C0 C11 <wb> C6 C0 C11,train
6476,"એક તો, દરજીડાની જેમ, બે ત્રણ પાંદડા સીવીને, બીજું, પાંદડાની આજુબાજુ, સાંઠીઓને, ગોઠવીને, લંબગોળ માળો બનાવે, તો, ક્યારેક માત્ર, સળીઓનોજ માળો ગૂંથે છે.",0,14.484,0,not_selected_by_random,,,,
6477,"તેની શરીર રચના પરથી, એવું જણાય છે કે, આર્કીયો ઓપટેરીક્સ, પાંખો ફફડાવીને, ઉડ્ડયન માટે, અસમર્થ હતા.",0,9.425,0,not_selected_by_random,,,,
6478,"રાજા કઈ, પૂતળી ખરીદશે, સોંઘી, કે મોંઘી, તેની આતુરતાથી, રાહ, જોવા લાગી.",0,6.037,1,,gujarati_female_006478.wav,r a aa j a aa <wb> k a ii <wb> p uu t a lx ii <wb> kh a r ii d a sh ee <wb> s o mq gh ii <wb> k a ee <wb> m a o q gh a ii <wb> t a ee n a ii <wb> aa t u r a t aa th ii <wb> r a aa h a <wb> j a o w a aa <wb> l a aa g a ii,C29 C0 C1 C17 C0 C1 <wb> C19 C0 C16 <wb> C28 C36 C32 C0 C21 C16 <wb> C20 C0 C29 C16 C7 C0 C31 C11 <wb> C30 C26 C23 C14 C16 <wb> C19 C0 C11 <wb> C22 C0 C26 C23 C14 C0 C16 <wb> C32 C0 C11 C24 C0 C16 <wb> C1 C32 C36 C29 C0 C32 C1 C33 C16 <wb> C29 C0 C1 C15 C0 <wb> C17 C0 C26 C37 C0 C1 <wb> C21 C0 C1 C13 C0 C16,val
6479,"દિલ્હીમાં, આંબેડકર સ્ટેડિયમ અને, ફિરોઝશાહ, કોટલા મેદાનમાં, દારાસિંહની, કુસ્તીની, ટિકિટો માટે, મારામારી, પણ થતી હતી.",0,8.638,1,,gujarati_female_006479.wav,d a i l a h a ii m a aa q <wb> aa q b a ee dx a k a r a <wb> s a tx a ee dx a i y a m a <wb> a n a ee <wb> ph a i r a o jh a sh a aa h a <wb> k a o tx a l a aa <wb> m a ee d a aa n a m a aa q <wb> d a aa r a aa s a i q h a n a ii <wb> k u s t ii n ii <wb> tx i k i tx o <wb> m a aa tx a ee <wb> m a aa r a aa m a aa r a ii <wb> p a nx a <wb> th a t a ii <wb> h a t a ii,C7 C0 C16 C21 C0 C15 C0 C16 C22 C0 C1 C23 <wb> C1 C23 C3 C0 C11 C9 C0 C19 C0 C29 C0 <wb> C30 C0 C34 C0 C11 C9 C0 C16 C38 C0 C22 C0 <wb> C0 C24 C0 C11 <wb> C12 C0 C16 C29 C0 C26 C18 C0 C31 C0 C1 C15 C0 <wb> C19 C0 C26 C34 C0 C21 C0 C1 <wb> C22 C0 C11 C7 C0 C1 C24 C0 C22 C0 C1 C23 <wb> C7 C0 C1 C29 C0 C1 C30 C0 C16 C23 C15 C0 C24 C0 C16 <wb> C19 C36 C30 C32 C16 C24 C16 <wb> C34 C16 C19 C16 C34 C26 <wb> C22 C0 C1 C34 C0 C11 <wb> C22 C0 C1 C29 C0 C1 C22 C0 C1 C29 C0 C16 <wb> C28 C0 C25 C0 <wb> C33 C0 C32 C0 C16 <wb> C15 C0 C32 C0 C16,train
6480,"બેઇજીંગ ઓલિમ્પિક્સનો, ગોલ્ડ મેડલ વિજેતા, અને, શૂટીંગમાં, આ વખતે પણ, મેડલની આશા, જેની પાસેથી, રાખવામાં આવે છે.",0,9.49,0,not_selected_by_random,,,,
6481,"એણે, ગરીબ મજૂર સ્ત્રીઓનો, અભ્યાસ કરવાનું, તથા, એની આફત દૂર કરવાનું, માથે, લીઘું છે.",0,8.396,0,not_selected_by_random,,,,
6482,"તે દિવસે, આમલી સાફ કર્યાં પછી, સાત આઠ, કચૂકા, કચરાની ડોલમાં નાખવા ગઈ, ને, ઘડીક, હાથ, થંભી ગયો.",0,9.48,0,not_selected_by_random,,,,
6483,"એ જાણે કે, બે હઝાર બાર ની, પરીયાવરણ ચિંતા પર, આંગળી મૂકી છે કે, કુદરતમાંથી, આ બધું, જૈવિક, વૈવિધ્ય, નષ્ટ થશે.",0,10.031,1,,gujarati_female_006483.wav,ee <wb> j a aa nx a ee <wb> k a ee <wb> b a ee <wb> h a jh a aa r a <wb> b a aa r a <wb> n a ii <wb> p a r ii y aa w a r a nx a <wb> c a i q t a aa <wb> p a r a <wb> aa q g a lx a ii <wb> m a uu k a ii <wb> ch a ee <wb> k a ee <wb> k u d a r a t a m aa mq th ii <wb> aa <wb> b a dh a u q <wb> j a ei w a i k a <wb> w a ei w a i dh a y a <wb> n a sx tx a <wb> th a sh a ee,C11 <wb> C17 C0 C1 C25 C0 C11 <wb> C19 C0 C11 <wb> C3 C0 C11 <wb> C15 C0 C18 C0 C1 C29 C0 <wb> C3 C0 C1 C29 C0 <wb> C24 C0 C16 <wb> C28 C0 C29 C16 C38 C1 C37 C0 C29 C0 C25 C0 <wb> C5 C0 C16 C23 C32 C0 C1 <wb> C28 C0 C29 C0 <wb> C1 C23 C13 C0 C21 C0 C16 <wb> C22 C0 C36 C19 C0 C16 <wb> C6 C0 C11 <wb> C19 C0 C11 <wb> C19 C36 C7 C0 C29 C0 C32 C0 C22 C1 C23 C33 C16 <wb> C1 <wb> C3 C0 C8 C0 C36 C23 <wb> C17 C0 C2 C37 C0 C16 C19 C0 <wb> C37 C0 C2 C37 C0 C16 C8 C0 C38 C0 <wb> C24 C0 C31 C34 C0 <wb> C33 C0 C31 C0 C11,train
6484,"તેને કારણે, સેંકડો લોકો, કચડાઇ મર્યા, આ સ્ટેમ્પેડ માટે, મંદિરના, અને, કિલ્લાના, વહીવટદારો પણ, અમુક અંશે, જવાબદાર હતા.",0,11.007,0,not_selected_by_random,,,,
6485,"શિક્ષકનું લક્ષ્ય, જીવનકૂચ નો, જો ખરા અર્થમાં, આદર્શ નહિ સમાયો હોય, તો, આવી તૃષ્ણાઓ, વ્યક્તિને, દોટ ભણી, દોરી જશે.",0,11.641,0,not_selected_by_random,,,,
6486,"જો, પચ્ચીસ મી ડિસેમ્બર, બે હઝાર દસ જેવી, આફત, આવી પડે તો, વ્યોમોનોટસ, સાથેની, કેપસ્યૂલ રોકેટ, સ્વ વિનાશનું બટન, દબાઈને, વિનાશ ને, રોકી શકે.",0,13.151,0,not_selected_by_random,,,,
6487,"એ મુદ્દો પણ, ધ્યાને, લેવા જેવો છે કે, અખબારોનું, રિપોર્ટિંગ, ઈતિહાસના, દસ્તાવેજની જેમ, જળવાઈ રહે છે.",0,8.698,0,not_selected_by_random,,,,
6488,"જેને કારણે, રૂટ કેનાલને, ફરી, ચેપ લાગતો નથી, અને, એન્ડોડોન્ટિક, સારવારનું, ધ્યેય, સિદ્ધ થાય છે.",0,8.955,0,not_selected_by_random,,,,
6489,"અને, નિષ્ણાતોએ, કુદરતી સ્રોતોમાંથી, રસાયણો, અને, ઘટક તત્ત્વો, કાઢી, તેનો શ્રેષ્ઠ ઉપયોગ, કઇ રીતે કરી શકાય, તેના પર, ધ્યાન કેન્દ્રિત, કર્યું છે.",0,11.96,0,not_selected_by_random,,,,
6490,"સાંજે, વીજળીના તાર પર, બધાં કબૂતર, ગુમસુમ, અને, મૌન, બેઠાં હોય છે.",0,6.085,0,not_selected_by_random,,,,
6491,"આપણે, ભલે તેવું માનતા હોઈએ, કે, મનુષ્યજ, કુશળ બિલ્ડર છે, અને, બાંધકામ, ઈજનેરી કૌશલ્યના, નમૂના રુપ, સુંદર ઘરો, બનાવી જાણે છે.",0,11.886,0,not_selected_by_random,,,,
6492,"ચેઈન રિયેકશનને, સંપૂર્ણ બંધ કરી, ઝીરો અવસ્થા લાવવા માટે, એટલે કે, કંપ્લીટ શટડાઉન માટે પણ, કંટ્રોલ રોડજ, વાપરવામાં, આવે છે.",0,11.435,0,not_selected_by_random,,,,
6493,"સ્ટીવ જોબ્સે, ગેરેજમાંથી, અને, ધીરુભાઈએ, સાંકડી જગ્યામાં, ટેબલ સ્પેસથી, કાર ખસેડી હતી .",0,8.864,0,not_selected_by_random,,,,
6494,"રોજ બરોજની જીંદગીમાં, અમદાવાદ, મુંબઈ, અને, દિલ્હીના યુવાનો, છોકરીયોને, ઈમ્પ્રેશ કરવા માટે, બાઈકીંગ, સ્ટન્ટ કરતા હોય છે.",0,10.716,0,not_selected_by_random,,,,
6495,"કૂવાની આસપાસ, બંગડીયોનો ખણખણાટ, રૂમઝૂમતો વર્તાય છે.",0,4.807,1,,gujarati_female_006495.wav,k uu w aa n ii <wb> aa s a p a aa s a <wb> b a mq g a dx ii y o n o <wb> kh a nx a kh a nx aa tx a <wb> r uu m a jh uu m a t o <wb> w a r t aa y a <wb> ch a ee,C19 C36 C37 C1 C24 C16 <wb> C1 C30 C0 C28 C0 C1 C30 C0 <wb> C3 C0 C23 C13 C0 C9 C16 C38 C26 C24 C26 <wb> C20 C0 C25 C0 C20 C0 C25 C1 C34 C0 <wb> C29 C36 C22 C0 C18 C36 C22 C0 C32 C26 <wb> C37 C0 C29 C32 C1 C38 C0 <wb> C6 C0 C11,val
6496,"ટિયુમર જો, શ્વાસનળીની, બહુ નજીક હોય, તો, નાક વાટે, કેમેરા સાથેનો, એક, સ્પેશિયલ ટેલિસ્કોપ, અંદર, ઉતારવો પડે છે.",0,9.737,0,not_selected_by_random,,,,
6497,"ઓશરીમાંથી દેખાતી, ટેકરીની મુદ્રામાં, ફોટો પડાવવા ઊભી રહેતી, બાળકીનો અણસાર, વર્તાય છે.",0,8.509,0,not_selected_by_random,,,,
6498,"રાહુલ દ્રવિડે, પોતાના વિદાય પ્રવચનમાં, અત્યંત સૂચક ઢબે, કહ્યું છે કે, ભારતના, અન્ય કોઇ પણ, છોકરાની જેમ, એક સમયે, હું પણ, જીવતો હતો .",0,10.96,1,,gujarati_female_006498.wav,r a aa h a u l a <wb> d a r a w a i dx a ee <wb> p a o t a aa n a aa <wb> w a i d a aa y a <wb> p r a w a c a n a m aa mq <wb> a t a y a q t a <wb> s a uu c a k a <wb> dxh a b a ee <wb> k a h a y a u q <wb> ch a ee <wb> k a ee <wb> bh a aa r a t a n a aa <wb> a n a y a <wb> k a o i <wb> p a nx a <wb> ch o k a r aa n ii <wb> j a ee m a <wb> ee k a <wb> s a m a y a ee <wb> h a u q <wb> p a nx a <wb> j a ii w a t a o <wb> h a t a o,C29 C0 C1 C15 C0 C36 C21 C0 <wb> C7 C0 C29 C0 C37 C0 C16 C9 C0 C11 <wb> C28 C0 C26 C32 C0 C1 C24 C0 C1 <wb> C37 C0 C16 C7 C0 C1 C38 C0 <wb> C28 C29 C0 C37 C0 C5 C0 C24 C0 C22 C1 C23 <wb> C0 C32 C0 C38 C0 C23 C32 C0 <wb> C30 C0 C36 C5 C0 C19 C0 <wb> C10 C0 C3 C0 C11 <wb> C19 C0 C15 C0 C38 C0 C36 C23 <wb> C6 C0 C11 <wb> C19 C0 C11 <wb> C4 C0 C1 C29 C0 C32 C0 C24 C0 C1 <wb> C0 C24 C0 C38 C0 <wb> C19 C0 C26 C16 <wb> C28 C0 C25 C0 <wb> C6 C26 C19 C0 C29 C1 C24 C16 <wb> C17 C0 C11 C22 C0 <wb> C11 C19 C0 <wb> C30 C0 C22 C0 C38 C0 C11 <wb> C15 C0 C36 C23 <wb> C28 C0 C25 C0 <wb> C17 C0 C16 C37 C0 C32 C0 C26 <wb> C15 C0 C32 C0 C26,train
6499,"રવિશંકર મહારાજ કહેતા કે, ગીધ, જ્યારે મરેલા ઢોરના, પેટમાં, ઊંડે સુધી, પોતાની ચાંચ ખોસે ત્યારે, પાંખો, પહોળી કરીને, ઢોરના શરીરને, ઢાંકેલું રાખે છે.",0,11.842,0,not_selected_by_random,,,,
6500,"હોલેન્ડ અને, પેલેસ્ટાઈનના, પુરાતત્વવિદ્દોની ટુકડીઓ, દ્વારા, ફરી એકવાર, મરીબની, માટીમાં, દટાઈ ગયેલા, મહરમ, બિલ્કીસ હતા.",0,11.378,0,not_selected_by_random,,,,
6501,"આ ચુકાદો, આવતાં સુધીમાં, પીડિતો, ઝેરી ગેસ ઉપરાંત, બીજું એટલું બઘું, વેઠી ચૂક્યાં છે, કે, તે આઘાતથી, પાર થઇ ગયાં છે.",0,9.98,0,not_selected_by_random,,,,
6502,"વીઓ બે, ર્ફં બે, ના સિત્તેર ટકા દરે, બે કલાકની, દોડ માટે, લોહીમાં, ગ્લુકોઝની માત્રા, જાળવવી જોઈયે.",0,8.856,0,not_selected_by_random,,,,
6503,"જરા ખુલ્લા રહી, ગયેલા નળમાંથી, ટપકતા પાણીનાં ટીપાં, ઊંઘું વાળી દીધેલું, માટલા પર, ટપકે છે .",0,8.044,0,not_selected_by_random,,,,
6504,"અઢળક સંપત્તિનો, ભંડાર, હોવા છતાં, તેની પાસે, આઘ્યાત્મિક જ્ઞાન વિષયક, વાત ન હોય, તો તે, પોતાના જીવનને, યાંત્રિકવત્, જીવન બનાવી દે છે.",0,12.236,0,not_selected_by_random,,,,
6505,"વદરિંગ હાઈટ્સ, વાંચીને લાગે છે કે, એમિલી બ્રોન્તે, જીવનને, કેટલો ગાઢ, પ્રેમ કરતી હતી.",0,8.202,0,not_selected_by_random,,,,
6506,"એવો વખત, આવી રહ્યો છે, જ્યારે, આકાશમાં, કાજળઘેરી રાત્રિ હોય, અને, તેમાં, મબલખ તારાઓ, ટમટમતા હોય, તેવું દ્રશ્ય સ્વપ્ન થઈ, જવાનું છે.",0,12.477,0,not_selected_by_random,,,,
6507,"સપાટી પર, નદીઓના પ્રવાહપથ, વહેંણ, સ્થાનિક ભૂગોળની, વિશિષ્ટતાને, અનુસરે છે, એટલે કે, ટોપોગ્રાફી ને, અનુસરે છે.",0,10.491,0,not_selected_by_random,,,,
6508,"ભ્રષ્ટાચારથી ખદબદતા, દેશના નાગરિકોને, એવો પ્રશ્ન થવો, સહજ છે, કે, શું બધા, કોમ ટ્રોલર, અને, ઓડિટર જનરલ, સ્વચ્છ હોય ખરા?.",0,12.034,0,not_selected_by_random,,,,
6509,"આપણું બધુંજ ધ્યાન, બહારની સગવડો ઊભી કરવામાં, બહારનાં સુખ સાહેબીની, પ્રાપ્તિ કરવામાં, કેન્દ્રિત થયેલું છે.",0,8.658,0,not_selected_by_random,,,,
6510,"નમણો દેહ, ચપળ રીતભાત, અને, મીઠો અવાજ, ધરાવતું, ગુજરાતમાં, ખૂબ, પંખી જોવા મળે છે.",0,8.169,0,not_selected_by_random,,,,
6511,"સિધ્ધનાથ, મહાદેવ, તેમજ, ખંભાળીયા, દ્વારકા, ભાણવડ, જામજોધપુર, લાલપુરના, શિવાલયોમાં, જોવા મળે છે.",0,9.952,0,not_selected_by_random,,,,
6512,"તે સમયે, એને પકડવા, પાંજરા મુકાતાં, શેરીના, કૂતરાને, ચીપીયાથી, પકડતા, કે, ઝેરી લાડવા, ખવડાવતા હતા.",0,9.033,1,,gujarati_female_006512.wav,t a ee <wb> s a m a y a ee <wb> ee n a ee <wb> p a k a dx a w aa <wb> p aa mq j a r aa <wb> m u k aa t aa mq <wb> sh ee r ii n aa <wb> k a uu t a r a aa n a ee <wb> c ii p ii y aa th ii <wb> p a k a dx a t aa <wb> k a ee <wb> jh a ee r a ii <wb> l aa dx a w aa <wb> kh a w a dx aa w a t aa <wb> h a t a aa,C32 C0 C11 <wb> C30 C0 C22 C0 C38 C0 C11 <wb> C11 C24 C0 C11 <wb> C28 C0 C19 C0 C9 C0 C37 C1 <wb> C28 C1 C23 C17 C0 C29 C1 <wb> C22 C36 C19 C1 C32 C1 C23 <wb> C31 C11 C29 C16 C24 C1 <wb> C19 C0 C36 C32 C0 C29 C0 C1 C24 C0 C11 <wb> C5 C16 C28 C16 C38 C1 C33 C16 <wb> C28 C0 C19 C0 C9 C0 C32 C1 <wb> C19 C0 C11 <wb> C18 C0 C11 C29 C0 C16 <wb> C21 C1 C9 C0 C37 C1 <wb> C20 C0 C37 C0 C9 C1 C37 C0 C32 C1 <wb> C15 C0 C32 C0 C1,train
6513,"જર્મન વૈજ્ઞાનિક, ફિટીંગ, અને, પોલે, અઢારસો સીત્ત્યોતેર માં, પોલીમરાઈઝેશન, પ્રોસેસ, શોધી હતી.",0,8.149,0,not_selected_by_random,,,,
6514,"કેમ કે, ફેસબુકનો, ઉપયોગ કરનારા, લોકોમાં, યુવાનો, સમૃદ્ધ, અને, ઉચ્ચ શિક્ષિત, ભારતીયોની, સંખ્યા, વધારે છે.",0,8.974,0,not_selected_by_random,,,,
6515,"શું, હજુ પણ, મકાનના, છાપરાં ઉપર, તાડપત્રીનો, ઝૂન ઝૂન અવાજ, આવે છે?",0,6.201,0,not_selected_by_random,,,,
6516,"પ્રસિધ્ધ, સોમનાથ મહાદેવ, મંદિરે શ્રાવણ માસમાં, ભાવિકો, દાદાને, શીશ ઝુકાવવા, ઉમટી રહ્યા છે.",0,8.272,0,not_selected_by_random,,,,
6517,"સમાચારો ઉપરાંત, સીરીયલો તેમજ, ધર્મ જ્યોતિષ, અને, શેરબજારની, ચેનલોએ, તો દર્શકોને, સક્રિય બનાવી દીધા છે.",0,9.702,0,not_selected_by_random,,,,
6518,"કોઈ ઈમ્પ્રેશનિસ્ટ કલાકારે, આછા ઘેરા, જાંબલી રંગના, નાનામોટા, પીંછી લિસોટા, કરી કરીને, વૃક્ષ, ચીતર્યું હોય, એવું, લાગે છે.",0,10.937,1,,gujarati_female_006518.wav,k a o ii <wb> ii m p r ee sh a n i s tx a <wb> k a l aa k aa r ee <wb> aa ch a aa <wb> gh a ee r a aa <wb> j aa mq b a l ii <wb> r a q g a n a aa <wb> n a aa n a aa m a o tx a aa <wb> p ii mq ch ii <wb> l i s o tx aa <wb> k a r a ii <wb> k a r a ii n a ee <wb> w a k a sx a <wb> c ii t a r y u mq <wb> h a o y a <wb> ee w a u q <wb> l a aa g a ee <wb> ch a ee,C19 C0 C26 C16 <wb> C16 C22 C28 C29 C11 C31 C0 C24 C16 C30 C34 C0 <wb> C19 C0 C21 C1 C19 C1 C29 C11 <wb> C1 C6 C0 C1 <wb> C14 C0 C11 C29 C0 C1 <wb> C17 C1 C23 C3 C0 C21 C16 <wb> C29 C0 C23 C13 C0 C24 C0 C1 <wb> C24 C0 C1 C24 C0 C1 C22 C0 C26 C34 C0 C1 <wb> C28 C16 C23 C6 C16 <wb> C21 C16 C30 C26 C34 C1 <wb> C19 C0 C29 C0 C16 <wb> C19 C0 C29 C0 C16 C24 C0 C11 <wb> C37 C0 C19 C0 C31 C0 <wb> C5 C16 C32 C0 C29 C38 C36 C23 <wb> C15 C0 C26 C38 C0 <wb> C11 C37 C0 C36 C23 <wb> C21 C0 C1 C13 C0 C11 <wb> C6 C0 C11,train
6519,"કચ્છનો, રણપ્રદેશ પણ, દૂરના, ભૂતકાળમા, લીલાછમ, વનીશરીથી, ઉભરાતો હતો.",0,7.196,0,not_selected_by_random,,,,
6520,"અને, નારદજીનું, આવું, કદરૂપું, મોઢું જોઈને, ખડખડાટ, હસવા લાગી.",0,5.774,0,not_selected_by_random,,,,
6521,"આમ, દેવકી જૈને, અર્થશાસ્ત્રનો, અભ્યાસ કર્યો, અને, ગરીબ, મજૂર મહિલાઓની, આર્થિક, સ્થિતિ સુધારવાનો, પ્રયાસ કર્યો.",0,9.579,0,not_selected_by_random,,,,
6522,"નિષ્ણાત કહે છે, આ તબક્કે, વૃક્ષો, વિપુલ પ્રમાણમાં, વાવ્યા હોત, તો, કચ્છનો, રણપ્રદેશ, આજે, હરિયાળો હોત.",0,8.554,0,not_selected_by_random,,,,
6523,"આ ઉપરાંત, આ પ્રદર્શનમાં, સુબન કિંગ, બ્લેક મોર, ઘોસ્ટ, પલ્સ સ્કેલ, ગોલ્ડ જોવા, મળે છે .",0,7.865,0,not_selected_by_random,,,,
6524,"વિશ્વના સુપ્રસિદ્ધ, આર્યગ્રંથ, બ્રમહસૂત્ર, નું લેખન, વ્યાસજીયે, આ દિવસે, શરૂ કર્યું.",0,6.525,1,,gujarati_female_006524.wav,w a i sh a w a n a aa <wb> s a u p a r a s a i d a dh a <wb> aa r y a g r a mq th a <wb> b r a m a h a s uu t r a <wb> n a u q <wb> l a ee kh a n a <wb> w y aa s a j ii y ee <wb> aa <wb> d a i w a s a ee <wb> sh a r a uu <wb> k a r a y a u q,C37 C0 C16 C31 C0 C37 C0 C24 C0 C1 <wb> C30 C0 C36 C28 C0 C29 C0 C30 C0 C16 C7 C0 C8 C0 <wb> C1 C29 C38 C0 C13 C29 C0 C23 C33 C0 <wb> C3 C29 C0 C22 C0 C15 C0 C30 C36 C32 C29 C0 <wb> C24 C0 C36 C23 <wb> C21 C0 C11 C20 C0 C24 C0 <wb> C37 C38 C1 C30 C0 C17 C16 C38 C11 <wb> C1 <wb> C7 C0 C16 C37 C0 C30 C0 C11 <wb> C31 C0 C29 C0 C36 <wb> C19 C0 C29 C0 C38 C0 C36 C23,train
6525,"મેનહટ્ટનના, જિલ્લા, જજ જોન કીનને, એ સ્વીકાર્યું કે, કાર્બાઈડની, ભારતીય શાખા, યુનિયન કાર્બાઈડ ઇન્ડિયા લિમિટેડ, કચરાના નિકાલ.",0,10.942,0,not_selected_by_random,,,,
6526,"ડાઉ કોર્પોરેશન, લંડનમાં યોજાનારી, ઓલિમ્પિકમાં, સ્પોન્સર બનવા, આગળ આવ્યું, ત્યારે, વિરોધવંટોળ, જાગ્યો.",0,8.748,0,not_selected_by_random,,,,
6527,"પરંતુ, સહુથી ઉત્તમ, માઘ માસમાં, કૃષ્ણ પક્ષની, ચૌદશની રાત્રીનું, મહાશિવરાત્રી, વ્રત, ઉત્તમ વ્રત, કહે છે.",0,8.359,1,,gujarati_female_006527.wav,p a r a q t a u <wb> s a h a u th a ii <wb> u t a t a m a <wb> m aa gh a <wb> m a aa s a m a aa q <wb> k a sx a nx a <wb> p a k a sx a n a ii <wb> c ou d a sh a n ii <wb> r a aa t a r a ii n a u q <wb> m a h aa sh i w a r aa t r ii <wb> w a r a t a <wb> u t a t a m a <wb> w a r a t a <wb> k a h a ee <wb> ch a ee,C28 C0 C29 C0 C23 C32 C0 C36 <wb> C30 C0 C15 C0 C36 C33 C0 C16 <wb> C36 C32 C0 C32 C0 C22 C0 <wb> C22 C1 C14 C0 <wb> C22 C0 C1 C30 C0 C22 C0 C1 C23 <wb> C19 C0 C31 C0 C25 C0 <wb> C28 C0 C19 C0 C31 C0 C24 C0 C16 <wb> C5 C27 C7 C0 C31 C0 C24 C16 <wb> C29 C0 C1 C32 C0 C29 C0 C16 C24 C0 C36 C23 <wb> C22 C0 C15 C1 C31 C16 C37 C0 C29 C1 C32 C29 C16 <wb> C37 C0 C29 C0 C32 C0 <wb> C36 C32 C0 C32 C0 C22 C0 <wb> C37 C0 C29 C0 C32 C0 <wb> C19 C0 C15 C0 C11 <wb> C6 C0 C11,train
6528,"એક ડાળથી, બીજી ડાળ પર, ખૂબ નજીક થી, ઊડાન ભરતા, દૂધરાજને, નિહાળવો, તે, લ્હાવો, ગણાય છે .",0,8.788,0,not_selected_by_random,,,,
6529,"હાલ, હેડ્રોન કોલાઈડર, ચીપ ના, બે, પ્રોટોબીમ્સની, અથડામણો, કરાવવા, સક્ષમ છે.",0,6.829,0,not_selected_by_random,,,,
6530,"આ ગ્રહની, ઉત્ક્રાંતિનો ઇતિહાસ, અને, અચંબો થાય, તેટલું, ઘટત્વ, સૂચવ છે કે, તે, કાર્બનનો બનેલો, હોવો જોઈયે, એટલે કે, તે એવો, દળદાર હિરો, હોવો જોઈએ.",0,14.143,0,not_selected_by_random,,,,
6531,"ફ્યુઅલ સેલ ટેકનોલોજી, આધારિત, વાહનો પર, કન્સેશનના ધોરણે, દસ ટકાની, એક્સાઈઝ ડયુટી, લાદવામાં આવશે.",0,8.791,0,not_selected_by_random,,,,
6532,"સમાજવિકાસના, પ્રજાકલ્યાણના કામો, ઉપરાંત, વાઘેશ્વરી મંદિર, જૂનાગઢ, વીરપુર, જલારામની જગ્યા, જોવા મળશે .",0,9.8,0,not_selected_by_random,,,,
6533,"કુદરતની અદભૂત, જળસૃષ્ટિમાં, રંગીન માછલીઓ, પોતાનું આગવું, આકર્ષણ છે.",0,5.999,0,not_selected_by_random,,,,
6534,"સેલ્સમેન સાથે, ઘણી માથાકૂટ કરીને, ભાવ કસ્યો, ડિસ્કાઉન્ટ લીધું, મ્યુઝિક સિસ્ટમ, ફ્રી મળશે, તેવું, પણ નક્કી કર્યું.",0,9.485,0,not_selected_by_random,,,,
6535,"આમ છતાં, રિસર્ચ એન્ડ, એનાલિસિસ વિંગ, રો, ઇન્ટેલિજન્સ બ્યુરો, આઇબી, હાજર હતા.",0,7.609,0,not_selected_by_random,,,,
6536,"અને, આ કંઇ, ઉંડો કૂવો થોડો છે? છીછરું તળાવ છે, એક છલાંગ મારશો, ને સીધા, સામે કિનારે, તમારા જેવાને, વાર કેટલી?.",0,10.031,1,,gujarati_female_006536.wav,a n a ee <wb> aa <wb> k a mq i <wb> u mq dx o <wb> k a uu w a o <wb> th a o dx a o <wb> ch a ee <wb> ch ii ch a r u mq <wb> t a lx aa w a <wb> ch a ee <wb> ee k a <wb> ch a l aa mq g a <wb> m aa r a sh o <wb> n a ee <wb> s a ii dh a aa <wb> s a aa m a ee <wb> k a i n a aa r a ee <wb> t a m a aa r a aa <wb> j a ee w a aa n a ee <wb> w a aa r a <wb> k a ee tx a l a ii,C0 C24 C0 C11 <wb> C1 <wb> C19 C0 C23 C16 <wb> C36 C23 C9 C26 <wb> C19 C0 C36 C37 C0 C26 <wb> C33 C0 C26 C9 C0 C26 <wb> C6 C0 C11 <wb> C6 C16 C6 C0 C29 C36 C23 <wb> C32 C0 C21 C1 C37 C0 <wb> C6 C0 C11 <wb> C11 C19 C0 <wb> C6 C0 C21 C1 C23 C13 C0 <wb> C22 C1 C29 C0 C31 C26 <wb> C24 C0 C11 <wb> C30 C0 C16 C8 C0 C1 <wb> C30 C0 C1 C22 C0 C11 <wb> C19 C0 C16 C24 C0 C1 C29 C0 C11 <wb> C32 C0 C22 C0 C1 C29 C0 C1 <wb> C17 C0 C11 C37 C0 C1 C24 C0 C11 <wb> C37 C0 C1 C29 C0 <wb> C19 C0 C11 C34 C0 C21 C0 C16,train
6537,"વારસામાં મળેલી, વીરતાને જાળવી, જાણવા, ઉંમરલાયક થતા, કુસ્તીદંગલ, ઘોડે સવારી, મૂકી દેવા પડે છે .",0,8.832,0,not_selected_by_random,,,,
6538,"ઘરમાં, ઝાડુ કાઢવા માટે, આપણે, ઝાડુ, અને સુપડીના બદલે, વેક્યૂમ ક્લિનરનો, ઉપયોગ, કરીએ છીયે.",0,7.946,0,not_selected_by_random,,,,
6539,"સિડનીના પ્રખ્યાત, ઓપેરા હાઉસમાં, લોકો, પાંસો, ઓસ્ટ્રિલિયન ડોલર, ચૂકવીને, કોકટેલ પાર્ટીમાં, સામેલ, થયા હતા.",0,8.553,0,not_selected_by_random,,,,
6540,"નવ અગ્યાર, ઓગણીસો સુડતાલીસ માં, છેલ્લા બાબી શાસક, મહાબતખાનજી, ત્રીજાના સમયમાં, બાબીવંશ, અને, શાહી ખજાનો, બઘું જ, રોળાઈ ગયું.",0,12.26,0,not_selected_by_random,,,,
6541,"ધોધમાર વરસાદ પડતો હોય, કે, જબરો પવન ફૂંકાતો હોય, ત્યારે, એ તાડપત્રી, ઝૂન ઝૂન, અવાજ કરતી.",0,8.596,0,not_selected_by_random,,,,
6542,"મૃગ તારાકમંડળ, અર્થાત્, મૃગ નક્ષત્રમાં, આવેલ, આદ્રા, બીટલગીયુઝ તારામાં, થનારા મહાવિસ્ફોટ, અંગેની છે.",0,10.226,0,not_selected_by_random,,,,
6543,"આ દિવસે, શિવભક્તોએ, ઉપવાસ કરી, રાત્રે ભગવાન શંકરની, ષોડશોપચાર પૂજા બાદ, રાત્રે, જાગરણ કરી, પ્રભુ ભજન કર્યુ હતું.",0,10.322,0,not_selected_by_random,,,,
6544,"હવે તો, પશ્ચિમ બંગાળ કે, અરબી સમુદ્રમાં, કોઇ નવી સિસ્ટમ, સર્જાય અથવા, તો, સ્થાનિક વાદળો બંધાય તો, ભારે વરસાદ, થવાની, વકી છે.",0,10.36,0,not_selected_by_random,,,,
6545,"ધી, ડિવોટે ફ્રેન્ડ, જિગરી દોસ્ત, નામની આ વાર્તામાં, ઈંગ્લેન્ડના, એક, મહાન કટાક્ષ લેખક હતા .",0,7.882,0,not_selected_by_random,,,,
6546,"ચાર દેવો, ઈન્દ્રદેવ, વરસાદ, વાયુદેવ, મેધ, સૂર્યદેવ, પ્રકાશ, તથા, વરૂણદેવ, સારા નરસાપણું નાં, રૂપે, પણ માનવામાં, આવે છે.",0,11.925,0,not_selected_by_random,,,,
6547,"સેલ્સનો, સ્ટાફ સુઘડ, શિષ્ટ, અને નમ્ર હોવાની સાથે, વેચાણ કરવાની, શ્રેષ્ઠ આવડત, ધરાવતો હોવો જોઈયે.",0,8.134,0,not_selected_by_random,,,,
6548,"આશા છે કે, ચીનના, ચેન્ગડુ, હુઆન્ગ ઝાહુ, ઝીયાન, અને, ચોંગ ક્વિન્ગ ની જેમ, પ્રખ્યાત છે.",0,8.822,0,not_selected_by_random,,,,
6549,"પરંતુ, ગ્રૂપ-વીસ ની બેઠકમાં, તેમના ભાષણ, અને, સંકટમાં ફસાયેલા, યૂરોઝોનની મદદ માટે, તેમની, પહેલે સૌનું ધ્યાન, ભારત તરફ, ખેંચ્યું છે.",0,11.586,0,not_selected_by_random,,,,
6550,"દ્વિજા, એની શાળાનું, આ ગીત ગાય, અને મારાં મનમાં, લાલ માટીવાળા, રસ્તે, એ જ ગાડાના ઘૂઘરાં, ઘમઘમ, ઘમકી ઊઠે છે !",0,10.254,0,not_selected_by_random,,,,
6551,"વશરામ કહે, ડબકાં ખવરાવું બે - ચાર?, કૂવાને બદલે, વશરામ બોલ્યો, ખવરાવ ને ભાઈ!, દસ - બાર.",0,8.329,0,not_selected_by_random,,,,
6552,"જો તેઓ, આમ નહીં કરી શક્યા, તો, તેમનો વડાપ્રધાન, ફેસબુક પુરતો જ, મર્યાદિત રહી જશે.",0,6.525,1,,gujarati_female_006552.wav,j a o <wb> t a ee o <wb> aa m a <wb> n a h a ii q <wb> k a r a ii <wb> sh a k a y a aa <wb> t a o <wb> t a ee m a n a o <wb> w a dx a aa p a r a dh a aa n a <wb> ph a ee s a b a u k a <wb> p a u r a t a o <wb> j a <wb> m a r a y a aa d a i t a <wb> r a h a ii <wb> j a sh a ee,C17 C0 C26 <wb> C32 C0 C11 C26 <wb> C1 C22 C0 <wb> C24 C0 C15 C0 C16 C23 <wb> C19 C0 C29 C0 C16 <wb> C31 C0 C19 C0 C38 C0 C1 <wb> C32 C0 C26 <wb> C32 C0 C11 C22 C0 C24 C0 C26 <wb> C37 C0 C9 C0 C1 C28 C0 C29 C0 C8 C0 C1 C24 C0 <wb> C12 C0 C11 C30 C0 C3 C0 C36 C19 C0 <wb> C28 C0 C36 C29 C0 C32 C0 C26 <wb> C17 C0 <wb> C22 C0 C29 C0 C38 C0 C1 C7 C0 C16 C32 C0 <wb> C29 C0 C15 C0 C16 <wb> C17 C0 C31 C0 C11,train
6553,"એટલે જ, પીન નંબર કે, પાસવર્ડ આપતી વખતે, બેંક કહે છે કે, પાસવર્ડ, ક્યાંય, લખો નહી, પણ, યાદ રાખો.",0,8.362,0,not_selected_by_random,,,,
6554,"પણ, એ સગડી, એ દેવતા, એ હેતાળ હાથ ને, એવાં લાળ ઝરતાં નિર્દોષ મોઢાં, ક્યાંથી લાવું ?",0,8.387,0,not_selected_by_random,,,,
6555,"ભૂસ્તરીય માધ્યમોમાં, પાણીના પ્રવાહોને, ઓળખવા, ભૂ – ઉષ્મીય, જીઓથર્મલ રીતના, સિદ્ધાંતો, ખૂબ જાણીતા છે.",0,10.419,0,not_selected_by_random,,,,
6556,"નેણ સફેદ, પીઠ લીલી, ઢીંઢું વાદળી, પૂંછડી કાળી, પણ, છેડેથી આછી વાદળી, અને, પાંખો કાળાશ પડતી, લીલી જોવા મળી.",0,10.944,0,not_selected_by_random,,,,
6557,"સમુદ્ર મંથનમાંથી, પ્રાપ્ત થયેલું, હળાહળ વિષ, શંકરે પીધું, એટલે તેઓ, નીલકંઠ, કહેવાયા.",0,7.836,0,not_selected_by_random,,,,
6558,"ત્રીજા પ્રહરે, તેણે, ખુદ મૃગને, આવતા જોયો, અને, બાણ તાક્યું, તો પણ, બીલીપત્ર, અને, જળ, શિવલીંગ ઉપર, પડ્યાં, તેથી, ત્રીજા પ્રહરની, પૂજા થઇ ગઇ.",0,12.481,0,not_selected_by_random,,,,
6559,"આટલી, ક્ષુદ્ર માગણી, અને, તે જગતની માતા પાસે કરવાની?, એક વાર, તો તેમણે, રામકૃષ્ણ, પરમહંસને, વિનંતી કરી, મા, પાસે મારા માટે, કંઈક માગોને!",0,12.439,0,not_selected_by_random,,,,
6560,"આ ડિઝિટલ મશીનની ડિઝાઇન, પ્લાનિંગ, અને, મેન્યુફેક્ચરિંગ, કરવા, ખૂબ સમય લાગ્યો છે.",0,6.339,1,,gujarati_female_006560.wav,aa <wb> dx a i jh a i tx a l a <wb> m a sh a ii n a n a ii <wb> dx i jh aa i n a <wb> p l aa n i mq g a <wb> a n a ee <wb> m ee n y u ph ee k c a r i mq g a <wb> k a r a w a aa <wb> kh a uu b a <wb> s a m a y a <wb> l a aa g a y a o <wb> ch a ee,C1 <wb> C9 C0 C16 C18 C0 C16 C34 C0 C21 C0 <wb> C22 C0 C31 C0 C16 C24 C0 C24 C0 C16 <wb> C9 C16 C18 C1 C16 C24 C0 <wb> C28 C21 C1 C24 C16 C23 C13 C0 <wb> C0 C24 C0 C11 <wb> C22 C11 C24 C38 C36 C12 C11 C19 C5 C0 C29 C16 C23 C13 C0 <wb> C19 C0 C29 C0 C37 C0 C1 <wb> C20 C0 C36 C3 C0 <wb> C30 C0 C22 C0 C38 C0 <wb> C21 C0 C1 C13 C0 C38 C0 C26 <wb> C6 C0 C11,train
6561,"તેમાં, અત્યંત નિમ્ન તાપમાન, જાળવવાનું, હોવાથી, ઉષ્મા, અવાહક, એટલે કે, થર્મલ ઇન્સ્યુલેશન, ઘણો ભાગ, ભજવે છે.",0,8.847,1,,gujarati_female_006561.wav,t a ee m a aa q <wb> a t a y a q t a <wb> n a i m a n a <wb> t a aa p a m a aa n a <wb> j aa lx a w a w aa n u mq <wb> h a o w a aa th a ii <wb> u sx m aa <wb> a w aa h a k a <wb> ee tx a l a ee <wb> k a ee <wb> th a r m a l a <wb> i n s y u l ee sh a n a <wb> gh a nx a o <wb> bh a aa g a <wb> bh a j a w a ee <wb> ch a ee,C32 C0 C11 C22 C0 C1 C23 <wb> C0 C32 C0 C38 C0 C23 C32 C0 <wb> C24 C0 C16 C22 C0 C24 C0 <wb> C32 C0 C1 C28 C0 C22 C0 C1 C24 C0 <wb> C17 C1 C21 C0 C37 C0 C37 C1 C24 C36 C23 <wb> C15 C0 C26 C37 C0 C1 C33 C0 C16 <wb> C36 C31 C22 C1 <wb> C0 C37 C1 C15 C0 C19 C0 <wb> C11 C34 C0 C21 C0 C11 <wb> C19 C0 C11 <wb> C33 C0 C29 C22 C0 C21 C0 <wb> C16 C24 C30 C38 C36 C21 C11 C31 C0 C24 C0 <wb> C14 C0 C25 C0 C26 <wb> C4 C0 C1 C13 C0 <wb> C4 C0 C17 C0 C37 C0 C11 <wb> C6 C0 C11,train
6562,"એ પછી, મહમદભાઈએ, મુંબઈમાં, અફિણ ખાઈને, આપઘાત કર્યો, અને એમનું શબ, જૂનાગઢ, દફનાવવા માટે, લવાયું, ત્યારે, નવાબે એમને, જૂનાગઢની, ધરતી પર, દફનાવવા, ન દીધા.",0,14.212,0,not_selected_by_random,,,,
6563,"ઓગણીસો છ્યાસીમાં, ડિપાર્ટમેન્ટ ઓફ, એનર્જીનાં ડિરેક્ટર, ચાર્લ્સ, ડેલીસીએ, હ્યુમન જેનોમ, પ્રોજેક્ટ નાં, બીજ, વાવ્યા હતાં.",0,9.436,0,not_selected_by_random,,,,
6564,"અને, લોકોને, યાત્રા કરાવું છું, ભારતના, કૈલાસ માનસરોવર, કિન્નર કૈલાસ, શ્રીખંડ કૈલાસ, મણીમહેલ કૈલાસ, આઇ કૈલાસ, શ્રી કૈલાસ, અંબા કૈલાસ, જેવા, સાત કૈલાસની, યાત્રા કરાવું છું.",0,15.407,0,not_selected_by_random,,,,
6565,"ઈંડા મુકવાના, કક્ષ પાસે, ઘૂમ્મટમાં, ભીની માટી, ચોંટાડવામાં આવે, જેમાં, માદા ઈંડા મૂકે છે.",0,8.965,0,not_selected_by_random,,,,
6566,"મોહનદાસ નામના, બેરિસ્ટરને, પોલોક નામનો, અંગ્રેજી મિત્ર, એક, નાનકડું પુસ્તક, ટ્રેઈનની મુસાફરીમાં, ટાઈમપાસ કરવા, આપે છે.",0,10.176,0,not_selected_by_random,,,,
6567,"એક તરફ, કાળઝાળ મોંઘવારી, અને, બીજી તરફ, પાણીની તંગી, પ્રજાને, ત્રાહિમામ, પોકરાવી દેત.",0,7.209,0,not_selected_by_random,,,,
6568,"આગામી વર્લ્ડ કપ, ઓગણીસ ફેબ્રુઆરીથી, બે એપ્રિલ, એટલે કે, બેતાલીસ દિવસ જેટલો, લાંબો, ચાલવાનો છે.",0,7.688,0,not_selected_by_random,,,,
6569,"વૃક્ષાચ્છાદિત, આ, હરિયાળા શહેરમાં, વસંતનો વૈભવ, અનન્યપણે, વીખરાય છે.",0,6.835,0,not_selected_by_random,,,,
6570,"પણ, વાત માત્ર, આટલી જ નથી, એ એમનો, ઓગણીસો બાવીસનો નબિંધ, ‘રાબરી ઓફ સોઇલ’, બાંગલા શીર્ષક, ભોળાભાઈ જાણે, વાંચતાં સમજાય છે.",0,11.839,0,not_selected_by_random,,,,
6571,"સાબુના પરપોટા, પૃષ્ટતાણ, અલ્પિષ્ઠ પૃષ્ઠો, ફોબોનાસી સંખ્યાઓ, ઋણ સંખ્યાઓ, ગણિત વિજ્ઞાન માં, આવે છે .",0,9.368,0,not_selected_by_random,,,,
6572,"ઓગણીસો છન્નુની સાલમાં, નો સોર્સ વિલેજ, ની સંખ્યા, વધીને, પાંસઠ હજાર ઉપર, પહોંચી ગઈ હતી.",0,8.153,0,not_selected_by_random,,,,
6573,"સાંહીઠ થી સિત્તેર ડીગ્રીએ, તાપમાને, ગુટ્ટાપેર્યા, આલ્ફા ફેઝમાં, આવી સરસ, વહે છે.",0,6.961,0,not_selected_by_random,,,,
6574,"વિશ્વ વિખ્યાત, શ્રીમદ ભગવદ ગીતામાં, પણ, અઢાર અઘ્યાય છે.",0,4.727,0,not_selected_by_random,,,,
6575,"તે મેચમાં, અમે, ઈંગ્લેન્ડ સામે, ટેસ્ટ ક્રિકેટ જેવી, વ્યુહરચના અપનાવી હતી, અને, ત્રણ સ્લીપ, અને, એક ગલી એવી, ફિલ્ડિંગ, ગોઠવી હતી.",0,10.79,0,not_selected_by_random,,,,
6576,"રથને, જય, અજય, જિન પ્રાણ, જિતાશ્રપ, મનોજિત, જિનક્રોધ, એ, સાત ઘોડા છે.",0,7.53,0,not_selected_by_random,,,,
6577,"વરસાદ ખેંચાતાં, ખાંડનો ભાવ, રૂપિયા, ત્રણ હજાર પાનસો પચાસની, રેકોર્ડ ટોચે, એક જ દિવસમાં, ક્વિન્ટલે, રૂપિયા બસ્સો વધ્યા.",0,9.033,1,,gujarati_female_006577.wav,w a r a s a aa d a <wb> kh ee mq c aa t aa mq <wb> kh aa mq dx a n o <wb> bh a aa w a <wb> r a uu p a i y a aa <wb> t a r a nx a <wb> h a j a aa r a <wb> p aa n a s o <wb> p a c aa s a n ii <wb> r a ee k a o r a dx a <wb> tx a o c a ee <wb> ee k a <wb> j a <wb> d a i w a s a m a aa q <wb> k w i n tx a l ee <wb> r a uu p a i y a aa <wb> b a s a s a o <wb> w a dh a y a aa,C37 C0 C29 C0 C30 C0 C1 C7 C0 <wb> C20 C11 C23 C5 C1 C32 C1 C23 <wb> C20 C1 C23 C9 C0 C24 C26 <wb> C4 C0 C1 C37 C0 <wb> C29 C0 C36 C28 C0 C16 C38 C0 C1 <wb> C32 C0 C29 C0 C25 C0 <wb> C15 C0 C17 C0 C1 C29 C0 <wb> C28 C1 C24 C0 C30 C26 <wb> C28 C0 C5 C1 C30 C0 C24 C16 <wb> C29 C0 C11 C19 C0 C26 C29 C0 C9 C0 <wb> C34 C0 C26 C5 C0 C11 <wb> C11 C19 C0 <wb> C17 C0 <wb> C7 C0 C16 C37 C0 C30 C0 C22 C0 C1 C23 <wb> C19 C37 C16 C24 C34 C0 C21 C11 <wb> C29 C0 C36 C28 C0 C16 C38 C0 C1 <wb> C3 C0 C30 C0 C30 C0 C26 <wb> C37 C0 C8 C0 C38 C0 C1,train
6578,"અષાઢ માસમાં જ, ગુરૂપૂર્ણિમા ઉજવવા, પછવાડે, કેટલીક મહત્વની બાબતો સંકડાયેલી છે.",0,7.178,0,not_selected_by_random,,,,
6579,"મિડ ઓન પર, અલ હસને, બોલને ફિલ્ડ કરીને, વિકેટ કિપર, રહીમને, થ્રો આપ્યો હતો.",0,7.938,0,not_selected_by_random,,,,
6580,"વળતાં પુરપાટ દોડતી નદી, ક્યાંથી આવી ગઈ?, એક, પ્રશ્નાર્થ ભરી આંખે, તેણે, પતંગિયાને પૂછ્યું.",0,8.385,0,not_selected_by_random,,,,
6581,"ટીમ અણ્ણા, દેશના જાહેર જીવનમાં, રાજકીય, શાસકીય, અગ્રવર્ગની, જોડાજોડ, નાગરિક સમાજનો, પાટલો પાડવામાં, અગ્રનિમિત્ત બની.",0,11.224,0,not_selected_by_random,,,,
6582,"બસ્સો પાઉન્ડ, વજનના, રમતવીરને, એકસો અઠ્યાવીસ, થી, એકસો ચોંસઠ ગ્રામ, પ્રોટીનની, જરૃર પડે છે.",0,8.792,0,not_selected_by_random,,,,
6583,"એક વખત, જોડાણો કપાય ગયા એટલે, જી એસ એલ વી એફ, ઝીરો છ ગતિ પથમાં, ત્રુટિઓ સર્જાવા લાગી, અને, ઉડાન પછી, ત્રેપન સેકંડ માં જ, વિનાશ, સર્જાયો.",0,13.166,1,,gujarati_female_006583.wav,ee k a <wb> w a kh a t a <wb> j o dx aa nx o <wb> k a p a aa y a <wb> g a y a aa <wb> ee tx a l a ee <wb> j a ii <wb> ee s a <wb> ee l a <wb> w a ii <wb> ee ph a <wb> jh a ii r a o <wb> ch a <wb> g a t a i <wb> p a th a m aa mq <wb> t a r a u tx a i o <wb> s a r a j a aa w a aa <wb> l a aa g a ii <wb> a n a ee <wb> u dx aa n a <wb> p a ch a ii <wb> t r ee p a n a <wb> s ee k a mq dx a <wb> m a aa q <wb> j a <wb> w a i n a aa sh a <wb> s a r a j a aa y a o,C11 C19 C0 <wb> C37 C0 C20 C0 C32 C0 <wb> C17 C26 C9 C1 C25 C26 <wb> C19 C0 C28 C0 C1 C38 C0 <wb> C13 C0 C38 C0 C1 <wb> C11 C34 C0 C21 C0 C11 <wb> C17 C0 C16 <wb> C11 C30 C0 <wb> C11 C21 C0 <wb> C37 C0 C16 <wb> C11 C12 C0 <wb> C18 C0 C16 C29 C0 C26 <wb> C6 C0 <wb> C13 C0 C32 C0 C16 <wb> C28 C0 C33 C0 C22 C1 C23 <wb> C32 C0 C29 C0 C36 C34 C0 C16 C26 <wb> C30 C0 C29 C0 C17 C0 C1 C37 C0 C1 <wb> C21 C0 C1 C13 C0 C16 <wb> C0 C24 C0 C11 <wb> C36 C9 C1 C24 C0 <wb> C28 C0 C6 C0 C16 <wb> C32 C29 C11 C28 C0 C24 C0 <wb> C30 C11 C19 C0 C23 C9 C0 <wb> C22 C0 C1 C23 <wb> C17 C0 <wb> C37 C0 C16 C24 C0 C1 C31 C0 <wb> C30 C0 C29 C0 C17 C0 C1 C38 C0 C26,train
6584,"સરકારની, નવી નીતિ પ્રમાણે, ઈન્ટરનેટ પર, કોઈ, ધિક્કારાસ્પદ, વિવાદાસ્પદ, કે, ધૃણાસ્પદ ટિપ્પણી, કરવી, એ ગુનો બને છે.",0,10.493,0,not_selected_by_random,,,,
6585,"પરંતુ, કેટલાંક યંગસ્ટર્સ, તો કેન્ટીનની જગ્યાએ, કોલેજની, બહારની લારીઓ પરથી જ, નાસ્તો, કરવાનું, પસંદ કરે છે.",0,9.219,0,not_selected_by_random,,,,
6586,"જન્મ સમયે, તેઓ, શ્યામ વર્ણના, હોવાથી, કૃષ્ણ, અને, યમુના - દ્વીપમાં રહેતા, હોવાથી, દ્રૈપાયન, કહેવાયા.",0,7.477,1,,gujarati_female_006586.wav,j a n a m a <wb> s a m a y a ee <wb> t a ee o <wb> sh a y a aa m a <wb> w a r nx a n aa <wb> h a o w a aa th a ii <wb> k a sx a nx a <wb> a n a ee <wb> y a m a u n a aa <wb> d w ii p a m aa mq <wb> r a h a ee t a aa <wb> h a o w a aa th a ii <wb> d r ei p aa y a n a <wb> k a h ee w aa y aa,C17 C0 C24 C0 C22 C0 <wb> C30 C0 C22 C0 C38 C0 C11 <wb> C32 C0 C11 C26 <wb> C31 C0 C38 C0 C1 C22 C0 <wb> C37 C0 C29 C25 C0 C24 C1 <wb> C15 C0 C26 C37 C0 C1 C33 C0 C16 <wb> C19 C0 C31 C0 C25 C0 <wb> C0 C24 C0 C11 <wb> C38 C0 C22 C0 C36 C24 C0 C1 <wb> C7 C37 C16 C28 C0 C22 C1 C23 <wb> C29 C0 C15 C0 C11 C32 C0 C1 <wb> C15 C0 C26 C37 C0 C1 C33 C0 C16 <wb> C7 C29 C2 C28 C1 C38 C0 C24 C0 <wb> C19 C0 C15 C11 C37 C1 C38 C1,train
6587,"વસ્તુતઃ, બીજી પ્રેયસીથી થયેલા, પુત્રનું અસ્તિત્વ ને, તેની મમ્મીનું મૃત્યુ, ન હોત તો, માસૂમ ની કથા જ નથી.",0,9.379,0,not_selected_by_random,,,,
6588,"ચૉકલેટ, ચ્યુંઈંગ ગમના, જમાનાનાં, આ બાળકો, તો કદાચ, થૂંકીયે કાઢે !",0,5.341,1,,gujarati_female_006588.wav,c o k a l ee tx a <wb> c y u mq ii mq g a <wb> g a m a n aa <wb> j a m aa n aa n aa mq <wb> aa <wb> b a aa lx a k a o <wb> t a o <wb> k a d a aa c a <wb> th uu mq k ii y ee <wb> k a aa dxh a ee,C5 C26 C19 C0 C21 C11 C34 C0 <wb> C5 C38 C36 C23 C16 C23 C13 C0 <wb> C13 C0 C22 C0 C24 C1 <wb> C17 C0 C22 C1 C24 C1 C24 C1 C23 <wb> C1 <wb> C3 C0 C1 C21 C0 C19 C0 C26 <wb> C32 C0 C26 <wb> C19 C0 C7 C0 C1 C5 C0 <wb> C33 C36 C23 C19 C16 C38 C11 <wb> C19 C0 C1 C10 C0 C11,train
6589,"આપણી, અઢળક ઈચ્છાઓને, સખણી રાખનારા, વૈરાગ્ય, ઉપેક્ષાભાવ વિના, આનંદની, સહજ અનુભૂતિ, શક્ય ખરી?.",0,9.314,0,not_selected_by_random,,,,
6590,"આ દેશો, મેક્સિકોના શહેર, લોસ કાબોસમાં, જી - વીસ ની, બેઠકને, પ્રભાવિત કરવામાં, સફળ રહ્યા છે.",0,8.41,0,not_selected_by_random,,,,
6591,"આ સિલસિલામાં, આપણી સંસદ, આપણી સાંસ્કૃતિક, અને, પ્રાદેશિક ભિન્નતાઓ, તથા, સામાજિક યથાર્થનું, વધુ ઊજળું, દર્પણ બનેલી છે.",0,9.404,1,,gujarati_female_006591.wav,aa <wb> s i l a s i l aa m aa mq <wb> aa p a nx a ii <wb> s a mq s a d a <wb> aa p a nx a ii <wb> s a aa q s a k a t a i k a <wb> a n a ee <wb> p a r a aa d a ee sh a i k a <wb> bh i n n a t aa o <wb> t a th a aa <wb> s a aa m a aa j a i k a <wb> y a th aa r th a n u mq <wb> w a dh a u <wb> uu j a lx u mq <wb> d a r p a nx a <wb> b a n a ee l a ii <wb> ch a ee,C1 <wb> C30 C16 C21 C0 C30 C16 C21 C1 C22 C1 C23 <wb> C1 C28 C0 C25 C0 C16 <wb> C30 C0 C23 C30 C0 C7 C0 <wb> C1 C28 C0 C25 C0 C16 <wb> C30 C0 C1 C23 C30 C0 C19 C0 C32 C0 C16 C19 C0 <wb> C0 C24 C0 C11 <wb> C28 C0 C29 C0 C1 C7 C0 C11 C31 C0 C16 C19 C0 <wb> C4 C16 C24 C24 C0 C32 C1 C26 <wb> C32 C0 C33 C0 C1 <wb> C30 C0 C1 C22 C0 C1 C17 C0 C16 C19 C0 <wb> C38 C0 C33 C1 C29 C33 C0 C24 C36 C23 <wb> C37 C0 C8 C0 C36 <wb> C36 C17 C0 C21 C36 C23 <wb> C7 C0 C29 C28 C0 C25 C0 <wb> C3 C0 C24 C0 C11 C21 C0 C16 <wb> C6 C0 C11,train
6592,"આ સવાલ, એટલા માટે ઊભો થયો છે, કેમ કે, સરકારનો, તાજેતરનો, એક નિર્ણય, તેના, ઘોષિત ઉદ્દેશ્યથી, તદ્દન, વિરુદ્ધ છે.",0,9.265,1,,gujarati_female_006592.wav,aa <wb> s a w a aa l a <wb> ee tx a l a aa <wb> m a aa tx a ee <wb> uu bh a o <wb> th a y a o <wb> ch a ee <wb> k a ee m a <wb> k a ee <wb> s a r a k a aa r a n a o <wb> t aa j ee t a r a n o <wb> ee k a <wb> n a i r a nx a y a <wb> t a ee n a aa <wb> gh o sx i t a <wb> u d d ee sh y a th ii <wb> t a d a d a n a <wb> w i r u d dh a <wb> ch a ee,C1 <wb> C30 C0 C37 C0 C1 C21 C0 <wb> C11 C34 C0 C21 C0 C1 <wb> C22 C0 C1 C34 C0 C11 <wb> C36 C4 C0 C26 <wb> C33 C0 C38 C0 C26 <wb> C6 C0 C11 <wb> C19 C0 C11 C22 C0 <wb> C19 C0 C11 <wb> C30 C0 C29 C0 C19 C0 C1 C29 C0 C24 C0 C26 <wb> C32 C1 C17 C11 C32 C0 C29 C0 C24 C26 <wb> C11 C19 C0 <wb> C24 C0 C16 C29 C0 C25 C0 C38 C0 <wb> C32 C0 C11 C24 C0 C1 <wb> C14 C26 C31 C16 C32 C0 <wb> C36 C7 C7 C11 C31 C38 C0 C33 C16 <wb> C32 C0 C7 C0 C7 C0 C24 C0 <wb> C37 C16 C29 C36 C7 C8 C0 <wb> C6 C0 C11,train
6593,"કમિશ્નરે કહ્યું કે, પીવાના પાણીના, વોટર, ડિસ્ટ્રિબ્યુશન સ્ટેશન બનાવવા, ટીપી સ્કીમમાંથી, મળનારા પ્લોટ, ઔડાના પ્લોટ, અથવા, કલેક્ટર ના પ્લોટ ઉપર, આધાર, રાખવો પડે છે.",0,13.863,0,not_selected_by_random,,,,
6594,"પ્રભુના અંતરંગ ભક્તો, નન્દ, યદવેદા, વ્રજભક્તાદિક, સ્નેહભાવથી, પ્રભુનું, ભજન કરે છે.",0,7.88,0,not_selected_by_random,,,,
6595,"એલિફન્ટ મોઝ ફીશ, ગપ્પી, મુનો એન્જલ, જેવી મીઠા, તથા, દરિયાઈ પાણીની, રંગીન માછલીઓને, પ્રદર્શિત કરવામાં, આવી છે.",0,10.191,0,not_selected_by_random,,,,
6596,"બને કે, ઉમાશંકરની સહજ, સંનિધિમાં, દેશની વિવિધતામાં, એકતાની ભૂમિકાએ, તેમ, પ્લુરલ ઓળખની, સહજ, સ્વીકૃતિમાં, કોળાયું છે.",0,11.172,0,not_selected_by_random,,,,
6597,"આપણે, તેમની રાત્રિઓ, લઈ લીધી છે, તેવા, તેમના વિધાનનું, ઉદાહરણ, ઇંગ્લેન્ડની, યુનિવર્સિટી ઓફ, બ્રિસ્ટોલના, એમ્મા સ્ટોને, પૂરૃં પાડયું છે.",0,10.852,0,not_selected_by_random,,,,
6598,"કાળા માથાનો માણસ, ગૉડ પાર્ટિકલ, શોધી કાઢશે, તો, આસ્તિકો, અને શ્રદ્ધાળુઓનું, શું થશે? એવી, જિજ્ઞાસા, વ્યક્ત થઇ.",0,9.796,0,not_selected_by_random,,,,
6599,"ઓગસ્ટના, ઘટનાક્રમ પછીના, સલમાન ખુરશીદના, ઉદ્ગારોમાં, અગર તો, ડિસેમ્બરના, ઘટનાક્રમ પછીના, પ્રણવ મુખરજીના, ઉદ્ગારોમાં, જોવા મળશે.",0,11.624,0,not_selected_by_random,,,,
6600,"પણ, એક દિવસ અગાઉ, રશિયાની બનાવટના, ક્રાયોજેનિક એન્જીનમાં, એક વાલ્વમાં, લીકેજ જોવા મળતા, ઉડાન, મોકૂફ રખાયેલ છે .",0,10.064,0,not_selected_by_random,,,,
6601,"બારી પાસે જ, મહોરેલી રાતરાણીની સુગંધ, પારિજાતનાં, ફૂલોનું, પાછલી રાતે, ચુપચાપ, ખરતા રહેવું.",0,8.23,0,not_selected_by_random,,,,
6602,"આફ્રિદીએ, તાજેતરમાં જ, ન્યુઝીલેન્ડ સામેની, વન ડેમાં, પચીસ બોલમાં, પાંચ ચોગ્ગા, અને, પાંચ છગ્ગા સાથે, પાંસઠ રન, ફટકાર્યા હતા.",0,10.349,0,not_selected_by_random,,,,
6603,"સત્યમેવ જયતે, જીસ્વ, તરીકે ઓળખાય છે, પરંતુ, સંસ્કૃતના સ્કોલરો, કહે છે.",0,7.203,0,not_selected_by_random,,,,
6604,"પાંચ ટકા જગ્યાઓ, પછાત, લઘુમતીઓ માટે, અનામત રાખવાના, કેન્દ્રના પ્રયાસોને, લાગેલા, અદાલતી ઝટકાનો, અર્થ, સ્પષ્ટ છે.",0,10.12,0,not_selected_by_random,,,,
6605,"તેમણે, ‘એર ઇન્ડિયા’, હડતાળ પર ઉતરેલા, પાઇલટોથી, ખોરવાયેલી સેવાઓ, પૂર્વવત્‌, કરવા માટે, નવા, સો પાઇલટો ની, ભરતી કરશે.",0,10.484,0,not_selected_by_random,,,,
6606,"મેસેચ્યુસેટ્સ ઈન્સ્ટિટયૂટ, ઓફ, ટેક્નોલોજી, અને, હાર્વર્ડ, બિઝનેસ સ્કૂલમાં, તેમને, પ્રવેશ મળી ગયો.",0,7.328,0,not_selected_by_random,,,,
6607,"બે હજાર દસ માં, અનાજ, શાકભાજી, પેટ્રોલ, ડિઝલ, સહિતની, જીવન જરૃરી, ચીજવસ્તુઓના, રોકેટ ગતિએ, વધેલા ભાવ, લોકોને ભારે પીડા, આપી રહ્યા છે.",0,12.537,0,not_selected_by_random,,,,
6608,"પણ, જ્યારે ધીરજપૂર્વક, મજબૂત પાળીનો, પાયો નાંખવાનો હોય, ત્યારે, રાહુલ દ્રવિડ, બેનમૂન કામગીરી, બજાવતો હતો.",0,8.464,0,not_selected_by_random,,,,
6609,"બે હજાર બે ની, સાલમાં, દ્રવિડે, એડિલેડ ખાતે, ઇંગ્લેન્ડ સામે, સદી ફટકારીને, ભારતની ટીમને, જીત, અપાવી હતી.",0,9.434,0,not_selected_by_random,,,,
6610,"તૃન્દ્રાઃ, માનવ જીવનની, પ્રકૃતિ બિંબ સાથે, માયા, બુદ્ધિ, વૃત્તિનું, મિલન કરી, જીવનભાવ, રજોગુણ.",0,8.946,0,not_selected_by_random,,,,
6611,"આ મંત્ર, જીવન પર્યાંત, ધીરુભાઈ અથવા, સ્ટીવ જોબ્સ, અથવા, રોકફેલર, જેવા, અદભુત લોકોએ, અપનાવ્યો હશે.",0,7.988,1,,gujarati_female_006611.wav,aa <wb> m a q t a r a <wb> j a ii w a n a <wb> p a r y aa mq t a <wb> dh a ii r a u bh a aa ii <wb> a th a w a aa <wb> s tx ii w a <wb> j o b s a <wb> a th a w a aa <wb> r a o k a ph a ee l a r a <wb> j a ee w a aa <wb> a d a bh u t a <wb> l a o k a o ee <wb> a p a n a aa w a y a o <wb> h a sh a ee,C1 <wb> C22 C0 C23 C32 C0 C29 C0 <wb> C17 C0 C16 C37 C0 C24 C0 <wb> C28 C0 C29 C38 C1 C23 C32 C0 <wb> C8 C0 C16 C29 C0 C36 C4 C0 C1 C16 <wb> C0 C33 C0 C37 C0 C1 <wb> C30 C34 C16 C37 C0 <wb> C17 C26 C3 C30 C0 <wb> C0 C33 C0 C37 C0 C1 <wb> C29 C0 C26 C19 C0 C12 C0 C11 C21 C0 C29 C0 <wb> C17 C0 C11 C37 C0 C1 <wb> C0 C7 C0 C4 C36 C32 C0 <wb> C21 C0 C26 C19 C0 C26 C11 <wb> C0 C28 C0 C24 C0 C1 C37 C0 C38 C0 C26 <wb> C15 C0 C31 C0 C11,val
6612,"હાઈસ્કૂલમાં, ભણવા બેઠો ત્યારે, રેલગાડીમાં, પહેલીવાર બેસવાનો, અનુભવ, રોમાંચ થયેલો.",0,6.399,0,not_selected_by_random,,,,
6613,"આપણે, પૂર્વાભિમુખ, થઈએ તો, ક્ષિતિજથી સહેજ ઉંચે, પૂર્વદિશા, અને, પૂર્વ દક્ષિણ દિશા, વચ્ચે, નીલા રંગનો, અત્યંત તેજસ્વી તારો દેખાશે.",0,11.933,0,not_selected_by_random,,,,
6614,"પ્લાન્ટમાંથી, લીકેજ થાય, તો, સૌથી પહેલું કામ, ઘરમાં જઈને, દરવાજાં, અને, બારી મુશ્કેટાટ, બંધ કરી દેવાનું, કરવું જોઈએ.",0,9.425,0,not_selected_by_random,,,,
6615,"તેમ, ત્રેસઠ સેકન્ડ બાદ, ભૂમિ મથકેથી જ, કમાન્ડ મોકલતાં, જી એસ એલ વી, એફ, - ઝીરો છ, અને, સંચાર ઉપગ્રહ, જીસેટ - પાંચ ને, ઉડાવવા માં, આવેલું છે.",0,12.983,0,not_selected_by_random,,,,
6616,"લાકડાના પ્લેટફોર્મ પર, રિમોટ, કે, અન્ય વસ્તુને, ટચ કર્યા વગર, માત્ર, મશીન વડે જ, આ ટાસ્ક, પૂર્ણ થાય છે.",0,8.591,0,not_selected_by_random,,,,
6617,"પણ, આપણી ઘ્રાણેન્દ્રિય, સાબદી રહી છે ખરી? સાંજે, ઝીણા ઝીણા, ચિલ્લીરવો, સંભળાય છે.",0,7.084,0,not_selected_by_random,,,,
6618,"તો, કેટલાંક તેની, ટીકા કરતાં, કહે છે કે, 'કેગ', પોતાના સત્તા ક્ષેત્રથી, બહાર નીકળીને, સરકારના અધિકાર ક્ષેત્રમાં, પ્રવેશવાનો, પ્રયત્ન, કરી રહી છે.",0,10.519,1,,gujarati_female_006618.wav,t a o <wb> k a ee tx a l a aa q k a <wb> t a ee n a ii <wb> tx a ii k a aa <wb> k a r a t a aa q <wb> k a h a ee <wb> ch a ee <wb> k a ee <wb> k a ee g a <wb> p a o t a aa n a aa <wb> s a t a t a aa <wb> k sx ee t r a th ii <wb> b a h a aa r a <wb> n a ii k a lx a ii n a ee <wb> s a r a k a aa r a n a aa <wb> a dh a i k a aa r a <wb> k a sx a ee t a r a m a aa q <wb> p r a w ee sh a w aa n o <wb> p a r a y a t a n a <wb> k a r a ii <wb> r a h a ii <wb> ch a ee,C32 C0 C26 <wb> C19 C0 C11 C34 C0 C21 C0 C1 C23 C19 C0 <wb> C32 C0 C11 C24 C0 C16 <wb> C34 C0 C16 C19 C0 C1 <wb> C19 C0 C29 C0 C32 C0 C1 C23 <wb> C19 C0 C15 C0 C11 <wb> C6 C0 C11 <wb> C19 C0 C11 <wb> C19 C0 C11 C13 C0 <wb> C28 C0 C26 C32 C0 C1 C24 C0 C1 <wb> C30 C0 C32 C0 C32 C0 C1 <wb> C19 C31 C11 C32 C29 C0 C33 C16 <wb> C3 C0 C15 C0 C1 C29 C0 <wb> C24 C0 C16 C19 C0 C21 C0 C16 C24 C0 C11 <wb> C30 C0 C29 C0 C19 C0 C1 C29 C0 C24 C0 C1 <wb> C0 C8 C0 C16 C19 C0 C1 C29 C0 <wb> C19 C0 C31 C0 C11 C32 C0 C29 C0 C22 C0 C1 C23 <wb> C28 C29 C0 C37 C11 C31 C0 C37 C1 C24 C26 <wb> C28 C0 C29 C0 C38 C0 C32 C0 C24 C0 <wb> C19 C0 C29 C0 C16 <wb> C29 C0 C15 C0 C16 <wb> C6 C0 C11,train
6619,"તેણે, અને નેહરા ની જોડીએ, આખરી વિકેટની, ભાગીદારીમાં, સડત્રીસ રન કરતાં, ભારતનો સ્કોર, બસ્સો થી પાર, પહોંચાડયો હતો.",0,9.284,0,not_selected_by_random,,,,
6620,"અમેરિકાની, વિરાટ નદી, એમેઝોનની, તેર હજાર ફુટ નીચે, છ હજાર કિલોમીટર લાંબી, આજે પણ, ખળખળ વહેતી, વિરાટ નદી, શોધી કાઢી છે.",0,11.128,0,not_selected_by_random,,,,
6621,"ઓસ્કાર વાઈલ્ડે, વાર્તાના અંતમાં, ઘંટીવાળાના, મોંમાં જ, એવા શબ્દો મૂક્યા છે કે, આપણે, દાદ દેવી પડે!",0,9.138,0,not_selected_by_random,,,,
6622,"સાંજે, સાત વાગે, મુહુરત બેશસે, એટલે, પલાણામાં, હજારો શ્રઘ્ધાળુઓ, ઉમટશે.",0,6.747,0,not_selected_by_random,,,,
6623,"જાયરોસ્કોપના, પ્રતાપે, માથું હલાવવા જેવી, ચેષ્ટાઓથી પણ, ચશ્માને, કમાન્ડ આપી શકાય, એવી ગણતરી છે.",0,9.409,0,not_selected_by_random,,,,
6624,"તેના પર, અષાઢ માસના, પૂર્ણચંદ્ર સ્વરૂપ, પૂર્ણ જ્ઞાનનિષ્ઠ, સદ્‌ગુરૂ, પ્રકાશ પાથરે છે.",0,7.221,0,not_selected_by_random,,,,
6625,"પૈસે - ટકે સુખી છે, તો, તેના ઉપર ચડાઈ કરી, એ દેશને લૂંટી લેવા, એ તત્પર રહેતો, અને, ત્યાંથી મેળવેલી, અઢળક દોલત, પોતાના ખજાનામાં, ઉમેરતો.",0,12.776,0,not_selected_by_random,,,,
6626,"જોકે હજુ છેલ્લા સ્ટેજમાં, કેન્સરનું નિદાન થાય, તો, તેવા દર્દીને, સંપૂર્ણ રોગમુક્ત કરવા અંગે, કોઇ, રામબાણ, ઇલાજ, મળ્યો નથી.",0,10.767,0,not_selected_by_random,,,,
6627,"તે હડતાળ, દરમિયાન બરતરફ કરાયેલા, એકસો એક પાઇલટ વિશે, સહાનુભૂતિભર્યું, વલણ દાખવશે.",0,7.523,1,,gujarati_female_006627.wav,t a ee <wb> h a dx a t aa lx a <wb> d a r a m a i y a aa n a <wb> b a r a t a r a ph a <wb> k a r aa y ee l aa <wb> ee k a s a o <wb> ee k a <wb> p aa i l a tx a <wb> w a i sh a ee <wb> s a h aa n u bh uu t i bh a r y u mq <wb> w a l a nx a <wb> d aa kh a w a sh ee,C32 C0 C11 <wb> C15 C0 C9 C0 C32 C1 C21 C0 <wb> C7 C0 C29 C0 C22 C0 C16 C38 C0 C1 C24 C0 <wb> C3 C0 C29 C0 C32 C0 C29 C0 C12 C0 <wb> C19 C0 C29 C1 C38 C11 C21 C1 <wb> C11 C19 C0 C30 C0 C26 <wb> C11 C19 C0 <wb> C28 C1 C16 C21 C0 C34 C0 <wb> C37 C0 C16 C31 C0 C11 <wb> C30 C0 C15 C1 C24 C36 C4 C36 C32 C16 C4 C0 C29 C38 C36 C23 <wb> C37 C0 C21 C0 C25 C0 <wb> C7 C1 C20 C0 C37 C0 C31 C11,test
6628,"વૃક્ષની ઊંચી ડાળ ઉપર, ઝૂલતું, એક ફૂટડું ફૂલ, મને મોહે છે.",0,6.323,0,not_selected_by_random,,,,
6629,"પારંપરિક સોલ્યુશન્સ સેલિંગ થી, ઇનસાઇટ સેલિંગ સુધી, આ દેશે, યુએસપીને, એક નવી, ઊંચાઈ સુધી, પહોંચાડી છે.",0,9.952,0,not_selected_by_random,,,,
6630,"વિગતવાર સ્કેનિંગ, અને, બાયોપ્સી કરાવ્યા બાદ, રિપોર્ટસમાં, એવો નિર્દેશ થયો હતો, કે, એ કેન્સરની, ગાંઠ નથી.",0,8.805,0,not_selected_by_random,,,,
6631,"છતાં, ત્યાંથી દુનિયાના, સૌથી શક્તિશાળી, આતંકવાદી, સંગઠનનું, નેતૃત્વ કરતાં, કિલ્લે બંધ, રહેણાંક છે .",0,8.506,0,not_selected_by_random,,,,
6632,"ઘઉં, ચોખા, કઠોળ, અશુધ્ધ ખાદ્યતેલ, અને, બટર પરનો, આયાત કર, રદ કરવામાં, આવ્યો છે.",0,8.098,0,not_selected_by_random,,,,
6633,"તેના પર પડતી, સૌર ઊર્જાના, નેવું ટકા ઊર્જાનું, પ્રગ્રહણ કરે છે, તે તેનું, સાદ્ય પ્રરૂપ, પ્રોટોટાઈપ, આવતાં, પાંચ વર્ષમાં, બનાવવા, માંગે છે.",0,12.04,0,not_selected_by_random,,,,
6634,"રૂપલબેન કહે છે, કોલેજના સ્ટુડન્ટ્‌સ, જો, પોકેટ મની વડે, સમાજની સેવા કરતા હોય, તો, અમે પણ, અમારા કામ વડે, સમાજને, મદદરૂપ થઇ શકીએ, છીએ.",0,11.574,0,not_selected_by_random,,,,
6635,"બસ, આટલી વાત, પાકી થઈ જાય, તો, સાવ દુઃખ મુક્ત નહિ, તો ઘણાં બધાં, દુઃખોને, તમારા ઘરના બારણે જ, પાછાં વાળી શકશો.",0,9.96,0,not_selected_by_random,,,,
6636,"માનવ દેહે, જ્યાર સુધી, વૃત્તિ શુદ્ધ ન થાય, ત્યાં સુધી, ઈશ્વર યોની, માનવ યોની, પશુ યોની, પક્ષી યોનીમાં, ભટકાળે છે.",0,10.472,1,,gujarati_female_006636.wav,m a aa n a w a <wb> d ee h ee <wb> j y aa r a <wb> s a u dh a ii <wb> w a t a t a i <wb> sh a u d a dh a <wb> n a <wb> th a aa y a <wb> t a y a aa q <wb> s a u dh a ii <wb> ii sh a w a r a <wb> y o n ii <wb> m a aa n a w a <wb> y o n ii <wb> p a sh a u <wb> y o n ii <wb> p a k a sx a ii <wb> y o n ii m aa mq <wb> bh a tx a k aa lx ee <wb> ch a ee,C22 C0 C1 C24 C0 C37 C0 <wb> C7 C11 C15 C11 <wb> C17 C38 C1 C29 C0 <wb> C30 C0 C36 C8 C0 C16 <wb> C37 C0 C32 C0 C32 C0 C16 <wb> C31 C0 C36 C7 C0 C8 C0 <wb> C24 C0 <wb> C33 C0 C1 C38 C0 <wb> C32 C0 C38 C0 C1 C23 <wb> C30 C0 C36 C8 C0 C16 <wb> C16 C31 C0 C37 C0 C29 C0 <wb> C38 C26 C24 C16 <wb> C22 C0 C1 C24 C0 C37 C0 <wb> C38 C26 C24 C16 <wb> C28 C0 C31 C0 C36 <wb> C38 C26 C24 C16 <wb> C28 C0 C19 C0 C31 C0 C16 <wb> C38 C26 C24 C16 C22 C1 C23 <wb> C4 C0 C34 C0 C19 C1 C21 C11 <wb> C6 C0 C11,train
6637,"સ્વામિ વિવેકાનંદજી એ, વિશ્વમાં સહુને, ફ્રિડમ, અને, હેપીનેસ મળે, અને, નોલેજ મળે, તેવા સમાજની, હિમાયત, કરી હતી.",0,9.613,1,,gujarati_female_006637.wav,s w aa m i <wb> w i w ee k aa n a mq d a j ii <wb> ee <wb> w a i sh a w a m a aa q <wb> s a h u n ee <wb> ph r i dx a m a <wb> a n a ee <wb> h ee p ii n ee s a <wb> m a lx a ee <wb> a n a ee <wb> n o l ee j a <wb> m a lx a ee <wb> t a ee w a aa <wb> s a m a aa j a n a ii <wb> h i m aa y a t a <wb> k a r a ii <wb> h a t a ii,C30 C37 C1 C22 C16 <wb> C37 C16 C37 C11 C19 C1 C24 C0 C23 C7 C0 C17 C16 <wb> C11 <wb> C37 C0 C16 C31 C0 C37 C0 C22 C0 C1 C23 <wb> C30 C0 C15 C36 C24 C11 <wb> C12 C29 C16 C9 C0 C22 C0 <wb> C0 C24 C0 C11 <wb> C15 C11 C28 C16 C24 C11 C30 C0 <wb> C22 C0 C21 C0 C11 <wb> C0 C24 C0 C11 <wb> C24 C26 C21 C11 C17 C0 <wb> C22 C0 C21 C0 C11 <wb> C32 C0 C11 C37 C0 C1 <wb> C30 C0 C22 C0 C1 C17 C0 C24 C0 C16 <wb> C15 C16 C22 C1 C38 C0 C32 C0 <wb> C19 C0 C29 C0 C16 <wb> C15 C0 C32 C0 C16,train
6638,"આ જ કારણે, તેના, રેટિંગ ફર્મ વેન્ડરને, રેડ, ગ્રીન, અને, અંબર શ્રેણીમાં, નિરૂપિત કરે છે.",0,8.147,0,not_selected_by_random,,,,
6639,"ત્યારબાદ, પંદર સેકન્ડ પછી, જી એસ એલ વી થી, ઉપગ્રહ, છૂટો પડે, અને, ટ્રાન્સફર ઓરબીટમાં, ગોઠવાય છે.",0,8.811,0,not_selected_by_random,,,,
6640,"શ્રીમતી હેરીસ નામની, આઇરીશ મહિલા, પ્રેતાત્મા સાથે, સંપર્ક સાધનાર, શ્રેષ્ઠ માઘ્યમ, મિડીયમ હતી.",0,8.481,0,not_selected_by_random,,,,
6641,"વિરોધપક્ષો, ભલે તેની જાતને, વિરોધ કરવામાં, બાહોશ માનતો હોય, પણ, તેણે દેશ પ્રત્યેની, જવાબદારીઓ, અદા કરી જે, બ્લોકેજ ઉભા કર્યા છે, એ, દુર કરવાની, જરૂર છે.",0,14.231,0,not_selected_by_random,,,,
6642,"લેખનકાર્ય માટે, સ્પષ્ટ વિચાર, અને, શબ્દોના વિશાળ સંગ્રહની, સાથે – સાથે, સારા મૂડની પણ, જરૂર હોય છે.",0,8.282,0,not_selected_by_random,,,,
6643,"ઈપીઆરના, વિવિધ માળખાં, બનાવવામાં, ચાર લાખ મિલિયન ટન, કોંક્રિટ, વપરાયું છે.",0,6.818,0,not_selected_by_random,,,,
6644,"અમદાવાદની, ગર્લ્સ, અને, વુમન પોતાના, ગ્લેમરસ લુકને, લઇને, એકદમ, અવેર, થઇ ગઇ છે.",0,6.646,0,not_selected_by_random,,,,
6645,"ગણિતને, રસપ્રદ બનાવવા, રાવસાહેબે, બસ્સો થી વધારે, મોડેલો, ટીચીંગ એઈડ્ઝ, અને, પઝલ્સ, તૈયાર કર્યા હતા.",0,8.266,1,,gujarati_female_006645.wav,g a nx a i t a n a ee <wb> r a s a p a r a d a <wb> b a n a aa w a w a aa <wb> r aa w a s aa h ee b ee <wb> b a s a s a o <wb> th a ii <wb> w a dh a aa r a ee <wb> m o dx ee l o <wb> tx ii c ii mq g a <wb> ee ii dx jh a <wb> a n a ee <wb> p a jh a l s a <wb> t a ei y a aa r a <wb> k a r a y a aa <wb> h a t a aa,C13 C0 C25 C0 C16 C32 C0 C24 C0 C11 <wb> C29 C0 C30 C0 C28 C0 C29 C0 C7 C0 <wb> C3 C0 C24 C0 C1 C37 C0 C37 C0 C1 <wb> C29 C1 C37 C0 C30 C1 C15 C11 C3 C11 <wb> C3 C0 C30 C0 C30 C0 C26 <wb> C33 C0 C16 <wb> C37 C0 C8 C0 C1 C29 C0 C11 <wb> C22 C26 C9 C11 C21 C26 <wb> C34 C16 C5 C16 C23 C13 C0 <wb> C11 C16 C9 C18 C0 <wb> C0 C24 C0 C11 <wb> C28 C0 C18 C0 C21 C30 C0 <wb> C32 C0 C2 C38 C0 C1 C29 C0 <wb> C19 C0 C29 C0 C38 C0 C1 <wb> C15 C0 C32 C0 C1,train
6646,"વળી, સેનાના, વ્યુહાત્મક પ્રોજેક્ટનું, ઓડિટિંગ પણ, સામાન્ય પ્રક્રિયા હેઠળ, હાથ, નથી ધરાતું.",0,7.882,0,not_selected_by_random,,,,
6647,"કદીક, હોંશભેર ભીંતે, લટકાવેલી, અમારાં, ત્રણેયની, બાળપણની છબિઓ, નીચે ઉતારાઈ.",0,6.525,0,not_selected_by_random,,,,
6648,"ઉત્તર પ્રદેશમાં, કોંગ્રેસ અને ભાજપે, વિરોધ પક્ષ તરીકે, પોતાની હાજરી, મજબૂત બનાવવાના, છે.",0,7.353,0,not_selected_by_random,,,,
6649,"જો એ શક્ય બને તો, પછી, ચશ્માનું બટન દબાવીને, મૌખિક સવાલ પૂછવાનો છે.",0,6.89,0,not_selected_by_random,,,,
6650,"જે વાસણમાં, પહેલાં, થોડુંક પાણી, અને, પથ્થર જ હતાં, એમાં, હવે શાકભાજી ભળતાં, એમાંથી, સ્વાદિષ્ટ સૂપ તૈયાર થયો, અને, આખા ગામના માણસોને, એ સૂપ, ખાવા મળ્યો!",0,12.86,0,not_selected_by_random,,,,
6651,"મારે, અર્જુન સાથે, વેર છે, તેણે, ખાંડવવન, સળગાવીને, મારા બધા સ્વજનોને, મારી નાખ્યા હતા.",0,7.797,0,not_selected_by_random,,,,
6652,"ફ્યુઅલ સેલ ટેકનોલોજી આધારિત, વાહનો પર, કન્સેશનના ધોરણે, દસ ટકાની, એક્સાઈઝ ડ્યુટી, લાદવામાં આવશે.",0,8.897,0,not_selected_by_random,,,,
6653,"સ્વામી વિવેકાનંદ, સ્પષ્ટ કહે છે કે, માણસ જો, માણસનું દુઃખ સમજે, તેને મદદ કરે, તો, આ પૃથ્વી પરથી, ઘણાંબધાં, દુઃખો અદૃશ્ય થઈ જાય.",0,10.592,0,not_selected_by_random,,,,
6654,"અગ્નિનો, ભારતીય સૈન્યમાં, સમાવેશ થતાં, ભારત, પાંચ હજાર કિલોમીટર દૂર, સુધીની, મારણ ક્ષમતા ધરાવતું, થઈ જશે.",0,10.034,0,not_selected_by_random,,,,
6655,"પ્લેનેટરી સોસાયટી નામનું, એક, બીન સરકારી, અને, નોન - પ્રોફીટ ઓર્ગેનાઈઝેશન, આ પ્રયોગ, કરવા માંગે છે.",0,9.538,0,not_selected_by_random,,,,
6656,"બાકી, અમીર, અને ગરીબ વચ્ચે, દોસ્તી બંધાય, તોય, લાંબું ના ચાલે!",0,6.166,0,not_selected_by_random,,,,
6657,"લેખનકાર્ય માટે, સ્પષ્ટ વિચાર, અને, શબ્દોના વિશાળ સંગ્રહની, સાથે-સાથે, સારા મૂડની પણ, જરૂર હોય છે.",0,8.625,0,not_selected_by_random,,,,
6658,"ધૂળ ખંખેરતો, અને, હાડકાં પંપાળતો, ઘર ભણી, નાઠો હતો.",0,5.489,0,not_selected_by_random,,,,
6659,"પણ, પોતાનાં સંતાનોને, રમત - ગમત તરફ, ઢળતાં જોઇને, માબાપોએ, સરકારના, ફતવાછાપ નિર્ણયને, ખેલદિલીપૂર્વક, વખાણ્યો.",0,11.344,0,not_selected_by_random,,,,
6660,"આવો તારાનું હાર્દ, એટલું તો દળદાર હોય છે કે, તે, વ્હાઈટ ડ્વાર્ફ સ્થિતિમાં, અટકતો નથી.",0,7.727,0,not_selected_by_random,,,,
6661,"કેન્દ્ર સરકારની, મહિલા, અને, બાળ વિકાસ પ્રધાન, શ્રીમતિ, કૃષ્ણા તિર્થે, સેક્સ માં થતા, ઘટાડા પર, ચિંતા, પ્રગટ કરી છે.",0,11.668,0,not_selected_by_random,,,,
6662,"માસિક ધોરણે, પોલ્ટ્રી ચીકન, સાત ટકા, ચણા, છ ટકા, મસુર, ચાર ટકા, ફળો - શાકભાજી માં, પાંચ ટકા, ભાવ વધારો, જોવા મળ્યો હતો .",0,9.851,0,not_selected_by_random,,,,
6663,"અન્ય ઋતુમાં, આ, રૂક્ષ વૃક્ષ, ખાલી ખાખરો લાગે; પણ, વસંતમાં, તો બસ, વૈભવી, પલાશ જ!",0,7.964,1,,gujarati_female_006663.wav,a n a y a <wb> t a u m a aa q <wb> aa <wb> r a uu k a sx a <wb> w a k a sx a <wb> kh a aa l a ii <wb> kh aa kh a r o <wb> l a aa g a ee <wb> p a nx a <wb> w a s a q t a m a aa q <wb> t a o <wb> b a s a <wb> w a ei bh a w a ii <wb> p a l aa sh a <wb> j a,C0 C24 C0 C38 C0 <wb> C32 C0 C36 C22 C0 C1 C23 <wb> C1 <wb> C29 C0 C36 C19 C0 C31 C0 <wb> C37 C0 C19 C0 C31 C0 <wb> C20 C0 C1 C21 C0 C16 <wb> C20 C1 C20 C0 C29 C26 <wb> C21 C0 C1 C13 C0 C11 <wb> C28 C0 C25 C0 <wb> C37 C0 C30 C0 C23 C32 C0 C22 C0 C1 C23 <wb> C32 C0 C26 <wb> C3 C0 C30 C0 <wb> C37 C0 C2 C4 C0 C37 C0 C16 <wb> C28 C0 C21 C1 C31 C0 <wb> C17 C0,train
6664,"કેરળ સરકારે, સ્ટેમ્પેડમાં, મૃત્યુ પામનારાના, પરિવાર જનો માટે, પાંચ લાખ રુપિયાની, મદદ, જાહેર કરી હતી.",0,8.995,0,not_selected_by_random,,,,
6665,"સિંહે, જાળમાંથી છૂટવાં, ઘણાં ફાંફાં માર્યાં, પણ, કંઈ વળ્યું નહિ!, થાકીને, સિંહે, ગર્જના, કરવા માંડી.",0,8.751,0,not_selected_by_random,,,,
6666,"બીજા સેટમાં, યોકોવિચે, પ્રારંભમાં, સળંગ ચાર પોઇન્ટ જીત્યા હતા, અને, ત્યાર બાદ, મરેની સર્વિસ તોડીને, બે - શૂન્ય થી, સરસાઇ, મેળવી હતી.",0,11.88,0,not_selected_by_random,,,,
6667,"વયોવૃઘ્ધ, ડાહયાભાઈ વકતાભાઈ ગજ્જર, એંસી વર્ષ પહેલાંના, સ્મરણો, વાગોળતાં હતા.",0,7.852,0,not_selected_by_random,,,,
6668,"વૃક્ષોનાં વૃક્ષોને, અખંડ પણે, એકસાથે, કૂંપળ ખચિત, જોવાનું ભાગ્ય, બધાંને નસીબ, નથી હોતું.",0,7.993,0,not_selected_by_random,,,,
6669,"બે હજાર બાર, ઓલમ્પિક રમતોત્સવમાં, એક, પ્રેક્ષક તરીકે, જવાનો અનુભવ, મારે માટે, જીવનભર, યાદગાર બની રહેશે.",0,9.669,0,not_selected_by_random,,,,
6670,"સ્ત્રીને મળતો પગાર, એને, સહેવી પડતી કઠિન પરિસ્થિતિઓ એ, બધાની સાથોસાથ, મેંગ્લોરમાં, બીડી વાળનારી, જોવા મળે છે .",0,9.706,1,,gujarati_female_006670.wav,s t r ii n ee <wb> m a lx a t a o <wb> p a g a aa r a <wb> ee n a ee <wb> s a h ee w ii <wb> p a dx a t a ii <wb> k a txh a i n a <wb> p a r i s th i t i o <wb> ee <wb> b a dh a aa n a ii <wb> s aa th o s aa th a <wb> m ee mq g l o r a m aa mq <wb> b ii dx ii <wb> w aa lx a n aa r ii <wb> j a o w a aa <wb> m a lx a ee <wb> ch a ee,C30 C32 C29 C16 C24 C11 <wb> C22 C0 C21 C0 C32 C0 C26 <wb> C28 C0 C13 C0 C1 C29 C0 <wb> C11 C24 C0 C11 <wb> C30 C0 C15 C11 C37 C16 <wb> C28 C0 C9 C0 C32 C0 C16 <wb> C19 C0 C35 C0 C16 C24 C0 <wb> C28 C0 C29 C16 C30 C33 C16 C32 C16 C26 <wb> C11 <wb> C3 C0 C8 C0 C1 C24 C0 C16 <wb> C30 C1 C33 C26 C30 C1 C33 C0 <wb> C22 C11 C23 C13 C21 C26 C29 C0 C22 C1 C23 <wb> C3 C16 C9 C16 <wb> C37 C1 C21 C0 C24 C1 C29 C16 <wb> C17 C0 C26 C37 C0 C1 <wb> C22 C0 C21 C0 C11 <wb> C6 C0 C11,train
6671,"તેમના ડમરૂના નાદમાંથી, વ્યાકરણશાસ્ત્રોના, બીજમંત્રો, પ્રાપ્ત થાય છે.",0,5.851,1,,gujarati_female_006671.wav,t a ee m a n a aa <wb> dx a m a r uu n aa <wb> n aa d a m aa mq th ii <wb> w y aa k a r a nx a sh aa s t r o n aa <wb> b ii j a m a mq t r o <wb> p a r a aa p a t a <wb> th a aa y a <wb> ch a ee,C32 C0 C11 C22 C0 C24 C0 C1 <wb> C9 C0 C22 C0 C29 C36 C24 C1 <wb> C24 C1 C7 C0 C22 C1 C23 C33 C16 <wb> C37 C38 C1 C19 C0 C29 C0 C25 C0 C31 C1 C30 C32 C29 C26 C24 C1 <wb> C3 C16 C17 C0 C22 C0 C23 C32 C29 C26 <wb> C28 C0 C29 C0 C1 C28 C0 C32 C0 <wb> C33 C0 C1 C38 C0 <wb> C6 C0 C11,train
6672,"ઘણીવાર, તેની હાજરીથી, દુશ્મનો અજાણ હોય છે, અને, સપાટી પરના, યુદ્ધ જહાજને, તે, પળવારમાં, ડૂબાડી શકે છે.",0,10.364,0,not_selected_by_random,,,,
6673,"આ, બીગ બેંગ થિયરી છે, જેમાં, પદાર્થ, કેન્દ્ર તરફ, ખેંચાઈ, પ્રચંડ દબાણને, લીધે, ફરી વિસ્ફોટ થઈ, પદાર્થ, બહાર ફેંકાય છે.",0,10.337,0,not_selected_by_random,,,,
6674,"જીવનના, અર્ધ સત્ય, જ્ઞાન સાથે, જીવન યાત્રાનો, સાચો અર્થ, પ્રગટ કરી, શકાય છે.",0,7.073,0,not_selected_by_random,,,,
6675,"ન ભુલાય તેવું દશ્ય!, મિલેશિયાનો, જાંબલી રંગ, નીલ મહોર, જેટલો, દેખીતો, ભભકદાર, નથી હોતો; પણ, એની રંગછાયા, વધુ સંકુલ, હોય છે.",0,11.54,1,,gujarati_female_006675.wav,n a <wb> bh u l aa y a <wb> t a ee w a u q <wb> d a sh y a <wb> m i l ee sh i y aa n o <wb> j aa mq b a l ii <wb> r a q g a <wb> n a ii l a <wb> m a h o r a <wb> j a ee tx a l a o <wb> d ee kh ii t o <wb> bh a bh a k a d aa r a <wb> n a th a ii <wb> h o t o <wb> p a nx a <wb> ee n a ii <wb> r a mq g a ch aa y aa <wb> w a dh a u <wb> s a q k a u l a <wb> h a o y a <wb> ch a ee,C24 C0 <wb> C4 C36 C21 C1 C38 C0 <wb> C32 C0 C11 C37 C0 C36 C23 <wb> C7 C0 C31 C38 C0 <wb> C22 C16 C21 C11 C31 C16 C38 C1 C24 C26 <wb> C17 C1 C23 C3 C0 C21 C16 <wb> C29 C0 C23 C13 C0 <wb> C24 C0 C16 C21 C0 <wb> C22 C0 C15 C26 C29 C0 <wb> C17 C0 C11 C34 C0 C21 C0 C26 <wb> C7 C11 C20 C16 C32 C26 <wb> C4 C0 C4 C0 C19 C0 C7 C1 C29 C0 <wb> C24 C0 C33 C0 C16 <wb> C15 C26 C32 C26 <wb> C28 C0 C25 C0 <wb> C11 C24 C0 C16 <wb> C29 C0 C23 C13 C0 C6 C1 C38 C1 <wb> C37 C0 C8 C0 C36 <wb> C30 C0 C23 C19 C0 C36 C21 C0 <wb> C15 C0 C26 C38 C0 <wb> C6 C0 C11,train
6676,"બીઆરટીએસ, ઓગસ્ટ સુધી, પૂર્ણ કરાશે, જ્યારે, મોડલ રોડના, સ્ટ્રીટ વેન્ડર્સને, એકત્રીસમી જુલાઈ સુધીમાં, ખસેડાશે.",0,9.59,1,,gujarati_female_006676.wav,b ii aa r a tx ii ee s a <wb> o g a s a tx a <wb> s a u dh a ii <wb> p a uu r a nx a <wb> k a r a aa sh a ee <wb> j a y a aa r a ee <wb> m o dx a l a <wb> r o dx a n aa <wb> s a tx a r a ii tx a <wb> w ee n dx a r s a n ee <wb> ee k a t r ii s a m ii <wb> j a u l a aa ii <wb> s a u dh a ii m a aa q <wb> kh a s ee dx aa sh ee,C3 C16 C1 C29 C0 C34 C16 C11 C30 C0 <wb> C26 C13 C0 C30 C0 C34 C0 <wb> C30 C0 C36 C8 C0 C16 <wb> C28 C0 C36 C29 C0 C25 C0 <wb> C19 C0 C29 C0 C1 C31 C0 C11 <wb> C17 C0 C38 C0 C1 C29 C0 C11 <wb> C22 C26 C9 C0 C21 C0 <wb> C29 C26 C9 C0 C24 C1 <wb> C30 C0 C34 C0 C29 C0 C16 C34 C0 <wb> C37 C11 C24 C9 C0 C29 C30 C0 C24 C11 <wb> C11 C19 C0 C32 C29 C16 C30 C0 C22 C16 <wb> C17 C0 C36 C21 C0 C1 C16 <wb> C30 C0 C36 C8 C0 C16 C22 C0 C1 C23 <wb> C20 C0 C30 C11 C9 C1 C31 C11,train
6677,"પ્રાચીન ગ્રીસના, જાણીતા નાટ્યકાર, યુરિપિડીસને, યાદ કરીને કહીએ તો, ધનવાન બનવા માટે, સૌથી શ્રેષ્ઠ સમય, યુવાવસ્થા છે, તો, ગરીબ બનવા માટે પણ, આ જ અવસ્થા છે.",0,13.313,0,not_selected_by_random,,,,
6678,"તુલસીદાસજી, રામાયણના પ્રથમ કાંડમાં, મંગલા – ચરણના, બીજા શ્લોક માં, લખે છે કે",0,7.186,0,not_selected_by_random,,,,
6679,"આ કામ, કૌશલ્ય, માંગી લે છે, હિરાની ચમક, અને, ઝગ – મગાટ, તેના, પ્રગટકીય ગુણધર્મ ને, આભારી છે.",0,9.164,0,not_selected_by_random,,,,
6680,"યાહૂ મેસેન્જર, ચેટ સર્વિસ પર, ખાન ડૂડલ નામના, ટુલથી, લેસન બનાવવા લાગ્યા.",0,7.453,0,not_selected_by_random,,,,
6681,"તે હિમાલયની, કોઈ, હિમ નદીમાંથી, નીકળીને, આજના, હરિયાણાં, પંજાબ, રાજસ્થાન, સિંઘ, અને, ગુજરાતને વિંધીને, અરબી સમુદ્રમાં, મળતી હતી.",0,11.8,0,not_selected_by_random,,,,
6682,"પશ્ચિમ બંગાળની, વરસાદની સિસ્ટમ, જો ગુજરાતની દિશામાં ફંટાશે, તો, વઘુ વરસાદ, પડશે.",0,7.175,0,not_selected_by_random,,,,
6683,"મિત્રતાની બુલંદ ઈમારતનો પાયો, સ્વાર્થ રહિત, સ્પંદનો ઉપર, રચાયેલો હોય છે.",0,6.215,0,not_selected_by_random,,,,
6684,"સામાન્ય સંજોગોમાં, મનુષ્ય કોષોને પણ, મારી નાખે તેવાં, હાઈ ડોઝ, ગામા રે, વાપર્યા છતાં, ડબ્બામાં રાખેલ, માંસ, બગડી જતું હતું કારણ?",0,11.5,0,not_selected_by_random,,,,
6685,"જીવનના અર્ધ સત્ય જ્ઞાન સાથે, જીવન યાત્રાનો, સાચો અર્થ, પ્રગટ કરી શકાય છે.",0,6.455,1,,gujarati_female_006685.wav,j a ii w a n a n a aa <wb> a r a dh a <wb> s a t a y a <wb> j a nj a aa n a <wb> s a aa th a ee <wb> j a ii w a n a <wb> y aa t r aa n o <wb> s a aa c a o <wb> a r a th a <wb> p a r a g a tx a <wb> k a r a ii <wb> sh a k a aa y a <wb> ch a ee,C17 C0 C16 C37 C0 C24 C0 C24 C0 C1 <wb> C0 C29 C0 C8 C0 <wb> C30 C0 C32 C0 C38 C0 <wb> C17 C0 C24 C0 C1 C24 C0 <wb> C30 C0 C1 C33 C0 C11 <wb> C17 C0 C16 C37 C0 C24 C0 <wb> C38 C1 C32 C29 C1 C24 C26 <wb> C30 C0 C1 C5 C0 C26 <wb> C0 C29 C0 C33 C0 <wb> C28 C0 C29 C0 C13 C0 C34 C0 <wb> C19 C0 C29 C0 C16 <wb> C31 C0 C19 C0 C1 C38 C0 <wb> C6 C0 C11,val
6686,"કર્ણ, કૌરવ પક્ષે રહ્યો, પણ, ભીષ્મ પિતામહના, નેતૃત્વ નીચે, તેણે, લડવાની ના પાડી, તે વાતને, કેમ મૂલવી શકાય?",0,8.429,1,,gujarati_female_006686.wav,k a r a nx a <wb> k ou r a w a <wb> p a k a sx a ee <wb> r a h a y a o <wb> p a nx a <wb> bh a ii sx a m a <wb> p a i t a aa m a h a n a aa <wb> n a ee t a t a w a <wb> n a ii c a ee <wb> t a ee nx a ee <wb> l a dx a w aa n ii <wb> n a aa <wb> p a aa dx a ii <wb> t a ee <wb> w a aa t a n a ee <wb> k a ee m a <wb> m uu l a w ii <wb> sh a k a aa y a,C19 C0 C29 C0 C25 C0 <wb> C19 C27 C29 C0 C37 C0 <wb> C28 C0 C19 C0 C31 C0 C11 <wb> C29 C0 C15 C0 C38 C0 C26 <wb> C28 C0 C25 C0 <wb> C4 C0 C16 C31 C0 C22 C0 <wb> C28 C0 C16 C32 C0 C1 C22 C0 C15 C0 C24 C0 C1 <wb> C24 C0 C11 C32 C0 C32 C0 C37 C0 <wb> C24 C0 C16 C5 C0 C11 <wb> C32 C0 C11 C25 C0 C11 <wb> C21 C0 C9 C0 C37 C1 C24 C16 <wb> C24 C0 C1 <wb> C28 C0 C1 C9 C0 C16 <wb> C32 C0 C11 <wb> C37 C0 C1 C32 C0 C24 C0 C11 <wb> C19 C0 C11 C22 C0 <wb> C22 C36 C21 C0 C37 C16 <wb> C31 C0 C19 C0 C1 C38 C0,train
6687,"એવામાં એણે, મુલ્લાં નસરુદ્દીનને, વરસાદથી બચવા, દોટ કાઢીને, જતા જોયા.",0,6.838,0,not_selected_by_random,,,,
6688,"ગણિતનો રસથાળ, પીરસનાર અધ્યાપક, રાવ સાહેબનો, એકસો ત્રણ વર્ષે, દેહવિલય.",0,7.423,0,not_selected_by_random,,,,
6689,"વર્લ્ડ કપ બાદ, તરતજ, આઈપીએલમાં, દસ ટીમો વચ્ચે, જંગ જામશે, ભારત, વેસ્ટ ઇન્ડિઝ અને, ઈંગ્લેન્ડનો, પ્રવાસ, ખેડશે.",0,9.969,0,not_selected_by_random,,,,
6690,"વાયોલન્ટ સીન જોનાર બાળકનો મિજાજ, કુદરતી રીતે, સહેજ આક્રમક અને, ચીડિયો બને છે.",0,7.521,0,not_selected_by_random,,,,
6691,"એટલા માટે, વરસાદમાં, જેવી બાહ્ય સૃષ્ટિમાં, જીવન સમૃદ્ધિ, દેખાય છે, તેવી, હૃદય સમૃદ્ધિ, મને પણ, મળે છે.",0,8.701,0,not_selected_by_random,,,,
6692,"ટાઈટેનિયમ નામની, સબ મરીનનું, સ્ટીલમાંથી બનેલું માળખું, હજીરા ખાતે, 'લાર્સન અને, ટુબ્રો' કંપનીએ, તૈયાર કર્યું છે.",0,10.0,0,not_selected_by_random,,,,
6693,"બીગ બેંગ થિયરી, પ્રચંડ વિસ્ફોટ સિધ્ધાંત વિષે, હાથ ધરાયેલો આ પ્રયોગ, બે હજાર અગિયાર સુધી, વારંવાર, કરતા રહેલા.",0,9.416,0,not_selected_by_random,,,,
6694,"બ્રિસ્બેન શહેરના, વીસ લાખ લોકો, ખોરાક, દૂધની અછતનો, સામનો કરી રહ્યા છે, અને, હવે, અંધારપટનો, સામનો કરવા, ઝઝૂમી રહ્યા છે.",0,10.542,0,not_selected_by_random,,,,
6695,"અને, ઓગણીસો સીત્યોતેર માં, તેની ધર્મેન્દ્ર સાથે, ડ્રીમ ગર્લ નામની, ફિલ્મ, આવી ત્યારથી જ, તેને બોલીવૂડની, ડ્રીમ ગર્લ, ગણવામાં આવે છે.",0,9.613,1,,gujarati_female_006695.wav,a n a ee <wb> o g a nx a ii s a o <wb> s ii t y o t ee r a <wb> m a aa q <wb> t a ee n a ii <wb> dh a r a m a ee n a d a r a <wb> s a aa th a ee <wb> dx r ii m a <wb> g a r l a <wb> n a aa m a n a ii <wb> ph a i l a m a <wb> aa w a ii <wb> t a y a aa r a th a ii <wb> j a <wb> t a ee n a ee <wb> b o l ii w uu dx a n ii <wb> dx r ii m a <wb> g a r l a <wb> g a nx a w a aa m a aa q <wb> aa w a ee <wb> ch a ee,C0 C24 C0 C11 <wb> C26 C13 C0 C25 C0 C16 C30 C0 C26 <wb> C30 C16 C32 C38 C26 C32 C11 C29 C0 <wb> C22 C0 C1 C23 <wb> C32 C0 C11 C24 C0 C16 <wb> C8 C0 C29 C0 C22 C0 C11 C24 C0 C7 C0 C29 C0 <wb> C30 C0 C1 C33 C0 C11 <wb> C9 C29 C16 C22 C0 <wb> C13 C0 C29 C21 C0 <wb> C24 C0 C1 C22 C0 C24 C0 C16 <wb> C12 C0 C16 C21 C0 C22 C0 <wb> C1 C37 C0 C16 <wb> C32 C0 C38 C0 C1 C29 C0 C33 C0 C16 <wb> C17 C0 <wb> C32 C0 C11 C24 C0 C11 <wb> C3 C26 C21 C16 C37 C36 C9 C0 C24 C16 <wb> C9 C29 C16 C22 C0 <wb> C13 C0 C29 C21 C0 <wb> C13 C0 C25 C0 C37 C0 C1 C22 C0 C1 C23 <wb> C1 C37 C0 C11 <wb> C6 C0 C11,val
6696,"પણ સત્તા ને સંપત્તિના લોભે, ચાલતી લૂટ, તે ક્યાં સુધી વેંઢારી, શકવાની હતી, એમણે, પૂછ્યું છે.",0,7.578,0,not_selected_by_random,,,,
6697,"ઉત્તરાયણ, મકર સંક્રાતિ, એ, ઐતિહાસિક, સાંસ્કૃતિક, અને, ભૌગોલિક ઘટના છે.",0,6.207,0,not_selected_by_random,,,,
6698,"પણ જો, એને કેવળ, કૉંગ્રેસજ દેખાય, તો, એ એક, મોટી લડતને, સાંકડી તેળમાં, નાખવા જેવું છે.",0,7.932,0,not_selected_by_random,,,,
6699,"કોઇ કિસાન, પોતાનો ત્રણસો ફૂટનો, ટ્યુબવેલ વધારીને, ચારસો ફૂટનો, કરી નાખે, તો, તે બઘું પાણી, ખેંચી લે છે.",0,9.278,0,not_selected_by_random,,,,
6700,"મુંબઈ, દિલ્હી, કોલકત્તા, બેંગલોર, હૈદરાબાદ, અને, અમદાવાદ, સહિતના શહેરોમાં, બે હજાર અગિયાર ને, આવકારવા, પૂર બહાર માં, પાર્ટીઓ જામી હતી.",0,12.62,0,not_selected_by_random,,,,
6701,"હોમો સેપિયન્સ એટલે, અર્વાચીન માનવી. એ આજથી, લગભગ, બાર થી ચૌદ હજાર વર્ષો પહેલાં, છેક, પૂર્વ એશિયા નજીક, થયો ગણાય.",0,10.472,1,,gujarati_female_006701.wav,h o m o <wb> s ee p i y a n s a <wb> ee tx a l a ee <wb> a r w aa c ii n a <wb> m a aa n a w a ii <wb> ee <wb> aa j a th a ii <wb> l a g a bh a g a <wb> b a aa r a <wb> th a ii <wb> c a ou d a <wb> h a j a aa r a <wb> w a r a sx a o <wb> p a h a ee l a aa q <wb> ch a ee k a <wb> p a uu r a w a <wb> ee sh a i y a aa <wb> n a j a ii k a <wb> th a y a o <wb> g a nx a aa y a,C15 C26 C22 C26 <wb> C30 C11 C28 C16 C38 C0 C24 C30 C0 <wb> C11 C34 C0 C21 C0 C11 <wb> C0 C29 C37 C1 C5 C16 C24 C0 <wb> C22 C0 C1 C24 C0 C37 C0 C16 <wb> C11 <wb> C1 C17 C0 C33 C0 C16 <wb> C21 C0 C13 C0 C4 C0 C13 C0 <wb> C3 C0 C1 C29 C0 <wb> C33 C0 C16 <wb> C5 C0 C27 C7 C0 <wb> C15 C0 C17 C0 C1 C29 C0 <wb> C37 C0 C29 C0 C31 C0 C26 <wb> C28 C0 C15 C0 C11 C21 C0 C1 C23 <wb> C6 C0 C11 C19 C0 <wb> C28 C0 C36 C29 C0 C37 C0 <wb> C11 C31 C0 C16 C38 C0 C1 <wb> C24 C0 C17 C0 C16 C19 C0 <wb> C33 C0 C38 C0 C26 <wb> C13 C0 C25 C0 C1 C38 C0,train
6702,"આ પુસ્તકની, તીવ્ર અસર, હેઠળજ, આખી સર્વોદયની, વિચારધારા આવી, અને, ગાંધીને, દરિદ્ર નારાયણ ની, સેવાનો, માર્ગ મળ્યો.",0,10.147,1,,gujarati_female_006702.wav,aa <wb> p a u s a t a k a n a ii <wb> t a ii w a r a <wb> a s a r a <wb> h ee txh a lx a j a <wb> aa kh a ii <wb> s a r w o d a y a n ii <wb> w i c aa r a dh aa r aa <wb> aa w a ii <wb> a n a ee <wb> g a aa q dh a ii n a ee <wb> d a r i d r a <wb> n a aa r a aa y a nx a <wb> n a ii <wb> s ee w aa n o <wb> m a aa r a g a <wb> m a lx a y a o,C1 <wb> C28 C0 C36 C30 C0 C32 C0 C19 C0 C24 C0 C16 <wb> C32 C0 C16 C37 C0 C29 C0 <wb> C0 C30 C0 C29 C0 <wb> C15 C11 C35 C0 C21 C0 C17 C0 <wb> C1 C20 C0 C16 <wb> C30 C0 C29 C37 C26 C7 C0 C38 C0 C24 C16 <wb> C37 C16 C5 C1 C29 C0 C8 C1 C29 C1 <wb> C1 C37 C0 C16 <wb> C0 C24 C0 C11 <wb> C13 C0 C1 C23 C8 C0 C16 C24 C0 C11 <wb> C7 C0 C29 C16 C7 C29 C0 <wb> C24 C0 C1 C29 C0 C1 C38 C0 C25 C0 <wb> C24 C0 C16 <wb> C30 C11 C37 C1 C24 C26 <wb> C22 C0 C1 C29 C0 C13 C0 <wb> C22 C0 C21 C0 C38 C0 C26,train
6703,"ખાસ જગ્યામાં, રાખેલ, કોમ્પ્યૂટર માંથી, કમાંડ સંકેતો, પ્રથમ તબક્કામાં, રોકેટને, ધક્કો લગાવશે.",0,8.784,0,not_selected_by_random,,,,
6704,"જેમની જિનેટિક બ્લૂ પ્રિન્ટમાં, એકવડા બાંધાના જ રહેવાનું, પ્રોગ્રામિંગ થયું હોય.",0,6.674,0,not_selected_by_random,,,,
6705,"આ અંગે, શેમ તારાપોર વાળા કહે છે કે, આ મશીનમાં, જે પણ કંઇ, સ્ક્રીનમાં હોય, તે વોઇસમાં,, સંભળાય છે.",0,9.489,0,not_selected_by_random,,,,
6706,"પત્રમાં લખેલું હતું, કે, વાંજિયા મેણુ ભાગ્યું, અને, ચાલીસ વર્ષ બાદ, પુત્રનો જન્મ થયો, ત્યારે, દિકરીની ખુશીઓ, સમાતી નહતી.",0,10.618,0,not_selected_by_random,,,,
6707,"હવે તેઓ, તેમની ટ્રેનિંગ, અને, ફીટનેસ જાળવી રાખવાના, શેડયુલનો, આરંભ કરી દેશે.",0,6.866,0,not_selected_by_random,,,,
6708,"મૂળ, માડાગાસ્કરના, આ, મહાશય ભારતીય ઉનાળાના, આગ ઝરતા આભની નીચે, પણ, હસી હસીને, ફૂલ ઝર્યા કરે છે.",0,10.405,0,not_selected_by_random,,,,
6709,"જો કે, રૈના પણ, સાઉથ આફ્રિકા, અને, તે અગાઉ, ન્યુઝીલેન્ડ સામેની, શ્રેણીમાં, ફ્લોપ નીવડ્તો હતો.",0,7.647,0,not_selected_by_random,,,,
6710,"ત્રણસો ઈકોતેર રનના, પડકાર સામે, બાંગ્લાદેશના, પચાસ ઓવરોમાં, નવ વિકેટે, બસ્સો ત્યાંસી રન, અને, ભારતનો, સીત્યાસી રનથી, વિજય.",0,10.751,1,,gujarati_female_006710.wav,t a r a nx a s a o <wb> ii k a o t a ee r a <wb> r a n a n a aa <wb> p a dx a k a aa r a <wb> s a aa m a ee <wb> b a aa q g a l a aa d a ee sh a n a aa <wb> p a c a aa s a <wb> o w a r a o m a aa q <wb> n a w a <wb> w a i k a ee tx a ee <wb> b a s a s a o <wb> t a y a aa q s a ii <wb> r a n a <wb> a n a ee <wb> bh a aa r a t a n a o <wb> s ii t y aa s ii <wb> r a n a th ii <wb> w a i j a y a,C32 C0 C29 C0 C25 C0 C30 C0 C26 <wb> C16 C19 C0 C26 C32 C0 C11 C29 C0 <wb> C29 C0 C24 C0 C24 C0 C1 <wb> C28 C0 C9 C0 C19 C0 C1 C29 C0 <wb> C30 C0 C1 C22 C0 C11 <wb> C3 C0 C1 C23 C13 C0 C21 C0 C1 C7 C0 C11 C31 C0 C24 C0 C1 <wb> C28 C0 C5 C0 C1 C30 C0 <wb> C26 C37 C0 C29 C0 C26 C22 C0 C1 C23 <wb> C24 C0 C37 C0 <wb> C37 C0 C16 C19 C0 C11 C34 C0 C11 <wb> C3 C0 C30 C0 C30 C0 C26 <wb> C32 C0 C38 C0 C1 C23 C30 C0 C16 <wb> C29 C0 C24 C0 <wb> C0 C24 C0 C11 <wb> C4 C0 C1 C29 C0 C32 C0 C24 C0 C26 <wb> C30 C16 C32 C38 C1 C30 C16 <wb> C29 C0 C24 C0 C33 C16 <wb> C37 C0 C16 C17 C0 C38 C0,train
6711,"હોમીયાર, મોમેડજી, બોમ્બેના બ્લાઇન્ડ કોલેજ ના, પ્રોફેસર છે",0,4.908,0,not_selected_by_random,,,,
6712,"ઓગણીસો છન્નું માં, હરિદ્વારમાં યોજાયેલા, કુંભમેળામાં, ધક્કા મુક્કી થતાં, ઓગણ ચાલીસ લોકોના, મોત, થયાં હતાં.",0,9.549,0,not_selected_by_random,,,,
6713,"આમ, ગેબના ગાયક, બાપુસાહેબ ગાયકવાડે, અલ્પ, પણ અદ્‌ભુત રચનાઓ, આપી છે.",0,6.985,0,not_selected_by_random,,,,
6714,"ચુપચાપ તાક્યા કરતા, દીવાલો પરના ફોટા, નિરર્થક ખસ્યા કરતા, ઘડિયાળના કાંટા.",0,7.706,0,not_selected_by_random,,,,
6715,"અને, તલવારના દાવ ખેલવામાં, પૂર્ણ લાયકાત, પ્રાપ્ત કરવા, તાલીમ લેવા માંડી.",0,6.848,0,not_selected_by_random,,,,
6716,"આપણે, એ જાણવું જોઈએ કે, કાળા, ડિબાંગ કોલસાને, અને, શ્વેત પ્રકાશથી, ઝગમગતા હીરાને, શું સંબંધ છે ?",0,9.314,0,not_selected_by_random,,,,
6717,"અકસ્માત પછી, પીડિતોની અને, તેમની પછીની પેઢીઓની, જિંદગીમાં, ઝેર ઘોળવામાં, સરકારી નિષ્ક્રિયતાનો, વાંક સૌથી વધારે છે.",0,10.441,0,not_selected_by_random,,,,
6718,"સદા ઝૂલતો, છપ્પર ખાટ, સ્થિર લાકડું, થઈ ગયો, બાપુના શરીર જેવો.",0,5.83,0,not_selected_by_random,,,,
6719,"સીરામીકની બરણીમાં, ત્રીસ સેમ્પલ, ટ્યુબ રહેશે, જેમાં, દસ અલગ અલગ જાતિનાં, માઈક્રો ઓર્ગેનિઝમ હશે.",0,7.825,1,,gujarati_female_006719.wav,s a ii r a aa m a ii k a n a ii <wb> b a r a nx a ii m a aa q <wb> t a r a ii s a <wb> s a ee m a p a l a <wb> tx y u b a <wb> r a h a ee sh a ee <wb> j a ee m a aa q <wb> d a s a <wb> a l a g a <wb> a l a g a <wb> j aa t i n aa mq <wb> m a aa ii k a r a o <wb> o r a g a ee n a i jh a m a <wb> h a sh a ee,C30 C0 C16 C29 C0 C1 C22 C0 C16 C19 C0 C24 C0 C16 <wb> C3 C0 C29 C0 C25 C0 C16 C22 C0 C1 C23 <wb> C32 C0 C29 C0 C16 C30 C0 <wb> C30 C0 C11 C22 C0 C28 C0 C21 C0 <wb> C34 C38 C36 C3 C0 <wb> C29 C0 C15 C0 C11 C31 C0 C11 <wb> C17 C0 C11 C22 C0 C1 C23 <wb> C7 C0 C30 C0 <wb> C0 C21 C0 C13 C0 <wb> C0 C21 C0 C13 C0 <wb> C17 C1 C32 C16 C24 C1 C23 <wb> C22 C0 C1 C16 C19 C0 C29 C0 C26 <wb> C26 C29 C0 C13 C0 C11 C24 C0 C16 C18 C0 C22 C0 <wb> C15 C0 C31 C0 C11,train
6720,"શાકભાજી, ઘઉં, કઠોળ મોંઘાં થવા છતાં, ફુગાવો ઘટીને, સાત પોઈન્ટ પાંચ રૂપિયા, પ્રતિ કિલો, થઇ ગયા",0,8.041,0,not_selected_by_random,,,,
6721,"કૃશાંગ પટેલ, ચિંતન પટેલ, સમીત ગોહેલ, પાર્થ પરીખ, વિજય ગઢવી, અને, ભાવેશ બારિયાનો, સમાવેશ થયો છે.",0,10.312,0,not_selected_by_random,,,,
6722,"ઇન્ટર કોલેજ ટેનિસ, વૈદિક મુન્શાએ, બેવડા ટાઇટલ જીત્યા.",0,5.175,0,not_selected_by_random,,,,
6723,"તેલંગાના, ગુર્જર આંદોલન, અને, કૌભાંડોનો સીલસીલો, બે હજાર અગિયાર ને, દઝાડયા કરશે.",0,7.748,0,not_selected_by_random,,,,
6724,"દાખલા તરીકે, તને, સજીવ નામના, એક વૈદની વાર્તા સંભળાવીશ, ધ્યાનથી સાંભળ, અને, તારા લક્ષ્યનો નિર્ણય કર.",0,8.591,0,not_selected_by_random,,,,
6725,"શ્રાવણી સોમવારના, બિલીપત્ર પુજા, રૃદ્રી અભિષેક, માટે, હાલારના શિવાલયોમાં, શિવભક્તો દ્વારા, શિવ આરાધના, કરવામાં આવશે.",0,10.727,0,not_selected_by_random,,,,
6726,"ગુરૃત્વાકર્ષણના, સિધ્ધાંતને આધારે, સમસ્ત બ્રહ્માંડમાં, તારાઓ, ગ્રહો, નિહારિકાઓ, અને, લઘુ ગ્રહો, પૃથ્વી તરફ, ખેચાય છે",0,9.956,0,not_selected_by_random,,,,
6727,"પણ, ટીમ અણ્ણાએ, આ અંગે, કોઈ વિવેક નહીં કરતાં, કેવળ, કૉંગ્રેસવિરોધનું, વલણ દાખવ્યું, એ જ એકમાત્ર, ટીકામુદ્દો નથી.",0,10.475,0,not_selected_by_random,,,,
6728,"અબ્બાસે, પોતાના વકીલની, ફી ચૂકવવા માટે, પોતાની ટેક્ષી પણ, વેચી કાઢી હોય છે, અને, આખરે તે, કોર્ટમાં, કેસ, હારી જાય છે.",0,9.928,0,not_selected_by_random,,,,
6729,"સગવડ પ્રત્યે, દ્વેષ રાખનાર, પ્યુરિટનો, સુખવિરોધી, અને, જીવનવિરોધી, વાતો કરતાં જ, રહે છે.",0,7.251,0,not_selected_by_random,,,,
6730,"નાઇટ હુડને, દો ટૂક, અભિવ્યક્તિ સાથે, પરત કરી શકતા, રવીન્દ્ર નાથની, દેશ પ્રીતિ, રાષ્ટ્ર – વાદમાં, રહેલાં, ભય - સ્થાનોને પણ, પ્રીછી, શકતી હતી.",0,12.583,0,not_selected_by_random,,,,
6731,"ક્યાંય એવો ઉલ્લેખ નથી, કે, જલિયાંવાલા અત્યાચારને, પગલે, રવીન્દ્ર નાથે, સરનો ખિતાબ, - નાઇટ હુડ, ફગાવી દીધો હતો.",0,10.054,0,not_selected_by_random,,,,
6732,"ઈચ્છા - અગણિત, અડાબીડ, ઘનઘોર ઈચ્છાઓ.",0,4.061,0,not_selected_by_random,,,,
6733,"ચોમાસું ગાળી, બચ્ચા ઉછેરી, ઓગષ્ટ માસમાં, ફરી, દક્ષિણ ભારત તરફ, પ્રસ્થાન કરી જાય.",0,7.569,0,not_selected_by_random,,,,
6734,"તપ્ત ગરમીનું ઘેન, ઉતારવા માટેના, આયુર્વેદિક ગુણો, બિલ્વપત્રમાં છે.",0,5.805,1,,gujarati_female_006734.wav,t a p t a <wb> g a r a m ii n u mq <wb> gh ee n a <wb> u t a aa r a w a aa <wb> m a aa tx a ee n a aa <wb> aa y a u r a w a ee d a i k a <wb> g a u nx a o <wb> b i l w a p a t r a m aa mq <wb> ch a ee,C32 C0 C28 C32 C0 <wb> C13 C0 C29 C0 C22 C16 C24 C36 C23 <wb> C14 C11 C24 C0 <wb> C36 C32 C0 C1 C29 C0 C37 C0 C1 <wb> C22 C0 C1 C34 C0 C11 C24 C0 C1 <wb> C1 C38 C0 C36 C29 C0 C37 C0 C11 C7 C0 C16 C19 C0 <wb> C13 C0 C36 C25 C0 C26 <wb> C3 C16 C21 C37 C0 C28 C0 C32 C29 C0 C22 C1 C23 <wb> C6 C0 C11,train
6735,"જોકે, આજની બપોર, અનુભવ્યા પછી, ઋતુસંહારમાં, આવેલું, ગ્રીષ્મનું વર્ણન, ધ્યાનમાં આવે.",0,8.282,0,not_selected_by_random,,,,
6736,"સચિનના, એકસો ત્રેવીસ રનની, મદદથી, ભારતે, અડતાલીસ ઓવરમાં, છ વિકેટે, ત્રણસો પંદર રન, બનાવ્યા હતા.",0,9.473,0,not_selected_by_random,,,,
6737,"જો તેણે, ચૌદ રન, વધુ કર્યા હોત, તો, વર્લ્ડકપના, ઈતિહાસમાં, સૌથી વધુ, એકસો અઠ્યાસી રનનો, ગેરી કર્સ્ટનનો, રેકોર્ડ, તોડયો હોત.",0,11.111,0,not_selected_by_random,,,,
6738,"વિપશ્યના, એટલે, વિશિષ્ટ રીતે, જોવું, - પેખવું, - નીરખવું.",0,4.887,0,not_selected_by_random,,,,
6739,"સરબજીતના વકીલ, અવૈસ શેખે, કહ્યા મુજબ, પાકિસ્તાની સરકારે, આંતરરાષ્ટ્રીય સમુદાયને, સારો સંકેત, આપ્યો નથી.",0,9.641,0,not_selected_by_random,,,,
6740,"પશ્ચિમના દેશો, અમેરિકામાં, નવા જન્મતા બાળકોના, પહેલા પાણીના, ઘૂંટડામાં, સોમલ ઝેર, અંશ દેખાય છે.",0,8.937,0,not_selected_by_random,,,,
6741,"વીસમી સદીના પ્રારંભમાં, થોમસ આલ્વા અડિસને, ભવિષ્યવાણી કરી હતી કે, શાળાઓમાંથી, ટૂંક સમયમાં જ, પુસ્તકો જતા રહેશે.",0,10.174,0,not_selected_by_random,,,,
6742,"સર્ગ, વિસર્ગ, વૃત્તિ, રક્ષા, મન્વંતર, વંશ, વંશાનુચરિત, સંસ્થા, હેતુ, અને, આશ્રય.",0,9.007,0,not_selected_by_random,,,,
6743,"મેઘરાજાની કૃપાએ, રથયાત્રાનો માહોલ, શ્રઘ્ધાથી છલકાવી, દીધો હતો.",0,6.013,0,not_selected_by_random,,,,
6744,"બેતાલીસ માંથી, ઝિમ્બાબ્વે, કેન્યા, નેધરલેન્ડ, આયર્લેન્ડ, કેનેડા જેવી, ટીમોની મેચોની, સંખ્યા, છવ્વીસ છે !",0,10.169,0,not_selected_by_random,,,,
6745,"ઓલમ્પિકમાં, ભારતના એક્યાસી ખેલાડીઓ, ભાગ લેશે, - આજથી, ટ્રેનિંગનો પ્રારંભ.",0,6.48,0,not_selected_by_random,,,,
6746,"ત્યારે, ઓસ્ટ્રેલિયાના, ભૂતપૂર્વ કેપ્ટન, બીલ લોરીએ, આંતરરાષ્ટ્રીય વન ડે ક્રિકેટના, જનક તરીકેનો શ્રેય, સર, ડોન બ્રેડમેનને, આપ્યો હતો.",0,11.61,1,,gujarati_female_006746.wav,t a y a aa r a ee <wb> o s a tx a r a ee l a i y a aa n a aa <wb> bh a uu t a p a uu r a w a <wb> k a ee p a tx a n a <wb> b a ii l a <wb> l o r ii ee <wb> aa q t a r a r a aa sx a tx a r a ii y a <wb> w a n a <wb> dx a ee <wb> k a r a i k a ee tx a n a aa <wb> j a n a k a <wb> t a r ii k ee n o <wb> sh a r a ee y a <wb> s a r a <wb> dx a o n a <wb> b r ee dx a m ee n a n ee <wb> aa p a y a o <wb> h a t a o,C32 C0 C38 C0 C1 C29 C0 C11 <wb> C26 C30 C0 C34 C0 C29 C0 C11 C21 C0 C16 C38 C0 C1 C24 C0 C1 <wb> C4 C0 C36 C32 C0 C28 C0 C36 C29 C0 C37 C0 <wb> C19 C0 C11 C28 C0 C34 C0 C24 C0 <wb> C3 C0 C16 C21 C0 <wb> C21 C26 C29 C16 C11 <wb> C1 C23 C32 C0 C29 C0 C29 C0 C1 C31 C0 C34 C0 C29 C0 C16 C38 C0 <wb> C37 C0 C24 C0 <wb> C9 C0 C11 <wb> C19 C0 C29 C0 C16 C19 C0 C11 C34 C0 C24 C0 C1 <wb> C17 C0 C24 C0 C19 C0 <wb> C32 C0 C29 C16 C19 C11 C24 C26 <wb> C31 C0 C29 C0 C11 C38 C0 <wb> C30 C0 C29 C0 <wb> C9 C0 C26 C24 C0 <wb> C3 C29 C11 C9 C0 C22 C11 C24 C0 C24 C11 <wb> C1 C28 C0 C38 C0 C26 <wb> C15 C0 C32 C0 C26,train
6747,"ભારતની સૌથી મોટી, ઔદ્યોગિક દુર્ઘટના તરીકે, ઓળખાતી, ભોપાલ ગેસ દુર્ઘટના, યુનિઅન કાર્બાઇડ ઇન્ડિયા કંપનીની, બેદરકારીનું, પરિણામ હતી.",0,11.037,0,not_selected_by_random,,,,
6748,"બે હજાર સાત ની સાલમાં, ઇંગ્લેન્ડની ધરતી ઉપર, એકવીસ વર્ષ પછી, ભારતને, વિજય અપાવનારી, ટીમનો સુકાની, રાહુલ દ્રવિડ હતો.",0,10.16,0,not_selected_by_random,,,,
6749,"ઓગણીસો ચોર્યાસી ના, ભોપાલ ગેસકાંડમાં, થયેલા જાનમાલની નુકસાનની, ભરપાઈની જવાબદારી.",0,7.238,0,not_selected_by_random,,,,
6750,"મેં એમની વાત સાંભળી, અને, એમને મંત્રશાસ્ત્રનાં, સાગરમાંથી, લક્ષ્મીદેવીને, ઘરમાં, સ્થિર કરવાનું, મંત્રરૂપી, અમૂલ્ય મોતી આપ્યું.",0,10.642,0,not_selected_by_random,,,,
6751,"હેરીસની સૂચના પ્રમાણે, સીએન્સ દરમિયાન, બધાએ પોતાની બાજુમાં, બેઠેલાનો, હાથ પકડી, સાંકળ બનાવી દીધી.",0,8.854,0,not_selected_by_random,,,,
6752,"આ સંશોધન, નવી પ્રજાતિ, ઝિઆઓટિનગીઓ, ઝહેંન્ગી ના, જીવાશ્મ, મળી આવતાં, તેની સાથે, આરકીઓપટેરિક્સના, જીવાશ્મને, સરખાવતાં થઈ છે.",0,13.112,0,not_selected_by_random,,,,
6753,"ત્યારે, રવીન્દ્રનાથે, પરાધીન ભારતમાં, એક તબક્કે, ‘સિવિલ લબર્ટીઝ યુનિયન’ની, અધ્યક્ષતા સંભાળી હતી, એની સાર્થકતા, આજે સમજાય છે.",0,11.509,0,not_selected_by_random,,,,
6754,"ઇતની શક્તિ, હમે દેના દાતા, પ્રાર્થના નિયમિત કરીને, જુસ્સો, અને, શ્રદ્ધા મેળવું છું.",0,6.794,0,not_selected_by_random,,,,
6755,"ટીમ, મિસ્બાહ, ઉલ હક, અને, આફ્રિદી એમ, બે જુથમાં, વહેંચાઈ જશે.",0,5.67,0,not_selected_by_random,,,,
6756,"સ્વૈચ્છિક સંસ્થાઓને, વિદેશી તત્વો, તરીકે ગણવાની, માગણી કરતા, બિલને, રશિયાની સંસદનો, પ્રાથમિક ટેકો, મળી ગયો છે.",0,9.841,0,not_selected_by_random,,,,
6757,"ઘોસ્ટકારની, ખાસીયત એ છે કે, તે, ગ્લાસ જેવાં દેખાતા, ટ્રાન્સપરન્ટ એટલે કે, સંપૂર્ણ પારદર્શક પ્લાસ્ટીકની બનેલી છે.",0,8.916,1,,gujarati_female_006757.wav,gh o s tx a k aa r a n ii <wb> kh aa s ii y a t a <wb> ee <wb> ch a ee <wb> k a ee <wb> t a ee <wb> g l aa s a <wb> j a ee w a aa q <wb> d a ee kh a aa t a aa <wb> tx r aa n s a p a r a n tx a <wb> ee tx a l a ee <wb> k a ee <wb> s a q p a uu r a nx a <wb> p a aa r a d a r a sh a k a <wb> p l aa s tx ii k a n ii <wb> b a n a ee l a ii <wb> ch a ee,C14 C26 C30 C34 C0 C19 C1 C29 C0 C24 C16 <wb> C20 C1 C30 C16 C38 C0 C32 C0 <wb> C11 <wb> C6 C0 C11 <wb> C19 C0 C11 <wb> C32 C0 C11 <wb> C13 C21 C1 C30 C0 <wb> C17 C0 C11 C37 C0 C1 C23 <wb> C7 C0 C11 C20 C0 C1 C32 C0 C1 <wb> C34 C29 C1 C24 C30 C0 C28 C0 C29 C0 C24 C34 C0 <wb> C11 C34 C0 C21 C0 C11 <wb> C19 C0 C11 <wb> C30 C0 C23 C28 C0 C36 C29 C0 C25 C0 <wb> C28 C0 C1 C29 C0 C7 C0 C29 C0 C31 C0 C19 C0 <wb> C28 C21 C1 C30 C34 C16 C19 C0 C24 C16 <wb> C3 C0 C24 C0 C11 C21 C0 C16 <wb> C6 C0 C11,train
6758,"આ, સ્વકેન્દ્રિયતા અને, કૂપમંડૂકવૃત્તિ, સમાજના જીવનમાં, ખૂબ ઊંડે ઊંડે, પ્રસરી ગઈ છે.",0,8.137,0,not_selected_by_random,,,,
6759,"શ્રીકૃષ્ણ, અને, રૂકિમણી, દુર્વાસાનો સ્વભાવ, જાણતા હતાં, એટલે તુરંત જ, ખીર બનાવી પીરસી.",0,7.758,0,not_selected_by_random,,,,
6760,"બે હજાર સાત, ના વર્લ્ડ કપમાં, આયોજકોએ, ગંભીર ભૂલ, કરતાં, ગ્રુપિંગ એ, રીતે કર્યું હતું.",0,7.732,1,,gujarati_female_006760.wav,b a ee <wb> h a j a aa r a <wb> s a aa t a <wb> n a aa <wb> w a r a l a dx a <wb> k a p a m a aa q <wb> aa y o j a k o ee <wb> g a q bh a ii r a <wb> bh a uu l a <wb> k a r a t a aa q <wb> g r u p i mq g a <wb> ee <wb> r a ii t a ee <wb> k a r a y a u q <wb> h a t a u q,C3 C0 C11 <wb> C15 C0 C17 C0 C1 C29 C0 <wb> C30 C0 C1 C32 C0 <wb> C24 C0 C1 <wb> C37 C0 C29 C0 C21 C0 C9 C0 <wb> C19 C0 C28 C0 C22 C0 C1 C23 <wb> C1 C38 C26 C17 C0 C19 C26 C11 <wb> C13 C0 C23 C4 C0 C16 C29 C0 <wb> C4 C0 C36 C21 C0 <wb> C19 C0 C29 C0 C32 C0 C1 C23 <wb> C13 C29 C36 C28 C16 C23 C13 C0 <wb> C11 <wb> C29 C0 C16 C32 C0 C11 <wb> C19 C0 C29 C0 C38 C0 C36 C23 <wb> C15 C0 C32 C0 C36 C23,train
6761,"આજથી દસ વર્ષ પહેલા, એટલે કે, ફેબ્રુઆરી બે હજાર એક માં, વિજ્ઞાન જગતમાં, એક નવી, ક્રાંતિ આવી હતી.",0,8.428,0,not_selected_by_random,,,,
6762,"પણ જો, મેં હિંમત કરી, બાણ માર્યું હોત, તો, આ બધું, અઢળક ધન, મને જ મળત ને ?",0,6.533,0,not_selected_by_random,,,,
6763,"સાઉથ કોરિયાના, સેઉલમાં, એક લાખ લોકોએ, એક જ સ્થળે, એકઠા થઈને, બેલ - રીંગીંગ સેરેમનીમાં, ભાગ લીધો હતો.",0,9.51,0,not_selected_by_random,,,,
6764,"કોઈપણ વ્યક્તિ, ડિસ્કાઉન્ટ અને, ફ્રી ચેકઅપ માટે, એ સમય, ફાળવી લઇ છે .",0,5.402,0,not_selected_by_random,,,,
6765,"એરવિન જોસેફ, એક, સેલ્સ રિપ્રેઝેન્ટેટિવ છે, અને, ભારતમાં, આધુનિક સાઇકલો, વેચે છે.",0,6.922,0,not_selected_by_random,,,,
6766,"રૈવતાચળ, ઉજ્જયંત, આદિ નામે, ઓળખાતો, પુરાણ પ્રસિદ્ધ, ગરવો ગિરનાર.",0,6.525,1,,gujarati_female_006766.wav,r ei w a t aa c a lx a <wb> u j j a y a mq t a <wb> aa d a i <wb> n a aa m a ee <wb> o lx a kh a aa t a o <wb> p a u r a aa nx a <wb> p a r a s a i d a dh a <wb> g a r a w o <wb> g a i r a n a aa r a,C29 C2 C37 C0 C32 C1 C5 C0 C21 C0 <wb> C36 C17 C17 C0 C38 C0 C23 C32 C0 <wb> C1 C7 C0 C16 <wb> C24 C0 C1 C22 C0 C11 <wb> C26 C21 C0 C20 C0 C1 C32 C0 C26 <wb> C28 C0 C36 C29 C0 C1 C25 C0 <wb> C28 C0 C29 C0 C30 C0 C16 C7 C0 C8 C0 <wb> C13 C0 C29 C0 C37 C26 <wb> C13 C0 C16 C29 C0 C24 C0 C1 C29 C0,train
6767,"કંઈ ને કંઈ આપત્તિ, આપણી ઉપર, તૂટી પડવાનો ભય, આપણા, શંકા ગ્રસ્ત મનમાં, અડાબીડ, ઊગી નીકળ્યો છે.",0,8.441,0,not_selected_by_random,,,,
6768,"જો કે, મા જાણતી હતી, કે, ભાર્ગવ ઊંચો, અને હૃષ્ટ પુષ્ટ હોવાથી, તેને, વધારે ખોરાકની, જરૂર પડે છે.",0,8.328,0,not_selected_by_random,,,,
6769,"આ પ્રોબ સાથે, 'પ્લેનેટરી સોસાયટી', એક સીલબંધ કેપ્સ્યુલ, મોકલવા, માંગે છે.",0,6.063,0,not_selected_by_random,,,,
6770,"પૂર્વ ગ્રહો, વિકારો, ઈર્ષ્યા, લોભ, અને, અવાંછિત માહિતીથી, ગૂંગળાવી દીધો છે.",0,6.534,0,not_selected_by_random,,,,
6771,"એ માટેની, સૌથી સામાન્ય પદ્ધતિ, સિટી - ગાઇડેડ બાયોપ્સી છે, જેમાં, એકદમ પાતળી નિડલ, સોઈ ટ્યુમરમાં, નખાય છે.",0,9.051,0,not_selected_by_random,,,,
6772,"ઓડિયો આઉટપુટ માટે, વોલ્યુમ કન્ટ્રોલની સાથે, લો વિઝન વ્યક્તિઓ, માટે, ક્લિયર એલ ઇ ડી, ઇન્ડિકેટર પણ છે.",0,9.468,0,not_selected_by_random,,,,
6773,"ને, સીમ – વૃક્ષો, - નદી, - તળાવ, સાથે દોસ્તી, બાંધી.",0,4.875,0,not_selected_by_random,,,,
6774,"અને, એકત્રીસ મી જુલાઇ સુધીમાં, મોડલ રોડની, ફૂટપાથ કે, રોડ ઉપર બેસતાં, ધંધાર્થીઓને, વૈકલ્પિક જગ્યાએ, ખસેડી દેવાશે.",0,10.175,0,not_selected_by_random,,,,
6775,"પિયરની કંગાલ હાલત, પોતાના સાસરિયા જાણી જાય, એ, એના સ્વમાની આત્માને, સહેજ પણ, મંજૂર ન હતું.",0,8.432,0,not_selected_by_random,,,,
6776,"જો મોદી, નસીબદાર રહ્યા, જો તેઓ, વિનમ્ર બની રહેશે, ભૂતકાળની ઘટનાઓ માટે, સાચ્ચે જ ખેદ વ્યક્ત કરતા રહેશે, અને, સાચાં પગલાં, લેતા રહેશે.",0,12.001,0,not_selected_by_random,,,,
6777,"તે સ્થળ, નું એપીસેન્ટર, નુકશાન ગ્રસ્ત પરમાણુ પ્લાન્ટ ની, દક્ષિણ દિશામાંથી, એક્યાસી કિલોમીટર, દુર હતું.",0,8.94,1,,gujarati_female_006777.wav,t a ee <wb> s a th a lx a <wb> n a u q <wb> ee p ii s ee n tx a r a <wb> n u k a sh aa n a <wb> g r a s t a <wb> p a r a m a aa nx a u <wb> p a l a aa n a tx a <wb> n a ii <wb> d a k a sx a i nx a <wb> d i sh aa m aa mq th ii <wb> ee k y aa s ii <wb> k a i l a o m a ii tx a r a <wb> d a u r a <wb> h a t a u q,C32 C0 C11 <wb> C30 C0 C33 C0 C21 C0 <wb> C24 C0 C36 C23 <wb> C11 C28 C16 C30 C11 C24 C34 C0 C29 C0 <wb> C24 C36 C19 C0 C31 C1 C24 C0 <wb> C13 C29 C0 C30 C32 C0 <wb> C28 C0 C29 C0 C22 C0 C1 C25 C0 C36 <wb> C28 C0 C21 C0 C1 C24 C0 C34 C0 <wb> C24 C0 C16 <wb> C7 C0 C19 C0 C31 C0 C16 C25 C0 <wb> C7 C16 C31 C1 C22 C1 C23 C33 C16 <wb> C11 C19 C38 C1 C30 C16 <wb> C19 C0 C16 C21 C0 C26 C22 C0 C16 C34 C0 C29 C0 <wb> C7 C0 C36 C29 C0 <wb> C15 C0 C32 C0 C36 C23,train
6778,"સાધુએ કહ્યું, રોગીઓ પ્રત્યે તારી શ્રદ્ધા, ધનને માટે, ન ઝૂકનારો તારો નિઃ સ્વાર્થ સેવા ભાવ, તથા, સાધુઓ પ્રત્યે, તારો આદર ભાવ, અદ્ભુત છે.",0,11.347,0,not_selected_by_random,,,,
6779,"ન્યુ જર્સીમાં, છેલ્લા વીસ વર્ષથી રહેતા, અને, સોફ્‌ટવેર એન્જિનિયર એવા, રાજન ના પપ્પા, સૌરભ પટેલ કહે છે.",0,8.578,0,not_selected_by_random,,,,
6780,"બપોરને કૂતરાની ઉપમા આપનાર, નવો કવિ, હરીન્દ્રનાથ, ચટ્ટોપાધ્યાય છે.",0,5.87,0,not_selected_by_random,,,,
6781,"વર્તમાન પેઢીના, ક્રિકેટરો, ટેસ્ટ ક્રિકેટને, વધારે પ્રાધાન્ય, આપ્યા વિના, ટ્વેન્ટી - ટ્વેન્ટી ફોર્મેટ ઉપર, વધારે ઘ્યાન, કેન્દ્રિત, કરે છે.",0,9.624,0,not_selected_by_random,,,,
6782,"આ દરમિયાન, પિતરાઈ બહેન, નાદિયાને, પોતાના, એલજીબ્રા હોમવર્ક માટે, તેમની, મદદની જરૂર પડી.",0,7.988,1,,gujarati_female_006782.wav,aa <wb> d a r a m a i y a aa n a <wb> p i t a r aa ii <wb> b a h a ee n a <wb> n aa d i y aa n ee <wb> p a o t a aa n a aa <wb> ee l a j ii b r aa <wb> h o m a w a r k a <wb> m a aa tx a ee <wb> t a ee m a n a ii <wb> m a d a d a n ii <wb> j a r a uu r a <wb> p a dx a ii,C1 <wb> C7 C0 C29 C0 C22 C0 C16 C38 C0 C1 C24 C0 <wb> C28 C16 C32 C0 C29 C1 C16 <wb> C3 C0 C15 C0 C11 C24 C0 <wb> C24 C1 C7 C16 C38 C1 C24 C11 <wb> C28 C0 C26 C32 C0 C1 C24 C0 C1 <wb> C11 C21 C0 C17 C16 C3 C29 C1 <wb> C15 C26 C22 C0 C37 C0 C29 C19 C0 <wb> C22 C0 C1 C34 C0 C11 <wb> C32 C0 C11 C22 C0 C24 C0 C16 <wb> C22 C0 C7 C0 C7 C0 C24 C16 <wb> C17 C0 C29 C0 C36 C29 C0 <wb> C28 C0 C9 C0 C16,train
6783,"જે રીતે, ખૂંખાર આતંક વાદીને, તેના જ કિલ્લા જેવા, અડ્ડામાં, ઠાર માર્યો.",0,6.296,0,not_selected_by_random,,,,
6784,"ચેરનોબીલમાં, થયેલ દુર્ઘટનામાં, પણ, વિસ્ફોટ કેન્દ્રભાગમાં, વધી રહેલ દબાણ, અને હાઈડ્રોજનનાં, કારણે, થયો હતો.",0,8.969,0,not_selected_by_random,,,,
6785,"વર્તમાન કોમ્પ્ટ્રોલર એન્ડ, ઓડિટર જનરલ, વિનોદ રાય, એક ડગલું, આગળ વધ્યા છે.",0,6.95,0,not_selected_by_random,,,,
6786,"તેમાં પણ, ઝિમ્બાબ્વે, કેનેડા, કેન્યા, નેધરલેન્ડ, આયર્લેન્ડ, જેવી ટીમો, એકબીજા સામેની, ગ્રુપ મેચો, રમશે, તેની સંખ્યા, છવ્વીસ મેચો, થાય છે.",0,12.444,0,not_selected_by_random,,,,
6787,"ધર્મનું સેવન કરવા માટે, નિત્યે, ધર્મશાસ્ત્રનું પઠન, પાઠન, શ્રવણ, અને, નિદિદયાસ કરવો જોઈએ.",0,8.791,0,not_selected_by_random,,,,
6788,"શિવરાત્રી નિમિત્તે, શહેરના, સેક્ટર બાવીસ માં, આવેલા, પંચદેવ મહાદેવ મંદિર ખાતે, લોકમેળો યોજાયો હતો.",0,8.788,0,not_selected_by_random,,,,
6789,"બાબી રૂલર્સ, ઓફ સોરઠ, ગ્રંથો અને ઈતિહાસકારો, શ્રી, શંભુ પ્રસાદ દેસાઈની, રચનાઓ છે.",0,7.599,0,not_selected_by_random,,,,
6790,"આંતરીક્ષ, એટલે કે, સ્પેસમાં આવેલ, કોઈ પ્લેનેટ, સીસ્ટમમાં જીવસૃષ્ટી, વિકાસ પામી રહી છે, કે, વિકાસ, પામી ચુકી છે?",0,9.966,0,not_selected_by_random,,,,
6791,"આ પ્રથમ, મેળાપમાં જ, ઈન્દ્રભૂતિ ગૌતમના, અહંકારનો, ભાંગીને, ભૂક્કો, બોલી ગયો.",0,6.633,0,not_selected_by_random,,,,
6792,"હ્યુમન જેનોમનાં, પ્રથમ ડ્રાફ્ટનાં, કારણે, વર્ષ બાદ, હ્યુમન જીનેટીક્સ, માટેનો, રોડ મેપ, તૈયાર થઈ ચુક્યો છે.",0,9.437,0,not_selected_by_random,,,,
6793,"ગયા વર્ષે, જ્યારે, એ આર રહેમાનના, સંગીત મઢ્‌યું, સત્યમેવ જયતે, ગવાયું, ત્યારે, લોકો ઝુમી ઊઠ્યા હતા.",0,8.336,1,,gujarati_female_006793.wav,g a y a aa <wb> w a r a sx a ee <wb> j a y a aa r a ee <wb> ee <wb> aa r a <wb> r a h ee m aa n a n aa <wb> s a q g a ii t a <wb> m a dxh y u mq <wb> s a t y a m ee w a <wb> j a y a t ee <wb> g a w aa y u mq <wb> t a y a aa r a ee <wb> l a o k a o <wb> jh u m ii <wb> uu txh a y a aa <wb> h a t a aa,C13 C0 C38 C0 C1 <wb> C37 C0 C29 C0 C31 C0 C11 <wb> C17 C0 C38 C0 C1 C29 C0 C11 <wb> C11 <wb> C1 C29 C0 <wb> C29 C0 C15 C11 C22 C1 C24 C0 C24 C1 <wb> C30 C0 C23 C13 C0 C16 C32 C0 <wb> C22 C0 C10 C38 C36 C23 <wb> C30 C0 C32 C38 C0 C22 C11 C37 C0 <wb> C17 C0 C38 C0 C32 C11 <wb> C13 C0 C37 C1 C38 C36 C23 <wb> C32 C0 C38 C0 C1 C29 C0 C11 <wb> C21 C0 C26 C19 C0 C26 <wb> C18 C36 C22 C16 <wb> C36 C35 C0 C38 C0 C1 <wb> C15 C0 C32 C0 C1,train
6794,"આખરે, ‘માસૂમ’, ને, ‘ગૃહ પ્રવેશ’ માં, કુટુંબ સચવાઈ જાય છે.",0,4.971,0,not_selected_by_random,,,,
6795,"ખેતરના શેઢે, વાડ, જળાશયોના ચીયામાં, કે, ઘાસના બીડમાં, લપાતું, - છૂપાતું, ફરે.",0,7.798,0,not_selected_by_random,,,,
6796,"તેના આશરે, ચારસો પચાસ પાઇલટની, અઠ્ઠાવન દિવસની, હડતાળનો, બુધવારે અંત આવ્યો.",0,7.357,0,not_selected_by_random,,,,
6797,"ક્યારેક, એમાંથી પંખીઓનું ઝુંડ ઊડે, અને, ટેકરી તાળીઓ પાડતી, ખિલખિલાટ, હસી પડે.",0,7.059,0,not_selected_by_random,,,,
6798,"ભૂંકવાનો અવાજ સાંભળીને, ખેતરનો રખેવાળ, દોડી આવ્યો.",0,4.862,0,not_selected_by_random,,,,
6799,"એણે, નિશ્ચય કર્યો કે, આ મૂરખાને પાઠ ભણાવું, દાનશીલ બનાવું, નહિતર, એ તો, કુળને બોળશે.",0,8.041,0,not_selected_by_random,,,,
6800,"તેમની વસતિ, આ સ્થળે હતી, એ દરમ્યાન, પણ, ફ્રાન્સ, ઓસ્ટ્રિયા, તથા, ઈજીપ્તના થોડાક લોકોએ, અહીં, સંશોધનો હાથ, ધર્યા હતા.",0,10.116,0,not_selected_by_random,,,,
6801,"બોમ્બે હાઇકોર્ટની, ઓરંગાબાદ બંકે, મંગળવારે એક, મહત્વપૂર્ણ આદેશ આપતાં, અહેમદ નગર જિલ્લામાં, શિરડી ખાતે ની બેંક, બંધ કરી દીધી.",0,10.992,0,not_selected_by_random,,,,
6802,"શિરીષનાં ફૂલનો સુંવાળો, મૃદુ, મીઠો, લીલો કુમાશભર્યો સ્પર્શ !",0,5.155,1,,gujarati_female_006802.wav,sh i r ii sx a n aa mq <wb> ph uu l a n o <wb> s u mq w aa lx o <wb> m a d a u <wb> m ii txh o <wb> l a ii l a o <wb> k u m aa sh a bh a r y o <wb> s a p a r a sh a,C31 C16 C29 C16 C31 C0 C24 C1 C23 <wb> C12 C36 C21 C0 C24 C26 <wb> C30 C36 C23 C37 C1 C21 C26 <wb> C22 C0 C7 C0 C36 <wb> C22 C16 C35 C26 <wb> C21 C0 C16 C21 C0 C26 <wb> C19 C36 C22 C1 C31 C0 C4 C0 C29 C38 C26 <wb> C30 C0 C28 C0 C29 C0 C31 C0,train
6803,"આજે યોજાયેલી, વર્કિંગ કમિટિ બાદ, એક સભ્યે, જણાવ્યું હતું કે, કિરણ મોરેએ, આઇસીએલમાં, જોડાવવા બદલ, માફી માગી લીધી છે.",0,10.077,1,,gujarati_female_006803.wav,aa j a ee <wb> y o j aa y ee l ii <wb> w a r k i mq g a <wb> k a m i tx i <wb> b a aa d a <wb> ee k a <wb> s a bh y ee <wb> j a nx a aa w a y a u q <wb> h a t a u q <wb> k a ee <wb> k i r a nx a <wb> m o r ee ee <wb> aa i s ii ee l a m aa mq <wb> j o dx aa w a w aa <wb> b a d a l a <wb> m a aa ph a ii <wb> m aa g ii <wb> l a ii dh a ii <wb> ch a ee,C1 C17 C0 C11 <wb> C38 C26 C17 C1 C38 C11 C21 C16 <wb> C37 C0 C29 C19 C16 C23 C13 C0 <wb> C19 C0 C22 C16 C34 C16 <wb> C3 C0 C1 C7 C0 <wb> C11 C19 C0 <wb> C30 C0 C4 C38 C11 <wb> C17 C0 C25 C0 C1 C37 C0 C38 C0 C36 C23 <wb> C15 C0 C32 C0 C36 C23 <wb> C19 C0 C11 <wb> C19 C16 C29 C0 C25 C0 <wb> C22 C26 C29 C11 C11 <wb> C1 C16 C30 C16 C11 C21 C0 C22 C1 C23 <wb> C17 C26 C9 C1 C37 C0 C37 C1 <wb> C3 C0 C7 C0 C21 C0 <wb> C22 C0 C1 C12 C0 C16 <wb> C22 C1 C13 C16 <wb> C21 C0 C16 C8 C0 C16 <wb> C6 C0 C11,train
6804,"રવૈયા વસ્તા વૈયા, આ ગીત ગાતા ગાતા, ગરીબ મજૂરો, આનંદવિભોર, થઇ, નાચતા બતાવ્યા છે.",0,7.895,1,,gujarati_female_006804.wav,r a w ei y aa <wb> w a s t aa <wb> w ei y aa <wb> aa <wb> g a ii t a <wb> g aa t aa <wb> g aa t aa <wb> g a r a ii b a <wb> m a j a uu r a o <wb> aa n a mq d a w i bh o r a <wb> th a i <wb> n aa c a t aa <wb> b a t a aa w a y a aa <wb> ch a ee,C29 C0 C37 C2 C38 C1 <wb> C37 C0 C30 C32 C1 <wb> C37 C2 C38 C1 <wb> C1 <wb> C13 C0 C16 C32 C0 <wb> C13 C1 C32 C1 <wb> C13 C1 C32 C1 <wb> C13 C0 C29 C0 C16 C3 C0 <wb> C22 C0 C17 C0 C36 C29 C0 C26 <wb> C1 C24 C0 C23 C7 C0 C37 C16 C4 C26 C29 C0 <wb> C33 C0 C16 <wb> C24 C1 C5 C0 C32 C1 <wb> C3 C0 C32 C0 C1 C37 C0 C38 C0 C1 <wb> C6 C0 C11,train
6805,"સસલો - સસલી તો, ઝટપટ ભાગી છૂટ્યાં, પણ, બચ્ચાં, સપડાઈ ગયાં, અને, વરુના પેટમાં, પહોંચી ગયાં.",0,7.744,0,not_selected_by_random,,,,
6806,"ડ્રાઈવીંગ લાયસન્સ, આજકાલ, સમસ્યા જનક, બની ગયું છે.",0,4.258,0,not_selected_by_random,,,,
6807,"કન્યા ભ્રૂણ હત્યાની, દ્રષ્ટીએ, ખતરનાક દેશોની યાદીમાં, ભારત, ચોથા ક્રમાંક પર છે.",0,7.072,0,not_selected_by_random,,,,
6808,"ટાગોર અને ઘૂમકેતુએ, પોસ્ટમાસ્ટર જેવા, હૃદય સ્પર્શી પાત્રોને, જીવંત કર્યા, પરંતુ, ગુજરાતમાં એવા મુરબ્બી, ટપાલીઓ, પણ છે.",0,9.6,0,not_selected_by_random,,,,
6809,"કમિશ્નરે જણાવ્યું હતું કે, એક્ઝિબિશન સેન્ટર પાસે, બંને કાંઠાને જોડતો, વોકિંગ બ્રિજ, બનાવવામાં આવશે.",0,8.569,0,not_selected_by_random,,,,
6810,"ઊબડખાબડ, પાદરે, હવે, હોળી - ઝાયણી ઝાંખાં, પડીને, ભૂંસાવા માંડ્યાં છે.",0,6.091,0,not_selected_by_random,,,,
6811,"સુખ સમૃધ્ધિના લાભો, વિકસી રહેલા દેશોને, મહત્તમ પહોંચે એ માટેના, પ્રયાસો, વધુ, બળવત્તર, બનાવવા છે.",0,8.795,0,not_selected_by_random,,,,
6812,"દલાશેઠ, તભાભટ, અને, મિયાં ફુસકી, ચાલી નીકળ્યા.",0,4.605,0,not_selected_by_random,,,,
6813,"તાજેતરના અભ્યાસો બતાવે છે કે, ન્યૂયોર્કસીટી ની ઝળહળતી લાઈટોની, પ્રાણીઓની પ્રવૃત્તિઓને, વેરવિખેર કરવા, જરૃરી નથી.",0,10.315,0,not_selected_by_random,,,,
6814,"માગણી સ્વીકારાય, તો, એને બમણો ભાવ મળે, કારણ, અત્યારે, ક્રૂડનો ભાવ, બેરલે, એકસો છ ડોલર છે.",0,8.675,0,not_selected_by_random,,,,
6815,"દેશના અન્ય, કેટલાક ટોચના ખેલાડીઓની જેમ, રાહુલ દ્રવિડને પણ, જાહેર ખબરના, કરોડોના કોન્ટ્રાક્ટ, મળતા હતા.",0,9.235,0,not_selected_by_random,,,,
6816,"ફાઇનલમાં આક્રમક અગણ્યા એંસી રન, ફટકારનારો, મનવિન્દર બિસ્લા, મૂળ, હરિયાણાનો છે.",0,7.68,0,not_selected_by_random,,,,
6817,"પણ, જાપાનીઝ અધિકારીઓએ, સ્વીકાર્યું છે કે, અંશતઃ, મેલ્ટડાઉન, શરૂ થઈ ગયું છે, જે, ચિંતા જનક બાબત છે.",0,8.29,1,,gujarati_female_006817.wav,p a nx a <wb> j a aa p a aa n a ii jh a <wb> a dh i k aa r ii o ee <wb> s a w a ii k a aa r a y a u q <wb> ch a ee <wb> k a ee <wb> a q sh a t a hq <wb> m a ee l a tx a dx a aa u n a <wb> sh a r a uu <wb> th a ii <wb> g a y a u q <wb> ch a ee <wb> j a ee <wb> c a i q t a aa <wb> j a n a k a <wb> b a aa b a t a <wb> ch a ee,C28 C0 C25 C0 <wb> C17 C0 C1 C28 C0 C1 C24 C0 C16 C18 C0 <wb> C0 C8 C16 C19 C1 C29 C16 C26 C11 <wb> C30 C0 C37 C0 C16 C19 C0 C1 C29 C0 C38 C0 C36 C23 <wb> C6 C0 C11 <wb> C19 C0 C11 <wb> C0 C23 C31 C0 C32 C0 C15 <wb> C22 C0 C11 C21 C0 C34 C0 C9 C0 C1 C36 C24 C0 <wb> C31 C0 C29 C0 C36 <wb> C33 C0 C16 <wb> C13 C0 C38 C0 C36 C23 <wb> C6 C0 C11 <wb> C17 C0 C11 <wb> C5 C0 C16 C23 C32 C0 C1 <wb> C17 C0 C24 C0 C19 C0 <wb> C3 C0 C1 C3 C0 C32 C0 <wb> C6 C0 C11,train
6818,"સવિતાની, કુશાગ્ર બુદ્ધિએ, તુરંત નિર્ણય લઈ લીધો, અને, થેલીમાંથી, એક પાંચીકો કાઢીને આપ્યો.",0,7.992,0,not_selected_by_random,,,,
6819,"આ ગુણ ત્યારે દેખાય છે, જ્યારે, મનુષ્ય, વેદ, પુરાણ, રામાયણ, ગીતા, વગેરે ગ્રંથો ઉપર, વિશ્વાસ રાખે છે, અને, તેને આદર આપે છે.",0,10.516,0,not_selected_by_random,,,,
6820,"વાતે વાતે, સામા માણસને, ‘થેંક યૂ’ કહેનારો, માણસ, જીવન જેવી મહાન ભેટ આપનારા, પરમેશ્વરની, પ્રાર્થના, પણ ન કરે.",0,8.911,0,not_selected_by_random,,,,
6821,"તે જોતાં, સરકાર દ્વારા, રચવામાં આવેલી, મેટ્રો લિંક એક્સપ્રેસ, ફોર ગાંધી નગર, એન્ડ અમદાવાદ, મેગા પાસે, આ પ્રોજેક્ટ છે.",0,9.418,0,not_selected_by_random,,,,
6822,"પરંતુ, તે ટૂંકી સિકવન્સ, પચાસ થી બસ્સો, બેઝ પેપરનાં, ઘશછ નાં, ટુકડાને ઉકેલે છે.",0,7.213,0,not_selected_by_random,,,,
6823,"તે, વ્યાયામ દરમ્યાન, ભૂખમાં આપણું ધ્યાન, અન્યત્ર ખેંચાતા, ચિન્હોને, અટકાવે છે.",0,6.7,0,not_selected_by_random,,,,
6824,"સૂતળી બૉમ્બ, ફૂટે, પરદેશી હવાઈ, ને, બલૂન લાવ્યા હોય, તે ચઢે.",0,5.341,1,,gujarati_female_006824.wav,s uu t a lx ii <wb> b o m b a <wb> ph uu tx ee <wb> p a r a d ee sh ii <wb> h a w a aa ii <wb> n a ee <wb> b a l uu n a <wb> l a aa w a y a aa <wb> h a o y a <wb> t a ee <wb> c a dxh a ee,C30 C36 C32 C0 C21 C16 <wb> C3 C26 C22 C3 C0 <wb> C12 C36 C34 C11 <wb> C28 C0 C29 C0 C7 C11 C31 C16 <wb> C15 C0 C37 C0 C1 C16 <wb> C24 C0 C11 <wb> C3 C0 C21 C36 C24 C0 <wb> C21 C0 C1 C37 C0 C38 C0 C1 <wb> C15 C0 C26 C38 C0 <wb> C32 C0 C11 <wb> C5 C0 C10 C0 C11,train
6825,"સિર્ફ અહેસાસ હૈ, યે, રૂહસે મહેસુસ કરો.",0,3.678,0,not_selected_by_random,,,,
6826,"તેહિ, દેખહુ, નિજ નયનમૈં, યહ વરદાન, ન આન.",0,4.614,0,not_selected_by_random,,,,
6827,"સતત, ચોવીસ કલાક, ત્રણસો પાંસઠ દિવસ, ચાલતી આ સેવામાં, સિક્યોરિટી, મહત્ત્વનું, પાસું છે.",0,7.974,0,not_selected_by_random,,,,
6828,"ડૉલર એક બીબામાં, સેન્સર, અને, કેબલ્સ, ગોઠવે છે, પછી એમાં, વિવિધ પ્રકારના, પ્લાસ્ટિક રેડે છે.",0,8.45,0,not_selected_by_random,,,,
6829,"માનવી મોક્ષ માટે, ઝંખે, કે, ઈચ્છા રહિત થવા મથે, એ, ઈચ્છવાયોગ્ય, હોવા છતાં, હંમેશાં સંભવ નથી.",0,8.537,0,not_selected_by_random,,,,
6830,"એનું નામ છે, અન ટુ ધિ લાસ્ટ, અને, લેખક છે, જહોન રસ્કિન.",0,5.81,0,not_selected_by_random,,,,
6831,"ગિરનારની તળેટીમાં, જુનાગઢની, બહાઉદ્દીન કોલેજમાં, ગણિતના, પ્રાધ્યાપક તરીકે, નવાબી શાસનકાળ, દરમ્યાન જોડાયા.",0,9.998,0,not_selected_by_random,,,,
6832,"આ ચિત્ર, હાલ, વિકટોરીયા એન્ડ, આલ્બર્ટ મ્યુઝિયમ, લંડનમાં, વર્ષોથી, સચવાયેલા છે.",0,6.493,0,not_selected_by_random,,,,
6833,"એવી વિચારણા ચાલે છે કે, ઉદ્યોગો જો, પાણીની બચત કરે, તો, તેમને ટેક્સમાં, છૂટછાટ, આપવી.",0,8.182,0,not_selected_by_random,,,,
6834,"સદ્‌ગુરૂ મેઘની જેમ, શિષ્ય પર જ્ઞાનવૃષ્ટિ કરી, તેના અંધકાર, અને, અજ્ઞાન હરી લે છે.",0,6.618,1,,gujarati_female_006834.wav,s a d g u r uu <wb> m ee gh a n ii <wb> j a ee m a <wb> sh a i sx a y a <wb> p a r a <wb> j nj aa n a w rq sx tx i <wb> k a r a ii <wb> t a ee n a aa <wb> a q dh a k a aa r a <wb> a n a ee <wb> a j a nj a aa n a <wb> h a r ii <wb> l a ee <wb> ch a ee,C30 C0 C7 C13 C36 C29 C36 <wb> C22 C11 C14 C0 C24 C16 <wb> C17 C0 C11 C22 C0 <wb> C31 C0 C16 C31 C0 C38 C0 <wb> C28 C0 C29 C0 <wb> C17 C24 C1 C24 C0 C37 C29 C31 C34 C16 <wb> C19 C0 C29 C0 C16 <wb> C32 C0 C11 C24 C0 C1 <wb> C0 C23 C8 C0 C19 C0 C1 C29 C0 <wb> C0 C24 C0 C11 <wb> C0 C17 C0 C24 C0 C1 C24 C0 <wb> C15 C0 C29 C16 <wb> C21 C0 C11 <wb> C6 C0 C11,train
6835,"અરબી સમુદ્રમાં જ નહિ, પણ ગુજરાતની આસપાસ, મોન્સૂન સિસ્ટમનું, ક્યાંય, નામોનિશાન, નથી.",0,7.748,0,not_selected_by_random,,,,
6836,"બિસ્લા, બે હજાર નવ માં, ડેક્કન, અને, બે હજાર દસ માં, પંજાબ તરફથી, રમ્યો હતો.",0,6.228,0,not_selected_by_random,,,,
6837,"ત્યાં, ડિવોર્સ કેક, અને, ડિવોર્સ રિંગના, સ્ટોલ્સ, લાગેલા છે.",0,3.924,1,,gujarati_female_006837.wav,t a y a aa q <wb> dx i w o r s a <wb> k a ee k a <wb> a n a ee <wb> dx i w o r s a <wb> r i mq g a n aa <wb> s tx o l s a <wb> l aa g ee l aa <wb> ch a ee,C32 C0 C38 C0 C1 C23 <wb> C9 C16 C37 C26 C29 C30 C0 <wb> C19 C0 C11 C19 C0 <wb> C0 C24 C0 C11 <wb> C9 C16 C37 C26 C29 C30 C0 <wb> C29 C16 C23 C13 C0 C24 C1 <wb> C30 C34 C26 C21 C30 C0 <wb> C21 C1 C13 C11 C21 C1 <wb> C6 C0 C11,train
6838,"માંહ્યલો ગીરવી મૂકવાથી, દહેજની રકમ, જો, તગડી, થતી હોય તો, માંહ્યલાને, પલીતો ચાંપો.",0,6.842,0,not_selected_by_random,,,,
6839,"યુનિવર્સિટીઓમાં, તેમના, ‘યસમેન’ને, એપોઇન્ટ કરવા માંડ્યા, ને, પશ્ચિમ બંગાળમાં, સીપીએમના, શાસન દરમ્યાન, જેમ પોતાની જ, કેડર, ઊભી કરાયેલી, તેવી કેડરો, ઊભી થવા, માંડી છે, તેનો સખત, વાંધો છે.",0,15.45,0,not_selected_by_random,,,,
6840,"અંગ્રેજ લેખક, હેઝલીટ કહે છે કે, મિત્રો, આપણા માટે, બધું જ કરવા, તૈયાર હોય છે.",0,5.921,0,not_selected_by_random,,,,
6841,"થોડા વધુ સમય સુધી, આ કમાણી, ચાલુ રાખવાના લોભમાં, રાહુલ દ્રવિડ, હજી થોડો, વધુ સમય, ટીમમાં, ચિટકી રહ્યો હોત.",0,9.609,0,not_selected_by_random,,,,
6842,"અમેરિકાની, સીલ નામથી ઓળખાતી, 'સ્પેશ્યલ ફોર્સીઝ', વિશિષ્ટ સૈનિક દળ ની, ટુકડીએ, જે રીતે, ખૂંખાર આતંકવાદીના, તેના જ કિલ્લા જેવા અડ્ડામાં, ઠાર માર્યો, તે ઘટના, આધુનિક લડાઇના, ઘણા, નવા, હાઈ ટેકનોલોજી, પરિણામોનો, નિર્દેશ કરે છે.",0,19.672,0,not_selected_by_random,,,,
6843,"ત્યારે, આપણે સરકારને, વધુ એક, થર્મલ પાવર પ્લાન્ટ, કે, અણુ ઉર્જા મથકની, સ્થાપના કરવાનું, નિમિત્ત, પૂરું પાડીએ છીએ.",0,9.583,0,not_selected_by_random,,,,
6844,"ભોપાલમાં, થયેલા, પર્યાવરણના નુકસાન, અને, તેનો ભોગ બનેલા, લોકોના મામલે, અમેરિકાની કંપની, યુનિઅન કાર્બાઇડ કોર્પોરેશન, યુસીસી, કે, તેનો તત્કાલીન વડો, વોરન એન્ડરસન, કોઇ રીતે, જવાબદાર નથી.",0,15.906,1,,gujarati_female_006844.wav,bh o p aa l a m aa mq <wb> th a y a ee l a aa <wb> p a r a y a aa w a r a nx a n a aa <wb> n a u k a s a aa n a <wb> a n a ee <wb> t a ee n a o <wb> bh a o g a <wb> b a n a ee l a aa <wb> l a o k a o n a aa <wb> m a aa m a l a ee <wb> a m a ee r a i k a aa n a ii <wb> k a q p a n a ii <wb> y a u n a i a n a <wb> k a aa r a b a aa i dx a <wb> k o r p o r ee sh a n a <wb> y u s ii s ii <wb> k a ee <wb> t a ee n a o <wb> t a t a k a aa l a ii n a <wb> w a dx o <wb> w o r a n a <wb> ee n a dx a r a s a n a <wb> k a o i <wb> r a ii t a ee <wb> j a w a aa b a d a aa r a <wb> n a th a ii,C4 C26 C28 C1 C21 C0 C22 C1 C23 <wb> C33 C0 C38 C0 C11 C21 C0 C1 <wb> C28 C0 C29 C0 C38 C0 C1 C37 C0 C29 C0 C25 C0 C24 C0 C1 <wb> C24 C0 C36 C19 C0 C30 C0 C1 C24 C0 <wb> C0 C24 C0 C11 <wb> C32 C0 C11 C24 C0 C26 <wb> C4 C0 C26 C13 C0 <wb> C3 C0 C24 C0 C11 C21 C0 C1 <wb> C21 C0 C26 C19 C0 C26 C24 C0 C1 <wb> C22 C0 C1 C22 C0 C21 C0 C11 <wb> C0 C22 C0 C11 C29 C0 C16 C19 C0 C1 C24 C0 C16 <wb> C19 C0 C23 C28 C0 C24 C0 C16 <wb> C38 C0 C36 C24 C0 C16 C0 C24 C0 <wb> C19 C0 C1 C29 C0 C3 C0 C1 C16 C9 C0 <wb> C19 C26 C29 C28 C26 C29 C11 C31 C0 C24 C0 <wb> C38 C36 C30 C16 C30 C16 <wb> C19 C0 C11 <wb> C32 C0 C11 C24 C0 C26 <wb> C32 C0 C32 C0 C19 C0 C1 C21 C0 C16 C24 C0 <wb> C37 C0 C9 C26 <wb> C37 C26 C29 C0 C24 C0 <wb> C11 C24 C0 C9 C0 C29 C0 C30 C0 C24 C0 <wb> C19 C0 C26 C16 <wb> C29 C0 C16 C32 C0 C11 <wb> C17 C0 C37 C0 C1 C3 C0 C7 C0 C1 C29 C0 <wb> C24 C0 C33 C0 C16,train
6845,"કોઈ ખંડિત, તો, કોઈ નાનકી ઢગલી જેવાં, કોઈ, પડછંદ, વીર જેવાં.",0,4.714,1,,gujarati_female_006845.wav,k a o ii <wb> kh a mq dx i t a <wb> t a o <wb> k a o ii <wb> n aa n a k ii <wb> dxh a g a l ii <wb> j a ee w a aa q <wb> k a o ii <wb> p a dx a ch a mq d a <wb> w a ii r a <wb> j a ee w a aa q,C19 C0 C26 C16 <wb> C20 C0 C23 C9 C16 C32 C0 <wb> C32 C0 C26 <wb> C19 C0 C26 C16 <wb> C24 C1 C24 C0 C19 C16 <wb> C10 C0 C13 C0 C21 C16 <wb> C17 C0 C11 C37 C0 C1 C23 <wb> C19 C0 C26 C16 <wb> C28 C0 C9 C0 C6 C0 C23 C7 C0 <wb> C37 C0 C16 C29 C0 <wb> C17 C0 C11 C37 C0 C1 C23,train
6846,"અલબત્ત, આ નિર્ણય, કેટલે અંશે, પાળી શકાશે, તે સામે, પ્રશ્નાર્થ છે.",0,5.742,0,not_selected_by_random,,,,
6847,"પ્રિયપાત્રને પામવાની સફર, પૂરી થાય, કે, કારકિર્દીની ટોચ આંબવાનું, આહવાન, આદમીને જંપવા, ન દે.",0,7.895,1,,gujarati_female_006847.wav,p r i y a p aa t r a n ee <wb> p aa m a w aa n ii <wb> s a ph a r a <wb> p a uu r a ii <wb> th a aa y a <wb> k a ee <wb> k a aa r a k a i r a d a ii n a ii <wb> tx a o c a <wb> aa mq b a w aa n u mq <wb> aa h a w a aa n a <wb> aa d a m ii n ee <wb> j a mq p a w aa <wb> n a <wb> d a ee,C28 C29 C16 C38 C0 C28 C1 C32 C29 C0 C24 C11 <wb> C28 C1 C22 C0 C37 C1 C24 C16 <wb> C30 C0 C12 C0 C29 C0 <wb> C28 C0 C36 C29 C0 C16 <wb> C33 C0 C1 C38 C0 <wb> C19 C0 C11 <wb> C19 C0 C1 C29 C0 C19 C0 C16 C29 C0 C7 C0 C16 C24 C0 C16 <wb> C34 C0 C26 C5 C0 <wb> C1 C23 C3 C0 C37 C1 C24 C36 C23 <wb> C1 C15 C0 C37 C0 C1 C24 C0 <wb> C1 C7 C0 C22 C16 C24 C11 <wb> C17 C0 C23 C28 C0 C37 C1 <wb> C24 C0 <wb> C7 C0 C11,train
6848,"જેને, ધરતીમાં સત્યાવીસ કિલોમીટર લાંબી, ગોળાકાર ભૂગર્ભ બોગદામાં, પ્રોટોનના કિરણોનો, મારો ચલાવી, અથડાવવામાં, આવ્યા હતા.",0,9.822,1,,gujarati_female_006848.wav,j a ee n a ee <wb> dh a r a t a ii m a aa q <wb> s a t y aa w ii s a <wb> k a i l a o m a ii tx a r a <wb> l a aa q b a ii <wb> g a o lx a aa k a aa r a <wb> bh uu g a r bh a <wb> b o g a d aa m aa mq <wb> p a r a o tx a o n a n a aa <wb> k i r a nx o n o <wb> m a aa r a o <wb> c a l a aa w a ii <wb> a th a dx a aa w a w a aa m a aa q <wb> aa w a y a aa <wb> h a t a aa,C17 C0 C11 C24 C0 C11 <wb> C8 C0 C29 C0 C32 C0 C16 C22 C0 C1 C23 <wb> C30 C0 C32 C38 C1 C37 C16 C30 C0 <wb> C19 C0 C16 C21 C0 C26 C22 C0 C16 C34 C0 C29 C0 <wb> C21 C0 C1 C23 C3 C0 C16 <wb> C13 C0 C26 C21 C0 C1 C19 C0 C1 C29 C0 <wb> C4 C36 C13 C0 C29 C4 C0 <wb> C3 C26 C13 C0 C7 C1 C22 C1 C23 <wb> C28 C0 C29 C0 C26 C34 C0 C26 C24 C0 C24 C0 C1 <wb> C19 C16 C29 C0 C25 C26 C24 C26 <wb> C22 C0 C1 C29 C0 C26 <wb> C5 C0 C21 C0 C1 C37 C0 C16 <wb> C0 C33 C0 C9 C0 C1 C37 C0 C37 C0 C1 C22 C0 C1 C23 <wb> C1 C37 C0 C38 C0 C1 <wb> C15 C0 C32 C0 C1,train
6849,"સૌ પતિને, મહેણાંટોણાં મારે છે, પરંતુ, પતિ, બદ્ધ છે, કંઈક અંશે, હેલ્પલેસ, લાચાર છે, એ પોતે, રહેંસાયો છે.",0,8.97,0,not_selected_by_random,,,,
6850,"માણસ દોડે છે, અને, એક રાક્ષસી ટ્રક, ક્ષણવારમાં, તેને, માંસનો રોટલો, કરી નાખે, ક્યાં ગઈ, ભાઈ, તારી ગતિ, તારી ઉતાવળ ?.",0,10.44,0,not_selected_by_random,,,,
6851,"ગ્રીનલેન્ડના, પીટરમાન ગ્લેશિયરથી, અલગ પડેલા, વિશાળ આઇસબર્ગ, અમેરિકાના, મેનહટન કરતાં, બમણા, કદનો છે.",0,9.067,0,not_selected_by_random,,,,
6852,"પિતાજી, મને તો, આ જ વર, ગમે છે, કેટલો ચપળ, રૂપાળો, અને, જોરાવર છે.",0,5.907,0,not_selected_by_random,,,,
6853,"સુધા મૂર્તિનો બોધ:, અતિશય લોભ કરનારને, છેવટે, તો નુકશાન જ, થાય છે.",0,5.936,0,not_selected_by_random,,,,
6854,"દલાશેઠને, એમ કે, ઝટ ઝટ ચાલું, અને, વહેલો ઘેર, પહોંચી જાઉં.",0,5.45,0,not_selected_by_random,,,,
6855,"ઈલેક્ટ્રીક વાહનોના ઉત્પાદકો દ્વારા, આયાત કરાતી, બેટરીને, બેઝીક કસ્ટમ ડ્યુટીમાંથી, સંપૂર્ણ, મુક્તિ આપવાની.",0,8.772,0,not_selected_by_random,,,,
6856,"બે હજાર પાંચ ની સાલમાં, ભારે ધક્કામુક્કી, થઇ હતી, જેમાં, ત્રણસો કરતાં, વધુ યાત્રિકોનાં, મોત, થયાં હતાં.",0,8.084,0,not_selected_by_random,,,,
6857,"તિર્થધામનો, પ્રાથમિક પરિચય આપ્યા બાદ, આપણે, અત્રે, બ્રિટીશ કાળના, મહાન ચિત્રકાર, જેમણે, ભારત ભ્રમણ કરીને, અસંખ્ય, ઐતિહાસિક, ચિત્રો દોર્યા છે.",0,10.972,0,not_selected_by_random,,,,
6858,"ભૈરવ તો, તરત જ લડવા માંડ્યો, હોય કાંઈ ? આ તો, સાવ ખોટી, વહેંચણી છે.",0,4.946,1,,gujarati_female_006858.wav,bh ei r a w a <wb> t a o <wb> t a r a t a <wb> j a <wb> l a dx a w aa <wb> m a aa q dx a y a o <wb> h a o y a <wb> k a aa q ii <wb> aa <wb> t a o <wb> s a aa w a <wb> kh a o tx a ii <wb> w a h a ee q c a nx a ii <wb> ch a ee,C4 C2 C29 C0 C37 C0 <wb> C32 C0 C26 <wb> C32 C0 C29 C0 C32 C0 <wb> C17 C0 <wb> C21 C0 C9 C0 C37 C1 <wb> C22 C0 C1 C23 C9 C0 C38 C0 C26 <wb> C15 C0 C26 C38 C0 <wb> C19 C0 C1 C23 C16 <wb> C1 <wb> C32 C0 C26 <wb> C30 C0 C1 C37 C0 <wb> C20 C0 C26 C34 C0 C16 <wb> C37 C0 C15 C0 C11 C23 C5 C0 C25 C0 C16 <wb> C6 C0 C11,train
6859,"પચીસ મી ડિસેમ્બરના રોજ, ઉડાન વખતે જ, નિષ્ફળ ગયેલ, જીઓસિન્ક્રોપ્રસ, સેટેલાઇટ, લોંચ વેહીકલ.",0,7.384,1,,gujarati_female_006859.wav,p a c a ii s a <wb> m a ii <wb> dx a i s a ee m a b a r a n a aa <wb> r a o j a <wb> u dx aa n a <wb> w a kh a t a ee <wb> j a <wb> n a i sx a ph a lx a <wb> g a y a ee l a <wb> j ii o s i n k r o p r a s a <wb> s ee tx ee l aa i tx a <wb> l a o q c a <wb> w ee h ii k a l a,C28 C0 C5 C0 C16 C30 C0 <wb> C22 C0 C16 <wb> C9 C0 C16 C30 C0 C11 C22 C0 C3 C0 C29 C0 C24 C0 C1 <wb> C29 C0 C26 C17 C0 <wb> C36 C9 C1 C24 C0 <wb> C37 C0 C20 C0 C32 C0 C11 <wb> C17 C0 <wb> C24 C0 C16 C31 C0 C12 C0 C21 C0 <wb> C13 C0 C38 C0 C11 C21 C0 <wb> C17 C16 C26 C30 C16 C24 C19 C29 C26 C28 C29 C0 C30 C0 <wb> C30 C11 C34 C11 C21 C1 C16 C34 C0 <wb> C21 C0 C26 C23 C5 C0 <wb> C37 C11 C15 C16 C19 C0 C21 C0,train
6860,"રામ મા રાજની વાડીઓમાં, હારબંધ ઊભેલા, આંબાના ઝાડમાં, શાખ પડેલી કેરી, એટલે જાણે, સો વોલ્ટનો, કેસરિયો બલ્બ !",0,10.739,0,not_selected_by_random,,,,
6861,"સરકારના ચોક્કસ કે, વિશિષ્ટ વિભાગ જાહેર, હિતને, ધ્યાનમાં લઇને, પોતાનો વાર્ષિક, લક્ષ્યાંક, પસંદ કરે છે,.",0,8.089,0,not_selected_by_random,,,,
6862,"જ્યારે, શુધ્ધ, રિફાઈન્ડ, અને, હાઈડ્રોજનેટેડ તેલ પરનો, આયાત કર, ઘટાડવામાં, આવ્યો છે.",0,6.711,0,not_selected_by_random,,,,
6863,"અગાઉ, એવું નક્કી થયું હતું, કે, ધર્મેન્દ્ર, હેમામાલિની, એશા દેઓલ, અને, આહના, બધાં જ, ભેગાં થઈને, આ ફિલ્મને, પ્રમોટ કરશે.",0,10.199,0,not_selected_by_random,,,,
6864,"નવી ટેકનીકમાં, ગુટ્ટા પેર્ચા મેજીક વડે, થ્રી ડાઈમેન્શનલ સીલ ઊભુ કરે છે.",0,6.186,0,not_selected_by_random,,,,
6865,"દ્રૌપદી, કૌરવોએ, હણેલા પોતાના પુત્રોના શબ પાસે, ઊભી રહીને, કલ્પાંત કરતી હતી.",0,7.237,0,not_selected_by_random,,,,
6866,"કુદરતમાં, અકળ, એવી અક્કલ છે, યોજના છે, સૌંદર્ય છે, પ્રમાણ છે, ઔચિત્ય છે.",0,7.821,0,not_selected_by_random,,,,
6867,"બીજો પર્યાય, આઈસોબ્યુટેનોસનો છે, પણ, જીવાણુંઓ, વડે તે, ઉત્પન્ન કરવું, મુશ્કેલ છે.",0,6.293,1,,gujarati_female_006867.wav,b a ii j a o <wb> p a r y aa y a <wb> aa ii s o b y u tx ee n o s a n o <wb> ch a ee <wb> p a nx a <wb> j a ii w a aa nx a u q o <wb> w a dx a ee <wb> t a ee <wb> u t a p a n a n a <wb> k a r a w a u q <wb> m a u sh a k a ee l a <wb> ch a ee,C3 C0 C16 C17 C0 C26 <wb> C28 C0 C29 C38 C1 C38 C0 <wb> C1 C16 C30 C26 C3 C38 C36 C34 C11 C24 C26 C30 C0 C24 C26 <wb> C6 C0 C11 <wb> C28 C0 C25 C0 <wb> C17 C0 C16 C37 C0 C1 C25 C0 C36 C23 C26 <wb> C37 C0 C9 C0 C11 <wb> C32 C0 C11 <wb> C36 C32 C0 C28 C0 C24 C0 C24 C0 <wb> C19 C0 C29 C0 C37 C0 C36 C23 <wb> C22 C0 C36 C31 C0 C19 C0 C11 C21 C0 <wb> C6 C0 C11,train
6868,"હી, ધાગ ન વેંધા, ત, કોય બાયડી, પ ન ડીંઘો.",0,4.391,0,not_selected_by_random,,,,
6869,"સમગ્ર રીતે, મગજની રચનાનું, ચિત્ર ઉભું કરતાં, માલુમ પડયું કે, તેના, ત્રીજા ભાગનો, વિસ્તાર, દ્રષ્ટિ, રોકી લે છે.",0,8.893,0,not_selected_by_random,,,,
6870,"યુદ્ધ વખતે, તેની સાથે, સપાટી પર, એરક્રાફ્ટ કેરીઅર, ડિસ્ટ્રોયર, કુઝર જેવા, યુદ્ધ જહાજોનો, કાફલો હોય છે.",0,9.4,0,not_selected_by_random,,,,
6871,"એ જીવનને, ગીતામાં, વ્યક્તીમધ્ય, વ્યક્ત મધ્ય, કહ્યું છે.",0,4.819,0,not_selected_by_random,,,,
6872,"સ્વસ્તિ નઃ, પુત્ર, કૃથુષુ, યો નિસુ, સ્વસ્તિ રાયે, મરૂતો, ઘ્યાનત.",0,5.367,0,not_selected_by_random,,,,
6873,"આ પરિસ્થિતિને, તમે ગેસસ્ટવ, કે કેરોસીન સ્ટવ ઉપર, મુકેલ, પ્રેશર કુકર માફક, કલ્પના, કરી શકો છો.",0,7.825,1,,gujarati_female_006873.wav,aa <wb> p a r a i s a th a i t a i n a ee <wb> t a m a ee <wb> g ee s a s tx a w a <wb> k a ee <wb> k ee r o s ii n a <wb> s tx a w a <wb> u p a r a <wb> m u k ee l a <wb> p r ee sh a r a <wb> k u k a r a <wb> m a aa ph a k a <wb> k a l a p a n a aa <wb> k a r a ii <wb> sh a k o <wb> ch a o,C1 <wb> C28 C0 C29 C0 C16 C30 C0 C33 C0 C16 C32 C0 C16 C24 C0 C11 <wb> C32 C0 C22 C0 C11 <wb> C13 C11 C30 C0 C30 C34 C0 C37 C0 <wb> C19 C0 C11 <wb> C19 C11 C29 C26 C30 C16 C24 C0 <wb> C30 C34 C0 C37 C0 <wb> C36 C28 C0 C29 C0 <wb> C22 C36 C19 C11 C21 C0 <wb> C28 C29 C11 C31 C0 C29 C0 <wb> C19 C36 C19 C0 C29 C0 <wb> C22 C0 C1 C12 C0 C19 C0 <wb> C19 C0 C21 C0 C28 C0 C24 C0 C1 <wb> C19 C0 C29 C0 C16 <wb> C31 C0 C19 C26 <wb> C6 C0 C26,test
6874,"સેલીયમ, આયોડિન, સ્ટોન્ટ્રીયમ, અને, આર્ગોન જેવાં, પદાર્થનો ક્ષય, થતાં, લાંબો સમય લાગે છે.",0,7.51,0,not_selected_by_random,,,,
6875,"ક્રૂડના ભાવવધારાથી, ખેડૂતોને, વાપરવી પડતી, જંતુનાશક દવાઓ, પંદર થી વીસ ટકા, મોંઘી, થઈ રહી છે.",0,7.918,0,not_selected_by_random,,,,
6876,"જ્યાં બેસીને, તમામ ચર્ચા, વિચારણા, અને, નેક્સ્ટ પ્લાનીંગની ચર્ચા, સાથે નાસ્તો, કરીએ છીએ.",0,7.12,0,not_selected_by_random,,,,
6877,"અસંતુષ્ટ ગ્રાહકો, ફોયલ રિટર્ન કરીને, રિફંડ, લઈ શકે છે.",0,5.184,0,not_selected_by_random,,,,
6878,"એવું, સમગ્ર વિશ્વને, દર્શાવી શકવાની આશા, અમેરિકી પુરાતત્વ, વિદ્વાન, મેરીલિન ફિલીપ્સ હોડસનને, વ્યક્ત કરી છે.",0,8.257,0,not_selected_by_random,,,,
6879,"કોઈ પણ ગ્રાહક, કાંઈ પણ પૂછે, તો, યસ સર! ગ્રાહકને, રૂપિયાનુએ, ડિસ્કાઉન્ટ આપવાનું, શક્ય ન હોય.",0,7.201,0,not_selected_by_random,,,,
6880,"આ ઉપરાંત, યુસુફ, રૈના, યુવરાજ પણ, ઓફ સ્પિન, બોલિંગ, કરી શકે છે.",0,5.155,1,,gujarati_female_006880.wav,aa <wb> u p a r a aa q t a <wb> y a u s a u ph a <wb> r a ei n a aa <wb> y a u w a r a aa j a <wb> p a nx a <wb> o ph a <wb> s p i n a <wb> b a o l a i q g a <wb> k a r a ii <wb> sh a k a ee <wb> ch a ee,C1 <wb> C36 C28 C0 C29 C0 C1 C23 C32 C0 <wb> C38 C0 C36 C30 C0 C36 C12 C0 <wb> C29 C0 C2 C24 C0 C1 <wb> C38 C0 C36 C37 C0 C29 C0 C1 C17 C0 <wb> C28 C0 C25 C0 <wb> C26 C12 C0 <wb> C30 C28 C16 C24 C0 <wb> C3 C0 C26 C21 C0 C16 C23 C13 C0 <wb> C19 C0 C29 C0 C16 <wb> C31 C0 C19 C0 C11 <wb> C6 C0 C11,val
6881,"ગરમીના તરંગો, ઉપરોક્ત, તરંગોની જેમ, વિદ્યુત, ચુંબકીય તરંગો, ઈલેક્ટ્રો મેગ્નેટીક તરંગોજ, છે.",0,7.635,0,not_selected_by_random,,,,
6882,"જ્યારે, સીકવન્સ ઉકેલવાનો ખર્ચ, પ્રતિ ન્યુકલીઓટાઈડ દીઠ, પચાસ સેન્ટ જેટલો, આવે.",0,6.723,0,not_selected_by_random,,,,
6883,"સાથે કામ કરી રહેલા, કોઈ પણ યુવક યુવતીને, ક્યાંક સાથે, બહાર જવાનું પણ બને, અને, કાંઈક કામકાજ પતાવીને, કૅન્ટીનમાં સાથે, ચા પાણી, પીવાનું, પણ બને.",0,11.842,0,not_selected_by_random,,,,
6884,"છેવટે, રીંછ, થાકીને, પેલા ઝાડની, બખોલ પાસે, આવીને બેઠું, જ્યાં, ચોર સંતાયો હતો.",0,6.478,1,,gujarati_female_006884.wav,ch a ee w a tx a ee <wb> r ii mq ch a <wb> th aa k ii n ee <wb> p a ee l a aa <wb> jh a aa dx a n a ii <wb> b a kh o l a <wb> p a aa s a ee <wb> aa w a ii n a ee <wb> b ee txh u mq <wb> j a y a aa q <wb> c o r a <wb> s a mq t aa y o <wb> h a t a o,C6 C0 C11 C37 C0 C34 C0 C11 <wb> C29 C16 C23 C6 C0 <wb> C33 C1 C19 C16 C24 C11 <wb> C28 C0 C11 C21 C0 C1 <wb> C18 C0 C1 C9 C0 C24 C0 C16 <wb> C3 C0 C20 C26 C21 C0 <wb> C28 C0 C1 C30 C0 C11 <wb> C1 C37 C0 C16 C24 C0 C11 <wb> C3 C11 C35 C36 C23 <wb> C17 C0 C38 C0 C1 C23 <wb> C5 C26 C29 C0 <wb> C30 C0 C23 C32 C1 C38 C26 <wb> C15 C0 C32 C0 C26,val
6885,"ત્યારબાદ, ઉપલા ગૃહ, અને, પ્રમુખ, વાલદીમિર પુતિનની, લીલી ઝંડી, પણ, લેવી પડશે.",0,6.639,0,not_selected_by_random,,,,
6886,"નેમચંદ બુઢ્ઢો, અને, કદરૂપો, તેમજ, હલકી મનોવૃત્તિ, ધરાવતો હતો.",0,5.551,0,not_selected_by_random,,,,
6887,"ગુલ મહોરનાં, ફૂલો, હજી કવિતા નહોતાં બન્યાં, ત્યારે પણ, એની છાંટદાર પાંખડીના સ્વાદની, ખટાશ, માણતા હતા.",0,7.454,1,,gujarati_female_006887.wav,g u l a <wb> m a h o r a n aa mq <wb> ph a uu l a o <wb> h a j a ii <wb> k a w i t aa <wb> n a h a o t a aa q <wb> b a n a y a aa q <wb> t a y a aa r a ee <wb> p a nx a <wb> ee n a ii <wb> ch aa mq tx a d aa r a <wb> p aa mq kh a dx ii n aa <wb> s w aa d a n ii <wb> kh a tx aa sh a <wb> m aa nx a t aa <wb> h a t a aa,C13 C36 C21 C0 <wb> C22 C0 C15 C26 C29 C0 C24 C1 C23 <wb> C12 C0 C36 C21 C0 C26 <wb> C15 C0 C17 C0 C16 <wb> C19 C0 C37 C16 C32 C1 <wb> C24 C0 C15 C0 C26 C32 C0 C1 C23 <wb> C3 C0 C24 C0 C38 C0 C1 C23 <wb> C32 C0 C38 C0 C1 C29 C0 C11 <wb> C28 C0 C25 C0 <wb> C11 C24 C0 C16 <wb> C6 C1 C23 C34 C0 C7 C1 C29 C0 <wb> C28 C1 C23 C20 C0 C9 C16 C24 C1 <wb> C30 C37 C1 C7 C0 C24 C16 <wb> C20 C0 C34 C1 C31 C0 <wb> C22 C1 C25 C0 C32 C1 <wb> C15 C0 C32 C0 C1,train
6888,"બહારની સૃષ્ટિમાં, રૂપ, રંગ, ધ્વનિ, સુગંધ, મીઠાશનો, અખૂટ, ખજાનો પડ્યો છે.",0,7.019,0,not_selected_by_random,,,,
6889,"એકદમ તો, રીંછ, સમજી ન શક્યું કે, શું થયું? પણ, વાવાઝોડાનો, ખ્યાલ આવતાંજ, તે, ચીસ પાડી ઊઠ્યું.",0,7.241,0,not_selected_by_random,,,,
6890,"તેને, ફર્ટાઇલ ક્રેસન્ટ, એટલે, ચંદ્રની બીજ કલા, આકારનો ફળદ્રુપ, પ્રદેશ કહે છે.",0,7.27,0,not_selected_by_random,,,,
6891,"પણ, દાદી આવે, એ પહેલાં, તો, મેં સૂંડલો, ઊંચકાવીને, ખિસકોલીને, કેદ મુક્ત, કરી દીધી.",0,6.85,1,,gujarati_female_006891.wav,p a nx a <wb> d aa d ii <wb> aa w a ee <wb> ee <wb> p a h a ee l a aa q <wb> t a o <wb> m a ee q <wb> s uu mq dx a l o <wb> uu mq c a k aa w ii n ee <wb> kh i s a k o l ii n ee <wb> k a ee d a <wb> m a u k a t a <wb> k a r a ii <wb> d a ii dh a ii,C28 C0 C25 C0 <wb> C7 C1 C7 C16 <wb> C1 C37 C0 C11 <wb> C11 <wb> C28 C0 C15 C0 C11 C21 C0 C1 C23 <wb> C32 C0 C26 <wb> C22 C0 C11 C23 <wb> C30 C36 C23 C9 C0 C21 C26 <wb> C36 C23 C5 C0 C19 C1 C37 C16 C24 C11 <wb> C20 C16 C30 C0 C19 C26 C21 C16 C24 C11 <wb> C19 C0 C11 C7 C0 <wb> C22 C0 C36 C19 C0 C32 C0 <wb> C19 C0 C29 C0 C16 <wb> C7 C0 C16 C8 C0 C16,train
6892,"ઉમંગ અને, વિશ્વકલ્યાણની ભાવના સાથે, બે હજાર અગિયારના, સ્વર્ણિમ ઉદયને, ભાવભર્યો, આવકાર અપાયો હતો.",0,8.452,1,,gujarati_female_006892.wav,u m a mq g a <wb> a n a ee <wb> w i sh w a k a l y aa nx a n ii <wb> bh a aa w a n a aa <wb> s a aa th a ee <wb> b a ee <wb> h a j a aa r a <wb> a g i y aa r a n aa <wb> s w a r nx i m a <wb> u d a y a n ee <wb> bh aa w a bh a r y o <wb> aa w a k aa r a <wb> a p a aa y a o <wb> h a t a o,C36 C22 C0 C23 C13 C0 <wb> C0 C24 C0 C11 <wb> C37 C16 C31 C37 C0 C19 C0 C21 C38 C1 C25 C0 C24 C16 <wb> C4 C0 C1 C37 C0 C24 C0 C1 <wb> C30 C0 C1 C33 C0 C11 <wb> C3 C0 C11 <wb> C15 C0 C17 C0 C1 C29 C0 <wb> C0 C13 C16 C38 C1 C29 C0 C24 C1 <wb> C30 C37 C0 C29 C25 C16 C22 C0 <wb> C36 C7 C0 C38 C0 C24 C11 <wb> C4 C1 C37 C0 C4 C0 C29 C38 C26 <wb> C1 C37 C0 C19 C1 C29 C0 <wb> C0 C28 C0 C1 C38 C0 C26 <wb> C15 C0 C32 C0 C26,train
6893,"વિરોધી પક્ષો માટે, માયાવતીનો સ્મારક - પ્રેમ કહો, કે, સ્મારકઘેલછા, એ કાયમી આક્રમણના, મુદ્દા હતા.",0,8.482,0,not_selected_by_random,,,,
6894,"મુલ્લાંની પડોશમાં, એક, ફક્કડ ભેંશ હતી.",0,3.311,0,not_selected_by_random,,,,
6895,"પછી પ્રવાસીએ, થોડુંક બળતણ ભેગું કરી, ચૂલો પેટાવ્યો, અને, એના પર, પાણી ઊકળવા મૂક્યું.",0,6.616,0,not_selected_by_random,,,,
6896,"અષ્ટાકાર મંત્ર, શ્રીકૃષ્ણ શરણં મમનું, અષ્ટ પ્રહ્ય, સ્મરણ કરવું.",0,5.503,1,,gujarati_female_006896.wav,a sx tx aa k aa r a <wb> m a q t a r a <wb> sh a r a ii k a sx a nx a <wb> sh a r a nx a q <wb> m a m a n u mq <wb> a sx tx a <wb> p r a h y a <wb> s m a r a nx a <wb> k a r a w a u q,C0 C31 C34 C1 C19 C1 C29 C0 <wb> C22 C0 C23 C32 C0 C29 C0 <wb> C31 C0 C29 C0 C16 C19 C0 C31 C0 C25 C0 <wb> C31 C0 C29 C0 C25 C0 C23 <wb> C22 C0 C22 C0 C24 C36 C23 <wb> C0 C31 C34 C0 <wb> C28 C29 C0 C15 C38 C0 <wb> C30 C22 C0 C29 C0 C25 C0 <wb> C19 C0 C29 C0 C37 C0 C36 C23,train
6897,"માનવ માનવ વચ્ચે, મૈત્રીભાવના, સમર્પણ ભાવના, પ્રેરણા સ્તોત્ર, વહેવડાવવું, જોઈએ.",0,6.769,0,not_selected_by_random,,,,
6898,"અરે, સાતમું ગયું, અને, આઠમું વર્ષે ગયું, નવમું ગયું, અને, દશમુંએ ગયું.",0,6.008,0,not_selected_by_random,,,,
6899,"હિગ્સ બોસોનના, ગૉડ પાર્ટિકલ જેવા, લાડકવાયા નામને, કારણે, ઘણા લોકોએ, તેને, દૈવી, કે, ઇશ્વરીય તરીકે, ઓળખાવ્યો.",0,9.887,0,not_selected_by_random,,,,
6900,"તરતજ તેને સંભળાયું, મૂર્ખ! ગુસ્સાથી મુઠ્ઠી ઊંચી કરી, તેણે, રાડ પાડી, હું તને, મારી નાખીશ !",0,7.237,0,not_selected_by_random,,,,
6901,"જાન્યુઆરીની ત્રેવીસમી સુધી, સાઉથ આફ્રિકામાં, એક ટેસ્ટ, એક ટ્વેન્ટી ટ્વેન્ટી, અને, પાંચ વન ડેની શ્રેણી.",0,7.365,0,not_selected_by_random,,,,
6902,"અને, કલકત્તાના સ્ટેડીયમ પર જઇને, માફી માગે, એ બંને, ફ્રન્ટપેજ ન્યુઝ, બની જાય છે.",0,6.658,0,not_selected_by_random,,,,
6903,"હાઈબ્રિડ પદ્ધતિ દ્વારા, રંગીન માછલીઓની, વેરાયટી પેદા કરવામાં, આવે છે.",0,5.55,1,,gujarati_female_006903.wav,h aa ii b r i dx a <wb> p a d a dh a t a i <wb> d a w a aa r a aa <wb> r a q g a ii n a <wb> m aa ch a l ii o n ii <wb> w ee r aa y a tx ii <wb> p a ee d a aa <wb> k a r a w a aa m a aa q <wb> aa w a ee <wb> ch a ee,C15 C1 C16 C3 C29 C16 C9 C0 <wb> C28 C0 C7 C0 C8 C0 C32 C0 C16 <wb> C7 C0 C37 C0 C1 C29 C0 C1 <wb> C29 C0 C23 C13 C0 C16 C24 C0 <wb> C22 C1 C6 C0 C21 C16 C26 C24 C16 <wb> C37 C11 C29 C1 C38 C0 C34 C16 <wb> C28 C0 C11 C7 C0 C1 <wb> C19 C0 C29 C0 C37 C0 C1 C22 C0 C1 C23 <wb> C1 C37 C0 C11 <wb> C6 C0 C11,train
6904,"જેમાં, નોર્થ સાઉથ કોરિડોર, અમદાવાદ વાસણા, એપીએમસીથી, ગાંધી નગર અક્ષરધામ.",0,7.58,0,not_selected_by_random,,,,
6905,"પાંચ ઓવરોમાં, બંનેએ, અગણ્યો સિત્તેર રન, ઉમેર્યા હતા, અને, મોટી ભાગીદારી માટે, સેટ, થઇ ગયા હતા.",0,7.546,1,,gujarati_female_006905.wav,p a aa q c a <wb> o w a r a o m a aa q <wb> b a mq n ee ee <wb> a g a nx y o <wb> s a i t a t a ee r a <wb> r a n a <wb> u m ee r y aa <wb> h a t a aa <wb> a n a ee <wb> m a o tx a ii <wb> bh a aa g a ii d a aa r a ii <wb> m a aa tx a ee <wb> s a ee tx a <wb> th a i <wb> g a y a aa <wb> h a t a aa,C28 C0 C1 C23 C5 C0 <wb> C26 C37 C0 C29 C0 C26 C22 C0 C1 C23 <wb> C3 C0 C23 C24 C11 C11 <wb> C0 C13 C0 C25 C38 C26 <wb> C30 C0 C16 C32 C0 C32 C0 C11 C29 C0 <wb> C29 C0 C24 C0 <wb> C36 C22 C11 C29 C38 C1 <wb> C15 C0 C32 C0 C1 <wb> C0 C24 C0 C11 <wb> C22 C0 C26 C34 C0 C16 <wb> C4 C0 C1 C13 C0 C16 C7 C0 C1 C29 C0 C16 <wb> C22 C0 C1 C34 C0 C11 <wb> C30 C0 C11 C34 C0 <wb> C33 C0 C16 <wb> C13 C0 C38 C0 C1 <wb> C15 C0 C32 C0 C1,train
6906,"વાલિયા હમ્ઝાની, બ્રાઝીલમાં, વિરાટ એમેઝોન નદી નીચે, વ્હેલી, વિરાટ નદીની, ખોજ.",0,7.458,0,not_selected_by_random,,,,
6907,"અગિયાર વર્ષ, પૂર્વે, તેણે ચૌદમી જાન્યુઆરીએ, કહોના પ્યાર હૈ સાથે, બોલીવુડમાં, આગમન, કર્યું હતું.",0,7.059,1,,gujarati_female_006907.wav,a g a i y a aa r a <wb> w a r a sx a <wb> p a uu r a w a ee <wb> t a ee nx a ee <wb> c ou d a m ii <wb> j aa n y u aa r ii ee <wb> k a h o n aa <wb> p y aa r a <wb> h a ei <wb> s a aa th a ee <wb> b o l ii w u dx a m aa mq <wb> aa g a m a n a <wb> k a r a y a u q <wb> h a t a u q,C0 C13 C0 C16 C38 C0 C1 C29 C0 <wb> C37 C0 C29 C0 C31 C0 <wb> C28 C0 C36 C29 C0 C37 C0 C11 <wb> C32 C0 C11 C25 C0 C11 <wb> C5 C27 C7 C0 C22 C16 <wb> C17 C1 C24 C38 C36 C1 C29 C16 C11 <wb> C19 C0 C15 C26 C24 C1 <wb> C28 C38 C1 C29 C0 <wb> C15 C0 C2 <wb> C30 C0 C1 C33 C0 C11 <wb> C3 C26 C21 C16 C37 C36 C9 C0 C22 C1 C23 <wb> C1 C13 C0 C22 C0 C24 C0 <wb> C19 C0 C29 C0 C38 C0 C36 C23 <wb> C15 C0 C32 C0 C36 C23,train
6908,"આવા, સમચોરસો, તો, પૂંઠામાંથી બનાવી શકાય, અને, અઘરા પ્રમેયને, તા દ્રશ્ય રીતે, સાબિત કરી શકાય.",0,8.576,0,not_selected_by_random,,,,
6909,"મેથાએક્રેલીક એસીડ, અને, મેથાનોલ વચ્ચે, રાસાયણીક પ્રક્રિયા દ્વારા, મિથાઈલ મેથાએક્રીલેટ, બનાવાયું હતું.",0,7.941,1,,gujarati_female_006909.wav,m ee th aa ee k r ee l ii k a <wb> ee s ii dx a <wb> a n a ee <wb> m ee th aa n o l a <wb> w a c a c a ee <wb> r aa s aa y a nx ii k a <wb> p a r a k a r a i y a aa <wb> d a w a aa r a aa <wb> m i th aa ii l a <wb> m ee th aa ee k r ii l ee tx a <wb> b a n aa w aa y u mq <wb> h a t a u q,C22 C11 C33 C1 C11 C19 C29 C11 C21 C16 C19 C0 <wb> C11 C30 C16 C9 C0 <wb> C0 C24 C0 C11 <wb> C22 C11 C33 C1 C24 C26 C21 C0 <wb> C37 C0 C5 C0 C5 C0 C11 <wb> C29 C1 C30 C1 C38 C0 C25 C16 C19 C0 <wb> C28 C0 C29 C0 C19 C0 C29 C0 C16 C38 C0 C1 <wb> C7 C0 C37 C0 C1 C29 C0 C1 <wb> C22 C16 C33 C1 C16 C21 C0 <wb> C22 C11 C33 C1 C11 C19 C29 C16 C21 C11 C34 C0 <wb> C3 C0 C24 C1 C37 C1 C38 C36 C23 <wb> C15 C0 C32 C0 C36 C23,train
6910,"સિક્સ્થ સેન્સ થી જાણીતા ગુજરાતી, પ્રણવ મિસ્ત્રીની, યાદ આવે.",0,5.361,0,not_selected_by_random,,,,
6911,"જ્યારે, અન્ના હજારેનો, જુવાળ હતો, ત્યારે, ટેમ્પરરી, તેને, વિવાદમાં ખેંચીને, સરકારે, લોકપાલ બીલને, પોતાના, તખતા પર, લઈ લીઘું છે.",0,10.897,0,not_selected_by_random,,,,
6912,"શુક્રાણુમાં, ઠ, અને, રૃ સહીતનાં, બધા જ રંગ સુત્રો, ફોમોઝોમ્સ, ઉપલબ્ધ, હોય છે.",0,6.658,0,not_selected_by_random,,,,
6913,"પુરુષ સ્ત્રીની, અક્કલ સાથે, હોડ નથી, લઈ શકતો, એટલે તો, રાત દિવસ, ઘરની બહાર, જ્યાં ત્યાં, ભટકતો રહે છે .",0,8.57,0,not_selected_by_random,,,,
6914,"એ વખતે, જ્હોન, કિન્ગ નામના, બળવાન પ્રેતાત્માએ, પ્રગટ થઈ, સભામાં, થોડા ઉપદ્રવો, પણ કર્યા હતા.",0,8.144,0,not_selected_by_random,,,,
6915,"રમતવીર, ઓછી ચરબીવાળી, ડેરી, નીપજ પુષ્કળ લેવાથી, જેમાં દૂધ, યોગર્ટ, ચીઝ, વગેરે આવે છે.",0,8.824,0,not_selected_by_random,,,,
6916,"ક્રેઝાએ, સેહવાગની, ક્લાસિક ઇનિંગ નો, અંત, આણ્યો હતો.",0,4.5,0,not_selected_by_random,,,,
6917,"આ માટે, જરૂરી, કંઠનો સ્વર, દ્રષ્ટિ, શ્વેતા, વાણીનો, ત્રિભેટ કિનારો, કંઠ સાથે, ગોઠવ્યો.",0,7.362,0,not_selected_by_random,,,,
6918,"જાતસ્ય, હિ, ધુરવોર મૃત્યુ, અર્થાત્, જન્મેલાનું, મૃત્યુ, નિશ્ચિત છે.",0,6.308,0,not_selected_by_random,,,,
6919,"અને, આ ક્ષણિક મોજશોખનું, છે, એવી સમજ, જીવનકૂચનું, સાચું, પીઠબળ છે.",0,6.633,0,not_selected_by_random,,,,
6920,"મોટાભાગના, વ્યાયામ માટે, ગ્લુકોઝ, મન પસંદ, ઊર્જાનો, સ્ત્રોત છે.",0,5.379,0,not_selected_by_random,,,,
6921,"જ્ઞાનયોગી, શ્રી, ચંદુભાઈએ, વાતનું સમાપન કરતાં કહ્યું, પરમાત્માનો સાક્ષાત્કર, થાય છે, ત્યારે, કહે છે, બંઘુજ, મળી જાય છે.",0,10.02,0,not_selected_by_random,,,,
6922,"આપણે તેમની કાર્યપદ્ધતિમાં શા માટે હસ્તક્ષેપ કરી રહ્યા છીએ, જેને લીધે તેની બ્રાન્ડ વેલ્યૂ પર દૂરોગામી અસર પડી શકે છે?.",0,9.407,0,not_selected_by_random,,,,
6923,"વર્લ્ડ કપની જાહેરાતોથી માંડી, અન્ય આવક વધારવા આઇસીસીએ ચાહકોને માથે જે, લાંબુલચક ફોરમેટ ફટકાર્યું છે, તેના પર નજર નાખવા જેવી છે.",0,10.891,0,not_selected_by_random,,,,
6924,"જકાર્તાની સફળતા આ દૃષ્ટિએ અત્યંત મહત્ત્વની છે, કે ત્યાંની ફાઈનલમાં તેણે ચીનની લી શૂએરૂઈને હરાવી છે, જે દુનિયામાં ત્રીજા નંબરની ખેલાડી છે.",0,11.616,0,not_selected_by_random,,,,
6925,"ત્રણ હજાર બસો પચાસ વીડિયોની સંખ્યા, સાઈઠ કરોડ અત્યાર સુધી થયેલી, પરીક્ષા પ્રતિદિન વીસ લાખથી વધુ પંદર હજાર કલાસરૂમમાં, ખાન અકાદમીનો કોર્સ ભણાવાય છે.",0,13.2,0,not_selected_by_random,,,,
6926,"ભારત તેના ઉપખંડમાં જ મેચ રમવાનું હોઈ, આજે જાહેર થયેલી ટીમમાં કોઈ ઈજાગ્રસ્ત થશે તો ભારત, પાર્થિવ જેવાને ચાલુ વર્લ્ડકપ દરમ્યાન સામેલ કરી શકશે.",0,11.122,1,,gujarati_female_006926.wav,bh a aa r a t a <wb> t a ee n a aa <wb> u p a kh a q dx a m a aa q <wb> j a <wb> m a ee c a <wb> r a m a w a aa n a u q <wb> h a o ii <wb> aa j a ee <wb> j a aa h a ee r a <wb> th a y a ee l a ii <wb> tx a ii m a m a aa q <wb> k a o ii <wb> ii j a aa g a r a s a t a <wb> th a sh a ee <wb> t a o <wb> bh a aa r a t a <wb> p a aa r a th a i w a <wb> j a ee w a aa n a ee <wb> c a aa l a u <wb> w a r a l a dx a k a p a <wb> d a r a m a y a aa n a <wb> s a aa m a ee l a <wb> k a r a ii <wb> sh a k a sh a ee,C4 C0 C1 C29 C0 C32 C0 <wb> C32 C0 C11 C24 C0 C1 <wb> C36 C28 C0 C20 C0 C23 C9 C0 C22 C0 C1 C23 <wb> C17 C0 <wb> C22 C0 C11 C5 C0 <wb> C29 C0 C22 C0 C37 C0 C1 C24 C0 C36 C23 <wb> C15 C0 C26 C16 <wb> C1 C17 C0 C11 <wb> C17 C0 C1 C15 C0 C11 C29 C0 <wb> C33 C0 C38 C0 C11 C21 C0 C16 <wb> C34 C0 C16 C22 C0 C22 C0 C1 C23 <wb> C19 C0 C26 C16 <wb> C16 C17 C0 C1 C13 C0 C29 C0 C30 C0 C32 C0 <wb> C33 C0 C31 C0 C11 <wb> C32 C0 C26 <wb> C4 C0 C1 C29 C0 C32 C0 <wb> C28 C0 C1 C29 C0 C33 C0 C16 C37 C0 <wb> C17 C0 C11 C37 C0 C1 C24 C0 C11 <wb> C5 C0 C1 C21 C0 C36 <wb> C37 C0 C29 C0 C21 C0 C9 C0 C19 C0 C28 C0 <wb> C7 C0 C29 C0 C22 C0 C38 C0 C1 C24 C0 <wb> C30 C0 C1 C22 C0 C11 C21 C0 <wb> C19 C0 C29 C0 C16 <wb> C31 C0 C19 C0 C31 C0 C11,train
6927,"બાઇકિંગ સ્ટન્ટના દિગ્ગજ અને ચાર વખત સ્ટન્ટ બાઇકિંગ માં વર્લ્ડ ચેમ્પિયન બનેલા, ક્રિસ ફિફરે અમદાવાદમાં પોતાના બાઇકિંગ સ્ટન્ટ કરીને, ચાહકોના જીવ તાળવે ચોંટાડી દીધા હતા.",0,13.251,0,not_selected_by_random,,,,
6928,"સ્થળાંતર કામગીરી હાથ ધરી શકાઇ ન હોવાથી, મૃત્યુઆંક વધશે તેવી આશંકા કવીન્સલેન્ડના પ્રીમિઅર અન્ના બ્લીધે વ્યકત કરી હતી.",0,10.013,0,not_selected_by_random,,,,
6929,"તે પછી સુડતાલીસ સેકન્ડ બાદ વૈજ્ઞાનિકોને જાણવા મળ્યું કે, રોકેટમાં રહેલા કોમ્પ્યુટર અને સ્ટ્રેપ ઓન મોટરો વચ્ચે સંકેતોની આપલે થતી નથી.",0,10.963,0,not_selected_by_random,,,,
6930,"ગંભીર ઓગણ ચાલીસ બોલમાં ઓગણ ચાલીસ રન બનાવીને, પુરા પ્રભુત્વ હેઠળ હતો પણ મહમુદુલ્લાહના અંદર તરફ ધસી આવેલા સ્પિન બોલમાં, તેણે થાપ ખાતા બોલ્ડ થયો હતો.",0,13.818,0,not_selected_by_random,,,,
6931,"હનોઈમાં આવેલા ફ્રેન્ચ શૈલીના ઓપેરા હાઉસમાં, ભવ્ય લાઈટ શૉ અને વિદેશી ડીજેના મ્યુઝિકના તાલે લોકોએ રંગેચંગે પાર્ટી મનાવી હતી.",0,10.924,0,not_selected_by_random,,,,
6932,"મહાદેવની અગિયાર રૂદ્રનું સ્વરૂપ પ્રેરણાની, તીક્ષ્ણા, રોદ્રી, મયા, નિદ્રા, તુન્દ્રા, સુધા, ક્રોધીની, ક્રિયા, ઉદારી અને મૃત્યુ છે.",0,14.14,0,not_selected_by_random,,,,
6933,"એક્સ્ટ્રા શોટ માર્ક વેબ દ્વારા નિર્દેશિત, હોલિવૂડની ફિલ્મ, ધ અમેઝિંગ સ્પાઈડરમેન ને, ગયા અઠવાડિયે ભારતમાં પંદર સો થિયેટરોમાં રિલીઝ કરાઈ છે.",0,11.937,0,not_selected_by_random,,,,
6934,"બ્રાઝીલની પેટ્રોબ્રાસ નામની સરકાર સંચાલિત કંપનીએ, બસો એકતાલીસ ખનીજતેલના કૂવાઓનું ડ્રીલીંગ કરેલું, તે હાલ નિષ્ક્રિય છે.",0,10.384,0,not_selected_by_random,,,,
6935,"બીજાવિશ્વયુદ્ધમાં સબમરીનનાં પેરીસ્કોપ, ગાડીનાં વિન્ડશીલ્ડ, એર પ્લેનનાં કેનોપીથી માંડીને ગન ટરેટ સુદ્ધાં, પ્લેક્ષી ગ્લાસનાં બનવા લાગ્યા હતા.",0,12.225,0,not_selected_by_random,,,,
6936,"અનુષ્ઠાન, ગ્રહ પ્રવેશ, ચોપડાપૂજન, વ્યાપારિક પ્રસંગ તેમજ શૂભ પ્રસંગોથી લઈને, રાજ્યાભિષેક જેવા ઉચ્ચત્તમ પ્રકારના કાર્યો માટે ઉપયોગ થાય છે.",0,12.885,0,not_selected_by_random,,,,
6937,"ક્રેબ્સ સાઈકલ સાઈટ્રિક એસિડ સાઈકલ અને સેલ મેટાબોલિઝમ કોષ, ચયાપચય પર તેમના અઢાર મિનિટના લેકચરને, છ લાખ પંચોતેર હજાર વખત જોવાયો છે.",0,12.792,0,not_selected_by_random,,,,
6938,"જીએસએલવી એફ ઝિરો છ કે જે, એડવાન્સ્ડ સંચાર ઉપગ્રહ જીસેટ પાંચ પી ને, ભૂ અનુવર્તનીય કક્ષામાં, જીઓસિન્ક્રોન્સ ઓરબીટમાં મૂકનાર હતું.",0,12.807,0,not_selected_by_random,,,,
6939,"બોઈંગનાં બી સત્તર ફ્લાઈંટ ફોર્ટીસનું, પારદર્શક નાક અને એફ બાવીસ રેપ્ટચર જેવાં ફાઈટર પ્લેનનાં, સામાન્ય એક્રેલીકની જગ્યા પ્લેક્ષી ગ્લાસે લઈ લીધી છે.",0,12.129,0,not_selected_by_random,,,,
6940,"આ સાથે વર્લ્ડકપની ટોપ ઈનિંગસમાં સેહવાગ, કપિલદેવની એક સો પંચોતેર અણનમની ઈનિંગ સાથે, તે સંયુક્ત ચોથા ક્રમે રહ્યો છે.",0,11.195,0,not_selected_by_random,,,,
6941,"તેમજ બ્રહ્માજીનાં નેત્રમાંથી અત્રિ ઋષિ, ગોદમાંથી વશિષ્ઠ, કાનમાંથી પુલત્સ્ય મુનિ, ચામડીમાંથી ભૃગુ મુનિ તેમજ અંગુઠામાંથી દક્ષ પ્રજાપતિ પ્રકટ થયા છે.",0,14.505,0,not_selected_by_random,,,,
6942,"બિજિંગ, શાંઘાઇ, હોંગકોંગ વગેરે જેવાં શહેરોમાં, ઉછેર પામતાં બાળકો કશાક અગમ્ય કારણસર, ક્રમશઃ સ્થૂળકાય બની રહ્યાં હતાં.",0,11.356,0,not_selected_by_random,,,,
6943,"બેંગકોકમાં યોજાનાર, રોબોકોન ઇન્ટરનેશનલ કોમ્પિટિશનમાં, નિરમા ઇન્સ્ટિટયૂટ ઓફ ટેકનોલોજીના સ્ટુડન્ટસ દેશ તરફથી ભાગ લેશે.",0,9.706,1,,gujarati_female_006943.wav,b a ee q g a k a o k a m a aa q <wb> y a o j a aa n a aa r a <wb> r a o b a o k a o n a <wb> i n a tx a r a n a ee sh a n a l a <wb> k a o m a p a i tx a i sh a n a m a aa q <wb> n a i r a m a aa <wb> i n a s a tx a i tx a y a uu tx a <wb> o ph a <wb> tx a ee k a n a o l a o j a ii n a aa <wb> s a tx a u dx a n a tx a s a <wb> d a ee sh a <wb> t a r a ph a th a ii <wb> bh a aa g a <wb> l a ee sh a ee,C3 C0 C11 C23 C13 C0 C19 C0 C26 C19 C0 C22 C0 C1 C23 <wb> C38 C0 C26 C17 C0 C1 C24 C0 C1 C29 C0 <wb> C29 C0 C26 C3 C0 C26 C19 C0 C26 C24 C0 <wb> C16 C24 C0 C34 C0 C29 C0 C24 C0 C11 C31 C0 C24 C0 C21 C0 <wb> C19 C0 C26 C22 C0 C28 C0 C16 C34 C0 C16 C31 C0 C24 C0 C22 C0 C1 C23 <wb> C24 C0 C16 C29 C0 C22 C0 C1 <wb> C16 C24 C0 C30 C0 C34 C0 C16 C34 C0 C38 C0 C36 C34 C0 <wb> C26 C12 C0 <wb> C34 C0 C11 C19 C0 C24 C0 C26 C21 C0 C26 C17 C0 C16 C24 C0 C1 <wb> C30 C0 C34 C0 C36 C9 C0 C24 C0 C34 C0 C30 C0 <wb> C7 C0 C11 C31 C0 <wb> C32 C0 C29 C0 C12 C0 C33 C0 C16 <wb> C4 C0 C1 C13 C0 <wb> C21 C0 C11 C31 C0 C11,train
6944,"સિંદૂરી રંગનાં મોટા મોટા ફૂલગુચ્છા, અને ઘેરાં લીલાં પાનથી શોભતાં, પેલાં મોટાં વૃક્ષોનું પ્રચલિત નામ મને પસંદ નથી.",0,9.477,0,not_selected_by_random,,,,
6945,"ફેગ વેન્ટર વૈજ્ઞાનિક અને કૃત્રિમ કોષ વિકસાવનાર, કેગ વેન્ટર ઈન્સ્ટિટયૂટ અને સિન્થેટીક જેનોમિક્સનાં સુત્રધાર છે.",0,9.505,0,not_selected_by_random,,,,
6946,"ફ્રિઝ, બૂટ ચંપલ, વૉશિંગમશીન, ભોજન, અંડર ગારમેન્ટ્સ, ચોક્કસ લેખકોનાં ચોક્કસ પુસ્તકો.",0,8.46,0,not_selected_by_random,,,,
6947,"બ્રિટનના મરેને કારકિર્દીની ત્રીજી ગ્રાન્ડ સ્લેમ ફાઇનલમાં પણ, રનર્સ અપની ટ્રોફીથી સંતોષ માનવો પડયો હતો.",0,8.945,0,not_selected_by_random,,,,
6948,"ભાગવત કથા અનુસાર ભગવાન શ્રીકૃષ્ણને, પરમં બ્રહ્મ સ્વરૂપે બે વ્યક્તિએ ઓળખ્યા, એક માતા કુન્તા ને બીજા ભીષ્મ પિતામહ.",0,11.169,1,,gujarati_female_006948.wav,bh a aa g a w a t a <wb> k a th a aa <wb> a n a u s a aa r a <wb> bh a g a w a aa n a <wb> sh a r a ii k a sx a nx a n a ee <wb> p a r a m a q <wb> b a r a h a m a <wb> s a w a r a uu p a ee <wb> b a ee <wb> w a y a k a t a i ee <wb> o lx a kh a y a aa <wb> ee k a <wb> m a aa t a aa <wb> k a u n a t a aa <wb> n a ee <wb> b a ii j a aa <wb> bh a ii sx a m a <wb> p a i t a aa m a h a,C4 C0 C1 C13 C0 C37 C0 C32 C0 <wb> C19 C0 C33 C0 C1 <wb> C0 C24 C0 C36 C30 C0 C1 C29 C0 <wb> C4 C0 C13 C0 C37 C0 C1 C24 C0 <wb> C31 C0 C29 C0 C16 C19 C0 C31 C0 C25 C0 C24 C0 C11 <wb> C28 C0 C29 C0 C22 C0 C23 <wb> C3 C0 C29 C0 C15 C0 C22 C0 <wb> C30 C0 C37 C0 C29 C0 C36 C28 C0 C11 <wb> C3 C0 C11 <wb> C37 C0 C38 C0 C19 C0 C32 C0 C16 C11 <wb> C26 C21 C0 C20 C0 C38 C0 C1 <wb> C11 C19 C0 <wb> C22 C0 C1 C32 C0 C1 <wb> C19 C0 C36 C24 C0 C32 C0 C1 <wb> C24 C0 C11 <wb> C3 C0 C16 C17 C0 C1 <wb> C4 C0 C16 C31 C0 C22 C0 <wb> C28 C0 C16 C32 C0 C1 C22 C0 C15 C0,test
6949,"અઢાર સો પચાસ ની સોળ મી નવેમ્બરે, કેગનો આરંભ થયો, ત્યારે તેના પ્રથમ કોમ્પટ્રોલર એન્ડ ઓડિટર જનરલ હતાં સર એડમંડ ડ્રમોન્ડ.",0,11.433,0,not_selected_by_random,,,,
6950,"મેટ્રો લિંક એક્સપ્રેસ ફોર ગાંધીનગર એન્ડ અમદાવાદ મેગા પ્રોજેક્ટના એક્ઝિક્યુટીવ ચેરમેન તરીકે, સંજય ગુપ્તા કાર્યરત છે.",0,9.448,0,not_selected_by_random,,,,
6951,"આમ પણ સંસ્કૃતમાં આંબાને વસન્તદૂત, કોકિલોત્સવ, પિકરાગ, ભૃંગાભીષ્ઠ, રસાલ, મદાઢ્ય, મધ્યાવાસ, સુમદન કહેવાય છે.",0,12.062,0,not_selected_by_random,,,,
6952,"સ્કન્દ પુરાણમાં લખ્યું છે શિવજીનું પૂજન, રાત્રીનું આઠ પહોરનું જાગરણ તથા ઉપવાસ મહાશિવરાત્રીના રોજ કરવાવાળો મનુષ્યનો પુનઃ જન્મ થાશે નહિં.",0,13.207,0,not_selected_by_random,,,,
6953,"જ્યારે ઝુંડાલમાં શિવરાત્રી નિમિત્તે, ભજન સંધ્યા, સેક્ટર બે બી ખાતે આવેલ ચંદ્રમૌલેશ્વર મંદિર ખાતે, હોમાત્કમ લઘુરૂદ્ર અને પંચમુખી મહાદેવ મંદિર ખાતે, ચાર પ્રહર ની પૂજા કરવામાં આવી હતી.",0,15.561,0,not_selected_by_random,,,,
6954,"બ્રહ્માંડ પુરાણ, વિશ્વબ્રહ્મકૂળ અખ્યાન, સ્કન્દ પુરાણ પ્રભાસખંડ, વશિષ્ઠ પુરાણકાંડ ત્રણ, આ ગ્રંથોમાં તેનું પ્રમાણ જોવા મળે છે.",0,10.915,0,not_selected_by_random,,,,
6955,"ઉગ્રસેન ગઢ, ખેંગાર ગઢ, મુસ્તફાબાદ, કિલ્લા એ ગિરનાર, સાર્વભૌમ નરેન્દ્રપુર, જૂનાણું અને છેલ્લે આવ્યું જૂનાગઢ.",0,10.708,0,not_selected_by_random,,,,
6956,"તેવી જ રીતે તેમને નેશનલ એકેડમી ઓફ ઓડિટ એન્ડ અકાઉન્ટસ, અને નેશનલ ઇન્સ્ટિટયુટ ઓફ ફાઇનાન્સ મેનેજમેન્ટમાં, ખાસ તાલીમ આપવામાં આવે છે.",0,11.669,0,not_selected_by_random,,,,
6957,"કેપ્સ્યુલનાં મધ્યભાગમાં, ઈઝરાયેલનાં નેગેવની ફળદ્રુપ માટીમાં, ખડતલ માઈક્રોઓર્ગેનિઝમ રાખવામાં આવશે.",0,8.754,1,,gujarati_female_006957.wav,k a ee p a s a y a u l a n a aa q <wb> m a dh a y a bh a aa g a m a aa q <wb> ii jh a r a aa y a ee l a n a aa q <wb> n a ee g a ee w a n a ii <wb> ph a lx a d a r a u p a <wb> m a aa tx a ii m a aa q <wb> kh a dx a t a l a <wb> m a aa ii k a r a o o r a g a ee n a i jh a m a <wb> r a aa kh a w a aa m a aa q <wb> aa w a sh a ee,C19 C0 C11 C28 C0 C30 C0 C38 C0 C36 C21 C0 C24 C0 C1 C23 <wb> C22 C0 C8 C0 C38 C0 C4 C0 C1 C13 C0 C22 C0 C1 C23 <wb> C16 C18 C0 C29 C0 C1 C38 C0 C11 C21 C0 C24 C0 C1 C23 <wb> C24 C0 C11 C13 C0 C11 C37 C0 C24 C0 C16 <wb> C12 C0 C21 C0 C7 C0 C29 C0 C36 C28 C0 <wb> C22 C0 C1 C34 C0 C16 C22 C0 C1 C23 <wb> C20 C0 C9 C0 C32 C0 C21 C0 <wb> C22 C0 C1 C16 C19 C0 C29 C0 C26 C26 C29 C0 C13 C0 C11 C24 C0 C16 C18 C0 C22 C0 <wb> C29 C0 C1 C20 C0 C37 C0 C1 C22 C0 C1 C23 <wb> C1 C37 C0 C31 C0 C11,train
6958,"દક્ષિણ આફ્રિકામાં ટ્રેનની એકાંકી મુસાફરી દરમ્યાન, આ પુસ્તકનું વાંચન મોહનદાસ ને મહાત્મા બનાવનાર મહત્વનું સીમાચિન્હ બની જાય છે.",0,11.192,1,,gujarati_female_006958.wav,d a k a sx a i nx a <wb> aa ph a r a i k a aa m a aa q <wb> tx a r a ee n a n a ii <wb> ee k a aa q k a ii <wb> m a u s a aa ph a r a ii <wb> d a r a m a y a aa n a <wb> aa <wb> p a u s a t a k a n a u q <wb> w a aa q c a n a <wb> m a o h a n a d a aa s a <wb> n a ee <wb> m a h a aa t a m a aa <wb> b a n a aa w a n a aa r a <wb> m a h a t a w a n a u q <wb> s a ii m a aa c a i n a h a <wb> b a n a ii <wb> j a aa y a <wb> ch a ee,C7 C0 C19 C0 C31 C0 C16 C25 C0 <wb> C1 C12 C0 C29 C0 C16 C19 C0 C1 C22 C0 C1 C23 <wb> C34 C0 C29 C0 C11 C24 C0 C24 C0 C16 <wb> C11 C19 C0 C1 C23 C19 C0 C16 <wb> C22 C0 C36 C30 C0 C1 C12 C0 C29 C0 C16 <wb> C7 C0 C29 C0 C22 C0 C38 C0 C1 C24 C0 <wb> C1 <wb> C28 C0 C36 C30 C0 C32 C0 C19 C0 C24 C0 C36 C23 <wb> C37 C0 C1 C23 C5 C0 C24 C0 <wb> C22 C0 C26 C15 C0 C24 C0 C7 C0 C1 C30 C0 <wb> C24 C0 C11 <wb> C22 C0 C15 C0 C1 C32 C0 C22 C0 C1 <wb> C3 C0 C24 C0 C1 C37 C0 C24 C0 C1 C29 C0 <wb> C22 C0 C15 C0 C32 C0 C37 C0 C24 C0 C36 C23 <wb> C30 C0 C16 C22 C0 C1 C5 C0 C16 C24 C0 C15 C0 <wb> C3 C0 C24 C0 C16 <wb> C17 C0 C1 C38 C0 <wb> C6 C0 C11,train
6959,"વ્યક્તિગત સ્તર પર નિર્ણય કરો ઘરમાં, ઑફિસમાં, સામાજિક જીવનમાં, જ્યાં પ્રગતિ દેખાશે, હું એ માટે પ્રયત્નો કરીશ.",0,10.046,0,not_selected_by_random,,,,
6960,"જેમાં સેહવાગ, ગંભીર, તેંડુલકર, કોહલી, રૈના, યુવરાજ, ધોની અને ઓલરાઉન્ડર યુસુફ પઠાણ છે.",0,9.659,0,not_selected_by_random,,,,
6961,"ગજની, રેડી અને હાઉસફુલ ટુ જેવી ધમાકેદાર હિટ ફિલ્મોની હિરોઇન, અસિનની લેટેસ્ટ ફિલ્મ બોલ બચ્ચનને પણ બોક્સઓફિસ પર, ભવ્ય ઓપનિંગ મળી ગયું.",0,12.753,0,not_selected_by_random,,,,
6962,"એમાં ટયુમરમાંથી સોફ્ટ ટિસ્યુ માંસપેશીનો ટુકડો બહાર કાઢી, એને ફાઇનલ ડાયગ્નોસીસ નિદાન માટે માઇક્રોસ્કોપ હેઠળ મુકાય છે.",0,10.678,0,not_selected_by_random,,,,
6963,"દુનિયાભરમાં ઈજનેરી ક્ષેત્રે પાયાનો સિધ્ધાંત બની ગયેલ, આ પ્રમેય અનેક જટીલ સંરચનાની ડીઝાઈનો બનાવવામાં વપરાય છે.",0,10.108,0,not_selected_by_random,,,,
6964,"તેમણે તેમની કારકિર્દી આરંભ ઓગણીસ સો છાસઠ માં હૈદ્રાબાદ ખાતે, નેશનલ જીઓફીઝીકલ રીસર્ચ ઇન્સ્ટિટયૂટમાં, સીનિયર સાયન્ટીફીક આસીસ્ટંટ તરીકે કરેલો હતો.",0,12.646,0,not_selected_by_random,,,,
6965,"તેના હોમ પ્રોડકશનની પ્રથમ ફિલ્મ, ફિર ભી દિલ હૈ હિન્દુસ્તાની રિલીઝ થઈ હતી, જેને બોક્સ ઓફિસ પર નિષ્ફળતા મળી હતી.",0,9.689,0,not_selected_by_random,,,,
6966,"ચમકતો લીલો રંગ, માથું અને ડોક સોનેરી ઝાંયવાળા રતુંબડા, ગળે કાળો કાંઠલો અને લાલચોળ આંખો ધરાવતું આ પંખી ખૂબ નમણું છે.",0,12.427,0,not_selected_by_random,,,,
6967,"સેહવાગના ચૌદ ચોગ્ગા, પાંચ છગ્ગા સાથે એક સો ચાલીસ બોલમાં એક સો પંચોત્તેર રન, સેહવાગ કોહલી વચ્ચે ત્રીજી વિકેટની બસો ત્રણ રનની ભાગીદારી.",0,13.091,0,not_selected_by_random,,,,
6968,"આ કામગીરીમાં, યુરોપીયન ઓર્ગનાઈઝેશન ફોર ન્યુક્લિયર રિસર્ચ ઉર્ફે સર્ન સીઈઓએન ફ્રેન્ચ ભાષાના, ટુંકાક્ષરોના આ કંટ્રોલ રુમ સાથે, વિશ્વના મહત્ત્વના કેન્દ્રોના વિજ્ઞાનીઓ, પણ સતત સંપર્કમાં રહ્યા હતા.",0,18.597,0,not_selected_by_random,,,,
6969,"હિગ્સ પાર્ટિકલ એટલે કે હિગ્સ બોસોન, અર્થાત્ ગોડ પાર્ટિકલ વિશે, ઓગણીસ સો ચોસઠ માં બ્રિટિશ વિજ્ઞાની પીટર હિગ્સ સહિતના છ ભૌતિકશાસ્ત્રીઓએ, થિયરી દર્શાવી હતી.",0,14.267,0,not_selected_by_random,,,,
6970,"મરે હારતાં છેલ્લા પંચોત્તેર વર્ષથી મેન્સ સિંગલ્સ ગ્રાન્ડ સ્લેમ ચેમ્પિયનની રાહ જોઇ રહેલા, બ્રિટીશ ટેનિસ પ્રેમીઓમાં ભારે નિરાશા ફેલાવા પામી હતી.",0,11.656,1,,gujarati_female_006970.wav,m a r a ee <wb> h a aa r a t a aa q <wb> ch a ee l a l a aa <wb> p a q c a o t a t a ee r a <wb> w a r a sx a th a ii <wb> m a ee n a s a <wb> s a i q g a l a s a <wb> g a r a aa n a dx a <wb> s a l a ee m a <wb> c a ee m a p a i y a n a n a ii <wb> r a aa h a <wb> j a o i <wb> r a h a ee l a aa <wb> b a r a i tx a ii sh a <wb> tx a ee n a i s a <wb> p a r a ee m a ii o m a aa q <wb> bh a aa r a ee <wb> n a i r a aa sh a aa <wb> ph a ee l a aa w a aa <wb> p a aa m a ii <wb> h a t a ii,C22 C0 C29 C0 C11 <wb> C15 C0 C1 C29 C0 C32 C0 C1 C23 <wb> C6 C0 C11 C21 C0 C21 C0 C1 <wb> C28 C0 C23 C5 C0 C26 C32 C0 C32 C0 C11 C29 C0 <wb> C37 C0 C29 C0 C31 C0 C33 C0 C16 <wb> C22 C0 C11 C24 C0 C30 C0 <wb> C30 C0 C16 C23 C13 C0 C21 C0 C30 C0 <wb> C13 C0 C29 C0 C1 C24 C0 C9 C0 <wb> C30 C0 C21 C0 C11 C22 C0 <wb> C5 C0 C11 C22 C0 C28 C0 C16 C38 C0 C24 C0 C24 C0 C16 <wb> C29 C0 C1 C15 C0 <wb> C17 C0 C26 C16 <wb> C29 C0 C15 C0 C11 C21 C0 C1 <wb> C3 C0 C29 C0 C16 C34 C0 C16 C31 C0 <wb> C34 C0 C11 C24 C0 C16 C30 C0 <wb> C28 C0 C29 C0 C11 C22 C0 C16 C26 C22 C0 C1 C23 <wb> C4 C0 C1 C29 C0 C11 <wb> C24 C0 C16 C29 C0 C1 C31 C0 C1 <wb> C12 C0 C11 C21 C0 C1 C37 C0 C1 <wb> C28 C0 C1 C22 C0 C16 <wb> C15 C0 C32 C0 C16,train
6971,"ગ્રીસ, આયર્લેન્ડમાં આર્થિક કટોકટીને કારણે, સેલિબ્રેશન ફિક્કુ રહ્યું હતું, જ્યારે સ્પેન અને પોર્ટુગલ પણ કટોકટીમાં સપડાય એવા સંકેતો છે.",0,12.045,0,not_selected_by_random,,,,
6972,"શ્રીકૃષ્ણનું પ્રેમ ભરેલ વાક્ય સાંભળી, ઋષિ પ્રસન્ન થઈ બોલ્યાં, ગોવંદ, તમે ધન્ય છો.",0,8.508,0,not_selected_by_random,,,,
6973,"ગણિતને આત્મસાત્ કરનાર અધ્યાપક, અન્નાસ્વામી રંગનાથ રાવનું સોમવાર તારીખ અગિયાર એપ્રિલ બે હજાર અગિયાર ના રોજ અવસાન થયું છે.",0,12.27,0,not_selected_by_random,,,,
6974,"એમણે હાટમાં બચેલાં બધાંયે ચીભડાં, કાકડીઓ, ખરબૂજાં અને મતીરાં નાનું તરબૂચ તોળાવ્યાં અને ગાંસડીઓ બાંધીને લઈને ચાલવા લાગ્યા.",0,11.732,0,not_selected_by_random,,,,
6975,"ઓગણીસ સો તેત્રીસ માં રોહમ એન્ડ હાસનાં સ્થાપક, જર્મન રસાયણશાસ્ત્રી ઓટો એન્ડ રોહમ પ્લેક્ષીગ્લાસ નામે, તેનાં પેટન્ટ હક્ક મેળવી લીધા હતા.",0,12.817,0,not_selected_by_random,,,,
6976,"ત્યારે તેને પૃથ્વીલોકમાં મનુ લુહાર, મય સુથાર, ત્વષ્ટ્રા કંસારા, શિલ્પી કડિયા, દૈવજ્ઞ સોની આ શિલ્પકાર કર્મો કરે છે.",0,11.853,0,not_selected_by_random,,,,
6977,"બિહાર રાજ્ય ધાર્મિક ન્યાય પરિષદના અધ્યક્ષ, તેમજ મહાવીર મંદિર પટનાના સચિવ કિશોર કુણાલે આજે અહીં પત્રકારોને જણાવ્યું.",0,11.834,0,not_selected_by_random,,,,
6978,"જેમકે ડીડીટી, દસ વર્ષ, ડાઈએલડીન આઠ વર્ષ, હેપ્ટાક્લોર અને સ્ટીનફેન ચાર વર્ષ, આલ્ડ્રીન ત્રણ વર્ષ.",0,11.1,0,not_selected_by_random,,,,
6979,"આ સપ્ત ઋષિઓ ગૌતમ, ભારદ્વાજ, વિશ્વામિત્ર, કશ્યપ, જમદગ્નિ વશિષ્ટ તેમજ અત્રિનું આહવાન કરે છે.",0,11.176,0,not_selected_by_random,,,,
6980,"ત્રીસ નાં મોત, ઇઠયોતેર લાપતા વધુ ખાનાખરાબીની ચેતવણી, હજારોનું સ્થળાંતર દૂધ, ખોરાકની ભારે અછત, અંધારપટથી સ્થિતિ વણસી.",0,12.736,0,not_selected_by_random,,,,
6981,"જંગલમાં એને ગભરાઈને ભાગતો જોઈને રીંછે એને રોકીને પૂછ્યું, વાઘ રાજા, આજ આટલા ઝડપથી ક્યાં દાવ મારવા નીકળ્યા છો ?.",0,11.366,0,not_selected_by_random,,,,
6982,"તો સફરજન, તરબૂચ, પીચ, દ્રાક્ષ, નારંગી જેવા ફળો, એનર્જી જેલ, સ્પોર્ટસ ડ્રીકસ દોઢ કપ સુધી લેવા જોઈએ.",0,11.194,0,not_selected_by_random,,,,
6983,"પરંતુ એ લિમ્ફોમા નથી, એમ ભારપૂર્વક જણાવતા શબનમ સિંહ ચોખવટ કરે છે કે, એ હૃદય અને ફેફસા વચ્ચેનો એક સોફ્ટ ટિસ્યુ ગ્રોથ છે.",0,10.541,0,not_selected_by_random,,,,
6984,"ત્રણ સ્પીડ ટ્રાન્સમીશન, છ સીલીન્ડરવાળું એન્જીન, કોઈલ સ્પ્રીંગ સ્વતંત્રતાવાળી ફ્રન્ટ સસ્પેન્શન.",0,8.104,1,,gujarati_female_006984.wav,t a r a nx a <wb> s a p a ii dx a <wb> tx a r a aa n a s a m a ii sh a n a <wb> ch a <wb> s a ii l a ii n a dx a r a w a aa lx a u q <wb> ee n a j a ii n a <wb> k a o ii l a <wb> s a p a r a ii q g a <wb> s a w a t a q t a r a t a aa w a aa lx a ii <wb> ph a r a n a tx a <wb> s a s a p a ee n a sh a n a,C32 C0 C29 C0 C25 C0 <wb> C30 C0 C28 C0 C16 C9 C0 <wb> C34 C0 C29 C0 C1 C24 C0 C30 C0 C22 C0 C16 C31 C0 C24 C0 <wb> C6 C0 <wb> C30 C0 C16 C21 C0 C16 C24 C0 C9 C0 C29 C0 C37 C0 C1 C21 C0 C36 C23 <wb> C11 C24 C0 C17 C0 C16 C24 C0 <wb> C19 C0 C26 C16 C21 C0 <wb> C30 C0 C28 C0 C29 C0 C16 C23 C13 C0 <wb> C30 C0 C37 C0 C32 C0 C23 C32 C0 C29 C0 C32 C0 C1 C37 C0 C1 C21 C0 C16 <wb> C12 C0 C29 C0 C24 C0 C34 C0 <wb> C30 C0 C30 C0 C28 C0 C11 C24 C0 C31 C0 C24 C0,train
6985,"થાઇલેન્ડમાં યોજાનાર રોબોકોન ઇન્ટરનેશનલ કોમ્પિટિશનમાં, નિરમા ઇન્સ્ટિટયૂટ ઓફ ટેકનોલોજીના સ્ટુડન્ટસ ભાગ લેશે.",0,10.017,0,not_selected_by_random,,,,
6986,"ચિત્રમાં મુખ્ય દેવળ તરફ જવાનો માર્ગ, કલા કારીગરીવાળા થાંભલા, ટોડલા, કમાનો, બ્રેકેટ, મારબલના પગથીયાં, દેખાય છે.",0,11.77,0,not_selected_by_random,,,,
6987,"અઢાર સો ચાલીસ માં ગાદીએ આવેલા નવાબ, હામેદખાને સહજાનંદ સ્વામી ભગવાન સ્વામીનારાયણ ની પધરામણી, પોતાના રાજમહેલમાં ધામઘૂમથી કરાવી હતી.",0,13.123,0,not_selected_by_random,,,,
6988,"બ્રહ્મા, વિષ્ણુ અને મહેશ આ ત્રિદેવનું સ્વરૂપ, એટલે દત્તાત્રેય મહર્ષિ અત્રી અને માતા અનસૂયાના પુત્રરૂપે પ્રગટ થયેલા.",0,13.27,0,not_selected_by_random,,,,
6989,"શિવપુરાણમાં લખ્યાં પ્રમાણે, વ્રત કરનારે પ્રાતઃકાળમાં ઉઠી સ્નાન કરી, શિવલિંગનું વિધિપૂર્વક પૂજન નમસ્કાર કરવા.",0,9.934,0,not_selected_by_random,,,,
6990,"વ્યાયામ પશ્ચાત્ બે કલાકમાં પ્રોટીન સાથે કાર્બોહાઈડ્રેટ જોડાવાથી, ઈન્સ્યુલિનનો પ્રતિભાવ લગભગ બમણો થઈ જાય છે.",0,8.313,1,,gujarati_female_006990.wav,w a y a aa y a aa m a <wb> p a sh a c a aa t a <wb> b a ee <wb> k a l a aa k a m a aa q <wb> p a r a o tx a ii n a <wb> s a aa th a ee <wb> k a aa r a b a o h a aa ii dx a r a ee tx a <wb> j a o dx a aa w a aa th a ii <wb> ii n a s a y a u l a i n a n a o <wb> p a r a t a i bh a aa w a <wb> l a g a bh a g a <wb> b a m a nx a o <wb> th a ii <wb> j a aa y a <wb> ch a ee,C37 C0 C38 C0 C1 C38 C0 C1 C22 C0 <wb> C28 C0 C31 C0 C5 C0 C1 C32 C0 <wb> C3 C0 C11 <wb> C19 C0 C21 C0 C1 C19 C0 C22 C0 C1 C23 <wb> C28 C0 C29 C0 C26 C34 C0 C16 C24 C0 <wb> C30 C0 C1 C33 C0 C11 <wb> C19 C0 C1 C29 C0 C3 C0 C26 C15 C0 C1 C16 C9 C0 C29 C0 C11 C34 C0 <wb> C17 C0 C26 C9 C0 C1 C37 C0 C1 C33 C0 C16 <wb> C16 C24 C0 C30 C0 C38 C0 C36 C21 C0 C16 C24 C0 C24 C0 C26 <wb> C28 C0 C29 C0 C32 C0 C16 C4 C0 C1 C37 C0 <wb> C21 C0 C13 C0 C4 C0 C13 C0 <wb> C3 C0 C22 C0 C25 C0 C26 <wb> C33 C0 C16 <wb> C17 C0 C1 C38 C0 <wb> C6 C0 C11,train
6991,"એનાં વાંકડિયાં શિંગડાંની વચમાં શોભતું વિશાલ ભાલ જોઈ, મુલ્લાં રોજ વિચાર કરતા કે, સુલતાનનું સિંહાસન તો શું છે આની આગળ !.",0,11.558,0,not_selected_by_random,,,,
6992,"ત્રણ વાગ્યે મહાપૂજા, બપોરે બાર વાગ્યે મધ્યાહન આરતી, બે વાગ્યે બિલ્વ શ્રૃંગાર દર્શન, સાંજે પાંચ વાગ્યે, સાય મહાપૂજા અને સાંજે સાત વાગ્યે આરતી યોજાશે.",0,14.487,0,not_selected_by_random,,,,
6993,"બાય ધ વે, ફૅગ વેન્ટર અને આફ્રિકાનાં બીશમ કેસર્મડ ટુટુ નોબેલ પ્રાઈઝ વિજેતાનો જેનોમ પણ, વૈજ્ઞાનિકો ઉકેલી ચુક્યાં છે.",0,10.109,0,not_selected_by_random,,,,
6994,"બે હજાર આઠ ના સપ્ટેમ્બર મહિનામાં જોધપુરના ચામુંડા દેવી મંદિરમાં, સ્ટેમ્પેડમાં બસો ને ઓગણ પચાસ લોકો માર્યા ગયા હતા, અને ચાર સો જેટલા લોકો ઘાયલ થયા હતા.",0,13.722,0,not_selected_by_random,,,,
6995,"ધોબીઘાટ, ગુજરીબજાર, ગાર્ડન, પાલડી અર્બન ફોરેસ્ટ, રિટેઇનિંગ વોલ, લોવર પ્રોમેનાડ વગેરેના કામ પણ યુદ્ધના ધોરણે ચાલી રહ્યાં છે.",0,12.246,0,not_selected_by_random,,,,
6996,"તેમજ કોહલીએ ચોયાઁસી બોલમાં આઠ ચોગ્ગા અને બે છગ્ગા સાથે, સો અણનમ રન કરતા ભારતે વર્લ્ડ કપની સૌ પ્રથમ મેચમાં વિજય મેળવ્યો.",0,12.321,0,not_selected_by_random,,,,
6997,"એ હંમેશ દેવમંદિરમાં દર્શને જતા, અને ત્યાં અકસ્માતે કોઈ સાઘુ સંત કે ભક્ત જોગી જોગંદર, ભેટી જતા તો ધર્મ સંબંધી સવાલેય અચૂક પૂછતા.",0,13.063,0,not_selected_by_random,,,,
6998,"કુણાલ કોહલીએ જણાવ્યું હતું કે, દબાણભરી પરિસ્થિતિમાં શાહરુખ પોતાની પુત્રીને ભેટી પડયો હતો, તે ફાઇનલની શ્રેષ્ઠ ક્ષણ હતી.",0,10.463,0,not_selected_by_random,,,,
6999,"દેવર્ષિ નારદ, કપિલમુનિ, મહર્ષિ દુર્વાસા, ઋષિ વિશ્વામિત્ર, હનુમાન, મારઠ, પિંગલા, ચંડોળ, સાંન એ બધા આર્ય ઋષિઓ સૂર્યના સાધકો હતા.",0,15.281,0,not_selected_by_random,,,,
7000,"મેન ઓફ ધ મેચ સેહવાગે એક સો ચાલીસ બોલમાં, ચૌદ ચોગ્ગા અને પાંચ છગ્ગા સાથે, એક સો પંચોત્તેર રનની યાદગાર ઇનિંગ કરી હતી.",0,12.104,0,not_selected_by_random,,,,
7001,"વિશ્વકર્મા પુરાણમાં દ્રષ્ટાંતો, આખ્યાનો અને કથાઓ દ્વારા ધર્મ અધર્મ, પાપ પુણ્ય, કર્મ અકર્મ, વિકર્મ, સુખ દુઃખ વિગેરેની છણાવટ કરવામાં આવી છે.",0,13.114,0,not_selected_by_random,,,,
7002,"ઊતરતે ચોમાસે, શરદના દિવસોમાં સીમ ખળે ઠલવાય, ને જોતજોતામાં વાડાઓમાં બધે ડાંગર મકાઈ બાજરીના ઘાસનાં કૂંધવાં મંડાઈ જાય.",0,12.729,0,not_selected_by_random,,,,
7003,"વાળું ગીત તોતડી બોલીમાં ગાય છે ત્યારે દૂર દૂર, મારી આંખોનાં ઝળઝળિયાંની આરપાર હજી અડીખમ ઊભેલું એ ઘર દેખાય છે !.",0,11.886,0,not_selected_by_random,,,,
7004,"કન્યા પ્રત્યે સામાજીક ભેદભાવ, નિરક્ષરતા, દહેજપ્રથા અને લિંગ તપાસ માટેની સવલત લિંગાનુપાત ઘટવાનું મુખ્ય કારણ છે.",0,11.317,0,not_selected_by_random,,,,
7005,"તેમણે જણાવ્યું કે ગુજરાતની આ પાંચમી વાઇબ્રન્ટ ગુજરાત ગ્લોબલ સમિટનો હેતુ, ઇન્વેસમેન્ટ કે ઇન્ડસ્ટ્રીયલ ડેવલપમેન્ટ પુરતો સિમિત નથી.",0,12.55,0,not_selected_by_random,,,,
7006,"સુરજીતની ફાંસીની સજાને, ઓગણીસ સો નેવ્યાસી માં તત્કાલીન પ્રમુખ, ઇશ્હાક ખાને તત્કાલીન વડાં પ્રધાન બેનઝીર ભુટ્ટોની ભલામણના આધારે ઘટાડી દીધી હતી.",0,14.58,0,not_selected_by_random,,,,
7007,"તેમની ગણિતને લોકભોગ્ય કરવા આપેલ સેવાઓની કદરુપે ડિપાટમેન્ટ ઓફ સાયંસ એન્ડ ટેકનોલોજી તરફથી, એવોર્ડ એનાયત થયો છે.",0,11.942,0,not_selected_by_random,,,,
7008,પ્રથમ આદિ જ્યોર્તિલિંગ ભગવાન શ્રી સોમનાથના સાનિધ્યમાં શ્રાવણના પ્રથમ સોમવારે દર્શન માટે દોઢ લાખથી વધુ ભાવિકો ઉમટવાનો અંદાજ છે.,0,12.035,0,not_selected_by_random,,,,
7009,"માનવ જીવનમાં રહેલા અજ્ઞાન, વ્હેમ, અંધશ્રદ્ધા, જડતા, કુંસંસ્કાર વગેરે અવગુણોને જીવનમાંથી હટાવવા તેને જ સાચી સંક્રાંન્તિ ગણાય છે.",0,12.694,0,not_selected_by_random,,,,
7010,"બે હજાર દસ માં સિલિકોન વેલીના વેન્ચર કેપિટલિસ્ટ, જોન ડોએરની પત્ની એન ડોએરેએ ખાનની કલ્પનાશીલતાથી પ્રભાવિત થઈને, એક લાખ ડોલરનું દાન આપ્યું હતું.",0,13.036,0,not_selected_by_random,,,,
7011,"પાંડે, કેપ્ટન સુરેશ વાસુદેવ અને ઉર્મિલા જાધવે, વર્ષ બે હજાર ચાર બે હજાર સાત વચ્ચે, બનાવટી પ્રવાસ બિલો રજૂ કર્યા હતા.",0,11.319,0,not_selected_by_random,,,,
7012,"મેજર જનરલ ધ્રુવ સી કટોચ, જેઓ સેંટર ફોર લેન્ડ વેલફેર સ્ટડીઝમાં એડિશનલ ડાયરેક્ટર છે, સોળ વર્ષના હતા એ સમયની વાત છે.",0,10.338,0,not_selected_by_random,,,,
7013,"વર્લ્ડ કપ જીતવા માટે હોટફેવરિટ મનાતા ભારતના સુપરસ્ટાર બેટ્સમેનોએ પ્રેક્ટિસ મેચમાં, નાલેશીભર્યા ધબડકા સાથે શરૂઆત કરી હતી.",0,12.495,0,not_selected_by_random,,,,
7014,"ત્યારે પ્રશ્ન થાય કે, સર્જકને પ્રદ્મશ્રીએ પોખતાં તંત્રોને તેની નિજભોંયની અગર તો સ્વાયત્તિની કશી સુધબુધ છે ખરી ?.",0,10.413,0,not_selected_by_random,,,,
7015,"અપ્રસ્તુત બનતી જતી વિનયન વિજ્ઞાન વાણિજ્ય કૉલેજો સંખ્યા ની દષ્ટિએ તો, હજી બીજાં થોડાંક વર્ષો ચાલશે.",0,8.882,0,not_selected_by_random,,,,
7016,"નાગરિક ઉડ્ડયન મંત્રી અજિતસિંઘે હડતાળનું અંતીમવાદી શસ્ત્ર, ઉગામનારા પાઇલટો પ્રત્યે અક્કડ વલણ રાખ્યું.",0,9.984,0,not_selected_by_random,,,,
7017,"આઇઆઇએમ કોલકતાએ એક એક્સકલુઝિવ પ્રોગ્રામ લોંચ કર્યો છે, જેમાં કાલિદાસના પધ્ય અને કૌટિલ્યનું અર્થશાસ્ત્ર સામેલ છે.",0,11.331,0,not_selected_by_random,,,,
7018,"ઓગણીસ સો છોત્તેર માં પ્રશાંત ત્રિકન્નડ મદ્રાસ બંદરગાહ પાસે, સેકન્ડ શિફ્ટમાં ટીએસ કાવેરી નામક જહાજનું સંચાલન કરતો હતો.",0,12.294,0,not_selected_by_random,,,,
7019,"પૃથ્વી બાલતૃણોથી સળવળી ઊઠે છે, અને લક્ષાવધિ જીવસૃષ્ટિ ચારે તરફ નાચવા કૂદવા મંડે છે.",0,8.406,1,,gujarati_female_007019.wav,p a th a w a ii <wb> b a aa l a t a nx a o th a ii <wb> s a lx a w a lx a ii <wb> uu txh a ee <wb> ch a ee <wb> a n a ee <wb> l a k a sx a aa w a dh a i <wb> j a ii w a s a sx a tx a i <wb> c a aa r a ee <wb> t a r a ph a <wb> n a aa c a w a aa <wb> k a uu d a w a aa <wb> m a q dx a ee <wb> ch a ee,C28 C0 C33 C0 C37 C0 C16 <wb> C3 C0 C1 C21 C0 C32 C0 C25 C0 C26 C33 C0 C16 <wb> C30 C0 C21 C0 C37 C0 C21 C0 C16 <wb> C36 C35 C0 C11 <wb> C6 C0 C11 <wb> C0 C24 C0 C11 <wb> C21 C0 C19 C0 C31 C0 C1 C37 C0 C8 C0 C16 <wb> C17 C0 C16 C37 C0 C30 C0 C31 C0 C34 C0 C16 <wb> C5 C0 C1 C29 C0 C11 <wb> C32 C0 C29 C0 C12 C0 <wb> C24 C0 C1 C5 C0 C37 C0 C1 <wb> C19 C0 C36 C7 C0 C37 C0 C1 <wb> C22 C0 C23 C9 C0 C11 <wb> C6 C0 C11,train
7020,"ઝહિરખાન, નેહરા, પ્રવીણકુમાર અને મુનાફ પટેલ પૈકી, ભારતના પરંપરાગત વન ડે ટીમ પ્રમાણે ઝહિરખાન, પ્રવિણકુમાર અને મુનાફ પટેલ નિશ્ચિત હતા.",0,13.586,0,not_selected_by_random,,,,
7021,"જુલાઇની પંદરમી થી સોળ સપ્ટેમ્બર સુધી, ઈંગ્લેન્ડમાં ચાર ટેસ્ટ, એક ટ્વેન્ટી ટ્વેન્ટી અને પાંચ વન ડેની શ્રેણી ઉપરાંત, પાંચ પ્રેક્ટિસ મેચોનું આયોજન થયું છે.",0,12.376,1,,gujarati_female_007021.wav,j a u l a aa i n a ii <wb> p a q d a r a m a ii <wb> th a ii <wb> s a o lx a <wb> s a p a tx a ee m a b a r a <wb> s a u dh a ii <wb> ii q g a l a ee n a dx a m a aa q <wb> c a aa r a <wb> tx a ee s a tx a <wb> ee k a <wb> tx a w a ee n a tx a ii <wb> tx a w a ee n a tx a ii <wb> a n a ee <wb> p a aa q c a <wb> w a n a <wb> dx a ee n a ii <wb> sh a r a ee nx a ii <wb> u p a r a aa q t a <wb> p a aa q c a <wb> p a r a ee k a tx a i s a <wb> m a ee c a o n a u q <wb> aa y a o j a n a <wb> th a y a u q <wb> ch a ee,C17 C0 C36 C21 C0 C1 C16 C24 C0 C16 <wb> C28 C0 C23 C7 C0 C29 C0 C22 C0 C16 <wb> C33 C0 C16 <wb> C30 C0 C26 C21 C0 <wb> C30 C0 C28 C0 C34 C0 C11 C22 C0 C3 C0 C29 C0 <wb> C30 C0 C36 C8 C0 C16 <wb> C16 C23 C13 C0 C21 C0 C11 C24 C0 C9 C0 C22 C0 C1 C23 <wb> C5 C0 C1 C29 C0 <wb> C34 C0 C11 C30 C0 C34 C0 <wb> C11 C19 C0 <wb> C34 C0 C37 C0 C11 C24 C0 C34 C0 C16 <wb> C34 C0 C37 C0 C11 C24 C0 C34 C0 C16 <wb> C0 C24 C0 C11 <wb> C28 C0 C1 C23 C5 C0 <wb> C37 C0 C24 C0 <wb> C9 C0 C11 C24 C0 C16 <wb> C31 C0 C29 C0 C11 C25 C0 C16 <wb> C36 C28 C0 C29 C0 C1 C23 C32 C0 <wb> C28 C0 C1 C23 C5 C0 <wb> C28 C0 C29 C0 C11 C19 C0 C34 C0 C16 C30 C0 <wb> C22 C0 C11 C5 C0 C26 C24 C0 C36 C23 <wb> C1 C38 C0 C26 C17 C0 C24 C0 <wb> C33 C0 C38 C0 C36 C23 <wb> C6 C0 C11,train
7022,"પશ્ચિમને એમની શાંતિચાહના પ્રીછતાં વિલંબ થયો, તેમ બ્રિટિશ રાજનેય ટાગોર બાબતે હાડમાંથી કશીક મુશ્કેલી સતત રહી હશે.",0,10.804,0,not_selected_by_random,,,,
7023,"બે હજાર ત્રણ થી, નાના પાયે શરુ થયેલી વાઇબ્રન્ટ ગુજરાત ગ્લોબલ ઇન્વેસ્ટર્સ સમિટની, આ પાંચમી ઘટના ભારતની આ પ્રકારની, સૌથી મોટી ઐતિહાસિક ઘટના છે.",0,13.301,0,not_selected_by_random,,,,
7024,"પાણીની સહેજ ઊંચે, સામા પવને ખાંચાવાળી સુંદર પૂંછડીનો પંખો, બનાવીને સમૂહમાં ઊડતાં તારોડિયા ઉઠવામાં કુશળ હોય છે.",0,11.965,0,not_selected_by_random,,,,
7025,"ફૂલવડી એવાં ફરસાણ ઉપરાંત પેંડા, બરફી, ગુલાબજાંબુ, હલવો એવી સ્વાદિષ્ટ મીઠાઈ પણ બનતી હતી.",0,9.152,0,not_selected_by_random,,,,
7026,"બે હજાર બાર નો ઓલિમ્પિક રમતોત્સવનો ઉદ્ઘાટન સમારંભ જ્યાં યોજાવાનો છે, એ સ્ટેડિયમમાં કરણ એક અનામત રાખેલા બોક્સમાં, અન્ય આમંત્રિતો સાથે બેસશે.",0,13.255,0,not_selected_by_random,,,,
7027,"છાતી આગળ બે ફાંટાવાળું હાડકું, ઉડવા માટેના પીછા, પાંખો અને આંશિક રીતે ઉલ્ટો અંગૂઠાનો સમાવેશ થાય છે.",0,11.726,1,,gujarati_female_007027.wav,ch a aa t a ii <wb> aa g a lx a <wb> b a ee <wb> ph a aa q tx a aa w a aa lx a u q <wb> h a aa dx a k a u q <wb> u dx a w a aa <wb> m a aa tx a ee n a aa <wb> p a ii ch a aa <wb> p a aa q kh a o <wb> a n a ee <wb> aa q sh a i k a <wb> r a ii t a ee <wb> u l a tx a o <wb> a q g a uu txh a aa n a o <wb> s a m a aa w a ee sh a <wb> th a aa y a <wb> ch a ee,C6 C0 C1 C32 C0 C16 <wb> C1 C13 C0 C21 C0 <wb> C3 C0 C11 <wb> C12 C0 C1 C23 C34 C0 C1 C37 C0 C1 C21 C0 C36 C23 <wb> C15 C0 C1 C9 C0 C19 C0 C36 C23 <wb> C36 C9 C0 C37 C0 C1 <wb> C22 C0 C1 C34 C0 C11 C24 C0 C1 <wb> C28 C0 C16 C6 C0 C1 <wb> C28 C0 C1 C23 C20 C0 C26 <wb> C0 C24 C0 C11 <wb> C1 C23 C31 C0 C16 C19 C0 <wb> C29 C0 C16 C32 C0 C11 <wb> C36 C21 C0 C34 C0 C26 <wb> C0 C23 C13 C0 C36 C35 C0 C1 C24 C0 C26 <wb> C30 C0 C22 C0 C1 C37 C0 C11 C31 C0 <wb> C33 C0 C1 C38 C0 <wb> C6 C0 C11,train
7028,"વોલમાર્ટે લાંબી લોબિઇંગ બાદ, બે હજાર સાતમાં, બેસ્ટ બાયના નામે તે અત્યાર સુધી ભારતનાં વિવિધ શહેરોમાં સત્તર આઉટલેટ્સ ખોલી ચૂક્યા છે.",0,14.091,0,not_selected_by_random,,,,
7029,"પણ આર્જેન્શિયાનાં પાન ટોચે, અણીવાળાં લંબગોળ, રૂપેરી રુંવાટથી ઢંકાયેલાં એટલે થોડાં ભૂખરી ઝાંયવાળાં લાગે.",0,10.072,0,not_selected_by_random,,,,
7030,"હૃતિક રોશને બોલીવૂડમાં અગિયાર વર્ષ પૂરાં કર્યાં, તેની પાર્ટી શાહરુખ ખાને સિંગાપોરમાં આપી.",0,7.546,1,,gujarati_female_007030.wav,h a t a i k a <wb> r a o sh a n a ee <wb> b a o l a ii w a uu dx a m a aa q <wb> a g a i y a aa r a <wb> w a r a sx a <wb> p a uu r a aa q <wb> k a r a y a aa q <wb> t a ee n a ii <wb> p a aa r a tx a ii <wb> sh a aa h a r a u kh a <wb> kh a aa n a ee <wb> s a i q g a aa p a o r a m a aa q <wb> aa p a ii,C15 C0 C32 C0 C16 C19 C0 <wb> C29 C0 C26 C31 C0 C24 C0 C11 <wb> C3 C0 C26 C21 C0 C16 C37 C0 C36 C9 C0 C22 C0 C1 C23 <wb> C0 C13 C0 C16 C38 C0 C1 C29 C0 <wb> C37 C0 C29 C0 C31 C0 <wb> C28 C0 C36 C29 C0 C1 C23 <wb> C19 C0 C29 C0 C38 C0 C1 C23 <wb> C32 C0 C11 C24 C0 C16 <wb> C28 C0 C1 C29 C0 C34 C0 C16 <wb> C31 C0 C1 C15 C0 C29 C0 C36 C20 C0 <wb> C20 C0 C1 C24 C0 C11 <wb> C30 C0 C16 C23 C13 C0 C1 C28 C0 C26 C29 C0 C22 C0 C1 C23 <wb> C1 C28 C0 C16,train
7031,"ઓસ્ટ્રેલિયા સામેની પ્રેક્ટિસ મેચમાં, તેંડુલકર, ઝહીર, શ્રીસંત અને મુનાફ પટેલ રમ્યા નહતા.",0,8.088,0,not_selected_by_random,,,,
7032,"સમીક્ષક અમોદ મેહરાના જણાવ્યા મુજબ, છેલ્લા થોડા વર્ષોથી ફિલ્મોદ્યોગ વાર્ષિક, પાન સો કરોડ રૂપિયાની ખોટ કરતો રહ્યો હતો.",0,10.394,0,not_selected_by_random,,,,
7033,"પ્રકાશ, અંધકાર, યજ્ઞ, ઘૂત, ગાય, ગરૂડ, સિંહ, વરાહ, વૃષભ, ઘોડો, પીપળો, અને ઘાસ.",0,10.046,0,not_selected_by_random,,,,
7034,"મહાદેવે વરદાનમાં વિકલ્પ મૂક્યો, કાં તો વધુ જીવનાર મૂઢ કુરુપ બાળક, કાં તો સોળ વર્ષ જીવનાર કુલોદ્ધારક.",0,9.209,0,not_selected_by_random,,,,
7035,"અર્ધ ભારતીય અને અર્ધ આઇસલેન્ડિક એન્જેલા, આ વર્ષની શરૂવાત માં એક અગ્રગણ્ય બ્રાન્ડના કેલેન્ડરની મોડેલ હન્ટમાં વિજ્યી બની હતી.",0,11.397,0,not_selected_by_random,,,,
7036,"જ્યાં તેત્રીસ કરોડ દેવતાઓ, ચોરાશી સિદ્ધો, નવનાથ અને મા અંબા ભવાનીનાં બેસણાં છે.",0,8.21,0,not_selected_by_random,,,,
7037,"મોટા ભાગના રેતીના પત્થરો, વાલુકાશમ સેન્ડસ્ટોન, અને કાંકરાઓના બનેલા પત્થરોની સંગુટિકારમ કોન્ગ્લોમરેટ બનેલ છે.",0,10.991,0,not_selected_by_random,,,,
7038,"આ મહાશિવરાત્રીનું વ્રત, બ્રાહ્મણ, ક્ષત્રિય, વૈશ્ય, શુદ્ર, સ્ત્રી, પુરૂષ, યુવાનો અને બાળકો વૃદ્ધ સર્વ કોઈને કરવાનો અધિકાર છે.",0,13.253,0,not_selected_by_random,,,,
7039,"ડિફરન્ટ ઇલેક્ટ્રિક કરન્ટ આપતી વખતે, પ્રજ્ઞાચક્ષુ ઓપરેટર માટે આ પ્રકારનું મશીન આશિર્વાદરૂપ સાબિત થશે.",0,9.411,0,not_selected_by_random,,,,
7040,"આ ઉપરાંત હોલિવૂડ સ્ટૂડિયોઝ તરફથી પણ, બાવીસ જેટલી થ્રી ડી ત્રિપરિમાણિય, થ્રી ડાઈમેન્શનલ ફિલ્મો રજૂ થશે.",0,9.411,0,not_selected_by_random,,,,
7041,ઓલ્સ ડૉ આઓ જેવા દુનિયાના સૌથી મોટા ભૂગર્ભ જળસંચયો એકલીફર્સ ઓછી ઊંડાઈએ એમેઝોન વિસ્તારના મધ્યમાં આવેલા છે.,0,11.667,0,not_selected_by_random,,,,
7042,"તેંડુલકર, ગંભીર, ઝહિરખાન, પ્રવિણ કુમાર, સેહવાગ જેવા ક્રિકેટરોને થયેલી ઈજા અંગે, તેણે ખાસ ચિંતા વ્યક્ત કર્યા વગર કહ્યું હતું.",0,11.053,1,,gujarati_female_007042.wav,t a ee q dx a u l a k a r a <wb> g a q bh a ii r a <wb> jh a h a i r a kh a aa n a <wb> p a r a w a i nx a <wb> k a u m a aa r a <wb> s a ee h a w a aa g a <wb> j a ee w a aa <wb> k a r a i k a ee tx a r a o n a ee <wb> th a y a ee l a ii <wb> ii j a aa <wb> a q g a ee <wb> t a ee nx a ee <wb> kh a aa s a <wb> c a i q t a aa <wb> w a y a k a t a <wb> k a r a y a aa <wb> w a g a r a <wb> k a h a y a u q <wb> h a t a u q,C32 C0 C11 C23 C9 C0 C36 C21 C0 C19 C0 C29 C0 <wb> C13 C0 C23 C4 C0 C16 C29 C0 <wb> C18 C0 C15 C0 C16 C29 C0 C20 C0 C1 C24 C0 <wb> C28 C0 C29 C0 C37 C0 C16 C25 C0 <wb> C19 C0 C36 C22 C0 C1 C29 C0 <wb> C30 C0 C11 C15 C0 C37 C0 C1 C13 C0 <wb> C17 C0 C11 C37 C0 C1 <wb> C19 C0 C29 C0 C16 C19 C0 C11 C34 C0 C29 C0 C26 C24 C0 C11 <wb> C33 C0 C38 C0 C11 C21 C0 C16 <wb> C16 C17 C0 C1 <wb> C0 C23 C13 C0 C11 <wb> C32 C0 C11 C25 C0 C11 <wb> C20 C0 C1 C30 C0 <wb> C5 C0 C16 C23 C32 C0 C1 <wb> C37 C0 C38 C0 C19 C0 C32 C0 <wb> C19 C0 C29 C0 C38 C0 C1 <wb> C37 C0 C13 C0 C29 C0 <wb> C19 C0 C15 C0 C38 C0 C36 C23 <wb> C15 C0 C32 C0 C36 C23,train
7043,"તમિલનાડુના ત્રિચિ સ્થિત ભારતીદાસન ઇન્સ્ટિટ્યૂટ ઓફ મેનેજમેન્ટે, પોંડિચેરીના શ્રી અરવિંદો ઇન્સ્ટિટ્યૂટ સાથે ટાઇ અપ કર્યું છે.",0,10.071,0,not_selected_by_random,,,,
7044,"બે દિવસ માટેના પાંચમા વાઇબ્રન્ટ ગુજરાત ગ્લોબલ ઇન્વેસ્ટર્સ સમિટમા, દેશના ખ્યાતનામ ઉધ્યોગપતિઓ હાજર હતા.",0,9.154,0,not_selected_by_random,,,,
7045,"ઝહિરખાન, મુનાફ પટેલ, પ્રવીણ કુમાર, નેહરા, હરભજન, અશ્વીન, ચાવલા અન્ય ખેલાડીઓ છે.",0,8.235,0,not_selected_by_random,,,,
7046,"તેઓ સોનું, ચાંદી, તાંબુ, કાંસુ અને પિત્તળ આ પાંચ ધાતુમાંથી મૂર્તિ, આભૂષણ કુંડલ, મુકુંટ વગેરે, અલંકારોના નિર્માણના અધિપતિ છે.",0,13.419,0,not_selected_by_random,,,,
7047,"એમ કહી નીલી આંખોવાળું પતંગિયું, જંગલમાં ચાલ્યું ગયું અને ચારુલ એ નીલી પાંખો હૃદયમાં લઈને, ઘરમાં હેમખેમ આવીને મજા કરવા લાગી.",0,13.333,0,not_selected_by_random,,,,
7048,"કારગીલના વિજયની સાથે જ, ભારતીય નૌકાદળમાં સૌ પ્રથમ, અણુઊર્જા સંચાલિત સબમરીન આઇ એન એસ અરિહંતનો પણ જન્મ થયો.",0,11.713,0,not_selected_by_random,,,,
7049,"સૌથી જુના ફુકુશીમા પરમાણુ કેન્દ્રનો વીજ વ્યવહાર ખોરવાઈ જતા, દુનિયાભરનો જીવ અધ્ધર કરી દેનારી કટોકટીની શરૂવાત થઈ હતી.",0,13.026,0,not_selected_by_random,,,,
7050,"કેગના અહેવાલ સંસદની પબ્લિક અકાઉન્ટ કમિટિને, સુપ્રત કરવામાં આવે, ત્યાર બાદ આ સમિતિ સરકારને શિક્ષાત્મક પગલાં બાબતે સૂચન કરી શકે છે.",0,12.856,0,not_selected_by_random,,,,
7051,ઓમ સ્વસ્તિના ઈન્દ્ર વૃઘ્ધશ્રવા સ્વસ્તિ ન પૂષા વિશ્વવેદા સ્વસ્તિ ન સ્તાક્ષ્યો અરિષ્ટનેમિ સ્વસ્તિનો બૃહસ્પતિર્દધાતું !.,0,11.982,0,not_selected_by_random,,,,
7052,"નેશનલ લેવલે બેસ્ટ પર્ફોમ કરીને, ઇન્ટરનેશનલ લેવલની આ સ્પર્ધામાં દાવેદાર બનતાં, હવે છવ્વીસ થી ત્રીસ ઓગષ્ટ દરમ્યાન બેંકોકમાં ભાગ લેશે.",0,12.053,0,not_selected_by_random,,,,
7053,"સસલાભાઈ, સસલીબાઈ અને બચ્ચાં જિંદગીમાં પહેલી વાર નીડર બનીને ઘરમાં, આંગણામાં અને ચોગાનમાં નાચ્યાં, કૂદ્યાં અને કિલકારીઓ પાડતાં રહ્યાં.",0,14.263,0,not_selected_by_random,,,,
7054,"સામાન્ય રીતે ફોરેન કન્ટ્રીમાં ટાઇમ તફાવતને કારણે, મેચના ટાઇમિંગને લઇને થોડુંક ડિસ્ટર્બન્સ સર્જાય છે.",0,8.93,0,not_selected_by_random,,,,
7055,"મુખ્ય કલાકારો, અજય દેવગણ, અભિષેક બચ્ચન, અસિન, પ્રાચી દેસાઈ, અર્ચના પૂરણ સિંહ, અસરાણી, કૃષ્ણા અભિષેક હતા.",0,11.324,0,not_selected_by_random,,,,
7056,ફિઝિયો થેરપીના ભાગરૂપે ડિફરન્ટ ઇલેક્ટ્રિક કરન્ટ માટે ઇન્ટર ફેન્સિયલ થેરાપી મશીન ડેવલોપ કરવામાં આવ્યું.,0,7.988,1,,gujarati_female_007056.wav,ph a i jh a i y a o <wb> th a ee r a p a ii n a aa <wb> bh a aa g a r a uu p a ee <wb> dx a i ph a r a n a tx a <wb> i l a ee k a tx a r a i k a <wb> k a r a n a tx a <wb> m a aa tx a ee <wb> i n a tx a r a <wb> ph a ee n a s a i y a l a <wb> th a ee r a aa p a ii <wb> m a sh a ii n a <wb> dx a ee w a l a o p a <wb> k a r a w a aa m a aa q <wb> aa w a y a u q,C12 C0 C16 C18 C0 C16 C38 C0 C26 <wb> C33 C0 C11 C29 C0 C28 C0 C16 C24 C0 C1 <wb> C4 C0 C1 C13 C0 C29 C0 C36 C28 C0 C11 <wb> C9 C0 C16 C12 C0 C29 C0 C24 C0 C34 C0 <wb> C16 C21 C0 C11 C19 C0 C34 C0 C29 C0 C16 C19 C0 <wb> C19 C0 C29 C0 C24 C0 C34 C0 <wb> C22 C0 C1 C34 C0 C11 <wb> C16 C24 C0 C34 C0 C29 C0 <wb> C12 C0 C11 C24 C0 C30 C0 C16 C38 C0 C21 C0 <wb> C33 C0 C11 C29 C0 C1 C28 C0 C16 <wb> C22 C0 C31 C0 C16 C24 C0 <wb> C9 C0 C11 C37 C0 C21 C0 C26 C28 C0 <wb> C19 C0 C29 C0 C37 C0 C1 C22 C0 C1 C23 <wb> C1 C37 C0 C38 C0 C36 C23,train
7057,"ભારતની ટીમમાં જેન્ટલમેન તરીકેની છાપ ધરાવતો રાહુલ દ્રવિડ ગમે તેવી મુશ્કેલ પરિસ્થિતિમાં પણ, પોતાના મગજની સમતુલા ગુમાવતો નહોતો.",0,11.717,0,not_selected_by_random,,,,
7058,ગુજરાત ગણિત મંડળ અને તેના લોકભોગ્ય સામયિક સુગણિતમ્ માં તેમણે પ્રાણ સિંચ્યા છે.,0,7.665,0,not_selected_by_random,,,,
7059,"આંતરરાષ્ટ્રિય રૂટ પર એર ઇન્ડિયા નાં બોઇંગ સાત સો સિત્યોતેર જેવાં મોટાં વિમાનોમાં, રોજની સરેરાશ દસ હજાર બેઠકો ઉપલબ્ધ રહેતી હતી.",0,10.565,1,,gujarati_female_007059.wav,aa q t a r a r a aa sx a tx a r a i y a <wb> r a uu tx a <wb> p a r a <wb> ee r a <wb> i n a dx a i y a aa <wb> n a aa q <wb> b a o i q g a <wb> s a aa t a <wb> s a o <wb> s a i t a y a o t a ee r a <wb> j a ee w a aa q <wb> m a o tx a aa q <wb> w a i m a aa n a o m a aa q <wb> r a o j a n a ii <wb> s a r a ee r a aa sh a <wb> d a s a <wb> h a j a aa r a <wb> b a ee txh a k a o <wb> u p a l a b a dh a <wb> r a h a ee t a ii <wb> h a t a ii,C1 C23 C32 C0 C29 C0 C29 C0 C1 C31 C0 C34 C0 C29 C0 C16 C38 C0 <wb> C29 C0 C36 C34 C0 <wb> C28 C0 C29 C0 <wb> C11 C29 C0 <wb> C16 C24 C0 C9 C0 C16 C38 C0 C1 <wb> C24 C0 C1 C23 <wb> C3 C0 C26 C16 C23 C13 C0 <wb> C30 C0 C1 C32 C0 <wb> C30 C0 C26 <wb> C30 C0 C16 C32 C0 C38 C0 C26 C32 C0 C11 C29 C0 <wb> C17 C0 C11 C37 C0 C1 C23 <wb> C22 C0 C26 C34 C0 C1 C23 <wb> C37 C0 C16 C22 C0 C1 C24 C0 C26 C22 C0 C1 C23 <wb> C29 C0 C26 C17 C0 C24 C0 C16 <wb> C30 C0 C29 C0 C11 C29 C0 C1 C31 C0 <wb> C7 C0 C30 C0 <wb> C15 C0 C17 C0 C1 C29 C0 <wb> C3 C0 C11 C35 C0 C19 C0 C26 <wb> C36 C28 C0 C21 C0 C3 C0 C8 C0 <wb> C29 C0 C15 C0 C11 C32 C0 C16 <wb> C15 C0 C32 C0 C16,train
7060,"વ્યાયામ પશ્ચાત્ ગ્લાયકોજીનનો સંગ્રહ ફરી પૂરો કરવા, પંદર મિનિટમાં ફળો કે તેના રસ રૂપે કાર્બોહાઈડ્રેટ લેવા જોઈએ.",0,9.172,1,,gujarati_female_007060.wav,w a y a aa y a aa m a <wb> p a sh a c a aa t a <wb> g a l a aa y a k a o j a ii n a n a o <wb> s a q g a r a h a <wb> ph a r a ii <wb> p a uu r a o <wb> k a r a w a aa <wb> p a q d a r a <wb> m a i n a i tx a m a aa q <wb> ph a lx a o <wb> k a ee <wb> t a ee n a aa <wb> r a s a <wb> r a uu p a ee <wb> k a aa r a b a o h a aa ii dx a r a ee tx a <wb> l a ee w a aa <wb> j a o ii ee,C37 C0 C38 C0 C1 C38 C0 C1 C22 C0 <wb> C28 C0 C31 C0 C5 C0 C1 C32 C0 <wb> C13 C0 C21 C0 C1 C38 C0 C19 C0 C26 C17 C0 C16 C24 C0 C24 C0 C26 <wb> C30 C0 C23 C13 C0 C29 C0 C15 C0 <wb> C12 C0 C29 C0 C16 <wb> C28 C0 C36 C29 C0 C26 <wb> C19 C0 C29 C0 C37 C0 C1 <wb> C28 C0 C23 C7 C0 C29 C0 <wb> C22 C0 C16 C24 C0 C16 C34 C0 C22 C0 C1 C23 <wb> C12 C0 C21 C0 C26 <wb> C19 C0 C11 <wb> C32 C0 C11 C24 C0 C1 <wb> C29 C0 C30 C0 <wb> C29 C0 C36 C28 C0 C11 <wb> C19 C0 C1 C29 C0 C3 C0 C26 C15 C0 C1 C16 C9 C0 C29 C0 C11 C34 C0 <wb> C21 C0 C11 C37 C0 C1 <wb> C17 C0 C26 C16 C11,train
7061,"કલા વિજ્ઞાન વાણિજ્ય કે ઈતર વિદ્યાશાખાઓમાં પણ, પેલા બહિર વિશ્વની સાથે કોઈક ને કોઈક રૂપે સંસ્કૃતિવણાટને, અભિન્નઅંશે રૂપે લાવવો પડશે.",0,14.297,0,not_selected_by_random,,,,
7062,"આ પછી શાહરૂખ, હૃતિક, કરણ જોહર, અર્જુન રામપાલ, મહેર જેસિયા અને પ્રિયંકા ચોપરાએ આખી રાત હૃતિકના રૂમમાં પાર્ટી માણી હતી.",0,10.906,0,not_selected_by_random,,,,
7063,"વૈજ્ઞાનિકો એ બ્લ્યુગ્રીન રંગનાં એવા કોષ, જે ફોટોસીન્થેસીસ દ્વારા વનસ્પતિની માફક વિકાસ પામી વિકસતા હતાં.",0,8.924,0,not_selected_by_random,,,,
7064,"અમેરિકી નાગરિક સલમાન ખાને, યુ ટ્યૂબ પર ગણિત, વિજ્ઞાન, અર્થશાસ્ત્ર સહિત અનેક વિષયો પર સેંકડો લેકચર તૈયાર કર્યા છે.",0,10.333,0,not_selected_by_random,,,,
7065,"ગરીબ, મધ્યમવર્ગ માટે જીવલેણ પુરવાર થઇ રહેલી, કાળઝાળ મોંઘવારીને કાબુમાં લેવા સ્વયં સરકાર પણ અસહાય છે.",0,10.146,0,not_selected_by_random,,,,
7066,"માયાવતીએ સ્મારકો પાછળ ખર્ચેલાં અઢળક નાણાંની વાત, અને તેમની વૈભવી શૈલી સમાજવાદી પ્રચારઝુંબેશનું એક હથિયાર હતી.",0,10.505,0,not_selected_by_random,,,,
7067,"જામનગર, પોરબંદર, ભૂજમાં તમામ ફ્લાઈટો રદ્દ, રાજકોટમાં એરબસને ઉતરાણમાં મૂશ્કેલી, અમદાવાદમાં વિમાની વ્યવહાર રાબેતા મુજબ.",0,11.421,0,not_selected_by_random,,,,
7068,"નિશાળ પાસે આવેલી તળાવડીની પાળ પર, ઘટાટોપ કેરડાંમાં સંતાઈને આંબો ચૂસવાની મજામાં, પ્રાર્થનામાં મોડા પડવાની બીક ભૂલાઈ જતી.",0,11.634,0,not_selected_by_random,,,,
7069,"તેમજ ખાંડ મીડિયમોનો ભાવ પણ, તેટલાંજ માર્જિનથી ત્રણ સો ના નોંધપાત્ર વધારા સાથે, અગાઉના ત્રણ હજાર પચાસ થી એકત્રીસો સામે વધીને, ત્રણ હજાર ત્રણ સો પચ્ચીસ થી ત્રણ હજાર ચારસો થયો હતો.",0,16.393,1,,gujarati_female_007069.wav,t a ee m a j a <wb> kh a aa q dx a <wb> m a ii dx a i y a m a o n a o <wb> bh a aa w a <wb> p a nx a <wb> t a ee tx a l a aa q j a <wb> m a aa r a j a i n a th a ii <wb> t a r a nx a <wb> s a o <wb> n a aa <wb> n a o q dh a p a aa t a r a <wb> w a dh a aa r a aa <wb> s a aa th a ee <wb> a g a aa u n a aa <wb> t a r a nx a <wb> h a j a aa r a <wb> p a c a aa s a <wb> th a ii <wb> ee k a t a r a ii s a o <wb> s a aa m a ee <wb> w a dh a ii n a ee <wb> t a r a nx a <wb> h a j a aa r a <wb> t a r a nx a <wb> s a o <wb> p a c a c a ii s a <wb> th a ii <wb> t a r a nx a <wb> h a j a aa r a <wb> c a aa r a s a o <wb> th a y a o <wb> h a t a o,C32 C0 C11 C22 C0 C17 C0 <wb> C20 C0 C1 C23 C9 C0 <wb> C22 C0 C16 C9 C0 C16 C38 C0 C22 C0 C26 C24 C0 C26 <wb> C4 C0 C1 C37 C0 <wb> C28 C0 C25 C0 <wb> C32 C0 C11 C34 C0 C21 C0 C1 C23 C17 C0 <wb> C22 C0 C1 C29 C0 C17 C0 C16 C24 C0 C33 C0 C16 <wb> C32 C0 C29 C0 C25 C0 <wb> C30 C0 C26 <wb> C24 C0 C1 <wb> C24 C0 C26 C23 C8 C0 C28 C0 C1 C32 C0 C29 C0 <wb> C37 C0 C8 C0 C1 C29 C0 C1 <wb> C30 C0 C1 C33 C0 C11 <wb> C0 C13 C0 C1 C36 C24 C0 C1 <wb> C32 C0 C29 C0 C25 C0 <wb> C15 C0 C17 C0 C1 C29 C0 <wb> C28 C0 C5 C0 C1 C30 C0 <wb> C33 C0 C16 <wb> C11 C19 C0 C32 C0 C29 C0 C16 C30 C0 C26 <wb> C30 C0 C1 C22 C0 C11 <wb> C37 C0 C8 C0 C16 C24 C0 C11 <wb> C32 C0 C29 C0 C25 C0 <wb> C15 C0 C17 C0 C1 C29 C0 <wb> C32 C0 C29 C0 C25 C0 <wb> C30 C0 C26 <wb> C28 C0 C5 C0 C5 C0 C16 C30 C0 <wb> C33 C0 C16 <wb> C32 C0 C29 C0 C25 C0 <wb> C15 C0 C17 C0 C1 C29 C0 <wb> C5 C0 C1 C29 C0 C30 C0 C26 <wb> C33 C0 C38 C0 C26 <wb> C15 C0 C32 C0 C26,train
7070,"માત્ર શ્વેત શ્યામ રંગ ધરાવતું, અને આકર્ષક દેહલાલિત્યનું માલિક, પ્રકૃતિનું ખૂબ લાડકવાયું પંખી તે દૂધરાજ.",0,9.474,1,,gujarati_female_007070.wav,m a aa t a r a <wb> sh a w a ee t a <wb> sh a y a aa m a <wb> r a q g a <wb> dh a r a aa w a t a u q <wb> a n a ee <wb> aa k a r a sx a k a <wb> d a ee h a l a aa l a i t a y a n a u q <wb> m a aa l a i k a <wb> p a r a k a t a i n a u q <wb> kh a uu b a <wb> l a aa dx a k a w a aa y a u q <wb> p a q kh a ii <wb> t a ee <wb> d a uu dh a r a aa j a,C22 C0 C1 C32 C0 C29 C0 <wb> C31 C0 C37 C0 C11 C32 C0 <wb> C31 C0 C38 C0 C1 C22 C0 <wb> C29 C0 C23 C13 C0 <wb> C8 C0 C29 C0 C1 C37 C0 C32 C0 C36 C23 <wb> C0 C24 C0 C11 <wb> C1 C19 C0 C29 C0 C31 C0 C19 C0 <wb> C7 C0 C11 C15 C0 C21 C0 C1 C21 C0 C16 C32 C0 C38 C0 C24 C0 C36 C23 <wb> C22 C0 C1 C21 C0 C16 C19 C0 <wb> C28 C0 C29 C0 C19 C0 C32 C0 C16 C24 C0 C36 C23 <wb> C20 C0 C36 C3 C0 <wb> C21 C0 C1 C9 C0 C19 C0 C37 C0 C1 C38 C0 C36 C23 <wb> C28 C0 C23 C20 C0 C16 <wb> C32 C0 C11 <wb> C7 C0 C36 C8 C0 C29 C0 C1 C17 C0,train
7071,એક ચોરસ ઇંચ વિસ્તાર પર એટલે કે એક ટપાલની ટિકિટ જેટલા વિસ્તાર પર પિસ્તાલીસ કિલોગ્રામ વજન મૂકીએ તેટલું હોય.,0,9.165,0,not_selected_by_random,,,,
7072,ક્યારેક મુશાયરા કે કવિ સંમેલનોમાં માનસિક પીડા આપી થકવી નાખનારાં લાંબાલચક ભાષણોથી કંટાળો આવે છે.,0,8.874,0,not_selected_by_random,,,,
7073,"વૈષ્ણવનો મુખ્ય ધર્મ એ જ છે કે, પોતાના હૃદયમાં પ્રભુનું સ્વરૂપ, વિરૂદ્ધ ધર્મોના આશ્રયયુક્ત છે.",0,7.918,1,,gujarati_female_007073.wav,w a ei sx a nx a w a n a o <wb> m a u kh a y a <wb> dh a r a m a <wb> ee <wb> j a <wb> ch a ee <wb> k a ee <wb> p a o t a aa n a aa <wb> h a d a y a m a aa q <wb> p a r a bh a u n a u q <wb> s a w a r a uu p a <wb> w a i r a uu d a dh a <wb> dh a r a m a o n a aa <wb> aa sh a r a y a y a u k a t a <wb> ch a ee,C37 C0 C2 C31 C0 C25 C0 C37 C0 C24 C0 C26 <wb> C22 C0 C36 C20 C0 C38 C0 <wb> C8 C0 C29 C0 C22 C0 <wb> C11 <wb> C17 C0 <wb> C6 C0 C11 <wb> C19 C0 C11 <wb> C28 C0 C26 C32 C0 C1 C24 C0 C1 <wb> C15 C0 C7 C0 C38 C0 C22 C0 C1 C23 <wb> C28 C0 C29 C0 C4 C0 C36 C24 C0 C36 C23 <wb> C30 C0 C37 C0 C29 C0 C36 C28 C0 <wb> C37 C0 C16 C29 C0 C36 C7 C0 C8 C0 <wb> C8 C0 C29 C0 C22 C0 C26 C24 C0 C1 <wb> C1 C31 C0 C29 C0 C38 C0 C38 C0 C36 C19 C0 C32 C0 <wb> C6 C0 C11,train
7074,બેંગકોકમાં યોજાનાર ઇન્ટરનેશનલ રોબોકોન કોમ્પિટિશનમાં નિરમાના સ્ટુડન્ટસ છવાશે.,0,6.531,0,not_selected_by_random,,,,
7075,"નવરાત્રિના પ્રથમ દિવસે, જોધપુરના પ્રસિદ્ધ મહેરામગઢ કિલ્લાની મુલાકાતે, આશરે પચ્ચીસ હજાર ભક્તો આવ્યા હતા.",0,9.192,0,not_selected_by_random,,,,
7076,"ઑક્યુપાય વૉલ સ્ટ્રીટ ની નવ્ય અર્થનીતિ, ઝંખતી ચળવળ અને તહરીરથી જંતરમંતર શક્યતાઓથી ભરેલું ને ભરેલું.",0,9.664,0,not_selected_by_random,,,,
7077,મણિનગરમાં રહેતા ઈકોતેર વર્ષીય રજનીકાન્ત શુક્લ છેલ્લા બાર વર્ષથી સાત કૈલાસ શિખરની યાત્રા કરે છે.,0,8.429,1,,gujarati_female_007077.wav,m a nx a i n a g a r a m a aa q <wb> r a h a ee t a aa <wb> ii k a o t a ee r a <wb> w a r a sx a ii y a <wb> r a j a n a ii k a aa n a t a <wb> sh a u k a l a <wb> ch a ee l a l a aa <wb> b a aa r a <wb> w a r a sx a th a ii <wb> s a aa t a <wb> k a ei l a aa s a <wb> sh a i kh a r a n a ii <wb> y a aa t a r a aa <wb> k a r a ee <wb> ch a ee,C22 C0 C25 C0 C16 C24 C0 C13 C0 C29 C0 C22 C0 C1 C23 <wb> C29 C0 C15 C0 C11 C32 C0 C1 <wb> C16 C19 C0 C26 C32 C0 C11 C29 C0 <wb> C37 C0 C29 C0 C31 C0 C16 C38 C0 <wb> C29 C0 C17 C0 C24 C0 C16 C19 C0 C1 C24 C0 C32 C0 <wb> C31 C0 C36 C19 C0 C21 C0 <wb> C6 C0 C11 C21 C0 C21 C0 C1 <wb> C3 C0 C1 C29 C0 <wb> C37 C0 C29 C0 C31 C0 C33 C0 C16 <wb> C30 C0 C1 C32 C0 <wb> C19 C0 C2 C21 C0 C1 C30 C0 <wb> C31 C0 C16 C20 C0 C29 C0 C24 C0 C16 <wb> C38 C0 C1 C32 C0 C29 C0 C1 <wb> C19 C0 C29 C0 C11 <wb> C6 C0 C11,train
7078,"ફિરોઝશાહ કોટલા મેદાનમાં દારાએ, હવાઈ દાવ લગાવીને કિલર બ્રાઇનરને, નીચે પછાડયા બાદ કુસ્તીને કાયમ માટે અલવિદા કહ્યું.",0,10.348,0,not_selected_by_random,,,,
7079,"નેશનલ ઇન્સ્ટિટયૂટ ઓફ ફાર્માસ્યુટિકલ એજ્યુકેશન એન્ડ રિસર્ચ, ગુજરાત કેન્સર રિસર્ચ ઇન્સ્ટિટયૂટ.",0,7.639,0,not_selected_by_random,,,,
7080,"ચિત્રકારોએ આવા લૅન્ડસ્કેપ, આવાં વૃક્ષોની ભરચકતાને ફલક પર ઉતાર્યાનું જોયું જાણ્યું નથી.",0,8.004,0,not_selected_by_random,,,,
7081,હાં ખેંણીં આય ? લે ખાવી છે ? કશાય સંકોચ વગર અમારી સહપાઠી કન્યાઓ કેરી લઈ જરા દૂર જઈ મોજથી ખાધી.,0,9.474,1,,gujarati_female_007081.wav,h a aa q <wb> kh a ee q nx a ii q <wb> aa y a <wb> l a ee <wb> kh a aa w a ii <wb> ch a ee <wb> k a sh a aa y a <wb> s a q k a o c a <wb> w a g a r a <wb> a m a aa r a ii <wb> s a h a p a aa txh a ii <wb> k a n a y a aa o <wb> k a ee r a ii <wb> l a ii <wb> j a r a aa <wb> d a uu r a <wb> j a ii <wb> m a o j a th a ii <wb> kh a aa dh a ii,C15 C0 C1 C23 <wb> C20 C0 C11 C23 C25 C0 C16 C23 <wb> C1 C38 C0 <wb> C21 C0 C11 <wb> C20 C0 C1 C37 C0 C16 <wb> C6 C0 C11 <wb> C19 C0 C31 C0 C1 C38 C0 <wb> C30 C0 C23 C19 C0 C26 C5 C0 <wb> C37 C0 C13 C0 C29 C0 <wb> C0 C22 C0 C1 C29 C0 C16 <wb> C30 C0 C15 C0 C28 C0 C1 C35 C0 C16 <wb> C19 C0 C24 C0 C38 C0 C1 C26 <wb> C19 C0 C11 C29 C0 C16 <wb> C21 C0 C16 <wb> C17 C0 C29 C0 C1 <wb> C7 C0 C36 C29 C0 <wb> C17 C0 C16 <wb> C22 C0 C26 C17 C0 C33 C0 C16 <wb> C20 C0 C1 C8 C0 C16,train
7082,"છતાં ભારતના સૌથી સોહામણાં અને સાહસિક ક્રિકેટરે, પોતાની લાક્ષણિક બેપરવાઈથી ટ્વિટર પર લખ્યું કશું ગંભીર નથી.",0,8.707,1,,gujarati_female_007082.wav,ch a t a aa q <wb> bh a aa r a t a n a aa <wb> s a ou th a ii <wb> s a o h a aa m a nx a aa q <wb> a n a ee <wb> s a aa h a s a i k a <wb> k a r a i k a ee tx a r a ee <wb> p a o t a aa n a ii <wb> l a aa k a sx a nx a i k a <wb> b a ee p a r a w a aa ii th a ii <wb> tx a w a i tx a r a <wb> p a r a <wb> l a kh a y a u q <wb> k a sh a u q <wb> g a q bh a ii r a <wb> n a th a ii,C6 C0 C32 C0 C1 C23 <wb> C4 C0 C1 C29 C0 C32 C0 C24 C0 C1 <wb> C30 C0 C27 C33 C0 C16 <wb> C30 C0 C26 C15 C0 C1 C22 C0 C25 C0 C1 C23 <wb> C0 C24 C0 C11 <wb> C30 C0 C1 C15 C0 C30 C0 C16 C19 C0 <wb> C19 C0 C29 C0 C16 C19 C0 C11 C34 C0 C29 C0 C11 <wb> C28 C0 C26 C32 C0 C1 C24 C0 C16 <wb> C21 C0 C1 C19 C0 C31 C0 C25 C0 C16 C19 C0 <wb> C3 C0 C11 C28 C0 C29 C0 C37 C0 C1 C16 C33 C0 C16 <wb> C34 C0 C37 C0 C16 C34 C0 C29 C0 <wb> C28 C0 C29 C0 <wb> C21 C0 C20 C0 C38 C0 C36 C23 <wb> C19 C0 C31 C0 C36 C23 <wb> C13 C0 C23 C4 C0 C16 C29 C0 <wb> C24 C0 C33 C0 C16,train
7083,"ત્રણ વાગ્યે મહાપૂજા, સાત વાગ્યે પ્રાતઃ આરતી, આઠ વાગ્યે સવાલક્ષ બિલ્વ પૂજા, અગિયાર વાગ્યે મહાદુગ્ધ અભિષેક.",0,9.926,0,not_selected_by_random,,,,
7084,"રાષ્ટ્રગીતના સર્જક રવીન્દ્રનાથને, રાષ્ટ્રવાદની જે મર્યાદાઓ સમજાઈ હતી, એના ઉજાસમાં ભોળાભાઈનું દેશ અને ગુજરાતના હાલના દોરમાં કેવુંક આકલન હશે ?.",0,13.007,0,not_selected_by_random,,,,
7085,"પંદર વર્ષ પહેલાં, એક જીવંત જાતીનાં સજીવ ને, ફલુનાં વાયરસનો સંપૂર્ણ જેનોમ ઉકેલી નાખ્યો હતો.",0,8.084,0,not_selected_by_random,,,,
7086,"ભુજમાં નાગરની વંડીના વિશાળ ચોગાનમાં સૂતો હોઉં, ત્યારે બાજુમાં જ આવેલી ટૉકીઝમાંથી, રાતના છેલ્લા શૉનાં અંતિમ દૃશ્યોના અવાજ સંભળાતા.",0,11.515,0,not_selected_by_random,,,,
7087,"માનવ જીવનમાં અગિયાર રૂદ્રના સંચિત કર્મ, મહાદેવને અર્પણ કરી સર્વ જગ્યાએ ઈશ્વર વાસ ગણી, અને જલધારી ને પ્રદક્ષિણા કરીએ છીએ.",0,11.108,0,not_selected_by_random,,,,
7088,"સંગક્રાન્તિઃ માણસે આ દિવસે કામ, ક્રોધ, લોભ, મોહ, મદ, મત્સર આદિ દોષોનો ત્યાગ કરી, સત્પુરૂષનો સંગ કરવો જોઈએ.",0,10.683,0,not_selected_by_random,,,,
7089,"ત્યાં સુધીમાં ટેલિવિઝન પર તેણે મારધાડનાં, અને ખૂનનાં અઢાર હજાર દ્રશ્યો, અને અશ્લીલતાનાં ચૌદ હજાર પાન સો દ્રશ્યો જોઇ નાખ્યાં હોય છે.",0,10.147,1,,gujarati_female_007089.wav,t a y a aa q <wb> s a u dh a ii m a aa q <wb> tx a ee l a i w a i jh a n a <wb> p a r a <wb> t a ee nx a ee <wb> m a aa r a dh a aa dx a n a aa q <wb> a n a ee <wb> kh a uu n a n a aa q <wb> a dxh a aa r a <wb> h a j a aa r a <wb> d a r a sh a y a o <wb> a n a ee <wb> a sh a l a ii l a t a aa n a aa q <wb> c a ou d a <wb> h a j a aa r a <wb> p a aa n a <wb> s a o <wb> d a r a sh a y a o <wb> j a o i <wb> n a aa kh a y a aa q <wb> h a o y a <wb> ch a ee,C32 C0 C38 C0 C1 C23 <wb> C30 C0 C36 C8 C0 C16 C22 C0 C1 C23 <wb> C34 C0 C11 C21 C0 C16 C37 C0 C16 C18 C0 C24 C0 <wb> C28 C0 C29 C0 <wb> C32 C0 C11 C25 C0 C11 <wb> C22 C0 C1 C29 C0 C8 C0 C1 C9 C0 C24 C0 C1 C23 <wb> C0 C24 C0 C11 <wb> C20 C0 C36 C24 C0 C24 C0 C1 C23 <wb> C0 C10 C0 C1 C29 C0 <wb> C15 C0 C17 C0 C1 C29 C0 <wb> C7 C0 C29 C0 C31 C0 C38 C0 C26 <wb> C0 C24 C0 C11 <wb> C0 C31 C0 C21 C0 C16 C21 C0 C32 C0 C1 C24 C0 C1 C23 <wb> C5 C0 C27 C7 C0 <wb> C15 C0 C17 C0 C1 C29 C0 <wb> C28 C0 C1 C24 C0 <wb> C30 C0 C26 <wb> C7 C0 C29 C0 C31 C0 C38 C0 C26 <wb> C17 C0 C26 C16 <wb> C24 C0 C1 C20 C0 C38 C0 C1 C23 <wb> C15 C0 C26 C38 C0 <wb> C6 C0 C11,train
7090,"સપ્તાહના આરંભે દિલ્હી હાઇકોર્ટનાં ન્યાયાધીશ રેવા ખેતરપાલે, એર ઇન્ડિયા ને માવતર જેવો, પેટર્નલ અભિગમ દાખવવા સૂચવ્યું.",0,10.108,0,not_selected_by_random,,,,
7091,"એનર્જી બાર, દૂધ સાથે અનાજ, યોગર્ટ, ટોસ્ટ અથવા બ્રેડ શીંગના બટર સાથે, ચરબી વિનાનું માંસ અથવા ચીઝ, પાણી લઈ શકાય.",0,10.907,0,not_selected_by_random,,,,
7092,"સરબજીતને ઓગણીસ સો નેવું માં પંજાબમાં થયેલા શ્રેણીબંધ બોમ્બધડાકાના કેસ સંબંધે પકડી લેવાયો હતો, અને હાલ તે કોટ લખપત જેલમાં છે.",0,11.893,0,not_selected_by_random,,,,
7093,"બે હજાર છ માં વેસ્ટ ઇન્ડિઝની ધરતી ઉપર, પાંત્રીસ વર્ષ પછી ભારતનો ટેસ્ટ શ્રેણીનો વિજય અપાવવામાં, દ્રવિડની મુખ્ય ભૂમિકા હતી.",0,10.41,0,not_selected_by_random,,,,
7094,"નદીની ભેખડો કે કુવાની પોચી દિવાલમાં જ્યાં ઊંડા દર બનાવી શકાય ત્યાં, એકાદ મીટરથી પણ વધુ ઊંડાઈની સુરંગ બનાવીને, સમૂહમાં પ્રજનન કરે છે.",0,11.651,0,not_selected_by_random,,,,
7095,"પ્રદ્યુમ્ન ખાચર નોંધે છે કે, મહાબતખાનજી ત્રીજાએ કડક હાથે કામ લઈ, હિંદુ મુસ્લિમ એકતા જાળવી રાખવાનું વલણ રાખ્યું હતું.",0,9.845,1,,gujarati_female_007095.wav,p a r a d a y a u m a n a <wb> kh a aa c a r a <wb> n a o q dh a ee <wb> ch a ee <wb> k a ee <wb> m a h a aa b a t a kh a aa n a j a ii <wb> t a r a ii j a aa ee <wb> k a dx a k a <wb> h a aa th a ee <wb> k a aa m a <wb> l a ii <wb> h a i q d a u <wb> m a u s a l a i m a <wb> ee k a t a aa <wb> j a aa lx a w a ii <wb> r a aa kh a w a aa n a u q <wb> w a l a nx a <wb> r a aa kh a y a u q <wb> h a t a u q,C28 C0 C29 C0 C7 C0 C38 C0 C36 C22 C0 C24 C0 <wb> C20 C0 C1 C5 C0 C29 C0 <wb> C24 C0 C26 C23 C8 C0 C11 <wb> C6 C0 C11 <wb> C19 C0 C11 <wb> C22 C0 C15 C0 C1 C3 C0 C32 C0 C20 C0 C1 C24 C0 C17 C0 C16 <wb> C32 C0 C29 C0 C16 C17 C0 C1 C11 <wb> C19 C0 C9 C0 C19 C0 <wb> C15 C0 C1 C33 C0 C11 <wb> C19 C0 C1 C22 C0 <wb> C21 C0 C16 <wb> C15 C0 C16 C23 C7 C0 C36 <wb> C22 C0 C36 C30 C0 C21 C0 C16 C22 C0 <wb> C11 C19 C0 C32 C0 C1 <wb> C17 C0 C1 C21 C0 C37 C0 C16 <wb> C29 C0 C1 C20 C0 C37 C0 C1 C24 C0 C36 C23 <wb> C37 C0 C21 C0 C25 C0 <wb> C29 C0 C1 C20 C0 C38 C0 C36 C23 <wb> C15 C0 C32 C0 C36 C23,test
7096,"શેકસ્પિયરના ટેમ્પેસ્ટ અને કાલિદાસના શાકુન્તલ વચ્ચેની, એમની સુચિંતિત એટલી જ સહૃદય સરખામણીથી રસિકજનો સુપેરે પરિચિત છે.",0,13.323,0,not_selected_by_random,,,,
7097,"બ્રેકનેલના ઘરમાં ઈંગ્લૅન્ડની વિદેશી ઠંડીનાં ચોસલાં, અને ઘરમાં પાથરેલી જૂની કાર્પેટમાંથી ગંધ ઊઠતી હતી.",0,8.669,0,not_selected_by_random,,,,
7098,"ખનિજજન્ય બળતણ આધારિત વાહનોનું મિશ્ર બળતણના વાહનોમાં રૂપાંતર કરવા માટે, વપરાતી કિટ પરની આબકારી જકાત ઘડવામાં આવી છે.",0,10.82,1,,gujarati_female_007098.wav,kh a n a i j a j a n a y a <wb> b a lx a t a nx a <wb> aa dh a aa r a i t a <wb> w a aa h a n a o n a u q <wb> m a i sh a r a <wb> b a lx a t a nx a n a aa <wb> w a aa h a n a o m a aa q <wb> r a uu p a aa q t a r a <wb> k a r a w a aa <wb> m a aa tx a ee <wb> w a p a r a aa t a ii <wb> k a i tx a <wb> p a r a n a ii <wb> aa b a k a aa r a ii <wb> j a k a aa t a <wb> gh a dx a w a aa m a aa q <wb> aa w a ii <wb> ch a ee,C20 C0 C24 C0 C16 C17 C0 C17 C0 C24 C0 C38 C0 <wb> C3 C0 C21 C0 C32 C0 C25 C0 <wb> C1 C8 C0 C1 C29 C0 C16 C32 C0 <wb> C37 C0 C1 C15 C0 C24 C0 C26 C24 C0 C36 C23 <wb> C22 C0 C16 C31 C0 C29 C0 <wb> C3 C0 C21 C0 C32 C0 C25 C0 C24 C0 C1 <wb> C37 C0 C1 C15 C0 C24 C0 C26 C22 C0 C1 C23 <wb> C29 C0 C36 C28 C0 C1 C23 C32 C0 C29 C0 <wb> C19 C0 C29 C0 C37 C0 C1 <wb> C22 C0 C1 C34 C0 C11 <wb> C37 C0 C28 C0 C29 C0 C1 C32 C0 C16 <wb> C19 C0 C16 C34 C0 <wb> C28 C0 C29 C0 C24 C0 C16 <wb> C1 C3 C0 C19 C0 C1 C29 C0 C16 <wb> C17 C0 C19 C0 C1 C32 C0 <wb> C14 C0 C9 C0 C37 C0 C1 C22 C0 C1 C23 <wb> C1 C37 C0 C16 <wb> C6 C0 C11,train
7099,"તાપી નદી કિનારે ગુજરાતની અસ્મિતાની આહલાદની અનુભૂતિ કરાવતો આર્ય શૂરવીરતાનો ઈતિહાસ, અદ્ભુત અને ગૌરવવંતો છે.",0,9.451,1,,gujarati_female_007099.wav,t a aa p a ii <wb> n a d a ii <wb> k a i n a aa r a ee <wb> g a u j a r a aa t a n a ii <wb> a s a m a i t a aa n a ii <wb> aa h a l a aa d a n a ii <wb> a n a u bh a uu t a i <wb> k a r a aa w a t a o <wb> aa r a y a <wb> sh a uu r a w a ii r a t a aa n a o <wb> ii t a i h a aa s a <wb> a d a bh a u t a <wb> a n a ee <wb> g a ou r a w a w a q t a o <wb> ch a ee,C32 C0 C1 C28 C0 C16 <wb> C24 C0 C7 C0 C16 <wb> C19 C0 C16 C24 C0 C1 C29 C0 C11 <wb> C13 C0 C36 C17 C0 C29 C0 C1 C32 C0 C24 C0 C16 <wb> C0 C30 C0 C22 C0 C16 C32 C0 C1 C24 C0 C16 <wb> C1 C15 C0 C21 C0 C1 C7 C0 C24 C0 C16 <wb> C0 C24 C0 C36 C4 C0 C36 C32 C0 C16 <wb> C19 C0 C29 C0 C1 C37 C0 C32 C0 C26 <wb> C1 C29 C0 C38 C0 <wb> C31 C0 C36 C29 C0 C37 C0 C16 C29 C0 C32 C0 C1 C24 C0 C26 <wb> C16 C32 C0 C16 C15 C0 C1 C30 C0 <wb> C0 C7 C0 C4 C0 C36 C32 C0 <wb> C0 C24 C0 C11 <wb> C13 C0 C27 C29 C0 C37 C0 C37 C0 C23 C32 C0 C26 <wb> C6 C0 C11,train
7100,"ઈન્સ્ટિટ્યૂટ ઓફ સોશ્યલ સ્ટડીઝ ટ્રસ્ટ દ્વારા, સ્ત્રીઓ વિશેના એવા અભ્યાસો હાથ પર લેવામાં આવ્યા, કે જેમાં સ્ત્રીની સ્થિતિનો અભ્યાસ થતો.",0,10.128,0,not_selected_by_random,,,,
7101,"ઓછામાં ઓછી પાંચ હજાર ની સંખ્યા ધરાવતી જગ્યા, જ્યાં પંચોતેર ટકા પુરુષોની આવક, ખેતી સિવાયના સ્ત્રોતો પર આધારિત હોય છે.",0,9.288,1,,gujarati_female_007101.wav,o ch a aa m a aa q <wb> o ch a ii <wb> p a aa q c a <wb> h a j a aa r a <wb> n a ii <wb> s a q kh a y a aa <wb> dh a r a aa w a t a ii <wb> j a g a y a aa <wb> j a y a aa q <wb> p a q c a o t a ee r a <wb> tx a k a aa <wb> p a u r a u sx a o n a ii <wb> aa w a k a <wb> kh a ee t a ii <wb> s a i w a aa y a n a aa <wb> s a t a r a o t a o <wb> p a r a <wb> aa dh a aa r a i t a <wb> h a o y a <wb> ch a ee,C26 C6 C0 C1 C22 C0 C1 C23 <wb> C26 C6 C0 C16 <wb> C28 C0 C1 C23 C5 C0 <wb> C15 C0 C17 C0 C1 C29 C0 <wb> C24 C0 C16 <wb> C30 C0 C23 C20 C0 C38 C0 C1 <wb> C8 C0 C29 C0 C1 C37 C0 C32 C0 C16 <wb> C17 C0 C13 C0 C38 C0 C1 <wb> C17 C0 C38 C0 C1 C23 <wb> C28 C0 C23 C5 C0 C26 C32 C0 C11 C29 C0 <wb> C34 C0 C19 C0 C1 <wb> C28 C0 C36 C29 C0 C36 C31 C0 C26 C24 C0 C16 <wb> C1 C37 C0 C19 C0 <wb> C20 C0 C11 C32 C0 C16 <wb> C30 C0 C16 C37 C0 C1 C38 C0 C24 C0 C1 <wb> C30 C0 C32 C0 C29 C0 C26 C32 C0 C26 <wb> C28 C0 C29 C0 <wb> C1 C8 C0 C1 C29 C0 C16 C32 C0 <wb> C15 C0 C26 C38 C0 <wb> C6 C0 C11,train
7102,"ભેંસો દૂધ દેતી વખતે જેમ આંખ મીંચીને નિસ્તબ્ધ ઊભી રહે છે, તેમ આકાશ તડકાની સેરો છોડતું જ રહે છે.",0,8.661,1,,gujarati_female_007102.wav,bh a ee q s a o <wb> d a uu dh a <wb> d a ee t a ii <wb> w a kh a t a ee <wb> j a ee m a <wb> aa q kh a <wb> m a ii q c a ii n a ee <wb> n a i s a t a b a dh a <wb> uu bh a ii <wb> r a h a ee <wb> ch a ee <wb> t a ee m a <wb> aa k a aa sh a <wb> t a dx a k a aa n a ii <wb> s a ee r a o <wb> ch a o dx a t a u q <wb> j a <wb> r a h a ee <wb> ch a ee,C4 C0 C11 C23 C30 C0 C26 <wb> C7 C0 C36 C8 C0 <wb> C7 C0 C11 C32 C0 C16 <wb> C37 C0 C20 C0 C32 C0 C11 <wb> C17 C0 C11 C22 C0 <wb> C1 C23 C20 C0 <wb> C22 C0 C16 C23 C5 C0 C16 C24 C0 C11 <wb> C24 C0 C16 C30 C0 C32 C0 C3 C0 C8 C0 <wb> C36 C4 C0 C16 <wb> C29 C0 C15 C0 C11 <wb> C6 C0 C11 <wb> C32 C0 C11 C22 C0 <wb> C1 C19 C0 C1 C31 C0 <wb> C32 C0 C9 C0 C19 C0 C1 C24 C0 C16 <wb> C30 C0 C11 C29 C0 C26 <wb> C6 C0 C26 C9 C0 C32 C0 C36 C23 <wb> C17 C0 <wb> C29 C0 C15 C0 C11 <wb> C6 C0 C11,train
7103,"બીલ ક્લિન્ટનનાં એક જ સ્ટેટમેન્ટથી, બાયોટેક કંપનીનાં શેર માર્કેટમાં ફક્ત બે દિવસમાં, પચાસ અબજ ડોલરનું ગાબડુ પડયું હતું.",0,11.424,1,,gujarati_female_007103.wav,b a ii l a <wb> k a l a i n a tx a n a n a aa q <wb> ee k a <wb> j a <wb> s a tx a ee tx a m a ee n a tx a th a ii <wb> b a aa y a o tx a ee k a <wb> k a q p a n a ii n a aa q <wb> sh a ee r a <wb> m a aa r a k a ee tx a m a aa q <wb> ph a k a t a <wb> b a ee <wb> d a i w a s a m a aa q <wb> p a c a aa s a <wb> a b a j a <wb> dx a o l a r a n a u q <wb> g a aa b a dx a u <wb> p a dx a y a u q <wb> h a t a u q,C3 C0 C16 C21 C0 <wb> C19 C0 C21 C0 C16 C24 C0 C34 C0 C24 C0 C24 C0 C1 C23 <wb> C11 C19 C0 <wb> C17 C0 <wb> C30 C0 C34 C0 C11 C34 C0 C22 C0 C11 C24 C0 C34 C0 C33 C0 C16 <wb> C3 C0 C1 C38 C0 C26 C34 C0 C11 C19 C0 <wb> C19 C0 C23 C28 C0 C24 C0 C16 C24 C0 C1 C23 <wb> C31 C0 C11 C29 C0 <wb> C22 C0 C1 C29 C0 C19 C0 C11 C34 C0 C22 C0 C1 C23 <wb> C12 C0 C19 C0 C32 C0 <wb> C3 C0 C11 <wb> C7 C0 C16 C37 C0 C30 C0 C22 C0 C1 C23 <wb> C28 C0 C5 C0 C1 C30 C0 <wb> C0 C3 C0 C17 C0 <wb> C9 C0 C26 C21 C0 C29 C0 C24 C0 C36 C23 <wb> C13 C0 C1 C3 C0 C9 C0 C36 <wb> C28 C0 C9 C0 C38 C0 C36 C23 <wb> C15 C0 C32 C0 C36 C23,train
7104,"ફોક્સ સ્ટૂડિયોઝના વિજય સિંહના જણાવ્યા મુજબ, ગયા વર્ષની શરૂવાત કોપીરાઈટ એમેન્ડમેન્ટના મુદ્દે વિરોધ વંટોળથી થઈ હતી.",0,11.074,0,not_selected_by_random,,,,
7105,"આપણો સૂર્ય પાંચ અબજ વર્ષ પછી, વ્હાઈટડવાઈ નામના પૃથ્વી જેવડા પિંડમાં રૂપાંતર પામશે.",0,8.845,0,not_selected_by_random,,,,
7106,દક્ષિણ આફ્રિકાના નહોરવાળા દેડકા નું વૈજ્ઞાનિક નામ ઝેનોપસ લેવિસ છે.,0,7.091,0,not_selected_by_random,,,,
7107,"મેલ્ટડાઉન રોકવાનો સૌથી તાકીદનો ઉપાય, તમામ અણુભઠ્ઠીઓમાં તાપમાન ઘટાડવાનો છે, અન્ય ઉપાય નિયમિત વીજ પુરવઠો શરૂ કરવાનો છે.",0,11.514,0,not_selected_by_random,,,,
7108,"જૂન સપ્ટેમ્બરમાં મિલોને પિસ્તાલીસ લાખ ટનનો મર્યાદિત જથ્થો, મુક્ત બજારમાં વેચવાની મંજૂરી મળશે.",0,8.627,0,not_selected_by_random,,,,
7109,સંપુર્ણ મેલ્ટડાઉન થતા અણુભઠ્ઠીની સ્ટીલની દિવાલો તથા અન્ય રક્ષણાત્મક આડશો પણ તૂટવા માંડે છે.,0,9.214,0,not_selected_by_random,,,,
7110,"દૂધી, કાકડી, રીંગણ, ટીંડોળા, ભીંડા જેવી ચીજો ઘર આંગણે ઉગાડવાનો પ્રયાસ થવો જોઈએ અને તે માટે પ્રોત્સાહન પણ આપવું જોઈએ.",0,10.797,1,,gujarati_female_007110.wav,d a uu dh a ii <wb> k a aa k a dx a ii <wb> r a ii q g a nx a <wb> tx a ii q dx a o lx a aa <wb> bh a ii q dx a aa <wb> j a ee w a ii <wb> c a ii j a o <wb> gh a r a <wb> aa q g a nx a ee <wb> u g a aa dx a w a aa n a o <wb> p a r a y a aa s a <wb> th a w a o <wb> j a o ii ee <wb> a n a ee <wb> t a ee <wb> m a aa tx a ee <wb> p a r a o t a s a aa h a n a <wb> p a nx a <wb> aa p a w a u q <wb> j a o ii ee,C7 C0 C36 C8 C0 C16 <wb> C19 C0 C1 C19 C0 C9 C0 C16 <wb> C29 C0 C16 C23 C13 C0 C25 C0 <wb> C34 C0 C16 C23 C9 C0 C26 C21 C0 C1 <wb> C4 C0 C16 C23 C9 C0 C1 <wb> C17 C0 C11 C37 C0 C16 <wb> C5 C0 C16 C17 C0 C26 <wb> C14 C0 C29 C0 <wb> C1 C23 C13 C0 C25 C0 C11 <wb> C36 C13 C0 C1 C9 C0 C37 C0 C1 C24 C0 C26 <wb> C28 C0 C29 C0 C38 C0 C1 C30 C0 <wb> C33 C0 C37 C0 C26 <wb> C17 C0 C26 C16 C11 <wb> C0 C24 C0 C11 <wb> C32 C0 C11 <wb> C22 C0 C1 C34 C0 C11 <wb> C28 C0 C29 C0 C26 C32 C0 C30 C0 C1 C15 C0 C24 C0 <wb> C28 C0 C25 C0 <wb> C1 C28 C0 C37 C0 C36 C23 <wb> C17 C0 C26 C16 C11,train
7111,"શિવના આ સ્વરૂપ અને નામ ચમત્કારીક રૂપથી દૈહિક, દૈવિક અને આધ્યાત્મિક સિદ્ધિ પણ આપનારા માનવામાં આવે છે.",0,9.657,0,not_selected_by_random,,,,
7112,"યાભ્યાં વિનાન પશ્યંતિ, સિઘ્ધાં સ્વાન્તસ્થ મીશ્વરમ્.",0,4.874,0,not_selected_by_random,,,,
7113,"જેસલ કારિયા, હર્ષલ પટેલ, ચિરાગ ગાંધી, હર્નેશ ત્રિવેદી, ભાર્ગવ મેરાઇ અને અભિષેક પટેલ.",0,8.435,0,not_selected_by_random,,,,
7114,"એક મેચની બે ઇનીંગ્સમાં ડબલ સેંચુરી ફટકારવાનો વિક્રમ, માત્ર ગાવસ્કર અને રીકી પોન્ટીંગ ઉપરાંત રાહુલ દ્રવિડના નામે છે.",0,10.582,0,not_selected_by_random,,,,
7115,"ઇંગ્લેન્ડમાં ઇંગ્લેન્ડ સામે રમતાં, બે વખત એક ટેસ્ટ સિરીઝમાં, ત્રણ ત્રણ સદીઓ ફટકારવાનું પરાક્રમ, વિશ્વમાં ડોન બ્રેડમેન પછી માત્ર રાહુલ દ્રવિડે કર્યું છે.",0,12.259,0,not_selected_by_random,,,,
7116,"ફારસ મજાનાં પાકેલાં ચીભડાં અને રસદાર ખરબૂજાં, સક્કરટેટી ની મીઠી સોડમથી, આખું બજાર મહેંકી ઊઠ્યું.",0,8.707,1,,gujarati_female_007116.wav,ph aa r a s a <wb> m a j a aa n a aa q <wb> p a aa k a ee l a aa q <wb> c a ii bh a dx a aa q <wb> a n a ee <wb> r a s a d a aa r a <wb> kh a r a b a uu j a aa q <wb> s a k a k a r a tx a ee tx a ii <wb> n a ii <wb> m a ii txh a ii <wb> s a o dx a m a th a ii <wb> aa kh a u q <wb> b a j a aa r a <wb> m a h a ee q k a ii <wb> uu txh a y a u q,C12 C1 C29 C0 C30 C0 <wb> C22 C0 C17 C0 C1 C24 C0 C1 C23 <wb> C28 C0 C1 C19 C0 C11 C21 C0 C1 C23 <wb> C5 C0 C16 C4 C0 C9 C0 C1 C23 <wb> C0 C24 C0 C11 <wb> C29 C0 C30 C0 C7 C0 C1 C29 C0 <wb> C20 C0 C29 C0 C3 C0 C36 C17 C0 C1 C23 <wb> C30 C0 C19 C0 C19 C0 C29 C0 C34 C0 C11 C34 C0 C16 <wb> C24 C0 C16 <wb> C22 C0 C16 C35 C0 C16 <wb> C30 C0 C26 C9 C0 C22 C0 C33 C0 C16 <wb> C1 C20 C0 C36 C23 <wb> C3 C0 C17 C0 C1 C29 C0 <wb> C22 C0 C15 C0 C11 C23 C19 C0 C16 <wb> C36 C35 C0 C38 C0 C36 C23,train
7117,"ભૂજથી પૂર્વ તરફ તેમજ ધોળાવીરા વિસ્તારમાં કચ્છના રણમાં, સરસ્વતી નદીના ત્રણ ત્રિકોણ પ્રદશો, મળ્યાનું સંશોધન છે.",0,10.198,0,not_selected_by_random,,,,
7118,"આપણા રાંધણ ગેસની ભૂરી જ્યોતના તાપમાન કરતાં, અંદાજે એક હજાર અંશ સેલ્સિયસ વધારે ગણાય છે.",0,8.546,0,not_selected_by_random,,,,
7119,"અને રણબીરની ફિલ્મ અજબ પ્રેમ કી ગઝબ કહાની ની રિલીઝ દરમિયાન, રણબીર સલમાનની એક સમયની પ્રેમિકા કેટરિના કૈફના પ્રેમમાં હોવાની, પણ એક અફવા હતી.",0,11.955,0,not_selected_by_random,,,,
7120,"તેનો પ્રવાહ સતત વેગવાળો હતો, તેની મુખ્ય સહાયક નદીઓ શતદ્રુ અને દંશદ્રવતી હતી, અને અન્ય સહાયક નદીઓ રાવી, ચિનાબ, જેલમ અને સિંધુ હતી.",0,12.929,0,not_selected_by_random,,,,
7121,"આરોગ્ય ક્ષેત્રે અત્યાર સુધીનાં આ સૌથી મોટાં કૌભાંડમાં, જીએસકેએ દવાનાં માર્કેટિંગ માટે ગેરકાનૂની રસ્તા અપનાવ્યા હતા.",0,10.53,0,not_selected_by_random,,,,
7122,"તું તારા જીવનસાથીના દેખાવ બાહ્ય વ્યક્તિત્વને વિશેષ મહત્વ આપશે, કે તેના બુદ્ધિકૌશલ અને ઊજળા ભવિષ્ય માટેની ગુંજાશને વધુ મહત્વ આપશે ?.",0,11.895,0,not_selected_by_random,,,,
7123,કેમ કે આ માછલી વધારે અગ્રેસીવ હોય છે.,0,3.834,0,not_selected_by_random,,,,
7124,અહીં પીન એ ખાતું ખોલતો એક પ્રકારનો પાસવર્ડ છે.,0,4.67,0,not_selected_by_random,,,,
7125,"તે સાંભળીને હસતાં હસતાં વિનોદે કહ્યું, વિજયે રાધા સાથે લગ્ન કરવા માટે, એક લાખનું દહેજ માંગ્યું હતું.",0,8.731,1,,gujarati_female_007125.wav,t a ee <wb> s a aa q bh a lx a ii n a ee <wb> h a s a t aa mq <wb> h a s a t aa mq <wb> w i n o d ee <wb> k a h a y a u q <wb> w i j a y ee <wb> r aa dh aa <wb> s a aa th a ee <wb> l a g a n a <wb> k a r a w a aa <wb> m a aa tx a ee <wb> ee k a <wb> l aa kh a n u mq <wb> d a h ee j a <wb> m aa mq g y u mq <wb> h a t a u q,C32 C0 C11 <wb> C30 C0 C1 C23 C4 C0 C21 C0 C16 C24 C0 C11 <wb> C15 C0 C30 C0 C32 C1 C23 <wb> C15 C0 C30 C0 C32 C1 C23 <wb> C37 C16 C24 C26 C7 C11 <wb> C19 C0 C15 C0 C38 C0 C36 C23 <wb> C37 C16 C17 C0 C38 C11 <wb> C29 C1 C8 C1 <wb> C30 C0 C1 C33 C0 C11 <wb> C21 C0 C13 C0 C24 C0 <wb> C19 C0 C29 C0 C37 C0 C1 <wb> C22 C0 C1 C34 C0 C11 <wb> C11 C19 C0 <wb> C21 C1 C20 C0 C24 C36 C23 <wb> C7 C0 C15 C11 C17 C0 <wb> C22 C1 C23 C13 C38 C36 C23 <wb> C15 C0 C32 C0 C36 C23,train
7126,"ત્યારે પીઢ રાજકારણી બહુગુણા સામે, તેમને ચૂંટણીમાં ઊભા રખાયા હતા.",0,6.174,0,not_selected_by_random,,,,
7127,"અહીંયા અમે જૈન દેરાસરમાં, અમારા બાળકોને ગુજરાતી શીખવાડવામાં આવે છે.",0,6.486,0,not_selected_by_random,,,,
7128,"કારણકે નેન્એન્ટેનાની પ્રયુક્તિ, અધોરક્ત ઘટકોનું પણ પ્રગ્રહણ કરે છે.",0,5.341,1,,gujarati_female_007128.wav,k aa r a nx a k ee <wb> n ee n ee n tx ee n aa n ii <wb> p a r a y a u k a t a i <wb> a dh a o r a k a t a <wb> gh a tx a k a o n a u q <wb> p a nx a <wb> p a r a g a r a h a nx a <wb> k a r a ee <wb> ch a ee,C19 C1 C29 C0 C25 C0 C19 C11 <wb> C24 C11 C24 C11 C24 C34 C11 C24 C1 C24 C16 <wb> C28 C0 C29 C0 C38 C0 C36 C19 C0 C32 C0 C16 <wb> C0 C8 C0 C26 C29 C0 C19 C0 C32 C0 <wb> C14 C0 C34 C0 C19 C0 C26 C24 C0 C36 C23 <wb> C28 C0 C25 C0 <wb> C28 C0 C29 C0 C13 C0 C29 C0 C15 C0 C25 C0 <wb> C19 C0 C29 C0 C11 <wb> C6 C0 C11,train
7129,"બિચારી એક ભોળી ખિસકોલીને આબાદ છેતરીને અમે, અમારી યોજના મુજબ સૂંડલા હેઠે પૂરી લીધી.",0,7.687,0,not_selected_by_random,,,,
7130,"પ્રોબ્લેમ ન હોય, તો રગશિયું ગાડું ચાલ્યા કરે.",0,3.853,0,not_selected_by_random,,,,
7131,શ્રીધરે ઘણું લાકડું ભેગું કર્યું પરંતુ કુહાડી તે જંગલમાં જ ભૂલી ગયો.,0,6.052,0,not_selected_by_random,,,,
7132,એ ખાટલા પર સૂઈ ગયો અને આળોટવા લાગ્યો.,0,3.927,0,not_selected_by_random,,,,
7133,"થોડા સમય અગાઉ જર્મનીની રાજધાની બોનમાં પાણીની સમસ્યા વિષે વિચારણા કરવા માટે, એક આંતરરાષ્ટ્રીય પરિષદ યોજાઈ ગઈ.",0,10.667,0,not_selected_by_random,,,,
7134,"તેની આયાત નથી કરવી પડતી, અને તેના માટે હુંડિયામણનો ખર્ચ નથી કરવો પડતો.",0,6.847,0,not_selected_by_random,,,,
7135,જે સંપૂર્ણ બ્લાઇન્ડ થેરાપિસ્ટ પણ સરળતાથી ઓપરેટ કરી શકે છે.,0,5.245,0,not_selected_by_random,,,,
7136,અંધશ્રદ્ધામાં રાચનારાને વિજ્ઞાનની લીટી નાની ન થાય ત્યાં સુધી ચેન પડતું નથી.,0,7.187,0,not_selected_by_random,,,,
7137,"પરોપકાર, પરિશ્રમ અને પઠન-પાઠનને જીવન-મંત્ર બનાવો.",0,5.273,0,not_selected_by_random,,,,
7138,"આજેય, એ શિવજીની પૂજા કરવા મધવાસથી એક વૃદ્ધ બ્રાહ્મણ સોમવારે આવતા.",0,6.644,0,not_selected_by_random,,,,
7139,અને ઉત્સાહમાં વધારો થશે જે છેવટે તમારા સંબંધોમાં ઉષ્મા લાવશે.,0,5.794,0,not_selected_by_random,,,,
7140,હાલારમાં શ્રાવણ માસના પ્રથમ સોમવારના દિવસે શહેરના પ્રસિધ્ધ શિવાલયોમાં મેળો ભરાય છે.,0,7.551,0,not_selected_by_random,,,,
7141,હવે જાપાનનાં કુકુશિમાં ન્યુકલીયર પાવર પ્લાંન્ટનો આ ગમખ્વાર અકસ્માતની તવારીખમાં ઉમેરો થઈ રહેલ છે.,0,7.639,1,,gujarati_female_007141.wav,h a w a ee <wb> j aa p aa n a n aa mq <wb> k u k u sh i m aa mq <wb> n y u k a l ii y a r a <wb> p a aa w a r a <wb> p l aa mq n tx a n o <wb> aa <wb> g a m a kh w aa r a <wb> a k a s m aa t a n ii <wb> t a w aa r ii kh a m aa mq <wb> u m a ee r a o <wb> th a ii <wb> r a h a ee l a <wb> ch a ee,C15 C0 C37 C0 C11 <wb> C17 C1 C28 C1 C24 C0 C24 C1 C23 <wb> C19 C36 C19 C36 C31 C16 C22 C1 C23 <wb> C24 C38 C36 C19 C0 C21 C16 C38 C0 C29 C0 <wb> C28 C0 C1 C37 C0 C29 C0 <wb> C28 C21 C1 C23 C24 C34 C0 C24 C26 <wb> C1 <wb> C13 C0 C22 C0 C20 C37 C1 C29 C0 <wb> C0 C19 C0 C30 C22 C1 C32 C0 C24 C16 <wb> C32 C0 C37 C1 C29 C16 C20 C0 C22 C1 C23 <wb> C36 C22 C0 C11 C29 C0 C26 <wb> C33 C0 C16 <wb> C29 C0 C15 C0 C11 C21 C0 <wb> C6 C0 C11,train
7142,ફેફસાની બાયોપ્સી બહુ જટિલ પ્રક્રિયા છે,0,3.459,0,not_selected_by_random,,,,
7143,એ સૂંડલાને એક જાડા સાંઠીકાનાં ટેકણથી ટેકવવાનો.,0,4.843,0,not_selected_by_random,,,,
7144,સંબંધોને બગાડે છે માણસની અપેક્ષા.,0,3.765,0,not_selected_by_random,,,,
7145,આજે એક જ દિવસમાં દસ કરોડ બેઝ પેર ઉકેલી શકાય તેવી ટેકનોલોજી વિકસી ચુકી છે.,0,6.579,0,not_selected_by_random,,,,
7146,તેમણે રાહુલ દ્રવિડ પાસેથી બોધપાઠ ગ્રહણ કરવો જોઇએ.,0,4.348,0,not_selected_by_random,,,,
7147,આ વહાણને 'વોક્સ વેગન એકવા' નામ આપવામાં આવ્યું છે.,0,4.441,0,not_selected_by_random,,,,
7148,"કોઈ નીચાં, કોઈ એક ડાળીએ ઊંચા વધેલાં તો ક્યારે કોઈ ધમ્મરઘટ્ટ વડલા જેવાં છે.",0,6.402,0,not_selected_by_random,,,,
7149,"ચિનની મહિલા ડિઝાઈનર, એકવીસ વર્ષીય ઝાંગ યુહાને એક અદ્ભુત કાર ડિઝાઈન કરી છે.",0,6.733,0,not_selected_by_random,,,,
7150,ગ્રંથોને સરસ્વતીની વાગમય મૂર્તિ માને છે તેઓને અખંડ સૌભાગ્યનાં આશિર્વાદ મળે છે.,0,7.575,0,not_selected_by_random,,,,
7151,વ્યાપારી ધોરણે ઉત્પાદન કરતી કરવી જેથી તેની પ્રયુક્તિ ઓછા ખર્ચે મોટા જથ્થામાં બનાવી શકાય.,0,8.314,0,not_selected_by_random,,,,
7152,જર્મનીએ તો બે હજાર બાવીસ સુધી પોતાના દેશમાં ન્યૂક્લિયર પાવર પ્લાન્ટ બંધ કરવાનો છે.,0,7.24,0,not_selected_by_random,,,,
7153,પણ આવો માણસ ક્યારેય શાંતિથી વિચારે તો તેને કેટલીક વાર એક આંચકા સાથે એવું ભાન થાય છે.,0,8.191,0,not_selected_by_random,,,,
7154,આ શબ્દો છે અમદાવાદના ઓઢવ વિસ્તારમાં પોતાના પરિવાર સાથે રહેતાં જાગૃતિબહેન શાહના.,0,8.429,0,not_selected_by_random,,,,
7155,રોજના ચાર કલાક ટેલિવિઝન જોનાર બાળકોમાં આવી ઇન્જરીનું પ્રમાણ સોત્રીસ ટકા વધુ હોવાનું માલૂમ પડ્યું છે.,0,8.963,1,,gujarati_female_007155.wav,r a o j a n a aa <wb> c a aa r a <wb> k a l a aa k a <wb> tx a ee l a i w a i jh a n a <wb> j a o n a aa r a <wb> b aa lx a k o m aa mq <wb> aa w a ii <wb> i n j a r ii n u mq <wb> p a r a m a aa nx a <wb> s o t r ii s a <wb> tx a k a aa <wb> w a dh a u <wb> h a o w a aa n a u q <wb> m a aa l a uu m a <wb> p a dx a y a u q <wb> ch a ee,C29 C0 C26 C17 C0 C24 C0 C1 <wb> C5 C0 C1 C29 C0 <wb> C19 C0 C21 C0 C1 C19 C0 <wb> C34 C0 C11 C21 C0 C16 C37 C0 C16 C18 C0 C24 C0 <wb> C17 C0 C26 C24 C0 C1 C29 C0 <wb> C3 C1 C21 C0 C19 C26 C22 C1 C23 <wb> C1 C37 C0 C16 <wb> C16 C24 C17 C0 C29 C16 C24 C36 C23 <wb> C28 C0 C29 C0 C22 C0 C1 C25 C0 <wb> C30 C26 C32 C29 C16 C30 C0 <wb> C34 C0 C19 C0 C1 <wb> C37 C0 C8 C0 C36 <wb> C15 C0 C26 C37 C0 C1 C24 C0 C36 C23 <wb> C22 C0 C1 C21 C0 C36 C22 C0 <wb> C28 C0 C9 C0 C38 C0 C36 C23 <wb> C6 C0 C11,test
7156,જેને પરિણામે તેને એક સાથે અનેક વોરહેડથી સજજ કરી શકાશે.,0,6.374,0,not_selected_by_random,,,,
7157,સત્યના પક્ષે રહીને પત્રકારત્વના ઉમદા સિદ્ધાંતોને તેઓ આજીવન વળગી રહ્યા હતાં.,0,7.791,0,not_selected_by_random,,,,
7158,માયાવતીએ ઊભાં કરેલાં સ્મારકો સામે રાજકીય કિન્નાખોરીથી કામ નહીં લેવામાં આવે.,0,7.519,0,not_selected_by_random,,,,
7159,"મને નવરો ધૂપ આંટા મારતો જોઈ એમણે બાપાને કહેલું, આ છોરો આંબા ઉતારવામાં કામ આવે તેમ છે.",0,8.428,0,not_selected_by_random,,,,
7160,અન્ય પંખીઓની સરખામણીમાં ખૂબ ઉંઘણશી છે.,0,3.669,1,,gujarati_female_007160.wav,a n a y a <wb> p a mq kh ii o n ii <wb> s a r a kh a aa m a nx a ii m a aa q <wb> kh a uu b a <wb> u mq gh a nx a sh ii <wb> ch a ee,C0 C24 C0 C38 C0 <wb> C28 C0 C23 C20 C16 C26 C24 C16 <wb> C30 C0 C29 C0 C20 C0 C1 C22 C0 C25 C0 C16 C22 C0 C1 C23 <wb> C20 C0 C36 C3 C0 <wb> C36 C23 C14 C0 C25 C0 C31 C16 <wb> C6 C0 C11,train
7161,આજની ફાસ્ટ લાઈફમાં વચ્ચે એવો ટ્રેન્ડ જોવા મળ્યો હતો.,0,4.838,0,not_selected_by_random,,,,
7162,તેનું અંગ્રેજી નામ રુઆર્બ છે.,0,3.086,0,not_selected_by_random,,,,
7163,જાળ કપાતાં સિંહ ભફાંગ અવાજ સાથે જમીન પર પડ્યો.,0,5.237,0,not_selected_by_random,,,,
7164,"અહીં તો દંડની આટલી રકમ પણ વસૂલ થવાની વાત તો બાજુએ રહી, કોઈ પણ ફાર્મા કંપની સામે કાર્યવાહી કરવામાં આવી નથી.",0,9.497,1,,gujarati_female_007164.wav,a h a ii q <wb> t a o <wb> d a mq dx a n ii <wb> aa tx a l a ii <wb> r a k a m a <wb> p a nx a <wb> w a s uu l a <wb> th a w a aa n a ii <wb> w a aa t a <wb> t a o <wb> b a aa j a u ee <wb> r a h a ii <wb> k a o ii <wb> p a nx a <wb> ph aa r m aa <wb> k a q p a n a ii <wb> s a aa m a ee <wb> k a aa r a y a w a aa h a ii <wb> k a r a w a aa m a aa q <wb> aa w a ii <wb> n a th a ii,C0 C15 C0 C16 C23 <wb> C32 C0 C26 <wb> C7 C0 C23 C9 C0 C24 C16 <wb> C1 C34 C0 C21 C0 C16 <wb> C29 C0 C19 C0 C22 C0 <wb> C28 C0 C25 C0 <wb> C37 C0 C30 C36 C21 C0 <wb> C33 C0 C37 C0 C1 C24 C0 C16 <wb> C37 C0 C1 C32 C0 <wb> C32 C0 C26 <wb> C3 C0 C1 C17 C0 C36 C11 <wb> C29 C0 C15 C0 C16 <wb> C19 C0 C26 C16 <wb> C28 C0 C25 C0 <wb> C12 C1 C29 C22 C1 <wb> C19 C0 C23 C28 C0 C24 C0 C16 <wb> C30 C0 C1 C22 C0 C11 <wb> C19 C0 C1 C29 C0 C38 C0 C37 C0 C1 C15 C0 C16 <wb> C19 C0 C29 C0 C37 C0 C1 C22 C0 C1 C23 <wb> C1 C37 C0 C16 <wb> C24 C0 C33 C0 C16,train
7165,વિશ્વરૂપથી પ્રખ્યાત બ્રહ્માજીના એકાવન ના પ્રકલ્પના તેજથી પુત્ર ઉત્પન્ન કર્યા.,0,7.442,0,not_selected_by_random,,,,
7166,જો તાત્ત્વિક રીતે જોઈએ તો સર્વના મૃત્યુ નિશ્ચિત હતા અને આવી મળેલા તો સો નિમિત્ત હતા.,0,7.609,0,not_selected_by_random,,,,
7167,ઘેલું જોબન અને કંજૂસનું ધન ક્યારેય કામ ન લાગે.,0,4.647,0,not_selected_by_random,,,,
7168,પરંતુ આપણી ચર્ચા ન્યૂટ્રોન તારા કે બ્લેકહોલ અંગે નથી.,0,4.272,1,,gujarati_female_007168.wav,p a r a q t a u <wb> aa p a nx a ii <wb> c a r a c a aa <wb> n a y a uu tx a r a o n a <wb> t a aa r a aa <wb> k a ee <wb> b l ee k a h o l a <wb> a q g a ee <wb> n a th a ii,C28 C0 C29 C0 C23 C32 C0 C36 <wb> C1 C28 C0 C25 C0 C16 <wb> C5 C0 C29 C0 C5 C0 C1 <wb> C24 C0 C38 C0 C36 C34 C0 C29 C0 C26 C24 C0 <wb> C32 C0 C1 C29 C0 C1 <wb> C19 C0 C11 <wb> C3 C21 C11 C19 C0 C15 C26 C21 C0 <wb> C0 C23 C13 C0 C11 <wb> C24 C0 C33 C0 C16,train
7169,મનમાં આવો ઘાટ ઘડીને એક જબરદસ્ત વડ પર તે ચડ્યો.,0,4.226,1,,gujarati_female_007169.wav,m a n a m a aa q <wb> aa w a o <wb> gh a aa tx a <wb> gh a dx ii n ee <wb> ee k a <wb> j a b a r a d a s a t a <wb> w a dx a <wb> p a r a <wb> t a ee <wb> c a dx y o,C22 C0 C24 C0 C22 C0 C1 C23 <wb> C1 C37 C0 C26 <wb> C14 C0 C1 C34 C0 <wb> C14 C0 C9 C16 C24 C11 <wb> C11 C19 C0 <wb> C17 C0 C3 C0 C29 C0 C7 C0 C30 C0 C32 C0 <wb> C37 C0 C9 C0 <wb> C28 C0 C29 C0 <wb> C32 C0 C11 <wb> C5 C0 C9 C38 C26,train
7170,"ક્લાર્કે જવાબ આપ્યો તમારી વાત સાચી છે, પણ કુટુંબમાં પાંચ જણ છીએ, સાત વ્યક્તિ નથી.",0,7.399,0,not_selected_by_random,,,,
7171,વાખન કોરિડોર અને તેની આજુબાજુના વિસ્તારોમાં ચીન દ્વારા મોટાપાયા પર એન્જિનિયરિંગ કામ કરાવવામાં આવી રહ્યું છે.,0,9.07,0,not_selected_by_random,,,,
7172,"આ આયોજન એવું વૈશ્વિક મંચ હોય છે, જ્યાં લખવામાં આવતો દરેક ઇતિહાસ રમતગમતના દાયરાથી આગળ નીકળી જાય છે.",0,9.605,0,not_selected_by_random,,,,
7173,ભોજનાલયના માલિકે આસપાસ રહેલાં અન્ય બાળકો માટે પોતાના તરફથી એક પ્લેટ ભોજન આપ્યું.,0,7.994,0,not_selected_by_random,,,,
7174,ઓગણીસો અઢાર માં આઝાદીની ચળવળ વખતે બનારસ હિંદુ યુનિવર્સિટીના સ્થાપક તેમા હાજર હતા,0,9.507,0,not_selected_by_random,,,,
7175,શ્રીકાંતે આશા વ્યક્ત કરી હતી કે ઓગણીસો ત્યાંસી પછી અડ્યાવીસ વર્ષ બાદ આ ટીમ વર્લ્ડ કપ જીતી લાવવા સક્ષમ છે.,0,9.505,0,not_selected_by_random,,,,
7176,તે વખતે સોળ ટીમોને ચાર ચારના ગ્રુપ માં વહેંચાઈ હતી.,0,4.663,0,not_selected_by_random,,,,
7177,બહેરા થઈ ગયેલા સંગીતકાર બિથોવને એની સૌથી ઉત્તમ સિમ્ફોનીનું સર્જન કર્યું હતું.,0,7.579,0,not_selected_by_random,,,,
7178,આખરે તેઓએ તેની ખાસ બહેનપણીને આ કામ સોંપ્યું.,0,3.971,1,,gujarati_female_007178.wav,aa kh a r a ee <wb> t a ee o ee <wb> t a ee n a ii <wb> kh a aa s a <wb> b a h ee n a p a nx ii n ee <wb> aa <wb> k a aa m a <wb> s a o q p a y a u q,C1 C20 C0 C29 C0 C11 <wb> C32 C0 C11 C26 C11 <wb> C32 C0 C11 C24 C0 C16 <wb> C20 C0 C1 C30 C0 <wb> C3 C0 C15 C11 C24 C0 C28 C0 C25 C16 C24 C11 <wb> C1 <wb> C19 C0 C1 C22 C0 <wb> C30 C0 C26 C23 C28 C0 C38 C0 C36 C23,train
7179,ભીમ જેવું મજબુત શરીર હાડકાનો માળો થઈ ગયું છે.,0,4.404,0,not_selected_by_random,,,,
7180,અંદરનું તેજસ્વી સત્વ શુદ્ધ અંતઃકરણ ધીમુ ધીમુ કામ કરતું હતું.,0,6.12,0,not_selected_by_random,,,,
7181,ચાના કપમાં કંઈક સહેજ તરી રહેલું લાગે તો તરત મિજાજનો પ્યાલો ફાટે !.,0,5.804,0,not_selected_by_random,,,,
7182,શિવ-સૈનિકમાંથી કોંગ્રેસી બનેલા નારાયણ રાણે સાથે હિસાબ બરોબર કરવાની તક પણ ઝડપવી છે.,0,7.728,0,not_selected_by_random,,,,
7183,"સરકારે આરોગ્ય અને શિક્ષણ ક્ષેત્રમાંથી, હાથ ઊંચા કરી દીધા હોવાથી, હવે જનતા ઊંચો ખર્ચ કરવા માટે મજબૂર છે.",0,10.393,0,not_selected_by_random,,,,
7184,"આ વ્યક્તિએ, ક્યારેક પોતે જેના પ્રમુખ હતા તે સ્વાયત્ત અકાદમીને ઓજપાતી જોવાની આવે.",0,7.786,0,not_selected_by_random,,,,
7185,આપણા દેશમાં પાંત્રીસ વર્ષથી બેફામ વૃક્ષો કતલ થતા રહે છે.,0,5.886,0,not_selected_by_random,,,,
7186,હવે તે ઘર છોડીને બહાર નીકળે છે ત્યારે મમ્મી-પપ્પાની શિખામણો તેને અકળામણ કરાવે છે.,0,8.973,0,not_selected_by_random,,,,
7187,"હકીકતમાં સ્ત્રી ઘણી શક્તિશાળી છે, અને આને પરિણામે સ્ત્રીઓની સ્થિતિ, જાણવાનો ગંભીર અભ્યાસ શરૂ કર્યા.",0,9.588,0,not_selected_by_random,,,,
7188,વિજય મેળવતાની સાથે યોકોવિચ ખુશીથી ઝુમી ઉઠયો હતો.,0,5.994,0,not_selected_by_random,,,,
7189,"જેમ કે આ વર્ષે ઓસ્ટ્રેલિયાની ઓડિટ એજન્સી, દિલ્હી ખાતે આવેલી કેગની મુખ્ય કચેરીનો હિસાબકિતાબ જોશે.",0,9.558,0,not_selected_by_random,,,,
7190,બાકીના ચાર સો મીલીયન ડોલર ભારતીયોની વ્યક્તિગત સ્વરૂપે સચવાયેલી થાપણો છે.,0,6.904,0,not_selected_by_random,,,,
7191,કોઇ પણ બટન દબાવવાથી યુઝરને વોઇસ આઉટપુટ મળશે.,0,5.225,0,not_selected_by_random,,,,
7192,આજનો પહેલો પાઠ માઈક્રો નોમિકસ પર તેમની શ્રેણીનો હિસ્સો છે.,0,6.161,0,not_selected_by_random,,,,
7193,"કુટુંબમાં ત્રણ કે ચાર સ્ત્રીઓ હોય તો, બસો રુપિયા સહેજમાં મળી જાય છે.",0,6.804,0,not_selected_by_random,,,,
7194,"મુલેશ્વર મંદિર, તથા ક્રિષ્ણા વૃધ્ધાશ્રમમાં પણ, શિવરાત્રી નિમિત્તે શિવજીનું પૂજન અર્ચન કરી લઘુરૂદ્ર કરવામાં આવ્યુ હતું.",0,11.265,0,not_selected_by_random,,,,
7195,"સંતાનો નપુંસક બનશે, પાક ઝેરી બનશે, દીકરીઓ સગીરાવસ્થામાં પ્રવેશવાને બદલે પેરાલિસીસનો ભોગ બનશે, જેવા વિચારે તેવો ઊઠે છે.",0,12.986,0,not_selected_by_random,,,,
7196,"અદાણી પોર્ટસ એન્ડ સ્પેશિયલ ઇકોનોમિક ઝોન, એપીસેઝ કોલસા અને આયર્ન ઓરના પરિવહન માટે કામ કર્યું.",0,8.754,0,not_selected_by_random,,,,
7197,"રોકફેલર ત્રણ દાયકા સુધી, સ્ટાન્ડર્ડ ઓઈલ કંપનીના અધ્યક્ષપદે રહ્યા પછી, અઢાર સો સત્તાણું માં તેજસ્વી પ્રગતિ બાદ નિવૃત્ત થયા.",0,11.606,0,not_selected_by_random,,,,
7198,"અને છતાં માણસનો ઈતિહાસ નોંધે છે કે, બ્રુટ્સની જેમ કોઈક મિત્ર સિઝરની પીઠમાં ખંજર ભોંકે, એવું પણ બન્યું છે.",0,10.747,0,not_selected_by_random,,,,
7199,"ન્યૂટ્રોન તારાનું ઘટત્વ એટલું હોય છે કે, તેના ટાંચણીના ટોચ જેટલા દ્રવ્યનું વજન, એક હજાર ટન થાય.",0,9.151,0,not_selected_by_random,,,,
7200,"વિલિંગ્ટન ડેમનો પાયો હિંદુ રાજજ્યોતિષી શંભુપ્રસાદ જોશી પાસે, ગણેશપૂજા કરાવીને પછી નાખ્યો હતો.",0,9.953,0,not_selected_by_random,,,,
7201,"આજે ત્રણ અબજ બેઝપેરને ઉકેલવા, થર્ડ જનરેશનની સિકવન્સીંગ ટેકનોલોજી વાપરતાં, એક હજાર ડોલરનો ખર્ચ આવે.",0,10.183,0,not_selected_by_random,,,,
7202,"ભગવાન શિવ પાર્વતીનું ભજન કરી, પરભ્રહ્મ પરમાત્માને રાજા જનકની જેમ, અથવા ભક્ત નરસિંહ મહેતાની જેમ, પ્રાપ્ત કરી અવિચળ સુખ મેળવીએ.",0,13.748,0,not_selected_by_random,,,,
7203,"વ્યવસાય ચલાવનાર આપણા મુખ્ય મેનેજમેન્ટ, વિશ્વાસની કમી અને ઇમોશનલ કોશન્ટ, ઇકયુ માં, અસંતુલન સાથે ખૂબ દબાણમાં રહે છે.",0,11.925,0,not_selected_by_random,,,,
7204,રોકફેલરે ઓઈલ રિફાઈનિંગ અને માર્કેટિંગ વ્યવસાય ક્ષેત્રે અમેરિકામાં કાઠું કાઢયું.,0,7.456,0,not_selected_by_random,,,,
7205,"માંગનાથ, બિલનાથ, હાટકેશ્વર, ઇન્દ્રેશ્વર, જાગનાથ, જટાશંકર, ગુપ્તેશ્વર મહાદેવ મંદિર ખાતે હવેલી સવારથી જ ભક્તો ની મેદની જામી હતી.",0,15.514,0,not_selected_by_random,,,,
7206,"સંજ્ઞા સૂર્યનો પરિવાર ત્વષ્ઠા, પ્રભાસ, મનુ, યમરાજ, યમુના નદી, અશ્વિનકુમાર, રૈવન્ત.",0,10.548,0,not_selected_by_random,,,,
7207,"ઈશાંત શર્મા, પ્રજ્ઞાન ઓઝા, રવીન્દ્ર જાડેજા, પાર્થિવ પટેલ પણ તીવ્ર હરિફાઇ વચ્ચે સ્થાન નથી મેળવી શક્યા.",0,9.543,1,,gujarati_female_007207.wav,ii sh a aa q t a <wb> sh a r a m a aa <wb> p a r a j a nj a aa n a <wb> o jh a aa <wb> r a w a ii n a d a r a <wb> j a aa dx a ee j a aa <wb> p a aa r a th a i w a <wb> p a tx a ee l a <wb> p a nx a <wb> t a ii w a r a <wb> h a r a i ph a aa i <wb> w a c a c a ee <wb> s a th a aa n a <wb> n a th a ii <wb> m a ee lx a w a ii <wb> sh a k a y a aa,C16 C31 C0 C1 C23 C32 C0 <wb> C31 C0 C29 C0 C22 C0 C1 <wb> C28 C0 C29 C0 C17 C0 C24 C0 C1 C24 C0 <wb> C26 C18 C0 C1 <wb> C29 C0 C37 C0 C16 C24 C0 C7 C0 C29 C0 <wb> C17 C0 C1 C9 C0 C11 C17 C0 C1 <wb> C28 C0 C1 C29 C0 C33 C0 C16 C37 C0 <wb> C28 C0 C34 C0 C11 C21 C0 <wb> C28 C0 C25 C0 <wb> C32 C0 C16 C37 C0 C29 C0 <wb> C15 C0 C29 C0 C16 C12 C0 C1 C16 <wb> C37 C0 C5 C0 C5 C0 C11 <wb> C30 C0 C33 C0 C1 C24 C0 <wb> C24 C0 C33 C0 C16 <wb> C22 C0 C11 C21 C0 C37 C0 C16 <wb> C31 C0 C19 C0 C38 C0 C1,train
7208,"પસંદગી સમિતિના ચેરમેન, શ્રીકાંતે યુસુફ પઠાણ, યુવરાજ અને રૈનાને ઓલરાઉન્ડર કેટેગરીમાં ગણાવ્યા હતા.",0,10.916,0,not_selected_by_random,,,,
7209,"છેલ્લા નવાબ મહાબતખાનજીએ, દ્વારિકાધીશ, પીઠાધિશ્વર, જગતગુરૂ શંકરાચાર્યજી, અભિનવ સચ્ચિદાનંદજીને પ્રણામ કર્યા.",0,12.113,0,not_selected_by_random,,,,
7210,"તો ક્યારેક બહુ લાંબા ગાળાનો કંટાળો, માણસને ડિસ્થામિઆ જેવા એકદમ તીવ્ર ડિપ્રેશન અને તાણ તરફ પણ ધકેલી શકે છે.",0,10.635,1,,gujarati_female_007210.wav,t a o <wb> k a y a aa r a ee k a <wb> b a h a u <wb> l a aa q b a aa <wb> g a aa lx a aa n a o <wb> k a q tx a aa lx a o <wb> m a aa nx a s a n a ee <wb> dx a i s a th a aa m a i aa <wb> j a ee w a aa <wb> ee k a d a m a <wb> t a ii w a r a <wb> dx a i p a r a ee sh a n a <wb> a n a ee <wb> t a aa nx a <wb> t a r a ph a <wb> p a nx a <wb> dh a k a ee l a ii <wb> sh a k a ee <wb> ch a ee,C32 C0 C26 <wb> C19 C0 C38 C0 C1 C29 C0 C11 C19 C0 <wb> C3 C0 C15 C0 C36 <wb> C21 C0 C1 C23 C3 C0 C1 <wb> C13 C0 C1 C21 C0 C1 C24 C0 C26 <wb> C19 C0 C23 C34 C0 C1 C21 C0 C26 <wb> C22 C0 C1 C25 C0 C30 C0 C24 C0 C11 <wb> C9 C0 C16 C30 C0 C33 C0 C1 C22 C0 C16 C1 <wb> C17 C0 C11 C37 C0 C1 <wb> C11 C19 C0 C7 C0 C22 C0 <wb> C32 C0 C16 C37 C0 C29 C0 <wb> C9 C0 C16 C28 C0 C29 C0 C11 C31 C0 C24 C0 <wb> C0 C24 C0 C11 <wb> C32 C0 C1 C25 C0 <wb> C32 C0 C29 C0 C12 C0 <wb> C28 C0 C25 C0 <wb> C8 C0 C19 C0 C11 C21 C0 C16 <wb> C31 C0 C19 C0 C11 <wb> C6 C0 C11,train
7211,"જોખમી અને મોંઘી દાટ દવાઓના પ્રચાર માટે, ડોક્ટરોને લાંચ આપી હતી તથા દવાની સલામતી અને અસરકારકતા વિશે, જુઠ્ઠાણું ફેલાવ્યું હતું.",0,13.594,0,not_selected_by_random,,,,
7212,"શૈંલ્લ આ ક્ષેત્ર માટે, નેશનલ સેન્ટર ફોર એડવાન્સીંગ ટ્રાન્સપ્લેશન સાયન્સ શરુ કરી રહી છે.",0,7.523,1,,gujarati_female_007212.wav,sh a ei q l a l a <wb> aa <wb> k a sx a ee t a r a <wb> m a aa tx a ee <wb> n a ee sh a n a l a <wb> s a ee n a tx a r a <wb> ph a o r a <wb> ee dx a w a aa n a s a ii q g a <wb> tx a r a aa n a s a p a l a ee sh a n a <wb> s a aa y a n a s a <wb> sh a r a u <wb> k a r a ii <wb> r a h a ii <wb> ch a ee,C31 C0 C2 C23 C21 C0 C21 C0 <wb> C1 <wb> C19 C0 C31 C0 C11 C32 C0 C29 C0 <wb> C22 C0 C1 C34 C0 C11 <wb> C24 C0 C11 C31 C0 C24 C0 C21 C0 <wb> C30 C0 C11 C24 C0 C34 C0 C29 C0 <wb> C12 C0 C26 C29 C0 <wb> C11 C9 C0 C37 C0 C1 C24 C0 C30 C0 C16 C23 C13 C0 <wb> C34 C0 C29 C0 C1 C24 C0 C30 C0 C28 C0 C21 C0 C11 C31 C0 C24 C0 <wb> C30 C0 C1 C38 C0 C24 C0 C30 C0 <wb> C31 C0 C29 C0 C36 <wb> C19 C0 C29 C0 C16 <wb> C29 C0 C15 C0 C16 <wb> C6 C0 C11,train
7213,"લખલુંટ ધનસંપત્તિ, વર્ષોની જહેમત, તપસ્યાના સામંજસ્ય દ્વારા, આ અદભૂત સર્જન, એક ચીરંજીવ સંભારણું આપણને આપતા ગયા છે.",0,12.305,0,not_selected_by_random,,,,
7214,"ક્રિસ્ટલના વેપારી અવિનાશ પરીખ કહે છે કે, માર્કેટમાં વિવિઘ સજાવટને ઘ્યાનમાં રાખીને ક્રિસ્ટલ તૈયાર કરીને મૂકવામાં આવ્યાં છે.",0,12.513,0,not_selected_by_random,,,,
7215,"નેશનલ ટેકનોલોજી રિસર્ચ ઓર્ગેનાઈઝેશન એનટીઆરએ, જેવી સંસ્થાઓ કેગના સ્વાધીનગતિક કાર્યક્ષેત્રમાં નથી આવતી.",0,11.222,0,not_selected_by_random,,,,
7216,"આઘ્યાત્મિક જ્ઞાનભાથુ બાંધવા માટે, ધર્મને પ્રાધાન્યતા આપીને, પોઝિટીવ અભિગમ અપનાવવો જોઈએ.",0,8.359,1,,gujarati_female_007216.wav,aa gh a y a aa t a m a i k a <wb> j a nj a aa n a bh a aa th a u <wb> b a aa q dh a w a aa <wb> m a aa tx a ee <wb> dh a r a m a n a ee <wb> p a r a aa dh a aa n a y a t a aa <wb> aa p a ii n a ee <wb> p a o jh a i tx a ii w a <wb> a bh a i g a m a <wb> a p a n a aa w a w a o <wb> j a o ii ee,C1 C14 C0 C38 C0 C1 C32 C0 C22 C0 C16 C19 C0 <wb> C17 C0 C24 C0 C1 C24 C0 C4 C0 C1 C33 C0 C36 <wb> C3 C0 C1 C23 C8 C0 C37 C0 C1 <wb> C22 C0 C1 C34 C0 C11 <wb> C8 C0 C29 C0 C22 C0 C24 C0 C11 <wb> C28 C0 C29 C0 C1 C8 C0 C1 C24 C0 C38 C0 C32 C0 C1 <wb> C1 C28 C0 C16 C24 C0 C11 <wb> C28 C0 C26 C18 C0 C16 C34 C0 C16 C37 C0 <wb> C0 C4 C0 C16 C13 C0 C22 C0 <wb> C0 C28 C0 C24 C0 C1 C37 C0 C37 C0 C26 <wb> C17 C0 C26 C16 C11,train
7217,"ગૂપચૂપ બે થી ત્રણ હેલીકોપ્ટરો દ્વારા, ઉતરાણ કરી મિનિટોમાં જ ઓસામા બિન લાદેન જેવાં, મોસ્ટ વોન્ટેડ આતંકવાદીને પકડી લીધો.",0,11.228,0,not_selected_by_random,,,,
7218,"ફુકૂશીમાની ઘટના બાદ દુનિયાના અન્ય દેશોની જેમ, ફ્રાંસ સુધ્ધાં પોતાના તમામ અણુઊર્જા મથકોનો, સ્ટ્રેસ ટેસ્ટ કરી રહ્યું છે.",0,11.481,0,not_selected_by_random,,,,
7219,"નેશનલ ઈન્સ્ટિટયૂટ ઓફ હેલ્થનાં જેમ્સ વિંગાર્ડને, આંતરરાષ્ટ્રીય સહયોગ મેળવવાનું શરૂ કર્યું.",0,8.283,0,not_selected_by_random,,,,
7220,"પાતળા બાંધાનું લાંબી પૂંછડીવાળું, ઘેરા રાખોડી રંગનું સ્ફૂર્તિલું પંખી એટલે ફડક ફુત્કી.",0,9.236,0,not_selected_by_random,,,,
7221,"ઈંદ્રિય અને દેહને લૌકિક કાર્યાદિમાંથી ખેંચી લઈ, ભગવત સેવામાં પ્રયોજવા નેત્રનો મુખ્ય ધર્મ પ્રભુના દર્શન કરવાનો છે.",0,10.983,1,,gujarati_female_007221.wav,ii q d a r a i y a <wb> a n a ee <wb> d a ee h a n a ee <wb> l a ou k a i k a <wb> k a aa r a y a aa d a i m a aa q th a ii <wb> kh a ee q c a ii <wb> l a ii <wb> bh a g a w a t a <wb> s a ee w a aa m a aa q <wb> p a r a y a o j a w a aa <wb> n a ee t a r a n a o <wb> m a u kh a y a <wb> dh a r a m a <wb> p a r a bh a u n a aa <wb> d a r a sh a n a <wb> k a r a w a aa n a o <wb> ch a ee,C16 C23 C7 C0 C29 C0 C16 C38 C0 <wb> C0 C24 C0 C11 <wb> C7 C0 C11 C15 C0 C24 C0 C11 <wb> C21 C0 C27 C19 C0 C16 C19 C0 <wb> C19 C0 C1 C29 C0 C38 C0 C1 C7 C0 C16 C22 C0 C1 C23 C33 C0 C16 <wb> C20 C0 C11 C23 C5 C0 C16 <wb> C21 C0 C16 <wb> C4 C0 C13 C0 C37 C0 C32 C0 <wb> C30 C0 C11 C37 C0 C1 C22 C0 C1 C23 <wb> C28 C0 C29 C0 C38 C0 C26 C17 C0 C37 C0 C1 <wb> C24 C0 C11 C32 C0 C29 C0 C24 C0 C26 <wb> C22 C0 C36 C20 C0 C38 C0 <wb> C8 C0 C29 C0 C22 C0 <wb> C28 C0 C29 C0 C4 C0 C36 C24 C0 C1 <wb> C7 C0 C29 C0 C31 C0 C24 C0 <wb> C19 C0 C29 C0 C37 C0 C1 C24 C0 C26 <wb> C6 C0 C11,train
7222,"દેવગનના જણાવ્યા પ્રમાણે અંશતઃ કે સંપુર્ણ સૂર્યગ્રહણ નરી આંખે દેખવાથી, સૂર્યના રેડિએશનની આંખ પર ઘાતક અસર થઈ શકે છે.",0,12.395,0,not_selected_by_random,,,,
7223,"કૌટુંબિક મેળાવડા અને મિત્રો સાથેની ગપ્પાંગોષ્ઠિનું પણ, લાઇવ વિડીયો સ્ટ્રીમિંગ થઇ શકે છે.",0,8.178,0,not_selected_by_random,,,,
7224,"દૂધ, ઇંડા, માંસ, શીંગદાણા, કોપરું, શેરડી તથા બીન ખાદ્ય પદાર્થમાં કપાસ, શણ વગેરેના ભાવો વધ્યા.",0,11.799,0,not_selected_by_random,,,,
7225,"ડિસેમ્બર બે હજાર અગિયાર માં, એક સ્પેસ પ્રોબ મંગળનાં ચંદર ફોળોસ તરફ જઈને, ત્રણ વર્ષ પછી પૃથ્વી પર પાછો ફરવાનો છે.",0,11.138,0,not_selected_by_random,,,,
7226,"કાર ડિઝાઈનનાં કોન્સેપ્ટમાં, સાત દાયકામાં કેવાં ફેરફારો થયાં છે, તેનું તે જીવતું જાગતું ઉદાહરણ છે.",0,9.488,0,not_selected_by_random,,,,
7227,"થોડા વર્ષો પછી, અઢાર છ ઓગણીસો અઢાર ના રોજ, અનેક બૌદ્ધિકોની હાજરીમાં શ્રીમતી હેરીસની મઘ્યસ્થી મિડિયમશીપ હેઠળ ચર્ચા થઇ.",0,13.105,0,not_selected_by_random,,,,
7228,"સેહવાગે જોકે વર્લ્ડકપની સૌપ્રથમ મેચમાં, સદી ફટકારતા સૌથી વધુ રનનો ન્યુઝીલેન્ડના ગ્લેન ટર્નરનો રેકોર્ડ તોડયો હતો.",0,11.514,0,not_selected_by_random,,,,
7229,"પ્રવાહી અને જેલ કાર્બોહાઈડ્રેટ, પહેલી પંદર મિનિટમાં, વ્યાયામમાં ગ્લુકોઝ માત્રામાં, ઝડપથી થોડી વધારે થાય છે.",0,10.487,0,not_selected_by_random,,,,
7230,"લાલ ચોખા, શાકભાજી, આખા ઓટ્સ, ઘઉં, જવ, કાંદા, મૂળો, મરી, બ્રોકોલી, ગાજર, કોબીજ, ટમેટાં વગેરેમાં જરૂરી પોષક તત્વો હોય છે.",0,16.85,0,not_selected_by_random,,,,
7231,"કસ્તુરીરંગનના વડપણ નીચે, પ્રોગ્રામ રીવ્યૂ અને સ્ટ્રેટેજી કમીટી કાર્યક્રમની, ફેર વિચારણા અને વ્યૂહરચના માટેની સમિતિ રચી છે.",0,13.455,0,not_selected_by_random,,,,
7232,"મહાદેવ પ્રસન્ન થઇ કાળુ વસ્ત્ર, કાળી પાઘડી, યજ્ઞોપવિતનું બંધન પ્રકૃતિનું તમોગુણનું તેજ ધારણ કર્યું.",0,10.492,0,not_selected_by_random,,,,
7233,"બ્રાઝિલમાં માગમાં વધારો, તેમજ મર્યાદીત ઉત્પાદનને પગલે આંતરાષ્ટ્રીય બજારમાં પણ, ખાંડ વાયદામાં તેજી જોવા મળી હતી.",0,11.755,0,not_selected_by_random,,,,
7234,"પિતાજીએ પ્રહલ્લાદજીને ભગવત્સમરણ તથા ભજનાદિકનો ત્યાગ કરવા, બહુ પ્રકારે સમજાવવા છતાં, તેમણે ભગવત સ્મરણાદિકનો ત્યાગ કર્યો નહિ.",0,12.353,1,,gujarati_female_007234.wav,p a i t a aa j a ii ee <wb> p a r a h a l a l a aa d a j a ii n a ee <wb> bh a g a w a t a s a m a r a nx a <wb> t a th a aa <wb> bh a j a n a aa d a i k a n a o <wb> t a y a aa g a <wb> k a r a w a aa <wb> b a h a u <wb> p a r a k a aa r a ee <wb> s a m a j a aa w a w a aa <wb> ch a t a aa q <wb> t a ee m a nx a ee <wb> bh a g a w a t a <wb> s a m a r a nx a aa d a i k a n a o <wb> t a y a aa g a <wb> k a r a y a o <wb> n a h a i,C28 C0 C16 C32 C0 C1 C17 C0 C16 C11 <wb> C28 C0 C29 C0 C15 C0 C21 C0 C21 C0 C1 C7 C0 C17 C0 C16 C24 C0 C11 <wb> C4 C0 C13 C0 C37 C0 C32 C0 C30 C0 C22 C0 C29 C0 C25 C0 <wb> C32 C0 C33 C0 C1 <wb> C4 C0 C17 C0 C24 C0 C1 C7 C0 C16 C19 C0 C24 C0 C26 <wb> C32 C0 C38 C0 C1 C13 C0 <wb> C19 C0 C29 C0 C37 C0 C1 <wb> C3 C0 C15 C0 C36 <wb> C28 C0 C29 C0 C19 C0 C1 C29 C0 C11 <wb> C30 C0 C22 C0 C17 C0 C1 C37 C0 C37 C0 C1 <wb> C6 C0 C32 C0 C1 C23 <wb> C32 C0 C11 C22 C0 C25 C0 C11 <wb> C4 C0 C13 C0 C37 C0 C32 C0 <wb> C30 C0 C22 C0 C29 C0 C25 C0 C1 C7 C0 C16 C19 C0 C24 C0 C26 <wb> C32 C0 C38 C0 C1 C13 C0 <wb> C19 C0 C29 C0 C38 C0 C26 <wb> C24 C0 C15 C0 C16,train
7235,"તેમણે કહ્યું કે, ઓગણીસો ત્યાસી ના વર્લ્ડ કપમાં, કપિલ દેવે જ્યારે ઝિમ્બાબ્વે સામેની મેચમાં, અણનમ એક સો પંચોતેર રનની ઇનિંગ ફટકારી, ત્યાર બાદની આ શ્રેષ્ઠ ઇનિંગ છે.",0,16.37,0,not_selected_by_random,,,,
7236,"સારી અને શ્રેષ્ઠ, ગૂડ અને એકસ્ટ્રા ઓર્ડીનરી વચ્ચેની પાતળી ભેદરેખા સમજાવવા માંગુ છું.",0,9.038,0,not_selected_by_random,,,,
7237,"જો વૈષ્ણવ પોતાના હૃદયમાં, શ્રી કૃષ્ણ શરણં મમ્ એવી ભાવના નિરંતર રાખે, તો શ્રીકૃષ્ણ જે પરમકૃપાળુ છે તે કૃપા કરશે જ.",0,12.099,0,not_selected_by_random,,,,
7238,"જો કર્ણ ભીષ્મ પિતામહના નેતૃત્વ હેઠળ લડ્યો હોત, તો મહાભારતના યુદ્ધનો અંત કદાચ, જુદી રીતે પણ આવ્યો હોત.",0,9.778,0,not_selected_by_random,,,,
7239,"આપણી પાસે તો મકાન બાંધવા સિવિલ એન્જિનિયર્સ, આર્કિટેકચર્સ, કડિયા, કોન્ટ્રાક્ટર આ બધાની મોટી ફોજ છે.",0,9.896,0,not_selected_by_random,,,,
7240,"સ્વતંત્ર ફિલ્મવિતરક સુનિલ વાધવાના જણાવ્યા મુજબ, વર્ષ બે હજાર દસ ની એક સો બે ફિલ્મનો કુલ વકરો, ચૌદ સો ને એક કરોડ રહ્યો છે.",0,13.576,0,not_selected_by_random,,,,
7241,"કાશ્મીર નામ સંભળાય એટલે, સ્વાભાવિક રીતે એકે સુડતાલીસ કે એકે છપ્પન લટકાઈને ફરતા, ત્રાસવાદીઓ કે આર્મીના ઝૂંડનો સ્વાભાવિક આભાસ થાય.",0,14.338,0,not_selected_by_random,,,,
7242,"રાહુલ દ્રવિડે જે સોળ વર્ષ ભારતની ટીમ માટે રમ્યો, તેમાં તેના મુખ્ય સિદ્ધાંતો હતા, ટીમ માટે રમવું અને બધું કરી છુટવુ.",0,11.593,0,not_selected_by_random,,,,
7243,"યોકોવિચ બીજી વખત ઓસ્ટ્રેલિયન ઓપન ચેમ્પિયન, મરે કારકિર્દીની ત્રીજી ગ્રાન્ડ સ્લેમમાં પણ ટાઇટલથી વંચિત.",0,9.843,0,not_selected_by_random,,,,
7244,"સબમરીનના મધ્યથી સહેજ આગળના ભાગે, ઓફિસરો અને સેઈલરનું અત્યંત સાંકડુ રહેઠાણ હોય છે.",0,9.614,0,not_selected_by_random,,,,
7245,"પરંતુ આ એવો સમયનો ગાળો હતો, જ્યારે છીછરા હૂંફાળા, ઉષ્ણકટિબંધના પાણીમાં યુરોપ દ્વિપસમૂહ હતો.",0,9.683,1,,gujarati_female_007245.wav,p a r a q t a u <wb> aa <wb> ee w a o <wb> s a m a y a n a o <wb> g a aa lx a o <wb> h a t a o <wb> j a y a aa r a ee <wb> ch a ii ch a r a aa <wb> h a uu q ph a aa lx a aa <wb> u sx a nx a k a tx a i b a q dh a n a aa <wb> p a aa nx a ii m a aa q <wb> y a u r a o p a <wb> d a w a i p a s a m a uu h a <wb> h a t a o,C28 C0 C29 C0 C23 C32 C0 C36 <wb> C1 <wb> C11 C37 C0 C26 <wb> C30 C0 C22 C0 C38 C0 C24 C0 C26 <wb> C13 C0 C1 C21 C0 C26 <wb> C15 C0 C32 C0 C26 <wb> C17 C0 C38 C0 C1 C29 C0 C11 <wb> C6 C0 C16 C6 C0 C29 C0 C1 <wb> C15 C0 C36 C23 C12 C0 C1 C21 C0 C1 <wb> C36 C31 C0 C25 C0 C19 C0 C34 C0 C16 C3 C0 C23 C8 C0 C24 C0 C1 <wb> C28 C0 C1 C25 C0 C16 C22 C0 C1 C23 <wb> C38 C0 C36 C29 C0 C26 C28 C0 <wb> C7 C0 C37 C0 C16 C28 C0 C30 C0 C22 C0 C36 C15 C0 <wb> C15 C0 C32 C0 C26,train
7246,"બે આંખની શરમ ખૂટી પડે ત્યારે, કોક શાહજહાં આગ્રાના કિલ્લામાં બંદીવાન બનીને, દૂર દેખાતા તાજમહેલને આંસુ સારતો જોયા કરે છે.",0,13.08,0,not_selected_by_random,,,,
7247,"યુવા સ્પિનર હેસ્ટિંગ્સે, કોહલીને એકવીસ રને, ડેવિડ હસીના હાથે કેચ આઉટ કરાવ્યો હતો.",0,8.298,0,not_selected_by_random,,,,
7248,"તેઓ મેટ્રો રેલના બેઝ સ્ટેશનો સ્થાપવા માટે, અમદાવાદ અને ગાંધીનગર જિલ્લા કલેક્ટરો પાસે જમીનની માગણી કરી છે.",0,11.159,0,not_selected_by_random,,,,
7249,"ગોલમાલ ની સિરીઝ સફળ ગયા બાદ, ફિલ્મ બોલ બચ્ચન ને માર્કેટમાં લાવનાર નિર્દેશક, રોહિત શેટ્ટીએ જણાવી દીધુ.",0,10.336,0,not_selected_by_random,,,,
7250,"નોકરિયાતોનાં ઊજળાં ને નવાં કપડાં, ઘેર રહેનારાં કુતૂહલથી જોઈ રહે, કોક ભાવ પૂછે.",0,7.43,1,,gujarati_female_007250.wav,n a o k a r a i y a aa t a o n a aa q <wb> uu j a lx a aa q <wb> n a ee <wb> n a w a aa q <wb> k a p a dx a aa q <wb> gh a ee r a <wb> r a h a ee n a aa r a aa q <wb> k a u t a uu h a l a th a ii <wb> j a o ii <wb> r a h a ee <wb> k a o k a <wb> bh a aa w a <wb> p a uu ch a ee,C24 C0 C26 C19 C0 C29 C0 C16 C38 C0 C1 C32 C0 C26 C24 C0 C1 C23 <wb> C36 C17 C0 C21 C0 C1 C23 <wb> C24 C0 C11 <wb> C24 C0 C37 C0 C1 C23 <wb> C19 C0 C28 C0 C9 C0 C1 C23 <wb> C14 C0 C11 C29 C0 <wb> C29 C0 C15 C0 C11 C24 C0 C1 C29 C0 C1 C23 <wb> C19 C0 C36 C32 C0 C36 C15 C0 C21 C0 C33 C0 C16 <wb> C17 C0 C26 C16 <wb> C29 C0 C15 C0 C11 <wb> C19 C0 C26 C19 C0 <wb> C4 C0 C1 C37 C0 <wb> C28 C0 C36 C6 C0 C11,train
7251,"મરેએ તેની પ્રથમ બે ગેમમાં, પાંચ અનફોર્સ્ડ એરર કરતાં, સર્બિયન સ્ટાર યોકોવિચે, બીજા સેટ પર પોતાની પકડ મજબુત કરી હતી.",0,12.048,0,not_selected_by_random,,,,
7252,"કોલકાતાની ટીમ ચેમ્પિયન બની, એ સાથે જ શાહરુખ ખાન ઉપર ટ્વિટરમાં બોલિવૂડની અભિનંદનવર્ષા શરુ થઇ ગઇ હતી.",0,10.174,0,not_selected_by_random,,,,
7253,"જવાબમાં બાંગ્લાદેશે, ભારત માટે થોડુ ટેન્શન સર્જતા, સન્માનજનક બસ્સો ત્યાંશી રન નવ વિકેટે પચ્ચાસ ઓવરોમાં નોંધાવ્યા હતા.",0,12.281,0,not_selected_by_random,,,,
7254,"તેમાં તીક્ષ્ણ દાંતવાળા જડબાં, ત્રણ આંગળીવાળા પંજા, અને લાંબુ અસ્થિવાળું પૂછડું સામેલ છે.",0,8.569,0,not_selected_by_random,,,,
7255,"એક એંજીનની મદદથી એ એટલો ઝડપથી ફરે છે કે, પાણીમાં ડૂબેલી આ અણુ સબ મરીન ત્રીસ ચોત્રીસ નોટિકલ માઈલની સ્પીડે ભાગી શકે છે.",0,13.453,0,not_selected_by_random,,,,
7256,તેમનું અસ્તિત્ત્વ જેમ્સ હિગ્સ અને સત્યેન્દ્રનાથ બોઝ સહિતના કેટલાક સંશોધકોની થિયરી પૂરતું સીમિત હતું.,0,10.574,0,not_selected_by_random,,,,
7257,"અમેરિકા બે હઝાર પચ્ચાસ સુધીમાં ત્રીસ હઝાર ચોરસમીટર વેરાન જમીન પર, ફોટોવોલ્ટેક ફાર્મ સ્થાપિત કરવા માંગે છે.",0,11.02,0,not_selected_by_random,,,,
7258,"યજૂરવેદના મંત્રોમાં લખ્યા પ્રમાણે, શંકરને ત્રિશુળ, વિષ્ણુને સુદર્શન, બ્રમહાજી ને ખડગ દૈત્યોના સંહાર માટે મળેલ છે.",0,11.804,0,not_selected_by_random,,,,
7259,"અને અત્યારે તેઓ, બ્રાઝીલમાં રિઓડીજાનેરો, ખાતે આવેલી જીયોથર્મલ લેબોરેટરી ઓફ ધી નેશનલ ઓબ્ઝર્વેટરીના વડા છે.",0,10.915,0,not_selected_by_random,,,,
7260,"ઓસ્ટ્રેલિયન ઓપનમાં જબરદસ્ત દેખાવ સાથે, ફાઇનલમાં પ્રવેશેલા યોકોવિચને, મરે સામે વિજય મેળવવામાં ખાસ સંઘર્ષ કરવો પડયો નહતો.",0,12.551,0,not_selected_by_random,,,,
7261,"ઓગણીસો એક્કોતેર માં, ઓસ્ટ્રેલિયા અને ઈંગ્લેન્ડ વચ્ચેની મેલબોર્ન ક્રિકેટ ગ્રાઉન્ડ ખાતેની ત્રીજી એશિઝ ટેસ્ટ, વરસાદના કારણે રદ થઇ હતી.",0,12.516,1,,gujarati_female_007261.wav,o g a nx a ii s a o <wb> ee k a k a o t a ee r a <wb> m a aa q <wb> o s a tx a r a ee l a i y a aa <wb> a n a ee <wb> ii q g a l a ee n a dx a <wb> w a c a c a ee n a ii <wb> m a ee l a b a o r a n a <wb> k a r a i k a ee tx a <wb> g a r a aa u n a dx a <wb> kh a aa t a ee n a ii <wb> t a r a ii j a ii <wb> ee sh a i jh a <wb> tx a ee s a tx a <wb> w a r a s a aa d a n a aa <wb> k a aa r a nx a ee <wb> r a d a <wb> th a i <wb> h a t a ii,C26 C13 C0 C25 C0 C16 C30 C0 C26 <wb> C11 C19 C0 C19 C0 C26 C32 C0 C11 C29 C0 <wb> C22 C0 C1 C23 <wb> C26 C30 C0 C34 C0 C29 C0 C11 C21 C0 C16 C38 C0 C1 <wb> C0 C24 C0 C11 <wb> C16 C23 C13 C0 C21 C0 C11 C24 C0 C9 C0 <wb> C37 C0 C5 C0 C5 C0 C11 C24 C0 C16 <wb> C22 C0 C11 C21 C0 C3 C0 C26 C29 C0 C24 C0 <wb> C19 C0 C29 C0 C16 C19 C0 C11 C34 C0 <wb> C13 C0 C29 C0 C1 C36 C24 C0 C9 C0 <wb> C20 C0 C1 C32 C0 C11 C24 C0 C16 <wb> C32 C0 C29 C0 C16 C17 C0 C16 <wb> C11 C31 C0 C16 C18 C0 <wb> C34 C0 C11 C30 C0 C34 C0 <wb> C37 C0 C29 C0 C30 C0 C1 C7 C0 C24 C0 C1 <wb> C19 C0 C1 C29 C0 C25 C0 C11 <wb> C29 C0 C7 C0 <wb> C33 C0 C16 <wb> C15 C0 C32 C0 C16,train
7262,"બેળગુંદીના અમારા ખેતરમાં ઊમરાના ઝાડ તળે, બપોરની છાયામાં બેઠો હોઉં, ત્યારે માર્કંડીનો મંદ પવન જરૂર બોલાવવાનો.",0,12.039,0,not_selected_by_random,,,,
7263,"તેની પાછળ આધુનિક કૃષિવિજ્ઞાન, શીત પ્રૌદ્યોગિકી રેફ્રીજરેશન, અને વૈશ્વિકરણ મુખ્ય પરિબળ છે.",0,9.06,0,not_selected_by_random,,,,
7264,"આ સાથે તેમણે ફ્લોપી ડિસ્ક, કોમ્પેક્ટ ડિસ્ક કે કાળા રંગની સ્લાઈડ ફિલ્મ દ્વારા પણ, ગ્રહણ નહિ જોવાની સલાહ આપી છે.",0,10.31,1,,gujarati_female_007264.wav,aa <wb> s a aa th a ee <wb> t a ee m a nx a ee <wb> ph a l a o p a ii <wb> dx a i s a k a <wb> k a o m a p a ee k a tx a <wb> dx a i s a k a <wb> k a ee <wb> k a aa lx a aa <wb> r a q g a n a ii <wb> s a l a aa ii dx a <wb> ph a i l a m a <wb> d a w a aa r a aa <wb> p a nx a <wb> g a r a h a nx a <wb> n a h a i <wb> j a o w a aa n a ii <wb> s a l a aa h a <wb> aa p a ii <wb> ch a ee,C1 <wb> C30 C0 C1 C33 C0 C11 <wb> C32 C0 C11 C22 C0 C25 C0 C11 <wb> C12 C0 C21 C0 C26 C28 C0 C16 <wb> C9 C0 C16 C30 C0 C19 C0 <wb> C19 C0 C26 C22 C0 C28 C0 C11 C19 C0 C34 C0 <wb> C9 C0 C16 C30 C0 C19 C0 <wb> C19 C0 C11 <wb> C19 C0 C1 C21 C0 C1 <wb> C29 C0 C23 C13 C0 C24 C0 C16 <wb> C30 C0 C21 C0 C1 C16 C9 C0 <wb> C12 C0 C16 C21 C0 C22 C0 <wb> C7 C0 C37 C0 C1 C29 C0 C1 <wb> C28 C0 C25 C0 <wb> C13 C0 C29 C0 C15 C0 C25 C0 <wb> C24 C0 C15 C0 C16 <wb> C17 C0 C26 C37 C0 C1 C24 C0 C16 <wb> C30 C0 C21 C0 C1 C15 C0 <wb> C1 C28 C0 C16 <wb> C6 C0 C11,val
7265,"મુલ્લાંને ભોંય ભેગા થયેલા જોઈ એ બોલી, હેં, ભેંશે શિંગડું માર્યું ? તમને વાગ્યું ?.",0,7.369,0,not_selected_by_random,,,,
7266,"પરીયેટન સ્થાનથી થોડાક માઇલના અંતરે, દેલવાડાનાં દહેરા નામે જગ મશહુર તિર્થધામ આવેલું છે.",0,9.504,0,not_selected_by_random,,,,
7267,"પ્રજ્ઞાચક્ષઉ જતીન શાહ સહિત, આઠ વ્યક્તિઓએ સખત પરિશ્રમ દ્વારા ટોકિંગ પ્રો મોડેલ બનાવ્યું છે.",0,9.025,0,not_selected_by_random,,,,
7268,"વોલમાર્ટ ગુણવત્તા બાબતે ખૂબ સતર્ક છે, સાથે સાથે પોતાની વ્યવસાયિક ગતિવિધિયોને પણ સાફ રાખવા માગે છે.",0,10.0,0,not_selected_by_random,,,,
7269,"બીજે કે ત્રીજે વર્ષે તેમને વિશાખાપટ્ટનમ ખાતેના આઈએનએસ વિઝાગ, નામની ટ્રેનિંગ સ્કૂલમાં કેમ્પ પર જવાની તક મળે છે.",0,12.346,0,not_selected_by_random,,,,
7270,"આખરે વૈજ્ઞાનિકો પૃથ્વી પર, એક્સટ્રીમ કંડીશન માં ટકી જાય તેવાં માઈક્રો ઓર્ગેનિઝમ પર સંશોધન કરી શું મેળવવા માગે છે?.",0,11.273,0,not_selected_by_random,,,,
7271,"પોકેમોન અને બેનટેન જેવી જાપનીઝ કાર્ટૂન ફિલ્મો પર ત્યાંની સરકારોએ પણ, ચીનની જેમ પ્રતિબંધ લાગૂ પાડ્યો છે.",0,11.204,0,not_selected_by_random,,,,
7272,"રોહિત શર્મા અને શ્રીસંતની આશ્ચર્યજનક બાદબાકી, ટીમમાં આઠ બેટસમેનો, ચાર ફાસ્ટરો અને ત્રણ સ્પિનરો.",0,10.263,1,,gujarati_female_007272.wav,r a o h a i t a <wb> sh a r a m a aa <wb> a n a ee <wb> sh a r a ii s a q t a n a ii <wb> aa sh a c a r a y a j a n a k a <wb> b a aa d a b a aa k a ii <wb> tx a ii m a m a aa q <wb> aa txh a <wb> b a ee tx a s a m a ee n a o <wb> c a aa r a <wb> ph a aa s a tx a r a o <wb> a n a ee <wb> t a r a nx a <wb> s a p a i n a r a o,C29 C0 C26 C15 C0 C16 C32 C0 <wb> C31 C0 C29 C0 C22 C0 C1 <wb> C0 C24 C0 C11 <wb> C31 C0 C29 C0 C16 C30 C0 C23 C32 C0 C24 C0 C16 <wb> C1 C31 C0 C5 C0 C29 C0 C38 C0 C17 C0 C24 C0 C19 C0 <wb> C3 C0 C1 C7 C0 C3 C0 C1 C19 C0 C16 <wb> C34 C0 C16 C22 C0 C22 C0 C1 C23 <wb> C1 C35 C0 <wb> C3 C0 C11 C34 C0 C30 C0 C22 C0 C11 C24 C0 C26 <wb> C5 C0 C1 C29 C0 <wb> C12 C0 C1 C30 C0 C34 C0 C29 C0 C26 <wb> C0 C24 C0 C11 <wb> C32 C0 C29 C0 C25 C0 <wb> C30 C0 C28 C0 C16 C24 C0 C29 C0 C26,train
7273,"એમ તો અભિષેક બચ્ચન અને કંગના રણાવતના ફિલ્મ, ગેમની કિંમત ચાલીસ કરોડ રુપિયા અંકાઈ છે.",0,8.847,0,not_selected_by_random,,,,
7274,"ક્રાઈમ ઍન્ડ પનિશમેન્ટ, અને બ્રધર્સ કેરેમેઝોવ જેવી મહાન નવલકથાઓ લખનારા, આ રશિયન સર્જકે સ્ટેનોગ્રાફર તરીકે, ફરજ બજાવનારી યુવતી સાથે લગ્ન કર્યાં.",0,14.869,0,not_selected_by_random,,,,
7275,"અને નેગેટીવ વિદ્યુત ધરાવતાં ઇલેકટ્રોન, તેના જેટલી પોઝીટીવ વિદ્યુત ધરાવતાં પ્રોટોનમાં ઘૂસી જાય છે, અને ન્યૂટ્રોનમાં પરિણમે છે.",0,12.058,0,not_selected_by_random,,,,
7276,"હૃતિક રોશન અભિનિત, ઝોયા અખ્તરની ફિલ્મ, જીંદગીના મિલે દોબારા અને હૃતિકની જ કરણ મલહોત્રા દિગ્દર્શીત, અગ્નિપથ સફળ રહી છે.",0,12.562,0,not_selected_by_random,,,,
7277,"ઉત્પાદકીય ચીજવસ્તુવોની શ્રેણીમાં, સુતરાઉ કાપડ, રબર, પ્લાસ્ટિક પ્રોડક્ટ્સ, લોખંડ અને મશીનરી વાર્ષિક ધોરણે સસ્તાં થયાં છે.",0,12.756,0,not_selected_by_random,,,,
7278,"સાઠની સ્પીડે હુમલો કરી શકે એવી, આ આણ્વીક સબમરીન એંશી મેગાવોટનું એંજીન ધરાવે છે.",0,8.707,1,,gujarati_female_007278.wav,s a aa txh a n a ii <wb> s a p a ii dx a ee <wb> h a u m a l a o <wb> k a r a ii <wb> sh a k a ee <wb> ee w a ii <wb> aa <wb> aa nx a w a ii k a <wb> s a b a m a r a ii n a <wb> ee q sh a ii <wb> m a ee g a aa w a o tx a n a u q <wb> ee q j a ii n a <wb> dh a r a aa w a ee <wb> ch a ee,C30 C0 C1 C35 C0 C24 C0 C16 <wb> C30 C0 C28 C0 C16 C9 C0 C11 <wb> C15 C0 C36 C22 C0 C21 C0 C26 <wb> C19 C0 C29 C0 C16 <wb> C31 C0 C19 C0 C11 <wb> C11 C37 C0 C16 <wb> C1 <wb> C1 C25 C0 C37 C0 C16 C19 C0 <wb> C30 C0 C3 C0 C22 C0 C29 C0 C16 C24 C0 <wb> C11 C23 C31 C0 C16 <wb> C22 C0 C11 C13 C0 C1 C37 C0 C26 C34 C0 C24 C0 C36 C23 <wb> C11 C23 C17 C0 C16 C24 C0 <wb> C8 C0 C29 C0 C1 C37 C0 C11 <wb> C6 C0 C11,train
7279,"નજરના માધ્યમથી જે કંઈ હૃદયસ્થ થાય, એ અનુભૂતિ વિગલન પામીને, ભાષાના માધ્યમ દ્વારા બહાર આવે, તે અભિવ્યક્તિમાં વિસ્મય નથી ?.",0,13.038,0,not_selected_by_random,,,,
7280,હજી આજેય મોસાળના એ ગામની સવાર બપોર સાંજ રાતની અલગ અલગ ગંધાનુભૂતિ મારું મન તંતોતંત સૂંધી શકે છે.,0,11.981,1,,gujarati_female_007280.wav,h a j a ii <wb> aa j a ee y a <wb> m a o s a aa lx a n a aa <wb> ee <wb> g a aa m a n a ii <wb> s a w a aa r a <wb> b a p a o r a <wb> s a aa q j a <wb> r a aa t a n a ii <wb> a l a g a <wb> a l a g a <wb> g a q dh a aa n a u bh a uu t a i <wb> m a aa r a u q <wb> m a n a <wb> t a q t a o t a q t a <wb> s a uu q dh a ii <wb> sh a k a ee <wb> ch a ee,C15 C0 C17 C0 C16 <wb> C1 C17 C0 C11 C38 C0 <wb> C22 C0 C26 C30 C0 C1 C21 C0 C24 C0 C1 <wb> C11 <wb> C13 C0 C1 C22 C0 C24 C0 C16 <wb> C30 C0 C37 C0 C1 C29 C0 <wb> C3 C0 C28 C0 C26 C29 C0 <wb> C30 C0 C1 C23 C17 C0 <wb> C29 C0 C1 C32 C0 C24 C0 C16 <wb> C0 C21 C0 C13 C0 <wb> C0 C21 C0 C13 C0 <wb> C13 C0 C23 C8 C0 C1 C24 C0 C36 C4 C0 C36 C32 C0 C16 <wb> C22 C0 C1 C29 C0 C36 C23 <wb> C22 C0 C24 C0 <wb> C32 C0 C23 C32 C0 C26 C32 C0 C23 C32 C0 <wb> C30 C0 C36 C23 C8 C0 C16 <wb> C31 C0 C19 C0 C11 <wb> C6 C0 C11,train
7281,"સેક્રેટરી તરીકે, ખરું કહીએ તો સ્ટેનોગ્રાફર તરીકે, ફરજ બજાવનારી આ યુવતીના પ્રેમમાં પડીને પછી તેની સાથે લગ્ન કર્યાં.",0,10.837,0,not_selected_by_random,,,,
7282,"ભારતના અનેક સોફટવેર ઈજનેરો, કોમ્પ્યુટર ક્ષેત્રે અથાગ પ્રયત્ન કરી, નાની નાની ચિપ્સ અને રોમાંચક સોફટવેર તૈયાર કરી રહ્યા છે.",0,11.98,0,not_selected_by_random,,,,
7283,"જેમ વિશ્વમાનવતામાં રોપાયેલી સ્વતંત્રતા માટેનો, પ્રાગતિક ઉન્મેષ આપણું ધ્યાન ખેંચે છે.",0,8.865,0,not_selected_by_random,,,,
7284,ઈંગ્લેન્ડના બેટ્સમેન પીટરસને વર્લ્ડ કપના કાર્યક્રમને બિન જરૃરી લાંબો અને કંટાળાજનક ગણાવ્યો છે.,0,9.828,0,not_selected_by_random,,,,
7285,"અને તેમને સીતામાતાની ભાળ મેળવવા માટે, હનુમાનજી, સુગ્રીવ, નલ, નીલ, અંગદ જેવા વાનરો તથા તેમની વાનર સેનાની મદદ લેવી પડી હતી.",0,14.173,0,not_selected_by_random,,,,
7286,"તે પૈકી એંશી ટકા સ્રોત ઉદ્યોગો દ્વારા, ઠાલવવામાં આવતા કચરાને કારણે, અને ગટરનું ગંદું પાણી ભળવાને કારણે, પ્રદૂષિત થઈ ગયાં છે.",0,13.005,0,not_selected_by_random,,,,
7287,"શ્રી વિશ્વકર્માનાં વંશજો, બ્રહ્મકૂલોત્પન્ન કહેવાય છે, તેથી વૈદિક કામમાં તથા શિલ્પ વિદ્યામાં તેઓ નિપુણ છે.",0,9.799,1,,gujarati_female_007287.wav,sh a r a ii <wb> w a i sh a w a k a r a m a aa n a aa q <wb> w a q sh a j a o <wb> b a r a h a m a k a uu l a o t a p a n a n a <wb> k a h a ee w a aa y a <wb> ch a ee <wb> t a ee th a ii <wb> w a ei d a i k a <wb> k a aa m a m a aa q <wb> t a th a aa <wb> sh a i l a p a <wb> w a i d a y a aa m a aa q <wb> t a ee o <wb> n a i p a u nx a <wb> ch a ee,C31 C0 C29 C0 C16 <wb> C37 C0 C16 C31 C0 C37 C0 C19 C0 C29 C0 C22 C0 C1 C24 C0 C1 C23 <wb> C37 C0 C23 C31 C0 C17 C0 C26 <wb> C3 C0 C29 C0 C15 C0 C22 C0 C19 C0 C36 C21 C0 C26 C32 C0 C28 C0 C24 C0 C24 C0 <wb> C19 C0 C15 C0 C11 C37 C0 C1 C38 C0 <wb> C6 C0 C11 <wb> C32 C0 C11 C33 C0 C16 <wb> C37 C0 C2 C7 C0 C16 C19 C0 <wb> C19 C0 C1 C22 C0 C22 C0 C1 C23 <wb> C32 C0 C33 C0 C1 <wb> C31 C0 C16 C21 C0 C28 C0 <wb> C37 C0 C16 C7 C0 C38 C0 C1 C22 C0 C1 C23 <wb> C32 C0 C11 C26 <wb> C24 C0 C16 C28 C0 C36 C25 C0 <wb> C6 C0 C11,train
7288,"પરંતુ આજે પણ ગુલમર્ગ, સોનમર્ગ, ખિલનમર્ગ જેવા ડેસ્ટિનેશન ભારતીય આર્મી દ્વારા સંપૂર્ણ પ્રોટેક્ટેડ છે.",0,9.87,0,not_selected_by_random,,,,
7289,"બિહારના વૈશાલી જિલ્લાના ઇસ્માઇલપુરમાં પ્રસ્તાવિત આ મંદિરનું,ભૂમિ પૂજન ગઈ ચાર માર્ચના રોજ થઈ ચુક્યું છે.",0,11.297,0,not_selected_by_random,,,,
7290,"બે હજાર અગયાર માં, શેરબજારના ભાવો અને સોના ચાંદીના બજારો, તેજીના ટ્રેક પર ચાલતા એટલા માટે જોવા મળશે કે, વૈશ્વિક બજારો ડિસેમ્બરના છેલ્લા અઠવાડિયામાં તેજી તરફી હતા.",0,17.415,0,not_selected_by_random,,,,
7291,"તેનો અર્થ એ નથી કે, કાર્બોહાઈડ્રેટને આડેધડ આહારમાં સ્થાન આપવું, સુપાચ્ય કાર્બોહાઈડ્રેટનું રુપાંતર સાદી શર્કરા રૃપે રૃપાંતર થાય છે.",0,13.587,0,not_selected_by_random,,,,
7292,"યુરોઝોનને મદદ કરવા માટે, બ્રિકે બ્રાઝિલ, રશિયા, ભારત, ચીન પંચોતેર અબજ ડોલરના યોગદાનની જાહેરાત કરી છે.",0,12.223,0,not_selected_by_random,,,,
7293,"અરબી સમુદ્રમાં કોંકણથી માંડીને, દક્ષિણ ગુજરાતના દરિયાકાંઠામાં ઓફશોર ટ્રેક સર્જાયો છે, પણ તેનાથી કોઇ અસર થાય તેમ નથી.",0,12.419,0,not_selected_by_random,,,,
7294,"તે નથી ઇચ્છતા કે, ઓછી કિંમત પર વસ્તુ ઉપલબ્ધ કરાવવાને કારણે, તેમના પર ગુણવત્તા સાથે બાંધછોડ કરવાનો આક્ષેપ કરાય.",0,11.328,0,not_selected_by_random,,,,
7295,"તેના લેબોરેટરી સાયન્ટિસ્ટ, સેલ્સ ઓફિસર, કોર્પોરેટ એક્ઝિક્યુટિવ વગેરેને દોષિત ઠેરવવામાં ન આવે, તો કેસ કરવાનો ફાયદો જ થતો નથી.",0,11.912,1,,gujarati_female_007295.wav,t a ee n a aa <wb> l a ee b a o r a ee tx a r a ii <wb> s a aa y a n a tx a i s a tx a <wb> s a ee l a s a <wb> o ph a i s a r a <wb> k a o r a p a o r a ee tx a <wb> ee k a jh a i k a y a u tx a i w a <wb> w a g a ee r a ee n a ee <wb> d a o sx a i t a <wb> txh a ee r a w a w a aa m a aa q <wb> n a <wb> aa w a ee <wb> t a o <wb> k a ee s a <wb> k a r a w a aa n a o <wb> ph a aa y a d a o <wb> j a <wb> th a t a o <wb> n a th a ii,C32 C0 C11 C24 C0 C1 <wb> C21 C0 C11 C3 C0 C26 C29 C0 C11 C34 C0 C29 C0 C16 <wb> C30 C0 C1 C38 C0 C24 C0 C34 C0 C16 C30 C0 C34 C0 <wb> C30 C0 C11 C21 C0 C30 C0 <wb> C26 C12 C0 C16 C30 C0 C29 C0 <wb> C19 C0 C26 C29 C0 C28 C0 C26 C29 C0 C11 C34 C0 <wb> C11 C19 C0 C18 C0 C16 C19 C0 C38 C0 C36 C34 C0 C16 C37 C0 <wb> C37 C0 C13 C0 C11 C29 C0 C11 C24 C0 C11 <wb> C7 C0 C26 C31 C0 C16 C32 C0 <wb> C35 C0 C11 C29 C0 C37 C0 C37 C0 C1 C22 C0 C1 C23 <wb> C24 C0 <wb> C1 C37 C0 C11 <wb> C32 C0 C26 <wb> C19 C0 C11 C30 C0 <wb> C19 C0 C29 C0 C37 C0 C1 C24 C0 C26 <wb> C12 C0 C1 C38 C0 C7 C0 C26 <wb> C17 C0 <wb> C33 C0 C32 C0 C26 <wb> C24 C0 C33 C0 C16,train
7296,"બોર્ડમાં રાજ્ય કારભાર ચલાવનાર, સંરક્ષણ અને નાણાંકીય સંસ્થાઓ જેવા, વિવિધ ક્ષેત્રોનો અનુભવ ધરાવતાં સભ્યો હોય છે.",0,10.938,0,not_selected_by_random,,,,
7297,"તેમાંથી ઉદ્ભવતા રેડિયો તરંગો, જ્યારે પૃથ્વી પર ઝીલાય છે ત્યારે તે તારાની તીવ્ર ભ્રમણ ગતિના કારણે, ઝબકારા રૂપે ઝીલાય છે, તેથી તેને ઝબકતારા કહે છે.",0,15.622,0,not_selected_by_random,,,,
7298,ટેકનીકલી સ્પર્મ એટલે કે શુક્રાણુમાંથી સ્વચ્છ ઘશછ ને અલગ તારવવું વધારે સહેલું અને સલાહભર્યું હતું.,0,10.742,0,not_selected_by_random,,,,
7299,"પહેલા જેવી અઘોષિત કટોકટી જોગવાઈયો, ઓગણીસો પંદર ના આ કાયદાના કુળની જ છે, મઝુમદારનું આ અવલોકન નોંધું છું.",0,11.317,0,not_selected_by_random,,,,
7300,"જાપાનના શક્તિશાળી રોકેટ એચ બે, ઓગણીસો ચોરાણુ માં બે વખત, ઓગણીસો અઠાંણુ માં એક વખત અને ઓગણીસો નવાંણુ માં ચાર વખત ઉડ્ડયનો નિષ્ફળ જતાં, જાપાને તે શ્રેણી જ પડતી મૂકી હતી.",0,18.336,0,not_selected_by_random,,,,
7301,"ગોપાલ દાંત કચકચાવતો, ગુસ્સાભેર મારી પાછળ દોડ્યો, પણ હું લીમડાના થડ પર,ઠેકડો મારીને ઉપર ચડી ગયો ને ગાવા લાગ્યો.",0,11.239,0,not_selected_by_random,,,,
7302,"પશ્ચિમ બંગાળમાં બીરભૂમની જિલ્લા અદાલતે પણ, આ કેસમાં જે કડક વલણ અખત્યાર કર્યું છે, તેનાથી આશા જન્મી છે કે ન્યાય થશે.",0,12.362,0,not_selected_by_random,,,,
7303,"તેમ અર્ધ શતાબ્દી અવસરે પશ્ચિમ બંગાળે દફતર ભંડારમાંથી, જે બધી ટાગોર સામગ્રી પ્રદર્શિત કરી, એની વિગતો જોતાં સમજાય જાય છે.",0,12.612,0,not_selected_by_random,,,,
7304,"અમેરિકાના સેન ફ્રાન્સિસ્કોમાં આવેલા, અલ્ટ્રાટેઝ આઈલેન્ડ્સના દરિયામાં યોજાયેલી, સ્વિમ અરાઉન્ડ ધ રોક ખૂબ સરસ હતું.",0,11.183,0,not_selected_by_random,,,,
7305,"સતરસોબાવન માં, બેન્જામિન ફ્રેન્કલિન નામના મહાન શોધકે, પતંગ વડે ધરતી પર વીજળી ઉત્પન કરવાનો, પ્રયોગ કર્યો હતો.",0,10.403,1,,gujarati_female_007305.wav,s a t a r a s a o b a aa w a n a <wb> m a aa q <wb> b a ee n a j a aa m a i n a <wb> ph a r a ee n a k a l a i n a <wb> n a aa m a n a aa <wb> m a h a aa n a <wb> sh a o dh a k a ee <wb> p a t a q g a <wb> w a dx a ee <wb> dh a r a t a ii <wb> p a r a <wb> w a ii j a lx a ii <wb> u t a p a n a <wb> k a r a w a aa n a o <wb> p a r a y a o g a <wb> k a r a y a o <wb> h a t a o,C30 C0 C32 C0 C29 C0 C30 C0 C26 C3 C0 C1 C37 C0 C24 C0 <wb> C22 C0 C1 C23 <wb> C3 C0 C11 C24 C0 C17 C0 C1 C22 C0 C16 C24 C0 <wb> C12 C0 C29 C0 C11 C24 C0 C19 C0 C21 C0 C16 C24 C0 <wb> C24 C0 C1 C22 C0 C24 C0 C1 <wb> C22 C0 C15 C0 C1 C24 C0 <wb> C31 C0 C26 C8 C0 C19 C0 C11 <wb> C28 C0 C32 C0 C23 C13 C0 <wb> C37 C0 C9 C0 C11 <wb> C8 C0 C29 C0 C32 C0 C16 <wb> C28 C0 C29 C0 <wb> C37 C0 C16 C17 C0 C21 C0 C16 <wb> C36 C32 C0 C28 C0 C24 C0 <wb> C19 C0 C29 C0 C37 C0 C1 C24 C0 C26 <wb> C28 C0 C29 C0 C38 C0 C26 C13 C0 <wb> C19 C0 C29 C0 C38 C0 C26 <wb> C15 C0 C32 C0 C26,train
7306,"એ બધા સાહ્યબીઓ, પોતાનામાં રહેલી લોલુપતાઓ, કે સ્વાર્થસભર ઈચ્છાઓ તૃપ્ત કરે છે.",0,8.089,0,not_selected_by_random,,,,
7307,"ત્યાં આવેલી સ્કૂપ ફોર એડવાન્સ અન્ડરવોટર વોરફેર માં, સૌ નાવિકો તાલિમ લઈ રહ્યા છે.",0,8.543,0,not_selected_by_random,,,,
7308,"જ્યારે ભારતની કેટલીક ગણતરીની સર્વશ્રેષ્ઠ વસ્તુઓને નુકસાન પહોંચાડવામાં આવે છે, ત્યારે તકલીફ તો થાયજ છે.",0,10.413,0,not_selected_by_random,,,,
7309,"કજિયાખોર, ઝઘડાળુ, સ્વાર્થી, ઈર્ષાળુ, રોતલ કે બીકણની છાપ ન પડે એ રીતે સહુ સાથે રહેતાં શીખવાની આ તાલીમશાળા છે.",0,13.43,0,not_selected_by_random,,,,
7310,"કોઇ પણ જાતની મહેનત કે તકલીફ વિના, પોતાના જીવનનું સતત રેકોરર્ડિંગ કે શૂટિંગ થતું રહે, એ ખ્યાલથી આશ્ચર્યચકિત થયા છે.",0,11.632,0,not_selected_by_random,,,,
7311,"લેખ વાંચતા, અજ્ઞેયની એમને પ્રિય પંક્તિયો પૈકીની, એકને સ્મૃતિએ ચિત્ત ઝંકૃત ઝંકૃત હતું.",0,9.381,0,not_selected_by_random,,,,
7312,"વ્યક્તિગત સ્વાર્થ માટે, ક્ષુલ્લક લાભ માટે, થોડીક ધનપ્રાપ્તિ માટે, આપણે સામાજિક હિતને નેવે મૂકીએ છીયે.",0,10.016,0,not_selected_by_random,,,,
7313,"હા ના કરતાં આખરે પાશ ફેંક્યો, ત્યાં લિંગમાંથી ત્રિશૂળધારી શિવજી પ્રગટ થયા, અને ધૃષ્ટતા માટે યમરાજને સાંભળવું પડ્યું.",0,11.262,1,,gujarati_female_007313.wav,h a aa <wb> n a aa <wb> k a r a t a aa q <wb> aa kh a r a ee <wb> p a aa sh a <wb> ph a ee q k a y a o <wb> t a y a aa q <wb> l a i q g a m a aa q th a ii <wb> t a r a i sh a uu lx a dh a aa r a ii <wb> sh a i w a j a ii <wb> p a r a g a tx a <wb> th a y a aa <wb> a n a ee <wb> dh a sx a tx a t a aa <wb> m a aa tx a ee <wb> y a m a r a aa j a n a ee <wb> s a aa q bh a lx a w a u q <wb> p a dx a y a u q,C15 C0 C1 <wb> C24 C0 C1 <wb> C19 C0 C29 C0 C32 C0 C1 C23 <wb> C1 C20 C0 C29 C0 C11 <wb> C28 C0 C1 C31 C0 <wb> C12 C0 C11 C23 C19 C0 C38 C0 C26 <wb> C32 C0 C38 C0 C1 C23 <wb> C21 C0 C16 C23 C13 C0 C22 C0 C1 C23 C33 C0 C16 <wb> C32 C0 C29 C0 C16 C31 C0 C36 C21 C0 C8 C0 C1 C29 C0 C16 <wb> C31 C0 C16 C37 C0 C17 C0 C16 <wb> C28 C0 C29 C0 C13 C0 C34 C0 <wb> C33 C0 C38 C0 C1 <wb> C0 C24 C0 C11 <wb> C8 C0 C31 C0 C34 C0 C32 C0 C1 <wb> C22 C0 C1 C34 C0 C11 <wb> C38 C0 C22 C0 C29 C0 C1 C17 C0 C24 C0 C11 <wb> C30 C0 C1 C23 C4 C0 C21 C0 C37 C0 C36 C23 <wb> C28 C0 C9 C0 C38 C0 C36 C23,train
7314,"ટુજી સ્પેકટ્રમ કૌભાંડ કે, આદર્શ સોસાયટી ગોટાળા જેવા કેસમાં, કેગ શબ્દ નિયમિત રીતે વાંચ્યો હશે.",0,9.595,0,not_selected_by_random,,,,
7315,"સિડનીના ઓપેરા હાઉસ, ન્યુ યોર્કના ટાઈમ્સ સ્ક્વેર, લંડનમા બિગ બેન ટાવર અને ભારત માં તાજમહલ જોવા જેવા સ્થળો છે.",0,11.712,0,not_selected_by_random,,,,
7316,"હમણાં મારો વાઘ મ્યાઉં કરતોક ઊભો થશે, ને હમણાં હું એને હરખભેર તેડી લઈશ.",0,7.537,0,not_selected_by_random,,,,
7317,"હાલમાં મિથગવાણેમાં યોજાયેલી રેલીમાં, શિવસેનાના કાર્યકારી પ્રમુખ, ઉધ્ધવ ઠાકરેએ રમેશના વલણ બાબતે શંકા વ્યક્ત કરી હતી.",0,11.842,1,,gujarati_female_007317.wav,h a aa l a m a aa q <wb> m i th a g a w aa nx ee m aa mq <wb> y o j aa y ee l ii <wb> r ee l ii m aa mq <wb> sh a i w a s a ee n a aa n a aa <wb> k a aa r a y a k a aa r a ii <wb> p a r a m a u kh a <wb> u dh dh a w a <wb> txh a aa k a r a ee ee <wb> r a m ee sh a n aa <wb> w a l a nx a <wb> b a aa b a t a ee <wb> sh a q k a aa <wb> w a y a k a t a <wb> k a r a ii <wb> h a t a ii,C15 C0 C1 C21 C0 C22 C0 C1 C23 <wb> C22 C16 C33 C0 C13 C0 C37 C1 C25 C11 C22 C1 C23 <wb> C38 C26 C17 C1 C38 C11 C21 C16 <wb> C29 C11 C21 C16 C22 C1 C23 <wb> C31 C0 C16 C37 C0 C30 C0 C11 C24 C0 C1 C24 C0 C1 <wb> C19 C0 C1 C29 C0 C38 C0 C19 C0 C1 C29 C0 C16 <wb> C28 C0 C29 C0 C22 C0 C36 C20 C0 <wb> C36 C8 C8 C0 C37 C0 <wb> C35 C0 C1 C19 C0 C29 C0 C11 C11 <wb> C29 C0 C22 C11 C31 C0 C24 C1 <wb> C37 C0 C21 C0 C25 C0 <wb> C3 C0 C1 C3 C0 C32 C0 C11 <wb> C31 C0 C23 C19 C0 C1 <wb> C37 C0 C38 C0 C19 C0 C32 C0 <wb> C19 C0 C29 C0 C16 <wb> C15 C0 C32 C0 C16,train
7318,"ઉચ્ચ બ્યૂરોક્રેટિક વ્યવસ્થાવાળા પોર્ટ મેનેજમેન્ટમાં, આવી સ્થિતિમાં કોઈ સામાન્ય નાગરિકનો જીવ બચાવવાની કાર્યવાહી નથી થતી.",0,11.1,0,not_selected_by_random,,,,
7319,"એ બાળક ભીડ અને ઘોંઘાટ શમી જાય, ત્યારે તમરાંના ત્રમ ત્રમ વચ્ચેથી, રૂમઝુમ કરતો ચાલ્યો જઈ, ફરી જરિયાન વસ્ત્રો પહેરી લેતો હશે.",0,11.633,1,,gujarati_female_007319.wav,ee <wb> b a aa lx a k a <wb> bh a ii dx a <wb> a n a ee <wb> gh a o q gh a aa tx a <wb> sh a m a ii <wb> j a aa y a <wb> t a y a aa r a ee <wb> t a m a r a aa q n a aa <wb> t a r a m a <wb> t a r a m a <wb> w a c a c a ee th a ii <wb> r a uu m a jh a u m a <wb> k a r a t a o <wb> c a aa l a y a o <wb> j a ii <wb> ph a r a ii <wb> j a r a i y a aa n a <wb> w a s a t a r a o <wb> p a h a ee r a ii <wb> l a ee t a o <wb> h a sh a ee,C11 <wb> C3 C0 C1 C21 C0 C19 C0 <wb> C4 C0 C16 C9 C0 <wb> C0 C24 C0 C11 <wb> C14 C0 C26 C23 C14 C0 C1 C34 C0 <wb> C31 C0 C22 C0 C16 <wb> C17 C0 C1 C38 C0 <wb> C32 C0 C38 C0 C1 C29 C0 C11 <wb> C32 C0 C22 C0 C29 C0 C1 C23 C24 C0 C1 <wb> C32 C0 C29 C0 C22 C0 <wb> C32 C0 C29 C0 C22 C0 <wb> C37 C0 C5 C0 C5 C0 C11 C33 C0 C16 <wb> C29 C0 C36 C22 C0 C18 C0 C36 C22 C0 <wb> C19 C0 C29 C0 C32 C0 C26 <wb> C5 C0 C1 C21 C0 C38 C0 C26 <wb> C17 C0 C16 <wb> C12 C0 C29 C0 C16 <wb> C17 C0 C29 C0 C16 C38 C0 C1 C24 C0 <wb> C37 C0 C30 C0 C32 C0 C29 C0 C26 <wb> C28 C0 C15 C0 C11 C29 C0 C16 <wb> C21 C0 C11 C32 C0 C26 <wb> C15 C0 C31 C0 C11,train
7320,"શું તમે પોતે આવું દાન આપ્યું ? એમ કહી તે અર્ધા ભાનમાં અને અર્ધા બેધ્યાનમાં, ઈલ્લીસ, આ બળદગાડાની પાછળ દોડ્યો અને રાડ પાડવા લાગ્યો.",0,13.751,0,not_selected_by_random,,,,
7321,"મનોહર પુષ્પ, પંખી, જ્યોત્સનાસ્નિગ્ધા સમુદ્રસૈક્ત વિધાતાએજ સર્જ્યાં છે.",0,7.944,0,not_selected_by_random,,,,
7322,"શેરબજારમાં ઓનલાઇન ટ્રેડિંગ કરનારાઓના પાસવર્ડ પણ દરેક ટ્રેડિંગ વખતે, બદલવાની સિસ્ટમ ઘણી બેંકોએ ઉભી કરી છે.",0,11.053,1,,gujarati_female_007322.wav,sh a ee r a b a j a aa r a m a aa q <wb> o n a l a aa i n a <wb> tx a r a ee dx a i q g a <wb> k a r a n a aa r a aa o n a aa <wb> p a aa s a w a r a dx a <wb> p a nx a <wb> d a r a ee k a <wb> tx a r a ee dx a i q g a <wb> w a kh a t a ee <wb> b a d a l a w a aa n a ii <wb> s a i s a tx a m a <wb> gh a nx a ii <wb> b a ee q k a o ee <wb> u bh a ii <wb> k a r a ii <wb> ch a ee,C31 C0 C11 C29 C0 C3 C0 C17 C0 C1 C29 C0 C22 C0 C1 C23 <wb> C26 C24 C0 C21 C0 C1 C16 C24 C0 <wb> C34 C0 C29 C0 C11 C9 C0 C16 C23 C13 C0 <wb> C19 C0 C29 C0 C24 C0 C1 C29 C0 C1 C26 C24 C0 C1 <wb> C28 C0 C1 C30 C0 C37 C0 C29 C0 C9 C0 <wb> C28 C0 C25 C0 <wb> C7 C0 C29 C0 C11 C19 C0 <wb> C34 C0 C29 C0 C11 C9 C0 C16 C23 C13 C0 <wb> C37 C0 C20 C0 C32 C0 C11 <wb> C3 C0 C7 C0 C21 C0 C37 C0 C1 C24 C0 C16 <wb> C30 C0 C16 C30 C0 C34 C0 C22 C0 <wb> C14 C0 C25 C0 C16 <wb> C3 C0 C11 C23 C19 C0 C26 C11 <wb> C36 C4 C0 C16 <wb> C19 C0 C29 C0 C16 <wb> C6 C0 C11,train
7323,"તેમાં પણ ખાસ કરીને, અગયાર મી માર્ચ બેહજાર અગયાર ના રોજ, જાપાનમાં રીકટર સ્કેલ પર, નવ ની માત્રાનો ભયાનક ભૂકંપ આવ્યો.",0,12.488,0,not_selected_by_random,,,,
7324,"મેળા માં પાણિયારાંનાં ઝાંખાં થઈ ગયેલાં બેડાં, ધૂળના થરવાળા વાસણો, પેટી પટારાં પીપ આદિ વેચાવા લાગ્યા.",0,10.397,0,not_selected_by_random,,,,
7325,"મૂળમાંથી પોષણ મેળવીને વિવેક, વિનય, શિષ્ટતા તો તે ધારેજ સાથે, સંસ્કૃતિને નખશિખ પામી જીવનવિદ્યાનો પણ તે જ્ઞાતા બને.",0,12.16,0,not_selected_by_random,,,,
7326,"રિસર્ચર્ઝે આઇસબર્ગ તૂટવા પાછળ, ગ્લોબલ વોર્મિંગ જવાબદાર હોવાની શંકા વ્યક્ત કરી છે.",0,7.949,0,not_selected_by_random,,,,
7327,"અખબારો, સામાયકોના વાચકોએ કોમન વેલ્થ ગેમ, સી ડબલ્યુ જી કૌભાંડ ની ખૂબ નિંદા કરી.",0,8.429,1,,gujarati_female_007327.wav,a kh a b a aa r a o <wb> s a aa m a aa y a k a o n a aa <wb> w a aa c a k a o ee <wb> k a o m a n a <wb> w a ee l a th a <wb> g a ee m a <wb> s a ii <wb> dx a b a l a y a u <wb> j a ii <wb> k a ou bh a aa q dx a <wb> n a ii <wb> kh a uu b a <wb> n a i q d a aa <wb> k a r a ii,C0 C20 C0 C3 C0 C1 C29 C0 C26 <wb> C30 C0 C1 C22 C0 C1 C38 C0 C19 C0 C26 C24 C0 C1 <wb> C37 C0 C1 C5 C0 C19 C0 C26 C11 <wb> C19 C0 C26 C22 C0 C24 C0 <wb> C37 C0 C11 C21 C0 C33 C0 <wb> C13 C0 C11 C22 C0 <wb> C30 C0 C16 <wb> C9 C0 C3 C0 C21 C0 C38 C0 C36 <wb> C17 C0 C16 <wb> C19 C0 C27 C4 C0 C1 C23 C9 C0 <wb> C24 C0 C16 <wb> C20 C0 C36 C3 C0 <wb> C24 C0 C16 C23 C7 C0 C1 <wb> C19 C0 C29 C0 C16,train
7328,"બ્રેટ લીએ ત્યાર બાદ, ડેન્જરસ બેટ્સમેન હરભજન અને ચાવલા ને ક્લિન બોલ્ડ કર્યા હતા.",0,8.384,0,not_selected_by_random,,,,
7329,"આ પ્રયોગમાં સાત લાખ કરોડ ઈલેક્ટ્રોન વોલ્ટ ધરાવતા, પ્રોટોનના કરોડો કણ અથડાવવામાં આવ્યા છે.",0,9.981,0,not_selected_by_random,,,,
7330,"આ રજિસ્ટ્રાર ખાનગી કંપનીની મદદ લઈને, લોકોની ફિંગર પ્રિન્ટ, આઇરિશ સ્કેન જેવી માહિતી ભેગી કરવાનું કામ કરે છે.",0,11.377,0,not_selected_by_random,,,,
7331,"ટ્રેજેડી ઓફ જિન્નાહ લેખક : કૈલાસ ચન્દ્ર, વર્મા પબ્લિશિંગ કંપની.",0,6.304,0,not_selected_by_random,,,,
7332,"ત્યાં કમ્પ્યૂટર હશે, ઓનલાઈન માહિતી કે જ્ઞાન પ્રાપ્ત કરતા, કોઈક યુવક યુવતી ત્યાં મળી જશે.",0,7.802,1,,gujarati_female_007332.wav,t a y a aa q <wb> k a m a p a y a uu tx a r a <wb> h a sh a ee <wb> o n a l a aa ii n a <wb> m a aa h a i t a ii <wb> k a ee <wb> j a nj a aa n a <wb> p a r a aa p a t a <wb> k a r a t a aa <wb> k a o ii k a <wb> y a u w a k a <wb> y a u w a t a ii <wb> t a y a aa q <wb> m a lx a ii <wb> j a sh a ee,C32 C0 C38 C0 C1 C23 <wb> C19 C0 C22 C0 C28 C0 C38 C0 C36 C34 C0 C29 C0 <wb> C15 C0 C31 C0 C11 <wb> C26 C24 C0 C21 C0 C1 C16 C24 C0 <wb> C22 C0 C1 C15 C0 C16 C32 C0 C16 <wb> C19 C0 C11 <wb> C17 C0 C24 C0 C1 C24 C0 <wb> C28 C0 C29 C0 C1 C28 C0 C32 C0 <wb> C19 C0 C29 C0 C32 C0 C1 <wb> C19 C0 C26 C16 C19 C0 <wb> C38 C0 C36 C37 C0 C19 C0 <wb> C38 C0 C36 C37 C0 C32 C0 C16 <wb> C32 C0 C38 C0 C1 C23 <wb> C22 C0 C21 C0 C16 <wb> C17 C0 C31 C0 C11,train
7333,"જિંદગી અને મૃત્યુનું ચક્ર, નામના પુસ્તકના લેખક, ફિલિપ કેપલેવે એક દષ્ટાંત આપ્યું છે.",0,8.632,0,not_selected_by_random,,,,
7334,"અત્રે ઉલ્લેખનીય છે કે આ પ્રયોગની શુભ શરૃવાત, દસ સપ્ટેમ્બર બે હજાર આઠ થી થઈ હતી, પરંતુ ઓગણીસ મીએ તેમાં અવરોધ ઊભો થયો હતો.",0,13.17,0,not_selected_by_random,,,,
7335,"તેઓ રાહુલ દ્રવિડ, સચિન તેંડુલકર કે વીરેન્દ્ર સેહવાગ જેવો, સ્ફોટક સ્ટ્રોકમેકર નથી.",0,7.653,0,not_selected_by_random,,,,
7336,"ચોંકાવનારું તારણ, વીસ થી ઓગણપચાસ વર્ષના પુરૂષો રહી જશે અપરિણીત, કન્યા ભ્રૂણ હત્યા કારણભૂત.",0,9.321,0,not_selected_by_random,,,,
7337,"આમ વિચારીને વાઘ મનોમન ડરી ગયો, અને વાવાઝોડાના મારથી બચવા માટે, ચૂપચાપ ઝાડીમાંથી નીકળી ઘેટાં બકરાંમાં ભળી ગયો.",0,11.494,1,,gujarati_female_007337.wav,aa m a <wb> w a i c a aa r a ii n a ee <wb> w a aa gh a <wb> m a n o m a n a <wb> dx a r ii <wb> g a y a o <wb> a n a ee <wb> w a aa w a aa jh a o dx a aa n a aa <wb> m aa r a th ii <wb> b a c a w a aa <wb> m a aa tx a ee <wb> c a uu p a c a aa p a <wb> jh aa dx ii m aa mq th ii <wb> n a ii k a lx a ii <wb> gh a ee tx a aa q <wb> b a k a r aa mq m aa mq <wb> bh a lx a ii <wb> g a y a o,C1 C22 C0 <wb> C37 C0 C16 C5 C0 C1 C29 C0 C16 C24 C0 C11 <wb> C37 C0 C1 C14 C0 <wb> C22 C0 C24 C26 C22 C0 C24 C0 <wb> C9 C0 C29 C16 <wb> C13 C0 C38 C0 C26 <wb> C0 C24 C0 C11 <wb> C37 C0 C1 C37 C0 C1 C18 C0 C26 C9 C0 C1 C24 C0 C1 <wb> C22 C1 C29 C0 C33 C16 <wb> C3 C0 C5 C0 C37 C0 C1 <wb> C22 C0 C1 C34 C0 C11 <wb> C5 C0 C36 C28 C0 C5 C0 C1 C28 C0 <wb> C18 C1 C9 C16 C22 C1 C23 C33 C16 <wb> C24 C0 C16 C19 C0 C21 C0 C16 <wb> C14 C0 C11 C34 C0 C1 C23 <wb> C3 C0 C19 C0 C29 C1 C23 C22 C1 C23 <wb> C4 C0 C21 C0 C16 <wb> C13 C0 C38 C0 C26,train
7338,"આપણા પૃથ્વી ગ્રહ પર વસતા ઓટીયન્સ જેવાં બેકટેરીયા, ભવિષ્યની એસ્ટ્રોબાયોલોજી સમજવા માટે, પ્રારંભીક અભ્યાસ સાબીત થાય તેમ છે.",0,11.981,1,,gujarati_female_007338.wav,aa p a nx a aa <wb> p a th a w a ii <wb> g a r a h a <wb> p a r a <wb> w a s a t a aa <wb> o tx a ii y a n a s a <wb> j a ee w a aa q <wb> b a ee k a tx a ee r a ii y a aa <wb> bh a w a i sx a y a n a ii <wb> ee s a tx a r a o b a aa y a o l a o j a ii <wb> s a m a j a w a aa <wb> m a aa tx a ee <wb> p a r a aa r a q bh a ii k a <wb> a bh a y a aa s a <wb> s a aa b a ii t a <wb> th a aa y a <wb> t a ee m a <wb> ch a ee,C1 C28 C0 C25 C0 C1 <wb> C28 C0 C33 C0 C37 C0 C16 <wb> C13 C0 C29 C0 C15 C0 <wb> C28 C0 C29 C0 <wb> C37 C0 C30 C0 C32 C0 C1 <wb> C26 C34 C0 C16 C38 C0 C24 C0 C30 C0 <wb> C17 C0 C11 C37 C0 C1 C23 <wb> C3 C0 C11 C19 C0 C34 C0 C11 C29 C0 C16 C38 C0 C1 <wb> C4 C0 C37 C0 C16 C31 C0 C38 C0 C24 C0 C16 <wb> C11 C30 C0 C34 C0 C29 C0 C26 C3 C0 C1 C38 C0 C26 C21 C0 C26 C17 C0 C16 <wb> C30 C0 C22 C0 C17 C0 C37 C0 C1 <wb> C22 C0 C1 C34 C0 C11 <wb> C28 C0 C29 C0 C1 C29 C0 C23 C4 C0 C16 C19 C0 <wb> C0 C4 C0 C38 C0 C1 C30 C0 <wb> C30 C0 C1 C3 C0 C16 C32 C0 <wb> C33 C0 C1 C38 C0 <wb> C32 C0 C11 C22 C0 <wb> C6 C0 C11,train
7339,"ગોપાલે ફટાફટ ખિસકોલી પકડવાની યોજના બનાવી, લીમડાના થડ પાસે જમીન પર થોડાં રોટલીનાં ટુકડા વેરવાનાં.",0,11.14,0,not_selected_by_random,,,,
7340,"સત્તાવાળાઓના જણાવ્યા મુજબ, બ્રિસ્બેન અને ઇપ્સવિચ સામે ઝળુંબતી પૂરની મહાઆફત ઓગણીસ્સો ચુમ્બોતેર ની આફત કરતાં વધુ ખરાબ છે.",0,14.063,0,not_selected_by_random,,,,
7341,"હા, મોજશોખને માટે સમારંભો ગોઠવાય, મેળાઓ ભરાય, જ્ઞાતિભોજનો ચાલે, નાટક સિનેમાઓ યોજાય, ત્યાં સાધક ન જાય.",0,11.579,0,not_selected_by_random,,,,
7342,"રેગીસ્ત્રાર એ આ માહિતી, યુ આઇ ડી એ આઈ ના બેંગ્લોર ખાતે આવેલા, સેન્ટ્રલ આઇડેન્ટિટીઝ ડેટા રીપોઝીટરી સીઆઇડીઆર ને મોકલી દે છે.",0,13.815,0,not_selected_by_random,,,,
7343,"પૃથ્વીના પેટાળમાં બસ્સો ચાલીસ માઇલ ઉંડે, એટલે કે ત્રણસો છન્નું કિલોમીટર છેડે, ખૂબજ દબાણ અને અતિ ઉંચા તાપમાને કોઈ રહી શકતું નથી.",0,13.57,0,not_selected_by_random,,,,
7344,"સ્વીઝરલેન્ડનાં વૈજ્ઞાનિકો કહે છે કે, કેલીફોર્નિયાનાં વૈજ્ઞાનિકોનો ડેટા વાપરીને, સંભવીત પ્લેનેટ શોધવામાં તેમને નિષ્ફળતા મળી છે.",0,11.229,0,not_selected_by_random,,,,
7345,"બે હઝાર ચાર માં આર્કીઓ ઓપટેરીક્સના મસ્તિષ્ક, ધાનીનો વિગતવાર સીટી સ્કેન મેળવ્યો, અને તેનું પૃથ્થકરણ કર્યું.",0,10.652,0,not_selected_by_random,,,,
7346,"ત્રીજા તબક્કામાં બસ્સો પચાસ કિલોમીટરે, અગ્યારસો ત્રીસ સેકન્ડ સુધી મોટર દાગતાં, સેકન્ડના દસ માં ભાગ થી એ જીતી ગયો.",0,11.798,0,not_selected_by_random,,,,
7347,"તેમણે બિલ ગેટ્સ, ગૂગલના એરિક સ્મિડ અને અન્ય કેટલાક અબજોપતિઓને પોતાના પલ્લાંમાં લાવી દીધા છે.",0,9.195,1,,gujarati_female_007347.wav,t a ee m a nx a ee <wb> b a i l a <wb> g a ee tx a s a <wb> g a uu g a l a n a aa <wb> ee r a i k a <wb> s a m a i dx a <wb> a n a ee <wb> a n a y a <wb> k a ee tx a l a aa k a <wb> a b a j a o p a t a i o n a ee <wb> p a o t a aa n a aa <wb> p a l a l a aa q m a aa q <wb> l a aa w a ii <wb> d a ii dh a aa <wb> ch a ee,C32 C0 C11 C22 C0 C25 C0 C11 <wb> C3 C0 C16 C21 C0 <wb> C13 C0 C11 C34 C0 C30 C0 <wb> C13 C0 C36 C13 C0 C21 C0 C24 C0 C1 <wb> C11 C29 C0 C16 C19 C0 <wb> C30 C0 C22 C0 C16 C9 C0 <wb> C0 C24 C0 C11 <wb> C0 C24 C0 C38 C0 <wb> C19 C0 C11 C34 C0 C21 C0 C1 C19 C0 <wb> C0 C3 C0 C17 C0 C26 C28 C0 C32 C0 C16 C26 C24 C0 C11 <wb> C28 C0 C26 C32 C0 C1 C24 C0 C1 <wb> C28 C0 C21 C0 C21 C0 C1 C23 C22 C0 C1 C23 <wb> C21 C0 C1 C37 C0 C16 <wb> C7 C0 C16 C8 C0 C1 <wb> C6 C0 C11,train
7348,"વાંકાનેર પાસેના જડેશ્વર મહાદેવ મંદિર, અને જસદણ પાસેના ઘેલા સોમનાથ મંદિરે પણ, વિવિધ ધાર્મિક આયોજનોમાં ભાવિકો ઉમટશે.",0,12.687,0,not_selected_by_random,,,,
7349,"આમ તો બહુ ધ્યાન ન ખેંચે, પણ ઉનાળો આવે એટલે વૃક્ષ પર માત્ર સૌમ્ય સોનેરી ફૂલોનાં ઝુમ્મરજ લટકતાં દેખાય.",0,10.686,0,not_selected_by_random,,,,
7350,"દરેક ટ્રાન્ઝેક્શન વખતે પીન બદલવા પાછળનો મુળ હેતુ, ગેરરીતિ અટકાવવાનો છે.",0,7.77,0,not_selected_by_random,,,,
7351,"મિરપુરમાં ડે નાઇટ મેચમાં રાત્રે ઝાકળને કારણે, બોલરોને બોલની ગ્રીપ પકડતા તકલીફ પડતી હોય છે.",0,9.776,1,,gujarati_female_007351.wav,m i r a p u r a m aa mq <wb> dx a ee <wb> n a aa i tx a <wb> m a ee c a m a aa q <wb> r a aa t a r a ee <wb> jh aa k a lx a n ee <wb> k a aa r a nx a ee <wb> b a o l a r a o n a ee <wb> b o l a n ii <wb> g r ii p a <wb> p a k a dx a t aa <wb> t a k a l a ii ph a <wb> p a dx a t a ii <wb> h a o y a <wb> ch a ee,C22 C16 C29 C0 C28 C36 C29 C0 C22 C1 C23 <wb> C9 C0 C11 <wb> C24 C0 C1 C16 C34 C0 <wb> C22 C0 C11 C5 C0 C22 C0 C1 C23 <wb> C29 C0 C1 C32 C0 C29 C0 C11 <wb> C18 C1 C19 C0 C21 C0 C24 C11 <wb> C19 C0 C1 C29 C0 C25 C0 C11 <wb> C3 C0 C26 C21 C0 C29 C0 C26 C24 C0 C11 <wb> C3 C26 C21 C0 C24 C16 <wb> C13 C29 C16 C28 C0 <wb> C28 C0 C19 C0 C9 C0 C32 C1 <wb> C32 C0 C19 C0 C21 C0 C16 C12 C0 <wb> C28 C0 C9 C0 C32 C0 C16 <wb> C15 C0 C26 C38 C0 <wb> C6 C0 C11,test
7352,"હિમાચલપ્રદેશ, મધ્યપ્રદેશ, મહારાષ્ટ્ર, ઓડિસા, સિક્કિમ, તામિલનાડુ, કણોટક, ઉત્તરાખંડ, ગુજરાત, દેલ્હી, ઓરિસ્સા, બેંગલોર, ચેન્નાઈ, પુનજાબ.",0,16.518,0,not_selected_by_random,,,,
7353,"વર્લ્ડવાઈડ વેબ એટલે કે, ડબલ્યુ ડબલ્યુ ડબલ્યુ, જે ઈન્ટરનેટમાં યુઆરએલ ટાઈપ કરતી વખતે લખાય છે.",0,9.798,0,not_selected_by_random,,,,
7354,"સરકારે રૂપિયા બારસો કરોડના રોકાણ સાથે, ડ્રાય બલ્ક ટર્મિનલ ઉભું કરવા, કંડલા પોર્ટ ટ્રસ્ટ કેપીટી સાથે કરાર કર્યો છે.",0,11.457,0,not_selected_by_random,,,,
7355,"પલ્સારના પ્રચંડ ગુરૂત્વથી, તે દળદાર તારાનું દ્રવ્ય ખેંચાય જતા જે બાકી રહે તે ગ્રહ છે.",0,9.151,0,not_selected_by_random,,,,
7356,"ચંદ્રકેતુપુર, મણીપુર, જીર્ણપ્રાકાર, યવનઘઢ નગર, જીર્ણદુર્ગ, જીર્ણઘઢ, સુવર્ણ ગિરિનગર.",0,10.428,0,not_selected_by_random,,,,
7357,"લિજ્જતથી એ નહીં જમે, શાંતિથી, સ્વસ્થતાથી એ કપડાં નહીં પેહેરે, અદબથી એ નહીં ચાલે, નિરાંતથી એ નહીં બેસે, એ દોડશે અને છેવટે કહેશે કે, સમય પસાર જ થતો નથી.",0,16.208,1,,gujarati_female_007357.wav,l i j j a t a th ii <wb> ee <wb> n a h a ii q <wb> j a m ee <wb> sh a aa q t a i th a ii <wb> s w a s th a t aa th ii <wb> ee <wb> k a p a dx a aa q <wb> n a h a ii q <wb> p ee h ee r ee <wb> a d a b a th ii <wb> ee <wb> n a h a ii q <wb> c a aa l a ee <wb> n i r aa mq t a th ii <wb> ee <wb> n a h a ii q <wb> b a ee s a ee <wb> ee <wb> d o dx a sh ee <wb> a n a ee <wb> ch a ee w a tx a ee <wb> k a h ee sh ee <wb> k a ee <wb> s a m a y a <wb> p a s a aa r a <wb> j a <wb> th a t a o <wb> n a th a ii,C21 C16 C17 C17 C0 C32 C0 C33 C16 <wb> C11 <wb> C24 C0 C15 C0 C16 C23 <wb> C17 C0 C22 C11 <wb> C31 C0 C1 C23 C32 C0 C16 C33 C0 C16 <wb> C30 C37 C0 C30 C33 C0 C32 C1 C33 C16 <wb> C11 <wb> C19 C0 C28 C0 C9 C0 C1 C23 <wb> C24 C0 C15 C0 C16 C23 <wb> C28 C11 C15 C11 C29 C11 <wb> C0 C7 C0 C3 C0 C33 C16 <wb> C11 <wb> C24 C0 C15 C0 C16 C23 <wb> C5 C0 C1 C21 C0 C11 <wb> C24 C16 C29 C1 C23 C32 C0 C33 C16 <wb> C11 <wb> C24 C0 C15 C0 C16 C23 <wb> C3 C0 C11 C30 C0 C11 <wb> C11 <wb> C7 C26 C9 C0 C31 C11 <wb> C0 C24 C0 C11 <wb> C6 C0 C11 C37 C0 C34 C0 C11 <wb> C19 C0 C15 C11 C31 C11 <wb> C19 C0 C11 <wb> C30 C0 C22 C0 C38 C0 <wb> C28 C0 C30 C0 C1 C29 C0 <wb> C17 C0 <wb> C33 C0 C32 C0 C26 <wb> C24 C0 C33 C0 C16,train
7358,"સૌર ઊર્જાનું નેવુઁ ટકા પ્રગ્રહણ કરી, તેનું વિદ્યુત ઊર્જામાં રૃપાંતર કરે, તેવી અતિ કાર્યક્ષમ પ્રયુક્તિ આવી રહી છે નેનોએન્ટેના.",0,12.0,0,not_selected_by_random,,,,
7359,"હાલમાં નોર્થ રાજસ્થાન, પશ્ચિમ બંગાળના ઉપસાગર તરફ વાદળોની ભારે હલચલ છે.",0,7.616,1,,gujarati_female_007359.wav,h a aa l a m a aa q <wb> n o r th a <wb> r a aa j a s a th a aa n a <wb> p a sh a c a i m a <wb> b a q g a aa lx a n a aa <wb> u p a s aa g a r a <wb> t a r a ph a <wb> w aa d a lx o n ii <wb> bh a aa r a ee <wb> h a l a c a l a <wb> ch a ee,C15 C0 C1 C21 C0 C22 C0 C1 C23 <wb> C24 C26 C29 C33 C0 <wb> C29 C0 C1 C17 C0 C30 C0 C33 C0 C1 C24 C0 <wb> C28 C0 C31 C0 C5 C0 C16 C22 C0 <wb> C3 C0 C23 C13 C0 C1 C21 C0 C24 C0 C1 <wb> C36 C28 C0 C30 C1 C13 C0 C29 C0 <wb> C32 C0 C29 C0 C12 C0 <wb> C37 C1 C7 C0 C21 C26 C24 C16 <wb> C4 C0 C1 C29 C0 C11 <wb> C15 C0 C21 C0 C5 C0 C21 C0 <wb> C6 C0 C11,train
7360,"છાનાંછપનાં મળનારાં કાઠી છાતી રાખીને, રાતે પાદરમાં ખૂણેખાંચરે મળે, ભૂતપ્રેત એમને કાંઈ ન કરે.",0,9.759,0,not_selected_by_random,,,,
7361,"વસંત ૠતુ બેસી ગઈ છે, ત્યારે નિકોલ ગામના લોકો પૌરાણીક રિતરિવાજ મુજબ, હોળીને વઘાવવાની તૈયારી કરી રહ્યા છે.",0,10.576,0,not_selected_by_random,,,,
7362,"કે વાઈન્ડર બ્રેકર કેપવન, અવરોધક તરીકે બાગ બગીચામાં ઉગાડવામાં આવતા, નિલગીરીના વૃક્ષો પર્યાવરણ માટે સહેજ પણ ઉપયોગી નથી.",0,13.179,0,not_selected_by_random,,,,
7363,"ભારતનું જી એસ એલ વી એફ ઝિરો છ નિષ્ફળ જતાં, પૃથ્વીની કક્ષામાં પાછો આવશે.",0,8.208,0,not_selected_by_random,,,,
7364,"પચાસ લાખ યૂઝર, પ્રતિમાસ સોળ કરોડ વીડિયો, બે હઝાર છ થી અત્યાર સુધીમાં જોવાયા, બસ્સો ચોત્રીસ દેશો, અને ક્ષેત્રોમાં ખાન અકાદમીનો ઉપયોગ થાય છે.",0,14.417,0,not_selected_by_random,,,,
7365,"મૃતકનાં સગાંસ્નેહીઓ, એની અંતિમ ક્રિયા માટે મૃતદેહની રાહ જોતાં આંસુ સારતાં બેઠાં હતાં, પણ મૃતદેહ એમને મળતો ન હતો.",0,12.195,0,not_selected_by_random,,,,
7366,"પાલક, લસણ, હળદર, તુલસી, આદુમાં ફાયટોકેમિકલ્સના તમામ તત્ત્વો હોઇ તેના રોજિંદા સેવનથી કેન્સર દૂર રહે છે.",0,12.144,0,not_selected_by_random,,,,
7367,"ગિરના જંગલમાં આવેલી બોડમાં, અકળામણ અનુભવતા ટીલિયા સિંહને, એનો ભેરુબંધ મોહન યાદ આવ્યો.",0,9.172,1,,gujarati_female_007367.wav,g i r a n aa <wb> j a q g a l a m a aa q <wb> aa w a ee l a ii <wb> b o dx a m aa mq <wb> a k a lx aa m a nx a <wb> a n u bh a w a t aa <wb> tx ii l i y aa <wb> s i mq h a n ee <wb> ee n a o <wb> bh ee r u b a mq dh a <wb> m o h a n a <wb> y a aa d a <wb> aa w a y a o,C13 C16 C29 C0 C24 C1 <wb> C17 C0 C23 C13 C0 C21 C0 C22 C0 C1 C23 <wb> C1 C37 C0 C11 C21 C0 C16 <wb> C3 C26 C9 C0 C22 C1 C23 <wb> C0 C19 C0 C21 C1 C22 C0 C25 C0 <wb> C0 C24 C36 C4 C0 C37 C0 C32 C1 <wb> C34 C16 C21 C16 C38 C1 <wb> C30 C16 C23 C15 C0 C24 C11 <wb> C11 C24 C0 C26 <wb> C4 C11 C29 C36 C3 C0 C23 C8 C0 <wb> C22 C26 C15 C0 C24 C0 <wb> C38 C0 C1 C7 C0 <wb> C1 C37 C0 C38 C0 C26,test
7368,"તેના બદલે સૌર ઊર્જા, પવન ઊર્જા, બાયોમાસ વગેરે પુનઃ પ્રાપ્ય રીન્યુએબલ ઊર્જાના સ્ત્રોતોનો, મોટાપાયે ઉપયોગ કરવા વિચારેલ છે.",0,12.704,0,not_selected_by_random,,,,
7369,"સરકારી હોસ્પિટલોમાં નિઃશુલ્ક દવાનું પ્રમાણ, ઓગણીસો સત્યાશીમાં, એકત્રીસ ટકા હતું તે ઘટીને બે હઝાર ચાર સુધીમાં, નવ ટકા થઈ ગયું હતું.",0,12.699,0,not_selected_by_random,,,,
7370,"આ કંપનીઓમાં જર્મનીની આર ડબલ્યૂઈ, ફ્રાન્સની વિવાલ્ડી, ફ્રાન્સની જ સ્વેજ લિયોનેજ અને અમેરિકાના એનરોન કોર્પોરેશનનો સમાવેશ થાય છે.",0,13.514,1,,gujarati_female_007370.wav,aa <wb> k a q p a n a ii o m a aa q <wb> j a r m a n ii n ii <wb> aa r a <wb> dx a b a l y uu ii <wb> ph r aa n s a n ii <wb> w i w aa l dx ii <wb> ph r aa n s a n ii <wb> j a <wb> s w ee j a <wb> l i y o n ee j a <wb> a n a ee <wb> a m a ee r a i k a aa n a aa <wb> ee n a r o n a <wb> k o r p o r ee sh a n a n o <wb> s a m a aa w a ee sh a <wb> th a aa y a <wb> ch a ee,C1 <wb> C19 C0 C23 C28 C0 C24 C0 C16 C26 C22 C0 C1 C23 <wb> C17 C0 C29 C22 C0 C24 C16 C24 C16 <wb> C1 C29 C0 <wb> C9 C0 C3 C0 C21 C38 C36 C16 <wb> C12 C29 C1 C24 C30 C0 C24 C16 <wb> C37 C16 C37 C1 C21 C9 C16 <wb> C12 C29 C1 C24 C30 C0 C24 C16 <wb> C17 C0 <wb> C30 C37 C11 C17 C0 <wb> C21 C16 C38 C26 C24 C11 C17 C0 <wb> C0 C24 C0 C11 <wb> C0 C22 C0 C11 C29 C0 C16 C19 C0 C1 C24 C0 C1 <wb> C11 C24 C0 C29 C26 C24 C0 <wb> C19 C26 C29 C28 C26 C29 C11 C31 C0 C24 C0 C24 C26 <wb> C30 C0 C22 C0 C1 C37 C0 C11 C31 C0 <wb> C33 C0 C1 C38 C0 <wb> C6 C0 C11,train
7371,"કલા પાછળ ગાંડા થયેલા આપણે કુદરતની મૂંગી બેફિકરીમાંથી, કંઈક પાઠ શીખવો જોઈએ.",0,7.942,0,not_selected_by_random,,,,
7372,"ભારતમાં બે હઝાર બાવીસ સુધીમાં, વીસ હઝાર મેગાવોટ સૌર વિદ્યુત ઊર્જા ઉત્પન્ન કરી શકે છે.",0,8.621,0,not_selected_by_random,,,,
7373,"તેવીજ રીતે બે હઝાર તેરમાં, ચંદ્ર પર ઉતરાણ કરનાર લેન્ડરયાન ચંદ્રયાન બે ની યોજના સામે, પણ પ્રશ્નારથ ચિનહ ખડું થયુ છે.",0,13.306,0,not_selected_by_random,,,,
7374,"અંતરાદંતપટ્ટી, ઈન્ટર ડેન્લર પ્લેટ્સ નિતંબની આજુબાજુ હલન ચલન કરવાની માની છે.",0,7.751,0,not_selected_by_random,,,,
7375,"જોકે બે હઝાર માં પ્રેસીડેન્ટ બિલ કલીન્ટને જણાવી દીધું કે, જેનોમ સ્કિવન્સ માટે પેટન્ટ આપવામાં નહીં આવે.",0,10.309,0,not_selected_by_random,,,,
7376,"એપીસેઝની સબસિડીયરી, અદાણી કંડલા બલ્ક ટર્મિનલે, કંડલા પોર્ટ ખાતે ડ્રાય બલ્ક ટર્મિનલને બિલ્ડ કરયા છે.",0,10.858,0,not_selected_by_random,,,,
7377,"ભરજંગલમાં, હાલવા ચાલવાને અશક્ત, એવા આ શિયાળને રોજ કોણ ખવડાવતું હશે ?.",0,7.792,0,not_selected_by_random,,,,
7378,"આ એક્સ્પોમાં સ્પા, મેનિક્યુરિસ્ટ, નેલ સ્પેશિયાલિસ્ટ, એકયુપંકચરિસ્ટ અને યોગ નિષ્ણાતો ઉપરાંત એક્સ્પોમાં કોઈ આવ્યું નથી.",0,10.767,0,not_selected_by_random,,,,
7379,"નાયડુ ટ્રોફીમાં ઓક્ટોબર ચૌદ થી સત્તર, અને એકવીસ થી ચોવીસ દરમિયાન અનુક્રમે, મુંબઇ અને ઉત્તર પ્રદેશ સામે રમશે.",0,11.525,0,not_selected_by_random,,,,
7380,સુષ્મા નાડી ફિંડલુ વાળી શર્પ આકાર ફેણ ચડાવી ગુપસુપ બેઠી છે.,0,6.014,1,,gujarati_female_007380.wav,s u sx m aa <wb> n a aa dx a ii <wb> ph i mq dx a l u <wb> w a aa lx a ii <wb> sh a r p a <wb> aa k a aa r a <wb> ph ee nx a <wb> c a dx aa w ii <wb> g u p a s u p a <wb> b a ee txh a ii <wb> ch a ee,C30 C36 C31 C22 C1 <wb> C24 C0 C1 C9 C0 C16 <wb> C12 C16 C23 C9 C0 C21 C36 <wb> C37 C0 C1 C21 C0 C16 <wb> C31 C0 C29 C28 C0 <wb> C1 C19 C0 C1 C29 C0 <wb> C12 C11 C25 C0 <wb> C5 C0 C9 C1 C37 C16 <wb> C13 C36 C28 C0 C30 C36 C28 C0 <wb> C3 C0 C11 C35 C0 C16 <wb> C6 C0 C11,train
7381,"આવો યુવાન ઈપ્સિત નોકરી જગ્યા મેળવીને, સારો પગાર મેળવતાં મેળવતાં, ભારતીય અર્થવ્યવસ્થાનોજ એક હિસ્સો બની રહે છે.",0,10.813,0,not_selected_by_random,,,,
7382,"ઈહિ તનુકર ફલ વિષય ન ભાઇ, સ્વર્ગહ સ્વલ્પ અંત દુઃખદાઇ.",0,5.942,0,not_selected_by_random,,,,
7383,"પક્ષીઓના કંઠમાં સંગીત મૂક્યું છે, સુંદર અને મધુર ફળ પાકે એવી વ્યવસ્તા કરી છે, અને આકાશમાં અદ્દભુત સૌન્દર્ય પાથર્યું છે.",0,10.89,1,,gujarati_female_007383.wav,p a k a sx a ii o n a aa <wb> k a q txh a m a aa q <wb> s a q g a ii t a <wb> m a uu k a y a u q <wb> ch a ee <wb> s a u q d a r a <wb> a n a ee <wb> m a dh a u r a <wb> ph a lx a <wb> p a aa k a ee <wb> ee w a ii <wb> w y a w a s t aa <wb> k a r a ii <wb> ch a ee <wb> a n a ee <wb> aa k a aa sh a m a aa q <wb> a d d a bh u t a <wb> s ou n d a r y a <wb> p aa th a r y u mq <wb> ch a ee,C28 C0 C19 C0 C31 C0 C16 C26 C24 C0 C1 <wb> C19 C0 C23 C35 C0 C22 C0 C1 C23 <wb> C30 C0 C23 C13 C0 C16 C32 C0 <wb> C22 C0 C36 C19 C0 C38 C0 C36 C23 <wb> C6 C0 C11 <wb> C30 C0 C36 C23 C7 C0 C29 C0 <wb> C0 C24 C0 C11 <wb> C22 C0 C8 C0 C36 C29 C0 <wb> C12 C0 C21 C0 <wb> C28 C0 C1 C19 C0 C11 <wb> C11 C37 C0 C16 <wb> C37 C38 C0 C37 C0 C30 C32 C1 <wb> C19 C0 C29 C0 C16 <wb> C6 C0 C11 <wb> C0 C24 C0 C11 <wb> C1 C19 C0 C1 C31 C0 C22 C0 C1 C23 <wb> C0 C7 C7 C0 C4 C36 C32 C0 <wb> C30 C27 C24 C7 C0 C29 C38 C0 <wb> C28 C1 C33 C0 C29 C38 C36 C23 <wb> C6 C0 C11,train
7384,"પાદરની શોભામાં ખાસો વધારો કરતી એ નિશાળ, આજેય ઉજ્જડ પાદરે નતશિરે અદબથી ઊભી છે.",0,8.963,1,,gujarati_female_007384.wav,p aa d a r a n ii <wb> sh o bh aa m aa mq <wb> kh aa s o <wb> w a dh a aa r a o <wb> k a r a t a ii <wb> ee <wb> n a i sh a aa lx a <wb> aa j a ee y a <wb> u j j a dx a <wb> p aa d a r ee <wb> n a t a sh i r ee <wb> a d a b a th ii <wb> uu bh a ii <wb> ch a ee,C28 C1 C7 C0 C29 C0 C24 C16 <wb> C31 C26 C4 C1 C22 C1 C23 <wb> C20 C1 C30 C26 <wb> C37 C0 C8 C0 C1 C29 C0 C26 <wb> C19 C0 C29 C0 C32 C0 C16 <wb> C11 <wb> C24 C0 C16 C31 C0 C1 C21 C0 <wb> C1 C17 C0 C11 C38 C0 <wb> C36 C17 C17 C0 C9 C0 <wb> C28 C1 C7 C0 C29 C11 <wb> C24 C0 C32 C0 C31 C16 C29 C11 <wb> C0 C7 C0 C3 C0 C33 C16 <wb> C36 C4 C0 C16 <wb> C6 C0 C11,train
7385,"પૂનમના ચંદ્રના પ્રકાશ કરતાં, થોડો વધારે પ્રકાશ, અને ઉટિકામાં પ્રકાશ પ્રદૂષિત, નીચાણમાં આવેલી ભેજવાળી કળણભૂમિ માર્શ હતી.",0,13.267,0,not_selected_by_random,,,,
7386,"ચાર ભૂજાઓ દેવગતિ, મનુષ્ય ગતિ તીરીયાગતિ તથા નરકાગતિનાં રૂપે, જૈન ધર્મના ગણીને ખૂબજ મહત્વ આપવામાં આવે છે.",0,11.551,0,not_selected_by_random,,,,
7387,"મહુડાંની ઋતુ ઉલતી જાય, એમ ડાળીએ ડાળીએ કૂણી કથ્થાઈ જાંબલી, કૂંપળો તતડી નીકળે, રાતોરાત વનપટ પડખું બદલી લે છે.",0,11.207,0,not_selected_by_random,,,,
7388,"મેં પેજ દીઠ સાઠ પૈસાની ઓફર કરી, અને દુકાનદાર પંચોતેર પૈસા પકડી બેઠો હતો.",0,7.402,0,not_selected_by_random,,,,
7389,"બહારથી શરીફ લાગતા કિશન જેવા બાહોશ ચોરને પકડવામાં, તેં અમને ખૂબજ મદદ કરી છે.",0,8.164,0,not_selected_by_random,,,,
7390,"પરંતુ હસબન્ડ વાઈફ, બેય કામ કરતા હોય, તેવા ઘરોમાં પણ સ્ત્રીઓને રસોઈમાં ટાઈમ બગાડવો નથી ગમતો અને કૂક રાખે છે.",0,10.242,0,not_selected_by_random,,,,
7391,"રાવસાહેબનો જન્મ, તામિલનાડુના જક સમુદ્રમ્ ગામમાં, ત્રેવીસ મી સપ્ટેમ્બર ઓગણીસો આઠ ના રોજ થયો હતો.",0,9.999,0,not_selected_by_random,,,,
7392,"બન્ને ગોળાર્થોને અલગ પાડતી કાલ્પનિક રેખા, વિષુવવૃત પર સૂર્યનાં કિરણો કાટખૂણે પડે છે, એટલે કે લંબ પડે છે.",0,11.361,0,not_selected_by_random,,,,
7393,"અત્રે ઉલ્લેખનીય છે કે, સરકારે જાન્યુવારી મહિનામાં, મુક્ત વેચાણ માટે સત્તર લાખ ટન સાકર છૂટી કરી છે, જે છેલ્લા ત્રણ વર્ષની તુલનામાં ચૌદ પોઈંટ ત્રણ ટકા વધારે છે.",0,15.853,0,not_selected_by_random,,,,
7394,"આમ કરવું સરળ બનશે, કારણ કે નેનોએનટેના ની પ્રયુક્તિ, ફલેકસીબલ ફિલ્મ એટલે કે લવચીક સ્તર તરીકે તૈયાર થાય છે.",0,10.839,0,not_selected_by_random,,,,
7395,"શિક્ષણની ટેક્નોલોજી કેન્દ્રિત એપ્રોચ અંગે, દરેક સ્તરે આશંકા વ્યક્ત કરવામાં આવે છે.",0,7.864,0,not_selected_by_random,,,,
7396,"આ લાંબી કથાના અંતે, હાલનો વિસ્ફોટ જોઈ, કેટલાક આર્થિક તજ્જ્ઞો, આવા એક સાથે વધારાને બદલે, ધીમા ક્રમશહ વધારાની સલાહ આપે છે.",0,13.154,0,not_selected_by_random,,,,
7397,"સેહવાગે આગવી લય મેળવતા, છપન બોલમાં આઠ ચોગ્ગા અને એક છગ્ગા સાથે ચોપન રન ફટકાર્યા હતા.",0,9.998,0,not_selected_by_random,,,,
7398,"એ દિવસોમાં, નિમ્ન મધ્યમવર્ગના ભારતીય કુટુંબોમાં, મેટ્રીક્યુલેશન થવું તે પણ ઘણું શિક્ષણ માનવામાં આવતું હતું.",0,10.148,0,not_selected_by_random,,,,
7399,"માનવી માનવી વચ્ચે ઊંચનીચનો ભેદ ન રહે, સ્ત્રીપુરુષ વચ્ચે સમાનતા રહે, સામાજિક ન્યાય સ્થપાય, એ આદર્શોને બંધારણમાં સ્વીકાર્યા.",0,12.535,0,not_selected_by_random,,,,
7400,"સોરઠમાં વહીવટ કરવા આવેલ, શેરખાન બાબીએ, દિલ્હીના બાદશાહના સમયમાં, વહીવટી અંધાઘૂંધીનો લાભ લીધો.",0,10.671,0,not_selected_by_random,,,,
7401,"કમિશનર તરીકે નિમણુંકને, બાર મી જુલાઇના રોજ, એક વર્ષ પૂરું થયું તે નિમિત્તે પત્રકારો સાથે વાતચીત કરી.",0,10.075,0,not_selected_by_random,,,,
7402,"બૉલીવુડનો નામાંકિત ચેહેરો જ્યારે લાગણીવશ થઇને, સામાજીક સમસ્યાઓ ચર્ચે ત્યારે પ્રથમ નજરે ગમે છે.",0,10.035,0,not_selected_by_random,,,,
7403,"અને ગાજ્યા મેહ વરસતા નથી, તેમજ ભસતા કૂતરા કરડતા નથી, એ કહેવત પાછળ પણ આ જ હેતુ છુપાયેલો છે !.",0,9.079,1,,gujarati_female_007403.wav,a n a ee <wb> g aa j y aa <wb> m ee h a <wb> w a r a s a t aa <wb> n a th a ii <wb> t a ee m a j a <wb> bh a s a t aa <wb> k uu t a r aa <wb> k a r a dx a t aa <wb> n a th a ii <wb> ee <wb> k a h ee w a t a <wb> p a aa ch a lx a <wb> p a nx a <wb> aa <wb> j a <wb> h a ee t a u <wb> ch u p aa y ee l o <wb> ch a ee,C0 C24 C0 C11 <wb> C13 C1 C17 C38 C1 <wb> C22 C11 C15 C0 <wb> C37 C0 C29 C0 C30 C0 C32 C1 <wb> C24 C0 C33 C0 C16 <wb> C32 C0 C11 C22 C0 C17 C0 <wb> C4 C0 C30 C0 C32 C1 <wb> C19 C36 C32 C0 C29 C1 <wb> C19 C0 C29 C0 C9 C0 C32 C1 <wb> C24 C0 C33 C0 C16 <wb> C11 <wb> C19 C0 C15 C11 C37 C0 C32 C0 <wb> C28 C0 C1 C6 C0 C21 C0 <wb> C28 C0 C25 C0 <wb> C1 <wb> C17 C0 <wb> C15 C0 C11 C32 C0 C36 <wb> C6 C36 C28 C1 C38 C11 C21 C26 <wb> C6 C0 C11,train
7404,"અગિયાર સભ્યોના આ ગ્રૂપમાં, પાંચેક વુમન પણ છે, જે સ્પેશિયલ લેડિઝની બ્યુટિ તેમજ હેરકટ ફ્રીમાં કરશે.",0,9.808,0,not_selected_by_random,,,,
7405,"સમાચાર મુજબ, વર્ષ બે હઝાર, અને બે હઝાર દસ વચ્ચે, સમગ્ર વિશ્વમાં ખેતીલાયક, ઓગન પચાસ કરોડ આઠ લાખ એકર જમીનનું, અધિગ્રહણ કરવામાં આવ્યું છે.",0,15.023,0,not_selected_by_random,,,,
7406,"જે માણસને કાગળ પર કરાતા, લીટાડિયા ડુડલ્સ!, થી માંડીને છેક ડિપ્રેશનમાં આવીને આત્મહત્યા કરવા સુધ્ધાં પ્રેરે છે!.",0,11.151,0,not_selected_by_random,,,,
7407,"જ્યારે સાયન્ટીફીક સ્ટાન્ડર્ડ પ્રમાણે, જેનોમ સિકવન્સીંગ ની વાત નીકળે, ત્યારે જેનોમનાં વિવરણ માટે સમસ્યારૂપ સાબીત થાય છે.",0,10.8,0,not_selected_by_random,,,,
7408,"હોલીવુડનાં વિશ્વ પ્રસિઘ્ધ પોપ સિંગર, સ્વર્ગીય માઈકલ જેક્સનની ઘણી બધી યાદગાર ચીજવસ્તુઓની હરાજી વિદેશોમાં થઈ છે.",0,11.354,0,not_selected_by_random,,,,
7409,"નાસીકની ડેન્ટલ કોલેજના ફક્ત એકવીસ વર્ષની ઊંમરના સમીર જૈન પણ, યુવા શોધકની ઉપલી હરોલમાં છે.",0,9.334,1,,gujarati_female_007409.wav,n aa s ii k a n ii <wb> dx ee n tx a l a <wb> k a o l a ee j a n a aa <wb> ph a k a t a <wb> ee k a w a ii s a <wb> w a r a sx a n a ii <wb> uu mq m a r a n aa <wb> s a m ii r a <wb> j a ei n a <wb> p a nx a <wb> y a u w a aa <wb> sh o dh a k a n ii <wb> u p a l ii <wb> h a r o l a m aa mq <wb> ch a ee,C24 C1 C30 C16 C19 C0 C24 C16 <wb> C9 C11 C24 C34 C0 C21 C0 <wb> C19 C0 C26 C21 C0 C11 C17 C0 C24 C0 C1 <wb> C12 C0 C19 C0 C32 C0 <wb> C11 C19 C0 C37 C0 C16 C30 C0 <wb> C37 C0 C29 C0 C31 C0 C24 C0 C16 <wb> C36 C23 C22 C0 C29 C0 C24 C1 <wb> C30 C0 C22 C16 C29 C0 <wb> C17 C0 C2 C24 C0 <wb> C28 C0 C25 C0 <wb> C38 C0 C36 C37 C0 C1 <wb> C31 C26 C8 C0 C19 C0 C24 C16 <wb> C36 C28 C0 C21 C16 <wb> C15 C0 C29 C26 C21 C0 C22 C1 C23 <wb> C6 C0 C11,train
7410,"તે સાચી વાત છે કે તેને ક્યારેક ગુસ્સો ચઢે, ચીડ ચઢે, અણગમો પેદા થાય, પણ આવું બને ત્યારે તેણે તરત સમતુલના પ્રાપ્ત કરવાની ત્રેવડ કેળવવી જોઈયે.",0,13.305,1,,gujarati_female_007410.wav,t a ee <wb> s a aa c a ii <wb> w a aa t a <wb> ch a ee <wb> k a ee <wb> t a ee n a ee <wb> k a y a aa r a ee k a <wb> g a u s a s a o <wb> c a dxh a ee <wb> c ii dx a <wb> c a dxh a ee <wb> a nx a g a m o <wb> p a ee d a aa <wb> th a aa y a <wb> p a nx a <wb> aa w a u q <wb> b a n a ee <wb> t a y a aa r a ee <wb> t a ee nx a ee <wb> t a r a t a <wb> s a m a t u l a n aa <wb> p a r a aa p a t a <wb> k a r a w a aa n a ii <wb> t a r a ee w a dx a <wb> k ee lx a w a w ii <wb> j a o ii y a ee,C32 C0 C11 <wb> C30 C0 C1 C5 C0 C16 <wb> C37 C0 C1 C32 C0 <wb> C6 C0 C11 <wb> C19 C0 C11 <wb> C32 C0 C11 C24 C0 C11 <wb> C19 C0 C38 C0 C1 C29 C0 C11 C19 C0 <wb> C13 C0 C36 C30 C0 C30 C0 C26 <wb> C5 C0 C10 C0 C11 <wb> C5 C16 C9 C0 <wb> C5 C0 C10 C0 C11 <wb> C0 C25 C0 C13 C0 C22 C26 <wb> C28 C0 C11 C7 C0 C1 <wb> C33 C0 C1 C38 C0 <wb> C28 C0 C25 C0 <wb> C1 C37 C0 C36 C23 <wb> C3 C0 C24 C0 C11 <wb> C32 C0 C38 C0 C1 C29 C0 C11 <wb> C32 C0 C11 C25 C0 C11 <wb> C32 C0 C29 C0 C32 C0 <wb> C30 C0 C22 C0 C32 C36 C21 C0 C24 C1 <wb> C28 C0 C29 C0 C1 C28 C0 C32 C0 <wb> C19 C0 C29 C0 C37 C0 C1 C24 C0 C16 <wb> C32 C0 C29 C0 C11 C37 C0 C9 C0 <wb> C19 C11 C21 C0 C37 C0 C37 C16 <wb> C17 C0 C26 C16 C38 C0 C11,train
7411,"ખગોળ વિજ્ઞાનીઓએ તાજેતરમાં એક અદ્ભુત જગત, ડાયમંડ પ્લેનેટ શોધેલ.",0,6.866,0,not_selected_by_random,,,,
7412,"અમે લોકોએ એકબીજાને ગોળ ખવડાવીને, ત્યાસી ના વર્લ્ડકપની જીતનું સેલિબ્રેશન કર્યું હતુ.",0,7.732,1,,gujarati_female_007412.wav,a m a ee <wb> l a o k a o ee <wb> ee k a b a ii j a aa n a ee <wb> g a o lx a <wb> kh a w a dx aa w ii n ee <wb> t a y a aa s a ii <wb> n a aa <wb> w a r a l a dx a k a p a n a ii <wb> j ii t a n u mq <wb> s a ee l a i b a r a ee sh a n a <wb> k a r a y a u q <wb> h a t a u,C0 C22 C0 C11 <wb> C21 C0 C26 C19 C0 C26 C11 <wb> C11 C19 C0 C3 C0 C16 C17 C0 C1 C24 C0 C11 <wb> C13 C0 C26 C21 C0 <wb> C20 C0 C37 C0 C9 C1 C37 C16 C24 C11 <wb> C32 C0 C38 C0 C1 C30 C0 C16 <wb> C24 C0 C1 <wb> C37 C0 C29 C0 C21 C0 C9 C0 C19 C0 C28 C0 C24 C0 C16 <wb> C17 C16 C32 C0 C24 C36 C23 <wb> C30 C0 C11 C21 C0 C16 C3 C0 C29 C0 C11 C31 C0 C24 C0 <wb> C19 C0 C29 C0 C38 C0 C36 C23 <wb> C15 C0 C32 C0 C36,train
7413,"અમેરિકન ફાઉન્ડેશન ફોર ધ સ્ટડી ઓફ મેન, એએફએસએમ ના ડેપ્યુટી ફિલ્ડ ડિરેકટર જણાવે છે કે.",0,10.092,0,not_selected_by_random,,,,
7414,"નાગપુર અને વડોદરા જેવા શહેરો, ક્રમશઃ વધારેને વધારે વિસ્તરી રહ્યા છે.",0,6.409,1,,gujarati_female_007414.wav,n aa g a p u r a <wb> a n a ee <wb> w a dx a o d a r a aa <wb> j a ee w a aa <wb> sh a h a ee r a o <wb> k a r a m a sh a hq <wb> w a dh aa r ee n ee <wb> w a dh a aa r a ee <wb> w i s t a r ii <wb> r a h a y a aa <wb> ch a ee,C24 C1 C13 C0 C28 C36 C29 C0 <wb> C0 C24 C0 C11 <wb> C37 C0 C9 C0 C26 C7 C0 C29 C0 C1 <wb> C17 C0 C11 C37 C0 C1 <wb> C31 C0 C15 C0 C11 C29 C0 C26 <wb> C19 C0 C29 C0 C22 C0 C31 C0 C15 <wb> C37 C0 C8 C1 C29 C11 C24 C11 <wb> C37 C0 C8 C0 C1 C29 C0 C11 <wb> C37 C16 C30 C32 C0 C29 C16 <wb> C29 C0 C15 C0 C38 C0 C1 <wb> C6 C0 C11,train
7415,વૃક્ષની ચોતરફ એક સુગંધનું ઘટ્ટ વાદળ વીંટળાયેલું રહે છે.,0,5.503,1,,gujarati_female_007415.wav,w rq k sx a n ii <wb> c o t a r a ph a <wb> ee k a <wb> s u g a mq dh a n u mq <wb> gh a tx a tx a <wb> w a aa d a lx a <wb> w ii mq tx a lx aa y ee l u mq <wb> r a h a ee <wb> ch a ee,C37 C29 C19 C31 C0 C24 C16 <wb> C5 C26 C32 C0 C29 C0 C12 C0 <wb> C11 C19 C0 <wb> C30 C36 C13 C0 C23 C8 C0 C24 C36 C23 <wb> C14 C0 C34 C0 C34 C0 <wb> C37 C0 C1 C7 C0 C21 C0 <wb> C37 C16 C23 C34 C0 C21 C1 C38 C11 C21 C36 C23 <wb> C29 C0 C15 C0 C11 <wb> C6 C0 C11,train
7416,"તેની આખરી ફિલ્મ, રોકસ્ટાર માંથી તેની શરણાઈ, કિશોરકુમારનું સૌથી આખરી, રીલીઝ થયા વગરનું ગીત વિગેરેનો સમાવેશ થાય છે.",0,11.742,0,not_selected_by_random,,,,
7417,તેમને પ્રાણવાયુના બાટલા રાખવાની સગવડ કરવી પડે છે.,0,5.058,0,not_selected_by_random,,,,
7418,"ઓગણીસો છન્નું ની સાલમાં, ભારત વતી ટેસ્ટ ક્રિકેટમાં પદાર્પણ કર્યું, ત્યારે જેની કલ્પના પણ નહીં કરી હોય, તેવી વિરલ સિદ્ધિઓ તેને પ્રાપ્ત થઇ હતી.",0,12.33,1,,gujarati_female_007418.wav,o g a nx a ii s a o <wb> ch a n a n a u q <wb> n a ii <wb> s a aa l a m a aa q <wb> bh a aa r a t a <wb> w a t ii <wb> tx a ee s a tx a <wb> k a r a i k a ee tx a m a aa q <wb> p a d aa r p a nx a <wb> k a r a y a u q <wb> t a y a aa r a ee <wb> j a ee n a ii <wb> k a l a p a n a aa <wb> p a nx a <wb> n a h a ii q <wb> k a r a ii <wb> h a o y a <wb> t a ee w a ii <wb> w a i r a l a <wb> s a i d a dh a i o <wb> t a ee n a ee <wb> p a r a aa p a t a <wb> th a i <wb> h a t a ii,C26 C13 C0 C25 C0 C16 C30 C0 C26 <wb> C6 C0 C24 C0 C24 C0 C36 C23 <wb> C24 C0 C16 <wb> C30 C0 C1 C21 C0 C22 C0 C1 C23 <wb> C4 C0 C1 C29 C0 C32 C0 <wb> C37 C0 C32 C16 <wb> C34 C0 C11 C30 C0 C34 C0 <wb> C19 C0 C29 C0 C16 C19 C0 C11 C34 C0 C22 C0 C1 C23 <wb> C28 C0 C7 C1 C29 C28 C0 C25 C0 <wb> C19 C0 C29 C0 C38 C0 C36 C23 <wb> C32 C0 C38 C0 C1 C29 C0 C11 <wb> C17 C0 C11 C24 C0 C16 <wb> C19 C0 C21 C0 C28 C0 C24 C0 C1 <wb> C28 C0 C25 C0 <wb> C24 C0 C15 C0 C16 C23 <wb> C19 C0 C29 C0 C16 <wb> C15 C0 C26 C38 C0 <wb> C32 C0 C11 C37 C0 C16 <wb> C37 C0 C16 C29 C0 C21 C0 <wb> C30 C0 C16 C7 C0 C8 C0 C16 C26 <wb> C32 C0 C11 C24 C0 C11 <wb> C28 C0 C29 C0 C1 C28 C0 C32 C0 <wb> C33 C0 C16 <wb> C15 C0 C32 C0 C16,train
7419,લાક્ષાગૃહમાં પાંડવોને જીવતા બાળી મૂકવાનું કાવત્રુ નિષ્ફળ ગયા પછી.,0,6.528,0,not_selected_by_random,,,,
7420,કાયરના હાથમાં તલવાર પણ નકામી નિવડે.,0,3.683,0,not_selected_by_random,,,,
7421,"તેમની આ જ હિલચાલને લીધે, ગોળાઓ રચાયા અને તેમાંથી તારાઓ અને ગ્રહોનું નિર્માણ થયું.",0,8.481,0,not_selected_by_random,,,,
7422,ત્યાં અજરામ ભાટ આવી પહોંચ્યો.,0,2.854,0,not_selected_by_random,,,,
7423,"યૂરી માલેનશેનકો પોતાની સાથે પોતાની દીકરીની, એક ઢીંગલી પણ અવકાશમાં લઈ જશે.",0,7.649,0,not_selected_by_random,,,,
7424,કેમકે આ કુદરતના આશિર્વાદનો કોઈ વિકલ્પ નથી.,0,4.546,0,not_selected_by_random,,,,
7425,"આ સમયે ભારત ભુમિનો માનવ સનાતન સત્ય સ્વિકારી, શિવાલયમાં શિવરાત્રીએ દોટ મેલે છે.",0,8.728,0,not_selected_by_random,,,,
7426,ક્રિકેટના નામે એક દિવસનો ઘંઘો કુરબાન.,0,3.676,0,not_selected_by_random,,,,
7427,"એલન થોમ્સનને, તેની અનોખી બોલિંગ એકશનના કારણે, ફ્રોગીનું હુલામણુ નામ મળ્યુ હતુ.",0,7.565,0,not_selected_by_random,,,,
7428,"એક સસલાને આવી ધમકીભરી વાત કરતો સાંભળીને, હાથીઓના રાજાને નવાઈ લાગી.",0,6.711,1,,gujarati_female_007428.wav,ee k a <wb> s a s a l aa n ee <wb> aa w a ii <wb> dh a m a k ii bh a r ii <wb> w a aa t a <wb> k a r a t a o <wb> s a aa q bh a lx a ii n a ee <wb> h aa th ii o n aa <wb> r a aa j a aa n a ee <wb> n a w a aa ii <wb> l a aa g a ii,C11 C19 C0 <wb> C30 C0 C30 C0 C21 C1 C24 C11 <wb> C1 C37 C0 C16 <wb> C8 C0 C22 C0 C19 C16 C4 C0 C29 C16 <wb> C37 C0 C1 C32 C0 <wb> C19 C0 C29 C0 C32 C0 C26 <wb> C30 C0 C1 C23 C4 C0 C21 C0 C16 C24 C0 C11 <wb> C15 C1 C33 C16 C26 C24 C1 <wb> C29 C0 C1 C17 C0 C1 C24 C0 C11 <wb> C24 C0 C37 C0 C1 C16 <wb> C21 C0 C1 C13 C0 C16,train
7429,"સવારે પાકેલાં ખેતરો પર કાન માંડીએ, તો રણકતાં સંભળાય, જાણે સોનેરી ઘંટડીઓ રણકતી ના હોય !.",0,8.467,0,not_selected_by_random,,,,
7430,"રાજ્ય અને કેન્દ્રની સરકારો, પીડિતોને ન્યાય અપાવવામાં એટલી નબળી.",0,5.271,1,,gujarati_female_007430.wav,r a aa j a y a <wb> a n a ee <wb> k a ee n a d a r a n a ii <wb> s a r a k aa r o <wb> p ii dx i t o n ee <wb> n a y a aa y a <wb> a p a aa w a w a aa m a aa q <wb> ee tx a l a ii <wb> n a b a lx a ii,C29 C0 C1 C17 C0 C38 C0 <wb> C0 C24 C0 C11 <wb> C19 C0 C11 C24 C0 C7 C0 C29 C0 C24 C0 C16 <wb> C30 C0 C29 C0 C19 C1 C29 C26 <wb> C28 C16 C9 C16 C32 C26 C24 C11 <wb> C24 C0 C38 C0 C1 C38 C0 <wb> C0 C28 C0 C1 C37 C0 C37 C0 C1 C22 C0 C1 C23 <wb> C11 C34 C0 C21 C0 C16 <wb> C24 C0 C3 C0 C21 C0 C16,val
7431,"પોલીસે લોકો પર ખુલ્લો ગોળીબાર કરતાં, લોકોમાં રોષ ભભૂકી ઊઠયો હતો.",0,5.619,1,,gujarati_female_007431.wav,p a o l a ii s a ee <wb> l a o k a o <wb> p a r a <wb> kh u l l o <wb> g o lx ii b aa r a <wb> k a r a t a aa q <wb> l a o k a o m a aa q <wb> r o sx a <wb> bh a bh uu k ii <wb> uu txh a y o <wb> h a t a o,C28 C0 C26 C21 C0 C16 C30 C0 C11 <wb> C21 C0 C26 C19 C0 C26 <wb> C28 C0 C29 C0 <wb> C20 C36 C21 C21 C26 <wb> C13 C26 C21 C16 C3 C1 C29 C0 <wb> C19 C0 C29 C0 C32 C0 C1 C23 <wb> C21 C0 C26 C19 C0 C26 C22 C0 C1 C23 <wb> C29 C26 C31 C0 <wb> C4 C0 C4 C36 C19 C16 <wb> C36 C35 C0 C38 C26 <wb> C15 C0 C32 C0 C26,train
7432,બ્રાહ્મણના શ્લોકે આજે મારી આંખો ઉઘાડી છે.,0,4.232,0,not_selected_by_random,,,,
7433,એ શીર્ષસ્મૃતિ સાથે ભોળાભાઇનું જવું તે પણ એક રૂડો જોગસંજોગ છે.,0,7.11,0,not_selected_by_random,,,,
7434,"ત્યારે યોકોવિચે આક્રમક રમત દર્શાવતા, મરેની સર્વિસ બ્રેક કર્યા બાદ, નિર્ણાયક વિજય મેળવ્યો હતો.",0,8.878,0,not_selected_by_random,,,,
7435,"પણ બિગ બેન્ગ સમયના સંજોગો સર્જવામાં, તેમની ક્ષમતા ઊણી પુરવાર થતી હતી.",0,7.396,0,not_selected_by_random,,,,
7436,"થોડીવાર પછી એક યુવકે ફરી પૂછ્યું કે, પિતાજી, જો મારો પ્રથમ નંબર આવે, તો હોન્ડાની નવી સ્પોર્ટસ કાર મને ભેટમાં આપશો ને ?.",0,10.617,0,not_selected_by_random,,,,
7437,"ખોખલી અને ભ્રષ્ટ પુરવાર થઇ છે, કે એક આંગળી બીજા તરફ ચીંધવા જતાં, ચાર આંગળી પોતાની તરફ તકાય.",0,9.375,0,not_selected_by_random,,,,
7438,"તેનું નાણું તે બૅંક કરતાં વ્યવસાયમાં, કે ભોગ પાછળ ખર્ચવાનું યોગ્ય હતો.",0,6.935,0,not_selected_by_random,,,,
7439,હું ગુજરાતને મારા સ્ટન્ટ બતાવી મંત્રમુગ્ધ કરવા માટે અધીરો બન્યો હતો.,0,6.237,0,not_selected_by_random,,,,
7440,"ખેલાડીઓના આહારમાં સ્ટાર્ચ સંભવતઃ, ઊર્જાનો સૌથી અગત્યનો સ્ત્રોત છે.",0,6.763,0,not_selected_by_random,,,,
7441,"વરુ જેવું કૂદીને પેટીમાં પડ્યું એવું જ, સસલાએ પેટીનું ઢાંકણું ધડામ કરતું બંધ કરી દીધું, અને ખંભાતી તાળું લગાવી દીધું.",0,10.588,1,,gujarati_female_007441.wav,w a r u <wb> j a ee w a u q <wb> k uu d ii n ee <wb> p ee tx ii m aa mq <wb> p a dx a y a u q <wb> ee w a u q <wb> j a <wb> s a s a l aa ee <wb> p ee tx ii n u mq <wb> dxh aa mq k a nx u mq <wb> dh a dx aa m a <wb> k a r a t a u q <wb> b a q dh a <wb> k a r a ii <wb> d a ii dh a u q <wb> a n a ee <wb> kh a mq bh aa t ii <wb> t aa lx u mq <wb> l a g a aa w a ii <wb> d a ii dh a u q,C37 C0 C29 C36 <wb> C17 C0 C11 C37 C0 C36 C23 <wb> C19 C36 C7 C16 C24 C11 <wb> C28 C11 C34 C16 C22 C1 C23 <wb> C28 C0 C9 C0 C38 C0 C36 C23 <wb> C11 C37 C0 C36 C23 <wb> C17 C0 <wb> C30 C0 C30 C0 C21 C1 C11 <wb> C28 C11 C34 C16 C24 C36 C23 <wb> C10 C1 C23 C19 C0 C25 C36 C23 <wb> C8 C0 C9 C1 C22 C0 <wb> C19 C0 C29 C0 C32 C0 C36 C23 <wb> C3 C0 C23 C8 C0 <wb> C19 C0 C29 C0 C16 <wb> C7 C0 C16 C8 C0 C36 C23 <wb> C0 C24 C0 C11 <wb> C20 C0 C23 C4 C1 C32 C16 <wb> C32 C1 C21 C36 C23 <wb> C21 C0 C13 C0 C1 C37 C0 C16 <wb> C7 C0 C16 C8 C0 C36 C23,train
7442,વેચનાર યુવાનના ગાલે મીઠાં ખંજન પડે છે.,0,3.715,1,,gujarati_female_007442.wav,w ee c a n aa r a <wb> y a u w a aa n a n a aa <wb> g aa l ee <wb> m ii txh aa mq <wb> kh a mq j a n a <wb> p a dx a ee <wb> ch a ee,C37 C11 C5 C0 C24 C1 C29 C0 <wb> C38 C0 C36 C37 C0 C1 C24 C0 C24 C0 C1 <wb> C13 C1 C21 C11 <wb> C22 C16 C35 C1 C23 <wb> C20 C0 C23 C17 C0 C24 C0 <wb> C28 C0 C9 C0 C11 <wb> C6 C0 C11,train
7443,"અલબત્ત પક્ષીના અંગ-ઉપાંગો, આર્કીઓપટેરીક્સને ઘણી બધી રીતે મળતાં આવતા હોવા છતાં, તે થેરાપોડ ડાયનાસોરને પણ મળતાં આવતા હતા.",0,12.77,0,not_selected_by_random,,,,
7444,એણે ઊકળતા પાણીની જોસભેર ધાર કરવા માંડી.,0,4.978,0,not_selected_by_random,,,,
7445,"આને લઈ જઈને, ખજાનચીને આપી દો, અને કહો કે આ ભેટ ખજાનામાં સાચવીને રાખે",0,7.406,0,not_selected_by_random,,,,
7446,આગની નાની નાની જ્વાળા સમાં પલાશપુષ્પો.,0,3.912,0,not_selected_by_random,,,,
7447,કાગડાની ચાંચ પાણીને અડવા લાગી.,0,3.285,0,not_selected_by_random,,,,
7448,"અલબત્ત, માયાવતીએ ઊભાં કરેલાં સ્મારકોની ઘણું કરીને.",0,5.125,0,not_selected_by_random,,,,
7449,જૂનાગઢના બાબી નવાબો ચુસ્ત મુસ્લિમ હોવા છતાં સહિષ્ણુ હતા.,0,6.502,0,not_selected_by_random,,,,
7450,અને દિલધડક દૃશ્યો સર્જાશે.,0,2.912,0,not_selected_by_random,,,,
7451,ભૂંકવાનો અવાજ સાંભળીને ખેતરનો રખેવાળ દોડી આવ્યો.,0,5.25,0,not_selected_by_random,,,,
