row_id,text,gender,duration_sec,selected,exclusion_reason,filename,baseline_tokens,clustered_tokens,split
4505,"प्रसिद्द कबीर अध्येता, पुरुषोत्तम अग्रवाल का यह शोध आलेख, उस रामानंद की खोज करता है",1,6.961,0,not_selected_by_random,,,,
4507,"उस पर, इन चार कवियों का गहरा असर है",1,3.436,0,not_selected_by_random,,,,
4508,"इसे कई बार, मंचित भी किया गया है",1,2.368,1,,hindi_female_004508.wav,i s a ee <wb> k a ii <wb> b a aa r a <wb> m a q c a i t a <wb> bh a ii <wb> k a i y a aa <wb> g a y a aa <wb> h a ei,C16 C30 C0 C11 <wb> C19 C0 C16 <wb> C3 C0 C1 C29 C0 <wb> C22 C0 C23 C5 C0 C16 C32 C0 <wb> C4 C0 C16 <wb> C19 C0 C16 C38 C0 C1 <wb> C13 C0 C38 C0 C1 <wb> C15 C0 C2,train
4509,"यहाँ प्रस्तुत है, हिन्दी कवि कथाकार, तेजी ग्रोवर के अंग्रेज़ी के मार्फ़त किए गए अनुवाद के कुछ अंश",1,7.662,0,not_selected_by_random,,,,
4511,"दूसरी तरफ़, साक्षात्कार में वे, सुंदर के विरूद्ध, अपनी रणनीति के बारे में बात करते हैं",1,7.056,0,not_selected_by_random,,,,
4512,"उस्ताद बिस्मिल्लाह खान, भारतीय संगीत ही नहीं, समूचे कला संसार में, एक विलक्षण उपस्थिति रहे",1,7.5,1,,hindi_female_004512.wav,u s a t a aa d a <wb> b a i s a m a i l a l a aa h a <wb> kh a aa n a <wb> bh a aa r a t a ii y a <wb> s a q g a ii t a <wb> h a ii <wb> n a h a ii q <wb> s a m a uu c a ee <wb> k a l a aa <wb> s a q s a aa r a <wb> m a ee q <wb> ee k a <wb> w a i l a k a sx a nx a <wb> u p a s a th a i t a i <wb> r a h a ee,C36 C30 C0 C32 C0 C1 C7 C0 <wb> C3 C0 C16 C30 C0 C22 C0 C16 C21 C0 C21 C0 C1 C15 C0 <wb> C20 C0 C1 C24 C0 <wb> C4 C0 C1 C29 C0 C32 C0 C16 C38 C0 <wb> C30 C0 C23 C13 C0 C16 C32 C0 <wb> C15 C0 C16 <wb> C24 C0 C15 C0 C16 C23 <wb> C30 C0 C22 C0 C36 C5 C0 C11 <wb> C19 C0 C21 C0 C1 <wb> C30 C0 C23 C30 C0 C1 C29 C0 <wb> C22 C0 C11 C23 <wb> C11 C19 C0 <wb> C37 C0 C16 C21 C0 C19 C0 C31 C0 C25 C0 <wb> C36 C28 C0 C30 C0 C33 C0 C16 C32 C0 C16 <wb> C29 C0 C15 C0 C11,train
4513,"अपने व्यक्तित्व, और वाद, दोनों से वे, शास्त्रीय संगीत में, एक नए टाईप थे",1,6.65,0,not_selected_by_random,,,,
4515,"यतीन्द्र मिश्र का, सुर की बारादरी, इस नाम से, पेंग्विन यात्रा से शीघ्र प्रकाश्य पुस्तक से लिया गया है, जो उनकी कला, स्थानीय परम्परा, उनके व्यक्तित्व को एक साथ पढ़ती है",1,13.877,0,not_selected_by_random,,,,
4516,"उस्ताद को, ट्रिब्यूट की तरह, लिखा गया, व्योमेश शुक्ल का गद्य, उनकी कला को, सांस्कृतिक राजनीति के, प्रतिरोध के, संकेतों की तरह देखता है",1,11.842,1,,hindi_female_004516.wav,u s a t a aa d a <wb> k a o <wb> tx a r a i b a y a uu tx a <wb> k a ii <wb> t a r a h a <wb> l a i kh a aa <wb> g a y a aa <wb> w a y a o m a ee sh a <wb> sh a u k a l a <wb> k a aa <wb> g a d a y a <wb> u n a k a ii <wb> k a l a aa <wb> k a o <wb> s a aa q s a k a rq t a i k a <wb> r a aa j a n a ii t a i <wb> k a ee <wb> p a r a t a i r a o dh a <wb> k a ee <wb> s a q k a ee t a o q <wb> k a ii <wb> t a r a h a <wb> d a ee kh a t a aa <wb> h a ei,C36 C30 C0 C32 C0 C1 C7 C0 <wb> C19 C0 C26 <wb> C34 C0 C29 C0 C16 C3 C0 C38 C0 C36 C34 C0 <wb> C19 C0 C16 <wb> C32 C0 C29 C0 C15 C0 <wb> C21 C0 C16 C20 C0 C1 <wb> C13 C0 C38 C0 C1 <wb> C37 C0 C38 C0 C26 C22 C0 C11 C31 C0 <wb> C31 C0 C36 C19 C0 C21 C0 <wb> C19 C0 C1 <wb> C13 C0 C7 C0 C38 C0 <wb> C36 C24 C0 C19 C0 C16 <wb> C19 C0 C21 C0 C1 <wb> C19 C0 C26 <wb> C30 C0 C1 C23 C30 C0 C19 C0 C29 C32 C0 C16 C19 C0 <wb> C29 C0 C1 C17 C0 C24 C0 C16 C32 C0 C16 <wb> C19 C0 C11 <wb> C28 C0 C29 C0 C32 C0 C16 C29 C0 C26 C8 C0 <wb> C19 C0 C11 <wb> C30 C0 C23 C19 C0 C11 C32 C0 C26 C23 <wb> C19 C0 C16 <wb> C32 C0 C29 C0 C15 C0 <wb> C7 C0 C11 C20 C0 C32 C0 C1 <wb> C15 C0 C2,train
4517,"इस अंक से हम, एक नया खंड उन कला रूपों पर आरंभ कर रहे हैं, जिन्हें लोक प्रिय, या पॉपुलर कहा जाता है",1,7.802,1,,hindi_female_004517.wav,i s a <wb> a q k a <wb> s a ee <wb> h a m a <wb> ee k a <wb> n a y a aa <wb> kh a q dx a <wb> u n a <wb> k a l a aa <wb> r a uu p a o q <wb> p a r a <wb> aa r a q bh a <wb> k a r a <wb> r a h a ee <wb> h a ei q <wb> j a i n a h a ee q <wb> l a o k a <wb> p a r a i y a <wb> y a aa <wb> p a p a u l a r a <wb> k a h a aa <wb> j a aa t a aa <wb> h a ei,C16 C30 C0 <wb> C0 C23 C19 C0 <wb> C30 C0 C11 <wb> C15 C0 C22 C0 <wb> C11 C19 C0 <wb> C24 C0 C38 C0 C1 <wb> C20 C0 C23 C9 C0 <wb> C36 C24 C0 <wb> C19 C0 C21 C0 C1 <wb> C29 C0 C36 C28 C0 C26 C23 <wb> C28 C0 C29 C0 <wb> C1 C29 C0 C23 C4 C0 <wb> C19 C0 C29 C0 <wb> C29 C0 C15 C0 C11 <wb> C15 C0 C2 C23 <wb> C17 C0 C16 C24 C0 C15 C0 C11 C23 <wb> C21 C0 C26 C19 C0 <wb> C28 C0 C29 C0 C16 C38 C0 <wb> C38 C0 C1 <wb> C28 C0 C28 C0 C36 C21 C0 C29 C0 <wb> C19 C0 C15 C0 C1 <wb> C17 C0 C1 C32 C0 C1 <wb> C15 C0 C2,train
4519,"यूरोप का बायाँ हिस्सा, अफ़्रीका के दाहिने में, और आस्ट्रेलिया का ऊपरी पश्चिमी किनारा, आज के तमिलनाडु के बगल में था",1,8.707,1,,hindi_female_004519.wav,y a uu r a o p a <wb> k a aa <wb> b a aa y a aa mq <wb> h a i s a s a aa <wb> a f a r a ii k a aa <wb> k a ee <wb> d a aa h a i n a ee <wb> m a ee q <wb> ou r a <wb> aa s a tx a r a ee l a i y a aa <wb> k a aa <wb> uu p a r a ii <wb> p a sh a c a i m a ii <wb> k a i n a aa r a aa <wb> aa j a <wb> k a ee <wb> t a m a i l a n a aa dx a u <wb> k a ee <wb> b a g a l a <wb> m a ee q <wb> th a aa,C38 C0 C36 C29 C0 C26 C28 C0 <wb> C19 C0 C1 <wb> C3 C0 C1 C38 C0 C1 C23 <wb> C15 C0 C16 C30 C0 C30 C0 C1 <wb> C0 C12 C0 C29 C0 C16 C19 C0 C1 <wb> C19 C0 C11 <wb> C7 C0 C1 C15 C0 C16 C24 C0 C11 <wb> C22 C0 C11 C23 <wb> C27 C29 C0 <wb> C1 C30 C0 C34 C0 C29 C0 C11 C21 C0 C16 C38 C0 C1 <wb> C19 C0 C1 <wb> C36 C28 C0 C29 C0 C16 <wb> C28 C0 C31 C0 C5 C0 C16 C22 C0 C16 <wb> C19 C0 C16 C24 C0 C1 C29 C0 C1 <wb> C1 C17 C0 <wb> C19 C0 C11 <wb> C32 C0 C22 C0 C16 C21 C0 C24 C0 C1 C9 C0 C36 <wb> C19 C0 C11 <wb> C3 C0 C13 C0 C21 C0 <wb> C22 C0 C11 C23 <wb> C33 C0 C1,train
4521,"मतलब कि, भाषा एक एक्शन नहीं, प्रकृति को देखकर दिया गया, हमारा रिएक्शन मात्र है",1,7.225,0,not_selected_by_random,,,,
4522,"सूरज को देखकर, हर प्रजाति के मनुष्य के मुँह से, रा ही निकला",1,5.421,0,not_selected_by_random,,,,
4523,"इसलिए, मिस्र में भी, सूर्य भगवान, रा हैं, और सिंधु के इस पार भी, सूर्यवंशी भगवान का नाम, राम है",1,9.733,0,not_selected_by_random,,,,
4526,"उसके दोस्त, प्रेमिकाएँ, और रिश्तेदार, उसे इसी नाम से बुलाते थे, और वो भी, अक्सर समझ जाता था, कि क्वैं, उसी को संबोधित है",1,10.911,0,not_selected_by_random,,,,
4527,"क्वैं की उम्र, करीबन अठारह साल रही होगी, यानि कि, वो नवकिशोर था, आज का टीनेजर",1,7.291,1,,hindi_female_004527.wav,k a w a ei q <wb> k a ii <wb> u m a r a <wb> k a r a ii b a n a <wb> a txh a aa r a h a <wb> s a aa l a <wb> r a h a ii <wb> h a o g a ii <wb> y a aa n a i <wb> k a i <wb> w a o <wb> n a w a k a i sh a o r a <wb> th a aa <wb> aa j a <wb> k a aa <wb> tx a ii n a ee j a r a,C19 C0 C37 C0 C2 C23 <wb> C19 C0 C16 <wb> C36 C22 C0 C29 C0 <wb> C19 C0 C29 C0 C16 C3 C0 C24 C0 <wb> C0 C35 C0 C1 C29 C0 C15 C0 <wb> C30 C0 C1 C21 C0 <wb> C29 C0 C15 C0 C16 <wb> C15 C0 C26 C13 C0 C16 <wb> C38 C0 C1 C24 C0 C16 <wb> C19 C0 C16 <wb> C37 C0 C26 <wb> C24 C0 C37 C0 C19 C0 C16 C31 C0 C26 C29 C0 <wb> C33 C0 C1 <wb> C1 C17 C0 <wb> C19 C0 C1 <wb> C34 C0 C16 C24 C0 C11 C17 C0 C29 C0,train
4529,"उसे, जंगली जान वरों से डर लगता था",1,3.15,0,not_selected_by_random,,,,
4531,"उसके अंदर, जाने कहाँ से, एक अजीब सा गुस्सा पनपने लगा था",1,4.667,1,,hindi_female_004531.wav,u s a k a ee <wb> a q d a r a <wb> j a aa n a ee <wb> k a h a aa mq <wb> s a ee <wb> ee k a <wb> a j a ii b a <wb> s a aa <wb> g a u s a s a aa <wb> p a n a p a n a ee <wb> l a g a aa <wb> th a aa,C36 C30 C0 C19 C0 C11 <wb> C0 C23 C7 C0 C29 C0 <wb> C17 C0 C1 C24 C0 C11 <wb> C19 C0 C15 C0 C1 C23 <wb> C30 C0 C11 <wb> C11 C19 C0 <wb> C0 C17 C0 C16 C3 C0 <wb> C30 C0 C1 <wb> C13 C0 C36 C30 C0 C30 C0 C1 <wb> C28 C0 C24 C0 C28 C0 C24 C0 C11 <wb> C21 C0 C13 C0 C1 <wb> C33 C0 C1,test
4537,"जहाँ भी कोई नई ध्वनि सुनता, तुरंत उसे दोहराता",1,3.715,1,,hindi_female_004537.wav,j a h a aa mq <wb> bh a ii <wb> k a o ii <wb> n a ii <wb> dh a w a n a i <wb> s a u n a t a aa <wb> t a u r a q t a <wb> u s a ee <wb> d a o h a r a aa t a aa,C17 C0 C15 C0 C1 C23 <wb> C4 C0 C16 <wb> C19 C0 C26 C16 <wb> C24 C0 C16 <wb> C8 C0 C37 C0 C24 C0 C16 <wb> C30 C0 C36 C24 C0 C32 C0 C1 <wb> C32 C0 C36 C29 C0 C23 C32 C0 <wb> C36 C30 C0 C11 <wb> C7 C0 C26 C15 C0 C29 C0 C1 C32 C0 C1,train
4541,"अब, क्वैं का दिन, दो हिस्सों में बँट गया",1,3.517,0,not_selected_by_random,,,,
4544,"कुछ लोगों को तो डर था, कि क्वैं, किसी काले देवता की आराधना करता है",1,5.178,1,,hindi_female_004544.wav,k a u ch a <wb> l a o g a o q <wb> k a o <wb> t a o <wb> dx a r a <wb> th a aa <wb> k a i <wb> k a w a ei q <wb> k a i s a ii <wb> k a aa l a ee <wb> d a ee w a t a aa <wb> k a ii <wb> aa r a aa dh a n a aa <wb> k a r a t a aa <wb> h a ei,C19 C0 C36 C6 C0 <wb> C21 C0 C26 C13 C0 C26 C23 <wb> C19 C0 C26 <wb> C32 C0 C26 <wb> C9 C0 C29 C0 <wb> C33 C0 C1 <wb> C19 C0 C16 <wb> C19 C0 C37 C0 C2 C23 <wb> C19 C0 C16 C30 C0 C16 <wb> C19 C0 C1 C21 C0 C11 <wb> C7 C0 C11 C37 C0 C32 C0 C1 <wb> C19 C0 C16 <wb> C1 C29 C0 C1 C8 C0 C24 C0 C1 <wb> C19 C0 C29 C0 C32 C0 C1 <wb> C15 C0 C2,train
4545,"इस बीच, क्वैं ने अपने कबीले वालों के साथ, खाना बिल्कुल ही बंद कर दिया",1,5.039,1,,hindi_female_004545.wav,i s a <wb> b a ii c a <wb> k a w a ei q <wb> n a ee <wb> a p a n a ee <wb> k a b a ii l a ee <wb> w a aa l a o q <wb> k a ee <wb> s a aa th a <wb> kh a aa n a aa <wb> b a i l a k a u l a <wb> h a ii <wb> b a q d a <wb> k a r a <wb> d a i y a aa,C16 C30 C0 <wb> C3 C0 C16 C5 C0 <wb> C19 C0 C37 C0 C2 C23 <wb> C24 C0 C11 <wb> C0 C28 C0 C24 C0 C11 <wb> C19 C0 C3 C0 C16 C21 C0 C11 <wb> C37 C0 C1 C21 C0 C26 C23 <wb> C19 C0 C11 <wb> C30 C0 C1 C33 C0 <wb> C20 C0 C1 C24 C0 C1 <wb> C3 C0 C16 C21 C0 C19 C0 C36 C21 C0 <wb> C15 C0 C16 <wb> C3 C0 C23 C7 C0 <wb> C19 C0 C29 C0 <wb> C7 C0 C16 C38 C0 C1,train
4549,"कभी कभी, क्वैं गुस्से में पत्थर उठाकर, फेंक भी देता",1,4.133,1,,hindi_female_004549.wav,k a bh a ii <wb> k a bh a ii <wb> k a w a ei q <wb> g a u s a s a ee <wb> m a ee q <wb> p a t a th a r a <wb> u txh a aa k a r a <wb> ph a ee q k a <wb> bh a ii <wb> d a ee t a aa,C19 C0 C4 C0 C16 <wb> C19 C0 C4 C0 C16 <wb> C19 C0 C37 C0 C2 C23 <wb> C13 C0 C36 C30 C0 C30 C0 C11 <wb> C22 C0 C11 C23 <wb> C28 C0 C32 C0 C33 C0 C29 C0 <wb> C36 C35 C0 C1 C19 C0 C29 C0 <wb> C12 C0 C11 C23 C19 C0 <wb> C4 C0 C16 <wb> C7 C0 C11 C32 C0 C1,train
4553,"लेकिन इस बार, क्वैं के हाथ में, वो बारिश वाले पत्थर थे, काले गोल पत्थर, जो टप टप करते थे",1,8.468,0,not_selected_by_random,,,,
4555,"शायद, एक ही वार में खूँ, अंधा हो गया",1,3.019,1,,hindi_female_004555.wav,sh a aa y a d a <wb> ee k a <wb> h a ii <wb> w a aa r a <wb> m a ee q <wb> kh a uu mq <wb> a q dh a aa <wb> h a o <wb> g a y a aa,C31 C0 C1 C38 C0 C7 C0 <wb> C11 C19 C0 <wb> C15 C0 C16 <wb> C37 C0 C1 C29 C0 <wb> C22 C0 C11 C23 <wb> C20 C0 C36 C23 <wb> C0 C23 C8 C0 C1 <wb> C15 C0 C26 <wb> C13 C0 C38 C0 C1,train
4556,"उसके बाद क्वैं ने, नुकीले पत्थर उठा कर, खूँ की एक एक नस काट डाली",1,5.851,1,,hindi_female_004556.wav,u s a k a ee <wb> b a aa d a <wb> k a w a ei q <wb> n a ee <wb> n a u k a ii l a ee <wb> p a t a th a r a <wb> u txh a aa <wb> k a r a <wb> kh a uu mq <wb> k a ii <wb> ee k a <wb> ee k a <wb> n a s a <wb> k a aa tx a <wb> dx a aa l a ii,C36 C30 C0 C19 C0 C11 <wb> C3 C0 C1 C7 C0 <wb> C19 C0 C37 C0 C2 C23 <wb> C24 C0 C11 <wb> C24 C0 C36 C19 C0 C16 C21 C0 C11 <wb> C28 C0 C32 C0 C33 C0 C29 C0 <wb> C36 C35 C0 C1 <wb> C19 C0 C29 C0 <wb> C20 C0 C36 C23 <wb> C19 C0 C16 <wb> C11 C19 C0 <wb> C11 C19 C0 <wb> C24 C0 C30 C0 <wb> C19 C0 C1 C34 C0 <wb> C9 C0 C1 C21 C0 C16,train
4557,"तीन कबीलेवाले, बीच में आए, लेकिन वो भी मारे गए",1,3.901,1,,hindi_female_004557.wav,t a ii n a <wb> k a b a ii l a ee w a aa l a ee <wb> b a ii c a <wb> m a ee q <wb> aa ee <wb> l a ee k a i n a <wb> w a o <wb> bh a ii <wb> m a aa r a ee <wb> g a ee,C32 C0 C16 C24 C0 <wb> C19 C0 C3 C0 C16 C21 C0 C11 C37 C0 C1 C21 C0 C11 <wb> C3 C0 C16 C5 C0 <wb> C22 C0 C11 C23 <wb> C1 C11 <wb> C21 C0 C11 C19 C0 C16 C24 C0 <wb> C37 C0 C26 <wb> C4 C0 C16 <wb> C22 C0 C1 C29 C0 C11 <wb> C13 C0 C11,train
4558,सुबह होते होते पूरा कबीला खाली हो गया,1,3.228,1,,hindi_female_004558.wav,s a u b a h a <wb> h a o t a ee <wb> h a o t a ee <wb> p a uu r a aa <wb> k a b a ii l a aa <wb> kh a aa l a ii <wb> h a o <wb> g a y a aa,C30 C0 C36 C3 C0 C15 C0 <wb> C15 C0 C26 C32 C0 C11 <wb> C15 C0 C26 C32 C0 C11 <wb> C28 C0 C36 C29 C0 C1 <wb> C19 C0 C3 C0 C16 C21 C0 C1 <wb> C20 C0 C1 C21 C0 C16 <wb> C15 C0 C26 <wb> C13 C0 C38 C0 C1,train
4559,"मान लिया गया, कि क्वैं, सचमुच, रात की ही आराधना करता हैं",1,4.667,1,,hindi_female_004559.wav,m a aa n a <wb> l a i y a aa <wb> g a y a aa <wb> k a i <wb> k a w a ei q <wb> s a c a m a u c a <wb> r a aa t a <wb> k a ii <wb> h a ii <wb> aa r a aa dh a n a aa <wb> k a r a t a aa <wb> h a ei q,C22 C0 C1 C24 C0 <wb> C21 C0 C16 C38 C0 C1 <wb> C13 C0 C38 C0 C1 <wb> C19 C0 C16 <wb> C19 C0 C37 C0 C2 C23 <wb> C30 C0 C5 C0 C22 C0 C36 C5 C0 <wb> C29 C0 C1 C32 C0 <wb> C19 C0 C16 <wb> C15 C0 C16 <wb> C1 C29 C0 C1 C8 C0 C24 C0 C1 <wb> C19 C0 C29 C0 C32 C0 C1 <wb> C15 C0 C2 C23,train
4561,"जिन पत्थरों पे खून लग गया था, उन्हें वो, डैन्यूब में धो लाया",1,4.714,1,,hindi_female_004561.wav,j a i n a <wb> p a t a th a r a o q <wb> p a ee <wb> kh a uu n a <wb> l a g a <wb> g a y a aa <wb> th a aa <wb> u n a h a ee q <wb> w a o <wb> dx a ei n a y a uu b a <wb> m a ee q <wb> dh a o <wb> l a aa y a aa,C17 C0 C16 C24 C0 <wb> C28 C0 C32 C0 C33 C0 C29 C0 C26 C23 <wb> C28 C0 C11 <wb> C20 C0 C36 C24 C0 <wb> C21 C0 C13 C0 <wb> C13 C0 C38 C0 C1 <wb> C33 C0 C1 <wb> C36 C24 C0 C15 C0 C11 C23 <wb> C37 C0 C26 <wb> C9 C0 C2 C24 C0 C38 C0 C36 C3 C0 <wb> C22 C0 C11 C23 <wb> C8 C0 C26 <wb> C21 C0 C1 C38 C0 C1,train
4566,"उनकी सांगीतिक प्रतिभा, अप्रतिम है",1,3.13,0,not_selected_by_random,,,,
4567,"वे, राग का विस्तार करने, उसकी संरचना के ब्यौरों को उभारने में, हमेशा बेहद सधे हुए, और जागरूक रहे हैं",1,8.499,1,,hindi_female_004567.wav,w a ee <wb> r a aa g a <wb> k a aa <wb> w a i s a t a aa r a <wb> k a r a n a ee <wb> u s a k a ii <wb> s a q r a c a n a aa <wb> k a ee <wb> b a y a ou r a o q <wb> k a o <wb> u bh a aa r a n a ee <wb> m a ee q <wb> h a m a ee sh a aa <wb> b a ee h a d a <wb> s a dh a ee <wb> h a u ee <wb> ou r a <wb> j a aa g a r a uu k a <wb> r a h a ee <wb> h a ei q,C37 C0 C11 <wb> C29 C0 C1 C13 C0 <wb> C19 C0 C1 <wb> C37 C0 C16 C30 C0 C32 C0 C1 C29 C0 <wb> C19 C0 C29 C0 C24 C0 C11 <wb> C36 C30 C0 C19 C0 C16 <wb> C30 C0 C23 C29 C0 C5 C0 C24 C0 C1 <wb> C19 C0 C11 <wb> C3 C0 C38 C0 C27 C29 C0 C26 C23 <wb> C19 C0 C26 <wb> C36 C4 C0 C1 C29 C0 C24 C0 C11 <wb> C22 C0 C11 C23 <wb> C15 C0 C22 C0 C11 C31 C0 C1 <wb> C3 C0 C11 C15 C0 C7 C0 <wb> C30 C0 C8 C0 C11 <wb> C15 C0 C36 C11 <wb> C27 C29 C0 <wb> C17 C0 C1 C13 C0 C29 C0 C36 C19 C0 <wb> C29 C0 C15 C0 C11 <wb> C15 C0 C2 C23,train
4577,"वे एक साधारण इन्सान हैं, जिनके भीतर, आपको अनायास ही, सहज मानवीयता के दर्शन होते हैं",1,7.291,1,,hindi_female_004577.wav,w a ee <wb> ee k a <wb> s a aa dh a aa r a nx a <wb> i n a s a aa n a <wb> h a ei q <wb> j a i n a k a ee <wb> bh a ii t a r a <wb> aa p a k a o <wb> a n a aa y a aa s a <wb> h a ii <wb> s a h a j a <wb> m a aa n a w a ii y a t a aa <wb> k a ee <wb> d a r a sh a n a <wb> h a o t a ee <wb> h a ei q,C37 C0 C11 <wb> C11 C19 C0 <wb> C30 C0 C1 C8 C0 C1 C29 C0 C25 C0 <wb> C16 C24 C0 C30 C0 C1 C24 C0 <wb> C15 C0 C2 C23 <wb> C17 C0 C16 C24 C0 C19 C0 C11 <wb> C4 C0 C16 C32 C0 C29 C0 <wb> C1 C28 C0 C19 C0 C26 <wb> C0 C24 C0 C1 C38 C0 C1 C30 C0 <wb> C15 C0 C16 <wb> C30 C0 C15 C0 C17 C0 <wb> C22 C0 C1 C24 C0 C37 C0 C16 C38 C0 C32 C0 C1 <wb> C19 C0 C11 <wb> C7 C0 C29 C0 C31 C0 C24 C0 <wb> C15 C0 C26 C32 C0 C11 <wb> C15 C0 C2 C23,train
4578,"ये खान साहब, कोई दूसरे हैं",1,2.067,1,,hindi_female_004578.wav,y a ee <wb> kh a aa n a <wb> s a aa h a b a <wb> k a o ii <wb> d a uu s a r a ee <wb> h a ei q,C38 C0 C11 <wb> C20 C0 C1 C24 C0 <wb> C30 C0 C1 C15 C0 C3 C0 <wb> C19 C0 C26 C16 <wb> C7 C0 C36 C30 C0 C29 C0 C11 <wb> C15 C0 C2 C23,train
4579,"उनसे मिलना, मोमिन के उस शेर से मिलना है, जहाँ वे यह दर्ज करते हैं, तुम मेरे पास होते हो, जब कोई दूसरा नहीं होता",1,9.404,1,,hindi_female_004579.wav,u n a s a ee <wb> m a i l a n a aa <wb> m a o m a i n a <wb> k a ee <wb> u s a <wb> sh a ee r a <wb> s a ee <wb> m a i l a n a aa <wb> h a ei <wb> j a h a aa mq <wb> w a ee <wb> y a h a <wb> d a r a j a <wb> k a r a t a ee <wb> h a ei q <wb> t a u m a <wb> m a ee r a ee <wb> p a aa s a <wb> h a o t a ee <wb> h a o <wb> j a b a <wb> k a o ii <wb> d a uu s a r a aa <wb> n a h a ii q <wb> h a o t a aa,C36 C24 C0 C30 C0 C11 <wb> C22 C0 C16 C21 C0 C24 C0 C1 <wb> C22 C0 C26 C22 C0 C16 C24 C0 <wb> C19 C0 C11 <wb> C36 C30 C0 <wb> C31 C0 C11 C29 C0 <wb> C30 C0 C11 <wb> C22 C0 C16 C21 C0 C24 C0 C1 <wb> C15 C0 C2 <wb> C17 C0 C15 C0 C1 C23 <wb> C37 C0 C11 <wb> C38 C0 C15 C0 <wb> C7 C0 C29 C0 C17 C0 <wb> C19 C0 C29 C0 C32 C0 C11 <wb> C15 C0 C2 C23 <wb> C32 C0 C36 C22 C0 <wb> C22 C0 C11 C29 C0 C11 <wb> C28 C0 C1 C30 C0 <wb> C15 C0 C26 C32 C0 C11 <wb> C15 C0 C26 <wb> C17 C0 C3 C0 <wb> C19 C0 C26 C16 <wb> C7 C0 C36 C30 C0 C29 C0 C1 <wb> C24 C0 C15 C0 C16 C23 <wb> C15 C0 C26 C32 C0 C1,train
4581,"उन्हें काशी से, बेपनाह मुहब्बत है",1,2.74,1,,hindi_female_004581.wav,u n a h a ee q <wb> k a aa sh a ii <wb> s a ee <wb> b a ee p a n a aa h a <wb> m a u h a b a b a t a <wb> h a ei,C36 C24 C0 C15 C0 C11 C23 <wb> C19 C0 C1 C31 C0 C16 <wb> C30 C0 C11 <wb> C3 C0 C11 C28 C0 C24 C0 C1 C15 C0 <wb> C22 C0 C36 C15 C0 C3 C0 C3 C0 C32 C0 <wb> C15 C0 C2,train
4582,"वे शहनाई को, अपनी प्रस्तुति का एक वाद्य यन्त्र नहीं मानते, बल्कि, उसे सखी, और महबूबा कहते हैं",1,8.266,1,,hindi_female_004582.wav,w a ee <wb> sh a h a n a aa ii <wb> k a o <wb> a p a n a ii <wb> p a r a s a t a u t a i <wb> k a aa <wb> ee k a <wb> w a aa d a y a <wb> y a n a t a r a <wb> n a h a ii q <wb> m a aa n a t a ee <wb> b a l a k a i <wb> u s a ee <wb> s a kh a ii <wb> ou r a <wb> m a h a b a uu b a aa <wb> k a h a t a ee <wb> h a ei q,C37 C0 C11 <wb> C31 C0 C15 C0 C24 C0 C1 C16 <wb> C19 C0 C26 <wb> C0 C28 C0 C24 C0 C16 <wb> C28 C0 C29 C0 C30 C0 C32 C0 C36 C32 C0 C16 <wb> C19 C0 C1 <wb> C11 C19 C0 <wb> C37 C0 C1 C7 C0 C38 C0 <wb> C38 C0 C24 C0 C32 C0 C29 C0 <wb> C24 C0 C15 C0 C16 C23 <wb> C22 C0 C1 C24 C0 C32 C0 C11 <wb> C3 C0 C21 C0 C19 C0 C16 <wb> C36 C30 C0 C11 <wb> C30 C0 C20 C0 C16 <wb> C27 C29 C0 <wb> C22 C0 C15 C0 C3 C0 C36 C3 C0 C1 <wb> C19 C0 C15 C0 C32 C0 C11 <wb> C15 C0 C2 C23,train
4583,"अपनी पत्नी के गुजर जाने के बाद से, उनकी यह महबूबा ही, उनके सिरहाने बिस्तर पर, साथ सोती है, और अपने प्रेमी को दो एक क्षण, खुद की खुशी, बटोरने का बहाना देती है",1,13.003,1,,hindi_female_004583.wav,a p a n a ii <wb> p a t a n a ii <wb> k a ee <wb> g a u j a r a <wb> j a aa n a ee <wb> k a ee <wb> b a aa d a <wb> s a ee <wb> u n a k a ii <wb> y a h a <wb> m a h a b a uu b a aa <wb> h a ii <wb> u n a k a ee <wb> s a i r a h a aa n a ee <wb> b a i s a t a r a <wb> p a r a <wb> s a aa th a <wb> s a o t a ii <wb> h a ei <wb> ou r a <wb> a p a n a ee <wb> p a r a ee m a ii <wb> k a o <wb> d a o <wb> ee k a <wb> k a sx a nx a <wb> kh a u d a <wb> k a ii <wb> kh a u sh a ii <wb> b a tx a o r a n a ee <wb> k a aa <wb> b a h a aa n a aa <wb> d a ee t a ii <wb> h a ei,C0 C28 C0 C24 C0 C16 <wb> C28 C0 C32 C0 C24 C0 C16 <wb> C19 C0 C11 <wb> C13 C0 C36 C17 C0 C29 C0 <wb> C17 C0 C1 C24 C0 C11 <wb> C19 C0 C11 <wb> C3 C0 C1 C7 C0 <wb> C30 C0 C11 <wb> C36 C24 C0 C19 C0 C16 <wb> C38 C0 C15 C0 <wb> C22 C0 C15 C0 C3 C0 C36 C3 C0 C1 <wb> C15 C0 C16 <wb> C36 C24 C0 C19 C0 C11 <wb> C30 C0 C16 C29 C0 C15 C0 C1 C24 C0 C11 <wb> C3 C0 C16 C30 C0 C32 C0 C29 C0 <wb> C28 C0 C29 C0 <wb> C30 C0 C1 C33 C0 <wb> C30 C0 C26 C32 C0 C16 <wb> C15 C0 C2 <wb> C27 C29 C0 <wb> C0 C28 C0 C24 C0 C11 <wb> C28 C0 C29 C0 C11 C22 C0 C16 <wb> C19 C0 C26 <wb> C7 C0 C26 <wb> C11 C19 C0 <wb> C19 C0 C31 C0 C25 C0 <wb> C20 C0 C36 C7 C0 <wb> C19 C0 C16 <wb> C20 C0 C36 C31 C0 C16 <wb> C3 C0 C34 C0 C26 C29 C0 C24 C0 C11 <wb> C19 C0 C1 <wb> C3 C0 C15 C0 C1 C24 C0 C1 <wb> C7 C0 C11 C32 C0 C16 <wb> C15 C0 C2,train
4587,"अपने भरे पूरे कुनबे के साथ रहना, और पाँचों वक्त की नमाज़ में संगीत की शुद्धता को मिला देना, उन्हें बखूबी आता है",1,8.243,1,,hindi_female_004587.wav,a p a n a ee <wb> bh a r a ee <wb> p a uu r a ee <wb> k a u n a b a ee <wb> k a ee <wb> s a aa th a <wb> r a h a n a aa <wb> ou r a <wb> p a aa mq c a o q <wb> w a k a t a <wb> k a ii <wb> n a m a aa z a <wb> m a ee q <wb> s a q g a ii t a <wb> k a ii <wb> sh a u d a dh a t a aa <wb> k a o <wb> m a i l a aa <wb> d a ee n a aa <wb> u n a h a ee q <wb> b a kh a uu b a ii <wb> aa t a aa <wb> h a ei,C0 C28 C0 C24 C0 C11 <wb> C4 C0 C29 C0 C11 <wb> C28 C0 C36 C29 C0 C11 <wb> C19 C0 C36 C24 C0 C3 C0 C11 <wb> C19 C0 C11 <wb> C30 C0 C1 C33 C0 <wb> C29 C0 C15 C0 C24 C0 C1 <wb> C27 C29 C0 <wb> C28 C0 C1 C23 C5 C0 C26 C23 <wb> C37 C0 C19 C0 C32 C0 <wb> C19 C0 C16 <wb> C24 C0 C22 C0 C1 C17 C0 <wb> C22 C0 C11 C23 <wb> C30 C0 C23 C13 C0 C16 C32 C0 <wb> C19 C0 C16 <wb> C31 C0 C36 C7 C0 C8 C0 C32 C0 C1 <wb> C19 C0 C26 <wb> C22 C0 C16 C21 C0 C1 <wb> C7 C0 C11 C24 C0 C1 <wb> C36 C24 C0 C15 C0 C11 C23 <wb> C3 C0 C20 C0 C36 C3 C0 C16 <wb> C1 C32 C0 C1 <wb> C15 C0 C2,train
4588,"गंगा के पानी के लिये, उनकी श्रद्धा देखते बनती है",1,4.324,0,not_selected_by_random,,,,
4590,"वे प्रेम को इतने नज़दीक से महसूस करते हैं, कि प्रेम का वितान रचने वाले, रागों के पीछे पगलाये से घूमते हैं",1,8.429,0,not_selected_by_random,,,,
4592,"लगता है, उनकी शहनाई के सात, सुरों ने ही, ऊपर सात आसमान रचा है",1,5.944,1,,hindi_female_004592.wav,l a g a t a aa <wb> h a ei <wb> u n a k a ii <wb> sh a h a n a aa ii <wb> k a ee <wb> s a aa t a <wb> s a u r a o q <wb> n a ee <wb> h a ii <wb> uu p a r a <wb> s a aa t a <wb> aa s a m a aa n a <wb> r a c a aa <wb> h a ei,C21 C0 C13 C0 C32 C0 C1 <wb> C15 C0 C2 <wb> C36 C24 C0 C19 C0 C16 <wb> C31 C0 C15 C0 C24 C0 C1 C16 <wb> C19 C0 C11 <wb> C30 C0 C1 C32 C0 <wb> C30 C0 C36 C29 C0 C26 C23 <wb> C24 C0 C11 <wb> C15 C0 C16 <wb> C36 C28 C0 C29 C0 <wb> C30 C0 C1 C32 C0 <wb> C1 C30 C0 C22 C0 C1 C24 C0 <wb> C29 C0 C5 C0 C1 <wb> C15 C0 C2,test
4595,"इस बागीचे में आप शुरू से अन्त तक घूम आइये, तो दुनिया भर की सुन्दर चीज़ों के साथ, एक अनन्यता महसूस करेंगें",1,7.988,1,,hindi_female_004595.wav,i s a <wb> b a aa g a ii c a ee <wb> m a ee q <wb> aa p a <wb> sh a u r a uu <wb> s a ee <wb> a n a t a <wb> t a k a <wb> gh a uu m a <wb> aa i y a ee <wb> t a o <wb> d a u n a i y a aa <wb> bh a r a <wb> k a ii <wb> s a u n a d a r a <wb> c a ii z a o q <wb> k a ee <wb> s a aa th a <wb> ee k a <wb> a n a n a y a t a aa <wb> m a h a s a uu s a <wb> k a r a ee q g a ee q,C16 C30 C0 <wb> C3 C0 C1 C13 C0 C16 C5 C0 C11 <wb> C22 C0 C11 C23 <wb> C1 C28 C0 <wb> C31 C0 C36 C29 C0 C36 <wb> C30 C0 C11 <wb> C0 C24 C0 C32 C0 <wb> C32 C0 C19 C0 <wb> C14 C0 C36 C22 C0 <wb> C1 C16 C38 C0 C11 <wb> C32 C0 C26 <wb> C7 C0 C36 C24 C0 C16 C38 C0 C1 <wb> C4 C0 C29 C0 <wb> C19 C0 C16 <wb> C30 C0 C36 C24 C0 C7 C0 C29 C0 <wb> C5 C0 C16 C17 C0 C26 C23 <wb> C19 C0 C11 <wb> C30 C0 C1 C33 C0 <wb> C11 C19 C0 <wb> C0 C24 C0 C24 C0 C38 C0 C32 C0 C1 <wb> C22 C0 C15 C0 C30 C0 C36 C30 C0 <wb> C19 C0 C29 C0 C11 C23 C13 C0 C11 C23,train
4596,"कुल मिलाकर, किस्सा कोताह, यह कि, बिस्मिल्ला खान, सिर्फ़ एक कलाकार नहीं हैं, वह मानवीय गरिमा की सबसे सरलतम अभि व्यक्ति हैं",1,10.527,0,not_selected_by_random,,,,
4598,आधा गाँव उपन्यास की पहली पंक्ति है,1,2.554,1,,hindi_female_004598.wav,aa dh a aa <wb> g a aa mq w a <wb> u p a n a y a aa s a <wb> k a ii <wb> p a h a l a ii <wb> p a q k a t a i <wb> h a ei,C1 C8 C0 C1 <wb> C13 C0 C1 C23 C37 C0 <wb> C36 C28 C0 C24 C0 C38 C0 C1 C30 C0 <wb> C19 C0 C16 <wb> C28 C0 C15 C0 C21 C0 C16 <wb> C28 C0 C23 C19 C0 C32 C0 C16 <wb> C15 C0 C2,test
4600,"अजीब सी पंक्ति नहीं है, गंगा की लहरें, जितनी मूर्त और यथार्थ हैं, इतिहास, उतना ही अमूर्त",1,8.057,1,,hindi_female_004600.wav,a j a ii b a <wb> s a ii <wb> p a q k a t a i <wb> n a h a ii q <wb> h a ei <wb> g a q g a aa <wb> k a ii <wb> l a h a r a ee q <wb> j a i t a n a ii <wb> m a uu r a t a <wb> ou r a <wb> y a th a aa r a th a <wb> h a ei q <wb> i t a i h a aa s a <wb> u t a n a aa <wb> h a ii <wb> a m a uu r a t a,C0 C17 C0 C16 C3 C0 <wb> C30 C0 C16 <wb> C28 C0 C23 C19 C0 C32 C0 C16 <wb> C24 C0 C15 C0 C16 C23 <wb> C15 C0 C2 <wb> C13 C0 C23 C13 C0 C1 <wb> C19 C0 C16 <wb> C21 C0 C15 C0 C29 C0 C11 C23 <wb> C17 C0 C16 C32 C0 C24 C0 C16 <wb> C22 C0 C36 C29 C0 C32 C0 <wb> C27 C29 C0 <wb> C38 C0 C33 C0 C1 C29 C0 C33 C0 <wb> C15 C0 C2 C23 <wb> C16 C32 C0 C16 C15 C0 C1 C30 C0 <wb> C36 C32 C0 C24 C0 C1 <wb> C15 C0 C16 <wb> C0 C22 C0 C36 C29 C0 C32 C0,train
4601,"गंगा की लहरों का क्या कोई इतिहास नहीं, बिलाशक है, राही मासूम रज़ा, तीसरी ही पंक्ति में बता देते हैं",1,8.359,1,,hindi_female_004601.wav,g a q g a aa <wb> k a ii <wb> l a h a r a o q <wb> k a aa <wb> k a y a aa <wb> k a o ii <wb> i t a i h a aa s a <wb> n a h a ii q <wb> b a i l a aa sh a k a <wb> h a ei <wb> r a aa h a ii <wb> m a aa s a uu m a <wb> r a z a aa <wb> t a ii s a r a ii <wb> h a ii <wb> p a q k a t a i <wb> m a ee q <wb> b a t a aa <wb> d a ee t a ee <wb> h a ei q,C13 C0 C23 C13 C0 C1 <wb> C19 C0 C16 <wb> C21 C0 C15 C0 C29 C0 C26 C23 <wb> C19 C0 C1 <wb> C19 C0 C38 C0 C1 <wb> C19 C0 C26 C16 <wb> C16 C32 C0 C16 C15 C0 C1 C30 C0 <wb> C24 C0 C15 C0 C16 C23 <wb> C3 C0 C16 C21 C0 C1 C31 C0 C19 C0 <wb> C15 C0 C2 <wb> C29 C0 C1 C15 C0 C16 <wb> C22 C0 C1 C30 C0 C36 C22 C0 <wb> C29 C0 C17 C0 C1 <wb> C32 C0 C16 C30 C0 C29 C0 C16 <wb> C15 C0 C16 <wb> C28 C0 C23 C19 C0 C32 C0 C16 <wb> C22 C0 C11 C23 <wb> C3 C0 C32 C0 C1 <wb> C7 C0 C11 C32 C0 C11 <wb> C15 C0 C2 C23,train
4603,"इस्लाम और अन्य किसी भी धार्मिक अस्मिता के संदर्भ में, यह देखा जा सकता है कि, वे इलाकाई आधार पर बदलती रहती हैं, और दूसरे, उनके भीतर के कई द्वंद देखे जा सकते हैं",1,13.212,1,,hindi_female_004603.wav,i s a l a aa m a <wb> ou r a <wb> a n a y a <wb> k a i s a ii <wb> bh a ii <wb> dh a aa r a m a i k a <wb> a s a m a i t a aa <wb> k a ee <wb> s a q d a r a bh a <wb> m a ee q <wb> y a h a <wb> d a ee kh a aa <wb> j a aa <wb> s a k a t a aa <wb> h a ei <wb> k a i <wb> w a ee <wb> i l a aa k a aa ii <wb> aa dh a aa r a <wb> p a r a <wb> b a d a l a t a ii <wb> r a h a t a ii <wb> h a ei q <wb> ou r a <wb> d a uu s a r a ee <wb> u n a k a ee <wb> bh a ii t a r a <wb> k a ee <wb> k a ii <wb> d a w a q d a <wb> d a ee kh a ee <wb> j a aa <wb> s a k a t a ee <wb> h a ei q,C16 C30 C0 C21 C0 C1 C22 C0 <wb> C27 C29 C0 <wb> C0 C24 C0 C38 C0 <wb> C19 C0 C16 C30 C0 C16 <wb> C4 C0 C16 <wb> C8 C0 C1 C29 C0 C22 C0 C16 C19 C0 <wb> C0 C30 C0 C22 C0 C16 C32 C0 C1 <wb> C19 C0 C11 <wb> C30 C0 C23 C7 C0 C29 C0 C4 C0 <wb> C22 C0 C11 C23 <wb> C38 C0 C15 C0 <wb> C7 C0 C11 C20 C0 C1 <wb> C17 C0 C1 <wb> C30 C0 C19 C0 C32 C0 C1 <wb> C15 C0 C2 <wb> C19 C0 C16 <wb> C37 C0 C11 <wb> C16 C21 C0 C1 C19 C0 C1 C16 <wb> C1 C8 C0 C1 C29 C0 <wb> C28 C0 C29 C0 <wb> C3 C0 C7 C0 C21 C0 C32 C0 C16 <wb> C29 C0 C15 C0 C32 C0 C16 <wb> C15 C0 C2 C23 <wb> C27 C29 C0 <wb> C7 C0 C36 C30 C0 C29 C0 C11 <wb> C36 C24 C0 C19 C0 C11 <wb> C4 C0 C16 C32 C0 C29 C0 <wb> C19 C0 C11 <wb> C19 C0 C16 <wb> C7 C0 C37 C0 C23 C7 C0 <wb> C7 C0 C11 C20 C0 C11 <wb> C17 C0 C1 <wb> C30 C0 C19 C0 C32 C0 C11 <wb> C15 C0 C2 C23,val
4604,"राष्ट्रवाद सामुदायिक पहचान की तलाश में, आसानी से धर्म की ओर मुड़ता है",1,5.728,0,not_selected_by_random,,,,
4606,"लौंडा ठिठोली और हँसी कर रहा था, तो फुन्नन मियाँ ने उठकर, एक ऐसा तमाचा मारा, कि उस्ताद जी के बायें की गमक दब गई",1,8.568,1,,hindi_female_004606.wav,l a ou q dx a aa <wb> txh a i txh a o l a ii <wb> ou r a <wb> h a mq s a ii <wb> k a r a <wb> r a h a aa <wb> th a aa <wb> t a o <wb> ph a u n a n a n a <wb> m a i y a aa mq <wb> n a ee <wb> u txh a k a r a <wb> ee k a <wb> ei s a aa <wb> t a m a aa c a aa <wb> m a aa r a aa <wb> k a i <wb> u s a t a aa d a <wb> j a ii <wb> k a ee <wb> b a aa y a ee q <wb> k a ii <wb> g a m a k a <wb> d a b a <wb> g a ii,C21 C0 C27 C23 C9 C0 C1 <wb> C35 C0 C16 C35 C0 C26 C21 C0 C16 <wb> C27 C29 C0 <wb> C15 C0 C23 C30 C0 C16 <wb> C19 C0 C29 C0 <wb> C29 C0 C15 C0 C1 <wb> C33 C0 C1 <wb> C32 C0 C26 <wb> C12 C0 C36 C24 C0 C24 C0 C24 C0 <wb> C22 C0 C16 C38 C0 C1 C23 <wb> C24 C0 C11 <wb> C36 C35 C0 C19 C0 C29 C0 <wb> C11 C19 C0 <wb> C2 C30 C0 C1 <wb> C32 C0 C22 C0 C1 C5 C0 C1 <wb> C22 C0 C1 C29 C0 C1 <wb> C19 C0 C16 <wb> C36 C30 C0 C32 C0 C1 C7 C0 <wb> C17 C0 C16 <wb> C19 C0 C11 <wb> C3 C0 C1 C38 C0 C11 C23 <wb> C19 C0 C16 <wb> C13 C0 C22 C0 C19 C0 <wb> C7 C0 C3 C0 <wb> C13 C0 C16,train
4608,"तब फुन्नन मियाँ, शांति से कहते हैं, वह गालिब की गज़ल गा रही थी",1,5.511,0,not_selected_by_random,,,,
4609,"इसके बाद, खान साहब को, लाख समझाया जाता है, कि फुन्नन मियाँ का थप्पड, उस लौंडे के मुँह पर नहीं पडा था",1,8.298,0,not_selected_by_random,,,,
4611,"वह कोई काम नहीं करता था, और आराम से था",1,3.088,1,,hindi_female_004611.wav,w a h a <wb> k a o ii <wb> k a aa m a <wb> n a h a ii q <wb> k a r a t a aa <wb> th a aa <wb> ou r a <wb> aa r a aa m a <wb> s a ee <wb> th a aa,C37 C0 C15 C0 <wb> C19 C0 C26 C16 <wb> C19 C0 C1 C22 C0 <wb> C24 C0 C15 C0 C16 C23 <wb> C19 C0 C29 C0 C32 C0 C1 <wb> C33 C0 C1 <wb> C27 C29 C0 <wb> C1 C29 C0 C1 C22 C0 <wb> C30 C0 C11 <wb> C33 C0 C1,train
4612,"पहले, वह दिन रात काम किया करता था, और बेआराम था",1,4.296,1,,hindi_female_004612.wav,p a h a l a ee <wb> w a h a <wb> d a i n a <wb> r a aa t a <wb> k a aa m a <wb> k a i y a aa <wb> k a r a t a aa <wb> th a aa <wb> ou r a <wb> b a ee aa r a aa m a <wb> th a aa,C28 C0 C15 C0 C21 C0 C11 <wb> C37 C0 C15 C0 <wb> C7 C0 C16 C24 C0 <wb> C29 C0 C1 C32 C0 <wb> C19 C0 C1 C22 C0 <wb> C19 C0 C16 C38 C0 C1 <wb> C19 C0 C29 C0 C32 C0 C1 <wb> C33 C0 C1 <wb> C27 C29 C0 <wb> C3 C0 C11 C1 C29 C0 C1 C22 C0 <wb> C33 C0 C1,train
4615,"वहाँ जब, राष्ट्रवादी आन्दोलन की लहर आई, तो लोग, आज़ादी के ख़याल से नहीं, अपने अपने, और बहुत वाजिब कारणों से उससे जुड़े",1,9.98,0,not_selected_by_random,,,,
4616,"भारत छोडो आन्दोलन के आसपास भीड़, थाने को घेर लेती है",1,4.272,1,,hindi_female_004616.wav,bh a aa r a t a <wb> ch a o dx a o <wb> aa n a d a o l a n a <wb> k a ee <wb> aa s a p a aa s a <wb> bh a ii dxq a <wb> th a aa n a ee <wb> k a o <wb> gh a ee r a <wb> l a ee t a ii <wb> h a ei,C4 C0 C1 C29 C0 C32 C0 <wb> C6 C0 C26 C9 C0 C26 <wb> C1 C24 C0 C7 C0 C26 C21 C0 C24 C0 <wb> C19 C0 C11 <wb> C1 C30 C0 C28 C0 C1 C30 C0 <wb> C4 C0 C16 C9 C0 <wb> C33 C0 C1 C24 C0 C11 <wb> C19 C0 C26 <wb> C14 C0 C11 C29 C0 <wb> C21 C0 C11 C32 C0 C16 <wb> C15 C0 C2,train
4617,"इस मज़मे में, ऐसे लोग कम थे, जिन्हें, हिन्दुस्तान छोड़ दो के नारे की खबर रही हो",1,6.933,0,not_selected_by_random,,,,
4619,"गोदान, छत्तीस में आया था, लेकिन, चूंकि रायसाहब, कांग्रेस की मेम्बरी में, जेल भी हो आए थे",1,7.709,1,,hindi_female_004619.wav,g a o d a aa n a <wb> ch a t a t a ii s a <wb> m a ee q <wb> aa y a aa <wb> th a aa <wb> l a ee k a i n a <wb> c a uu q k a i <wb> r a aa y a s a aa h a b a <wb> k a aa q g a r a ee s a <wb> k a ii <wb> m a ee m a b a r a ii <wb> m a ee q <wb> j a ee l a <wb> bh a ii <wb> h a o <wb> aa ee <wb> th a ee,C13 C0 C26 C7 C0 C1 C24 C0 <wb> C6 C0 C32 C0 C32 C0 C16 C30 C0 <wb> C22 C0 C11 C23 <wb> C1 C38 C0 C1 <wb> C33 C0 C1 <wb> C21 C0 C11 C19 C0 C16 C24 C0 <wb> C5 C0 C36 C23 C19 C0 C16 <wb> C29 C0 C1 C38 C0 C30 C0 C1 C15 C0 C3 C0 <wb> C19 C0 C1 C23 C13 C0 C29 C0 C11 C30 C0 <wb> C19 C0 C16 <wb> C22 C0 C11 C22 C0 C3 C0 C29 C0 C16 <wb> C22 C0 C11 C23 <wb> C17 C0 C11 C21 C0 <wb> C4 C0 C16 <wb> C15 C0 C26 <wb> C1 C11 <wb> C33 C0 C11,train
4620,"इसलिए, सैंतालीस के बाद भी, उनकी रियासत, बदले रूप में चलती रही होगी, ऐसा हम मान सकतें हैं",1,7.848,1,,hindi_female_004620.wav,i s a l a i ee <wb> s a ei q t a aa l a ii s a <wb> k a ee <wb> b a aa d a <wb> bh a ii <wb> u n a k a ii <wb> r a i y a aa s a t a <wb> b a d a l a ee <wb> r a uu p a <wb> m a ee q <wb> c a l a t a ii <wb> r a h a ii <wb> h a o g a ii <wb> ei s a aa <wb> h a m a <wb> m a aa n a <wb> s a k a t a ee q <wb> h a ei q,C16 C30 C0 C21 C0 C16 C11 <wb> C30 C0 C2 C23 C32 C0 C1 C21 C0 C16 C30 C0 <wb> C19 C0 C11 <wb> C3 C0 C1 C7 C0 <wb> C4 C0 C16 <wb> C36 C24 C0 C19 C0 C16 <wb> C29 C0 C16 C38 C0 C1 C30 C0 C32 C0 <wb> C3 C0 C7 C0 C21 C0 C11 <wb> C29 C0 C36 C28 C0 <wb> C22 C0 C11 C23 <wb> C5 C0 C21 C0 C32 C0 C16 <wb> C29 C0 C15 C0 C16 <wb> C15 C0 C26 C13 C0 C16 <wb> C2 C30 C0 C1 <wb> C15 C0 C22 C0 <wb> C22 C0 C1 C24 C0 <wb> C30 C0 C19 C0 C32 C0 C11 C23 <wb> C15 C0 C2 C23,train
4621,"फुन्नन मियाँ, इसे झेल नहीं पाते, और बीच तकरीर में, खड़े हो जाते हैं",1,5.317,1,,hindi_female_004621.wav,ph a u n a n a n a <wb> m a i y a aa mq <wb> i s a ee <wb> jh a ee l a <wb> n a h a ii q <wb> p a aa t a ee <wb> ou r a <wb> b a ii c a <wb> t a k a r a ii r a <wb> m a ee q <wb> kh a dxq a ee <wb> h a o <wb> j a aa t a ee <wb> h a ei q,C12 C0 C36 C24 C0 C24 C0 C24 C0 <wb> C22 C0 C16 C38 C0 C1 C23 <wb> C16 C30 C0 C11 <wb> C18 C0 C11 C21 C0 <wb> C24 C0 C15 C0 C16 C23 <wb> C28 C0 C1 C32 C0 C11 <wb> C27 C29 C0 <wb> C3 C0 C16 C5 C0 <wb> C32 C0 C19 C0 C29 C0 C16 C29 C0 <wb> C22 C0 C11 C23 <wb> C20 C0 C9 C0 C11 <wb> C15 C0 C26 <wb> C17 C0 C1 C32 C0 C11 <wb> C15 C0 C2 C23,train
4622,"उनकी वह गूँजती आवाज़, इस उपन्यास से बाहर निकलकर आती है",1,4.296,1,,hindi_female_004622.wav,u n a k a ii <wb> w a h a <wb> g a uu mq j a t a ii <wb> aa w a aa z a <wb> i s a <wb> u p a n a y a aa s a <wb> s a ee <wb> b a aa h a r a <wb> n a i k a l a k a r a <wb> aa t a ii <wb> h a ei,C36 C24 C0 C19 C0 C16 <wb> C37 C0 C15 C0 <wb> C13 C0 C36 C23 C17 C0 C32 C0 C16 <wb> C1 C37 C0 C1 C17 C0 <wb> C16 C30 C0 <wb> C36 C28 C0 C24 C0 C38 C0 C1 C30 C0 <wb> C30 C0 C11 <wb> C3 C0 C1 C15 C0 C29 C0 <wb> C24 C0 C16 C19 C0 C21 C0 C19 C0 C29 C0 <wb> C1 C32 C0 C16 <wb> C15 C0 C2,train
4624,"गुलज़ार की स्मृति दंश की यह कविताएँ, दरअसल, उनकी भाषा में, भरोसा करने की वजह से ही, लिखी गयी हैं",1,8.506,0,not_selected_by_random,,,,
4625,"वे चाहते तो, आसानी से, ढेरों कविताओं को, किसी फ़िल्म की पटकथा की शक्ल देकर, चित्रित कर सकते थे",1,7.895,1,,hindi_female_004625.wav,w a ee <wb> c a aa h a t a ee <wb> t a o <wb> aa s a aa n a ii <wb> s a ee <wb> dxh a ee r a o q <wb> k a w a i t a aa o q <wb> k a o <wb> k a i s a ii <wb> f a i l a m a <wb> k a ii <wb> p a tx a k a th a aa <wb> k a ii <wb> sh a k a l a <wb> d a ee k a r a <wb> c a i t a r a i t a <wb> k a r a <wb> s a k a t a ee <wb> th a ee,C37 C0 C11 <wb> C5 C0 C1 C15 C0 C32 C0 C11 <wb> C32 C0 C26 <wb> C1 C30 C0 C1 C24 C0 C16 <wb> C30 C0 C11 <wb> C10 C0 C11 C29 C0 C26 C23 <wb> C19 C0 C37 C0 C16 C32 C0 C1 C26 C23 <wb> C19 C0 C26 <wb> C19 C0 C16 C30 C0 C16 <wb> C12 C0 C16 C21 C0 C22 C0 <wb> C19 C0 C16 <wb> C28 C0 C34 C0 C19 C0 C33 C0 C1 <wb> C19 C0 C16 <wb> C31 C0 C19 C0 C21 C0 <wb> C7 C0 C11 C19 C0 C29 C0 <wb> C5 C0 C16 C32 C0 C29 C0 C16 C32 C0 <wb> C19 C0 C29 C0 <wb> C30 C0 C19 C0 C32 C0 C11 <wb> C33 C0 C11,train
4626,"इस बात से, गुलज़ार का कहानीकार भी, गहराई से भीगा हुआ है",1,4.783,1,,hindi_female_004626.wav,i s a <wb> b a aa t a <wb> s a ee <wb> g a u l a z a aa r a <wb> k a aa <wb> k a h a aa n a ii k a aa r a <wb> bh a ii <wb> g a h a r a aa ii <wb> s a ee <wb> bh a ii g a aa <wb> h a u aa <wb> h a ei,C16 C30 C0 <wb> C3 C0 C1 C32 C0 <wb> C30 C0 C11 <wb> C13 C0 C36 C21 C0 C17 C0 C1 C29 C0 <wb> C19 C0 C1 <wb> C19 C0 C15 C0 C1 C24 C0 C16 C19 C0 C1 C29 C0 <wb> C4 C0 C16 <wb> C13 C0 C15 C0 C29 C0 C1 C16 <wb> C30 C0 C11 <wb> C4 C0 C16 C13 C0 C1 <wb> C15 C0 C36 C1 <wb> C15 C0 C2,train
4627,"उनकी गज़लें भी, इस बात से, अछूती नहीं हैं",1,3.877,0,not_selected_by_random,,,,
4628,"कुछ गज़लों की पंक्तियाँ, इसी सन्दर्भ में, ध्यान देने योग्य हैं",1,4.97,0,not_selected_by_random,,,,
4629,"वे अपने आरम्भिक जीवन की, नितान्त सहज, और आत्मीय चीज़ों को, शायरी के परिवार का सदस्य बनाते हैं",1,7.546,1,,hindi_female_004629.wav,w a ee <wb> a p a n a ee <wb> aa r a m a bh a i k a <wb> j a ii w a n a <wb> k a ii <wb> n a i t a aa n a t a <wb> s a h a j a <wb> ou r a <wb> aa t a m a ii y a <wb> c a ii z a o q <wb> k a o <wb> sh a aa y a r a ii <wb> k a ee <wb> p a r a i w a aa r a <wb> k a aa <wb> s a d a s a y a <wb> b a n a aa t a ee <wb> h a ei q,C37 C0 C11 <wb> C0 C28 C0 C24 C0 C11 <wb> C1 C29 C0 C22 C0 C4 C0 C16 C19 C0 <wb> C17 C0 C16 C37 C0 C24 C0 <wb> C19 C0 C16 <wb> C24 C0 C16 C32 C0 C1 C24 C0 C32 C0 <wb> C30 C0 C15 C0 C17 C0 <wb> C27 C29 C0 <wb> C1 C32 C0 C22 C0 C16 C38 C0 <wb> C5 C0 C16 C17 C0 C26 C23 <wb> C19 C0 C26 <wb> C31 C0 C1 C38 C0 C29 C0 C16 <wb> C19 C0 C11 <wb> C28 C0 C29 C0 C16 C37 C0 C1 C29 C0 <wb> C19 C0 C1 <wb> C30 C0 C7 C0 C30 C0 C38 C0 <wb> C3 C0 C24 C0 C1 C32 C0 C11 <wb> C15 C0 C2 C23,train
4634,"एक हद तक, हम यह आसानी से कह सकते हैं कि, निहायत साधारण जीवन जीने वाले समाज की चौखट पर जाकर, गुलज़ार की कविता, अपना शिखर पाती है",1,11.378,1,,hindi_female_004634.wav,ee k a <wb> h a d a <wb> t a k a <wb> h a m a <wb> y a h a <wb> aa s a aa n a ii <wb> s a ee <wb> k a h a <wb> s a k a t a ee <wb> h a ei q <wb> k a i <wb> n a i h a aa y a t a <wb> s a aa dh a aa r a nx a <wb> j a ii w a n a <wb> j a ii n a ee <wb> w a aa l a ee <wb> s a m a aa j a <wb> k a ii <wb> c a ou kh a tx a <wb> p a r a <wb> j a aa k a r a <wb> g a u l a z a aa r a <wb> k a ii <wb> k a w a i t a aa <wb> a p a n a aa <wb> sh a i kh a r a <wb> p a aa t a ii <wb> h a ei,C11 C19 C0 <wb> C15 C0 C7 C0 <wb> C32 C0 C19 C0 <wb> C15 C0 C22 C0 <wb> C38 C0 C15 C0 <wb> C1 C30 C0 C1 C24 C0 C16 <wb> C30 C0 C11 <wb> C19 C0 C15 C0 <wb> C30 C0 C19 C0 C32 C0 C11 <wb> C15 C0 C2 C23 <wb> C19 C0 C16 <wb> C24 C0 C16 C15 C0 C1 C38 C0 C32 C0 <wb> C30 C0 C1 C8 C0 C1 C29 C0 C25 C0 <wb> C17 C0 C16 C37 C0 C24 C0 <wb> C17 C0 C16 C24 C0 C11 <wb> C37 C0 C1 C21 C0 C11 <wb> C30 C0 C22 C0 C1 C17 C0 <wb> C19 C0 C16 <wb> C5 C0 C27 C20 C0 C34 C0 <wb> C28 C0 C29 C0 <wb> C17 C0 C1 C19 C0 C29 C0 <wb> C13 C0 C36 C21 C0 C17 C0 C1 C29 C0 <wb> C19 C0 C16 <wb> C19 C0 C37 C0 C16 C32 C0 C1 <wb> C0 C28 C0 C24 C0 C1 <wb> C31 C0 C16 C20 C0 C29 C0 <wb> C28 C0 C1 C32 C0 C16 <wb> C15 C0 C2,train
4635,"यह अपनत्व, और उत्कर्ष, गुलज़ार की पूरी ज़िदगी, और उनके अनेक अन्य कार्यों में, आसानी से, लक्षित हो जा सकती है",1,9.543,1,,hindi_female_004635.wav,y a h a <wb> a p a n a t a w a <wb> ou r a <wb> u t a k a r a sx a <wb> g a u l a z a aa r a <wb> k a ii <wb> p a uu r a ii <wb> z a i d a g a ii <wb> ou r a <wb> u n a k a ee <wb> a n a ee k a <wb> a n a y a <wb> k a aa r a y a o q <wb> m a ee q <wb> aa s a aa n a ii <wb> s a ee <wb> l a k a sx a i t a <wb> h a o <wb> j a aa <wb> s a k a t a ii <wb> h a ei,C38 C0 C15 C0 <wb> C0 C28 C0 C24 C0 C32 C0 C37 C0 <wb> C27 C29 C0 <wb> C36 C32 C0 C19 C0 C29 C0 C31 C0 <wb> C13 C0 C36 C21 C0 C17 C0 C1 C29 C0 <wb> C19 C0 C16 <wb> C28 C0 C36 C29 C0 C16 <wb> C17 C0 C16 C7 C0 C13 C0 C16 <wb> C27 C29 C0 <wb> C36 C24 C0 C19 C0 C11 <wb> C0 C24 C0 C11 C19 C0 <wb> C0 C24 C0 C38 C0 <wb> C19 C0 C1 C29 C0 C38 C0 C26 C23 <wb> C22 C0 C11 C23 <wb> C1 C30 C0 C1 C24 C0 C16 <wb> C30 C0 C11 <wb> C21 C0 C19 C0 C31 C0 C16 C32 C0 <wb> C15 C0 C26 <wb> C17 C0 C1 <wb> C30 C0 C19 C0 C32 C0 C16 <wb> C15 C0 C2,train
4638,"कभी ये नज़्में, सूफ़ी कवियों की बिरादरी में, बैठे हुए, उदासी का रंग ढूँढती हैं",1,6.177,1,,hindi_female_004638.wav,k a bh a ii <wb> y a ee <wb> n a z a m a ee q <wb> s a uu f a ii <wb> k a w a i y a o q <wb> k a ii <wb> b a i r a aa d a r a ii <wb> m a ee q <wb> b a ei txh a ee <wb> h a u ee <wb> u d a aa s a ii <wb> k a aa <wb> r a q g a <wb> dxh a uu mq dxh a t a ii <wb> h a ei q,C19 C0 C4 C0 C16 <wb> C38 C0 C11 <wb> C24 C0 C17 C0 C22 C0 C11 C23 <wb> C30 C0 C36 C12 C0 C16 <wb> C19 C0 C37 C0 C16 C38 C0 C26 C23 <wb> C19 C0 C16 <wb> C3 C0 C16 C29 C0 C1 C7 C0 C29 C0 C16 <wb> C22 C0 C11 C23 <wb> C3 C0 C2 C35 C0 C11 <wb> C15 C0 C36 C11 <wb> C36 C7 C0 C1 C30 C0 C16 <wb> C19 C0 C1 <wb> C29 C0 C23 C13 C0 <wb> C10 C0 C36 C23 C10 C0 C32 C0 C16 <wb> C15 C0 C2 C23,test
4639,"गुलज़ार की कविता की कई परतें हैं, और उन परतों के बीच में, जीवन, और उसकी विसंगतियों की अनगिनत रंगते हैं",1,8.173,1,,hindi_female_004639.wav,g a u l a z a aa r a <wb> k a ii <wb> k a w a i t a aa <wb> k a ii <wb> k a ii <wb> p a r a t a ee q <wb> h a ei q <wb> ou r a <wb> u n a <wb> p a r a t a o q <wb> k a ee <wb> b a ii c a <wb> m a ee q <wb> j a ii w a n a <wb> ou r a <wb> u s a k a ii <wb> w a i s a q g a t a i y a o q <wb> k a ii <wb> a n a g a i n a t a <wb> r a q g a t a ee <wb> h a ei q,C13 C0 C36 C21 C0 C17 C0 C1 C29 C0 <wb> C19 C0 C16 <wb> C19 C0 C37 C0 C16 C32 C0 C1 <wb> C19 C0 C16 <wb> C19 C0 C16 <wb> C28 C0 C29 C0 C32 C0 C11 C23 <wb> C15 C0 C2 C23 <wb> C27 C29 C0 <wb> C36 C24 C0 <wb> C28 C0 C29 C0 C32 C0 C26 C23 <wb> C19 C0 C11 <wb> C3 C0 C16 C5 C0 <wb> C22 C0 C11 C23 <wb> C17 C0 C16 C37 C0 C24 C0 <wb> C27 C29 C0 <wb> C36 C30 C0 C19 C0 C16 <wb> C37 C0 C16 C30 C0 C23 C13 C0 C32 C0 C16 C38 C0 C26 C23 <wb> C19 C0 C16 <wb> C0 C24 C0 C13 C0 C16 C24 C0 C32 C0 <wb> C29 C0 C23 C13 C0 C32 C0 C11 <wb> C15 C0 C2 C23,train
4640,"हम इन नज़्मों की परतों को, एक एक कर, अलग करते चलते हैं",1,4.412,1,,hindi_female_004640.wav,h a m a <wb> i n a <wb> n a z a m a o q <wb> k a ii <wb> p a r a t a o q <wb> k a o <wb> ee k a <wb> ee k a <wb> k a r a <wb> a l a g a <wb> k a r a t a ee <wb> c a l a t a ee <wb> h a ei q,C15 C0 C22 C0 <wb> C16 C24 C0 <wb> C24 C0 C17 C0 C22 C0 C26 C23 <wb> C19 C0 C16 <wb> C28 C0 C29 C0 C32 C0 C26 C23 <wb> C19 C0 C26 <wb> C11 C19 C0 <wb> C11 C19 C0 <wb> C19 C0 C29 C0 <wb> C0 C21 C0 C13 C0 <wb> C19 C0 C29 C0 C32 C0 C11 <wb> C5 C0 C21 C0 C32 C0 C11 <wb> C15 C0 C2 C23,test
4641,"इस शायर का अपना फ़ल सफ़ा, पूरी रूमानियत, और जज़्बात के साथ खिलता जाता है",1,5.503,1,,hindi_female_004641.wav,i s a <wb> sh a aa y a r a <wb> k a aa <wb> a p a n a aa <wb> f a l a <wb> s a f a aa <wb> p a uu r a ii <wb> r a uu m a aa n a i y a t a <wb> ou r a <wb> j a z a b a aa t a <wb> k a ee <wb> s a aa th a <wb> kh a i l a t a aa <wb> j a aa t a aa <wb> h a ei,C16 C30 C0 <wb> C31 C0 C1 C38 C0 C29 C0 <wb> C19 C0 C1 <wb> C0 C28 C0 C24 C0 C1 <wb> C12 C0 C21 C0 <wb> C30 C0 C12 C0 C1 <wb> C28 C0 C36 C29 C0 C16 <wb> C29 C0 C36 C22 C0 C1 C24 C0 C16 C38 C0 C32 C0 <wb> C27 C29 C0 <wb> C17 C0 C17 C0 C3 C0 C1 C32 C0 <wb> C19 C0 C11 <wb> C30 C0 C1 C33 C0 <wb> C20 C0 C16 C21 C0 C32 C0 C1 <wb> C17 C0 C1 C32 C0 C1 <wb> C15 C0 C2,train
4642,"अनगिनत नज़्मों, कविताओं, और ग़ज़लों की दुनिया है, गुलज़ार के यहाँ, जो अपना सूफ़ियाना रंग लिये हुए, शायर का जीवन दर्शन, व्यक्त करती हैं",1,11.236,0,not_selected_by_random,,,,
4643,"इस अभिव्यक्ति में जहाँ, एक ओर हमें, कवि के अन्तर्मन की महीन बुनावट की जानकारी मिलती है",1,6.618,1,,hindi_female_004643.wav,i s a <wb> a bh a i w a y a k a t a i <wb> m a ee q <wb> j a h a aa mq <wb> ee k a <wb> o r a <wb> h a m a ee q <wb> k a w a i <wb> k a ee <wb> a n a t a r a m a n a <wb> k a ii <wb> m a h a ii n a <wb> b a u n a aa w a tx a <wb> k a ii <wb> j a aa n a k a aa r a ii <wb> m a i l a t a ii <wb> h a ei,C16 C30 C0 <wb> C0 C4 C0 C16 C37 C0 C38 C0 C19 C0 C32 C0 C16 <wb> C22 C0 C11 C23 <wb> C17 C0 C15 C0 C1 C23 <wb> C11 C19 C0 <wb> C26 C29 C0 <wb> C15 C0 C22 C0 C11 C23 <wb> C19 C0 C37 C0 C16 <wb> C19 C0 C11 <wb> C0 C24 C0 C32 C0 C29 C0 C22 C0 C24 C0 <wb> C19 C0 C16 <wb> C22 C0 C15 C0 C16 C24 C0 <wb> C3 C0 C36 C24 C0 C1 C37 C0 C34 C0 <wb> C19 C0 C16 <wb> C17 C0 C1 C24 C0 C19 C0 C1 C29 C0 C16 <wb> C22 C0 C16 C21 C0 C32 C0 C16 <wb> C15 C0 C2,train
4648,"यह अकारण नहीं है, कि गुलज़ार के लिखे, फ़िल्म गीत भी, इसी कारण, अपना संवेदात्मक उत्कर्ष, गहरी मार्मिकता में पाते हैं",1,10.077,1,,hindi_female_004648.wav,y a h a <wb> a k a aa r a nx a <wb> n a h a ii q <wb> h a ei <wb> k a i <wb> g a u l a z a aa r a <wb> k a ee <wb> l a i kh a ee <wb> f a i l a m a <wb> g a ii t a <wb> bh a ii <wb> i s a ii <wb> k a aa r a nx a <wb> a p a n a aa <wb> s a q w a ee d a aa t a m a k a <wb> u t a k a r a sx a <wb> g a h a r a ii <wb> m a aa r a m a i k a t a aa <wb> m a ee q <wb> p a aa t a ee <wb> h a ei q,C38 C0 C15 C0 <wb> C0 C19 C0 C1 C29 C0 C25 C0 <wb> C24 C0 C15 C0 C16 C23 <wb> C15 C0 C2 <wb> C19 C0 C16 <wb> C13 C0 C36 C21 C0 C17 C0 C1 C29 C0 <wb> C19 C0 C11 <wb> C21 C0 C16 C20 C0 C11 <wb> C12 C0 C16 C21 C0 C22 C0 <wb> C13 C0 C16 C32 C0 <wb> C4 C0 C16 <wb> C16 C30 C0 C16 <wb> C19 C0 C1 C29 C0 C25 C0 <wb> C0 C28 C0 C24 C0 C1 <wb> C30 C0 C23 C37 C0 C11 C7 C0 C1 C32 C0 C22 C0 C19 C0 <wb> C36 C32 C0 C19 C0 C29 C0 C31 C0 <wb> C13 C0 C15 C0 C29 C0 C16 <wb> C22 C0 C1 C29 C0 C22 C0 C16 C19 C0 C32 C0 C1 <wb> C22 C0 C11 C23 <wb> C28 C0 C1 C32 C0 C11 <wb> C15 C0 C2 C23,train
4649,"एक दो गीतों के उदाहरण से, यह मार्मिकता, समझी जा सकती है",1,4.807,1,,hindi_female_004649.wav,ee k a <wb> d a o <wb> g a ii t a o q <wb> k a ee <wb> u d a aa h a r a nx a <wb> s a ee <wb> y a h a <wb> m a aa r a m a i k a t a aa <wb> s a m a jh a ii <wb> j a aa <wb> s a k a t a ii <wb> h a ei,C11 C19 C0 <wb> C7 C0 C26 <wb> C13 C0 C16 C32 C0 C26 C23 <wb> C19 C0 C11 <wb> C36 C7 C0 C1 C15 C0 C29 C0 C25 C0 <wb> C30 C0 C11 <wb> C38 C0 C15 C0 <wb> C22 C0 C1 C29 C0 C22 C0 C16 C19 C0 C32 C0 C1 <wb> C30 C0 C22 C0 C18 C0 C16 <wb> C17 C0 C1 <wb> C30 C0 C19 C0 C32 C0 C16 <wb> C15 C0 C2,train
4652,"वह अकेले में ही कभी, पूरा का पूरा दृश्य बनता है, या किसी नज़्म में, अपने प्रवेश के साथ, सारी दृश्यावली को, एक विशिष्ट किस्म का, गुलज़ारटैप बना देता है",1,12.725,1,,hindi_female_004652.wav,w a h a <wb> a k a ee l a ee <wb> m a ee q <wb> h a ii <wb> k a bh a ii <wb> p a uu r a aa <wb> k a aa <wb> p a uu r a aa <wb> d a rq sh a y a <wb> b a n a t a aa <wb> h a ei <wb> y a aa <wb> k a i s a ii <wb> n a z a m a <wb> m a ee q <wb> a p a n a ee <wb> p a r a w a ee sh a <wb> k a ee <wb> s a aa th a <wb> s a aa r a ii <wb> d a rq sh a y a aa w a l a ii <wb> k a o <wb> ee k a <wb> w a i sh a i sx a tx a <wb> k a i s a m a <wb> k a aa <wb> g a u l a z a aa r a tx a ei p a <wb> b a n a aa <wb> d a ee t a aa <wb> h a ei,C37 C0 C15 C0 <wb> C0 C19 C0 C11 C21 C0 C11 <wb> C22 C0 C11 C23 <wb> C15 C0 C16 <wb> C19 C0 C4 C0 C16 <wb> C28 C0 C36 C29 C0 C1 <wb> C19 C0 C1 <wb> C28 C0 C36 C29 C0 C1 <wb> C7 C0 C29 C31 C0 C38 C0 <wb> C3 C0 C24 C0 C32 C0 C1 <wb> C15 C0 C2 <wb> C38 C0 C1 <wb> C19 C0 C16 C30 C0 C16 <wb> C24 C0 C17 C0 C22 C0 <wb> C22 C0 C11 C23 <wb> C0 C28 C0 C24 C0 C11 <wb> C28 C0 C29 C0 C37 C0 C11 C31 C0 <wb> C19 C0 C11 <wb> C30 C0 C1 C33 C0 <wb> C30 C0 C1 C29 C0 C16 <wb> C7 C0 C29 C31 C0 C38 C0 C1 C37 C0 C21 C0 C16 <wb> C19 C0 C26 <wb> C11 C19 C0 <wb> C37 C0 C16 C31 C0 C16 C31 C0 C34 C0 <wb> C19 C0 C16 C30 C0 C22 C0 <wb> C19 C0 C1 <wb> C13 C0 C36 C21 C0 C17 C0 C1 C29 C0 C34 C0 C2 C28 C0 <wb> C3 C0 C24 C0 C1 <wb> C7 C0 C11 C32 C0 C1 <wb> C15 C0 C2,train
4655,"हालाँकि, यह गुलज़ार ही हैं, जिनके यहाँ, सर्वाधिक प्राकृतिक प्रतीकों की, भरमार रही है",1,7.611,0,not_selected_by_random,,,,
4658,"आप उनकी ग़ज़लें लें, या कोई कविता, किसी गीत को टटोलें, या त्रिवेणियों की छोटी छोटी सार्थक उपस्थितियाँ, सभी जगह, चन्द्रमा पर आस्था, गहरायी ही है",1,12.44,0,not_selected_by_random,,,,
4659,"गुलज़ार का, बुखार की हद तक पहुँचा हुआ, यह चाँद प्रेम, उनके फ़िल्मी गीतों में भी, कुछ बहुत नये ढंग के दृश्य ले आया है",1,8.8,1,,hindi_female_004659.wav,g a u l a z a aa r a <wb> k a aa <wb> b a u kh a aa r a <wb> k a ii <wb> h a d a <wb> t a k a <wb> p a h a u mq c a aa <wb> h a u aa <wb> y a h a <wb> c a aa mq d a <wb> p a r a ee m a <wb> u n a k a ee <wb> f a i l a m a ii <wb> g a ii t a o q <wb> m a ee q <wb> bh a ii <wb> k a u ch a <wb> b a h a u t a <wb> n a y a ee <wb> dxh a q g a <wb> k a ee <wb> d a rq sh a y a <wb> l a ee <wb> aa y a aa <wb> h a ei,C13 C0 C36 C21 C0 C17 C0 C1 C29 C0 <wb> C19 C0 C1 <wb> C3 C0 C36 C20 C0 C1 C29 C0 <wb> C19 C0 C16 <wb> C15 C0 C7 C0 <wb> C32 C0 C19 C0 <wb> C28 C0 C15 C0 C36 C23 C5 C0 C1 <wb> C15 C0 C36 C1 <wb> C38 C0 C15 C0 <wb> C5 C0 C1 C23 C7 C0 <wb> C28 C0 C29 C0 C11 C22 C0 <wb> C36 C24 C0 C19 C0 C11 <wb> C12 C0 C16 C21 C0 C22 C0 C16 <wb> C13 C0 C16 C32 C0 C26 C23 <wb> C22 C0 C11 C23 <wb> C4 C0 C16 <wb> C19 C0 C36 C6 C0 <wb> C3 C0 C15 C0 C36 C32 C0 <wb> C24 C0 C38 C0 C11 <wb> C10 C0 C23 C13 C0 <wb> C19 C0 C11 <wb> C7 C0 C29 C31 C0 C38 C0 <wb> C21 C0 C11 <wb> C1 C38 C0 C1 <wb> C15 C0 C2,train
4660,"जैसे, बिम्ब और प्रतीकों, खासकर, प्राकृतिक रूपकों से सादृश्य रचने में, महारत पाये हुए गुलज़ार के यहाँ, एक अजीब बात",1,10.343,0,not_selected_by_random,,,,
4663,"ज़ाहिर है, उदासी का यह आलम, कविता में ऐश्वर्य, और चकाचौंध रचने की जगह, संवेदना और करुणा से, धार पैदा करता है",1,10.333,1,,hindi_female_004663.wav,z a aa h a i r a <wb> h a ei <wb> u d a aa s a ii <wb> k a aa <wb> y a h a <wb> aa l a m a <wb> k a w a i t a aa <wb> m a ee q <wb> ei sh a w a r a y a <wb> ou r a <wb> c a k a aa c a ou q dh a <wb> r a c a n a ee <wb> k a ii <wb> j a g a h a <wb> s a q w a ee d a n a aa <wb> ou r a <wb> k a r a u nx a aa <wb> s a ee <wb> dh a aa r a <wb> p a ei d a aa <wb> k a r a t a aa <wb> h a ei,C17 C0 C1 C15 C0 C16 C29 C0 <wb> C15 C0 C2 <wb> C36 C7 C0 C1 C30 C0 C16 <wb> C19 C0 C1 <wb> C38 C0 C15 C0 <wb> C1 C21 C0 C22 C0 <wb> C19 C0 C37 C0 C16 C32 C0 C1 <wb> C22 C0 C11 C23 <wb> C2 C31 C0 C37 C0 C29 C0 C38 C0 <wb> C27 C29 C0 <wb> C5 C0 C19 C0 C1 C5 C0 C27 C23 C8 C0 <wb> C29 C0 C5 C0 C24 C0 C11 <wb> C19 C0 C16 <wb> C17 C0 C13 C0 C15 C0 <wb> C30 C0 C23 C37 C0 C11 C7 C0 C24 C0 C1 <wb> C27 C29 C0 <wb> C19 C0 C29 C0 C36 C25 C0 C1 <wb> C30 C0 C11 <wb> C8 C0 C1 C29 C0 <wb> C28 C0 C2 C7 C0 C1 <wb> C19 C0 C29 C0 C32 C0 C1 <wb> C15 C0 C2,train
4664,"गुलज़ार के रचना कर्म में, विशेषकर उनकी कविता, और गज़लों के सन्दर्भ में, प्रेम, बहुत गरिमा के साथ, प्रतिष्ठित हुआ है",1,9.915,1,,hindi_female_004664.wav,g a u l a z a aa r a <wb> k a ee <wb> r a c a n a aa <wb> k a r a m a <wb> m a ee q <wb> w a i sh a ee sx a k a r a <wb> u n a k a ii <wb> k a w a i t a aa <wb> ou r a <wb> g a z a l a o q <wb> k a ee <wb> s a n a d a r a bh a <wb> m a ee q <wb> p a r a ee m a <wb> b a h a u t a <wb> g a r a i m a aa <wb> k a ee <wb> s a aa th a <wb> p a r a t a i sx a txh a i t a <wb> h a u aa <wb> h a ei,C13 C0 C36 C21 C0 C17 C0 C1 C29 C0 <wb> C19 C0 C11 <wb> C29 C0 C5 C0 C24 C0 C1 <wb> C19 C0 C29 C0 C22 C0 <wb> C22 C0 C11 C23 <wb> C37 C0 C16 C31 C0 C11 C31 C0 C19 C0 C29 C0 <wb> C36 C24 C0 C19 C0 C16 <wb> C19 C0 C37 C0 C16 C32 C0 C1 <wb> C27 C29 C0 <wb> C13 C0 C17 C0 C21 C0 C26 C23 <wb> C19 C0 C11 <wb> C30 C0 C24 C0 C7 C0 C29 C0 C4 C0 <wb> C22 C0 C11 C23 <wb> C28 C0 C29 C0 C11 C22 C0 <wb> C3 C0 C15 C0 C36 C32 C0 <wb> C13 C0 C29 C0 C16 C22 C0 C1 <wb> C19 C0 C11 <wb> C30 C0 C1 C33 C0 <wb> C28 C0 C29 C0 C32 C0 C16 C31 C0 C35 C0 C16 C32 C0 <wb> C15 C0 C36 C1 <wb> C15 C0 C2,train
4665,"उनके स्वभाव में जो एक अजीब सा बेगानापन है, संकोच का ठहरा हुआ सा पर्दा है",1,5.712,1,,hindi_female_004665.wav,u n a k a ee <wb> s a w a bh a aa w a <wb> m a ee q <wb> j a o <wb> ee k a <wb> a j a ii b a <wb> s a aa <wb> b a ee g a aa n a aa p a n a <wb> h a ei <wb> s a q k a o c a <wb> k a aa <wb> txh a h a r a aa <wb> h a u aa <wb> s a aa <wb> p a r a d a aa <wb> h a ei,C36 C24 C0 C19 C0 C11 <wb> C30 C0 C37 C0 C4 C0 C1 C37 C0 <wb> C22 C0 C11 C23 <wb> C17 C0 C26 <wb> C11 C19 C0 <wb> C0 C17 C0 C16 C3 C0 <wb> C30 C0 C1 <wb> C3 C0 C11 C13 C0 C1 C24 C0 C1 C28 C0 C24 C0 <wb> C15 C0 C2 <wb> C30 C0 C23 C19 C0 C26 C5 C0 <wb> C19 C0 C1 <wb> C35 C0 C15 C0 C29 C0 C1 <wb> C15 C0 C36 C1 <wb> C30 C0 C1 <wb> C28 C0 C29 C0 C7 C0 C1 <wb> C15 C0 C2,train
4667,"फिर बात जब गुलज़ार की हो रही हो, जो स्वयं अपनी अभिव्यक्ति की सहज छायाएँ, बाबा फ़रीद, कुतुब कुलीशाह, शम्स तबरेज़ी, एवं नानक में ढूँढते हों",1,11.748,0,not_selected_by_random,,,,
4669,"प्रेम में, उस अनसुनी आवाज़ को, जो बोलना नहीं जानती, गुलज़ार, बखूबी सुन पाये हैं",1,6.525,1,,hindi_female_004669.wav,p a r a ee m a <wb> m a ee q <wb> u s a <wb> a n a s a u n a ii <wb> aa w a aa z a <wb> k a o <wb> j a o <wb> b a o l a n a aa <wb> n a h a ii q <wb> j a aa n a t a ii <wb> g a u l a z a aa r a <wb> b a kh a uu b a ii <wb> s a u n a <wb> p a aa y a ee <wb> h a ei q,C28 C0 C29 C0 C11 C22 C0 <wb> C22 C0 C11 C23 <wb> C36 C30 C0 <wb> C0 C24 C0 C30 C0 C36 C24 C0 C16 <wb> C1 C37 C0 C1 C17 C0 <wb> C19 C0 C26 <wb> C17 C0 C26 <wb> C3 C0 C26 C21 C0 C24 C0 C1 <wb> C24 C0 C15 C0 C16 C23 <wb> C17 C0 C1 C24 C0 C32 C0 C16 <wb> C13 C0 C36 C21 C0 C17 C0 C1 C29 C0 <wb> C3 C0 C20 C0 C36 C3 C0 C16 <wb> C30 C0 C36 C24 C0 <wb> C28 C0 C1 C38 C0 C11 <wb> C15 C0 C2 C23,train
4672,"गुलज़ार, एक बहुत प्यारे शायर हैं, जो अक्षरों के अन्तराल में बसी हुई, ख़ामोशी की अज़मत को जानते हैं",1,7.384,1,,hindi_female_004672.wav,g a u l a z a aa r a <wb> ee k a <wb> b a h a u t a <wb> p a y a aa r a ee <wb> sh a aa y a r a <wb> h a ei q <wb> j a o <wb> a k a sx a r a o q <wb> k a ee <wb> a n a t a r a aa l a <wb> m a ee q <wb> b a s a ii <wb> h a u ii <wb> khq a aa m a o sh a ii <wb> k a ii <wb> a z a m a t a <wb> k a o <wb> j a aa n a t a ee <wb> h a ei q,C13 C0 C36 C21 C0 C17 C0 C1 C29 C0 <wb> C11 C19 C0 <wb> C3 C0 C15 C0 C36 C32 C0 <wb> C28 C0 C38 C0 C1 C29 C0 C11 <wb> C31 C0 C1 C38 C0 C29 C0 <wb> C15 C0 C2 C23 <wb> C17 C0 C26 <wb> C0 C19 C0 C31 C0 C29 C0 C26 C23 <wb> C19 C0 C11 <wb> C0 C24 C0 C32 C0 C29 C0 C1 C21 C0 <wb> C22 C0 C11 C23 <wb> C3 C0 C30 C0 C16 <wb> C15 C0 C36 C16 <wb> C20 C0 C1 C22 C0 C26 C31 C0 C16 <wb> C19 C0 C16 <wb> C0 C17 C0 C22 C0 C32 C0 <wb> C19 C0 C26 <wb> C17 C0 C1 C24 C0 C32 C0 C11 <wb> C15 C0 C2 C23,train
4673,"एक ऐसी ख़ामोशी, जो अक्षरों को पाकर भी, बोलना नहीं जानती",1,5.087,0,not_selected_by_random,,,,
4674,"इसी ख़ामोशी को, साधने के जतन में, उम्र भर लगे रहे गुलज़ार, शायद इन्हीं वजहों से, प्रेम की स्थापना में, उन अन्धेरे दायरों की ओर भी, चले गये हैं",1,11.355,1,,hindi_female_004674.wav,i s a ii <wb> khq a aa m a o sh a ii <wb> k a o <wb> s a aa dh a n a ee <wb> k a ee <wb> j a t a n a <wb> m a ee q <wb> u m a r a <wb> bh a r a <wb> l a g a ee <wb> r a h a ee <wb> g a u l a z a aa r a <wb> sh a aa y a d a <wb> i n a h a ii q <wb> w a j a h a o q <wb> s a ee <wb> p a r a ee m a <wb> k a ii <wb> s a th a aa p a n a aa <wb> m a ee q <wb> u n a <wb> a n a dh a ee r a ee <wb> d a aa y a r a o q <wb> k a ii <wb> o r a <wb> bh a ii <wb> c a l a ee <wb> g a y a ee <wb> h a ei q,C16 C30 C0 C16 <wb> C20 C0 C1 C22 C0 C26 C31 C0 C16 <wb> C19 C0 C26 <wb> C30 C0 C1 C8 C0 C24 C0 C11 <wb> C19 C0 C11 <wb> C17 C0 C32 C0 C24 C0 <wb> C22 C0 C11 C23 <wb> C36 C22 C0 C29 C0 <wb> C4 C0 C29 C0 <wb> C21 C0 C13 C0 C11 <wb> C29 C0 C15 C0 C11 <wb> C13 C0 C36 C21 C0 C17 C0 C1 C29 C0 <wb> C31 C0 C1 C38 C0 C7 C0 <wb> C16 C24 C0 C15 C0 C16 C23 <wb> C37 C0 C17 C0 C15 C0 C26 C23 <wb> C30 C0 C11 <wb> C28 C0 C29 C0 C11 C22 C0 <wb> C19 C0 C16 <wb> C30 C0 C33 C0 C1 C28 C0 C24 C0 C1 <wb> C22 C0 C11 C23 <wb> C36 C24 C0 <wb> C0 C24 C0 C8 C0 C11 C29 C0 C11 <wb> C7 C0 C1 C38 C0 C29 C0 C26 C23 <wb> C19 C0 C16 <wb> C26 C29 C0 <wb> C4 C0 C16 <wb> C5 C0 C21 C0 C11 <wb> C13 C0 C38 C0 C11 <wb> C15 C0 C2 C23,train
4676,"वे प्रेम को अपनी कविता में, इतनी पूर्णता बख़्शते हैं, कि उनके लिए फिर यह बात आसान हो जाती है, किस तरह, कायनात और सय्यारों में भटकते हुए, किसी रूह में उतरा जाये",1,13.49,0,not_selected_by_random,,,,
4678,"उन्होंने इतने दशकों में, फैले अपने समृद्ध रचनात्मक जीवन में, ढेरों ऐसे सृजन के क्षण जुटाये हैं",1,7.198,1,,hindi_female_004678.wav,u n a h a o q n a ee <wb> i t a n a ee <wb> d a sh a k a o q <wb> m a ee q <wb> ph a ei l a ee <wb> a p a n a ee <wb> s a m a rq d a dh a <wb> r a c a n a aa t a m a k a <wb> j a ii w a n a <wb> m a ee q <wb> dxh a ee r a o q <wb> ei s a ee <wb> s a rq j a n a <wb> k a ee <wb> k a sx a nx a <wb> j a u tx a aa y a ee <wb> h a ei q,C36 C24 C0 C15 C0 C26 C23 C24 C0 C11 <wb> C16 C32 C0 C24 C0 C11 <wb> C7 C0 C31 C0 C19 C0 C26 C23 <wb> C22 C0 C11 C23 <wb> C12 C0 C2 C21 C0 C11 <wb> C0 C28 C0 C24 C0 C11 <wb> C30 C0 C22 C0 C29 C7 C0 C8 C0 <wb> C29 C0 C5 C0 C24 C0 C1 C32 C0 C22 C0 C19 C0 <wb> C17 C0 C16 C37 C0 C24 C0 <wb> C22 C0 C11 C23 <wb> C10 C0 C11 C29 C0 C26 C23 <wb> C2 C30 C0 C11 <wb> C30 C0 C29 C17 C0 C24 C0 <wb> C19 C0 C11 <wb> C19 C0 C31 C0 C25 C0 <wb> C17 C0 C36 C34 C0 C1 C38 C0 C11 <wb> C15 C0 C2 C23,train
4680,"उन्होंने अपना फ़िल्मी कॅरियर, प्रेम गीत को लिखकर शुरू किया था",1,3.924,1,,hindi_female_004680.wav,u n a h a o q n a ee <wb> a p a n a aa <wb> f a i l a m a ii <wb> k a r a i y a r a <wb> p a r a ee m a <wb> g a ii t a <wb> k a o <wb> l a i kh a k a r a <wb> sh a u r a uu <wb> k a i y a aa <wb> th a aa,C36 C24 C0 C15 C0 C26 C23 C24 C0 C11 <wb> C0 C28 C0 C24 C0 C1 <wb> C12 C0 C16 C21 C0 C22 C0 C16 <wb> C19 C0 C29 C0 C16 C38 C0 C29 C0 <wb> C28 C0 C29 C0 C11 C22 C0 <wb> C13 C0 C16 C32 C0 <wb> C19 C0 C26 <wb> C21 C0 C16 C20 C0 C19 C0 C29 C0 <wb> C31 C0 C36 C29 C0 C36 <wb> C19 C0 C16 C38 C0 C1 <wb> C33 C0 C1,train
4681,"वह, विशुद्ध प्रेम में डूबा हुआ गीत था",1,3.31,0,not_selected_by_random,,,,
4682,"बन्दिनी का वह प्रसिद्ध गाना, नायिका कल्याणी के झिझक, और उसकी मनोदशा का, मनोहारी चित्रण था, कि कैसे वह अपने प्रेम में भीगी हुई, चाँदनी रात को, घर के आँगन से बाहर पाँव रख देती है",1,14.954,0,not_selected_by_random,,,,
4683,"वह बरसों बीत जाने के बाद भी, आज उतनी ही नज़ाकत, और बेचैनी के साथ, उनकी रचनात्मक यात्रा में मौजूद है",1,8.011,1,,hindi_female_004683.wav,w a h a <wb> b a r a s a o q <wb> b a ii t a <wb> j a aa n a ee <wb> k a ee <wb> b a aa d a <wb> bh a ii <wb> aa j a <wb> u t a n a ii <wb> h a ii <wb> n a z a aa k a t a <wb> ou r a <wb> b a ee c a ei n a ii <wb> k a ee <wb> s a aa th a <wb> u n a k a ii <wb> r a c a n a aa t a m a k a <wb> y a aa t a r a aa <wb> m a ee q <wb> m a ou j a uu d a <wb> h a ei,C37 C0 C15 C0 <wb> C3 C0 C29 C0 C30 C0 C26 C23 <wb> C3 C0 C16 C32 C0 <wb> C17 C0 C1 C24 C0 C11 <wb> C19 C0 C11 <wb> C3 C0 C1 C7 C0 <wb> C4 C0 C16 <wb> C1 C17 C0 <wb> C36 C32 C0 C24 C0 C16 <wb> C15 C0 C16 <wb> C24 C0 C17 C0 C1 C19 C0 C32 C0 <wb> C27 C29 C0 <wb> C3 C0 C11 C5 C0 C2 C24 C0 C16 <wb> C19 C0 C11 <wb> C30 C0 C1 C33 C0 <wb> C36 C24 C0 C19 C0 C16 <wb> C29 C0 C5 C0 C24 C0 C1 C32 C0 C22 C0 C19 C0 <wb> C38 C0 C1 C32 C0 C29 C0 C1 <wb> C22 C0 C11 C23 <wb> C22 C0 C27 C17 C0 C36 C7 C0 <wb> C15 C0 C2,train
4685,"प्रेम से बिल्कुल अलग, मृत्यु भी, अपने में ऐसा, विशिष्ट, और विचार भरा शब्द है, जो, गुलज़ार के यहाँ, पूरी शिद्दत से, अपनी उपस्थिति को, व्यंजित करता है",1,12.437,0,not_selected_by_random,,,,
4689,"यह आलेख, वाणी प्रकाशन द्वारा, साल के आखिर तक, यतींद्र मिश्र के संपादन में प्रकाश्य, नज़्मों के दीवान, यार जुलाहे की भूमिका का, संक्षिप्त रूप है",1,12.098,1,,hindi_female_004689.wav,y a h a <wb> aa l a ee kh a <wb> w a aa nx a ii <wb> p a r a k a aa sh a n a <wb> d a w a aa r a aa <wb> s a aa l a <wb> k a ee <wb> aa kh a i r a <wb> t a k a <wb> y a t a ii q d a r a <wb> m a i sh a r a <wb> k a ee <wb> s a q p a aa d a n a <wb> m a ee q <wb> p a r a k a aa sh a y a <wb> n a z a m a o q <wb> k a ee <wb> d a ii w a aa n a <wb> y a aa r a <wb> j a u l a aa h a ee <wb> k a ii <wb> bh a uu m a i k a aa <wb> k a aa <wb> s a q k a sx a i p a t a <wb> r a uu p a <wb> h a ei,C38 C0 C15 C0 <wb> C1 C21 C0 C11 C20 C0 <wb> C37 C0 C1 C25 C0 C16 <wb> C28 C0 C29 C0 C19 C0 C1 C31 C0 C24 C0 <wb> C7 C0 C37 C0 C1 C29 C0 C1 <wb> C30 C0 C1 C21 C0 <wb> C19 C0 C11 <wb> C1 C20 C0 C16 C29 C0 <wb> C32 C0 C19 C0 <wb> C38 C0 C32 C0 C16 C23 C7 C0 C29 C0 <wb> C22 C0 C16 C31 C0 C29 C0 <wb> C19 C0 C11 <wb> C30 C0 C23 C28 C0 C1 C7 C0 C24 C0 <wb> C22 C0 C11 C23 <wb> C28 C0 C29 C0 C19 C0 C1 C31 C0 C38 C0 <wb> C24 C0 C17 C0 C22 C0 C26 C23 <wb> C19 C0 C11 <wb> C7 C0 C16 C37 C0 C1 C24 C0 <wb> C38 C0 C1 C29 C0 <wb> C17 C0 C36 C21 C0 C1 C15 C0 C11 <wb> C19 C0 C16 <wb> C4 C0 C36 C22 C0 C16 C19 C0 C1 <wb> C19 C0 C1 <wb> C30 C0 C23 C19 C0 C31 C0 C16 C28 C0 C32 C0 <wb> C29 C0 C36 C28 C0 <wb> C15 C0 C2,train
4690,"किस्सा, एक नाकाम संपादकीय मंसूबे का",1,3.228,1,,hindi_female_004690.wav,k a i s a s a aa <wb> ee k a <wb> n a aa k a aa m a <wb> s a q p a aa d a k a ii y a <wb> m a q s a uu b a ee <wb> k a aa,C19 C0 C16 C30 C0 C30 C0 C1 <wb> C11 C19 C0 <wb> C24 C0 C1 C19 C0 C1 C22 C0 <wb> C30 C0 C23 C28 C0 C1 C7 C0 C19 C0 C16 C38 C0 <wb> C22 C0 C23 C30 C0 C36 C3 C0 C11 <wb> C19 C0 C1,train
4691,"आन येदरलुण्ड की कविता ने, समकालीन स्वीडिश कविता को, अपने काव्य उद्यम से, प्रतिकृत, और समृद्ध किया है",1,8.266,1,,hindi_female_004691.wav,aa n a <wb> y a ee d a r a l a u nx a dx a <wb> k a ii <wb> k a w a i t a aa <wb> n a ee <wb> s a m a k a aa l a ii n a <wb> s a w a ii dx a i sh a <wb> k a w a i t a aa <wb> k a o <wb> a p a n a ee <wb> k a aa w a y a <wb> u d a y a m a <wb> s a ee <wb> p a r a t a i k a rq t a <wb> ou r a <wb> s a m a rq d a dh a <wb> k a i y a aa <wb> h a ei,C1 C24 C0 <wb> C38 C0 C11 C7 C0 C29 C0 C21 C0 C36 C25 C0 C9 C0 <wb> C19 C0 C16 <wb> C19 C0 C37 C0 C16 C32 C0 C1 <wb> C24 C0 C11 <wb> C30 C0 C22 C0 C19 C0 C1 C21 C0 C16 C24 C0 <wb> C30 C0 C37 C0 C16 C9 C0 C16 C31 C0 <wb> C19 C0 C37 C0 C16 C32 C0 C1 <wb> C19 C0 C26 <wb> C0 C28 C0 C24 C0 C11 <wb> C19 C0 C1 C37 C0 C38 C0 <wb> C36 C7 C0 C38 C0 C22 C0 <wb> C30 C0 C11 <wb> C28 C0 C29 C0 C32 C0 C16 C19 C0 C29 C32 C0 <wb> C27 C29 C0 <wb> C30 C0 C22 C0 C29 C7 C0 C8 C0 <wb> C19 C0 C16 C38 C0 C1 <wb> C15 C0 C2,train
4692,"वागीश शुक्ल पिछले कई वर्षों से, एक उपन्यास लिख रहे हैं",1,4.11,1,,hindi_female_004692.wav,w a aa g a ii sh a <wb> sh a u k a l a <wb> p a i ch a l a ee <wb> k a ii <wb> w a r a sx a o q <wb> s a ee <wb> ee k a <wb> u p a n a y a aa s a <wb> l a i kh a <wb> r a h a ee <wb> h a ei q,C37 C0 C1 C13 C0 C16 C31 C0 <wb> C31 C0 C36 C19 C0 C21 C0 <wb> C28 C0 C16 C6 C0 C21 C0 C11 <wb> C19 C0 C16 <wb> C37 C0 C29 C0 C31 C0 C26 C23 <wb> C30 C0 C11 <wb> C11 C19 C0 <wb> C36 C28 C0 C24 C0 C38 C0 C1 C30 C0 <wb> C21 C0 C16 C20 C0 <wb> C29 C0 C15 C0 C11 <wb> C15 C0 C2 C23,train
4693,"पिछले अंक में, सुधीर चंद्र ने, अपने आलेख में, बौद्धिक उत्तरजीवन को, विषय बनाया था",1,6.943,1,,hindi_female_004693.wav,p a i ch a l a ee <wb> a q k a <wb> m a ee q <wb> s a u dh a ii r a <wb> c a q d a r a <wb> n a ee <wb> a p a n a ee <wb> aa l a ee kh a <wb> m a ee q <wb> b a ou d a dh a i k a <wb> u t a t a r a j a ii w a n a <wb> k a o <wb> w a i sx a y a <wb> b a n a aa y a aa <wb> th a aa,C28 C0 C16 C6 C0 C21 C0 C11 <wb> C0 C23 C19 C0 <wb> C22 C0 C11 C23 <wb> C30 C0 C36 C8 C0 C16 C29 C0 <wb> C5 C0 C23 C7 C0 C29 C0 <wb> C24 C0 C11 <wb> C0 C28 C0 C24 C0 C11 <wb> C1 C21 C0 C11 C20 C0 <wb> C22 C0 C11 C23 <wb> C3 C0 C27 C7 C0 C8 C0 C16 C19 C0 <wb> C36 C32 C0 C32 C0 C29 C0 C17 C0 C16 C37 C0 C24 C0 <wb> C19 C0 C26 <wb> C37 C0 C16 C31 C0 C38 C0 <wb> C3 C0 C24 C0 C1 C38 C0 C1 <wb> C33 C0 C1,train
4694,"इस बार, हिन्दी कवि और समाज विज्ञानी, बद्री नारायण, इसी क्रांति में, दलित जातियों के योगदान के विषय में बात कर रहे है",1,9.873,0,not_selected_by_random,,,,
4695,"पैंतीस बरस पुराने, इस संवाद के अंश उपलब्ध कराने के लिए, हम, कवि कथाकार, अनिरुद्ध उमट के कृतज्ञ हैं",1,9.1,0,not_selected_by_random,,,,
4696,"कृष्ण बलदेव वैद की, सात हिन्दी कहानियाँ, जिन्हें शायद, एक कहानी भी कहा जा सकता है",1,7.139,0,not_selected_by_random,,,,
4698,"अपनी कुछ ही किताबों से, स्यदरग्रान ने, सन्निष्ठा, और मोहभंग के, आधुनिक अनुभव हेतु, एक नयी काव्य भाषा आविष्कृत की",1,9.334,1,,hindi_female_004698.wav,a p a n a ii <wb> k a u ch a <wb> h a ii <wb> k a i t a aa b a o q <wb> s a ee <wb> s a y a d a r a g a r a aa n a <wb> n a ee <wb> s a n a n a i sx a txh a aa <wb> ou r a <wb> m a o h a bh a q g a <wb> k a ee <wb> aa dh a u n a i k a <wb> a n a u bh a w a <wb> h a ee t a u <wb> ee k a <wb> n a y a ii <wb> k a aa w a y a <wb> bh a aa sx a aa <wb> aa w a i sx a k a rq t a <wb> k a ii,C0 C28 C0 C24 C0 C16 <wb> C19 C0 C36 C6 C0 <wb> C15 C0 C16 <wb> C19 C0 C16 C32 C0 C1 C3 C0 C26 C23 <wb> C30 C0 C11 <wb> C30 C0 C38 C0 C7 C0 C29 C0 C13 C0 C29 C0 C1 C24 C0 <wb> C24 C0 C11 <wb> C30 C0 C24 C0 C24 C0 C16 C31 C0 C35 C0 C1 <wb> C27 C29 C0 <wb> C22 C0 C26 C15 C0 C4 C0 C23 C13 C0 <wb> C19 C0 C11 <wb> C1 C8 C0 C36 C24 C0 C16 C19 C0 <wb> C0 C24 C0 C36 C4 C0 C37 C0 <wb> C15 C0 C11 C32 C0 C36 <wb> C11 C19 C0 <wb> C24 C0 C38 C0 C16 <wb> C19 C0 C1 C37 C0 C38 C0 <wb> C4 C0 C1 C31 C0 C1 <wb> C1 C37 C0 C16 C31 C0 C19 C0 C29 C32 C0 <wb> C19 C0 C16,train
4699,"यह भाषा, निडर रूप से, रूपकात्मक, रतिमयी, आध्यात्मिक, एवं दृष्टा भाषा थी",1,7.175,1,,hindi_female_004699.wav,y a h a <wb> bh a aa sx a aa <wb> n a i dx a r a <wb> r a uu p a <wb> s a ee <wb> r a uu p a k a aa t a m a k a <wb> r a t a i m a y a ii <wb> aa dh a y a aa t a m a i k a <wb> ee w a q <wb> d a rq sx a tx a aa <wb> bh a aa sx a aa <wb> th a ii,C38 C0 C15 C0 <wb> C4 C0 C1 C31 C0 C1 <wb> C24 C0 C16 C9 C0 C29 C0 <wb> C29 C0 C36 C28 C0 <wb> C30 C0 C11 <wb> C29 C0 C36 C28 C0 C19 C0 C1 C32 C0 C22 C0 C19 C0 <wb> C29 C0 C32 C0 C16 C22 C0 C38 C0 C16 <wb> C1 C8 C0 C38 C0 C1 C32 C0 C22 C0 C16 C19 C0 <wb> C11 C37 C0 C23 <wb> C7 C0 C29 C31 C0 C34 C0 C1 <wb> C4 C0 C1 C31 C0 C1 <wb> C33 C0 C16,train
4701,"लेकिन, एडिथ की कविता, उसके समकालीन पाठकों के लिए, प्रायः, एक बौद्धिक चुनौती लेकर उपस्थित हुई, और अभी तक, कवियों और विद्वानों की गहन जिज्ञासा का, विषय बनी हुई है",1,13.096,1,,hindi_female_004701.wav,l a ee k a i n a <wb> ee dx a i th a <wb> k a ii <wb> k a w a i t a aa <wb> u s a k a ee <wb> s a m a k a aa l a ii n a <wb> p a aa txh a k a o q <wb> k a ee <wb> l a i ee <wb> p a r a aa y a hq <wb> ee k a <wb> b a ou d a dh a i k a <wb> c a u n a ou t a ii <wb> l a ee k a r a <wb> u p a s a th a i t a <wb> h a u ii <wb> ou r a <wb> a bh a ii <wb> t a k a <wb> k a w a i y a o q <wb> ou r a <wb> w a i d a w a aa n a o q <wb> k a ii <wb> g a h a n a <wb> j a i j a nj a aa s a aa <wb> k a aa <wb> w a i sx a y a <wb> b a n a ii <wb> h a u ii <wb> h a ei,C21 C0 C11 C19 C0 C16 C24 C0 <wb> C11 C9 C0 C16 C33 C0 <wb> C19 C0 C16 <wb> C19 C0 C37 C0 C16 C32 C0 C1 <wb> C36 C30 C0 C19 C0 C11 <wb> C30 C0 C22 C0 C19 C0 C1 C21 C0 C16 C24 C0 <wb> C28 C0 C1 C35 C0 C19 C0 C26 C23 <wb> C19 C0 C11 <wb> C21 C0 C16 C11 <wb> C28 C0 C29 C0 C1 C38 C0 C15 <wb> C11 C19 C0 <wb> C3 C0 C27 C7 C0 C8 C0 C16 C19 C0 <wb> C5 C0 C36 C24 C0 C27 C32 C0 C16 <wb> C21 C0 C11 C19 C0 C29 C0 <wb> C36 C28 C0 C30 C0 C33 C0 C16 C32 C0 <wb> C15 C0 C36 C16 <wb> C27 C29 C0 <wb> C0 C4 C0 C16 <wb> C32 C0 C19 C0 <wb> C19 C0 C37 C0 C16 C38 C0 C26 C23 <wb> C27 C29 C0 <wb> C37 C0 C16 C7 C0 C37 C0 C1 C24 C0 C26 C23 <wb> C19 C0 C16 <wb> C13 C0 C15 C0 C24 C0 <wb> C17 C0 C16 C17 C0 C24 C0 C1 C30 C0 C1 <wb> C19 C0 C1 <wb> C37 C0 C16 C31 C0 C38 C0 <wb> C3 C0 C24 C0 C16 <wb> C15 C0 C36 C16 <wb> C15 C0 C2,train
4704,"लेकिन आठवें दशक में, एक अनपेक्षित बदलाव पैदा हुआ",1,4.087,1,,hindi_female_004704.wav,l a ee k a i n a <wb> aa txh a w a ee q <wb> d a sh a k a <wb> m a ee q <wb> ee k a <wb> a n a p a ee k a sx a i t a <wb> b a d a l a aa w a <wb> p a ei d a aa <wb> h a u aa,C21 C0 C11 C19 C0 C16 C24 C0 <wb> C1 C35 C0 C37 C0 C11 C23 <wb> C7 C0 C31 C0 C19 C0 <wb> C22 C0 C11 C23 <wb> C11 C19 C0 <wb> C0 C24 C0 C28 C0 C11 C19 C0 C31 C0 C16 C32 C0 <wb> C3 C0 C7 C0 C21 C0 C1 C37 C0 <wb> C28 C0 C2 C7 C0 C1 <wb> C15 C0 C36 C1,train
4705,"साहित्यिक परिदृश्य में, भाषा और काव्य रूप की एक बिलकुल अलग अवधारणा लिये, कुछ स्त्री कविताओ का प्रवेश हुआ",1,8.684,1,,hindi_female_004705.wav,s a aa h a i t a y a i k a <wb> p a r a i d a rq sh a y a <wb> m a ee q <wb> bh a aa sx a aa <wb> ou r a <wb> k a aa w a y a <wb> r a uu p a <wb> k a ii <wb> ee k a <wb> b a i l a k a u l a <wb> a l a g a <wb> a w a dh a aa r a nx a aa <wb> l a i y a ee <wb> k a u ch a <wb> s a t a r a ii <wb> k a w a i t a aa o <wb> k a aa <wb> p a r a w a ee sh a <wb> h a u aa,C30 C0 C1 C15 C0 C16 C32 C0 C38 C0 C16 C19 C0 <wb> C28 C0 C29 C0 C16 C7 C0 C29 C31 C0 C38 C0 <wb> C22 C0 C11 C23 <wb> C4 C0 C1 C31 C0 C1 <wb> C27 C29 C0 <wb> C19 C0 C1 C37 C0 C38 C0 <wb> C29 C0 C36 C28 C0 <wb> C19 C0 C16 <wb> C11 C19 C0 <wb> C3 C0 C16 C21 C0 C19 C0 C36 C21 C0 <wb> C0 C21 C0 C13 C0 <wb> C0 C37 C0 C8 C0 C1 C29 C0 C25 C0 C1 <wb> C21 C0 C16 C38 C0 C11 <wb> C19 C0 C36 C6 C0 <wb> C30 C0 C32 C0 C29 C0 C16 <wb> C19 C0 C37 C0 C16 C32 C0 C1 C26 <wb> C19 C0 C1 <wb> C28 C0 C29 C0 C37 C0 C11 C31 C0 <wb> C15 C0 C36 C1,train
4707,"उनकी कविता ने, अलग अलग, और व्यक्तिगत युक्तियों से, इन ढाँचों को गलाया, और क्षरित किया",1,7.432,0,not_selected_by_random,,,,
4708,"इसके परिणाम स्वरूप, बीसवीं सदी के स्कान्दिनेविया में, एक अलग सौन्दर्य शास्त्र प्रतिफलित हुई",1,7.291,1,,hindi_female_004708.wav,i s a k a ee <wb> p a r a i nx a aa m a <wb> s a w a r a uu p a <wb> b a ii s a w a ii q <wb> s a d a ii <wb> k a ee <wb> s a k a aa n a d a i n a ee w a i y a aa <wb> m a ee q <wb> ee k a <wb> a l a g a <wb> s a ou n a d a r a y a <wb> sh a aa s a t a r a <wb> p a r a t a i ph a l a i t a <wb> h a u ii,C16 C30 C0 C19 C0 C11 <wb> C28 C0 C29 C0 C16 C25 C0 C1 C22 C0 <wb> C30 C0 C37 C0 C29 C0 C36 C28 C0 <wb> C3 C0 C16 C30 C0 C37 C0 C16 C23 <wb> C30 C0 C7 C0 C16 <wb> C19 C0 C11 <wb> C30 C0 C19 C0 C1 C24 C0 C7 C0 C16 C24 C0 C11 C37 C0 C16 C38 C0 C1 <wb> C22 C0 C11 C23 <wb> C11 C19 C0 <wb> C0 C21 C0 C13 C0 <wb> C30 C0 C27 C24 C0 C7 C0 C29 C0 C38 C0 <wb> C31 C0 C1 C30 C0 C32 C0 C29 C0 <wb> C28 C0 C29 C0 C32 C0 C16 C12 C0 C21 C0 C16 C32 C0 <wb> C15 C0 C36 C16,train
4709,"यह वैकल्पिक परम्परा, कई दशक तक, स्त्रियों के माध्यम से ही, प्रतिफलित हुई",1,5.828,1,,hindi_female_004709.wav,y a h a <wb> w a ei k a l a p a i k a <wb> p a r a m a p a r a aa <wb> k a ii <wb> d a sh a k a <wb> t a k a <wb> s a t a r a i y a o q <wb> k a ee <wb> m a aa dh a y a m a <wb> s a ee <wb> h a ii <wb> p a r a t a i ph a l a i t a <wb> h a u ii,C38 C0 C15 C0 <wb> C37 C0 C2 C19 C0 C21 C0 C28 C0 C16 C19 C0 <wb> C28 C0 C29 C0 C22 C0 C28 C0 C29 C0 C1 <wb> C19 C0 C16 <wb> C7 C0 C31 C0 C19 C0 <wb> C32 C0 C19 C0 <wb> C30 C0 C32 C0 C29 C0 C16 C38 C0 C26 C23 <wb> C19 C0 C11 <wb> C22 C0 C1 C8 C0 C38 C0 C22 C0 <wb> C30 C0 C11 <wb> C15 C0 C16 <wb> C28 C0 C29 C0 C32 C0 C16 C12 C0 C21 C0 C16 C32 C0 <wb> C15 C0 C36 C16,val
4710,"नवें दशक तक आते आते, यह स्पष्ट होता चला गया, कि अब, स्वीड कविता की प्रथम पंक्ति, स्त्रियों की निर्मित बनती चली जा रही थी",1,9.311,1,,hindi_female_004710.wav,n a w a ee q <wb> d a sh a k a <wb> t a k a <wb> aa t a ee <wb> aa t a ee <wb> y a h a <wb> s a p a sx a tx a <wb> h a o t a aa <wb> c a l a aa <wb> g a y a aa <wb> k a i <wb> a b a <wb> s a w a ii dx a <wb> k a w a i t a aa <wb> k a ii <wb> p a r a th a m a <wb> p a q k a t a i <wb> s a t a r a i y a o q <wb> k a ii <wb> n a i r a m a i t a <wb> b a n a t a ii <wb> c a l a ii <wb> j a aa <wb> r a h a ii <wb> th a ii,C24 C0 C37 C0 C11 C23 <wb> C7 C0 C31 C0 C19 C0 <wb> C32 C0 C19 C0 <wb> C1 C32 C0 C11 <wb> C1 C32 C0 C11 <wb> C38 C0 C15 C0 <wb> C30 C0 C28 C0 C31 C0 C34 C0 <wb> C15 C0 C26 C32 C0 C1 <wb> C5 C0 C21 C0 C1 <wb> C13 C0 C38 C0 C1 <wb> C19 C0 C16 <wb> C0 C3 C0 <wb> C30 C0 C37 C0 C16 C9 C0 <wb> C19 C0 C37 C0 C16 C32 C0 C1 <wb> C19 C0 C16 <wb> C28 C0 C29 C0 C33 C0 C22 C0 <wb> C28 C0 C23 C19 C0 C32 C0 C16 <wb> C30 C0 C32 C0 C29 C0 C16 C38 C0 C26 C23 <wb> C19 C0 C16 <wb> C24 C0 C16 C29 C0 C22 C0 C16 C32 C0 <wb> C3 C0 C24 C0 C32 C0 C16 <wb> C5 C0 C21 C0 C16 <wb> C17 C0 C1 <wb> C29 C0 C15 C0 C16 <wb> C33 C0 C16,train
4711,"एक दहाके से, कुछ ही अधिक समय में, स्वीडी कविता का, भूदृश्य एकदम बदल चुका था",1,6.77,0,not_selected_by_random,,,,
4712,"इस बदलाव का सौन्दर्य, और इसकी चुनौती, क्रमशः, समृद्ध, अधिक जटिल, और परिपक्व होती चली गयी",1,8.313,1,,hindi_female_004712.wav,i s a <wb> b a d a l a aa w a <wb> k a aa <wb> s a ou n a d a r a y a <wb> ou r a <wb> i s a k a ii <wb> c a u n a ou t a ii <wb> k a r a m a sh a hq <wb> s a m a rq d a dh a <wb> a dh a i k a <wb> j a tx a i l a <wb> ou r a <wb> p a r a i p a k a w a <wb> h a o t a ii <wb> c a l a ii <wb> g a y a ii,C16 C30 C0 <wb> C3 C0 C7 C0 C21 C0 C1 C37 C0 <wb> C19 C0 C1 <wb> C30 C0 C27 C24 C0 C7 C0 C29 C0 C38 C0 <wb> C27 C29 C0 <wb> C16 C30 C0 C19 C0 C16 <wb> C5 C0 C36 C24 C0 C27 C32 C0 C16 <wb> C19 C0 C29 C0 C22 C0 C31 C0 C15 <wb> C30 C0 C22 C0 C29 C7 C0 C8 C0 <wb> C0 C8 C0 C16 C19 C0 <wb> C17 C0 C34 C0 C16 C21 C0 <wb> C27 C29 C0 <wb> C28 C0 C29 C0 C16 C28 C0 C19 C0 C37 C0 <wb> C15 C0 C26 C32 C0 C16 <wb> C5 C0 C21 C0 C16 <wb> C13 C0 C38 C0 C16,train
4715,"जो भी हो, आन येदरलुण्ड के लेखन से, काव्यात्मक सोच के भीतर, एक नाटकीय उछाल पैदा हुई है",1,8.182,0,not_selected_by_random,,,,
4716,"निश्चित ही, आधुनिक कविता के कूट, कुछ हद तक, जान की कविता का वर्णन कर सकते हैं, कि वे, अपना काव्य संसार, स्वयं रचती हैं, अज्ञात एहसासों की ज़मीन को, टटोलती है",1,14.397,0,not_selected_by_random,,,,
4717,"यह बात भी निश्चित है, कि उनकी कविता के, विचित्र सौन्दर्य में, कामुकता का गहन बोध है",1,7.092,0,not_selected_by_random,,,,
4718,"उनका सम्पूर्ण संवेदन, भाषा की सामान्य संरचनाओं की, सीमाओं से परे का सवंदेन है, उन संरचनाओं से परे का, जो मानवीय अभिव्यक्ति का, संचालन करती हैं",1,12.81,0,not_selected_by_random,,,,
4720,"शायद, कहा जा सकता है कि, उनकी कविताएँ, एक ऐसे मानवीय दृष्टान्त के भीतर, पठनीय हैं",1,7.849,0,not_selected_by_random,,,,
4722,"कविता को, भाषिक व्यवहार का सबसे, करूणामयी अवयय बन जाना होता है",1,5.271,1,,hindi_female_004722.wav,k a w a i t a aa <wb> k a o <wb> bh a aa sx a i k a <wb> w a y a w a h a aa r a <wb> k a aa <wb> s a b a s a ee <wb> k a r a uu nx a aa m a y a ii <wb> a w a y a y a <wb> b a n a <wb> j a aa n a aa <wb> h a o t a aa <wb> h a ei,C19 C0 C37 C0 C16 C32 C0 C1 <wb> C19 C0 C26 <wb> C4 C0 C1 C31 C0 C16 C19 C0 <wb> C37 C0 C38 C0 C37 C0 C15 C0 C1 C29 C0 <wb> C19 C0 C1 <wb> C30 C0 C3 C0 C30 C0 C11 <wb> C19 C0 C29 C0 C36 C25 C0 C1 C22 C0 C38 C0 C16 <wb> C0 C37 C0 C38 C0 C38 C0 <wb> C3 C0 C24 C0 <wb> C17 C0 C1 C24 C0 C1 <wb> C15 C0 C26 C32 C0 C1 <wb> C15 C0 C2,train
4723,"इस किताब की समीक्षा, एक रेडियो पत्रिका में हुई",1,3.39,1,,hindi_female_004723.wav,i s a <wb> k a i t a aa b a <wb> k a ii <wb> s a m a ii k a sx a aa <wb> ee k a <wb> r a ee dx a i y a o <wb> p a t a r a i k a aa <wb> m a ee q <wb> h a u ii,C16 C30 C0 <wb> C19 C0 C16 C32 C0 C1 C3 C0 <wb> C19 C0 C16 <wb> C30 C0 C22 C0 C16 C19 C0 C31 C0 C1 <wb> C11 C19 C0 <wb> C29 C0 C11 C9 C0 C16 C38 C0 C26 <wb> C28 C0 C32 C0 C29 C0 C16 C19 C0 C1 <wb> C22 C0 C11 C23 <wb> C15 C0 C36 C16,train
4724,"उन कविताओं से, मुझे एक झटका लगा",1,2.74,1,,hindi_female_004724.wav,u n a <wb> k a w a i t a aa o q <wb> s a ee <wb> m a u jh a ee <wb> ee k a <wb> jh a tx a k a aa <wb> l a g a aa,C36 C24 C0 <wb> C19 C0 C37 C0 C16 C32 C0 C1 C26 C23 <wb> C30 C0 C11 <wb> C22 C0 C36 C18 C0 C11 <wb> C11 C19 C0 <wb> C18 C0 C34 C0 C19 C0 C1 <wb> C21 C0 C13 C0 C1,train
4725,"मैं एकदम समझ गया, कि उन कविताओं के प्रकाश में, कविता को लेकर, मेरे अपने शिल्प गत प्रयासों की कोई भी प्रासंगिकता, नहीं रह जाती",1,11.04,0,not_selected_by_random,,,,
4727,"जिसमे वे मृत्यु के समय, अपने उस कमरे में अकेले बैठे हुए थे, जो उनका पुस्तकालय कहलाता था",1,6.873,1,,hindi_female_004727.wav,j a i s a m a ee <wb> w a ee <wb> m a rq t a y a u <wb> k a ee <wb> s a m a y a <wb> a p a n a ee <wb> u s a <wb> k a m a r a ee <wb> m a ee q <wb> a k a ee l a ee <wb> b a ei txh a ee <wb> h a u ee <wb> th a ee <wb> j a o <wb> u n a k a aa <wb> p a u s a t a k a aa l a y a <wb> k a h a l a aa t a aa <wb> th a aa,C17 C0 C16 C30 C0 C22 C0 C11 <wb> C37 C0 C11 <wb> C22 C0 C29 C32 C0 C38 C0 C36 <wb> C19 C0 C11 <wb> C30 C0 C22 C0 C38 C0 <wb> C0 C28 C0 C24 C0 C11 <wb> C36 C30 C0 <wb> C19 C0 C22 C0 C29 C0 C11 <wb> C22 C0 C11 C23 <wb> C0 C19 C0 C11 C21 C0 C11 <wb> C3 C0 C2 C35 C0 C11 <wb> C15 C0 C36 C11 <wb> C33 C0 C11 <wb> C17 C0 C26 <wb> C36 C24 C0 C19 C0 C1 <wb> C28 C0 C36 C30 C0 C32 C0 C19 C0 C1 C21 C0 C38 C0 <wb> C19 C0 C15 C0 C21 C0 C1 C32 C0 C1 <wb> C33 C0 C1,train
4728,"माउज़र से निकल कर गोली, उनके सीने में घुसी, और वे, एक चीख़ मार कर, उस कुरसी पर, लुढ़क गये, जिस पर वे बैठे थे",1,8.847,1,,hindi_female_004728.wav,m a aa u z a r a <wb> s a ee <wb> n a i k a l a <wb> k a r a <wb> g a o l a ii <wb> u n a k a ee <wb> s a ii n a ee <wb> m a ee q <wb> gh a u s a ii <wb> ou r a <wb> w a ee <wb> ee k a <wb> c a ii khq a <wb> m a aa r a <wb> k a r a <wb> u s a <wb> k a u r a s a ii <wb> p a r a <wb> l a u dxhq a k a <wb> g a y a ee <wb> j a i s a <wb> p a r a <wb> w a ee <wb> b a ei txh a ee <wb> th a ee,C22 C0 C1 C36 C17 C0 C29 C0 <wb> C30 C0 C11 <wb> C24 C0 C16 C19 C0 C21 C0 <wb> C19 C0 C29 C0 <wb> C13 C0 C26 C21 C0 C16 <wb> C36 C24 C0 C19 C0 C11 <wb> C30 C0 C16 C24 C0 C11 <wb> C22 C0 C11 C23 <wb> C14 C0 C36 C30 C0 C16 <wb> C27 C29 C0 <wb> C37 C0 C11 <wb> C11 C19 C0 <wb> C5 C0 C16 C20 C0 <wb> C22 C0 C1 C29 C0 <wb> C19 C0 C29 C0 <wb> C36 C30 C0 <wb> C19 C0 C36 C29 C0 C30 C0 C16 <wb> C28 C0 C29 C0 <wb> C21 C0 C36 C10 C0 C19 C0 <wb> C13 C0 C38 C0 C11 <wb> C17 C0 C16 C30 C0 <wb> C28 C0 C29 C0 <wb> C37 C0 C11 <wb> C3 C0 C2 C35 C0 C11 <wb> C33 C0 C11,val
4729,"एक पुस्तक पर उनकी मुट्ठी, कसी की कसी रह गयी",1,3.817,0,not_selected_by_random,,,,
4730,"इस किताब को, योँ तो, एक सबूत के तौर पर थाने में जमा कर लिया गया था",1,5.132,1,,hindi_female_004730.wav,i s a <wb> k a i t a aa b a <wb> k a o <wb> y a o mq <wb> t a o <wb> ee k a <wb> s a b a uu t a <wb> k a ee <wb> t a ou r a <wb> p a r a <wb> th a aa n a ee <wb> m a ee q <wb> j a m a aa <wb> k a r a <wb> l a i y a aa <wb> g a y a aa <wb> th a aa,C16 C30 C0 <wb> C19 C0 C16 C32 C0 C1 C3 C0 <wb> C19 C0 C26 <wb> C38 C0 C26 C23 <wb> C32 C0 C26 <wb> C11 C19 C0 <wb> C30 C0 C3 C0 C36 C32 C0 <wb> C19 C0 C11 <wb> C32 C0 C27 C29 C0 <wb> C28 C0 C29 C0 <wb> C33 C0 C1 C24 C0 C11 <wb> C22 C0 C11 C23 <wb> C17 C0 C22 C0 C1 <wb> C19 C0 C29 C0 <wb> C21 C0 C16 C38 C0 C1 <wb> C13 C0 C38 C0 C1 <wb> C33 C0 C1,train
4732,"क़त्ल की जाँच करने वाले पुलिस के, सभी छोटे बड़े हाकिमोँ का कहना वाजिब था",1,5.201,1,,hindi_female_004732.wav,kq a t a l a <wb> k a ii <wb> j a aa mq c a <wb> k a r a n a ee <wb> w a aa l a ee <wb> p a u l a i s a <wb> k a ee <wb> s a bh a ii <wb> ch a o tx a ee <wb> b a dxq a ee <wb> h a aa k a i m a o mq <wb> k a aa <wb> k a h a n a aa <wb> w a aa j a i b a <wb> th a aa,C19 C0 C32 C0 C21 C0 <wb> C19 C0 C16 <wb> C17 C0 C1 C23 C5 C0 <wb> C19 C0 C29 C0 C24 C0 C11 <wb> C37 C0 C1 C21 C0 C11 <wb> C28 C0 C36 C21 C0 C16 C30 C0 <wb> C19 C0 C11 <wb> C30 C0 C4 C0 C16 <wb> C6 C0 C26 C34 C0 C11 <wb> C3 C0 C9 C0 C11 <wb> C15 C0 C1 C19 C0 C16 C22 C0 C26 C23 <wb> C19 C0 C1 <wb> C19 C0 C15 C0 C24 C0 C1 <wb> C37 C0 C1 C17 C0 C16 C3 C0 <wb> C33 C0 C1,train
4734,"मक़तूल की उँगलियोँ के निशानोँ के अलावा, किसी और की उँगलियोँ के निशान उस पर नहीँ मिले",1,5.923,0,not_selected_by_random,,,,
4737,"जिनमेँ कुछ प्रमुख राजनीतिक, ऐतिहासिक, और सामाजिक कारणोँ को ही, गिना पाना, यहाँ सम्भव हो पायेगा",1,8.599,0,not_selected_by_random,,,,
4738,"पहले, राजनीतिक कारणोँ की बात की जाये",1,2.74,1,,hindi_female_004738.wav,p a h a l a ee <wb> r a aa j a n a ii t a i k a <wb> k a aa r a nx a o mq <wb> k a ii <wb> b a aa t a <wb> k a ii <wb> j a aa y a ee,C28 C0 C15 C0 C21 C0 C11 <wb> C29 C0 C1 C17 C0 C24 C0 C16 C32 C0 C16 C19 C0 <wb> C19 C0 C1 C29 C0 C25 C0 C26 C23 <wb> C19 C0 C16 <wb> C3 C0 C1 C32 C0 <wb> C19 C0 C16 <wb> C17 C0 C1 C38 C0 C11,train
4740,"तो पूर्वांचल वालोँ के सारे, स्वाभाविक, सांस्कृतिक, अधिकार के बावुजूद, मध्यांचल वाले इस बात पर अड़ गये, कि लखनऊ तो मध्यांचल की ही राजधानी होगी",1,11.122,1,,hindi_female_004740.wav,t a o <wb> p a uu r a w a aa q c a l a <wb> w a aa l a o mq <wb> k a ee <wb> s a aa r a ee <wb> s a w a aa bh a aa w a i k a <wb> s a aa q s a k a rq t a i k a <wb> a dh a i k a aa r a <wb> k a ee <wb> b a aa w a u j a uu d a <wb> m a dh a y a aa q c a l a <wb> w a aa l a ee <wb> i s a <wb> b a aa t a <wb> p a r a <wb> a dxq a <wb> g a y a ee <wb> k a i <wb> l a kh a n a uu <wb> t a o <wb> m a dh a y a aa q c a l a <wb> k a ii <wb> h a ii <wb> r a aa j a dh a aa n a ii <wb> h a o g a ii,C32 C0 C26 <wb> C28 C0 C36 C29 C0 C37 C0 C1 C23 C5 C0 C21 C0 <wb> C37 C0 C1 C21 C0 C26 C23 <wb> C19 C0 C11 <wb> C30 C0 C1 C29 C0 C11 <wb> C30 C0 C37 C0 C1 C4 C0 C1 C37 C0 C16 C19 C0 <wb> C30 C0 C1 C23 C30 C0 C19 C0 C29 C32 C0 C16 C19 C0 <wb> C0 C8 C0 C16 C19 C0 C1 C29 C0 <wb> C19 C0 C11 <wb> C3 C0 C1 C37 C0 C36 C17 C0 C36 C7 C0 <wb> C22 C0 C8 C0 C38 C0 C1 C23 C5 C0 C21 C0 <wb> C37 C0 C1 C21 C0 C11 <wb> C16 C30 C0 <wb> C3 C0 C1 C32 C0 <wb> C28 C0 C29 C0 <wb> C0 C9 C0 <wb> C13 C0 C38 C0 C11 <wb> C19 C0 C16 <wb> C21 C0 C20 C0 C24 C0 C36 <wb> C32 C0 C26 <wb> C22 C0 C8 C0 C38 C0 C1 C23 C5 C0 C21 C0 <wb> C19 C0 C16 <wb> C15 C0 C16 <wb> C29 C0 C1 C17 C0 C8 C0 C1 C24 C0 C16 <wb> C15 C0 C26 C13 C0 C16,train
4741,"केन्द्रीय सरकार, और केन्द्रीय विपक्ष के बीच, यह तय हो गया",1,3.971,1,,hindi_female_004741.wav,k a ee n a d a r a ii y a <wb> s a r a k a aa r a <wb> ou r a <wb> k a ee n a d a r a ii y a <wb> w a i p a k a sx a <wb> k a ee <wb> b a ii c a <wb> y a h a <wb> t a y a <wb> h a o <wb> g a y a aa,C19 C0 C11 C24 C0 C7 C0 C29 C0 C16 C38 C0 <wb> C30 C0 C29 C0 C19 C0 C1 C29 C0 <wb> C27 C29 C0 <wb> C19 C0 C11 C24 C0 C7 C0 C29 C0 C16 C38 C0 <wb> C37 C0 C16 C28 C0 C19 C0 C31 C0 <wb> C19 C0 C11 <wb> C3 C0 C16 C5 C0 <wb> C38 C0 C15 C0 <wb> C32 C0 C38 C0 <wb> C15 C0 C26 <wb> C13 C0 C38 C0 C1,train
4742,"पूर्वांचल वाले, फिर इलाहाबाद को अपनी राजधानी बनाने को उध्वत हुए",1,5.071,0,not_selected_by_random,,,,
4743,"किन्तु पिछले माघ, मेले में प्रतिदिन, सत्तर तीर्थयात्रियोँ को, मौत के घाट उतारने की अपनी घोषणा को, जब आतंकवादियोँ ने, बिना किसी बाधा के, पूरे माघ महीने पूरा कर दिखाया",1,13.05,1,,hindi_female_004743.wav,k a i n a t a u <wb> p a i ch a l a ee <wb> m a aa gh a <wb> m a ee l a ee <wb> m a ee q <wb> p a r a t a i d a i n a <wb> s a t a t a r a <wb> t a ii r a th a y a aa t a r a i y a o mq <wb> k a o <wb> m a ou t a <wb> k a ee <wb> gh a aa tx a <wb> u t a aa r a n a ee <wb> k a ii <wb> a p a n a ii <wb> gh a o sx a nx a aa <wb> k a o <wb> j a b a <wb> aa t a q k a w a aa d a i y a o mq <wb> n a ee <wb> b a i n a aa <wb> k a i s a ii <wb> b a aa dh a aa <wb> k a ee <wb> p a uu r a ee <wb> m a aa gh a <wb> m a h a ii n a ee <wb> p a uu r a aa <wb> k a r a <wb> d a i kh a aa y a aa,C19 C0 C16 C24 C0 C32 C0 C36 <wb> C28 C0 C16 C6 C0 C21 C0 C11 <wb> C22 C0 C1 C14 C0 <wb> C22 C0 C11 C21 C0 C11 <wb> C22 C0 C11 C23 <wb> C28 C0 C29 C0 C32 C0 C16 C7 C0 C16 C24 C0 <wb> C30 C0 C32 C0 C32 C0 C29 C0 <wb> C32 C0 C16 C29 C0 C33 C0 C38 C0 C1 C32 C0 C29 C0 C16 C38 C0 C26 C23 <wb> C19 C0 C26 <wb> C22 C0 C27 C32 C0 <wb> C19 C0 C11 <wb> C14 C0 C1 C34 C0 <wb> C36 C32 C0 C1 C29 C0 C24 C0 C11 <wb> C19 C0 C16 <wb> C0 C28 C0 C24 C0 C16 <wb> C14 C0 C26 C31 C0 C25 C0 C1 <wb> C19 C0 C26 <wb> C17 C0 C3 C0 <wb> C1 C32 C0 C23 C19 C0 C37 C0 C1 C7 C0 C16 C38 C0 C26 C23 <wb> C24 C0 C11 <wb> C3 C0 C16 C24 C0 C1 <wb> C19 C0 C16 C30 C0 C16 <wb> C3 C0 C1 C8 C0 C1 <wb> C19 C0 C11 <wb> C28 C0 C36 C29 C0 C11 <wb> C22 C0 C1 C14 C0 <wb> C22 C0 C15 C0 C16 C24 C0 C11 <wb> C28 C0 C36 C29 C0 C1 <wb> C19 C0 C29 C0 <wb> C7 C0 C16 C20 C0 C1 C38 C0 C1,train
4744,"जो केन्द्रीय सरकार, और केन्द्रीय विपक्ष के बीच सहमति का एक और बिंदु बन चुकी थी, कि पण्डित, दुर्गाशङ्कर श्रीमुख, इस प्रस्ताव के मुखर विरोधी के रूप में सामने आये",1,11.68,1,,hindi_female_004744.wav,j a o <wb> k a ee n a d a r a ii y a <wb> s a r a k a aa r a <wb> ou r a <wb> k a ee n a d a r a ii y a <wb> w a i p a k a sx a <wb> k a ee <wb> b a ii c a <wb> s a h a m a t a i <wb> k a aa <wb> ee k a <wb> ou r a <wb> b a i q d a u <wb> b a n a <wb> c a u k a ii <wb> th a ii <wb> k a i <wb> p a nx a dx a i t a <wb> d a u r a g a aa sh a ng a k a r a <wb> sh a r a ii m a u kh a <wb> i s a <wb> p a r a s a t a aa w a <wb> k a ee <wb> m a u kh a r a <wb> w a i r a o dh a ii <wb> k a ee <wb> r a uu p a <wb> m a ee q <wb> s a aa m a n a ee <wb> aa y a ee,C17 C0 C26 <wb> C19 C0 C11 C24 C0 C7 C0 C29 C0 C16 C38 C0 <wb> C30 C0 C29 C0 C19 C0 C1 C29 C0 <wb> C27 C29 C0 <wb> C19 C0 C11 C24 C0 C7 C0 C29 C0 C16 C38 C0 <wb> C37 C0 C16 C28 C0 C19 C0 C31 C0 <wb> C19 C0 C11 <wb> C3 C0 C16 C5 C0 <wb> C30 C0 C15 C0 C22 C0 C32 C0 C16 <wb> C19 C0 C1 <wb> C11 C19 C0 <wb> C27 C29 C0 <wb> C3 C0 C16 C23 C7 C0 C36 <wb> C3 C0 C24 C0 <wb> C5 C0 C36 C19 C0 C16 <wb> C33 C0 C16 <wb> C19 C0 C16 <wb> C28 C0 C25 C0 C9 C0 C16 C32 C0 <wb> C7 C0 C36 C29 C0 C13 C0 C1 C31 C0 C24 C0 C19 C0 C29 C0 <wb> C31 C0 C29 C0 C16 C22 C0 C36 C20 C0 <wb> C16 C30 C0 <wb> C28 C0 C29 C0 C30 C0 C32 C0 C1 C37 C0 <wb> C19 C0 C11 <wb> C22 C0 C36 C20 C0 C29 C0 <wb> C37 C0 C16 C29 C0 C26 C8 C0 C16 <wb> C19 C0 C11 <wb> C29 C0 C36 C28 C0 <wb> C22 C0 C11 C23 <wb> C30 C0 C1 C22 C0 C24 C0 C11 <wb> C1 C38 C0 C11,train
4745,"ऐसी परिस्थिति में, इस हत्या के पीछे, राजनीतिक कारणोँ की सम्भावना से इन्कार नहीँ किया जा सकता",1,7.284,0,not_selected_by_random,,,,
4749,"जो, राजधानी बनने के बाद, पुनर्निर्माण के सिलसिले में, अवश्यम्भावी है",1,6.155,0,not_selected_by_random,,,,
4751,"अतः, वहाँ उस अंधाधुंध पेड़ कटाई की अनुमति, नहीँ मिलनी चाहिए, जो राजधानी बनने के बाद, पुनर्निर्माण के सिलसिले में, अवश्यम्भावी है",1,10.68,0,not_selected_by_random,,,,
4755,"हत्या किसने की, यह तो नहीँ पता लगा, किन्तु बहुत सी संभावनाओँ में से, सी बी आई जाँच तक पहुँचते पहुँचते, एक ही स्वीकार्य रह गई थी",1,11.029,0,not_selected_by_random,,,,
4761,"जिस समय पण्डित दुर्गाशङ्कर श्रीमुख की हत्या हुई, वे उसकी प्रतीक्षा कर रहे थे, क्योँकि उसे एक इं टर व्यू देने के लिए, वे स्वीकृति दे चुके थे",1,10.687,0,not_selected_by_random,,,,
4762,"यह माना गया, कि यह पत्रकार उनसे, हार्वर्ड के दिनोँ के बारे में जानना चाहेगा",1,5.833,0,not_selected_by_random,,,,
4764,"स्थानीय पुलिस की कुछ, लानत मलामत भी, इस बात के लिए हुई, कि उसने मामूली पूछताछ के बाद, उसे जाने दिया था",1,8.127,1,,hindi_female_004764.wav,s a th a aa n a ii y a <wb> p a u l a i s a <wb> k a ii <wb> k a u ch a <wb> l a aa n a t a <wb> m a l a aa m a t a <wb> bh a ii <wb> i s a <wb> b a aa t a <wb> k a ee <wb> l a i ee <wb> h a u ii <wb> k a i <wb> u s a n a ee <wb> m a aa m a uu l a ii <wb> p a uu ch a t a aa ch a <wb> k a ee <wb> b a aa d a <wb> u s a ee <wb> j a aa n a ee <wb> d a i y a aa <wb> th a aa,C30 C0 C33 C0 C1 C24 C0 C16 C38 C0 <wb> C28 C0 C36 C21 C0 C16 C30 C0 <wb> C19 C0 C16 <wb> C19 C0 C36 C6 C0 <wb> C21 C0 C1 C24 C0 C32 C0 <wb> C22 C0 C21 C0 C1 C22 C0 C32 C0 <wb> C4 C0 C16 <wb> C16 C30 C0 <wb> C3 C0 C1 C32 C0 <wb> C19 C0 C11 <wb> C21 C0 C16 C11 <wb> C15 C0 C36 C16 <wb> C19 C0 C16 <wb> C36 C30 C0 C24 C0 C11 <wb> C22 C0 C1 C22 C0 C36 C21 C0 C16 <wb> C28 C0 C36 C6 C0 C32 C0 C1 C6 C0 <wb> C19 C0 C11 <wb> C3 C0 C1 C7 C0 <wb> C36 C30 C0 C11 <wb> C17 C0 C1 C24 C0 C11 <wb> C7 C0 C16 C38 C0 C1 <wb> C33 C0 C1,train
4765,"किन्तु, यह सच है, कि शक की सुई को, इस पत्रकार के चारोँ ओर घुमाया जाना, बंद नहीँ हुआ",1,7.566,0,not_selected_by_random,,,,
4766,"सी.बी.आई. को भी, उसके विरुद्ध, कोई प्रमाण नहीँ मिल पाये थे",1,4.495,0,not_selected_by_random,,,,
4767,"उस पत्रकार ने भी, अपने को छिपाने की कोई कोशिश नहीँ की थी",1,4.18,1,,hindi_female_004767.wav,u s a <wb> p a t a r a k a aa r a <wb> n a ee <wb> bh a ii <wb> a p a n a ee <wb> k a o <wb> ch a i p a aa n a ee <wb> k a ii <wb> k a o ii <wb> k a o sh a i sh a <wb> n a h a ii mq <wb> k a ii <wb> th a ii,C36 C30 C0 <wb> C28 C0 C32 C0 C29 C0 C19 C0 C1 C29 C0 <wb> C24 C0 C11 <wb> C4 C0 C16 <wb> C0 C28 C0 C24 C0 C11 <wb> C19 C0 C26 <wb> C6 C0 C16 C28 C0 C1 C24 C0 C11 <wb> C19 C0 C16 <wb> C19 C0 C26 C16 <wb> C19 C0 C26 C31 C0 C16 C31 C0 <wb> C24 C0 C15 C0 C16 C23 <wb> C19 C0 C16 <wb> C33 C0 C16,test
4769,"देवदत्त पण्डित की मौत, एक हादसा मानी गयी",1,3.555,0,not_selected_by_random,,,,
4770,"एक पंचनामे के बाद, लाश उनके पट्टीदार, हरिदत्त पण्डित को दे दी गयी",1,5.561,0,not_selected_by_random,,,,
4775,"जो देवदत्त पण्डित के मर जाने के नाते, अब हरिदत्त पण्डित की जोत में आने वाली थी",1,6.179,0,not_selected_by_random,,,,
4776,"उनकी चेलाही, और उपरोहिती के कुछ घर ज़रूर, हरिदत्त पण्डित को मिलेँगे, लेकिन, ये घर भी, मामूली किसानोँ के थे",1,9.149,1,,hindi_female_004776.wav,u n a k a ii <wb> c a ee l a aa h a ii <wb> ou r a <wb> u p a r a o h a i t a ii <wb> k a ee <wb> k a u ch a <wb> gh a r a <wb> z a r a uu r a <wb> h a r a i d a t a t a <wb> p a nx a dx a i t a <wb> k a o <wb> m a i l a ee mq g a ee <wb> l a ee k a i n a <wb> y a ee <wb> gh a r a <wb> bh a ii <wb> m a aa m a uu l a ii <wb> k a i s a aa n a o mq <wb> k a ee <wb> th a ee,C36 C24 C0 C19 C0 C16 <wb> C5 C0 C11 C21 C0 C1 C15 C0 C16 <wb> C27 C29 C0 <wb> C36 C28 C0 C29 C0 C26 C15 C0 C16 C32 C0 C16 <wb> C19 C0 C11 <wb> C19 C0 C36 C6 C0 <wb> C14 C0 C29 C0 <wb> C17 C0 C29 C0 C36 C29 C0 <wb> C15 C0 C29 C0 C16 C7 C0 C32 C0 C32 C0 <wb> C28 C0 C25 C0 C9 C0 C16 C32 C0 <wb> C19 C0 C26 <wb> C22 C0 C16 C21 C0 C11 C23 C13 C0 C11 <wb> C21 C0 C11 C19 C0 C16 C24 C0 <wb> C38 C0 C11 <wb> C14 C0 C29 C0 <wb> C4 C0 C16 <wb> C22 C0 C1 C22 C0 C36 C21 C0 C16 <wb> C19 C0 C16 C30 C0 C1 C24 C0 C26 C23 <wb> C19 C0 C11 <wb> C33 C0 C11,train
4777,"यद्यपि, यह नहीँ कहा जा सकता, कि हरिदत्त पण्डित ने, देवदत्त पण्डित के प्रति, अपने बैर में, कोई कमी दिखायी थी",1,8.266,1,,hindi_female_004777.wav,y a d a y a p a i <wb> y a h a <wb> n a h a ii mq <wb> k a h a aa <wb> j a aa <wb> s a k a t a aa <wb> k a i <wb> h a r a i d a t a t a <wb> p a nx a dx a i t a <wb> n a ee <wb> d a ee w a d a t a t a <wb> p a nx a dx a i t a <wb> k a ee <wb> p a r a t a i <wb> a p a n a ee <wb> b a ei r a <wb> m a ee q <wb> k a o ii <wb> k a m a ii <wb> d a i kh a aa y a ii <wb> th a ii,C38 C0 C7 C0 C38 C0 C28 C0 C16 <wb> C38 C0 C15 C0 <wb> C24 C0 C15 C0 C16 C23 <wb> C19 C0 C15 C0 C1 <wb> C17 C0 C1 <wb> C30 C0 C19 C0 C32 C0 C1 <wb> C19 C0 C16 <wb> C15 C0 C29 C0 C16 C7 C0 C32 C0 C32 C0 <wb> C28 C0 C25 C0 C9 C0 C16 C32 C0 <wb> C24 C0 C11 <wb> C7 C0 C11 C37 C0 C7 C0 C32 C0 C32 C0 <wb> C28 C0 C25 C0 C9 C0 C16 C32 C0 <wb> C19 C0 C11 <wb> C28 C0 C29 C0 C32 C0 C16 <wb> C0 C28 C0 C24 C0 C11 <wb> C3 C0 C2 C29 C0 <wb> C22 C0 C11 C23 <wb> C19 C0 C26 C16 <wb> C19 C0 C22 C0 C16 <wb> C7 C0 C16 C20 C0 C1 C38 C0 C16 <wb> C33 C0 C16,train
4780,"उनके मुँह पर, गाँव में इस बात को अनुचित कहने वाला, कोई नहीँ था, यद्यपि, हरिदत्त पण्डित से भी, लोग वैसे ही डरते थे, जैसे वे, देवदत्त पण्डित से डरते थे",1,12.19,1,,hindi_female_004780.wav,u n a k a ee <wb> m a u mq h a <wb> p a r a <wb> g a aa mq w a <wb> m a ee q <wb> i s a <wb> b a aa t a <wb> k a o <wb> a n a u c a i t a <wb> k a h a n a ee <wb> w a aa l a aa <wb> k a o ii <wb> n a h a ii mq <wb> th a aa <wb> y a d a y a p a i <wb> h a r a i d a t a t a <wb> p a nx a dx a i t a <wb> s a ee <wb> bh a ii <wb> l a o g a <wb> w a ei s a ee <wb> h a ii <wb> dx a r a t a ee <wb> th a ee <wb> j a ei s a ee <wb> w a ee <wb> d a ee w a d a t a t a <wb> p a nx a dx a i t a <wb> s a ee <wb> dx a r a t a ee <wb> th a ee,C36 C24 C0 C19 C0 C11 <wb> C22 C0 C36 C23 C15 C0 <wb> C28 C0 C29 C0 <wb> C13 C0 C1 C23 C37 C0 <wb> C22 C0 C11 C23 <wb> C16 C30 C0 <wb> C3 C0 C1 C32 C0 <wb> C19 C0 C26 <wb> C0 C24 C0 C36 C5 C0 C16 C32 C0 <wb> C19 C0 C15 C0 C24 C0 C11 <wb> C37 C0 C1 C21 C0 C1 <wb> C19 C0 C26 C16 <wb> C24 C0 C15 C0 C16 C23 <wb> C33 C0 C1 <wb> C38 C0 C7 C0 C38 C0 C28 C0 C16 <wb> C15 C0 C29 C0 C16 C7 C0 C32 C0 C32 C0 <wb> C28 C0 C25 C0 C9 C0 C16 C32 C0 <wb> C30 C0 C11 <wb> C4 C0 C16 <wb> C21 C0 C26 C13 C0 <wb> C37 C0 C2 C30 C0 C11 <wb> C15 C0 C16 <wb> C9 C0 C29 C0 C32 C0 C11 <wb> C33 C0 C11 <wb> C17 C0 C2 C30 C0 C11 <wb> C37 C0 C11 <wb> C7 C0 C11 C37 C0 C7 C0 C32 C0 C32 C0 <wb> C28 C0 C25 C0 C9 C0 C16 C32 C0 <wb> C30 C0 C11 <wb> C9 C0 C29 C0 C32 C0 C11 <wb> C33 C0 C11,train
4781,"जो जानते थे, वे जानते थे, कि यह पोथी देवदत्त पण्डित के पिता, रविदत्त पण्डित के हाथोँ से लिखी गयी, मेघदूत की एक प्रति थी",1,9.953,0,not_selected_by_random,,,,
4782,"जिसके पहले पन्ने पर, मोटे अक्षरोँ में, सिर्फ़, क्लीं लिखा हुआ था, क्योँकि, रविदत्त पण्डित की देवभक्ति को, भला कौन नहीँ जानता था",1,10.124,1,,hindi_female_004782.wav,j a i s a k a ee <wb> p a h a l a ee <wb> p a n a n a ee <wb> p a r a <wb> m a o tx a ee <wb> a k a sx a r a o mq <wb> m a ee q <wb> s a i r a f a <wb> k a l a ii q <wb> l a i kh a aa <wb> h a u aa <wb> th a aa <wb> k a y a o mq k a i <wb> r a w a i d a t a t a <wb> p a nx a dx a i t a <wb> k a ii <wb> d a ee w a bh a k a t a i <wb> k a o <wb> bh a l a aa <wb> k a ou n a <wb> n a h a ii mq <wb> j a aa n a t a aa <wb> th a aa,C17 C0 C16 C30 C0 C19 C0 C11 <wb> C28 C0 C15 C0 C21 C0 C11 <wb> C28 C0 C24 C0 C24 C0 C11 <wb> C28 C0 C29 C0 <wb> C22 C0 C26 C34 C0 C11 <wb> C0 C19 C0 C31 C0 C29 C0 C26 C23 <wb> C22 C0 C11 C23 <wb> C30 C0 C16 C29 C0 C12 C0 <wb> C19 C0 C21 C0 C16 C23 <wb> C21 C0 C16 C20 C0 C1 <wb> C15 C0 C36 C1 <wb> C33 C0 C1 <wb> C19 C0 C38 C0 C26 C23 C19 C0 C16 <wb> C29 C0 C37 C0 C16 C7 C0 C32 C0 C32 C0 <wb> C28 C0 C25 C0 C9 C0 C16 C32 C0 <wb> C19 C0 C16 <wb> C7 C0 C11 C37 C0 C4 C0 C19 C0 C32 C0 C16 <wb> C19 C0 C26 <wb> C4 C0 C21 C0 C1 <wb> C19 C0 C27 C24 C0 <wb> C24 C0 C15 C0 C16 C23 <wb> C17 C0 C1 C24 C0 C32 C0 C1 <wb> C33 C0 C1,train
4786,"रविदत्त पण्डित की मृत्यु के बाद, प्रतिवर्ष उनके श्राद्ध के अवसर पर, इस पुस्तक को, देवदत्त पण्डित, एक बार नियम से धूप दिखाते, और नया मोरपंख उसके पन्नोँ के बीच रखते",1,12.748,1,,hindi_female_004786.wav,r a w a i d a t a t a <wb> p a nx a dx a i t a <wb> k a ii <wb> m a rq t a y a u <wb> k a ee <wb> b a aa d a <wb> p a r a t a i w a r a sx a <wb> u n a k a ee <wb> sh a r a aa d a dh a <wb> k a ee <wb> a w a s a r a <wb> p a r a <wb> i s a <wb> p a u s a t a k a <wb> k a o <wb> d a ee w a d a t a t a <wb> p a nx a dx a i t a <wb> ee k a <wb> b a aa r a <wb> n a i y a m a <wb> s a ee <wb> dh a uu p a <wb> d a i kh a aa t a ee <wb> ou r a <wb> n a y a aa <wb> m a o r a p a q kh a <wb> u s a k a ee <wb> p a n a n a o mq <wb> k a ee <wb> b a ii c a <wb> r a kh a t a ee,C29 C0 C37 C0 C16 C7 C0 C32 C0 C32 C0 <wb> C28 C0 C25 C0 C9 C0 C16 C32 C0 <wb> C19 C0 C16 <wb> C22 C0 C29 C32 C0 C38 C0 C36 <wb> C19 C0 C11 <wb> C3 C0 C1 C7 C0 <wb> C28 C0 C29 C0 C32 C0 C16 C37 C0 C29 C0 C31 C0 <wb> C36 C24 C0 C19 C0 C11 <wb> C31 C0 C29 C0 C1 C7 C0 C8 C0 <wb> C19 C0 C11 <wb> C0 C37 C0 C30 C0 C29 C0 <wb> C28 C0 C29 C0 <wb> C16 C30 C0 <wb> C28 C0 C36 C30 C0 C32 C0 C19 C0 <wb> C19 C0 C26 <wb> C7 C0 C11 C37 C0 C7 C0 C32 C0 C32 C0 <wb> C28 C0 C25 C0 C9 C0 C16 C32 C0 <wb> C11 C19 C0 <wb> C3 C0 C1 C29 C0 <wb> C24 C0 C16 C38 C0 C22 C0 <wb> C30 C0 C11 <wb> C8 C0 C36 C28 C0 <wb> C7 C0 C16 C20 C0 C1 C32 C0 C11 <wb> C27 C29 C0 <wb> C24 C0 C38 C0 C1 <wb> C22 C0 C26 C29 C0 C28 C0 C23 C20 C0 <wb> C36 C30 C0 C19 C0 C11 <wb> C28 C0 C24 C0 C24 C0 C26 C23 <wb> C19 C0 C11 <wb> C3 C0 C16 C5 C0 <wb> C29 C0 C20 C0 C32 C0 C11,test
4789,"जब राज मती पंडिताइन ने, बच्चों को वापस चाहा, तो बुधिया ने, पारम्परिक मूल्य, ढाई सेर कोदो पर बच्चा वापस करने से इन्कार कर दिया",1,10.263,1,,hindi_female_004789.wav,j a b a <wb> r a aa j a <wb> m a t a ii <wb> p a q dx a i t a aa i n a <wb> n a ee <wb> b a c a c a o q <wb> k a o <wb> w a aa p a s a <wb> c a aa h a aa <wb> t a o <wb> b a u dh a i y a aa <wb> n a ee <wb> p a aa r a m a p a r a i k a <wb> m a uu l a y a <wb> dxh a aa ii <wb> s a ee r a <wb> k a o d a o <wb> p a r a <wb> b a c a c a aa <wb> w a aa p a s a <wb> k a r a n a ee <wb> s a ee <wb> i n a k a aa r a <wb> k a r a <wb> d a i y a aa,C17 C0 C3 C0 <wb> C29 C0 C1 C17 C0 <wb> C22 C0 C32 C0 C16 <wb> C28 C0 C23 C9 C0 C16 C32 C0 C1 C16 C24 C0 <wb> C24 C0 C11 <wb> C3 C0 C5 C0 C5 C0 C26 C23 <wb> C19 C0 C26 <wb> C37 C0 C1 C28 C0 C30 C0 <wb> C5 C0 C1 C15 C0 C1 <wb> C32 C0 C26 <wb> C3 C0 C36 C8 C0 C16 C38 C0 C1 <wb> C24 C0 C11 <wb> C28 C0 C1 C29 C0 C22 C0 C28 C0 C29 C0 C16 C19 C0 <wb> C22 C0 C36 C21 C0 C38 C0 <wb> C10 C0 C1 C16 <wb> C30 C0 C11 C29 C0 <wb> C19 C0 C26 C7 C0 C26 <wb> C28 C0 C29 C0 <wb> C3 C0 C5 C0 C5 C0 C1 <wb> C37 C0 C1 C28 C0 C30 C0 <wb> C19 C0 C29 C0 C24 C0 C11 <wb> C30 C0 C11 <wb> C16 C24 C0 C19 C0 C1 C29 C0 <wb> C19 C0 C29 C0 <wb> C7 C0 C16 C38 C0 C1,val
4791,इसके पेटेंट के लिए आवेदन कर दिया है,1,2.949,0,not_selected_by_random,,,,
4792,"अस्तु, कोदई की व्यथा कथा पर लौटते हुए, अख़बार में छिपा था कि, कोदई के पितामह, पण्डित रविदत्त शुक्ल ने, यदि पाँच बरस की उम्र में ही, कोदई का जनेऊ कर दिया, तो इसके पीछे उनका, बुधिया का बेटा होना, प्रमुख कारण था",1,16.881,1,,hindi_female_004792.wav,a s a t a u <wb> k a o d a ii <wb> k a ii <wb> w a y a th a aa <wb> k a th a aa <wb> p a r a <wb> l a ou tx a t a ee <wb> h a u ee <wb> a khq a b a aa r a <wb> m a ee q <wb> ch a i p a aa <wb> th a aa <wb> k a i <wb> k a o d a ii <wb> k a ee <wb> p a i t a aa m a h a <wb> p a nx a dx a i t a <wb> r a w a i d a t a t a <wb> sh a u k a l a <wb> n a ee <wb> y a d a i <wb> p a aa mq c a <wb> b a r a s a <wb> k a ii <wb> u m a r a <wb> m a ee q <wb> h a ii <wb> k a o d a ii <wb> k a aa <wb> j a n a ee uu <wb> k a r a <wb> d a i y a aa <wb> t a o <wb> i s a k a ee <wb> p a ii ch a ee <wb> u n a k a aa <wb> b a u dh a i y a aa <wb> k a aa <wb> b a ee tx a aa <wb> h a o n a aa <wb> p a r a m a u kh a <wb> k a aa r a nx a <wb> th a aa,C0 C30 C0 C32 C0 C36 <wb> C19 C0 C26 C7 C0 C16 <wb> C19 C0 C16 <wb> C37 C0 C38 C0 C33 C0 C1 <wb> C19 C0 C33 C0 C1 <wb> C28 C0 C29 C0 <wb> C21 C0 C27 C34 C0 C32 C0 C11 <wb> C15 C0 C36 C11 <wb> C0 C20 C0 C3 C0 C1 C29 C0 <wb> C22 C0 C11 C23 <wb> C6 C0 C16 C28 C0 C1 <wb> C33 C0 C1 <wb> C19 C0 C16 <wb> C19 C0 C26 C7 C0 C16 <wb> C19 C0 C11 <wb> C28 C0 C16 C32 C0 C1 C22 C0 C15 C0 <wb> C28 C0 C25 C0 C9 C0 C16 C32 C0 <wb> C29 C0 C37 C0 C16 C7 C0 C32 C0 C32 C0 <wb> C31 C0 C36 C19 C0 C21 C0 <wb> C24 C0 C11 <wb> C38 C0 C7 C0 C16 <wb> C28 C0 C1 C23 C5 C0 <wb> C3 C0 C29 C0 C30 C0 <wb> C19 C0 C16 <wb> C36 C22 C0 C29 C0 <wb> C22 C0 C11 C23 <wb> C15 C0 C16 <wb> C19 C0 C26 C7 C0 C16 <wb> C19 C0 C1 <wb> C17 C0 C24 C0 C11 C36 <wb> C19 C0 C29 C0 <wb> C7 C0 C16 C38 C0 C1 <wb> C32 C0 C26 <wb> C16 C30 C0 C19 C0 C11 <wb> C28 C0 C16 C6 C0 C11 <wb> C36 C24 C0 C19 C0 C1 <wb> C3 C0 C36 C8 C0 C16 C38 C0 C1 <wb> C19 C0 C1 <wb> C3 C0 C11 C34 C0 C1 <wb> C15 C0 C26 C24 C0 C1 <wb> C28 C0 C29 C0 C22 C0 C36 C20 C0 <wb> C19 C0 C1 C29 C0 C25 C0 <wb> C33 C0 C1,train
4793,"किन्तु, कोदई ने, स्वीकार भाषण में, सगर्व कहा, कि वे बुधिया की बेटी, सिधिया को, जो कोदई से दस वर्ष बड़ी थी, अपनी बड़ी बहन मानते हैं",1,10.913,1,,hindi_female_004793.wav,k a i n a t a u <wb> k a o d a ii <wb> n a ee <wb> s a w a ii k a aa r a <wb> bh a aa sx a nx a <wb> m a ee q <wb> s a g a r a w a <wb> k a h a aa <wb> k a i <wb> w a ee <wb> b a u dh a i y a aa <wb> k a ii <wb> b a ee tx a ii <wb> s a i dh a i y a aa <wb> k a o <wb> j a o <wb> k a o d a ii <wb> s a ee <wb> d a s a <wb> w a r a sx a <wb> b a dxq a ii <wb> th a ii <wb> a p a n a ii <wb> b a dxq a ii <wb> b a h a n a <wb> m a aa n a t a ee <wb> h a ei q,C19 C0 C16 C24 C0 C32 C0 C36 <wb> C19 C0 C26 C7 C0 C16 <wb> C24 C0 C11 <wb> C30 C0 C37 C0 C16 C19 C0 C1 C29 C0 <wb> C4 C0 C1 C31 C0 C25 C0 <wb> C22 C0 C11 C23 <wb> C30 C0 C13 C0 C29 C0 C37 C0 <wb> C19 C0 C15 C0 C1 <wb> C19 C0 C16 <wb> C37 C0 C11 <wb> C3 C0 C36 C8 C0 C16 C38 C0 C1 <wb> C19 C0 C16 <wb> C3 C0 C11 C34 C0 C16 <wb> C30 C0 C16 C8 C0 C16 C38 C0 C1 <wb> C19 C0 C26 <wb> C17 C0 C26 <wb> C19 C0 C26 C7 C0 C16 <wb> C30 C0 C11 <wb> C7 C0 C30 C0 <wb> C37 C0 C29 C0 C31 C0 <wb> C3 C0 C9 C0 C16 <wb> C33 C0 C16 <wb> C0 C28 C0 C24 C0 C16 <wb> C3 C0 C9 C0 C16 <wb> C3 C0 C15 C0 C24 C0 <wb> C22 C0 C1 C24 C0 C32 C0 C11 <wb> C15 C0 C2 C23,train
4794,"उन्होंने यह भी बताया, कि छोटी बहन के नाम पर, उनके पास बुधिया की दूसरी बेटी, रिधिया है, जो उनसे तीन बरस छोटी है, और इस प्रकार, अब अठारह बरस की होगी",1,12.493,0,not_selected_by_random,,,,
4798,"इलाहाबाद का चुनाव इसलिए स्वाभाविक था, कि उनके बेहनोई थे",1,4.087,1,,hindi_female_004798.wav,i l a aa h a aa b a aa d a <wb> k a aa <wb> c a u n a aa w a <wb> i s a l a i ee <wb> s a w a aa bh a aa w a i k a <wb> th a aa <wb> k a i <wb> u n a k a ee <wb> b a ee h a n a o ii <wb> th a ee,C16 C21 C0 C1 C15 C0 C1 C3 C0 C1 C7 C0 <wb> C19 C0 C1 <wb> C5 C0 C36 C24 C0 C1 C37 C0 <wb> C16 C30 C0 C21 C0 C16 C11 <wb> C30 C0 C37 C0 C1 C4 C0 C1 C37 C0 C16 C19 C0 <wb> C33 C0 C1 <wb> C19 C0 C16 <wb> C36 C24 C0 C19 C0 C11 <wb> C3 C0 C11 C15 C0 C24 C0 C26 C16 <wb> C33 C0 C11,train
4799,"सिधिया के पति, सिवदीन मास्टर, वहाँ सन्त रैदास विद्यामन्दिर में, प्रिंसिपल थे",1,6.445,0,not_selected_by_random,,,,
4801,"वहाँ उनका स्वागत हुआ, किन्तु दो शर्तों पर",1,3.381,0,not_selected_by_random,,,,
4803,"यह तय हुआ, कि कोदई, अपना भोजन स्वयं बनायेँगे",1,4.371,0,not_selected_by_random,,,,
4804,"दूसरी शर्त यह थी, कि सिवदीन मास्टर ने साफ़ कर दिया, कि कोदई बाबू का नाम तो, वे सन्त रैदास विद्यामन्दिर में लिख लेंगे",1,8.475,1,,hindi_female_004804.wav,d a uu s a r a ii <wb> sh a r a t a <wb> y a h a <wb> th a ii <wb> k a i <wb> s a i w a d a ii n a <wb> m a aa s a tx a r a <wb> n a ee <wb> s a aa f a <wb> k a r a <wb> d a i y a aa <wb> k a i <wb> k a o d a ii <wb> b a aa b a uu <wb> k a aa <wb> n a aa m a <wb> t a o <wb> w a ee <wb> s a n a t a <wb> r a ei d a aa s a <wb> w a i d a y a aa m a n a d a i r a <wb> m a ee q <wb> l a i kh a <wb> l a ee q g a ee,C7 C0 C36 C30 C0 C29 C0 C16 <wb> C31 C0 C29 C0 C32 C0 <wb> C38 C0 C15 C0 <wb> C33 C0 C16 <wb> C19 C0 C16 <wb> C30 C0 C16 C37 C0 C7 C0 C16 C24 C0 <wb> C22 C0 C1 C30 C0 C34 C0 C29 C0 <wb> C24 C0 C11 <wb> C30 C0 C1 C12 C0 <wb> C19 C0 C29 C0 <wb> C7 C0 C16 C38 C0 C1 <wb> C19 C0 C16 <wb> C19 C0 C26 C7 C0 C16 <wb> C3 C0 C1 C3 C0 C36 <wb> C19 C0 C1 <wb> C24 C0 C1 C22 C0 <wb> C32 C0 C26 <wb> C37 C0 C11 <wb> C30 C0 C24 C0 C32 C0 <wb> C29 C0 C2 C7 C0 C1 C30 C0 <wb> C37 C0 C16 C7 C0 C38 C0 C1 C22 C0 C24 C0 C7 C0 C16 C29 C0 <wb> C22 C0 C11 C23 <wb> C21 C0 C16 C20 C0 <wb> C21 C0 C11 C23 C13 C0 C11,val
4806,"जो सन्त रैदास विद्यामन्दिर में, मशहूर थी",1,3.453,0,not_selected_by_random,,,,
4807,"नाम लिखने के लिए उन्होँने, कोदई जैसे गँवारू नाम से भरती करने से, अरुचि दिखायी",1,5.921,1,,hindi_female_004807.wav,n a aa m a <wb> l a i kh a n a ee <wb> k a ee <wb> l a i ee <wb> u n a h a o mq n a ee <wb> k a o d a ii <wb> j a ei s a ee <wb> g a mq w a aa r a uu <wb> n a aa m a <wb> s a ee <wb> bh a r a t a ii <wb> k a r a n a ee <wb> s a ee <wb> a r a u c a i <wb> d a i kh a aa y a ii,C24 C0 C1 C22 C0 <wb> C21 C0 C16 C20 C0 C24 C0 C11 <wb> C19 C0 C11 <wb> C21 C0 C16 C11 <wb> C36 C24 C0 C15 C0 C26 C23 C24 C0 C11 <wb> C19 C0 C26 C7 C0 C16 <wb> C17 C0 C2 C30 C0 C11 <wb> C13 C0 C23 C37 C0 C1 C29 C0 C36 <wb> C24 C0 C1 C22 C0 <wb> C30 C0 C11 <wb> C4 C0 C29 C0 C32 C0 C16 <wb> C19 C0 C29 C0 C24 C0 C11 <wb> C30 C0 C11 <wb> C0 C29 C0 C36 C5 C0 C16 <wb> C7 C0 C16 C20 C0 C1 C38 C0 C16,train
4809,"उस समय, डाक्टर लालता प्रसाद वर्मा के मित्र, श्रीनिवास सुब्र मनियन भी वहाँ मौजूद थे",1,6.2,1,,hindi_female_004809.wav,u s a <wb> s a m a y a <wb> dx a aa k a tx a r a <wb> l a aa l a t a aa <wb> p a r a s a aa d a <wb> w a r a m a aa <wb> k a ee <wb> m a i t a r a <wb> sh a r a ii n a i w a aa s a <wb> s a u b a r a <wb> m a n a i y a n a <wb> bh a ii <wb> w a h a aa mq <wb> m a ou j a uu d a <wb> th a ee,C36 C30 C0 <wb> C30 C0 C22 C0 C38 C0 <wb> C9 C0 C1 C19 C0 C34 C0 C29 C0 <wb> C21 C0 C1 C21 C0 C32 C0 C1 <wb> C28 C0 C29 C0 C30 C0 C1 C7 C0 <wb> C37 C0 C29 C0 C22 C0 C1 <wb> C19 C0 C11 <wb> C22 C0 C16 C32 C0 C29 C0 <wb> C31 C0 C29 C0 C16 C24 C0 C16 C37 C0 C1 C30 C0 <wb> C30 C0 C36 C3 C0 C29 C0 <wb> C22 C0 C24 C0 C16 C38 C0 C24 C0 <wb> C4 C0 C16 <wb> C37 C0 C15 C0 C1 C23 <wb> C22 C0 C27 C17 C0 C36 C7 C0 <wb> C33 C0 C11,train
4816,"यहाँ लेखक अपना कर्तव्य समझता है, कि स्वीकार भाषण में, एक क्षेपक डालते हुए, पाठकोँ को यह बताये, कि इस घटनाचक्र का, एक दुष्परिणाम यह हुआ",1,11.099,1,,hindi_female_004816.wav,y a h a aa mq <wb> l a ee kh a k a <wb> a p a n a aa <wb> k a r a t a w a y a <wb> s a m a jh a t a aa <wb> h a ei <wb> k a i <wb> s a w a ii k a aa r a <wb> bh a aa sx a nx a <wb> m a ee q <wb> ee k a <wb> k a sx a ee p a k a <wb> dx a aa l a t a ee <wb> h a u ee <wb> p a aa txh a k a o mq <wb> k a o <wb> y a h a <wb> b a t a aa y a ee <wb> k a i <wb> i s a <wb> gh a tx a n a aa c a k a r a <wb> k a aa <wb> ee k a <wb> d a u sx a p a r a i nx a aa m a <wb> y a h a <wb> h a u aa,C38 C0 C15 C0 C1 C23 <wb> C21 C0 C11 C20 C0 C19 C0 <wb> C0 C28 C0 C24 C0 C1 <wb> C19 C0 C29 C0 C32 C0 C37 C0 C38 C0 <wb> C30 C0 C22 C0 C18 C0 C32 C0 C1 <wb> C15 C0 C2 <wb> C19 C0 C16 <wb> C30 C0 C37 C0 C16 C19 C0 C1 C29 C0 <wb> C4 C0 C1 C31 C0 C25 C0 <wb> C22 C0 C11 C23 <wb> C11 C19 C0 <wb> C19 C0 C31 C0 C11 C28 C0 C19 C0 <wb> C9 C0 C1 C21 C0 C32 C0 C11 <wb> C15 C0 C36 C11 <wb> C28 C0 C1 C35 C0 C19 C0 C26 C23 <wb> C19 C0 C26 <wb> C38 C0 C15 C0 <wb> C3 C0 C32 C0 C1 C38 C0 C11 <wb> C19 C0 C16 <wb> C16 C30 C0 <wb> C14 C0 C34 C0 C24 C0 C1 C5 C0 C19 C0 C29 C0 <wb> C19 C0 C1 <wb> C11 C19 C0 <wb> C7 C0 C36 C31 C0 C28 C0 C29 C0 C16 C25 C0 C1 C22 C0 <wb> C38 C0 C15 C0 <wb> C15 C0 C36 C1,train
4822,"क्षेपक, यहाँ समाप्त होता है",1,2.067,1,,hindi_female_004822.wav,k a sx a ee p a k a <wb> y a h a aa mq <wb> s a m a aa p a t a <wb> h a o t a aa <wb> h a ei,C19 C0 C31 C0 C11 C28 C0 C19 C0 <wb> C38 C0 C15 C0 C1 C23 <wb> C30 C0 C22 C0 C1 C28 C0 C32 C0 <wb> C15 C0 C26 C32 C0 C1 <wb> C15 C0 C2,test
4823,"अभी, कुछ वर्ष पहले तक, भारतीय मुख्यधारा में, एक प्रमुख युवा तिब्बती स्वर रहे, और भारत में ही जन्मे इस युवा कवि को, इन दिनों, साहित्यिक संपादक कम, और गुप्तकार संस्थाएं, और पुलिस ज़्यादा तलाश करते है",1,15.72,1,,hindi_female_004823.wav,a bh a ii <wb> k a u ch a <wb> w a r a sx a <wb> p a h a l a ee <wb> t a k a <wb> bh a aa r a t a ii y a <wb> m a u kh a y a dh a aa r a aa <wb> m a ee q <wb> ee k a <wb> p a r a m a u kh a <wb> y a u w a aa <wb> t a i b a b a t a ii <wb> s a w a r a <wb> r a h a ee <wb> ou r a <wb> bh a aa r a t a <wb> m a ee q <wb> h a ii <wb> j a n a m a ee <wb> i s a <wb> y a u w a aa <wb> k a w a i <wb> k a o <wb> i n a <wb> d a i n a o q <wb> s a aa h a i t a y a i k a <wb> s a q p a aa d a k a <wb> k a m a <wb> ou r a <wb> g a u p a t a k a aa r a <wb> s a q s a th a aa ee q <wb> ou r a <wb> p a u l a i s a <wb> z a y a aa d a aa <wb> t a l a aa sh a <wb> k a r a t a ee <wb> h a ei,C0 C4 C0 C16 <wb> C19 C0 C36 C6 C0 <wb> C37 C0 C29 C0 C31 C0 <wb> C28 C0 C15 C0 C21 C0 C11 <wb> C32 C0 C19 C0 <wb> C4 C0 C1 C29 C0 C32 C0 C16 C38 C0 <wb> C22 C0 C36 C20 C0 C38 C0 C8 C0 C1 C29 C0 C1 <wb> C22 C0 C11 C23 <wb> C11 C19 C0 <wb> C28 C0 C29 C0 C22 C0 C36 C20 C0 <wb> C38 C0 C36 C37 C0 C1 <wb> C32 C0 C16 C3 C0 C3 C0 C32 C0 C16 <wb> C30 C0 C37 C0 C29 C0 <wb> C29 C0 C15 C0 C11 <wb> C27 C29 C0 <wb> C4 C0 C1 C29 C0 C32 C0 <wb> C22 C0 C11 C23 <wb> C15 C0 C16 <wb> C17 C0 C24 C0 C22 C0 C11 <wb> C16 C30 C0 <wb> C38 C0 C36 C37 C0 C1 <wb> C19 C0 C37 C0 C16 <wb> C19 C0 C26 <wb> C16 C24 C0 <wb> C7 C0 C16 C24 C0 C26 C23 <wb> C30 C0 C1 C15 C0 C16 C32 C0 C38 C0 C16 C19 C0 <wb> C30 C0 C23 C28 C0 C1 C7 C0 C19 C0 <wb> C19 C0 C22 C0 <wb> C27 C29 C0 <wb> C13 C0 C36 C28 C0 C32 C0 C19 C0 C1 C29 C0 <wb> C30 C0 C23 C30 C0 C33 C0 C1 C11 C23 <wb> C27 C29 C0 <wb> C28 C0 C36 C21 C0 C16 C30 C0 <wb> C17 C0 C38 C0 C1 C7 C0 C1 <wb> C32 C0 C21 C0 C1 C31 C0 <wb> C19 C0 C29 C0 C32 C0 C11 <wb> C15 C0 C2,train
4825,"इसी कविता पर, उन्हें भारत भूषण अग्रवाल कविता पुरस्कार मिला था",1,4.794,0,not_selected_by_random,,,,
4826,"उदय ने, इस कविता के नेपथ्य के बारे में, उन प्रक्रियाओं, और प्रेरणाओं के बारे में लिखना शुरू किया, जो तीन दशक पहले, उनके आस पास मंडरा रही थीं",1,10.147,1,,hindi_female_004826.wav,u d a y a <wb> n a ee <wb> i s a <wb> k a w a i t a aa <wb> k a ee <wb> n a ee p a th a y a <wb> k a ee <wb> b a aa r a ee <wb> m a ee q <wb> u n a <wb> p a r a k a r a i y a aa o q <wb> ou r a <wb> p a r a ee r a nx a aa o q <wb> k a ee <wb> b a aa r a ee <wb> m a ee q <wb> l a i kh a n a aa <wb> sh a u r a uu <wb> k a i y a aa <wb> j a o <wb> t a ii n a <wb> d a sh a k a <wb> p a h a l a ee <wb> u n a k a ee <wb> aa s a <wb> p a aa s a <wb> m a q dx a r a aa <wb> r a h a ii <wb> th a ii q,C36 C7 C0 C38 C0 <wb> C24 C0 C11 <wb> C16 C30 C0 <wb> C19 C0 C37 C0 C16 C32 C0 C1 <wb> C19 C0 C11 <wb> C24 C0 C11 C28 C0 C33 C0 C38 C0 <wb> C19 C0 C11 <wb> C3 C0 C1 C29 C0 C11 <wb> C22 C0 C11 C23 <wb> C36 C24 C0 <wb> C28 C0 C29 C0 C19 C0 C29 C0 C16 C38 C0 C1 C26 C23 <wb> C27 C29 C0 <wb> C28 C0 C29 C0 C11 C29 C0 C25 C0 C1 C26 C23 <wb> C19 C0 C11 <wb> C3 C0 C1 C29 C0 C11 <wb> C22 C0 C11 C23 <wb> C21 C0 C16 C20 C0 C24 C0 C1 <wb> C31 C0 C36 C29 C0 C36 <wb> C19 C0 C16 C38 C0 C1 <wb> C17 C0 C26 <wb> C32 C0 C16 C24 C0 <wb> C7 C0 C31 C0 C19 C0 <wb> C28 C0 C15 C0 C21 C0 C11 <wb> C36 C24 C0 C19 C0 C11 <wb> C1 C30 C0 <wb> C28 C0 C1 C30 C0 <wb> C22 C0 C23 C9 C0 C29 C0 C1 <wb> C29 C0 C15 C0 C16 <wb> C33 C0 C16 C23,train
4827,"यही गद्य, हमारी शीर्ष कथा, बनना था",1,3.245,0,not_selected_by_random,,,,
4829,"मध्य मई में, जयपुर में, सीरियल बम धमाके हुए, और अचानक ही, यह संसार हमारे लिए बदल गया",1,6.966,1,,hindi_female_004829.wav,m a dh a y a <wb> m a ii <wb> m a ee q <wb> j a y a p a u r a <wb> m a ee q <wb> s a ii r a i y a l a <wb> b a m a <wb> dh a m a aa k a ee <wb> h a u ee <wb> ou r a <wb> a c a aa n a k a <wb> h a ii <wb> y a h a <wb> s a q s a aa r a <wb> h a m a aa r a ee <wb> l a i ee <wb> b a d a l a <wb> g a y a aa,C22 C0 C8 C0 C38 C0 <wb> C22 C0 C16 <wb> C22 C0 C11 C23 <wb> C17 C0 C38 C0 C28 C0 C36 C29 C0 <wb> C22 C0 C11 C23 <wb> C30 C0 C16 C29 C0 C16 C38 C0 C21 C0 <wb> C3 C0 C22 C0 <wb> C8 C0 C22 C0 C1 C19 C0 C11 <wb> C15 C0 C36 C11 <wb> C27 C29 C0 <wb> C0 C5 C0 C1 C24 C0 C19 C0 <wb> C15 C0 C16 <wb> C38 C0 C15 C0 <wb> C30 C0 C23 C30 C0 C1 C29 C0 <wb> C15 C0 C22 C0 C1 C29 C0 C11 <wb> C21 C0 C16 C11 <wb> C3 C0 C7 C0 C21 C0 <wb> C13 C0 C38 C0 C1,train
4830,"वह शहर, जिसे हम दूसरी जगह से ज़्यादा प्रेम और घृणा करते हैं, उस शहर की ज्यामिति बिगड़ गयी थी",1,7.245,1,,hindi_female_004830.wav,w a h a <wb> sh a h a r a <wb> j a i s a ee <wb> h a m a <wb> d a uu s a r a ii <wb> j a g a h a <wb> s a ee <wb> z a y a aa d a aa <wb> p a r a ee m a <wb> ou r a <wb> gh a rq nx a aa <wb> k a r a t a ee <wb> h a ei q <wb> u s a <wb> sh a h a r a <wb> k a ii <wb> j a y a aa m a i t a i <wb> b a i g a dxq a <wb> g a y a ii <wb> th a ii,C37 C0 C15 C0 <wb> C31 C0 C15 C0 C29 C0 <wb> C17 C0 C16 C30 C0 C11 <wb> C15 C0 C22 C0 <wb> C7 C0 C36 C30 C0 C29 C0 C16 <wb> C17 C0 C13 C0 C15 C0 <wb> C30 C0 C11 <wb> C17 C0 C38 C0 C1 C7 C0 C1 <wb> C28 C0 C29 C0 C11 C22 C0 <wb> C27 C29 C0 <wb> C14 C0 C29 C25 C0 C1 <wb> C19 C0 C29 C0 C32 C0 C11 <wb> C15 C0 C2 C23 <wb> C36 C30 C0 <wb> C31 C0 C15 C0 C29 C0 <wb> C19 C0 C16 <wb> C17 C0 C38 C0 C1 C22 C0 C16 C32 C0 C16 <wb> C3 C0 C16 C13 C0 C9 C0 <wb> C13 C0 C38 C0 C16 <wb> C33 C0 C16,train
4831,"मुख्यधारा मीडिया में, हमारी शान्ति, और उनका हमला का मुहावरा, हर तरफ़ फैल गया है",1,6.775,0,not_selected_by_random,,,,
4832,यह बात आज से कई साल पुरानी है,1,2.159,1,,hindi_female_004832.wav,y a h a <wb> b a aa t a <wb> aa j a <wb> s a ee <wb> k a ii <wb> s a aa l a <wb> p a u r a aa n a ii <wb> h a ei,C38 C0 C15 C0 <wb> C3 C0 C1 C32 C0 <wb> C1 C17 C0 <wb> C30 C0 C11 <wb> C19 C0 C16 <wb> C30 C0 C1 C21 C0 <wb> C28 C0 C36 C29 C0 C1 C24 C0 C16 <wb> C15 C0 C2,train
4833,"मेरा जन्म, मध्य प्रदेश के एक बहुत छोटे से गांव, सीतापुर में, सन में हुआ था",1,5.341,1,,hindi_female_004833.wav,m a ee r a aa <wb> j a n a m a <wb> m a dh a y a <wb> p a r a d a ee sh a <wb> k a ee <wb> ee k a <wb> b a h a u t a <wb> ch a o tx a ee <wb> s a ee <wb> g a aa q w a <wb> s a ii t a aa p a u r a <wb> m a ee q <wb> s a n a <wb> m a ee q <wb> h a u aa <wb> th a aa,C22 C0 C11 C29 C0 C1 <wb> C17 C0 C24 C0 C22 C0 <wb> C22 C0 C8 C0 C38 C0 <wb> C28 C0 C29 C0 C7 C0 C11 C31 C0 <wb> C19 C0 C11 <wb> C11 C19 C0 <wb> C3 C0 C15 C0 C36 C32 C0 <wb> C6 C0 C26 C34 C0 C11 <wb> C30 C0 C11 <wb> C13 C0 C1 C23 C37 C0 <wb> C30 C0 C16 C32 C0 C1 C28 C0 C36 C29 C0 <wb> C22 C0 C11 C23 <wb> C30 C0 C24 C0 <wb> C22 C0 C11 C23 <wb> C15 C0 C36 C1 <wb> C33 C0 C1,train
4834,तब तक हमारे यहां बिजली नहीं आई थी,1,2.09,1,,hindi_female_004834.wav,t a b a <wb> t a k a <wb> h a m a aa r a ee <wb> y a h a aa q <wb> b a i j a l a ii <wb> n a h a ii q <wb> aa ii <wb> th a ii,C32 C0 C3 C0 <wb> C32 C0 C19 C0 <wb> C15 C0 C22 C0 C1 C29 C0 C11 <wb> C38 C0 C15 C0 C1 C23 <wb> C3 C0 C16 C17 C0 C21 C0 C16 <wb> C24 C0 C15 C0 C16 C23 <wb> C1 C16 <wb> C33 C0 C16,train
4836,"बल्कि आज तक मुझे लालटेनें, और ढिबरियां अच्छी लगती हैं",1,3.831,1,,hindi_female_004836.wav,b a l a k a i <wb> aa j a <wb> t a k a <wb> m a u jh a ee <wb> l a aa l a tx a ee n a ee q <wb> ou r a <wb> dxh a i b a r a i y a aa q <wb> a c a ch a ii <wb> l a g a t a ii <wb> h a ei q,C3 C0 C21 C0 C19 C0 C16 <wb> C1 C17 C0 <wb> C32 C0 C19 C0 <wb> C22 C0 C36 C18 C0 C11 <wb> C21 C0 C1 C21 C0 C34 C0 C11 C24 C0 C11 C23 <wb> C27 C29 C0 <wb> C10 C0 C16 C3 C0 C29 C0 C16 C38 C0 C1 C23 <wb> C0 C5 C0 C6 C0 C16 <wb> C21 C0 C13 C0 C32 C0 C16 <wb> C15 C0 C2 C23,train
4838,"दियों को मैं दीवाली, और पूजा त्यौहार के अलावा, कभी पसंद नहीं कर पाया",1,4.598,1,,hindi_female_004838.wav,d a i y a o q <wb> k a o <wb> m a ei q <wb> d a ii w a aa l a ii <wb> ou r a <wb> p a uu j a aa <wb> t a y a ou h a aa r a <wb> k a ee <wb> a l a aa w a aa <wb> k a bh a ii <wb> p a s a q d a <wb> n a h a ii q <wb> k a r a <wb> p a aa y a aa,C7 C0 C16 C38 C0 C26 C23 <wb> C19 C0 C26 <wb> C22 C0 C2 C23 <wb> C7 C0 C16 C37 C0 C1 C21 C0 C16 <wb> C27 C29 C0 <wb> C28 C0 C36 C17 C0 C1 <wb> C32 C0 C38 C0 C27 C15 C0 C1 C29 C0 <wb> C19 C0 C11 <wb> C0 C21 C0 C1 C37 C0 C1 <wb> C19 C0 C4 C0 C16 <wb> C28 C0 C30 C0 C23 C7 C0 <wb> C24 C0 C15 C0 C16 C23 <wb> C19 C0 C29 C0 <wb> C28 C0 C1 C38 C0 C1,train
4841,"हमारे घर में, भारत नाम का अखबार, इलाहाबाद से आता था, और कभी कभी, नव भारत भी",1,6.664,1,,hindi_female_004841.wav,h a m a aa r a ee <wb> gh a r a <wb> m a ee q <wb> bh a aa r a t a <wb> n a aa m a <wb> k a aa <wb> a kh a b a aa r a <wb> i l a aa h a aa b a aa d a <wb> s a ee <wb> aa t a aa <wb> th a aa <wb> ou r a <wb> k a bh a ii <wb> k a bh a ii <wb> n a w a <wb> bh a aa r a t a <wb> bh a ii,C15 C0 C22 C0 C1 C29 C0 C11 <wb> C14 C0 C29 C0 <wb> C22 C0 C11 C23 <wb> C4 C0 C1 C29 C0 C32 C0 <wb> C24 C0 C1 C22 C0 <wb> C19 C0 C1 <wb> C0 C20 C0 C3 C0 C1 C29 C0 <wb> C16 C21 C0 C1 C15 C0 C1 C3 C0 C1 C7 C0 <wb> C30 C0 C11 <wb> C1 C32 C0 C1 <wb> C33 C0 C1 <wb> C27 C29 C0 <wb> C19 C0 C4 C0 C16 <wb> C19 C0 C4 C0 C16 <wb> C24 C0 C37 C0 <wb> C4 C0 C1 C29 C0 C32 C0 <wb> C4 C0 C16,train
4844,"पिता जी को किताबें, और बेंत की कुर्सियां बहुत पसंद थीं, जिन्हें वे इलाहाबाद से मंगाते थे",1,6.06,1,,hindi_female_004844.wav,p a i t a aa <wb> j a ii <wb> k a o <wb> k a i t a aa b a ee q <wb> ou r a <wb> b a ee q t a <wb> k a ii <wb> k a u r a s a i y a aa q <wb> b a h a u t a <wb> p a s a q d a <wb> th a ii q <wb> j a i n a h a ee q <wb> w a ee <wb> i l a aa h a aa b a aa d a <wb> s a ee <wb> m a q g a aa t a ee <wb> th a ee,C28 C0 C16 C32 C0 C1 <wb> C17 C0 C16 <wb> C19 C0 C26 <wb> C19 C0 C16 C32 C0 C1 C3 C0 C11 C23 <wb> C27 C29 C0 <wb> C3 C0 C11 C23 C32 C0 <wb> C19 C0 C16 <wb> C19 C0 C36 C29 C0 C30 C0 C16 C38 C0 C1 C23 <wb> C3 C0 C15 C0 C36 C32 C0 <wb> C28 C0 C30 C0 C23 C7 C0 <wb> C33 C0 C16 C23 <wb> C17 C0 C16 C24 C0 C15 C0 C11 C23 <wb> C37 C0 C11 <wb> C16 C21 C0 C1 C15 C0 C1 C3 C0 C1 C7 C0 <wb> C30 C0 C11 <wb> C22 C0 C23 C13 C0 C1 C32 C0 C11 <wb> C33 C0 C11,val
4846,"एक हैंडिल से, उसमें चाभी भरने पर, रिकॉर्ड घूमता था",1,4.407,0,not_selected_by_random,,,,
4847,"लेकिन, चूंकि उसका स्प्रिंग टूटा हुआ था, और साउंड बॉक्स भी, जंग खाकर बेकार हो चुका था",1,6.339,1,,hindi_female_004847.wav,l a ee k a i n a <wb> c a uu q k a i <wb> u s a k a aa <wb> s a p a r a i q g a <wb> tx a uu tx a aa <wb> h a u aa <wb> th a aa <wb> ou r a <wb> s a aa u q dx a <wb> b a k a s a <wb> bh a ii <wb> j a q g a <wb> kh a aa k a r a <wb> b a ee k a aa r a <wb> h a o <wb> c a u k a aa <wb> th a aa,C21 C0 C11 C19 C0 C16 C24 C0 <wb> C5 C0 C36 C23 C19 C0 C16 <wb> C36 C30 C0 C19 C0 C1 <wb> C30 C0 C28 C0 C29 C0 C16 C23 C13 C0 <wb> C34 C0 C36 C34 C0 C1 <wb> C15 C0 C36 C1 <wb> C33 C0 C1 <wb> C27 C29 C0 <wb> C30 C0 C1 C36 C23 C9 C0 <wb> C3 C0 C19 C0 C30 C0 <wb> C4 C0 C16 <wb> C17 C0 C23 C13 C0 <wb> C20 C0 C1 C19 C0 C29 C0 <wb> C3 C0 C11 C19 C0 C1 C29 C0 <wb> C15 C0 C26 <wb> C5 C0 C36 C19 C0 C1 <wb> C33 C0 C1,train
4850,टेक्नॉलॉजी के साथ हमेशा यही होता है,1,2.276,1,,hindi_female_004850.wav,tx a ee k a n a l a j a ii <wb> k a ee <wb> s a aa th a <wb> h a m a ee sh a aa <wb> y a h a ii <wb> h a o t a aa <wb> h a ei,C34 C0 C11 C19 C0 C24 C0 C21 C0 C17 C0 C16 <wb> C19 C0 C11 <wb> C30 C0 C1 C33 C0 <wb> C15 C0 C22 C0 C11 C31 C0 C1 <wb> C38 C0 C15 C0 C16 <wb> C15 C0 C26 C32 C0 C1 <wb> C15 C0 C2,train
4851,"मैं और मेरे भाई, दोनों ऐसी त्यागी जा चुकी पुरानी चीज़ों को, दुबारा जीवित और ठीक करने में, दिन रात लगे रहते थे",1,8.643,0,not_selected_by_random,,,,
4853,"मकांदो में किये जा रहे, वैज्ञानिक तकनीकी आविष्कारों से, कम रोमांचक, हमारे बचपन की उपलब्धियां नहीं थीं",1,7.059,1,,hindi_female_004853.wav,m a k a aa q d a o <wb> m a ee q <wb> k a i y a ee <wb> j a aa <wb> r a h a ee <wb> w a ei j a nj a aa n a i k a <wb> t a k a n a ii k a ii <wb> aa w a i sx a k a aa r a o q <wb> s a ee <wb> k a m a <wb> r a o m a aa q c a k a <wb> h a m a aa r a ee <wb> b a c a p a n a <wb> k a ii <wb> u p a l a b a dh a i y a aa q <wb> n a h a ii q <wb> th a ii q,C22 C0 C19 C0 C1 C23 C7 C0 C26 <wb> C22 C0 C11 C23 <wb> C19 C0 C16 C38 C0 C11 <wb> C17 C0 C1 <wb> C29 C0 C15 C0 C11 <wb> C37 C0 C2 C17 C0 C24 C0 C1 C24 C0 C16 C19 C0 <wb> C32 C0 C19 C0 C24 C0 C16 C19 C0 C16 <wb> C1 C37 C0 C16 C31 C0 C19 C0 C1 C29 C0 C26 C23 <wb> C30 C0 C11 <wb> C19 C0 C22 C0 <wb> C29 C0 C26 C22 C0 C1 C23 C5 C0 C19 C0 <wb> C15 C0 C22 C0 C1 C29 C0 C11 <wb> C3 C0 C5 C0 C28 C0 C24 C0 <wb> C19 C0 C16 <wb> C36 C28 C0 C21 C0 C3 C0 C8 C0 C16 C38 C0 C1 C23 <wb> C24 C0 C15 C0 C16 C23 <wb> C33 C0 C16 C23,train
4854,"बैटरी और चुंबक और टिन की पट्टी से, बार बार जलने बुझने वाला बल्ब, तांबे के तारों को, मोम में डुबाकर, इंसुलेट करके, और आर्मेचर बाइंडिंग करके, घूमने वाली छोटी सी पंखी बनायीं थी",1,15.285,0,not_selected_by_random,,,,
4857,"हमारे गांव से तीन किलोमीटर दूर, अनूपपुर रेल्वे जंक्शन था",1,4.063,1,,hindi_female_004857.wav,h a m a aa r a ee <wb> g a aa q w a <wb> s a ee <wb> t a ii n a <wb> k a i l a o m a ii tx a r a <wb> d a uu r a <wb> a n a uu p a p a u r a <wb> r a ee l a w a ee <wb> j a q k a sh a n a <wb> th a aa,C15 C0 C22 C0 C1 C29 C0 C11 <wb> C13 C0 C1 C23 C37 C0 <wb> C30 C0 C11 <wb> C32 C0 C16 C24 C0 <wb> C19 C0 C16 C21 C0 C26 C22 C0 C16 C34 C0 C29 C0 <wb> C7 C0 C36 C29 C0 <wb> C0 C24 C0 C36 C28 C0 C28 C0 C36 C29 C0 <wb> C29 C0 C11 C21 C0 C37 C0 C11 <wb> C17 C0 C23 C19 C0 C31 C0 C24 C0 <wb> C33 C0 C1,train
4861,"हम तो, तिब्बत के शरणार्थियों की बात कर रहे थे, जिन्हें हम सब, लामा ही कहते थे",1,6.107,0,not_selected_by_random,,,,
4862,"तो लामा, अपने परिवारों के साथ, उसी अनूपपुर के प्लेटफ़ॉर्म पर उतरते थे",1,4.853,1,,hindi_female_004862.wav,t a o <wb> l a aa m a aa <wb> a p a n a ee <wb> p a r a i w a aa r a o q <wb> k a ee <wb> s a aa th a <wb> u s a ii <wb> a n a uu p a p a u r a <wb> k a ee <wb> p a l a ee tx a f a r a m a <wb> p a r a <wb> u t a r a t a ee <wb> th a ee,C32 C0 C26 <wb> C21 C0 C1 C22 C0 C1 <wb> C0 C28 C0 C24 C0 C11 <wb> C28 C0 C29 C0 C16 C37 C0 C1 C29 C0 C26 C23 <wb> C19 C0 C11 <wb> C30 C0 C1 C33 C0 <wb> C36 C30 C0 C16 <wb> C0 C24 C0 C36 C28 C0 C28 C0 C36 C29 C0 <wb> C19 C0 C11 <wb> C28 C0 C21 C0 C11 C34 C0 C12 C0 C29 C0 C22 C0 <wb> C28 C0 C29 C0 <wb> C36 C32 C0 C29 C0 C32 C0 C11 <wb> C33 C0 C11,train
4867,"उन्हें वहां देखना, हम बच्चों के लिए, एक बिल्कुल नया दृश्य बनता",1,4.342,1,,hindi_female_004867.wav,u n a h a ee q <wb> w a h a aa q <wb> d a ee kh a n a aa <wb> h a m a <wb> b a c a c a o q <wb> k a ee <wb> l a i ee <wb> ee k a <wb> b a i l a k a u l a <wb> n a y a aa <wb> d a rq sh a y a <wb> b a n a t a aa,C36 C24 C0 C15 C0 C11 C23 <wb> C37 C0 C15 C0 C1 C23 <wb> C7 C0 C11 C20 C0 C24 C0 C1 <wb> C15 C0 C22 C0 <wb> C3 C0 C5 C0 C5 C0 C26 C23 <wb> C19 C0 C11 <wb> C21 C0 C16 C11 <wb> C11 C19 C0 <wb> C3 C0 C16 C21 C0 C19 C0 C36 C21 C0 <wb> C24 C0 C38 C0 C1 <wb> C7 C0 C29 C31 C0 C38 C0 <wb> C3 C0 C24 C0 C32 C0 C1,train
4869,"लेकिन, लामा लोग खूब गोरे और सुंदर होते थे",1,3.599,1,,hindi_female_004869.wav,l a ee k a i n a <wb> l a aa m a aa <wb> l a o g a <wb> kh a uu b a <wb> g a o r a ee <wb> ou r a <wb> s a u q d a r a <wb> h a o t a ee <wb> th a ee,C21 C0 C11 C19 C0 C16 C24 C0 <wb> C21 C0 C1 C22 C0 C1 <wb> C21 C0 C26 C13 C0 <wb> C20 C0 C36 C3 C0 <wb> C13 C0 C26 C29 C0 C11 <wb> C27 C29 C0 <wb> C30 C0 C36 C23 C7 C0 C29 C0 <wb> C15 C0 C26 C32 C0 C11 <wb> C33 C0 C11,train
4870,"उनके बच्चे और स्त्रियां तो, इतनी सुंदर होतीं, कि उन्हें देखते, हमारी आंखें पलक झपकना, बंद कर देतीं",1,7.036,1,,hindi_female_004870.wav,u n a k a ee <wb> b a c a c a ee <wb> ou r a <wb> s a t a r a i y a aa q <wb> t a o <wb> i t a n a ii <wb> s a u q d a r a <wb> h a o t a ii q <wb> k a i <wb> u n a h a ee q <wb> d a ee kh a t a ee <wb> h a m a aa r a ii <wb> aa q kh a ee q <wb> p a l a k a <wb> jh a p a k a n a aa <wb> b a q d a <wb> k a r a <wb> d a ee t a ii q,C36 C24 C0 C19 C0 C11 <wb> C3 C0 C5 C0 C5 C0 C11 <wb> C27 C29 C0 <wb> C30 C0 C32 C0 C29 C0 C16 C38 C0 C1 C23 <wb> C32 C0 C26 <wb> C16 C32 C0 C24 C0 C16 <wb> C30 C0 C36 C23 C7 C0 C29 C0 <wb> C15 C0 C26 C32 C0 C16 C23 <wb> C19 C0 C16 <wb> C36 C24 C0 C15 C0 C11 C23 <wb> C7 C0 C11 C20 C0 C32 C0 C11 <wb> C15 C0 C22 C0 C1 C29 C0 C16 <wb> C1 C23 C20 C0 C11 C23 <wb> C28 C0 C21 C0 C19 C0 <wb> C18 C0 C28 C0 C19 C0 C24 C0 C1 <wb> C3 C0 C23 C7 C0 <wb> C19 C0 C29 C0 <wb> C7 C0 C11 C32 C0 C16 C23,train
4871,"हम बच्चों को, लामा लोग प्यार करते थे",1,3.261,0,not_selected_by_random,,,,
4872,"अपने कंधे पर लटकते, गेरुआ झोले में से, लेमंचूस, और रंगीन मीठीगोलियां देते थे",1,6.502,1,,hindi_female_004872.wav,a p a n a ee <wb> k a q dh a ee <wb> p a r a <wb> l a tx a k a t a ee <wb> g a ee r a u aa <wb> jh a o l a ee <wb> m a ee q <wb> s a ee <wb> l a ee m a q c a uu s a <wb> ou r a <wb> r a q g a ii n a <wb> m a ii txh a ii g a o l a i y a aa q <wb> d a ee t a ee <wb> th a ee,C0 C28 C0 C24 C0 C11 <wb> C19 C0 C23 C8 C0 C11 <wb> C28 C0 C29 C0 <wb> C21 C0 C34 C0 C19 C0 C32 C0 C11 <wb> C13 C0 C11 C29 C0 C36 C1 <wb> C18 C0 C26 C21 C0 C11 <wb> C22 C0 C11 C23 <wb> C30 C0 C11 <wb> C21 C0 C11 C22 C0 C23 C5 C0 C36 C30 C0 <wb> C27 C29 C0 <wb> C29 C0 C23 C13 C0 C16 C24 C0 <wb> C22 C0 C16 C35 C0 C16 C13 C0 C26 C21 C0 C16 C38 C0 C1 C23 <wb> C7 C0 C11 C32 C0 C11 <wb> C33 C0 C11,train
4873,"राक्षस जैसे त्रिपुंडधारी, राजमती सिंह, उर्फ़ राजमटा सिंह की तुलना में, तिब्बत से आये हुए लामा, देवदूत लगते थे",1,9.393,0,not_selected_by_random,,,,
4874,"हम बच्चों के लिए दया, वत्सलता, करुणा, और प्रेम से भरे देवदूत जैसे लगते थे",1,6.569,0,not_selected_by_random,,,,
4875,"हम इन चींटियों को, पतंगों के नाम से, उनके जीवन के कुछ पलों में जानते हैं",1,4.992,1,,hindi_female_004875.wav,h a m a <wb> i n a <wb> c a ii q tx a i y a o q <wb> k a o <wb> p a t a q g a o q <wb> k a ee <wb> n a aa m a <wb> s a ee <wb> u n a k a ee <wb> j a ii w a n a <wb> k a ee <wb> k a u ch a <wb> p a l a o q <wb> m a ee q <wb> j a aa n a t a ee <wb> h a ei q,C15 C0 C22 C0 <wb> C16 C24 C0 <wb> C5 C0 C16 C23 C34 C0 C16 C38 C0 C26 C23 <wb> C19 C0 C26 <wb> C28 C0 C32 C0 C23 C13 C0 C26 C23 <wb> C19 C0 C11 <wb> C24 C0 C1 C22 C0 <wb> C30 C0 C11 <wb> C36 C24 C0 C19 C0 C11 <wb> C17 C0 C16 C37 C0 C24 C0 <wb> C19 C0 C11 <wb> C19 C0 C36 C6 C0 <wb> C28 C0 C21 C0 C26 C23 <wb> C22 C0 C11 C23 <wb> C17 C0 C1 C24 C0 C32 C0 C11 <wb> C15 C0 C2 C23,train
4880,"उनकी सभ्यता के इतिहास में, किसी यूटोपिया के बनने, और फिर उसके टूटने का मार्मिक अध्याय होता है",1,6.432,1,,hindi_female_004880.wav,u n a k a ii <wb> s a bh a y a t a aa <wb> k a ee <wb> i t a i h a aa s a <wb> m a ee q <wb> k a i s a ii <wb> y a uu tx a o p a i y a aa <wb> k a ee <wb> b a n a n a ee <wb> ou r a <wb> ph a i r a <wb> u s a k a ee <wb> tx a uu tx a n a ee <wb> k a aa <wb> m a aa r a m a i k a <wb> a dh a y a aa y a <wb> h a o t a aa <wb> h a ei,C36 C24 C0 C19 C0 C16 <wb> C30 C0 C4 C0 C38 C0 C32 C0 C1 <wb> C19 C0 C11 <wb> C16 C32 C0 C16 C15 C0 C1 C30 C0 <wb> C22 C0 C11 C23 <wb> C19 C0 C16 C30 C0 C16 <wb> C38 C0 C36 C34 C0 C26 C28 C0 C16 C38 C0 C1 <wb> C19 C0 C11 <wb> C3 C0 C24 C0 C24 C0 C11 <wb> C27 C29 C0 <wb> C12 C0 C16 C29 C0 <wb> C36 C30 C0 C19 C0 C11 <wb> C34 C0 C36 C34 C0 C24 C0 C11 <wb> C19 C0 C1 <wb> C22 C0 C1 C29 C0 C22 C0 C16 C19 C0 <wb> C0 C8 C0 C38 C0 C1 C38 C0 <wb> C15 C0 C26 C32 C0 C1 <wb> C15 C0 C2,train
4881,ठीक मनुष्यों की सभ्यता के इतिहास के किसी खण्ड की तरह है,1,3.945,0,not_selected_by_random,,,,
4882,"रात में, घर में, हर ओर, नदी की धार के साथ, बह कर आने वाले, सांप, गोजर, कनखजूरे, और कछुए टहलने लगेंगे",1,10.031,1,,hindi_female_004882.wav,r a aa t a <wb> m a ee q <wb> gh a r a <wb> m a ee q <wb> h a r a <wb> o r a <wb> n a d a ii <wb> k a ii <wb> dh a aa r a <wb> k a ee <wb> s a aa th a <wb> b a h a <wb> k a r a <wb> aa n a ee <wb> w a aa l a ee <wb> s a aa q p a <wb> g a o j a r a <wb> k a n a kh a j a uu r a ee <wb> ou r a <wb> k a ch a u ee <wb> tx a h a l a n a ee <wb> l a g a ee q g a ee,C29 C0 C1 C32 C0 <wb> C22 C0 C11 C23 <wb> C14 C0 C29 C0 <wb> C22 C0 C11 C23 <wb> C15 C0 C29 C0 <wb> C26 C29 C0 <wb> C24 C0 C7 C0 C16 <wb> C19 C0 C16 <wb> C8 C0 C1 C29 C0 <wb> C19 C0 C11 <wb> C30 C0 C1 C33 C0 <wb> C3 C0 C15 C0 <wb> C19 C0 C29 C0 <wb> C1 C24 C0 C11 <wb> C37 C0 C1 C21 C0 C11 <wb> C30 C0 C1 C23 C28 C0 <wb> C13 C0 C26 C17 C0 C29 C0 <wb> C19 C0 C24 C0 C20 C0 C17 C0 C36 C29 C0 C11 <wb> C27 C29 C0 <wb> C19 C0 C6 C0 C36 C11 <wb> C34 C0 C15 C0 C21 C0 C24 C0 C11 <wb> C21 C0 C13 C0 C11 C23 C13 C0 C11,train
4883,"धरती की दरारों में, महीनों से, समाधि लगाए, या हाइबरनेट करते, ये तरह तरह के मेंढक भी, पहली बरसात के साथ ही, बाहर निकल आते हैं, और रात भर, हम उनकी आवाज़ सुनते हैं",1,12.914,0,not_selected_by_random,,,,
4884,"झींगुरों के गिटार, पहरुए पक्षी की टनक, किसी रात्रि पक्षी की, दूर तक जाती, मेंडोलिन या बांसुरी की संगत में, लगातार चलता संगीत, बहुत मनमोहक प्रतीत होता है",1,12.748,1,,hindi_female_004884.wav,jh a ii q g a u r a o q <wb> k a ee <wb> g a i tx a aa r a <wb> p a h a r a u ee <wb> p a k a sx a ii <wb> k a ii <wb> tx a n a k a <wb> k a i s a ii <wb> r a aa t a r a i <wb> p a k a sx a ii <wb> k a ii <wb> d a uu r a <wb> t a k a <wb> j a aa t a ii <wb> m a ee q dx a o l a i n a <wb> y a aa <wb> b a aa q s a u r a ii <wb> k a ii <wb> s a q g a t a <wb> m a ee q <wb> l a g a aa t a aa r a <wb> c a l a t a aa <wb> s a q g a ii t a <wb> b a h a u t a <wb> m a n a m a o h a k a <wb> p a r a t a ii t a <wb> h a o t a aa <wb> h a ei,C18 C0 C16 C23 C13 C0 C36 C29 C0 C26 C23 <wb> C19 C0 C11 <wb> C13 C0 C16 C34 C0 C1 C29 C0 <wb> C28 C0 C15 C0 C29 C0 C36 C11 <wb> C28 C0 C19 C0 C31 C0 C16 <wb> C19 C0 C16 <wb> C34 C0 C24 C0 C19 C0 <wb> C19 C0 C16 C30 C0 C16 <wb> C29 C0 C1 C32 C0 C29 C0 C16 <wb> C28 C0 C19 C0 C31 C0 C16 <wb> C19 C0 C16 <wb> C7 C0 C36 C29 C0 <wb> C32 C0 C19 C0 <wb> C17 C0 C1 C32 C0 C16 <wb> C22 C0 C11 C23 C9 C0 C26 C21 C0 C16 C24 C0 <wb> C38 C0 C1 <wb> C3 C0 C1 C23 C30 C0 C36 C29 C0 C16 <wb> C19 C0 C16 <wb> C30 C0 C23 C13 C0 C32 C0 <wb> C22 C0 C11 C23 <wb> C21 C0 C13 C0 C1 C32 C0 C1 C29 C0 <wb> C5 C0 C21 C0 C32 C0 C1 <wb> C30 C0 C23 C13 C0 C16 C32 C0 <wb> C3 C0 C15 C0 C36 C32 C0 <wb> C22 C0 C24 C0 C22 C0 C26 C15 C0 C19 C0 <wb> C28 C0 C29 C0 C32 C0 C16 C32 C0 <wb> C15 C0 C26 C32 C0 C1 <wb> C15 C0 C2,train
4885,"हम जूतों के भीतर, रात में पांव डालते डरते हैं",1,2.995,1,,hindi_female_004885.wav,h a m a <wb> j a uu t a o q <wb> k a ee <wb> bh a ii t a r a <wb> r a aa t a <wb> m a ee q <wb> p a aa q w a <wb> dx a aa l a t a ee <wb> dx a r a t a ee <wb> h a ei q,C15 C0 C22 C0 <wb> C17 C0 C36 C32 C0 C26 C23 <wb> C19 C0 C11 <wb> C4 C0 C16 C32 C0 C29 C0 <wb> C29 C0 C1 C32 C0 <wb> C22 C0 C11 C23 <wb> C28 C0 C1 C23 C37 C0 <wb> C9 C0 C1 C21 C0 C32 C0 C11 <wb> C9 C0 C29 C0 C32 C0 C11 <wb> C15 C0 C2 C23,train
4886,"एक बार फूफा जी ने, आधी रात, अपने सिरहाने रखी टॉर्च उठानी चाही, तो वह अजीब सी आवाज़ निकालता भाग गया",1,8.014,0,not_selected_by_random,,,,
4887,"इस पूरे इलाके में अब भी, बुद्ध की बहुत सी खंडित, टूटी फूटी प्रतिमाएं, यहां वहां मिलती हैं",1,7.039,0,not_selected_by_random,,,,
4888,"उस इलाके में जब कोई कुआं खोदता है, या अपने नये घर की नींव, तो ऐसी मूर्तियों का मिलना, एक सामान्य सी बात है",1,7.639,1,,hindi_female_004888.wav,u s a <wb> i l a aa k a ee <wb> m a ee q <wb> j a b a <wb> k a o ii <wb> k a u aa q <wb> kh a o d a t a aa <wb> h a ei <wb> y a aa <wb> a p a n a ee <wb> n a y a ee <wb> gh a r a <wb> k a ii <wb> n a ii q w a <wb> t a o <wb> ei s a ii <wb> m a uu r a t a i y a o q <wb> k a aa <wb> m a i l a n a aa <wb> ee k a <wb> s a aa m a aa n a y a <wb> s a ii <wb> b a aa t a <wb> h a ei,C36 C30 C0 <wb> C16 C21 C0 C1 C19 C0 C11 <wb> C22 C0 C11 C23 <wb> C17 C0 C3 C0 <wb> C19 C0 C26 C16 <wb> C19 C0 C36 C1 C23 <wb> C20 C0 C26 C7 C0 C32 C0 C1 <wb> C15 C0 C2 <wb> C38 C0 C1 <wb> C0 C28 C0 C24 C0 C11 <wb> C24 C0 C38 C0 C11 <wb> C14 C0 C29 C0 <wb> C19 C0 C16 <wb> C24 C0 C16 C23 C37 C0 <wb> C32 C0 C26 <wb> C2 C30 C0 C16 <wb> C22 C0 C36 C29 C0 C32 C0 C16 C38 C0 C26 C23 <wb> C19 C0 C1 <wb> C22 C0 C16 C21 C0 C24 C0 C1 <wb> C11 C19 C0 <wb> C30 C0 C1 C22 C0 C1 C24 C0 C38 C0 <wb> C30 C0 C16 <wb> C3 C0 C1 C32 C0 <wb> C15 C0 C2,train
4889,"कलिंग का वह क्षेत्र, जहां अतिक्रमणकारी, सम्राट् अशोक की सेना ने, निहत्थे गरीब, शांत लोगों के अहिंसक प्रतिरोध के उत्तर में, भयावह जनसंहार किया था",1,11.943,0,not_selected_by_random,,,,
4890,"और फिर जहां से, पूरब दक्षिण, राजगीर उदयगीर तक पहुँचते पहुँचते, उसे स्वयं अपनी हिंसा से, ग्लानि हुई थी, और वह बौद्ध हो गया था, उस उत्कल कलिंग क्षेत्र का, सीमांत विंध्य पर्वत की, इसी श्रृंखला के पास है",1,17.369,1,,hindi_female_004890.wav,ou r a <wb> ph a i r a <wb> j a h a aa q <wb> s a ee <wb> p a uu r a b a <wb> d a k a sx a i nx a <wb> r a aa j a g a ii r a <wb> u d a y a g a ii r a <wb> t a k a <wb> p a h a u mq c a t a ee <wb> p a h a u mq c a t a ee <wb> u s a ee <wb> s a w a y a q <wb> a p a n a ii <wb> h a i q s a aa <wb> s a ee <wb> g a l a aa n a i <wb> h a u ii <wb> th a ii <wb> ou r a <wb> w a h a <wb> b a ou d a dh a <wb> h a o <wb> g a y a aa <wb> th a aa <wb> u s a <wb> u t a k a l a <wb> k a l a i q g a <wb> k a sx a ee t a r a <wb> k a aa <wb> s a ii m a aa q t a <wb> w a i q dh a y a <wb> p a r a w a t a <wb> k a ii <wb> i s a ii <wb> sh a r a rq q kh a l a aa <wb> k a ee <wb> p a aa s a <wb> h a ei,C27 C29 C0 <wb> C12 C0 C16 C29 C0 <wb> C17 C0 C15 C0 C1 C23 <wb> C30 C0 C11 <wb> C28 C0 C36 C29 C0 C3 C0 <wb> C7 C0 C19 C0 C31 C0 C16 C25 C0 <wb> C29 C0 C1 C17 C0 C13 C0 C16 C29 C0 <wb> C36 C7 C0 C38 C0 C13 C0 C16 C29 C0 <wb> C32 C0 C19 C0 <wb> C28 C0 C15 C0 C36 C23 C5 C0 C32 C0 C11 <wb> C28 C0 C15 C0 C36 C23 C5 C0 C32 C0 C11 <wb> C36 C30 C0 C11 <wb> C30 C0 C37 C0 C38 C0 C23 <wb> C0 C28 C0 C24 C0 C16 <wb> C15 C0 C16 C23 C30 C0 C1 <wb> C30 C0 C11 <wb> C13 C0 C21 C0 C1 C24 C0 C16 <wb> C15 C0 C36 C16 <wb> C33 C0 C16 <wb> C27 C29 C0 <wb> C37 C0 C15 C0 <wb> C3 C0 C27 C7 C0 C8 C0 <wb> C15 C0 C26 <wb> C13 C0 C38 C0 C1 <wb> C33 C0 C1 <wb> C36 C30 C0 <wb> C36 C32 C0 C19 C0 C21 C0 <wb> C19 C0 C21 C0 C16 C23 C13 C0 <wb> C19 C0 C31 C0 C11 C32 C0 C29 C0 <wb> C19 C0 C1 <wb> C30 C0 C16 C22 C0 C1 C23 C32 C0 <wb> C37 C0 C16 C23 C8 C0 C38 C0 <wb> C28 C0 C29 C0 C37 C0 C32 C0 <wb> C19 C0 C16 <wb> C16 C30 C0 C16 <wb> C31 C0 C29 C0 C29 C23 C20 C0 C21 C0 C1 <wb> C19 C0 C11 <wb> C28 C0 C1 C30 C0 <wb> C15 C0 C2,train
4892,"जैसे कुछ लोग, अपने हाथों में, नन्हीं नन्हीं मशालें लिए, एक वृत्त में घूम रहे हों",1,6.409,1,,hindi_female_004892.wav,j a ei s a ee <wb> k a u ch a <wb> l a o g a <wb> a p a n a ee <wb> h a aa th a o q <wb> m a ee q <wb> n a n a h a ii q <wb> n a n a h a ii q <wb> m a sh a aa l a ee q <wb> l a i ee <wb> ee k a <wb> w a rq t a t a <wb> m a ee q <wb> gh a uu m a <wb> r a h a ee <wb> h a o q,C17 C0 C2 C30 C0 C11 <wb> C19 C0 C36 C6 C0 <wb> C21 C0 C26 C13 C0 <wb> C0 C28 C0 C24 C0 C11 <wb> C15 C0 C1 C33 C0 C26 C23 <wb> C22 C0 C11 C23 <wb> C24 C0 C24 C0 C15 C0 C16 C23 <wb> C24 C0 C24 C0 C15 C0 C16 C23 <wb> C22 C0 C31 C0 C1 C21 C0 C11 C23 <wb> C21 C0 C16 C11 <wb> C11 C19 C0 <wb> C37 C0 C29 C32 C0 C32 C0 <wb> C22 C0 C11 C23 <wb> C14 C0 C36 C22 C0 <wb> C29 C0 C15 C0 C11 <wb> C15 C0 C26 C23,train
4894,"क्योंकि, हर पदार्थ मैटर तो, असल में एक ही होता है, उसकी आंतरिक संरचना ही, उसे दूसरों से भिन्न बना डालती है",1,8.081,1,,hindi_female_004894.wav,k a y a o q k a i <wb> h a r a <wb> p a d a aa r a th a <wb> m a ei tx a r a <wb> t a o <wb> a s a l a <wb> m a ee q <wb> ee k a <wb> h a ii <wb> h a o t a aa <wb> h a ei <wb> u s a k a ii <wb> aa q t a r a i k a <wb> s a q r a c a n a aa <wb> h a ii <wb> u s a ee <wb> d a uu s a r a o q <wb> s a ee <wb> bh a i n a n a <wb> b a n a aa <wb> dx a aa l a t a ii <wb> h a ei,C19 C0 C38 C0 C26 C23 C19 C0 C16 <wb> C15 C0 C29 C0 <wb> C28 C0 C7 C0 C1 C29 C0 C33 C0 <wb> C22 C0 C2 C34 C0 C29 C0 <wb> C32 C0 C26 <wb> C0 C30 C0 C21 C0 <wb> C22 C0 C11 C23 <wb> C11 C19 C0 <wb> C15 C0 C16 <wb> C15 C0 C26 C32 C0 C1 <wb> C15 C0 C2 <wb> C36 C30 C0 C19 C0 C16 <wb> C1 C23 C32 C0 C29 C0 C16 C19 C0 <wb> C30 C0 C23 C29 C0 C5 C0 C24 C0 C1 <wb> C15 C0 C16 <wb> C36 C30 C0 C11 <wb> C7 C0 C36 C30 C0 C29 C0 C26 C23 <wb> C30 C0 C11 <wb> C4 C0 C16 C24 C0 C24 C0 <wb> C3 C0 C24 C0 C1 <wb> C9 C0 C1 C21 C0 C32 C0 C16 <wb> C15 C0 C2,train
4895,"पदार्थ की उसी आंतरिक संरचना को, बदलने वाले सूत्र को खोज निकालने के, शताब्दियों तक चलने वाले प्रयत्नों के बीच ही, उस विज्ञान का जन्म हुआ, जिसे हम केमिस्ट्री के नाम से आज जानते हैं",1,12.678,1,,hindi_female_004895.wav,p a d a aa r a th a <wb> k a ii <wb> u s a ii <wb> aa q t a r a i k a <wb> s a q r a c a n a aa <wb> k a o <wb> b a d a l a n a ee <wb> w a aa l a ee <wb> s a uu t a r a <wb> k a o <wb> kh a o j a <wb> n a i k a aa l a n a ee <wb> k a ee <wb> sh a t a aa b a d a i y a o q <wb> t a k a <wb> c a l a n a ee <wb> w a aa l a ee <wb> p a r a y a t a n a o q <wb> k a ee <wb> b a ii c a <wb> h a ii <wb> u s a <wb> w a i j a nj a aa n a <wb> k a aa <wb> j a n a m a <wb> h a u aa <wb> j a i s a ee <wb> h a m a <wb> k a ee m a i s a tx a r a ii <wb> k a ee <wb> n a aa m a <wb> s a ee <wb> aa j a <wb> j a aa n a t a ee <wb> h a ei q,C28 C0 C7 C0 C1 C29 C0 C33 C0 <wb> C19 C0 C16 <wb> C36 C30 C0 C16 <wb> C1 C23 C32 C0 C29 C0 C16 C19 C0 <wb> C30 C0 C23 C29 C0 C5 C0 C24 C0 C1 <wb> C19 C0 C26 <wb> C3 C0 C7 C0 C21 C0 C24 C0 C11 <wb> C37 C0 C1 C21 C0 C11 <wb> C30 C0 C36 C32 C0 C29 C0 <wb> C19 C0 C26 <wb> C20 C0 C26 C17 C0 <wb> C24 C0 C16 C19 C0 C1 C21 C0 C24 C0 C11 <wb> C19 C0 C11 <wb> C31 C0 C32 C0 C1 C3 C0 C7 C0 C16 C38 C0 C26 C23 <wb> C32 C0 C19 C0 <wb> C5 C0 C21 C0 C24 C0 C11 <wb> C37 C0 C1 C21 C0 C11 <wb> C28 C0 C29 C0 C38 C0 C32 C0 C24 C0 C26 C23 <wb> C19 C0 C11 <wb> C3 C0 C16 C5 C0 <wb> C15 C0 C16 <wb> C36 C30 C0 <wb> C37 C0 C16 C17 C0 C24 C0 C1 C24 C0 <wb> C19 C0 C1 <wb> C17 C0 C24 C0 C22 C0 <wb> C15 C0 C36 C1 <wb> C17 C0 C16 C30 C0 C11 <wb> C15 C0 C22 C0 <wb> C19 C0 C11 C22 C0 C16 C30 C0 C34 C0 C29 C0 C16 <wb> C19 C0 C11 <wb> C24 C0 C1 C22 C0 <wb> C30 C0 C11 <wb> C1 C17 C0 <wb> C17 C0 C1 C24 C0 C32 C0 C11 <wb> C15 C0 C2 C23,train
4896,"मेरी स्मृति में तो, यह दृश्य इसलिए भी अमिट रह गया",1,4.234,0,not_selected_by_random,,,,
4898,"इस घटना के वर्षों बाद में, मैं, जी एन यू में शोधछात्र था, जहां बाद में, कुछ समय के लिए अध्यापक भी हुआ",1,8.773,0,not_selected_by_random,,,,
4900,"अमेरिका के दो, भाषा वैज्ञानिक को, कहीं से पता चलता है कि, लहासा के प्राचीन बौद्धमठ में, तिब्बत की प्राचीन लिपि में, लिखी गई एक ऐसी पांडुलिपि है",1,11.237,0,not_selected_by_random,,,,
4901,"जिसमें सृष्टि के निर्माण, और विनाश का सारा रहस्य बंद है",1,3.646,1,,hindi_female_004901.wav,j a i s a m a ee q <wb> s a rq sx a tx a i <wb> k a ee <wb> n a i r a m a aa nx a <wb> ou r a <wb> w a i n a aa sh a <wb> k a aa <wb> s a aa r a aa <wb> r a h a s a y a <wb> b a q d a <wb> h a ei,C17 C0 C16 C30 C0 C22 C0 C11 C23 <wb> C30 C0 C29 C31 C0 C34 C0 C16 <wb> C19 C0 C11 <wb> C24 C0 C16 C29 C0 C22 C0 C1 C25 C0 <wb> C27 C29 C0 <wb> C37 C0 C16 C24 C0 C1 C31 C0 <wb> C19 C0 C1 <wb> C30 C0 C1 C29 C0 C1 <wb> C29 C0 C15 C0 C30 C0 C38 C0 <wb> C3 C0 C23 C7 C0 <wb> C15 C0 C2,train
4905,"रहस्य भरी झुर्रियों में मुस्कुराता हुआ वह लामा कहता है, वह सांड अभी मरा नहीं है",1,5.84,0,not_selected_by_random,,,,
4906,"उस आयोजन में, भारतीय भाषाओँ के अलावा, मुख्यतः फ़्रांं सीसी, और ब्रिटानी अनुवादकों, और साहितिक एजेंटो ने, हिस्से दारी की",1,10.324,0,not_selected_by_random,,,,
4908,"इसमें हिन्दी लेखकों, आलोचकों, और इतिहासकारों के साथ साथ, स्विस, फ्रांसीसी, जर्मन, और अमरिकन अकादमियों ने, हिस्सेदारी की",1,10.716,0,not_selected_by_random,,,,
4909,"सियाही के आयोजन के उद्देश्यों में, आर्थिक महाशक्ति के तौर पर उभरे देश, और ग्लोबल हो रहे संसार में, भारत से अनुवाद की संभावनाओं का पता लगाना",1,10.124,0,not_selected_by_random,,,,
4911,"इसी क्रम में, इस बार प्रस्तुत है, नागार्जुन विष्णु खेर, विनोद कुमार शुक्ल, और अरुण कमल",1,7.129,1,,hindi_female_004911.wav,i s a ii <wb> k a r a m a <wb> m a ee q <wb> i s a <wb> b a aa r a <wb> p a r a s a t a u t a <wb> h a ei <wb> n a aa g a aa r a j a u n a <wb> w a i sx a nx a u <wb> kh a ee r a <wb> w a i n a o d a <wb> k a u m a aa r a <wb> sh a u k a l a <wb> ou r a <wb> a r a u nx a <wb> k a m a l a,C16 C30 C0 C16 <wb> C19 C0 C29 C0 C22 C0 <wb> C22 C0 C11 C23 <wb> C16 C30 C0 <wb> C3 C0 C1 C29 C0 <wb> C28 C0 C29 C0 C30 C0 C32 C0 C36 C32 C0 <wb> C15 C0 C2 <wb> C24 C0 C1 C13 C0 C1 C29 C0 C17 C0 C36 C24 C0 <wb> C37 C0 C16 C31 C0 C25 C0 C36 <wb> C20 C0 C11 C29 C0 <wb> C37 C0 C16 C24 C0 C26 C7 C0 <wb> C19 C0 C36 C22 C0 C1 C29 C0 <wb> C31 C0 C36 C19 C0 C21 C0 <wb> C27 C29 C0 <wb> C0 C29 C0 C36 C25 C0 <wb> C19 C0 C22 C0 C21 C0,train
4912,"अन्तिम तीन, बहु अनूदित कवि हैं, और नागार्जुन, बहुत कम अनूदित",1,5.341,1,,hindi_female_004912.wav,a n a t a i m a <wb> t a ii n a <wb> b a h a u <wb> a n a uu d a i t a <wb> k a w a i <wb> h a ei q <wb> ou r a <wb> n a aa g a aa r a j a u n a <wb> b a h a u t a <wb> k a m a <wb> a n a uu d a i t a,C0 C24 C0 C32 C0 C16 C22 C0 <wb> C32 C0 C16 C24 C0 <wb> C3 C0 C15 C0 C36 <wb> C0 C24 C0 C36 C7 C0 C16 C32 C0 <wb> C19 C0 C37 C0 C16 <wb> C15 C0 C2 C23 <wb> C27 C29 C0 <wb> C24 C0 C1 C13 C0 C1 C29 C0 C17 C0 C36 C24 C0 <wb> C3 C0 C15 C0 C36 C32 C0 <wb> C19 C0 C22 C0 <wb> C0 C24 C0 C36 C7 C0 C16 C32 C0,train
4913,"नागार्जुन की कविता की महानता का स्वीकार, देर से हुआ, जब मानों, एक तरह से प्रगतिशीलता ने, सर्वहारा कवित्त को देखा",1,8.986,1,,hindi_female_004913.wav,n a aa g a aa r a j a u n a <wb> k a ii <wb> k a w a i t a aa <wb> k a ii <wb> m a h a aa n a t a aa <wb> k a aa <wb> s a w a ii k a aa r a <wb> d a ee r a <wb> s a ee <wb> h a u aa <wb> j a b a <wb> m a aa n a o q <wb> ee k a <wb> t a r a h a <wb> s a ee <wb> p a r a g a t a i sh a ii l a t a aa <wb> n a ee <wb> s a r a w a h a aa r a aa <wb> k a w a i t a t a <wb> k a o <wb> d a ee kh a aa,C24 C0 C1 C13 C0 C1 C29 C0 C17 C0 C36 C24 C0 <wb> C19 C0 C16 <wb> C19 C0 C37 C0 C16 C32 C0 C1 <wb> C19 C0 C16 <wb> C22 C0 C15 C0 C1 C24 C0 C32 C0 C1 <wb> C19 C0 C1 <wb> C30 C0 C37 C0 C16 C19 C0 C1 C29 C0 <wb> C7 C0 C11 C29 C0 <wb> C30 C0 C11 <wb> C15 C0 C36 C1 <wb> C17 C0 C3 C0 <wb> C22 C0 C1 C24 C0 C26 C23 <wb> C11 C19 C0 <wb> C32 C0 C29 C0 C15 C0 <wb> C30 C0 C11 <wb> C28 C0 C29 C0 C13 C0 C32 C0 C16 C31 C0 C16 C21 C0 C32 C0 C1 <wb> C24 C0 C11 <wb> C30 C0 C29 C0 C37 C0 C15 C0 C1 C29 C0 C1 <wb> C19 C0 C37 C0 C16 C32 C0 C32 C0 <wb> C19 C0 C26 <wb> C7 C0 C11 C20 C0 C1,train
4914,"हमें खुशी है, युवा शोधकर्ता और कवि, मनोज कुमार झा ने, यह अनुवाद हमारे लिए किया",1,7.036,0,not_selected_by_random,,,,
4915,"देवयानी, जो एक हिन्दी राजस्थानी लेखक की बेटी थी, उसे कविता लिखते लिखते, पत्रकारिता, प्रेम, गृहस्थी, अनुवाद, शोध की ओर चले जाना था",1,11.707,0,not_selected_by_random,,,,
4916,"ग्रुप के आलोचक, मनोज कुमार मीणा को, बहुत सोच विचार के बाद, भारतीय प्रशासनिक सेवा में चले जाना था",1,6.989,1,,hindi_female_004916.wav,g a r a u p a <wb> k a ee <wb> aa l a o c a k a <wb> m a n a o j a <wb> k a u m a aa r a <wb> m a ii nx a aa <wb> k a o <wb> b a h a u t a <wb> s a o c a <wb> w a i c a aa r a <wb> k a ee <wb> b a aa d a <wb> bh a aa r a t a ii y a <wb> p a r a sh a aa s a n a i k a <wb> s a ee w a aa <wb> m a ee q <wb> c a l a ee <wb> j a aa n a aa <wb> th a aa,C13 C0 C29 C0 C36 C28 C0 <wb> C19 C0 C11 <wb> C1 C21 C0 C26 C5 C0 C19 C0 <wb> C22 C0 C24 C0 C26 C17 C0 <wb> C19 C0 C36 C22 C0 C1 C29 C0 <wb> C22 C0 C16 C25 C0 C1 <wb> C19 C0 C26 <wb> C3 C0 C15 C0 C36 C32 C0 <wb> C30 C0 C26 C5 C0 <wb> C37 C0 C16 C5 C0 C1 C29 C0 <wb> C19 C0 C11 <wb> C3 C0 C1 C7 C0 <wb> C4 C0 C1 C29 C0 C32 C0 C16 C38 C0 <wb> C28 C0 C29 C0 C31 C0 C1 C30 C0 C24 C0 C16 C19 C0 <wb> C30 C0 C11 C37 C0 C1 <wb> C22 C0 C11 C23 <wb> C5 C0 C21 C0 C11 <wb> C17 C0 C1 C24 C0 C1 <wb> C33 C0 C1,train
4917,"विशाल कपूर को, इतिहास की पढ़ाई पूरी करके, गाइड बन जाना था",1,4.481,1,,hindi_female_004917.wav,w a i sh a aa l a <wb> k a p a uu r a <wb> k a o <wb> i t a i h a aa s a <wb> k a ii <wb> p a dxhq a aa ii <wb> p a uu r a ii <wb> k a r a k a ee <wb> g a aa i dx a <wb> b a n a <wb> j a aa n a aa <wb> th a aa,C37 C0 C16 C31 C0 C1 C21 C0 <wb> C19 C0 C28 C0 C36 C29 C0 <wb> C19 C0 C26 <wb> C16 C32 C0 C16 C15 C0 C1 C30 C0 <wb> C19 C0 C16 <wb> C28 C0 C10 C0 C1 C16 <wb> C28 C0 C36 C29 C0 C16 <wb> C19 C0 C29 C0 C19 C0 C11 <wb> C13 C0 C1 C16 C9 C0 <wb> C3 C0 C24 C0 <wb> C17 C0 C1 C24 C0 C1 <wb> C33 C0 C1,train
4918,"शिवकुमार गाँधी को, एक पेंटर के रूप में, विख्यात होना था",1,4.133,1,,hindi_female_004918.wav,sh a i w a k a u m a aa r a <wb> g a aa mq dh a ii <wb> k a o <wb> ee k a <wb> p a ee q tx a r a <wb> k a ee <wb> r a uu p a <wb> m a ee q <wb> w a i kh a y a aa t a <wb> h a o n a aa <wb> th a aa,C31 C0 C16 C37 C0 C19 C0 C36 C22 C0 C1 C29 C0 <wb> C13 C0 C1 C23 C8 C0 C16 <wb> C19 C0 C26 <wb> C11 C19 C0 <wb> C28 C0 C11 C23 C34 C0 C29 C0 <wb> C19 C0 C11 <wb> C29 C0 C36 C28 C0 <wb> C22 C0 C11 C23 <wb> C37 C0 C16 C20 C0 C38 C0 C1 C32 C0 <wb> C15 C0 C26 C24 C0 C1 <wb> C33 C0 C1,train
4919,"वे, प्रकाशन और चर्चा के रोज़मर्रा से परे, अपने ढंग से लिख रहे थे",1,4.876,1,,hindi_female_004919.wav,w a ee <wb> p a r a k a aa sh a n a <wb> ou r a <wb> c a r a c a aa <wb> k a ee <wb> r a o z a m a r a r a aa <wb> s a ee <wb> p a r a ee <wb> a p a n a ee <wb> dxh a q g a <wb> s a ee <wb> l a i kh a <wb> r a h a ee <wb> th a ee,C37 C0 C11 <wb> C28 C0 C29 C0 C19 C0 C1 C31 C0 C24 C0 <wb> C27 C29 C0 <wb> C5 C0 C29 C0 C5 C0 C1 <wb> C19 C0 C11 <wb> C29 C0 C26 C17 C0 C22 C0 C29 C0 C29 C0 C1 <wb> C30 C0 C11 <wb> C28 C0 C29 C0 C11 <wb> C0 C28 C0 C24 C0 C11 <wb> C10 C0 C23 C13 C0 <wb> C30 C0 C11 <wb> C21 C0 C16 C20 C0 <wb> C29 C0 C15 C0 C11 <wb> C33 C0 C11,train
4920,"हिमांशु पंड्या, जिन्हें जे एन यू से पढ़ाई करके, हिन्दी पढ़ना था, और संस्कृति कर्मी, आलोचक बनना था",1,7.528,0,not_selected_by_random,,,,
4921,"विश्वंभर, जिन्हें हिन्दी में शिक्षा की सबसे, महत्त्वपूर्ण पत्रिकाओं में से एक का, यशस्वी संपादक होना था",1,7.384,1,,hindi_female_004921.wav,w a i sh a w a q bh a r a <wb> j a i n a h a ee q <wb> h a i n a d a ii <wb> m a ee q <wb> sh a i k a sx a aa <wb> k a ii <wb> s a b a s a ee <wb> m a h a t a t a w a p a uu r a nx a <wb> p a t a r a i k a aa o q <wb> m a ee q <wb> s a ee <wb> ee k a <wb> k a aa <wb> y a sh a s a w a ii <wb> s a q p a aa d a k a <wb> h a o n a aa <wb> th a aa,C37 C0 C16 C31 C0 C37 C0 C23 C4 C0 C29 C0 <wb> C17 C0 C16 C24 C0 C15 C0 C11 C23 <wb> C15 C0 C16 C24 C0 C7 C0 C16 <wb> C22 C0 C11 C23 <wb> C31 C0 C16 C19 C0 C31 C0 C1 <wb> C19 C0 C16 <wb> C30 C0 C3 C0 C30 C0 C11 <wb> C22 C0 C15 C0 C32 C0 C32 C0 C37 C0 C28 C0 C36 C29 C0 C25 C0 <wb> C28 C0 C32 C0 C29 C0 C16 C19 C0 C1 C26 C23 <wb> C22 C0 C11 C23 <wb> C30 C0 C11 <wb> C11 C19 C0 <wb> C19 C0 C1 <wb> C38 C0 C31 C0 C30 C0 C37 C0 C16 <wb> C30 C0 C23 C28 C0 C1 C7 C0 C19 C0 <wb> C15 C0 C26 C24 C0 C1 <wb> C33 C0 C1,val
4922,"इस बार से, हम एक, अन्यतकालिक स्तम्भ किताब शुरू कर रहे हैं, जिसे हम, इस समीक्षा सीमत स्पेस नहीं बनाना चाहते",1,9.049,0,not_selected_by_random,,,,
4923,"इस बार, दो हिन्दी पुस्तकों पर, समीक्षा लिखी गयी है",1,3.738,1,,hindi_female_004923.wav,i s a <wb> b a aa r a <wb> d a o <wb> h a i n a d a ii <wb> p a u s a t a k a o q <wb> p a r a <wb> s a m a ii k a sx a aa <wb> l a i kh a ii <wb> g a y a ii <wb> h a ei,C16 C30 C0 <wb> C3 C0 C1 C29 C0 <wb> C7 C0 C26 <wb> C15 C0 C16 C24 C0 C7 C0 C16 <wb> C28 C0 C36 C30 C0 C32 C0 C19 C0 C26 C23 <wb> C28 C0 C29 C0 <wb> C30 C0 C22 C0 C16 C19 C0 C31 C0 C1 <wb> C21 C0 C16 C20 C0 C16 <wb> C13 C0 C38 C0 C16 <wb> C15 C0 C2,train
4924,"युवा शोधकर्ता, गिरिराज किराडू, और गगन गिल के, कैलाश मान सरोवर यात्रा, वृतांत अवाक् पर लिखा गया है",1,7.895,1,,hindi_female_004924.wav,y a u w a aa <wb> sh a o dh a k a r a t a aa <wb> g a i r a i r a aa j a <wb> k a i r a aa dx a uu <wb> ou r a <wb> g a g a n a <wb> g a i l a <wb> k a ee <wb> k a ei l a aa sh a <wb> m a aa n a <wb> s a r a o w a r a <wb> y a aa t a r a aa <wb> w a rq t a aa q t a <wb> a w a aa k a <wb> p a r a <wb> l a i kh a aa <wb> g a y a aa <wb> h a ei,C38 C0 C36 C37 C0 C1 <wb> C31 C0 C26 C8 C0 C19 C0 C29 C0 C32 C0 C1 <wb> C13 C0 C16 C29 C0 C16 C29 C0 C1 C17 C0 <wb> C19 C0 C16 C29 C0 C1 C9 C0 C36 <wb> C27 C29 C0 <wb> C13 C0 C13 C0 C24 C0 <wb> C13 C0 C16 C21 C0 <wb> C19 C0 C11 <wb> C19 C0 C2 C21 C0 C1 C31 C0 <wb> C22 C0 C1 C24 C0 <wb> C30 C0 C29 C0 C26 C37 C0 C29 C0 <wb> C38 C0 C1 C32 C0 C29 C0 C1 <wb> C37 C0 C29 C32 C0 C1 C23 C32 C0 <wb> C0 C37 C0 C1 C19 C0 <wb> C28 C0 C29 C0 <wb> C21 C0 C16 C20 C0 C1 <wb> C13 C0 C38 C0 C1 <wb> C15 C0 C2,train
4926,"मणिपुर में, एक महिला की हत्या के विरोध में, जुलाई दो हज़ार चार में, बारह महिलाओं द्वारा किए गए, न्यूड प्रोटेस्ट को, मुख्यधारा मीडिया में, एक उत्तेजक ख़बर को देखना, सबको याद होगा",1,13.259,1,,hindi_female_004926.wav,m a nx a i p a u r a <wb> m a ee q <wb> ee k a <wb> m a h a i l a aa <wb> k a ii <wb> h a t a y a aa <wb> k a ee <wb> w a i r a o dh a <wb> m a ee q <wb> j a u l a aa ii <wb> d a o <wb> h a z a aa r a <wb> c a aa r a <wb> m a ee q <wb> b a aa r a h a <wb> m a h a i l a aa o q <wb> d a w a aa r a aa <wb> k a i ee <wb> g a ee <wb> n a y a uu dx a <wb> p a r a o tx a ee s a tx a <wb> k a o <wb> m a u kh a y a dh a aa r a aa <wb> m a ii dx a i y a aa <wb> m a ee q <wb> ee k a <wb> u t a t a ee j a k a <wb> khq a b a r a <wb> k a o <wb> d a ee kh a n a aa <wb> s a b a k a o <wb> y a aa d a <wb> h a o g a aa,C22 C0 C25 C0 C16 C28 C0 C36 C29 C0 <wb> C22 C0 C11 C23 <wb> C11 C19 C0 <wb> C22 C0 C15 C0 C16 C21 C0 C1 <wb> C19 C0 C16 <wb> C15 C0 C32 C0 C38 C0 C1 <wb> C19 C0 C11 <wb> C37 C0 C16 C29 C0 C26 C8 C0 <wb> C22 C0 C11 C23 <wb> C17 C0 C36 C21 C0 C1 C16 <wb> C7 C0 C26 <wb> C15 C0 C17 C0 C1 C29 C0 <wb> C5 C0 C1 C29 C0 <wb> C22 C0 C11 C23 <wb> C3 C0 C1 C29 C0 C15 C0 <wb> C22 C0 C15 C0 C16 C21 C0 C1 C26 C23 <wb> C7 C0 C37 C0 C1 C29 C0 C1 <wb> C19 C0 C16 C11 <wb> C13 C0 C11 <wb> C24 C0 C38 C0 C36 C9 C0 <wb> C28 C0 C29 C0 C26 C34 C0 C11 C30 C0 C34 C0 <wb> C19 C0 C26 <wb> C22 C0 C36 C20 C0 C38 C0 C8 C0 C1 C29 C0 C1 <wb> C22 C0 C16 C9 C0 C16 C38 C0 C1 <wb> C22 C0 C11 C23 <wb> C11 C19 C0 <wb> C36 C32 C0 C32 C0 C11 C17 C0 C19 C0 <wb> C20 C0 C3 C0 C29 C0 <wb> C19 C0 C26 <wb> C7 C0 C11 C20 C0 C24 C0 C1 <wb> C30 C0 C3 C0 C19 C0 C26 <wb> C38 C0 C1 C7 C0 <wb> C15 C0 C26 C13 C0 C1,train
4929,"फ़िल्म के स्क्रीनिंग इतिहास पर बात करते हुए, वे एक ऐसे बिन्दु पर पहुँचते है, जहाँ अब नहीं रुका जा सकता",1,6.78,1,,hindi_female_004929.wav,f a i l a m a <wb> k a ee <wb> s a k a r a ii n a i q g a <wb> i t a i h a aa s a <wb> p a r a <wb> b a aa t a <wb> k a r a t a ee <wb> h a u ee <wb> w a ee <wb> ee k a <wb> ei s a ee <wb> b a i n a d a u <wb> p a r a <wb> p a h a u mq c a t a ee <wb> h a ei <wb> j a h a aa mq <wb> a b a <wb> n a h a ii q <wb> r a u k a aa <wb> j a aa <wb> s a k a t a aa,C12 C0 C16 C21 C0 C22 C0 <wb> C19 C0 C11 <wb> C30 C0 C19 C0 C29 C0 C16 C24 C0 C16 C23 C13 C0 <wb> C16 C32 C0 C16 C15 C0 C1 C30 C0 <wb> C28 C0 C29 C0 <wb> C3 C0 C1 C32 C0 <wb> C19 C0 C29 C0 C32 C0 C11 <wb> C15 C0 C36 C11 <wb> C37 C0 C11 <wb> C11 C19 C0 <wb> C2 C30 C0 C11 <wb> C3 C0 C16 C24 C0 C7 C0 C36 <wb> C28 C0 C29 C0 <wb> C28 C0 C15 C0 C36 C23 C5 C0 C32 C0 C11 <wb> C15 C0 C2 <wb> C17 C0 C15 C0 C1 C23 <wb> C0 C3 C0 <wb> C24 C0 C15 C0 C16 C23 <wb> C29 C0 C36 C19 C0 C1 <wb> C17 C0 C1 <wb> C30 C0 C19 C0 C32 C0 C1,train
4930,"महमूद फ़ारूकी, अपनी रोड्स स्कालरशिप ख़त्म करके हिंदुस्तान लौटे",1,4.505,1,,hindi_female_004930.wav,m a h a m a uu d a <wb> f a aa r a uu k a ii <wb> a p a n a ii <wb> r a o dx a s a <wb> s a k a aa l a r a sh a i p a <wb> khq a t a m a <wb> k a r a k a ee <wb> h a i q d a u s a t a aa n a <wb> l a ou tx a ee,C22 C0 C15 C0 C22 C0 C36 C7 C0 <wb> C12 C0 C1 C29 C0 C36 C19 C0 C16 <wb> C0 C28 C0 C24 C0 C16 <wb> C29 C0 C26 C9 C0 C30 C0 <wb> C30 C0 C19 C0 C1 C21 C0 C29 C0 C31 C0 C16 C28 C0 <wb> C20 C0 C32 C0 C22 C0 <wb> C19 C0 C29 C0 C19 C0 C11 <wb> C15 C0 C16 C23 C7 C0 C36 C30 C0 C32 C0 C1 C24 C0 <wb> C21 C0 C27 C34 C0 C11,train
4932,"महमूद ने अपने दम पर, इस दास्तानगोई को पुनर्जीवित कर दिया",1,3.878,1,,hindi_female_004932.wav,m a h a m a uu d a <wb> n a ee <wb> a p a n a ee <wb> d a m a <wb> p a r a <wb> i s a <wb> d a aa s a t a aa n a g a o ii <wb> k a o <wb> p a u n a r a j a ii w a i t a <wb> k a r a <wb> d a i y a aa,C22 C0 C15 C0 C22 C0 C36 C7 C0 <wb> C24 C0 C11 <wb> C0 C28 C0 C24 C0 C11 <wb> C7 C0 C22 C0 <wb> C28 C0 C29 C0 <wb> C16 C30 C0 <wb> C7 C0 C1 C30 C0 C32 C0 C1 C24 C0 C13 C0 C26 C16 <wb> C19 C0 C26 <wb> C28 C0 C36 C24 C0 C29 C0 C17 C0 C16 C37 C0 C16 C32 C0 <wb> C19 C0 C29 C0 <wb> C7 C0 C16 C38 C0 C1,train
4934,"अगर वही टुंडी बाँह के साथ बुलायेंगे, तो टुंडी बाँह लेकर जायेंगे",1,3.971,1,,hindi_female_004934.wav,a g a r a <wb> w a h a ii <wb> tx a u q dx a ii <wb> b a aa mq h a <wb> k a ee <wb> s a aa th a <wb> b a u l a aa y a ee q g a ee <wb> t a o <wb> tx a u q dx a ii <wb> b a aa mq h a <wb> l a ee k a r a <wb> j a aa y a ee q g a ee,C0 C13 C0 C29 C0 <wb> C37 C0 C15 C0 C16 <wb> C34 C0 C36 C23 C9 C0 C16 <wb> C3 C0 C1 C23 C15 C0 <wb> C19 C0 C11 <wb> C30 C0 C1 C33 C0 <wb> C3 C0 C36 C21 C0 C1 C38 C0 C11 C23 C13 C0 C11 <wb> C32 C0 C26 <wb> C34 C0 C36 C23 C9 C0 C16 <wb> C3 C0 C1 C23 C15 C0 <wb> C21 C0 C11 C19 C0 C29 C0 <wb> C17 C0 C1 C38 C0 C11 C23 C13 C0 C11,train
4935,"घबराइये नहीं, अब आप काफ़ी ठीक हैं",1,2.554,1,,hindi_female_004935.wav,gh a b a r a aa i y a ee <wb> n a h a ii q <wb> a b a <wb> aa p a <wb> k a aa f a ii <wb> txh a ii k a <wb> h a ei q,C14 C0 C3 C0 C29 C0 C1 C16 C38 C0 C11 <wb> C24 C0 C15 C0 C16 C23 <wb> C0 C3 C0 <wb> C1 C28 C0 <wb> C19 C0 C1 C12 C0 C16 <wb> C35 C0 C16 C19 C0 <wb> C15 C0 C2 C23,train
4936,"इसके बाद, आपकी चोट को स्वस्थ होने का रास्ता, खुद तय करना हैं, अब नहीं रुका जा सकता",1,6.453,0,not_selected_by_random,,,,
4937,"युधिष्ठिर, इसी स्वर्ग में, सशरीर गए थे",1,3.228,1,,hindi_female_004937.wav,y a u dh a i sx a txh a i r a <wb> i s a ii <wb> s a w a r a g a <wb> m a ee q <wb> s a sh a r a ii r a <wb> g a ee <wb> th a ee,C38 C0 C36 C8 C0 C16 C31 C0 C35 C0 C16 C29 C0 <wb> C16 C30 C0 C16 <wb> C30 C0 C37 C0 C29 C0 C13 C0 <wb> C22 C0 C11 C23 <wb> C30 C0 C31 C0 C29 C0 C16 C29 C0 <wb> C13 C0 C11 <wb> C33 C0 C11,train
4938,"रावण ने, यहीं शिव आराधना की थी",1,3.102,0,not_selected_by_random,,,,
4939,"बाद में, उसकी आसुरी शक्तियों का पता चलने पर, उससे वरदान वापस लेने का उपक्रम, पार्वती गणेश को करना पड़ा",1,8.345,0,not_selected_by_random,,,,
4940,"भस्मासुर का काण्ड यही हुआ था, छू कर भस्म कर देने का वरदान लेकर, असुर, शिव पर ही, उसका प्रयोग करना चाहता था",1,8.127,1,,hindi_female_004940.wav,bh a s a m a aa s a u r a <wb> k a aa <wb> k a aa nx a dx a <wb> y a h a ii <wb> h a u aa <wb> th a aa <wb> ch a uu <wb> k a r a <wb> bh a s a m a <wb> k a r a <wb> d a ee n a ee <wb> k a aa <wb> w a r a d a aa n a <wb> l a ee k a r a <wb> a s a u r a <wb> sh a i w a <wb> p a r a <wb> h a ii <wb> u s a k a aa <wb> p a r a y a o g a <wb> k a r a n a aa <wb> c a aa h a t a aa <wb> th a aa,C4 C0 C30 C0 C22 C0 C1 C30 C0 C36 C29 C0 <wb> C19 C0 C1 <wb> C19 C0 C1 C25 C0 C9 C0 <wb> C38 C0 C15 C0 C16 <wb> C15 C0 C36 C1 <wb> C33 C0 C1 <wb> C6 C0 C36 <wb> C19 C0 C29 C0 <wb> C4 C0 C30 C0 C22 C0 <wb> C19 C0 C29 C0 <wb> C7 C0 C11 C24 C0 C11 <wb> C19 C0 C1 <wb> C37 C0 C29 C0 C7 C0 C1 C24 C0 <wb> C21 C0 C11 C19 C0 C29 C0 <wb> C0 C30 C0 C36 C29 C0 <wb> C31 C0 C16 C37 C0 <wb> C28 C0 C29 C0 <wb> C15 C0 C16 <wb> C36 C30 C0 C19 C0 C1 <wb> C28 C0 C29 C0 C38 C0 C26 C13 C0 <wb> C19 C0 C29 C0 C24 C0 C1 <wb> C5 C0 C1 C15 C0 C32 C0 C1 <wb> C33 C0 C1,train
4941,"सागा, यानी शाक्य, दावा, यानी चाँद, शाक्य मुनि का चाँद, बुद्ध पूर्णिमा",1,7.198,1,,hindi_female_004941.wav,s a aa g a aa <wb> y a aa n a ii <wb> sh a aa k a y a <wb> d a aa w a aa <wb> y a aa n a ii <wb> c a aa mq d a <wb> sh a aa k a y a <wb> m a u n a i <wb> k a aa <wb> c a aa mq d a <wb> b a u d a dh a <wb> p a uu r a nx a i m a aa,C30 C0 C1 C13 C0 C1 <wb> C38 C0 C1 C24 C0 C16 <wb> C31 C0 C1 C19 C0 C38 C0 <wb> C7 C0 C1 C37 C0 C1 <wb> C38 C0 C1 C24 C0 C16 <wb> C5 C0 C1 C23 C7 C0 <wb> C31 C0 C1 C19 C0 C38 C0 <wb> C22 C0 C36 C24 C0 C16 <wb> C19 C0 C1 <wb> C5 C0 C1 C23 C7 C0 <wb> C3 C0 C36 C7 C0 C8 C0 <wb> C28 C0 C36 C29 C0 C25 C0 C16 C22 C0 C1,train
4942,"एक दिन नहीं, पूरे एक मास का, कृतज्ञता उत्सव, सारा माह पवित्र है",1,5.41,1,,hindi_female_004942.wav,ee k a <wb> d a i n a <wb> n a h a ii q <wb> p a uu r a ee <wb> ee k a <wb> m a aa s a <wb> k a aa <wb> k a rq t a j a nj a t a aa <wb> u t a s a w a <wb> s a aa r a aa <wb> m a aa h a <wb> p a w a i t a r a <wb> h a ei,C11 C19 C0 <wb> C7 C0 C16 C24 C0 <wb> C24 C0 C15 C0 C16 C23 <wb> C28 C0 C36 C29 C0 C11 <wb> C11 C19 C0 <wb> C22 C0 C1 C30 C0 <wb> C19 C0 C1 <wb> C19 C0 C29 C32 C0 C17 C0 C24 C0 C32 C0 C1 <wb> C36 C32 C0 C30 C0 C37 C0 <wb> C30 C0 C1 C29 C0 C1 <wb> C22 C0 C1 C15 C0 <wb> C28 C0 C37 C0 C16 C32 C0 C29 C0 <wb> C15 C0 C2,train
4943,"विशेषकर कैलाश पर्वत की हिन्दुओं, बौद्ध के लिए, कैलाश मानसरोवर के दर्शन ही, पुण्यकारी हैं",1,6.943,1,,hindi_female_004943.wav,w a i sh a ee sx a k a r a <wb> k a ei l a aa sh a <wb> p a r a w a t a <wb> k a ii <wb> h a i n a d a u o q <wb> b a ou d a dh a <wb> k a ee <wb> l a i ee <wb> k a ei l a aa sh a <wb> m a aa n a s a r a o w a r a <wb> k a ee <wb> d a r a sh a n a <wb> h a ii <wb> p a u nx a y a k a aa r a ii <wb> h a ei q,C37 C0 C16 C31 C0 C11 C31 C0 C19 C0 C29 C0 <wb> C19 C0 C2 C21 C0 C1 C31 C0 <wb> C28 C0 C29 C0 C37 C0 C32 C0 <wb> C19 C0 C16 <wb> C15 C0 C16 C24 C0 C7 C0 C36 C26 C23 <wb> C3 C0 C27 C7 C0 C8 C0 <wb> C19 C0 C11 <wb> C21 C0 C16 C11 <wb> C19 C0 C2 C21 C0 C1 C31 C0 <wb> C22 C0 C1 C24 C0 C30 C0 C29 C0 C26 C37 C0 C29 C0 <wb> C19 C0 C11 <wb> C7 C0 C29 C0 C31 C0 C24 C0 <wb> C15 C0 C16 <wb> C28 C0 C36 C25 C0 C38 C0 C19 C0 C1 C29 C0 C16 <wb> C15 C0 C2 C23,train
4944,"कई मेल, अलग अलग विदेश, संस्थाओं के नाम से आए",1,3.553,1,,hindi_female_004944.wav,k a ii <wb> m a ee l a <wb> a l a g a <wb> a l a g a <wb> w a i d a ee sh a <wb> s a q s a th a aa o q <wb> k a ee <wb> n a aa m a <wb> s a ee <wb> aa ee,C19 C0 C16 <wb> C22 C0 C11 C21 C0 <wb> C0 C21 C0 C13 C0 <wb> C0 C21 C0 C13 C0 <wb> C37 C0 C16 C7 C0 C11 C31 C0 <wb> C30 C0 C23 C30 C0 C33 C0 C1 C26 C23 <wb> C19 C0 C11 <wb> C24 C0 C1 C22 C0 <wb> C30 C0 C11 <wb> C1 C11,train
4946,"पुरस्कार की राशि, लाखों डॉलर या पाउंड में होती है",1,3.297,1,,hindi_female_004946.wav,p a u r a s a k a aa r a <wb> k a ii <wb> r a aa sh a i <wb> l a aa kh a o q <wb> dx a l a r a <wb> y a aa <wb> p a aa u q dx a <wb> m a ee q <wb> h a o t a ii <wb> h a ei,C28 C0 C36 C29 C0 C30 C0 C19 C0 C1 C29 C0 <wb> C19 C0 C16 <wb> C29 C0 C1 C31 C0 C16 <wb> C21 C0 C1 C20 C0 C26 C23 <wb> C9 C0 C21 C0 C29 C0 <wb> C38 C0 C1 <wb> C28 C0 C1 C36 C23 C9 C0 <wb> C22 C0 C11 C23 <wb> C15 C0 C26 C32 C0 C16 <wb> C15 C0 C2,train
4947,"पिछले महीने, एक मेल आया, जिसमें लंदन के पते वाली एक संस्था ने मुझे सूचित किया, कि उनकी पुरस्कार समिति ने, मुझे पाँच मिलियन पाउंड की पुरस्कार राशि के लिए चुना है",1,11.516,0,not_selected_by_random,,,,
4948,"अगला मेल आया, कि इतनी बड़ी पुरस्कार राशि, विदेश में आपके पास भेजने के लिए, कुछ कागज़ात बनवाने पड़ेंगे",1,7.338,1,,hindi_female_004948.wav,a g a l a aa <wb> m a ee l a <wb> aa y a aa <wb> k a i <wb> i t a n a ii <wb> b a dxq a ii <wb> p a u r a s a k a aa r a <wb> r a aa sh a i <wb> w a i d a ee sh a <wb> m a ee q <wb> aa p a k a ee <wb> p a aa s a <wb> bh a ee j a n a ee <wb> k a ee <wb> l a i ee <wb> k a u ch a <wb> k a aa g a z a aa t a <wb> b a n a w a aa n a ee <wb> p a dxq a ee q g a ee,C0 C13 C0 C21 C0 C1 <wb> C22 C0 C11 C21 C0 <wb> C1 C38 C0 C1 <wb> C19 C0 C16 <wb> C16 C32 C0 C24 C0 C16 <wb> C3 C0 C9 C0 C16 <wb> C28 C0 C36 C29 C0 C30 C0 C19 C0 C1 C29 C0 <wb> C29 C0 C1 C31 C0 C16 <wb> C37 C0 C16 C7 C0 C11 C31 C0 <wb> C22 C0 C11 C23 <wb> C1 C28 C0 C19 C0 C11 <wb> C28 C0 C1 C30 C0 <wb> C4 C0 C11 C17 C0 C24 C0 C11 <wb> C19 C0 C11 <wb> C21 C0 C16 C11 <wb> C19 C0 C36 C6 C0 <wb> C19 C0 C1 C13 C0 C17 C0 C1 C32 C0 <wb> C3 C0 C24 C0 C37 C0 C1 C24 C0 C11 <wb> C28 C0 C9 C0 C11 C23 C13 C0 C11,train
4949,"पुरस्कार की राशि, चूँकि आपको चेकस्वरूप दी जा रही है, इसलिए कागज़ात आदि बनवाने का खर्च, आपको वेहन करना पड़ेगा",1,8.619,0,not_selected_by_random,,,,
4951,"तुम तो जानते हो, एल आई सी की नौकरी में, इतना पैसा बचता कहाँ है, कि नकद भिजवा सकूं",1,5.735,1,,hindi_female_004951.wav,t a u m a <wb> t a o <wb> j a aa n a t a ee <wb> h a o <wb> ee l a <wb> aa ii <wb> s a ii <wb> k a ii <wb> n a ou k a r a ii <wb> m a ee q <wb> i t a n a aa <wb> p a ei s a aa <wb> b a c a t a aa <wb> k a h a aa mq <wb> h a ei <wb> k a i <wb> n a k a d a <wb> bh a i j a w a aa <wb> s a k a uu q,C32 C0 C36 C22 C0 <wb> C32 C0 C26 <wb> C17 C0 C1 C24 C0 C32 C0 C11 <wb> C15 C0 C26 <wb> C11 C21 C0 <wb> C1 C16 <wb> C30 C0 C16 <wb> C19 C0 C16 <wb> C24 C0 C27 C19 C0 C29 C0 C16 <wb> C22 C0 C11 C23 <wb> C16 C32 C0 C24 C0 C1 <wb> C28 C0 C2 C30 C0 C1 <wb> C3 C0 C5 C0 C32 C0 C1 <wb> C19 C0 C15 C0 C1 C23 <wb> C15 C0 C2 <wb> C19 C0 C16 <wb> C24 C0 C19 C0 C7 C0 <wb> C4 C0 C16 C17 C0 C37 C0 C1 <wb> C30 C0 C19 C0 C36 C23,val
4954,"बरसों बाद, एक दिन, ट्रेन में उनसे भेंट हो गई",1,3.622,1,,hindi_female_004954.wav,b a r a s a o q <wb> b a aa d a <wb> ee k a <wb> d a i n a <wb> tx a r a ee n a <wb> m a ee q <wb> u n a s a ee <wb> bh a ee q tx a <wb> h a o <wb> g a ii,C3 C0 C29 C0 C30 C0 C26 C23 <wb> C3 C0 C1 C7 C0 <wb> C11 C19 C0 <wb> C7 C0 C16 C24 C0 <wb> C34 C0 C29 C0 C11 C24 C0 <wb> C22 C0 C11 C23 <wb> C36 C24 C0 C30 C0 C11 <wb> C4 C0 C11 C23 C34 C0 <wb> C15 C0 C26 <wb> C13 C0 C16,train
4959,"क्या करूं, वक्त ही ऐसा आन पड़ा है, कि कुछ भी सहज सरल नहीं रह गया है",1,5.49,0,not_selected_by_random,,,,
4961,"जिसने, यहाँ आने के बाद, एक मुस्लिम परिवार के साथ, साझेदारी में, व्यापार आरंभ किया",1,7.082,0,not_selected_by_random,,,,
4962,"धारावाहिक में, उनके व्यापार के, उत्थान पतन के साथ ही, देश में आज़ादी के बाद, हिंदू मुस्लिम संबंधों में आए बदलावों की कहानी भी, साथ साथ चलेगी",1,11.247,0,not_selected_by_random,,,,
4963,"जबकि उन्होंने जो भी कहानी, या उनके शब्दों में साहित्य लिखा, उसे मुझे पढ़वाए बिना, उन्होंने पूरा नहीं समझा, कुसुमाकर ने बड़े आश्चर्य के साथ बताया",1,10.495,1,,hindi_female_004963.wav,j a b a k a i <wb> u n a h a o q n a ee <wb> j a o <wb> bh a ii <wb> k a h a aa n a ii <wb> y a aa <wb> u n a k a ee <wb> sh a b a d a o q <wb> m a ee q <wb> s a aa h a i t a y a <wb> l a i kh a aa <wb> u s a ee <wb> m a u jh a ee <wb> p a dxhq a w a aa ee <wb> b a i n a aa <wb> u n a h a o q n a ee <wb> p a uu r a aa <wb> n a h a ii q <wb> s a m a jh a aa <wb> k a u s a u m a aa k a r a <wb> n a ee <wb> b a dxq a ee <wb> aa sh a c a r a y a <wb> k a ee <wb> s a aa th a <wb> b a t a aa y a aa,C17 C0 C3 C0 C19 C0 C16 <wb> C36 C24 C0 C15 C0 C26 C23 C24 C0 C11 <wb> C17 C0 C26 <wb> C4 C0 C16 <wb> C19 C0 C15 C0 C1 C24 C0 C16 <wb> C38 C0 C1 <wb> C36 C24 C0 C19 C0 C11 <wb> C31 C0 C3 C0 C7 C0 C26 C23 <wb> C22 C0 C11 C23 <wb> C30 C0 C1 C15 C0 C16 C32 C0 C38 C0 <wb> C21 C0 C16 C20 C0 C1 <wb> C36 C30 C0 C11 <wb> C22 C0 C36 C18 C0 C11 <wb> C28 C0 C10 C0 C37 C0 C1 C11 <wb> C3 C0 C16 C24 C0 C1 <wb> C36 C24 C0 C15 C0 C26 C23 C24 C0 C11 <wb> C28 C0 C36 C29 C0 C1 <wb> C24 C0 C15 C0 C16 C23 <wb> C30 C0 C22 C0 C18 C0 C1 <wb> C19 C0 C36 C30 C0 C36 C22 C0 C1 C19 C0 C29 C0 <wb> C24 C0 C11 <wb> C3 C0 C9 C0 C11 <wb> C1 C31 C0 C5 C0 C29 C0 C38 C0 <wb> C19 C0 C11 <wb> C30 C0 C1 C33 C0 <wb> C3 C0 C32 C0 C1 C38 C0 C1,train
4964,"मॉर्टेन की निगाहें, इंडीज़ को फिर, जीतदिलाने पर",1,4.063,1,,hindi_female_004964.wav,m a r a tx a ee n a <wb> k a ii <wb> n a i g a aa h a ee q <wb> i q dx a ii z a <wb> k a o <wb> ph a i r a <wb> j a ii t a d a i l a aa n a ee <wb> p a r a,C22 C0 C29 C0 C34 C0 C11 C24 C0 <wb> C19 C0 C16 <wb> C24 C0 C16 C13 C0 C1 C15 C0 C11 C23 <wb> C16 C23 C9 C0 C16 C17 C0 <wb> C19 C0 C26 <wb> C12 C0 C16 C29 C0 <wb> C17 C0 C16 C32 C0 C7 C0 C16 C21 C0 C1 C24 C0 C11 <wb> C28 C0 C29 C0,train
4965,"माइकल वॉन ने, क्रिकेट को अलविदा कहा",1,2.438,1,,hindi_female_004965.wav,m a aa i k a l a <wb> w a n a <wb> n a ee <wb> k a r a i k a ee tx a <wb> k a o <wb> a l a w a i d a aa <wb> k a h a aa,C22 C0 C1 C16 C19 C0 C21 C0 <wb> C37 C0 C24 C0 <wb> C24 C0 C11 <wb> C19 C0 C29 C0 C16 C19 C0 C11 C34 C0 <wb> C19 C0 C26 <wb> C0 C21 C0 C37 C0 C16 C7 C0 C1 <wb> C19 C0 C15 C0 C1,val
4969,अगले वर्ल्ड कप तक खेलना चाहते हैं जयसूर्या,1,2.67,1,,hindi_female_004969.wav,a g a l a ee <wb> w a r a l a dx a <wb> k a p a <wb> t a k a <wb> kh a ee l a n a aa <wb> c a aa h a t a ee <wb> h a ei q <wb> j a y a s a uu r a y a aa,C0 C13 C0 C21 C0 C11 <wb> C37 C0 C29 C0 C21 C0 C9 C0 <wb> C19 C0 C28 C0 <wb> C32 C0 C19 C0 <wb> C20 C0 C11 C21 C0 C24 C0 C1 <wb> C5 C0 C1 C15 C0 C32 C0 C11 <wb> C15 C0 C2 C23 <wb> C17 C0 C38 C0 C30 C0 C36 C29 C0 C38 C0 C1,train
4970,पॉन्टिंग करेंगे कैंसर पीड़ित बच्चों की मदद,1,3.027,0,not_selected_by_random,,,,
4974,"माँडणा कोरने वाली स्त्रियाँ, जो संसार बनाती है, वह लगभग, मनुष्येतर संसार है",1,6.649,0,not_selected_by_random,,,,
4976,"इसके बिल्कुल बगल में, देवी देवताओं, और बॉलीवुड की अभिनेत्रियों के पोस्टर भी, दृश्य का हिस्सा बन जाते हैं",1,7.221,1,,hindi_female_004976.wav,i s a k a ee <wb> b a i l a k a u l a <wb> b a g a l a <wb> m a ee q <wb> d a ee w a ii <wb> d a ee w a t a aa o q <wb> ou r a <wb> b a l a ii w a u dx a <wb> k a ii <wb> a bh a i n a ee t a r a i y a o q <wb> k a ee <wb> p a o s a tx a r a <wb> bh a ii <wb> d a rq sh a y a <wb> k a aa <wb> h a i s a s a aa <wb> b a n a <wb> j a aa t a ee <wb> h a ei q,C16 C30 C0 C19 C0 C11 <wb> C3 C0 C16 C21 C0 C19 C0 C36 C21 C0 <wb> C3 C0 C13 C0 C21 C0 <wb> C22 C0 C11 C23 <wb> C7 C0 C11 C37 C0 C16 <wb> C7 C0 C11 C37 C0 C32 C0 C1 C26 C23 <wb> C27 C29 C0 <wb> C3 C0 C21 C0 C16 C37 C0 C36 C9 C0 <wb> C19 C0 C16 <wb> C0 C4 C0 C16 C24 C0 C11 C32 C0 C29 C0 C16 C38 C0 C26 C23 <wb> C19 C0 C11 <wb> C28 C0 C26 C30 C0 C34 C0 C29 C0 <wb> C4 C0 C16 <wb> C7 C0 C29 C31 C0 C38 C0 <wb> C19 C0 C1 <wb> C15 C0 C16 C30 C0 C30 C0 C1 <wb> C3 C0 C24 C0 <wb> C17 C0 C1 C32 C0 C11 <wb> C15 C0 C2 C23,train
4977,"चित्रकार, हकु शाह एवं लेखक सम्पादक, पीयूष दरिया की, प्रकाशनाधीन वार्ता, रूप, मानुष के कुछ अंश",1,9.056,0,not_selected_by_random,,,,
4980,"गहरा आत्मानुशासन, उनका बीजकोष है",1,3.469,0,not_selected_by_random,,,,
4986,"जो राज कमल प्रकाशन, दिल्ली से शीध्र प्रकाश्य पुस्तक का एक सम्पादित हिस्सा है",1,5.108,1,,hindi_female_004986.wav,j a o <wb> r a aa j a <wb> k a m a l a <wb> p a r a k a aa sh a n a <wb> d a i l a l a ii <wb> s a ee <wb> sh a ii dh a r a <wb> p a r a k a aa sh a y a <wb> p a u s a t a k a <wb> k a aa <wb> ee k a <wb> s a m a p a aa d a i t a <wb> h a i s a s a aa <wb> h a ei,C17 C0 C26 <wb> C29 C0 C1 C17 C0 <wb> C19 C0 C22 C0 C21 C0 <wb> C28 C0 C29 C0 C19 C0 C1 C31 C0 C24 C0 <wb> C7 C0 C16 C21 C0 C21 C0 C16 <wb> C30 C0 C11 <wb> C31 C0 C16 C8 C0 C29 C0 <wb> C28 C0 C29 C0 C19 C0 C1 C31 C0 C38 C0 <wb> C28 C0 C36 C30 C0 C32 C0 C19 C0 <wb> C19 C0 C1 <wb> C11 C19 C0 <wb> C30 C0 C22 C0 C28 C0 C1 C7 C0 C16 C32 C0 <wb> C15 C0 C16 C30 C0 C30 C0 C1 <wb> C15 C0 C2,train
4987,"हालाकि, दुनिया की नज़रों में, वे कोई बहुत व्यावहारिक व्यक्ति नहीं थे",1,4.88,0,not_selected_by_random,,,,
4998,"ऐसी आशंकाओं का एक अर्थ, अपनी रूग्ण वास्तविकता का दोष गल्प, व्यवसायिक सिनेमा पर मढना भी हो सकता है",1,7.686,1,,hindi_female_004998.wav,ei s a ii <wb> aa sh a q k a aa o q <wb> k a aa <wb> ee k a <wb> a r a th a <wb> a p a n a ii <wb> r a uu g a nx a <wb> w a aa s a t a w a i k a t a aa <wb> k a aa <wb> d a o sx a <wb> g a l a p a <wb> w a y a w a s a aa y a i k a <wb> s a i n a ee m a aa <wb> p a r a <wb> m a dxh a n a aa <wb> bh a ii <wb> h a o <wb> s a k a t a aa <wb> h a ei,C2 C30 C0 C16 <wb> C1 C31 C0 C23 C19 C0 C1 C26 C23 <wb> C19 C0 C1 <wb> C11 C19 C0 <wb> C0 C29 C0 C33 C0 <wb> C0 C28 C0 C24 C0 C16 <wb> C29 C0 C36 C13 C0 C25 C0 <wb> C37 C0 C1 C30 C0 C32 C0 C37 C0 C16 C19 C0 C32 C0 C1 <wb> C19 C0 C1 <wb> C7 C0 C26 C31 C0 <wb> C13 C0 C21 C0 C28 C0 <wb> C37 C0 C38 C0 C37 C0 C30 C0 C1 C38 C0 C16 C19 C0 <wb> C30 C0 C16 C24 C0 C11 C22 C0 C1 <wb> C28 C0 C29 C0 <wb> C22 C0 C10 C0 C24 C0 C1 <wb> C4 C0 C16 <wb> C15 C0 C26 <wb> C30 C0 C19 C0 C32 C0 C1 <wb> C15 C0 C2,val
4999,"हमारे पॉपुलर, सांस्कृतिक प्रतिबिम्नों ने, संभवतः, उस वास्तविकता को बहुत करीब से सामने रंगा है",1,7.672,0,not_selected_by_random,,,,
5003,"एक ऐतिहासिक व्यक्ति के रूप में, तेजाजी का जन्म, भाद्रपद की शुक्ल पक्षीय दशमी, तदानुसार उनतीस, जनवरी एक हजार चौहत्तर को, धुलिया गोत्र के जाट परिवार में हुआ था",1,13.607,1,,hindi_female_005003.wav,ee k a <wb> ei t a i h a aa s a i k a <wb> w a y a k a t a i <wb> k a ee <wb> r a uu p a <wb> m a ee q <wb> t a ee j a aa j a ii <wb> k a aa <wb> j a n a m a <wb> bh a aa d a r a p a d a <wb> k a ii <wb> sh a u k a l a <wb> p a k a sx a ii y a <wb> d a sh a m a ii <wb> t a d a aa n a u s a aa r a <wb> u n a t a ii s a <wb> j a n a w a r a ii <wb> ee k a <wb> h a j a aa r a <wb> c a ou h a t a t a r a <wb> k a o <wb> dh a u l a i y a aa <wb> g a o t a r a <wb> k a ee <wb> j a aa tx a <wb> p a r a i w a aa r a <wb> m a ee q <wb> h a u aa <wb> th a aa,C11 C19 C0 <wb> C2 C32 C0 C16 C15 C0 C1 C30 C0 C16 C19 C0 <wb> C37 C0 C38 C0 C19 C0 C32 C0 C16 <wb> C19 C0 C11 <wb> C29 C0 C36 C28 C0 <wb> C22 C0 C11 C23 <wb> C32 C0 C11 C17 C0 C1 C17 C0 C16 <wb> C19 C0 C1 <wb> C17 C0 C24 C0 C22 C0 <wb> C4 C0 C1 C7 C0 C29 C0 C28 C0 C7 C0 <wb> C19 C0 C16 <wb> C31 C0 C36 C19 C0 C21 C0 <wb> C28 C0 C19 C0 C31 C0 C16 C38 C0 <wb> C7 C0 C31 C0 C22 C0 C16 <wb> C32 C0 C7 C0 C1 C24 C0 C36 C30 C0 C1 C29 C0 <wb> C36 C24 C0 C32 C0 C16 C30 C0 <wb> C17 C0 C24 C0 C37 C0 C29 C0 C16 <wb> C11 C19 C0 <wb> C15 C0 C17 C0 C1 C29 C0 <wb> C5 C0 C27 C15 C0 C32 C0 C32 C0 C29 C0 <wb> C19 C0 C26 <wb> C8 C0 C36 C21 C0 C16 C38 C0 C1 <wb> C13 C0 C26 C32 C0 C29 C0 <wb> C19 C0 C11 <wb> C17 C0 C1 C34 C0 <wb> C28 C0 C29 C0 C16 C37 C0 C1 C29 C0 <wb> C22 C0 C11 C23 <wb> C15 C0 C36 C1 <wb> C33 C0 C1,train
5005,उसमें वर्णित उनकी कथा इस प्रकार है,1,2.299,1,,hindi_female_005005.wav,u s a m a ee q <wb> w a r a nx a i t a <wb> u n a k a ii <wb> k a th a aa <wb> i s a <wb> p a r a k a aa r a <wb> h a ei,C36 C30 C0 C22 C0 C11 C23 <wb> C37 C0 C29 C0 C25 C0 C16 C32 C0 <wb> C36 C24 C0 C19 C0 C16 <wb> C19 C0 C33 C0 C1 <wb> C16 C30 C0 <wb> C28 C0 C29 C0 C19 C0 C1 C29 C0 <wb> C15 C0 C2,train
5006,ज्येष्ठ मास में ही ऋतु की प्रथम वर्षा हो चुकी है,1,3.088,1,,hindi_female_005006.wav,j a y a ee sx a txh a <wb> m a aa s a <wb> m a ee q <wb> h a ii <wb> rq t a u <wb> k a ii <wb> p a r a th a m a <wb> w a r a sx a aa <wb> h a o <wb> c a u k a ii <wb> h a ei,C17 C0 C38 C0 C11 C31 C0 C35 C0 <wb> C22 C0 C1 C30 C0 <wb> C22 C0 C11 C23 <wb> C15 C0 C16 <wb> C29 C32 C0 C36 <wb> C19 C0 C16 <wb> C28 C0 C29 C0 C33 C0 C22 C0 <wb> C37 C0 C29 C0 C31 C0 C1 <wb> C15 C0 C26 <wb> C5 C0 C36 C19 C0 C16 <wb> C15 C0 C2,train
5007,बातें जो जीत लेंगी आपके वैलेंटाइन का दिल,1,2.81,1,,hindi_female_005007.wav,b a aa t a ee q <wb> j a o <wb> j a ii t a <wb> l a ee q g a ii <wb> aa p a k a ee <wb> w a ei l a ee q tx a aa i n a <wb> k a aa <wb> d a i l a,C3 C0 C1 C32 C0 C11 C23 <wb> C17 C0 C26 <wb> C17 C0 C16 C32 C0 <wb> C21 C0 C11 C23 C13 C0 C16 <wb> C1 C28 C0 C19 C0 C11 <wb> C37 C0 C2 C21 C0 C11 C23 C34 C0 C1 C16 C24 C0 <wb> C19 C0 C1 <wb> C7 C0 C16 C21 C0,train
5010,"रोमेंटिक कॉमेडी से टूटेगा, प्यार का रिश्ता",1,2.833,1,,hindi_female_005010.wav,r a o m a ee q tx a i k a <wb> k a m a ee dx a ii <wb> s a ee <wb> tx a uu tx a ee g a aa <wb> p a y a aa r a <wb> k a aa <wb> r a i sh a t a aa,C29 C0 C26 C22 C0 C11 C23 C34 C0 C16 C19 C0 <wb> C19 C0 C22 C0 C11 C9 C0 C16 <wb> C30 C0 C11 <wb> C34 C0 C36 C34 C0 C11 C13 C0 C1 <wb> C28 C0 C38 C0 C1 C29 C0 <wb> C19 C0 C1 <wb> C29 C0 C16 C31 C0 C32 C0 C1,train
5011,स्कूल में सिर्फ़ दस लंच टेबल्स हैं,1,2.299,1,,hindi_female_005011.wav,s a k a uu l a <wb> m a ee q <wb> s a i r a f a <wb> d a s a <wb> l a q c a <wb> tx a ee b a l a s a <wb> h a ei q,C30 C0 C19 C0 C36 C21 C0 <wb> C22 C0 C11 C23 <wb> C30 C0 C16 C29 C0 C12 C0 <wb> C7 C0 C30 C0 <wb> C21 C0 C23 C5 C0 <wb> C34 C0 C11 C3 C0 C21 C0 C30 C0 <wb> C15 C0 C2 C23,train
5012,"लेकिन इसे चलाने वाले विजेता को, यह लुत्फ़ सिर्फ़ आधे घंटे तक उठाने देते हैं",1,5.689,1,,hindi_female_005012.wav,l a ee k a i n a <wb> i s a ee <wb> c a l a aa n a ee <wb> w a aa l a ee <wb> w a i j a ee t a aa <wb> k a o <wb> y a h a <wb> l a u t a f a <wb> s a i r a f a <wb> aa dh a ee <wb> gh a q tx a ee <wb> t a k a <wb> u txh a aa n a ee <wb> d a ee t a ee <wb> h a ei q,C21 C0 C11 C19 C0 C16 C24 C0 <wb> C16 C30 C0 C11 <wb> C5 C0 C21 C0 C1 C24 C0 C11 <wb> C37 C0 C1 C21 C0 C11 <wb> C37 C0 C16 C17 C0 C11 C32 C0 C1 <wb> C19 C0 C26 <wb> C38 C0 C15 C0 <wb> C21 C0 C36 C32 C0 C12 C0 <wb> C30 C0 C16 C29 C0 C12 C0 <wb> C1 C8 C0 C11 <wb> C14 C0 C23 C34 C0 C11 <wb> C32 C0 C19 C0 <wb> C36 C35 C0 C1 C24 C0 C11 <wb> C7 C0 C11 C32 C0 C11 <wb> C15 C0 C2 C23,train
5018,"ये शाखाएँ, किसी सुरक्षित मोहल्ले की गलियां जैसी नहीं, खतरनाक डंडों जैसी लग रही है",1,6.802,0,not_selected_by_random,,,,
5019,"मैं नीले कांटेक्ट लेंस निकाल देती हूँ, और डायरी में, नोट कर लेती हूँ, कि डाक्टर को, बिना रंगों वाले लेंस के लिये बोलना है",1,8.568,1,,hindi_female_005019.wav,m a ei q <wb> n a ii l a ee <wb> k a aa q tx a ee k a tx a <wb> l a ee q s a <wb> n a i k a aa l a <wb> d a ee t a ii <wb> h a uu mq <wb> ou r a <wb> dx a aa y a r a ii <wb> m a ee q <wb> n a o tx a <wb> k a r a <wb> l a ee t a ii <wb> h a uu mq <wb> k a i <wb> dx a aa k a tx a r a <wb> k a o <wb> b a i n a aa <wb> r a q g a o q <wb> w a aa l a ee <wb> l a ee q s a <wb> k a ee <wb> l a i y a ee <wb> b a o l a n a aa <wb> h a ei,C22 C0 C2 C23 <wb> C24 C0 C16 C21 C0 C11 <wb> C19 C0 C1 C23 C34 C0 C11 C19 C0 C34 C0 <wb> C21 C0 C11 C23 C30 C0 <wb> C24 C0 C16 C19 C0 C1 C21 C0 <wb> C7 C0 C11 C32 C0 C16 <wb> C15 C0 C36 C23 <wb> C27 C29 C0 <wb> C9 C0 C1 C38 C0 C29 C0 C16 <wb> C22 C0 C11 C23 <wb> C24 C0 C26 C34 C0 <wb> C19 C0 C29 C0 <wb> C21 C0 C11 C32 C0 C16 <wb> C15 C0 C36 C23 <wb> C19 C0 C16 <wb> C9 C0 C1 C19 C0 C34 C0 C29 C0 <wb> C19 C0 C26 <wb> C3 C0 C16 C24 C0 C1 <wb> C29 C0 C23 C13 C0 C26 C23 <wb> C37 C0 C1 C21 C0 C11 <wb> C21 C0 C11 C23 C30 C0 <wb> C19 C0 C11 <wb> C21 C0 C16 C38 C0 C11 <wb> C3 C0 C26 C21 C0 C24 C0 C1 <wb> C15 C0 C2,val
5020,"मुझे, बेसमेंट से उसकी आवाज़ आती रहती है, जैसे कोई बच्चा, मैथ्स की टेबल्स सीखता है, और बीच में बार बार भूल जाता है",1,9.872,0,not_selected_by_random,,,,
5021,"वह भी, घेरे में उस बिंदु को भूल चुका है, जो घेरे को पूर्ण करता है",1,4.876,1,,hindi_female_005021.wav,w a h a <wb> bh a ii <wb> gh a ee r a ee <wb> m a ee q <wb> u s a <wb> b a i q d a u <wb> k a o <wb> bh a uu l a <wb> c a u k a aa <wb> h a ei <wb> j a o <wb> gh a ee r a ee <wb> k a o <wb> p a uu r a nx a <wb> k a r a t a aa <wb> h a ei,C37 C0 C15 C0 <wb> C4 C0 C16 <wb> C14 C0 C11 C29 C0 C11 <wb> C22 C0 C11 C23 <wb> C36 C30 C0 <wb> C3 C0 C16 C23 C7 C0 C36 <wb> C19 C0 C26 <wb> C4 C0 C36 C21 C0 <wb> C5 C0 C36 C19 C0 C1 <wb> C15 C0 C2 <wb> C17 C0 C26 <wb> C14 C0 C11 C29 C0 C11 <wb> C19 C0 C26 <wb> C28 C0 C36 C29 C0 C25 C0 <wb> C19 C0 C29 C0 C32 C0 C1 <wb> C15 C0 C2,train
5022,"तब संहार के देव, शिव ने, त्रिशूल अंधक के पार करके, उसे त्रिशूल की नोंक पे, बींध कर, तांडव किया ऐसा नृत्य, जिसकी लय आरंभ सी तरंगित, और अंत सी भयंकर होती है",1,14.839,0,not_selected_by_random,,,,
5023,"एक इन्टरव्यू में वह कहती है, कि उसने कम्प्यूटर से कहा, कि अंक ढूंढ निकाले, और उसने निकाले, बारह, सात, उन्नीस, छब्बीस, पॉवर बॉल, इक्कीस",1,12.887,1,,hindi_female_005023.wav,ee k a <wb> i n a tx a r a w a y a uu <wb> m a ee q <wb> w a h a <wb> k a h a t a ii <wb> h a ei <wb> k a i <wb> u s a n a ee <wb> k a m a p a y a uu tx a r a <wb> s a ee <wb> k a h a aa <wb> k a i <wb> a q k a <wb> dxh a uu q dxh a <wb> n a i k a aa l a ee <wb> ou r a <wb> u s a n a ee <wb> n a i k a aa l a ee <wb> b a aa r a h a <wb> s a aa t a <wb> u n a n a ii s a <wb> ch a b a b a ii s a <wb> p a w a r a <wb> b a l a <wb> i k a k a ii s a,C11 C19 C0 <wb> C16 C24 C0 C34 C0 C29 C0 C37 C0 C38 C0 C36 <wb> C22 C0 C11 C23 <wb> C37 C0 C15 C0 <wb> C19 C0 C15 C0 C32 C0 C16 <wb> C15 C0 C2 <wb> C19 C0 C16 <wb> C36 C30 C0 C24 C0 C11 <wb> C19 C0 C22 C0 C28 C0 C38 C0 C36 C34 C0 C29 C0 <wb> C30 C0 C11 <wb> C19 C0 C15 C0 C1 <wb> C19 C0 C16 <wb> C0 C23 C19 C0 <wb> C10 C0 C36 C23 C10 C0 <wb> C24 C0 C16 C19 C0 C1 C21 C0 C11 <wb> C27 C29 C0 <wb> C36 C30 C0 C24 C0 C11 <wb> C24 C0 C16 C19 C0 C1 C21 C0 C11 <wb> C3 C0 C1 C29 C0 C15 C0 <wb> C30 C0 C1 C32 C0 <wb> C36 C24 C0 C24 C0 C16 C30 C0 <wb> C6 C0 C3 C0 C3 C0 C16 C30 C0 <wb> C28 C0 C37 C0 C29 C0 <wb> C3 C0 C21 C0 <wb> C16 C19 C0 C19 C0 C16 C30 C0,train
5025,"ज़ाहिर है, बेंजामिन और ब्रेंता, कला के लिए कला जैसी धारणा, या आंदोलन से उपयुक्त कथनों द्वारा, अलगाते हुए दिखाई पड़ते हैं",1,9.334,1,,hindi_female_005025.wav,z a aa h a i r a <wb> h a ei <wb> b a ee q j a aa m a i n a <wb> ou r a <wb> b a r a ee q t a aa <wb> k a l a aa <wb> k a ee <wb> l a i ee <wb> k a l a aa <wb> j a ei s a ii <wb> dh a aa r a nx a aa <wb> y a aa <wb> aa q d a o l a n a <wb> s a ee <wb> u p a y a u k a t a <wb> k a th a n a o q <wb> d a w a aa r a aa <wb> a l a g a aa t a ee <wb> h a u ee <wb> d a i kh a aa ii <wb> p a dxq a t a ee <wb> h a ei q,C17 C0 C1 C15 C0 C16 C29 C0 <wb> C15 C0 C2 <wb> C3 C0 C11 C23 C17 C0 C1 C22 C0 C16 C24 C0 <wb> C27 C29 C0 <wb> C3 C0 C29 C0 C11 C23 C32 C0 C1 <wb> C19 C0 C21 C0 C1 <wb> C19 C0 C11 <wb> C21 C0 C16 C11 <wb> C19 C0 C21 C0 C1 <wb> C17 C0 C2 C30 C0 C16 <wb> C8 C0 C1 C29 C0 C25 C0 C1 <wb> C38 C0 C1 <wb> C1 C23 C7 C0 C26 C21 C0 C24 C0 <wb> C30 C0 C11 <wb> C36 C28 C0 C38 C0 C36 C19 C0 C32 C0 <wb> C19 C0 C33 C0 C24 C0 C26 C23 <wb> C7 C0 C37 C0 C1 C29 C0 C1 <wb> C0 C21 C0 C13 C0 C1 C32 C0 C11 <wb> C15 C0 C36 C11 <wb> C7 C0 C16 C20 C0 C1 C16 <wb> C28 C0 C9 C0 C32 C0 C11 <wb> C15 C0 C2 C23,train
5028,"आज, एल के शेषन, प्रधानमंत्री के निजी सचिव ने, यह कार्यक्रम बनाया, कि हम चार लोग, चुपचाप किस्सा कुर्सी का देखें",1,8.986,1,,hindi_female_005028.wav,aa j a <wb> ee l a <wb> k a ee <wb> sh a ee sx a n a <wb> p a r a dh a aa n a m a q t a r a ii <wb> k a ee <wb> n a i j a ii <wb> s a c a i w a <wb> n a ee <wb> y a h a <wb> k a aa r a y a k a r a m a <wb> b a n a aa y a aa <wb> k a i <wb> h a m a <wb> c a aa r a <wb> l a o g a <wb> c a u p a c a aa p a <wb> k a i s a s a aa <wb> k a u r a s a ii <wb> k a aa <wb> d a ee kh a ee q,C1 C17 C0 <wb> C11 C21 C0 <wb> C19 C0 C11 <wb> C31 C0 C11 C31 C0 C24 C0 <wb> C28 C0 C29 C0 C8 C0 C1 C24 C0 C22 C0 C23 C32 C0 C29 C0 C16 <wb> C19 C0 C11 <wb> C24 C0 C16 C17 C0 C16 <wb> C30 C0 C5 C0 C16 C37 C0 <wb> C24 C0 C11 <wb> C38 C0 C15 C0 <wb> C19 C0 C1 C29 C0 C38 C0 C19 C0 C29 C0 C22 C0 <wb> C3 C0 C24 C0 C1 C38 C0 C1 <wb> C19 C0 C16 <wb> C15 C0 C22 C0 <wb> C5 C0 C1 C29 C0 <wb> C21 C0 C26 C13 C0 <wb> C5 C0 C36 C28 C0 C5 C0 C1 C28 C0 <wb> C19 C0 C16 C30 C0 C30 C0 C1 <wb> C19 C0 C36 C29 C0 C30 C0 C16 <wb> C19 C0 C1 <wb> C7 C0 C11 C20 C0 C11 C23,train
5029,कला मानव जाति की मातृभाषा है,1,2.159,1,,hindi_female_005029.wav,k a l a aa <wb> m a aa n a w a <wb> j a aa t a i <wb> k a ii <wb> m a aa t a rq bh a aa sx a aa <wb> h a ei,C19 C0 C21 C0 C1 <wb> C22 C0 C1 C24 C0 C37 C0 <wb> C17 C0 C1 C32 C0 C16 <wb> C19 C0 C16 <wb> C22 C0 C1 C32 C0 C29 C4 C0 C1 C31 C0 C1 <wb> C15 C0 C2,train
5030,"व्यक्ति, अपने भीतर की अनुभूति, संवेदना को, कला में पूर्ण सृजित करता है, और कला से वह अपनी संवेदना, अनुभूति को पगाता भी है",1,10.588,0,not_selected_by_random,,,,
5032,"समाज के लिए, कलाकार सबसे बड़ा जादूगर है, और समाज को, इस सब को, यह मांगने का अधिकार है, कि कलाकार, अपने सामाजिक काम के प्रति संचेत हो",1,11.471,1,,hindi_female_005032.wav,s a m a aa j a <wb> k a ee <wb> l a i ee <wb> k a l a aa k a aa r a <wb> s a b a s a ee <wb> b a dxq a aa <wb> j a aa d a uu g a r a <wb> h a ei <wb> ou r a <wb> s a m a aa j a <wb> k a o <wb> i s a <wb> s a b a <wb> k a o <wb> y a h a <wb> m a aa q g a n a ee <wb> k a aa <wb> a dh a i k a aa r a <wb> h a ei <wb> k a i <wb> k a l a aa k a aa r a <wb> a p a n a ee <wb> s a aa m a aa j a i k a <wb> k a aa m a <wb> k a ee <wb> p a r a t a i <wb> s a q c a ee t a <wb> h a o,C30 C0 C22 C0 C1 C17 C0 <wb> C19 C0 C11 <wb> C21 C0 C16 C11 <wb> C19 C0 C21 C0 C1 C19 C0 C1 C29 C0 <wb> C30 C0 C3 C0 C30 C0 C11 <wb> C3 C0 C9 C0 C1 <wb> C17 C0 C1 C7 C0 C36 C13 C0 C29 C0 <wb> C15 C0 C2 <wb> C27 C29 C0 <wb> C30 C0 C22 C0 C1 C17 C0 <wb> C19 C0 C26 <wb> C16 C30 C0 <wb> C30 C0 C3 C0 <wb> C19 C0 C26 <wb> C38 C0 C15 C0 <wb> C22 C0 C1 C23 C13 C0 C24 C0 C11 <wb> C19 C0 C1 <wb> C0 C8 C0 C16 C19 C0 C1 C29 C0 <wb> C15 C0 C2 <wb> C19 C0 C16 <wb> C19 C0 C21 C0 C1 C19 C0 C1 C29 C0 <wb> C0 C28 C0 C24 C0 C11 <wb> C30 C0 C1 C22 C0 C1 C17 C0 C16 C19 C0 <wb> C19 C0 C1 C22 C0 <wb> C19 C0 C11 <wb> C28 C0 C29 C0 C32 C0 C16 <wb> C30 C0 C23 C5 C0 C11 C32 C0 <wb> C15 C0 C26,train
5033,"कला, मनुष्य को, और अंततः, समाज को पूर्णता प्रदान करती है",1,4.737,1,,hindi_female_005033.wav,k a l a aa <wb> m a n a u sx a y a <wb> k a o <wb> ou r a <wb> a q t a t a hq <wb> s a m a aa j a <wb> k a o <wb> p a uu r a nx a t a aa <wb> p a r a d a aa n a <wb> k a r a t a ii <wb> h a ei,C19 C0 C21 C0 C1 <wb> C22 C0 C24 C0 C36 C31 C0 C38 C0 <wb> C19 C0 C26 <wb> C27 C29 C0 <wb> C0 C23 C32 C0 C32 C0 C15 <wb> C30 C0 C22 C0 C1 C17 C0 <wb> C19 C0 C26 <wb> C28 C0 C36 C29 C0 C25 C0 C32 C0 C1 <wb> C28 C0 C29 C0 C7 C0 C1 C24 C0 <wb> C19 C0 C29 C0 C32 C0 C16 <wb> C15 C0 C2,train
5034,"हिंसा की हर हालत में, निंदा की जानी चाहिए",1,2.902,1,,hindi_female_005034.wav,h a i q s a aa <wb> k a ii <wb> h a r a <wb> h a aa l a t a <wb> m a ee q <wb> n a i q d a aa <wb> k a ii <wb> j a aa n a ii <wb> c a aa h a i ee,C15 C0 C16 C23 C30 C0 C1 <wb> C19 C0 C16 <wb> C15 C0 C29 C0 <wb> C15 C0 C1 C21 C0 C32 C0 <wb> C22 C0 C11 C23 <wb> C24 C0 C16 C23 C7 C0 C1 <wb> C19 C0 C16 <wb> C17 C0 C1 C24 C0 C16 <wb> C5 C0 C1 C15 C0 C16 C11,train
5035,"पत्रकार और समाचार पत्र, ऐसी जन अफ़वाहों, या गप्पों, या प्रमाणिक समाचारों को भी प्रसारित नहीं करेगें, जिन से किसी का निजी जीवन प्रभावित होता है",1,11.633,1,,hindi_female_005035.wav,p a t a r a k a aa r a <wb> ou r a <wb> s a m a aa c a aa r a <wb> p a t a r a <wb> ei s a ii <wb> j a n a <wb> a f a w a aa h a o q <wb> y a aa <wb> g a p a p a o q <wb> y a aa <wb> p a r a m a aa nx a i k a <wb> s a m a aa c a aa r a o q <wb> k a o <wb> bh a ii <wb> p a r a s a aa r a i t a <wb> n a h a ii q <wb> k a r a ee g a ee q <wb> j a i n a <wb> s a ee <wb> k a i s a ii <wb> k a aa <wb> n a i j a ii <wb> j a ii w a n a <wb> p a r a bh a aa w a i t a <wb> h a o t a aa <wb> h a ei,C28 C0 C32 C0 C29 C0 C19 C0 C1 C29 C0 <wb> C27 C29 C0 <wb> C30 C0 C22 C0 C1 C5 C0 C1 C29 C0 <wb> C28 C0 C32 C0 C29 C0 <wb> C2 C30 C0 C16 <wb> C17 C0 C24 C0 <wb> C0 C12 C0 C37 C0 C1 C15 C0 C26 C23 <wb> C38 C0 C1 <wb> C13 C0 C28 C0 C28 C0 C26 C23 <wb> C38 C0 C1 <wb> C28 C0 C29 C0 C22 C0 C1 C25 C0 C16 C19 C0 <wb> C30 C0 C22 C0 C1 C5 C0 C1 C29 C0 C26 C23 <wb> C19 C0 C26 <wb> C4 C0 C16 <wb> C28 C0 C29 C0 C30 C0 C1 C29 C0 C16 C32 C0 <wb> C24 C0 C15 C0 C16 C23 <wb> C19 C0 C29 C0 C11 C13 C0 C11 C23 <wb> C17 C0 C16 C24 C0 <wb> C30 C0 C11 <wb> C19 C0 C16 C30 C0 C16 <wb> C19 C0 C1 <wb> C24 C0 C16 C17 C0 C16 <wb> C17 C0 C16 C37 C0 C24 C0 <wb> C28 C0 C29 C0 C4 C0 C1 C37 C0 C16 C32 C0 <wb> C15 C0 C26 C32 C0 C1 <wb> C15 C0 C2,train
5036,"असल में, एक रचनाकार, कलाकार के लिए, इस बात से कोई फ़र्क नहीं पड़ता, कि सत्ता में कौन बैठा है",1,7.291,1,,hindi_female_005036.wav,a s a l a <wb> m a ee q <wb> ee k a <wb> r a c a n a aa k a aa r a <wb> k a l a aa k a aa r a <wb> k a ee <wb> l a i ee <wb> i s a <wb> b a aa t a <wb> s a ee <wb> k a o ii <wb> f a r a k a <wb> n a h a ii q <wb> p a dxq a t a aa <wb> k a i <wb> s a t a t a aa <wb> m a ee q <wb> k a ou n a <wb> b a ei txh a aa <wb> h a ei,C0 C30 C0 C21 C0 <wb> C22 C0 C11 C23 <wb> C11 C19 C0 <wb> C29 C0 C5 C0 C24 C0 C1 C19 C0 C1 C29 C0 <wb> C19 C0 C21 C0 C1 C19 C0 C1 C29 C0 <wb> C19 C0 C11 <wb> C21 C0 C16 C11 <wb> C16 C30 C0 <wb> C3 C0 C1 C32 C0 <wb> C30 C0 C11 <wb> C19 C0 C26 C16 <wb> C12 C0 C29 C0 C19 C0 <wb> C24 C0 C15 C0 C16 C23 <wb> C28 C0 C9 C0 C32 C0 C1 <wb> C19 C0 C16 <wb> C30 C0 C32 C0 C32 C0 C1 <wb> C22 C0 C11 C23 <wb> C19 C0 C27 C24 C0 <wb> C3 C0 C2 C35 C0 C1 <wb> C15 C0 C2,train
5037,"फ़्रंं टियर के संपादक, समर सेन को धमकी दी गई",1,2.995,1,,hindi_female_005037.wav,f a r a q q <wb> tx a i y a r a <wb> k a ee <wb> s a q p a aa d a k a <wb> s a m a r a <wb> s a ee n a <wb> k a o <wb> dh a m a k a ii <wb> d a ii <wb> g a ii,C12 C0 C29 C0 C23 C23 <wb> C34 C0 C16 C38 C0 C29 C0 <wb> C19 C0 C11 <wb> C30 C0 C23 C28 C0 C1 C7 C0 C19 C0 <wb> C30 C0 C22 C0 C29 C0 <wb> C30 C0 C11 C24 C0 <wb> C19 C0 C26 <wb> C8 C0 C22 C0 C19 C0 C16 <wb> C7 C0 C16 <wb> C13 C0 C16,train
5038,"आपातकाल के दौरान, यह सिलसिला कभी, थमता हुआ दिखलाई नहीं पड़ता है",1,4.899,1,,hindi_female_005038.wav,aa p a aa t a k a aa l a <wb> k a ee <wb> d a ou r a aa n a <wb> y a h a <wb> s a i l a s a i l a aa <wb> k a bh a ii <wb> th a m a t a aa <wb> h a u aa <wb> d a i kh a l a aa ii <wb> n a h a ii q <wb> p a dxq a t a aa <wb> h a ei,C1 C28 C0 C1 C32 C0 C19 C0 C1 C21 C0 <wb> C19 C0 C11 <wb> C7 C0 C27 C29 C0 C1 C24 C0 <wb> C38 C0 C15 C0 <wb> C30 C0 C16 C21 C0 C30 C0 C16 C21 C0 C1 <wb> C19 C0 C4 C0 C16 <wb> C33 C0 C22 C0 C32 C0 C1 <wb> C15 C0 C36 C1 <wb> C7 C0 C16 C20 C0 C21 C0 C1 C16 <wb> C24 C0 C15 C0 C16 C23 <wb> C28 C0 C9 C0 C32 C0 C1 <wb> C15 C0 C2,train
5039,"श्रीमती इंदिरा गांधी के पुराने मित्र, कुलदीप नैयर, जिनकी मित्रता इस हद तक थी, कि जब श्रीमती गांधी ने अपने लंबे बालों को छोटा करवाया, तब उन्होंने कुलदीप नैयर से सवाल किया था, कि अब मैं कैसी दिख रही हूँ",1,14.327,1,,hindi_female_005039.wav,sh a r a ii m a t a ii <wb> i q d a i r a aa <wb> g a aa q dh a ii <wb> k a ee <wb> p a u r a aa n a ee <wb> m a i t a r a <wb> k a u l a d a ii p a <wb> n a ei y a r a <wb> j a i n a k a ii <wb> m a i t a r a t a aa <wb> i s a <wb> h a d a <wb> t a k a <wb> th a ii <wb> k a i <wb> j a b a <wb> sh a r a ii m a t a ii <wb> g a aa q dh a ii <wb> n a ee <wb> a p a n a ee <wb> l a q b a ee <wb> b a aa l a o q <wb> k a o <wb> ch a o tx a aa <wb> k a r a w a aa y a aa <wb> t a b a <wb> u n a h a o q n a ee <wb> k a u l a d a ii p a <wb> n a ei y a r a <wb> s a ee <wb> s a w a aa l a <wb> k a i y a aa <wb> th a aa <wb> k a i <wb> a b a <wb> m a ei q <wb> k a ei s a ii <wb> d a i kh a <wb> r a h a ii <wb> h a uu mq,C31 C0 C29 C0 C16 C22 C0 C32 C0 C16 <wb> C16 C23 C7 C0 C16 C29 C0 C1 <wb> C13 C0 C1 C23 C8 C0 C16 <wb> C19 C0 C11 <wb> C28 C0 C36 C29 C0 C1 C24 C0 C11 <wb> C22 C0 C16 C32 C0 C29 C0 <wb> C19 C0 C36 C21 C0 C7 C0 C16 C28 C0 <wb> C24 C0 C2 C38 C0 C29 C0 <wb> C17 C0 C16 C24 C0 C19 C0 C16 <wb> C22 C0 C16 C32 C0 C29 C0 C32 C0 C1 <wb> C16 C30 C0 <wb> C15 C0 C7 C0 <wb> C32 C0 C19 C0 <wb> C33 C0 C16 <wb> C19 C0 C16 <wb> C17 C0 C3 C0 <wb> C31 C0 C29 C0 C16 C22 C0 C32 C0 C16 <wb> C13 C0 C1 C23 C8 C0 C16 <wb> C24 C0 C11 <wb> C0 C28 C0 C24 C0 C11 <wb> C21 C0 C23 C3 C0 C11 <wb> C3 C0 C1 C21 C0 C26 C23 <wb> C19 C0 C26 <wb> C6 C0 C26 C34 C0 C1 <wb> C19 C0 C29 C0 C37 C0 C1 C38 C0 C1 <wb> C32 C0 C3 C0 <wb> C36 C24 C0 C15 C0 C26 C23 C24 C0 C11 <wb> C19 C0 C36 C21 C0 C7 C0 C16 C28 C0 <wb> C24 C0 C2 C38 C0 C29 C0 <wb> C30 C0 C11 <wb> C30 C0 C37 C0 C1 C21 C0 <wb> C19 C0 C16 C38 C0 C1 <wb> C33 C0 C1 <wb> C19 C0 C16 <wb> C0 C3 C0 <wb> C22 C0 C2 C23 <wb> C19 C0 C2 C30 C0 C16 <wb> C7 C0 C16 C20 C0 <wb> C29 C0 C15 C0 C16 <wb> C15 C0 C36 C23,train
5041,"इस घोषणा के दो दिन के बाद, मेरे आहृवान पर, दिल्ली के प्रेस क्लब पर, एक सौ पाँच पत्रकारों ने एकत्र होकर, प्रेस पर लगाए गए प्रतिबंधों का, पुरज़ोर विरोध किया",1,12.29,0,not_selected_by_random,,,,
5042,"असल में, किसी भी राष्ट्र राज्य में, प्रेस पर प्रतिबंध लगाए जाने के कारण, यह होता है, कि आम जनता के पास, सत्ता द्वारा उठाए गए, सत्तापोषी कदम की जानकारी, विचार तंत्र का हिस्सा है",1,14.539,0,not_selected_by_random,,,,
5043,"अखबारों और पत्रिकाओं के साथ, इस तरह का लंबा खेल, आपातकाल के दौरान चलता रहा",1,6.716,0,not_selected_by_random,,,,
5044,"सबसे पहले अजीब लगने वाली बात यह है, कि पत्र पत्रिकाओं की स्वतंत्रता को, व्यवसाय की स्वतंत्रता में शामिल किया गया है",1,8.197,1,,hindi_female_005044.wav,s a b a s a ee <wb> p a h a l a ee <wb> a j a ii b a <wb> l a g a n a ee <wb> w a aa l a ii <wb> b a aa t a <wb> y a h a <wb> h a ei <wb> k a i <wb> p a t a r a <wb> p a t a r a i k a aa o q <wb> k a ii <wb> s a w a t a q t a r a t a aa <wb> k a o <wb> w a y a w a s a aa y a <wb> k a ii <wb> s a w a t a q t a r a t a aa <wb> m a ee q <wb> sh a aa m a i l a <wb> k a i y a aa <wb> g a y a aa <wb> h a ei,C30 C0 C3 C0 C30 C0 C11 <wb> C28 C0 C15 C0 C21 C0 C11 <wb> C0 C17 C0 C16 C3 C0 <wb> C21 C0 C13 C0 C24 C0 C11 <wb> C37 C0 C1 C21 C0 C16 <wb> C3 C0 C1 C32 C0 <wb> C38 C0 C15 C0 <wb> C15 C0 C2 <wb> C19 C0 C16 <wb> C28 C0 C32 C0 C29 C0 <wb> C28 C0 C32 C0 C29 C0 C16 C19 C0 C1 C26 C23 <wb> C19 C0 C16 <wb> C30 C0 C37 C0 C32 C0 C23 C32 C0 C29 C0 C32 C0 C1 <wb> C19 C0 C26 <wb> C37 C0 C38 C0 C37 C0 C30 C0 C1 C38 C0 <wb> C19 C0 C16 <wb> C30 C0 C37 C0 C32 C0 C23 C32 C0 C29 C0 C32 C0 C1 <wb> C22 C0 C11 C23 <wb> C31 C0 C1 C22 C0 C16 C21 C0 <wb> C19 C0 C16 C38 C0 C1 <wb> C13 C0 C38 C0 C1 <wb> C15 C0 C2,train
5045,"पर, कुछ भी हो, हम वक्ता के विचार को, नहीं ठुकरा सकते",1,5.282,0,not_selected_by_random,,,,
5046,"रेम्ब्रॉ ने मैडोना को, नीदरलैंड की किसान महिना के रूप में चित्रित किया था",1,4.737,1,,hindi_female_005046.wav,r a ee m a b a r a <wb> n a ee <wb> m a ei dx a o n a aa <wb> k a o <wb> n a ii d a r a l a ei q dx a <wb> k a ii <wb> k a i s a aa n a <wb> m a h a i n a aa <wb> k a ee <wb> r a uu p a <wb> m a ee q <wb> c a i t a r a i t a <wb> k a i y a aa <wb> th a aa,C29 C0 C11 C22 C0 C3 C0 C29 C0 <wb> C24 C0 C11 <wb> C22 C0 C2 C9 C0 C26 C24 C0 C1 <wb> C19 C0 C26 <wb> C24 C0 C16 C7 C0 C29 C0 C21 C0 C2 C23 C9 C0 <wb> C19 C0 C16 <wb> C19 C0 C16 C30 C0 C1 C24 C0 <wb> C22 C0 C15 C0 C16 C24 C0 C1 <wb> C19 C0 C11 <wb> C29 C0 C36 C28 C0 <wb> C22 C0 C11 C23 <wb> C5 C0 C16 C32 C0 C29 C0 C16 C32 C0 <wb> C19 C0 C16 C38 C0 C1 <wb> C33 C0 C1,train
5047,"हमारा वक्त, स्वतंत्रता को क्यों, ऐसे रूप में व्यक्त नहीं करता, जो उसे प्रिय, और बोधगम्य है",1,7.059,1,,hindi_female_005047.wav,h a m a aa r a aa <wb> w a k a t a <wb> s a w a t a q t a r a t a aa <wb> k a o <wb> k a y a o q <wb> ei s a ee <wb> r a uu p a <wb> m a ee q <wb> w a y a k a t a <wb> n a h a ii q <wb> k a r a t a aa <wb> j a o <wb> u s a ee <wb> p a r a i y a <wb> ou r a <wb> b a o dh a g a m a y a <wb> h a ei,C15 C0 C22 C0 C1 C29 C0 C1 <wb> C37 C0 C19 C0 C32 C0 <wb> C30 C0 C37 C0 C32 C0 C23 C32 C0 C29 C0 C32 C0 C1 <wb> C19 C0 C26 <wb> C19 C0 C38 C0 C26 C23 <wb> C2 C30 C0 C11 <wb> C29 C0 C36 C28 C0 <wb> C22 C0 C11 C23 <wb> C37 C0 C38 C0 C19 C0 C32 C0 <wb> C24 C0 C15 C0 C16 C23 <wb> C19 C0 C29 C0 C32 C0 C1 <wb> C17 C0 C26 <wb> C36 C30 C0 C11 <wb> C28 C0 C29 C0 C16 C38 C0 <wb> C27 C29 C0 <wb> C3 C0 C26 C8 C0 C13 C0 C22 C0 C38 C0 <wb> C15 C0 C2,train
5048,"आंखे मूंदकर मुंह पर पट्टी बांधकर, इस तरह कार्यरत थे, मानो आसपास जो हो रहा है, वह सब नॉर्मल है",1,8.06,0,not_selected_by_random,,,,
5049,"यदि आज हम इन पत्रिकाओं के तत्कालीन अंकों को, उलट पलट कर देखें, तो शायद ही अनुमान लगा पाएं, कि हम उन दिनों कैसे संकट की घड़ी से गुज़र रहे थे",1,10.31,1,,hindi_female_005049.wav,y a d a i <wb> aa j a <wb> h a m a <wb> i n a <wb> p a t a r a i k a aa o q <wb> k a ee <wb> t a t a k a aa l a ii n a <wb> a q k a o q <wb> k a o <wb> u l a tx a <wb> p a l a tx a <wb> k a r a <wb> d a ee kh a ee q <wb> t a o <wb> sh a aa y a d a <wb> h a ii <wb> a n a u m a aa n a <wb> l a g a aa <wb> p a aa ee q <wb> k a i <wb> h a m a <wb> u n a <wb> d a i n a o q <wb> k a ei s a ee <wb> s a q k a tx a <wb> k a ii <wb> gh a dxq a ii <wb> s a ee <wb> g a u z a r a <wb> r a h a ee <wb> th a ee,C38 C0 C7 C0 C16 <wb> C1 C17 C0 <wb> C15 C0 C22 C0 <wb> C16 C24 C0 <wb> C28 C0 C32 C0 C29 C0 C16 C19 C0 C1 C26 C23 <wb> C19 C0 C11 <wb> C32 C0 C32 C0 C19 C0 C1 C21 C0 C16 C24 C0 <wb> C0 C23 C19 C0 C26 C23 <wb> C19 C0 C26 <wb> C36 C21 C0 C34 C0 <wb> C28 C0 C21 C0 C34 C0 <wb> C19 C0 C29 C0 <wb> C7 C0 C11 C20 C0 C11 C23 <wb> C32 C0 C26 <wb> C31 C0 C1 C38 C0 C7 C0 <wb> C15 C0 C16 <wb> C0 C24 C0 C36 C22 C0 C1 C24 C0 <wb> C21 C0 C13 C0 C1 <wb> C28 C0 C1 C11 C23 <wb> C19 C0 C16 <wb> C15 C0 C22 C0 <wb> C36 C24 C0 <wb> C7 C0 C16 C24 C0 C26 C23 <wb> C19 C0 C2 C30 C0 C11 <wb> C30 C0 C23 C19 C0 C34 C0 <wb> C19 C0 C16 <wb> C14 C0 C9 C0 C16 <wb> C30 C0 C11 <wb> C13 C0 C36 C17 C0 C29 C0 <wb> C29 C0 C15 C0 C11 <wb> C33 C0 C11,train
5052,"इसलिए, इन छवियों के प्रति, हमारा विवेकशील और आलोचनात्मक रवैया नहीं, बल्कि, उनसे सम्मोहित हो जानेवाला, एक रिश्ता बन गया है",1,9.961,1,,hindi_female_005052.wav,i s a l a i ee <wb> i n a <wb> ch a w a i y a o q <wb> k a ee <wb> p a r a t a i <wb> h a m a aa r a aa <wb> w a i w a ee k a sh a ii l a <wb> ou r a <wb> aa l a o c a n a aa t a m a k a <wb> r a w a ei y a aa <wb> n a h a ii q <wb> b a l a k a i <wb> u n a s a ee <wb> s a m a m a o h a i t a <wb> h a o <wb> j a aa n a ee w a aa l a aa <wb> ee k a <wb> r a i sh a t a aa <wb> b a n a <wb> g a y a aa <wb> h a ei,C16 C30 C0 C21 C0 C16 C11 <wb> C16 C24 C0 <wb> C6 C0 C37 C0 C16 C38 C0 C26 C23 <wb> C19 C0 C11 <wb> C28 C0 C29 C0 C32 C0 C16 <wb> C15 C0 C22 C0 C1 C29 C0 C1 <wb> C37 C0 C16 C37 C0 C11 C19 C0 C31 C0 C16 C21 C0 <wb> C27 C29 C0 <wb> C1 C21 C0 C26 C5 C0 C24 C0 C1 C32 C0 C22 C0 C19 C0 <wb> C29 C0 C37 C0 C2 C38 C0 C1 <wb> C24 C0 C15 C0 C16 C23 <wb> C3 C0 C21 C0 C19 C0 C16 <wb> C36 C24 C0 C30 C0 C11 <wb> C30 C0 C22 C0 C22 C0 C26 C15 C0 C16 C32 C0 <wb> C15 C0 C26 <wb> C17 C0 C1 C24 C0 C11 C37 C0 C1 C21 C0 C1 <wb> C11 C19 C0 <wb> C29 C0 C16 C31 C0 C32 C0 C1 <wb> C3 C0 C24 C0 <wb> C13 C0 C38 C0 C1 <wb> C15 C0 C2,train
5057,"एक स्तर वो, जिसमें आतंकवाद, उसकी स्थिति, उससे बनने वाले हालात को, अधिक से अधिक असरदार तरीके से दिखाए जा सकें",1,8.731,1,,hindi_female_005057.wav,ee k a <wb> s a t a r a <wb> w a o <wb> j a i s a m a ee q <wb> aa t a q k a w a aa d a <wb> u s a k a ii <wb> s a th a i t a i <wb> u s a s a ee <wb> b a n a n a ee <wb> w a aa l a ee <wb> h a aa l a aa t a <wb> k a o <wb> a dh a i k a <wb> s a ee <wb> a dh a i k a <wb> a s a r a d a aa r a <wb> t a r a ii k a ee <wb> s a ee <wb> d a i kh a aa ee <wb> j a aa <wb> s a k a ee q,C11 C19 C0 <wb> C30 C0 C32 C0 C29 C0 <wb> C37 C0 C26 <wb> C17 C0 C16 C30 C0 C22 C0 C11 C23 <wb> C1 C32 C0 C23 C19 C0 C37 C0 C1 C7 C0 <wb> C36 C30 C0 C19 C0 C16 <wb> C30 C0 C33 C0 C16 C32 C0 C16 <wb> C36 C30 C0 C30 C0 C11 <wb> C3 C0 C24 C0 C24 C0 C11 <wb> C37 C0 C1 C21 C0 C11 <wb> C15 C0 C1 C21 C0 C1 C32 C0 <wb> C19 C0 C26 <wb> C0 C8 C0 C16 C19 C0 <wb> C30 C0 C11 <wb> C0 C8 C0 C16 C19 C0 <wb> C0 C30 C0 C29 C0 C7 C0 C1 C29 C0 <wb> C32 C0 C29 C0 C16 C19 C0 C11 <wb> C30 C0 C11 <wb> C7 C0 C16 C20 C0 C1 C11 <wb> C17 C0 C1 <wb> C30 C0 C19 C0 C11 C23,train
5062,"इस अर्थ में, आप कह सकते हैं, कि शब्दों के ज़रिए, टेलीविज़न चैनलों द्वारा प्रयुक्त छवि, यूनीइमैजिनरी होते हैं, जो दो विरोधी पक्षों, और विपरीत दशा में, एक ही साथ काम में लाए जा सकते हैं",1,14.188,0,not_selected_by_random,,,,
5065,"इससे पैदा होनेवाले अर्थ, एक तो निर्माता, और उपभोक्ता के ज़रिए होता है, और दूसरा, स्वयं इस तकनीक के द्वारा, जो कि प्रसारण, और व्य वहार के दौरान पैदा होता है",1,12.124,0,not_selected_by_random,,,,
5069,"सूज़न सोंटाग की मान्यता के आधार पर, जब लोग ड्राइंग रुम में बैठ कर आतंकवाद की खबरें, देख रहे होते हैं, तो इत्मिनान होते हैं, उनके भीतर एक निश्चिंतता का बोध होता है, कि हम सुरक्षित हैं",1,12.539,1,,hindi_female_005069.wav,s a uu z a n a <wb> s a o q tx a aa g a <wb> k a ii <wb> m a aa n a y a t a aa <wb> k a ee <wb> aa dh a aa r a <wb> p a r a <wb> j a b a <wb> l a o g a <wb> dx a r a aa i q g a <wb> r a u m a <wb> m a ee q <wb> b a ei txh a <wb> k a r a <wb> aa t a q k a w a aa d a <wb> k a ii <wb> kh a b a r a ee q <wb> d a ee kh a <wb> r a h a ee <wb> h a o t a ee <wb> h a ei q <wb> t a o <wb> i t a m a i n a aa n a <wb> h a o t a ee <wb> h a ei q <wb> u n a k a ee <wb> bh a ii t a r a <wb> ee k a <wb> n a i sh a c a i q t a t a aa <wb> k a aa <wb> b a o dh a <wb> h a o t a aa <wb> h a ei <wb> k a i <wb> h a m a <wb> s a u r a k a sx a i t a <wb> h a ei q,C30 C0 C36 C17 C0 C24 C0 <wb> C30 C0 C26 C23 C34 C0 C1 C13 C0 <wb> C19 C0 C16 <wb> C22 C0 C1 C24 C0 C38 C0 C32 C0 C1 <wb> C19 C0 C11 <wb> C1 C8 C0 C1 C29 C0 <wb> C28 C0 C29 C0 <wb> C17 C0 C3 C0 <wb> C21 C0 C26 C13 C0 <wb> C9 C0 C29 C0 C1 C16 C23 C13 C0 <wb> C29 C0 C36 C22 C0 <wb> C22 C0 C11 C23 <wb> C3 C0 C2 C35 C0 <wb> C19 C0 C29 C0 <wb> C1 C32 C0 C23 C19 C0 C37 C0 C1 C7 C0 <wb> C19 C0 C16 <wb> C20 C0 C3 C0 C29 C0 C11 C23 <wb> C7 C0 C11 C20 C0 <wb> C29 C0 C15 C0 C11 <wb> C15 C0 C26 C32 C0 C11 <wb> C15 C0 C2 C23 <wb> C32 C0 C26 <wb> C16 C32 C0 C22 C0 C16 C24 C0 C1 C24 C0 <wb> C15 C0 C26 C32 C0 C11 <wb> C15 C0 C2 C23 <wb> C36 C24 C0 C19 C0 C11 <wb> C4 C0 C16 C32 C0 C29 C0 <wb> C11 C19 C0 <wb> C24 C0 C16 C31 C0 C5 C0 C16 C23 C32 C0 C32 C0 C1 <wb> C19 C0 C1 <wb> C3 C0 C26 C8 C0 <wb> C15 C0 C26 C32 C0 C1 <wb> C15 C0 C2 <wb> C19 C0 C16 <wb> C15 C0 C22 C0 <wb> C30 C0 C36 C29 C0 C19 C0 C31 C0 C16 C32 C0 <wb> C15 C0 C2 C23,train
5070,"पिछली रात, मैं एक मित्र के घर थी, जब टीवी पर मैंने, घायलों को स्ट्रेचर पर डाल, लोगों को इधर से उधर भागते देखा",1,8.266,1,,hindi_female_005070.wav,p a i ch a l a ii <wb> r a aa t a <wb> m a ei q <wb> ee k a <wb> m a i t a r a <wb> k a ee <wb> gh a r a <wb> th a ii <wb> j a b a <wb> tx a ii w a ii <wb> p a r a <wb> m a ei q n a ee <wb> gh a aa y a l a o q <wb> k a o <wb> s a tx a r a ee c a r a <wb> p a r a <wb> dx a aa l a <wb> l a o g a o q <wb> k a o <wb> i dh a r a <wb> s a ee <wb> u dh a r a <wb> bh a aa g a t a ee <wb> d a ee kh a aa,C28 C0 C16 C6 C0 C21 C0 C16 <wb> C29 C0 C1 C32 C0 <wb> C22 C0 C2 C23 <wb> C11 C19 C0 <wb> C22 C0 C16 C32 C0 C29 C0 <wb> C19 C0 C11 <wb> C14 C0 C29 C0 <wb> C33 C0 C16 <wb> C17 C0 C3 C0 <wb> C34 C0 C16 C37 C0 C16 <wb> C28 C0 C29 C0 <wb> C22 C0 C2 C23 C24 C0 C11 <wb> C14 C0 C1 C38 C0 C21 C0 C26 C23 <wb> C19 C0 C26 <wb> C30 C0 C34 C0 C29 C0 C11 C5 C0 C29 C0 <wb> C28 C0 C29 C0 <wb> C9 C0 C1 C21 C0 <wb> C21 C0 C26 C13 C0 C26 C23 <wb> C19 C0 C26 <wb> C16 C8 C0 C29 C0 <wb> C30 C0 C11 <wb> C36 C8 C0 C29 C0 <wb> C4 C0 C1 C13 C0 C32 C0 C11 <wb> C7 C0 C11 C20 C0 C1,train
5073,"लेकिन क्या वे सभी असामान्य या बुरे लोग हैं, या वे ऐसे लोग हैं, जिनसे हम टकराते हैं, जिनमें से कोई, शायद हमारे साथ काम करता हो, या हमारे आस पास ही मौजूद हो",1,12.322,0,not_selected_by_random,,,,
5075,"खैर, यहां हम घृणा की ताकत को समझने की, सैद्धांतिक कोशिश नही कर रहे है",1,5.936,0,not_selected_by_random,,,,
5076,"मैं, अपने भीतर आक्रोश की इस बीज को, और सींचना नहीं चाहती",1,5.274,0,not_selected_by_random,,,,
5077,"क्योंकि, जो हुवा, उसके असर को मिटने में तो लंबा समय लगेगा, लेकिन हमारी एक एक सकारात्मक ऊर्जा, दुनिया को बदल सकती है",1,9.149,1,,hindi_female_005077.wav,k a y a o q k a i <wb> j a o <wb> h a u w a aa <wb> u s a k a ee <wb> a s a r a <wb> k a o <wb> m a i tx a n a ee <wb> m a ee q <wb> t a o <wb> l a q b a aa <wb> s a m a y a <wb> l a g a ee g a aa <wb> l a ee k a i n a <wb> h a m a aa r a ii <wb> ee k a <wb> ee k a <wb> s a k a aa r a aa t a m a k a <wb> uu r a j a aa <wb> d a u n a i y a aa <wb> k a o <wb> b a d a l a <wb> s a k a t a ii <wb> h a ei,C19 C0 C38 C0 C26 C23 C19 C0 C16 <wb> C17 C0 C26 <wb> C15 C0 C36 C37 C0 C1 <wb> C36 C30 C0 C19 C0 C11 <wb> C0 C30 C0 C29 C0 <wb> C19 C0 C26 <wb> C22 C0 C16 C34 C0 C24 C0 C11 <wb> C22 C0 C11 C23 <wb> C32 C0 C26 <wb> C21 C0 C23 C3 C0 C1 <wb> C30 C0 C22 C0 C38 C0 <wb> C21 C0 C13 C0 C11 C13 C0 C1 <wb> C21 C0 C11 C19 C0 C16 C24 C0 <wb> C15 C0 C22 C0 C1 C29 C0 C16 <wb> C11 C19 C0 <wb> C11 C19 C0 <wb> C30 C0 C19 C0 C1 C29 C0 C1 C32 C0 C22 C0 C19 C0 <wb> C36 C29 C0 C17 C0 C1 <wb> C7 C0 C36 C24 C0 C16 C38 C0 C1 <wb> C19 C0 C26 <wb> C3 C0 C7 C0 C21 C0 <wb> C30 C0 C19 C0 C32 C0 C16 <wb> C15 C0 C2,train
5079,"लेकिन, तब क्या जब ऐसा ही कोई यथार्थ, हमारी ठहरी हुई जिंदगी में, अचानक से घुसपैठ कर आता है, तब हम उसका मुकाबला करने में, स्वयं को असमर्थ पाते हैं",1,10.983,1,,hindi_female_005079.wav,l a ee k a i n a <wb> t a b a <wb> k a y a aa <wb> j a b a <wb> ei s a aa <wb> h a ii <wb> k a o ii <wb> y a th a aa r a th a <wb> h a m a aa r a ii <wb> txh a h a r a ii <wb> h a u ii <wb> j a i q d a g a ii <wb> m a ee q <wb> a c a aa n a k a <wb> s a ee <wb> gh a u s a p a ei txh a <wb> k a r a <wb> aa t a aa <wb> h a ei <wb> t a b a <wb> h a m a <wb> u s a k a aa <wb> m a u k a aa b a l a aa <wb> k a r a n a ee <wb> m a ee q <wb> s a w a y a q <wb> k a o <wb> a s a m a r a th a <wb> p a aa t a ee <wb> h a ei q,C21 C0 C11 C19 C0 C16 C24 C0 <wb> C32 C0 C3 C0 <wb> C19 C0 C38 C0 C1 <wb> C17 C0 C3 C0 <wb> C2 C30 C0 C1 <wb> C15 C0 C16 <wb> C19 C0 C26 C16 <wb> C38 C0 C33 C0 C1 C29 C0 C33 C0 <wb> C15 C0 C22 C0 C1 C29 C0 C16 <wb> C35 C0 C15 C0 C29 C0 C16 <wb> C15 C0 C36 C16 <wb> C17 C0 C16 C23 C7 C0 C13 C0 C16 <wb> C22 C0 C11 C23 <wb> C0 C5 C0 C1 C24 C0 C19 C0 <wb> C30 C0 C11 <wb> C14 C0 C36 C30 C0 C28 C0 C2 C35 C0 <wb> C19 C0 C29 C0 <wb> C1 C32 C0 C1 <wb> C15 C0 C2 <wb> C32 C0 C3 C0 <wb> C15 C0 C22 C0 <wb> C36 C30 C0 C19 C0 C1 <wb> C22 C0 C36 C19 C0 C1 C3 C0 C21 C0 C1 <wb> C19 C0 C29 C0 C24 C0 C11 <wb> C22 C0 C11 C23 <wb> C30 C0 C37 C0 C38 C0 C23 <wb> C19 C0 C26 <wb> C0 C30 C0 C22 C0 C29 C0 C33 C0 <wb> C28 C0 C1 C32 C0 C11 <wb> C15 C0 C2 C23,train
5093,"तब फिर इस कोमल मस्तिष्क में, बाद में ऐसा क्या घटित होता है, कि जिसके लिए, उसे खुद अपने प्राणों का भी, मोह नहीं रह जाता है",1,8.824,1,,hindi_female_005093.wav,t a b a <wb> ph a i r a <wb> i s a <wb> k a o m a l a <wb> m a s a t a i sx a k a <wb> m a ee q <wb> b a aa d a <wb> m a ee q <wb> ei s a aa <wb> k a y a aa <wb> gh a tx a i t a <wb> h a o t a aa <wb> h a ei <wb> k a i <wb> j a i s a k a ee <wb> l a i ee <wb> u s a ee <wb> kh a u d a <wb> a p a n a ee <wb> p a r a aa nx a o q <wb> k a aa <wb> bh a ii <wb> m a o h a <wb> n a h a ii q <wb> r a h a <wb> j a aa t a aa <wb> h a ei,C32 C0 C3 C0 <wb> C12 C0 C16 C29 C0 <wb> C16 C30 C0 <wb> C19 C0 C26 C22 C0 C21 C0 <wb> C22 C0 C30 C0 C32 C0 C16 C31 C0 C19 C0 <wb> C22 C0 C11 C23 <wb> C3 C0 C1 C7 C0 <wb> C22 C0 C11 C23 <wb> C2 C30 C0 C1 <wb> C19 C0 C38 C0 C1 <wb> C14 C0 C34 C0 C16 C32 C0 <wb> C15 C0 C26 C32 C0 C1 <wb> C15 C0 C2 <wb> C19 C0 C16 <wb> C17 C0 C16 C30 C0 C19 C0 C11 <wb> C21 C0 C16 C11 <wb> C36 C30 C0 C11 <wb> C20 C0 C36 C7 C0 <wb> C0 C28 C0 C24 C0 C11 <wb> C28 C0 C29 C0 C1 C25 C0 C26 C23 <wb> C19 C0 C1 <wb> C4 C0 C16 <wb> C22 C0 C26 C15 C0 <wb> C24 C0 C15 C0 C16 C23 <wb> C29 C0 C15 C0 <wb> C17 C0 C1 C32 C0 C1 <wb> C15 C0 C2,train
5099,"साहित्यिक कृतियों को, जुनून की हद तक चाहने वाले लोगों का, लघुतम, समापवर्त्य आखिर क्या हो सकता है, और इन कृतियों के लेखकों का, कोरे तथ्य इस प्रकार हैं",1,12.104,0,not_selected_by_random,,,,
5100,"पुलिस की हिरासत में, हाम्सुन पर मुकदमा चलाया गया, और इस प्रसंग का इतिहास, अब नार्वे तक ही, महदूद नहीं रह गया है",1,8.469,0,not_selected_by_random,,,,
5101,"जिस क्रूरता से, मनोचिकित्सीय जाँच के बहाने, वृद्ध हाम्सुन को यातना दी गयी, वह डेनमार्क के लेखक, थॉरकिल्ड हाम्सुन की पुस्तक, प्रोसेशन में, पैने, और मार्मिक विवरणों के साथ दर्ज है",1,14.164,1,,hindi_female_005101.wav,j a i s a <wb> k a r a uu r a t a aa <wb> s a ee <wb> m a n a o c a i k a i t a s a ii y a <wb> j a aa mq c a <wb> k a ee <wb> b a h a aa n a ee <wb> w a rq d a dh a <wb> h a aa m a s a u n a <wb> k a o <wb> y a aa t a n a aa <wb> d a ii <wb> g a y a ii <wb> w a h a <wb> dx a ee n a m a aa r a k a <wb> k a ee <wb> l a ee kh a k a <wb> th a r a k a i l a dx a <wb> h a aa m a s a u n a <wb> k a ii <wb> p a u s a t a k a <wb> p a r a o s a ee sh a n a <wb> m a ee q <wb> p a ei n a ee <wb> ou r a <wb> m a aa r a m a i k a <wb> w a i w a r a nx a o q <wb> k a ee <wb> s a aa th a <wb> d a r a j a <wb> h a ei,C17 C0 C16 C30 C0 <wb> C19 C0 C29 C0 C36 C29 C0 C32 C0 C1 <wb> C30 C0 C11 <wb> C22 C0 C24 C0 C26 C5 C0 C16 C19 C0 C16 C32 C0 C30 C0 C16 C38 C0 <wb> C17 C0 C1 C23 C5 C0 <wb> C19 C0 C11 <wb> C3 C0 C15 C0 C1 C24 C0 C11 <wb> C37 C0 C29 C7 C0 C8 C0 <wb> C15 C0 C1 C22 C0 C30 C0 C36 C24 C0 <wb> C19 C0 C26 <wb> C38 C0 C1 C32 C0 C24 C0 C1 <wb> C7 C0 C16 <wb> C13 C0 C38 C0 C16 <wb> C37 C0 C15 C0 <wb> C9 C0 C11 C24 C0 C22 C0 C1 C29 C0 C19 C0 <wb> C19 C0 C11 <wb> C21 C0 C11 C20 C0 C19 C0 <wb> C33 C0 C29 C0 C19 C0 C16 C21 C0 C9 C0 <wb> C15 C0 C1 C22 C0 C30 C0 C36 C24 C0 <wb> C19 C0 C16 <wb> C28 C0 C36 C30 C0 C32 C0 C19 C0 <wb> C28 C0 C29 C0 C26 C30 C0 C11 C31 C0 C24 C0 <wb> C22 C0 C11 C23 <wb> C28 C0 C2 C24 C0 C11 <wb> C27 C29 C0 <wb> C22 C0 C1 C29 C0 C22 C0 C16 C19 C0 <wb> C37 C0 C16 C37 C0 C29 C0 C25 C0 C26 C23 <wb> C19 C0 C11 <wb> C30 C0 C1 C33 C0 <wb> C7 C0 C29 C0 C17 C0 <wb> C15 C0 C2,train
5102,"इस पुस्तक से, और इस लेखक के प्रति हुई प्रति क्रिया से, इस बात का अनुमान सहज ही लगाया जा सकता है, कि केवल नात्सी ही, नात्सी नहीं थे",1,9.636,0,not_selected_by_random,,,,
5104,"हिटलर से ऐसी एक मुलाकात, जिसके बाद हाम्सुन, हिटलर की बॉल्कनी पर जाकर रोने लगे थे, हाम्सुन के पूरे जीवन में, ऐसा क्या हो सकता था, जिससे उनके नात्सी होने का आभास मिलता हो",1,13.18,0,not_selected_by_random,,,,
5109,"बड़ बड़ बड़, और ख़ड ख़ड ख़ड करके, ताला खोल कर चली गई",1,4.896,0,not_selected_by_random,,,,
5113,चीनी के कारण विस्फोट का ख़तरा हो सकता है,1,2.926,1,,hindi_female_005113.wav,c a ii n a ii <wb> k a ee <wb> k a aa r a nx a <wb> w a i s a ph a o tx a <wb> k a aa <wb> khq a t a r a aa <wb> h a o <wb> s a k a t a aa <wb> h a ei,C5 C0 C16 C24 C0 C16 <wb> C19 C0 C11 <wb> C19 C0 C1 C29 C0 C25 C0 <wb> C37 C0 C16 C30 C0 C12 C0 C26 C34 C0 <wb> C19 C0 C1 <wb> C20 C0 C32 C0 C29 C0 C1 <wb> C15 C0 C26 <wb> C30 C0 C19 C0 C32 C0 C1 <wb> C15 C0 C2,train
5114,कई लोगों को गर्द और महीन चूर्ण से होने वाले विस्फोट के ख़तरे के बारे में जानकारी नही है,1,5.48,1,,hindi_female_005114.wav,k a ii <wb> l a o g a o q <wb> k a o <wb> g a r a d a <wb> ou r a <wb> m a h a ii n a <wb> c a uu r a nx a <wb> s a ee <wb> h a o n a ee <wb> w a aa l a ee <wb> w a i s a ph a o tx a <wb> k a ee <wb> khq a t a r a ee <wb> k a ee <wb> b a aa r a ee <wb> m a ee q <wb> j a aa n a k a aa r a ii <wb> n a h a ii <wb> h a ei,C19 C0 C16 <wb> C21 C0 C26 C13 C0 C26 C23 <wb> C19 C0 C26 <wb> C13 C0 C29 C0 C7 C0 <wb> C27 C29 C0 <wb> C22 C0 C15 C0 C16 C24 C0 <wb> C5 C0 C36 C29 C0 C25 C0 <wb> C30 C0 C11 <wb> C15 C0 C26 C24 C0 C11 <wb> C37 C0 C1 C21 C0 C11 <wb> C37 C0 C16 C30 C0 C12 C0 C26 C34 C0 <wb> C19 C0 C11 <wb> C20 C0 C32 C0 C29 C0 C11 <wb> C19 C0 C11 <wb> C3 C0 C1 C29 C0 C11 <wb> C22 C0 C11 C23 <wb> C17 C0 C1 C24 C0 C19 C0 C1 C29 C0 C16 <wb> C24 C0 C15 C0 C16 <wb> C15 C0 C2,train
5115,"जहाँ तक गर्द के ख़तरों का सवाल है, तो अच्छी साफ़ सफ़ाई, एक महत्त्वपूर्ण सुरक्षा कार्य प्रक्रिया है",1,7.277,0,not_selected_by_random,,,,
5116,"अपने संयंत्र में मौजूद पदार्थों के कारण, संभावित ख़तरों के बारे में जानिए",1,4.946,1,,hindi_female_005116.wav,a p a n a ee <wb> s a q y a q t a r a <wb> m a ee q <wb> m a ou j a uu d a <wb> p a d a aa r a th a o q <wb> k a ee <wb> k a aa r a nx a <wb> s a q bh a aa w a i t a <wb> khq a t a r a o q <wb> k a ee <wb> b a aa r a ee <wb> m a ee q <wb> j a aa n a i ee,C0 C28 C0 C24 C0 C11 <wb> C30 C0 C23 C38 C0 C23 C32 C0 C29 C0 <wb> C22 C0 C11 C23 <wb> C22 C0 C27 C17 C0 C36 C7 C0 <wb> C28 C0 C7 C0 C1 C29 C0 C33 C0 C26 C23 <wb> C19 C0 C11 <wb> C19 C0 C1 C29 C0 C25 C0 <wb> C30 C0 C23 C4 C0 C1 C37 C0 C16 C32 C0 <wb> C20 C0 C32 C0 C29 C0 C26 C23 <wb> C19 C0 C11 <wb> C3 C0 C1 C29 C0 C11 <wb> C22 C0 C11 C23 <wb> C17 C0 C1 C24 C0 C16 C11,val
5117,"सरकार को कोई हक़ नही है, कि वह ग़रीब लोगों का अपमान करे",1,4.671,0,not_selected_by_random,,,,
5118,उत्तरी ध्रुव पर ओज़ोन ग़ायब हो रही है,1,2.974,0,not_selected_by_random,,,,
5119,ग़ज़ल एक ही बहर और वज़न के अनुसार लिखे गए शेरों का समूह है,1,4.652,0,not_selected_by_random,,,,
5120,"ग़ज़लों का आरंभ, अरबी साहित्य की काव्य विधा के रूप में हुआ",1,4.11,1,,hindi_female_005120.wav,gq a z a l a o q <wb> k a aa <wb> aa r a q bh a <wb> a r a b a ii <wb> s a aa h a i t a y a <wb> k a ii <wb> k a aa w a y a <wb> w a i dh a aa <wb> k a ee <wb> r a uu p a <wb> m a ee q <wb> h a u aa,C13 C0 C17 C0 C21 C0 C26 C23 <wb> C19 C0 C1 <wb> C1 C29 C0 C23 C4 C0 <wb> C0 C29 C0 C3 C0 C16 <wb> C30 C0 C1 C15 C0 C16 C32 C0 C38 C0 <wb> C19 C0 C16 <wb> C19 C0 C1 C37 C0 C38 C0 <wb> C37 C0 C16 C8 C0 C1 <wb> C19 C0 C11 <wb> C29 C0 C36 C28 C0 <wb> C22 C0 C11 C23 <wb> C15 C0 C36 C1,train
5123,"वैसे इस उपन्यास में व्यक्तिगत संबंधों के कारण, भारत में, अमेरिका के पूर्व राजदूत की एक कश्मीरी द्वारा, हत्या की जाती है, लेकिन, इसी विशेष संदर्भ के कारण, यह घटना, अपने आप में, आतंकवादी घटना प्रतीत होने लगती है",1,18.088,1,,hindi_female_005123.wav,w a ei s a ee <wb> i s a <wb> u p a n a y a aa s a <wb> m a ee q <wb> w a y a k a t a i g a t a <wb> s a q b a q dh a o q <wb> k a ee <wb> k a aa r a nx a <wb> bh a aa r a t a <wb> m a ee q <wb> a m a ee r a i k a aa <wb> k a ee <wb> p a uu r a w a <wb> r a aa j a d a uu t a <wb> k a ii <wb> ee k a <wb> k a sh a m a ii r a ii <wb> d a w a aa r a aa <wb> h a t a y a aa <wb> k a ii <wb> j a aa t a ii <wb> h a ei <wb> l a ee k a i n a <wb> i s a ii <wb> w a i sh a ee sx a <wb> s a q d a r a bh a <wb> k a ee <wb> k a aa r a nx a <wb> y a h a <wb> gh a tx a n a aa <wb> a p a n a ee <wb> aa p a <wb> m a ee q <wb> aa t a q k a w a aa d a ii <wb> gh a tx a n a aa <wb> p a r a t a ii t a <wb> h a o n a ee <wb> l a g a t a ii <wb> h a ei,C37 C0 C2 C30 C0 C11 <wb> C16 C30 C0 <wb> C36 C28 C0 C24 C0 C38 C0 C1 C30 C0 <wb> C22 C0 C11 C23 <wb> C37 C0 C38 C0 C19 C0 C32 C0 C16 C13 C0 C32 C0 <wb> C30 C0 C23 C3 C0 C23 C8 C0 C26 C23 <wb> C19 C0 C11 <wb> C19 C0 C1 C29 C0 C25 C0 <wb> C4 C0 C1 C29 C0 C32 C0 <wb> C22 C0 C11 C23 <wb> C0 C22 C0 C11 C29 C0 C16 C19 C0 C1 <wb> C19 C0 C11 <wb> C28 C0 C36 C29 C0 C37 C0 <wb> C29 C0 C1 C17 C0 C7 C0 C36 C32 C0 <wb> C19 C0 C16 <wb> C11 C19 C0 <wb> C19 C0 C31 C0 C22 C0 C16 C29 C0 C16 <wb> C7 C0 C37 C0 C1 C29 C0 C1 <wb> C15 C0 C32 C0 C38 C0 C1 <wb> C19 C0 C16 <wb> C17 C0 C1 C32 C0 C16 <wb> C15 C0 C2 <wb> C21 C0 C11 C19 C0 C16 C24 C0 <wb> C16 C30 C0 C16 <wb> C37 C0 C16 C31 C0 C11 C31 C0 <wb> C30 C0 C23 C7 C0 C29 C0 C4 C0 <wb> C19 C0 C11 <wb> C19 C0 C1 C29 C0 C25 C0 <wb> C38 C0 C15 C0 <wb> C14 C0 C34 C0 C24 C0 C1 <wb> C0 C28 C0 C24 C0 C11 <wb> C1 C28 C0 <wb> C22 C0 C11 C23 <wb> C1 C32 C0 C23 C19 C0 C37 C0 C1 C7 C0 C16 <wb> C14 C0 C34 C0 C24 C0 C1 <wb> C28 C0 C29 C0 C32 C0 C16 C32 C0 <wb> C15 C0 C26 C24 C0 C11 <wb> C21 C0 C13 C0 C32 C0 C16 <wb> C15 C0 C2,train
5124,"मुस्लिम, अन्य की छवि का निर्माण, किस तरह किया जा रहा है, इसकी एक झलक, इस उपन्यास में दिखाई देती है",1,8.356,0,not_selected_by_random,,,,
5126,"ऊपरी तौर पर, यह कहानी, सत्रह वर्षीय अहमद के, एक मस्जिद के नौ जवान, इमाम शेख राशिद के प्रभाव में आकर, सुइसाइड बाम्बर के रूप में, रूपांतरण की है",1,12.87,0,not_selected_by_random,,,,
5128,"कथा की एक विशेषता, यह है, कि इसमें अहमद नामक उस आतंकवादी के नज़रिए से, कथा कहने की कोशिश, की गई है",1,8.499,1,,hindi_female_005128.wav,k a th a aa <wb> k a ii <wb> ee k a <wb> w a i sh a ee sx a t a aa <wb> y a h a <wb> h a ei <wb> k a i <wb> i s a m a ee q <wb> a h a m a d a <wb> n a aa m a k a <wb> u s a <wb> aa t a q k a w a aa d a ii <wb> k a ee <wb> n a z a r a i ee <wb> s a ee <wb> k a th a aa <wb> k a h a n a ee <wb> k a ii <wb> k a o sh a i sh a <wb> k a ii <wb> g a ii <wb> h a ei,C19 C0 C33 C0 C1 <wb> C19 C0 C16 <wb> C11 C19 C0 <wb> C37 C0 C16 C31 C0 C11 C31 C0 C32 C0 C1 <wb> C38 C0 C15 C0 <wb> C15 C0 C2 <wb> C19 C0 C16 <wb> C16 C30 C0 C22 C0 C11 C23 <wb> C0 C15 C0 C22 C0 C7 C0 <wb> C24 C0 C1 C22 C0 C19 C0 <wb> C36 C30 C0 <wb> C1 C32 C0 C23 C19 C0 C37 C0 C1 C7 C0 C16 <wb> C19 C0 C11 <wb> C24 C0 C17 C0 C29 C0 C16 C11 <wb> C30 C0 C11 <wb> C19 C0 C33 C0 C1 <wb> C19 C0 C15 C0 C24 C0 C11 <wb> C19 C0 C16 <wb> C19 C0 C26 C31 C0 C16 C31 C0 <wb> C19 C0 C16 <wb> C13 C0 C16 <wb> C15 C0 C2,train
5129,"उपन्यास के आरंभ में, वह पाश्चात्य, सभ्यता के प्रतीकों को, डेविल कहकर, याद करता है",1,7.836,0,not_selected_by_random,,,,
5131,"लेखक ने, उसकी पारिवारिक जीवन की जटिलताओं का कांट्रास्ट, उसके धार्मिक जीवन की सरलताओं के साथ दिखाया है",1,7.477,1,,hindi_female_005131.wav,l a ee kh a k a <wb> n a ee <wb> u s a k a ii <wb> p a aa r a i w a aa r a i k a <wb> j a ii w a n a <wb> k a ii <wb> j a tx a i l a t a aa o q <wb> k a aa <wb> k a aa q tx a r a aa s a tx a <wb> u s a k a ee <wb> dh a aa r a m a i k a <wb> j a ii w a n a <wb> k a ii <wb> s a r a l a t a aa o q <wb> k a ee <wb> s a aa th a <wb> d a i kh a aa y a aa <wb> h a ei,C21 C0 C11 C20 C0 C19 C0 <wb> C24 C0 C11 <wb> C36 C30 C0 C19 C0 C16 <wb> C28 C0 C1 C29 C0 C16 C37 C0 C1 C29 C0 C16 C19 C0 <wb> C17 C0 C16 C37 C0 C24 C0 <wb> C19 C0 C16 <wb> C17 C0 C34 C0 C16 C21 C0 C32 C0 C1 C26 C23 <wb> C19 C0 C1 <wb> C19 C0 C1 C23 C34 C0 C29 C0 C1 C30 C0 C34 C0 <wb> C36 C30 C0 C19 C0 C11 <wb> C8 C0 C1 C29 C0 C22 C0 C16 C19 C0 <wb> C17 C0 C16 C37 C0 C24 C0 <wb> C19 C0 C16 <wb> C30 C0 C29 C0 C21 C0 C32 C0 C1 C26 C23 <wb> C19 C0 C11 <wb> C30 C0 C1 C33 C0 <wb> C7 C0 C16 C20 C0 C1 C38 C0 C1 <wb> C15 C0 C2,train
5132,"बहुलतावादी समाजों के लिए, आदर्श समझे जाने वाले देश, अमेरिका के युवाओं का, स्टैंडपाइंट क्या है, यह उपन्यास की कथा में उभर कर आता है",1,10.704,1,,hindi_female_005132.wav,b a h a u l a t a aa w a aa d a ii <wb> s a m a aa j a o q <wb> k a ee <wb> l a i ee <wb> aa d a r a sh a <wb> s a m a jh a ee <wb> j a aa n a ee <wb> w a aa l a ee <wb> d a ee sh a <wb> a m a ee r a i k a aa <wb> k a ee <wb> y a u w a aa o q <wb> k a aa <wb> s a tx a ei q dx a p a aa i q tx a <wb> k a y a aa <wb> h a ei <wb> y a h a <wb> u p a n a y a aa s a <wb> k a ii <wb> k a th a aa <wb> m a ee q <wb> u bh a r a <wb> k a r a <wb> aa t a aa <wb> h a ei,C3 C0 C15 C0 C36 C21 C0 C32 C0 C1 C37 C0 C1 C7 C0 C16 <wb> C30 C0 C22 C0 C1 C17 C0 C26 C23 <wb> C19 C0 C11 <wb> C21 C0 C16 C11 <wb> C1 C7 C0 C29 C0 C31 C0 <wb> C30 C0 C22 C0 C18 C0 C11 <wb> C17 C0 C1 C24 C0 C11 <wb> C37 C0 C1 C21 C0 C11 <wb> C7 C0 C11 C31 C0 <wb> C0 C22 C0 C11 C29 C0 C16 C19 C0 C1 <wb> C19 C0 C11 <wb> C38 C0 C36 C37 C0 C1 C26 C23 <wb> C19 C0 C1 <wb> C30 C0 C34 C0 C2 C23 C9 C0 C28 C0 C1 C16 C23 C34 C0 <wb> C19 C0 C38 C0 C1 <wb> C15 C0 C2 <wb> C38 C0 C15 C0 <wb> C36 C28 C0 C24 C0 C38 C0 C1 C30 C0 <wb> C19 C0 C16 <wb> C19 C0 C33 C0 C1 <wb> C22 C0 C11 C23 <wb> C36 C4 C0 C29 C0 <wb> C19 C0 C29 C0 <wb> C1 C32 C0 C1 <wb> C15 C0 C2,train
5133,"उपन्यास में, मुसलमान और ईसाई धर्म के लोगों की, एक दूसरे के प्रति घृणा दिखाई देती है",1,6.478,1,,hindi_female_005133.wav,u p a n a y a aa s a <wb> m a ee q <wb> m a u s a l a m a aa n a <wb> ou r a <wb> ii s a aa ii <wb> dh a r a m a <wb> k a ee <wb> l a o g a o q <wb> k a ii <wb> ee k a <wb> d a uu s a r a ee <wb> k a ee <wb> p a r a t a i <wb> gh a rq nx a aa <wb> d a i kh a aa ii <wb> d a ee t a ii <wb> h a ei,C36 C28 C0 C24 C0 C38 C0 C1 C30 C0 <wb> C22 C0 C11 C23 <wb> C22 C0 C36 C30 C0 C21 C0 C22 C0 C1 C24 C0 <wb> C27 C29 C0 <wb> C16 C30 C0 C1 C16 <wb> C8 C0 C29 C0 C22 C0 <wb> C19 C0 C11 <wb> C21 C0 C26 C13 C0 C26 C23 <wb> C19 C0 C16 <wb> C11 C19 C0 <wb> C7 C0 C36 C30 C0 C29 C0 C11 <wb> C19 C0 C11 <wb> C28 C0 C29 C0 C32 C0 C16 <wb> C14 C0 C29 C25 C0 C1 <wb> C7 C0 C16 C20 C0 C1 C16 <wb> C7 C0 C11 C32 C0 C16 <wb> C15 C0 C2,train
5134,"यह, वो प्रदत्त, सिमेण्टिक पर्यावरण है, जिसमें, आतंक के बारे में, कुछ भी कहा जा सकना, संभव है",1,8.382,1,,hindi_female_005134.wav,y a h a <wb> w a o <wb> p a r a d a t a t a <wb> s a i m a ee nx a tx a i k a <wb> p a r a y a aa w a r a nx a <wb> h a ei <wb> j a i s a m a ee q <wb> aa t a q k a <wb> k a ee <wb> b a aa r a ee <wb> m a ee q <wb> k a u ch a <wb> bh a ii <wb> k a h a aa <wb> j a aa <wb> s a k a n a aa <wb> s a q bh a w a <wb> h a ei,C38 C0 C15 C0 <wb> C37 C0 C26 <wb> C28 C0 C29 C0 C7 C0 C32 C0 C32 C0 <wb> C30 C0 C16 C22 C0 C11 C25 C0 C34 C0 C16 C19 C0 <wb> C28 C0 C29 C0 C38 C0 C1 C37 C0 C29 C0 C25 C0 <wb> C15 C0 C2 <wb> C17 C0 C16 C30 C0 C22 C0 C11 C23 <wb> C1 C32 C0 C23 C19 C0 <wb> C19 C0 C11 <wb> C3 C0 C1 C29 C0 C11 <wb> C22 C0 C11 C23 <wb> C19 C0 C36 C6 C0 <wb> C4 C0 C16 <wb> C19 C0 C15 C0 C1 <wb> C17 C0 C1 <wb> C30 C0 C19 C0 C24 C0 C1 <wb> C30 C0 C23 C4 C0 C37 C0 <wb> C15 C0 C2,train
5135,"जो इस कर्म के लक्ष्य हैं, वे इसमें हैं, या नहीं हैं, या अदृश्य हैं, मौन हैं, या सज्जा हैं",1,8.197,1,,hindi_female_005135.wav,j a o <wb> i s a <wb> k a r a m a <wb> k a ee <wb> l a k a sx a y a <wb> h a ei q <wb> w a ee <wb> i s a m a ee q <wb> h a ei q <wb> y a aa <wb> n a h a ii q <wb> h a ei q <wb> y a aa <wb> a d a rq sh a y a <wb> h a ei q <wb> m a ou n a <wb> h a ei q <wb> y a aa <wb> s a j a j a aa <wb> h a ei q,C17 C0 C26 <wb> C16 C30 C0 <wb> C19 C0 C29 C0 C22 C0 <wb> C19 C0 C11 <wb> C21 C0 C19 C0 C31 C0 C38 C0 <wb> C15 C0 C2 C23 <wb> C37 C0 C11 <wb> C16 C30 C0 C22 C0 C11 C23 <wb> C15 C0 C2 C23 <wb> C38 C0 C1 <wb> C24 C0 C15 C0 C16 C23 <wb> C15 C0 C2 C23 <wb> C38 C0 C1 <wb> C0 C7 C0 C29 C31 C0 C38 C0 <wb> C15 C0 C2 C23 <wb> C22 C0 C27 C24 C0 <wb> C15 C0 C2 C23 <wb> C38 C0 C1 <wb> C30 C0 C17 C0 C17 C0 C1 <wb> C15 C0 C2 C23,train
5136,"वे त्रासदी की वर्षगांठों के अनुष्ठान में, अंकित हो गये हैं",1,4.133,1,,hindi_female_005136.wav,w a ee <wb> t a r a aa s a d a ii <wb> k a ii <wb> w a r a sx a g a aa q txh a o q <wb> k a ee <wb> a n a u sx a txh a aa n a <wb> m a ee q <wb> a q k a i t a <wb> h a o <wb> g a y a ee <wb> h a ei q,C37 C0 C11 <wb> C32 C0 C29 C0 C1 C30 C0 C7 C0 C16 <wb> C19 C0 C16 <wb> C37 C0 C29 C0 C31 C0 C13 C0 C1 C23 C35 C0 C26 C23 <wb> C19 C0 C11 <wb> C0 C24 C0 C36 C31 C0 C35 C0 C1 C24 C0 <wb> C22 C0 C11 C23 <wb> C0 C23 C19 C0 C16 C32 C0 <wb> C15 C0 C26 <wb> C13 C0 C38 C0 C11 <wb> C15 C0 C2 C23,train
5137,"आतंक और प्रति आतंक का वर्तमान, मुख्यधारा विमर्श",1,4.686,0,not_selected_by_random,,,,
5138,"एक अनुभव, और एक अवधारणा के रूप में, आतंक के समूचे अर्थ को, आतंकवाद में निश्शेष करता है",1,7.663,1,,hindi_female_005138.wav,ee k a <wb> a n a u bh a w a <wb> ou r a <wb> ee k a <wb> a w a dh a aa r a nx a aa <wb> k a ee <wb> r a uu p a <wb> m a ee q <wb> aa t a q k a <wb> k a ee <wb> s a m a uu c a ee <wb> a r a th a <wb> k a o <wb> aa t a q k a w a aa d a <wb> m a ee q <wb> n a i sh a sh a ee sx a <wb> k a r a t a aa <wb> h a ei,C11 C19 C0 <wb> C0 C24 C0 C36 C4 C0 C37 C0 <wb> C27 C29 C0 <wb> C11 C19 C0 <wb> C0 C37 C0 C8 C0 C1 C29 C0 C25 C0 C1 <wb> C19 C0 C11 <wb> C29 C0 C36 C28 C0 <wb> C22 C0 C11 C23 <wb> C1 C32 C0 C23 C19 C0 <wb> C19 C0 C11 <wb> C30 C0 C22 C0 C36 C5 C0 C11 <wb> C0 C29 C0 C33 C0 <wb> C19 C0 C26 <wb> C1 C32 C0 C23 C19 C0 C37 C0 C1 C7 C0 <wb> C22 C0 C11 C23 <wb> C24 C0 C16 C31 C0 C31 C0 C11 C31 C0 <wb> C19 C0 C29 C0 C32 C0 C1 <wb> C15 C0 C2,train
5139,"इसीलिये, वह इस अनुभव के अन्य अर्थों, संकेतनों, जिनमें इस अनुभव का इतिहास भी शामिल है, को, निष्प्रभावी करने का, प्रयत्न करता है",1,11.587,1,,hindi_female_005139.wav,i s a ii l a i y a ee <wb> w a h a <wb> i s a <wb> a n a u bh a w a <wb> k a ee <wb> a n a y a <wb> a r a th a o q <wb> s a q k a ee t a n a o q <wb> j a i n a m a ee q <wb> i s a <wb> a n a u bh a w a <wb> k a aa <wb> i t a i h a aa s a <wb> bh a ii <wb> sh a aa m a i l a <wb> h a ei <wb> k a o <wb> n a i sx a p a r a bh a aa w a ii <wb> k a r a n a ee <wb> k a aa <wb> p a r a y a t a n a <wb> k a r a t a aa <wb> h a ei,C16 C30 C0 C16 C21 C0 C16 C38 C0 C11 <wb> C37 C0 C15 C0 <wb> C16 C30 C0 <wb> C0 C24 C0 C36 C4 C0 C37 C0 <wb> C19 C0 C11 <wb> C0 C24 C0 C38 C0 <wb> C0 C29 C0 C33 C0 C26 C23 <wb> C30 C0 C23 C19 C0 C11 C32 C0 C24 C0 C26 C23 <wb> C17 C0 C16 C24 C0 C22 C0 C11 C23 <wb> C16 C30 C0 <wb> C0 C24 C0 C36 C4 C0 C37 C0 <wb> C19 C0 C1 <wb> C16 C32 C0 C16 C15 C0 C1 C30 C0 <wb> C4 C0 C16 <wb> C31 C0 C1 C22 C0 C16 C21 C0 <wb> C15 C0 C2 <wb> C19 C0 C26 <wb> C24 C0 C16 C31 C0 C28 C0 C29 C0 C4 C0 C1 C37 C0 C16 <wb> C19 C0 C29 C0 C24 C0 C11 <wb> C19 C0 C1 <wb> C28 C0 C29 C0 C38 C0 C32 C0 C24 C0 <wb> C19 C0 C29 C0 C32 C0 C1 <wb> C15 C0 C2,val
5140,"आतंक को, निष्पादित करने वालों, उसे अंजाम देने वालों का विमर्श है, उसके विक्टिम का नहीं",1,7.305,0,not_selected_by_random,,,,
5141,"बम धमाकों और सीरियल ब्लास्ट्स के साथ, हम मनुष्य के इतिहास में, एक नये चरण में प्रवेश कर गये है, हम एक सर्वथा, नये विक्टिम के समुख हैं",1,10.89,1,,hindi_female_005141.wav,b a m a <wb> dh a m a aa k a o q <wb> ou r a <wb> s a ii r a i y a l a <wb> b a l a aa s a tx a s a <wb> k a ee <wb> s a aa th a <wb> h a m a <wb> m a n a u sx a y a <wb> k a ee <wb> i t a i h a aa s a <wb> m a ee q <wb> ee k a <wb> n a y a ee <wb> c a r a nx a <wb> m a ee q <wb> p a r a w a ee sh a <wb> k a r a <wb> g a y a ee <wb> h a ei <wb> h a m a <wb> ee k a <wb> s a r a w a th a aa <wb> n a y a ee <wb> w a i k a tx a i m a <wb> k a ee <wb> s a m a u kh a <wb> h a ei q,C3 C0 C22 C0 <wb> C8 C0 C22 C0 C1 C19 C0 C26 C23 <wb> C27 C29 C0 <wb> C30 C0 C16 C29 C0 C16 C38 C0 C21 C0 <wb> C3 C0 C21 C0 C1 C30 C0 C34 C0 C30 C0 <wb> C19 C0 C11 <wb> C30 C0 C1 C33 C0 <wb> C15 C0 C22 C0 <wb> C22 C0 C24 C0 C36 C31 C0 C38 C0 <wb> C19 C0 C11 <wb> C16 C32 C0 C16 C15 C0 C1 C30 C0 <wb> C22 C0 C11 C23 <wb> C11 C19 C0 <wb> C24 C0 C38 C0 C11 <wb> C5 C0 C29 C0 C25 C0 <wb> C22 C0 C11 C23 <wb> C28 C0 C29 C0 C37 C0 C11 C31 C0 <wb> C19 C0 C29 C0 <wb> C13 C0 C38 C0 C11 <wb> C15 C0 C2 <wb> C15 C0 C22 C0 <wb> C11 C19 C0 <wb> C30 C0 C29 C0 C37 C0 C33 C0 C1 <wb> C24 C0 C38 C0 C11 <wb> C37 C0 C16 C19 C0 C34 C0 C16 C22 C0 <wb> C19 C0 C11 <wb> C30 C0 C22 C0 C36 C20 C0 <wb> C15 C0 C2 C23,train
5142,"एक ऐसा मनुष्य, जो अपनी चमड़ी के रंग, राष्ट्रीयता, धार्मिक, जातीय लैंगिक पहचान, या सम्पत्ति, या उसके अभाव के कारण नहीं, बल्कि सिर्फ़ इसलिये एक विक्टिम है, कि वो, एक स्थान विशेष पर, समय विशेष के लिये, उपस्थित था",1,19.226,1,,hindi_female_005142.wav,ee k a <wb> ei s a aa <wb> m a n a u sx a y a <wb> j a o <wb> a p a n a ii <wb> c a m a dxq a ii <wb> k a ee <wb> r a q g a <wb> r a aa sx a tx a r a ii y a t a aa <wb> dh a aa r a m a i k a <wb> j a aa t a ii y a <wb> l a ei q g a i k a <wb> p a h a c a aa n a <wb> y a aa <wb> s a m a p a t a t a i <wb> y a aa <wb> u s a k a ee <wb> a bh a aa w a <wb> k a ee <wb> k a aa r a nx a <wb> n a h a ii q <wb> b a l a k a i <wb> s a i r a f a <wb> i s a l a i y a ee <wb> ee k a <wb> w a i k a tx a i m a <wb> h a ei <wb> k a i <wb> w a o <wb> ee k a <wb> s a th a aa n a <wb> w a i sh a ee sx a <wb> p a r a <wb> s a m a y a <wb> w a i sh a ee sx a <wb> k a ee <wb> l a i y a ee <wb> u p a s a th a i t a <wb> th a aa,C11 C19 C0 <wb> C2 C30 C0 C1 <wb> C22 C0 C24 C0 C36 C31 C0 C38 C0 <wb> C17 C0 C26 <wb> C0 C28 C0 C24 C0 C16 <wb> C5 C0 C22 C0 C9 C0 C16 <wb> C19 C0 C11 <wb> C29 C0 C23 C13 C0 <wb> C29 C0 C1 C31 C0 C34 C0 C29 C0 C16 C38 C0 C32 C0 C1 <wb> C8 C0 C1 C29 C0 C22 C0 C16 C19 C0 <wb> C17 C0 C1 C32 C0 C16 C38 C0 <wb> C21 C0 C2 C23 C13 C0 C16 C19 C0 <wb> C28 C0 C15 C0 C5 C0 C1 C24 C0 <wb> C38 C0 C1 <wb> C30 C0 C22 C0 C28 C0 C32 C0 C32 C0 C16 <wb> C38 C0 C1 <wb> C36 C30 C0 C19 C0 C11 <wb> C0 C4 C0 C1 C37 C0 <wb> C19 C0 C11 <wb> C19 C0 C1 C29 C0 C25 C0 <wb> C24 C0 C15 C0 C16 C23 <wb> C3 C0 C21 C0 C19 C0 C16 <wb> C30 C0 C16 C29 C0 C12 C0 <wb> C16 C30 C0 C21 C0 C16 C38 C0 C11 <wb> C11 C19 C0 <wb> C37 C0 C16 C19 C0 C34 C0 C16 C22 C0 <wb> C15 C0 C2 <wb> C19 C0 C16 <wb> C37 C0 C26 <wb> C11 C19 C0 <wb> C30 C0 C33 C0 C1 C24 C0 <wb> C37 C0 C16 C31 C0 C11 C31 C0 <wb> C28 C0 C29 C0 <wb> C30 C0 C22 C0 C38 C0 <wb> C37 C0 C16 C31 C0 C11 C31 C0 <wb> C19 C0 C11 <wb> C21 C0 C16 C38 C0 C11 <wb> C36 C28 C0 C30 C0 C33 C0 C16 C32 C0 <wb> C33 C0 C1,test
5143,"इस विक्टिम को, उसकी अनूठी अवस्थिति को, उस पूरे विमर्श में, केन्द्रीय बनाने का अर्थ होगा, इसका प्रतिशोध, संभव नहीं है",1,9.776,1,,hindi_female_005143.wav,i s a <wb> w a i k a tx a i m a <wb> k a o <wb> u s a k a ii <wb> a n a uu txh a ii <wb> a w a s a th a i t a i <wb> k a o <wb> u s a <wb> p a uu r a ee <wb> w a i m a r a sh a <wb> m a ee q <wb> k a ee n a d a r a ii y a <wb> b a n a aa n a ee <wb> k a aa <wb> a r a th a <wb> h a o g a aa <wb> i s a k a aa <wb> p a r a t a i sh a o dh a <wb> s a q bh a w a <wb> n a h a ii q <wb> h a ei,C16 C30 C0 <wb> C37 C0 C16 C19 C0 C34 C0 C16 C22 C0 <wb> C19 C0 C26 <wb> C36 C30 C0 C19 C0 C16 <wb> C0 C24 C0 C36 C35 C0 C16 <wb> C0 C37 C0 C30 C0 C33 C0 C16 C32 C0 C16 <wb> C19 C0 C26 <wb> C36 C30 C0 <wb> C28 C0 C36 C29 C0 C11 <wb> C37 C0 C16 C22 C0 C29 C0 C31 C0 <wb> C22 C0 C11 C23 <wb> C19 C0 C11 C24 C0 C7 C0 C29 C0 C16 C38 C0 <wb> C3 C0 C24 C0 C1 C24 C0 C11 <wb> C19 C0 C1 <wb> C0 C29 C0 C33 C0 <wb> C15 C0 C26 C13 C0 C1 <wb> C16 C30 C0 C19 C0 C1 <wb> C28 C0 C29 C0 C32 C0 C16 C31 C0 C26 C8 C0 <wb> C30 C0 C23 C4 C0 C37 C0 <wb> C24 C0 C15 C0 C16 C23 <wb> C15 C0 C2,test
5144,"यदि यह एक रैन्डम हिंसा हो, तो प्रति हिंसा को उचित, न्यायोचित, बना पाना, बहुत मुश्किल है",1,7.43,1,,hindi_female_005144.wav,y a d a i <wb> y a h a <wb> ee k a <wb> r a ei n a dx a m a <wb> h a i q s a aa <wb> h a o <wb> t a o <wb> p a r a t a i <wb> h a i q s a aa <wb> k a o <wb> u c a i t a <wb> n a y a aa y a o c a i t a <wb> b a n a aa <wb> p a aa n a aa <wb> b a h a u t a <wb> m a u sh a k a i l a <wb> h a ei,C38 C0 C7 C0 C16 <wb> C38 C0 C15 C0 <wb> C11 C19 C0 <wb> C29 C0 C2 C24 C0 C9 C0 C22 C0 <wb> C15 C0 C16 C23 C30 C0 C1 <wb> C15 C0 C26 <wb> C32 C0 C26 <wb> C28 C0 C29 C0 C32 C0 C16 <wb> C15 C0 C16 C23 C30 C0 C1 <wb> C19 C0 C26 <wb> C36 C5 C0 C16 C32 C0 <wb> C24 C0 C38 C0 C1 C38 C0 C26 C5 C0 C16 C32 C0 <wb> C3 C0 C24 C0 C1 <wb> C28 C0 C1 C24 C0 C1 <wb> C3 C0 C15 C0 C36 C32 C0 <wb> C22 C0 C36 C31 C0 C19 C0 C16 C21 C0 <wb> C15 C0 C2,train
5145,"ऐसी हिंसा को, जिसकी कोई, नस्लीय, धार्मिक, जातीय, लैंगिक, विचारधारात्मक, वर्गीय वरीयताएँ नहीं हैं, वह हमें सबसे विचित्र, असमंजस में डालती है",1,13.909,1,,hindi_female_005145.wav,ei s a ii <wb> h a i q s a aa <wb> k a o <wb> j a i s a k a ii <wb> k a o ii <wb> n a s a l a ii y a <wb> dh a aa r a m a i k a <wb> j a aa t a ii y a <wb> l a ei q g a i k a <wb> w a i c a aa r a dh a aa r a aa t a m a k a <wb> w a r a g a ii y a <wb> w a r a ii y a t a aa ee mq <wb> n a h a ii q <wb> h a ei q <wb> w a h a <wb> h a m a ee q <wb> s a b a s a ee <wb> w a i c a i t a r a <wb> a s a m a q j a s a <wb> m a ee q <wb> dx a aa l a t a ii <wb> h a ei,C2 C30 C0 C16 <wb> C15 C0 C16 C23 C30 C0 C1 <wb> C19 C0 C26 <wb> C17 C0 C16 C30 C0 C19 C0 C16 <wb> C19 C0 C26 C16 <wb> C24 C0 C30 C0 C21 C0 C16 C38 C0 <wb> C8 C0 C1 C29 C0 C22 C0 C16 C19 C0 <wb> C17 C0 C1 C32 C0 C16 C38 C0 <wb> C21 C0 C2 C23 C13 C0 C16 C19 C0 <wb> C37 C0 C16 C5 C0 C1 C29 C0 C8 C0 C1 C29 C0 C1 C32 C0 C22 C0 C19 C0 <wb> C37 C0 C29 C0 C13 C0 C16 C38 C0 <wb> C37 C0 C29 C0 C16 C38 C0 C32 C0 C1 C11 C23 <wb> C24 C0 C15 C0 C16 C23 <wb> C15 C0 C2 C23 <wb> C37 C0 C15 C0 <wb> C15 C0 C22 C0 C11 C23 <wb> C30 C0 C3 C0 C30 C0 C11 <wb> C37 C0 C16 C5 C0 C16 C32 C0 C29 C0 <wb> C0 C30 C0 C22 C0 C23 C17 C0 C30 C0 <wb> C22 C0 C11 C23 <wb> C9 C0 C1 C21 C0 C32 C0 C16 <wb> C15 C0 C2,train
5146,"यह अंक आतंक के विमर्श है, उसके सार्वजनिक, मुख्यधारा वचन में, इस सर्वथा नये विक्टिम्स की त्रासदी को, उसकी अनुपस्थिति, उसके मौन, उसकी आवाज़ को, सुनने पढ़ने की एक छोटी सी, कई तरह से, अपर्याप्त कोशिश है",1,19.423,0,not_selected_by_random,,,,
5147,"खुद, इस विमर्श के भीतर, यह प्रत्यक्ष, या परोक्ष रूप से, सभ्यताओं का टकराव है",1,6.362,1,,hindi_female_005147.wav,kh a u d a <wb> i s a <wb> w a i m a r a sh a <wb> k a ee <wb> bh a ii t a r a <wb> y a h a <wb> p a r a t a y a k a sx a <wb> y a aa <wb> p a r a o k a sx a <wb> r a uu p a <wb> s a ee <wb> s a bh a y a t a aa o q <wb> k a aa <wb> tx a k a r a aa w a <wb> h a ei,C20 C0 C36 C7 C0 <wb> C16 C30 C0 <wb> C37 C0 C16 C22 C0 C29 C0 C31 C0 <wb> C19 C0 C11 <wb> C4 C0 C16 C32 C0 C29 C0 <wb> C38 C0 C15 C0 <wb> C28 C0 C29 C0 C32 C0 C38 C0 C19 C0 C31 C0 <wb> C38 C0 C1 <wb> C28 C0 C29 C0 C26 C19 C0 C31 C0 <wb> C29 C0 C36 C28 C0 <wb> C30 C0 C11 <wb> C30 C0 C4 C0 C38 C0 C32 C0 C1 C26 C23 <wb> C19 C0 C1 <wb> C34 C0 C19 C0 C29 C0 C1 C37 C0 <wb> C15 C0 C2,test
5148,"किंतु, सौभाग्य से, इस एक सभ्यता के भीतर टकराव, एक व्यक्ति, समुदाय, संस्कृति के हिंसक आत्म, और अहिंसक आत्म के बीच टकराव की तरह, पढ़ने विश्लेषित करने की कोशिशें भी हुई हैं",1,15.929,1,,hindi_female_005148.wav,k a i q t a u <wb> s a ou bh a aa g a y a <wb> s a ee <wb> i s a <wb> ee k a <wb> s a bh a y a t a aa <wb> k a ee <wb> bh a ii t a r a <wb> tx a k a r a aa w a <wb> ee k a <wb> w a y a k a t a i <wb> s a m a u d a aa y a <wb> s a q s a k a rq t a i <wb> k a ee <wb> h a i q s a k a <wb> aa t a m a <wb> ou r a <wb> a h a i q s a k a <wb> aa t a m a <wb> k a ee <wb> b a ii c a <wb> tx a k a r a aa w a <wb> k a ii <wb> t a r a h a <wb> p a dxhq a n a ee <wb> w a i sh a l a ee sx a i t a <wb> k a r a n a ee <wb> k a ii <wb> k a o sh a i sh a ee q <wb> bh a ii <wb> h a u ii <wb> h a ei q,C19 C0 C16 C23 C32 C0 C36 <wb> C30 C0 C27 C4 C0 C1 C13 C0 C38 C0 <wb> C30 C0 C11 <wb> C16 C30 C0 <wb> C11 C19 C0 <wb> C30 C0 C4 C0 C38 C0 C32 C0 C1 <wb> C19 C0 C11 <wb> C4 C0 C16 C32 C0 C29 C0 <wb> C34 C0 C19 C0 C29 C0 C1 C37 C0 <wb> C11 C19 C0 <wb> C37 C0 C38 C0 C19 C0 C32 C0 C16 <wb> C30 C0 C22 C0 C36 C7 C0 C1 C38 C0 <wb> C30 C0 C23 C30 C0 C19 C0 C29 C32 C0 C16 <wb> C19 C0 C11 <wb> C15 C0 C16 C23 C30 C0 C19 C0 <wb> C1 C32 C0 C22 C0 <wb> C27 C29 C0 <wb> C0 C15 C0 C16 C23 C30 C0 C19 C0 <wb> C1 C32 C0 C22 C0 <wb> C19 C0 C11 <wb> C3 C0 C16 C5 C0 <wb> C34 C0 C19 C0 C29 C0 C1 C37 C0 <wb> C19 C0 C16 <wb> C32 C0 C29 C0 C15 C0 <wb> C28 C0 C10 C0 C24 C0 C11 <wb> C37 C0 C16 C31 C0 C21 C0 C11 C31 C0 C16 C32 C0 <wb> C19 C0 C29 C0 C24 C0 C11 <wb> C19 C0 C16 <wb> C19 C0 C26 C31 C0 C16 C31 C0 C11 C23 <wb> C4 C0 C16 <wb> C15 C0 C36 C16 <wb> C15 C0 C2 C23,train
5150,"जब प्लास्टिक का फूल बनाने को कहो, तो इंडिया बनाता है केवल, टूथ ब्रश",1,5.387,1,,hindi_female_005150.wav,j a b a <wb> p a l a aa s a tx a i k a <wb> k a aa <wb> ph a uu l a <wb> b a n a aa n a ee <wb> k a o <wb> k a h a o <wb> t a o <wb> i q dx a i y a aa <wb> b a n a aa t a aa <wb> h a ei <wb> k a ee w a l a <wb> tx a uu th a <wb> b a r a sh a,C17 C0 C3 C0 <wb> C28 C0 C21 C0 C1 C30 C0 C34 C0 C16 C19 C0 <wb> C19 C0 C1 <wb> C12 C0 C36 C21 C0 <wb> C3 C0 C24 C0 C1 C24 C0 C11 <wb> C19 C0 C26 <wb> C19 C0 C15 C0 C26 <wb> C32 C0 C26 <wb> C16 C23 C9 C0 C16 C38 C0 C1 <wb> C3 C0 C24 C0 C1 C32 C0 C1 <wb> C15 C0 C2 <wb> C19 C0 C11 C37 C0 C21 C0 <wb> C34 C0 C36 C33 C0 <wb> C3 C0 C29 C0 C31 C0,train
5151,"जो भी हो, अगर आप मुझे मारना चाहते हैं, तो कृपया मुझे, भारतीय बंदूक से ही मारिए",1,7.534,0,not_selected_by_random,,,,
5155,"अजीब दिखते हुए, उस बुढ्ढे, और उसकी बीवी को मार डाला",1,3.971,1,,hindi_female_005155.wav,a j a ii b a <wb> d a i kh a t a ee <wb> h a u ee <wb> u s a <wb> b a u dxh a dxh a ee <wb> ou r a <wb> u s a k a ii <wb> b a ii w a ii <wb> k a o <wb> m a aa r a <wb> dx a aa l a aa,C0 C17 C0 C16 C3 C0 <wb> C7 C0 C16 C20 C0 C32 C0 C11 <wb> C15 C0 C36 C11 <wb> C36 C30 C0 <wb> C3 C0 C36 C10 C0 C10 C0 C11 <wb> C27 C29 C0 <wb> C36 C30 C0 C19 C0 C16 <wb> C3 C0 C16 C37 C0 C16 <wb> C19 C0 C26 <wb> C22 C0 C1 C29 C0 <wb> C9 C0 C1 C21 C0 C1,test
5159,"इसकी समझ या परवाह होने के बदले, अपने प्रतिद्वंदियों, हिंदी के स्थापित प्रकाशकों, राजकमल, वाणी, यानपीठ के बारे में, क्या राय थी",1,12.089,0,not_selected_by_random,,,,
5163,"इसके अलावा, बिल्कुल नए और अलग या ज्वलंत मुद्दों पर भी, हमने किताबें छापी हैं",1,5.364,1,,hindi_female_005163.wav,i s a k a ee <wb> a l a aa w a aa <wb> b a i l a k a u l a <wb> n a ee <wb> ou r a <wb> a l a g a <wb> y a aa <wb> j a w a l a q t a <wb> m a u d a d a o q <wb> p a r a <wb> bh a ii <wb> h a m a n a ee <wb> k a i t a aa b a ee q <wb> ch a aa p a ii <wb> h a ei q,C16 C30 C0 C19 C0 C11 <wb> C0 C21 C0 C1 C37 C0 C1 <wb> C3 C0 C16 C21 C0 C19 C0 C36 C21 C0 <wb> C24 C0 C11 <wb> C27 C29 C0 <wb> C0 C21 C0 C13 C0 <wb> C38 C0 C1 <wb> C17 C0 C37 C0 C21 C0 C23 C32 C0 <wb> C22 C0 C36 C7 C0 C7 C0 C26 C23 <wb> C28 C0 C29 C0 <wb> C4 C0 C16 <wb> C15 C0 C22 C0 C24 C0 C11 <wb> C19 C0 C16 C32 C0 C1 C3 C0 C11 C23 <wb> C6 C0 C1 C28 C0 C16 <wb> C15 C0 C2 C23,test
5165,"इन चार बरसों में, हिंदी में दुर्भाग्य से मज़बूत लाइब्रेरी, संस्कृति है",1,4.946,1,,hindi_female_005165.wav,i n a <wb> c a aa r a <wb> b a r a s a o q <wb> m a ee q <wb> h a i q d a ii <wb> m a ee q <wb> d a u r a bh a aa g a y a <wb> s a ee <wb> m a z a b a uu t a <wb> l a aa i b a r a ee r a ii <wb> s a q s a k a rq t a i <wb> h a ei,C16 C24 C0 <wb> C5 C0 C1 C29 C0 <wb> C3 C0 C29 C0 C30 C0 C26 C23 <wb> C22 C0 C11 C23 <wb> C15 C0 C16 C23 C7 C0 C16 <wb> C22 C0 C11 C23 <wb> C7 C0 C36 C29 C0 C4 C0 C1 C13 C0 C38 C0 <wb> C30 C0 C11 <wb> C22 C0 C17 C0 C3 C0 C36 C32 C0 <wb> C21 C0 C1 C16 C3 C0 C29 C0 C11 C29 C0 C16 <wb> C30 C0 C23 C30 C0 C19 C0 C29 C32 C0 C16 <wb> C15 C0 C2,val
5167,"अपनी अभद्र टिप्पणियों और अशिक्षितों के बारे में, अपने जोक्स के लिये विख्यात, और भडकीले सूट पहनने वाला, यह प्रस्तोता, एक बार लाईव शो के दौरान, पैगंबर मुहम्मद के बारे में, एक आपत्तिजनक टिप्पणी कर बैठता है",1,14.97,0,not_selected_by_random,,,,
5168,"एक ऐसी भयंकर भूल, जिसे अधिकांश ऊंघते दर्शक तो शायद इग्नोर कर जाते हैं",1,5.944,1,,hindi_female_005168.wav,ee k a <wb> ei s a ii <wb> bh a y a q k a r a <wb> bh a uu l a <wb> j a i s a ee <wb> a dh a i k a aa q sh a <wb> uu q gh a t a ee <wb> d a r a sh a k a <wb> t a o <wb> sh a aa y a d a <wb> i g a n a o r a <wb> k a r a <wb> j a aa t a ee <wb> h a ei q,C11 C19 C0 <wb> C2 C30 C0 C16 <wb> C4 C0 C38 C0 C23 C19 C0 C29 C0 <wb> C4 C0 C36 C21 C0 <wb> C17 C0 C16 C30 C0 C11 <wb> C0 C8 C0 C16 C19 C0 C1 C23 C31 C0 <wb> C36 C23 C14 C0 C32 C0 C11 <wb> C7 C0 C29 C0 C31 C0 C19 C0 <wb> C32 C0 C26 <wb> C31 C0 C1 C38 C0 C7 C0 <wb> C16 C13 C0 C24 C0 C26 C29 C0 <wb> C19 C0 C29 C0 <wb> C17 C0 C1 C32 C0 C11 <wb> C15 C0 C2 C23,train
5169,रमेश इस्ताम्बुल प्रेस को एक ख़त भेजता है,1,3.915,0,not_selected_by_random,,,,
5170,"शनिवार को, काम निपटाने में देरी हो जाने के कारण, मनीषा कार्यालय में, अकेली रह गई थी",1,6.107,1,,hindi_female_005170.wav,sh a n a i w a aa r a <wb> k a o <wb> k a aa m a <wb> n a i p a tx a aa n a ee <wb> m a ee q <wb> d a ee r a ii <wb> h a o <wb> j a aa n a ee <wb> k a ee <wb> k a aa r a nx a <wb> m a n a ii sx a aa <wb> k a aa r a y a aa l a y a <wb> m a ee q <wb> a k a ee l a ii <wb> r a h a <wb> g a ii <wb> th a ii,C31 C0 C24 C0 C16 C37 C0 C1 C29 C0 <wb> C19 C0 C26 <wb> C19 C0 C1 C22 C0 <wb> C24 C0 C16 C28 C0 C34 C0 C1 C24 C0 C11 <wb> C22 C0 C11 C23 <wb> C7 C0 C11 C29 C0 C16 <wb> C15 C0 C26 <wb> C17 C0 C1 C24 C0 C11 <wb> C19 C0 C11 <wb> C19 C0 C1 C29 C0 C25 C0 <wb> C22 C0 C24 C0 C16 C31 C0 C1 <wb> C19 C0 C1 C29 C0 C38 C0 C1 C21 C0 C38 C0 <wb> C22 C0 C11 C23 <wb> C0 C19 C0 C11 C21 C0 C16 <wb> C29 C0 C15 C0 <wb> C13 C0 C16 <wb> C33 C0 C16,train
5174,"ये सैट आधे अधूरे रूप में, आज भी मौजूद है",1,3.297,1,,hindi_female_005174.wav,y a ee <wb> s a ei tx a <wb> aa dh a ee <wb> a dh a uu r a ee <wb> r a uu p a <wb> m a ee q <wb> aa j a <wb> bh a ii <wb> m a ou j a uu d a <wb> h a ei,C38 C0 C11 <wb> C30 C0 C2 C34 C0 <wb> C1 C8 C0 C11 <wb> C0 C8 C0 C36 C29 C0 C11 <wb> C29 C0 C36 C28 C0 <wb> C22 C0 C11 C23 <wb> C1 C17 C0 <wb> C4 C0 C16 <wb> C22 C0 C27 C17 C0 C36 C7 C0 <wb> C15 C0 C2,test
5175,"जहां तक लिनक्स का सवाल था, लिनक्स का प्रयोग भी खूब किया गया, लेकिन, इसका उपयोग, अधिकतर सर्वर पर ही किया, डेस्क टाप पर नहीं",1,8.893,1,,hindi_female_005175.wav,j a h a aa q <wb> t a k a <wb> l a i n a k a s a <wb> k a aa <wb> s a w a aa l a <wb> th a aa <wb> l a i n a k a s a <wb> k a aa <wb> p a r a y a o g a <wb> bh a ii <wb> kh a uu b a <wb> k a i y a aa <wb> g a y a aa <wb> l a ee k a i n a <wb> i s a k a aa <wb> u p a y a o g a <wb> a dh a i k a t a r a <wb> s a r a w a r a <wb> p a r a <wb> h a ii <wb> k a i y a aa <wb> dx a ee s a k a <wb> tx a aa p a <wb> p a r a <wb> n a h a ii q,C17 C0 C15 C0 C1 C23 <wb> C32 C0 C19 C0 <wb> C21 C0 C16 C24 C0 C19 C0 C30 C0 <wb> C19 C0 C1 <wb> C30 C0 C37 C0 C1 C21 C0 <wb> C33 C0 C1 <wb> C21 C0 C16 C24 C0 C19 C0 C30 C0 <wb> C19 C0 C1 <wb> C28 C0 C29 C0 C38 C0 C26 C13 C0 <wb> C4 C0 C16 <wb> C20 C0 C36 C3 C0 <wb> C19 C0 C16 C38 C0 C1 <wb> C13 C0 C38 C0 C1 <wb> C21 C0 C11 C19 C0 C16 C24 C0 <wb> C16 C30 C0 C19 C0 C1 <wb> C36 C28 C0 C38 C0 C26 C13 C0 <wb> C0 C8 C0 C16 C19 C0 C32 C0 C29 C0 <wb> C30 C0 C29 C0 C37 C0 C29 C0 <wb> C28 C0 C29 C0 <wb> C15 C0 C16 <wb> C19 C0 C16 C38 C0 C1 <wb> C9 C0 C11 C30 C0 C19 C0 <wb> C34 C0 C1 C28 C0 <wb> C28 C0 C29 C0 <wb> C24 C0 C15 C0 C16 C23,train
5176,"हम लोग, काम करते थे, तो युनिक्स पर, हाथ साफ़ था",1,3.855,1,,hindi_female_005176.wav,h a m a <wb> l a o g a <wb> k a aa m a <wb> k a r a t a ee <wb> th a ee <wb> t a o <wb> y a u n a i k a s a <wb> p a r a <wb> h a aa th a <wb> s a aa f a <wb> th a aa,C15 C0 C22 C0 <wb> C21 C0 C26 C13 C0 <wb> C19 C0 C1 C22 C0 <wb> C19 C0 C29 C0 C32 C0 C11 <wb> C33 C0 C11 <wb> C32 C0 C26 <wb> C38 C0 C36 C24 C0 C16 C19 C0 C30 C0 <wb> C28 C0 C29 C0 <wb> C15 C0 C1 C33 C0 <wb> C30 C0 C1 C12 C0 <wb> C33 C0 C1,train
5178,पूरा का पूरा मेल सिस्टम लिनक्स पर बदला,1,2.786,1,,hindi_female_005178.wav,p a uu r a aa <wb> k a aa <wb> p a uu r a aa <wb> m a ee l a <wb> s a i s a tx a m a <wb> l a i n a k a s a <wb> p a r a <wb> b a d a l a aa,C28 C0 C36 C29 C0 C1 <wb> C19 C0 C1 <wb> C28 C0 C36 C29 C0 C1 <wb> C22 C0 C11 C21 C0 <wb> C30 C0 C16 C30 C0 C34 C0 C22 C0 <wb> C21 C0 C16 C24 C0 C19 C0 C30 C0 <wb> C28 C0 C29 C0 <wb> C3 C0 C7 C0 C21 C0 C1,train
5180,"ये सम्पादकीय, ऐसी सामाजिक वैयक्तिक महात्वकांक्षाओं से लबरेज़ होते हैं, कि हमें अपने साथ गिरा लेते हैं",1,7.686,1,,hindi_female_005180.wav,y a ee <wb> s a m a p a aa d a k a ii y a <wb> ei s a ii <wb> s a aa m a aa j a i k a <wb> w a ei y a k a t a i k a <wb> m a h a aa t a w a k a aa q k a sx a aa o q <wb> s a ee <wb> l a b a r a ee z a <wb> h a o t a ee <wb> h a ei q <wb> k a i <wb> h a m a ee q <wb> a p a n a ee <wb> s a aa th a <wb> g a i r a aa <wb> l a ee t a ee <wb> h a ei q,C38 C0 C11 <wb> C30 C0 C22 C0 C28 C0 C1 C7 C0 C19 C0 C16 C38 C0 <wb> C2 C30 C0 C16 <wb> C30 C0 C1 C22 C0 C1 C17 C0 C16 C19 C0 <wb> C37 C0 C2 C38 C0 C19 C0 C32 C0 C16 C19 C0 <wb> C22 C0 C15 C0 C1 C32 C0 C37 C0 C19 C0 C1 C23 C19 C0 C31 C0 C1 C26 C23 <wb> C30 C0 C11 <wb> C21 C0 C3 C0 C29 C0 C11 C17 C0 <wb> C15 C0 C26 C32 C0 C11 <wb> C15 C0 C2 C23 <wb> C19 C0 C16 <wb> C15 C0 C22 C0 C11 C23 <wb> C0 C28 C0 C24 C0 C11 <wb> C30 C0 C1 C33 C0 <wb> C13 C0 C16 C29 C0 C1 <wb> C21 C0 C11 C32 C0 C11 <wb> C15 C0 C2 C23,train
5184,"वहाँ मेरे दोस्त, ब्रिगेडियर सिन्हा का घर, और बाग हैं, वहाँ तू बस उनके परिवार के साथ, छुट्टियाँ बिताने जा रहा है",1,8.359,1,,hindi_female_005184.wav,w a h a aa mq <wb> m a ee r a ee <wb> d a o s a t a <wb> b a r a i g a ee dx a i y a r a <wb> s a i n a h a aa <wb> k a aa <wb> gh a r a <wb> ou r a <wb> b a aa g a <wb> h a ei q <wb> w a h a aa mq <wb> t a uu <wb> b a s a <wb> u n a k a ee <wb> p a r a i w a aa r a <wb> k a ee <wb> s a aa th a <wb> ch a u tx a tx a i y a aa mq <wb> b a i t a aa n a ee <wb> j a aa <wb> r a h a aa <wb> h a ei,C37 C0 C15 C0 C1 C23 <wb> C22 C0 C11 C29 C0 C11 <wb> C7 C0 C26 C30 C0 C32 C0 <wb> C3 C0 C29 C0 C16 C13 C0 C11 C9 C0 C16 C38 C0 C29 C0 <wb> C30 C0 C16 C24 C0 C15 C0 C1 <wb> C19 C0 C1 <wb> C14 C0 C29 C0 <wb> C27 C29 C0 <wb> C3 C0 C1 C13 C0 <wb> C15 C0 C2 C23 <wb> C37 C0 C15 C0 C1 C23 <wb> C32 C0 C36 <wb> C3 C0 C30 C0 <wb> C36 C24 C0 C19 C0 C11 <wb> C28 C0 C29 C0 C16 C37 C0 C1 C29 C0 <wb> C19 C0 C11 <wb> C30 C0 C1 C33 C0 <wb> C6 C0 C36 C34 C0 C34 C0 C16 C38 C0 C1 C23 <wb> C3 C0 C16 C32 C0 C1 C24 C0 C11 <wb> C17 C0 C1 <wb> C29 C0 C15 C0 C1 <wb> C15 C0 C2,val
5185,"उन्होंने तुझे, बचपन में देखा था, बडा बुला रहे थे, मैं अगले सप्ताह पोहुँच जाऊंगा",1,6.845,0,not_selected_by_random,,,,
5186,"बस चलते ही, अच्छा मौसम होने के बावजूद, यह बात सोच, अविनाश का मन, कडवी स्मृतियों से भर गया, आँखे जलने लगीं, और उस अपमान को याद कर, पूरा ही वजूद, तिलमिला गया",1,13.584,1,,hindi_female_005186.wav,b a s a <wb> c a l a t a ee <wb> h a ii <wb> a c a ch a aa <wb> m a ou s a m a <wb> h a o n a ee <wb> k a ee <wb> b a aa w a j a uu d a <wb> y a h a <wb> b a aa t a <wb> s a o c a <wb> a w a i n a aa sh a <wb> k a aa <wb> m a n a <wb> k a dx a w a ii <wb> s a m a rq t a i y a o q <wb> s a ee <wb> bh a r a <wb> g a y a aa <wb> aa mq kh a ee <wb> j a l a n a ee <wb> l a g a ii q <wb> ou r a <wb> u s a <wb> a p a m a aa n a <wb> k a o <wb> y a aa d a <wb> k a r a <wb> p a uu r a aa <wb> h a ii <wb> w a j a uu d a <wb> t a i l a m a i l a aa <wb> g a y a aa,C3 C0 C30 C0 <wb> C5 C0 C21 C0 C32 C0 C11 <wb> C15 C0 C16 <wb> C0 C5 C0 C6 C0 C1 <wb> C22 C0 C27 C30 C0 C22 C0 <wb> C15 C0 C26 C24 C0 C11 <wb> C19 C0 C11 <wb> C3 C0 C1 C37 C0 C17 C0 C36 C7 C0 <wb> C38 C0 C15 C0 <wb> C3 C0 C1 C32 C0 <wb> C30 C0 C26 C5 C0 <wb> C0 C37 C0 C16 C24 C0 C1 C31 C0 <wb> C19 C0 C1 <wb> C22 C0 C24 C0 <wb> C19 C0 C9 C0 C37 C0 C16 <wb> C30 C0 C22 C0 C29 C32 C0 C16 C38 C0 C26 C23 <wb> C30 C0 C11 <wb> C4 C0 C29 C0 <wb> C13 C0 C38 C0 C1 <wb> C1 C23 C20 C0 C11 <wb> C17 C0 C21 C0 C24 C0 C11 <wb> C21 C0 C13 C0 C16 C23 <wb> C27 C29 C0 <wb> C36 C30 C0 <wb> C0 C28 C0 C22 C0 C1 C24 C0 <wb> C19 C0 C26 <wb> C38 C0 C1 C7 C0 <wb> C19 C0 C29 C0 <wb> C28 C0 C36 C29 C0 C1 <wb> C15 C0 C16 <wb> C37 C0 C17 C0 C36 C7 C0 <wb> C32 C0 C16 C21 C0 C22 C0 C16 C21 C0 C1 <wb> C13 C0 C38 C0 C1,test
5189,"हिन्दी में सब कवियों की पुस्तकें, तीन सौ, चार सौ छपती हैं, पर हिन्दी में हर वर्ष, चार सौ से हज़ार काव्य पुस्तकें छपती हैं",1,8.707,1,,hindi_female_005189.wav,h a i n a d a ii <wb> m a ee q <wb> s a b a <wb> k a w a i y a o q <wb> k a ii <wb> p a u s a t a k a ee q <wb> t a ii n a <wb> s a ou <wb> c a aa r a <wb> s a ou <wb> ch a p a t a ii <wb> h a ei q <wb> p a r a <wb> h a i n a d a ii <wb> m a ee q <wb> h a r a <wb> w a r a sx a <wb> c a aa r a <wb> s a ou <wb> s a ee <wb> h a z a aa r a <wb> k a aa w a y a <wb> p a u s a t a k a ee q <wb> ch a p a t a ii <wb> h a ei q,C15 C0 C16 C24 C0 C7 C0 C16 <wb> C22 C0 C11 C23 <wb> C30 C0 C3 C0 <wb> C19 C0 C37 C0 C16 C38 C0 C26 C23 <wb> C19 C0 C16 <wb> C28 C0 C36 C30 C0 C32 C0 C19 C0 C11 C23 <wb> C32 C0 C16 C24 C0 <wb> C30 C0 C27 <wb> C5 C0 C1 C29 C0 <wb> C30 C0 C27 <wb> C6 C0 C28 C0 C32 C0 C16 <wb> C15 C0 C2 C23 <wb> C28 C0 C29 C0 <wb> C15 C0 C16 C24 C0 C7 C0 C16 <wb> C22 C0 C11 C23 <wb> C15 C0 C29 C0 <wb> C37 C0 C29 C0 C31 C0 <wb> C5 C0 C1 C29 C0 <wb> C30 C0 C27 <wb> C30 C0 C11 <wb> C15 C0 C17 C0 C1 C29 C0 <wb> C19 C0 C1 C37 C0 C38 C0 <wb> C28 C0 C36 C30 C0 C32 C0 C19 C0 C11 C23 <wb> C6 C0 C28 C0 C32 C0 C16 <wb> C15 C0 C2 C23,train
5190,"पर मन मे छाले हैं कि, सूखते नहीं, बल्कि बार बार फूट कर, उसे आहत करते हैं, उसका क्या गुनाह था",1,7.802,1,,hindi_female_005190.wav,p a r a <wb> m a n a <wb> m a ee <wb> ch a aa l a ee <wb> h a ei q <wb> k a i <wb> s a uu kh a t a ee <wb> n a h a ii q <wb> b a l a k a i <wb> b a aa r a <wb> b a aa r a <wb> ph a uu tx a <wb> k a r a <wb> u s a ee <wb> aa h a t a <wb> k a r a t a ee <wb> h a ei q <wb> u s a k a aa <wb> k a y a aa <wb> g a u n a aa h a <wb> th a aa,C28 C0 C29 C0 <wb> C22 C0 C24 C0 <wb> C22 C0 C11 <wb> C6 C0 C1 C21 C0 C11 <wb> C15 C0 C2 C23 <wb> C19 C0 C16 <wb> C30 C0 C36 C20 C0 C32 C0 C11 <wb> C24 C0 C15 C0 C16 C23 <wb> C3 C0 C21 C0 C19 C0 C16 <wb> C3 C0 C1 C29 C0 <wb> C3 C0 C1 C29 C0 <wb> C12 C0 C36 C34 C0 <wb> C19 C0 C29 C0 <wb> C36 C30 C0 C11 <wb> C1 C15 C0 C32 C0 <wb> C19 C0 C29 C0 C32 C0 C11 <wb> C15 C0 C2 C23 <wb> C36 C30 C0 C19 C0 C1 <wb> C19 C0 C38 C0 C1 <wb> C13 C0 C36 C24 C0 C1 C15 C0 <wb> C33 C0 C1,train
5194,"देखने दिखाने की रस्म के बाद, सबके कहने पर, एकांत में उसने, एक संक्षिप्त बात की, और वह, अचानक उठ कर चली गई, तब उसे लगा था कि शर्मा रही होगी",1,12.028,1,,hindi_female_005194.wav,d a ee kh a n a ee <wb> d a i kh a aa n a ee <wb> k a ii <wb> r a s a m a <wb> k a ee <wb> b a aa d a <wb> s a b a k a ee <wb> k a h a n a ee <wb> p a r a <wb> ee k a aa q t a <wb> m a ee q <wb> u s a n a ee <wb> ee k a <wb> s a q k a sx a i p a t a <wb> b a aa t a <wb> k a ii <wb> ou r a <wb> w a h a <wb> a c a aa n a k a <wb> u txh a <wb> k a r a <wb> c a l a ii <wb> g a ii <wb> t a b a <wb> u s a ee <wb> l a g a aa <wb> th a aa <wb> k a i <wb> sh a r a m a aa <wb> r a h a ii <wb> h a o g a ii,C7 C0 C11 C20 C0 C24 C0 C11 <wb> C7 C0 C16 C20 C0 C1 C24 C0 C11 <wb> C19 C0 C16 <wb> C29 C0 C30 C0 C22 C0 <wb> C19 C0 C11 <wb> C3 C0 C1 C7 C0 <wb> C30 C0 C3 C0 C19 C0 C11 <wb> C19 C0 C15 C0 C24 C0 C11 <wb> C28 C0 C29 C0 <wb> C11 C19 C0 C1 C23 C32 C0 <wb> C22 C0 C11 C23 <wb> C36 C30 C0 C24 C0 C11 <wb> C11 C19 C0 <wb> C30 C0 C23 C19 C0 C31 C0 C16 C28 C0 C32 C0 <wb> C3 C0 C1 C32 C0 <wb> C19 C0 C16 <wb> C27 C29 C0 <wb> C37 C0 C15 C0 <wb> C0 C5 C0 C1 C24 C0 C19 C0 <wb> C36 C35 C0 <wb> C19 C0 C29 C0 <wb> C5 C0 C21 C0 C16 <wb> C13 C0 C16 <wb> C32 C0 C3 C0 <wb> C36 C30 C0 C11 <wb> C21 C0 C13 C0 C1 <wb> C33 C0 C1 <wb> C19 C0 C16 <wb> C31 C0 C29 C0 C22 C0 C1 <wb> C29 C0 C15 C0 C16 <wb> C15 C0 C26 C13 C0 C16,train
5195,"शादी के ताम झाम के बाद, जब अपनी जीवन संगिनी से मिलने की, एक दूसरे को जानने की रात आई, तो शादी के शानदार पलंग पर, फूलों की सजावट के बीच, उसे लाल जोडे में, अपनी दुल्हन नहीं मिली",1,14.292,0,not_selected_by_random,,,,
5196,"मुझे छूना मत, यह शादी नहीं है, अविनाश समझौता है",1,4.435,1,,hindi_female_005196.wav,m a u jh a ee <wb> ch a uu n a aa <wb> m a t a <wb> y a h a <wb> sh a aa d a ii <wb> n a h a ii q <wb> h a ei <wb> a w a i n a aa sh a <wb> s a m a jh a ou t a aa <wb> h a ei,C22 C0 C36 C18 C0 C11 <wb> C6 C0 C36 C24 C0 C1 <wb> C22 C0 C32 C0 <wb> C38 C0 C15 C0 <wb> C31 C0 C1 C7 C0 C16 <wb> C24 C0 C15 C0 C16 C23 <wb> C15 C0 C2 <wb> C0 C37 C0 C16 C24 C0 C1 C31 C0 <wb> C30 C0 C22 C0 C18 C0 C27 C32 C0 C1 <wb> C15 C0 C2,train
5197,"वह सुन्दर चेहरा, वितृष्णा से भर गया था",1,3.019,1,,hindi_female_005197.wav,w a h a <wb> s a u n a d a r a <wb> c a ee h a r a aa <wb> w a i t a rq sx a nx a aa <wb> s a ee <wb> bh a r a <wb> g a y a aa <wb> th a aa,C37 C0 C15 C0 <wb> C30 C0 C36 C24 C0 C7 C0 C29 C0 <wb> C5 C0 C11 C15 C0 C29 C0 C1 <wb> C37 C0 C16 C32 C0 C29 C31 C0 C25 C0 C1 <wb> C30 C0 C11 <wb> C4 C0 C29 C0 <wb> C13 C0 C38 C0 C1 <wb> C33 C0 C1,train
5198,"उसके बाद जब वह अगले दिन मायके गई, तो उसकी जगह लौट कर, विवाह को शून्य साबित करने के लिये, उसके वकील का नोटिस आया, जिसमें आरोप था कि, वह नपुंसक है, और विवाह के योग्य नहीं",1,13.119,1,,hindi_female_005198.wav,u s a k a ee <wb> b a aa d a <wb> j a b a <wb> w a h a <wb> a g a l a ee <wb> d a i n a <wb> m a aa y a k a ee <wb> g a ii <wb> t a o <wb> u s a k a ii <wb> j a g a h a <wb> l a ou tx a <wb> k a r a <wb> w a i w a aa h a <wb> k a o <wb> sh a uu n a y a <wb> s a aa b a i t a <wb> k a r a n a ee <wb> k a ee <wb> l a i y a ee <wb> u s a k a ee <wb> w a k a ii l a <wb> k a aa <wb> n a o tx a i s a <wb> aa y a aa <wb> j a i s a m a ee q <wb> aa r a o p a <wb> th a aa <wb> k a i <wb> w a h a <wb> n a p a u q s a k a <wb> h a ei <wb> ou r a <wb> w a i w a aa h a <wb> k a ee <wb> y a o g a y a <wb> n a h a ii q,C36 C30 C0 C19 C0 C11 <wb> C3 C0 C1 C7 C0 <wb> C17 C0 C3 C0 <wb> C37 C0 C15 C0 <wb> C0 C13 C0 C21 C0 C11 <wb> C7 C0 C16 C24 C0 <wb> C22 C0 C1 C38 C0 C19 C0 C11 <wb> C13 C0 C16 <wb> C32 C0 C26 <wb> C36 C30 C0 C19 C0 C16 <wb> C17 C0 C13 C0 C15 C0 <wb> C21 C0 C27 C34 C0 <wb> C19 C0 C29 C0 <wb> C37 C0 C16 C37 C0 C1 C15 C0 <wb> C19 C0 C26 <wb> C31 C0 C36 C24 C0 C38 C0 <wb> C30 C0 C1 C3 C0 C16 C32 C0 <wb> C19 C0 C29 C0 C24 C0 C11 <wb> C19 C0 C11 <wb> C21 C0 C16 C38 C0 C11 <wb> C36 C30 C0 C19 C0 C11 <wb> C37 C0 C19 C0 C16 C21 C0 <wb> C19 C0 C1 <wb> C24 C0 C26 C34 C0 C16 C30 C0 <wb> C1 C38 C0 C1 <wb> C17 C0 C16 C30 C0 C22 C0 C11 C23 <wb> C1 C29 C0 C26 C28 C0 <wb> C33 C0 C1 <wb> C19 C0 C16 <wb> C37 C0 C15 C0 <wb> C24 C0 C28 C0 C36 C23 C30 C0 C19 C0 <wb> C15 C0 C2 <wb> C27 C29 C0 <wb> C37 C0 C16 C37 C0 C1 C15 C0 <wb> C19 C0 C11 <wb> C38 C0 C26 C13 C0 C38 C0 <wb> C24 C0 C15 C0 C16 C23,train
5201,"पर अब माँ की अस्वस्थता की वजह से, उसे जोधपुर पोस्टिंग करवानी पडी",1,4.946,1,,hindi_female_005201.wav,p a r a <wb> a b a <wb> m a aa mq <wb> k a ii <wb> a s a w a s a th a t a aa <wb> k a ii <wb> w a j a h a <wb> s a ee <wb> u s a ee <wb> j a o dh a p a u r a <wb> p a o s a tx a i q g a <wb> k a r a w a aa n a ii <wb> p a dx a ii,C28 C0 C29 C0 <wb> C0 C3 C0 <wb> C22 C0 C1 C23 <wb> C19 C0 C16 <wb> C0 C30 C0 C37 C0 C30 C0 C33 C0 C32 C0 C1 <wb> C19 C0 C16 <wb> C37 C0 C17 C0 C15 C0 <wb> C30 C0 C11 <wb> C36 C30 C0 C11 <wb> C17 C0 C26 C8 C0 C28 C0 C36 C29 C0 <wb> C28 C0 C26 C30 C0 C34 C0 C16 C23 C13 C0 <wb> C19 C0 C29 C0 C37 C0 C1 C24 C0 C16 <wb> C28 C0 C9 C0 C16,train
5202,"पिछले कई दिनों से, यह माऊंट आबू प्रकरण, माँ और मामा चलाए जा रहे थे",1,5.294,1,,hindi_female_005202.wav,p a i ch a l a ee <wb> k a ii <wb> d a i n a o q <wb> s a ee <wb> y a h a <wb> m a aa uu q tx a <wb> aa b a uu <wb> p a r a k a r a nx a <wb> m a aa mq <wb> ou r a <wb> m a aa m a aa <wb> c a l a aa ee <wb> j a aa <wb> r a h a ee <wb> th a ee,C28 C0 C16 C6 C0 C21 C0 C11 <wb> C19 C0 C16 <wb> C7 C0 C16 C24 C0 C26 C23 <wb> C30 C0 C11 <wb> C38 C0 C15 C0 <wb> C22 C0 C1 C36 C23 C34 C0 <wb> C1 C3 C0 C36 <wb> C28 C0 C29 C0 C19 C0 C29 C0 C25 C0 <wb> C22 C0 C1 C23 <wb> C27 C29 C0 <wb> C22 C0 C1 C22 C0 C1 <wb> C5 C0 C21 C0 C1 C11 <wb> C17 C0 C1 <wb> C29 C0 C15 C0 C11 <wb> C33 C0 C11,train
5203,"इस बार, मामा, छाछ भी फूंक फूंक कर पीना चाहते थे, सो वह उसे, लड़की और उस के परिवार के साथ, पूरे पन्द्रह बीस दिन, छोडना चाह रहे थे",1,11.564,1,,hindi_female_005203.wav,i s a <wb> b a aa r a <wb> m a aa m a aa <wb> ch a aa ch a <wb> bh a ii <wb> ph a uu q k a <wb> ph a uu q k a <wb> k a r a <wb> p a ii n a aa <wb> c a aa h a t a ee <wb> th a ee <wb> s a o <wb> w a h a <wb> u s a ee <wb> l a dxq a k a ii <wb> ou r a <wb> u s a <wb> k a ee <wb> p a r a i w a aa r a <wb> k a ee <wb> s a aa th a <wb> p a uu r a ee <wb> p a n a d a r a h a <wb> b a ii s a <wb> d a i n a <wb> ch a o dx a n a aa <wb> c a aa h a <wb> r a h a ee <wb> th a ee,C16 C30 C0 <wb> C3 C0 C1 C29 C0 <wb> C22 C0 C1 C22 C0 C1 <wb> C6 C0 C1 C6 C0 <wb> C4 C0 C16 <wb> C12 C0 C36 C23 C19 C0 <wb> C12 C0 C36 C23 C19 C0 <wb> C19 C0 C29 C0 <wb> C28 C0 C16 C24 C0 C1 <wb> C5 C0 C1 C15 C0 C32 C0 C11 <wb> C33 C0 C11 <wb> C30 C0 C26 <wb> C37 C0 C15 C0 <wb> C36 C30 C0 C11 <wb> C21 C0 C9 C0 C19 C0 C16 <wb> C27 C29 C0 <wb> C36 C30 C0 <wb> C19 C0 C11 <wb> C28 C0 C29 C0 C16 C37 C0 C1 C29 C0 <wb> C19 C0 C11 <wb> C30 C0 C1 C33 C0 <wb> C28 C0 C36 C29 C0 C11 <wb> C28 C0 C24 C0 C7 C0 C29 C0 C15 C0 <wb> C3 C0 C16 C30 C0 <wb> C7 C0 C16 C24 C0 <wb> C6 C0 C26 C9 C0 C24 C0 C1 <wb> C5 C0 C1 C15 C0 <wb> C29 C0 C15 C0 C11 <wb> C33 C0 C11,train
5204,"ब्रिगेडियर सिन्हा, मामा के कलीग रह चुके हैं, उनकी एक बहन है, अविवाहित, उसने भी, किन्हीं कारणों से, शादी नहीं की",1,9.404,1,,hindi_female_005204.wav,b a r a i g a ee dx a i y a r a <wb> s a i n a h a aa <wb> m a aa m a aa <wb> k a ee <wb> k a l a ii g a <wb> r a h a <wb> c a u k a ee <wb> h a ei q <wb> u n a k a ii <wb> ee k a <wb> b a h a n a <wb> h a ei <wb> a w a i w a aa h a i t a <wb> u s a n a ee <wb> bh a ii <wb> k a i n a h a ii q <wb> k a aa r a nx a o q <wb> s a ee <wb> sh a aa d a ii <wb> n a h a ii q <wb> k a ii,C3 C0 C29 C0 C16 C13 C0 C11 C9 C0 C16 C38 C0 C29 C0 <wb> C30 C0 C16 C24 C0 C15 C0 C1 <wb> C22 C0 C1 C22 C0 C1 <wb> C19 C0 C11 <wb> C19 C0 C21 C0 C16 C13 C0 <wb> C29 C0 C15 C0 <wb> C5 C0 C36 C19 C0 C11 <wb> C15 C0 C2 C23 <wb> C36 C24 C0 C19 C0 C16 <wb> C11 C19 C0 <wb> C3 C0 C15 C0 C24 C0 <wb> C15 C0 C2 <wb> C0 C37 C0 C16 C37 C0 C1 C15 C0 C16 C32 C0 <wb> C36 C30 C0 C24 C0 C11 <wb> C4 C0 C16 <wb> C19 C0 C16 C24 C0 C15 C0 C16 C23 <wb> C19 C0 C1 C29 C0 C25 C0 C26 C23 <wb> C30 C0 C11 <wb> C31 C0 C1 C7 C0 C16 <wb> C24 C0 C15 C0 C16 C23 <wb> C19 C0 C16,train
5207,"बहुत सारे ख्यालों से, उसका मन भारी हो चला है, वह, सर झटक कर बस के बाहर झांकता है, शाम का झुटपुटा रास्तों, और पहाडियों पर उतर आया है",1,11.704,0,not_selected_by_random,,,,
5209,"सामने वाली सीट पर, एक विदेशी युवति बैठी है, उसे देख, मुस्कुरा देती है",1,6.214,0,not_selected_by_random,,,,
5210,"वह उस बेबाक निश्छल मुस्कान पर, जवाब में मुस्कुराए बिना, नहीं रह पाता",1,5.503,1,,hindi_female_005210.wav,w a h a <wb> u s a <wb> b a ee b a aa k a <wb> n a i sh a ch a l a <wb> m a u s a k a aa n a <wb> p a r a <wb> j a w a aa b a <wb> m a ee q <wb> m a u s a k a u r a aa ee <wb> b a i n a aa <wb> n a h a ii q <wb> r a h a <wb> p a aa t a aa,C37 C0 C15 C0 <wb> C36 C30 C0 <wb> C3 C0 C11 C3 C0 C1 C19 C0 <wb> C24 C0 C16 C31 C0 C6 C0 C21 C0 <wb> C22 C0 C36 C30 C0 C19 C0 C1 C24 C0 <wb> C28 C0 C29 C0 <wb> C17 C0 C37 C0 C1 C3 C0 <wb> C22 C0 C11 C23 <wb> C22 C0 C36 C30 C0 C19 C0 C36 C29 C0 C1 C11 <wb> C3 C0 C16 C24 C0 C1 <wb> C24 C0 C15 C0 C16 C23 <wb> C29 C0 C15 C0 <wb> C28 C0 C1 C32 C0 C1,train
5214,"वह बस अपनी नौकरी के बीस साल पूरे करते ही, अब्रोड चला जाएगा",1,4.458,1,,hindi_female_005214.wav,w a h a <wb> b a s a <wb> a p a n a ii <wb> n a ou k a r a ii <wb> k a ee <wb> b a ii s a <wb> s a aa l a <wb> p a uu r a ee <wb> k a r a t a ee <wb> h a ii <wb> a b a r a o dx a <wb> c a l a aa <wb> j a aa ee g a aa,C37 C0 C15 C0 <wb> C3 C0 C30 C0 <wb> C0 C28 C0 C24 C0 C16 <wb> C24 C0 C27 C19 C0 C29 C0 C16 <wb> C19 C0 C11 <wb> C3 C0 C16 C30 C0 <wb> C30 C0 C1 C21 C0 <wb> C28 C0 C36 C29 C0 C11 <wb> C19 C0 C29 C0 C32 C0 C11 <wb> C15 C0 C16 <wb> C0 C3 C0 C29 C0 C26 C9 C0 <wb> C5 C0 C21 C0 C1 <wb> C17 C0 C1 C11 C13 C0 C1,train
5215,"शाम ढलने लगी थी, लगता है, आबू रोड से उपर, माऊंट आबू पहुँचते पहुँचते, दो घंटे और लग जाएंगे, और वह रात आठ बजे से पहले, नहीं पहुँचेगा",1,12.579,0,not_selected_by_random,,,,
5220,"बसस्टॉप पर उतर कर, वह अपना सामान डिक्की से, निकलवा रहा है",1,4.952,0,not_selected_by_random,,,,
5222,"तुम हमारे मेहमान हो आखिर, रामसिंग, सामान गाडी में रखो",1,3.901,1,,hindi_female_005222.wav,t a u m a <wb> h a m a aa r a ee <wb> m a ee h a m a aa n a <wb> h a o <wb> aa kh a i r a <wb> r a aa m a s a i q g a <wb> s a aa m a aa n a <wb> g a aa dx a ii <wb> m a ee q <wb> r a kh a o,C32 C0 C36 C22 C0 <wb> C15 C0 C22 C0 C1 C29 C0 C11 <wb> C22 C0 C11 C15 C0 C22 C0 C1 C24 C0 <wb> C15 C0 C26 <wb> C1 C20 C0 C16 C29 C0 <wb> C29 C0 C1 C22 C0 C30 C0 C16 C23 C13 C0 <wb> C30 C0 C1 C22 C0 C1 C24 C0 <wb> C13 C0 C1 C9 C0 C16 <wb> C22 C0 C11 C23 <wb> C29 C0 C20 C0 C26,train
5226,"उनके बंगले के गेट से, पोर्च तक, एक मिनट की ड्राईव से, लग रहा था कि, खूब बडी जगह लेकर, घर बनाया गया है",1,8.365,0,not_selected_by_random,,,,
5227,"अन्दर पोहंच कर, रामसिंग को उनका सामान, गेस्टरूम में रखने का आदेश देकर, उसे हालनुमा ड्रोईंग रूम में बिठा कर, वे अन्दर कहीं गायब हो गये",1,9.868,1,,hindi_female_005227.wav,a n a d a r a <wb> p a o h a q c a <wb> k a r a <wb> r a aa m a s a i q g a <wb> k a o <wb> u n a k a aa <wb> s a aa m a aa n a <wb> g a ee s a tx a r a uu m a <wb> m a ee q <wb> r a kh a n a ee <wb> k a aa <wb> aa d a ee sh a <wb> d a ee k a r a <wb> u s a ee <wb> h a aa l a n a u m a aa <wb> dx a r a o ii q g a <wb> r a uu m a <wb> m a ee q <wb> b a i txh a aa <wb> k a r a <wb> w a ee <wb> a n a d a r a <wb> k a h a ii q <wb> g a aa y a b a <wb> h a o <wb> g a y a ee,C0 C24 C0 C7 C0 C29 C0 <wb> C28 C0 C26 C15 C0 C23 C5 C0 <wb> C19 C0 C29 C0 <wb> C29 C0 C1 C22 C0 C30 C0 C16 C23 C13 C0 <wb> C19 C0 C26 <wb> C36 C24 C0 C19 C0 C1 <wb> C30 C0 C1 C22 C0 C1 C24 C0 <wb> C13 C0 C11 C30 C0 C34 C0 C29 C0 C36 C22 C0 <wb> C22 C0 C11 C23 <wb> C29 C0 C20 C0 C24 C0 C11 <wb> C19 C0 C1 <wb> C1 C7 C0 C11 C31 C0 <wb> C7 C0 C11 C19 C0 C29 C0 <wb> C36 C30 C0 C11 <wb> C15 C0 C1 C21 C0 C24 C0 C36 C22 C0 C1 <wb> C9 C0 C29 C0 C26 C16 C23 C13 C0 <wb> C29 C0 C36 C22 C0 <wb> C22 C0 C11 C23 <wb> C3 C0 C16 C35 C0 C1 <wb> C19 C0 C29 C0 <wb> C37 C0 C11 <wb> C0 C24 C0 C7 C0 C29 C0 <wb> C19 C0 C15 C0 C16 C23 <wb> C13 C0 C1 C38 C0 C3 C0 <wb> C15 C0 C26 <wb> C13 C0 C38 C0 C11,train
5229,अविनाश ये मेरी बेटी नीलांजना है,1,2.81,1,,hindi_female_005229.wav,a w a i n a aa sh a <wb> y a ee <wb> m a ee r a ii <wb> b a ee tx a ii <wb> n a ii l a aa q j a n a aa <wb> h a ei,C0 C37 C0 C16 C24 C0 C1 C31 C0 <wb> C38 C0 C11 <wb> C22 C0 C11 C29 C0 C16 <wb> C3 C0 C11 C34 C0 C16 <wb> C24 C0 C16 C21 C0 C1 C23 C17 C0 C24 C0 C1 <wb> C15 C0 C2,train
5230,बी एस सी सैकेण्ड ईयर में पढती है,1,2.631,0,not_selected_by_random,,,,
5231,"बेटा जाओ, मम्मी को भेजो, और किचन में चाय और स्नैक्स के लिये कहना",1,4.621,1,,hindi_female_005231.wav,b a ee tx a aa <wb> j a aa o <wb> m a m a m a ii <wb> k a o <wb> bh a ee j a o <wb> ou r a <wb> k a i c a n a <wb> m a ee q <wb> c a aa y a <wb> ou r a <wb> s a n a ei k a s a <wb> k a ee <wb> l a i y a ee <wb> k a h a n a aa,C3 C0 C11 C34 C0 C1 <wb> C17 C0 C1 C26 <wb> C22 C0 C22 C0 C22 C0 C16 <wb> C19 C0 C26 <wb> C4 C0 C11 C17 C0 C26 <wb> C27 C29 C0 <wb> C19 C0 C16 C5 C0 C24 C0 <wb> C22 C0 C11 C23 <wb> C5 C0 C1 C38 C0 <wb> C27 C29 C0 <wb> C30 C0 C24 C0 C2 C19 C0 C30 C0 <wb> C19 C0 C11 <wb> C21 C0 C16 C38 C0 C11 <wb> C19 C0 C15 C0 C24 C0 C1,val
5236,"पूरा घूमघाम कर देख कर, उसे याद आया, दस बजे डिनर के लिये, नीचे उतरना है",1,5.875,1,,hindi_female_005236.wav,p a uu r a aa <wb> gh a uu m a gh a aa m a <wb> k a r a <wb> d a ee kh a <wb> k a r a <wb> u s a ee <wb> y a aa d a <wb> aa y a aa <wb> d a s a <wb> b a j a ee <wb> dx a i n a r a <wb> k a ee <wb> l a i y a ee <wb> n a ii c a ee <wb> u t a r a n a aa <wb> h a ei,C28 C0 C36 C29 C0 C1 <wb> C14 C0 C36 C22 C0 C14 C0 C1 C22 C0 <wb> C19 C0 C29 C0 <wb> C7 C0 C11 C20 C0 <wb> C19 C0 C29 C0 <wb> C36 C30 C0 C11 <wb> C38 C0 C1 C7 C0 <wb> C1 C38 C0 C1 <wb> C7 C0 C30 C0 <wb> C3 C0 C17 C0 C11 <wb> C9 C0 C16 C24 C0 C29 C0 <wb> C19 C0 C11 <wb> C21 C0 C16 C38 C0 C11 <wb> C24 C0 C16 C5 C0 C11 <wb> C36 C32 C0 C29 C0 C24 C0 C1 <wb> C15 C0 C2,train
5237,"अविनाश, अंजना, मेरी वाईफ़ से तुम मिल चुके हो",1,3.413,1,,hindi_female_005237.wav,a w a i n a aa sh a <wb> a q j a n a aa <wb> m a ee r a ii <wb> w a aa ii f a <wb> s a ee <wb> t a u m a <wb> m a i l a <wb> c a u k a ee <wb> h a o,C0 C37 C0 C16 C24 C0 C1 C31 C0 <wb> C0 C23 C17 C0 C24 C0 C1 <wb> C22 C0 C11 C29 C0 C16 <wb> C37 C0 C1 C16 C12 C0 <wb> C30 C0 C11 <wb> C32 C0 C36 C22 C0 <wb> C22 C0 C16 C21 C0 <wb> C5 C0 C36 C19 C0 C11 <wb> C15 C0 C26,train
5239,"मयंक मेरा बेटा, आई आई टी बॉम्बे से, इलेक्ट्रानिक्स में इंजीनियरिंग कर रहा है",1,4.807,1,,hindi_female_005239.wav,m a y a q k a <wb> m a ee r a aa <wb> b a ee tx a aa <wb> aa ii <wb> aa ii <wb> tx a ii <wb> b a m a b a ee <wb> s a ee <wb> i l a ee k a tx a r a aa n a i k a s a <wb> m a ee q <wb> i q j a ii n a i y a r a i q g a <wb> k a r a <wb> r a h a aa <wb> h a ei,C22 C0 C38 C0 C23 C19 C0 <wb> C22 C0 C11 C29 C0 C1 <wb> C3 C0 C11 C34 C0 C1 <wb> C1 C16 <wb> C1 C16 <wb> C34 C0 C16 <wb> C3 C0 C22 C0 C3 C0 C11 <wb> C30 C0 C11 <wb> C16 C21 C0 C11 C19 C0 C34 C0 C29 C0 C1 C24 C0 C16 C19 C0 C30 C0 <wb> C22 C0 C11 C23 <wb> C16 C23 C17 C0 C16 C24 C0 C16 C38 C0 C29 C0 C16 C23 C13 C0 <wb> C19 C0 C29 C0 <wb> C29 C0 C15 C0 C1 <wb> C15 C0 C2,train
5240,"यह सभी, लास्ट वीक यहाँ थे, कल जा रहे हैं",1,3.942,0,not_selected_by_random,,,,
5242,"औपचारिक अभिवादन के बाद, हल्के फुल्के ड्रिंक्स, सूप के साथ, औपचारिक बातचीत होने लगी",1,5.712,1,,hindi_female_005242.wav,ou p a c a aa r a i k a <wb> a bh a i w a aa d a n a <wb> k a ee <wb> b a aa d a <wb> h a l a k a ee <wb> ph a u l a k a ee <wb> dx a r a i q k a s a <wb> s a uu p a <wb> k a ee <wb> s a aa th a <wb> ou p a c a aa r a i k a <wb> b a aa t a c a ii t a <wb> h a o n a ee <wb> l a g a ii,C27 C28 C0 C5 C0 C1 C29 C0 C16 C19 C0 <wb> C0 C4 C0 C16 C37 C0 C1 C7 C0 C24 C0 <wb> C19 C0 C11 <wb> C3 C0 C1 C7 C0 <wb> C15 C0 C21 C0 C19 C0 C11 <wb> C12 C0 C36 C21 C0 C19 C0 C11 <wb> C9 C0 C29 C0 C16 C23 C19 C0 C30 C0 <wb> C30 C0 C36 C28 C0 <wb> C19 C0 C11 <wb> C30 C0 C1 C33 C0 <wb> C27 C28 C0 C5 C0 C1 C29 C0 C16 C19 C0 <wb> C3 C0 C1 C32 C0 C5 C0 C16 C32 C0 <wb> C15 C0 C26 C24 C0 C11 <wb> C21 C0 C13 C0 C16,train
5244,"भरे सानुपातिक जिस्म पर, बाटिक प्रिन्ट का भरा कुर्ता, और जीन्स, घने काले लम्बे बालों को, आकर्षक, मगर बेतरतीब जूडे में लपेटा हुआ",1,10.031,1,,hindi_female_005244.wav,bh a r a ee <wb> s a aa n a u p a aa t a i k a <wb> j a i s a m a <wb> p a r a <wb> b a aa tx a i k a <wb> p a r a i n a tx a <wb> k a aa <wb> bh a r a aa <wb> k a u r a t a aa <wb> ou r a <wb> j a ii n a s a <wb> gh a n a ee <wb> k a aa l a ee <wb> l a m a b a ee <wb> b a aa l a o q <wb> k a o <wb> aa k a r a sx a k a <wb> m a g a r a <wb> b a ee t a r a t a ii b a <wb> j a uu dx a ee <wb> m a ee q <wb> l a p a ee tx a aa <wb> h a u aa,C4 C0 C29 C0 C11 <wb> C30 C0 C1 C24 C0 C36 C28 C0 C1 C32 C0 C16 C19 C0 <wb> C17 C0 C16 C30 C0 C22 C0 <wb> C28 C0 C29 C0 <wb> C3 C0 C1 C34 C0 C16 C19 C0 <wb> C28 C0 C29 C0 C16 C24 C0 C34 C0 <wb> C19 C0 C1 <wb> C4 C0 C29 C0 C1 <wb> C19 C0 C36 C29 C0 C32 C0 C1 <wb> C27 C29 C0 <wb> C17 C0 C16 C24 C0 C30 C0 <wb> C14 C0 C24 C0 C11 <wb> C19 C0 C1 C21 C0 C11 <wb> C21 C0 C22 C0 C3 C0 C11 <wb> C3 C0 C1 C21 C0 C26 C23 <wb> C19 C0 C26 <wb> C1 C19 C0 C29 C0 C31 C0 C19 C0 <wb> C22 C0 C13 C0 C29 C0 <wb> C3 C0 C11 C32 C0 C29 C0 C32 C0 C16 C3 C0 <wb> C17 C0 C36 C9 C0 C11 <wb> C22 C0 C11 C23 <wb> C21 C0 C28 C0 C11 C34 C0 C1 <wb> C15 C0 C36 C1,train
5245,"बात करने के ढंग, और शब्दों के चयन से लगता है, कि बुध्दिजीवी और कलाकार बात कर रहा है",1,6.084,1,,hindi_female_005245.wav,b a aa t a <wb> k a r a n a ee <wb> k a ee <wb> dxh a q g a <wb> ou r a <wb> sh a b a d a o q <wb> k a ee <wb> c a y a n a <wb> s a ee <wb> l a g a t a aa <wb> h a ei <wb> k a i <wb> b a u dh a d a i j a ii w a ii <wb> ou r a <wb> k a l a aa k a aa r a <wb> b a aa t a <wb> k a r a <wb> r a h a aa <wb> h a ei,C3 C0 C1 C32 C0 <wb> C19 C0 C29 C0 C24 C0 C11 <wb> C19 C0 C11 <wb> C10 C0 C23 C13 C0 <wb> C27 C29 C0 <wb> C31 C0 C3 C0 C7 C0 C26 C23 <wb> C19 C0 C11 <wb> C5 C0 C38 C0 C24 C0 <wb> C30 C0 C11 <wb> C21 C0 C13 C0 C32 C0 C1 <wb> C15 C0 C2 <wb> C19 C0 C16 <wb> C3 C0 C36 C8 C0 C7 C0 C16 C17 C0 C16 C37 C0 C16 <wb> C27 C29 C0 <wb> C19 C0 C21 C0 C1 C19 C0 C1 C29 C0 <wb> C3 C0 C1 C32 C0 <wb> C19 C0 C29 C0 <wb> C29 C0 C15 C0 C1 <wb> C15 C0 C2,train
5246,"फिर नज़र घूमी, तो नीला पर जा टिकी, चम्पई रंग, बुआ की सी ही बडी बडी लम्बी आँखें, पर नाक और होंठ, मां जैसी सुघढ",1,9.47,0,not_selected_by_random,,,,
5249,"मेरा मन नहीं कर रहा कॉलेज जाने का, पर आज मेरा, प्रेक्टिकल्स पीरीयड है, बाहर बुआ एक पेन्टिंग बना रही है, देखते रहियेगा, बोर नहीं होंगे",1,10.28,0,not_selected_by_random,,,,
5250,"सुधा, सचमुच एक पेन्टिंग में व्यस्त थी, वह पीछे जाकर, खडा हो गया",1,5.016,1,,hindi_female_005250.wav,s a u dh a aa <wb> s a c a m a u c a <wb> ee k a <wb> p a ee n a tx a i q g a <wb> m a ee q <wb> w a y a s a t a <wb> th a ii <wb> w a h a <wb> p a ii ch a ee <wb> j a aa k a r a <wb> kh a dx a aa <wb> h a o <wb> g a y a aa,C30 C0 C36 C8 C0 C1 <wb> C30 C0 C5 C0 C22 C0 C36 C5 C0 <wb> C11 C19 C0 <wb> C28 C0 C11 C24 C0 C34 C0 C16 C23 C13 C0 <wb> C22 C0 C11 C23 <wb> C37 C0 C38 C0 C30 C0 C32 C0 <wb> C33 C0 C16 <wb> C37 C0 C15 C0 <wb> C28 C0 C16 C6 C0 C11 <wb> C17 C0 C1 C19 C0 C29 C0 <wb> C20 C0 C9 C0 C1 <wb> C15 C0 C26 <wb> C13 C0 C38 C0 C1,train
5252,"यह अटकी हुई है, दरअसल बॉम्बे होती तो, पूरा हो जाती, इसे नीला, ले नहीं जाने देती है",1,6.78,1,,hindi_female_005252.wav,y a h a <wb> a tx a k a ii <wb> h a u ii <wb> h a ei <wb> d a r a a s a l a <wb> b a m a b a ee <wb> h a o t a ii <wb> t a o <wb> p a uu r a aa <wb> h a o <wb> j a aa t a ii <wb> i s a ee <wb> n a ii l a aa <wb> l a ee <wb> n a h a ii q <wb> j a aa n a ee <wb> d a ee t a ii <wb> h a ei,C38 C0 C15 C0 <wb> C0 C34 C0 C19 C0 C16 <wb> C15 C0 C36 C16 <wb> C15 C0 C2 <wb> C7 C0 C29 C0 C0 C30 C0 C21 C0 <wb> C3 C0 C22 C0 C3 C0 C11 <wb> C15 C0 C26 C32 C0 C16 <wb> C32 C0 C26 <wb> C28 C0 C36 C29 C0 C1 <wb> C15 C0 C26 <wb> C17 C0 C1 C32 C0 C16 <wb> C16 C30 C0 C11 <wb> C24 C0 C16 C21 C0 C1 <wb> C21 C0 C11 <wb> C24 C0 C15 C0 C16 C23 <wb> C17 C0 C1 C24 C0 C11 <wb> C7 C0 C11 C32 C0 C16 <wb> C15 C0 C2,train
5253,"हसी के चेहरे पर से, गंभीरता के मुखौटे को, खिसका जाती है",1,4.804,0,not_selected_by_random,,,,
5254,"उसने पेन्टिंग को ध्यान से देखा, उसे वह, नीला की पोर्ट्रेट लगी",1,4.156,1,,hindi_female_005254.wav,u s a n a ee <wb> p a ee n a tx a i q g a <wb> k a o <wb> dh a y a aa n a <wb> s a ee <wb> d a ee kh a aa <wb> u s a ee <wb> w a h a <wb> n a ii l a aa <wb> k a ii <wb> p a o r a tx a r a ee tx a <wb> l a g a ii,C36 C30 C0 C24 C0 C11 <wb> C28 C0 C11 C24 C0 C34 C0 C16 C23 C13 C0 <wb> C19 C0 C26 <wb> C8 C0 C38 C0 C1 C24 C0 <wb> C30 C0 C11 <wb> C7 C0 C11 C20 C0 C1 <wb> C36 C30 C0 C11 <wb> C37 C0 C15 C0 <wb> C24 C0 C16 C21 C0 C1 <wb> C19 C0 C16 <wb> C28 C0 C26 C29 C0 C34 C0 C29 C0 C11 C34 C0 <wb> C21 C0 C13 C0 C16,train
5257,"ब्रिगेडियर सिन्हा ने, कश्मीर मसले पर बात छेड दी, तो वह चर्चा, देर तक चलती रही",1,5.875,1,,hindi_female_005257.wav,b a r a i g a ee dx a i y a r a <wb> s a i n a h a aa <wb> n a ee <wb> k a sh a m a ii r a <wb> m a s a l a ee <wb> p a r a <wb> b a aa t a <wb> ch a ee dx a <wb> d a ii <wb> t a o <wb> w a h a <wb> c a r a c a aa <wb> d a ee r a <wb> t a k a <wb> c a l a t a ii <wb> r a h a ii,C3 C0 C29 C0 C16 C13 C0 C11 C9 C0 C16 C38 C0 C29 C0 <wb> C30 C0 C16 C24 C0 C15 C0 C1 <wb> C24 C0 C11 <wb> C19 C0 C31 C0 C22 C0 C16 C29 C0 <wb> C22 C0 C30 C0 C21 C0 C11 <wb> C28 C0 C29 C0 <wb> C3 C0 C1 C32 C0 <wb> C6 C0 C11 C9 C0 <wb> C7 C0 C16 <wb> C32 C0 C26 <wb> C37 C0 C15 C0 <wb> C5 C0 C29 C0 C5 C0 C1 <wb> C7 C0 C11 C29 C0 <wb> C32 C0 C19 C0 <wb> C5 C0 C21 C0 C32 C0 C16 <wb> C29 C0 C15 C0 C16,train
5258,"अब, तुम दोनों को ही, विवाह को लेकर निर्णय ले लेना चाहिये",1,3.971,1,,hindi_female_005258.wav,a b a <wb> t a u m a <wb> d a o n a o q <wb> k a o <wb> h a ii <wb> w a i w a aa h a <wb> k a o <wb> l a ee k a r a <wb> n a i r a nx a y a <wb> l a ee <wb> l a ee n a aa <wb> c a aa h a i y a ee,C0 C3 C0 <wb> C32 C0 C36 C22 C0 <wb> C7 C0 C26 C24 C0 C26 C23 <wb> C19 C0 C26 <wb> C15 C0 C16 <wb> C37 C0 C16 C37 C0 C1 C15 C0 <wb> C19 C0 C26 <wb> C21 C0 C11 C19 C0 C29 C0 <wb> C24 C0 C16 C29 C0 C25 C0 C38 C0 <wb> C21 C0 C11 <wb> C21 C0 C11 C24 C0 C1 <wb> C5 C0 C1 C15 C0 C16 C38 C0 C11,train
5259,"यह समझ लो, यह आखरी गाडी है, उसके बाद या तो सफ़र टाल दो, या इसी में चढ जाओ जी",1,6.803,1,,hindi_female_005259.wav,y a h a <wb> s a m a jh a <wb> l a o <wb> y a h a <wb> aa kh a r a ii <wb> g a aa dx a ii <wb> h a ei <wb> u s a k a ee <wb> b a aa d a <wb> y a aa <wb> t a o <wb> s a f a r a <wb> tx a aa l a <wb> d a o <wb> y a aa <wb> i s a ii <wb> m a ee q <wb> c a dxh a <wb> j a aa o <wb> j a ii,C38 C0 C15 C0 <wb> C30 C0 C22 C0 C18 C0 <wb> C21 C0 C26 <wb> C38 C0 C15 C0 <wb> C1 C20 C0 C29 C0 C16 <wb> C13 C0 C1 C9 C0 C16 <wb> C15 C0 C2 <wb> C36 C30 C0 C19 C0 C11 <wb> C3 C0 C1 C7 C0 <wb> C38 C0 C1 <wb> C32 C0 C26 <wb> C30 C0 C12 C0 C29 C0 <wb> C34 C0 C1 C21 C0 <wb> C7 C0 C26 <wb> C38 C0 C1 <wb> C16 C30 C0 C16 <wb> C22 C0 C11 C23 <wb> C5 C0 C10 C0 <wb> C17 C0 C1 C26 <wb> C17 C0 C16,train
5260,"लंच के बाद, वह अपने कमरे में आने के बाद, देर तक इस विषय पर, सोच सोच कर, उलझता रहा",1,7.146,0,not_selected_by_random,,,,
5261,"सलवार कुर्ते में नीला, बडी बडी लगी",1,2.508,1,,hindi_female_005261.wav,s a l a w a aa r a <wb> k a u r a t a ee <wb> m a ee q <wb> n a ii l a aa <wb> b a dx a ii <wb> b a dx a ii <wb> l a g a ii,C30 C0 C21 C0 C37 C0 C1 C29 C0 <wb> C19 C0 C36 C29 C0 C32 C0 C11 <wb> C22 C0 C11 C23 <wb> C24 C0 C16 C21 C0 C1 <wb> C3 C0 C9 C0 C16 <wb> C3 C0 C9 C0 C16 <wb> C21 C0 C13 C0 C16,train
5263,"प्लीज अविनाश अंकल, आप कहिये ना मम्मी को, कि मैं भी चलूंगी",1,4.767,0,not_selected_by_random,,,,
5264,"उसने, नीला को साथ ले ही लिया, सुधा ने भी पैरवी की, क्योंकि दोनों ही टाल रहे थे, एकान्त का साथ",1,7.5,1,,hindi_female_005264.wav,u s a n a ee <wb> n a ii l a aa <wb> k a o <wb> s a aa th a <wb> l a ee <wb> h a ii <wb> l a i y a aa <wb> s a u dh a aa <wb> n a ee <wb> bh a ii <wb> p a ei r a w a ii <wb> k a ii <wb> k a y a o q k a i <wb> d a o n a o q <wb> h a ii <wb> tx a aa l a <wb> r a h a ee <wb> th a ee <wb> ee k a aa n a t a <wb> k a aa <wb> s a aa th a,C36 C30 C0 C24 C0 C11 <wb> C24 C0 C16 C21 C0 C1 <wb> C19 C0 C26 <wb> C30 C0 C1 C33 C0 <wb> C21 C0 C11 <wb> C15 C0 C16 <wb> C21 C0 C16 C38 C0 C1 <wb> C30 C0 C36 C8 C0 C1 <wb> C24 C0 C11 <wb> C4 C0 C16 <wb> C28 C0 C2 C29 C0 C37 C0 C16 <wb> C19 C0 C16 <wb> C19 C0 C38 C0 C26 C23 C19 C0 C16 <wb> C7 C0 C26 C24 C0 C26 C23 <wb> C15 C0 C16 <wb> C34 C0 C1 C21 C0 <wb> C29 C0 C15 C0 C11 <wb> C33 C0 C11 <wb> C11 C19 C0 C1 C24 C0 C32 C0 <wb> C19 C0 C1 <wb> C30 C0 C1 C33 C0,train
5266,"वह भी शायद, यही सोच रही होगी, अपनी अपनी आज़ादियों की, लत लग गई है हमें",1,6.06,1,,hindi_female_005266.wav,w a h a <wb> bh a ii <wb> sh a aa y a d a <wb> y a h a ii <wb> s a o c a <wb> r a h a ii <wb> h a o g a ii <wb> a p a n a ii <wb> a p a n a ii <wb> aa z a aa d a i y a o q <wb> k a ii <wb> l a t a <wb> l a g a <wb> g a ii <wb> h a ei <wb> h a m a ee q,C37 C0 C15 C0 <wb> C4 C0 C16 <wb> C31 C0 C1 C38 C0 C7 C0 <wb> C38 C0 C15 C0 C16 <wb> C30 C0 C26 C5 C0 <wb> C29 C0 C15 C0 C16 <wb> C15 C0 C26 C13 C0 C16 <wb> C0 C28 C0 C24 C0 C16 <wb> C0 C28 C0 C24 C0 C16 <wb> C1 C17 C0 C1 C7 C0 C16 C38 C0 C26 C23 <wb> C19 C0 C16 <wb> C21 C0 C32 C0 <wb> C21 C0 C13 C0 <wb> C13 C0 C16 <wb> C15 C0 C2 <wb> C15 C0 C22 C0 C11 C23,train
5267,"उम्र कोई मायने नहीं रखती, क्या उसके कई अच्छे दोस्त, उससे बडे नही, पर फिर भी, अभी वह हाँ नहीं कर सकेगा",1,8.127,1,,hindi_female_005267.wav,u m a r a <wb> k a o ii <wb> m a aa y a n a ee <wb> n a h a ii q <wb> r a kh a t a ii <wb> k a y a aa <wb> u s a k a ee <wb> k a ii <wb> a c a ch a ee <wb> d a o s a t a <wb> u s a s a ee <wb> b a dx a ee <wb> n a h a ii <wb> p a r a <wb> ph a i r a <wb> bh a ii <wb> a bh a ii <wb> w a h a <wb> h a aa mq <wb> n a h a ii q <wb> k a r a <wb> s a k a ee g a aa,C36 C22 C0 C29 C0 <wb> C19 C0 C26 C16 <wb> C22 C0 C1 C38 C0 C24 C0 C11 <wb> C24 C0 C15 C0 C16 C23 <wb> C29 C0 C20 C0 C32 C0 C16 <wb> C19 C0 C38 C0 C1 <wb> C36 C30 C0 C19 C0 C11 <wb> C19 C0 C16 <wb> C0 C5 C0 C6 C0 C11 <wb> C7 C0 C26 C30 C0 C32 C0 <wb> C36 C30 C0 C30 C0 C11 <wb> C3 C0 C9 C0 C11 <wb> C24 C0 C15 C0 C16 <wb> C28 C0 C29 C0 <wb> C12 C0 C16 C29 C0 <wb> C4 C0 C16 <wb> C0 C4 C0 C16 <wb> C37 C0 C15 C0 <wb> C15 C0 C1 C23 <wb> C24 C0 C15 C0 C16 C23 <wb> C19 C0 C29 C0 <wb> C30 C0 C19 C0 C11 C13 C0 C1,train
5268,"नीला ने आकर हाथ पकड लिया, एक उष्ण और उत्साह से भरा स्पर्श",1,5.317,1,,hindi_female_005268.wav,n a ii l a aa <wb> n a ee <wb> aa k a r a <wb> h a aa th a <wb> p a k a dx a <wb> l a i y a aa <wb> ee k a <wb> u sx a nx a <wb> ou r a <wb> u t a s a aa h a <wb> s a ee <wb> bh a r a aa <wb> s a p a r a sh a,C24 C0 C16 C21 C0 C1 <wb> C24 C0 C11 <wb> C1 C19 C0 C29 C0 <wb> C15 C0 C1 C33 C0 <wb> C28 C0 C19 C0 C9 C0 <wb> C21 C0 C16 C38 C0 C1 <wb> C11 C19 C0 <wb> C36 C31 C0 C25 C0 <wb> C27 C29 C0 <wb> C36 C32 C0 C30 C0 C1 C15 C0 <wb> C30 C0 C11 <wb> C4 C0 C29 C0 C1 <wb> C30 C0 C28 C0 C29 C0 C31 C0,train
5269,"नीला ही बोलती रही, सारे रास्ते, दोनों खामोश थे, अपने अपने दायरों मे",1,6.191,0,not_selected_by_random,,,,
5272,"गलत फ़हमी में मत रहियेगा, मेरी बुआ ही, सबको रिजेक्ट करती है, वरना कब से शादी हो जाती",1,6.966,1,,hindi_female_005272.wav,g a l a t a <wb> f a h a m a ii <wb> m a ee q <wb> m a t a <wb> r a h a i y a ee g a aa <wb> m a ee r a ii <wb> b a u aa <wb> h a ii <wb> s a b a k a o <wb> r a i j a ee k a tx a <wb> k a r a t a ii <wb> h a ei <wb> w a r a n a aa <wb> k a b a <wb> s a ee <wb> sh a aa d a ii <wb> h a o <wb> j a aa t a ii,C13 C0 C21 C0 C32 C0 <wb> C12 C0 C15 C0 C22 C0 C16 <wb> C22 C0 C11 C23 <wb> C22 C0 C32 C0 <wb> C29 C0 C15 C0 C16 C38 C0 C11 C13 C0 C1 <wb> C22 C0 C11 C29 C0 C16 <wb> C3 C0 C36 C1 <wb> C15 C0 C16 <wb> C30 C0 C3 C0 C19 C0 C26 <wb> C29 C0 C16 C17 C0 C11 C19 C0 C34 C0 <wb> C19 C0 C29 C0 C32 C0 C16 <wb> C15 C0 C2 <wb> C37 C0 C29 C0 C24 C0 C1 <wb> C19 C0 C3 C0 <wb> C30 C0 C11 <wb> C31 C0 C1 C7 C0 C16 <wb> C15 C0 C26 <wb> C17 C0 C1 C32 C0 C16,train
5276,"अविनाश जी, सन सेट के वक्त, सबकी आँखों का रंग, बदल जाता है, देखो, आपकी और मेरी",1,6.873,1,,hindi_female_005276.wav,a w a i n a aa sh a <wb> j a ii <wb> s a n a <wb> s a ee tx a <wb> k a ee <wb> w a k a t a <wb> s a b a k a ii <wb> aa mq kh a o q <wb> k a aa <wb> r a q g a <wb> b a d a l a <wb> j a aa t a aa <wb> h a ei <wb> d a ee kh a o <wb> aa p a k a ii <wb> ou r a <wb> m a ee r a ii,C0 C37 C0 C16 C24 C0 C1 C31 C0 <wb> C17 C0 C16 <wb> C30 C0 C24 C0 <wb> C30 C0 C11 C34 C0 <wb> C19 C0 C11 <wb> C37 C0 C19 C0 C32 C0 <wb> C30 C0 C3 C0 C19 C0 C16 <wb> C1 C23 C20 C0 C26 C23 <wb> C19 C0 C1 <wb> C29 C0 C23 C13 C0 <wb> C3 C0 C7 C0 C21 C0 <wb> C17 C0 C1 C32 C0 C1 <wb> C15 C0 C2 <wb> C7 C0 C11 C20 C0 C26 <wb> C1 C28 C0 C19 C0 C16 <wb> C27 C29 C0 <wb> C22 C0 C11 C29 C0 C16,train
5277,"नीलांजना की आँखों में समुद्र उफान पर था, उसके खुले सीधे सीधे भूरे बाल, सोने के तार, लग रहे थे",1,7.616,1,,hindi_female_005277.wav,n a ii l a aa q j a n a aa <wb> k a ii <wb> aa mq kh a o q <wb> m a ee q <wb> s a m a u d a r a <wb> u ph a aa n a <wb> p a r a <wb> th a aa <wb> u s a k a ee <wb> kh a u l a ee <wb> s a ii dh a ee <wb> s a ii dh a ee <wb> bh a uu r a ee <wb> b a aa l a <wb> s a o n a ee <wb> k a ee <wb> t a aa r a <wb> l a g a <wb> r a h a ee <wb> th a ee,C24 C0 C16 C21 C0 C1 C23 C17 C0 C24 C0 C1 <wb> C19 C0 C16 <wb> C1 C23 C20 C0 C26 C23 <wb> C22 C0 C11 C23 <wb> C30 C0 C22 C0 C36 C7 C0 C29 C0 <wb> C36 C12 C0 C1 C24 C0 <wb> C28 C0 C29 C0 <wb> C33 C0 C1 <wb> C36 C30 C0 C19 C0 C11 <wb> C20 C0 C36 C21 C0 C11 <wb> C30 C0 C16 C8 C0 C11 <wb> C30 C0 C16 C8 C0 C11 <wb> C4 C0 C36 C29 C0 C11 <wb> C3 C0 C1 C21 C0 <wb> C30 C0 C26 C24 C0 C11 <wb> C19 C0 C11 <wb> C32 C0 C1 C29 C0 <wb> C21 C0 C13 C0 <wb> C29 C0 C15 C0 C11 <wb> C33 C0 C11,val
5278,"हवा में उडता उसका लैस वाला कॉलर, अविनाशजी, क्या देख रहे थे, यही कि, तुम बहुत सुन्दर हो",1,7.245,1,,hindi_female_005278.wav,h a w a aa <wb> m a ee q <wb> u dx a t a aa <wb> u s a k a aa <wb> l a ei s a <wb> w a aa l a aa <wb> k a l a r a <wb> a w a i n a aa sh a j a ii <wb> k a y a aa <wb> d a ee kh a <wb> r a h a ee <wb> th a ee <wb> y a h a ii <wb> k a i <wb> t a u m a <wb> b a h a u t a <wb> s a u n a d a r a <wb> h a o,C15 C0 C37 C0 C1 <wb> C22 C0 C11 C23 <wb> C36 C9 C0 C32 C0 C1 <wb> C36 C30 C0 C19 C0 C1 <wb> C21 C0 C2 C30 C0 <wb> C37 C0 C1 C21 C0 C1 <wb> C19 C0 C21 C0 C29 C0 <wb> C0 C37 C0 C16 C24 C0 C1 C31 C0 C17 C0 C16 <wb> C19 C0 C38 C0 C1 <wb> C7 C0 C11 C20 C0 <wb> C29 C0 C15 C0 C11 <wb> C33 C0 C11 <wb> C38 C0 C15 C0 C16 <wb> C19 C0 C16 <wb> C32 C0 C36 C22 C0 <wb> C3 C0 C15 C0 C36 C32 C0 <wb> C30 C0 C36 C24 C0 C7 C0 C29 C0 <wb> C15 C0 C26,train
5279,"प्रकृति में, हर चीज़ सुन्दर है, मुझे तो, हर चीज़ सुन्दर लगती है",1,4.876,1,,hindi_female_005279.wav,p a r a k a rq t a i <wb> m a ee q <wb> h a r a <wb> c a ii z a <wb> s a u n a d a r a <wb> h a ei <wb> m a u jh a ee <wb> t a o <wb> h a r a <wb> c a ii z a <wb> s a u n a d a r a <wb> l a g a t a ii <wb> h a ei,C28 C0 C29 C0 C19 C0 C29 C32 C0 C16 <wb> C22 C0 C11 C23 <wb> C15 C0 C29 C0 <wb> C5 C0 C16 C17 C0 <wb> C30 C0 C36 C24 C0 C7 C0 C29 C0 <wb> C15 C0 C2 <wb> C22 C0 C36 C18 C0 C11 <wb> C32 C0 C26 <wb> C15 C0 C29 C0 <wb> C5 C0 C16 C17 C0 <wb> C30 C0 C36 C24 C0 C7 C0 C29 C0 <wb> C21 C0 C13 C0 C32 C0 C16 <wb> C15 C0 C2,train
5280,"सबका सोचने का ढंग है, अपना अपना, क्या ये झील रियल नहीं, वो जलपांखियों का झुण्ड रियल नहीं",1,8.162,0,not_selected_by_random,,,,
5281,"तुम्हें क्या मालूम, ज़िन्दगी कितनी बडी ग्रिम रियेलिटी है, जिसे तुम्हें बता कर डराना नहीं चाहता",1,6.692,0,not_selected_by_random,,,,
5282,"ईश्वर करे, तुम्हें ज़िन्दगी उन्हीं सुन्दर सत्यों के रूप में मिले, डरावने मुखौटे पहन कर नहीं",1,6.715,0,not_selected_by_random,,,,
5286,"मेरा बस चले, तो कानों में, बबूल के गोल फूल पहनूं, बालों में रंगबिरंगे पंख लगा लूं",1,6.637,0,not_selected_by_random,,,,
5289,"एक समय की बात है, राजा रणतूर्य, कीर्ति नगर के राजा थे",1,5.019,0,not_selected_by_random,,,,
5290,"शासन का कामकाज, सुचारू रूप से चल रहा था",1,2.972,1,,hindi_female_005290.wav,sh a aa s a n a <wb> k a aa <wb> k a aa m a k a aa j a <wb> s a u c a aa r a uu <wb> r a uu p a <wb> s a ee <wb> c a l a <wb> r a h a aa <wb> th a aa,C31 C0 C1 C30 C0 C24 C0 <wb> C19 C0 C1 <wb> C19 C0 C1 C22 C0 C19 C0 C1 C17 C0 <wb> C30 C0 C36 C5 C0 C1 C29 C0 C36 <wb> C29 C0 C36 C28 C0 <wb> C30 C0 C11 <wb> C5 C0 C21 C0 <wb> C29 C0 C15 C0 C1 <wb> C33 C0 C1,train
5291,"नगर सेठ, श्रीधर, राजा के घनिष्ठ मित्र थे",1,3.746,0,not_selected_by_random,,,,
5292,"सेठ का बडा बेटा, बहुत ही होनहार था",1,3.191,0,not_selected_by_random,,,,
5293,"यहाँ तक कि, राज काज के कामों में भी, सेठ का सलाह मशविरा लिया करते थे",1,5.529,0,not_selected_by_random,,,,
5294,"फिर दोनों, खुब हँसते, राज्य में, इस दोस्ती की चर्चा, सर्वत्र थी, समय गुज़रता रहा",1,7.423,0,not_selected_by_random,,,,
5295,"राजा, और सेठ श्रीधर, दोनों ही उम्र के तीसरे पडाव पर थे",1,4.644,1,,hindi_female_005295.wav,r a aa j a aa <wb> ou r a <wb> s a ee txh a <wb> sh a r a ii dh a r a <wb> d a o n a o q <wb> h a ii <wb> u m a r a <wb> k a ee <wb> t a ii s a r a ee <wb> p a dx a aa w a <wb> p a r a <wb> th a ee,C29 C0 C1 C17 C0 C1 <wb> C27 C29 C0 <wb> C30 C0 C11 C35 C0 <wb> C31 C0 C29 C0 C16 C8 C0 C29 C0 <wb> C7 C0 C26 C24 C0 C26 C23 <wb> C15 C0 C16 <wb> C36 C22 C0 C29 C0 <wb> C19 C0 C11 <wb> C32 C0 C16 C30 C0 C29 C0 C11 <wb> C28 C0 C9 C0 C1 C37 C0 <wb> C28 C0 C29 C0 <wb> C33 C0 C11,test
5296,"प्रत्येक दिन की भांति, आज भी वे, राजा के बगल में, विराजमान हो गए",1,5.514,0,not_selected_by_random,,,,
5297,"थोडी बहुत बातें हुयीं, पर एक चुभन सी, दोनों को ही, टीस रही थी, जो, अव्यक्त होते हुए भी, स्पष्ट था",1,8.197,1,,hindi_female_005297.wav,th a o dx a ii <wb> b a h a u t a <wb> b a aa t a ee q <wb> h a u y a ii q <wb> p a r a <wb> ee k a <wb> c a u bh a n a <wb> s a ii <wb> d a o n a o q <wb> k a o <wb> h a ii <wb> tx a ii s a <wb> r a h a ii <wb> th a ii <wb> j a o <wb> a w a y a k a t a <wb> h a o t a ee <wb> h a u ee <wb> bh a ii <wb> s a p a sx a tx a <wb> th a aa,C33 C0 C26 C9 C0 C16 <wb> C3 C0 C15 C0 C36 C32 C0 <wb> C3 C0 C1 C32 C0 C11 C23 <wb> C15 C0 C36 C38 C0 C16 C23 <wb> C28 C0 C29 C0 <wb> C11 C19 C0 <wb> C5 C0 C36 C4 C0 C24 C0 <wb> C30 C0 C16 <wb> C7 C0 C26 C24 C0 C26 C23 <wb> C19 C0 C26 <wb> C15 C0 C16 <wb> C34 C0 C16 C30 C0 <wb> C29 C0 C15 C0 C16 <wb> C33 C0 C16 <wb> C17 C0 C26 <wb> C0 C37 C0 C38 C0 C19 C0 C32 C0 <wb> C15 C0 C26 C32 C0 C11 <wb> C15 C0 C36 C11 <wb> C4 C0 C16 <wb> C30 C0 C28 C0 C31 C0 C34 C0 <wb> C33 C0 C1,train
5298,"जब अलग होते तो, एक दूसरे से मिलने की इच्छा होती, पर मिलने पर, एक अव्यक्त दूरी दीवार बनकर, पहले से ही खडी मिलती",1,9.265,1,,hindi_female_005298.wav,j a b a <wb> a l a g a <wb> h a o t a ee <wb> t a o <wb> ee k a <wb> d a uu s a r a ee <wb> s a ee <wb> m a i l a n a ee <wb> k a ii <wb> i c a ch a aa <wb> h a o t a ii <wb> p a r a <wb> m a i l a n a ee <wb> p a r a <wb> ee k a <wb> a w a y a k a t a <wb> d a uu r a ii <wb> d a ii w a aa r a <wb> b a n a k a r a <wb> p a h a l a ee <wb> s a ee <wb> h a ii <wb> kh a dx a ii <wb> m a i l a t a ii,C17 C0 C3 C0 <wb> C0 C21 C0 C13 C0 <wb> C15 C0 C26 C32 C0 C11 <wb> C32 C0 C26 <wb> C11 C19 C0 <wb> C7 C0 C36 C30 C0 C29 C0 C11 <wb> C30 C0 C11 <wb> C22 C0 C16 C21 C0 C24 C0 C11 <wb> C19 C0 C16 <wb> C16 C5 C0 C6 C0 C1 <wb> C15 C0 C26 C32 C0 C16 <wb> C28 C0 C29 C0 <wb> C22 C0 C16 C21 C0 C24 C0 C11 <wb> C28 C0 C29 C0 <wb> C11 C19 C0 <wb> C0 C37 C0 C38 C0 C19 C0 C32 C0 <wb> C7 C0 C36 C29 C0 C16 <wb> C7 C0 C16 C37 C0 C1 C29 C0 <wb> C3 C0 C24 C0 C19 C0 C29 C0 <wb> C28 C0 C15 C0 C21 C0 C11 <wb> C30 C0 C11 <wb> C15 C0 C16 <wb> C20 C0 C9 C0 C16 <wb> C22 C0 C16 C21 C0 C32 C0 C16,test
5299,घुटन सीमाएं लांघने को बेताब थी,1,2.322,1,,hindi_female_005299.wav,gh a u tx a n a <wb> s a ii m a aa ee q <wb> l a aa q gh a n a ee <wb> k a o <wb> b a ee t a aa b a <wb> th a ii,C14 C0 C36 C34 C0 C24 C0 <wb> C30 C0 C16 C22 C0 C1 C11 C23 <wb> C21 C0 C1 C23 C14 C0 C24 C0 C11 <wb> C19 C0 C26 <wb> C3 C0 C11 C32 C0 C1 C3 C0 <wb> C33 C0 C16,train
5302,"अतः, आप लोगों के इस प्रेम में, ऐसी ही दमित दुर्भावना, समाविष्ट हो गयी है, जिस कारण, आपके इस प्रगाढ प्रेम में भी, अन्तर्वेदना अंकुरित हो जाती है",1,12.399,1,,hindi_female_005302.wav,a t a hq <wb> aa p a <wb> l a o g a o q <wb> k a ee <wb> i s a <wb> p a r a ee m a <wb> m a ee q <wb> ei s a ii <wb> h a ii <wb> d a m a i t a <wb> d a u r a bh a aa w a n a aa <wb> s a m a aa w a i sx a tx a <wb> h a o <wb> g a y a ii <wb> h a ei <wb> j a i s a <wb> k a aa r a nx a <wb> aa p a k a ee <wb> i s a <wb> p a r a g a aa dxh a <wb> p a r a ee m a <wb> m a ee q <wb> bh a ii <wb> a n a t a r a w a ee d a n a aa <wb> a q k a u r a i t a <wb> h a o <wb> j a aa t a ii <wb> h a ei,C0 C32 C0 C15 <wb> C1 C28 C0 <wb> C21 C0 C26 C13 C0 C26 C23 <wb> C19 C0 C11 <wb> C16 C30 C0 <wb> C28 C0 C29 C0 C11 C22 C0 <wb> C22 C0 C11 C23 <wb> C2 C30 C0 C16 <wb> C15 C0 C16 <wb> C7 C0 C22 C0 C16 C32 C0 <wb> C7 C0 C36 C29 C0 C4 C0 C1 C37 C0 C24 C0 C1 <wb> C30 C0 C22 C0 C1 C37 C0 C16 C31 C0 C34 C0 <wb> C15 C0 C26 <wb> C13 C0 C38 C0 C16 <wb> C15 C0 C2 <wb> C17 C0 C16 C30 C0 <wb> C19 C0 C1 C29 C0 C25 C0 <wb> C1 C28 C0 C19 C0 C11 <wb> C16 C30 C0 <wb> C28 C0 C29 C0 C13 C0 C1 C10 C0 <wb> C28 C0 C29 C0 C11 C22 C0 <wb> C22 C0 C11 C23 <wb> C4 C0 C16 <wb> C0 C24 C0 C32 C0 C29 C0 C37 C0 C11 C7 C0 C24 C0 C1 <wb> C0 C23 C19 C0 C36 C29 C0 C16 C32 C0 <wb> C15 C0 C26 <wb> C17 C0 C1 C32 C0 C16 <wb> C15 C0 C2,train
5303,"अब आप दोनों ही, अपने अपने मन में, अपने घुटन का कारण ढूंढो",1,5.285,0,not_selected_by_random,,,,
5304,"कुछ देर बाद, सेठ ने, चुप्पी तोडी, और कहा, हे राजगुरू, सारा कुसूर, मेरा है",1,7.546,1,,hindi_female_005304.wav,k a u ch a <wb> d a ee r a <wb> b a aa d a <wb> s a ee txh a <wb> n a ee <wb> c a u p a p a ii <wb> t a o dx a ii <wb> ou r a <wb> k a h a aa <wb> h a ee <wb> r a aa j a g a u r a uu <wb> s a aa r a aa <wb> k a u s a uu r a <wb> m a ee r a aa <wb> h a ei,C19 C0 C36 C6 C0 <wb> C7 C0 C11 C29 C0 <wb> C3 C0 C1 C7 C0 <wb> C30 C0 C11 C35 C0 <wb> C24 C0 C11 <wb> C5 C0 C36 C28 C0 C28 C0 C16 <wb> C32 C0 C26 C9 C0 C16 <wb> C27 C29 C0 <wb> C19 C0 C15 C0 C1 <wb> C15 C0 C11 <wb> C29 C0 C1 C17 C0 C13 C0 C36 C29 C0 C36 <wb> C30 C0 C1 C29 C0 C1 <wb> C19 C0 C36 C30 C0 C36 C29 C0 <wb> C22 C0 C11 C29 C0 C1 <wb> C15 C0 C2,train
5308,मेरी सारी पूंजी नष्ट होने के कगार पर है,1,3.242,0,not_selected_by_random,,,,
5310,"सेठ इतना कहकर, राजा से लिपटकर रोने लगे",1,3.806,0,not_selected_by_random,,,,
5311,"अब तुम दोनों के बीच का मैल, धुल चुका है",1,3.399,0,not_selected_by_random,,,,
5312,"राजा ने कहा, हे मित्र, पहले ही यह बात बता देते, तो हम दोनों को इतना कष्ट तो नहीं सहना पडता",1,6.943,1,,hindi_female_005312.wav,r a aa j a aa <wb> n a ee <wb> k a h a aa <wb> h a ee <wb> m a i t a r a <wb> p a h a l a ee <wb> h a ii <wb> y a h a <wb> b a aa t a <wb> b a t a aa <wb> d a ee t a ee <wb> t a o <wb> h a m a <wb> d a o n a o q <wb> k a o <wb> i t a n a aa <wb> k a sx a tx a <wb> t a o <wb> n a h a ii q <wb> s a h a n a aa <wb> p a dx a t a aa,C29 C0 C1 C17 C0 C1 <wb> C24 C0 C11 <wb> C19 C0 C15 C0 C1 <wb> C15 C0 C11 <wb> C22 C0 C16 C32 C0 C29 C0 <wb> C28 C0 C15 C0 C21 C0 C11 <wb> C15 C0 C16 <wb> C38 C0 C15 C0 <wb> C3 C0 C1 C32 C0 <wb> C3 C0 C32 C0 C1 <wb> C7 C0 C11 C32 C0 C11 <wb> C32 C0 C26 <wb> C15 C0 C22 C0 <wb> C7 C0 C26 C24 C0 C26 C23 <wb> C19 C0 C26 <wb> C16 C32 C0 C24 C0 C1 <wb> C19 C0 C31 C0 C34 C0 <wb> C32 C0 C26 <wb> C24 C0 C15 C0 C16 C23 <wb> C30 C0 C15 C0 C24 C0 C1 <wb> C28 C0 C9 C0 C32 C0 C1,train
5313,"उन्होंने मंत्री को बुलवाकर, एक चंदन का महल तैयार करवाने का हुक्म दिया",1,4.752,0,not_selected_by_random,,,,
5314,"इस प्रकार, सेठ की पूंजी, और उन दोनों की मित्रता, दीर्घायु हो गयी",1,4.853,1,,hindi_female_005314.wav,i s a <wb> p a r a k a aa r a <wb> s a ee txh a <wb> k a ii <wb> p a uu q j a ii <wb> ou r a <wb> u n a <wb> d a o n a o q <wb> k a ii <wb> m a i t a r a t a aa <wb> d a ii r a gh a aa y a u <wb> h a o <wb> g a y a ii,C16 C30 C0 <wb> C28 C0 C29 C0 C19 C0 C1 C29 C0 <wb> C30 C0 C11 C35 C0 <wb> C19 C0 C16 <wb> C28 C0 C36 C23 C17 C0 C16 <wb> C27 C29 C0 <wb> C36 C24 C0 <wb> C7 C0 C26 C24 C0 C26 C23 <wb> C19 C0 C16 <wb> C22 C0 C16 C32 C0 C29 C0 C32 C0 C1 <wb> C7 C0 C16 C29 C0 C14 C0 C1 C38 C0 C36 <wb> C15 C0 C26 <wb> C13 C0 C38 C0 C16,train
5315,"अव्यक्त रखने पर भी, अन्तर्सम्बंधों में, दरार, डाल ही देती हैं",1,4.458,1,,hindi_female_005315.wav,a w a y a k a t a <wb> r a kh a n a ee <wb> p a r a <wb> bh a ii <wb> a n a t a r a s a m a b a q dh a o q <wb> m a ee q <wb> d a r a aa r a <wb> dx a aa l a <wb> h a ii <wb> d a ee t a ii <wb> h a ei q,C0 C37 C0 C38 C0 C19 C0 C32 C0 <wb> C29 C0 C20 C0 C24 C0 C11 <wb> C28 C0 C29 C0 <wb> C4 C0 C16 <wb> C0 C24 C0 C32 C0 C29 C0 C30 C0 C22 C0 C3 C0 C23 C8 C0 C26 C23 <wb> C22 C0 C11 C23 <wb> C7 C0 C29 C0 C1 C29 C0 <wb> C9 C0 C1 C21 C0 <wb> C15 C0 C16 <wb> C7 C0 C11 C32 C0 C16 <wb> C15 C0 C2 C23,train
5316,"ये, विकास पथ के, अवरोधक हैं",1,2.763,1,,hindi_female_005316.wav,y a ee <wb> w a i k a aa s a <wb> p a th a <wb> k a ee <wb> a w a r a o dh a k a <wb> h a ei q,C38 C0 C11 <wb> C37 C0 C16 C19 C0 C1 C30 C0 <wb> C28 C0 C33 C0 <wb> C19 C0 C11 <wb> C0 C37 C0 C29 C0 C26 C8 C0 C19 C0 <wb> C15 C0 C2 C23,train
5318,"तीन बार, गर्भपात की वह शिकार हुई थी, इसलिये, तीन गुडियां थीं उसके पास",1,6.401,0,not_selected_by_random,,,,
5320,"चाहती थी, तुम सबको, और तुम्हारे जैसी अनेकों की मां बन कर, मैं फलों से लदा एक विशाल, छतनार पेड बन जाऊं",1,8.559,0,not_selected_by_random,,,,
5324,"शाखा को, इन स्थितियों से सख्त ऐतराज़ था, और इस ऐतराज़ की प्रति क्रिया में, वह दर्जनों बेटियों की मां बनना चाहती थी",1,8.934,0,not_selected_by_random,,,,
5326,"आज भी, उसकी ससुराल के कुत्ते, मेरे जिस्म को नोंच रहे हैं, जैसे मैं उनका, जनम जात कर्ज़ दार हूं",1,8.406,1,,hindi_female_005326.wav,aa j a <wb> bh a ii <wb> u s a k a ii <wb> s a s a u r a aa l a <wb> k a ee <wb> k a u t a t a ee <wb> m a ee r a ee <wb> j a i s a m a <wb> k a o <wb> n a o q c a <wb> r a h a ee <wb> h a ei q <wb> j a ei s a ee <wb> m a ei q <wb> u n a k a aa <wb> j a n a m a <wb> j a aa t a <wb> k a r a z a <wb> d a aa r a <wb> h a uu q,C1 C17 C0 <wb> C4 C0 C16 <wb> C36 C30 C0 C19 C0 C16 <wb> C30 C0 C30 C0 C36 C29 C0 C1 C21 C0 <wb> C19 C0 C11 <wb> C19 C0 C36 C32 C0 C32 C0 C11 <wb> C22 C0 C11 C29 C0 C11 <wb> C17 C0 C16 C30 C0 C22 C0 <wb> C19 C0 C26 <wb> C24 C0 C26 C23 C5 C0 <wb> C29 C0 C15 C0 C11 <wb> C15 C0 C2 C23 <wb> C17 C0 C2 C30 C0 C11 <wb> C22 C0 C2 C23 <wb> C36 C24 C0 C19 C0 C1 <wb> C17 C0 C24 C0 C22 C0 <wb> C17 C0 C1 C32 C0 <wb> C19 C0 C29 C0 C17 C0 <wb> C7 C0 C1 C29 C0 <wb> C15 C0 C36 C23,train
5327,"अब और साहस नहीं है कि, बेटी ब्याहने के नाम पर, कोई दोबारा मेरी खाल उतार ले",1,5.48,1,,hindi_female_005327.wav,a b a <wb> ou r a <wb> s a aa h a s a <wb> n a h a ii q <wb> h a ei <wb> k a i <wb> b a ee tx a ii <wb> b a y a aa h a n a ee <wb> k a ee <wb> n a aa m a <wb> p a r a <wb> k a o ii <wb> d a o b a aa r a aa <wb> m a ee r a ii <wb> kh a aa l a <wb> u t a aa r a <wb> l a ee,C0 C3 C0 <wb> C27 C29 C0 <wb> C30 C0 C1 C15 C0 C30 C0 <wb> C24 C0 C15 C0 C16 C23 <wb> C15 C0 C2 <wb> C19 C0 C16 <wb> C3 C0 C11 C34 C0 C16 <wb> C3 C0 C38 C0 C1 C15 C0 C24 C0 C11 <wb> C19 C0 C11 <wb> C24 C0 C1 C22 C0 <wb> C28 C0 C29 C0 <wb> C19 C0 C26 C16 <wb> C7 C0 C26 C3 C0 C1 C29 C0 C1 <wb> C22 C0 C11 C29 C0 C16 <wb> C20 C0 C1 C21 C0 <wb> C36 C32 C0 C1 C29 C0 <wb> C21 C0 C11,train
5330,"वह एक अच्छे घर में जाकर, सुख से रहे, यह उसकी दिली ख्वाहिश थी",1,5.541,0,not_selected_by_random,,,,
5332,"मुझ पर कृपा कर के, थोडी सी रियायत, जैसे उसके उबल पडने का कोई, स्विच ऑन हो गया हो, वह फन फना उठा, तो तुम भाड में जाओ, मेरा घर, कोई राहत केन्द्र नहीं है",1,12.91,1,,hindi_female_005332.wav,m a u jh a <wb> p a r a <wb> k a rq p a aa <wb> k a r a <wb> k a ee <wb> th a o dx a ii <wb> s a ii <wb> r a i y a aa y a t a <wb> j a ei s a ee <wb> u s a k a ee <wb> u b a l a <wb> p a dx a n a ee <wb> k a aa <wb> k a o ii <wb> s a w a i c a <wb> ax n a <wb> h a o <wb> g a y a aa <wb> h a o <wb> w a h a <wb> ph a n a <wb> ph a n a aa <wb> u txh a aa <wb> t a o <wb> t a u m a <wb> bh a aa dx a <wb> m a ee q <wb> j a aa o <wb> m a ee r a aa <wb> gh a r a <wb> k a o ii <wb> r a aa h a t a <wb> k a ee n a d a r a <wb> n a h a ii q <wb> h a ei,C22 C0 C36 C18 C0 <wb> C28 C0 C29 C0 <wb> C19 C0 C29 C28 C0 C1 <wb> C19 C0 C29 C0 <wb> C19 C0 C11 <wb> C33 C0 C26 C9 C0 C16 <wb> C30 C0 C16 <wb> C29 C0 C16 C38 C0 C1 C38 C0 C32 C0 <wb> C17 C0 C2 C30 C0 C11 <wb> C36 C30 C0 C19 C0 C11 <wb> C36 C3 C0 C21 C0 <wb> C28 C0 C9 C0 C24 C0 C11 <wb> C19 C0 C1 <wb> C19 C0 C26 C16 <wb> C30 C0 C37 C0 C16 C5 C0 <wb> C0 C24 C0 <wb> C15 C0 C26 <wb> C13 C0 C38 C0 C1 <wb> C15 C0 C26 <wb> C37 C0 C15 C0 <wb> C12 C0 C24 C0 <wb> C12 C0 C24 C0 C1 <wb> C36 C35 C0 C1 <wb> C32 C0 C26 <wb> C32 C0 C36 C22 C0 <wb> C4 C0 C1 C9 C0 <wb> C22 C0 C11 C23 <wb> C17 C0 C1 C26 <wb> C22 C0 C11 C29 C0 C1 <wb> C14 C0 C29 C0 <wb> C19 C0 C26 C16 <wb> C29 C0 C1 C15 C0 C32 C0 <wb> C19 C0 C11 C24 C0 C7 C0 C29 C0 <wb> C24 C0 C15 C0 C16 C23 <wb> C15 C0 C2,train
5333,"कई लोग, पहले ही क्यू में हैं, तुम अपनी बराबरी की कोई दूसरी जगह ढूंढ लो",1,5.085,1,,hindi_female_005333.wav,k a ii <wb> l a o g a <wb> p a h a l a ee <wb> h a ii <wb> k a y a uu <wb> m a ee q <wb> h a ei q <wb> t a u m a <wb> a p a n a ii <wb> b a r a aa b a r a ii <wb> k a ii <wb> k a o ii <wb> d a uu s a r a ii <wb> j a g a h a <wb> dxh a uu q dxh a <wb> l a o,C19 C0 C16 <wb> C21 C0 C26 C13 C0 <wb> C28 C0 C15 C0 C21 C0 C11 <wb> C15 C0 C16 <wb> C19 C0 C38 C0 C36 <wb> C22 C0 C11 C23 <wb> C15 C0 C2 C23 <wb> C32 C0 C36 C22 C0 <wb> C0 C28 C0 C24 C0 C16 <wb> C3 C0 C29 C0 C1 C3 C0 C29 C0 C16 <wb> C19 C0 C16 <wb> C19 C0 C26 C16 <wb> C7 C0 C36 C30 C0 C29 C0 C16 <wb> C17 C0 C13 C0 C15 C0 <wb> C10 C0 C36 C23 C10 C0 <wb> C21 C0 C26,train
5334,"ऐसा बेमुर वत सलूक तो, कोई सूदखोर महाजन भी नहीं करता होगा",1,4.389,1,,hindi_female_005334.wav,ei s a aa <wb> b a ee m a u r a <wb> w a t a <wb> s a l a uu k a <wb> t a o <wb> k a o ii <wb> s a uu d a kh a o r a <wb> m a h a aa j a n a <wb> bh a ii <wb> n a h a ii q <wb> k a r a t a aa <wb> h a o g a aa,C2 C30 C0 C1 <wb> C3 C0 C11 C22 C0 C36 C29 C0 <wb> C37 C0 C32 C0 <wb> C30 C0 C21 C0 C36 C19 C0 <wb> C32 C0 C26 <wb> C19 C0 C26 C16 <wb> C30 C0 C36 C7 C0 C20 C0 C26 C29 C0 <wb> C22 C0 C15 C0 C1 C17 C0 C24 C0 <wb> C4 C0 C16 <wb> C24 C0 C15 C0 C16 C23 <wb> C19 C0 C29 C0 C32 C0 C1 <wb> C15 C0 C26 C13 C0 C1,train
5339,"अंततः, उसने ऐसा ही किया",1,2.252,1,,hindi_female_005339.wav,a q t a t a hq <wb> u s a n a ee <wb> ei s a aa <wb> h a ii <wb> k a i y a aa,C0 C23 C32 C0 C32 C0 C15 <wb> C36 C30 C0 C24 C0 C11 <wb> C2 C30 C0 C1 <wb> C15 C0 C16 <wb> C19 C0 C16 C38 C0 C1,train
5341,"खुद को यह समझाकर, शादी कर दी, कि चेहरे की स्थूल सुन्दरता से, कहीं बडी होती है, आंतरिक सुन्दरता",1,7.338,1,,hindi_female_005341.wav,kh a u d a <wb> k a o <wb> y a h a <wb> s a m a jh a aa k a r a <wb> sh a aa d a ii <wb> k a r a <wb> d a ii <wb> k a i <wb> c a ee h a r a ee <wb> k a ii <wb> s a th a uu l a <wb> s a u n a d a r a t a aa <wb> s a ee <wb> k a h a ii q <wb> b a dx a ii <wb> h a o t a ii <wb> h a ei <wb> aa q t a r a i k a <wb> s a u n a d a r a t a aa,C20 C0 C36 C7 C0 <wb> C19 C0 C26 <wb> C38 C0 C15 C0 <wb> C30 C0 C22 C0 C18 C0 C1 C19 C0 C29 C0 <wb> C31 C0 C1 C7 C0 C16 <wb> C19 C0 C29 C0 <wb> C7 C0 C16 <wb> C19 C0 C16 <wb> C5 C0 C11 C15 C0 C29 C0 C11 <wb> C19 C0 C16 <wb> C30 C0 C33 C0 C36 C21 C0 <wb> C30 C0 C36 C24 C0 C7 C0 C29 C0 C32 C0 C1 <wb> C30 C0 C11 <wb> C19 C0 C15 C0 C16 C23 <wb> C3 C0 C9 C0 C16 <wb> C15 C0 C26 C32 C0 C16 <wb> C15 C0 C2 <wb> C1 C23 C32 C0 C29 C0 C16 C19 C0 <wb> C30 C0 C36 C24 C0 C7 C0 C29 C0 C32 C0 C1,train
5343,"अंबर से आये दिन, थुथुरमुंहा, और उसके परिवार की, रार तकरार मचने लगी",1,5.913,0,not_selected_by_random,,,,
5344,"अगर वह बेटी के बाप होने को, अभिशाप मानकर, इससे बचने के लिये, सख्त एहतियात बरतना चाहता है, तो शाखा, इस मानसिकता को, समझ सकती है",1,10.681,1,,hindi_female_005344.wav,a g a r a <wb> w a h a <wb> b a ee tx a ii <wb> k a ee <wb> b a aa p a <wb> h a o n a ee <wb> k a o <wb> a bh a i sh a aa p a <wb> m a aa n a k a r a <wb> i s a s a ee <wb> b a c a n a ee <wb> k a ee <wb> l a i y a ee <wb> s a kh a t a <wb> ee h a t a i y a aa t a <wb> b a r a t a n a aa <wb> c a aa h a t a aa <wb> h a ei <wb> t a o <wb> sh a aa kh a aa <wb> i s a <wb> m a aa n a s a i k a t a aa <wb> k a o <wb> s a m a jh a <wb> s a k a t a ii <wb> h a ei,C0 C13 C0 C29 C0 <wb> C37 C0 C15 C0 <wb> C3 C0 C11 C34 C0 C16 <wb> C19 C0 C11 <wb> C3 C0 C1 C28 C0 <wb> C15 C0 C26 C24 C0 C11 <wb> C19 C0 C26 <wb> C0 C4 C0 C16 C31 C0 C1 C28 C0 <wb> C22 C0 C1 C24 C0 C19 C0 C29 C0 <wb> C16 C30 C0 C30 C0 C11 <wb> C3 C0 C5 C0 C24 C0 C11 <wb> C19 C0 C11 <wb> C21 C0 C16 C38 C0 C11 <wb> C30 C0 C20 C0 C32 C0 <wb> C11 C15 C0 C32 C0 C16 C38 C0 C1 C32 C0 <wb> C3 C0 C29 C0 C32 C0 C24 C0 C1 <wb> C5 C0 C1 C15 C0 C32 C0 C1 <wb> C15 C0 C2 <wb> C32 C0 C26 <wb> C31 C0 C1 C20 C0 C1 <wb> C16 C30 C0 <wb> C22 C0 C1 C24 C0 C30 C0 C16 C19 C0 C32 C0 C1 <wb> C19 C0 C26 <wb> C30 C0 C22 C0 C18 C0 <wb> C30 C0 C19 C0 C32 C0 C16 <wb> C15 C0 C2,train
5346,"तुम्हारी तो, एक ही बहन थी, मेरे पिता ने तो, चार बेटियों को ब्याया है",1,5.742,0,not_selected_by_random,,,,
5347,"मेरी यह पहली प्रेगनेन्सी है, इसे प्लीज़, क्रूरता से सम्पन्न होने दो",1,5.19,0,not_selected_by_random,,,,
5348,"पहले इशू में, कोई वर्जना, कोई रुकावट, कोई संशय, उचित नहीं",1,5.062,1,,hindi_female_005348.wav,p a h a l a ee <wb> i sh a uu <wb> m a ee q <wb> k a o ii <wb> w a r a j a n a aa <wb> k a o ii <wb> r a u k a aa w a tx a <wb> k a o ii <wb> s a q sh a y a <wb> u c a i t a <wb> n a h a ii q,C28 C0 C15 C0 C21 C0 C11 <wb> C16 C31 C0 C36 <wb> C22 C0 C11 C23 <wb> C19 C0 C26 C16 <wb> C37 C0 C29 C0 C17 C0 C24 C0 C1 <wb> C19 C0 C26 C16 <wb> C29 C0 C36 C19 C0 C1 C37 C0 C34 C0 <wb> C19 C0 C26 C16 <wb> C30 C0 C23 C31 C0 C38 C0 <wb> C36 C5 C0 C16 C32 C0 <wb> C24 C0 C15 C0 C16 C23,train
5349,"आखिर, बेटी के रूप में, कम से कम, एक संतान घर में, ज़रूरी भी है, और उसकी परवरिश, हमारा दायित्व भी है",1,8.819,0,not_selected_by_random,,,,
5351,"मैं उससे कई साल बडा था, लेकिन, घर को संवारने संभालने, और रसोई सीधी करने के मामले में, मैं किसी काम का, नहीं था",1,8.94,1,,hindi_female_005351.wav,m a ei q <wb> u s a s a ee <wb> k a ii <wb> s a aa l a <wb> b a dx a aa <wb> th a aa <wb> l a ee k a i n a <wb> gh a r a <wb> k a o <wb> s a q w a aa r a n a ee <wb> s a q bh a aa l a n a ee <wb> ou r a <wb> r a s a o ii <wb> s a ii dh a ii <wb> k a r a n a ee <wb> k a ee <wb> m a aa m a l a ee <wb> m a ee q <wb> m a ei q <wb> k a i s a ii <wb> k a aa m a <wb> k a aa <wb> n a h a ii q <wb> th a aa,C22 C0 C2 C23 <wb> C36 C30 C0 C30 C0 C11 <wb> C19 C0 C16 <wb> C30 C0 C1 C21 C0 <wb> C3 C0 C9 C0 C1 <wb> C33 C0 C1 <wb> C21 C0 C11 C19 C0 C16 C24 C0 <wb> C14 C0 C29 C0 <wb> C19 C0 C26 <wb> C30 C0 C23 C37 C0 C1 C29 C0 C24 C0 C11 <wb> C30 C0 C23 C4 C0 C1 C21 C0 C24 C0 C11 <wb> C27 C29 C0 <wb> C29 C0 C30 C0 C26 C16 <wb> C30 C0 C16 C8 C0 C16 <wb> C19 C0 C29 C0 C24 C0 C11 <wb> C19 C0 C11 <wb> C22 C0 C1 C22 C0 C21 C0 C11 <wb> C22 C0 C11 C23 <wb> C22 C0 C2 C23 <wb> C19 C0 C16 C30 C0 C16 <wb> C19 C0 C1 C22 C0 <wb> C19 C0 C1 <wb> C24 C0 C15 C0 C16 C23 <wb> C33 C0 C1,train
5352,"दमा और हृदय रोग के मरीज़, बाऊजी को, परिधि ने अपनी, सुश्रुषा से, हमेशा संतुष्ट रखा",1,7.819,0,not_selected_by_random,,,,
5353,"वे कहते थे मुझे, अपनी परिधि की, सुघडता देखो अंबर",1,4.087,1,,hindi_female_005353.wav,w a ee <wb> k a h a t a ee <wb> th a ee <wb> m a u jh a ee <wb> a p a n a ii <wb> p a r a i dh a i <wb> k a ii <wb> s a u gh a dx a t a aa <wb> d a ee kh a o <wb> a q b a r a,C37 C0 C11 <wb> C19 C0 C15 C0 C32 C0 C11 <wb> C33 C0 C11 <wb> C22 C0 C36 C18 C0 C11 <wb> C0 C28 C0 C24 C0 C16 <wb> C28 C0 C29 C0 C16 C8 C0 C16 <wb> C19 C0 C16 <wb> C30 C0 C36 C14 C0 C9 C0 C32 C0 C1 <wb> C7 C0 C11 C20 C0 C26 <wb> C0 C23 C3 C0 C29 C0,train
5354,"इसने घुट्टी में ही, कब सीख लिया, यह सब, हमें पता ही नहीं चला",1,4.574,1,,hindi_female_005354.wav,i s a n a ee <wb> gh a u tx a tx a ii <wb> m a ee q <wb> h a ii <wb> k a b a <wb> s a ii kh a <wb> l a i y a aa <wb> y a h a <wb> s a b a <wb> h a m a ee q <wb> p a t a aa <wb> h a ii <wb> n a h a ii q <wb> c a l a aa,C16 C30 C0 C24 C0 C11 <wb> C14 C0 C36 C34 C0 C34 C0 C16 <wb> C22 C0 C11 C23 <wb> C15 C0 C16 <wb> C19 C0 C3 C0 <wb> C30 C0 C16 C20 C0 <wb> C21 C0 C16 C38 C0 C1 <wb> C38 C0 C15 C0 <wb> C30 C0 C3 C0 <wb> C15 C0 C22 C0 C11 C23 <wb> C28 C0 C32 C0 C1 <wb> C15 C0 C16 <wb> C24 C0 C15 C0 C16 C23 <wb> C5 C0 C21 C0 C1,train
5355,"कहकर, एक दीर्घ निःश्वास भरी, अम्बर ने",1,4.274,0,not_selected_by_random,,,,
5356,"एक मायूसी उतर आई, अम्बर के चेहरे पर, परिधि की हालत देखता हूं, तो घर में, दूसरी बेटी की उपस्थिति की कल्पना मात्र से, हृदय थर्रा जाता है",1,10.101,1,,hindi_female_005356.wav,ee k a <wb> m a aa y a uu s a ii <wb> u t a r a <wb> aa ii <wb> a m a b a r a <wb> k a ee <wb> c a ee h a r a ee <wb> p a r a <wb> p a r a i dh a i <wb> k a ii <wb> h a aa l a t a <wb> d a ee kh a t a aa <wb> h a uu q <wb> t a o <wb> gh a r a <wb> m a ee q <wb> d a uu s a r a ii <wb> b a ee tx a ii <wb> k a ii <wb> u p a s a th a i t a i <wb> k a ii <wb> k a l a p a n a aa <wb> m a aa t a r a <wb> s a ee <wb> h a rq d a y a <wb> th a r a r a aa <wb> j a aa t a aa <wb> h a ei,C11 C19 C0 <wb> C22 C0 C1 C38 C0 C36 C30 C0 C16 <wb> C36 C32 C0 C29 C0 <wb> C1 C16 <wb> C0 C22 C0 C3 C0 C29 C0 <wb> C19 C0 C11 <wb> C5 C0 C11 C15 C0 C29 C0 C11 <wb> C28 C0 C29 C0 <wb> C28 C0 C29 C0 C16 C8 C0 C16 <wb> C19 C0 C16 <wb> C15 C0 C1 C21 C0 C32 C0 <wb> C7 C0 C11 C20 C0 C32 C0 C1 <wb> C15 C0 C36 C23 <wb> C32 C0 C26 <wb> C14 C0 C29 C0 <wb> C22 C0 C11 C23 <wb> C7 C0 C36 C30 C0 C29 C0 C16 <wb> C3 C0 C11 C34 C0 C16 <wb> C19 C0 C16 <wb> C36 C28 C0 C30 C0 C33 C0 C16 C32 C0 C16 <wb> C19 C0 C16 <wb> C19 C0 C21 C0 C28 C0 C24 C0 C1 <wb> C22 C0 C1 C32 C0 C29 C0 <wb> C30 C0 C11 <wb> C15 C0 C29 C7 C0 C38 C0 <wb> C33 C0 C29 C0 C29 C0 C1 <wb> C17 C0 C1 C32 C0 C1 <wb> C15 C0 C2,test
5357,"लेकिन, तुम चाहती हो, कि मातृत्व के, तुम्हारे पहले अवसर को, स्वछंद रहने दिया जाये, तो चलो, मैं तुम्हारी भावना को, आहत नहीं करता",1,10.24,1,,hindi_female_005357.wav,l a ee k a i n a <wb> t a u m a <wb> c a aa h a t a ii <wb> h a o <wb> k a i <wb> m a aa t a rq t a w a <wb> k a ee <wb> t a u m a h a aa r a ee <wb> p a h a l a ee <wb> a w a s a r a <wb> k a o <wb> s a w a ch a q d a <wb> r a h a n a ee <wb> d a i y a aa <wb> j a aa y a ee <wb> t a o <wb> c a l a o <wb> m a ei q <wb> t a u m a h a aa r a ii <wb> bh a aa w a n a aa <wb> k a o <wb> aa h a t a <wb> n a h a ii q <wb> k a r a t a aa,C21 C0 C11 C19 C0 C16 C24 C0 <wb> C32 C0 C36 C22 C0 <wb> C5 C0 C1 C15 C0 C32 C0 C16 <wb> C15 C0 C26 <wb> C19 C0 C16 <wb> C22 C0 C1 C32 C0 C29 C32 C0 C37 C0 <wb> C19 C0 C11 <wb> C32 C0 C36 C22 C0 C15 C0 C1 C29 C0 C11 <wb> C28 C0 C15 C0 C21 C0 C11 <wb> C0 C37 C0 C30 C0 C29 C0 <wb> C19 C0 C26 <wb> C30 C0 C37 C0 C6 C0 C23 C7 C0 <wb> C29 C0 C15 C0 C24 C0 C11 <wb> C7 C0 C16 C38 C0 C1 <wb> C17 C0 C1 C38 C0 C11 <wb> C32 C0 C26 <wb> C5 C0 C21 C0 C26 <wb> C22 C0 C2 C23 <wb> C32 C0 C36 C22 C0 C15 C0 C1 C29 C0 C16 <wb> C4 C0 C1 C37 C0 C24 C0 C1 <wb> C19 C0 C26 <wb> C1 C15 C0 C32 C0 <wb> C24 C0 C15 C0 C16 C23 <wb> C19 C0 C29 C0 C32 C0 C1,train
5358,"शाखा ने, हंसी में, अनुराग घोलते हुए कहा, अगर बेटा हो गया इस बार, तो अगली बार भी, मेरा यह सवाल कायम रहेगा",1,9.358,1,,hindi_female_005358.wav,sh a aa kh a aa <wb> n a ee <wb> h a q s a ii <wb> m a ee q <wb> a n a u r a aa g a <wb> gh a o l a t a ee <wb> h a u ee <wb> k a h a aa <wb> a g a r a <wb> b a ee tx a aa <wb> h a o <wb> g a y a aa <wb> i s a <wb> b a aa r a <wb> t a o <wb> a g a l a ii <wb> b a aa r a <wb> bh a ii <wb> m a ee r a aa <wb> y a h a <wb> s a w a aa l a <wb> k a aa y a m a <wb> r a h a ee g a aa,C31 C0 C1 C20 C0 C1 <wb> C24 C0 C11 <wb> C15 C0 C23 C30 C0 C16 <wb> C22 C0 C11 C23 <wb> C0 C24 C0 C36 C29 C0 C1 C13 C0 <wb> C14 C0 C26 C21 C0 C32 C0 C11 <wb> C15 C0 C36 C11 <wb> C19 C0 C15 C0 C1 <wb> C0 C13 C0 C29 C0 <wb> C3 C0 C11 C34 C0 C1 <wb> C15 C0 C26 <wb> C13 C0 C38 C0 C1 <wb> C16 C30 C0 <wb> C3 C0 C1 C29 C0 <wb> C32 C0 C26 <wb> C0 C13 C0 C21 C0 C16 <wb> C3 C0 C1 C29 C0 <wb> C4 C0 C16 <wb> C22 C0 C11 C29 C0 C1 <wb> C38 C0 C15 C0 <wb> C30 C0 C37 C0 C1 C21 C0 <wb> C19 C0 C1 C38 C0 C22 C0 <wb> C29 C0 C15 C0 C11 C13 C0 C1,train
5359,"शाखा ने, बालिका शिशु को जन्म दिया, आशंका ऐसी ही थी, हालांकि, दोनों ने मन ही मन, पुत्र प्राप्ति की, घनघोर कामना की थी",1,11.099,0,not_selected_by_random,,,,
5360,"नियति प्रायः, ऐसा ही विधान रचती है, जिससे आप भागना चाहते हैं, वह आपके पीछे लग जाती है",1,8.04,0,not_selected_by_random,,,,
5361,"मुन्नी घर में पलने लगी, लाड प्यार के सहज, और स्वाभाविक परिवेश में पलने लगी",1,5.619,1,,hindi_female_005361.wav,m a u n a n a ii <wb> gh a r a <wb> m a ee q <wb> p a l a n a ee <wb> l a g a ii <wb> l a aa dx a <wb> p a y a aa r a <wb> k a ee <wb> s a h a j a <wb> ou r a <wb> s a w a aa bh a aa w a i k a <wb> p a r a i w a ee sh a <wb> m a ee q <wb> p a l a n a ee <wb> l a g a ii,C22 C0 C36 C24 C0 C24 C0 C16 <wb> C14 C0 C29 C0 <wb> C22 C0 C11 C23 <wb> C28 C0 C21 C0 C24 C0 C11 <wb> C21 C0 C13 C0 C16 <wb> C21 C0 C1 C9 C0 <wb> C28 C0 C38 C0 C1 C29 C0 <wb> C19 C0 C11 <wb> C30 C0 C15 C0 C17 C0 <wb> C27 C29 C0 <wb> C30 C0 C37 C0 C1 C4 C0 C1 C37 C0 C16 C19 C0 <wb> C28 C0 C29 C0 C16 C37 C0 C11 C31 C0 <wb> C22 C0 C11 C23 <wb> C28 C0 C21 C0 C24 C0 C11 <wb> C21 C0 C13 C0 C16,train
5362,"बर्ताव में ऐसी शालीनता, और सीमा, बस यहीं तक रही",1,4.18,1,,hindi_female_005362.wav,b a r a t a aa w a <wb> m a ee q <wb> ei s a ii <wb> sh a aa l a ii n a t a aa <wb> ou r a <wb> s a ii m a aa <wb> b a s a <wb> y a h a ii q <wb> t a k a <wb> r a h a ii,C3 C0 C29 C0 C32 C0 C1 C37 C0 <wb> C22 C0 C11 C23 <wb> C2 C30 C0 C16 <wb> C31 C0 C1 C21 C0 C16 C24 C0 C32 C0 C1 <wb> C27 C29 C0 <wb> C30 C0 C16 C22 C0 C1 <wb> C3 C0 C30 C0 <wb> C38 C0 C15 C0 C16 C23 <wb> C32 C0 C19 C0 <wb> C29 C0 C15 C0 C16,train
5363,"अगले इशू से, उनकी प्राथमिकता बदल गई",1,3.476,0,not_selected_by_random,,,,
5364,"दूसरे, तीसरे, और चौथे गर्भ का हश्र, गुडियों में परवरित हो गया",1,4.946,1,,hindi_female_005364.wav,d a uu s a r a ee <wb> t a ii s a r a ee <wb> ou r a <wb> c a ou th a ee <wb> g a r a bh a <wb> k a aa <wb> h a sh a r a <wb> g a u dx a i y a o q <wb> m a ee q <wb> p a r a w a r a i t a <wb> h a o <wb> g a y a aa,C7 C0 C36 C30 C0 C29 C0 C11 <wb> C32 C0 C16 C30 C0 C29 C0 C11 <wb> C27 C29 C0 <wb> C5 C0 C27 C33 C0 C11 <wb> C13 C0 C29 C0 C4 C0 <wb> C19 C0 C1 <wb> C15 C0 C31 C0 C29 C0 <wb> C13 C0 C36 C9 C0 C16 C38 C0 C26 C23 <wb> C22 C0 C11 C23 <wb> C28 C0 C29 C0 C37 C0 C29 C0 C16 C32 C0 <wb> C15 C0 C26 <wb> C13 C0 C38 C0 C1,train
5365,"हर बार, शाखा का शरीर ही नहीं, अंतस भी, लहूलुहान हुआ",1,4.667,1,,hindi_female_005365.wav,h a r a <wb> b a aa r a <wb> sh a aa kh a aa <wb> k a aa <wb> sh a r a ii r a <wb> h a ii <wb> n a h a ii q <wb> a q t a s a <wb> bh a ii <wb> l a h a uu l a u h a aa n a <wb> h a u aa,C15 C0 C29 C0 <wb> C3 C0 C1 C29 C0 <wb> C31 C0 C1 C20 C0 C1 <wb> C19 C0 C1 <wb> C31 C0 C29 C0 C16 C29 C0 <wb> C15 C0 C16 <wb> C24 C0 C15 C0 C16 C23 <wb> C0 C23 C32 C0 C30 C0 <wb> C4 C0 C16 <wb> C21 C0 C15 C0 C36 C21 C0 C36 C15 C0 C1 C24 C0 <wb> C15 C0 C36 C1,train
5366,"वह सोचती थी, कि एक देवकी थी, जिसके जन्मे बच्चे को, उसका भाई कंस, नष्ट कर देता था, एक वह है, जिसके बिनजन्मे बच्चे को ही, उसका पति नष्ट करवा देता है",1,13.007,0,not_selected_by_random,,,,
5367,"शाखा के मन में आता, कि जब गर्भपात ही उसकी नियति है, तो फिर वह गर्भ धारण ही क्यों करे, क्यों नहीं ऑपरेशन करवा कर, इस झंझट से ही मुक्त हो जाये",1,10.83,0,not_selected_by_random,,,,
5369,"प्यार के नाम पर भी, कभी कभी, कितना कुछ बर्दाश्त करना होता है",1,5.121,0,not_selected_by_random,,,,
5372,"शाखा को लगा, कि दोनों के मन के बीच, जैसे कोई, टेलीपैथी हो गयी",1,5.445,0,not_selected_by_random,,,,
5373,"अब भला, ऐसे आत्मीय, और मीठे संभाषण करने वाले पति को, कोई खलनायक कैसे करार दे, क्या प्यार और विश्वास भी, खलनायकी का अस्त्र हो सकता है",1,11.099,1,,hindi_female_005373.wav,a b a <wb> bh a l a aa <wb> ei s a ee <wb> aa t a m a ii y a <wb> ou r a <wb> m a ii txh a ee <wb> s a q bh a aa sx a nx a <wb> k a r a n a ee <wb> w a aa l a ee <wb> p a t a i <wb> k a o <wb> k a o ii <wb> kh a l a n a aa y a k a <wb> k a ei s a ee <wb> k a r a aa r a <wb> d a ee <wb> k a y a aa <wb> p a y a aa r a <wb> ou r a <wb> w a i sh a w a aa s a <wb> bh a ii <wb> kh a l a n a aa y a k a ii <wb> k a aa <wb> a s a t a r a <wb> h a o <wb> s a k a t a aa <wb> h a ei,C0 C3 C0 <wb> C4 C0 C21 C0 C1 <wb> C2 C30 C0 C11 <wb> C1 C32 C0 C22 C0 C16 C38 C0 <wb> C27 C29 C0 <wb> C22 C0 C16 C35 C0 C11 <wb> C30 C0 C23 C4 C0 C1 C31 C0 C25 C0 <wb> C19 C0 C29 C0 C24 C0 C11 <wb> C37 C0 C1 C21 C0 C11 <wb> C28 C0 C32 C0 C16 <wb> C19 C0 C26 <wb> C19 C0 C26 C16 <wb> C20 C0 C21 C0 C24 C0 C1 C38 C0 C19 C0 <wb> C19 C0 C2 C30 C0 C11 <wb> C19 C0 C29 C0 C1 C29 C0 <wb> C7 C0 C11 <wb> C19 C0 C38 C0 C1 <wb> C28 C0 C38 C0 C1 C29 C0 <wb> C27 C29 C0 <wb> C37 C0 C16 C31 C0 C37 C0 C1 C30 C0 <wb> C4 C0 C16 <wb> C20 C0 C21 C0 C24 C0 C1 C38 C0 C19 C0 C16 <wb> C19 C0 C1 <wb> C0 C30 C0 C32 C0 C29 C0 <wb> C15 C0 C26 <wb> C30 C0 C19 C0 C32 C0 C1 <wb> C15 C0 C2,train
5375,"परीक्षण पर वैधानिक प्रतिबंध लगने के बाद, डॉक्टर ने, यों यह धंधा बन्द कर दिया था, फिर भी, कुछ खास परिस्थितियां, और कुछ खास लोग, नियम कानून के दायरे से हमेशा, कई जगह, कई बार, बाहर तो होते ही हैं",1,16.068,1,,hindi_female_005375.wav,p a r a ii k a sx a nx a <wb> p a r a <wb> w a ei dh a aa n a i k a <wb> p a r a t a i b a q dh a <wb> l a g a n a ee <wb> k a ee <wb> b a aa d a <wb> dx a k a tx a r a <wb> n a ee <wb> y a o q <wb> y a h a <wb> dh a q dh a aa <wb> b a n a d a <wb> k a r a <wb> d a i y a aa <wb> th a aa <wb> ph a i r a <wb> bh a ii <wb> k a u ch a <wb> kh a aa s a <wb> p a r a i s a th a i t a i y a aa q <wb> ou r a <wb> k a u ch a <wb> kh a aa s a <wb> l a o g a <wb> n a i y a m a <wb> k a aa n a uu n a <wb> k a ee <wb> d a aa y a r a ee <wb> s a ee <wb> h a m a ee sh a aa <wb> k a ii <wb> j a g a h a <wb> k a ii <wb> b a aa r a <wb> b a aa h a r a <wb> t a o <wb> h a o t a ee <wb> h a ii <wb> h a ei q,C28 C0 C29 C0 C16 C19 C0 C31 C0 C25 C0 <wb> C28 C0 C29 C0 <wb> C37 C0 C2 C8 C0 C1 C24 C0 C16 C19 C0 <wb> C28 C0 C29 C0 C32 C0 C16 C3 C0 C23 C8 C0 <wb> C21 C0 C13 C0 C24 C0 C11 <wb> C19 C0 C11 <wb> C3 C0 C1 C7 C0 <wb> C9 C0 C19 C0 C34 C0 C29 C0 <wb> C24 C0 C11 <wb> C38 C0 C26 C23 <wb> C38 C0 C15 C0 <wb> C8 C0 C23 C8 C0 C1 <wb> C3 C0 C24 C0 C7 C0 <wb> C19 C0 C29 C0 <wb> C7 C0 C16 C38 C0 C1 <wb> C33 C0 C1 <wb> C12 C0 C16 C29 C0 <wb> C4 C0 C16 <wb> C19 C0 C36 C6 C0 <wb> C20 C0 C1 C30 C0 <wb> C28 C0 C29 C0 C16 C30 C0 C33 C0 C16 C32 C0 C16 C38 C0 C1 C23 <wb> C27 C29 C0 <wb> C19 C0 C36 C6 C0 <wb> C20 C0 C1 C30 C0 <wb> C21 C0 C26 C13 C0 <wb> C24 C0 C16 C38 C0 C22 C0 <wb> C19 C0 C1 C24 C0 C36 C24 C0 <wb> C19 C0 C11 <wb> C7 C0 C1 C38 C0 C29 C0 C11 <wb> C30 C0 C11 <wb> C15 C0 C22 C0 C11 C31 C0 C1 <wb> C19 C0 C16 <wb> C17 C0 C13 C0 C15 C0 <wb> C19 C0 C16 <wb> C3 C0 C1 C29 C0 <wb> C3 C0 C1 C15 C0 C29 C0 <wb> C32 C0 C26 <wb> C15 C0 C26 C32 C0 C11 <wb> C15 C0 C16 <wb> C15 C0 C2 C23,train
5376,"डॉक्टर से, बहुत नज़दीकी से, जान पहचान हो जाने के बाद, अंबर भी, खुद को इस खास श्रेणी में, मानता था",1,8.794,0,not_selected_by_random,,,,
5378,"दुनिया को असंतुलित करने का अपराध, अब और मुझसे नहीं होगा",1,4.203,1,,hindi_female_005378.wav,d a u n a i y a aa <wb> k a o <wb> a s a q t a u l a i t a <wb> k a r a n a ee <wb> k a aa <wb> a p a r a aa dh a <wb> a b a <wb> ou r a <wb> m a u jh a s a ee <wb> n a h a ii q <wb> h a o g a aa,C7 C0 C36 C24 C0 C16 C38 C0 C1 <wb> C19 C0 C26 <wb> C0 C30 C0 C23 C32 C0 C36 C21 C0 C16 C32 C0 <wb> C19 C0 C29 C0 C24 C0 C11 <wb> C19 C0 C1 <wb> C0 C28 C0 C29 C0 C1 C8 C0 <wb> C0 C3 C0 <wb> C27 C29 C0 <wb> C22 C0 C36 C18 C0 C30 C0 C11 <wb> C24 C0 C15 C0 C16 C23 <wb> C15 C0 C26 C13 C0 C1,train
5380,"परिधि ने अपने भाई का समर्थन करते हुए कहा था, भैया, ठीक कहते हैं डॉक्टर, बेटी वही पैदा करे, जिसके घर में, लाखों करोडों जमा हों",1,10.17,1,,hindi_female_005380.wav,p a r a i dh a i <wb> n a ee <wb> a p a n a ee <wb> bh a aa ii <wb> k a aa <wb> s a m a r a th a n a <wb> k a r a t a ee <wb> h a u ee <wb> k a h a aa <wb> th a aa <wb> bh a ei y a aa <wb> txh a ii k a <wb> k a h a t a ee <wb> h a ei q <wb> dx a k a tx a r a <wb> b a ee tx a ii <wb> w a h a ii <wb> p a ei d a aa <wb> k a r a ee <wb> j a i s a k a ee <wb> gh a r a <wb> m a ee q <wb> l a aa kh a o q <wb> k a r a o dx a o q <wb> j a m a aa <wb> h a o q,C28 C0 C29 C0 C16 C8 C0 C16 <wb> C24 C0 C11 <wb> C0 C28 C0 C24 C0 C11 <wb> C4 C0 C1 C16 <wb> C19 C0 C1 <wb> C30 C0 C22 C0 C29 C0 C33 C0 C24 C0 <wb> C19 C0 C29 C0 C32 C0 C11 <wb> C15 C0 C36 C11 <wb> C19 C0 C15 C0 C1 <wb> C33 C0 C1 <wb> C4 C0 C2 C38 C0 C1 <wb> C35 C0 C16 C19 C0 <wb> C19 C0 C15 C0 C32 C0 C11 <wb> C15 C0 C2 C23 <wb> C9 C0 C19 C0 C34 C0 C29 C0 <wb> C3 C0 C11 C34 C0 C16 <wb> C37 C0 C15 C0 C16 <wb> C28 C0 C2 C7 C0 C1 <wb> C19 C0 C29 C0 C11 <wb> C17 C0 C16 C30 C0 C19 C0 C11 <wb> C14 C0 C29 C0 <wb> C22 C0 C11 C23 <wb> C21 C0 C1 C20 C0 C26 C23 <wb> C19 C0 C29 C0 C26 C9 C0 C26 C23 <wb> C17 C0 C22 C0 C1 <wb> C15 C0 C26 C23,train
5381,"मैं, आज भी अपने घर में, रौरव भोग रही हूं",1,3.715,1,,hindi_female_005381.wav,m a ei q <wb> aa j a <wb> bh a ii <wb> a p a n a ee <wb> gh a r a <wb> m a ee q <wb> r a ou r a w a <wb> bh a o g a <wb> r a h a ii <wb> h a uu q,C22 C0 C2 C23 <wb> C1 C17 C0 <wb> C4 C0 C16 <wb> C0 C28 C0 C24 C0 C11 <wb> C14 C0 C29 C0 <wb> C22 C0 C11 C23 <wb> C29 C0 C27 C29 C0 C37 C0 <wb> C4 C0 C26 C13 C0 <wb> C29 C0 C15 C0 C16 <wb> C15 C0 C36 C23,train
5385,"अंबर को लगा जैसे, आसमान से चारों खाने चित्त गिर गया हो धरती पर",1,5.303,0,not_selected_by_random,,,,
5387,"मुन्नी के लिये, अभी से ही उसे, एक चौथाई तनख्वाह की सेविंग करनी पड रही थी, फलस्वरूप, वह स्थायी तौर पर, तंगी और अभाव का शिकार था",1,10.008,1,,hindi_female_005387.wav,m a u n a n a ii <wb> k a ee <wb> l a i y a ee <wb> a bh a ii <wb> s a ee <wb> h a ii <wb> u s a ee <wb> ee k a <wb> c a ou th a aa ii <wb> t a n a kh a w a aa h a <wb> k a ii <wb> s a ee w a i q g a <wb> k a r a n a ii <wb> p a dx a <wb> r a h a ii <wb> th a ii <wb> ph a l a s a w a r a uu p a <wb> w a h a <wb> s a th a aa y a ii <wb> t a ou r a <wb> p a r a <wb> t a q g a ii <wb> ou r a <wb> a bh a aa w a <wb> k a aa <wb> sh a i k a aa r a <wb> th a aa,C22 C0 C36 C24 C0 C24 C0 C16 <wb> C19 C0 C11 <wb> C21 C0 C16 C38 C0 C11 <wb> C0 C4 C0 C16 <wb> C30 C0 C11 <wb> C15 C0 C16 <wb> C36 C30 C0 C11 <wb> C11 C19 C0 <wb> C5 C0 C27 C33 C0 C1 C16 <wb> C32 C0 C24 C0 C20 C0 C37 C0 C1 C15 C0 <wb> C19 C0 C16 <wb> C30 C0 C11 C37 C0 C16 C23 C13 C0 <wb> C19 C0 C29 C0 C24 C0 C16 <wb> C28 C0 C9 C0 <wb> C29 C0 C15 C0 C16 <wb> C33 C0 C16 <wb> C12 C0 C21 C0 C30 C0 C37 C0 C29 C0 C36 C28 C0 <wb> C37 C0 C15 C0 <wb> C30 C0 C33 C0 C1 C38 C0 C16 <wb> C32 C0 C27 C29 C0 <wb> C28 C0 C29 C0 <wb> C32 C0 C23 C13 C0 C16 <wb> C27 C29 C0 <wb> C0 C4 C0 C1 C37 C0 <wb> C19 C0 C1 <wb> C31 C0 C16 C19 C0 C1 C29 C0 <wb> C33 C0 C1,train
5389,"अंबर आपे से बाहर हो गया, और चट्टान जैसी कठोरता, उसके चेहरे पर उतर आयी",1,5.737,0,not_selected_by_random,,,,
5391,"डॉक्टर स्तब्ध रह गया, हमेशा शिष्ट और शालीन आचरण करने वाला व्यक्ति, क्या इतना प्रचण्ड रूप धारण कर सकता है",1,8.561,0,not_selected_by_random,,,,
5393,"डॉक्टर की जिह्वा, तालू से चिपक गयी थी, अपने नवजात शिशु के प्रति, एक पिता क्या, इतना असहिष्णु, और निर्मम हो सकता है",1,10.097,0,not_selected_by_random,,,,
5394,"शाखा ने, ज़ुल्म ढहाने के लिये, इस दुधमुंही को, इसके हवाले कैसे कर दिया",1,6.014,1,,hindi_female_005394.wav,sh a aa kh a aa <wb> n a ee <wb> z a u l a m a <wb> dxh a h a aa n a ee <wb> k a ee <wb> l a i y a ee <wb> i s a <wb> d a u dh a m a u q h a ii <wb> k a o <wb> i s a k a ee <wb> h a w a aa l a ee <wb> k a ei s a ee <wb> k a r a <wb> d a i y a aa,C31 C0 C1 C20 C0 C1 <wb> C24 C0 C11 <wb> C17 C0 C36 C21 C0 C22 C0 <wb> C10 C0 C15 C0 C1 C24 C0 C11 <wb> C19 C0 C11 <wb> C21 C0 C16 C38 C0 C11 <wb> C16 C30 C0 <wb> C7 C0 C36 C8 C0 C22 C0 C36 C23 C15 C0 C16 <wb> C19 C0 C26 <wb> C16 C30 C0 C19 C0 C11 <wb> C15 C0 C37 C0 C1 C21 C0 C11 <wb> C19 C0 C2 C30 C0 C11 <wb> C19 C0 C29 C0 <wb> C7 C0 C16 C38 C0 C1,train
5395,"लेकिन यह एक नैतिकता है, मनुष्य में नहीं, जान वरों तक में, कि वे अपने नवजात बच्चे के लिये, उदार, शुभेच्छु, और पालनहार होते हैं",1,10.844,1,,hindi_female_005395.wav,l a ee k a i n a <wb> y a h a <wb> ee k a <wb> n a ei t a i k a t a aa <wb> h a ei <wb> m a n a u sx a y a <wb> m a ee q <wb> n a h a ii q <wb> j a aa n a <wb> w a r a o q <wb> t a k a <wb> m a ee q <wb> k a i <wb> w a ee <wb> a p a n a ee <wb> n a w a j a aa t a <wb> b a c a c a ee <wb> k a ee <wb> l a i y a ee <wb> u d a aa r a <wb> sh a u bh a ee c a ch a u <wb> ou r a <wb> p a aa l a n a h a aa r a <wb> h a o t a ee <wb> h a ei q,C21 C0 C11 C19 C0 C16 C24 C0 <wb> C38 C0 C15 C0 <wb> C11 C19 C0 <wb> C24 C0 C2 C32 C0 C16 C19 C0 C32 C0 C1 <wb> C15 C0 C2 <wb> C22 C0 C24 C0 C36 C31 C0 C38 C0 <wb> C22 C0 C11 C23 <wb> C24 C0 C15 C0 C16 C23 <wb> C17 C0 C1 C24 C0 <wb> C37 C0 C29 C0 C26 C23 <wb> C32 C0 C19 C0 <wb> C22 C0 C11 C23 <wb> C19 C0 C16 <wb> C37 C0 C11 <wb> C0 C28 C0 C24 C0 C11 <wb> C24 C0 C37 C0 C17 C0 C1 C32 C0 <wb> C3 C0 C5 C0 C5 C0 C11 <wb> C19 C0 C11 <wb> C21 C0 C16 C38 C0 C11 <wb> C36 C7 C0 C1 C29 C0 <wb> C31 C0 C36 C4 C0 C11 C5 C0 C6 C0 C36 <wb> C27 C29 C0 <wb> C28 C0 C1 C21 C0 C24 C0 C15 C0 C1 C29 C0 <wb> C15 C0 C26 C32 C0 C11 <wb> C15 C0 C2 C23,train
5396,"डॉक्टर ने, अत्यन्त दुखी होकर कहा, माना कि मुझसे गलती हो गई, हालांकि हुई नहीं",1,7.076,0,not_selected_by_random,,,,
5400,"डॉक्टर को लगा, कि इस नन्हीं सी जान को, ज़िन्दगी से बेदखल करना, सरासर अन्याय होगा",1,6.976,0,not_selected_by_random,,,,
5401,"भ्रूण की बात कुछ और होती है, मगर, अब यह पूरी तरह, प्राण धारण किया हुआ, एक मानवीय शरीर है",1,8.69,0,not_selected_by_random,,,,
5403,"तुम, एक से, पिण्ड छुडुवाना चाहते हो, मैं दोनों से छुडुवा रहा हूं",1,5.614,0,not_selected_by_random,,,,
5404,"तुमने मेरी यह नस ठीक पकडी है, कि मुन्नी को हमने, आठ साल तक पाला है, और उससे हठात् मोह, झटक देना, हमारे लिये आसान नहीं",1,11.003,0,not_selected_by_random,,,,
5405,"लेकिन इस अवांछित नन्ही के विवाह की पर्वतनुमा जिम्मेवारी से बचने के लिये, मैं, यह करने को भी तैयार हूं",1,8.708,0,not_selected_by_random,,,,
5406,"वह, प्रसूति अवस्था में पडी, नन्ही से बिछुडने के सदमे से, उबर भी नहीं पायी थी, कि एक और, आघात पर्वत टूटने की तरह, बरस बडा छाती पर",1,11.766,0,not_selected_by_random,,,,
5412,"शाखा, घर का कोई काम, शुरु करती, और उसे लेकर, बदहवास सी, शून्य में ताकती हुई, बैठी रह जाती",1,9.016,0,not_selected_by_random,,,,
5413,"घर में, हर जगह, मुन्नी का अस्तित्व, बिखरा पडा था, छोटे छोटे रंग बिरंगे चॉक, जूते, मोज़े, खिलौने, स्कूल बैग, और किताबें",1,12.144,1,,hindi_female_005413.wav,gh a r a <wb> m a ee q <wb> h a r a <wb> j a g a h a <wb> m a u n a n a ii <wb> k a aa <wb> a s a t a i t a w a <wb> b a i kh a r a aa <wb> p a dx a aa <wb> th a aa <wb> ch a o tx a ee <wb> ch a o tx a ee <wb> r a q g a <wb> b a i r a q g a ee <wb> c a k a <wb> j a uu t a ee <wb> m a o z a ee <wb> kh a i l a ou n a ee <wb> s a k a uu l a <wb> b a ei g a <wb> ou r a <wb> k a i t a aa b a ee q,C14 C0 C29 C0 <wb> C22 C0 C11 C23 <wb> C15 C0 C29 C0 <wb> C17 C0 C13 C0 C15 C0 <wb> C22 C0 C36 C24 C0 C24 C0 C16 <wb> C19 C0 C1 <wb> C0 C30 C0 C32 C0 C16 C32 C0 C37 C0 <wb> C3 C0 C16 C20 C0 C29 C0 C1 <wb> C28 C0 C9 C0 C1 <wb> C33 C0 C1 <wb> C6 C0 C26 C34 C0 C11 <wb> C6 C0 C26 C34 C0 C11 <wb> C29 C0 C23 C13 C0 <wb> C3 C0 C16 C29 C0 C23 C13 C0 C11 <wb> C5 C0 C19 C0 <wb> C17 C0 C36 C32 C0 C11 <wb> C22 C0 C26 C17 C0 C11 <wb> C20 C0 C16 C21 C0 C27 C24 C0 C11 <wb> C30 C0 C19 C0 C36 C21 C0 <wb> C3 C0 C2 C13 C0 <wb> C27 C29 C0 <wb> C19 C0 C16 C32 C0 C1 C3 C0 C11 C23,train
5414,"अब मुन्नी के बिना, जैसे उसके पास, कोई व्य वस्था नहीं बची",1,4.528,1,,hindi_female_005414.wav,a b a <wb> m a u n a n a ii <wb> k a ee <wb> b a i n a aa <wb> j a ei s a ee <wb> u s a k a ee <wb> p a aa s a <wb> k a o ii <wb> w a y a <wb> w a s a th a aa <wb> n a h a ii q <wb> b a c a ii,C0 C3 C0 <wb> C22 C0 C36 C24 C0 C24 C0 C16 <wb> C19 C0 C11 <wb> C3 C0 C16 C24 C0 C1 <wb> C17 C0 C2 C30 C0 C11 <wb> C36 C30 C0 C19 C0 C11 <wb> C28 C0 C1 C30 C0 <wb> C19 C0 C26 C16 <wb> C37 C0 C38 C0 <wb> C37 C0 C30 C0 C33 C0 C1 <wb> C24 C0 C15 C0 C16 C23 <wb> C3 C0 C5 C0 C16,train
5415,"उसकी हालत देख कर, अंबर बहुत चिंतित हो उठा, और आसक्ति जताते हुए पूछा, तुम मुझसे बोलती क्यों नहीं, शाखा",1,8.966,0,not_selected_by_random,,,,
5416,"शाखा पागलों की तरह, पाँच गुडियों को, बारी बारी से, बिलख बिलख कर, अपने सीने से, चिपका रही थी, चूम रही थी, और आत्मालाप कर रही थी",1,10.844,1,,hindi_female_005416.wav,sh a aa kh a aa <wb> p a aa g a l a o q <wb> k a ii <wb> t a r a h a <wb> p a aa mq c a <wb> g a u dx a i y a o q <wb> k a o <wb> b a aa r a ii <wb> b a aa r a ii <wb> s a ee <wb> b a i l a kh a <wb> b a i l a kh a <wb> k a r a <wb> a p a n a ee <wb> s a ii n a ee <wb> s a ee <wb> c a i p a k a aa <wb> r a h a ii <wb> th a ii <wb> c a uu m a <wb> r a h a ii <wb> th a ii <wb> ou r a <wb> aa t a m a aa l a aa p a <wb> k a r a <wb> r a h a ii <wb> th a ii,C31 C0 C1 C20 C0 C1 <wb> C28 C0 C1 C13 C0 C21 C0 C26 C23 <wb> C19 C0 C16 <wb> C32 C0 C29 C0 C15 C0 <wb> C28 C0 C1 C23 C5 C0 <wb> C13 C0 C36 C9 C0 C16 C38 C0 C26 C23 <wb> C19 C0 C26 <wb> C3 C0 C1 C29 C0 C16 <wb> C3 C0 C1 C29 C0 C16 <wb> C30 C0 C11 <wb> C3 C0 C16 C21 C0 C20 C0 <wb> C3 C0 C16 C21 C0 C20 C0 <wb> C19 C0 C29 C0 <wb> C0 C28 C0 C24 C0 C11 <wb> C30 C0 C16 C24 C0 C11 <wb> C30 C0 C11 <wb> C5 C0 C16 C28 C0 C19 C0 C1 <wb> C29 C0 C15 C0 C16 <wb> C33 C0 C16 <wb> C5 C0 C36 C22 C0 <wb> C29 C0 C15 C0 C16 <wb> C33 C0 C16 <wb> C27 C29 C0 <wb> C1 C32 C0 C22 C0 C1 C21 C0 C1 C28 C0 <wb> C19 C0 C29 C0 <wb> C29 C0 C15 C0 C16 <wb> C33 C0 C16,train
5418,"शाखा ने, अपनी अजन्मी बच्चियों को भी, अपनी गिनती, और स्मृति से अलग नहीं किया, और अपने वजूद में उन्हें शामिल रखा",1,8.545,1,,hindi_female_005418.wav,sh a aa kh a aa <wb> n a ee <wb> a p a n a ii <wb> a j a n a m a ii <wb> b a c a c a i y a o q <wb> k a o <wb> bh a ii <wb> a p a n a ii <wb> g a i n a t a ii <wb> ou r a <wb> s a m a rq t a i <wb> s a ee <wb> a l a g a <wb> n a h a ii q <wb> k a i y a aa <wb> ou r a <wb> a p a n a ee <wb> w a j a uu d a <wb> m a ee q <wb> u n a h a ee q <wb> sh a aa m a i l a <wb> r a kh a aa,C31 C0 C1 C20 C0 C1 <wb> C24 C0 C11 <wb> C0 C28 C0 C24 C0 C16 <wb> C0 C17 C0 C24 C0 C22 C0 C16 <wb> C3 C0 C5 C0 C5 C0 C16 C38 C0 C26 C23 <wb> C19 C0 C26 <wb> C4 C0 C16 <wb> C0 C28 C0 C24 C0 C16 <wb> C13 C0 C16 C24 C0 C32 C0 C16 <wb> C27 C29 C0 <wb> C30 C0 C22 C0 C29 C32 C0 C16 <wb> C30 C0 C11 <wb> C0 C21 C0 C13 C0 <wb> C24 C0 C15 C0 C16 C23 <wb> C19 C0 C16 C38 C0 C1 <wb> C27 C29 C0 <wb> C0 C28 C0 C24 C0 C11 <wb> C37 C0 C17 C0 C36 C7 C0 <wb> C22 C0 C11 C23 <wb> C36 C24 C0 C15 C0 C11 C23 <wb> C31 C0 C1 C22 C0 C16 C21 C0 <wb> C29 C0 C20 C0 C1,train
5421,"मैं अभी अभी जहां से गुज़रा हूँ, वहां मुझे एक अजीब सी दुर्गंध का एहसास हुआ, सच में, मुझे अपनी नाक, भौं सिकोड़ लेनी पड़ी थी वहां",1,9.892,1,,hindi_female_005421.wav,m a ei q <wb> a bh a ii <wb> a bh a ii <wb> j a h a aa q <wb> s a ee <wb> g a u z a r a aa <wb> h a uu mq <wb> w a h a aa q <wb> m a u jh a ee <wb> ee k a <wb> a j a ii b a <wb> s a ii <wb> d a u r a g a q dh a <wb> k a aa <wb> ee h a s a aa s a <wb> h a u aa <wb> s a c a <wb> m a ee q <wb> m a u jh a ee <wb> a p a n a ii <wb> n a aa k a <wb> bh a ou q <wb> s a i k a o dxq a <wb> l a ee n a ii <wb> p a dxq a ii <wb> th a ii <wb> w a h a aa q,C22 C0 C2 C23 <wb> C0 C4 C0 C16 <wb> C0 C4 C0 C16 <wb> C17 C0 C15 C0 C1 C23 <wb> C30 C0 C11 <wb> C13 C0 C36 C17 C0 C29 C0 C1 <wb> C15 C0 C36 C23 <wb> C37 C0 C15 C0 C1 C23 <wb> C22 C0 C36 C18 C0 C11 <wb> C11 C19 C0 <wb> C0 C17 C0 C16 C3 C0 <wb> C30 C0 C16 <wb> C7 C0 C36 C29 C0 C13 C0 C23 C8 C0 <wb> C19 C0 C1 <wb> C11 C15 C0 C30 C0 C1 C30 C0 <wb> C15 C0 C36 C1 <wb> C30 C0 C5 C0 <wb> C22 C0 C11 C23 <wb> C22 C0 C36 C18 C0 C11 <wb> C0 C28 C0 C24 C0 C16 <wb> C24 C0 C1 C19 C0 <wb> C4 C0 C27 C23 <wb> C30 C0 C16 C19 C0 C26 C9 C0 <wb> C21 C0 C11 C24 C0 C16 <wb> C28 C0 C9 C0 C16 <wb> C33 C0 C16 <wb> C37 C0 C15 C0 C1 C23,train
5422,"इस बात के लिये, मुझे अवश्य ही, कमेटी वालों से, शिकायत करनी होगी, लेकिन यह कॉलोनी तो, बिल्कुल नयी नयी बनी है",1,9.056,1,,hindi_female_005422.wav,i s a <wb> b a aa t a <wb> k a ee <wb> l a i y a ee <wb> m a u jh a ee <wb> a w a sh a y a <wb> h a ii <wb> k a m a ee tx a ii <wb> w a aa l a o q <wb> s a ee <wb> sh a i k a aa y a t a <wb> k a r a n a ii <wb> h a o g a ii <wb> l a ee k a i n a <wb> y a h a <wb> k a l a o n a ii <wb> t a o <wb> b a i l a k a u l a <wb> n a y a ii <wb> n a y a ii <wb> b a n a ii <wb> h a ei,C16 C30 C0 <wb> C3 C0 C1 C32 C0 <wb> C19 C0 C11 <wb> C21 C0 C16 C38 C0 C11 <wb> C22 C0 C36 C18 C0 C11 <wb> C0 C37 C0 C31 C0 C38 C0 <wb> C15 C0 C16 <wb> C19 C0 C22 C0 C11 C34 C0 C16 <wb> C37 C0 C1 C21 C0 C26 C23 <wb> C30 C0 C11 <wb> C31 C0 C16 C19 C0 C1 C38 C0 C32 C0 <wb> C19 C0 C29 C0 C24 C0 C16 <wb> C15 C0 C26 C13 C0 C16 <wb> C21 C0 C11 C19 C0 C16 C24 C0 <wb> C38 C0 C15 C0 <wb> C19 C0 C21 C0 C26 C24 C0 C16 <wb> C32 C0 C26 <wb> C3 C0 C16 C21 C0 C19 C0 C36 C21 C0 <wb> C24 C0 C38 C0 C16 <wb> C24 C0 C38 C0 C16 <wb> C3 C0 C24 C0 C16 <wb> C15 C0 C2,train
5423,"जगह जगह पर, कूड़ा कचरा फेंकने के लिये, ड्रम लगे हुए हैं",1,3.901,1,,hindi_female_005423.wav,j a g a h a <wb> j a g a h a <wb> p a r a <wb> k a uu dxq a aa <wb> k a c a r a aa <wb> ph a ee q k a n a ee <wb> k a ee <wb> l a i y a ee <wb> dx a r a m a <wb> l a g a ee <wb> h a u ee <wb> h a ei q,C17 C0 C13 C0 C15 C0 <wb> C17 C0 C13 C0 C15 C0 <wb> C28 C0 C29 C0 <wb> C19 C0 C36 C9 C0 C1 <wb> C19 C0 C5 C0 C29 C0 C1 <wb> C12 C0 C11 C23 C19 C0 C24 C0 C11 <wb> C19 C0 C11 <wb> C21 C0 C16 C38 C0 C11 <wb> C9 C0 C29 C0 C22 C0 <wb> C21 C0 C13 C0 C11 <wb> C15 C0 C36 C11 <wb> C15 C0 C2 C23,train
5426,"मुझे वापिस चल कर देखना चाहिए, लेकिन, यह क्या, मैं तो ये सब सोचता, सोचता इतनी दूर निकल आया हूं",1,8.266,1,,hindi_female_005426.wav,m a u jh a ee <wb> w a aa p a i s a <wb> c a l a <wb> k a r a <wb> d a ee kh a n a aa <wb> c a aa h a i ee <wb> l a ee k a i n a <wb> y a h a <wb> k a y a aa <wb> m a ei q <wb> t a o <wb> y a ee <wb> s a b a <wb> s a o c a t a aa <wb> s a o c a t a aa <wb> i t a n a ii <wb> d a uu r a <wb> n a i k a l a <wb> aa y a aa <wb> h a uu q,C22 C0 C36 C18 C0 C11 <wb> C37 C0 C1 C28 C0 C16 C30 C0 <wb> C5 C0 C21 C0 <wb> C19 C0 C29 C0 <wb> C7 C0 C11 C20 C0 C24 C0 C1 <wb> C5 C0 C1 C15 C0 C16 C11 <wb> C21 C0 C11 C19 C0 C16 C24 C0 <wb> C38 C0 C15 C0 <wb> C19 C0 C38 C0 C1 <wb> C22 C0 C2 C23 <wb> C32 C0 C26 <wb> C38 C0 C11 <wb> C30 C0 C3 C0 <wb> C30 C0 C26 C5 C0 C32 C0 C1 <wb> C30 C0 C26 C5 C0 C32 C0 C1 <wb> C16 C32 C0 C24 C0 C16 <wb> C7 C0 C36 C29 C0 <wb> C24 C0 C16 C19 C0 C21 C0 <wb> C1 C38 C0 C1 <wb> C15 C0 C36 C23,train
5429,"इस वक्त दिन के ग्यारह बजे हैं, सभी घरों के दरवाज़े बन्द पड़े हैं",1,5.255,0,not_selected_by_random,,,,
5431,यहां मेरी जान पहचान का भी तो कोई नहीं है,1,2.879,1,,hindi_female_005431.wav,y a h a aa q <wb> m a ee r a ii <wb> j a aa n a <wb> p a h a c a aa n a <wb> k a aa <wb> bh a ii <wb> t a o <wb> k a o ii <wb> n a h a ii q <wb> h a ei,C38 C0 C15 C0 C1 C23 <wb> C22 C0 C11 C29 C0 C16 <wb> C17 C0 C1 C24 C0 <wb> C28 C0 C15 C0 C5 C0 C1 C24 C0 <wb> C19 C0 C1 <wb> C4 C0 C16 <wb> C32 C0 C26 <wb> C19 C0 C26 C16 <wb> C24 C0 C15 C0 C16 C23 <wb> C15 C0 C2,train
5433,"हमारा घर, इस कॉलोनी से, थोड़ी दूर ही है, लेकिन, लाजवन्ती के तन्दूर की वजह से, हमारा इस कॉलोनी से, कुछ सम्बन्ध सा, हो गया है",1,10.31,1,,hindi_female_005433.wav,h a m a aa r a aa <wb> gh a r a <wb> i s a <wb> k a l a o n a ii <wb> s a ee <wb> th a o dxq a ii <wb> d a uu r a <wb> h a ii <wb> h a ei <wb> l a ee k a i n a <wb> l a aa j a w a n a t a ii <wb> k a ee <wb> t a n a d a uu r a <wb> k a ii <wb> w a j a h a <wb> s a ee <wb> h a m a aa r a aa <wb> i s a <wb> k a l a o n a ii <wb> s a ee <wb> k a u ch a <wb> s a m a b a n a dh a <wb> s a aa <wb> h a o <wb> g a y a aa <wb> h a ei,C15 C0 C22 C0 C1 C29 C0 C1 <wb> C14 C0 C29 C0 <wb> C16 C30 C0 <wb> C19 C0 C21 C0 C26 C24 C0 C16 <wb> C30 C0 C11 <wb> C33 C0 C26 C9 C0 C16 <wb> C7 C0 C36 C29 C0 <wb> C15 C0 C16 <wb> C15 C0 C2 <wb> C21 C0 C11 C19 C0 C16 C24 C0 <wb> C21 C0 C1 C17 C0 C37 C0 C24 C0 C32 C0 C16 <wb> C19 C0 C11 <wb> C32 C0 C24 C0 C7 C0 C36 C29 C0 <wb> C19 C0 C16 <wb> C37 C0 C17 C0 C15 C0 <wb> C30 C0 C11 <wb> C15 C0 C22 C0 C1 C29 C0 C1 <wb> C16 C30 C0 <wb> C19 C0 C21 C0 C26 C24 C0 C16 <wb> C30 C0 C11 <wb> C19 C0 C36 C6 C0 <wb> C30 C0 C22 C0 C3 C0 C24 C0 C8 C0 <wb> C30 C0 C1 <wb> C15 C0 C26 <wb> C13 C0 C38 C0 C1 <wb> C15 C0 C2,train
5435,"शेहरों में तो, जहां तहां गली मोहल्लों में, तन्दूर मिल ही जाते हैं",1,4.621,1,,hindi_female_005435.wav,sh a ee h a r a o q <wb> m a ee q <wb> t a o <wb> j a h a aa q <wb> t a h a aa q <wb> g a l a ii <wb> m a o h a l a l a o q <wb> m a ee q <wb> t a n a d a uu r a <wb> m a i l a <wb> h a ii <wb> j a aa t a ee <wb> h a ei q,C31 C0 C11 C15 C0 C29 C0 C26 C23 <wb> C22 C0 C11 C23 <wb> C32 C0 C26 <wb> C17 C0 C15 C0 C1 C23 <wb> C32 C0 C15 C0 C1 C23 <wb> C13 C0 C21 C0 C16 <wb> C22 C0 C26 C15 C0 C21 C0 C21 C0 C26 C23 <wb> C22 C0 C11 C23 <wb> C32 C0 C24 C0 C7 C0 C36 C29 C0 <wb> C22 C0 C16 C21 C0 <wb> C15 C0 C16 <wb> C17 C0 C1 C32 C0 C11 <wb> C15 C0 C2 C23,train
5437,"आपको नहीं पता क्या, बढ़िया रहना सहना है उन लोगों का",1,4.249,1,,hindi_female_005437.wav,aa p a k a o <wb> n a h a ii q <wb> p a t a aa <wb> k a y a aa <wb> b a dxhq a i y a aa <wb> r a h a n a aa <wb> s a h a n a aa <wb> h a ei <wb> u n a <wb> l a o g a o q <wb> k a aa,C1 C28 C0 C19 C0 C26 <wb> C24 C0 C15 C0 C16 C23 <wb> C28 C0 C32 C0 C1 <wb> C19 C0 C38 C0 C1 <wb> C3 C0 C10 C0 C16 C38 C0 C1 <wb> C29 C0 C15 C0 C24 C0 C1 <wb> C30 C0 C15 C0 C24 C0 C1 <wb> C15 C0 C2 <wb> C36 C24 C0 <wb> C21 C0 C26 C13 C0 C26 C23 <wb> C19 C0 C1,val
5438,"घर में, सभी तरह की चीज़ें, ऐशो आराम, पता नहीं, अपनी ज़िन्दगी भी कभी ऐसी होगी कि नहीं",1,7.546,1,,hindi_female_005438.wav,gh a r a <wb> m a ee q <wb> s a bh a ii <wb> t a r a h a <wb> k a ii <wb> c a ii z a ee q <wb> ei sh a o <wb> aa r a aa m a <wb> p a t a aa <wb> n a h a ii q <wb> a p a n a ii <wb> z a i n a d a g a ii <wb> bh a ii <wb> k a bh a ii <wb> ei s a ii <wb> h a o g a ii <wb> k a i <wb> n a h a ii q,C14 C0 C29 C0 <wb> C22 C0 C11 C23 <wb> C30 C0 C4 C0 C16 <wb> C32 C0 C29 C0 C15 C0 <wb> C19 C0 C16 <wb> C5 C0 C16 C17 C0 C11 C23 <wb> C2 C31 C0 C26 <wb> C1 C29 C0 C1 C22 C0 <wb> C28 C0 C32 C0 C1 <wb> C24 C0 C15 C0 C16 C23 <wb> C0 C28 C0 C24 C0 C16 <wb> C17 C0 C16 C24 C0 C7 C0 C13 C0 C16 <wb> C4 C0 C16 <wb> C19 C0 C4 C0 C16 <wb> C2 C30 C0 C16 <wb> C15 C0 C26 C13 C0 C16 <wb> C19 C0 C16 <wb> C24 C0 C15 C0 C16 C23,val
5439,"ये बड़े लोगों की बातें सुनना, मेरे को पसन्द नहीं, वहां पर जो सुनती हो, वहीं छोड़ आया करो, नहीं तो, उस कॉलोनी में जाना, बंद कर दो",1,10.379,1,,hindi_female_005439.wav,y a ee <wb> b a dxq a ee <wb> l a o g a o q <wb> k a ii <wb> b a aa t a ee q <wb> s a u n a n a aa <wb> m a ee r a ee <wb> k a o <wb> p a s a n a d a <wb> n a h a ii q <wb> w a h a aa q <wb> p a r a <wb> j a o <wb> s a u n a t a ii <wb> h a o <wb> w a h a ii q <wb> ch a o dxq a <wb> aa y a aa <wb> k a r a o <wb> n a h a ii q <wb> t a o <wb> u s a <wb> k a l a o n a ii <wb> m a ee q <wb> j a aa n a aa <wb> b a q d a <wb> k a r a <wb> d a o,C38 C0 C11 <wb> C3 C0 C9 C0 C11 <wb> C21 C0 C26 C13 C0 C26 C23 <wb> C19 C0 C16 <wb> C3 C0 C1 C32 C0 C11 C23 <wb> C30 C0 C36 C24 C0 C24 C0 C1 <wb> C22 C0 C11 C29 C0 C11 <wb> C19 C0 C26 <wb> C28 C0 C30 C0 C24 C0 C7 C0 <wb> C24 C0 C15 C0 C16 C23 <wb> C37 C0 C15 C0 C1 C23 <wb> C28 C0 C29 C0 <wb> C17 C0 C26 <wb> C30 C0 C36 C24 C0 C32 C0 C16 <wb> C15 C0 C26 <wb> C37 C0 C15 C0 C16 C23 <wb> C6 C0 C26 C9 C0 <wb> C1 C38 C0 C1 <wb> C19 C0 C29 C0 C26 <wb> C24 C0 C15 C0 C16 C23 <wb> C32 C0 C26 <wb> C36 C30 C0 <wb> C19 C0 C21 C0 C26 C24 C0 C16 <wb> C22 C0 C11 C23 <wb> C17 C0 C1 C24 C0 C1 <wb> C3 C0 C23 C7 C0 <wb> C19 C0 C29 C0 <wb> C7 C0 C26,train
5440,"हम जैसे भी हैं अच्छे हैं, मैने स्वयं को कठोर बनाते हुए कहा था, पत्नी मुँह बिचका कर, रह गई थी",1,7.988,1,,hindi_female_005440.wav,h a m a <wb> j a ei s a ee <wb> bh a ii <wb> h a ei q <wb> a c a ch a ee <wb> h a ei q <wb> m a ei n a ee <wb> s a w a y a q <wb> k a o <wb> k a txh a o r a <wb> b a n a aa t a ee <wb> h a u ee <wb> k a h a aa <wb> th a aa <wb> p a t a n a ii <wb> m a u mq h a <wb> b a i c a k a aa <wb> k a r a <wb> r a h a <wb> g a ii <wb> th a ii,C15 C0 C22 C0 <wb> C17 C0 C2 C30 C0 C11 <wb> C4 C0 C16 <wb> C15 C0 C2 C23 <wb> C0 C5 C0 C6 C0 C11 <wb> C15 C0 C2 C23 <wb> C22 C0 C2 C24 C0 C11 <wb> C30 C0 C37 C0 C38 C0 C23 <wb> C19 C0 C26 <wb> C19 C0 C35 C0 C26 C29 C0 <wb> C3 C0 C24 C0 C1 C32 C0 C11 <wb> C15 C0 C36 C11 <wb> C19 C0 C15 C0 C1 <wb> C33 C0 C1 <wb> C28 C0 C32 C0 C24 C0 C16 <wb> C22 C0 C36 C23 C15 C0 <wb> C3 C0 C16 C5 C0 C19 C0 C1 <wb> C19 C0 C29 C0 <wb> C29 C0 C15 C0 <wb> C13 C0 C16 <wb> C33 C0 C16,train
5441,"अगले रोज़ खाना खाती हुई, वह बोली, एक बात कहूँ जी, क्या, रोटी का कोर मुँह में डालते हुए, मैं रूक गया था",1,9.242,1,,hindi_female_005441.wav,a g a l a ee <wb> r a o z a <wb> kh a aa n a aa <wb> kh a aa t a ii <wb> h a u ii <wb> w a h a <wb> b a o l a ii <wb> ee k a <wb> b a aa t a <wb> k a h a uu mq <wb> j a ii <wb> k a y a aa <wb> r a o tx a ii <wb> k a aa <wb> k a o r a <wb> m a u mq h a <wb> m a ee q <wb> dx a aa l a t a ee <wb> h a u ee <wb> m a ei q <wb> r a uu k a <wb> g a y a aa <wb> th a aa,C0 C13 C0 C21 C0 C11 <wb> C29 C0 C26 C17 C0 <wb> C20 C0 C1 C24 C0 C1 <wb> C20 C0 C1 C32 C0 C16 <wb> C15 C0 C36 C16 <wb> C37 C0 C15 C0 <wb> C3 C0 C26 C21 C0 C16 <wb> C11 C19 C0 <wb> C3 C0 C1 C32 C0 <wb> C19 C0 C15 C0 C36 C23 <wb> C17 C0 C16 <wb> C19 C0 C38 C0 C1 <wb> C29 C0 C26 C34 C0 C16 <wb> C19 C0 C1 <wb> C19 C0 C26 C29 C0 <wb> C22 C0 C36 C23 C15 C0 <wb> C22 C0 C11 C23 <wb> C9 C0 C1 C21 C0 C32 C0 C11 <wb> C15 C0 C36 C11 <wb> C22 C0 C2 C23 <wb> C29 C0 C36 C19 C0 <wb> C13 C0 C38 C0 C1 <wb> C33 C0 C1,train
5443,"पत्नी ने, आंखें तरेरीं तो, मैं उसी रो में बोला, भई, और क्या कोई बात थी, जो तुम बताने चली",1,8.212,0,not_selected_by_random,,,,
5445,"चेहरे पर गम्भीरता लाती बोली, पूरी बात तो सुनी होती",1,3.762,1,,hindi_female_005445.wav,c a ee h a r a ee <wb> p a r a <wb> g a m a bh a ii r a t a aa <wb> l a aa t a ii <wb> b a o l a ii <wb> p a uu r a ii <wb> b a aa t a <wb> t a o <wb> s a u n a ii <wb> h a o t a ii,C5 C0 C11 C15 C0 C29 C0 C11 <wb> C28 C0 C29 C0 <wb> C13 C0 C22 C0 C4 C0 C16 C29 C0 C32 C0 C1 <wb> C21 C0 C1 C32 C0 C16 <wb> C3 C0 C26 C21 C0 C16 <wb> C28 C0 C36 C29 C0 C16 <wb> C3 C0 C1 C32 C0 <wb> C32 C0 C26 <wb> C30 C0 C36 C24 C0 C16 <wb> C15 C0 C26 C32 C0 C16,train
5446,"अच्छे भले घर से नाता रखती थी वह तो, लेकिन पति ने धक्के मार कर, घर से निकाल दिया बेचारी को",1,5.991,1,,hindi_female_005446.wav,a c a ch a ee <wb> bh a l a ee <wb> gh a r a <wb> s a ee <wb> n a aa t a aa <wb> r a kh a t a ii <wb> th a ii <wb> w a h a <wb> t a o <wb> l a ee k a i n a <wb> p a t a i <wb> n a ee <wb> dh a k a k a ee <wb> m a aa r a <wb> k a r a <wb> gh a r a <wb> s a ee <wb> n a i k a aa l a <wb> d a i y a aa <wb> b a ee c a aa r a ii <wb> k a o,C0 C5 C0 C6 C0 C11 <wb> C4 C0 C21 C0 C11 <wb> C14 C0 C29 C0 <wb> C30 C0 C11 <wb> C24 C0 C1 C32 C0 C1 <wb> C29 C0 C20 C0 C32 C0 C16 <wb> C33 C0 C16 <wb> C37 C0 C15 C0 <wb> C32 C0 C26 <wb> C21 C0 C11 C19 C0 C16 C24 C0 <wb> C28 C0 C32 C0 C16 <wb> C24 C0 C11 <wb> C8 C0 C19 C0 C19 C0 C11 <wb> C22 C0 C1 C29 C0 <wb> C19 C0 C29 C0 <wb> C14 C0 C29 C0 <wb> C30 C0 C11 <wb> C24 C0 C16 C19 C0 C1 C21 C0 <wb> C7 C0 C16 C38 C0 C1 <wb> C3 C0 C11 C5 C0 C1 C29 C0 C16 <wb> C19 C0 C26,train
5449,"किसी पर बोझ नहीं बनना चाहती थी, मिसेस शर्मा ने, सुझाव दिया, तन्दूर लगा लिया",1,5.526,1,,hindi_female_005449.wav,k a i s a ii <wb> p a r a <wb> b a o jh a <wb> n a h a ii q <wb> b a n a n a aa <wb> c a aa h a t a ii <wb> th a ii <wb> m a i s a ee s a <wb> sh a r a m a aa <wb> n a ee <wb> s a u jh a aa w a <wb> d a i y a aa <wb> t a n a d a uu r a <wb> l a g a aa <wb> l a i y a aa,C19 C0 C16 C30 C0 C16 <wb> C28 C0 C29 C0 <wb> C3 C0 C26 C18 C0 <wb> C24 C0 C15 C0 C16 C23 <wb> C3 C0 C24 C0 C24 C0 C1 <wb> C5 C0 C1 C15 C0 C32 C0 C16 <wb> C33 C0 C16 <wb> C22 C0 C16 C30 C0 C11 C30 C0 <wb> C31 C0 C29 C0 C22 C0 C1 <wb> C24 C0 C11 <wb> C30 C0 C36 C18 C0 C1 C37 C0 <wb> C7 C0 C16 C38 C0 C1 <wb> C32 C0 C24 C0 C7 C0 C36 C29 C0 <wb> C21 C0 C13 C0 C1 <wb> C21 C0 C16 C38 C0 C1,train
5451,"कल मुझे भी ले गयी थी अपने घर, चाय वाय भी पिलाई",1,3.737,0,not_selected_by_random,,,,
5455,"मुझे कुछ नहीं कहा, लाजवन्ती से, केह रहे थे",1,3.042,1,,hindi_female_005455.wav,m a u jh a ee <wb> k a u ch a <wb> n a h a ii q <wb> k a h a aa <wb> l a aa j a w a n a t a ii <wb> s a ee <wb> k a ee h a <wb> r a h a ee <wb> th a ee,C22 C0 C36 C18 C0 C11 <wb> C19 C0 C36 C6 C0 <wb> C24 C0 C15 C0 C16 C23 <wb> C19 C0 C15 C0 C1 <wb> C21 C0 C1 C17 C0 C37 C0 C24 C0 C32 C0 C16 <wb> C30 C0 C11 <wb> C19 C0 C11 C15 C0 <wb> C29 C0 C15 C0 C11 <wb> C33 C0 C11,train
5456,"क्या केह रहे थे, बता रहे थे, कि चार साल पेहले, उनकी शादी हुई थी",1,5.684,0,not_selected_by_random,,,,
5457,"अगले रोज़ ऑफिस से लौटते ही, मैंने खुद ही पूछ लिया, लाजवन्ती का क्या हाल है, पत्नी रोटी लगा रही थी",1,7.755,1,,hindi_female_005457.wav,a g a l a ee <wb> r a o z a <wb> ax ph a i s a <wb> s a ee <wb> l a ou tx a t a ee <wb> h a ii <wb> m a ei q n a ee <wb> kh a u d a <wb> h a ii <wb> p a uu ch a <wb> l a i y a aa <wb> l a aa j a w a n a t a ii <wb> k a aa <wb> k a y a aa <wb> h a aa l a <wb> h a ei <wb> p a t a n a ii <wb> r a o tx a ii <wb> l a g a aa <wb> r a h a ii <wb> th a ii,C0 C13 C0 C21 C0 C11 <wb> C29 C0 C26 C17 C0 <wb> C0 C12 C0 C16 C30 C0 <wb> C30 C0 C11 <wb> C21 C0 C27 C34 C0 C32 C0 C11 <wb> C15 C0 C16 <wb> C22 C0 C2 C23 C24 C0 C11 <wb> C20 C0 C36 C7 C0 <wb> C15 C0 C16 <wb> C28 C0 C36 C6 C0 <wb> C21 C0 C16 C38 C0 C1 <wb> C21 C0 C1 C17 C0 C37 C0 C24 C0 C32 C0 C16 <wb> C19 C0 C1 <wb> C19 C0 C38 C0 C1 <wb> C15 C0 C1 C21 C0 <wb> C15 C0 C2 <wb> C28 C0 C32 C0 C24 C0 C16 <wb> C29 C0 C26 C34 C0 C16 <wb> C21 C0 C13 C0 C1 <wb> C29 C0 C15 C0 C16 <wb> C33 C0 C16,train
5459,"तो इसमें ऐसी कौन सी बात हो गई, लो, जिस घर में मर्द अकेला रहता हो, वहां पराई औरत चली जाए, तो कुछ नहीं होगा भला",1,8.863,0,not_selected_by_random,,,,
5460,"हुआ क्या, वही हुआ जो अकेले में एक मर्द पराई औरत के साथ कर सकता है",1,6.117,0,not_selected_by_random,,,,
5462,"सारी उम्र अकेले गुज़ारना मुश्किल है, और फिर मेरे पास ढेर ज़मीन जायदाद है, तू कहेगी तो मैं यह नौकरी छोड़ छाड़ कर तुझे अपने गांव ले जाऊंगा",1,11.183,0,not_selected_by_random,,,,
5463,"लाजवन्ती ने क्या कहा, बस यही तो गलती कर आई लाजवन्ती, कुछ नही कहा, चुपचाप चली आयी",1,6.746,0,not_selected_by_random,,,,
5464,"वहां, एक दिन में रानी बन जाएगी, भला उसे और क्या चाहिए, लेकिन उसे तो दुनियाँ भर की चिन्ता खा गई",1,7.423,0,not_selected_by_random,,,,
5465,"मैंने झिड़क दिया, दूसरों के लिए इतना दिमाग खराब करने की क्या ज़रूरत",1,5.165,0,not_selected_by_random,,,,
5466,"पत्नी, कुछ दिन के लिए तन्दूर पर नही गई थी, तबीयत खराब हो आई थी",1,4.667,1,,hindi_female_005466.wav,p a t a n a ii <wb> k a u ch a <wb> d a i n a <wb> k a ee <wb> l a i ee <wb> t a n a d a uu r a <wb> p a r a <wb> n a h a ii <wb> g a ii <wb> th a ii <wb> t a b a ii y a t a <wb> kh a r a aa b a <wb> h a o <wb> aa ii <wb> th a ii,C28 C0 C32 C0 C24 C0 C16 <wb> C19 C0 C36 C6 C0 <wb> C7 C0 C16 C24 C0 <wb> C19 C0 C11 <wb> C21 C0 C16 C11 <wb> C32 C0 C24 C0 C7 C0 C36 C29 C0 <wb> C28 C0 C29 C0 <wb> C24 C0 C15 C0 C16 <wb> C13 C0 C16 <wb> C33 C0 C16 <wb> C32 C0 C3 C0 C16 C38 C0 C32 C0 <wb> C20 C0 C29 C0 C1 C3 C0 <wb> C15 C0 C26 <wb> C1 C16 <wb> C33 C0 C16,val
5474,"मैं जड़ सा बना, पत्नी के चेहरे की ओर देख रहा था, वह ही बोली, चार घंटे बाद, धक्के मारकर, बाहर निकाल दिया",1,8.197,1,,hindi_female_005474.wav,m a ei q <wb> j a dxq a <wb> s a aa <wb> b a n a aa <wb> p a t a n a ii <wb> k a ee <wb> c a ee h a r a ee <wb> k a ii <wb> o r a <wb> d a ee kh a <wb> r a h a aa <wb> th a aa <wb> w a h a <wb> h a ii <wb> b a o l a ii <wb> c a aa r a <wb> gh a q tx a ee <wb> b a aa d a <wb> dh a k a k a ee <wb> m a aa r a k a r a <wb> b a aa h a r a <wb> n a i k a aa l a <wb> d a i y a aa,C22 C0 C2 C23 <wb> C17 C0 C9 C0 <wb> C30 C0 C1 <wb> C3 C0 C24 C0 C1 <wb> C28 C0 C32 C0 C24 C0 C16 <wb> C19 C0 C11 <wb> C5 C0 C11 C15 C0 C29 C0 C11 <wb> C19 C0 C16 <wb> C26 C29 C0 <wb> C7 C0 C11 C20 C0 <wb> C29 C0 C15 C0 C1 <wb> C33 C0 C1 <wb> C37 C0 C15 C0 <wb> C15 C0 C16 <wb> C3 C0 C26 C21 C0 C16 <wb> C5 C0 C1 C29 C0 <wb> C14 C0 C23 C34 C0 C11 <wb> C3 C0 C1 C7 C0 <wb> C8 C0 C19 C0 C19 C0 C11 <wb> C22 C0 C1 C29 C0 C19 C0 C29 C0 <wb> C3 C0 C1 C15 C0 C29 C0 <wb> C24 C0 C16 C19 C0 C1 C21 C0 <wb> C7 C0 C16 C38 C0 C1,train
5475,"यह अनुभव भी हो जाता, कि आदमी की कल्पना शक्ति, कितनी तेज़ होती है",1,5.494,0,not_selected_by_random,,,,
5476,"मेरे घर के बाहर, इतनी भीड़ और ये पुलिस की जीप क्यों है",1,3.994,1,,hindi_female_005476.wav,m a ee r a ee <wb> gh a r a <wb> k a ee <wb> b a aa h a r a <wb> i t a n a ii <wb> bh a ii dxq a <wb> ou r a <wb> y a ee <wb> p a u l a i s a <wb> k a ii <wb> j a ii p a <wb> k a y a o q <wb> h a ei,C22 C0 C11 C29 C0 C11 <wb> C14 C0 C29 C0 <wb> C19 C0 C11 <wb> C3 C0 C1 C15 C0 C29 C0 <wb> C16 C32 C0 C24 C0 C16 <wb> C4 C0 C16 C9 C0 <wb> C27 C29 C0 <wb> C38 C0 C11 <wb> C28 C0 C36 C21 C0 C16 C30 C0 <wb> C19 C0 C16 <wb> C17 C0 C16 C28 C0 <wb> C19 C0 C38 C0 C26 C23 <wb> C15 C0 C2,train
5477,"आप इन्हें पहचान सकते हैं, मेरे करीब पहुंचते ही, एक पुलिस वाले ने, ज़मीन पे पड़ा सफेद कपड़ा, एक और सरका दिया है",1,9.136,0,not_selected_by_random,,,,
5521,"सब दान दहेज समेटकर, तुम यहां आई, और चालीस दिन मेरी इन दोनों की, और मेरे ससुराल वालों की सेवा, टहल करके लौट गईं",1,9.009,1,,hindi_female_005521.wav,s a b a <wb> d a aa n a <wb> d a h a ee j a <wb> s a m a ee tx a k a r a <wb> t a u m a <wb> y a h a aa q <wb> aa ii <wb> ou r a <wb> c a aa l a ii s a <wb> d a i n a <wb> m a ee r a ii <wb> i n a <wb> d a o n a o q <wb> k a ii <wb> ou r a <wb> m a ee r a ee <wb> s a s a u r a aa l a <wb> w a aa l a o q <wb> k a ii <wb> s a ee w a aa <wb> tx a h a l a <wb> k a r a k a ee <wb> l a ou tx a <wb> g a ii q,C30 C0 C3 C0 <wb> C7 C0 C1 C24 C0 <wb> C7 C0 C15 C0 C11 C17 C0 <wb> C30 C0 C22 C0 C11 C34 C0 C19 C0 C29 C0 <wb> C32 C0 C36 C22 C0 <wb> C38 C0 C15 C0 C1 C23 <wb> C1 C16 <wb> C27 C29 C0 <wb> C5 C0 C1 C21 C0 C16 C30 C0 <wb> C7 C0 C16 C24 C0 <wb> C22 C0 C11 C29 C0 C16 <wb> C16 C24 C0 <wb> C7 C0 C26 C24 C0 C26 C23 <wb> C19 C0 C16 <wb> C27 C29 C0 <wb> C22 C0 C11 C29 C0 C11 <wb> C30 C0 C30 C0 C36 C29 C0 C1 C21 C0 <wb> C37 C0 C1 C21 C0 C26 C23 <wb> C19 C0 C16 <wb> C30 C0 C11 C37 C0 C1 <wb> C34 C0 C15 C0 C21 C0 <wb> C19 C0 C29 C0 C19 C0 C11 <wb> C21 C0 C27 C34 C0 <wb> C13 C0 C16 C23,train
5548,"चाय का प्याला उठा कर, पहला घूंट लेते हुए, उसी ने बात शुरू की थी",1,4.69,1,,hindi_female_005548.wav,c a aa y a <wb> k a aa <wb> p a y a aa l a aa <wb> u txh a aa <wb> k a r a <wb> p a h a l a aa <wb> gh a uu q tx a <wb> l a ee t a ee <wb> h a u ee <wb> u s a ii <wb> n a ee <wb> b a aa t a <wb> sh a u r a uu <wb> k a ii <wb> th a ii,C5 C0 C1 C38 C0 <wb> C19 C0 C1 <wb> C28 C0 C38 C0 C1 C21 C0 C1 <wb> C36 C35 C0 C1 <wb> C19 C0 C29 C0 <wb> C28 C0 C15 C0 C21 C0 C1 <wb> C14 C0 C36 C23 C34 C0 <wb> C21 C0 C11 C32 C0 C11 <wb> C15 C0 C36 C11 <wb> C36 C30 C0 C16 <wb> C24 C0 C11 <wb> C3 C0 C1 C32 C0 <wb> C31 C0 C36 C29 C0 C36 <wb> C19 C0 C16 <wb> C33 C0 C16,train
5552,"इतना कहते हुए, रोहित अपनी जगह से, उठ गए थे",1,3.367,1,,hindi_female_005552.wav,i t a n a aa <wb> k a h a t a ee <wb> h a u ee <wb> r a o h a i t a <wb> a p a n a ii <wb> j a g a h a <wb> s a ee <wb> u txh a <wb> g a ee <wb> th a ee,C16 C32 C0 C24 C0 C1 <wb> C19 C0 C15 C0 C32 C0 C11 <wb> C15 C0 C36 C11 <wb> C29 C0 C26 C15 C0 C16 C32 C0 <wb> C0 C28 C0 C24 C0 C16 <wb> C17 C0 C13 C0 C15 C0 <wb> C30 C0 C11 <wb> C36 C35 C0 <wb> C13 C0 C11 <wb> C33 C0 C11,train
5564,"अच्छा गोपाल, ये बर्तन रसोई में रखकर, तुम अभी घर चले जाओ, मैं थोडी देर आराम करूंगी",1,7.426,0,not_selected_by_random,,,,
5578,"इस आखिरी मुलाकात के बाद, अगले सात सालों तक, उनके बीच, कोई सम्पर्क नहीं रहा",1,5.48,1,,hindi_female_005578.wav,i s a <wb> aa kh a i r a ii <wb> m a u l a aa k a aa t a <wb> k a ee <wb> b a aa d a <wb> a g a l a ee <wb> s a aa t a <wb> s a aa l a o q <wb> t a k a <wb> u n a k a ee <wb> b a ii c a <wb> k a o ii <wb> s a m a p a r a k a <wb> n a h a ii q <wb> r a h a aa,C16 C30 C0 <wb> C1 C20 C0 C16 C29 C0 C16 <wb> C22 C0 C36 C21 C0 C1 C19 C0 C1 C32 C0 <wb> C19 C0 C11 <wb> C3 C0 C1 C7 C0 <wb> C0 C13 C0 C21 C0 C11 <wb> C30 C0 C1 C32 C0 <wb> C30 C0 C1 C21 C0 C26 C23 <wb> C32 C0 C19 C0 <wb> C36 C24 C0 C19 C0 C11 <wb> C3 C0 C16 C5 C0 <wb> C19 C0 C26 C16 <wb> C30 C0 C22 C0 C28 C0 C29 C0 C19 C0 <wb> C24 C0 C15 C0 C16 C23 <wb> C29 C0 C15 C0 C1,train
5585,"जो कुछ वह अपने पत्रों में, बयान कर चुकी थी, क्या उसे फिर से दोहराने, या उसे और खोलकर समझाने की आवश्यकता",1,7.779,1,,hindi_female_005585.wav,j a o <wb> k a u ch a <wb> w a h a <wb> a p a n a ee <wb> p a t a r a o q <wb> m a ee q <wb> b a y a aa n a <wb> k a r a <wb> c a u k a ii <wb> th a ii <wb> k a y a aa <wb> u s a ee <wb> ph a i r a <wb> s a ee <wb> d a o h a r a aa n a ee <wb> y a aa <wb> u s a ee <wb> ou r a <wb> kh a o l a k a r a <wb> s a m a jh a aa n a ee <wb> k a ii <wb> aa w a sh a y a k a t a aa,C17 C0 C26 <wb> C19 C0 C36 C6 C0 <wb> C37 C0 C15 C0 <wb> C0 C28 C0 C24 C0 C11 <wb> C28 C0 C32 C0 C29 C0 C26 C23 <wb> C22 C0 C11 C23 <wb> C3 C0 C38 C0 C1 C24 C0 <wb> C19 C0 C29 C0 <wb> C5 C0 C36 C19 C0 C16 <wb> C33 C0 C16 <wb> C19 C0 C38 C0 C1 <wb> C36 C30 C0 C11 <wb> C12 C0 C16 C29 C0 <wb> C30 C0 C11 <wb> C7 C0 C26 C15 C0 C29 C0 C1 C24 C0 C11 <wb> C38 C0 C1 <wb> C36 C30 C0 C11 <wb> C27 C29 C0 <wb> C20 C0 C26 C21 C0 C19 C0 C29 C0 <wb> C30 C0 C22 C0 C18 C0 C1 C24 C0 C11 <wb> C19 C0 C16 <wb> C1 C37 C0 C31 C0 C38 C0 C19 C0 C32 C0 C1,train
5605,"भई, लोग तो इस पर विश्वास भी करते हैं, ये विश्वास तो, व्यक्तिगत है",1,4.969,1,,hindi_female_005605.wav,bh a ii <wb> l a o g a <wb> t a o <wb> i s a <wb> p a r a <wb> w a i sh a w a aa s a <wb> bh a ii <wb> k a r a t a ee <wb> h a ei q <wb> y a ee <wb> w a i sh a w a aa s a <wb> t a o <wb> w a y a k a t a i g a t a <wb> h a ei,C4 C0 C16 <wb> C21 C0 C26 C13 C0 <wb> C32 C0 C26 <wb> C16 C30 C0 <wb> C28 C0 C29 C0 <wb> C37 C0 C16 C31 C0 C37 C0 C1 C30 C0 <wb> C4 C0 C16 <wb> C19 C0 C29 C0 C32 C0 C11 <wb> C15 C0 C2 C23 <wb> C38 C0 C11 <wb> C37 C0 C16 C31 C0 C37 C0 C1 C30 C0 <wb> C32 C0 C26 <wb> C37 C0 C38 C0 C19 C0 C32 C0 C16 C13 C0 C32 C0 <wb> C15 C0 C2,train
5610,"अजीब बात है, वो तो काफी मस्त आदमी था",1,3.476,0,not_selected_by_random,,,,
5614,पत्रिकाओं को सिर्फ़ एक अंक की योजना ठीक ठीक मालूम होनी चाहिए,1,5.167,0,not_selected_by_random,,,,
5703,"इसके बाद, उसने एक श्लोक लिखकर, अपने पिता के द्वारा, कंठस्थ करवाया",1,5.457,1,,hindi_female_005703.wav,i s a k a ee <wb> b a aa d a <wb> u s a n a ee <wb> ee k a <wb> sh a l a o k a <wb> l a i kh a k a r a <wb> a p a n a ee <wb> p a i t a aa <wb> k a ee <wb> d a w a aa r a aa <wb> k a q txh a s a th a <wb> k a r a w a aa y a aa,C16 C30 C0 C19 C0 C11 <wb> C3 C0 C1 C7 C0 <wb> C36 C30 C0 C24 C0 C11 <wb> C11 C19 C0 <wb> C31 C0 C21 C0 C26 C19 C0 <wb> C21 C0 C16 C20 C0 C19 C0 C29 C0 <wb> C0 C28 C0 C24 C0 C11 <wb> C28 C0 C16 C32 C0 C1 <wb> C19 C0 C11 <wb> C7 C0 C37 C0 C1 C29 C0 C1 <wb> C19 C0 C23 C35 C0 C30 C0 C33 C0 <wb> C19 C0 C29 C0 C37 C0 C1 C38 C0 C1,train
5853,"सन् में स्नातक बनने के बाद, इंग्लैण्ड में कानून की शिक्षा के लिए वे चुने गये",1,4.899,1,,hindi_female_005853.wav,s a n a <wb> m a ee q <wb> s a n a aa t a k a <wb> b a n a n a ee <wb> k a ee <wb> b a aa d a <wb> i q g a l a ei nx a dx a <wb> m a ee q <wb> k a aa n a uu n a <wb> k a ii <wb> sh a i k a sx a aa <wb> k a ee <wb> l a i ee <wb> w a ee <wb> c a u n a ee <wb> g a y a ee,C30 C0 C24 C0 <wb> C22 C0 C11 C23 <wb> C30 C0 C24 C0 C1 C32 C0 C19 C0 <wb> C3 C0 C24 C0 C24 C0 C11 <wb> C19 C0 C11 <wb> C3 C0 C1 C7 C0 <wb> C16 C23 C13 C0 C21 C0 C2 C25 C0 C9 C0 <wb> C22 C0 C11 C23 <wb> C19 C0 C1 C24 C0 C36 C24 C0 <wb> C19 C0 C16 <wb> C31 C0 C16 C19 C0 C31 C0 C1 <wb> C19 C0 C11 <wb> C21 C0 C16 C11 <wb> C37 C0 C11 <wb> C5 C0 C36 C24 C0 C11 <wb> C13 C0 C38 C0 C11,train
5892,"उसका सुहाग शाश्वत हो, इसका उसने देवी से वरदान पाया था",1,4.203,1,,hindi_female_005892.wav,u s a k a aa <wb> s a u h a aa g a <wb> sh a aa sh a w a t a <wb> h a o <wb> i s a k a aa <wb> u s a n a ee <wb> d a ee w a ii <wb> s a ee <wb> w a r a d a aa n a <wb> p a aa y a aa <wb> th a aa,C36 C30 C0 C19 C0 C1 <wb> C30 C0 C36 C15 C0 C1 C13 C0 <wb> C31 C0 C1 C31 C0 C37 C0 C32 C0 <wb> C15 C0 C26 <wb> C16 C30 C0 C19 C0 C1 <wb> C36 C30 C0 C24 C0 C11 <wb> C7 C0 C11 C37 C0 C16 <wb> C30 C0 C11 <wb> C37 C0 C29 C0 C7 C0 C1 C24 C0 <wb> C28 C0 C1 C38 C0 C1 <wb> C33 C0 C1,train
6184,"राज भवन के उद्यान से, ये सब मनोरम दृश्य पेश करते थे",1,4.156,1,,hindi_female_006184.wav,r a aa j a <wb> bh a w a n a <wb> k a ee <wb> u d a y a aa n a <wb> s a ee <wb> y a ee <wb> s a b a <wb> m a n a o r a m a <wb> d a rq sh a y a <wb> p a ee sh a <wb> k a r a t a ee <wb> th a ee,C29 C0 C1 C17 C0 <wb> C4 C0 C37 C0 C24 C0 <wb> C19 C0 C11 <wb> C36 C7 C0 C38 C0 C1 C24 C0 <wb> C30 C0 C11 <wb> C38 C0 C11 <wb> C30 C0 C3 C0 <wb> C22 C0 C24 C0 C26 C29 C0 C22 C0 <wb> C7 C0 C29 C31 C0 C38 C0 <wb> C28 C0 C11 C31 C0 <wb> C19 C0 C29 C0 C32 C0 C11 <wb> C33 C0 C11,val
6188,"बड़ बड़ बड़, और ख़ड ख़ड करके, ताला खोल कर चली गई",1,4.248,0,not_selected_by_random,,,,
6201,"यह भी खूब होता, कि एक बारात से लौटे नहीं, और उधर दूसरी में भागना पड़ रहा है",1,6.007,0,not_selected_by_random,,,,
6348,"महिला का अंत जो था, वह उनके सामने था, आदि और मध्य कैसा रहा होगा, जहाँ तक कोई नहीं था",1,6.989,1,,hindi_female_006348.wav,m a h a i l a aa <wb> k a aa <wb> a q t a <wb> j a o <wb> th a aa <wb> w a h a <wb> u n a k a ee <wb> s a aa m a n a ee <wb> th a aa <wb> aa d a i <wb> ou r a <wb> m a dh a y a <wb> k a ei s a aa <wb> r a h a aa <wb> h a o g a aa <wb> j a h a aa mq <wb> t a k a <wb> k a o ii <wb> n a h a ii q <wb> th a aa,C22 C0 C15 C0 C16 C21 C0 C1 <wb> C19 C0 C1 <wb> C0 C23 C32 C0 <wb> C17 C0 C26 <wb> C33 C0 C1 <wb> C37 C0 C15 C0 <wb> C36 C24 C0 C19 C0 C11 <wb> C30 C0 C1 C22 C0 C24 C0 C11 <wb> C33 C0 C1 <wb> C1 C7 C0 C16 <wb> C27 C29 C0 <wb> C22 C0 C8 C0 C38 C0 <wb> C19 C0 C2 C30 C0 C1 <wb> C29 C0 C15 C0 C1 <wb> C15 C0 C26 C13 C0 C1 <wb> C17 C0 C15 C0 C1 C23 <wb> C32 C0 C19 C0 <wb> C19 C0 C26 C16 <wb> C24 C0 C15 C0 C16 C23 <wb> C33 C0 C1,train
6407,"और कभी कभी हमें सपनों कि दुनिया में भी ले जाते थे, जिन्हें हम आज भी याद करके प्रसन्न हो जाते हैं.",1,6.316,1,,hindi_female_006407.wav,ou r a <wb> k a bh a ii <wb> k a bh a ii <wb> h a m a ee q <wb> s a p a n a o q <wb> k a i <wb> d a u n a i y a aa <wb> m a ee q <wb> bh a ii <wb> l a ee <wb> j a aa t a ee <wb> th a ee <wb> j a i n a h a ee q <wb> h a m a <wb> aa j a <wb> bh a ii <wb> y a aa d a <wb> k a r a k a ee <wb> p a r a s a n a n a <wb> h a o <wb> j a aa t a ee <wb> h a ei q,C27 C29 C0 <wb> C19 C0 C4 C0 C16 <wb> C19 C0 C4 C0 C16 <wb> C15 C0 C22 C0 C11 C23 <wb> C30 C0 C28 C0 C24 C0 C26 C23 <wb> C19 C0 C16 <wb> C7 C0 C36 C24 C0 C16 C38 C0 C1 <wb> C22 C0 C11 C23 <wb> C4 C0 C16 <wb> C21 C0 C11 <wb> C17 C0 C1 C32 C0 C11 <wb> C33 C0 C11 <wb> C17 C0 C16 C24 C0 C15 C0 C11 C23 <wb> C15 C0 C22 C0 <wb> C1 C17 C0 <wb> C4 C0 C16 <wb> C38 C0 C1 C7 C0 <wb> C19 C0 C29 C0 C19 C0 C11 <wb> C28 C0 C29 C0 C30 C0 C24 C0 C24 C0 <wb> C15 C0 C26 <wb> C17 C0 C1 C32 C0 C11 <wb> C15 C0 C2 C23,train
6409,जैसे कुछ कहानियाँ हमें प्रोत्साहित करती हैं.,1,3.286,0,not_selected_by_random,,,,
6410,"ऐसी ही कुछ कहानियाँ, मैं आप लोगो के समक्ष रख रहा हूँ.",1,4.188,0,not_selected_by_random,,,,
6412,सभा में तय होना था कि उनका राजा कौन बनेगा.,1,3.088,1,,hindi_female_006412.wav,s a bh a aa <wb> m a ee q <wb> t a y a <wb> h a o n a aa <wb> th a aa <wb> k a i <wb> u n a k a aa <wb> r a aa j a aa <wb> k a ou n a <wb> b a n a ee g a aa,C30 C0 C4 C0 C1 <wb> C22 C0 C11 C23 <wb> C32 C0 C38 C0 <wb> C15 C0 C26 C24 C0 C1 <wb> C33 C0 C1 <wb> C19 C0 C16 <wb> C36 C24 C0 C19 C0 C1 <wb> C29 C0 C1 C17 C0 C1 <wb> C19 C0 C27 C24 C0 <wb> C3 C0 C24 C0 C11 C13 C0 C1,train
6416,"यह सुन, सभी पक्षी एक दूसरे को देखने लगे.",1,3.682,0,not_selected_by_random,,,,
6419,इसलिए राजा बनने का मौका मुझे मिलना चाहिए.,1,3.312,0,not_selected_by_random,,,,
6426,विजयी पक्षी चाहता था कि उसके राजा बनने की बात आसपास के सभी पक्षी जान लें.,1,5.82,0,not_selected_by_random,,,,
6428,"सब लोग देखो मुझे, मैं हूँ विजयी पक्षी, मैं राजा बन गया हूँ.",1,4.505,1,,hindi_female_006428.wav,s a b a <wb> l a o g a <wb> d a ee kh a o <wb> m a u jh a ee <wb> m a ei q <wb> h a uu mq <wb> w a i j a y a ii <wb> p a k a sx a ii <wb> m a ei q <wb> r a aa j a aa <wb> b a n a <wb> g a y a aa <wb> h a uu mq,C30 C0 C3 C0 <wb> C21 C0 C26 C13 C0 <wb> C7 C0 C11 C20 C0 C26 <wb> C22 C0 C36 C18 C0 C11 <wb> C22 C0 C2 C23 <wb> C15 C0 C36 C23 <wb> C37 C0 C16 C17 C0 C38 C0 C16 <wb> C28 C0 C19 C0 C31 C0 C16 <wb> C22 C0 C2 C23 <wb> C29 C0 C1 C17 C0 C1 <wb> C3 C0 C24 C0 <wb> C13 C0 C38 C0 C1 <wb> C15 C0 C36 C23,test
6433,वह अहंकार वश अपना गुणगान खुद कर रहा था.,1,3.111,1,,hindi_female_006433.wav,w a h a <wb> a h a q k a aa r a <wb> w a sh a <wb> a p a n a aa <wb> g a u nx a g a aa n a <wb> kh a u d a <wb> k a r a <wb> r a h a aa <wb> th a aa,C37 C0 C15 C0 <wb> C0 C15 C0 C23 C19 C0 C1 C29 C0 <wb> C37 C0 C31 C0 <wb> C0 C28 C0 C24 C0 C1 <wb> C13 C0 C36 C25 C0 C13 C0 C1 C24 C0 <wb> C20 C0 C36 C7 C0 <wb> C19 C0 C29 C0 <wb> C29 C0 C15 C0 C1 <wb> C33 C0 C1,train
6435,यह तो हमारे समाज का सौभाग्य है.,1,2.09,1,,hindi_female_006435.wav,y a h a <wb> t a o <wb> h a m a aa r a ee <wb> s a m a aa j a <wb> k a aa <wb> s a ou bh a aa g a y a <wb> h a ei,C38 C0 C15 C0 <wb> C32 C0 C26 <wb> C15 C0 C22 C0 C1 C29 C0 C11 <wb> C30 C0 C22 C0 C1 C17 C0 <wb> C19 C0 C1 <wb> C30 C0 C27 C4 C0 C1 C13 C0 C38 C0 <wb> C15 C0 C2,train
6437,"आज जो कहानी मैं लिखने जा रहा हूँ, वो बिल्कुल सत्य है.",1,3.506,1,,hindi_female_006437.wav,aa j a <wb> j a o <wb> k a h a aa n a ii <wb> m a ei q <wb> l a i kh a n a ee <wb> j a aa <wb> r a h a aa <wb> h a uu mq <wb> w a o <wb> b a i l a k a u l a <wb> s a t a y a <wb> h a ei,C1 C17 C0 <wb> C17 C0 C26 <wb> C19 C0 C15 C0 C1 C24 C0 C16 <wb> C22 C0 C2 C23 <wb> C21 C0 C16 C20 C0 C24 C0 C11 <wb> C17 C0 C1 <wb> C29 C0 C15 C0 C1 <wb> C15 C0 C36 C23 <wb> C37 C0 C26 <wb> C3 C0 C16 C21 C0 C19 C0 C36 C21 C0 <wb> C30 C0 C32 C0 C38 C0 <wb> C15 C0 C2,train
6439,एक परिवार था जिसमें पति-पत्नी और उनके तीन बच्चे थे.,1,3.878,1,,hindi_female_006439.wav,ee k a <wb> p a r a i w a aa r a <wb> th a aa <wb> j a i s a m a ee q <wb> p a t a i <wb> p a t a n a ii <wb> ou r a <wb> u n a k a ee <wb> t a ii n a <wb> b a c a c a ee <wb> th a ee,C11 C19 C0 <wb> C28 C0 C29 C0 C16 C37 C0 C1 C29 C0 <wb> C33 C0 C1 <wb> C17 C0 C16 C30 C0 C22 C0 C11 C23 <wb> C28 C0 C32 C0 C16 <wb> C28 C0 C32 C0 C24 C0 C16 <wb> C27 C29 C0 <wb> C36 C24 C0 C19 C0 C11 <wb> C32 C0 C16 C24 C0 <wb> C3 C0 C5 C0 C5 C0 C11 <wb> C33 C0 C11,train
6442,पर एक दिन पति को कुछ तकलीफ़ हुई और वो डॉक्टर के पास गया.,1,4.125,0,not_selected_by_random,,,,
6450,"जैसे उसको कुछ हुआ ही नहीं था, एक आम आदमी की तरह अपनी ज़िन्दगी व्यतीत कर रहा था.",1,5.248,1,,hindi_female_006450.wav,j a ei s a ee <wb> u s a k a o <wb> k a u ch a <wb> h a u aa <wb> h a ii <wb> n a h a ii q <wb> th a aa <wb> ee k a <wb> aa m a <wb> aa d a m a ii <wb> k a ii <wb> t a r a h a <wb> a p a n a ii <wb> z a i n a d a g a ii <wb> w a y a t a ii t a <wb> k a r a <wb> r a h a aa <wb> th a aa,C17 C0 C2 C30 C0 C11 <wb> C36 C30 C0 C19 C0 C26 <wb> C19 C0 C36 C6 C0 <wb> C15 C0 C36 C1 <wb> C15 C0 C16 <wb> C24 C0 C15 C0 C16 C23 <wb> C33 C0 C1 <wb> C11 C19 C0 <wb> C1 C22 C0 <wb> C1 C7 C0 C22 C0 C16 <wb> C19 C0 C16 <wb> C32 C0 C29 C0 C15 C0 <wb> C0 C28 C0 C24 C0 C16 <wb> C17 C0 C16 C24 C0 C7 C0 C13 C0 C16 <wb> C37 C0 C38 C0 C32 C0 C16 C32 C0 <wb> C19 C0 C29 C0 <wb> C29 C0 C15 C0 C1 <wb> C33 C0 C1,train
6451,"उसकी बेटी की शादी तो पहले ही हो चुकी थी, अब उसने अपने पहले बेटे की भी शादी कर दी.",1,5.271,1,,hindi_female_006451.wav,u s a k a ii <wb> b a ee tx a ii <wb> k a ii <wb> sh a aa d a ii <wb> t a o <wb> p a h a l a ee <wb> h a ii <wb> h a o <wb> c a u k a ii <wb> th a ii <wb> a b a <wb> u s a n a ee <wb> a p a n a ee <wb> p a h a l a ee <wb> b a ee tx a ee <wb> k a ii <wb> bh a ii <wb> sh a aa d a ii <wb> k a r a <wb> d a ii,C36 C30 C0 C19 C0 C16 <wb> C3 C0 C11 C34 C0 C16 <wb> C19 C0 C16 <wb> C31 C0 C1 C7 C0 C16 <wb> C32 C0 C26 <wb> C28 C0 C15 C0 C21 C0 C11 <wb> C15 C0 C16 <wb> C15 C0 C26 <wb> C5 C0 C36 C19 C0 C16 <wb> C33 C0 C16 <wb> C0 C3 C0 <wb> C36 C30 C0 C24 C0 C11 <wb> C0 C28 C0 C24 C0 C11 <wb> C28 C0 C15 C0 C21 C0 C11 <wb> C3 C0 C11 C34 C0 C11 <wb> C19 C0 C16 <wb> C4 C0 C16 <wb> C31 C0 C1 C7 C0 C16 <wb> C19 C0 C29 C0 <wb> C7 C0 C16,train
6452,धीरे-धीरे वक़्त बीतता गया और साल बीत गए.,1,3.135,1,,hindi_female_006452.wav,dh a ii r a ee <wb> dh a ii r a ee <wb> w a kq a t a <wb> b a ii t a t a aa <wb> g a y a aa <wb> ou r a <wb> s a aa l a <wb> b a ii t a <wb> g a ee,C8 C0 C16 C29 C0 C11 <wb> C8 C0 C16 C29 C0 C11 <wb> C37 C0 C19 C0 C32 C0 <wb> C3 C0 C16 C32 C0 C32 C0 C1 <wb> C13 C0 C38 C0 C1 <wb> C27 C29 C0 <wb> C30 C0 C1 C21 C0 <wb> C3 C0 C16 C32 C0 <wb> C13 C0 C11,train
6454,"अब उस व्यक्ति ने अपने छोटे बेटे की शादी भी तय कर दी, पर अब उसकी हालत पहले जैसी नहीं थी.",1,6.078,0,not_selected_by_random,,,,
6458,"उसने अपने छोटे बच्चे की भी शादी कर दी, पर उसकी हालत धीरे-धीरे और ख़राब होती चली गई.",1,5.828,1,,hindi_female_006458.wav,u s a n a ee <wb> a p a n a ee <wb> ch a o tx a ee <wb> b a c a c a ee <wb> k a ii <wb> bh a ii <wb> sh a aa d a ii <wb> k a r a <wb> d a ii <wb> p a r a <wb> u s a k a ii <wb> h a aa l a t a <wb> dh a ii r a ee <wb> dh a ii r a ee <wb> ou r a <wb> khq a r a aa b a <wb> h a o t a ii <wb> c a l a ii <wb> g a ii,C36 C30 C0 C24 C0 C11 <wb> C0 C28 C0 C24 C0 C11 <wb> C6 C0 C26 C34 C0 C11 <wb> C3 C0 C5 C0 C5 C0 C11 <wb> C19 C0 C16 <wb> C4 C0 C16 <wb> C31 C0 C1 C7 C0 C16 <wb> C19 C0 C29 C0 <wb> C7 C0 C16 <wb> C28 C0 C29 C0 <wb> C36 C30 C0 C19 C0 C16 <wb> C15 C0 C1 C21 C0 C32 C0 <wb> C8 C0 C16 C29 C0 C11 <wb> C8 C0 C16 C29 C0 C11 <wb> C27 C29 C0 <wb> C20 C0 C29 C0 C1 C3 C0 <wb> C15 C0 C26 C32 C0 C16 <wb> C5 C0 C21 C0 C16 <wb> C13 C0 C16,train
6461,"पर उस वक़्त तो उसने अपने आप को संभाल लिया, परंतु मन ही मन में वो डर सा गया.",1,5.228,0,not_selected_by_random,,,,
6467,क्योंकि उस व्यक्ति ने अपनी जीने की चाह ही छोड़ दी थी.,1,3.556,0,not_selected_by_random,,,,
6468,"मानो उन्होंने अपने मन में ये ठान ही लिया था, कि वो अब ठीक नहीं हो सकते.",1,4.797,0,not_selected_by_random,,,,
6469,"घरवालों ने भी उनको जोश, नई उम्मीद दिलाने की बहुत कोशिश की.",1,4.087,1,,hindi_female_006469.wav,gh a r a w a aa l a o q <wb> n a ee <wb> bh a ii <wb> u n a k a o <wb> j a o sh a <wb> n a ii <wb> u m a m a ii d a <wb> d a i l a aa n a ee <wb> k a ii <wb> b a h a u t a <wb> k a o sh a i sh a <wb> k a ii,C14 C0 C29 C0 C37 C0 C1 C21 C0 C26 C23 <wb> C24 C0 C11 <wb> C4 C0 C16 <wb> C36 C24 C0 C19 C0 C26 <wb> C17 C0 C26 C31 C0 <wb> C24 C0 C16 <wb> C36 C22 C0 C22 C0 C16 C7 C0 <wb> C7 C0 C16 C21 C0 C1 C24 C0 C11 <wb> C19 C0 C16 <wb> C3 C0 C15 C0 C36 C32 C0 <wb> C19 C0 C26 C31 C0 C16 C31 C0 <wb> C19 C0 C16,train
6475,उनकी संस्था के लोग इसी मंत्र का जाप किए जा रहे थे.,1,3.818,0,not_selected_by_random,,,,
6476,लेकिन मेरे पास शब्द नहीं है उस वक़्त को बयान करने के लिए.,1,3.785,1,,hindi_female_006476.wav,l a ee k a i n a <wb> m a ee r a ee <wb> p a aa s a <wb> sh a b a d a <wb> n a h a ii q <wb> h a ei <wb> u s a <wb> w a kq a t a <wb> k a o <wb> b a y a aa n a <wb> k a r a n a ee <wb> k a ee <wb> l a i ee,C21 C0 C11 C19 C0 C16 C24 C0 <wb> C22 C0 C11 C29 C0 C11 <wb> C28 C0 C1 C30 C0 <wb> C31 C0 C3 C0 C7 C0 <wb> C24 C0 C15 C0 C16 C23 <wb> C15 C0 C2 <wb> C36 C30 C0 <wb> C37 C0 C19 C0 C32 C0 <wb> C19 C0 C26 <wb> C3 C0 C38 C0 C1 C24 C0 <wb> C19 C0 C29 C0 C24 C0 C11 <wb> C19 C0 C11 <wb> C21 C0 C16 C11,train
6477,पर मानो वो मंत्र जैसे उनके परिवार वालों को शक्ति दे रहा हो.,1,3.901,1,,hindi_female_006477.wav,p a r a <wb> m a aa n a o <wb> w a o <wb> m a q t a r a <wb> j a ei s a ee <wb> u n a k a ee <wb> p a r a i w a aa r a <wb> w a aa l a o q <wb> k a o <wb> sh a k a t a i <wb> d a ee <wb> r a h a aa <wb> h a o,C28 C0 C29 C0 <wb> C22 C0 C1 C24 C0 C26 <wb> C37 C0 C26 <wb> C22 C0 C23 C32 C0 C29 C0 <wb> C17 C0 C2 C30 C0 C11 <wb> C36 C24 C0 C19 C0 C11 <wb> C28 C0 C29 C0 C16 C37 C0 C1 C29 C0 <wb> C37 C0 C1 C21 C0 C26 C23 <wb> C19 C0 C26 <wb> C31 C0 C19 C0 C32 C0 C16 <wb> C7 C0 C11 <wb> C29 C0 C15 C0 C1 <wb> C15 C0 C26,train
6479,"वो जानता था की किसी ना किसी को हिम्मत करनी होगी, ताकि उनकी अंतिम यात्रा हो सके.",1,5.016,1,,hindi_female_006479.wav,w a o <wb> j a aa n a t a aa <wb> th a aa <wb> k a ii <wb> k a i s a ii <wb> n a aa <wb> k a i s a ii <wb> k a o <wb> h a i m a m a t a <wb> k a r a n a ii <wb> h a o g a ii <wb> t a aa k a i <wb> u n a k a ii <wb> a q t a i m a <wb> y a aa t a r a aa <wb> h a o <wb> s a k a ee,C37 C0 C26 <wb> C17 C0 C1 C24 C0 C32 C0 C1 <wb> C33 C0 C1 <wb> C19 C0 C16 <wb> C19 C0 C16 C30 C0 C16 <wb> C24 C0 C1 <wb> C19 C0 C16 C30 C0 C16 <wb> C19 C0 C26 <wb> C15 C0 C16 C22 C0 C22 C0 C32 C0 <wb> C19 C0 C29 C0 C24 C0 C16 <wb> C15 C0 C26 C13 C0 C16 <wb> C32 C0 C1 C19 C0 C16 <wb> C36 C24 C0 C19 C0 C16 <wb> C0 C23 C32 C0 C16 C22 C0 <wb> C38 C0 C1 C32 C0 C29 C0 C1 <wb> C15 C0 C26 <wb> C30 C0 C19 C0 C11,train
6485,उनके जाने के बाद मानो सभी परिवार वालों की भी जीने की चाह नहीं रही थी.,1,4.76,1,,hindi_female_006485.wav,u n a k a ee <wb> j a aa n a ee <wb> k a ee <wb> b a aa d a <wb> m a aa n a o <wb> s a bh a ii <wb> p a r a i w a aa r a <wb> w a aa l a o q <wb> k a ii <wb> bh a ii <wb> j a ii n a ee <wb> k a ii <wb> c a aa h a <wb> n a h a ii q <wb> r a h a ii <wb> th a ii,C36 C24 C0 C19 C0 C11 <wb> C17 C0 C1 C24 C0 C11 <wb> C19 C0 C11 <wb> C3 C0 C1 C7 C0 <wb> C22 C0 C1 C24 C0 C26 <wb> C30 C0 C4 C0 C16 <wb> C28 C0 C29 C0 C16 C37 C0 C1 C29 C0 <wb> C37 C0 C1 C21 C0 C26 C23 <wb> C19 C0 C16 <wb> C4 C0 C16 <wb> C17 C0 C16 C24 C0 C11 <wb> C19 C0 C16 <wb> C5 C0 C1 C15 C0 <wb> C24 C0 C15 C0 C16 C23 <wb> C29 C0 C15 C0 C16 <wb> C33 C0 C16,train
6488,और उनकी राह आज तक उनका परिवार देखता है.,1,3.531,0,not_selected_by_random,,,,
6489,"ये बात वो भी जानते हैं, जो जाता है, वो वापस कभी नहीं आता.",1,4.133,1,,hindi_female_006489.wav,y a ee <wb> b a aa t a <wb> w a o <wb> bh a ii <wb> j a aa n a t a ee <wb> h a ei q <wb> j a o <wb> j a aa t a aa <wb> h a ei <wb> w a o <wb> w a aa p a s a <wb> k a bh a ii <wb> n a h a ii q <wb> aa t a aa,C38 C0 C11 <wb> C3 C0 C1 C32 C0 <wb> C37 C0 C26 <wb> C4 C0 C16 <wb> C17 C0 C1 C24 C0 C32 C0 C11 <wb> C15 C0 C2 C23 <wb> C17 C0 C26 <wb> C17 C0 C1 C32 C0 C1 <wb> C15 C0 C2 <wb> C37 C0 C26 <wb> C37 C0 C1 C28 C0 C30 C0 <wb> C19 C0 C4 C0 C16 <wb> C24 C0 C15 C0 C16 C23 <wb> C1 C32 C0 C1,train
6495,"क्योंकि ऐसा दुख, जिसके साथ होता है, वही इस दर्द को समझ सकता है.",1,4.481,1,,hindi_female_006495.wav,k a y a o q k a i <wb> ei s a aa <wb> d a u kh a <wb> j a i s a k a ee <wb> s a aa th a <wb> h a o t a aa <wb> h a ei <wb> w a h a ii <wb> i s a <wb> d a r a d a <wb> k a o <wb> s a m a jh a <wb> s a k a t a aa <wb> h a ei,C19 C0 C38 C0 C26 C23 C19 C0 C16 <wb> C2 C30 C0 C1 <wb> C7 C0 C36 C20 C0 <wb> C17 C0 C16 C30 C0 C19 C0 C11 <wb> C30 C0 C1 C33 C0 <wb> C15 C0 C26 C32 C0 C1 <wb> C15 C0 C2 <wb> C37 C0 C15 C0 C16 <wb> C16 C30 C0 <wb> C7 C0 C29 C0 C7 C0 <wb> C19 C0 C26 <wb> C30 C0 C22 C0 C18 C0 <wb> C30 C0 C19 C0 C32 C0 C1 <wb> C15 C0 C2,test
6496,"अपनी जीने की चाह को कभी कम नहीं करना चाहिए और अगर आप ऐसा करते हैं, तो आप खुद महसूस करेंगे की आप अपनी बीमारी से ठीक हो रहे हैं.",1,9.195,1,,hindi_female_006496.wav,a p a n a ii <wb> j a ii n a ee <wb> k a ii <wb> c a aa h a <wb> k a o <wb> k a bh a ii <wb> k a m a <wb> n a h a ii q <wb> k a r a n a aa <wb> c a aa h a i ee <wb> ou r a <wb> a g a r a <wb> aa p a <wb> ei s a aa <wb> k a r a t a ee <wb> h a ei q <wb> t a o <wb> aa p a <wb> kh a u d a <wb> m a h a s a uu s a <wb> k a r a ee q g a ee <wb> k a ii <wb> aa p a <wb> a p a n a ii <wb> b a ii m a aa r a ii <wb> s a ee <wb> txh a ii k a <wb> h a o <wb> r a h a ee <wb> h a ei q,C0 C28 C0 C24 C0 C16 <wb> C17 C0 C16 C24 C0 C11 <wb> C19 C0 C16 <wb> C5 C0 C1 C15 C0 <wb> C19 C0 C26 <wb> C19 C0 C4 C0 C16 <wb> C19 C0 C22 C0 <wb> C24 C0 C15 C0 C16 C23 <wb> C19 C0 C29 C0 C24 C0 C1 <wb> C5 C0 C1 C15 C0 C16 C11 <wb> C27 C29 C0 <wb> C0 C13 C0 C29 C0 <wb> C1 C28 C0 <wb> C2 C30 C0 C1 <wb> C19 C0 C29 C0 C32 C0 C11 <wb> C15 C0 C2 C23 <wb> C32 C0 C26 <wb> C1 C28 C0 <wb> C20 C0 C36 C7 C0 <wb> C22 C0 C15 C0 C30 C0 C36 C30 C0 <wb> C19 C0 C29 C0 C11 C23 C13 C0 C11 <wb> C19 C0 C16 <wb> C1 C28 C0 <wb> C0 C28 C0 C24 C0 C16 <wb> C3 C0 C16 C22 C0 C1 C29 C0 C16 <wb> C30 C0 C11 <wb> C35 C0 C16 C19 C0 <wb> C15 C0 C26 <wb> C29 C0 C15 C0 C11 <wb> C15 C0 C2 C23,train
6498,वह भी अपने पिता के समान बुद्धिमान तथा चतुर थी.,1,3.437,1,,hindi_female_006498.wav,w a h a <wb> bh a ii <wb> a p a n a ee <wb> p a i t a aa <wb> k a ee <wb> s a m a aa n a <wb> b a u d a dh a i m a aa n a <wb> t a th a aa <wb> c a t a u r a <wb> th a ii,C37 C0 C15 C0 <wb> C4 C0 C16 <wb> C0 C28 C0 C24 C0 C11 <wb> C28 C0 C16 C32 C0 C1 <wb> C19 C0 C11 <wb> C30 C0 C22 C0 C1 C24 C0 <wb> C3 C0 C36 C7 C0 C8 C0 C16 C22 C0 C1 C24 C0 <wb> C32 C0 C33 C0 C1 <wb> C5 C0 C32 C0 C36 C29 C0 <wb> C33 C0 C16,train
6500,महल में जाकर उसने सभी कक्ष तथा शाही उद्यान देखे.,1,3.901,1,,hindi_female_006500.wav,m a h a l a <wb> m a ee q <wb> j a aa k a r a <wb> u s a n a ee <wb> s a bh a ii <wb> k a k a sx a <wb> t a th a aa <wb> sh a aa h a ii <wb> u d a y a aa n a <wb> d a ee kh a ee,C22 C0 C15 C0 C21 C0 <wb> C22 C0 C11 C23 <wb> C17 C0 C1 C19 C0 C29 C0 <wb> C36 C30 C0 C24 C0 C11 <wb> C30 C0 C4 C0 C16 <wb> C19 C0 C19 C0 C31 C0 <wb> C32 C0 C33 C0 C1 <wb> C31 C0 C1 C15 C0 C16 <wb> C36 C7 C0 C38 C0 C1 C24 C0 <wb> C7 C0 C11 C20 C0 C11,train
6501,उसके बाद वह शाही दरबार में गई.,1,2.206,1,,hindi_female_006501.wav,u s a k a ee <wb> b a aa d a <wb> w a h a <wb> sh a aa h a ii <wb> d a r a b a aa r a <wb> m a ee q <wb> g a ii,C36 C30 C0 C19 C0 C11 <wb> C3 C0 C1 C7 C0 <wb> C37 C0 C15 C0 <wb> C31 C0 C1 C15 C0 C16 <wb> C7 C0 C29 C0 C3 C0 C1 C29 C0 <wb> C22 C0 C11 C23 <wb> C13 C0 C16,test
6502,उस समय बादशाह दरबार में बैठे थे.,1,2.345,1,,hindi_female_006502.wav,u s a <wb> s a m a y a <wb> b a aa d a sh a aa h a <wb> d a r a b a aa r a <wb> m a ee q <wb> b a ei txh a ee <wb> th a ee,C36 C30 C0 <wb> C30 C0 C22 C0 C38 C0 <wb> C3 C0 C1 C7 C0 C31 C0 C1 C15 C0 <wb> C7 C0 C29 C0 C3 C0 C1 C29 C0 <wb> C22 C0 C11 C23 <wb> C3 C0 C2 C35 C0 C11 <wb> C33 C0 C11,train
6504,उसके बाद वह भोजन करने चली गई.,1,2.765,0,not_selected_by_random,,,,
6505,"भोजन के बाद बादशाह ने उससे पूछा, बेटी क्या तुम जानती हो कि किस प्रकार बात करनी चाहिए.",1,6.691,0,not_selected_by_random,,,,
6506,और यह जवाब सुनकर बादशाह हैरान हो गए.,1,2.647,1,,hindi_female_006506.wav,ou r a <wb> y a h a <wb> j a w a aa b a <wb> s a u n a k a r a <wb> b a aa d a sh a aa h a <wb> h a ei r a aa n a <wb> h a o <wb> g a ee,C27 C29 C0 <wb> C38 C0 C15 C0 <wb> C17 C0 C37 C0 C1 C3 C0 <wb> C30 C0 C36 C24 C0 C19 C0 C29 C0 <wb> C3 C0 C1 C7 C0 C31 C0 C1 C15 C0 <wb> C15 C0 C2 C29 C0 C1 C24 C0 <wb> C15 C0 C26 <wb> C13 C0 C11,train
6507,उन्हें समझ नहीं आया कि वह क्या बताना चाहती है.,1,2.972,1,,hindi_female_006507.wav,u n a h a ee q <wb> s a m a jh a <wb> n a h a ii q <wb> aa y a aa <wb> k a i <wb> w a h a <wb> k a y a aa <wb> b a t a aa n a aa <wb> c a aa h a t a ii <wb> h a ei,C36 C24 C0 C15 C0 C11 C23 <wb> C30 C0 C22 C0 C18 C0 <wb> C24 C0 C15 C0 C16 C23 <wb> C1 C38 C0 C1 <wb> C19 C0 C16 <wb> C37 C0 C15 C0 <wb> C19 C0 C38 C0 C1 <wb> C3 C0 C32 C0 C1 C24 C0 C1 <wb> C5 C0 C1 C15 C0 C32 C0 C16 <wb> C15 C0 C2,val
6508,"इसलिए उन्होंने उससे पूछा, तुम क्या कहना चाहती हो बेटी.",1,3.529,1,,hindi_female_006508.wav,i s a l a i ee <wb> u n a h a o q n a ee <wb> u s a s a ee <wb> p a uu ch a aa <wb> t a u m a <wb> k a y a aa <wb> k a h a n a aa <wb> c a aa h a t a ii <wb> h a o <wb> b a ee tx a ii,C16 C30 C0 C21 C0 C16 C11 <wb> C36 C24 C0 C15 C0 C26 C23 C24 C0 C11 <wb> C36 C30 C0 C30 C0 C11 <wb> C28 C0 C36 C6 C0 C1 <wb> C32 C0 C36 C22 C0 <wb> C19 C0 C38 C0 C1 <wb> C19 C0 C15 C0 C24 C0 C1 <wb> C5 C0 C1 C15 C0 C32 C0 C16 <wb> C15 C0 C26 <wb> C3 C0 C11 C34 C0 C16,train
6511,एक साधु तीर्थ यात्रा पर निकले.,1,2.572,0,not_selected_by_random,,,,
6517,साधु ने गाय ले ली और आगे चल पड़े.,1,2.299,1,,hindi_female_006517.wav,s a aa dh a u <wb> n a ee <wb> g a aa y a <wb> l a ee <wb> l a ii <wb> ou r a <wb> aa g a ee <wb> c a l a <wb> p a dxq a ee,C30 C0 C1 C8 C0 C36 <wb> C24 C0 C11 <wb> C13 C0 C1 C38 C0 <wb> C21 C0 C11 <wb> C21 C0 C16 <wb> C27 C29 C0 <wb> C1 C13 C0 C11 <wb> C5 C0 C21 C0 <wb> C28 C0 C9 C0 C11,train
6518,अभी कुछ दूर ही गए होंगे कि एक व्यापारी मिला.,1,3.483,0,not_selected_by_random,,,,
6519,वह भी साधु के साथ-साथ चलने लगा.,1,2.229,1,,hindi_female_006519.wav,w a h a <wb> bh a ii <wb> s a aa dh a u <wb> k a ee <wb> s a aa th a <wb> s a aa th a <wb> c a l a n a ee <wb> l a g a aa,C37 C0 C15 C0 <wb> C4 C0 C16 <wb> C30 C0 C1 C8 C0 C36 <wb> C19 C0 C11 <wb> C30 C0 C1 C33 C0 <wb> C30 C0 C1 C33 C0 <wb> C5 C0 C21 C0 C24 C0 C11 <wb> C21 C0 C13 C0 C1,test
6520,व्यापारी ने साधु को अपना परिचय दिया.,1,2.276,1,,hindi_female_006520.wav,w a y a aa p a aa r a ii <wb> n a ee <wb> s a aa dh a u <wb> k a o <wb> a p a n a aa <wb> p a r a i c a y a <wb> d a i y a aa,C37 C0 C38 C0 C1 C28 C0 C1 C29 C0 C16 <wb> C24 C0 C11 <wb> C30 C0 C1 C8 C0 C36 <wb> C19 C0 C26 <wb> C0 C28 C0 C24 C0 C1 <wb> C28 C0 C29 C0 C16 C5 C0 C38 C0 <wb> C7 C0 C16 C38 C0 C1,train
6521,"फिर उत्सुकतावश पूछ बैठा, यह गाय लेकर आप तीर्थ यात्रा के लिए क्यों निकले है.",1,5.178,1,,hindi_female_006521.wav,ph a i r a <wb> u t a s a u k a t a aa w a sh a <wb> p a uu ch a <wb> b a ei txh a aa <wb> y a h a <wb> g a aa y a <wb> l a ee k a r a <wb> aa p a <wb> t a ii r a th a <wb> y a aa t a r a aa <wb> k a ee <wb> l a i ee <wb> k a y a o q <wb> n a i k a l a ee <wb> h a ei,C12 C0 C16 C29 C0 <wb> C36 C32 C0 C30 C0 C36 C19 C0 C32 C0 C1 C37 C0 C31 C0 <wb> C28 C0 C36 C6 C0 <wb> C3 C0 C2 C35 C0 C1 <wb> C38 C0 C15 C0 <wb> C13 C0 C1 C38 C0 <wb> C21 C0 C11 C19 C0 C29 C0 <wb> C1 C28 C0 <wb> C32 C0 C16 C29 C0 C33 C0 <wb> C38 C0 C1 C32 C0 C29 C0 C1 <wb> C19 C0 C11 <wb> C21 C0 C16 C11 <wb> C19 C0 C38 C0 C26 C23 <wb> C24 C0 C16 C19 C0 C21 C0 C11 <wb> C15 C0 C2,train
6522,साधु ने कहा मैं तो अकेला ही चला था.,1,2.96,0,not_selected_by_random,,,,
6524,व्यापारी ने देखा की गाय बहुत सुन्दर है.,1,2.74,1,,hindi_female_006524.wav,w a y a aa p a aa r a ii <wb> n a ee <wb> d a ee kh a aa <wb> k a ii <wb> g a aa y a <wb> b a h a u t a <wb> s a u n a d a r a <wb> h a ei,C37 C0 C38 C0 C1 C28 C0 C1 C29 C0 C16 <wb> C24 C0 C11 <wb> C7 C0 C11 C20 C0 C1 <wb> C19 C0 C16 <wb> C13 C0 C1 C38 C0 <wb> C3 C0 C15 C0 C36 C32 C0 <wb> C30 C0 C36 C24 C0 C7 C0 C29 C0 <wb> C15 C0 C2,train
6525,अगर किसी तरह इसे मैं खरीद लूँ तो इसके अच्छे दाम मिल जायेंगे.,1,4.321,0,not_selected_by_random,,,,
6528,"पर इतना ज़रूर है की जंगल का मामला है, अगर गाय को खतरा हो गया तो व्यर्थ ही आपको पाप लगेगा.",1,6.534,0,not_selected_by_random,,,,
6533,"वह बोला, सुबह शाम भगवान की पूजा करना ब्राह्मणों को दान देना, सच्चाई और ईमानदारी से रहना तो मेरी भी विशेषता है.",1,8.79,0,not_selected_by_random,,,,
6534,क्या मैं इस गाय को प्राप्त करने योग्य नहीं हूँ.,1,3.117,0,not_selected_by_random,,,,
6535,साधु उस व्यापारी के मन की बात समझ गए.,1,2.786,1,,hindi_female_006535.wav,s a aa dh a u <wb> u s a <wb> w a y a aa p a aa r a ii <wb> k a ee <wb> m a n a <wb> k a ii <wb> b a aa t a <wb> s a m a jh a <wb> g a ee,C30 C0 C1 C8 C0 C36 <wb> C36 C30 C0 <wb> C37 C0 C38 C0 C1 C28 C0 C1 C29 C0 C16 <wb> C19 C0 C11 <wb> C22 C0 C24 C0 <wb> C19 C0 C16 <wb> C3 C0 C1 C32 C0 <wb> C30 C0 C22 C0 C18 C0 <wb> C13 C0 C11,train
6536,"तुम भी इस गाय को प्राप्त करने के अधिकारी बन सकते हो, लेकिन उससे पहले एक काम करना होगा.",1,5.689,1,,hindi_female_006536.wav,t a u m a <wb> bh a ii <wb> i s a <wb> g a aa y a <wb> k a o <wb> p a r a aa p a t a <wb> k a r a n a ee <wb> k a ee <wb> a dh a i k a aa r a ii <wb> b a n a <wb> s a k a t a ee <wb> h a o <wb> l a ee k a i n a <wb> u s a s a ee <wb> p a h a l a ee <wb> ee k a <wb> k a aa m a <wb> k a r a n a aa <wb> h a o g a aa,C32 C0 C36 C22 C0 <wb> C4 C0 C16 <wb> C16 C30 C0 <wb> C13 C0 C1 C38 C0 <wb> C19 C0 C26 <wb> C28 C0 C29 C0 C1 C28 C0 C32 C0 <wb> C19 C0 C29 C0 C24 C0 C11 <wb> C19 C0 C11 <wb> C0 C8 C0 C16 C19 C0 C1 C29 C0 C16 <wb> C3 C0 C24 C0 <wb> C30 C0 C19 C0 C32 C0 C11 <wb> C15 C0 C26 <wb> C21 C0 C11 C19 C0 C16 C24 C0 <wb> C36 C30 C0 C30 C0 C11 <wb> C28 C0 C15 C0 C21 C0 C11 <wb> C11 C19 C0 <wb> C19 C0 C1 C22 C0 <wb> C19 C0 C29 C0 C24 C0 C1 <wb> C15 C0 C26 C13 C0 C1,train
6540,व्यापारी ने सोचा इसमें कौन सी मुश्किल बात है.,1,3.46,0,not_selected_by_random,,,,
6547,इतना सोचते ही उसका एक हाथ मूछों तक पहुँच गया और दूसरे हाथ ने लोटे का संतुलन खो दिया.,1,6.385,1,,hindi_female_006547.wav,i t a n a aa <wb> s a o c a t a ee <wb> h a ii <wb> u s a k a aa <wb> ee k a <wb> h a aa th a <wb> m a uu ch a o q <wb> t a k a <wb> p a h a u mq c a <wb> g a y a aa <wb> ou r a <wb> d a uu s a r a ee <wb> h a aa th a <wb> n a ee <wb> l a o tx a ee <wb> k a aa <wb> s a q t a u l a n a <wb> kh a o <wb> d a i y a aa,C16 C32 C0 C24 C0 C1 <wb> C30 C0 C26 C5 C0 C32 C0 C11 <wb> C15 C0 C16 <wb> C36 C30 C0 C19 C0 C1 <wb> C11 C19 C0 <wb> C15 C0 C1 C33 C0 <wb> C22 C0 C36 C6 C0 C26 C23 <wb> C32 C0 C19 C0 <wb> C28 C0 C15 C0 C36 C23 C5 C0 <wb> C13 C0 C38 C0 C1 <wb> C27 C29 C0 <wb> C7 C0 C36 C30 C0 C29 C0 C11 <wb> C15 C0 C1 C33 C0 <wb> C24 C0 C11 <wb> C21 C0 C26 C34 C0 C11 <wb> C19 C0 C1 <wb> C30 C0 C23 C32 C0 C36 C21 C0 C24 C0 <wb> C20 C0 C26 <wb> C7 C0 C16 C38 C0 C1,val
6552,अब तो इस सीख को प्राप्त करके संतोष करो.,1,2.577,1,,hindi_female_006552.wav,a b a <wb> t a o <wb> i s a <wb> s a ii kh a <wb> k a o <wb> p a r a aa p a t a <wb> k a r a k a ee <wb> s a q t a o sx a <wb> k a r a o,C0 C3 C0 <wb> C32 C0 C26 <wb> C16 C30 C0 <wb> C30 C0 C16 C20 C0 <wb> C19 C0 C26 <wb> C28 C0 C29 C0 C1 C28 C0 C32 C0 <wb> C19 C0 C29 C0 C19 C0 C11 <wb> C30 C0 C23 C32 C0 C26 C31 C0 <wb> C19 C0 C29 C0 C26,train
6555,"दोनों को देखकर लोग यह नहीं समझ पाते थे, कि इनमें कौन सच है और कौन झूठ.",1,5.846,0,not_selected_by_random,,,,
6560,दोनों का बचपन तो खेल कूद में बीत गया.,1,2.276,1,,hindi_female_006560.wav,d a o n a o q <wb> k a aa <wb> b a c a p a n a <wb> t a o <wb> kh a ee l a <wb> k a uu d a <wb> m a ee q <wb> b a ii t a <wb> g a y a aa,C7 C0 C26 C24 C0 C26 C23 <wb> C19 C0 C1 <wb> C3 C0 C5 C0 C28 C0 C24 C0 <wb> C32 C0 C26 <wb> C20 C0 C11 C21 C0 <wb> C19 C0 C36 C7 C0 <wb> C22 C0 C11 C23 <wb> C3 C0 C16 C32 C0 <wb> C13 C0 C38 C0 C1,train
6561,लेकिन किशोर होते ही दोनों अपने-अपने मन की करने लगे.,1,3.646,1,,hindi_female_006561.wav,l a ee k a i n a <wb> k a i sh a o r a <wb> h a o t a ee <wb> h a ii <wb> d a o n a o q <wb> a p a n a ee <wb> a p a n a ee <wb> m a n a <wb> k a ii <wb> k a r a n a ee <wb> l a g a ee,C21 C0 C11 C19 C0 C16 C24 C0 <wb> C19 C0 C16 C31 C0 C26 C29 C0 <wb> C15 C0 C26 C32 C0 C11 <wb> C15 C0 C16 <wb> C7 C0 C26 C24 C0 C26 C23 <wb> C0 C28 C0 C24 C0 C11 <wb> C0 C28 C0 C24 C0 C11 <wb> C22 C0 C24 C0 <wb> C19 C0 C16 <wb> C19 C0 C29 C0 C24 C0 C11 <wb> C21 C0 C13 C0 C11,train
6572,क्या तुम मेरी अंतिम इच्छा पूरी करोगे.,1,2.612,0,not_selected_by_random,,,,
6573,दोनों बेटे आज्ञा मानने के लिए तैयार हो गए.,1,2.554,1,,hindi_female_006573.wav,d a o n a o q <wb> b a ee tx a ee <wb> aa j a nj a aa <wb> m a aa n a n a ee <wb> k a ee <wb> l a i ee <wb> t a ei y a aa r a <wb> h a o <wb> g a ee,C7 C0 C26 C24 C0 C26 C23 <wb> C3 C0 C11 C34 C0 C11 <wb> C1 C17 C0 C24 C0 C1 <wb> C22 C0 C1 C24 C0 C24 C0 C11 <wb> C19 C0 C11 <wb> C21 C0 C16 C11 <wb> C32 C0 C2 C38 C0 C1 C29 C0 <wb> C15 C0 C26 <wb> C13 C0 C11,train
6575,"जब तक मैं तुमसे आने के लिए ना कहूँ, तब तक ऐसे ही रहना.",1,3.808,1,,hindi_female_006575.wav,j a b a <wb> t a k a <wb> m a ei q <wb> t a u m a s a ee <wb> aa n a ee <wb> k a ee <wb> l a i ee <wb> n a aa <wb> k a h a uu mq <wb> t a b a <wb> t a k a <wb> ei s a ee <wb> h a ii <wb> r a h a n a aa,C17 C0 C3 C0 <wb> C32 C0 C19 C0 <wb> C22 C0 C2 C23 <wb> C32 C0 C36 C22 C0 C30 C0 C11 <wb> C1 C24 C0 C11 <wb> C19 C0 C11 <wb> C21 C0 C16 C11 <wb> C24 C0 C1 <wb> C19 C0 C15 C0 C36 C23 <wb> C32 C0 C3 C0 <wb> C32 C0 C19 C0 <wb> C2 C30 C0 C11 <wb> C15 C0 C16 <wb> C29 C0 C15 C0 C24 C0 C1,train
6576,इतना कहकर माँ ने अंतिम साँस ले ली.,1,2.67,1,,hindi_female_006576.wav,i t a n a aa <wb> k a h a k a r a <wb> m a aa mq <wb> n a ee <wb> a q t a i m a <wb> s a aa mq s a <wb> l a ee <wb> l a ii,C16 C32 C0 C24 C0 C1 <wb> C19 C0 C15 C0 C19 C0 C29 C0 <wb> C22 C0 C1 C23 <wb> C24 C0 C11 <wb> C0 C23 C32 C0 C16 C22 C0 <wb> C30 C0 C1 C23 C30 C0 <wb> C21 C0 C11 <wb> C21 C0 C16,train
6579,इसी कारण कई बार सच को भी लोग झूठ और झूठ को सच मान बैठते है.,1,5.619,0,not_selected_by_random,,,,
6583,ये महत्वपूर्ण दर्शनीय स्थल भी हैं.,1,2.299,1,,hindi_female_006583.wav,y a ee <wb> m a h a t a w a p a uu r a nx a <wb> d a r a sh a n a ii y a <wb> s a th a l a <wb> bh a ii <wb> h a ei q,C38 C0 C11 <wb> C22 C0 C15 C0 C32 C0 C37 C0 C28 C0 C36 C29 C0 C25 C0 <wb> C7 C0 C29 C0 C31 C0 C24 C0 C16 C38 C0 <wb> C30 C0 C33 C0 C21 C0 <wb> C4 C0 C16 <wb> C15 C0 C2 C23,train
6598,उस समय यात्रियों की संख्या भी सबसे अधिक होती है.,1,3.579,0,not_selected_by_random,,,,
6618,मंदिर का शिखर समुद्र तल से ऊँचा है.,1,2.624,1,,hindi_female_006618.wav,m a q d a i r a <wb> k a aa <wb> sh a i kh a r a <wb> s a m a u d a r a <wb> t a l a <wb> s a ee <wb> uu mq c a aa <wb> h a ei,C22 C0 C23 C7 C0 C16 C29 C0 <wb> C19 C0 C1 <wb> C31 C0 C16 C20 C0 C29 C0 <wb> C30 C0 C22 C0 C36 C7 C0 C29 C0 <wb> C32 C0 C21 C0 <wb> C30 C0 C11 <wb> C36 C23 C5 C0 C1 <wb> C15 C0 C2,test
6630,"महाराज वह व्यक्ति जो अपनी बुद्धि का प्रयोग मुश्किल चुनौती पूर्ण तथा प्रतिकूल परिस्थितियों में अपना नियन्त्रण खोए बिना करता है, वह ज्ञानी होता है.",1,10.195,0,not_selected_by_random,,,,
6633,उसे पता होता है कि कब किस समस्या का समाधान कैसे करना है.,1,3.785,1,,hindi_female_006633.wav,u s a ee <wb> p a t a aa <wb> h a o t a aa <wb> h a ei <wb> k a i <wb> k a b a <wb> k a i s a <wb> s a m a s a y a aa <wb> k a aa <wb> s a m a aa dh a aa n a <wb> k a ei s a ee <wb> k a r a n a aa <wb> h a ei,C36 C30 C0 C11 <wb> C28 C0 C32 C0 C1 <wb> C15 C0 C26 C32 C0 C1 <wb> C15 C0 C2 <wb> C19 C0 C16 <wb> C19 C0 C3 C0 <wb> C19 C0 C16 C30 C0 <wb> C30 C0 C22 C0 C30 C0 C38 C0 C1 <wb> C19 C0 C1 <wb> C30 C0 C22 C0 C1 C8 C0 C1 C24 C0 <wb> C19 C0 C2 C30 C0 C11 <wb> C19 C0 C29 C0 C24 C0 C1 <wb> C15 C0 C2,val
6640,चारों बेटे और पिता लंबी यात्रा पर जा रहे थे.,1,3.715,0,not_selected_by_random,,,,
6644,बस यही चाहते थे की किसी तरह जल्दी से जल्दी अपने घर पहुँच जायें.,1,4.11,1,,hindi_female_006644.wav,b a s a <wb> y a h a ii <wb> c a aa h a t a ee <wb> th a ee <wb> k a ii <wb> k a i s a ii <wb> t a r a h a <wb> j a l a d a ii <wb> s a ee <wb> j a l a d a ii <wb> a p a n a ee <wb> gh a r a <wb> p a h a u mq c a <wb> j a aa y a ee q,C3 C0 C30 C0 <wb> C38 C0 C15 C0 C16 <wb> C5 C0 C1 C15 C0 C32 C0 C11 <wb> C33 C0 C11 <wb> C19 C0 C16 <wb> C19 C0 C16 C30 C0 C16 <wb> C32 C0 C29 C0 C15 C0 <wb> C17 C0 C21 C0 C7 C0 C16 <wb> C30 C0 C11 <wb> C17 C0 C21 C0 C7 C0 C16 <wb> C0 C28 C0 C24 C0 C11 <wb> C14 C0 C29 C0 <wb> C28 C0 C15 C0 C36 C23 C5 C0 <wb> C17 C0 C1 C38 C0 C11 C23,train
6647,वह व्यापारी किसी मेले में जा रहा था.,1,2.229,1,,hindi_female_006647.wav,w a h a <wb> w a y a aa p a aa r a ii <wb> k a i s a ii <wb> m a ee l a ee <wb> m a ee q <wb> j a aa <wb> r a h a aa <wb> th a aa,C37 C0 C15 C0 <wb> C37 C0 C38 C0 C1 C28 C0 C1 C29 C0 C16 <wb> C19 C0 C16 C30 C0 C16 <wb> C22 C0 C11 C21 C0 C11 <wb> C22 C0 C11 C23 <wb> C17 C0 C1 <wb> C29 C0 C15 C0 C1 <wb> C33 C0 C1,train
6651,पिता की आज्ञा सुनकर बेटा व्यापारी के पास गया.,1,3.352,0,not_selected_by_random,,,,
6662,"वह बोला, आप मेरे पिता समान है, मुझे कुछ खाने को दे.",1,3.646,1,,hindi_female_006662.wav,w a h a <wb> b a o l a aa <wb> aa p a <wb> m a ee r a ee <wb> p a i t a aa <wb> s a m a aa n a <wb> h a ei <wb> m a u jh a ee <wb> k a u ch a <wb> kh a aa n a ee <wb> k a o <wb> d a ee,C37 C0 C15 C0 <wb> C3 C0 C26 C21 C0 C1 <wb> C1 C28 C0 <wb> C22 C0 C11 C29 C0 C11 <wb> C28 C0 C16 C32 C0 C1 <wb> C30 C0 C22 C0 C1 C24 C0 <wb> C15 C0 C2 <wb> C22 C0 C36 C18 C0 C11 <wb> C19 C0 C36 C6 C0 <wb> C20 C0 C1 C24 C0 C11 <wb> C19 C0 C26 <wb> C7 C0 C11,train
6663,व्यापारी ने सोचा कि यह मुझे अपने पिता जैसा आदर दे रहा है.,1,3.831,1,,hindi_female_006663.wav,w a y a aa p a aa r a ii <wb> n a ee <wb> s a o c a aa <wb> k a i <wb> y a h a <wb> m a u jh a ee <wb> a p a n a ee <wb> p a i t a aa <wb> j a ei s a aa <wb> aa d a r a <wb> d a ee <wb> r a h a aa <wb> h a ei,C37 C0 C38 C0 C1 C28 C0 C1 C29 C0 C16 <wb> C24 C0 C11 <wb> C30 C0 C26 C5 C0 C1 <wb> C19 C0 C16 <wb> C38 C0 C15 C0 <wb> C22 C0 C36 C18 C0 C11 <wb> C0 C28 C0 C24 C0 C11 <wb> C28 C0 C16 C32 C0 C1 <wb> C17 C0 C2 C30 C0 C1 <wb> C1 C7 C0 C29 C0 <wb> C7 C0 C11 <wb> C29 C0 C15 C0 C1 <wb> C15 C0 C2,train
6670,"फिर यह मित्र तो मुसीबत में है, इसकी मदद करनी चाहिए.",1,3.181,1,,hindi_female_006670.wav,ph a i r a <wb> y a h a <wb> m a i t a r a <wb> t a o <wb> m a u s a ii b a t a <wb> m a ee q <wb> h a ei <wb> i s a k a ii <wb> m a d a d a <wb> k a r a n a ii <wb> c a aa h a i ee,C12 C0 C16 C29 C0 <wb> C38 C0 C15 C0 <wb> C22 C0 C16 C32 C0 C29 C0 <wb> C32 C0 C26 <wb> C22 C0 C36 C30 C0 C16 C3 C0 C32 C0 <wb> C22 C0 C11 C23 <wb> C15 C0 C2 <wb> C16 C30 C0 C19 C0 C16 <wb> C22 C0 C7 C0 C7 C0 <wb> C19 C0 C29 C0 C24 C0 C16 <wb> C5 C0 C1 C15 C0 C16 C11,train
6673,"पिता ने उन सबसे कहा, अब तुम सब अपनी अपनी माँगी हुई भोजन सामग्री की तुलना करो.",1,5.86,0,not_selected_by_random,,,,
6674,"जिसने जैसा बोला और आचरण किया, उसे वैसा ही मिला.",1,4.011,0,not_selected_by_random,,,,
6682,धीरे धीरे उन्हें महसूस हुआ कि जूते बनाने वाले के भजन सुनते सुनते उनका दर्द कम हो रहा है.,1,6.874,0,not_selected_by_random,,,,
6683,"एक दिन एक शिष्य को भेज कर उन्होंने उसे बुलाया और कहा, भाई तुम तो बहुत अच्छा गाते हो.",1,5.596,1,,hindi_female_006683.wav,ee k a <wb> d a i n a <wb> ee k a <wb> sh a i sx a y a <wb> k a o <wb> bh a ee j a <wb> k a r a <wb> u n a h a o q n a ee <wb> u s a ee <wb> b a u l a aa y a aa <wb> ou r a <wb> k a h a aa <wb> bh a aa ii <wb> t a u m a <wb> t a o <wb> b a h a u t a <wb> a c a ch a aa <wb> g a aa t a ee <wb> h a o,C11 C19 C0 <wb> C7 C0 C16 C24 C0 <wb> C11 C19 C0 <wb> C31 C0 C16 C31 C0 C38 C0 <wb> C19 C0 C26 <wb> C4 C0 C11 C17 C0 <wb> C19 C0 C29 C0 <wb> C36 C24 C0 C15 C0 C26 C23 C24 C0 C11 <wb> C36 C30 C0 C11 <wb> C3 C0 C36 C21 C0 C1 C38 C0 C1 <wb> C27 C29 C0 <wb> C19 C0 C15 C0 C1 <wb> C4 C0 C1 C16 <wb> C32 C0 C36 C22 C0 <wb> C32 C0 C26 <wb> C3 C0 C15 C0 C36 C32 C0 <wb> C0 C5 C0 C6 C0 C1 <wb> C13 C0 C1 C32 C0 C11 <wb> C15 C0 C26,train
6685,लेकिन तुम्हारे भजन सुन कर मैं ठीक होने लगा हूँ.,1,3.207,0,not_selected_by_random,,,,
6686,"फिर उन्होंने उसे सौ रूपये देते हुए कहा, तुम इसी तरह गाते रहना.",1,4.482,0,not_selected_by_random,,,,
6687,रुपये पा कर जूते वाला बहुत खुश हुआ.,1,2.252,1,,hindi_female_006687.wav,r a u p a y a ee <wb> p a aa <wb> k a r a <wb> j a uu t a ee <wb> w a aa l a aa <wb> b a h a u t a <wb> kh a u sh a <wb> h a u aa,C29 C0 C36 C28 C0 C38 C0 C11 <wb> C28 C0 C1 <wb> C19 C0 C29 C0 <wb> C17 C0 C36 C32 C0 C11 <wb> C37 C0 C1 C21 C0 C1 <wb> C3 C0 C15 C0 C36 C32 C0 <wb> C20 C0 C36 C31 C0 <wb> C15 C0 C36 C1,train
6688,लेकिन पैसे पाने के बाद से उसका मन कामकाज से हटने लगा.,1,4.336,0,not_selected_by_random,,,,
6691,काम में लापरवाही के कारण उसके ग्राहक भी उस पर गुस्सा करने लगे.,1,3.947,1,,hindi_female_006691.wav,k a aa m a <wb> m a ee q <wb> l a aa p a r a w a aa h a ii <wb> k a ee <wb> k a aa r a nx a <wb> u s a k a ee <wb> g a r a aa h a k a <wb> bh a ii <wb> u s a <wb> p a r a <wb> g a u s a s a aa <wb> k a r a n a ee <wb> l a g a ee,C19 C0 C1 C22 C0 <wb> C22 C0 C11 C23 <wb> C21 C0 C1 C28 C0 C29 C0 C37 C0 C1 C15 C0 C16 <wb> C19 C0 C11 <wb> C19 C0 C1 C29 C0 C25 C0 <wb> C36 C30 C0 C19 C0 C11 <wb> C13 C0 C29 C0 C1 C15 C0 C19 C0 <wb> C4 C0 C16 <wb> C36 C30 C0 <wb> C28 C0 C29 C0 <wb> C13 C0 C36 C30 C0 C30 C0 C1 <wb> C19 C0 C29 C0 C24 C0 C11 <wb> C21 C0 C13 C0 C11,train
6695,"पंडित जी ने पूछा,क्यों क्या किसी ने कुछ कहा तुमसे.",1,3.367,1,,hindi_female_006695.wav,p a q dx a i t a <wb> j a ii <wb> n a ee <wb> p a uu ch a aa <wb> k a y a o q <wb> k a y a aa <wb> k a i s a ii <wb> n a ee <wb> k a u ch a <wb> k a h a aa <wb> t a u m a s a ee,C28 C0 C23 C9 C0 C16 C32 C0 <wb> C17 C0 C16 <wb> C24 C0 C11 <wb> C28 C0 C36 C6 C0 C1 <wb> C19 C0 C38 C0 C26 C23 <wb> C19 C0 C38 C0 C1 <wb> C19 C0 C16 C30 C0 C16 <wb> C24 C0 C11 <wb> C19 C0 C36 C6 C0 <wb> C19 C0 C15 C0 C1 <wb> C32 C0 C36 C22 C0 C30 C0 C11,train
6697,इसी रूपये ने मेरा जीना हराम कर दिया.,1,2.159,1,,hindi_female_006697.wav,i s a ii <wb> r a uu p a y a ee <wb> n a ee <wb> m a ee r a aa <wb> j a ii n a aa <wb> h a r a aa m a <wb> k a r a <wb> d a i y a aa,C16 C30 C0 C16 <wb> C29 C0 C36 C28 C0 C38 C0 C11 <wb> C24 C0 C11 <wb> C22 C0 C11 C29 C0 C1 <wb> C17 C0 C16 C24 C0 C1 <wb> C15 C0 C29 C0 C1 C22 C0 <wb> C19 C0 C29 C0 <wb> C7 C0 C16 C38 C0 C1,train
6699,"मैं समझ गया कि अपनी मेहनत की कमाई में जो सुख है, वह पराये धन में नहीं है.",1,4.737,1,,hindi_female_006699.wav,m a ei q <wb> s a m a jh a <wb> g a y a aa <wb> k a i <wb> a p a n a ii <wb> m a ee h a n a t a <wb> k a ii <wb> k a m a aa ii <wb> m a ee q <wb> j a o <wb> s a u kh a <wb> h a ei <wb> w a h a <wb> p a r a aa y a ee <wb> dh a n a <wb> m a ee q <wb> n a h a ii q <wb> h a ei,C22 C0 C2 C23 <wb> C30 C0 C22 C0 C18 C0 <wb> C13 C0 C38 C0 C1 <wb> C19 C0 C16 <wb> C0 C28 C0 C24 C0 C16 <wb> C22 C0 C11 C15 C0 C24 C0 C32 C0 <wb> C19 C0 C16 <wb> C19 C0 C22 C0 C1 C16 <wb> C22 C0 C11 C23 <wb> C17 C0 C26 <wb> C30 C0 C36 C20 C0 <wb> C15 C0 C2 <wb> C37 C0 C15 C0 <wb> C28 C0 C29 C0 C1 C38 C0 C11 <wb> C8 C0 C24 C0 <wb> C22 C0 C11 C23 <wb> C24 C0 C15 C0 C16 C23 <wb> C15 C0 C2,train
6701,उसके बाद फिर से सब कुछ ठीक होने लगा.,1,2.857,0,not_selected_by_random,,,,
6702,एक बार काशी नरेश ने मेरठ पर आक्रमण करके उस पर अधिकार कर लिया.,1,4.551,1,,hindi_female_006702.wav,ee k a <wb> b a aa r a <wb> k a aa sh a ii <wb> n a r a ee sh a <wb> n a ee <wb> m a ee r a txh a <wb> p a r a <wb> aa k a r a m a nx a <wb> k a r a k a ee <wb> u s a <wb> p a r a <wb> a dh a i k a aa r a <wb> k a r a <wb> l a i y a aa,C11 C19 C0 <wb> C3 C0 C1 C29 C0 <wb> C19 C0 C1 C31 C0 C16 <wb> C24 C0 C29 C0 C11 C31 C0 <wb> C24 C0 C11 <wb> C22 C0 C11 C29 C0 C35 C0 <wb> C28 C0 C29 C0 <wb> C1 C19 C0 C29 C0 C22 C0 C25 C0 <wb> C19 C0 C29 C0 C19 C0 C11 <wb> C36 C30 C0 <wb> C28 C0 C29 C0 <wb> C0 C8 C0 C16 C19 C0 C1 C29 C0 <wb> C19 C0 C29 C0 <wb> C21 C0 C16 C38 C0 C1,train
6704,मेरठ की प्रजा अपने राजा के जाने से अत्यंत दुखी थी और उन्हें हमेशा याद करती रहती थी.,1,5.666,1,,hindi_female_006704.wav,m a ee r a txh a <wb> k a ii <wb> p a r a j a aa <wb> a p a n a ee <wb> r a aa j a aa <wb> k a ee <wb> j a aa n a ee <wb> s a ee <wb> a t a y a q t a <wb> d a u kh a ii <wb> th a ii <wb> ou r a <wb> u n a h a ee q <wb> h a m a ee sh a aa <wb> y a aa d a <wb> k a r a t a ii <wb> r a h a t a ii <wb> th a ii,C22 C0 C11 C29 C0 C35 C0 <wb> C19 C0 C16 <wb> C28 C0 C29 C0 C17 C0 C1 <wb> C0 C28 C0 C24 C0 C11 <wb> C29 C0 C1 C17 C0 C1 <wb> C19 C0 C11 <wb> C17 C0 C1 C24 C0 C11 <wb> C30 C0 C11 <wb> C0 C32 C0 C38 C0 C23 C32 C0 <wb> C7 C0 C36 C20 C0 C16 <wb> C33 C0 C16 <wb> C27 C29 C0 <wb> C36 C24 C0 C15 C0 C11 C23 <wb> C15 C0 C22 C0 C11 C31 C0 C1 <wb> C38 C0 C1 C7 C0 <wb> C19 C0 C29 C0 C32 C0 C16 <wb> C29 C0 C15 C0 C32 C0 C16 <wb> C33 C0 C16,train
6707,इस घोषणा का प्रजा पर कोई असर नहीं पड़ा.,1,2.415,1,,hindi_female_006707.wav,i s a <wb> gh a o sx a nx a aa <wb> k a aa <wb> p a r a j a aa <wb> p a r a <wb> k a o ii <wb> a s a r a <wb> n a h a ii q <wb> p a dxq a aa,C16 C30 C0 <wb> C14 C0 C26 C31 C0 C25 C0 C1 <wb> C19 C0 C1 <wb> C28 C0 C29 C0 C17 C0 C1 <wb> C28 C0 C29 C0 <wb> C19 C0 C26 C16 <wb> C0 C30 C0 C29 C0 <wb> C24 C0 C15 C0 C16 C23 <wb> C28 C0 C9 C0 C1,train
6710,"राजा ने उसका परिचय पूछा, तो बोला मैं बहुत बड़ा व्यापारी था.",1,3.947,1,,hindi_female_006710.wav,r a aa j a aa <wb> n a ee <wb> u s a k a aa <wb> p a r a i c a y a <wb> p a uu ch a aa <wb> t a o <wb> b a o l a aa <wb> m a ei q <wb> b a h a u t a <wb> b a dxq a aa <wb> w a y a aa p a aa r a ii <wb> th a aa,C29 C0 C1 C17 C0 C1 <wb> C24 C0 C11 <wb> C36 C30 C0 C19 C0 C1 <wb> C28 C0 C29 C0 C16 C5 C0 C38 C0 <wb> C28 C0 C36 C6 C0 C1 <wb> C32 C0 C26 <wb> C3 C0 C26 C21 C0 C1 <wb> C22 C0 C2 C23 <wb> C3 C0 C15 C0 C36 C32 C0 <wb> C3 C0 C9 C0 C1 <wb> C37 C0 C38 C0 C1 C28 C0 C1 C29 C0 C16 <wb> C33 C0 C1,train
6713,अब मैं मेरठ के राजा के पास मदद माँगने जा रहा हूँ.,1,3.597,0,not_selected_by_random,,,,
6715,"उन्हें काशी नरेश कि घोषणा का पता चल गया था, इसलिए उन्होंने इस व्यक्ति की सहायता की एक योजना बनाई.",1,6.641,1,,hindi_female_006715.wav,u n a h a ee q <wb> k a aa sh a ii <wb> n a r a ee sh a <wb> k a i <wb> gh a o sx a nx a aa <wb> k a aa <wb> p a t a aa <wb> c a l a <wb> g a y a aa <wb> th a aa <wb> i s a l a i ee <wb> u n a h a o q n a ee <wb> i s a <wb> w a y a k a t a i <wb> k a ii <wb> s a h a aa y a t a aa <wb> k a ii <wb> ee k a <wb> y a o j a n a aa <wb> b a n a aa ii,C36 C24 C0 C15 C0 C11 C23 <wb> C19 C0 C1 C31 C0 C16 <wb> C24 C0 C29 C0 C11 C31 C0 <wb> C19 C0 C16 <wb> C14 C0 C26 C31 C0 C25 C0 C1 <wb> C19 C0 C1 <wb> C28 C0 C32 C0 C1 <wb> C5 C0 C21 C0 <wb> C13 C0 C38 C0 C1 <wb> C33 C0 C1 <wb> C16 C30 C0 C21 C0 C16 C11 <wb> C36 C24 C0 C15 C0 C26 C23 C24 C0 C11 <wb> C16 C30 C0 <wb> C37 C0 C38 C0 C19 C0 C32 C0 C16 <wb> C19 C0 C16 <wb> C30 C0 C15 C0 C1 C38 C0 C32 C0 C1 <wb> C19 C0 C16 <wb> C11 C19 C0 <wb> C38 C0 C26 C17 C0 C24 C0 C1 <wb> C3 C0 C24 C0 C1 C16,train
6716,"वह उसे लेकर मेरठ पहुँचे और वहाँ काशी नरेश से बोले, मैं मेरठ का राजा तुम्हारे सामने हूँ.",1,6.177,1,,hindi_female_006716.wav,w a h a <wb> u s a ee <wb> l a ee k a r a <wb> m a ee r a txh a <wb> p a h a u mq c a ee <wb> ou r a <wb> w a h a aa mq <wb> k a aa sh a ii <wb> n a r a ee sh a <wb> s a ee <wb> b a o l a ee <wb> m a ei q <wb> m a ee r a txh a <wb> k a aa <wb> r a aa j a aa <wb> t a u m a h a aa r a ee <wb> s a aa m a n a ee <wb> h a uu mq,C37 C0 C15 C0 <wb> C36 C30 C0 C11 <wb> C21 C0 C11 C19 C0 C29 C0 <wb> C22 C0 C11 C29 C0 C35 C0 <wb> C28 C0 C15 C0 C36 C23 C5 C0 C11 <wb> C27 C29 C0 <wb> C37 C0 C15 C0 C1 C23 <wb> C19 C0 C1 C31 C0 C16 <wb> C24 C0 C29 C0 C11 C31 C0 <wb> C30 C0 C11 <wb> C3 C0 C26 C21 C0 C11 <wb> C22 C0 C2 C23 <wb> C22 C0 C11 C29 C0 C35 C0 <wb> C19 C0 C1 <wb> C29 C0 C1 C17 C0 C1 <wb> C32 C0 C36 C22 C0 C15 C0 C1 C29 C0 C11 <wb> C30 C0 C1 C22 C0 C24 C0 C11 <wb> C15 C0 C36 C23,train
6720,यह कहकर उन्होंने मेरठ के राजा का हाथ पकड़कर उन्हें सिंहासन पर बिठा दिया और वहाँ से चले गए.,1,6.339,1,,hindi_female_006720.wav,y a h a <wb> k a h a k a r a <wb> u n a h a o q n a ee <wb> m a ee r a txh a <wb> k a ee <wb> r a aa j a aa <wb> k a aa <wb> h a aa th a <wb> p a k a dxq a k a r a <wb> u n a h a ee q <wb> s a i q h a aa s a n a <wb> p a r a <wb> b a i txh a aa <wb> d a i y a aa <wb> ou r a <wb> w a h a aa mq <wb> s a ee <wb> c a l a ee <wb> g a ee,C38 C0 C15 C0 <wb> C19 C0 C15 C0 C19 C0 C29 C0 <wb> C36 C24 C0 C15 C0 C26 C23 C24 C0 C11 <wb> C22 C0 C11 C29 C0 C35 C0 <wb> C19 C0 C11 <wb> C29 C0 C1 C17 C0 C1 <wb> C19 C0 C1 <wb> C15 C0 C1 C33 C0 <wb> C28 C0 C19 C0 C9 C0 C19 C0 C29 C0 <wb> C36 C24 C0 C15 C0 C11 C23 <wb> C30 C0 C16 C23 C15 C0 C1 C30 C0 C24 C0 <wb> C28 C0 C29 C0 <wb> C3 C0 C16 C35 C0 C1 <wb> C7 C0 C16 C38 C0 C1 <wb> C27 C29 C0 <wb> C37 C0 C15 C0 C1 C23 <wb> C30 C0 C11 <wb> C5 C0 C21 C0 C11 <wb> C13 C0 C11,train
6728,उनका बेटा उनके लिए फल आदि ले आता था.,1,3.236,0,not_selected_by_random,,,,
6730,वह तोता अपने माता पिता की सेवा में कोई कमी नहीं रखता था.,1,4.246,0,not_selected_by_random,,,,
6734,उसके साथियों ने समझाया कि समुद्र बहुत विशाल है.,1,3.181,1,,hindi_female_006734.wav,u s a k a ee <wb> s a aa th a i y a o q <wb> n a ee <wb> s a m a jh a aa y a aa <wb> k a i <wb> s a m a u d a r a <wb> b a h a u t a <wb> w a i sh a aa l a <wb> h a ei,C36 C30 C0 C19 C0 C11 <wb> C30 C0 C1 C33 C0 C16 C38 C0 C26 C23 <wb> C24 C0 C11 <wb> C30 C0 C22 C0 C18 C0 C1 C38 C0 C1 <wb> C19 C0 C16 <wb> C30 C0 C22 C0 C36 C7 C0 C29 C0 <wb> C3 C0 C15 C0 C36 C32 C0 <wb> C37 C0 C16 C31 C0 C1 C21 C0 <wb> C15 C0 C2,train
6739,उनमें बड़े बड़े रसीले और मीठे आम लगे हुए थे.,1,2.902,1,,hindi_female_006739.wav,u n a m a ee q <wb> b a dxq a ee <wb> b a dxq a ee <wb> r a s a ii l a ee <wb> ou r a <wb> m a ii txh a ee <wb> aa m a <wb> l a g a ee <wb> h a u ee <wb> th a ee,C36 C24 C0 C22 C0 C11 C23 <wb> C3 C0 C9 C0 C11 <wb> C3 C0 C9 C0 C11 <wb> C29 C0 C30 C0 C16 C21 C0 C11 <wb> C27 C29 C0 <wb> C22 C0 C16 C35 C0 C11 <wb> C1 C22 C0 <wb> C21 C0 C13 C0 C11 <wb> C15 C0 C36 C11 <wb> C33 C0 C11,train
6744,लेकिन वह स्थल हमारी सीमा से बाहर है.,1,2.322,1,,hindi_female_006744.wav,l a ee k a i n a <wb> w a h a <wb> s a th a l a <wb> h a m a aa r a ii <wb> s a ii m a aa <wb> s a ee <wb> b a aa h a r a <wb> h a ei,C21 C0 C11 C19 C0 C16 C24 C0 <wb> C37 C0 C15 C0 <wb> C30 C0 C33 C0 C21 C0 <wb> C15 C0 C22 C0 C1 C29 C0 C16 <wb> C30 C0 C16 C22 C0 C1 <wb> C30 C0 C11 <wb> C3 C0 C1 C15 C0 C29 C0 <wb> C15 C0 C2,train
6746,किंतु वह तोता भला कहाँ मानने वाला था.,1,2.876,0,not_selected_by_random,,,,
6749,एक दिन उसने आवश्यकता से अधिक फल खा लिये.,1,2.438,1,,hindi_female_006749.wav,ee k a <wb> d a i n a <wb> u s a n a ee <wb> aa w a sh a y a k a t a aa <wb> s a ee <wb> a dh a i k a <wb> ph a l a <wb> kh a aa <wb> l a i y a ee,C11 C19 C0 <wb> C7 C0 C16 C24 C0 <wb> C36 C30 C0 C24 C0 C11 <wb> C1 C37 C0 C31 C0 C38 C0 C19 C0 C32 C0 C1 <wb> C30 C0 C11 <wb> C0 C8 C0 C16 C19 C0 <wb> C12 C0 C21 C0 <wb> C20 C0 C1 <wb> C21 C0 C16 C38 C0 C11,val
6751,यात्रा लम्बी थी और बोझ अधिक था.,1,2.601,1,,hindi_female_006751.wav,y a aa t a r a aa <wb> l a m a b a ii <wb> th a ii <wb> ou r a <wb> b a o jh a <wb> a dh a i k a <wb> th a aa,C38 C0 C1 C32 C0 C29 C0 C1 <wb> C21 C0 C22 C0 C3 C0 C16 <wb> C33 C0 C16 <wb> C27 C29 C0 <wb> C3 C0 C26 C18 C0 <wb> C0 C8 C0 C16 C19 C0 <wb> C33 C0 C1,train
6755,समुद्र पार से उसके साथियों ने उसे इस तरह उड़ते देखा तो परेशान होने लगे.,1,4.969,1,,hindi_female_006755.wav,s a m a u d a r a <wb> p a aa r a <wb> s a ee <wb> u s a k a ee <wb> s a aa th a i y a o q <wb> n a ee <wb> u s a ee <wb> i s a <wb> t a r a h a <wb> u dxq a t a ee <wb> d a ee kh a aa <wb> t a o <wb> p a r a ee sh a aa n a <wb> h a o n a ee <wb> l a g a ee,C30 C0 C22 C0 C36 C7 C0 C29 C0 <wb> C28 C0 C1 C29 C0 <wb> C30 C0 C11 <wb> C36 C30 C0 C19 C0 C11 <wb> C30 C0 C1 C33 C0 C16 C38 C0 C26 C23 <wb> C24 C0 C11 <wb> C36 C30 C0 C11 <wb> C16 C30 C0 <wb> C32 C0 C29 C0 C15 C0 <wb> C36 C9 C0 C32 C0 C11 <wb> C7 C0 C11 C20 C0 C1 <wb> C32 C0 C26 <wb> C28 C0 C29 C0 C11 C31 C0 C1 C24 C0 <wb> C15 C0 C26 C24 C0 C11 <wb> C21 C0 C13 C0 C11,train
6756,"पर करते भी क्या, आखिर वह तोता चक्कर खाकर समुद्र में गिरा और डूब गया.",1,5.197,0,not_selected_by_random,,,,
6759,एक बार बादशाह अकबर कि सबसे प्रिय पत्नी ने बादशाह से मिलने के लिए अपना संदेश भेजा.,1,5.619,1,,hindi_female_006759.wav,ee k a <wb> b a aa r a <wb> b a aa d a sh a aa h a <wb> a k a b a r a <wb> k a i <wb> s a b a s a ee <wb> p a r a i y a <wb> p a t a n a ii <wb> n a ee <wb> b a aa d a sh a aa h a <wb> s a ee <wb> m a i l a n a ee <wb> k a ee <wb> l a i ee <wb> a p a n a aa <wb> s a q d a ee sh a <wb> bh a ee j a aa,C11 C19 C0 <wb> C3 C0 C1 C29 C0 <wb> C3 C0 C1 C7 C0 C31 C0 C1 C15 C0 <wb> C0 C19 C0 C3 C0 C29 C0 <wb> C19 C0 C16 <wb> C30 C0 C3 C0 C30 C0 C11 <wb> C28 C0 C29 C0 C16 C38 C0 <wb> C28 C0 C32 C0 C24 C0 C16 <wb> C24 C0 C11 <wb> C3 C0 C1 C7 C0 C31 C0 C1 C15 C0 <wb> C30 C0 C11 <wb> C22 C0 C16 C21 C0 C24 C0 C11 <wb> C19 C0 C11 <wb> C21 C0 C16 C11 <wb> C0 C28 C0 C24 C0 C1 <wb> C30 C0 C23 C7 C0 C11 C31 C0 <wb> C4 C0 C11 C17 C0 C1,train
6761,इसलिये वह संदेश लेकर दरबार में ही पहुँच गया.,1,2.694,1,,hindi_female_006761.wav,i s a l a i y a ee <wb> w a h a <wb> s a q d a ee sh a <wb> l a ee k a r a <wb> d a r a b a aa r a <wb> m a ee q <wb> h a ii <wb> p a h a u mq c a <wb> g a y a aa,C16 C30 C0 C21 C0 C16 C38 C0 C11 <wb> C37 C0 C15 C0 <wb> C30 C0 C23 C7 C0 C11 C31 C0 <wb> C21 C0 C11 C19 C0 C29 C0 <wb> C7 C0 C29 C0 C3 C0 C1 C29 C0 <wb> C22 C0 C11 C23 <wb> C15 C0 C16 <wb> C28 C0 C15 C0 C36 C23 C5 C0 <wb> C13 C0 C38 C0 C1,train
6762,बादशाह ने सोचा कि मैं कार्य समाप्त करके ही जाऊँगा.,1,3.111,1,,hindi_female_006762.wav,b a aa d a sh a aa h a <wb> n a ee <wb> s a o c a aa <wb> k a i <wb> m a ei q <wb> k a aa r a y a <wb> s a m a aa p a t a <wb> k a r a k a ee <wb> h a ii <wb> j a aa uu mq g a aa,C3 C0 C1 C7 C0 C31 C0 C1 C15 C0 <wb> C24 C0 C11 <wb> C30 C0 C26 C5 C0 C1 <wb> C19 C0 C16 <wb> C22 C0 C2 C23 <wb> C19 C0 C1 C29 C0 C38 C0 <wb> C30 C0 C22 C0 C1 C28 C0 C32 C0 <wb> C19 C0 C29 C0 C19 C0 C11 <wb> C15 C0 C16 <wb> C17 C0 C1 C36 C23 C13 C0 C1,train
6764,बादशाह अपनी पत्नी से बहुत प्रेम करते थे.,1,2.916,0,not_selected_by_random,,,,
6765,इसलिये वह तुरंत कार्य छोड़ कर चलने लगे.,1,2.853,0,not_selected_by_random,,,,
6767,उसे इस प्रकार मुस्कुराता देख बादशाह क्रोधित हो गए.,1,3.652,0,not_selected_by_random,,,,
6768,मुझ पर इस प्रकार हँसने की तुम्हारी हिम्मत कैसे हुई.,1,2.902,1,,hindi_female_006768.wav,m a u jh a <wb> p a r a <wb> i s a <wb> p a r a k a aa r a <wb> h a mq s a n a ee <wb> k a ii <wb> t a u m a h a aa r a ii <wb> h a i m a m a t a <wb> k a ei s a ee <wb> h a u ii,C22 C0 C36 C18 C0 <wb> C28 C0 C29 C0 <wb> C16 C30 C0 <wb> C28 C0 C29 C0 C19 C0 C1 C29 C0 <wb> C15 C0 C23 C30 C0 C24 C0 C11 <wb> C19 C0 C16 <wb> C32 C0 C36 C22 C0 C15 C0 C1 C29 C0 C16 <wb> C15 C0 C16 C22 C0 C22 C0 C32 C0 <wb> C19 C0 C2 C30 C0 C11 <wb> C15 C0 C36 C16,train
6769,तुम्हे तुम्हारे इस व्यवहार के लिए दंड दिया जायेगा.,1,3.317,0,not_selected_by_random,,,,
6775,बादशाह अकबर भी चिंतित हो उठे.,1,2.09,1,,hindi_female_006775.wav,b a aa d a sh a aa h a <wb> a k a b a r a <wb> bh a ii <wb> c a i q t a i t a <wb> h a o <wb> u txh a ee,C3 C0 C1 C7 C0 C31 C0 C1 C15 C0 <wb> C0 C19 C0 C3 C0 C29 C0 <wb> C4 C0 C16 <wb> C5 C0 C16 C23 C32 C0 C16 C32 C0 <wb> C15 C0 C26 <wb> C36 C35 C0 C11,train
6779,एक शाम बादशाह अकबर महल की खिड़की से बाहर देख रहे थे.,1,3.924,1,,hindi_female_006779.wav,ee k a <wb> sh a aa m a <wb> b a aa d a sh a aa h a <wb> a k a b a r a <wb> m a h a l a <wb> k a ii <wb> kh a i dxq a k a ii <wb> s a ee <wb> b a aa h a r a <wb> d a ee kh a <wb> r a h a ee <wb> th a ee,C11 C19 C0 <wb> C31 C0 C1 C22 C0 <wb> C3 C0 C1 C7 C0 C31 C0 C1 C15 C0 <wb> C0 C19 C0 C3 C0 C29 C0 <wb> C22 C0 C15 C0 C21 C0 <wb> C19 C0 C16 <wb> C20 C0 C16 C9 C0 C19 C0 C16 <wb> C30 C0 C11 <wb> C3 C0 C1 C15 C0 C29 C0 <wb> C7 C0 C11 C20 C0 <wb> C29 C0 C15 C0 C11 <wb> C33 C0 C11,train
6782,मैं तो आपके आदेश का पालन कर रहा हूँ महाराज.,1,3.141,0,not_selected_by_random,,,,
6784,मेरे पास अन्य कोई विकल्प नहीं था.,1,2.136,1,,hindi_female_006784.wav,m a ee r a ee <wb> p a aa s a <wb> a n a y a <wb> k a o ii <wb> w a i k a l a p a <wb> n a h a ii q <wb> th a aa,C22 C0 C11 C29 C0 C11 <wb> C28 C0 C1 C30 C0 <wb> C0 C24 C0 C38 C0 <wb> C19 C0 C26 C16 <wb> C37 C0 C16 C19 C0 C21 C0 C28 C0 <wb> C24 C0 C15 C0 C16 C23 <wb> C33 C0 C1,train
6785,मैं दूसरे देश में गया और वहाँ से कुछ मिट्टी लेकर आया हूँ.,1,3.437,1,,hindi_female_006785.wav,m a ei q <wb> d a uu s a r a ee <wb> d a ee sh a <wb> m a ee q <wb> g a y a aa <wb> ou r a <wb> w a h a aa mq <wb> s a ee <wb> k a u ch a <wb> m a i tx a tx a ii <wb> l a ee k a r a <wb> aa y a aa <wb> h a uu mq,C22 C0 C2 C23 <wb> C7 C0 C36 C30 C0 C29 C0 C11 <wb> C7 C0 C11 C31 C0 <wb> C22 C0 C11 C23 <wb> C13 C0 C38 C0 C1 <wb> C27 C29 C0 <wb> C37 C0 C15 C0 C1 C23 <wb> C30 C0 C11 <wb> C19 C0 C36 C6 C0 <wb> C22 C0 C16 C34 C0 C34 C0 C16 <wb> C21 C0 C11 C19 C0 C29 C0 <wb> C1 C38 C0 C1 <wb> C15 C0 C36 C23,train
6786,इस रथ में मैने वही मिट्टी फैला रखी है.,1,2.995,0,not_selected_by_random,,,,
6790,वर्ष में गर्मी के दिनों की शुरुआत थी.,1,2.673,0,not_selected_by_random,,,,
6799,"सभी इन्सान ईश्वर या खुदा की ही संतान है, अत: किसी पर अत्याचार मत करो.",1,5.224,1,,hindi_female_006799.wav,s a bh a ii <wb> i n a s a aa n a <wb> ii sh a w a r a <wb> y a aa <wb> kh a u d a aa <wb> k a ii <wb> h a ii <wb> s a q t a aa n a <wb> h a ei <wb> a t a <wb> k a i s a ii <wb> p a r a <wb> a t a y a aa c a aa r a <wb> m a t a <wb> k a r a o,C30 C0 C4 C0 C16 <wb> C16 C24 C0 C30 C0 C1 C24 C0 <wb> C16 C31 C0 C37 C0 C29 C0 <wb> C38 C0 C1 <wb> C20 C0 C36 C7 C0 C1 <wb> C19 C0 C16 <wb> C15 C0 C16 <wb> C30 C0 C23 C32 C0 C1 C24 C0 <wb> C15 C0 C2 <wb> C0 C32 C0 <wb> C19 C0 C16 C30 C0 C16 <wb> C28 C0 C29 C0 <wb> C0 C32 C0 C38 C0 C1 C5 C0 C1 C29 C0 <wb> C22 C0 C32 C0 <wb> C19 C0 C29 C0 C26,train
6807,अपनी इस क्षमता का उपयोग वे प्राय इस तरह करते थे.,1,3.951,0,not_selected_by_random,,,,
6808,बिना किसी झगड़े या विवाद के ही विरोधी उनकी बात का लोहा मान लेते थे.,1,4.574,1,,hindi_female_006808.wav,b a i n a aa <wb> k a i s a ii <wb> jh a g a dxq a ee <wb> y a aa <wb> w a i w a aa d a <wb> k a ee <wb> h a ii <wb> w a i r a o dh a ii <wb> u n a k a ii <wb> b a aa t a <wb> k a aa <wb> l a o h a aa <wb> m a aa n a <wb> l a ee t a ee <wb> th a ee,C3 C0 C16 C24 C0 C1 <wb> C19 C0 C16 C30 C0 C16 <wb> C18 C0 C13 C0 C9 C0 C11 <wb> C38 C0 C1 <wb> C37 C0 C16 C37 C0 C1 C7 C0 <wb> C19 C0 C11 <wb> C15 C0 C16 <wb> C37 C0 C16 C29 C0 C26 C8 C0 C16 <wb> C36 C24 C0 C19 C0 C16 <wb> C3 C0 C1 C32 C0 <wb> C19 C0 C1 <wb> C21 C0 C26 C15 C0 C1 <wb> C22 C0 C1 C24 C0 <wb> C21 C0 C11 C32 C0 C11 <wb> C33 C0 C11,train
6813,इस तरह के कई प्रसंग है जब गुरु नानक ने बड़ी मासूमियत से ऐसी बात कह दी.,1,4.807,1,,hindi_female_006813.wav,i s a <wb> t a r a h a <wb> k a ee <wb> k a ii <wb> p a r a s a q g a <wb> h a ei <wb> j a b a <wb> g a u r a u <wb> n a aa n a k a <wb> n a ee <wb> b a dxq a ii <wb> m a aa s a uu m a i y a t a <wb> s a ee <wb> ei s a ii <wb> b a aa t a <wb> k a h a <wb> d a ii,C16 C30 C0 <wb> C32 C0 C29 C0 C15 C0 <wb> C19 C0 C11 <wb> C19 C0 C16 <wb> C28 C0 C29 C0 C30 C0 C23 C13 C0 <wb> C15 C0 C2 <wb> C17 C0 C3 C0 <wb> C13 C0 C36 C29 C0 C36 <wb> C24 C0 C1 C24 C0 C19 C0 <wb> C24 C0 C11 <wb> C3 C0 C9 C0 C16 <wb> C22 C0 C1 C30 C0 C36 C22 C0 C16 C38 C0 C32 C0 <wb> C30 C0 C11 <wb> C2 C30 C0 C16 <wb> C3 C0 C1 C32 C0 <wb> C19 C0 C15 C0 <wb> C7 C0 C16,train
6815,उन्होंने कभी भी अपनी क्षमता का उपयोग अपने किसी विरोधी को नीचा दिखाने के लिए नहीं किया.,1,5.958,0,not_selected_by_random,,,,
6816,यह तो उनके इस जीवन भर चलने वाले अभियान का एक हिस्सा था.,1,3.553,1,,hindi_female_006816.wav,y a h a <wb> t a o <wb> u n a k a ee <wb> i s a <wb> j a ii w a n a <wb> bh a r a <wb> c a l a n a ee <wb> w a aa l a ee <wb> a bh a i y a aa n a <wb> k a aa <wb> ee k a <wb> h a i s a s a aa <wb> th a aa,C38 C0 C15 C0 <wb> C32 C0 C26 <wb> C36 C24 C0 C19 C0 C11 <wb> C16 C30 C0 <wb> C17 C0 C16 C37 C0 C24 C0 <wb> C4 C0 C29 C0 <wb> C5 C0 C21 C0 C24 C0 C11 <wb> C37 C0 C1 C21 C0 C11 <wb> C0 C4 C0 C16 C38 C0 C1 C24 C0 <wb> C19 C0 C1 <wb> C11 C19 C0 <wb> C15 C0 C16 C30 C0 C30 C0 C1 <wb> C33 C0 C1,train
6818,मनुष्य पवित्र जीवन और सच्ची भक्ति वाले वास्तविक धर्म को पहचान सके.,1,5.046,0,not_selected_by_random,,,,
6821,सच्चा धर्म उतना ही सरल है जितना वह गहरा है.,1,3.344,1,,hindi_female_006821.wav,s a c a c a aa <wb> dh a r a m a <wb> u t a n a aa <wb> h a ii <wb> s a r a l a <wb> h a ei <wb> j a i t a n a aa <wb> w a h a <wb> g a h a r a aa <wb> h a ei,C30 C0 C5 C0 C5 C0 C1 <wb> C8 C0 C29 C0 C22 C0 <wb> C36 C32 C0 C24 C0 C1 <wb> C15 C0 C16 <wb> C30 C0 C29 C0 C21 C0 <wb> C15 C0 C2 <wb> C17 C0 C16 C32 C0 C24 C0 C1 <wb> C37 C0 C15 C0 <wb> C13 C0 C15 C0 C29 C0 C1 <wb> C15 C0 C2,train
6826,"ख़बर के मुताबिक़, मंत्री जी का एक कर्मचारी राजधानी रायपुर के एक मेडिकल स्टोर में पहुंचा.",1,5.809,0,not_selected_by_random,,,,
6829,"हालत ये हुई, कि मंत्री जी को बैठक छोड़कर घर लौटना पड़ा.",1,3.622,1,,hindi_female_006829.wav,h a aa l a t a <wb> y a ee <wb> h a u ii <wb> k a i <wb> m a q t a r a ii <wb> j a ii <wb> k a o <wb> b a ei txh a k a <wb> ch a o dxq a k a r a <wb> gh a r a <wb> l a ou tx a n a aa <wb> p a dxq a aa,C15 C0 C1 C21 C0 C32 C0 <wb> C38 C0 C11 <wb> C15 C0 C36 C16 <wb> C19 C0 C16 <wb> C22 C0 C23 C32 C0 C29 C0 C16 <wb> C17 C0 C16 <wb> C19 C0 C26 <wb> C3 C0 C2 C35 C0 C19 C0 <wb> C6 C0 C26 C9 C0 C19 C0 C29 C0 <wb> C14 C0 C29 C0 <wb> C21 C0 C27 C34 C0 C24 C0 C1 <wb> C28 C0 C9 C0 C1,train
6830,"डॉक्टरों को बुलाया गया तो पता चला, कि मेडिकल स्टोर के दुकानदार ने, ग़लत दवा दे दी है.",1,5.178,1,,hindi_female_006830.wav,dx a k a tx a r a o q <wb> k a o <wb> b a u l a aa y a aa <wb> g a y a aa <wb> t a o <wb> p a t a aa <wb> c a l a aa <wb> k a i <wb> m a ee dx a i k a l a <wb> s a tx a o r a <wb> k a ee <wb> d a u k a aa n a d a aa r a <wb> n a ee <wb> gq a l a t a <wb> d a w a aa <wb> d a ee <wb> d a ii <wb> h a ei,C9 C0 C19 C0 C34 C0 C29 C0 C26 C23 <wb> C19 C0 C26 <wb> C3 C0 C36 C21 C0 C1 C38 C0 C1 <wb> C13 C0 C38 C0 C1 <wb> C32 C0 C26 <wb> C28 C0 C32 C0 C1 <wb> C5 C0 C21 C0 C1 <wb> C19 C0 C16 <wb> C22 C0 C11 C9 C0 C16 C19 C0 C21 C0 <wb> C30 C0 C34 C0 C26 C29 C0 <wb> C19 C0 C11 <wb> C7 C0 C36 C19 C0 C1 C24 C0 C7 C0 C1 C29 C0 <wb> C24 C0 C11 <wb> C13 C0 C21 C0 C32 C0 <wb> C7 C0 C37 C0 C1 <wb> C7 C0 C11 <wb> C7 C0 C16 <wb> C15 C0 C2,train
6837,हमने इस बारे में मंत्री अमर अग्रवाल से भी संपर्क करने की कोशिश की.,1,4.412,1,,hindi_female_006837.wav,h a m a n a ee <wb> i s a <wb> b a aa r a ee <wb> m a ee q <wb> m a q t a r a ii <wb> a m a r a <wb> a g a r a w a aa l a <wb> s a ee <wb> bh a ii <wb> s a q p a r a k a <wb> k a r a n a ee <wb> k a ii <wb> k a o sh a i sh a <wb> k a ii,C15 C0 C22 C0 C24 C0 C11 <wb> C16 C30 C0 <wb> C3 C0 C1 C29 C0 C11 <wb> C22 C0 C11 C23 <wb> C22 C0 C23 C32 C0 C29 C0 C16 <wb> C0 C22 C0 C29 C0 <wb> C0 C13 C0 C29 C0 C37 C0 C1 C21 C0 <wb> C30 C0 C11 <wb> C4 C0 C16 <wb> C30 C0 C23 C28 C0 C29 C0 C19 C0 <wb> C19 C0 C29 C0 C24 C0 C11 <wb> C19 C0 C16 <wb> C19 C0 C26 C31 C0 C16 C31 C0 <wb> C19 C0 C16,train
6838,"लेकिन उनका पक्ष, हमें नहीं मिल पाया.",1,2.159,1,,hindi_female_006838.wav,l a ee k a i n a <wb> u n a k a aa <wb> p a k a sx a <wb> h a m a ee q <wb> n a h a ii q <wb> m a i l a <wb> p a aa y a aa,C21 C0 C11 C19 C0 C16 C24 C0 <wb> C36 C24 C0 C19 C0 C1 <wb> C28 C0 C19 C0 C31 C0 <wb> C15 C0 C22 C0 C11 C23 <wb> C24 C0 C15 C0 C16 C23 <wb> C22 C0 C16 C21 C0 <wb> C28 C0 C1 C38 C0 C1,train
6847,"इस वर्ष, सरकार ने परीक्षा के दौरान कराई जाने वाली नक़ल पर अंकुश लगाने के लिए, जुर्माना, और जेल की सज़ा की घोषणा की थी.",1,8.104,1,,hindi_female_006847.wav,i s a <wb> w a r a sx a <wb> s a r a k a aa r a <wb> n a ee <wb> p a r a ii k a sx a aa <wb> k a ee <wb> d a ou r a aa n a <wb> k a r a aa ii <wb> j a aa n a ee <wb> w a aa l a ii <wb> n a kq a l a <wb> p a r a <wb> a q k a u sh a <wb> l a g a aa n a ee <wb> k a ee <wb> l a i ee <wb> j a u r a m a aa n a aa <wb> ou r a <wb> j a ee l a <wb> k a ii <wb> s a z a aa <wb> k a ii <wb> gh a o sx a nx a aa <wb> k a ii <wb> th a ii,C16 C30 C0 <wb> C37 C0 C29 C0 C31 C0 <wb> C30 C0 C29 C0 C19 C0 C1 C29 C0 <wb> C24 C0 C11 <wb> C28 C0 C29 C0 C16 C19 C0 C31 C0 C1 <wb> C19 C0 C11 <wb> C7 C0 C27 C29 C0 C1 C24 C0 <wb> C19 C0 C29 C0 C1 C16 <wb> C17 C0 C1 C24 C0 C11 <wb> C37 C0 C1 C21 C0 C16 <wb> C24 C0 C19 C0 C21 C0 <wb> C28 C0 C29 C0 <wb> C0 C23 C19 C0 C36 C31 C0 <wb> C21 C0 C13 C0 C1 C24 C0 C11 <wb> C19 C0 C11 <wb> C21 C0 C16 C11 <wb> C17 C0 C36 C29 C0 C22 C0 C1 C24 C0 C1 <wb> C27 C29 C0 <wb> C17 C0 C11 C21 C0 <wb> C19 C0 C16 <wb> C30 C0 C17 C0 C1 <wb> C19 C0 C16 <wb> C14 C0 C26 C31 C0 C25 C0 C1 <wb> C19 C0 C16 <wb> C33 C0 C16,train
6849,"इस वर्ष, बहुत ही खराब परिणाम देखने को मिला है.",1,3.311,0,not_selected_by_random,,,,
6857,"इस्लामाबाद पुलिस ने बताया, कि मरने वालों में, एक महिला, और तीन बच्चे शामिल हैं.",1,5.085,1,,hindi_female_006857.wav,i s a l a aa m a aa b a aa d a <wb> p a u l a i s a <wb> n a ee <wb> b a t a aa y a aa <wb> k a i <wb> m a r a n a ee <wb> w a aa l a o q <wb> m a ee q <wb> ee k a <wb> m a h a i l a aa <wb> ou r a <wb> t a ii n a <wb> b a c a c a ee <wb> sh a aa m a i l a <wb> h a ei q,C16 C30 C0 C21 C0 C1 C22 C0 C1 C3 C0 C1 C7 C0 <wb> C28 C0 C36 C21 C0 C16 C30 C0 <wb> C24 C0 C11 <wb> C3 C0 C32 C0 C1 C38 C0 C1 <wb> C19 C0 C16 <wb> C22 C0 C29 C0 C24 C0 C11 <wb> C37 C0 C1 C21 C0 C26 C23 <wb> C22 C0 C11 C23 <wb> C11 C19 C0 <wb> C22 C0 C15 C0 C16 C21 C0 C1 <wb> C27 C29 C0 <wb> C32 C0 C16 C24 C0 <wb> C3 C0 C5 C0 C5 C0 C11 <wb> C31 C0 C1 C22 C0 C16 C21 C0 <wb> C15 C0 C2 C23,train
6859,जबकि शहर में एक सौ तीस के क़रीब लोग घायल हुए हैं.,1,3.617,0,not_selected_by_random,,,,
6863,"पेड़ और बिजली के खंभे, सड़क पर गिरने से सड़कें बंद हो गईं, और यातायात, प्रभावित हुआ.",1,6.06,1,,hindi_female_006863.wav,p a ee dxq a <wb> ou r a <wb> b a i j a l a ii <wb> k a ee <wb> kh a q bh a ee <wb> s a dxq a k a <wb> p a r a <wb> g a i r a n a ee <wb> s a ee <wb> s a dxq a k a ee q <wb> b a q d a <wb> h a o <wb> g a ii q <wb> ou r a <wb> y a aa t a aa y a aa t a <wb> p a r a bh a aa w a i t a <wb> h a u aa,C28 C0 C11 C9 C0 <wb> C27 C29 C0 <wb> C3 C0 C16 C17 C0 C21 C0 C16 <wb> C19 C0 C11 <wb> C20 C0 C23 C4 C0 C11 <wb> C30 C0 C9 C0 C19 C0 <wb> C28 C0 C29 C0 <wb> C13 C0 C16 C29 C0 C24 C0 C11 <wb> C30 C0 C11 <wb> C30 C0 C9 C0 C19 C0 C11 C23 <wb> C3 C0 C23 C7 C0 <wb> C15 C0 C26 <wb> C13 C0 C16 C23 <wb> C27 C29 C0 <wb> C38 C0 C1 C32 C0 C1 C38 C0 C1 C32 C0 <wb> C28 C0 C29 C0 C4 C0 C1 C37 C0 C16 C32 C0 <wb> C15 C0 C36 C1,test
6865,रावलपिंडी और इस्लामाबाद के बीच चलने वाली मेट्रो बस सेवा को भी कुछ देर के लिए बंद करना पड़ा.,1,5.851,1,,hindi_female_006865.wav,r a aa w a l a p a i q dx a ii <wb> ou r a <wb> i s a l a aa m a aa b a aa d a <wb> k a ee <wb> b a ii c a <wb> c a l a n a ee <wb> w a aa l a ii <wb> m a ee tx a r a o <wb> b a s a <wb> s a ee w a aa <wb> k a o <wb> bh a ii <wb> k a u ch a <wb> d a ee r a <wb> k a ee <wb> l a i ee <wb> b a q d a <wb> k a r a n a aa <wb> p a dxq a aa,C29 C0 C1 C37 C0 C21 C0 C28 C0 C16 C23 C9 C0 C16 <wb> C27 C29 C0 <wb> C16 C30 C0 C21 C0 C1 C22 C0 C1 C3 C0 C1 C7 C0 <wb> C19 C0 C11 <wb> C3 C0 C16 C5 C0 <wb> C5 C0 C21 C0 C24 C0 C11 <wb> C37 C0 C1 C21 C0 C16 <wb> C22 C0 C11 C34 C0 C29 C0 C26 <wb> C3 C0 C30 C0 <wb> C30 C0 C11 C37 C0 C1 <wb> C19 C0 C26 <wb> C4 C0 C16 <wb> C19 C0 C36 C6 C0 <wb> C7 C0 C11 C29 C0 <wb> C19 C0 C11 <wb> C21 C0 C16 C11 <wb> C3 C0 C23 C7 C0 <wb> C19 C0 C29 C0 C24 C0 C1 <wb> C28 C0 C9 C0 C1,train
6881,"इसके अलावा, उनके ख़िलाफ़ और कोई सबूत नहीं था.",1,3.464,0,not_selected_by_random,,,,
6897,तब अदालत ने निसार को उम्रक़ैद की सज़ा सुना दी.,1,2.81,1,,hindi_female_006897.wav,t a b a <wb> a d a aa l a t a <wb> n a ee <wb> n a i s a aa r a <wb> k a o <wb> u m a r a kq a ei d a <wb> k a ii <wb> s a z a aa <wb> s a u n a aa <wb> d a ii,C32 C0 C3 C0 <wb> C0 C7 C0 C1 C21 C0 C32 C0 <wb> C24 C0 C11 <wb> C24 C0 C16 C30 C0 C1 C29 C0 <wb> C19 C0 C26 <wb> C36 C22 C0 C29 C0 C19 C0 C2 C7 C0 <wb> C19 C0 C16 <wb> C30 C0 C17 C0 C1 <wb> C30 C0 C36 C24 C0 C1 <wb> C7 C0 C16,train
6899,"लेकिन हमें सुप्रीम कोर्ट में जाने और केस रद्द कराने में, बारह साल लग गए.",1,4.574,1,,hindi_female_006899.wav,l a ee k a i n a <wb> h a m a ee q <wb> s a u p a r a ii m a <wb> k a o r a tx a <wb> m a ee q <wb> j a aa n a ee <wb> ou r a <wb> k a ee s a <wb> r a d a d a <wb> k a r a aa n a ee <wb> m a ee q <wb> b a aa r a h a <wb> s a aa l a <wb> l a g a <wb> g a ee,C21 C0 C11 C19 C0 C16 C24 C0 <wb> C15 C0 C22 C0 C11 C23 <wb> C30 C0 C36 C28 C0 C29 C0 C16 C22 C0 <wb> C19 C0 C26 C29 C0 C34 C0 <wb> C22 C0 C11 C23 <wb> C17 C0 C1 C24 C0 C11 <wb> C27 C29 C0 <wb> C19 C0 C11 C30 C0 <wb> C29 C0 C7 C0 C7 C0 <wb> C19 C0 C29 C0 C1 C24 C0 C11 <wb> C22 C0 C11 C23 <wb> C3 C0 C1 C29 C0 C15 C0 <wb> C30 C0 C1 C21 C0 <wb> C21 C0 C13 C0 <wb> C13 C0 C11,train
6900,"निसार ने कहा, जब मैं जेल से बाहर आया, तो मुझे यक़ीन नहीं हुआ, कि मैं छूट गया हूं.",1,4.923,1,,hindi_female_006900.wav,n a i s a aa r a <wb> n a ee <wb> k a h a aa <wb> j a b a <wb> m a ei q <wb> j a ee l a <wb> s a ee <wb> b a aa h a r a <wb> aa y a aa <wb> t a o <wb> m a u jh a ee <wb> y a kq a ii n a <wb> n a h a ii q <wb> h a u aa <wb> k a i <wb> m a ei q <wb> ch a uu tx a <wb> g a y a aa <wb> h a uu q,C24 C0 C16 C30 C0 C1 C29 C0 <wb> C24 C0 C11 <wb> C19 C0 C15 C0 C1 <wb> C17 C0 C3 C0 <wb> C22 C0 C2 C23 <wb> C17 C0 C11 C21 C0 <wb> C30 C0 C11 <wb> C3 C0 C1 C15 C0 C29 C0 <wb> C1 C38 C0 C1 <wb> C32 C0 C26 <wb> C22 C0 C36 C18 C0 C11 <wb> C38 C0 C19 C0 C16 C24 C0 <wb> C24 C0 C15 C0 C16 C23 <wb> C15 C0 C36 C1 <wb> C19 C0 C16 <wb> C22 C0 C2 C23 <wb> C6 C0 C36 C34 C0 <wb> C13 C0 C38 C0 C1 <wb> C15 C0 C36 C23,train
6901,"जब लोग जेल से बाहर आते हैं, तब उन्हें ख़ुशी होती है.",1,3.042,1,,hindi_female_006901.wav,j a b a <wb> l a o g a <wb> j a ee l a <wb> s a ee <wb> b a aa h a r a <wb> aa t a ee <wb> h a ei q <wb> t a b a <wb> u n a h a ee q <wb> khq a u sh a ii <wb> h a o t a ii <wb> h a ei,C17 C0 C3 C0 <wb> C21 C0 C26 C13 C0 <wb> C17 C0 C11 C21 C0 <wb> C30 C0 C11 <wb> C3 C0 C1 C15 C0 C29 C0 <wb> C1 C32 C0 C11 <wb> C15 C0 C2 C23 <wb> C32 C0 C3 C0 <wb> C36 C24 C0 C15 C0 C11 C23 <wb> C20 C0 C36 C31 C0 C16 <wb> C15 C0 C26 C32 C0 C16 <wb> C15 C0 C2,train
6905,मैं अपने शहर में ही अजनबी जैसा महसूस कर रहा था.,1,3.088,1,,hindi_female_006905.wav,m a ei q <wb> a p a n a ee <wb> sh a h a r a <wb> m a ee q <wb> h a ii <wb> a j a n a b a ii <wb> j a ei s a aa <wb> m a h a s a uu s a <wb> k a r a <wb> r a h a aa <wb> th a aa,C22 C0 C2 C23 <wb> C0 C28 C0 C24 C0 C11 <wb> C31 C0 C15 C0 C29 C0 <wb> C22 C0 C11 C23 <wb> C15 C0 C16 <wb> C0 C17 C0 C24 C0 C3 C0 C16 <wb> C17 C0 C2 C30 C0 C1 <wb> C22 C0 C15 C0 C30 C0 C36 C30 C0 <wb> C19 C0 C29 C0 <wb> C29 C0 C15 C0 C1 <wb> C33 C0 C1,train
6910,"मैं जब बीस साल का था, जब पुलिस पकड़ कर ले गई.",1,3.019,1,,hindi_female_006910.wav,m a ei q <wb> j a b a <wb> b a ii s a <wb> s a aa l a <wb> k a aa <wb> th a aa <wb> j a b a <wb> p a u l a i s a <wb> p a k a dxq a <wb> k a r a <wb> l a ee <wb> g a ii,C22 C0 C2 C23 <wb> C17 C0 C3 C0 <wb> C3 C0 C16 C30 C0 <wb> C30 C0 C1 C21 C0 <wb> C19 C0 C1 <wb> C33 C0 C1 <wb> C17 C0 C3 C0 <wb> C28 C0 C36 C21 C0 C16 C30 C0 <wb> C28 C0 C19 C0 C9 C0 <wb> C19 C0 C29 C0 <wb> C21 C0 C11 <wb> C13 C0 C16,train
6912,मुझे ज़िंदगी नए सिरे से शुरू करनी है.,1,2.692,0,not_selected_by_random,,,,
6917,"मोदी साहब ने गुजरात में बहुत अच्छा काम किया, लेकिन गुजरात छोटा परिवार था.",1,4.505,1,,hindi_female_006917.wav,m a o d a ii <wb> s a aa h a b a <wb> n a ee <wb> g a u j a r a aa t a <wb> m a ee q <wb> b a h a u t a <wb> a c a ch a aa <wb> k a aa m a <wb> k a i y a aa <wb> l a ee k a i n a <wb> g a u j a r a aa t a <wb> ch a o tx a aa <wb> p a r a i w a aa r a <wb> th a aa,C22 C0 C26 C7 C0 C16 <wb> C30 C0 C1 C15 C0 C3 C0 <wb> C24 C0 C11 <wb> C13 C0 C36 C17 C0 C29 C0 C1 C32 C0 <wb> C22 C0 C11 C23 <wb> C3 C0 C15 C0 C36 C32 C0 <wb> C0 C5 C0 C6 C0 C1 <wb> C19 C0 C1 C22 C0 <wb> C19 C0 C16 C38 C0 C1 <wb> C21 C0 C11 C19 C0 C16 C24 C0 <wb> C13 C0 C36 C17 C0 C29 C0 C1 C32 C0 <wb> C6 C0 C26 C34 C0 C1 <wb> C28 C0 C29 C0 C16 C37 C0 C1 C29 C0 <wb> C33 C0 C1,train
6919,"वे मानते हैं, कि वर्तमान सरकार अच्छा काम तो कर रही है, लेकिन देश को इस वक़्त किसी बहुत महान प्रतिभा की ज़रूरत है.",1,7.382,0,not_selected_by_random,,,,
6920,इसलिए मोदी को सरदार पटेल बनना होगा.,1,2.415,1,,hindi_female_006920.wav,i s a l a i ee <wb> m a o d a ii <wb> k a o <wb> s a r a d a aa r a <wb> p a tx a ee l a <wb> b a n a n a aa <wb> h a o g a aa,C16 C30 C0 C21 C0 C16 C11 <wb> C22 C0 C26 C7 C0 C16 <wb> C19 C0 C26 <wb> C30 C0 C29 C0 C7 C0 C1 C29 C0 <wb> C28 C0 C34 C0 C11 C21 C0 <wb> C3 C0 C24 C0 C24 C0 C1 <wb> C15 C0 C26 C13 C0 C1,train
6921,"महंगाई को ओम पुरी बड़ी समस्या तो मानते है, साथ ही इसका एक समाधान बताते हैं.",1,4.853,1,,hindi_female_006921.wav,m a h a q g a aa ii <wb> k a o <wb> o m a <wb> p a u r a ii <wb> b a dxq a ii <wb> s a m a s a y a aa <wb> t a o <wb> m a aa n a t a ee <wb> h a ei <wb> s a aa th a <wb> h a ii <wb> i s a k a aa <wb> ee k a <wb> s a m a aa dh a aa n a <wb> b a t a aa t a ee <wb> h a ei q,C22 C0 C15 C0 C23 C13 C0 C1 C16 <wb> C19 C0 C26 <wb> C26 C22 C0 <wb> C28 C0 C36 C29 C0 C16 <wb> C3 C0 C9 C0 C16 <wb> C30 C0 C22 C0 C30 C0 C38 C0 C1 <wb> C32 C0 C26 <wb> C22 C0 C1 C24 C0 C32 C0 C11 <wb> C15 C0 C2 <wb> C30 C0 C1 C33 C0 <wb> C15 C0 C16 <wb> C16 C30 C0 C19 C0 C1 <wb> C11 C19 C0 <wb> C30 C0 C22 C0 C1 C8 C0 C1 C24 C0 <wb> C3 C0 C32 C0 C1 C32 C0 C11 <wb> C15 C0 C2 C23,train
6923,देश के हर हिस्से में प्रत्येक समान का भाव हो.,1,3.587,0,not_selected_by_random,,,,
6924,"वो कहते हैं कि देश को इस वक़्त, जय जवान-जय किसान नारे की ज़रूरत है.",1,4.481,1,,hindi_female_006924.wav,w a o <wb> k a h a t a ee <wb> h a ei q <wb> k a i <wb> d a ee sh a <wb> k a o <wb> i s a <wb> w a kq a t a <wb> j a y a <wb> j a w a aa n a <wb> j a y a <wb> k a i s a aa n a <wb> n a aa r a ee <wb> k a ii <wb> z a r a uu r a t a <wb> h a ei,C37 C0 C26 <wb> C19 C0 C15 C0 C32 C0 C11 <wb> C15 C0 C2 C23 <wb> C19 C0 C16 <wb> C7 C0 C11 C31 C0 <wb> C19 C0 C26 <wb> C16 C30 C0 <wb> C37 C0 C19 C0 C32 C0 <wb> C17 C0 C38 C0 <wb> C17 C0 C37 C0 C1 C24 C0 <wb> C17 C0 C38 C0 <wb> C19 C0 C16 C30 C0 C1 C24 C0 <wb> C24 C0 C1 C29 C0 C11 <wb> C19 C0 C16 <wb> C17 C0 C29 C0 C36 C29 C0 C32 C0 <wb> C15 C0 C2,train
6931,"परिसर को बंद कर दिया गया था, जिसे अब फिर खोल दिया गया है.",1,3.506,1,,hindi_female_006931.wav,p a r a i s a r a <wb> k a o <wb> b a q d a <wb> k a r a <wb> d a i y a aa <wb> g a y a aa <wb> th a aa <wb> j a i s a ee <wb> a b a <wb> ph a i r a <wb> kh a o l a <wb> d a i y a aa <wb> g a y a aa <wb> h a ei,C28 C0 C29 C0 C16 C30 C0 C29 C0 <wb> C19 C0 C26 <wb> C3 C0 C23 C7 C0 <wb> C19 C0 C29 C0 <wb> C7 C0 C16 C38 C0 C1 <wb> C13 C0 C38 C0 C1 <wb> C33 C0 C1 <wb> C17 C0 C16 C30 C0 C11 <wb> C0 C3 C0 <wb> C12 C0 C16 C29 C0 <wb> C20 C0 C26 C21 C0 <wb> C7 C0 C16 C38 C0 C1 <wb> C13 C0 C38 C0 C1 <wb> C15 C0 C2,train
6932,"दो शव, इंजीनियरिंग डिपार्टमेंट की इमारत में मिले हैं, जिनमें से किसी की भी पहचान नहीं हो पाई है.",1,6.13,1,,hindi_female_006932.wav,d a o <wb> sh a w a <wb> i q j a ii n a i y a r a i q g a <wb> dx a i p a aa r a tx a m a ee q tx a <wb> k a ii <wb> i m a aa r a t a <wb> m a ee q <wb> m a i l a ee <wb> h a ei q <wb> j a i n a m a ee q <wb> s a ee <wb> k a i s a ii <wb> k a ii <wb> bh a ii <wb> p a h a c a aa n a <wb> n a h a ii q <wb> h a o <wb> p a aa ii <wb> h a ei,C7 C0 C26 <wb> C31 C0 C37 C0 <wb> C16 C23 C17 C0 C16 C24 C0 C16 C38 C0 C29 C0 C16 C23 C13 C0 <wb> C9 C0 C16 C28 C0 C1 C29 C0 C34 C0 C22 C0 C11 C23 C34 C0 <wb> C19 C0 C16 <wb> C16 C22 C0 C1 C29 C0 C32 C0 <wb> C22 C0 C11 C23 <wb> C22 C0 C16 C21 C0 C11 <wb> C15 C0 C2 C23 <wb> C17 C0 C16 C24 C0 C22 C0 C11 C23 <wb> C30 C0 C11 <wb> C19 C0 C16 C30 C0 C16 <wb> C19 C0 C16 <wb> C4 C0 C16 <wb> C28 C0 C15 C0 C5 C0 C1 C24 C0 <wb> C24 C0 C15 C0 C16 C23 <wb> C15 C0 C26 <wb> C28 C0 C1 C16 <wb> C15 C0 C2,train
6936,गुरुवार से पढ़ाई शुरू होने की संभावना है.,1,2.554,1,,hindi_female_006936.wav,g a u r a u w a aa r a <wb> s a ee <wb> p a dxhq a aa ii <wb> sh a u r a uu <wb> h a o n a ee <wb> k a ii <wb> s a q bh a aa w a n a aa <wb> h a ei,C13 C0 C36 C29 C0 C36 C37 C0 C1 C29 C0 <wb> C30 C0 C11 <wb> C28 C0 C10 C0 C1 C16 <wb> C31 C0 C36 C29 C0 C36 <wb> C15 C0 C26 C24 C0 C11 <wb> C19 C0 C16 <wb> C30 C0 C23 C4 C0 C1 C37 C0 C24 C0 C1 <wb> C15 C0 C2,train
6944,दुर्घटना के कारणों का अब तक पता नहीं लग पाया है.,1,3.537,0,not_selected_by_random,,,,
6945,"विमान के ब्लैक बॉक्स का मिलना बेहद ज़रूरी है, जिससे पता लगाया जा सके, कि आख़िरी क्षणों में क्या हुआ था.",1,7.027,0,not_selected_by_random,,,,
6948,"लेकिन विमान का अधिकांश हिस्सा, और यात्रियों के शव, समुद्र की गहराई में ही होने की संभावना है.",1,5.898,1,,hindi_female_006948.wav,l a ee k a i n a <wb> w a i m a aa n a <wb> k a aa <wb> a dh a i k a aa q sh a <wb> h a i s a s a aa <wb> ou r a <wb> y a aa t a r a i y a o q <wb> k a ee <wb> sh a w a <wb> s a m a u d a r a <wb> k a ii <wb> g a h a r a aa ii <wb> m a ee q <wb> h a ii <wb> h a o n a ee <wb> k a ii <wb> s a q bh a aa w a n a aa <wb> h a ei,C21 C0 C11 C19 C0 C16 C24 C0 <wb> C37 C0 C16 C22 C0 C1 C24 C0 <wb> C19 C0 C1 <wb> C0 C8 C0 C16 C19 C0 C1 C23 C31 C0 <wb> C15 C0 C16 C30 C0 C30 C0 C1 <wb> C27 C29 C0 <wb> C38 C0 C1 C32 C0 C29 C0 C16 C38 C0 C26 C23 <wb> C19 C0 C11 <wb> C31 C0 C37 C0 <wb> C30 C0 C22 C0 C36 C7 C0 C29 C0 <wb> C19 C0 C16 <wb> C13 C0 C15 C0 C29 C0 C1 C16 <wb> C22 C0 C11 C23 <wb> C15 C0 C16 <wb> C15 C0 C26 C24 C0 C11 <wb> C19 C0 C16 <wb> C30 C0 C23 C4 C0 C1 C37 C0 C24 C0 C1 <wb> C15 C0 C2,train
6957,मैं चाहता हूँ कि दोषियों को फांसी की सज़ा हो.,1,3.043,0,not_selected_by_random,,,,
6961,"मैं चाहता हूँ, कि उन्हें उम्र क़ैद की सज़ा मिले.",1,3.042,1,,hindi_female_006961.wav,m a ei q <wb> c a aa h a t a aa <wb> h a uu mq <wb> k a i <wb> u n a h a ee q <wb> u m a r a <wb> kq a ei d a <wb> k a ii <wb> s a z a aa <wb> m a i l a ee,C22 C0 C2 C23 <wb> C5 C0 C1 C15 C0 C32 C0 C1 <wb> C15 C0 C36 C23 <wb> C19 C0 C16 <wb> C36 C24 C0 C15 C0 C11 C23 <wb> C36 C22 C0 C29 C0 <wb> C19 C0 C2 C7 C0 <wb> C19 C0 C16 <wb> C30 C0 C17 C0 C1 <wb> C22 C0 C16 C21 C0 C11,train
6965,"उन्हें घसीट कर बाहर लाया गया, उन पर हमला हुआ.",1,2.833,1,,hindi_female_006965.wav,u n a h a ee q <wb> gh a s a ii tx a <wb> k a r a <wb> b a aa h a r a <wb> l a aa y a aa <wb> g a y a aa <wb> u n a <wb> p a r a <wb> h a m a l a aa <wb> h a u aa,C36 C24 C0 C15 C0 C11 C23 <wb> C14 C0 C30 C0 C16 C34 C0 <wb> C19 C0 C29 C0 <wb> C3 C0 C1 C15 C0 C29 C0 <wb> C21 C0 C1 C38 C0 C1 <wb> C13 C0 C38 C0 C1 <wb> C36 C24 C0 <wb> C28 C0 C29 C0 <wb> C15 C0 C22 C0 C21 C0 C1 <wb> C15 C0 C36 C1,train
6966,"उसके बाद भीड़ ने, उनके घर को आग लगा दी.",1,2.763,1,,hindi_female_006966.wav,u s a k a ee <wb> b a aa d a <wb> bh a ii dxq a <wb> n a ee <wb> u n a k a ee <wb> gh a r a <wb> k a o <wb> aa g a <wb> l a g a aa <wb> d a ii,C36 C30 C0 C19 C0 C11 <wb> C3 C0 C1 C7 C0 <wb> C4 C0 C16 C9 C0 <wb> C24 C0 C11 <wb> C36 C24 C0 C19 C0 C11 <wb> C14 C0 C29 C0 <wb> C19 C0 C26 <wb> C1 C13 C0 <wb> C21 C0 C13 C0 C1 <wb> C7 C0 C16,train
6968,वो सामने वाले घर की छत से सारा नज़ारा देख रहे थे.,1,3.181,1,,hindi_female_006968.wav,w a o <wb> s a aa m a n a ee <wb> w a aa l a ee <wb> gh a r a <wb> k a ii <wb> ch a t a <wb> s a ee <wb> s a aa r a aa <wb> n a z a aa r a aa <wb> d a ee kh a <wb> r a h a ee <wb> th a ee,C37 C0 C26 <wb> C30 C0 C1 C22 C0 C24 C0 C11 <wb> C37 C0 C1 C21 C0 C11 <wb> C14 C0 C29 C0 <wb> C19 C0 C16 <wb> C6 C0 C32 C0 <wb> C30 C0 C11 <wb> C30 C0 C1 C29 C0 C1 <wb> C24 C0 C17 C0 C1 C29 C0 C1 <wb> C7 C0 C11 C20 C0 <wb> C29 C0 C15 C0 C11 <wb> C33 C0 C11,train
6970,"बीच में ही मेरी आँखों के सामने, उन्होंने माँ को मार डाला.",1,4.07,0,not_selected_by_random,,,,
6972,इस हमले में सईद ख़ान के परिवार के दस सदस्य मारे गए थे.,1,3.529,1,,hindi_female_006972.wav,i s a <wb> h a m a l a ee <wb> m a ee q <wb> s a ii d a <wb> khq a aa n a <wb> k a ee <wb> p a r a i w a aa r a <wb> k a ee <wb> d a s a <wb> s a d a s a y a <wb> m a aa r a ee <wb> g a ee <wb> th a ee,C16 C30 C0 <wb> C15 C0 C22 C0 C21 C0 C11 <wb> C22 C0 C11 C23 <wb> C30 C0 C16 C7 C0 <wb> C20 C0 C1 C24 C0 <wb> C19 C0 C11 <wb> C28 C0 C29 C0 C16 C37 C0 C1 C29 C0 <wb> C19 C0 C11 <wb> C7 C0 C30 C0 <wb> C30 C0 C7 C0 C30 C0 C38 C0 <wb> C22 C0 C1 C29 C0 C11 <wb> C13 C0 C11 <wb> C33 C0 C11,train
6973,"उन्होंने कहा, हमें इन्साफ़ चाहिए.",1,2.09,1,,hindi_female_006973.wav,u n a h a o q n a ee <wb> k a h a aa <wb> h a m a ee q <wb> i n a s a aa f a <wb> c a aa h a i ee,C36 C24 C0 C15 C0 C26 C23 C24 C0 C11 <wb> C19 C0 C15 C0 C1 <wb> C15 C0 C22 C0 C11 C23 <wb> C16 C24 C0 C30 C0 C1 C12 C0 <wb> C5 C0 C1 C15 C0 C16 C11,train
6974,"अगर अदालत में इन्साफ़ नहीं मिला, तो अल्लाह इन्साफ़ करेगा.",1,3.904,0,not_selected_by_random,,,,
6977,"वो मौत के काफ़ी नज़दीक थे, लेकिन अल्लाह ने मुझे बचा लिया.",1,3.529,1,,hindi_female_006977.wav,w a o <wb> m a ou t a <wb> k a ee <wb> k a aa f a ii <wb> n a z a d a ii k a <wb> th a ee <wb> l a ee k a i n a <wb> a l a l a aa h a <wb> n a ee <wb> m a u jh a ee <wb> b a c a aa <wb> l a i y a aa,C37 C0 C26 <wb> C22 C0 C27 C32 C0 <wb> C19 C0 C11 <wb> C19 C0 C1 C12 C0 C16 <wb> C24 C0 C17 C0 C7 C0 C16 C19 C0 <wb> C33 C0 C11 <wb> C21 C0 C11 C19 C0 C16 C24 C0 <wb> C0 C21 C0 C21 C0 C1 C15 C0 <wb> C24 C0 C11 <wb> C22 C0 C36 C18 C0 C11 <wb> C3 C0 C5 C0 C1 <wb> C21 C0 C16 C38 C0 C1,train
6980,"लेकिन उनका जवाब था, कि कैसे भूल जाएँ, इन्साफ़ होगा, तो भूल जाएंगे.",1,4.435,1,,hindi_female_006980.wav,l a ee k a i n a <wb> u n a k a aa <wb> j a w a aa b a <wb> th a aa <wb> k a i <wb> k a ei s a ee <wb> bh a uu l a <wb> j a aa ee mq <wb> i n a s a aa f a <wb> h a o g a aa <wb> t a o <wb> bh a uu l a <wb> j a aa ee q g a ee,C21 C0 C11 C19 C0 C16 C24 C0 <wb> C36 C24 C0 C19 C0 C1 <wb> C17 C0 C37 C0 C1 C3 C0 <wb> C33 C0 C1 <wb> C19 C0 C16 <wb> C19 C0 C2 C30 C0 C11 <wb> C4 C0 C36 C21 C0 <wb> C17 C0 C1 C11 C23 <wb> C16 C24 C0 C30 C0 C1 C12 C0 <wb> C15 C0 C26 C13 C0 C1 <wb> C32 C0 C26 <wb> C4 C0 C36 C21 C0 <wb> C17 C0 C1 C11 C23 C13 C0 C11,train
6982,"किसी के परिवार के दस लोग मारे गए, किसी के चौदह.",1,3.135,1,,hindi_female_006982.wav,k a i s a ii <wb> k a ee <wb> p a r a i w a aa r a <wb> k a ee <wb> d a s a <wb> l a o g a <wb> m a aa r a ee <wb> g a ee <wb> k a i s a ii <wb> k a ee <wb> c a ou d a h a,C19 C0 C16 C30 C0 C16 <wb> C19 C0 C11 <wb> C28 C0 C29 C0 C16 C37 C0 C1 C29 C0 <wb> C19 C0 C11 <wb> C7 C0 C30 C0 <wb> C21 C0 C26 C13 C0 <wb> C22 C0 C1 C29 C0 C11 <wb> C13 C0 C11 <wb> C19 C0 C16 C30 C0 C16 <wb> C19 C0 C11 <wb> C5 C0 C27 C7 C0 C15 C0,train
6983,आप उन्हें भूल जाओ की सलाह कैसे दे सकते हैं.,1,2.601,1,,hindi_female_006983.wav,aa p a <wb> u n a h a ee q <wb> bh a uu l a <wb> j a aa o <wb> k a ii <wb> s a l a aa h a <wb> k a ei s a ee <wb> d a ee <wb> s a k a t a ee <wb> h a ei q,C1 C28 C0 <wb> C36 C24 C0 C15 C0 C11 C23 <wb> C4 C0 C36 C21 C0 <wb> C17 C0 C1 C26 <wb> C19 C0 C16 <wb> C30 C0 C21 C0 C1 C15 C0 <wb> C19 C0 C2 C30 C0 C11 <wb> C7 C0 C11 <wb> C30 C0 C19 C0 C32 C0 C11 <wb> C15 C0 C2 C23,train
6990,"इंदिरा जयसिंह इसकी सचिव, और आनंद ग्रोवर, इसके अध्यक्ष हैं.",1,4.72,0,not_selected_by_random,,,,
6996,यह क़ानून शराब रखने के मामले में कुछ नहीं कहता है.,1,3.725,0,not_selected_by_random,,,,
7002,इसमें ये छात्र अपने विषय से संबंधित सामान्य प्रश्नों का उत्तर भी नहीं दे पा रहे थे.,1,5.364,1,,hindi_female_007002.wav,i s a m a ee q <wb> y a ee <wb> ch a aa t a r a <wb> a p a n a ee <wb> w a i sx a y a <wb> s a ee <wb> s a q b a q dh a i t a <wb> s a aa m a aa n a y a <wb> p a r a sh a n a o q <wb> k a aa <wb> u t a t a r a <wb> bh a ii <wb> n a h a ii q <wb> d a ee <wb> p a aa <wb> r a h a ee <wb> th a ee,C16 C30 C0 C22 C0 C11 C23 <wb> C38 C0 C11 <wb> C6 C0 C1 C32 C0 C29 C0 <wb> C0 C28 C0 C24 C0 C11 <wb> C37 C0 C16 C31 C0 C38 C0 <wb> C30 C0 C11 <wb> C30 C0 C23 C3 C0 C23 C8 C0 C16 C32 C0 <wb> C30 C0 C1 C22 C0 C1 C24 C0 C38 C0 <wb> C28 C0 C29 C0 C31 C0 C24 C0 C26 C23 <wb> C19 C0 C1 <wb> C36 C32 C0 C32 C0 C29 C0 <wb> C4 C0 C16 <wb> C24 C0 C15 C0 C16 C23 <wb> C7 C0 C11 <wb> C28 C0 C1 <wb> C29 C0 C15 C0 C11 <wb> C33 C0 C11,train
7003,इसके बाद बिहार की शिक्षा व्यवस्था की काफ़ी आलोचना हुई थी.,1,4.113,0,not_selected_by_random,,,,
7004,"अख़बार के मुताबिक़, इस वजह से बोर्ड ने इन छात्रों की दोबारा परीक्षा लेने का फ़ैसला किया.",1,5.341,1,,hindi_female_007004.wav,a khq a b a aa r a <wb> k a ee <wb> m a u t a aa b a i kq a <wb> i s a <wb> w a j a h a <wb> s a ee <wb> b a o r a dx a <wb> n a ee <wb> i n a <wb> ch a aa t a r a o q <wb> k a ii <wb> d a o b a aa r a aa <wb> p a r a ii k a sx a aa <wb> l a ee n a ee <wb> k a aa <wb> f a ei s a l a aa <wb> k a i y a aa,C0 C20 C0 C3 C0 C1 C29 C0 <wb> C19 C0 C11 <wb> C22 C0 C36 C32 C0 C1 C3 C0 C16 C19 C0 <wb> C16 C30 C0 <wb> C37 C0 C17 C0 C15 C0 <wb> C30 C0 C11 <wb> C3 C0 C26 C29 C0 C9 C0 <wb> C24 C0 C11 <wb> C16 C24 C0 <wb> C6 C0 C1 C32 C0 C29 C0 C26 C23 <wb> C19 C0 C16 <wb> C7 C0 C26 C3 C0 C1 C29 C0 C1 <wb> C28 C0 C29 C0 C16 C19 C0 C31 C0 C1 <wb> C21 C0 C11 C24 C0 C11 <wb> C19 C0 C1 <wb> C12 C0 C2 C30 C0 C21 C0 C1 <wb> C19 C0 C16 C38 C0 C1,test
7009,"हालांकि नए मुख्यमंत्री के नाम पर, अभी सहमति नहीं बन पाई है.",1,4.299,0,not_selected_by_random,,,,
7020,"तीन साल पहले, यहां पर बिजली की सप्लाई काट दी गई थी.",1,3.82,0,not_selected_by_random,,,,
7028,उनके कहने पर लोगों को फ़ोन लगाते हैं.,1,2.859,0,not_selected_by_random,,,,
7030,"इस तरह, वो बड़े लोगों की ज़िंदगी आसान करते हैं.",1,2.995,1,,hindi_female_007030.wav,i s a <wb> t a r a h a <wb> w a o <wb> b a dxq a ee <wb> l a o g a o q <wb> k a ii <wb> z a i q d a g a ii <wb> aa s a aa n a <wb> k a r a t a ee <wb> h a ei q,C16 C30 C0 <wb> C32 C0 C29 C0 C15 C0 <wb> C37 C0 C26 <wb> C3 C0 C9 C0 C11 <wb> C21 C0 C26 C13 C0 C26 C23 <wb> C19 C0 C16 <wb> C17 C0 C16 C23 C7 C0 C13 C0 C16 <wb> C1 C30 C0 C1 C24 C0 <wb> C19 C0 C29 C0 C32 C0 C11 <wb> C15 C0 C2 C23,train
7033,"हां, वो हाड़-मांस का बना इंसान नहीं होगा.",1,2.601,1,,hindi_female_007033.wav,h a aa q <wb> w a o <wb> h a aa dxq a <wb> m a aa q s a <wb> k a aa <wb> b a n a aa <wb> i q s a aa n a <wb> n a h a ii q <wb> h a o g a aa,C15 C0 C1 C23 <wb> C37 C0 C26 <wb> C15 C0 C1 C9 C0 <wb> C22 C0 C1 C23 C30 C0 <wb> C19 C0 C1 <wb> C3 C0 C24 C0 C1 <wb> C16 C23 C30 C0 C1 C24 C0 <wb> C24 C0 C15 C0 C16 C23 <wb> C15 C0 C26 C13 C0 C1,train
7041,"सब दावा करते हैं कि वो आपका काम, आपकी ज़िंदगी आसान कर देंगे.",1,3.994,1,,hindi_female_007041.wav,s a b a <wb> d a aa w a aa <wb> k a r a t a ee <wb> h a ei q <wb> k a i <wb> w a o <wb> aa p a k a aa <wb> k a aa m a <wb> aa p a k a ii <wb> z a i q d a g a ii <wb> aa s a aa n a <wb> k a r a <wb> d a ee q g a ee,C30 C0 C3 C0 <wb> C7 C0 C1 C37 C0 C1 <wb> C19 C0 C29 C0 C32 C0 C11 <wb> C15 C0 C2 C23 <wb> C19 C0 C16 <wb> C37 C0 C26 <wb> C1 C28 C0 C19 C0 C1 <wb> C19 C0 C1 C22 C0 <wb> C1 C28 C0 C19 C0 C16 <wb> C17 C0 C16 C23 C7 C0 C13 C0 C16 <wb> C1 C30 C0 C1 C24 C0 <wb> C19 C0 C29 C0 <wb> C7 C0 C11 C23 C13 C0 C11,train
7044,"और जानने की कोशिश करते हैं, कि कैसे इनकी मदद से, आपकी भागदौड़ भरी ज़िंदगी को थोड़ा आसान बनाया जा सकता है.",1,6.873,1,,hindi_female_007044.wav,ou r a <wb> j a aa n a n a ee <wb> k a ii <wb> k a o sh a i sh a <wb> k a r a t a ee <wb> h a ei q <wb> k a i <wb> k a ei s a ee <wb> i n a k a ii <wb> m a d a d a <wb> s a ee <wb> aa p a k a ii <wb> bh a aa g a d a ou dxq a <wb> bh a r a ii <wb> z a i q d a g a ii <wb> k a o <wb> th a o dxq a aa <wb> aa s a aa n a <wb> b a n a aa y a aa <wb> j a aa <wb> s a k a t a aa <wb> h a ei,C27 C29 C0 <wb> C17 C0 C1 C24 C0 C24 C0 C11 <wb> C19 C0 C16 <wb> C19 C0 C26 C31 C0 C16 C31 C0 <wb> C19 C0 C29 C0 C32 C0 C11 <wb> C15 C0 C2 C23 <wb> C19 C0 C16 <wb> C19 C0 C2 C30 C0 C11 <wb> C16 C24 C0 C19 C0 C16 <wb> C22 C0 C7 C0 C7 C0 <wb> C30 C0 C11 <wb> C1 C28 C0 C19 C0 C16 <wb> C4 C0 C1 C13 C0 C7 C0 C27 C9 C0 <wb> C4 C0 C29 C0 C16 <wb> C17 C0 C16 C23 C7 C0 C13 C0 C16 <wb> C19 C0 C26 <wb> C33 C0 C26 C9 C0 C1 <wb> C1 C30 C0 C1 C24 C0 <wb> C3 C0 C24 C0 C1 C38 C0 C1 <wb> C17 C0 C1 <wb> C30 C0 C19 C0 C32 C0 C1 <wb> C15 C0 C2,train
7045,"शुरुआत में अपने फ़ोन को आवाज़ देकर, कोई काम करने के लिए कहना बड़ा अजीब लगता है.",1,5.155,1,,hindi_female_007045.wav,sh a u r a u aa t a <wb> m a ee q <wb> a p a n a ee <wb> f a o n a <wb> k a o <wb> aa w a aa z a <wb> d a ee k a r a <wb> k a o ii <wb> k a aa m a <wb> k a r a n a ee <wb> k a ee <wb> l a i ee <wb> k a h a n a aa <wb> b a dxq a aa <wb> a j a ii b a <wb> l a g a t a aa <wb> h a ei,C31 C0 C36 C29 C0 C36 C1 C32 C0 <wb> C22 C0 C11 C23 <wb> C0 C28 C0 C24 C0 C11 <wb> C12 C0 C26 C24 C0 <wb> C19 C0 C26 <wb> C1 C37 C0 C1 C17 C0 <wb> C7 C0 C11 C19 C0 C29 C0 <wb> C19 C0 C26 C16 <wb> C19 C0 C1 C22 C0 <wb> C19 C0 C29 C0 C24 C0 C11 <wb> C19 C0 C11 <wb> C21 C0 C16 C11 <wb> C19 C0 C15 C0 C24 C0 C1 <wb> C3 C0 C9 C0 C1 <wb> C0 C17 C0 C16 C3 C0 <wb> C21 C0 C13 C0 C32 C0 C1 <wb> C15 C0 C2,test
7048,"कई बार खीझ होती है, ग़ुस्सा भी आता है, और कई बार, हंसी भी आती है.",1,4.598,1,,hindi_female_007048.wav,k a ii <wb> b a aa r a <wb> kh a ii jh a <wb> h a o t a ii <wb> h a ei <wb> gq a u s a s a aa <wb> bh a ii <wb> aa t a aa <wb> h a ei <wb> ou r a <wb> k a ii <wb> b a aa r a <wb> h a q s a ii <wb> bh a ii <wb> aa t a ii <wb> h a ei,C19 C0 C16 <wb> C3 C0 C1 C29 C0 <wb> C20 C0 C16 C18 C0 <wb> C15 C0 C26 C32 C0 C16 <wb> C15 C0 C2 <wb> C13 C0 C36 C30 C0 C30 C0 C1 <wb> C4 C0 C16 <wb> C1 C32 C0 C1 <wb> C15 C0 C2 <wb> C27 C29 C0 <wb> C19 C0 C16 <wb> C3 C0 C1 C29 C0 <wb> C15 C0 C23 C30 C0 C16 <wb> C4 C0 C16 <wb> C1 C32 C0 C16 <wb> C15 C0 C2,train
7051,तकनीक के बड़े-बड़े उस्ताद भी उससे ठीक से काम नहीं ले पाते.,1,3.483,1,,hindi_female_007051.wav,t a k a n a ii k a <wb> k a ee <wb> b a dxq a ee <wb> b a dxq a ee <wb> u s a t a aa d a <wb> bh a ii <wb> u s a s a ee <wb> txh a ii k a <wb> s a ee <wb> k a aa m a <wb> n a h a ii q <wb> l a ee <wb> p a aa t a ee,C32 C0 C19 C0 C24 C0 C16 C19 C0 <wb> C19 C0 C11 <wb> C3 C0 C9 C0 C11 <wb> C3 C0 C9 C0 C11 <wb> C36 C30 C0 C32 C0 C1 C7 C0 <wb> C4 C0 C16 <wb> C36 C30 C0 C30 C0 C11 <wb> C35 C0 C16 C19 C0 <wb> C30 C0 C11 <wb> C19 C0 C1 C22 C0 <wb> C24 C0 C15 C0 C16 C23 <wb> C21 C0 C11 <wb> C28 C0 C1 C32 C0 C11,train
7056,"सबसे बड़ा मसला होता है, बोली समझने का.",1,2.601,1,,hindi_female_007056.wav,s a b a s a ee <wb> b a dxq a aa <wb> m a s a l a aa <wb> h a o t a aa <wb> h a ei <wb> b a o l a ii <wb> s a m a jh a n a ee <wb> k a aa,C30 C0 C3 C0 C30 C0 C11 <wb> C3 C0 C9 C0 C1 <wb> C22 C0 C30 C0 C21 C0 C1 <wb> C15 C0 C26 C32 C0 C1 <wb> C15 C0 C2 <wb> C3 C0 C26 C21 C0 C16 <wb> C30 C0 C22 C0 C18 C0 C24 C0 C11 <wb> C19 C0 C1,train
7062,एक बार तो मीटिंग का वक़्त एक दिन बाद का तय कर दिया.,1,3.643,0,not_selected_by_random,,,,
7075,"इसके बदले, सिर्फ़ एक छोटी सी बात ज़ुबान से अदा करनी है.",1,3.39,1,,hindi_female_007075.wav,i s a k a ee <wb> b a d a l a ee <wb> s a i r a f a <wb> ee k a <wb> ch a o tx a ii <wb> s a ii <wb> b a aa t a <wb> z a u b a aa n a <wb> s a ee <wb> a d a aa <wb> k a r a n a ii <wb> h a ei,C16 C30 C0 C19 C0 C11 <wb> C3 C0 C7 C0 C21 C0 C11 <wb> C30 C0 C16 C29 C0 C12 C0 <wb> C11 C19 C0 <wb> C6 C0 C26 C34 C0 C16 <wb> C30 C0 C16 <wb> C3 C0 C1 C32 C0 <wb> C17 C0 C36 C3 C0 C1 C24 C0 <wb> C30 C0 C11 <wb> C0 C7 C0 C1 <wb> C19 C0 C29 C0 C24 C0 C16 <wb> C15 C0 C2,train
7082,फिर किसी ग़लत आदमी को संदेश जाने का डर भी नहीं होगा.,1,3.577,0,not_selected_by_random,,,,
7087,"सबसे बड़ी दिक़्क़त, बात कहने के लहजे को समझने की होती है.",1,3.646,1,,hindi_female_007087.wav,s a b a s a ee <wb> b a dxq a ii <wb> d a i kq a kq a t a <wb> b a aa t a <wb> k a h a n a ee <wb> k a ee <wb> l a h a j a ee <wb> k a o <wb> s a m a jh a n a ee <wb> k a ii <wb> h a o t a ii <wb> h a ei,C30 C0 C3 C0 C30 C0 C11 <wb> C3 C0 C9 C0 C16 <wb> C7 C0 C16 C19 C0 C19 C0 C32 C0 <wb> C3 C0 C1 C32 C0 <wb> C19 C0 C15 C0 C24 C0 C11 <wb> C19 C0 C11 <wb> C21 C0 C15 C0 C17 C0 C11 <wb> C19 C0 C26 <wb> C30 C0 C22 C0 C18 C0 C24 C0 C11 <wb> C19 C0 C16 <wb> C15 C0 C26 C32 C0 C16 <wb> C15 C0 C2,train
7097,"क्योंकि कई बार, आपके आने-जाने का रास्ता अलग होता है.",1,3.437,1,,hindi_female_007097.wav,k a y a o q k a i <wb> k a ii <wb> b a aa r a <wb> aa p a k a ee <wb> aa n a ee <wb> j a aa n a ee <wb> k a aa <wb> r a aa s a t a aa <wb> a l a g a <wb> h a o t a aa <wb> h a ei,C19 C0 C38 C0 C26 C23 C19 C0 C16 <wb> C19 C0 C16 <wb> C3 C0 C1 C29 C0 <wb> C1 C28 C0 C19 C0 C11 <wb> C1 C24 C0 C11 <wb> C17 C0 C1 C24 C0 C11 <wb> C19 C0 C1 <wb> C29 C0 C1 C30 C0 C32 C0 C1 <wb> C0 C21 C0 C13 C0 <wb> C15 C0 C26 C32 C0 C1 <wb> C15 C0 C2,val
7105,"ये छोटे-छोटे काम, आपकी ज़िंदगी को काफ़ी आसान बना देंगे.",1,3.715,1,,hindi_female_007105.wav,y a ee <wb> ch a o tx a ee <wb> ch a o tx a ee <wb> k a aa m a <wb> aa p a k a ii <wb> z a i q d a g a ii <wb> k a o <wb> k a aa f a ii <wb> aa s a aa n a <wb> b a n a aa <wb> d a ee q g a ee,C38 C0 C11 <wb> C6 C0 C26 C34 C0 C11 <wb> C6 C0 C26 C34 C0 C11 <wb> C19 C0 C1 C22 C0 <wb> C1 C28 C0 C19 C0 C16 <wb> C17 C0 C16 C23 C7 C0 C13 C0 C16 <wb> C19 C0 C26 <wb> C19 C0 C1 C12 C0 C16 <wb> C1 C30 C0 C1 C24 C0 <wb> C3 C0 C24 C0 C1 <wb> C7 C0 C11 C23 C13 C0 C11,train
7106,"हां, इससे किसी इंसान की कमी तो नहीं पूरी हो सकती.",1,3.088,1,,hindi_female_007106.wav,h a aa q <wb> i s a s a ee <wb> k a i s a ii <wb> i q s a aa n a <wb> k a ii <wb> k a m a ii <wb> t a o <wb> n a h a ii q <wb> p a uu r a ii <wb> h a o <wb> s a k a t a ii,C15 C0 C1 C23 <wb> C16 C30 C0 C30 C0 C11 <wb> C19 C0 C16 C30 C0 C16 <wb> C16 C23 C30 C0 C1 C24 C0 <wb> C19 C0 C16 <wb> C19 C0 C22 C0 C16 <wb> C32 C0 C26 <wb> C24 C0 C15 C0 C16 C23 <wb> C28 C0 C36 C29 C0 C16 <wb> C15 C0 C26 <wb> C30 C0 C19 C0 C32 C0 C16,train
7107,इसके लिए तकनीक को अभी लंबा सफ़र तय करना होगा.,1,2.949,1,,hindi_female_007107.wav,i s a k a ee <wb> l a i ee <wb> t a k a n a ii k a <wb> k a o <wb> a bh a ii <wb> l a q b a aa <wb> s a f a r a <wb> t a y a <wb> k a r a n a aa <wb> h a o g a aa,C16 C30 C0 C19 C0 C11 <wb> C21 C0 C16 C11 <wb> C32 C0 C19 C0 C24 C0 C16 C19 C0 <wb> C19 C0 C26 <wb> C0 C4 C0 C16 <wb> C21 C0 C23 C3 C0 C1 <wb> C30 C0 C12 C0 C29 C0 <wb> C32 C0 C38 C0 <wb> C19 C0 C29 C0 C24 C0 C1 <wb> C15 C0 C26 C13 C0 C1,train
7109,हर साल कुछ बेहतर चीज़ ही सामने आई है.,1,2.856,0,not_selected_by_random,,,,
7114,तो इसमें भी जल्द ही कुछ और बेहतर सामने आएगा.,1,3.112,0,not_selected_by_random,,,,
7119,"इसका मतलब ये, कि अगर आप मीटिंग में है, तो इस ऐप को पता होगा, कि आपको अभी तंग नहीं करना है.",1,5.526,1,,hindi_female_007119.wav,i s a k a aa <wb> m a t a l a b a <wb> y a ee <wb> k a i <wb> a g a r a <wb> aa p a <wb> m a ii tx a i q g a <wb> m a ee q <wb> h a ei <wb> t a o <wb> i s a <wb> ei p a <wb> k a o <wb> p a t a aa <wb> h a o g a aa <wb> k a i <wb> aa p a k a o <wb> a bh a ii <wb> t a q g a <wb> n a h a ii q <wb> k a r a n a aa <wb> h a ei,C16 C30 C0 C19 C0 C1 <wb> C22 C0 C32 C0 C21 C0 C3 C0 <wb> C38 C0 C11 <wb> C19 C0 C16 <wb> C0 C13 C0 C29 C0 <wb> C1 C28 C0 <wb> C22 C0 C16 C34 C0 C16 C23 C13 C0 <wb> C22 C0 C11 C23 <wb> C15 C0 C2 <wb> C32 C0 C26 <wb> C16 C30 C0 <wb> C2 C28 C0 <wb> C19 C0 C26 <wb> C28 C0 C32 C0 C1 <wb> C15 C0 C26 C13 C0 C1 <wb> C19 C0 C16 <wb> C1 C28 C0 C19 C0 C26 <wb> C0 C4 C0 C16 <wb> C32 C0 C23 C13 C0 <wb> C24 C0 C15 C0 C16 C23 <wb> C19 C0 C29 C0 C24 C0 C1 <wb> C15 C0 C2,train
7129,"मगर क्या आपको मालूम है, कि कुछ लोग ऐसा नहीं कर सकते.",1,3.251,1,,hindi_female_007129.wav,m a g a r a <wb> k a y a aa <wb> aa p a k a o <wb> m a aa l a uu m a <wb> h a ei <wb> k a i <wb> k a u ch a <wb> l a o g a <wb> ei s a aa <wb> n a h a ii q <wb> k a r a <wb> s a k a t a ee,C22 C0 C13 C0 C29 C0 <wb> C19 C0 C38 C0 C1 <wb> C1 C28 C0 C19 C0 C26 <wb> C22 C0 C1 C21 C0 C36 C22 C0 <wb> C15 C0 C2 <wb> C19 C0 C16 <wb> C19 C0 C36 C6 C0 <wb> C21 C0 C26 C13 C0 <wb> C2 C30 C0 C1 <wb> C24 C0 C15 C0 C16 C23 <wb> C19 C0 C29 C0 <wb> C30 C0 C19 C0 C32 C0 C11,train
7133,"दुनिया में ऐसे बहुत से लोग हैं, जिनका दिमाग़ कोई तस्वीर नहीं गढ़ पाता.",1,4.133,1,,hindi_female_007133.wav,d a u n a i y a aa <wb> m a ee q <wb> ei s a ee <wb> b a h a u t a <wb> s a ee <wb> l a o g a <wb> h a ei q <wb> j a i n a k a aa <wb> d a i m a aa gq a <wb> k a o ii <wb> t a s a w a ii r a <wb> n a h a ii q <wb> g a dxhq a <wb> p a aa t a aa,C7 C0 C36 C24 C0 C16 C38 C0 C1 <wb> C22 C0 C11 C23 <wb> C2 C30 C0 C11 <wb> C3 C0 C15 C0 C36 C32 C0 <wb> C30 C0 C11 <wb> C21 C0 C26 C13 C0 <wb> C15 C0 C2 C23 <wb> C17 C0 C16 C24 C0 C19 C0 C1 <wb> C7 C0 C16 C22 C0 C1 C13 C0 <wb> C19 C0 C26 C16 <wb> C32 C0 C30 C0 C37 C0 C16 C29 C0 <wb> C24 C0 C15 C0 C16 C23 <wb> C13 C0 C10 C0 <wb> C28 C0 C1 C32 C0 C1,train
7137,यूं तो इस बीमारी का पता उन्नीसवीं सदी में ही चल गया था.,1,3.344,1,,hindi_female_007137.wav,y a uu q <wb> t a o <wb> i s a <wb> b a ii m a aa r a ii <wb> k a aa <wb> p a t a aa <wb> u n a n a ii s a w a ii q <wb> s a d a ii <wb> m a ee q <wb> h a ii <wb> c a l a <wb> g a y a aa <wb> th a aa,C38 C0 C36 C23 <wb> C32 C0 C26 <wb> C16 C30 C0 <wb> C3 C0 C16 C22 C0 C1 C29 C0 C16 <wb> C19 C0 C1 <wb> C28 C0 C32 C0 C1 <wb> C36 C24 C0 C24 C0 C16 C30 C0 C37 C0 C16 C23 <wb> C30 C0 C7 C0 C16 <wb> C22 C0 C11 C23 <wb> C15 C0 C16 <wb> C5 C0 C21 C0 <wb> C13 C0 C38 C0 C1 <wb> C33 C0 C1,train
7138,अठारह सौ अस्सी में इस बीमारी की खोज हुई थी.,1,2.717,1,,hindi_female_007138.wav,a txh a aa r a h a <wb> s a ou <wb> a s a s a ii <wb> m a ee q <wb> i s a <wb> b a ii m a aa r a ii <wb> k a ii <wb> kh a o j a <wb> h a u ii <wb> th a ii,C0 C35 C0 C1 C29 C0 C15 C0 <wb> C30 C0 C27 <wb> C0 C30 C0 C30 C0 C16 <wb> C22 C0 C11 C23 <wb> C16 C30 C0 <wb> C3 C0 C16 C22 C0 C1 C29 C0 C16 <wb> C19 C0 C16 <wb> C20 C0 C26 C17 C0 <wb> C15 C0 C36 C16 <wb> C33 C0 C16,train
7139,"लेकिन हाल के दिनों में, वैज्ञानिकों ने इस बीमारी को समझने में, फिर से दिलचस्पी दिखाई है.",1,5.224,1,,hindi_female_007139.wav,l a ee k a i n a <wb> h a aa l a <wb> k a ee <wb> d a i n a o q <wb> m a ee q <wb> w a ei j a nj a aa n a i k a o q <wb> n a ee <wb> i s a <wb> b a ii m a aa r a ii <wb> k a o <wb> s a m a jh a n a ee <wb> m a ee q <wb> ph a i r a <wb> s a ee <wb> d a i l a c a s a p a ii <wb> d a i kh a aa ii <wb> h a ei,C21 C0 C11 C19 C0 C16 C24 C0 <wb> C15 C0 C1 C21 C0 <wb> C19 C0 C11 <wb> C7 C0 C16 C24 C0 C26 C23 <wb> C22 C0 C11 C23 <wb> C37 C0 C2 C17 C0 C24 C0 C1 C24 C0 C16 C19 C0 C26 C23 <wb> C24 C0 C11 <wb> C16 C30 C0 <wb> C3 C0 C16 C22 C0 C1 C29 C0 C16 <wb> C19 C0 C26 <wb> C30 C0 C22 C0 C18 C0 C24 C0 C11 <wb> C22 C0 C11 C23 <wb> C12 C0 C16 C29 C0 <wb> C30 C0 C11 <wb> C7 C0 C16 C21 C0 C5 C0 C30 C0 C28 C0 C16 <wb> C7 C0 C16 C20 C0 C1 C16 <wb> C15 C0 C2,train
7145,"ये उन लोगों पर किया गया, जिनके दिमाग़, कोई तस्वीर नहीं गढ़ पाते.",1,3.924,1,,hindi_female_007145.wav,y a ee <wb> u n a <wb> l a o g a o q <wb> p a r a <wb> k a i y a aa <wb> g a y a aa <wb> j a i n a k a ee <wb> d a i m a aa gq a <wb> k a o ii <wb> t a s a w a ii r a <wb> n a h a ii q <wb> g a dxhq a <wb> p a aa t a ee,C38 C0 C11 <wb> C36 C24 C0 <wb> C21 C0 C26 C13 C0 C26 C23 <wb> C28 C0 C29 C0 <wb> C19 C0 C16 C38 C0 C1 <wb> C13 C0 C38 C0 C1 <wb> C17 C0 C16 C24 C0 C19 C0 C11 <wb> C7 C0 C16 C22 C0 C1 C13 C0 <wb> C19 C0 C26 C16 <wb> C32 C0 C30 C0 C37 C0 C16 C29 C0 <wb> C24 C0 C15 C0 C16 C23 <wb> C13 C0 C10 C0 <wb> C28 C0 C1 C32 C0 C11,train
7147,"उनके दिमाग़ में कोई भी बात आए, मगर उससे जुड़ी कोई तस्वीर नहीं बनती.",1,4.017,1,,hindi_female_007147.wav,u n a k a ee <wb> d a i m a aa gq a <wb> m a ee q <wb> k a o ii <wb> bh a ii <wb> b a aa t a <wb> aa ee <wb> m a g a r a <wb> u s a s a ee <wb> j a u dxq a ii <wb> k a o ii <wb> t a s a w a ii r a <wb> n a h a ii q <wb> b a n a t a ii,C36 C24 C0 C19 C0 C11 <wb> C7 C0 C16 C22 C0 C1 C13 C0 <wb> C22 C0 C11 C23 <wb> C19 C0 C26 C16 <wb> C4 C0 C16 <wb> C3 C0 C1 C32 C0 <wb> C1 C11 <wb> C22 C0 C13 C0 C29 C0 <wb> C36 C30 C0 C30 C0 C11 <wb> C17 C0 C36 C9 C0 C16 <wb> C19 C0 C26 C16 <wb> C32 C0 C30 C0 C37 C0 C16 C29 C0 <wb> C24 C0 C15 C0 C16 C23 <wb> C3 C0 C24 C0 C32 C0 C16,train
7151,"वो जब आंखें बंद करते हैं, तो उन्हें सिर्फ़ अपनी पलकें दिखाई पड़ती हैं.",1,3.994,1,,hindi_female_007151.wav,w a o <wb> j a b a <wb> aa q kh a ee q <wb> b a q d a <wb> k a r a t a ee <wb> h a ei q <wb> t a o <wb> u n a h a ee q <wb> s a i r a f a <wb> a p a n a ii <wb> p a l a k a ee q <wb> d a i kh a aa ii <wb> p a dxq a t a ii <wb> h a ei q,C37 C0 C26 <wb> C17 C0 C3 C0 <wb> C1 C23 C20 C0 C11 C23 <wb> C3 C0 C23 C7 C0 <wb> C19 C0 C29 C0 C32 C0 C11 <wb> C15 C0 C2 C23 <wb> C32 C0 C26 <wb> C36 C24 C0 C15 C0 C11 C23 <wb> C30 C0 C16 C29 C0 C12 C0 <wb> C0 C28 C0 C24 C0 C16 <wb> C28 C0 C21 C0 C19 C0 C11 C23 <wb> C7 C0 C16 C20 C0 C1 C16 <wb> C28 C0 C9 C0 C32 C0 C16 <wb> C15 C0 C2 C23,train
7152,"वो ये जानकर हैरान हैं, कि लोग जब किसी के बारे में सोचते हैं, तो दिमाग़ में एक तस्वीर बन जाती है.",1,6.872,0,not_selected_by_random,,,,
7154,मान लीजिए कि आपको कहा जाए कि आप शांति की कल्पना कीजिए.,1,4.058,0,not_selected_by_random,,,,
7157,वो तो महज़ एक ख़ास तरह का माहौल है.,1,2.735,0,not_selected_by_random,,,,
7161,लेकिन किसी ख़ास इंसान का चेहरा उन्हें नहीं याद आता.,1,3.653,0,not_selected_by_random,,,,
7163,"उन्हें ये तो याद है, कि उनकी आंखें नीली थीं.",1,2.968,0,not_selected_by_random,,,,
7167,"लेकिन आपका दिमाग़ कैसा चल रहा है, ये पता लगाना मुश्किल काम है.",1,4.017,1,,hindi_female_007167.wav,l a ee k a i n a <wb> aa p a k a aa <wb> d a i m a aa gq a <wb> k a ei s a aa <wb> c a l a <wb> r a h a aa <wb> h a ei <wb> y a ee <wb> p a t a aa <wb> l a g a aa n a aa <wb> m a u sh a k a i l a <wb> k a aa m a <wb> h a ei,C21 C0 C11 C19 C0 C16 C24 C0 <wb> C1 C28 C0 C19 C0 C1 <wb> C7 C0 C16 C22 C0 C1 C13 C0 <wb> C19 C0 C2 C30 C0 C1 <wb> C5 C0 C21 C0 <wb> C29 C0 C15 C0 C1 <wb> C15 C0 C2 <wb> C38 C0 C11 <wb> C28 C0 C32 C0 C1 <wb> C21 C0 C13 C0 C1 C24 C0 C1 <wb> C22 C0 C36 C31 C0 C19 C0 C16 C21 C0 <wb> C19 C0 C1 C22 C0 <wb> C15 C0 C2,train
7171,"इसके लिए, वो किसी को दो एकदम अलग तस्वीरें दिखाते हैं.",1,4.222,0,not_selected_by_random,,,,
7173,"इसके बाद वो लोगों से कहते हैं, कि दोनों आंखों से, एक साथ, दोनों तस्वीरें देखें.",1,5.317,1,,hindi_female_007173.wav,i s a k a ee <wb> b a aa d a <wb> w a o <wb> l a o g a o q <wb> s a ee <wb> k a h a t a ee <wb> h a ei q <wb> k a i <wb> d a o n a o q <wb> aa q kh a o q <wb> s a ee <wb> ee k a <wb> s a aa th a <wb> d a o n a o q <wb> t a s a w a ii r a ee q <wb> d a ee kh a ee q,C16 C30 C0 C19 C0 C11 <wb> C3 C0 C1 C7 C0 <wb> C37 C0 C26 <wb> C21 C0 C26 C13 C0 C26 C23 <wb> C30 C0 C11 <wb> C19 C0 C15 C0 C32 C0 C11 <wb> C15 C0 C2 C23 <wb> C19 C0 C16 <wb> C7 C0 C26 C24 C0 C26 C23 <wb> C1 C23 C20 C0 C26 C23 <wb> C30 C0 C11 <wb> C11 C19 C0 <wb> C30 C0 C1 C33 C0 <wb> C7 C0 C26 C24 C0 C26 C23 <wb> C32 C0 C30 C0 C37 C0 C16 C29 C0 C11 C23 <wb> C7 C0 C11 C20 C0 C11 C23,train
7176,"आप लोगों की कल्पना में इस तरह हेर-फेर कर सकते हैं, कि कोई ख़ास तस्वीर पहले दिखा सकते हैं.",1,6.322,0,not_selected_by_random,,,,
7177,"इससे, पहले दिखाई गई तस्वीर हावी हो जाती है आपके दिमाग़ पर.",1,4.28,0,not_selected_by_random,,,,
7180,"उन्हें अंदाज़ा हुआ, कि उन्होंने बहुत लोगों से अलग ज़िंदगी जी है.",1,3.46,1,,hindi_female_007180.wav,u n a h a ee q <wb> a q d a aa z a aa <wb> h a u aa <wb> k a i <wb> u n a h a o q n a ee <wb> b a h a u t a <wb> l a o g a o q <wb> s a ee <wb> a l a g a <wb> z a i q d a g a ii <wb> j a ii <wb> h a ei,C36 C24 C0 C15 C0 C11 C23 <wb> C0 C23 C7 C0 C1 C17 C0 C1 <wb> C15 C0 C36 C1 <wb> C19 C0 C16 <wb> C36 C24 C0 C15 C0 C26 C23 C24 C0 C11 <wb> C3 C0 C15 C0 C36 C32 C0 <wb> C21 C0 C26 C13 C0 C26 C23 <wb> C30 C0 C11 <wb> C0 C21 C0 C13 C0 <wb> C17 C0 C16 C23 C7 C0 C13 C0 C16 <wb> C17 C0 C16 <wb> C15 C0 C2,train
7182,"तो उन्होंने अपनी बेटी से पूछा, कि बताओ, सेब का रंग कैसा होता है.",1,4.226,0,not_selected_by_random,,,,
7187,उन्हें लोगों के नाम और चेहरे याद नहीं रहते थे.,1,2.717,1,,hindi_female_007187.wav,u n a h a ee q <wb> l a o g a o q <wb> k a ee <wb> n a aa m a <wb> ou r a <wb> c a ee h a r a ee <wb> y a aa d a <wb> n a h a ii q <wb> r a h a t a ee <wb> th a ee,C36 C24 C0 C15 C0 C11 C23 <wb> C21 C0 C26 C13 C0 C26 C23 <wb> C19 C0 C11 <wb> C24 C0 C1 C22 C0 <wb> C27 C29 C0 <wb> C5 C0 C11 C15 C0 C29 C0 C11 <wb> C38 C0 C1 C7 C0 <wb> C24 C0 C15 C0 C16 C23 <wb> C29 C0 C15 C0 C32 C0 C11 <wb> C33 C0 C11,train
7189,दूसरे लोग किसी नाम को सुनकर दिमाग़ में उसकी तस्वीर बना लेते थे.,1,4.577,0,not_selected_by_random,,,,
7192,"क्योंकि जहां भी वो गाड़ी खड़ी करते थे, उस जगह को भूल जाते थे.",1,3.553,1,,hindi_female_007192.wav,k a y a o q k a i <wb> j a h a aa q <wb> bh a ii <wb> w a o <wb> g a aa dxq a ii <wb> kh a dxq a ii <wb> k a r a t a ee <wb> th a ee <wb> u s a <wb> j a g a h a <wb> k a o <wb> bh a uu l a <wb> j a aa t a ee <wb> th a ee,C19 C0 C38 C0 C26 C23 C19 C0 C16 <wb> C17 C0 C15 C0 C1 C23 <wb> C4 C0 C16 <wb> C37 C0 C26 <wb> C13 C0 C1 C9 C0 C16 <wb> C20 C0 C9 C0 C16 <wb> C19 C0 C29 C0 C32 C0 C11 <wb> C33 C0 C11 <wb> C36 C30 C0 <wb> C17 C0 C13 C0 C15 C0 <wb> C19 C0 C26 <wb> C4 C0 C36 C21 C0 <wb> C17 C0 C1 C32 C0 C11 <wb> C33 C0 C11,train
7193,फिर घंटों गाड़ी को खोजते रहते थे.,1,2.136,1,,hindi_female_007193.wav,ph a i r a <wb> gh a q tx a o q <wb> g a aa dxq a ii <wb> k a o <wb> kh a o j a t a ee <wb> r a h a t a ee <wb> th a ee,C12 C0 C16 C29 C0 <wb> C14 C0 C23 C34 C0 C26 C23 <wb> C13 C0 C1 C9 C0 C16 <wb> C19 C0 C26 <wb> C20 C0 C26 C17 C0 C32 C0 C11 <wb> C29 C0 C15 C0 C32 C0 C11 <wb> C33 C0 C11,train
7195,"इससे निपटने के लिए, उन्होंने कार पार्क करने के बाद, उस ख़ास जगह की तस्वीर लेनी शुरू कर दी.",1,5.596,1,,hindi_female_007195.wav,i s a s a ee <wb> n a i p a tx a n a ee <wb> k a ee <wb> l a i ee <wb> u n a h a o q n a ee <wb> k a aa r a <wb> p a aa r a k a <wb> k a r a n a ee <wb> k a ee <wb> b a aa d a <wb> u s a <wb> khq a aa s a <wb> j a g a h a <wb> k a ii <wb> t a s a w a ii r a <wb> l a ee n a ii <wb> sh a u r a uu <wb> k a r a <wb> d a ii,C16 C30 C0 C30 C0 C11 <wb> C24 C0 C16 C28 C0 C34 C0 C24 C0 C11 <wb> C19 C0 C11 <wb> C21 C0 C16 C11 <wb> C36 C24 C0 C15 C0 C26 C23 C24 C0 C11 <wb> C19 C0 C1 C29 C0 <wb> C28 C0 C1 C29 C0 C19 C0 <wb> C19 C0 C29 C0 C24 C0 C11 <wb> C19 C0 C11 <wb> C3 C0 C1 C7 C0 <wb> C36 C30 C0 <wb> C20 C0 C1 C30 C0 <wb> C17 C0 C13 C0 C15 C0 <wb> C19 C0 C16 <wb> C32 C0 C30 C0 C37 C0 C16 C29 C0 <wb> C21 C0 C11 C24 C0 C16 <wb> C31 C0 C36 C29 C0 C36 <wb> C19 C0 C29 C0 <wb> C7 C0 C16,train
7196,वो आस-पास की दुकानों के नाम भी नोट कर लेते थे.,1,2.67,1,,hindi_female_007196.wav,w a o <wb> aa s a <wb> p a aa s a <wb> k a ii <wb> d a u k a aa n a o q <wb> k a ee <wb> n a aa m a <wb> bh a ii <wb> n a o tx a <wb> k a r a <wb> l a ee t a ee <wb> th a ee,C37 C0 C26 <wb> C1 C30 C0 <wb> C28 C0 C1 C30 C0 <wb> C19 C0 C16 <wb> C7 C0 C36 C19 C0 C1 C24 C0 C26 C23 <wb> C19 C0 C11 <wb> C24 C0 C1 C22 C0 <wb> C4 C0 C16 <wb> C24 C0 C26 C34 C0 <wb> C19 C0 C29 C0 <wb> C21 C0 C11 C32 C0 C11 <wb> C33 C0 C11,train
7210,"क्योंकि हर बात से एक तस्वीर को जोड़ने से, हमारा दिमाग़, उन्हें आसानी से याद रखता है.",1,5.248,1,,hindi_female_007210.wav,k a y a o q k a i <wb> h a r a <wb> b a aa t a <wb> s a ee <wb> ee k a <wb> t a s a w a ii r a <wb> k a o <wb> j a o dxq a n a ee <wb> s a ee <wb> h a m a aa r a aa <wb> d a i m a aa gq a <wb> u n a h a ee q <wb> aa s a aa n a ii <wb> s a ee <wb> y a aa d a <wb> r a kh a t a aa <wb> h a ei,C19 C0 C38 C0 C26 C23 C19 C0 C16 <wb> C15 C0 C29 C0 <wb> C3 C0 C1 C32 C0 <wb> C30 C0 C11 <wb> C11 C19 C0 <wb> C32 C0 C30 C0 C37 C0 C16 C29 C0 <wb> C19 C0 C26 <wb> C17 C0 C26 C9 C0 C24 C0 C11 <wb> C30 C0 C11 <wb> C15 C0 C22 C0 C1 C29 C0 C1 <wb> C7 C0 C16 C22 C0 C1 C13 C0 <wb> C36 C24 C0 C15 C0 C11 C23 <wb> C1 C30 C0 C1 C24 C0 C16 <wb> C30 C0 C11 <wb> C38 C0 C1 C7 C0 <wb> C29 C0 C20 C0 C32 C0 C1 <wb> C15 C0 C2,train
7214,"अब सवाल ये उठता है, कि दिमाग़ में, किसी बात से जुड़ी तस्वीर का ख़याल आना इतनी बड़ी बात है.",1,5.851,1,,hindi_female_007214.wav,a b a <wb> s a w a aa l a <wb> y a ee <wb> u txh a t a aa <wb> h a ei <wb> k a i <wb> d a i m a aa gq a <wb> m a ee q <wb> k a i s a ii <wb> b a aa t a <wb> s a ee <wb> j a u dxq a ii <wb> t a s a w a ii r a <wb> k a aa <wb> khq a y a aa l a <wb> aa n a aa <wb> i t a n a ii <wb> b a dxq a ii <wb> b a aa t a <wb> h a ei,C0 C3 C0 <wb> C30 C0 C37 C0 C1 C21 C0 <wb> C38 C0 C11 <wb> C36 C35 C0 C32 C0 C1 <wb> C15 C0 C2 <wb> C19 C0 C16 <wb> C7 C0 C16 C22 C0 C1 C13 C0 <wb> C22 C0 C11 C23 <wb> C19 C0 C16 C30 C0 C16 <wb> C3 C0 C1 C32 C0 <wb> C30 C0 C11 <wb> C17 C0 C36 C9 C0 C16 <wb> C32 C0 C30 C0 C37 C0 C16 C29 C0 <wb> C19 C0 C1 <wb> C20 C0 C38 C0 C1 C21 C0 <wb> C1 C24 C0 C1 <wb> C16 C32 C0 C24 C0 C16 <wb> C3 C0 C9 C0 C16 <wb> C3 C0 C1 C32 C0 <wb> C15 C0 C2,train
7217,क्या उनकी परेशानी और बढ़ जाने वाली है.,1,2.206,1,,hindi_female_007217.wav,k a y a aa <wb> u n a k a ii <wb> p a r a ee sh a aa n a ii <wb> ou r a <wb> b a dxhq a <wb> j a aa n a ee <wb> w a aa l a ii <wb> h a ei,C19 C0 C38 C0 C1 <wb> C36 C24 C0 C19 C0 C16 <wb> C28 C0 C29 C0 C11 C31 C0 C1 C24 C0 C16 <wb> C27 C29 C0 <wb> C3 C0 C10 C0 <wb> C17 C0 C1 C24 C0 C11 <wb> C37 C0 C1 C21 C0 C16 <wb> C15 C0 C2,train
7219,"वो किसी बात को, किसी इंसान को, या किसी जगह को, तस्वीर से जोड़कर नहीं देखते.",1,5.016,1,,hindi_female_007219.wav,w a o <wb> k a i s a ii <wb> b a aa t a <wb> k a o <wb> k a i s a ii <wb> i q s a aa n a <wb> k a o <wb> y a aa <wb> k a i s a ii <wb> j a g a h a <wb> k a o <wb> t a s a w a ii r a <wb> s a ee <wb> j a o dxq a k a r a <wb> n a h a ii q <wb> d a ee kh a t a ee,C37 C0 C26 <wb> C19 C0 C16 C30 C0 C16 <wb> C3 C0 C1 C32 C0 <wb> C19 C0 C26 <wb> C19 C0 C16 C30 C0 C16 <wb> C16 C23 C30 C0 C1 C24 C0 <wb> C19 C0 C26 <wb> C38 C0 C1 <wb> C19 C0 C16 C30 C0 C16 <wb> C17 C0 C13 C0 C15 C0 <wb> C19 C0 C26 <wb> C32 C0 C30 C0 C37 C0 C16 C29 C0 <wb> C30 C0 C11 <wb> C17 C0 C26 C9 C0 C19 C0 C29 C0 <wb> C24 C0 C15 C0 C16 C23 <wb> C7 C0 C11 C20 C0 C32 C0 C11,train
7221,जैसे जगह की दूरी का अंदाज़ा लगाकर किसी शहर के बारे में सोचते हैं.,1,4.377,0,not_selected_by_random,,,,
7226,वो लोगों की आवाज़ की नक़ल कर लेते हैं.,1,2.206,1,,hindi_female_007226.wav,w a o <wb> l a o g a o q <wb> k a ii <wb> aa w a aa z a <wb> k a ii <wb> n a kq a l a <wb> k a r a <wb> l a ee t a ee <wb> h a ei q,C37 C0 C26 <wb> C21 C0 C26 C13 C0 C26 C23 <wb> C19 C0 C16 <wb> C1 C37 C0 C1 C17 C0 <wb> C19 C0 C16 <wb> C24 C0 C19 C0 C21 C0 <wb> C19 C0 C29 C0 <wb> C21 C0 C11 C32 C0 C11 <wb> C15 C0 C2 C23,train
7230,"एक ने कहा, कि इस बीमारी की वजह से, वो आज में जीते हैं.",1,4.075,0,not_selected_by_random,,,,
7232,कुछ और लोगों ने भी इस बात पर हामी भरी.,1,2.485,1,,hindi_female_007232.wav,k a u ch a <wb> ou r a <wb> l a o g a o q <wb> n a ee <wb> bh a ii <wb> i s a <wb> b a aa t a <wb> p a r a <wb> h a aa m a ii <wb> bh a r a ii,C19 C0 C36 C6 C0 <wb> C27 C29 C0 <wb> C21 C0 C26 C13 C0 C26 C23 <wb> C24 C0 C11 <wb> C4 C0 C16 <wb> C16 C30 C0 <wb> C3 C0 C1 C32 C0 <wb> C28 C0 C29 C0 <wb> C15 C0 C1 C22 C0 C16 <wb> C4 C0 C29 C0 C16,train
7233,"एक ने कहा, कि चूंकि वो किसी ख़ास पल को दोबारा नहीं जी सकता.",1,3.738,1,,hindi_female_007233.wav,ee k a <wb> n a ee <wb> k a h a aa <wb> k a i <wb> c a uu q k a i <wb> w a o <wb> k a i s a ii <wb> khq a aa s a <wb> p a l a <wb> k a o <wb> d a o b a aa r a aa <wb> n a h a ii q <wb> j a ii <wb> s a k a t a aa,C11 C19 C0 <wb> C24 C0 C11 <wb> C19 C0 C15 C0 C1 <wb> C19 C0 C16 <wb> C5 C0 C36 C23 C19 C0 C16 <wb> C37 C0 C26 <wb> C19 C0 C16 C30 C0 C16 <wb> C20 C0 C1 C30 C0 <wb> C28 C0 C21 C0 <wb> C19 C0 C26 <wb> C7 C0 C26 C3 C0 C1 C29 C0 C1 <wb> C24 C0 C15 C0 C16 C23 <wb> C17 C0 C16 <wb> C30 C0 C19 C0 C32 C0 C1,train
7234,"इसलिए वो हर पल की अहमियत समझ कर, उसे अच्छे से गुज़ारने की कोशिश करता है.",1,4.574,1,,hindi_female_007234.wav,i s a l a i ee <wb> w a o <wb> h a r a <wb> p a l a <wb> k a ii <wb> a h a m a i y a t a <wb> s a m a jh a <wb> k a r a <wb> u s a ee <wb> a c a ch a ee <wb> s a ee <wb> g a u z a aa r a n a ee <wb> k a ii <wb> k a o sh a i sh a <wb> k a r a t a aa <wb> h a ei,C16 C30 C0 C21 C0 C16 C11 <wb> C37 C0 C26 <wb> C15 C0 C29 C0 <wb> C28 C0 C21 C0 <wb> C19 C0 C16 <wb> C0 C15 C0 C22 C0 C16 C38 C0 C32 C0 <wb> C30 C0 C22 C0 C18 C0 <wb> C19 C0 C29 C0 <wb> C36 C30 C0 C11 <wb> C0 C5 C0 C6 C0 C11 <wb> C30 C0 C11 <wb> C13 C0 C36 C17 C0 C1 C29 C0 C24 C0 C11 <wb> C19 C0 C16 <wb> C19 C0 C26 C31 C0 C16 C31 C0 <wb> C19 C0 C29 C0 C32 C0 C1 <wb> C15 C0 C2,train
7245,"एक महिला ने कहा, कि चूंकि वो कोई तस्वीर नहीं सोच पाती, सो वो हर चीज़ को लिखकर रखती है.",1,6.107,1,,hindi_female_007245.wav,ee k a <wb> m a h a i l a aa <wb> n a ee <wb> k a h a aa <wb> k a i <wb> c a uu q k a i <wb> w a o <wb> k a o ii <wb> t a s a w a ii r a <wb> n a h a ii q <wb> s a o c a <wb> p a aa t a ii <wb> s a o <wb> w a o <wb> h a r a <wb> c a ii z a <wb> k a o <wb> l a i kh a k a r a <wb> r a kh a t a ii <wb> h a ei,C11 C19 C0 <wb> C22 C0 C15 C0 C16 C21 C0 C1 <wb> C24 C0 C11 <wb> C19 C0 C15 C0 C1 <wb> C19 C0 C16 <wb> C5 C0 C36 C23 C19 C0 C16 <wb> C37 C0 C26 <wb> C19 C0 C26 C16 <wb> C32 C0 C30 C0 C37 C0 C16 C29 C0 <wb> C24 C0 C15 C0 C16 C23 <wb> C30 C0 C26 C5 C0 <wb> C28 C0 C1 C32 C0 C16 <wb> C30 C0 C26 <wb> C37 C0 C26 <wb> C15 C0 C29 C0 <wb> C5 C0 C16 C17 C0 <wb> C19 C0 C26 <wb> C21 C0 C16 C20 C0 C19 C0 C29 C0 <wb> C29 C0 C20 C0 C32 C0 C16 <wb> C15 C0 C2,train
7247,"वो कहती हैं, कि शब्द बहुत ख़ूबसूरत होते हैं.",1,2.926,1,,hindi_female_007247.wav,w a o <wb> k a h a t a ii <wb> h a ei q <wb> k a i <wb> sh a b a d a <wb> b a h a u t a <wb> khq a uu b a s a uu r a t a <wb> h a o t a ee <wb> h a ei q,C37 C0 C26 <wb> C19 C0 C15 C0 C32 C0 C16 <wb> C15 C0 C2 C23 <wb> C19 C0 C16 <wb> C31 C0 C3 C0 C7 C0 <wb> C3 C0 C15 C0 C36 C32 C0 <wb> C20 C0 C36 C3 C0 C30 C0 C36 C29 C0 C32 C0 <wb> C15 C0 C26 C32 C0 C11 <wb> C15 C0 C2 C23,train
7248,कोई तस्वीर उनकी जगह नहीं ले सती.,1,2.09,1,,hindi_female_007248.wav,k a o ii <wb> t a s a w a ii r a <wb> u n a k a ii <wb> j a g a h a <wb> n a h a ii q <wb> l a ee <wb> s a t a ii,C19 C0 C26 C16 <wb> C32 C0 C30 C0 C37 C0 C16 C29 C0 <wb> C36 C24 C0 C19 C0 C16 <wb> C17 C0 C13 C0 C15 C0 <wb> C24 C0 C15 C0 C16 C23 <wb> C21 C0 C11 <wb> C30 C0 C32 C0 C16,train
7252,"उन्हें पता ही नहीं था, कि लोग किसी बात या इंसान का ख़याल आने पर, फ़ौरन उसकी तस्वीर गढ़ लेते हैं.",1,5.944,1,,hindi_female_007252.wav,u n a h a ee q <wb> p a t a aa <wb> h a ii <wb> n a h a ii q <wb> th a aa <wb> k a i <wb> l a o g a <wb> k a i s a ii <wb> b a aa t a <wb> y a aa <wb> i q s a aa n a <wb> k a aa <wb> khq a y a aa l a <wb> aa n a ee <wb> p a r a <wb> f a ou r a n a <wb> u s a k a ii <wb> t a s a w a ii r a <wb> g a dxhq a <wb> l a ee t a ee <wb> h a ei q,C36 C24 C0 C15 C0 C11 C23 <wb> C28 C0 C32 C0 C1 <wb> C15 C0 C16 <wb> C24 C0 C15 C0 C16 C23 <wb> C33 C0 C1 <wb> C19 C0 C16 <wb> C21 C0 C26 C13 C0 <wb> C19 C0 C16 C30 C0 C16 <wb> C3 C0 C1 C32 C0 <wb> C38 C0 C1 <wb> C16 C23 C30 C0 C1 C24 C0 <wb> C19 C0 C1 <wb> C20 C0 C38 C0 C1 C21 C0 <wb> C1 C24 C0 C11 <wb> C28 C0 C29 C0 <wb> C12 C0 C27 C29 C0 C24 C0 <wb> C36 C30 C0 C19 C0 C16 <wb> C32 C0 C30 C0 C37 C0 C16 C29 C0 <wb> C13 C0 C10 C0 <wb> C21 C0 C11 C32 C0 C11 <wb> C15 C0 C2 C23,train
7257,इसे बनाने में क़रीब बीस साल लगे.,1,2.09,1,,hindi_female_007257.wav,i s a ee <wb> b a n a aa n a ee <wb> m a ee q <wb> kq a r a ii b a <wb> b a ii s a <wb> s a aa l a <wb> l a g a ee,C16 C30 C0 C11 <wb> C3 C0 C24 C0 C1 C24 C0 C11 <wb> C22 C0 C11 C23 <wb> C19 C0 C29 C0 C16 C3 C0 <wb> C3 C0 C16 C30 C0 <wb> C30 C0 C1 C21 C0 <wb> C21 C0 C13 C0 C11,train
7269,उन्होंने इसे क्षेत्रीय तनाव का प्रमुख कारण बताया.,1,3.065,1,,hindi_female_007269.wav,u n a h a o q n a ee <wb> i s a ee <wb> k a sx a ee t a r a ii y a <wb> t a n a aa w a <wb> k a aa <wb> p a r a m a u kh a <wb> k a aa r a nx a <wb> b a t a aa y a aa,C36 C24 C0 C15 C0 C26 C23 C24 C0 C11 <wb> C16 C30 C0 C11 <wb> C19 C0 C31 C0 C11 C32 C0 C29 C0 C16 C38 C0 <wb> C32 C0 C24 C0 C1 C37 C0 <wb> C19 C0 C1 <wb> C28 C0 C29 C0 C22 C0 C36 C20 C0 <wb> C19 C0 C1 C29 C0 C25 C0 <wb> C3 C0 C32 C0 C1 C38 C0 C1,train
7277,मेरा रिकॉर्ड बनने से पहले ही स्टेट की टीम बन गई थी.,1,3.111,1,,hindi_female_007277.wav,m a ee r a aa <wb> r a i k a r a dx a <wb> b a n a n a ee <wb> s a ee <wb> p a h a l a ee <wb> h a ii <wb> s a tx a ee tx a <wb> k a ii <wb> tx a ii m a <wb> b a n a <wb> g a ii <wb> th a ii,C22 C0 C11 C29 C0 C1 <wb> C29 C0 C16 C19 C0 C29 C0 C9 C0 <wb> C3 C0 C24 C0 C24 C0 C11 <wb> C30 C0 C11 <wb> C28 C0 C15 C0 C21 C0 C11 <wb> C15 C0 C16 <wb> C30 C0 C34 C0 C11 C34 C0 <wb> C19 C0 C16 <wb> C34 C0 C16 C22 C0 <wb> C3 C0 C24 C0 <wb> C13 C0 C16 <wb> C33 C0 C16,train
7282,"वो कहते हैं, मैं और अर्जुन बहुत अच्छे दोस्त हैं.",1,3.119,0,not_selected_by_random,,,,
7284,"मैं यही कहना चाहता हूं, कि यह अफ़वाह, जल्दी बंद हो.",1,3.576,1,,hindi_female_007284.wav,m a ei q <wb> y a h a ii <wb> k a h a n a aa <wb> c a aa h a t a aa <wb> h a uu q <wb> k a i <wb> y a h a <wb> a f a w a aa h a <wb> j a l a d a ii <wb> b a q d a <wb> h a o,C22 C0 C2 C23 <wb> C38 C0 C15 C0 C16 <wb> C19 C0 C15 C0 C24 C0 C1 <wb> C5 C0 C1 C15 C0 C32 C0 C1 <wb> C15 C0 C36 C23 <wb> C19 C0 C16 <wb> C38 C0 C15 C0 <wb> C0 C12 C0 C37 C0 C1 C15 C0 <wb> C17 C0 C21 C0 C7 C0 C16 <wb> C3 C0 C23 C7 C0 <wb> C15 C0 C26,train
7285,"प्रणव कहते हैं, अर्जुन एक बहुत मेहनती खिलाड़ी हैं.",1,2.879,1,,hindi_female_007285.wav,p a r a nx a w a <wb> k a h a t a ee <wb> h a ei q <wb> a r a j a u n a <wb> ee k a <wb> b a h a u t a <wb> m a ee h a n a t a ii <wb> kh a i l a aa dxq a ii <wb> h a ei q,C28 C0 C29 C0 C25 C0 C37 C0 <wb> C19 C0 C15 C0 C32 C0 C11 <wb> C15 C0 C2 C23 <wb> C0 C29 C0 C17 C0 C36 C24 C0 <wb> C11 C19 C0 <wb> C3 C0 C15 C0 C36 C32 C0 <wb> C22 C0 C11 C15 C0 C24 C0 C32 C0 C16 <wb> C20 C0 C16 C21 C0 C1 C9 C0 C16 <wb> C15 C0 C2 C23,train
7286,वो अपनी मेहनत के दम पर चुने गए हैं.,1,2.067,1,,hindi_female_007286.wav,w a o <wb> a p a n a ii <wb> m a ee h a n a t a <wb> k a ee <wb> d a m a <wb> p a r a <wb> c a u n a ee <wb> g a ee <wb> h a ei q,C37 C0 C26 <wb> C0 C28 C0 C24 C0 C16 <wb> C22 C0 C11 C15 C0 C24 C0 C32 C0 <wb> C19 C0 C11 <wb> C7 C0 C22 C0 <wb> C28 C0 C29 C0 <wb> C5 C0 C36 C24 C0 C11 <wb> C13 C0 C11 <wb> C15 C0 C2 C23,train
7300,"प्रणव ने मुंबई नहीं खेला था, तो ज़ोनल के लिए चुना जाना संभव ही नहीं था.",1,4.365,1,,hindi_female_007300.wav,p a r a nx a w a <wb> n a ee <wb> m a u q b a ii <wb> n a h a ii q <wb> kh a ee l a aa <wb> th a aa <wb> t a o <wb> z a o n a l a <wb> k a ee <wb> l a i ee <wb> c a u n a aa <wb> j a aa n a aa <wb> s a q bh a w a <wb> h a ii <wb> n a h a ii q <wb> th a aa,C28 C0 C29 C0 C25 C0 C37 C0 <wb> C24 C0 C11 <wb> C22 C0 C36 C23 C3 C0 C16 <wb> C24 C0 C15 C0 C16 C23 <wb> C20 C0 C11 C21 C0 C1 <wb> C33 C0 C1 <wb> C32 C0 C26 <wb> C17 C0 C26 C24 C0 C21 C0 <wb> C19 C0 C11 <wb> C21 C0 C16 C11 <wb> C5 C0 C36 C24 C0 C1 <wb> C17 C0 C1 C24 C0 C1 <wb> C30 C0 C23 C4 C0 C37 C0 <wb> C15 C0 C16 <wb> C24 C0 C15 C0 C16 C23 <wb> C33 C0 C1,train
7303,"प्रणव मुंबई ही नहीं खेला, तो ज़ोनल में कैसे जाएगा.",1,2.879,1,,hindi_female_007303.wav,p a r a nx a w a <wb> m a u q b a ii <wb> h a ii <wb> n a h a ii q <wb> kh a ee l a aa <wb> t a o <wb> z a o n a l a <wb> m a ee q <wb> k a ei s a ee <wb> j a aa ee g a aa,C28 C0 C29 C0 C25 C0 C37 C0 <wb> C22 C0 C36 C23 C3 C0 C16 <wb> C15 C0 C16 <wb> C24 C0 C15 C0 C16 C23 <wb> C20 C0 C11 C21 C0 C1 <wb> C32 C0 C26 <wb> C17 C0 C26 C24 C0 C21 C0 <wb> C22 C0 C11 C23 <wb> C19 C0 C2 C30 C0 C11 <wb> C17 C0 C1 C11 C13 C0 C1,train
7306,"उसे देखकर, पहले तो उन्होंने मज़ाक समझा.",1,3.036,0,not_selected_by_random,,,,
7308,"सचिन सर का बेटा है, ऐसा बोलकर किसी का नाम बदनाम करना बिलकुल ग़लत बात है.",1,5.284,0,not_selected_by_random,,,,
7311,"उन्होंने कहा, कि खेल को खेल की नज़र से देखना चाहिए.",1,3.623,0,not_selected_by_random,,,,
7323,यूरोप के कई देशों में सरकारें ऐसा ही टैक्स लगाती हैं.,1,3.274,1,,hindi_female_007323.wav,y a uu r a o p a <wb> k a ee <wb> k a ii <wb> d a ee sh a o q <wb> m a ee q <wb> s a r a k a aa r a ee q <wb> ei s a aa <wb> h a ii <wb> tx a ei k a s a <wb> l a g a aa t a ii <wb> h a ei q,C38 C0 C36 C29 C0 C26 C28 C0 <wb> C19 C0 C11 <wb> C19 C0 C16 <wb> C7 C0 C11 C31 C0 C26 C23 <wb> C22 C0 C11 C23 <wb> C30 C0 C29 C0 C19 C0 C1 C29 C0 C11 C23 <wb> C2 C30 C0 C1 <wb> C15 C0 C16 <wb> C34 C0 C2 C19 C0 C30 C0 <wb> C21 C0 C13 C0 C1 C32 C0 C16 <wb> C15 C0 C2 C23,val
7329,"लेकिन उम्मीद ये की जा रही है, कि इसे दूसरी सर्विस के लिए भी बढ़ाया जा सकता है.",1,4.667,1,,hindi_female_007329.wav,l a ee k a i n a <wb> u m a m a ii d a <wb> y a ee <wb> k a ii <wb> j a aa <wb> r a h a ii <wb> h a ei <wb> k a i <wb> i s a ee <wb> d a uu s a r a ii <wb> s a r a w a i s a <wb> k a ee <wb> l a i ee <wb> bh a ii <wb> b a dxhq a aa y a aa <wb> j a aa <wb> s a k a t a aa <wb> h a ei,C21 C0 C11 C19 C0 C16 C24 C0 <wb> C36 C22 C0 C22 C0 C16 C7 C0 <wb> C38 C0 C11 <wb> C19 C0 C16 <wb> C17 C0 C1 <wb> C29 C0 C15 C0 C16 <wb> C15 C0 C2 <wb> C19 C0 C16 <wb> C16 C30 C0 C11 <wb> C7 C0 C36 C30 C0 C29 C0 C16 <wb> C30 C0 C29 C0 C37 C0 C16 C30 C0 <wb> C19 C0 C11 <wb> C21 C0 C16 C11 <wb> C4 C0 C16 <wb> C3 C0 C10 C0 C1 C38 C0 C1 <wb> C17 C0 C1 <wb> C30 C0 C19 C0 C32 C0 C1 <wb> C15 C0 C2,train
7332,"अब दस लाख से ज़्यादा लोग सर्विस टैक्स के तहत, अपनी जानकारी सरकार को देते हैं.",1,5.209,0,not_selected_by_random,,,,
7334,"सर्विस टैक्स से, सरकार की कमाई अब डेढ़ लाख करोड़ रुपए से भी ज़्यादा है.",1,4.667,1,,hindi_female_007334.wav,s a r a w a i s a <wb> tx a ei k a s a <wb> s a ee <wb> s a r a k a aa r a <wb> k a ii <wb> k a m a aa ii <wb> a b a <wb> dx a ee dxhq a <wb> l a aa kh a <wb> k a r a o dxq a <wb> r a u p a ee <wb> s a ee <wb> bh a ii <wb> z a y a aa d a aa <wb> h a ei,C30 C0 C29 C0 C37 C0 C16 C30 C0 <wb> C34 C0 C2 C19 C0 C30 C0 <wb> C30 C0 C11 <wb> C30 C0 C29 C0 C19 C0 C1 C29 C0 <wb> C19 C0 C16 <wb> C19 C0 C22 C0 C1 C16 <wb> C0 C3 C0 <wb> C9 C0 C11 C10 C0 <wb> C21 C0 C1 C20 C0 <wb> C19 C0 C29 C0 C26 C9 C0 <wb> C29 C0 C36 C28 C0 C11 <wb> C30 C0 C11 <wb> C4 C0 C16 <wb> C17 C0 C38 C0 C1 C7 C0 C1 <wb> C15 C0 C2,train
7336,धीरे धीरे इस लिस्ट को बढ़ा दिया गया है.,1,2.322,1,,hindi_female_007336.wav,dh a ii r a ee <wb> dh a ii r a ee <wb> i s a <wb> l a i s a tx a <wb> k a o <wb> b a dxhq a aa <wb> d a i y a aa <wb> g a y a aa <wb> h a ei,C8 C0 C16 C29 C0 C11 <wb> C8 C0 C16 C29 C0 C11 <wb> C16 C30 C0 <wb> C21 C0 C16 C30 C0 C34 C0 <wb> C19 C0 C26 <wb> C3 C0 C10 C0 C1 <wb> C7 C0 C16 C38 C0 C1 <wb> C13 C0 C38 C0 C1 <wb> C15 C0 C2,train
7348,और कई बार इसे लेकर मेरे मन में उत्सुकता और परेशानी के भाव हैं.,1,4.226,0,not_selected_by_random,,,,
7353,"उधर एक दूसरे पक्ष की शिकायत है, कि मीडिया में सरकार के खिलाफ़ लिखना, मुश्किल होता जा रहा है.",1,5.782,1,,hindi_female_007353.wav,u dh a r a <wb> ee k a <wb> d a uu s a r a ee <wb> p a k a sx a <wb> k a ii <wb> sh a i k a aa y a t a <wb> h a ei <wb> k a i <wb> m a ii dx a i y a aa <wb> m a ee q <wb> s a r a k a aa r a <wb> k a ee <wb> kh a i l a aa f a <wb> l a i kh a n a aa <wb> m a u sh a k a i l a <wb> h a o t a aa <wb> j a aa <wb> r a h a aa <wb> h a ei,C36 C8 C0 C29 C0 <wb> C11 C19 C0 <wb> C7 C0 C36 C30 C0 C29 C0 C11 <wb> C28 C0 C19 C0 C31 C0 <wb> C19 C0 C16 <wb> C31 C0 C16 C19 C0 C1 C38 C0 C32 C0 <wb> C15 C0 C2 <wb> C19 C0 C16 <wb> C22 C0 C16 C9 C0 C16 C38 C0 C1 <wb> C22 C0 C11 C23 <wb> C30 C0 C29 C0 C19 C0 C1 C29 C0 <wb> C19 C0 C11 <wb> C20 C0 C16 C21 C0 C1 C12 C0 <wb> C21 C0 C16 C20 C0 C24 C0 C1 <wb> C22 C0 C36 C31 C0 C19 C0 C16 C21 C0 <wb> C15 C0 C26 C32 C0 C1 <wb> C17 C0 C1 <wb> C29 C0 C15 C0 C1 <wb> C15 C0 C2,train
7362,और फिर सवाल-जवाब का सिलसिला शुरू हुआ.,1,2.622,0,not_selected_by_random,,,,
7370,"हर एक योजना के बारे में टीवी पर दिखाओ, हर योजना प्रसिद्द हो जाएगी.",1,3.878,1,,hindi_female_007370.wav,h a r a <wb> ee k a <wb> y a o j a n a aa <wb> k a ee <wb> b a aa r a ee <wb> m a ee q <wb> tx a ii w a ii <wb> p a r a <wb> d a i kh a aa o <wb> h a r a <wb> y a o j a n a aa <wb> p a r a s a i d a d a <wb> h a o <wb> j a aa ee g a ii,C15 C0 C29 C0 <wb> C11 C19 C0 <wb> C38 C0 C26 C17 C0 C24 C0 C1 <wb> C19 C0 C11 <wb> C3 C0 C1 C29 C0 C11 <wb> C22 C0 C11 C23 <wb> C34 C0 C16 C37 C0 C16 <wb> C28 C0 C29 C0 <wb> C7 C0 C16 C20 C0 C1 C26 <wb> C15 C0 C29 C0 <wb> C38 C0 C26 C17 C0 C24 C0 C1 <wb> C28 C0 C29 C0 C30 C0 C16 C7 C0 C7 C0 <wb> C15 C0 C26 <wb> C17 C0 C1 C11 C13 C0 C16,train
7371,"सरकार के दो साल पूरे होना, बेहद महत्वपूर्ण वक़्त था.",1,3.32,1,,hindi_female_007371.wav,s a r a k a aa r a <wb> k a ee <wb> d a o <wb> s a aa l a <wb> p a uu r a ee <wb> h a o n a aa <wb> b a ee h a d a <wb> m a h a t a w a p a uu r a nx a <wb> w a kq a t a <wb> th a aa,C30 C0 C29 C0 C19 C0 C1 C29 C0 <wb> C19 C0 C11 <wb> C7 C0 C26 <wb> C30 C0 C1 C21 C0 <wb> C28 C0 C36 C29 C0 C11 <wb> C15 C0 C26 C24 C0 C1 <wb> C3 C0 C11 C15 C0 C7 C0 <wb> C22 C0 C15 C0 C32 C0 C37 C0 C28 C0 C36 C29 C0 C25 C0 <wb> C37 C0 C19 C0 C32 C0 <wb> C33 C0 C1,val
7378,मैं बताता हूं कैसे आप लोग करते हो.,1,2.113,1,,hindi_female_007378.wav,m a ei q <wb> b a t a aa t a aa <wb> h a uu q <wb> k a ei s a ee <wb> aa p a <wb> l a o g a <wb> k a r a t a ee <wb> h a o,C22 C0 C2 C23 <wb> C3 C0 C32 C0 C1 C32 C0 C1 <wb> C15 C0 C36 C23 <wb> C19 C0 C2 C30 C0 C11 <wb> C1 C28 C0 <wb> C21 C0 C26 C13 C0 <wb> C19 C0 C29 C0 C32 C0 C11 <wb> C15 C0 C26,train
7379,"आगरा में दलित युवा की हत्या हुई, किसी ने नहीं दिखाया.",1,2.972,1,,hindi_female_007379.wav,aa g a r a aa <wb> m a ee q <wb> d a l a i t a <wb> y a u w a aa <wb> k a ii <wb> h a t a y a aa <wb> h a u ii <wb> k a i s a ii <wb> n a ee <wb> n a h a ii q <wb> d a i kh a aa y a aa,C1 C13 C0 C29 C0 C1 <wb> C22 C0 C11 C23 <wb> C7 C0 C21 C0 C16 C32 C0 <wb> C38 C0 C36 C37 C0 C1 <wb> C19 C0 C16 <wb> C15 C0 C32 C0 C38 C0 C1 <wb> C15 C0 C36 C16 <wb> C19 C0 C16 C30 C0 C16 <wb> C24 C0 C11 <wb> C24 C0 C15 C0 C16 C23 <wb> C7 C0 C16 C20 C0 C1 C38 C0 C1,train
7381,"केरल में आरएसएस के एक कार्यकर्ता की हत्या पर, मीडिया रिपोर्टिंग पर उनकी टिप्पणी थी, आपने केरल में मारने वालों का उल्लेख नहीं किया.",1,7.58,0,not_selected_by_random,,,,
7386,"पत्रकार के तौर पर, उनसे साक्षात्कार, शायद सबसे मुश्किल कामों में से एक हो.",1,5.194,0,not_selected_by_random,,,,
7388,यहां यूपीए दौर की एक बात ज़रूर याद आती है.,1,3.245,0,not_selected_by_random,,,,
7396,"लेकिन उनके ताज़ा मीडिया संवाद से, कई लोग निराश हुए होंगे.",1,3.976,0,not_selected_by_random,,,,
7399,"उम्मीद है, आप हमें थोड़ा और गंभीरता से लेंगे.",1,2.717,1,,hindi_female_007399.wav,u m a m a ii d a <wb> h a ei <wb> aa p a <wb> h a m a ee q <wb> th a o dxq a aa <wb> ou r a <wb> g a q bh a ii r a t a aa <wb> s a ee <wb> l a ee q g a ee,C36 C22 C0 C22 C0 C16 C7 C0 <wb> C15 C0 C2 <wb> C1 C28 C0 <wb> C15 C0 C22 C0 C11 C23 <wb> C33 C0 C26 C9 C0 C1 <wb> C27 C29 C0 <wb> C13 C0 C23 C4 C0 C16 C29 C0 C32 C0 C1 <wb> C30 C0 C11 <wb> C21 C0 C11 C23 C13 C0 C11,train
7403,"इसे इस्तेमाल करते समय, आपको, एक अक्षर से दूसरे पर जाने के लिए, अपनी उंगली नहीं उठानी पड़ती है.",1,6.62,0,not_selected_by_random,,,,
7413,लेकिन कोई ज़रूरी नहीं है कि आप हमेशा ऐसा करें.,1,2.74,1,,hindi_female_007413.wav,l a ee k a i n a <wb> k a o ii <wb> z a r a uu r a ii <wb> n a h a ii q <wb> h a ei <wb> k a i <wb> aa p a <wb> h a m a ee sh a aa <wb> ei s a aa <wb> k a r a ee q,C21 C0 C11 C19 C0 C16 C24 C0 <wb> C19 C0 C26 C16 <wb> C17 C0 C29 C0 C36 C29 C0 C16 <wb> C24 C0 C15 C0 C16 C23 <wb> C15 C0 C2 <wb> C19 C0 C16 <wb> C1 C28 C0 <wb> C15 C0 C22 C0 C11 C31 C0 C1 <wb> C2 C30 C0 C1 <wb> C19 C0 C29 C0 C11 C23,train
7432,"जब भी किसी ब्रांड के फ़ोन के नए मॉडल लॉन्च होते हैं, तो उसके पुराने मॉडल, थोड़े कम समय में, मिल जाते हैं.",1,6.316,1,,hindi_female_007432.wav,j a b a <wb> bh a ii <wb> k a i s a ii <wb> b a r a aa q dx a <wb> k a ee <wb> f a o n a <wb> k a ee <wb> n a ee <wb> m a dx a l a <wb> l a n a c a <wb> h a o t a ee <wb> h a ei q <wb> t a o <wb> u s a k a ee <wb> p a u r a aa n a ee <wb> m a dx a l a <wb> th a o dxq a ee <wb> k a m a <wb> s a m a y a <wb> m a ee q <wb> m a i l a <wb> j a aa t a ee <wb> h a ei q,C17 C0 C3 C0 <wb> C4 C0 C16 <wb> C19 C0 C16 C30 C0 C16 <wb> C3 C0 C29 C0 C1 C23 C9 C0 <wb> C19 C0 C11 <wb> C12 C0 C26 C24 C0 <wb> C19 C0 C11 <wb> C24 C0 C11 <wb> C22 C0 C9 C0 C21 C0 <wb> C21 C0 C24 C0 C5 C0 <wb> C15 C0 C26 C32 C0 C11 <wb> C15 C0 C2 C23 <wb> C32 C0 C26 <wb> C36 C30 C0 C19 C0 C11 <wb> C28 C0 C36 C29 C0 C1 C24 C0 C11 <wb> C22 C0 C9 C0 C21 C0 <wb> C33 C0 C26 C9 C0 C11 <wb> C19 C0 C22 C0 <wb> C30 C0 C22 C0 C38 C0 <wb> C22 C0 C11 C23 <wb> C22 C0 C16 C21 C0 <wb> C17 C0 C1 C32 C0 C11 <wb> C15 C0 C2 C23,train
7433,इसलिए आपको ऐसे मौके की तलाश में रहना होगा.,1,2.647,1,,hindi_female_007433.wav,i s a l a i ee <wb> aa p a k a o <wb> ei s a ee <wb> m a ou k a ee <wb> k a ii <wb> t a l a aa sh a <wb> m a ee q <wb> r a h a n a aa <wb> h a o g a aa,C16 C30 C0 C21 C0 C16 C11 <wb> C1 C28 C0 C19 C0 C26 <wb> C2 C30 C0 C11 <wb> C22 C0 C27 C19 C0 C11 <wb> C19 C0 C16 <wb> C32 C0 C21 C0 C1 C31 C0 <wb> C22 C0 C11 C23 <wb> C29 C0 C15 C0 C24 C0 C1 <wb> C15 C0 C26 C13 C0 C1,train
7448,"पहले तो ये देखिए, कि वायरस की परेशानी क्या सिर्फ़ उसी समय होती है, जब आप एक ऐप चलाते हैं.",1,5.55,1,,hindi_female_007448.wav,p a h a l a ee <wb> t a o <wb> y a ee <wb> d a ee kh a i ee <wb> k a i <wb> w a aa y a r a s a <wb> k a ii <wb> p a r a ee sh a aa n a ii <wb> k a y a aa <wb> s a i r a f a <wb> u s a ii <wb> s a m a y a <wb> h a o t a ii <wb> h a ei <wb> j a b a <wb> aa p a <wb> ee k a <wb> ei p a <wb> c a l a aa t a ee <wb> h a ei q,C28 C0 C15 C0 C21 C0 C11 <wb> C32 C0 C26 <wb> C38 C0 C11 <wb> C7 C0 C11 C20 C0 C16 C11 <wb> C19 C0 C16 <wb> C37 C0 C1 C38 C0 C29 C0 C30 C0 <wb> C19 C0 C16 <wb> C28 C0 C29 C0 C11 C31 C0 C1 C24 C0 C16 <wb> C19 C0 C38 C0 C1 <wb> C30 C0 C16 C29 C0 C12 C0 <wb> C36 C30 C0 C16 <wb> C30 C0 C22 C0 C38 C0 <wb> C15 C0 C26 C32 C0 C16 <wb> C15 C0 C2 <wb> C17 C0 C3 C0 <wb> C1 C28 C0 <wb> C11 C19 C0 <wb> C2 C28 C0 <wb> C5 C0 C21 C0 C1 C32 C0 C11 <wb> C15 C0 C2 C23,train
7450,"और क्या ये परेशानी तब शुरू हुई, जब आपने कोई ऐप डाउनलोड किया था.",1,4.762,0,not_selected_by_random,,,,
7472,"सबसे पहले बात करते हैं, पिन पासवर्ड की.",1,2.368,1,,hindi_female_007472.wav,s a b a s a ee <wb> p a h a l a ee <wb> b a aa t a <wb> k a r a t a ee <wb> h a ei q <wb> p a i n a <wb> p a aa s a w a r a dx a <wb> k a ii,C30 C0 C3 C0 C30 C0 C11 <wb> C28 C0 C15 C0 C21 C0 C11 <wb> C3 C0 C1 C32 C0 <wb> C19 C0 C29 C0 C32 C0 C11 <wb> C15 C0 C2 C23 <wb> C28 C0 C16 C24 C0 <wb> C28 C0 C1 C30 C0 C37 C0 C29 C0 C9 C0 <wb> C19 C0 C16,train
7474,"लेकिन ये इस पर भी निर्भर करता है, कि आप कौन सा फ़ोन इस्तेमाल कर रहे है.",1,4.583,0,not_selected_by_random,,,,
7479,बस उसे आपके फ़ोन के साथ थोड़ा वक्त चाहिए.,1,3.219,0,not_selected_by_random,,,,
7492,सिक्योरिटी के लिए तरह-तरह की कोशिश की जा रही है.,1,3.019,1,,hindi_female_007492.wav,s a i k a y a o r a i tx a ii <wb> k a ee <wb> l a i ee <wb> t a r a h a <wb> t a r a h a <wb> k a ii <wb> k a o sh a i sh a <wb> k a ii <wb> j a aa <wb> r a h a ii <wb> h a ei,C30 C0 C16 C19 C0 C38 C0 C26 C29 C0 C16 C34 C0 C16 <wb> C19 C0 C11 <wb> C21 C0 C16 C11 <wb> C32 C0 C29 C0 C15 C0 <wb> C32 C0 C29 C0 C15 C0 <wb> C19 C0 C16 <wb> C19 C0 C26 C31 C0 C16 C31 C0 <wb> C19 C0 C16 <wb> C17 C0 C1 <wb> C29 C0 C15 C0 C16 <wb> C15 C0 C2,train
7500,इसको शुरू करना बहुत ही आसान है.,1,1.974,1,,hindi_female_007500.wav,i s a k a o <wb> sh a u r a uu <wb> k a r a n a aa <wb> b a h a u t a <wb> h a ii <wb> aa s a aa n a <wb> h a ei,C16 C30 C0 C19 C0 C26 <wb> C31 C0 C36 C29 C0 C36 <wb> C19 C0 C29 C0 C24 C0 C1 <wb> C3 C0 C15 C0 C36 C32 C0 <wb> C15 C0 C16 <wb> C1 C30 C0 C1 C24 C0 <wb> C15 C0 C2,train
7516,"हो सकता है, जब आपने कैमरा ऐप इस्तेमाल करना शुरू किया, उस समय ऐप ने आपसे ये इजाज़त मांगी थी.",1,5.689,1,,hindi_female_007516.wav,h a o <wb> s a k a t a aa <wb> h a ei <wb> j a b a <wb> aa p a n a ee <wb> k a ei m a r a aa <wb> ei p a <wb> i s a t a ee m a aa l a <wb> k a r a n a aa <wb> sh a u r a uu <wb> k a i y a aa <wb> u s a <wb> s a m a y a <wb> ei p a <wb> n a ee <wb> aa p a s a ee <wb> y a ee <wb> i j a aa z a t a <wb> m a aa q g a ii <wb> th a ii,C15 C0 C26 <wb> C30 C0 C19 C0 C32 C0 C1 <wb> C15 C0 C2 <wb> C17 C0 C3 C0 <wb> C1 C28 C0 C24 C0 C11 <wb> C19 C0 C2 C22 C0 C29 C0 C1 <wb> C2 C28 C0 <wb> C16 C30 C0 C32 C0 C11 C22 C0 C1 C21 C0 <wb> C19 C0 C29 C0 C24 C0 C1 <wb> C31 C0 C36 C29 C0 C36 <wb> C19 C0 C16 C38 C0 C1 <wb> C36 C30 C0 <wb> C30 C0 C22 C0 C38 C0 <wb> C2 C28 C0 <wb> C24 C0 C11 <wb> C1 C28 C0 C30 C0 C11 <wb> C38 C0 C11 <wb> C16 C17 C0 C1 C17 C0 C32 C0 <wb> C22 C0 C1 C23 C13 C0 C16 <wb> C33 C0 C16,train
7520,आप यहां पर अपने लोकेशन को एक या दो घंटे के लिए शेयर करने की इजाज़त दे सकते हैं.,1,5.508,0,not_selected_by_random,,,,
7524,लोगों को इसके बारे में जानकारी नहीं होती है.,1,2.963,0,not_selected_by_random,,,,
7525,"हो सकता है, आपने शुरुआत में अपने लोकेशन शेयर करने के लिए हामी भर दी होगी.",1,4.551,1,,hindi_female_007525.wav,h a o <wb> s a k a t a aa <wb> h a ei <wb> aa p a n a ee <wb> sh a u r a u aa t a <wb> m a ee q <wb> a p a n a ee <wb> l a o k a ee sh a n a <wb> sh a ee y a r a <wb> k a r a n a ee <wb> k a ee <wb> l a i ee <wb> h a aa m a ii <wb> bh a r a <wb> d a ii <wb> h a o g a ii,C15 C0 C26 <wb> C30 C0 C19 C0 C32 C0 C1 <wb> C15 C0 C2 <wb> C1 C28 C0 C24 C0 C11 <wb> C31 C0 C36 C29 C0 C36 C1 C32 C0 <wb> C22 C0 C11 C23 <wb> C0 C28 C0 C24 C0 C11 <wb> C21 C0 C26 C19 C0 C11 C31 C0 C24 C0 <wb> C31 C0 C11 C38 C0 C29 C0 <wb> C19 C0 C29 C0 C24 C0 C11 <wb> C19 C0 C11 <wb> C21 C0 C16 C11 <wb> C15 C0 C1 C22 C0 C16 <wb> C4 C0 C29 C0 <wb> C7 C0 C16 <wb> C15 C0 C26 C13 C0 C16,train
7529,"ऐसे ऐप का कहना है, कि वो चाहते हैं कि आपके पसंद का कोई पार्टनर आपके इलाक़े में ही मिल जाए.",1,5.567,0,not_selected_by_random,,,,
7530,इसलिए लोकेशन की जानकारी लेना ज़रूरी है.,1,2.485,1,,hindi_female_007530.wav,i s a l a i ee <wb> l a o k a ee sh a n a <wb> k a ii <wb> j a aa n a k a aa r a ii <wb> l a ee n a aa <wb> z a r a uu r a ii <wb> h a ei,C16 C30 C0 C21 C0 C16 C11 <wb> C21 C0 C26 C19 C0 C11 C31 C0 C24 C0 <wb> C19 C0 C16 <wb> C17 C0 C1 C24 C0 C19 C0 C1 C29 C0 C16 <wb> C21 C0 C11 C24 C0 C1 <wb> C17 C0 C29 C0 C36 C29 C0 C16 <wb> C15 C0 C2,train
7532,"ऐसी जानकारी देना ख़तरनाक हो सकता है, और ऐसे ऐप के लिए, लोकेशन को ऑफ़ कर के रखना ही, आपकी सुरक्षा के हित में होगा.",1,7.221,1,,hindi_female_007532.wav,ei s a ii <wb> j a aa n a k a aa r a ii <wb> d a ee n a aa <wb> khq a t a r a n a aa k a <wb> h a o <wb> s a k a t a aa <wb> h a ei <wb> ou r a <wb> ei s a ee <wb> ei p a <wb> k a ee <wb> l a i ee <wb> l a o k a ee sh a n a <wb> k a o <wb> ax f a <wb> k a r a <wb> k a ee <wb> r a kh a n a aa <wb> h a ii <wb> aa p a k a ii <wb> s a u r a k a sx a aa <wb> k a ee <wb> h a i t a <wb> m a ee q <wb> h a o g a aa,C2 C30 C0 C16 <wb> C17 C0 C1 C24 C0 C19 C0 C1 C29 C0 C16 <wb> C7 C0 C11 C24 C0 C1 <wb> C20 C0 C32 C0 C29 C0 C24 C0 C1 C19 C0 <wb> C15 C0 C26 <wb> C30 C0 C19 C0 C32 C0 C1 <wb> C15 C0 C2 <wb> C27 C29 C0 <wb> C2 C30 C0 C11 <wb> C2 C28 C0 <wb> C19 C0 C11 <wb> C21 C0 C16 C11 <wb> C21 C0 C26 C19 C0 C11 C31 C0 C24 C0 <wb> C19 C0 C26 <wb> C0 C12 C0 <wb> C19 C0 C29 C0 <wb> C19 C0 C11 <wb> C29 C0 C20 C0 C24 C0 C1 <wb> C15 C0 C16 <wb> C1 C28 C0 C19 C0 C16 <wb> C30 C0 C36 C29 C0 C19 C0 C31 C0 C1 <wb> C19 C0 C11 <wb> C15 C0 C16 C32 C0 <wb> C22 C0 C11 C23 <wb> C15 C0 C26 C13 C0 C1,train
7536,"बस एक बात का ध्यान रखना है, कि जब आप पोस्ट करेंगे, तो वो हमेशा करना होगा.",1,4.319,1,,hindi_female_007536.wav,b a s a <wb> ee k a <wb> b a aa t a <wb> k a aa <wb> dh a y a aa n a <wb> r a kh a n a aa <wb> h a ei <wb> k a i <wb> j a b a <wb> aa p a <wb> p a o s a tx a <wb> k a r a ee q g a ee <wb> t a o <wb> w a o <wb> h a m a ee sh a aa <wb> k a r a n a aa <wb> h a o g a aa,C3 C0 C30 C0 <wb> C11 C19 C0 <wb> C3 C0 C1 C32 C0 <wb> C19 C0 C1 <wb> C8 C0 C38 C0 C1 C24 C0 <wb> C29 C0 C20 C0 C24 C0 C1 <wb> C15 C0 C2 <wb> C19 C0 C16 <wb> C17 C0 C3 C0 <wb> C1 C28 C0 <wb> C28 C0 C26 C30 C0 C34 C0 <wb> C19 C0 C29 C0 C11 C23 C13 C0 C11 <wb> C32 C0 C26 <wb> C37 C0 C26 <wb> C15 C0 C22 C0 C11 C31 C0 C1 <wb> C19 C0 C29 C0 C24 C0 C1 <wb> C15 C0 C26 C13 C0 C1,train
7538,"जो भी वीडियो या तस्वीर आप पोस्ट करते हैं, वो ऐसे होने चाहिए, जो आपके दोस्तों के चेहरे पर एक मुस्कान ला दे.",1,6.409,1,,hindi_female_007538.wav,j a o <wb> bh a ii <wb> w a ii dx a i y a o <wb> y a aa <wb> t a s a w a ii r a <wb> aa p a <wb> p a o s a tx a <wb> k a r a t a ee <wb> h a ei q <wb> w a o <wb> ei s a ee <wb> h a o n a ee <wb> c a aa h a i ee <wb> j a o <wb> aa p a k a ee <wb> d a o s a t a o q <wb> k a ee <wb> c a ee h a r a ee <wb> p a r a <wb> ee k a <wb> m a u s a k a aa n a <wb> l a aa <wb> d a ee,C17 C0 C26 <wb> C4 C0 C16 <wb> C37 C0 C16 C9 C0 C16 C38 C0 C26 <wb> C38 C0 C1 <wb> C32 C0 C30 C0 C37 C0 C16 C29 C0 <wb> C1 C28 C0 <wb> C28 C0 C26 C30 C0 C34 C0 <wb> C19 C0 C29 C0 C32 C0 C11 <wb> C15 C0 C2 C23 <wb> C37 C0 C26 <wb> C2 C30 C0 C11 <wb> C15 C0 C26 C24 C0 C11 <wb> C5 C0 C1 C15 C0 C16 C11 <wb> C17 C0 C26 <wb> C1 C28 C0 C19 C0 C11 <wb> C7 C0 C26 C30 C0 C32 C0 C26 C23 <wb> C19 C0 C11 <wb> C5 C0 C11 C15 C0 C29 C0 C11 <wb> C28 C0 C29 C0 <wb> C11 C19 C0 <wb> C22 C0 C36 C30 C0 C19 C0 C1 C24 C0 <wb> C21 C0 C1 <wb> C7 C0 C11,train
7540,"लेकिन अगर आप ऐसे तस्वीर और वीडियो ढूंढ सकते हैं, तो दोस्तों के बीच आप हिट हो जाएंगे.",1,5.201,1,,hindi_female_007540.wav,l a ee k a i n a <wb> a g a r a <wb> aa p a <wb> ei s a ee <wb> t a s a w a ii r a <wb> ou r a <wb> w a ii dx a i y a o <wb> dxh a uu q dxh a <wb> s a k a t a ee <wb> h a ei q <wb> t a o <wb> d a o s a t a o q <wb> k a ee <wb> b a ii c a <wb> aa p a <wb> h a i tx a <wb> h a o <wb> j a aa ee q g a ee,C21 C0 C11 C19 C0 C16 C24 C0 <wb> C0 C13 C0 C29 C0 <wb> C1 C28 C0 <wb> C2 C30 C0 C11 <wb> C32 C0 C30 C0 C37 C0 C16 C29 C0 <wb> C27 C29 C0 <wb> C37 C0 C16 C9 C0 C16 C38 C0 C26 <wb> C10 C0 C36 C23 C10 C0 <wb> C30 C0 C19 C0 C32 C0 C11 <wb> C15 C0 C2 C23 <wb> C32 C0 C26 <wb> C7 C0 C26 C30 C0 C32 C0 C26 C23 <wb> C19 C0 C11 <wb> C3 C0 C16 C5 C0 <wb> C1 C28 C0 <wb> C15 C0 C16 C34 C0 <wb> C15 C0 C26 <wb> C17 C0 C1 C11 C23 C13 C0 C11,train
7541,"कभी कभी किसी त्यौहार के दौरान, या अपने जन्मदिन के दिन भी, आपके पोस्ट से, लोगों को ख़ुशी होगी, और वो आपके पोस्ट फ़ोटो या वीडियो को लाइक कर सकते हैं.",1,9.845,1,,hindi_female_007541.wav,k a bh a ii <wb> k a bh a ii <wb> k a i s a ii <wb> t a y a ou h a aa r a <wb> k a ee <wb> d a ou r a aa n a <wb> y a aa <wb> a p a n a ee <wb> j a n a m a d a i n a <wb> k a ee <wb> d a i n a <wb> bh a ii <wb> aa p a k a ee <wb> p a o s a tx a <wb> s a ee <wb> l a o g a o q <wb> k a o <wb> khq a u sh a ii <wb> h a o g a ii <wb> ou r a <wb> w a o <wb> aa p a k a ee <wb> p a o s a tx a <wb> f a o tx a o <wb> y a aa <wb> w a ii dx a i y a o <wb> k a o <wb> l a aa i k a <wb> k a r a <wb> s a k a t a ee <wb> h a ei q,C19 C0 C4 C0 C16 <wb> C19 C0 C4 C0 C16 <wb> C19 C0 C16 C30 C0 C16 <wb> C32 C0 C38 C0 C27 C15 C0 C1 C29 C0 <wb> C19 C0 C11 <wb> C7 C0 C27 C29 C0 C1 C24 C0 <wb> C38 C0 C1 <wb> C0 C28 C0 C24 C0 C11 <wb> C17 C0 C24 C0 C22 C0 C7 C0 C16 C24 C0 <wb> C19 C0 C11 <wb> C7 C0 C16 C24 C0 <wb> C4 C0 C16 <wb> C1 C28 C0 C19 C0 C11 <wb> C28 C0 C26 C30 C0 C34 C0 <wb> C30 C0 C11 <wb> C21 C0 C26 C13 C0 C26 C23 <wb> C19 C0 C26 <wb> C20 C0 C36 C31 C0 C16 <wb> C15 C0 C26 C13 C0 C16 <wb> C27 C29 C0 <wb> C37 C0 C26 <wb> C1 C28 C0 C19 C0 C11 <wb> C28 C0 C26 C30 C0 C34 C0 <wb> C12 C0 C26 C34 C0 C26 <wb> C38 C0 C1 <wb> C37 C0 C16 C9 C0 C16 C38 C0 C26 <wb> C19 C0 C26 <wb> C21 C0 C1 C16 C19 C0 <wb> C19 C0 C29 C0 <wb> C30 C0 C19 C0 C32 C0 C11 <wb> C15 C0 C2 C23,train
7557,"इस संबंधित आदेश का मेल, सरकार के सभी विभागों को भी भेजा गया है.",1,4.976,0,not_selected_by_random,,,,
7560,इससे युवाओं में अच्छा संदेश जाएगा.,1,2.531,0,not_selected_by_random,,,,
7561,"बुधवार से देशभर में बढ़ा हुआ सर्विस टैक्स लागू हो गया, जिससे आपकी जेब पर असर पड़ सकता है.",1,6.358,0,not_selected_by_random,,,,
7564,"पाँच फ़ीसदी से बढ़ाकर, पंद्रह फ़ीसदी कर दिया गया है.",1,3.585,0,not_selected_by_random,,,,
7572,"उनके मुताबिक संभव है, कि ये सेस, कम अवधि के लिए लगाया जाए, लेकिन अगर कृषि के उत्पाद को बढ़ाना है, तो निवेश आना बहुत ज़रूरी है.",1,7.732,1,,hindi_female_007572.wav,u n a k a ee <wb> m a u t a aa b a i k a <wb> s a q bh a w a <wb> h a ei <wb> k a i <wb> y a ee <wb> s a ee s a <wb> k a m a <wb> a w a dh a i <wb> k a ee <wb> l a i ee <wb> l a g a aa y a aa <wb> j a aa ee <wb> l a ee k a i n a <wb> a g a r a <wb> k a rq sx a i <wb> k a ee <wb> u t a p a aa d a <wb> k a o <wb> b a dxhq a aa n a aa <wb> h a ei <wb> t a o <wb> n a i w a ee sh a <wb> aa n a aa <wb> b a h a u t a <wb> z a r a uu r a ii <wb> h a ei,C36 C24 C0 C19 C0 C11 <wb> C22 C0 C36 C32 C0 C1 C3 C0 C16 C19 C0 <wb> C30 C0 C23 C4 C0 C37 C0 <wb> C15 C0 C2 <wb> C19 C0 C16 <wb> C38 C0 C11 <wb> C30 C0 C11 C30 C0 <wb> C19 C0 C22 C0 <wb> C0 C37 C0 C8 C0 C16 <wb> C19 C0 C11 <wb> C21 C0 C16 C11 <wb> C21 C0 C13 C0 C1 C38 C0 C1 <wb> C17 C0 C1 C11 <wb> C21 C0 C11 C19 C0 C16 C24 C0 <wb> C0 C13 C0 C29 C0 <wb> C19 C0 C29 C31 C0 C16 <wb> C19 C0 C11 <wb> C36 C32 C0 C28 C0 C1 C7 C0 <wb> C19 C0 C26 <wb> C3 C0 C10 C0 C1 C24 C0 C1 <wb> C15 C0 C2 <wb> C32 C0 C26 <wb> C24 C0 C16 C37 C0 C11 C31 C0 <wb> C1 C24 C0 C1 <wb> C3 C0 C15 C0 C36 C32 C0 <wb> C17 C0 C29 C0 C36 C29 C0 C16 <wb> C15 C0 C2,train
7580,इस पर पाकिस्तान में काफ़ी विवाद भी हुआ.,1,2.299,1,,hindi_female_007580.wav,i s a <wb> p a r a <wb> p a aa k a i s a t a aa n a <wb> m a ee q <wb> k a aa f a ii <wb> w a i w a aa d a <wb> bh a ii <wb> h a u aa,C16 C30 C0 <wb> C28 C0 C29 C0 <wb> C28 C0 C1 C19 C0 C16 C30 C0 C32 C0 C1 C24 C0 <wb> C22 C0 C11 C23 <wb> C19 C0 C1 C12 C0 C16 <wb> C37 C0 C16 C37 C0 C1 C7 C0 <wb> C4 C0 C16 <wb> C15 C0 C36 C1,train
7581,"हालांकि ऐसे पाकिस्तानी कलाकारों की कमी नहीं है, जो भारत में भी उतने ही लोकप्रिय हैं, जितने पाकिस्तान में.",1,6.963,0,not_selected_by_random,,,,
7597,"मरने वालों में, दो सांसद भी शामिल हैं, जो उस होटल में रह रहे थे.",1,4.378,0,not_selected_by_random,,,,
7602,"इस धमाके की वजह से, कम से कम चालीस लोगों के घायल होने की ख़बर है.",1,4.777,0,not_selected_by_random,,,,
7617,"इसका निर्माण, तय समय और बजट में हुआ है.",1,3.128,0,not_selected_by_random,,,,
7622,"उसने बताया है कि माँ ने भरोसा दिया है, कि वो उसे जल्दी अपने पास बुला लेगी.",1,4.598,1,,hindi_female_007622.wav,u s a n a ee <wb> b a t a aa y a aa <wb> h a ei <wb> k a i <wb> m a aa mq <wb> n a ee <wb> bh a r a o s a aa <wb> d a i y a aa <wb> h a ei <wb> k a i <wb> w a o <wb> u s a ee <wb> j a l a d a ii <wb> a p a n a ee <wb> p a aa s a <wb> b a u l a aa <wb> l a ee g a ii,C36 C30 C0 C24 C0 C11 <wb> C3 C0 C32 C0 C1 C38 C0 C1 <wb> C15 C0 C2 <wb> C19 C0 C16 <wb> C22 C0 C1 C23 <wb> C24 C0 C11 <wb> C4 C0 C29 C0 C26 C30 C0 C1 <wb> C7 C0 C16 C38 C0 C1 <wb> C15 C0 C2 <wb> C19 C0 C16 <wb> C37 C0 C26 <wb> C36 C30 C0 C11 <wb> C17 C0 C21 C0 C7 C0 C16 <wb> C0 C28 C0 C24 C0 C11 <wb> C28 C0 C1 C30 C0 <wb> C3 C0 C36 C21 C0 C1 <wb> C21 C0 C11 C13 C0 C16,train
7638,हमने उसे साबित करने के लिए कहा है.,1,1.974,1,,hindi_female_007638.wav,h a m a n a ee <wb> u s a ee <wb> s a aa b a i t a <wb> k a r a n a ee <wb> k a ee <wb> l a i ee <wb> k a h a aa <wb> h a ei,C15 C0 C22 C0 C24 C0 C11 <wb> C36 C30 C0 C11 <wb> C30 C0 C1 C3 C0 C16 C32 C0 <wb> C19 C0 C29 C0 C24 C0 C11 <wb> C19 C0 C11 <wb> C21 C0 C16 C11 <wb> C19 C0 C15 C0 C1 <wb> C15 C0 C2,train
7640,"ये दो देशों का मामला है, इसलिए यात्रा की इजाज़त लेना, कोर्ट की इजाज़त लेना ज़रूरी है.",1,5.852,0,not_selected_by_random,,,,
7643,"दिल्ली में बहुत खोजने के बाद, उन्होंने बच्चे की मां, और उनके पिता को ढूंढ़ निकाला.",1,4.621,1,,hindi_female_007643.wav,d a i l a l a ii <wb> m a ee q <wb> b a h a u t a <wb> kh a o j a n a ee <wb> k a ee <wb> b a aa d a <wb> u n a h a o q n a ee <wb> b a c a c a ee <wb> k a ii <wb> m a aa q <wb> ou r a <wb> u n a k a ee <wb> p a i t a aa <wb> k a o <wb> dxh a uu q dxhq a <wb> n a i k a aa l a aa,C7 C0 C16 C21 C0 C21 C0 C16 <wb> C22 C0 C11 C23 <wb> C3 C0 C15 C0 C36 C32 C0 <wb> C20 C0 C26 C17 C0 C24 C0 C11 <wb> C19 C0 C11 <wb> C3 C0 C1 C7 C0 <wb> C36 C24 C0 C15 C0 C26 C23 C24 C0 C11 <wb> C3 C0 C5 C0 C5 C0 C11 <wb> C19 C0 C16 <wb> C22 C0 C1 C23 <wb> C27 C29 C0 <wb> C36 C24 C0 C19 C0 C11 <wb> C28 C0 C16 C32 C0 C1 <wb> C19 C0 C26 <wb> C10 C0 C36 C23 C10 C0 <wb> C24 C0 C16 C19 C0 C1 C21 C0 C1,train
7644,"फिर वो वहाँ के मुख्यमंत्री से मिले, और उनके सामने पूरे मामले को पेश किया.",1,4.226,1,,hindi_female_007644.wav,ph a i r a <wb> w a o <wb> w a h a aa mq <wb> k a ee <wb> m a u kh a y a m a q t a r a ii <wb> s a ee <wb> m a i l a ee <wb> ou r a <wb> u n a k a ee <wb> s a aa m a n a ee <wb> p a uu r a ee <wb> m a aa m a l a ee <wb> k a o <wb> p a ee sh a <wb> k a i y a aa,C12 C0 C16 C29 C0 <wb> C37 C0 C26 <wb> C37 C0 C15 C0 C1 C23 <wb> C19 C0 C11 <wb> C22 C0 C36 C20 C0 C38 C0 C22 C0 C23 C32 C0 C29 C0 C16 <wb> C30 C0 C11 <wb> C22 C0 C16 C21 C0 C11 <wb> C27 C29 C0 <wb> C36 C24 C0 C19 C0 C11 <wb> C30 C0 C1 C22 C0 C24 C0 C11 <wb> C28 C0 C36 C29 C0 C11 <wb> C22 C0 C1 C22 C0 C21 C0 C11 <wb> C19 C0 C26 <wb> C28 C0 C11 C31 C0 <wb> C19 C0 C16 C38 C0 C1,train
7649,बड़ी मुश्किल से खाने के लिए पैसे जुटा पा रही हैं.,1,3.342,0,not_selected_by_random,,,,
7650,इसलिए बेटा-बेटी को मेरे पास छोड़ गए.,1,2.276,1,,hindi_female_007650.wav,i s a l a i ee <wb> b a ee tx a aa <wb> b a ee tx a ii <wb> k a o <wb> m a ee r a ee <wb> p a aa s a <wb> ch a o dxq a <wb> g a ee,C16 C30 C0 C21 C0 C16 C11 <wb> C3 C0 C11 C34 C0 C1 <wb> C3 C0 C11 C34 C0 C16 <wb> C19 C0 C26 <wb> C22 C0 C11 C29 C0 C11 <wb> C28 C0 C1 C30 C0 <wb> C6 C0 C26 C9 C0 <wb> C13 C0 C11,train
7666,"वो कहते हैं, मुझे रहमान साहब के साथ काम करना है.",1,3.718,0,not_selected_by_random,,,,
7696,"कैलाश कहते हैं, कि नाम से ही ज़ाहिर हो रहा है, कि बात इश्क़ की हो रही है.",1,4.644,1,,hindi_female_007696.wav,k a ei l a aa sh a <wb> k a h a t a ee <wb> h a ei q <wb> k a i <wb> n a aa m a <wb> s a ee <wb> h a ii <wb> z a aa h a i r a <wb> h a o <wb> r a h a aa <wb> h a ei <wb> k a i <wb> b a aa t a <wb> i sh a kq a <wb> k a ii <wb> h a o <wb> r a h a ii <wb> h a ei,C19 C0 C2 C21 C0 C1 C31 C0 <wb> C19 C0 C15 C0 C32 C0 C11 <wb> C15 C0 C2 C23 <wb> C19 C0 C16 <wb> C24 C0 C1 C22 C0 <wb> C30 C0 C11 <wb> C15 C0 C16 <wb> C17 C0 C1 C15 C0 C16 C29 C0 <wb> C15 C0 C26 <wb> C29 C0 C15 C0 C1 <wb> C15 C0 C2 <wb> C19 C0 C16 <wb> C3 C0 C1 C32 C0 <wb> C16 C31 C0 C19 C0 <wb> C19 C0 C16 <wb> C15 C0 C26 <wb> C29 C0 C15 C0 C16 <wb> C15 C0 C2,train
7698,"मैं प्रकृति के हर तत्व में प्रेम देखता हूँ, जब तक जीवन है, तब तक इश्क़ है.",1,5.38,0,not_selected_by_random,,,,
7699,"कैलाश कहते हैं, मैंने मात्र तेरह साल की उम्र में अपना घर छोड़ दिया था.",1,4.435,1,,hindi_female_007699.wav,k a ei l a aa sh a <wb> k a h a t a ee <wb> h a ei q <wb> m a ei q n a ee <wb> m a aa t a r a <wb> t a ee r a h a <wb> s a aa l a <wb> k a ii <wb> u m a r a <wb> m a ee q <wb> a p a n a aa <wb> gh a r a <wb> ch a o dxq a <wb> d a i y a aa <wb> th a aa,C19 C0 C2 C21 C0 C1 C31 C0 <wb> C19 C0 C15 C0 C32 C0 C11 <wb> C15 C0 C2 C23 <wb> C22 C0 C2 C23 C24 C0 C11 <wb> C22 C0 C1 C32 C0 C29 C0 <wb> C32 C0 C11 C29 C0 C15 C0 <wb> C30 C0 C1 C21 C0 <wb> C19 C0 C16 <wb> C36 C22 C0 C29 C0 <wb> C22 C0 C11 C23 <wb> C0 C28 C0 C24 C0 C1 <wb> C14 C0 C29 C0 <wb> C6 C0 C26 C9 C0 <wb> C7 C0 C16 C38 C0 C1 <wb> C33 C0 C1,train
7740,"लेकिन उनकी असली प्रतिभा, उनके दिमाग़ में थी.",1,2.763,1,,hindi_female_007740.wav,l a ee k a i n a <wb> u n a k a ii <wb> a s a l a ii <wb> p a r a t a i bh a aa <wb> u n a k a ee <wb> d a i m a aa gq a <wb> m a ee q <wb> th a ii,C21 C0 C11 C19 C0 C16 C24 C0 <wb> C36 C24 C0 C19 C0 C16 <wb> C0 C30 C0 C21 C0 C16 <wb> C28 C0 C29 C0 C32 C0 C16 C4 C0 C1 <wb> C36 C24 C0 C19 C0 C11 <wb> C7 C0 C16 C22 C0 C1 C13 C0 <wb> C22 C0 C11 C23 <wb> C33 C0 C16,train
7748,"जब वो इस तरह का पास आपको देते थे, तो ज़ाहिर है आप उसे हर हाल में गोल में डालना चाहते थे.",1,6.213,0,not_selected_by_random,,,,
7750,"जब उनसे बाद में उनकी इस अजीब सी हरकत का कारण पूछा गया, तो उनका जवाब था, अगर उस पास पर भी बाबू गोल नहीं मार पाते, तो उन्हें मेरी टीम में रहने का कोई हक़ नहीं था.",1,9.985,1,,hindi_female_007750.wav,j a b a <wb> u n a s a ee <wb> b a aa d a <wb> m a ee q <wb> u n a k a ii <wb> i s a <wb> a j a ii b a <wb> s a ii <wb> h a r a k a t a <wb> k a aa <wb> k a aa r a nx a <wb> p a uu ch a aa <wb> g a y a aa <wb> t a o <wb> u n a k a aa <wb> j a w a aa b a <wb> th a aa <wb> a g a r a <wb> u s a <wb> p a aa s a <wb> p a r a <wb> bh a ii <wb> b a aa b a uu <wb> g a o l a <wb> n a h a ii q <wb> m a aa r a <wb> p a aa t a ee <wb> t a o <wb> u n a h a ee q <wb> m a ee r a ii <wb> tx a ii m a <wb> m a ee q <wb> r a h a n a ee <wb> k a aa <wb> k a o ii <wb> h a kq a <wb> n a h a ii q <wb> th a aa,C17 C0 C3 C0 <wb> C36 C24 C0 C30 C0 C11 <wb> C3 C0 C1 C7 C0 <wb> C22 C0 C11 C23 <wb> C36 C24 C0 C19 C0 C16 <wb> C16 C30 C0 <wb> C0 C17 C0 C16 C3 C0 <wb> C30 C0 C16 <wb> C15 C0 C29 C0 C19 C0 C32 C0 <wb> C19 C0 C1 <wb> C19 C0 C1 C29 C0 C25 C0 <wb> C28 C0 C36 C6 C0 C1 <wb> C13 C0 C38 C0 C1 <wb> C32 C0 C26 <wb> C36 C24 C0 C19 C0 C1 <wb> C17 C0 C37 C0 C1 C3 C0 <wb> C33 C0 C1 <wb> C0 C13 C0 C29 C0 <wb> C36 C30 C0 <wb> C28 C0 C1 C30 C0 <wb> C28 C0 C29 C0 <wb> C4 C0 C16 <wb> C3 C0 C1 C3 C0 C36 <wb> C13 C0 C26 C21 C0 <wb> C24 C0 C15 C0 C16 C23 <wb> C22 C0 C1 C29 C0 <wb> C28 C0 C1 C32 C0 C11 <wb> C32 C0 C26 <wb> C36 C24 C0 C15 C0 C11 C23 <wb> C22 C0 C11 C29 C0 C16 <wb> C34 C0 C16 C22 C0 <wb> C22 C0 C11 C23 <wb> C29 C0 C15 C0 C24 C0 C11 <wb> C19 C0 C1 <wb> C19 C0 C26 C16 <wb> C15 C0 C19 C0 <wb> C24 C0 C15 C0 C16 C23 <wb> C33 C0 C1,test
7751,"इस हार ने हमें इतना हिला कर रख दिया, कि हम पूरी रात सो नहीं पाए.",1,4.738,0,not_selected_by_random,,,,
7767,"सिर्फ़ जर्मन खिलाड़ियों को ये दिखाया जाए, कि गेंद पर नियंत्रण, कैसे किया जाता है.",1,5.249,0,not_selected_by_random,,,,
7774,"उन्होंने पूछा, कि इस टीम में अशोक कुमार कौन हैं.",1,2.972,1,,hindi_female_007774.wav,u n a h a o q n a ee <wb> p a uu ch a aa <wb> k a i <wb> i s a <wb> tx a ii m a <wb> m a ee q <wb> a sh a o k a <wb> k a u m a aa r a <wb> k a ou n a <wb> h a ei q,C36 C24 C0 C15 C0 C26 C23 C24 C0 C11 <wb> C28 C0 C36 C6 C0 C1 <wb> C19 C0 C16 <wb> C16 C30 C0 <wb> C34 C0 C16 C22 C0 <wb> C22 C0 C11 C23 <wb> C0 C31 C0 C26 C19 C0 <wb> C19 C0 C36 C22 C0 C1 C29 C0 <wb> C19 C0 C27 C24 C0 <wb> C15 C0 C2 C23,train
7776,तुम्हारे पिता इतने महान खिलाड़ी थे.,1,2.229,1,,hindi_female_007776.wav,t a u m a h a aa r a ee <wb> p a i t a aa <wb> i t a n a ee <wb> m a h a aa n a <wb> kh a i l a aa dxq a ii <wb> th a ee,C32 C0 C36 C22 C0 C15 C0 C1 C29 C0 C11 <wb> C28 C0 C16 C32 C0 C1 <wb> C16 C32 C0 C24 C0 C11 <wb> C22 C0 C15 C0 C1 C24 C0 <wb> C20 C0 C16 C21 C0 C1 C9 C0 C16 <wb> C33 C0 C11,train
7780,गेंद को वो अपने पास रखते ही नहीं थे.,1,2.09,1,,hindi_female_007780.wav,g a ee q d a <wb> k a o <wb> w a o <wb> a p a n a ee <wb> p a aa s a <wb> r a kh a t a ee <wb> h a ii <wb> n a h a ii q <wb> th a ee,C13 C0 C11 C23 C7 C0 <wb> C19 C0 C26 <wb> C37 C0 C26 <wb> C0 C28 C0 C24 C0 C11 <wb> C28 C0 C1 C30 C0 <wb> C29 C0 C20 C0 C32 C0 C11 <wb> C15 C0 C16 <wb> C24 C0 C15 C0 C16 C23 <wb> C33 C0 C11,test
7781,"गेंद आते ही, वो उसे अपने साथी खिलाड़ी को पास कर देते थे.",1,4.087,1,,hindi_female_007781.wav,g a ee q d a <wb> aa t a ee <wb> h a ii <wb> w a o <wb> u s a ee <wb> a p a n a ee <wb> s a aa th a ii <wb> kh a i l a aa dxq a ii <wb> k a o <wb> p a aa s a <wb> k a r a <wb> d a ee t a ee <wb> th a ee,C13 C0 C11 C23 C7 C0 <wb> C1 C32 C0 C11 <wb> C15 C0 C16 <wb> C37 C0 C26 <wb> C36 C30 C0 C11 <wb> C0 C28 C0 C24 C0 C11 <wb> C30 C0 C1 C33 C0 C16 <wb> C20 C0 C16 C21 C0 C1 C9 C0 C16 <wb> C19 C0 C26 <wb> C28 C0 C1 C30 C0 <wb> C19 C0 C29 C0 <wb> C7 C0 C11 C32 C0 C11 <wb> C33 C0 C11,train
7787,"मुझे ताज्जुब है, कि आप में से कोई आधे समय तक एक गोल भी नहीं कर पाया.",1,4.481,1,,hindi_female_007787.wav,m a u jh a ee <wb> t a aa j a j a u b a <wb> h a ei <wb> k a i <wb> aa p a <wb> m a ee q <wb> s a ee <wb> k a o ii <wb> aa dh a ee <wb> s a m a y a <wb> t a k a <wb> ee k a <wb> g a o l a <wb> bh a ii <wb> n a h a ii q <wb> k a r a <wb> p a aa y a aa,C22 C0 C36 C18 C0 C11 <wb> C32 C0 C1 C17 C0 C17 C0 C36 C3 C0 <wb> C15 C0 C2 <wb> C19 C0 C16 <wb> C1 C28 C0 <wb> C22 C0 C11 C23 <wb> C30 C0 C11 <wb> C19 C0 C26 C16 <wb> C1 C8 C0 C11 <wb> C30 C0 C22 C0 C38 C0 <wb> C32 C0 C19 C0 <wb> C11 C19 C0 <wb> C13 C0 C26 C21 C0 <wb> C4 C0 C16 <wb> C24 C0 C15 C0 C16 C23 <wb> C19 C0 C29 C0 <wb> C28 C0 C1 C38 C0 C1,train
7808,"पहले दौर में, उन्हें वॉक ओवर मिल गया.",1,2.658,0,not_selected_by_random,,,,
7831,"मगर, फिर भी इंसान अक्सर लाचार नज़र आता है.",1,3.471,0,not_selected_by_random,,,,
7839,"मगर सच तो ये है, कि इंसान की ये सोच, बुरी तरह नाकाम साबित हुई है.",1,4.853,1,,hindi_female_007839.wav,m a g a r a <wb> s a c a <wb> t a o <wb> y a ee <wb> h a ei <wb> k a i <wb> i q s a aa n a <wb> k a ii <wb> y a ee <wb> s a o c a <wb> b a u r a ii <wb> t a r a h a <wb> n a aa k a aa m a <wb> s a aa b a i t a <wb> h a u ii <wb> h a ei,C22 C0 C13 C0 C29 C0 <wb> C30 C0 C5 C0 <wb> C32 C0 C26 <wb> C38 C0 C11 <wb> C15 C0 C2 <wb> C19 C0 C16 <wb> C16 C23 C30 C0 C1 C24 C0 <wb> C19 C0 C16 <wb> C38 C0 C11 <wb> C30 C0 C26 C5 C0 <wb> C3 C0 C36 C29 C0 C16 <wb> C32 C0 C29 C0 C15 C0 <wb> C24 C0 C1 C19 C0 C1 C22 C0 <wb> C30 C0 C1 C3 C0 C16 C32 C0 <wb> C15 C0 C36 C16 <wb> C15 C0 C2,train
7844,बल्कि सदियों से ऐसा होता आया है.,1,2.09,1,,hindi_female_007844.wav,b a l a k a i <wb> s a d a i y a o q <wb> s a ee <wb> ei s a aa <wb> h a o t a aa <wb> aa y a aa <wb> h a ei,C3 C0 C21 C0 C19 C0 C16 <wb> C30 C0 C7 C0 C16 C38 C0 C26 C23 <wb> C30 C0 C11 <wb> C2 C30 C0 C1 <wb> C15 C0 C26 C32 C0 C1 <wb> C1 C38 C0 C1 <wb> C15 C0 C2,train
7864,"यहां का मौसम, कभी-कभी इतना भयानक होता है, कि जीना मुश्किल हो जाए.",1,4.903,0,not_selected_by_random,,,,
7866,"जिनकी मदद से, वो इतने बुरे माहौल में भी हज़ारों लाखों साल से रह रहे हैं.",1,5.039,1,,hindi_female_007866.wav,j a i n a k a ii <wb> m a d a d a <wb> s a ee <wb> w a o <wb> i t a n a ee <wb> b a u r a ee <wb> m a aa h a ou l a <wb> m a ee q <wb> bh a ii <wb> h a z a aa r a o q <wb> l a aa kh a o q <wb> s a aa l a <wb> s a ee <wb> r a h a <wb> r a h a ee <wb> h a ei q,C17 C0 C16 C24 C0 C19 C0 C16 <wb> C22 C0 C7 C0 C7 C0 <wb> C30 C0 C11 <wb> C37 C0 C26 <wb> C16 C32 C0 C24 C0 C11 <wb> C3 C0 C36 C29 C0 C11 <wb> C22 C0 C1 C15 C0 C27 C21 C0 <wb> C22 C0 C11 C23 <wb> C4 C0 C16 <wb> C15 C0 C17 C0 C1 C29 C0 C26 C23 <wb> C21 C0 C1 C20 C0 C26 C23 <wb> C30 C0 C1 C21 C0 <wb> C30 C0 C11 <wb> C29 C0 C15 C0 <wb> C29 C0 C15 C0 C11 <wb> C15 C0 C2 C23,train
7867,"असल में धरती के अलग-अलग हिस्सों में, एक से एक ख़राब मौसम मिलते हैं.",1,4.319,1,,hindi_female_007867.wav,a s a l a <wb> m a ee q <wb> dh a r a t a ii <wb> k a ee <wb> a l a g a <wb> a l a g a <wb> h a i s a s a o q <wb> m a ee q <wb> ee k a <wb> s a ee <wb> ee k a <wb> khq a r a aa b a <wb> m a ou s a m a <wb> m a i l a t a ee <wb> h a ei q,C0 C30 C0 C21 C0 <wb> C22 C0 C11 C23 <wb> C8 C0 C29 C0 C32 C0 C16 <wb> C19 C0 C11 <wb> C0 C21 C0 C13 C0 <wb> C0 C21 C0 C13 C0 <wb> C15 C0 C16 C30 C0 C30 C0 C26 C23 <wb> C22 C0 C11 C23 <wb> C11 C19 C0 <wb> C30 C0 C11 <wb> C11 C19 C0 <wb> C20 C0 C29 C0 C1 C3 C0 <wb> C22 C0 C27 C30 C0 C22 C0 <wb> C22 C0 C16 C21 C0 C32 C0 C11 <wb> C15 C0 C2 C23,train
7869,मगर यहां भी कई तरह के जीव मिल जाते हैं.,1,2.624,1,,hindi_female_007869.wav,m a g a r a <wb> y a h a aa q <wb> bh a ii <wb> k a ii <wb> t a r a h a <wb> k a ee <wb> j a ii w a <wb> m a i l a <wb> j a aa t a ee <wb> h a ei q,C22 C0 C13 C0 C29 C0 <wb> C38 C0 C15 C0 C1 C23 <wb> C4 C0 C16 <wb> C19 C0 C16 <wb> C32 C0 C29 C0 C15 C0 <wb> C19 C0 C11 <wb> C17 C0 C16 C37 C0 <wb> C22 C0 C16 C21 C0 <wb> C17 C0 C1 C32 C0 C11 <wb> C15 C0 C2 C23,train
7870,"उनमें से ज़्यादातर, समंदर के भीतर ही मिलते हैं.",1,3.382,0,not_selected_by_random,,,,
7882,"तो उसका जवाब ये है, कि प्रकृति के पास तो हर सवाल का जवाब है.",1,3.506,1,,hindi_female_007882.wav,t a o <wb> u s a k a aa <wb> j a w a aa b a <wb> y a ee <wb> h a ei <wb> k a i <wb> p a r a k a rq t a i <wb> k a ee <wb> p a aa s a <wb> t a o <wb> h a r a <wb> s a w a aa l a <wb> k a aa <wb> j a w a aa b a <wb> h a ei,C32 C0 C26 <wb> C36 C30 C0 C19 C0 C1 <wb> C17 C0 C37 C0 C1 C3 C0 <wb> C38 C0 C11 <wb> C15 C0 C2 <wb> C19 C0 C16 <wb> C28 C0 C29 C0 C19 C0 C29 C32 C0 C16 <wb> C19 C0 C11 <wb> C28 C0 C1 C30 C0 <wb> C32 C0 C26 <wb> C15 C0 C29 C0 <wb> C30 C0 C37 C0 C1 C21 C0 <wb> C19 C0 C1 <wb> C17 C0 C37 C0 C1 C3 C0 <wb> C15 C0 C2,train
7889,"इनके अलावा, इंसान के काम आने वाली और भी बहुत सी चीज़ें समुद्र में मिलने की उम्मीद है.",1,5.178,1,,hindi_female_007889.wav,i n a k a ee <wb> a l a aa w a aa <wb> i q s a aa n a <wb> k a ee <wb> k a aa m a <wb> aa n a ee <wb> w a aa l a ii <wb> ou r a <wb> bh a ii <wb> b a h a u t a <wb> s a ii <wb> c a ii z a ee q <wb> s a m a u d a r a <wb> m a ee q <wb> m a i l a n a ee <wb> k a ii <wb> u m a m a ii d a <wb> h a ei,C16 C24 C0 C19 C0 C11 <wb> C0 C21 C0 C1 C37 C0 C1 <wb> C16 C23 C30 C0 C1 C24 C0 <wb> C19 C0 C11 <wb> C19 C0 C1 C22 C0 <wb> C1 C24 C0 C11 <wb> C37 C0 C1 C21 C0 C16 <wb> C27 C29 C0 <wb> C4 C0 C16 <wb> C3 C0 C15 C0 C36 C32 C0 <wb> C30 C0 C16 <wb> C5 C0 C16 C17 C0 C11 C23 <wb> C30 C0 C22 C0 C36 C7 C0 C29 C0 <wb> C22 C0 C11 C23 <wb> C22 C0 C16 C21 C0 C24 C0 C11 <wb> C19 C0 C16 <wb> C36 C22 C0 C22 C0 C16 C7 C0 <wb> C15 C0 C2,val
7893,उन्होंने उन्नीस सौ अस्सी में नार्वे के मछली उद्योग को भारी तबाही से बचाया था.,1,4.892,0,not_selected_by_random,,,,
7895,"इनका कारोबार, नार्वे की अर्थव्यवस्था का बड़ा हिस्सा था.",1,3.274,1,,hindi_female_007895.wav,i n a k a aa <wb> k a aa r a o b a aa r a <wb> n a aa r a w a ee <wb> k a ii <wb> a r a th a w a y a w a s a th a aa <wb> k a aa <wb> b a dxq a aa <wb> h a i s a s a aa <wb> th a aa,C16 C24 C0 C19 C0 C1 <wb> C19 C0 C1 C29 C0 C26 C3 C0 C1 C29 C0 <wb> C24 C0 C1 C29 C0 C37 C0 C11 <wb> C19 C0 C16 <wb> C0 C29 C0 C33 C0 C37 C0 C38 C0 C37 C0 C30 C0 C33 C0 C1 <wb> C19 C0 C1 <wb> C3 C0 C9 C0 C1 <wb> C15 C0 C16 C30 C0 C30 C0 C1 <wb> C33 C0 C1,train
7903,"वहीं नार्वे के लोगों को, इससे रत्ती भर भी फ़ायदा नहीं हुआ.",1,3.599,1,,hindi_female_007903.wav,w a h a ii q <wb> n a aa r a w a ee <wb> k a ee <wb> l a o g a o q <wb> k a o <wb> i s a s a ee <wb> r a t a t a ii <wb> bh a r a <wb> bh a ii <wb> f a aa y a d a aa <wb> n a h a ii q <wb> h a u aa,C37 C0 C15 C0 C16 C23 <wb> C24 C0 C1 C29 C0 C37 C0 C11 <wb> C19 C0 C11 <wb> C21 C0 C26 C13 C0 C26 C23 <wb> C19 C0 C26 <wb> C16 C30 C0 C30 C0 C11 <wb> C29 C0 C32 C0 C32 C0 C16 <wb> C4 C0 C29 C0 <wb> C4 C0 C16 <wb> C12 C0 C1 C38 C0 C7 C0 C1 <wb> C24 C0 C15 C0 C16 C23 <wb> C15 C0 C36 C1,train
7915,इनमें से कई से दुनिया को बड़ी उम्मीदें हैं.,1,2.392,1,,hindi_female_007915.wav,i n a m a ee q <wb> s a ee <wb> k a ii <wb> s a ee <wb> d a u n a i y a aa <wb> k a o <wb> b a dxq a ii <wb> u m a m a ii d a ee q <wb> h a ei q,C16 C24 C0 C22 C0 C11 C23 <wb> C30 C0 C11 <wb> C19 C0 C16 <wb> C30 C0 C11 <wb> C7 C0 C36 C24 C0 C16 C38 C0 C1 <wb> C19 C0 C26 <wb> C3 C0 C9 C0 C16 <wb> C36 C22 C0 C22 C0 C16 C7 C0 C11 C23 <wb> C15 C0 C2 C23,train
7918,"बहुत सी दवा कंपनियां, अब ख़ुद इस अभियान में दिलचस्पी ले रही हैं.",1,4.265,0,not_selected_by_random,,,,
7937,"लेकिन एन का कहना है, कि इस बार के हालात, उनके लिए भी काफ़ी मुश्किल हैं.",1,4.655,0,not_selected_by_random,,,,
7939,फिर जंगलों की आग ने हालात और ख़राब कर दिए हैं.,1,3.378,0,not_selected_by_random,,,,
7967,"और वहां तभी लौटते हैं, जब हालात सामान्य हो जाते हैं.",1,3.875,0,not_selected_by_random,,,,
7970,"बड़े होते बंदर, बाद में अपने दोस्तों-रिश्तेदारों का अलग झुंड बना लेते हैं, और झुंड के सदस्य, बदलते रहते हैं.",1,6.896,1,,hindi_female_007970.wav,b a dxq a ee <wb> h a o t a ee <wb> b a q d a r a <wb> b a aa d a <wb> m a ee q <wb> a p a n a ee <wb> d a o s a t a o q <wb> r a i sh a t a ee d a aa r a o q <wb> k a aa <wb> a l a g a <wb> jh a u q dx a <wb> b a n a aa <wb> l a ee t a ee <wb> h a ei q <wb> ou r a <wb> jh a u q dx a <wb> k a ee <wb> s a d a s a y a <wb> b a d a l a t a ee <wb> r a h a t a ee <wb> h a ei q,C3 C0 C9 C0 C11 <wb> C15 C0 C26 C32 C0 C11 <wb> C3 C0 C23 C7 C0 C29 C0 <wb> C3 C0 C1 C7 C0 <wb> C22 C0 C11 C23 <wb> C0 C28 C0 C24 C0 C11 <wb> C7 C0 C26 C30 C0 C32 C0 C26 C23 <wb> C29 C0 C16 C31 C0 C32 C0 C11 C7 C0 C1 C29 C0 C26 C23 <wb> C19 C0 C1 <wb> C0 C21 C0 C13 C0 <wb> C18 C0 C36 C23 C9 C0 <wb> C3 C0 C24 C0 C1 <wb> C21 C0 C11 C32 C0 C11 <wb> C15 C0 C2 C23 <wb> C27 C29 C0 <wb> C18 C0 C36 C23 C9 C0 <wb> C19 C0 C11 <wb> C30 C0 C7 C0 C30 C0 C38 C0 <wb> C3 C0 C7 C0 C21 C0 C32 C0 C11 <wb> C29 C0 C15 C0 C32 C0 C11 <wb> C15 C0 C2 C23,train
7973,इससे खाने को लेकर इनके बीच आपसी झगड़े नहीं हुए.,1,3.228,1,,hindi_female_007973.wav,i s a s a ee <wb> kh a aa n a ee <wb> k a o <wb> l a ee k a r a <wb> i n a k a ee <wb> b a ii c a <wb> aa p a s a ii <wb> jh a g a dxq a ee <wb> n a h a ii q <wb> h a u ee,C16 C30 C0 C30 C0 C11 <wb> C20 C0 C1 C24 C0 C11 <wb> C19 C0 C26 <wb> C21 C0 C11 C19 C0 C29 C0 <wb> C16 C24 C0 C19 C0 C11 <wb> C3 C0 C16 C5 C0 <wb> C1 C28 C0 C30 C0 C16 <wb> C18 C0 C13 C0 C9 C0 C11 <wb> C24 C0 C15 C0 C16 C23 <wb> C15 C0 C36 C11,train
7977,"जो जानवर बदले हुए हालात के हिसाब से ख़ुद को ढाल लेते हैं, वो बच निकलते हैं.",1,4.667,1,,hindi_female_007977.wav,j a o <wb> j a aa n a w a r a <wb> b a d a l a ee <wb> h a u ee <wb> h a aa l a aa t a <wb> k a ee <wb> h a i s a aa b a <wb> s a ee <wb> khq a u d a <wb> k a o <wb> dxh a aa l a <wb> l a ee t a ee <wb> h a ei q <wb> w a o <wb> b a c a <wb> n a i k a l a t a ee <wb> h a ei q,C17 C0 C26 <wb> C17 C0 C1 C24 C0 C37 C0 C29 C0 <wb> C3 C0 C7 C0 C21 C0 C11 <wb> C15 C0 C36 C11 <wb> C15 C0 C1 C21 C0 C1 C32 C0 <wb> C19 C0 C11 <wb> C15 C0 C16 C30 C0 C1 C3 C0 <wb> C30 C0 C11 <wb> C20 C0 C36 C7 C0 <wb> C19 C0 C26 <wb> C10 C0 C1 C21 C0 <wb> C21 C0 C11 C32 C0 C11 <wb> C15 C0 C2 C23 <wb> C37 C0 C26 <wb> C3 C0 C5 C0 <wb> C24 C0 C16 C19 C0 C21 C0 C32 C0 C11 <wb> C15 C0 C2 C23,train
7978,"वहीं, जो ऐसा नहीं कर पाते, वो तबाही में, तबाह होते हैं.",1,3.553,1,,hindi_female_007978.wav,w a h a ii q <wb> j a o <wb> ei s a aa <wb> n a h a ii q <wb> k a r a <wb> p a aa t a ee <wb> w a o <wb> t a b a aa h a ii <wb> m a ee q <wb> t a b a aa h a <wb> h a o t a ee <wb> h a ei q,C37 C0 C15 C0 C16 C23 <wb> C17 C0 C26 <wb> C2 C30 C0 C1 <wb> C24 C0 C15 C0 C16 C23 <wb> C19 C0 C29 C0 <wb> C28 C0 C1 C32 C0 C11 <wb> C37 C0 C26 <wb> C32 C0 C3 C0 C1 C15 C0 C16 <wb> C22 C0 C11 C23 <wb> C32 C0 C3 C0 C1 C15 C0 <wb> C15 C0 C26 C32 C0 C11 <wb> C15 C0 C2 C23,test
7979,"हां इन रिसर्च से एक बात साफ़ है, कि इंसान को, अपने आस-पास बाक़ी जानवरों को देखते रहना है, तो उसे जंगलों में अपना दखल कम करना होगा.",1,9.056,1,,hindi_female_007979.wav,h a aa q <wb> i n a <wb> r a i s a r a c a <wb> s a ee <wb> ee k a <wb> b a aa t a <wb> s a aa f a <wb> h a ei <wb> k a i <wb> i q s a aa n a <wb> k a o <wb> a p a n a ee <wb> aa s a <wb> p a aa s a <wb> b a aa kq a ii <wb> j a aa n a w a r a o q <wb> k a o <wb> d a ee kh a t a ee <wb> r a h a n a aa <wb> h a ei <wb> t a o <wb> u s a ee <wb> j a q g a l a o q <wb> m a ee q <wb> a p a n a aa <wb> d a kh a l a <wb> k a m a <wb> k a r a n a aa <wb> h a o g a aa,C15 C0 C1 C23 <wb> C16 C24 C0 <wb> C29 C0 C16 C30 C0 C29 C0 C5 C0 <wb> C30 C0 C11 <wb> C11 C19 C0 <wb> C3 C0 C1 C32 C0 <wb> C30 C0 C1 C12 C0 <wb> C15 C0 C2 <wb> C19 C0 C16 <wb> C16 C23 C30 C0 C1 C24 C0 <wb> C19 C0 C26 <wb> C0 C28 C0 C24 C0 C11 <wb> C1 C30 C0 <wb> C28 C0 C1 C30 C0 <wb> C3 C0 C1 C19 C0 C16 <wb> C17 C0 C1 C24 C0 C37 C0 C29 C0 C26 C23 <wb> C19 C0 C26 <wb> C7 C0 C11 C20 C0 C32 C0 C11 <wb> C29 C0 C15 C0 C24 C0 C1 <wb> C15 C0 C2 <wb> C32 C0 C26 <wb> C36 C30 C0 C11 <wb> C17 C0 C23 C13 C0 C21 C0 C26 C23 <wb> C22 C0 C11 C23 <wb> C0 C28 C0 C24 C0 C1 <wb> C7 C0 C20 C0 C21 C0 <wb> C19 C0 C22 C0 <wb> C19 C0 C29 C0 C24 C0 C1 <wb> C15 C0 C26 C13 C0 C1,train
7994,"सब को पता था, कि ये देश की आवाज़ है.",1,3.113,0,not_selected_by_random,,,,
7995,"पांडेजी कह रहे हैं, तो इसका मतलब पूरा देश कह रहा है.",1,3.413,1,,hindi_female_007995.wav,p a aa q dx a ee j a ii <wb> k a h a <wb> r a h a ee <wb> h a ei q <wb> t a o <wb> i s a k a aa <wb> m a t a l a b a <wb> p a uu r a aa <wb> d a ee sh a <wb> k a h a <wb> r a h a aa <wb> h a ei,C28 C0 C1 C23 C9 C0 C11 C17 C0 C16 <wb> C19 C0 C15 C0 <wb> C29 C0 C15 C0 C11 <wb> C15 C0 C2 C23 <wb> C32 C0 C26 <wb> C16 C30 C0 C19 C0 C1 <wb> C22 C0 C32 C0 C21 C0 C3 C0 <wb> C28 C0 C36 C29 C0 C1 <wb> C7 C0 C11 C31 C0 <wb> C19 C0 C15 C0 <wb> C29 C0 C15 C0 C1 <wb> C15 C0 C2,train
7998,"उसके बाद से, उन्होंने कभी पीछे मुड़ कर नहीं देखा.",1,2.879,1,,hindi_female_007998.wav,u s a k a ee <wb> b a aa d a <wb> s a ee <wb> u n a h a o q n a ee <wb> k a bh a ii <wb> p a ii ch a ee <wb> m a u dxq a <wb> k a r a <wb> n a h a ii q <wb> d a ee kh a aa,C36 C30 C0 C19 C0 C11 <wb> C3 C0 C1 C7 C0 <wb> C30 C0 C11 <wb> C36 C24 C0 C15 C0 C26 C23 C24 C0 C11 <wb> C19 C0 C4 C0 C16 <wb> C28 C0 C16 C6 C0 C11 <wb> C22 C0 C36 C9 C0 <wb> C19 C0 C29 C0 <wb> C24 C0 C15 C0 C16 C23 <wb> C7 C0 C11 C20 C0 C1,train
8020,"उस ज़माने में मनोरंजन का साधन, रेडियो और सिनेमा हुआ करता था.",1,3.831,1,,hindi_female_008020.wav,u s a <wb> z a m a aa n a ee <wb> m a ee q <wb> m a n a o r a q j a n a <wb> k a aa <wb> s a aa dh a n a <wb> r a ee dx a i y a o <wb> ou r a <wb> s a i n a ee m a aa <wb> h a u aa <wb> k a r a t a aa <wb> th a aa,C36 C30 C0 <wb> C17 C0 C22 C0 C1 C24 C0 C11 <wb> C22 C0 C11 C23 <wb> C22 C0 C24 C0 C26 C29 C0 C23 C17 C0 C24 C0 <wb> C19 C0 C1 <wb> C30 C0 C1 C8 C0 C24 C0 <wb> C29 C0 C11 C9 C0 C16 C38 C0 C26 <wb> C27 C29 C0 <wb> C30 C0 C16 C24 C0 C11 C22 C0 C1 <wb> C15 C0 C36 C1 <wb> C19 C0 C29 C0 C32 C0 C1 <wb> C33 C0 C1,train
8021,मेरे पिता आवाज़ से ही पहचाने जाते थे.,1,2.415,1,,hindi_female_008021.wav,m a ee r a ee <wb> p a i t a aa <wb> aa w a aa z a <wb> s a ee <wb> h a ii <wb> p a h a c a aa n a ee <wb> j a aa t a ee <wb> th a ee,C22 C0 C11 C29 C0 C11 <wb> C28 C0 C16 C32 C0 C1 <wb> C1 C37 C0 C1 C17 C0 <wb> C30 C0 C11 <wb> C15 C0 C16 <wb> C28 C0 C15 C0 C5 C0 C1 C24 C0 C11 <wb> C17 C0 C1 C32 C0 C11 <wb> C33 C0 C11,train
8022,"उनका नाम लिया, और पता चल जाता था, कि वो कौन हैं.",1,3.57,0,not_selected_by_random,,,,
8025,घर में भी पिताजी ग़लत शब्द का इस्तेमाल बिल्कुल बर्दाश्त नहीं कर पाते थे.,1,4.815,0,not_selected_by_random,,,,
8036,"मेरे मुंह से निकला, कि आपको सुनते सुनते ही मैं बड़ा हुआ हूँ.",1,3.204,1,,hindi_female_008036.wav,m a ee r a ee <wb> m a u q h a <wb> s a ee <wb> n a i k a l a aa <wb> k a i <wb> aa p a k a o <wb> s a u n a t a ee <wb> s a u n a t a ee <wb> h a ii <wb> m a ei q <wb> b a dxq a aa <wb> h a u aa <wb> h a uu mq,C22 C0 C11 C29 C0 C11 <wb> C22 C0 C36 C23 C15 C0 <wb> C30 C0 C11 <wb> C24 C0 C16 C19 C0 C21 C0 C1 <wb> C19 C0 C16 <wb> C1 C28 C0 C19 C0 C26 <wb> C30 C0 C36 C24 C0 C32 C0 C11 <wb> C30 C0 C36 C24 C0 C32 C0 C11 <wb> C15 C0 C16 <wb> C22 C0 C2 C23 <wb> C3 C0 C9 C0 C1 <wb> C15 C0 C36 C1 <wb> C15 C0 C36 C23,train
8051,"मैं वाक्य पूरा करना भूल गया, और वही ख़बर, पांडेजी को पढने के लिए दे दी.",1,4.543,0,not_selected_by_random,,,,
8056,"सबको पता था, कि वो दिल के साफ़ आदमी हैं.",1,2.415,1,,hindi_female_008056.wav,s a b a k a o <wb> p a t a aa <wb> th a aa <wb> k a i <wb> w a o <wb> d a i l a <wb> k a ee <wb> s a aa f a <wb> aa d a m a ii <wb> h a ei q,C30 C0 C3 C0 C19 C0 C26 <wb> C28 C0 C32 C0 C1 <wb> C33 C0 C1 <wb> C19 C0 C16 <wb> C37 C0 C26 <wb> C7 C0 C16 C21 C0 <wb> C19 C0 C11 <wb> C30 C0 C1 C12 C0 <wb> C1 C7 C0 C22 C0 C16 <wb> C15 C0 C2 C23,train
8063,"वो बोले, यार आज मूड नहीं हो रहा है.",1,2.09,1,,hindi_female_008063.wav,w a o <wb> b a o l a ee <wb> y a aa r a <wb> aa j a <wb> m a uu dx a <wb> n a h a ii q <wb> h a o <wb> r a h a aa <wb> h a ei,C37 C0 C26 <wb> C3 C0 C26 C21 C0 C11 <wb> C38 C0 C1 C29 C0 <wb> C1 C17 C0 <wb> C22 C0 C36 C9 C0 <wb> C24 C0 C15 C0 C16 C23 <wb> C15 C0 C26 <wb> C29 C0 C15 C0 C1 <wb> C15 C0 C2,train
8074,"वर्ना भागवत कथा पढ़ने, और समाचार पढ़ने में, कोई अंतर नहीं रहेगा.",1,4.727,0,not_selected_by_random,,,,
8077,खाने पीने का भी उन्हें बहुत शौक था.,1,2.113,1,,hindi_female_008077.wav,kh a aa n a ee <wb> p a ii n a ee <wb> k a aa <wb> bh a ii <wb> u n a h a ee q <wb> b a h a u t a <wb> sh a ou k a <wb> th a aa,C20 C0 C1 C24 C0 C11 <wb> C28 C0 C16 C24 C0 C11 <wb> C19 C0 C1 <wb> C4 C0 C16 <wb> C36 C24 C0 C15 C0 C11 C23 <wb> C3 C0 C15 C0 C36 C32 C0 <wb> C31 C0 C27 C19 C0 <wb> C33 C0 C1,train
8080,"लेकिन घर में ही बनाना, और खाना पसंद करते थे.",1,2.508,1,,hindi_female_008080.wav,l a ee k a i n a <wb> gh a r a <wb> m a ee q <wb> h a ii <wb> b a n a aa n a aa <wb> ou r a <wb> kh a aa n a aa <wb> p a s a q d a <wb> k a r a t a ee <wb> th a ee,C21 C0 C11 C19 C0 C16 C24 C0 <wb> C14 C0 C29 C0 <wb> C22 C0 C11 C23 <wb> C15 C0 C16 <wb> C3 C0 C24 C0 C1 C24 C0 C1 <wb> C27 C29 C0 <wb> C20 C0 C1 C24 C0 C1 <wb> C28 C0 C30 C0 C23 C7 C0 <wb> C19 C0 C29 C0 C32 C0 C11 <wb> C33 C0 C11,train
8108,ये सबसे ख़तरनाक शिकारी माने जाते हैं.,1,2.159,1,,hindi_female_008108.wav,y a ee <wb> s a b a s a ee <wb> khq a t a r a n a aa k a <wb> sh a i k a aa r a ii <wb> m a aa n a ee <wb> j a aa t a ee <wb> h a ei q,C38 C0 C11 <wb> C30 C0 C3 C0 C30 C0 C11 <wb> C20 C0 C32 C0 C29 C0 C24 C0 C1 C19 C0 <wb> C31 C0 C16 C19 C0 C1 C29 C0 C16 <wb> C22 C0 C1 C24 C0 C11 <wb> C17 C0 C1 C32 C0 C11 <wb> C15 C0 C2 C23,train
8125,"इससे ये कहा जा सकता है, कि उनके चबाने की ताक़त और भी ज़्यादा होगी.",1,4.872,0,not_selected_by_random,,,,
8128,"जबकि आज से क़रीब नब्बे लाख साल पहले, इसकी बड़ी बहनें, उसी इलाक़े में रहा करती थीं.",1,6.05,0,not_selected_by_random,,,,
8136,"इतनी ताक़त लगने पर, एक कार का कचूमर निकल सकता है.",1,3.228,1,,hindi_female_008136.wav,i t a n a ii <wb> t a aa kq a t a <wb> l a g a n a ee <wb> p a r a <wb> ee k a <wb> k a aa r a <wb> k a aa <wb> k a c a uu m a r a <wb> n a i k a l a <wb> s a k a t a aa <wb> h a ei,C16 C32 C0 C24 C0 C16 <wb> C32 C0 C1 C19 C0 C32 C0 <wb> C21 C0 C13 C0 C24 C0 C11 <wb> C28 C0 C29 C0 <wb> C11 C19 C0 <wb> C19 C0 C1 C29 C0 <wb> C19 C0 C1 <wb> C19 C0 C5 C0 C36 C22 C0 C29 C0 <wb> C24 C0 C16 C19 C0 C21 C0 <wb> C30 C0 C19 C0 C32 C0 C1 <wb> C15 C0 C2,train
8143,वे राष्ट्रपति चुनाव में किसी बड़ी पार्टी की महिला उम्मीदवार के लिए वोट करेंगी.,1,5.314,0,not_selected_by_random,,,,
8148,"वे जब छोटी थीं, उनकी मां वोट देने जाती थीं, तो उन्हें साथ ले जाती थीं.",1,5.256,0,not_selected_by_random,,,,
8152,उन्होंने अक्टूबर में पहली बार वोट डाला.,1,2.252,1,,hindi_female_008152.wav,u n a h a o q n a ee <wb> a k a tx a uu b a r a <wb> m a ee q <wb> p a h a l a ii <wb> b a aa r a <wb> w a o tx a <wb> dx a aa l a aa,C36 C24 C0 C15 C0 C26 C23 C24 C0 C11 <wb> C0 C19 C0 C34 C0 C36 C3 C0 C29 C0 <wb> C22 C0 C11 C23 <wb> C28 C0 C15 C0 C21 C0 C16 <wb> C3 C0 C1 C29 C0 <wb> C37 C0 C26 C34 C0 <wb> C9 C0 C1 C21 C0 C1,train
8155,कुछ ही देर में इस फ़ोटो को हज़ारों लोगों ने लाइक किया.,1,3.713,0,not_selected_by_random,,,,
8156,दूसरे कई लोगों की भी यह कहानी थी.,1,2.392,1,,hindi_female_008156.wav,d a uu s a r a ee <wb> k a ii <wb> l a o g a o q <wb> k a ii <wb> bh a ii <wb> y a h a <wb> k a h a aa n a ii <wb> th a ii,C7 C0 C36 C30 C0 C29 C0 C11 <wb> C19 C0 C16 <wb> C21 C0 C26 C13 C0 C26 C23 <wb> C19 C0 C16 <wb> C4 C0 C16 <wb> C38 C0 C15 C0 <wb> C19 C0 C15 C0 C1 C24 C0 C16 <wb> C33 C0 C16,train
8164,"उन्होंने आगे कहा, यह हमारे अधिकारों की बात है.",1,3.471,0,not_selected_by_random,,,,
8169,उन्होंने पहले ही वोट देने का विकल्प चुना.,1,2.392,1,,hindi_female_008169.wav,u n a h a o q n a ee <wb> p a h a l a ee <wb> h a ii <wb> w a o tx a <wb> d a ee n a ee <wb> k a aa <wb> w a i k a l a p a <wb> c a u n a aa,C36 C24 C0 C15 C0 C26 C23 C24 C0 C11 <wb> C28 C0 C15 C0 C21 C0 C11 <wb> C15 C0 C16 <wb> C37 C0 C26 C34 C0 <wb> C7 C0 C11 C24 C0 C11 <wb> C19 C0 C1 <wb> C37 C0 C16 C19 C0 C21 C0 C28 C0 <wb> C5 C0 C36 C24 C0 C1,train
8170,लेकिन नतीजा आने के पहले ही उनका निधन हो गया.,1,3.484,0,not_selected_by_random,,,,
8173,"पर नब्बे और सौ साल के ऊपर की उम्र की कई महिलाओं के लिए ये, इसका प्रतीक है, कि महिलाओं को कितना हक़ मिला है.",1,7.815,0,not_selected_by_random,,,,
8176,"ये समय की बात है, कि कोई औरत राष्ट्रपति बनती है.",1,3.685,0,not_selected_by_random,,,,
8178,"वे कहती हैं, यह ये दिखाने के लिए है, कि हम औरत होने के नाते, कुछ भी कर सकती हैं, ख़ास कर तब, जब हमने उसके लिए ज़रूरी अनुभव हासिल करने के लिए कड़ी मेहनत की है.",1,11.238,1,,hindi_female_008178.wav,w a ee <wb> k a h a t a ii <wb> h a ei q <wb> y a h a <wb> y a ee <wb> d a i kh a aa n a ee <wb> k a ee <wb> l a i ee <wb> h a ei <wb> k a i <wb> h a m a <wb> ou r a t a <wb> h a o n a ee <wb> k a ee <wb> n a aa t a ee <wb> k a u ch a <wb> bh a ii <wb> k a r a <wb> s a k a t a ii <wb> h a ei q <wb> khq a aa s a <wb> k a r a <wb> t a b a <wb> j a b a <wb> h a m a n a ee <wb> u s a k a ee <wb> l a i ee <wb> z a r a uu r a ii <wb> a n a u bh a w a <wb> h a aa s a i l a <wb> k a r a n a ee <wb> k a ee <wb> l a i ee <wb> k a dxq a ii <wb> m a ee h a n a t a <wb> k a ii <wb> h a ei,C37 C0 C11 <wb> C19 C0 C15 C0 C32 C0 C16 <wb> C15 C0 C2 C23 <wb> C38 C0 C15 C0 <wb> C38 C0 C11 <wb> C7 C0 C16 C20 C0 C1 C24 C0 C11 <wb> C19 C0 C11 <wb> C21 C0 C16 C11 <wb> C15 C0 C2 <wb> C19 C0 C16 <wb> C15 C0 C22 C0 <wb> C27 C29 C0 C32 C0 <wb> C15 C0 C26 C24 C0 C11 <wb> C19 C0 C11 <wb> C24 C0 C1 C32 C0 C11 <wb> C19 C0 C36 C6 C0 <wb> C4 C0 C16 <wb> C19 C0 C29 C0 <wb> C30 C0 C19 C0 C32 C0 C16 <wb> C15 C0 C2 C23 <wb> C20 C0 C1 C30 C0 <wb> C19 C0 C29 C0 <wb> C32 C0 C3 C0 <wb> C17 C0 C3 C0 <wb> C15 C0 C22 C0 C24 C0 C11 <wb> C36 C30 C0 C19 C0 C11 <wb> C21 C0 C16 C11 <wb> C17 C0 C29 C0 C36 C29 C0 C16 <wb> C0 C24 C0 C36 C4 C0 C37 C0 <wb> C15 C0 C1 C30 C0 C16 C21 C0 <wb> C19 C0 C29 C0 C24 C0 C11 <wb> C19 C0 C11 <wb> C21 C0 C16 C11 <wb> C19 C0 C9 C0 C16 <wb> C22 C0 C11 C15 C0 C24 C0 C32 C0 <wb> C19 C0 C16 <wb> C15 C0 C2,train
8183,"उन्होंने आगे लिखा, हमने इतना कुछ हासिल कर लिया है.",1,3.746,0,not_selected_by_random,,,,
8190,"सरकार का मानना है, कि इस बम में सक्रिय परमाणु सामग्री नहीं है.",1,4.087,1,,hindi_female_008190.wav,s a r a k a aa r a <wb> k a aa <wb> m a aa n a n a aa <wb> h a ei <wb> k a i <wb> i s a <wb> b a m a <wb> m a ee q <wb> s a k a r a i y a <wb> p a r a m a aa nx a u <wb> s a aa m a g a r a ii <wb> n a h a ii q <wb> h a ei,C30 C0 C29 C0 C19 C0 C1 C29 C0 <wb> C19 C0 C1 <wb> C22 C0 C1 C24 C0 C24 C0 C1 <wb> C15 C0 C2 <wb> C19 C0 C16 <wb> C16 C30 C0 <wb> C3 C0 C22 C0 <wb> C22 C0 C11 C23 <wb> C30 C0 C19 C0 C29 C0 C16 C38 C0 <wb> C28 C0 C29 C0 C22 C0 C1 C25 C0 C36 <wb> C30 C0 C1 C22 C0 C13 C0 C29 C0 C16 <wb> C24 C0 C15 C0 C16 C23 <wb> C15 C0 C2,train
8202,"उड़ान के कुछ देर बाद ही, विमान के इंजन में आग लग गई.",1,3.297,1,,hindi_female_008202.wav,u dxq a aa n a <wb> k a ee <wb> k a u ch a <wb> d a ee r a <wb> b a aa d a <wb> h a ii <wb> w a i m a aa n a <wb> k a ee <wb> i q j a n a <wb> m a ee q <wb> aa g a <wb> l a g a <wb> g a ii,C36 C9 C0 C1 C24 C0 <wb> C19 C0 C11 <wb> C19 C0 C36 C6 C0 <wb> C7 C0 C11 C29 C0 <wb> C3 C0 C1 C7 C0 <wb> C15 C0 C16 <wb> C37 C0 C16 C22 C0 C1 C24 C0 <wb> C19 C0 C11 <wb> C16 C23 C17 C0 C24 C0 <wb> C22 C0 C11 C23 <wb> C1 C13 C0 <wb> C21 C0 C13 C0 <wb> C13 C0 C16,train
8204,लेकिन पांच सदस्य ऐसा नहीं कर सके.,1,2.322,1,,hindi_female_008204.wav,l a ee k a i n a <wb> p a aa q c a <wb> s a d a s a y a <wb> ei s a aa <wb> n a h a ii q <wb> k a r a <wb> s a k a ee,C21 C0 C11 C19 C0 C16 C24 C0 <wb> C28 C0 C1 C23 C5 C0 <wb> C30 C0 C7 C0 C30 C0 C38 C0 <wb> C2 C30 C0 C1 <wb> C24 C0 C15 C0 C16 C23 <wb> C19 C0 C29 C0 <wb> C30 C0 C19 C0 C11,train
8207,इसलिए वह परमाणु धमाका करने में सक्षम नहीं था.,1,3.445,0,not_selected_by_random,,,,
8214,इस बार भी मैं दिल्ली से भाग निकला था.,1,2.628,0,not_selected_by_random,,,,
8215,"दो दिन बाद, पंजाब से लौटा, और जैसे ही दिल्ली के क़रीब पहुँचा, मेरा दिल बैठ गया.",1,5.294,1,,hindi_female_008215.wav,d a o <wb> d a i n a <wb> b a aa d a <wb> p a q j a aa b a <wb> s a ee <wb> l a ou tx a aa <wb> ou r a <wb> j a ei s a ee <wb> h a ii <wb> d a i l a l a ii <wb> k a ee <wb> kq a r a ii b a <wb> p a h a u mq c a aa <wb> m a ee r a aa <wb> d a i l a <wb> b a ei txh a <wb> g a y a aa,C7 C0 C26 <wb> C7 C0 C16 C24 C0 <wb> C3 C0 C1 C7 C0 <wb> C28 C0 C23 C17 C0 C1 C3 C0 <wb> C30 C0 C11 <wb> C21 C0 C27 C34 C0 C1 <wb> C27 C29 C0 <wb> C17 C0 C2 C30 C0 C11 <wb> C15 C0 C16 <wb> C7 C0 C16 C21 C0 C21 C0 C16 <wb> C19 C0 C11 <wb> C19 C0 C29 C0 C16 C3 C0 <wb> C28 C0 C15 C0 C36 C23 C5 C0 C1 <wb> C22 C0 C11 C29 C0 C1 <wb> C7 C0 C16 C21 C0 <wb> C3 C0 C2 C35 C0 <wb> C13 C0 C38 C0 C1,train
8223,"कम से कम मेरी याद में, पहले कभी ऐसा नहीं हुआ था.",1,3.158,1,,hindi_female_008223.wav,k a m a <wb> s a ee <wb> k a m a <wb> m a ee r a ii <wb> y a aa d a <wb> m a ee q <wb> p a h a l a ee <wb> k a bh a ii <wb> ei s a aa <wb> n a h a ii q <wb> h a u aa <wb> th a aa,C19 C0 C22 C0 <wb> C30 C0 C11 <wb> C19 C0 C22 C0 <wb> C22 C0 C11 C29 C0 C16 <wb> C38 C0 C1 C7 C0 <wb> C22 C0 C11 C23 <wb> C28 C0 C15 C0 C21 C0 C11 <wb> C19 C0 C4 C0 C16 <wb> C2 C30 C0 C1 <wb> C24 C0 C15 C0 C16 C23 <wb> C15 C0 C36 C1 <wb> C33 C0 C1,train
8224,"मैंने यहां पिछले सोलह साल में, बेहद घना कोहरा तो देखा है, लेकिन इतना घना धुंध नहीं.",1,6.153,1,,hindi_female_008224.wav,m a ei q n a ee <wb> y a h a aa q <wb> p a i ch a l a ee <wb> s a o l a h a <wb> s a aa l a <wb> m a ee q <wb> b a ee h a d a <wb> gh a n a aa <wb> k a o h a r a aa <wb> t a o <wb> d a ee kh a aa <wb> h a ei <wb> l a ee k a i n a <wb> i t a n a aa <wb> gh a n a aa <wb> dh a u q dh a <wb> n a h a ii q,C22 C0 C2 C23 C24 C0 C11 <wb> C38 C0 C15 C0 C1 C23 <wb> C28 C0 C16 C6 C0 C21 C0 C11 <wb> C30 C0 C26 C21 C0 C15 C0 <wb> C30 C0 C1 C21 C0 <wb> C22 C0 C11 C23 <wb> C3 C0 C11 C15 C0 C7 C0 <wb> C14 C0 C24 C0 C1 <wb> C19 C0 C26 C15 C0 C29 C0 C1 <wb> C32 C0 C26 <wb> C7 C0 C11 C20 C0 C1 <wb> C15 C0 C2 <wb> C21 C0 C11 C19 C0 C16 C24 C0 <wb> C16 C32 C0 C24 C0 C1 <wb> C14 C0 C24 C0 C1 <wb> C8 C0 C36 C23 C8 C0 <wb> C24 C0 C15 C0 C16 C23,train
8228,"सांस लेने के लिए हवा तो चाहिए ही, और लगता है, कि वह अब दिल्ली में नहीं है.",1,5.366,0,not_selected_by_random,,,,
8230,हालांकि वो सिर्फ़ एक छोटे से दायरे में ही हवा को साफ़ रख सकते हैं.,1,4.282,0,not_selected_by_random,,,,
8237,सौ नहीं तो पचास साठ फ़ीसदी तक शायद राहत मिल जाए.,1,3.483,1,,hindi_female_008237.wav,s a ou <wb> n a h a ii q <wb> t a o <wb> p a c a aa s a <wb> s a aa txh a <wb> f a ii s a d a ii <wb> t a k a <wb> sh a aa y a d a <wb> r a aa h a t a <wb> m a i l a <wb> j a aa ee,C30 C0 C27 <wb> C24 C0 C15 C0 C16 C23 <wb> C32 C0 C26 <wb> C28 C0 C5 C0 C1 C30 C0 <wb> C30 C0 C1 C35 C0 <wb> C12 C0 C16 C30 C0 C7 C0 C16 <wb> C32 C0 C19 C0 <wb> C31 C0 C1 C38 C0 C7 C0 <wb> C29 C0 C1 C15 C0 C32 C0 <wb> C22 C0 C16 C21 C0 <wb> C17 C0 C1 C11,train
8243,मेरा दम फूल रहा है यहां दिल्ली की सड़कों पर.,1,3.17,0,not_selected_by_random,,,,
8246,"मुझे इस बात का अफ़सोस है, कि अब सिर्फ़ दीवाली पर, दिल्ली छोड़ने से काम नहीं चलेगा.",1,5.201,1,,hindi_female_008246.wav,m a u jh a ee <wb> i s a <wb> b a aa t a <wb> k a aa <wb> a f a s a o s a <wb> h a ei <wb> k a i <wb> a b a <wb> s a i r a f a <wb> d a ii w a aa l a ii <wb> p a r a <wb> d a i l a l a ii <wb> ch a o dxq a n a ee <wb> s a ee <wb> k a aa m a <wb> n a h a ii q <wb> c a l a ee g a aa,C22 C0 C36 C18 C0 C11 <wb> C16 C30 C0 <wb> C3 C0 C1 C32 C0 <wb> C19 C0 C1 <wb> C0 C12 C0 C30 C0 C26 C30 C0 <wb> C15 C0 C2 <wb> C19 C0 C16 <wb> C0 C3 C0 <wb> C30 C0 C16 C29 C0 C12 C0 <wb> C7 C0 C16 C37 C0 C1 C21 C0 C16 <wb> C28 C0 C29 C0 <wb> C7 C0 C16 C21 C0 C21 C0 C16 <wb> C6 C0 C26 C9 C0 C24 C0 C11 <wb> C30 C0 C11 <wb> C19 C0 C1 C22 C0 <wb> C24 C0 C15 C0 C16 C23 <wb> C5 C0 C21 C0 C11 C13 C0 C1,train
8260,ऐसे में कई ऐसे अंतरंग और एकांत के पल उनके कैमरे में क़ैद हो गए.,1,4.969,0,not_selected_by_random,,,,
8261,"उत्तर-पश्चिम सीमा प्रांत में, एक बार गांधी की गाड़ी, कुछ ऐसे ही फंस गई थी.",1,5.016,1,,hindi_female_008261.wav,u t a t a r a <wb> p a sh a c a i m a <wb> s a ii m a aa <wb> p a r a aa q t a <wb> m a ee q <wb> ee k a <wb> b a aa r a <wb> g a aa q dh a ii <wb> k a ii <wb> g a aa dxq a ii <wb> k a u ch a <wb> ei s a ee <wb> h a ii <wb> ph a q s a <wb> g a ii <wb> th a ii,C36 C32 C0 C32 C0 C29 C0 <wb> C28 C0 C31 C0 C5 C0 C16 C22 C0 <wb> C30 C0 C16 C22 C0 C1 <wb> C28 C0 C29 C0 C1 C23 C32 C0 <wb> C22 C0 C11 C23 <wb> C11 C19 C0 <wb> C3 C0 C1 C29 C0 <wb> C13 C0 C1 C23 C8 C0 C16 <wb> C19 C0 C16 <wb> C13 C0 C1 C9 C0 C16 <wb> C19 C0 C36 C6 C0 <wb> C2 C30 C0 C11 <wb> C15 C0 C16 <wb> C12 C0 C23 C30 C0 <wb> C13 C0 C16 <wb> C33 C0 C16,train
8263,गांधी के जीवन के अंतिम दशक में कई अहम घटनाएं और क्षण गुज़रे.,1,5.008,0,not_selected_by_random,,,,
8277,"हालांकि नंदिनी सुंदर, और दूसरे लोगों ने इन आरोपों को झूठा बताया था.",1,4.528,1,,hindi_female_008277.wav,h a aa l a aa q k a i <wb> n a q d a i n a ii <wb> s a u q d a r a <wb> ou r a <wb> d a uu s a r a ee <wb> l a o g a o q <wb> n a ee <wb> i n a <wb> aa r a o p a o q <wb> k a o <wb> jh a uu txh a aa <wb> b a t a aa y a aa <wb> th a aa,C15 C0 C1 C21 C0 C1 C23 C19 C0 C16 <wb> C24 C0 C23 C7 C0 C16 C24 C0 C16 <wb> C30 C0 C36 C23 C7 C0 C29 C0 <wb> C27 C29 C0 <wb> C7 C0 C36 C30 C0 C29 C0 C11 <wb> C21 C0 C26 C13 C0 C26 C23 <wb> C24 C0 C11 <wb> C16 C24 C0 <wb> C1 C29 C0 C26 C28 C0 C26 C23 <wb> C19 C0 C26 <wb> C18 C0 C36 C35 C0 C1 <wb> C3 C0 C32 C0 C1 C38 C0 C1 <wb> C33 C0 C1,test
8283,"इसके अलावा, इन गांवों में, कुछ लोगों की हत्या और बलात्कार की घटनाएं सामने आई थीं.",1,5.364,1,,hindi_female_008283.wav,i s a k a ee <wb> a l a aa w a aa <wb> i n a <wb> g a aa q w a o q <wb> m a ee q <wb> k a u ch a <wb> l a o g a o q <wb> k a ii <wb> h a t a y a aa <wb> ou r a <wb> b a l a aa t a k a aa r a <wb> k a ii <wb> gh a tx a n a aa ee q <wb> s a aa m a n a ee <wb> aa ii <wb> th a ii q,C16 C30 C0 C19 C0 C11 <wb> C0 C21 C0 C1 C37 C0 C1 <wb> C16 C24 C0 <wb> C13 C0 C1 C23 C37 C0 C26 C23 <wb> C22 C0 C11 C23 <wb> C19 C0 C36 C6 C0 <wb> C21 C0 C26 C13 C0 C26 C23 <wb> C19 C0 C16 <wb> C15 C0 C32 C0 C38 C0 C1 <wb> C27 C29 C0 <wb> C3 C0 C21 C0 C1 C32 C0 C19 C0 C1 C29 C0 <wb> C19 C0 C16 <wb> C14 C0 C34 C0 C24 C0 C1 C11 C23 <wb> C30 C0 C1 C22 C0 C24 C0 C11 <wb> C1 C16 <wb> C33 C0 C16 C23,train
8290,"शिक्षकों के मुताबिक़, पूरी घाटी के स्कूलों में ये निर्देश दिए गए हैं, कि सुरक्षा का ज़िम्मा, शिक्षकों का होगा.",1,6.78,1,,hindi_female_008290.wav,sh a i k a sx a k a o q <wb> k a ee <wb> m a u t a aa b a i kq a <wb> p a uu r a ii <wb> gh a aa tx a ii <wb> k a ee <wb> s a k a uu l a o q <wb> m a ee q <wb> y a ee <wb> n a i r a d a ee sh a <wb> d a i ee <wb> g a ee <wb> h a ei q <wb> k a i <wb> s a u r a k a sx a aa <wb> k a aa <wb> z a i m a m a aa <wb> sh a i k a sx a k a o q <wb> k a aa <wb> h a o g a aa,C31 C0 C16 C19 C0 C31 C0 C19 C0 C26 C23 <wb> C19 C0 C11 <wb> C22 C0 C36 C32 C0 C1 C3 C0 C16 C19 C0 <wb> C28 C0 C36 C29 C0 C16 <wb> C14 C0 C1 C34 C0 C16 <wb> C19 C0 C11 <wb> C30 C0 C19 C0 C36 C21 C0 C26 C23 <wb> C22 C0 C11 C23 <wb> C38 C0 C11 <wb> C24 C0 C16 C29 C0 C7 C0 C11 C31 C0 <wb> C7 C0 C16 C11 <wb> C13 C0 C11 <wb> C15 C0 C2 C23 <wb> C19 C0 C16 <wb> C30 C0 C36 C29 C0 C19 C0 C31 C0 C1 <wb> C19 C0 C1 <wb> C17 C0 C16 C22 C0 C22 C0 C1 <wb> C31 C0 C16 C19 C0 C31 C0 C19 C0 C26 C23 <wb> C19 C0 C1 <wb> C15 C0 C26 C13 C0 C1,train
8325,"इस समय, एक दिन में लोग, साढ़े चार हज़ार रूपए बदल सकते हैं, लेकिन शुक्रवार से, यह सीमा कम कर के, दो हज़ार रूपए कर दी गई है.",1,8.591,1,,hindi_female_008325.wav,i s a <wb> s a m a y a <wb> ee k a <wb> d a i n a <wb> m a ee q <wb> l a o g a <wb> s a aa dxhq a ee <wb> c a aa r a <wb> h a z a aa r a <wb> r a uu p a ee <wb> b a d a l a <wb> s a k a t a ee <wb> h a ei q <wb> l a ee k a i n a <wb> sh a u k a r a w a aa r a <wb> s a ee <wb> y a h a <wb> s a ii m a aa <wb> k a m a <wb> k a r a <wb> k a ee <wb> d a o <wb> h a z a aa r a <wb> r a uu p a ee <wb> k a r a <wb> d a ii <wb> g a ii <wb> h a ei,C16 C30 C0 <wb> C30 C0 C22 C0 C38 C0 <wb> C11 C19 C0 <wb> C7 C0 C16 C24 C0 <wb> C22 C0 C11 C23 <wb> C21 C0 C26 C13 C0 <wb> C30 C0 C1 C10 C0 C11 <wb> C5 C0 C1 C29 C0 <wb> C15 C0 C17 C0 C1 C29 C0 <wb> C29 C0 C36 C28 C0 C11 <wb> C3 C0 C7 C0 C21 C0 <wb> C30 C0 C19 C0 C32 C0 C11 <wb> C15 C0 C2 C23 <wb> C21 C0 C11 C19 C0 C16 C24 C0 <wb> C31 C0 C36 C19 C0 C29 C0 C37 C0 C1 C29 C0 <wb> C30 C0 C11 <wb> C38 C0 C15 C0 <wb> C30 C0 C16 C22 C0 C1 <wb> C19 C0 C22 C0 <wb> C19 C0 C29 C0 <wb> C19 C0 C11 <wb> C7 C0 C26 <wb> C15 C0 C17 C0 C1 C29 C0 <wb> C29 C0 C36 C28 C0 C11 <wb> C19 C0 C29 C0 <wb> C7 C0 C16 <wb> C13 C0 C16 <wb> C15 C0 C2,train
8326,"सरकार का कहना है, कि कई लोग बार बार पैसे बदल रहे हैं, जिसे रोकने के लिए, ये कदम उठाया गया है.",1,7.122,0,not_selected_by_random,,,,
8337,"लेकिन कुछ लोगों ने ऐसी कोशिश की, तो भारतीय जनता नाराज़ हो गई.",1,4.319,1,,hindi_female_008337.wav,l a ee k a i n a <wb> k a u ch a <wb> l a o g a o q <wb> n a ee <wb> ei s a ii <wb> k a o sh a i sh a <wb> k a ii <wb> t a o <wb> bh a aa r a t a ii y a <wb> j a n a t a aa <wb> n a aa r a aa z a <wb> h a o <wb> g a ii,C21 C0 C11 C19 C0 C16 C24 C0 <wb> C19 C0 C36 C6 C0 <wb> C21 C0 C26 C13 C0 C26 C23 <wb> C24 C0 C11 <wb> C2 C30 C0 C16 <wb> C19 C0 C26 C31 C0 C16 C31 C0 <wb> C19 C0 C16 <wb> C32 C0 C26 <wb> C4 C0 C1 C29 C0 C32 C0 C16 C38 C0 <wb> C17 C0 C24 C0 C32 C0 C1 <wb> C24 C0 C1 C29 C0 C1 C17 C0 <wb> C15 C0 C26 <wb> C13 C0 C16,train
8338,हमने कश्मीरियों पर गाना बनाने का पहला हक़ भारत को ही दिया था.,1,4.04,1,,hindi_female_008338.wav,h a m a n a ee <wb> k a sh a m a ii r a i y a o q <wb> p a r a <wb> g a aa n a aa <wb> b a n a aa n a ee <wb> k a aa <wb> p a h a l a aa <wb> h a kq a <wb> bh a aa r a t a <wb> k a o <wb> h a ii <wb> d a i y a aa <wb> th a aa,C15 C0 C22 C0 C24 C0 C11 <wb> C19 C0 C31 C0 C22 C0 C16 C29 C0 C16 C38 C0 C26 C23 <wb> C28 C0 C29 C0 <wb> C13 C0 C1 C24 C0 C1 <wb> C3 C0 C24 C0 C1 C24 C0 C11 <wb> C19 C0 C1 <wb> C28 C0 C15 C0 C21 C0 C1 <wb> C15 C0 C19 C0 <wb> C4 C0 C1 C29 C0 C32 C0 <wb> C19 C0 C26 <wb> C15 C0 C16 <wb> C7 C0 C16 C38 C0 C1 <wb> C33 C0 C1,train
8343,"पाकिस्तानी अख़बार डॉन में, पंद्रह नवंबर को छपी ख़बर के मुताबिक़, चूंकि बहुत से पाकिस्तानी कलाकार भारत के लिए भी काम करते हैं, ऐसे में ज़्यादातर कलाकार, शुरूआत में इस गाने के लिए तैयार नहीं हुए.",1,12.725,1,,hindi_female_008343.wav,p a aa k a i s a t a aa n a ii <wb> a khq a b a aa r a <wb> dx a n a <wb> m a ee q <wb> p a q d a r a h a <wb> n a w a q b a r a <wb> k a o <wb> ch a p a ii <wb> khq a b a r a <wb> k a ee <wb> m a u t a aa b a i kq a <wb> c a uu q k a i <wb> b a h a u t a <wb> s a ee <wb> p a aa k a i s a t a aa n a ii <wb> k a l a aa k a aa r a <wb> bh a aa r a t a <wb> k a ee <wb> l a i ee <wb> bh a ii <wb> k a aa m a <wb> k a r a t a ee <wb> h a ei q <wb> ei s a ee <wb> m a ee q <wb> z a y a aa d a aa t a r a <wb> k a l a aa k a aa r a <wb> sh a u r a uu aa t a <wb> m a ee q <wb> i s a <wb> g a aa n a ee <wb> k a ee <wb> l a i ee <wb> t a ei y a aa r a <wb> n a h a ii q <wb> h a u ee,C28 C0 C1 C19 C0 C16 C30 C0 C32 C0 C1 C24 C0 C16 <wb> C0 C20 C0 C3 C0 C1 C29 C0 <wb> C9 C0 C24 C0 <wb> C22 C0 C11 C23 <wb> C28 C0 C23 C7 C0 C29 C0 C15 C0 <wb> C24 C0 C37 C0 C23 C3 C0 C29 C0 <wb> C19 C0 C26 <wb> C6 C0 C28 C0 C16 <wb> C20 C0 C3 C0 C29 C0 <wb> C19 C0 C11 <wb> C22 C0 C36 C32 C0 C1 C3 C0 C16 C19 C0 <wb> C5 C0 C36 C23 C19 C0 C16 <wb> C3 C0 C15 C0 C36 C32 C0 <wb> C30 C0 C11 <wb> C28 C0 C1 C19 C0 C16 C30 C0 C32 C0 C1 C24 C0 C16 <wb> C19 C0 C21 C0 C1 C19 C0 C1 C29 C0 <wb> C4 C0 C1 C29 C0 C32 C0 <wb> C19 C0 C11 <wb> C21 C0 C16 C11 <wb> C4 C0 C16 <wb> C19 C0 C1 C22 C0 <wb> C19 C0 C29 C0 C32 C0 C11 <wb> C15 C0 C2 C23 <wb> C2 C30 C0 C11 <wb> C22 C0 C11 C23 <wb> C17 C0 C38 C0 C1 C7 C0 C1 C32 C0 C29 C0 <wb> C19 C0 C21 C0 C1 C19 C0 C1 C29 C0 <wb> C31 C0 C36 C29 C0 C36 C1 C32 C0 <wb> C22 C0 C11 C23 <wb> C16 C30 C0 <wb> C13 C0 C1 C24 C0 C11 <wb> C19 C0 C11 <wb> C21 C0 C16 C11 <wb> C32 C0 C2 C38 C0 C1 C29 C0 <wb> C24 C0 C15 C0 C16 C23 <wb> C15 C0 C36 C11,train
8347,"साथ ही पाकिस्तान के लोगों से, कश्मीर के संघर्ष में उनका साथ देने की अपील की है.",1,5.317,1,,hindi_female_008347.wav,s a aa th a <wb> h a ii <wb> p a aa k a i s a t a aa n a <wb> k a ee <wb> l a o g a o q <wb> s a ee <wb> k a sh a m a ii r a <wb> k a ee <wb> s a q gh a r a sx a <wb> m a ee q <wb> u n a k a aa <wb> s a aa th a <wb> d a ee n a ee <wb> k a ii <wb> a p a ii l a <wb> k a ii <wb> h a ei,C30 C0 C1 C33 C0 <wb> C15 C0 C16 <wb> C28 C0 C1 C19 C0 C16 C30 C0 C32 C0 C1 C24 C0 <wb> C19 C0 C11 <wb> C21 C0 C26 C13 C0 C26 C23 <wb> C30 C0 C11 <wb> C19 C0 C31 C0 C22 C0 C16 C29 C0 <wb> C19 C0 C11 <wb> C30 C0 C23 C14 C0 C29 C0 C31 C0 <wb> C22 C0 C11 C23 <wb> C36 C24 C0 C19 C0 C1 <wb> C30 C0 C1 C33 C0 <wb> C7 C0 C11 C24 C0 C11 <wb> C19 C0 C16 <wb> C0 C28 C0 C16 C21 C0 <wb> C19 C0 C16 <wb> C15 C0 C2,train
8348,"इस बीच सोशल मीडिया पर, कश्मीर समर्थक, इस गीत को जमकर शेयर कर रहे हैं.",1,5.441,0,not_selected_by_random,,,,
8370,"हिंदुस्तान टाइम्स के मुताबिक, विपक्षी दलों ने सरकार पर आरोप लगाया, कि सरकार ने इस कदम की जानकारी, बीजेपी के दोस्तों को पहले ही दे दी थी, और इस फ़ैसले की जांच कराने की मांग की.",1,12.265,0,not_selected_by_random,,,,
8373,"अख़बार के मुताबिक, मंगलवार को उत्तर पश्चिम दिल्ली में, अपने दो बच्चों की कथित तौर पर सोते वक्त जान ले ली.",1,7.036,1,,hindi_female_008373.wav,a khq a b a aa r a <wb> k a ee <wb> m a u t a aa b a i k a <wb> m a q g a l a w a aa r a <wb> k a o <wb> u t a t a r a <wb> p a sh a c a i m a <wb> d a i l a l a ii <wb> m a ee q <wb> a p a n a ee <wb> d a o <wb> b a c a c a o q <wb> k a ii <wb> k a th a i t a <wb> t a ou r a <wb> p a r a <wb> s a o t a ee <wb> w a k a t a <wb> j a aa n a <wb> l a ee <wb> l a ii,C0 C20 C0 C3 C0 C1 C29 C0 <wb> C19 C0 C11 <wb> C22 C0 C36 C32 C0 C1 C3 C0 C16 C19 C0 <wb> C22 C0 C23 C13 C0 C21 C0 C37 C0 C1 C29 C0 <wb> C19 C0 C26 <wb> C36 C32 C0 C32 C0 C29 C0 <wb> C28 C0 C31 C0 C5 C0 C16 C22 C0 <wb> C7 C0 C16 C21 C0 C21 C0 C16 <wb> C22 C0 C11 C23 <wb> C0 C28 C0 C24 C0 C11 <wb> C7 C0 C26 <wb> C3 C0 C5 C0 C5 C0 C26 C23 <wb> C19 C0 C16 <wb> C19 C0 C33 C0 C16 C32 C0 <wb> C32 C0 C27 C29 C0 <wb> C28 C0 C29 C0 <wb> C30 C0 C26 C32 C0 C11 <wb> C37 C0 C19 C0 C32 C0 <wb> C17 C0 C1 C24 C0 <wb> C21 C0 C11 <wb> C21 C0 C16,train
8380,"हिंदुस्तान टाइम्स की ख़बर के मुताबिक, एक महिला चालक ने, कथित तौर पर नशे की हालत में पांच लोगों पर गाड़ी चढ़ा दी.",1,7.245,1,,hindi_female_008380.wav,h a i q d a u s a t a aa n a <wb> tx a aa i m a s a <wb> k a ii <wb> khq a b a r a <wb> k a ee <wb> m a u t a aa b a i k a <wb> ee k a <wb> m a h a i l a aa <wb> c a aa l a k a <wb> n a ee <wb> k a th a i t a <wb> t a ou r a <wb> p a r a <wb> n a sh a ee <wb> k a ii <wb> h a aa l a t a <wb> m a ee q <wb> p a aa q c a <wb> l a o g a o q <wb> p a r a <wb> g a aa dxq a ii <wb> c a dxhq a aa <wb> d a ii,C15 C0 C16 C23 C7 C0 C36 C30 C0 C32 C0 C1 C24 C0 <wb> C34 C0 C1 C16 C22 C0 C30 C0 <wb> C19 C0 C16 <wb> C20 C0 C3 C0 C29 C0 <wb> C19 C0 C11 <wb> C22 C0 C36 C32 C0 C1 C3 C0 C16 C19 C0 <wb> C11 C19 C0 <wb> C22 C0 C15 C0 C16 C21 C0 C1 <wb> C5 C0 C1 C21 C0 C19 C0 <wb> C24 C0 C11 <wb> C19 C0 C33 C0 C16 C32 C0 <wb> C32 C0 C27 C29 C0 <wb> C28 C0 C29 C0 <wb> C24 C0 C31 C0 C11 <wb> C19 C0 C16 <wb> C15 C0 C1 C21 C0 C32 C0 <wb> C22 C0 C11 C23 <wb> C28 C0 C1 C23 C5 C0 <wb> C21 C0 C26 C13 C0 C26 C23 <wb> C28 C0 C29 C0 <wb> C13 C0 C1 C9 C0 C16 <wb> C5 C0 C10 C0 C1 <wb> C7 C0 C16,train
8381,इनमें से दो लोगों की मौके पर मौत हो गई.,1,2.902,0,not_selected_by_random,,,,
8383,"हादसा, राष्ट्रीय राजमार्ग संख्या एक पर, करनाल के करीब हुआ.",1,4.938,0,not_selected_by_random,,,,
8385,"इन हमलों में, पांच बच्चों समेत, कम से कम इक्कीस लोगों की मौत की ख़बर है.",1,4.899,1,,hindi_female_008385.wav,i n a <wb> h a m a l a o q <wb> m a ee q <wb> p a aa q c a <wb> b a c a c a o q <wb> s a m a ee t a <wb> k a m a <wb> s a ee <wb> k a m a <wb> i k a k a ii s a <wb> l a o g a o q <wb> k a ii <wb> m a ou t a <wb> k a ii <wb> khq a b a r a <wb> h a ei,C16 C24 C0 <wb> C15 C0 C22 C0 C21 C0 C26 C23 <wb> C22 C0 C11 C23 <wb> C28 C0 C1 C23 C5 C0 <wb> C3 C0 C5 C0 C5 C0 C26 C23 <wb> C30 C0 C22 C0 C11 C32 C0 <wb> C19 C0 C22 C0 <wb> C30 C0 C11 <wb> C19 C0 C22 C0 <wb> C16 C19 C0 C19 C0 C16 C30 C0 <wb> C21 C0 C26 C13 C0 C26 C23 <wb> C19 C0 C16 <wb> C22 C0 C27 C32 C0 <wb> C19 C0 C16 <wb> C20 C0 C3 C0 C29 C0 <wb> C15 C0 C2,train
8391,"उन्होंने कहा, हमारे ऊपर विमान हैं.",1,2.136,1,,hindi_female_008391.wav,u n a h a o q n a ee <wb> k a h a aa <wb> h a m a aa r a ee <wb> uu p a r a <wb> w a i m a aa n a <wb> h a ei q,C36 C24 C0 C15 C0 C26 C23 C24 C0 C11 <wb> C19 C0 C15 C0 C1 <wb> C15 C0 C22 C0 C1 C29 C0 C11 <wb> C36 C28 C0 C29 C0 <wb> C37 C0 C16 C22 C0 C1 C24 C0 <wb> C15 C0 C2 C23,train
8393,"शायद हम ख़ुद को, इस कमरे में भी सुरक्षित नहीं रख सकते हैं.",1,4.08,0,not_selected_by_random,,,,
8402,"बीती बाईस सितंबर को, सरकारी सेना ने शहर को पूरी तरह से नियंत्रण में लेने के लिए, आक्रामक अभियान की शुरुआत की.",1,7.616,1,,hindi_female_008402.wav,b a ii t a ii <wb> b a aa ii s a <wb> s a i t a q b a r a <wb> k a o <wb> s a r a k a aa r a ii <wb> s a ee n a aa <wb> n a ee <wb> sh a h a r a <wb> k a o <wb> p a uu r a ii <wb> t a r a h a <wb> s a ee <wb> n a i y a q t a r a nx a <wb> m a ee q <wb> l a ee n a ee <wb> k a ee <wb> l a i ee <wb> aa k a r a aa m a k a <wb> a bh a i y a aa n a <wb> k a ii <wb> sh a u r a u aa t a <wb> k a ii,C3 C0 C16 C32 C0 C16 <wb> C3 C0 C1 C16 C30 C0 <wb> C30 C0 C16 C32 C0 C23 C3 C0 C29 C0 <wb> C19 C0 C26 <wb> C30 C0 C29 C0 C19 C0 C1 C29 C0 C16 <wb> C30 C0 C11 C24 C0 C1 <wb> C24 C0 C11 <wb> C31 C0 C15 C0 C29 C0 <wb> C19 C0 C26 <wb> C28 C0 C36 C29 C0 C16 <wb> C32 C0 C29 C0 C15 C0 <wb> C30 C0 C11 <wb> C24 C0 C16 C38 C0 C23 C32 C0 C29 C0 C25 C0 <wb> C22 C0 C11 C23 <wb> C21 C0 C11 C24 C0 C11 <wb> C19 C0 C11 <wb> C21 C0 C16 C11 <wb> C1 C19 C0 C29 C0 C1 C22 C0 C19 C0 <wb> C0 C4 C0 C16 C38 C0 C1 C24 C0 <wb> C19 C0 C16 <wb> C31 C0 C36 C29 C0 C36 C1 C32 C0 <wb> C19 C0 C16,val
8404,"सीरिया की सरकारी सेना और रूस ने, अठारह अक्तूबर को हवाई हमले बंद कर दिए, जिससे आम लोग और विद्रोही, शहर से बाहर जा सकें, लेकिन इस दौरान, बहुत ही कम लोग बाहर आए.",1,12.051,1,,hindi_female_008404.wav,s a ii r a i y a aa <wb> k a ii <wb> s a r a k a aa r a ii <wb> s a ee n a aa <wb> ou r a <wb> r a uu s a <wb> n a ee <wb> a txh a aa r a h a <wb> a k a t a uu b a r a <wb> k a o <wb> h a w a aa ii <wb> h a m a l a ee <wb> b a q d a <wb> k a r a <wb> d a i ee <wb> j a i s a s a ee <wb> aa m a <wb> l a o g a <wb> ou r a <wb> w a i d a r a o h a ii <wb> sh a h a r a <wb> s a ee <wb> b a aa h a r a <wb> j a aa <wb> s a k a ee q <wb> l a ee k a i n a <wb> i s a <wb> d a ou r a aa n a <wb> b a h a u t a <wb> h a ii <wb> k a m a <wb> l a o g a <wb> b a aa h a r a <wb> aa ee,C30 C0 C16 C29 C0 C16 C38 C0 C1 <wb> C19 C0 C16 <wb> C30 C0 C29 C0 C19 C0 C1 C29 C0 C16 <wb> C30 C0 C11 C24 C0 C1 <wb> C27 C29 C0 <wb> C29 C0 C36 C30 C0 <wb> C24 C0 C11 <wb> C0 C35 C0 C1 C29 C0 C15 C0 <wb> C0 C19 C0 C32 C0 C36 C3 C0 C29 C0 <wb> C19 C0 C26 <wb> C15 C0 C37 C0 C1 C16 <wb> C15 C0 C22 C0 C21 C0 C11 <wb> C3 C0 C23 C7 C0 <wb> C19 C0 C29 C0 <wb> C7 C0 C16 C11 <wb> C17 C0 C16 C30 C0 C30 C0 C11 <wb> C1 C22 C0 <wb> C21 C0 C26 C13 C0 <wb> C27 C29 C0 <wb> C37 C0 C16 C7 C0 C29 C0 C26 C15 C0 C16 <wb> C31 C0 C15 C0 C29 C0 <wb> C30 C0 C11 <wb> C3 C0 C1 C15 C0 C29 C0 <wb> C17 C0 C1 <wb> C30 C0 C19 C0 C11 C23 <wb> C21 C0 C11 C19 C0 C16 C24 C0 <wb> C16 C30 C0 <wb> C7 C0 C27 C29 C0 C1 C24 C0 <wb> C3 C0 C15 C0 C36 C32 C0 <wb> C15 C0 C16 <wb> C19 C0 C22 C0 <wb> C21 C0 C26 C13 C0 <wb> C3 C0 C1 C15 C0 C29 C0 <wb> C1 C11,val
8428,"ऐसा इसलिए हुआ, कि ये सभी के लिए खुला था.",1,2.972,1,,hindi_female_008428.wav,ei s a aa <wb> i s a l a i ee <wb> h a u aa <wb> k a i <wb> y a ee <wb> s a bh a ii <wb> k a ee <wb> l a i ee <wb> kh a u l a aa <wb> th a aa,C2 C30 C0 C1 <wb> C16 C30 C0 C21 C0 C16 C11 <wb> C15 C0 C36 C1 <wb> C19 C0 C16 <wb> C38 C0 C11 <wb> C30 C0 C4 C0 C16 <wb> C19 C0 C11 <wb> C21 C0 C16 C11 <wb> C20 C0 C36 C21 C0 C1 <wb> C33 C0 C1,train
8432,"सीरिया में जारी संघर्ष के बीच, बचपन खो सा गया है.",1,3.39,1,,hindi_female_008432.wav,s a ii r a i y a aa <wb> m a ee q <wb> j a aa r a ii <wb> s a q gh a r a sx a <wb> k a ee <wb> b a ii c a <wb> b a c a p a n a <wb> kh a o <wb> s a aa <wb> g a y a aa <wb> h a ei,C30 C0 C16 C29 C0 C16 C38 C0 C1 <wb> C22 C0 C11 C23 <wb> C17 C0 C1 C29 C0 C16 <wb> C30 C0 C23 C14 C0 C29 C0 C31 C0 <wb> C19 C0 C11 <wb> C3 C0 C16 C5 C0 <wb> C3 C0 C5 C0 C28 C0 C24 C0 <wb> C20 C0 C26 <wb> C30 C0 C1 <wb> C13 C0 C38 C0 C1 <wb> C15 C0 C2,train
8450,"लेकिन, जैसे-जैसे समझ बढ़ी, उसका खाने का अंदाज़ भी बदला.",1,4.412,1,,hindi_female_008450.wav,l a ee k a i n a <wb> j a ei s a ee <wb> j a ei s a ee <wb> s a m a jh a <wb> b a dxhq a ii <wb> u s a k a aa <wb> kh a aa n a ee <wb> k a aa <wb> a q d a aa z a <wb> bh a ii <wb> b a d a l a aa,C21 C0 C11 C19 C0 C16 C24 C0 <wb> C17 C0 C2 C30 C0 C11 <wb> C17 C0 C2 C30 C0 C11 <wb> C30 C0 C22 C0 C18 C0 <wb> C3 C0 C10 C0 C16 <wb> C36 C30 C0 C19 C0 C1 <wb> C20 C0 C1 C24 C0 C11 <wb> C19 C0 C1 <wb> C0 C23 C7 C0 C1 C17 C0 <wb> C4 C0 C16 <wb> C3 C0 C7 C0 C21 C0 C1,train
8451,"और इसके साथ ही, पूरी मानव जाति, हमेशा के लिए बदल गई.",1,3.692,1,,hindi_female_008451.wav,ou r a <wb> i s a k a ee <wb> s a aa th a <wb> h a ii <wb> p a uu r a ii <wb> m a aa n a w a <wb> j a aa t a i <wb> h a m a ee sh a aa <wb> k a ee <wb> l a i ee <wb> b a d a l a <wb> g a ii,C27 C29 C0 <wb> C16 C30 C0 C19 C0 C11 <wb> C30 C0 C1 C33 C0 <wb> C15 C0 C16 <wb> C28 C0 C36 C29 C0 C16 <wb> C22 C0 C1 C24 C0 C37 C0 <wb> C17 C0 C1 C32 C0 C16 <wb> C15 C0 C22 C0 C11 C31 C0 C1 <wb> C19 C0 C11 <wb> C21 C0 C16 C11 <wb> C3 C0 C7 C0 C21 C0 <wb> C13 C0 C16,train
8452,आग की खोज ने इस दिशा में और अहम रोल निभाया.,1,3.228,1,,hindi_female_008452.wav,aa g a <wb> k a ii <wb> kh a o j a <wb> n a ee <wb> i s a <wb> d a i sh a aa <wb> m a ee q <wb> ou r a <wb> a h a m a <wb> r a o l a <wb> n a i bh a aa y a aa,C1 C13 C0 <wb> C19 C0 C16 <wb> C20 C0 C26 C17 C0 <wb> C24 C0 C11 <wb> C16 C30 C0 <wb> C7 C0 C16 C31 C0 C1 <wb> C22 C0 C11 C23 <wb> C27 C29 C0 <wb> C0 C15 C0 C22 C0 <wb> C29 C0 C26 C21 C0 <wb> C24 C0 C16 C4 C0 C1 C38 C0 C1,train
8454,"इंसान के इतिहास में, आग के बाद दूसरा अहम क़दम था, खेती.",1,4.365,1,,hindi_female_008454.wav,i q s a aa n a <wb> k a ee <wb> i t a i h a aa s a <wb> m a ee q <wb> aa g a <wb> k a ee <wb> b a aa d a <wb> d a uu s a r a aa <wb> a h a m a <wb> kq a d a m a <wb> th a aa <wb> kh a ee t a ii,C16 C23 C30 C0 C1 C24 C0 <wb> C19 C0 C11 <wb> C16 C32 C0 C16 C15 C0 C1 C30 C0 <wb> C22 C0 C11 C23 <wb> C1 C13 C0 <wb> C19 C0 C11 <wb> C3 C0 C1 C7 C0 <wb> C7 C0 C36 C30 C0 C29 C0 C1 <wb> C0 C15 C0 C22 C0 <wb> C19 C0 C7 C0 C22 C0 <wb> C33 C0 C1 <wb> C20 C0 C11 C32 C0 C16,train
8459,हल से खेती करना और आसान हो गया.,1,2.641,0,not_selected_by_random,,,,
8462,"देखते ही देखते, सभ्यताओं का उदय हुआ.",1,2.786,1,,hindi_female_008462.wav,d a ee kh a t a ee <wb> h a ii <wb> d a ee kh a t a ee <wb> s a bh a y a t a aa o q <wb> k a aa <wb> u d a y a <wb> h a u aa,C7 C0 C11 C20 C0 C32 C0 C11 <wb> C15 C0 C16 <wb> C7 C0 C11 C20 C0 C32 C0 C11 <wb> C30 C0 C4 C0 C38 C0 C32 C0 C1 C26 C23 <wb> C19 C0 C1 <wb> C36 C7 C0 C38 C0 <wb> C15 C0 C36 C1,train
8464,बढ़ती आबादी के लिए बड़ी मात्रा में खाने की ज़रूरत थी.,1,3.274,1,,hindi_female_008464.wav,b a dxhq a t a ii <wb> aa b a aa d a ii <wb> k a ee <wb> l a i ee <wb> b a dxq a ii <wb> m a aa t a r a aa <wb> m a ee q <wb> kh a aa n a ee <wb> k a ii <wb> z a r a uu r a t a <wb> th a ii,C3 C0 C10 C0 C32 C0 C16 <wb> C1 C3 C0 C1 C7 C0 C16 <wb> C19 C0 C11 <wb> C21 C0 C16 C11 <wb> C3 C0 C9 C0 C16 <wb> C22 C0 C1 C32 C0 C29 C0 C1 <wb> C22 C0 C11 C23 <wb> C20 C0 C1 C24 C0 C11 <wb> C19 C0 C16 <wb> C17 C0 C29 C0 C36 C29 C0 C32 C0 <wb> C33 C0 C16,train
8466,"पका हुआ खाना, जब एक जगह से दूसरी जगह जाता था, तो उसके ख़राब होने का डर रहता था.",1,5.759,1,,hindi_female_008466.wav,p a k a aa <wb> h a u aa <wb> kh a aa n a aa <wb> j a b a <wb> ee k a <wb> j a g a h a <wb> s a ee <wb> d a uu s a r a ii <wb> j a g a h a <wb> j a aa t a aa <wb> th a aa <wb> t a o <wb> u s a k a ee <wb> khq a r a aa b a <wb> h a o n a ee <wb> k a aa <wb> dx a r a <wb> r a h a t a aa <wb> th a aa,C28 C0 C19 C0 C1 <wb> C15 C0 C36 C1 <wb> C20 C0 C1 C24 C0 C1 <wb> C17 C0 C3 C0 <wb> C11 C19 C0 <wb> C17 C0 C13 C0 C15 C0 <wb> C30 C0 C11 <wb> C7 C0 C36 C30 C0 C29 C0 C16 <wb> C17 C0 C13 C0 C15 C0 <wb> C17 C0 C1 C32 C0 C1 <wb> C33 C0 C1 <wb> C32 C0 C26 <wb> C36 C30 C0 C19 C0 C11 <wb> C20 C0 C29 C0 C1 C3 C0 <wb> C15 C0 C26 C24 C0 C11 <wb> C19 C0 C1 <wb> C9 C0 C29 C0 <wb> C29 C0 C15 C0 C32 C0 C1 <wb> C33 C0 C1,train
8467,"इस मुश्किल से पार पाने के लिए, ऐसे बर्तन बनाए गए, जिनमें खाना लंबे समय तक ठीक रहता था.",1,5.805,1,,hindi_female_008467.wav,i s a <wb> m a u sh a k a i l a <wb> s a ee <wb> p a aa r a <wb> p a aa n a ee <wb> k a ee <wb> l a i ee <wb> ei s a ee <wb> b a r a t a n a <wb> b a n a aa ee <wb> g a ee <wb> j a i n a m a ee q <wb> kh a aa n a aa <wb> l a q b a ee <wb> s a m a y a <wb> t a k a <wb> txh a ii k a <wb> r a h a t a aa <wb> th a aa,C16 C30 C0 <wb> C22 C0 C36 C31 C0 C19 C0 C16 C21 C0 <wb> C30 C0 C11 <wb> C28 C0 C1 C29 C0 <wb> C28 C0 C1 C24 C0 C11 <wb> C19 C0 C11 <wb> C21 C0 C16 C11 <wb> C2 C30 C0 C11 <wb> C3 C0 C29 C0 C32 C0 C24 C0 <wb> C3 C0 C24 C0 C1 C11 <wb> C13 C0 C11 <wb> C17 C0 C16 C24 C0 C22 C0 C11 C23 <wb> C20 C0 C1 C24 C0 C1 <wb> C21 C0 C23 C3 C0 C11 <wb> C30 C0 C22 C0 C38 C0 <wb> C32 C0 C19 C0 <wb> C35 C0 C16 C19 C0 <wb> C29 C0 C15 C0 C32 C0 C1 <wb> C33 C0 C1,train
8469,"एक समय था, जब खाना पकाने या गर्म करने के लिए घंटों लगते थे.",1,4.551,1,,hindi_female_008469.wav,ee k a <wb> s a m a y a <wb> th a aa <wb> j a b a <wb> kh a aa n a aa <wb> p a k a aa n a ee <wb> y a aa <wb> g a r a m a <wb> k a r a n a ee <wb> k a ee <wb> l a i ee <wb> gh a q tx a o q <wb> l a g a t a ee <wb> th a ee,C11 C19 C0 <wb> C30 C0 C22 C0 C38 C0 <wb> C33 C0 C1 <wb> C17 C0 C3 C0 <wb> C20 C0 C1 C24 C0 C1 <wb> C28 C0 C19 C0 C1 C24 C0 C11 <wb> C38 C0 C1 <wb> C13 C0 C29 C0 C22 C0 <wb> C19 C0 C29 C0 C24 C0 C11 <wb> C19 C0 C11 <wb> C21 C0 C16 C11 <wb> C14 C0 C23 C34 C0 C26 C23 <wb> C21 C0 C13 C0 C32 C0 C11 <wb> C33 C0 C11,train
8471,"खाना खाने की आदत बदलने के साथ ही, खाना बनाने, और उसे रखने के तरीक़े भी बदलने लगे.",1,5.48,1,,hindi_female_008471.wav,kh a aa n a aa <wb> kh a aa n a ee <wb> k a ii <wb> aa d a t a <wb> b a d a l a n a ee <wb> k a ee <wb> s a aa th a <wb> h a ii <wb> kh a aa n a aa <wb> b a n a aa n a ee <wb> ou r a <wb> u s a ee <wb> r a kh a n a ee <wb> k a ee <wb> t a r a ii kq a ee <wb> bh a ii <wb> b a d a l a n a ee <wb> l a g a ee,C20 C0 C1 C24 C0 C1 <wb> C20 C0 C1 C24 C0 C11 <wb> C19 C0 C16 <wb> C1 C7 C0 C32 C0 <wb> C3 C0 C7 C0 C21 C0 C24 C0 C11 <wb> C19 C0 C11 <wb> C30 C0 C1 C33 C0 <wb> C15 C0 C16 <wb> C20 C0 C1 C24 C0 C1 <wb> C3 C0 C24 C0 C1 C24 C0 C11 <wb> C27 C29 C0 <wb> C36 C30 C0 C11 <wb> C29 C0 C20 C0 C24 C0 C11 <wb> C19 C0 C11 <wb> C32 C0 C29 C0 C16 C19 C0 C11 <wb> C4 C0 C16 <wb> C3 C0 C7 C0 C21 C0 C24 C0 C11 <wb> C21 C0 C13 C0 C11,train
8472,हरेक फ़सल बारह महीने की नहीं होती.,1,2.665,0,not_selected_by_random,,,,
8481,धरती के माहौल पर भी इसका असर पड़ा है.,1,2.438,1,,hindi_female_008481.wav,dh a r a t a ii <wb> k a ee <wb> m a aa h a ou l a <wb> p a r a <wb> bh a ii <wb> i s a k a aa <wb> a s a r a <wb> p a dxq a aa <wb> h a ei,C8 C0 C29 C0 C32 C0 C16 <wb> C19 C0 C11 <wb> C22 C0 C1 C15 C0 C27 C21 C0 <wb> C28 C0 C29 C0 <wb> C4 C0 C16 <wb> C16 C30 C0 C19 C0 C1 <wb> C0 C30 C0 C29 C0 <wb> C28 C0 C9 C0 C1 <wb> C15 C0 C2,train
8486,"जैसे-जैसे ज़िंदगी आगे बढ़ रही है, इंसान के पास, सुकून से खाना खाने का समय तक नहीं रहा.",1,6.573,0,not_selected_by_random,,,,
8488,"इसलिए ऐसा खाना तैयार होने लगा है, जो पेट तो भर देता है, लेकिन शरीर को ज़रूरी पोषक तत्व नहीं देता.",1,7.328,0,not_selected_by_random,,,,
8490,लेकिन इसके लिए हम वातावरण और ख़ुद अपनी सेहत से खेल रहे हैं.,1,4.262,0,not_selected_by_random,,,,
8495,"कुछ को उस वक़्त जन्म लेना अच्छा लगे, जब इंसान ने क़लम और काग़ज़ का इस्तेमाल शुरू किया.",1,5.48,1,,hindi_female_008495.wav,k a u ch a <wb> k a o <wb> u s a <wb> w a kq a t a <wb> j a n a m a <wb> l a ee n a aa <wb> a c a ch a aa <wb> l a g a ee <wb> j a b a <wb> i q s a aa n a <wb> n a ee <wb> kq a l a m a <wb> ou r a <wb> k a aa gq a z a <wb> k a aa <wb> i s a t a ee m a aa l a <wb> sh a u r a uu <wb> k a i y a aa,C19 C0 C36 C6 C0 <wb> C19 C0 C26 <wb> C36 C30 C0 <wb> C37 C0 C19 C0 C32 C0 <wb> C17 C0 C24 C0 C22 C0 <wb> C21 C0 C11 C24 C0 C1 <wb> C0 C5 C0 C6 C0 C1 <wb> C21 C0 C13 C0 C11 <wb> C17 C0 C3 C0 <wb> C16 C23 C30 C0 C1 C24 C0 <wb> C24 C0 C11 <wb> C19 C0 C21 C0 C22 C0 <wb> C27 C29 C0 <wb> C19 C0 C1 C13 C0 C17 C0 <wb> C19 C0 C1 <wb> C16 C30 C0 C32 C0 C11 C22 C0 C1 C21 C0 <wb> C31 C0 C36 C29 C0 C36 <wb> C19 C0 C16 C38 C0 C1,train
8497,"या कुछ लोग, शेक्सपियर के दौर में पैदा होना चाहेंगे.",1,3.111,1,,hindi_female_008497.wav,y a aa <wb> k a u ch a <wb> l a o g a <wb> sh a ee k a s a p a i y a r a <wb> k a ee <wb> d a ou r a <wb> m a ee q <wb> p a ei d a aa <wb> h a o n a aa <wb> c a aa h a ee q g a ee,C38 C0 C1 <wb> C19 C0 C36 C6 C0 <wb> C21 C0 C26 C13 C0 <wb> C31 C0 C11 C19 C0 C30 C0 C28 C0 C16 C38 C0 C29 C0 <wb> C19 C0 C11 <wb> C7 C0 C27 C29 C0 <wb> C22 C0 C11 C23 <wb> C28 C0 C2 C7 C0 C1 <wb> C15 C0 C26 C24 C0 C1 <wb> C5 C0 C1 C15 C0 C11 C23 C13 C0 C11,train
8499,"मगर हम आपको बता दें, कि आपको उस दौर में पैदा होने पर, भारी क़ीमत भी चुकानी होगी.",1,5.573,1,,hindi_female_008499.wav,m a g a r a <wb> h a m a <wb> aa p a k a o <wb> b a t a aa <wb> d a ee q <wb> k a i <wb> aa p a k a o <wb> u s a <wb> d a ou r a <wb> m a ee q <wb> p a ei d a aa <wb> h a o n a ee <wb> p a r a <wb> bh a aa r a ii <wb> kq a ii m a t a <wb> bh a ii <wb> c a u k a aa n a ii <wb> h a o g a ii,C22 C0 C13 C0 C29 C0 <wb> C15 C0 C22 C0 <wb> C1 C28 C0 C19 C0 C26 <wb> C3 C0 C32 C0 C1 <wb> C7 C0 C11 C23 <wb> C19 C0 C16 <wb> C1 C28 C0 C19 C0 C26 <wb> C36 C30 C0 <wb> C7 C0 C27 C29 C0 <wb> C22 C0 C11 C23 <wb> C28 C0 C2 C7 C0 C1 <wb> C15 C0 C26 C24 C0 C11 <wb> C28 C0 C29 C0 <wb> C4 C0 C1 C29 C0 C16 <wb> C19 C0 C16 C22 C0 C32 C0 <wb> C4 C0 C16 <wb> C5 C0 C36 C19 C0 C1 C24 C0 C16 <wb> C15 C0 C26 C13 C0 C16,train
8504,"इंसान की सभ्यता के एक बड़े दौर में, ज़िंदगी बेहद मुश्किल रही है.",1,5.148,0,not_selected_by_random,,,,
8508,"हमारी ज़िंदगी, हमारा रहन-सहन, काफ़ी बेहतर हुआ है.",1,3.39,1,,hindi_female_008508.wav,h a m a aa r a ii <wb> z a i q d a g a ii <wb> h a m a aa r a aa <wb> r a h a n a <wb> s a h a n a <wb> k a aa f a ii <wb> b a ee h a t a r a <wb> h a u aa <wb> h a ei,C15 C0 C22 C0 C1 C29 C0 C16 <wb> C17 C0 C16 C23 C7 C0 C13 C0 C16 <wb> C15 C0 C22 C0 C1 C29 C0 C1 <wb> C29 C0 C15 C0 C24 C0 <wb> C30 C0 C15 C0 C24 C0 <wb> C19 C0 C1 C12 C0 C16 <wb> C3 C0 C11 C15 C0 C32 C0 C29 C0 <wb> C15 C0 C36 C1 <wb> C15 C0 C2,train
8511,"वो कहते हैं, कि इंसान की औसत उम्र जितनी पिछले पचास सालों में बढ़ी है, उतनी पिछले एक हज़ार साल में भी नहीं बढ़ी.",1,8.104,1,,hindi_female_008511.wav,w a o <wb> k a h a t a ee <wb> h a ei q <wb> k a i <wb> i q s a aa n a <wb> k a ii <wb> ou s a t a <wb> u m a r a <wb> j a i t a n a ii <wb> p a i ch a l a ee <wb> p a c a aa s a <wb> s a aa l a o q <wb> m a ee q <wb> b a dxhq a ii <wb> h a ei <wb> u t a n a ii <wb> p a i ch a l a ee <wb> ee k a <wb> h a z a aa r a <wb> s a aa l a <wb> m a ee q <wb> bh a ii <wb> n a h a ii q <wb> b a dxhq a ii,C37 C0 C26 <wb> C19 C0 C15 C0 C32 C0 C11 <wb> C15 C0 C2 C23 <wb> C19 C0 C16 <wb> C16 C23 C30 C0 C1 C24 C0 <wb> C19 C0 C16 <wb> C27 C30 C0 C32 C0 <wb> C36 C22 C0 C29 C0 <wb> C17 C0 C16 C32 C0 C24 C0 C16 <wb> C28 C0 C16 C6 C0 C21 C0 C11 <wb> C28 C0 C5 C0 C1 C30 C0 <wb> C30 C0 C1 C21 C0 C26 C23 <wb> C22 C0 C11 C23 <wb> C3 C0 C10 C0 C16 <wb> C15 C0 C2 <wb> C36 C32 C0 C24 C0 C16 <wb> C28 C0 C16 C6 C0 C21 C0 C11 <wb> C11 C19 C0 <wb> C15 C0 C17 C0 C1 C29 C0 <wb> C30 C0 C1 C21 C0 <wb> C22 C0 C11 C23 <wb> C4 C0 C16 <wb> C24 C0 C15 C0 C16 C23 <wb> C3 C0 C10 C0 C16,train
8519,"हालांकि इसमें कोई दो राय नहीं, कि अभी बहुत कुछ किया जाना बाक़ी है.",1,4.319,1,,hindi_female_008519.wav,h a aa l a aa q k a i <wb> i s a m a ee q <wb> k a o ii <wb> d a o <wb> r a aa y a <wb> n a h a ii q <wb> k a i <wb> a bh a ii <wb> b a h a u t a <wb> k a u ch a <wb> k a i y a aa <wb> j a aa n a aa <wb> b a aa kq a ii <wb> h a ei,C15 C0 C1 C21 C0 C1 C23 C19 C0 C16 <wb> C16 C30 C0 C22 C0 C11 C23 <wb> C19 C0 C26 C16 <wb> C7 C0 C26 <wb> C29 C0 C1 C38 C0 <wb> C24 C0 C15 C0 C16 C23 <wb> C19 C0 C16 <wb> C0 C4 C0 C16 <wb> C3 C0 C15 C0 C36 C32 C0 <wb> C19 C0 C36 C6 C0 <wb> C19 C0 C16 C38 C0 C1 <wb> C17 C0 C1 C24 C0 C1 <wb> C3 C0 C1 C19 C0 C16 <wb> C15 C0 C2,test
8521,"हर इंसान को पेट भर खाना मुहैया कराना, उसे अच्छी शिक्षा और रोज़गार देना, हमारे लिए चुनौती बने हुए हैं.",1,6.734,1,,hindi_female_008521.wav,h a r a <wb> i q s a aa n a <wb> k a o <wb> p a ee tx a <wb> bh a r a <wb> kh a aa n a aa <wb> m a u h a ei y a aa <wb> k a r a aa n a aa <wb> u s a ee <wb> a c a ch a ii <wb> sh a i k a sx a aa <wb> ou r a <wb> r a o z a g a aa r a <wb> d a ee n a aa <wb> h a m a aa r a ee <wb> l a i ee <wb> c a u n a ou t a ii <wb> b a n a ee <wb> h a u ee <wb> h a ei q,C15 C0 C29 C0 <wb> C16 C23 C30 C0 C1 C24 C0 <wb> C19 C0 C26 <wb> C28 C0 C11 C34 C0 <wb> C4 C0 C29 C0 <wb> C20 C0 C1 C24 C0 C1 <wb> C22 C0 C36 C15 C0 C2 C38 C0 C1 <wb> C19 C0 C29 C0 C1 C24 C0 C1 <wb> C36 C30 C0 C11 <wb> C0 C5 C0 C6 C0 C16 <wb> C31 C0 C16 C19 C0 C31 C0 C1 <wb> C27 C29 C0 <wb> C29 C0 C26 C17 C0 C13 C0 C1 C29 C0 <wb> C7 C0 C11 C24 C0 C1 <wb> C15 C0 C22 C0 C1 C29 C0 C11 <wb> C21 C0 C16 C11 <wb> C5 C0 C36 C24 C0 C27 C32 C0 C16 <wb> C3 C0 C24 C0 C11 <wb> C15 C0 C36 C11 <wb> C15 C0 C2 C23,train
8522,"फिर धरती का बढ़ता तापमान, हमारे अस्तित्व के लिए ही ख़तरा बनता जा रहा है.",1,4.574,1,,hindi_female_008522.wav,ph a i r a <wb> dh a r a t a ii <wb> k a aa <wb> b a dxhq a t a aa <wb> t a aa p a m a aa n a <wb> h a m a aa r a ee <wb> a s a t a i t a w a <wb> k a ee <wb> l a i ee <wb> h a ii <wb> khq a t a r a aa <wb> b a n a t a aa <wb> j a aa <wb> r a h a aa <wb> h a ei,C12 C0 C16 C29 C0 <wb> C8 C0 C29 C0 C32 C0 C16 <wb> C19 C0 C1 <wb> C3 C0 C10 C0 C32 C0 C1 <wb> C32 C0 C1 C28 C0 C22 C0 C1 C24 C0 <wb> C15 C0 C22 C0 C1 C29 C0 C11 <wb> C0 C30 C0 C32 C0 C16 C32 C0 C37 C0 <wb> C19 C0 C11 <wb> C21 C0 C16 C11 <wb> C15 C0 C16 <wb> C20 C0 C32 C0 C29 C0 C1 <wb> C3 C0 C24 C0 C32 C0 C1 <wb> C17 C0 C1 <wb> C29 C0 C15 C0 C1 <wb> C15 C0 C2,train
8523,"कोई एक इंसान, धरती को बदल दे, ऐसा तो नहीं.",1,3.297,1,,hindi_female_008523.wav,k a o ii <wb> ee k a <wb> i q s a aa n a <wb> dh a r a t a ii <wb> k a o <wb> b a d a l a <wb> d a ee <wb> ei s a aa <wb> t a o <wb> n a h a ii q,C19 C0 C26 C16 <wb> C11 C19 C0 <wb> C16 C23 C30 C0 C1 C24 C0 <wb> C8 C0 C29 C0 C32 C0 C16 <wb> C19 C0 C26 <wb> C3 C0 C7 C0 C21 C0 <wb> C7 C0 C11 <wb> C2 C30 C0 C1 <wb> C32 C0 C26 <wb> C24 C0 C15 C0 C16 C23,train
8524,इसके लिए सभी को कोशिश करनी होगी.,1,2.183,1,,hindi_female_008524.wav,i s a k a ee <wb> l a i ee <wb> s a bh a ii <wb> k a o <wb> k a o sh a i sh a <wb> k a r a n a ii <wb> h a o g a ii,C16 C30 C0 C19 C0 C11 <wb> C21 C0 C16 C11 <wb> C30 C0 C4 C0 C16 <wb> C19 C0 C26 <wb> C19 C0 C26 C31 C0 C16 C31 C0 <wb> C19 C0 C29 C0 C24 C0 C16 <wb> C15 C0 C26 C13 C0 C16,train
8525,"अगर हम तमाम विशेषज्ञों के साथ मिलकर चर्चा करें, तो बेहतर भविष्य के नए रास्ते निकल सकते हैं.",1,6.13,1,,hindi_female_008525.wav,a g a r a <wb> h a m a <wb> t a m a aa m a <wb> w a i sh a ee sx a j a nj a o q <wb> k a ee <wb> s a aa th a <wb> m a i l a k a r a <wb> c a r a c a aa <wb> k a r a ee q <wb> t a o <wb> b a ee h a t a r a <wb> bh a w a i sx a y a <wb> k a ee <wb> n a ee <wb> r a aa s a t a ee <wb> n a i k a l a <wb> s a k a t a ee <wb> h a ei q,C0 C13 C0 C29 C0 <wb> C15 C0 C22 C0 <wb> C32 C0 C22 C0 C1 C22 C0 <wb> C37 C0 C16 C31 C0 C11 C31 C0 C17 C0 C24 C0 C26 C23 <wb> C19 C0 C11 <wb> C30 C0 C1 C33 C0 <wb> C22 C0 C16 C21 C0 C19 C0 C29 C0 <wb> C5 C0 C29 C0 C5 C0 C1 <wb> C19 C0 C29 C0 C11 C23 <wb> C32 C0 C26 <wb> C3 C0 C11 C15 C0 C32 C0 C29 C0 <wb> C4 C0 C37 C0 C16 C31 C0 C38 C0 <wb> C19 C0 C11 <wb> C24 C0 C11 <wb> C29 C0 C1 C30 C0 C32 C0 C11 <wb> C24 C0 C16 C19 C0 C21 C0 <wb> C30 C0 C19 C0 C32 C0 C11 <wb> C15 C0 C2 C23,train
8534,"संजय पाठक ने ये सिलसिला, साल दो हज़ार नौ में, दो बालिका खिलाड़ियों के साथ शुरू किया था, जो आज, बड़ा रूप ले चुका है.",1,7.964,1,,hindi_female_008534.wav,s a q j a y a <wb> p a aa txh a k a <wb> n a ee <wb> y a ee <wb> s a i l a s a i l a aa <wb> s a aa l a <wb> d a o <wb> h a z a aa r a <wb> n a ou <wb> m a ee q <wb> d a o <wb> b a aa l a i k a aa <wb> kh a i l a aa dxq a i y a o q <wb> k a ee <wb> s a aa th a <wb> sh a u r a uu <wb> k a i y a aa <wb> th a aa <wb> j a o <wb> aa j a <wb> b a dxq a aa <wb> r a uu p a <wb> l a ee <wb> c a u k a aa <wb> h a ei,C30 C0 C23 C17 C0 C38 C0 <wb> C28 C0 C1 C35 C0 C19 C0 <wb> C24 C0 C11 <wb> C38 C0 C11 <wb> C30 C0 C16 C21 C0 C30 C0 C16 C21 C0 C1 <wb> C30 C0 C1 C21 C0 <wb> C7 C0 C26 <wb> C15 C0 C17 C0 C1 C29 C0 <wb> C24 C0 C27 <wb> C22 C0 C11 C23 <wb> C7 C0 C26 <wb> C3 C0 C1 C21 C0 C16 C19 C0 C1 <wb> C20 C0 C16 C21 C0 C1 C9 C0 C16 C38 C0 C26 C23 <wb> C19 C0 C11 <wb> C30 C0 C1 C33 C0 <wb> C31 C0 C36 C29 C0 C36 <wb> C19 C0 C16 C38 C0 C1 <wb> C33 C0 C1 <wb> C17 C0 C26 <wb> C1 C17 C0 <wb> C3 C0 C9 C0 C1 <wb> C29 C0 C36 C28 C0 <wb> C21 C0 C11 <wb> C5 C0 C36 C19 C0 C1 <wb> C15 C0 C2,train
8548,करीब सत्रह साल की अमृता ने पढ़ाई करते हुए अपने खेल को भी जारी रखा है.,1,5.286,0,not_selected_by_random,,,,
8549,"ग्यारहवीं की छात्रा अमृता, साल दो हज़ार बारह में, पहली बार उस बिहार टीम की सदस्य रहीं, जिसने मणिपुर में रजत पदक जीता.",1,8.8,1,,hindi_female_008549.wav,g a y a aa r a h a w a ii q <wb> k a ii <wb> ch a aa t a r a aa <wb> a m a rq t a aa <wb> s a aa l a <wb> d a o <wb> h a z a aa r a <wb> b a aa r a h a <wb> m a ee q <wb> p a h a l a ii <wb> b a aa r a <wb> u s a <wb> b a i h a aa r a <wb> tx a ii m a <wb> k a ii <wb> s a d a s a y a <wb> r a h a ii q <wb> j a i s a n a ee <wb> m a nx a i p a u r a <wb> m a ee q <wb> r a j a t a <wb> p a d a k a <wb> j a ii t a aa,C13 C0 C38 C0 C1 C29 C0 C15 C0 C37 C0 C16 C23 <wb> C19 C0 C16 <wb> C6 C0 C1 C32 C0 C29 C0 C1 <wb> C0 C22 C0 C29 C32 C0 C1 <wb> C30 C0 C1 C21 C0 <wb> C7 C0 C26 <wb> C15 C0 C17 C0 C1 C29 C0 <wb> C3 C0 C1 C29 C0 C15 C0 <wb> C22 C0 C11 C23 <wb> C28 C0 C15 C0 C21 C0 C16 <wb> C3 C0 C1 C29 C0 <wb> C36 C30 C0 <wb> C3 C0 C16 C15 C0 C1 C29 C0 <wb> C34 C0 C16 C22 C0 <wb> C19 C0 C16 <wb> C30 C0 C7 C0 C30 C0 C38 C0 <wb> C29 C0 C15 C0 C16 C23 <wb> C17 C0 C16 C30 C0 C24 C0 C11 <wb> C22 C0 C25 C0 C16 C28 C0 C36 C29 C0 <wb> C22 C0 C11 C23 <wb> C29 C0 C17 C0 C32 C0 <wb> C28 C0 C7 C0 C19 C0 <wb> C17 C0 C16 C32 C0 C1,train
8551,श्रीलंका में इस टीम ने स्वर्ण पदक जीता.,1,2.649,0,not_selected_by_random,,,,
8560,"अगर ये सब नहीं मिला, तो ये पौधे, एक दिन सूख जाएंगे.",1,3.529,1,,hindi_female_008560.wav,a g a r a <wb> y a ee <wb> s a b a <wb> n a h a ii q <wb> m a i l a aa <wb> t a o <wb> y a ee <wb> p a ou dh a ee <wb> ee k a <wb> d a i n a <wb> s a uu kh a <wb> j a aa ee q g a ee,C0 C13 C0 C29 C0 <wb> C38 C0 C11 <wb> C30 C0 C3 C0 <wb> C24 C0 C15 C0 C16 C23 <wb> C22 C0 C16 C21 C0 C1 <wb> C32 C0 C26 <wb> C38 C0 C11 <wb> C28 C0 C27 C8 C0 C11 <wb> C11 C19 C0 <wb> C7 C0 C16 C24 C0 <wb> C30 C0 C36 C20 C0 <wb> C17 C0 C1 C11 C23 C13 C0 C11,train
8562,"इस समय, एक दिन में लोग, साढ़े चार हज़ार रूपए बदल सकते हैं, लेकिन शुक्रवार से, यह सीमा, कम कर के दो हज़ार रूपए कर दी गई है.",1,9.381,1,,hindi_female_008562.wav,i s a <wb> s a m a y a <wb> ee k a <wb> d a i n a <wb> m a ee q <wb> l a o g a <wb> s a aa dxhq a ee <wb> c a aa r a <wb> h a z a aa r a <wb> r a uu p a ee <wb> b a d a l a <wb> s a k a t a ee <wb> h a ei q <wb> l a ee k a i n a <wb> sh a u k a r a w a aa r a <wb> s a ee <wb> y a h a <wb> s a ii m a aa <wb> k a m a <wb> k a r a <wb> k a ee <wb> d a o <wb> h a z a aa r a <wb> r a uu p a ee <wb> k a r a <wb> d a ii <wb> g a ii <wb> h a ei,C16 C30 C0 <wb> C30 C0 C22 C0 C38 C0 <wb> C11 C19 C0 <wb> C7 C0 C16 C24 C0 <wb> C22 C0 C11 C23 <wb> C21 C0 C26 C13 C0 <wb> C30 C0 C1 C10 C0 C11 <wb> C5 C0 C1 C29 C0 <wb> C15 C0 C17 C0 C1 C29 C0 <wb> C29 C0 C36 C28 C0 C11 <wb> C3 C0 C7 C0 C21 C0 <wb> C30 C0 C19 C0 C32 C0 C11 <wb> C15 C0 C2 C23 <wb> C21 C0 C11 C19 C0 C16 C24 C0 <wb> C31 C0 C36 C19 C0 C29 C0 C37 C0 C1 C29 C0 <wb> C30 C0 C11 <wb> C38 C0 C15 C0 <wb> C30 C0 C16 C22 C0 C1 <wb> C19 C0 C22 C0 <wb> C19 C0 C29 C0 <wb> C19 C0 C11 <wb> C7 C0 C26 <wb> C15 C0 C17 C0 C1 C29 C0 <wb> C29 C0 C36 C28 C0 C11 <wb> C19 C0 C29 C0 <wb> C7 C0 C16 <wb> C13 C0 C16 <wb> C15 C0 C2,train
8563,"सरकार का कहना है, कि कई लोग बार बार पैसे बदल रहे हैं, जिसे रोकने के लिए ये कदम उठाया गया है.",1,6.548,1,,hindi_female_008563.wav,s a r a k a aa r a <wb> k a aa <wb> k a h a n a aa <wb> h a ei <wb> k a i <wb> k a ii <wb> l a o g a <wb> b a aa r a <wb> b a aa r a <wb> p a ei s a ee <wb> b a d a l a <wb> r a h a ee <wb> h a ei q <wb> j a i s a ee <wb> r a o k a n a ee <wb> k a ee <wb> l a i ee <wb> y a ee <wb> k a d a m a <wb> u txh a aa y a aa <wb> g a y a aa <wb> h a ei,C30 C0 C29 C0 C19 C0 C1 C29 C0 <wb> C19 C0 C1 <wb> C19 C0 C15 C0 C24 C0 C1 <wb> C15 C0 C2 <wb> C19 C0 C16 <wb> C19 C0 C16 <wb> C21 C0 C26 C13 C0 <wb> C3 C0 C1 C29 C0 <wb> C3 C0 C1 C29 C0 <wb> C28 C0 C2 C30 C0 C11 <wb> C3 C0 C7 C0 C21 C0 <wb> C29 C0 C15 C0 C11 <wb> C15 C0 C2 C23 <wb> C17 C0 C16 C30 C0 C11 <wb> C29 C0 C26 C19 C0 C24 C0 C11 <wb> C19 C0 C11 <wb> C21 C0 C16 C11 <wb> C38 C0 C11 <wb> C19 C0 C7 C0 C22 C0 <wb> C36 C35 C0 C1 C38 C0 C1 <wb> C13 C0 C38 C0 C1 <wb> C15 C0 C2,test
8571,"लेकिन गांव के चौक पर, या स्थानीय चाय की दुकान पर, बहुत कम लोग दिखाई दे रहे हैं.",1,5.41,1,,hindi_female_008571.wav,l a ee k a i n a <wb> g a aa q w a <wb> k a ee <wb> c a ou k a <wb> p a r a <wb> y a aa <wb> s a th a aa n a ii y a <wb> c a aa y a <wb> k a ii <wb> d a u k a aa n a <wb> p a r a <wb> b a h a u t a <wb> k a m a <wb> l a o g a <wb> d a i kh a aa ii <wb> d a ee <wb> r a h a ee <wb> h a ei q,C21 C0 C11 C19 C0 C16 C24 C0 <wb> C13 C0 C1 C23 C37 C0 <wb> C19 C0 C11 <wb> C5 C0 C27 C19 C0 <wb> C28 C0 C29 C0 <wb> C38 C0 C1 <wb> C30 C0 C33 C0 C1 C24 C0 C16 C38 C0 <wb> C5 C0 C1 C38 C0 <wb> C19 C0 C16 <wb> C7 C0 C36 C19 C0 C1 C24 C0 <wb> C28 C0 C29 C0 <wb> C3 C0 C15 C0 C36 C32 C0 <wb> C19 C0 C22 C0 <wb> C21 C0 C26 C13 C0 <wb> C7 C0 C16 C20 C0 C1 C16 <wb> C7 C0 C11 <wb> C29 C0 C15 C0 C11 <wb> C15 C0 C2 C23,train
8572,"खेती के इस मौसम में, जब किसान और मज़दूर खेतों में होते हैं, वहां कोई नहीं दिखाई दे रहा है.",1,6.269,1,,hindi_female_008572.wav,kh a ee t a ii <wb> k a ee <wb> i s a <wb> m a ou s a m a <wb> m a ee q <wb> j a b a <wb> k a i s a aa n a <wb> ou r a <wb> m a z a d a uu r a <wb> kh a ee t a o q <wb> m a ee q <wb> h a o t a ee <wb> h a ei q <wb> w a h a aa q <wb> k a o ii <wb> n a h a ii q <wb> d a i kh a aa ii <wb> d a ee <wb> r a h a aa <wb> h a ei,C20 C0 C11 C32 C0 C16 <wb> C19 C0 C11 <wb> C16 C30 C0 <wb> C22 C0 C27 C30 C0 C22 C0 <wb> C22 C0 C11 C23 <wb> C17 C0 C3 C0 <wb> C19 C0 C16 C30 C0 C1 C24 C0 <wb> C27 C29 C0 <wb> C22 C0 C17 C0 C7 C0 C36 C29 C0 <wb> C20 C0 C11 C32 C0 C26 C23 <wb> C22 C0 C11 C23 <wb> C15 C0 C26 C32 C0 C11 <wb> C15 C0 C2 C23 <wb> C37 C0 C15 C0 C1 C23 <wb> C19 C0 C26 C16 <wb> C24 C0 C15 C0 C16 C23 <wb> C7 C0 C16 C20 C0 C1 C16 <wb> C7 C0 C11 <wb> C29 C0 C15 C0 C1 <wb> C15 C0 C2,train
8574,वहां तकरीबन पचास लोग पहले से ही कतार में खड़े हैं.,1,3.32,1,,hindi_female_008574.wav,w a h a aa q <wb> t a k a r a ii b a n a <wb> p a c a aa s a <wb> l a o g a <wb> p a h a l a ee <wb> s a ee <wb> h a ii <wb> k a t a aa r a <wb> m a ee q <wb> kh a dxq a ee <wb> h a ei q,C37 C0 C15 C0 C1 C23 <wb> C32 C0 C19 C0 C29 C0 C16 C3 C0 C24 C0 <wb> C28 C0 C5 C0 C1 C30 C0 <wb> C21 C0 C26 C13 C0 <wb> C28 C0 C15 C0 C21 C0 C11 <wb> C30 C0 C11 <wb> C15 C0 C16 <wb> C19 C0 C32 C0 C1 C29 C0 <wb> C22 C0 C11 C23 <wb> C20 C0 C9 C0 C11 <wb> C15 C0 C2 C23,train
8576,मैं उन लोगों से बातचीत शुरू करता हूं.,1,2.183,1,,hindi_female_008576.wav,m a ei q <wb> u n a <wb> l a o g a o q <wb> s a ee <wb> b a aa t a c a ii t a <wb> sh a u r a uu <wb> k a r a t a aa <wb> h a uu q,C22 C0 C2 C23 <wb> C36 C24 C0 <wb> C21 C0 C26 C13 C0 C26 C23 <wb> C30 C0 C11 <wb> C3 C0 C1 C32 C0 C5 C0 C16 C32 C0 <wb> C31 C0 C36 C29 C0 C36 <wb> C19 C0 C29 C0 C32 C0 C1 <wb> C15 C0 C36 C23,train
8577,"निज़ाम खान कहते हैं, पिछले कुछ दिनों से, इसी तरह से चल रहा है.",1,4.458,1,,hindi_female_008577.wav,n a i z a aa m a <wb> kh a aa n a <wb> k a h a t a ee <wb> h a ei q <wb> p a i ch a l a ee <wb> k a u ch a <wb> d a i n a o q <wb> s a ee <wb> i s a ii <wb> t a r a h a <wb> s a ee <wb> c a l a <wb> r a h a aa <wb> h a ei,C24 C0 C16 C17 C0 C1 C22 C0 <wb> C20 C0 C1 C24 C0 <wb> C19 C0 C15 C0 C32 C0 C11 <wb> C15 C0 C2 C23 <wb> C28 C0 C16 C6 C0 C21 C0 C11 <wb> C19 C0 C36 C6 C0 <wb> C7 C0 C16 C24 C0 C26 C23 <wb> C30 C0 C11 <wb> C16 C30 C0 C16 <wb> C32 C0 C29 C0 C15 C0 <wb> C30 C0 C11 <wb> C5 C0 C21 C0 <wb> C29 C0 C15 C0 C1 <wb> C15 C0 C2,train
8578,"बैंक खुलता है, और पैसा जल्द ही खत्म हो जाता है.",1,3.111,1,,hindi_female_008578.wav,b a ei q k a <wb> kh a u l a t a aa <wb> h a ei <wb> ou r a <wb> p a ei s a aa <wb> j a l a d a <wb> h a ii <wb> kh a t a m a <wb> h a o <wb> j a aa t a aa <wb> h a ei,C3 C0 C2 C23 C19 C0 <wb> C20 C0 C36 C21 C0 C32 C0 C1 <wb> C15 C0 C2 <wb> C27 C29 C0 <wb> C28 C0 C2 C30 C0 C1 <wb> C17 C0 C21 C0 C7 C0 <wb> C15 C0 C16 <wb> C20 C0 C32 C0 C22 C0 <wb> C15 C0 C26 <wb> C17 C0 C1 C32 C0 C1 <wb> C15 C0 C2,train
8582,"बैंक वालों ने मेरे पुराने सभी नोट ले लिए हैं, और मेरे पूरे परिवार के पास, कुल मिलाकर एक लाख रुपये बचे हैं.",1,7.567,0,not_selected_by_random,,,,
8584,"लेकिन कतार इतनी लंबी होती है, कि नंबर आते-आते, बैंक का कैश ख़त्म हो जाता है.",1,5.387,1,,hindi_female_008584.wav,l a ee k a i n a <wb> k a t a aa r a <wb> i t a n a ii <wb> l a q b a ii <wb> h a o t a ii <wb> h a ei <wb> k a i <wb> n a q b a r a <wb> aa t a ee <wb> aa t a ee <wb> b a ei q k a <wb> k a aa <wb> k a ei sh a <wb> khq a t a m a <wb> h a o <wb> j a aa t a aa <wb> h a ei,C21 C0 C11 C19 C0 C16 C24 C0 <wb> C19 C0 C32 C0 C1 C29 C0 <wb> C16 C32 C0 C24 C0 C16 <wb> C21 C0 C23 C3 C0 C16 <wb> C15 C0 C26 C32 C0 C16 <wb> C15 C0 C2 <wb> C19 C0 C16 <wb> C24 C0 C23 C3 C0 C29 C0 <wb> C1 C32 C0 C11 <wb> C1 C32 C0 C11 <wb> C3 C0 C2 C23 C19 C0 <wb> C19 C0 C1 <wb> C19 C0 C2 C31 C0 <wb> C20 C0 C32 C0 C22 C0 <wb> C15 C0 C26 <wb> C17 C0 C1 C32 C0 C1 <wb> C15 C0 C2,train
8588,"खुले पैसे देने के लिए, बैंक के पास आज कैश नहीं है.",1,3.46,1,,hindi_female_008588.wav,kh a u l a ee <wb> p a ei s a ee <wb> d a ee n a ee <wb> k a ee <wb> l a i ee <wb> b a ei q k a <wb> k a ee <wb> p a aa s a <wb> aa j a <wb> k a ei sh a <wb> n a h a ii q <wb> h a ei,C20 C0 C36 C21 C0 C11 <wb> C28 C0 C2 C30 C0 C11 <wb> C7 C0 C11 C24 C0 C11 <wb> C19 C0 C11 <wb> C21 C0 C16 C11 <wb> C3 C0 C2 C23 C19 C0 <wb> C19 C0 C11 <wb> C28 C0 C1 C30 C0 <wb> C1 C17 C0 <wb> C19 C0 C2 C31 C0 <wb> C24 C0 C15 C0 C16 C23 <wb> C15 C0 C2,train
8591,"हमें पैसा देने का वादा किया गया था, लेकिन नहीं मिला.",1,3.625,0,not_selected_by_random,,,,
8592,"मेरा बैंक, पांच गांवों को सर्विस देता है.",1,2.577,1,,hindi_female_008592.wav,m a ee r a aa <wb> b a ei q k a <wb> p a aa q c a <wb> g a aa q w a o q <wb> k a o <wb> s a r a w a i s a <wb> d a ee t a aa <wb> h a ei,C22 C0 C11 C29 C0 C1 <wb> C3 C0 C2 C23 C19 C0 <wb> C28 C0 C1 C23 C5 C0 <wb> C13 C0 C1 C23 C37 C0 C26 C23 <wb> C19 C0 C26 <wb> C30 C0 C29 C0 C37 C0 C16 C30 C0 <wb> C7 C0 C11 C32 C0 C1 <wb> C15 C0 C2,train
8595,"उन्होंने जो कुछ सुना, उस पर यकीन नहीं कर पा रहे हैं.",1,3.111,1,,hindi_female_008595.wav,u n a h a o q n a ee <wb> j a o <wb> k a u ch a <wb> s a u n a aa <wb> u s a <wb> p a r a <wb> y a k a ii n a <wb> n a h a ii q <wb> k a r a <wb> p a aa <wb> r a h a ee <wb> h a ei q,C36 C24 C0 C15 C0 C26 C23 C24 C0 C11 <wb> C17 C0 C26 <wb> C19 C0 C36 C6 C0 <wb> C30 C0 C36 C24 C0 C1 <wb> C36 C30 C0 <wb> C28 C0 C29 C0 <wb> C38 C0 C19 C0 C16 C24 C0 <wb> C24 C0 C15 C0 C16 C23 <wb> C19 C0 C29 C0 <wb> C28 C0 C1 <wb> C29 C0 C15 C0 C11 <wb> C15 C0 C2 C23,val
8596,ज़मीन पर माथा पकड़कर बैठ जाते हैं.,1,2.229,1,,hindi_female_008596.wav,z a m a ii n a <wb> p a r a <wb> m a aa th a aa <wb> p a k a dxq a k a r a <wb> b a ei txh a <wb> j a aa t a ee <wb> h a ei q,C17 C0 C22 C0 C16 C24 C0 <wb> C28 C0 C29 C0 <wb> C22 C0 C1 C33 C0 C1 <wb> C28 C0 C19 C0 C9 C0 C19 C0 C29 C0 <wb> C3 C0 C2 C35 C0 <wb> C17 C0 C1 C32 C0 C11 <wb> C15 C0 C2 C23,train
8598,"शादी में आने वाले मेहमानों के लिए, मुझे खाने की चीजें खरीदनी है, और समारोह के लिए भी पैसा देना है.",1,6.851,0,not_selected_by_random,,,,
8599,"एक महिला ने बताया, कि उसकी रसोई में कुछ नहीं है.",1,3.274,1,,hindi_female_008599.wav,ee k a <wb> m a h a i l a aa <wb> n a ee <wb> b a t a aa y a aa <wb> k a i <wb> u s a k a ii <wb> r a s a o ii <wb> m a ee q <wb> k a u ch a <wb> n a h a ii q <wb> h a ei,C11 C19 C0 <wb> C22 C0 C15 C0 C16 C21 C0 C1 <wb> C24 C0 C11 <wb> C3 C0 C32 C0 C1 C38 C0 C1 <wb> C19 C0 C16 <wb> C36 C30 C0 C19 C0 C16 <wb> C29 C0 C30 C0 C26 C16 <wb> C22 C0 C11 C23 <wb> C19 C0 C36 C6 C0 <wb> C24 C0 C15 C0 C16 C23 <wb> C15 C0 C2,train
8600,हमारे पास खाने के लिए कुछ नहीं बचा है.,1,2.276,1,,hindi_female_008600.wav,h a m a aa r a ee <wb> p a aa s a <wb> kh a aa n a ee <wb> k a ee <wb> l a i ee <wb> k a u ch a <wb> n a h a ii q <wb> b a c a aa <wb> h a ei,C15 C0 C22 C0 C1 C29 C0 C11 <wb> C28 C0 C1 C30 C0 <wb> C20 C0 C1 C24 C0 C11 <wb> C19 C0 C11 <wb> C21 C0 C16 C11 <wb> C19 C0 C36 C6 C0 <wb> C24 C0 C15 C0 C16 C23 <wb> C3 C0 C5 C0 C1 <wb> C15 C0 C2,train
8601,"मैं चाय, चीनी, और आटा खरीदने की उम्मीद कर रही थी.",1,3.46,1,,hindi_female_008601.wav,m a ei q <wb> c a aa y a <wb> c a ii n a ii <wb> ou r a <wb> aa tx a aa <wb> kh a r a ii d a n a ee <wb> k a ii <wb> u m a m a ii d a <wb> k a r a <wb> r a h a ii <wb> th a ii,C22 C0 C2 C23 <wb> C5 C0 C1 C38 C0 <wb> C5 C0 C16 C24 C0 C16 <wb> C27 C29 C0 <wb> C1 C34 C0 C1 <wb> C20 C0 C29 C0 C16 C7 C0 C24 C0 C11 <wb> C19 C0 C16 <wb> C36 C22 C0 C22 C0 C16 C7 C0 <wb> C19 C0 C29 C0 <wb> C29 C0 C15 C0 C16 <wb> C33 C0 C16,train
8605,"इसलिए हमारी नकदी, कानूनी है.",1,2.588,0,not_selected_by_random,,,,
8607,"यहां दूसरे लोग भी हैं, जिनके व्यावहारिक मुद्दे हैं.",1,3.465,0,not_selected_by_random,,,,
8608,"महेश कुमार चालीस किलोमीटर की दूरी तय करके, चार लाख रुपये जमा करने आए हैं.",1,5.431,0,not_selected_by_random,,,,
8609,"वो कहते हैं, मेरे परिवार में बत्तीस लोग हैं.",1,3.208,0,not_selected_by_random,,,,
8612,उनके हाथ में पैसों का एक बैग है.,1,2.067,1,,hindi_female_008612.wav,u n a k a ee <wb> h a aa th a <wb> m a ee q <wb> p a ei s a o q <wb> k a aa <wb> ee k a <wb> b a ei g a <wb> h a ei,C36 C24 C0 C19 C0 C11 <wb> C15 C0 C1 C33 C0 <wb> C22 C0 C11 C23 <wb> C28 C0 C2 C30 C0 C26 C23 <wb> C19 C0 C1 <wb> C11 C19 C0 <wb> C3 C0 C2 C13 C0 <wb> C15 C0 C2,train
8614,"क्या इसका मतलब ये हुआ, कि हमारी बचत पर पानी फिर गया?",1,3.548,0,not_selected_by_random,,,,
8618,"एक आदमी कहता है, ये सब कुछ जल्द खत्म हो जाना चाहिए था.",1,4.096,0,not_selected_by_random,,,,
8620,"अगर अभी ये लेख पढ़ते हुए आप चाय पी रहे हों, तो चाय पीना छोड़कर कप को एक तरफ़ रख दें.",1,6.289,0,not_selected_by_random,,,,
8621,"मैं अभी आपको जो बताने जा रहा हूं, उसे जानने के बाद, शायद ही आपका दिल आपको चाय पीने की इजाज़त दे.",1,6.362,1,,hindi_female_008621.wav,m a ei q <wb> a bh a ii <wb> aa p a k a o <wb> j a o <wb> b a t a aa n a ee <wb> j a aa <wb> r a h a aa <wb> h a uu q <wb> u s a ee <wb> j a aa n a n a ee <wb> k a ee <wb> b a aa d a <wb> sh a aa y a d a <wb> h a ii <wb> aa p a k a aa <wb> d a i l a <wb> aa p a k a o <wb> c a aa y a <wb> p a ii n a ee <wb> k a ii <wb> i j a aa z a t a <wb> d a ee,C22 C0 C2 C23 <wb> C0 C4 C0 C16 <wb> C1 C28 C0 C19 C0 C26 <wb> C17 C0 C26 <wb> C3 C0 C32 C0 C1 C24 C0 C11 <wb> C17 C0 C1 <wb> C29 C0 C15 C0 C1 <wb> C15 C0 C36 C23 <wb> C36 C30 C0 C11 <wb> C17 C0 C1 C24 C0 C24 C0 C11 <wb> C19 C0 C11 <wb> C3 C0 C1 C7 C0 <wb> C31 C0 C1 C38 C0 C7 C0 <wb> C15 C0 C16 <wb> C1 C28 C0 C19 C0 C1 <wb> C7 C0 C16 C21 C0 <wb> C1 C28 C0 C19 C0 C26 <wb> C5 C0 C1 C38 C0 <wb> C28 C0 C16 C24 C0 C11 <wb> C19 C0 C16 <wb> C16 C17 C0 C1 C17 C0 C32 C0 <wb> C7 C0 C11,train
8628,चाय उत्पादन के मामले में भारत दुनिया में दूसरे नंबर पर है.,1,3.599,1,,hindi_female_008628.wav,c a aa y a <wb> u t a p a aa d a n a <wb> k a ee <wb> m a aa m a l a ee <wb> m a ee q <wb> bh a aa r a t a <wb> d a u n a i y a aa <wb> m a ee q <wb> d a uu s a r a ee <wb> n a q b a r a <wb> p a r a <wb> h a ei,C5 C0 C1 C38 C0 <wb> C36 C32 C0 C28 C0 C1 C7 C0 C24 C0 <wb> C19 C0 C11 <wb> C22 C0 C1 C22 C0 C21 C0 C11 <wb> C22 C0 C11 C23 <wb> C4 C0 C1 C29 C0 C32 C0 <wb> C7 C0 C36 C24 C0 C16 C38 C0 C1 <wb> C22 C0 C11 C23 <wb> C7 C0 C36 C30 C0 C29 C0 C11 <wb> C24 C0 C23 C3 C0 C29 C0 <wb> C28 C0 C29 C0 <wb> C15 C0 C2,val
8639,"सुरक्षा के लिहाज़ से भी, उनकी स्थिति बेहद ख़राब थी.",1,3.728,0,not_selected_by_random,,,,
8641,"इस हफ़्ते आई वर्ल्ड बैंक की रिपोर्ट ने, उसके ख़ुद के प्रयासों को ही धक्का पहुंचाया है.",1,4.946,1,,hindi_female_008641.wav,i s a <wb> h a f a t a ee <wb> aa ii <wb> w a r a l a dx a <wb> b a ei q k a <wb> k a ii <wb> r a i p a o r a tx a <wb> n a ee <wb> u s a k a ee <wb> khq a u d a <wb> k a ee <wb> p a r a y a aa s a o q <wb> k a o <wb> h a ii <wb> dh a k a k a aa <wb> p a h a u q c a aa y a aa <wb> h a ei,C16 C30 C0 <wb> C15 C0 C12 C0 C32 C0 C11 <wb> C1 C16 <wb> C37 C0 C29 C0 C21 C0 C9 C0 <wb> C3 C0 C2 C23 C19 C0 <wb> C19 C0 C16 <wb> C29 C0 C16 C28 C0 C26 C29 C0 C34 C0 <wb> C24 C0 C11 <wb> C36 C30 C0 C19 C0 C11 <wb> C20 C0 C36 C7 C0 <wb> C19 C0 C11 <wb> C28 C0 C29 C0 C38 C0 C1 C30 C0 C26 C23 <wb> C19 C0 C26 <wb> C15 C0 C16 <wb> C8 C0 C19 C0 C19 C0 C1 <wb> C28 C0 C15 C0 C36 C23 C5 C0 C1 C38 C0 C1 <wb> C15 C0 C2,train
8643,"इस रिपोर्ट के आने के बाद, लगता है कि ये कोशिश, असफल साबित हुई है.",1,4.249,1,,hindi_female_008643.wav,i s a <wb> r a i p a o r a tx a <wb> k a ee <wb> aa n a ee <wb> k a ee <wb> b a aa d a <wb> l a g a t a aa <wb> h a ei <wb> k a i <wb> y a ee <wb> k a o sh a i sh a <wb> a s a ph a l a <wb> s a aa b a i t a <wb> h a u ii <wb> h a ei,C16 C30 C0 <wb> C29 C0 C16 C28 C0 C26 C29 C0 C34 C0 <wb> C19 C0 C11 <wb> C1 C24 C0 C11 <wb> C19 C0 C11 <wb> C3 C0 C1 C7 C0 <wb> C21 C0 C13 C0 C32 C0 C1 <wb> C15 C0 C2 <wb> C19 C0 C16 <wb> C38 C0 C11 <wb> C19 C0 C26 C31 C0 C16 C31 C0 <wb> C0 C30 C0 C12 C0 C21 C0 <wb> C30 C0 C1 C3 C0 C16 C32 C0 <wb> C15 C0 C36 C16 <wb> C15 C0 C2,train
8655,प्रतिवेदन खुद को विकलांग व्यक्तियों के साथ जोड़ता है और शिक्षा को शामिल करने के लिए संगठित प्रयास का आह्वान करता है.,1,8.595,0,not_selected_by_random,,,,
8660,शिक्षा अभियान सार्वभौमिक प्रारंभिक शिक्षा लक्ष्य को प्राप्त करने के लिए भारत सरकार के महत्वपूर्ण कार्यक्रम के बारे में जानकारी प्रदान करता है.,1,9.763,0,not_selected_by_random,,,,
8675,वसा भोजन का एक आवश्यक भाग है और हमारे शरीर के बहुत सारे कामों में उपयोगी साबित होता है.,1,6.223,1,,hindi_female_008675.wav,w a s a aa <wb> bh a o j a n a <wb> k a aa <wb> ee k a <wb> aa w a sh a y a k a <wb> bh a aa g a <wb> h a ei <wb> ou r a <wb> h a m a aa r a ee <wb> sh a r a ii r a <wb> k a ee <wb> b a h a u t a <wb> s a aa r a ee <wb> k a aa m a o q <wb> m a ee q <wb> u p a y a o g a ii <wb> s a aa b a i t a <wb> h a o t a aa <wb> h a ei,C37 C0 C30 C0 C1 <wb> C4 C0 C26 C17 C0 C24 C0 <wb> C19 C0 C1 <wb> C11 C19 C0 <wb> C1 C37 C0 C31 C0 C38 C0 C19 C0 <wb> C4 C0 C1 C13 C0 <wb> C15 C0 C2 <wb> C27 C29 C0 <wb> C15 C0 C22 C0 C1 C29 C0 C11 <wb> C31 C0 C29 C0 C16 C29 C0 <wb> C19 C0 C11 <wb> C3 C0 C15 C0 C36 C32 C0 <wb> C30 C0 C1 C29 C0 C11 <wb> C19 C0 C1 C22 C0 C26 C23 <wb> C22 C0 C11 C23 <wb> C36 C28 C0 C38 C0 C26 C13 C0 C16 <wb> C30 C0 C1 C3 C0 C16 C32 C0 <wb> C15 C0 C26 C32 C0 C1 <wb> C15 C0 C2,train
8676,यह ऊर्जा का एक ठोस साधन है और नौ किलो कैलोरी प्रति ग्राम ऊर्जा का उत्पादन करता है.,1,5.828,1,,hindi_female_008676.wav,y a h a <wb> uu r a j a aa <wb> k a aa <wb> ee k a <wb> txh a o s a <wb> s a aa dh a n a <wb> h a ei <wb> ou r a <wb> n a ou <wb> k a i l a o <wb> k a ei l a o r a ii <wb> p a r a t a i <wb> g a r a aa m a <wb> uu r a j a aa <wb> k a aa <wb> u t a p a aa d a n a <wb> k a r a t a aa <wb> h a ei,C38 C0 C15 C0 <wb> C36 C29 C0 C17 C0 C1 <wb> C19 C0 C1 <wb> C11 C19 C0 <wb> C35 C0 C26 C30 C0 <wb> C30 C0 C1 C8 C0 C24 C0 <wb> C15 C0 C2 <wb> C27 C29 C0 <wb> C24 C0 C27 <wb> C19 C0 C16 C21 C0 C26 <wb> C19 C0 C2 C21 C0 C26 C29 C0 C16 <wb> C28 C0 C29 C0 C32 C0 C16 <wb> C13 C0 C29 C0 C1 C22 C0 <wb> C36 C29 C0 C17 C0 C1 <wb> C19 C0 C1 <wb> C36 C32 C0 C28 C0 C1 C7 C0 C24 C0 <wb> C19 C0 C29 C0 C32 C0 C1 <wb> C15 C0 C2,train
8700,"भारत समेत हर जगह हालांकि मोतियों की माँग बढ़ती जा रही है, लेकिन दोहन और प्रदूषण से इनकी संख्‍या घटती जा रही है.",1,8.615,1,,hindi_female_008700.wav,bh a aa r a t a <wb> s a m a ee t a <wb> h a r a <wb> j a g a h a <wb> h a aa l a aa q k a i <wb> m a o t a i y a o q <wb> k a ii <wb> m a aa mq g a <wb> b a dxhq a t a ii <wb> j a aa <wb> r a h a ii <wb> h a ei <wb> l a ee k a i n a <wb> d a o h a n a <wb> ou r a <wb> p a r a d a uu sx a nx a <wb> s a ee <wb> i n a k a ii <wb> s a q kh a y a aa <wb> gh a tx a t a ii <wb> j a aa <wb> r a h a ii <wb> h a ei,C4 C0 C1 C29 C0 C32 C0 <wb> C30 C0 C22 C0 C11 C32 C0 <wb> C15 C0 C29 C0 <wb> C17 C0 C13 C0 C15 C0 <wb> C15 C0 C1 C21 C0 C1 C23 C19 C0 C16 <wb> C22 C0 C26 C32 C0 C16 C38 C0 C26 C23 <wb> C19 C0 C16 <wb> C22 C0 C1 C23 C13 C0 <wb> C3 C0 C10 C0 C32 C0 C16 <wb> C17 C0 C1 <wb> C29 C0 C15 C0 C16 <wb> C15 C0 C2 <wb> C21 C0 C11 C19 C0 C16 C24 C0 <wb> C7 C0 C26 C15 C0 C24 C0 <wb> C27 C29 C0 <wb> C28 C0 C29 C0 C7 C0 C36 C31 C0 C25 C0 <wb> C30 C0 C11 <wb> C16 C24 C0 C19 C0 C16 <wb> C30 C0 C23 C20 C0 C38 C0 C1 <wb> C14 C0 C34 C0 C32 C0 C16 <wb> C17 C0 C1 <wb> C29 C0 C15 C0 C16 <wb> C15 C0 C2,train
8701,यह आकार में छोटा होता और इसकी आकृति बराबर नहीं होती.,1,3.947,1,,hindi_female_008701.wav,y a h a <wb> aa k a aa r a <wb> m a ee q <wb> ch a o tx a aa <wb> h a o t a aa <wb> ou r a <wb> i s a k a ii <wb> aa k a rq t a i <wb> b a r a aa b a r a <wb> n a h a ii q <wb> h a o t a ii,C38 C0 C15 C0 <wb> C1 C19 C0 C1 C29 C0 <wb> C22 C0 C11 C23 <wb> C6 C0 C26 C34 C0 C1 <wb> C15 C0 C26 C32 C0 C1 <wb> C27 C29 C0 <wb> C16 C30 C0 C19 C0 C16 <wb> C1 C19 C0 C29 C32 C0 C16 <wb> C3 C0 C29 C0 C1 C3 C0 C29 C0 <wb> C24 C0 C15 C0 C16 C23 <wb> C15 C0 C26 C32 C0 C16,train
8703,इस प्रौद्योगिकी ने खास क्षेत्र की भूमि के लिए वास्तविक पोषक स्थिति की पहचान करने में मदद की है.,1,6.707,0,not_selected_by_random,,,,
8704,गुणवत्ता के कारण सूक्ष्म खेती क्षेत्र के सभी उत्पाद बाजारों में आकर्षक प्रीमियम प्रदान करता है.,1,6.362,1,,hindi_female_008704.wav,g a u nx a w a t a t a aa <wb> k a ee <wb> k a aa r a nx a <wb> s a uu k a sx a m a <wb> kh a ee t a ii <wb> k a sx a ee t a r a <wb> k a ee <wb> s a bh a ii <wb> u t a p a aa d a <wb> b a aa j a aa r a o q <wb> m a ee q <wb> aa k a r a sx a k a <wb> p a r a ii m a i y a m a <wb> p a r a d a aa n a <wb> k a r a t a aa <wb> h a ei,C13 C0 C36 C25 C0 C37 C0 C32 C0 C32 C0 C1 <wb> C19 C0 C11 <wb> C19 C0 C1 C29 C0 C25 C0 <wb> C30 C0 C36 C19 C0 C31 C0 C22 C0 <wb> C20 C0 C11 C32 C0 C16 <wb> C19 C0 C31 C0 C11 C32 C0 C29 C0 <wb> C19 C0 C11 <wb> C30 C0 C4 C0 C16 <wb> C36 C32 C0 C28 C0 C1 C7 C0 <wb> C3 C0 C1 C17 C0 C1 C29 C0 C26 C23 <wb> C22 C0 C11 C23 <wb> C1 C19 C0 C29 C0 C31 C0 C19 C0 <wb> C28 C0 C29 C0 C16 C22 C0 C16 C38 C0 C22 C0 <wb> C28 C0 C29 C0 C7 C0 C1 C24 C0 <wb> C19 C0 C29 C0 C32 C0 C1 <wb> C15 C0 C2,train
8712,उन्होंने भी अपने आपको ऐसे लोगों से घिरा हुआ पाया जो उन्हें इस परियोजना को त्याग देने की सलाह दे रहे थे.,1,6.618,1,,hindi_female_008712.wav,u n a h a o q n a ee <wb> bh a ii <wb> a p a n a ee <wb> aa p a k a o <wb> ei s a ee <wb> l a o g a o q <wb> s a ee <wb> gh a i r a aa <wb> h a u aa <wb> p a aa y a aa <wb> j a o <wb> u n a h a ee q <wb> i s a <wb> p a r a i y a o j a n a aa <wb> k a o <wb> t a y a aa g a <wb> d a ee n a ee <wb> k a ii <wb> s a l a aa h a <wb> d a ee <wb> r a h a ee <wb> th a ee,C36 C24 C0 C15 C0 C26 C23 C24 C0 C11 <wb> C4 C0 C16 <wb> C0 C28 C0 C24 C0 C11 <wb> C1 C28 C0 C19 C0 C26 <wb> C2 C30 C0 C11 <wb> C21 C0 C26 C13 C0 C26 C23 <wb> C30 C0 C11 <wb> C14 C0 C16 C29 C0 C1 <wb> C15 C0 C36 C1 <wb> C28 C0 C1 C38 C0 C1 <wb> C17 C0 C26 <wb> C36 C24 C0 C15 C0 C11 C23 <wb> C16 C30 C0 <wb> C28 C0 C29 C0 C16 C38 C0 C26 C17 C0 C24 C0 C1 <wb> C19 C0 C26 <wb> C32 C0 C38 C0 C1 C13 C0 <wb> C7 C0 C11 C24 C0 C11 <wb> C19 C0 C16 <wb> C30 C0 C21 C0 C1 C15 C0 <wb> C7 C0 C11 <wb> C29 C0 C15 C0 C11 <wb> C33 C0 C11,val
8713,संयंत्र पूरे वर्ष भर में छह सदस्यीय परिवार का खाना पकाने के लिए पर्याप्त गैस प्रदान करता है.,1,6.685,0,not_selected_by_random,,,,
8720,ये सब कुछ मौसम में होने वाले बदलाव के कारण होता है.,1,3.413,1,,hindi_female_008720.wav,y a ee <wb> s a b a <wb> k a u ch a <wb> m a ou s a m a <wb> m a ee q <wb> h a o n a ee <wb> w a aa l a ee <wb> b a d a l a aa w a <wb> k a ee <wb> k a aa r a nx a <wb> h a o t a aa <wb> h a ei,C38 C0 C11 <wb> C30 C0 C3 C0 <wb> C19 C0 C36 C6 C0 <wb> C22 C0 C27 C30 C0 C22 C0 <wb> C22 C0 C11 C23 <wb> C15 C0 C26 C24 C0 C11 <wb> C37 C0 C1 C21 C0 C11 <wb> C3 C0 C7 C0 C21 C0 C1 C37 C0 <wb> C19 C0 C11 <wb> C19 C0 C1 C29 C0 C25 C0 <wb> C15 C0 C26 C32 C0 C1 <wb> C15 C0 C2,train
8738,"कन्या भ्रूण हत्या, लड़कों को प्राथमिकता देने तथा कन्या जन्म से जुड़े निम्न मूल्य के कारण जान बूझकर की गई कन्या शिशु की हत्या होती है.",1,8.986,1,,hindi_female_008738.wav,k a n a y a aa <wb> bh a r a uu nx a <wb> h a t a y a aa <wb> l a dxq a k a o q <wb> k a o <wb> p a r a aa th a m a i k a t a aa <wb> d a ee n a ee <wb> t a th a aa <wb> k a n a y a aa <wb> j a n a m a <wb> s a ee <wb> j a u dxq a ee <wb> n a i m a n a <wb> m a uu l a y a <wb> k a ee <wb> k a aa r a nx a <wb> j a aa n a <wb> b a uu jh a k a r a <wb> k a ii <wb> g a ii <wb> k a n a y a aa <wb> sh a i sh a u <wb> k a ii <wb> h a t a y a aa <wb> h a o t a ii <wb> h a ei,C19 C0 C24 C0 C38 C0 C1 <wb> C4 C0 C29 C0 C36 C25 C0 <wb> C15 C0 C32 C0 C38 C0 C1 <wb> C21 C0 C9 C0 C19 C0 C26 C23 <wb> C19 C0 C26 <wb> C28 C0 C29 C0 C1 C33 C0 C22 C0 C16 C19 C0 C32 C0 C1 <wb> C7 C0 C11 C24 C0 C11 <wb> C32 C0 C33 C0 C1 <wb> C19 C0 C24 C0 C38 C0 C1 <wb> C17 C0 C24 C0 C22 C0 <wb> C30 C0 C11 <wb> C17 C0 C36 C9 C0 C11 <wb> C24 C0 C16 C22 C0 C24 C0 <wb> C22 C0 C36 C21 C0 C38 C0 <wb> C19 C0 C11 <wb> C19 C0 C1 C29 C0 C25 C0 <wb> C17 C0 C1 C24 C0 <wb> C3 C0 C36 C18 C0 C19 C0 C29 C0 <wb> C19 C0 C16 <wb> C13 C0 C16 <wb> C19 C0 C24 C0 C38 C0 C1 <wb> C31 C0 C16 C31 C0 C36 <wb> C19 C0 C16 <wb> C15 C0 C32 C0 C38 C0 C1 <wb> C15 C0 C26 C32 C0 C16 <wb> C15 C0 C2,train
8742,सरकार द्वारा उनके स्वस्थ एवं सार्थक जीवन की क्षमता को सुनिश्चित किया जाना चाहिए.,1,5.526,1,,hindi_female_008742.wav,s a r a k a aa r a <wb> d a w a aa r a aa <wb> u n a k a ee <wb> s a w a s a th a <wb> ee w a q <wb> s a aa r a th a k a <wb> j a ii w a n a <wb> k a ii <wb> k a sx a m a t a aa <wb> k a o <wb> s a u n a i sh a c a i t a <wb> k a i y a aa <wb> j a aa n a aa <wb> c a aa h a i ee,C30 C0 C29 C0 C19 C0 C1 C29 C0 <wb> C7 C0 C37 C0 C1 C29 C0 C1 <wb> C36 C24 C0 C19 C0 C11 <wb> C30 C0 C37 C0 C30 C0 C33 C0 <wb> C11 C37 C0 C23 <wb> C30 C0 C1 C29 C0 C33 C0 C19 C0 <wb> C17 C0 C16 C37 C0 C24 C0 <wb> C19 C0 C16 <wb> C19 C0 C31 C0 C22 C0 C32 C0 C1 <wb> C19 C0 C26 <wb> C30 C0 C36 C24 C0 C16 C31 C0 C5 C0 C16 C32 C0 <wb> C19 C0 C16 C38 C0 C1 <wb> C17 C0 C1 C24 C0 C1 <wb> C5 C0 C1 C15 C0 C16 C11,train
8747,सुबह होते ही सूर्य दक्षिण की ओर जाता है.,1,3.398,0,not_selected_by_random,,,,
8748,मै इस बार कुछ अच्छा नहीं खाना चाहता हूँ.,1,3.326,0,not_selected_by_random,,,,
8749,गर्मियों के दिनों में वे पंख खोलकर रोते थे.,1,3.274,1,,hindi_female_008749.wav,g a r a m a i y a o q <wb> k a ee <wb> d a i n a o q <wb> m a ee q <wb> w a ee <wb> p a q kh a <wb> kh a o l a k a r a <wb> r a o t a ee <wb> th a ee,C13 C0 C29 C0 C22 C0 C16 C38 C0 C26 C23 <wb> C19 C0 C11 <wb> C7 C0 C16 C24 C0 C26 C23 <wb> C22 C0 C11 C23 <wb> C37 C0 C11 <wb> C28 C0 C23 C20 C0 <wb> C20 C0 C26 C21 C0 C19 C0 C29 C0 <wb> C29 C0 C26 C32 C0 C11 <wb> C33 C0 C11,train
8755,मुझे सूखे पानी की प्यास लगी है.,1,2.276,1,,hindi_female_008755.wav,m a u jh a ee <wb> s a uu kh a ee <wb> p a aa n a ii <wb> k a ii <wb> p a y a aa s a <wb> l a g a ii <wb> h a ei,C22 C0 C36 C18 C0 C11 <wb> C30 C0 C36 C20 C0 C11 <wb> C28 C0 C1 C24 C0 C16 <wb> C19 C0 C16 <wb> C28 C0 C38 C0 C1 C30 C0 <wb> C21 C0 C13 C0 C16 <wb> C15 C0 C2,train
8761,उत्तर दक्षिण में बारिश होने की सेवा नहीं थी.,1,2.717,1,,hindi_female_008761.wav,u t a t a r a <wb> d a k a sx a i nx a <wb> m a ee q <wb> b a aa r a i sh a <wb> h a o n a ee <wb> k a ii <wb> s a ee w a aa <wb> n a h a ii q <wb> th a ii,C36 C32 C0 C32 C0 C29 C0 <wb> C7 C0 C19 C0 C31 C0 C16 C25 C0 <wb> C22 C0 C11 C23 <wb> C3 C0 C1 C29 C0 C16 C31 C0 <wb> C15 C0 C26 C24 C0 C11 <wb> C19 C0 C16 <wb> C30 C0 C11 C37 C0 C1 <wb> C24 C0 C15 C0 C16 C23 <wb> C33 C0 C16,train
8770,दिल्ली की राजधानी मनाली है.,1,2.667,0,not_selected_by_random,,,,
8774,चूहे ने गुस्से में हाथी को काटा.,1,2.159,1,,hindi_female_008774.wav,c a uu h a ee <wb> n a ee <wb> g a u s a s a ee <wb> m a ee q <wb> h a aa th a ii <wb> k a o <wb> k a aa tx a aa,C5 C0 C36 C15 C0 C11 <wb> C24 C0 C11 <wb> C13 C0 C36 C30 C0 C30 C0 C11 <wb> C22 C0 C11 C23 <wb> C15 C0 C1 C33 C0 C16 <wb> C19 C0 C26 <wb> C19 C0 C1 C34 C0 C1,train
8775,गीत गाते उसकी सांसें रुक गयी.,1,2.206,1,,hindi_female_008775.wav,g a ii t a <wb> g a aa t a ee <wb> u s a k a ii <wb> s a aa q s a ee q <wb> r a u k a <wb> g a y a ii,C13 C0 C16 C32 C0 <wb> C13 C0 C1 C32 C0 C11 <wb> C36 C30 C0 C19 C0 C16 <wb> C30 C0 C1 C23 C30 C0 C11 C23 <wb> C29 C0 C36 C19 C0 <wb> C13 C0 C38 C0 C16,train
8779,कर्नाटक के मुख्य मंत्री केरल में काम करते हैं.,1,2.833,1,,hindi_female_008779.wav,k a r a n a aa tx a k a <wb> k a ee <wb> m a u kh a y a <wb> m a q t a r a ii <wb> k a ee r a l a <wb> m a ee q <wb> k a aa m a <wb> k a r a t a ee <wb> h a ei q,C19 C0 C29 C0 C24 C0 C1 C34 C0 C19 C0 <wb> C19 C0 C11 <wb> C22 C0 C36 C20 C0 C38 C0 <wb> C22 C0 C23 C32 C0 C29 C0 C16 <wb> C19 C0 C11 C29 C0 C21 C0 <wb> C22 C0 C11 C23 <wb> C19 C0 C1 C22 C0 <wb> C19 C0 C29 C0 C32 C0 C11 <wb> C15 C0 C2 C23,train
8780,राजस्थान में पानी की कमी नही है.,1,2.159,1,,hindi_female_008780.wav,r a aa j a s a th a aa n a <wb> m a ee q <wb> p a aa n a ii <wb> k a ii <wb> k a m a ii <wb> n a h a ii <wb> h a ei,C29 C0 C1 C17 C0 C30 C0 C33 C0 C1 C24 C0 <wb> C22 C0 C11 C23 <wb> C28 C0 C1 C24 C0 C16 <wb> C19 C0 C16 <wb> C19 C0 C22 C0 C16 <wb> C24 C0 C15 C0 C16 <wb> C15 C0 C2,train
8782,दक्षिण भारत में रोटी खाया जाता है.,1,2.322,1,,hindi_female_008782.wav,d a k a sx a i nx a <wb> bh a aa r a t a <wb> m a ee q <wb> r a o tx a ii <wb> kh a aa y a aa <wb> j a aa t a aa <wb> h a ei,C7 C0 C19 C0 C31 C0 C16 C25 C0 <wb> C4 C0 C1 C29 C0 C32 C0 <wb> C22 C0 C11 C23 <wb> C29 C0 C26 C34 C0 C16 <wb> C20 C0 C1 C38 C0 C1 <wb> C17 C0 C1 C32 C0 C1 <wb> C15 C0 C2,train
8783,अस्पताल में लोग खाने जाते हैं.,1,2.627,0,not_selected_by_random,,,,
8784,काम तो रात में ही करना चाहिए.,1,1.997,1,,hindi_female_008784.wav,k a aa m a <wb> t a o <wb> r a aa t a <wb> m a ee q <wb> h a ii <wb> k a r a n a aa <wb> c a aa h a i ee,C19 C0 C1 C22 C0 <wb> C32 C0 C26 <wb> C29 C0 C1 C32 C0 <wb> C22 C0 C11 C23 <wb> C15 C0 C16 <wb> C19 C0 C29 C0 C24 C0 C1 <wb> C5 C0 C1 C15 C0 C16 C11,train
8789,चमकते हुए तारों के साथ मत खेलो.,1,2.415,1,,hindi_female_008789.wav,c a m a k a t a ee <wb> h a u ee <wb> t a aa r a o q <wb> k a ee <wb> s a aa th a <wb> m a t a <wb> kh a ee l a o,C5 C0 C22 C0 C19 C0 C32 C0 C11 <wb> C15 C0 C36 C11 <wb> C32 C0 C1 C29 C0 C26 C23 <wb> C19 C0 C11 <wb> C30 C0 C1 C33 C0 <wb> C22 C0 C32 C0 <wb> C20 C0 C11 C21 C0 C26,train
8792,कौए के सिर पर सोना मिलता है.,1,2.09,1,,hindi_female_008792.wav,k a ou ee <wb> k a ee <wb> s a i r a <wb> p a r a <wb> s a o n a aa <wb> m a i l a t a aa <wb> h a ei,C19 C0 C27 C11 <wb> C19 C0 C11 <wb> C30 C0 C16 C29 C0 <wb> C28 C0 C29 C0 <wb> C30 C0 C26 C24 C0 C1 <wb> C22 C0 C16 C21 C0 C32 C0 C1 <wb> C15 C0 C2,train
8798,पढ़ना लिखना आपके आने से खुश हैं.,1,2.461,1,,hindi_female_008798.wav,p a dxhq a n a aa <wb> l a i kh a n a aa <wb> aa p a k a ee <wb> aa n a ee <wb> s a ee <wb> kh a u sh a <wb> h a ei q,C28 C0 C10 C0 C24 C0 C1 <wb> C21 C0 C16 C20 C0 C24 C0 C1 <wb> C1 C28 C0 C19 C0 C11 <wb> C1 C24 C0 C11 <wb> C30 C0 C11 <wb> C20 C0 C36 C31 C0 <wb> C15 C0 C2 C23,train
8802,रसोई में मकान वाली सुना रही है.,1,2.345,1,,hindi_female_008802.wav,r a s a o ii <wb> m a ee q <wb> m a k a aa n a <wb> w a aa l a ii <wb> s a u n a aa <wb> r a h a ii <wb> h a ei,C29 C0 C30 C0 C26 C16 <wb> C22 C0 C11 C23 <wb> C22 C0 C19 C0 C1 C24 C0 <wb> C37 C0 C1 C21 C0 C16 <wb> C30 C0 C36 C24 C0 C1 <wb> C29 C0 C15 C0 C16 <wb> C15 C0 C2,train
8804,समय के साथ कौन परेशान करता है.,1,2.368,1,,hindi_female_008804.wav,s a m a y a <wb> k a ee <wb> s a aa th a <wb> k a ou n a <wb> p a r a ee sh a aa n a <wb> k a r a t a aa <wb> h a ei,C30 C0 C22 C0 C38 C0 <wb> C19 C0 C11 <wb> C30 C0 C1 C33 C0 <wb> C19 C0 C27 C24 C0 <wb> C28 C0 C29 C0 C11 C31 C0 C1 C24 C0 <wb> C19 C0 C29 C0 C32 C0 C1 <wb> C15 C0 C2,train
8809,घर में प्रवेश करते ही आनंद का त्योहार है.,1,2.856,1,,hindi_female_008809.wav,gh a r a <wb> m a ee q <wb> p a r a w a ee sh a <wb> k a r a t a ee <wb> h a ii <wb> aa n a q d a <wb> k a aa <wb> t a y a o h a aa r a <wb> h a ei,C14 C0 C29 C0 <wb> C22 C0 C11 C23 <wb> C28 C0 C29 C0 C37 C0 C11 C31 C0 <wb> C19 C0 C29 C0 C32 C0 C11 <wb> C15 C0 C16 <wb> C1 C24 C0 C23 C7 C0 <wb> C19 C0 C1 <wb> C32 C0 C38 C0 C26 C15 C0 C1 C29 C0 <wb> C15 C0 C2,train
8811,विरोध के लिए भीख में मिली आशा.,1,2.252,1,,hindi_female_008811.wav,w a i r a o dh a <wb> k a ee <wb> l a i ee <wb> bh a ii kh a <wb> m a ee q <wb> m a i l a ii <wb> aa sh a aa,C37 C0 C16 C29 C0 C26 C8 C0 <wb> C19 C0 C11 <wb> C21 C0 C16 C11 <wb> C4 C0 C16 C20 C0 <wb> C22 C0 C11 C23 <wb> C22 C0 C16 C21 C0 C16 <wb> C1 C31 C0 C1,train
8815,बरसात के पानी को ठीक करना है.,1,2.685,0,not_selected_by_random,,,,
8817,चूहे ने जल्दी से जाल कुतर डाला.,1,2.677,0,not_selected_by_random,,,,
8819,चूहा ने देखा कि सूरज निकल आया है.,1,2.345,1,,hindi_female_008819.wav,c a uu h a aa <wb> n a ee <wb> d a ee kh a aa <wb> k a i <wb> s a uu r a j a <wb> n a i k a l a <wb> aa y a aa <wb> h a ei,C5 C0 C36 C15 C0 C1 <wb> C24 C0 C11 <wb> C7 C0 C11 C20 C0 C1 <wb> C19 C0 C16 <wb> C30 C0 C36 C29 C0 C17 C0 <wb> C24 C0 C16 C19 C0 C21 C0 <wb> C1 C38 C0 C1 <wb> C15 C0 C2,train
8821,अपने बरगद के पास पहुँच कर ही दम लो.,1,2.438,1,,hindi_female_008821.wav,a p a n a ee <wb> b a r a g a d a <wb> k a ee <wb> p a aa s a <wb> p a h a u mq c a <wb> k a r a <wb> h a ii <wb> d a m a <wb> l a o,C0 C28 C0 C24 C0 C11 <wb> C3 C0 C29 C0 C13 C0 C7 C0 <wb> C19 C0 C11 <wb> C28 C0 C1 C30 C0 <wb> C28 C0 C15 C0 C36 C23 C5 C0 <wb> C19 C0 C29 C0 <wb> C15 C0 C16 <wb> C7 C0 C22 C0 <wb> C21 C0 C26,train
8824,कुछ दिनों में उसके पंख निकल आये.,1,2.623,0,not_selected_by_random,,,,
8830,उसे आज भी विश्वास नहीं होता है.,1,2.229,1,,hindi_female_008830.wav,u s a ee <wb> aa j a <wb> bh a ii <wb> w a i sh a w a aa s a <wb> n a h a ii q <wb> h a o t a aa <wb> h a ei,C36 C30 C0 C11 <wb> C1 C17 C0 <wb> C4 C0 C16 <wb> C37 C0 C16 C31 C0 C37 C0 C1 C30 C0 <wb> C24 C0 C15 C0 C16 C23 <wb> C15 C0 C26 C32 C0 C1 <wb> C15 C0 C2,train
8833,उसकी आंख बचाकर निकल सकता है.,1,2.322,1,,hindi_female_008833.wav,u s a k a ii <wb> aa q kh a <wb> b a c a aa k a r a <wb> n a i k a l a <wb> s a k a t a aa <wb> h a ei,C36 C30 C0 C19 C0 C16 <wb> C1 C23 C20 C0 <wb> C3 C0 C5 C0 C1 C19 C0 C29 C0 <wb> C24 C0 C16 C19 C0 C21 C0 <wb> C30 C0 C19 C0 C32 C0 C1 <wb> C15 C0 C2,train
8839,तुमने पौधों को ज़रा सा भी मौका नहीं दिया.,1,3.114,0,not_selected_by_random,,,,
8840,यह जाने बिना यात्रा पर निकल पड़े.,1,2.808,0,not_selected_by_random,,,,
8868,"शेर जानता था, कि सियार का असल मकसद उसके द्वारा छोड़ा गया शिकार खाना है, पर उसने सोचा, कि चलो इसके साथ रहने से मेरे क्या जाता है, नहीं कुछ तो, छोटे मोटे काम ही कर दिया करेगा. और उसने सियार को, अपने साथ रहने की अनुमति दे दी.",1,15.65,1,,hindi_female_008868.wav,sh a ee r a <wb> j a aa n a t a aa <wb> th a aa <wb> k a i <wb> s a i y a aa r a <wb> k a aa <wb> a s a l a <wb> m a k a s a d a <wb> u s a k a ee <wb> d a w a aa r a aa <wb> ch a o dxq a aa <wb> g a y a aa <wb> sh a i k a aa r a <wb> kh a aa n a aa <wb> h a ei <wb> p a r a <wb> u s a n a ee <wb> s a o c a aa <wb> k a i <wb> c a l a o <wb> i s a k a ee <wb> s a aa th a <wb> r a h a n a ee <wb> s a ee <wb> m a ee r a ee <wb> k a y a aa <wb> j a aa t a aa <wb> h a ei <wb> n a h a ii q <wb> k a u ch a <wb> t a o <wb> ch a o tx a ee <wb> m a o tx a ee <wb> k a aa m a <wb> h a ii <wb> k a r a <wb> d a i y a aa <wb> k a r a ee g a aa <wb> ou r a <wb> u s a n a ee <wb> s a i y a aa r a <wb> k a o <wb> a p a n a ee <wb> s a aa th a <wb> r a h a n a ee <wb> k a ii <wb> a n a u m a t a i <wb> d a ee <wb> d a ii,C31 C0 C11 C29 C0 <wb> C17 C0 C1 C24 C0 C32 C0 C1 <wb> C33 C0 C1 <wb> C19 C0 C16 <wb> C30 C0 C16 C38 C0 C1 C29 C0 <wb> C19 C0 C1 <wb> C0 C30 C0 C21 C0 <wb> C22 C0 C19 C0 C30 C0 C7 C0 <wb> C36 C30 C0 C19 C0 C11 <wb> C7 C0 C37 C0 C1 C29 C0 C1 <wb> C6 C0 C26 C9 C0 C1 <wb> C13 C0 C38 C0 C1 <wb> C31 C0 C16 C19 C0 C1 C29 C0 <wb> C20 C0 C1 C24 C0 C1 <wb> C15 C0 C2 <wb> C28 C0 C29 C0 <wb> C36 C30 C0 C24 C0 C11 <wb> C30 C0 C26 C5 C0 C1 <wb> C19 C0 C16 <wb> C5 C0 C21 C0 C26 <wb> C16 C30 C0 C19 C0 C11 <wb> C30 C0 C1 C33 C0 <wb> C29 C0 C15 C0 C24 C0 C11 <wb> C30 C0 C11 <wb> C22 C0 C11 C29 C0 C11 <wb> C19 C0 C38 C0 C1 <wb> C17 C0 C1 C32 C0 C1 <wb> C15 C0 C2 <wb> C24 C0 C15 C0 C16 C23 <wb> C19 C0 C36 C6 C0 <wb> C32 C0 C26 <wb> C6 C0 C26 C34 C0 C11 <wb> C22 C0 C26 C34 C0 C11 <wb> C19 C0 C1 C22 C0 <wb> C15 C0 C16 <wb> C19 C0 C29 C0 <wb> C7 C0 C16 C38 C0 C1 <wb> C19 C0 C29 C0 C11 C13 C0 C1 <wb> C27 C29 C0 <wb> C36 C30 C0 C24 C0 C11 <wb> C30 C0 C16 C38 C0 C1 C29 C0 <wb> C19 C0 C26 <wb> C0 C28 C0 C24 C0 C11 <wb> C30 C0 C1 C33 C0 <wb> C29 C0 C15 C0 C24 C0 C11 <wb> C19 C0 C16 <wb> C0 C24 C0 C36 C22 C0 C32 C0 C16 <wb> C7 C0 C11 <wb> C7 C0 C16,train
8878,पिता! वो कैसे? लोगों ने पूछा,1,2.136,1,,hindi_female_008878.wav,p a i t a aa <wb> w a o <wb> k a ei s a ee <wb> l a o g a o q <wb> n a ee <wb> p a uu ch a aa,C28 C0 C16 C32 C0 C1 <wb> C37 C0 C26 <wb> C19 C0 C2 C30 C0 C11 <wb> C21 C0 C26 C13 C0 C26 C23 <wb> C24 C0 C11 <wb> C28 C0 C36 C6 C0 C1,train
8883,"लोगों ने आश्चर्य से पूछा, भला वो कैसे?",1,3.068,0,not_selected_by_random,,,,
8893,"अगली सुबह बाबा अजय से मिले, और पूछा, कहो बेटा, नींद अच्छी आई.",1,4.435,1,,hindi_female_008893.wav,a g a l a ii <wb> s a u b a h a <wb> b a aa b a aa <wb> a j a y a <wb> s a ee <wb> m a i l a ee <wb> ou r a <wb> p a uu ch a aa <wb> k a h a o <wb> b a ee tx a aa <wb> n a ii q d a <wb> a c a ch a ii <wb> aa ii,C0 C13 C0 C21 C0 C16 <wb> C30 C0 C36 C3 C0 C15 C0 <wb> C3 C0 C1 C3 C0 C1 <wb> C0 C17 C0 C38 C0 <wb> C30 C0 C11 <wb> C22 C0 C16 C21 C0 C11 <wb> C27 C29 C0 <wb> C28 C0 C36 C6 C0 C1 <wb> C19 C0 C15 C0 C26 <wb> C3 C0 C11 C34 C0 C1 <wb> C24 C0 C16 C23 C7 C0 <wb> C0 C5 C0 C6 C0 C16 <wb> C1 C16,train
8898,"तो हमें क्या करना चाहिए, अजय ने जिज्ञासावश पूछा.",1,2.949,1,,hindi_female_008898.wav,t a o <wb> h a m a ee q <wb> k a y a aa <wb> k a r a n a aa <wb> c a aa h a i ee <wb> a j a y a <wb> n a ee <wb> j a i j a nj a aa s a aa w a sh a <wb> p a uu ch a aa,C32 C0 C26 <wb> C15 C0 C22 C0 C11 C23 <wb> C19 C0 C38 C0 C1 <wb> C19 C0 C29 C0 C24 C0 C1 <wb> C5 C0 C1 C15 C0 C16 C11 <wb> C0 C17 C0 C38 C0 <wb> C24 C0 C11 <wb> C17 C0 C16 C17 C0 C24 C0 C1 C30 C0 C1 C37 C0 C31 C0 <wb> C28 C0 C36 C6 C0 C1,train
8919,तुम ऐसा क्यों कहते हो? आदमी ने पूछा.,1,2.518,0,not_selected_by_random,,,,
8929,"कौवे की बात सुनकर एक वृद्ध हंस बोला, ये अच्छी बात है, कि तुम ये सब कर लेते हो, लेकिन तुम्हे इस बात पर घमंड नहीं करना चाहिए.",1,7.941,1,,hindi_female_008929.wav,k a ou w a ee <wb> k a ii <wb> b a aa t a <wb> s a u n a k a r a <wb> ee k a <wb> w a rq d a dh a <wb> h a q s a <wb> b a o l a aa <wb> y a ee <wb> a c a ch a ii <wb> b a aa t a <wb> h a ei <wb> k a i <wb> t a u m a <wb> y a ee <wb> s a b a <wb> k a r a <wb> l a ee t a ee <wb> h a o <wb> l a ee k a i n a <wb> t a u m a h a ee <wb> i s a <wb> b a aa t a <wb> p a r a <wb> gh a m a q dx a <wb> n a h a ii q <wb> k a r a n a aa <wb> c a aa h a i ee,C19 C0 C27 C37 C0 C11 <wb> C19 C0 C16 <wb> C3 C0 C1 C32 C0 <wb> C30 C0 C36 C24 C0 C19 C0 C29 C0 <wb> C11 C19 C0 <wb> C37 C0 C29 C7 C0 C8 C0 <wb> C15 C0 C23 C30 C0 <wb> C3 C0 C26 C21 C0 C1 <wb> C38 C0 C11 <wb> C0 C5 C0 C6 C0 C16 <wb> C3 C0 C1 C32 C0 <wb> C15 C0 C2 <wb> C19 C0 C16 <wb> C32 C0 C36 C22 C0 <wb> C38 C0 C11 <wb> C30 C0 C3 C0 <wb> C19 C0 C29 C0 <wb> C21 C0 C11 C32 C0 C11 <wb> C15 C0 C26 <wb> C21 C0 C11 C19 C0 C16 C24 C0 <wb> C32 C0 C36 C22 C0 C15 C0 C11 <wb> C16 C30 C0 <wb> C3 C0 C1 C32 C0 <wb> C28 C0 C29 C0 <wb> C14 C0 C22 C0 C23 C9 C0 <wb> C24 C0 C15 C0 C16 C23 <wb> C19 C0 C29 C0 C24 C0 C1 <wb> C5 C0 C1 C15 C0 C16 C11,test
8936,"बहुत समय पहले की बात है. किसी जंगल में, एक गधा बरगद के पेड़ के नीचे लेट कर आराम कर रहा था.",1,6.13,1,,hindi_female_008936.wav,b a h a u t a <wb> s a m a y a <wb> p a h a l a ee <wb> k a ii <wb> b a aa t a <wb> h a ei <wb> k a i s a ii <wb> j a q g a l a <wb> m a ee q <wb> ee k a <wb> g a dh a aa <wb> b a r a g a d a <wb> k a ee <wb> p a ee dxq a <wb> k a ee <wb> n a ii c a ee <wb> l a ee tx a <wb> k a r a <wb> aa r a aa m a <wb> k a r a <wb> r a h a aa <wb> th a aa,C3 C0 C15 C0 C36 C32 C0 <wb> C30 C0 C22 C0 C38 C0 <wb> C28 C0 C15 C0 C21 C0 C11 <wb> C19 C0 C16 <wb> C3 C0 C1 C32 C0 <wb> C15 C0 C2 <wb> C19 C0 C16 C30 C0 C16 <wb> C17 C0 C23 C13 C0 C21 C0 <wb> C22 C0 C11 C23 <wb> C11 C19 C0 <wb> C13 C0 C8 C0 C1 <wb> C3 C0 C29 C0 C13 C0 C7 C0 <wb> C19 C0 C11 <wb> C28 C0 C11 C9 C0 <wb> C19 C0 C11 <wb> C24 C0 C16 C5 C0 C11 <wb> C21 C0 C11 C34 C0 <wb> C19 C0 C29 C0 <wb> C1 C29 C0 C1 C22 C0 <wb> C19 C0 C29 C0 <wb> C29 C0 C15 C0 C1 <wb> C33 C0 C1,train
8944,किसने कहा ये सब? शेर ने प्रश्न किया,1,2.206,1,,hindi_female_008944.wav,k a i s a n a ee <wb> k a h a aa <wb> y a ee <wb> s a b a <wb> sh a ee r a <wb> n a ee <wb> p a r a sh a n a <wb> k a i y a aa,C19 C0 C16 C30 C0 C24 C0 C11 <wb> C19 C0 C15 C0 C1 <wb> C38 C0 C11 <wb> C30 C0 C3 C0 <wb> C31 C0 C11 C29 C0 <wb> C24 C0 C11 <wb> C28 C0 C29 C0 C31 C0 C24 C0 <wb> C19 C0 C16 C38 C0 C1,train
8946,गधे को महाराज के सामने बुलाया गया. तुम्हे कैसे पता चला कि धरती फट रही है? शेर ने गुस्से से पूछा.,1,5.619,1,,hindi_female_008946.wav,g a dh a ee <wb> k a o <wb> m a h a aa r a aa j a <wb> k a ee <wb> s a aa m a n a ee <wb> b a u l a aa y a aa <wb> g a y a aa <wb> t a u m a h a ee <wb> k a ei s a ee <wb> p a t a aa <wb> c a l a aa <wb> k a i <wb> dh a r a t a ii <wb> ph a tx a <wb> r a h a ii <wb> h a ei <wb> sh a ee r a <wb> n a ee <wb> g a u s a s a ee <wb> s a ee <wb> p a uu ch a aa,C13 C0 C8 C0 C11 <wb> C19 C0 C26 <wb> C22 C0 C15 C0 C1 C29 C0 C1 C17 C0 <wb> C19 C0 C11 <wb> C30 C0 C1 C22 C0 C24 C0 C11 <wb> C3 C0 C36 C21 C0 C1 C38 C0 C1 <wb> C13 C0 C38 C0 C1 <wb> C32 C0 C36 C22 C0 C15 C0 C11 <wb> C19 C0 C2 C30 C0 C11 <wb> C28 C0 C32 C0 C1 <wb> C5 C0 C21 C0 C1 <wb> C19 C0 C16 <wb> C8 C0 C29 C0 C32 C0 C16 <wb> C12 C0 C34 C0 <wb> C29 C0 C15 C0 C16 <wb> C15 C0 C2 <wb> C31 C0 C11 C29 C0 <wb> C24 C0 C11 <wb> C13 C0 C36 C30 C0 C30 C0 C11 <wb> C30 C0 C11 <wb> C28 C0 C36 C6 C0 C1,train
8950,"इसलिए, हमें किसी गधे की बात में यकीन करने से पहले, अपना दिमाग ज़रूर लगा लेना चाहिए, और ये भी समझना चाहिए, कि अगर सैकड़ों लोग भी किसी गलत चीज़ को बढ़ावा दे रहे हैं, तो भी वो गलत ही रहती है, और उससे बचने में ही भलाई है.",1,15.476,0,not_selected_by_random,,,,
8983,"हर सुनी हुई बात पर भरोसा नहीं करना चाहिए. और दूसरों के बात से, अपने को दुखी नहीं करना चाहिए.",1,6.642,0,not_selected_by_random,,,,
8996,पर मेरे पास पैर नहीं हैं. मैं कैसे उस कुएं के पास पहुँच कर तुम्हारे दुश्मन को मार सकता हूँ?,1,5.41,1,,hindi_female_008996.wav,p a r a <wb> m a ee r a ee <wb> p a aa s a <wb> p a ei r a <wb> n a h a ii q <wb> h a ei q <wb> m a ei q <wb> k a ei s a ee <wb> u s a <wb> k a u ee q <wb> k a ee <wb> p a aa s a <wb> p a h a u mq c a <wb> k a r a <wb> t a u m a h a aa r a ee <wb> d a u sh a m a n a <wb> k a o <wb> m a aa r a <wb> s a k a t a aa <wb> h a uu mq,C28 C0 C29 C0 <wb> C22 C0 C11 C29 C0 C11 <wb> C28 C0 C1 C30 C0 <wb> C28 C0 C2 C29 C0 <wb> C24 C0 C15 C0 C16 C23 <wb> C15 C0 C2 C23 <wb> C22 C0 C2 C23 <wb> C19 C0 C2 C30 C0 C11 <wb> C36 C30 C0 <wb> C19 C0 C36 C11 C23 <wb> C19 C0 C11 <wb> C28 C0 C1 C30 C0 <wb> C28 C0 C15 C0 C36 C23 C5 C0 <wb> C19 C0 C29 C0 <wb> C32 C0 C36 C22 C0 C15 C0 C1 C29 C0 C11 <wb> C7 C0 C36 C31 C0 C22 C0 C24 C0 <wb> C19 C0 C26 <wb> C22 C0 C1 C29 C0 <wb> C30 C0 C19 C0 C32 C0 C1 <wb> C15 C0 C36 C23,train
9011,"ऐसे लोगो से दोस्ती मत करो, जो तुमसे केवल अपना मतलब निकालना चाहते हैं.",1,4.953,0,not_selected_by_random,,,,
9012,"एक हाथी था. उसका मित्र बंदर था. लेकिन एक दिन, उन दोनों की मित्रता टूट गई. तो हाथी और बंदर अलग अलग हो गए.",1,8.646,0,not_selected_by_random,,,,
9020,"गीदड़, गधे के निकट जाकर बोला, बहुत कमज़ोर हो गए हो, क्या बात है?",1,4.76,0,not_selected_by_random,,,,
9086,"न्यायाधीश के सम्मुख दोनों ने अपना अपना पक्ष प्रस्तुत किया. न्यायाधीश ने सत्य का पता लगाने के लिए, दिव्य परीक्षा का आदेश दिया.",1,8.343,0,not_selected_by_random,,,,
9105,"इसलिए कहते हैं, की बल से बुद्धि बड़ी होती है!",1,2.879,1,,hindi_female_009105.wav,i s a l a i ee <wb> k a h a t a ee <wb> h a ei q <wb> k a ii <wb> b a l a <wb> s a ee <wb> b a u d a dh a i <wb> b a dxq a ii <wb> h a o t a ii <wb> h a ei,C16 C30 C0 C21 C0 C16 C11 <wb> C19 C0 C15 C0 C32 C0 C11 <wb> C15 C0 C2 C23 <wb> C19 C0 C16 <wb> C3 C0 C21 C0 <wb> C30 C0 C11 <wb> C3 C0 C36 C7 C0 C8 C0 C16 <wb> C3 C0 C9 C0 C16 <wb> C15 C0 C26 C32 C0 C16 <wb> C15 C0 C2,train
9124,"उनके मित्र का गांव, कोई बहुत दूर तो नहीं था, लेकिन वहां तक पहुंचने के लिए, जंगल से होकर गुज़रना पड़ता था. और उस जंगल में, जंगली जानवरों की भरमार थी.",1,9.567,1,,hindi_female_009124.wav,u n a k a ee <wb> m a i t a r a <wb> k a aa <wb> g a aa q w a <wb> k a o ii <wb> b a h a u t a <wb> d a uu r a <wb> t a o <wb> n a h a ii q <wb> th a aa <wb> l a ee k a i n a <wb> w a h a aa q <wb> t a k a <wb> p a h a u q c a n a ee <wb> k a ee <wb> l a i ee <wb> j a q g a l a <wb> s a ee <wb> h a o k a r a <wb> g a u z a r a n a aa <wb> p a dxq a t a aa <wb> th a aa <wb> ou r a <wb> u s a <wb> j a q g a l a <wb> m a ee q <wb> j a q g a l a ii <wb> j a aa n a w a r a o q <wb> k a ii <wb> bh a r a m a aa r a <wb> th a ii,C36 C24 C0 C19 C0 C11 <wb> C22 C0 C16 C32 C0 C29 C0 <wb> C19 C0 C1 <wb> C13 C0 C1 C23 C37 C0 <wb> C19 C0 C26 C16 <wb> C3 C0 C15 C0 C36 C32 C0 <wb> C7 C0 C36 C29 C0 <wb> C32 C0 C26 <wb> C24 C0 C15 C0 C16 C23 <wb> C33 C0 C1 <wb> C21 C0 C11 C19 C0 C16 C24 C0 <wb> C37 C0 C15 C0 C1 C23 <wb> C32 C0 C19 C0 <wb> C28 C0 C15 C0 C36 C23 C5 C0 C24 C0 C11 <wb> C19 C0 C11 <wb> C21 C0 C16 C11 <wb> C17 C0 C23 C13 C0 C21 C0 <wb> C30 C0 C11 <wb> C15 C0 C26 C19 C0 C29 C0 <wb> C13 C0 C36 C17 C0 C29 C0 C24 C0 C1 <wb> C28 C0 C9 C0 C32 C0 C1 <wb> C33 C0 C1 <wb> C27 C29 C0 <wb> C36 C30 C0 <wb> C17 C0 C23 C13 C0 C21 C0 <wb> C22 C0 C11 C23 <wb> C17 C0 C23 C13 C0 C21 C0 C16 <wb> C17 C0 C1 C24 C0 C37 C0 C29 C0 C26 C23 <wb> C19 C0 C16 <wb> C4 C0 C29 C0 C22 C0 C1 C29 C0 <wb> C33 C0 C16,val
9132,"प्रसिद्द कबीर अध्येता, पुरुषोत्तम अग्रवाल का यह शोध आलेख, उस रामानंद की खोज करता है",1,7.304,0,not_selected_by_random,,,,
9134,"उस पर, इन चार कवियों का गहरा असर है",1,2.949,1,,hindi_female_009134.wav,u s a <wb> p a r a <wb> i n a <wb> c a aa r a <wb> k a w a i y a o q <wb> k a aa <wb> g a h a r a aa <wb> a s a r a <wb> h a ei,C36 C30 C0 <wb> C28 C0 C29 C0 <wb> C16 C24 C0 <wb> C5 C0 C1 C29 C0 <wb> C19 C0 C37 C0 C16 C38 C0 C26 C23 <wb> C19 C0 C1 <wb> C13 C0 C15 C0 C29 C0 C1 <wb> C0 C30 C0 C29 C0 <wb> C15 C0 C2,train
9135,"इसे कई बार, मंचित भी किया गया है",1,2.694,1,,hindi_female_009135.wav,i s a ee <wb> k a ii <wb> b a aa r a <wb> m a q c a i t a <wb> bh a ii <wb> k a i y a aa <wb> g a y a aa <wb> h a ei,C16 C30 C0 C11 <wb> C19 C0 C16 <wb> C3 C0 C1 C29 C0 <wb> C22 C0 C23 C5 C0 C16 C32 C0 <wb> C4 C0 C16 <wb> C19 C0 C16 C38 C0 C1 <wb> C13 C0 C38 C0 C1 <wb> C15 C0 C2,train
9136,"यहाँ प्रस्तुत है, हिन्दी कवि कथाकार, तेजी ग्रोवर के अंग्रेज़ी के मार्फ़त किए गए अनुवाद के कुछ अंश",1,8.348,0,not_selected_by_random,,,,
9138,"दूसरी तरफ़, साक्षात्कार में वे, सुंदर के विरूद्ध, अपनी रणनीति के बारे में बात करते हैं",1,6.13,1,,hindi_female_009138.wav,d a uu s a r a ii <wb> t a r a f a <wb> s a aa k a sx a aa t a k a aa r a <wb> m a ee q <wb> w a ee <wb> s a u q d a r a <wb> k a ee <wb> w a i r a uu d a dh a <wb> a p a n a ii <wb> r a nx a n a ii t a i <wb> k a ee <wb> b a aa r a ee <wb> m a ee q <wb> b a aa t a <wb> k a r a t a ee <wb> h a ei q,C7 C0 C36 C30 C0 C29 C0 C16 <wb> C32 C0 C29 C0 C12 C0 <wb> C30 C0 C1 C19 C0 C31 C0 C1 C32 C0 C19 C0 C1 C29 C0 <wb> C22 C0 C11 C23 <wb> C37 C0 C11 <wb> C30 C0 C36 C23 C7 C0 C29 C0 <wb> C19 C0 C11 <wb> C37 C0 C16 C29 C0 C36 C7 C0 C8 C0 <wb> C0 C28 C0 C24 C0 C16 <wb> C29 C0 C25 C0 C24 C0 C16 C32 C0 C16 <wb> C19 C0 C11 <wb> C3 C0 C1 C29 C0 C11 <wb> C22 C0 C11 C23 <wb> C3 C0 C1 C32 C0 <wb> C19 C0 C29 C0 C32 C0 C11 <wb> C15 C0 C2 C23,train
9139,"उस्ताद बिस्मिल्लाह खान, भारतीय संगीत ही नहीं, समूचे कला संसार में, एक विलक्षण उपस्थिति रहे",1,8.343,0,not_selected_by_random,,,,
9140,"अपने व्यक्तित्व, और वाद, दोनों से वे, शास्त्रीय संगीत में, एक नए टाईप थे",1,6.687,1,,hindi_female_009140.wav,a p a n a ee <wb> w a y a k a t a i t a w a <wb> ou r a <wb> w a aa d a <wb> d a o n a o q <wb> s a ee <wb> w a ee <wb> sh a aa s a t a r a ii y a <wb> s a q g a ii t a <wb> m a ee q <wb> ee k a <wb> n a ee <wb> tx a aa ii p a <wb> th a ee,C0 C28 C0 C24 C0 C11 <wb> C37 C0 C38 C0 C19 C0 C32 C0 C16 C32 C0 C37 C0 <wb> C27 C29 C0 <wb> C37 C0 C1 C7 C0 <wb> C7 C0 C26 C24 C0 C26 C23 <wb> C30 C0 C11 <wb> C37 C0 C11 <wb> C31 C0 C1 C30 C0 C32 C0 C29 C0 C16 C38 C0 <wb> C30 C0 C23 C13 C0 C16 C32 C0 <wb> C22 C0 C11 C23 <wb> C11 C19 C0 <wb> C24 C0 C11 <wb> C34 C0 C1 C16 C28 C0 <wb> C33 C0 C11,train
9142,"यतीन्द्र मिश्र का, सुर की बारादरी, इस नाम से, पेंग्विन यात्रा से शीघ्र प्रकाश्य पुस्तक से लिया गया है, जो उनकी कला, स्थानीय परम्परा, उनके व्यक्तित्व को एक साथ पढ़ती है",1,14.095,1,,hindi_female_009142.wav,y a t a ii n a d a r a <wb> m a i sh a r a <wb> k a aa <wb> s a u r a <wb> k a ii <wb> b a aa r a aa d a r a ii <wb> i s a <wb> n a aa m a <wb> s a ee <wb> p a ee q g a w a i n a <wb> y a aa t a r a aa <wb> s a ee <wb> sh a ii gh a r a <wb> p a r a k a aa sh a y a <wb> p a u s a t a k a <wb> s a ee <wb> l a i y a aa <wb> g a y a aa <wb> h a ei <wb> j a o <wb> u n a k a ii <wb> k a l a aa <wb> s a th a aa n a ii y a <wb> p a r a m a p a r a aa <wb> u n a k a ee <wb> w a y a k a t a i t a w a <wb> k a o <wb> ee k a <wb> s a aa th a <wb> p a dxhq a t a ii <wb> h a ei,C38 C0 C32 C0 C16 C24 C0 C7 C0 C29 C0 <wb> C22 C0 C16 C31 C0 C29 C0 <wb> C19 C0 C1 <wb> C30 C0 C36 C29 C0 <wb> C19 C0 C16 <wb> C3 C0 C1 C29 C0 C1 C7 C0 C29 C0 C16 <wb> C16 C30 C0 <wb> C24 C0 C1 C22 C0 <wb> C30 C0 C11 <wb> C28 C0 C11 C23 C13 C0 C37 C0 C16 C24 C0 <wb> C38 C0 C1 C32 C0 C29 C0 C1 <wb> C30 C0 C11 <wb> C31 C0 C16 C14 C0 C29 C0 <wb> C28 C0 C29 C0 C19 C0 C1 C31 C0 C38 C0 <wb> C28 C0 C36 C30 C0 C32 C0 C19 C0 <wb> C30 C0 C11 <wb> C21 C0 C16 C38 C0 C1 <wb> C13 C0 C38 C0 C1 <wb> C15 C0 C2 <wb> C17 C0 C26 <wb> C36 C24 C0 C19 C0 C16 <wb> C19 C0 C21 C0 C1 <wb> C30 C0 C33 C0 C1 C24 C0 C16 C38 C0 <wb> C28 C0 C29 C0 C22 C0 C28 C0 C29 C0 C1 <wb> C36 C24 C0 C19 C0 C11 <wb> C37 C0 C38 C0 C19 C0 C32 C0 C16 C32 C0 C37 C0 <wb> C19 C0 C26 <wb> C11 C19 C0 <wb> C30 C0 C1 C33 C0 <wb> C28 C0 C10 C0 C32 C0 C16 <wb> C15 C0 C2,train
9143,"उस्ताद को, ट्रिब्यूट की तरह, लिखा गया, व्योमेश शुक्ल का गद्य, उनकी कला को, सांस्कृतिक राजनीति के, प्रतिरोध के, संकेतों की तरह देखता है",1,10.867,1,,hindi_female_009143.wav,u s a t a aa d a <wb> k a o <wb> tx a r a i b a y a uu tx a <wb> k a ii <wb> t a r a h a <wb> l a i kh a aa <wb> g a y a aa <wb> w a y a o m a ee sh a <wb> sh a u k a l a <wb> k a aa <wb> g a d a y a <wb> u n a k a ii <wb> k a l a aa <wb> k a o <wb> s a aa q s a k a rq t a i k a <wb> r a aa j a n a ii t a i <wb> k a ee <wb> p a r a t a i r a o dh a <wb> k a ee <wb> s a q k a ee t a o q <wb> k a ii <wb> t a r a h a <wb> d a ee kh a t a aa <wb> h a ei,C36 C30 C0 C32 C0 C1 C7 C0 <wb> C19 C0 C26 <wb> C34 C0 C29 C0 C16 C3 C0 C38 C0 C36 C34 C0 <wb> C19 C0 C16 <wb> C32 C0 C29 C0 C15 C0 <wb> C21 C0 C16 C20 C0 C1 <wb> C13 C0 C38 C0 C1 <wb> C37 C0 C38 C0 C26 C22 C0 C11 C31 C0 <wb> C31 C0 C36 C19 C0 C21 C0 <wb> C19 C0 C1 <wb> C13 C0 C7 C0 C38 C0 <wb> C36 C24 C0 C19 C0 C16 <wb> C19 C0 C21 C0 C1 <wb> C19 C0 C26 <wb> C30 C0 C1 C23 C30 C0 C19 C0 C29 C32 C0 C16 C19 C0 <wb> C29 C0 C1 C17 C0 C24 C0 C16 C32 C0 C16 <wb> C19 C0 C11 <wb> C28 C0 C29 C0 C32 C0 C16 C29 C0 C26 C8 C0 <wb> C19 C0 C11 <wb> C30 C0 C23 C19 C0 C11 C32 C0 C26 C23 <wb> C19 C0 C16 <wb> C32 C0 C29 C0 C15 C0 <wb> C7 C0 C11 C20 C0 C32 C0 C1 <wb> C15 C0 C2,train
9144,"इस अंक से हम, एक नया खंड उन कला रूपों पर आरंभ कर रहे हैं, जिन्हें लोक प्रिय, या पॉपुलर कहा जाता है",1,8.786,0,not_selected_by_random,,,,
9146,"यूरोप का बायाँ हिस्सा, अफ़्रीका के दाहिने में, और आस्ट्रेलिया का ऊपरी पश्चिमी किनारा, आज के तमिलनाडु के बगल में था",1,9.088,0,not_selected_by_random,,,,
9148,"मतलब कि, भाषा एक एक्शन नहीं, प्रकृति को देखकर दिया गया, हमारा रिएक्शन मात्र है",1,7.012,1,,hindi_female_009148.wav,m a t a l a b a <wb> k a i <wb> bh a aa sx a aa <wb> ee k a <wb> ee k a sh a n a <wb> n a h a ii q <wb> p a r a k a rq t a i <wb> k a o <wb> d a ee kh a k a r a <wb> d a i y a aa <wb> g a y a aa <wb> h a m a aa r a aa <wb> r a i ee k a sh a n a <wb> m a aa t a r a <wb> h a ei,C22 C0 C32 C0 C21 C0 C3 C0 <wb> C19 C0 C16 <wb> C4 C0 C1 C31 C0 C1 <wb> C11 C19 C0 <wb> C11 C19 C0 C31 C0 C24 C0 <wb> C24 C0 C15 C0 C16 C23 <wb> C28 C0 C29 C0 C19 C0 C29 C32 C0 C16 <wb> C19 C0 C26 <wb> C7 C0 C11 C20 C0 C19 C0 C29 C0 <wb> C7 C0 C16 C38 C0 C1 <wb> C13 C0 C38 C0 C1 <wb> C15 C0 C22 C0 C1 C29 C0 C1 <wb> C29 C0 C16 C11 C19 C0 C31 C0 C24 C0 <wb> C22 C0 C1 C32 C0 C29 C0 <wb> C15 C0 C2,train
9149,"सूरज को देखकर, हर प्रजाति के मनुष्य के मुँह से, रा ही निकला",1,4.992,1,,hindi_female_009149.wav,s a uu r a j a <wb> k a o <wb> d a ee kh a k a r a <wb> h a r a <wb> p a r a j a aa t a i <wb> k a ee <wb> m a n a u sx a y a <wb> k a ee <wb> m a u mq h a <wb> s a ee <wb> r a aa <wb> h a ii <wb> n a i k a l a aa,C30 C0 C36 C29 C0 C17 C0 <wb> C19 C0 C26 <wb> C7 C0 C11 C20 C0 C19 C0 C29 C0 <wb> C15 C0 C29 C0 <wb> C28 C0 C29 C0 C17 C0 C1 C32 C0 C16 <wb> C19 C0 C11 <wb> C22 C0 C24 C0 C36 C31 C0 C38 C0 <wb> C19 C0 C11 <wb> C22 C0 C36 C23 C15 C0 <wb> C30 C0 C11 <wb> C29 C0 C1 <wb> C15 C0 C16 <wb> C24 C0 C16 C19 C0 C21 C0 C1,train
9150,"इसलिए, मिस्र में भी, सूर्य भगवान, रा हैं, और सिंधु के इस पार भी, सूर्यवंशी भगवान का नाम, राम है",1,8.661,1,,hindi_female_009150.wav,i s a l a i ee <wb> m a i s a r a <wb> m a ee q <wb> bh a ii <wb> s a uu r a y a <wb> bh a g a w a aa n a <wb> r a aa <wb> h a ei q <wb> ou r a <wb> s a i q dh a u <wb> k a ee <wb> i s a <wb> p a aa r a <wb> bh a ii <wb> s a uu r a y a w a q sh a ii <wb> bh a g a w a aa n a <wb> k a aa <wb> n a aa m a <wb> r a aa m a <wb> h a ei,C16 C30 C0 C21 C0 C16 C11 <wb> C22 C0 C16 C30 C0 C29 C0 <wb> C22 C0 C11 C23 <wb> C4 C0 C16 <wb> C30 C0 C36 C29 C0 C38 C0 <wb> C4 C0 C13 C0 C37 C0 C1 C24 C0 <wb> C29 C0 C1 <wb> C15 C0 C2 C23 <wb> C27 C29 C0 <wb> C30 C0 C16 C23 C8 C0 C36 <wb> C19 C0 C11 <wb> C16 C30 C0 <wb> C28 C0 C1 C29 C0 <wb> C4 C0 C16 <wb> C30 C0 C36 C29 C0 C38 C0 C37 C0 C23 C31 C0 C16 <wb> C4 C0 C13 C0 C37 C0 C1 C24 C0 <wb> C19 C0 C1 <wb> C24 C0 C1 C22 C0 <wb> C29 C0 C1 C22 C0 <wb> C15 C0 C2,test
9153,"उसके दोस्त, प्रेमिकाएँ, और रिश्तेदार, उसे इसी नाम से बुलाते थे, और वो भी, अक्सर समझ जाता था, कि क्वैं, उसी को संबोधित है",1,9.961,1,,hindi_female_009153.wav,u s a k a ee <wb> d a o s a t a <wb> p a r a ee m a i k a aa ee mq <wb> ou r a <wb> r a i sh a t a ee d a aa r a <wb> u s a ee <wb> i s a ii <wb> n a aa m a <wb> s a ee <wb> b a u l a aa t a ee <wb> th a ee <wb> ou r a <wb> w a o <wb> bh a ii <wb> a k a s a r a <wb> s a m a jh a <wb> j a aa t a aa <wb> th a aa <wb> k a i <wb> k a w a ei q <wb> u s a ii <wb> k a o <wb> s a q b a o dh a i t a <wb> h a ei,C36 C30 C0 C19 C0 C11 <wb> C7 C0 C26 C30 C0 C32 C0 <wb> C28 C0 C29 C0 C11 C22 C0 C16 C19 C0 C1 C11 C23 <wb> C27 C29 C0 <wb> C29 C0 C16 C31 C0 C32 C0 C11 C7 C0 C1 C29 C0 <wb> C36 C30 C0 C11 <wb> C16 C30 C0 C16 <wb> C24 C0 C1 C22 C0 <wb> C30 C0 C11 <wb> C3 C0 C36 C21 C0 C1 C32 C0 C11 <wb> C33 C0 C11 <wb> C27 C29 C0 <wb> C37 C0 C26 <wb> C4 C0 C16 <wb> C0 C19 C0 C30 C0 C29 C0 <wb> C30 C0 C22 C0 C18 C0 <wb> C17 C0 C1 C32 C0 C1 <wb> C33 C0 C1 <wb> C19 C0 C16 <wb> C19 C0 C37 C0 C2 C23 <wb> C36 C30 C0 C16 <wb> C19 C0 C26 <wb> C30 C0 C23 C3 C0 C26 C8 C0 C16 C32 C0 <wb> C15 C0 C2,train
9154,"क्वैं की उम्र, करीबन अठारह साल रही होगी, यानि कि, वो नवकिशोर था, आज का टीनेजर",1,7.679,0,not_selected_by_random,,,,
9156,"उसे, जंगली जान वरों से डर लगता था",1,2.252,1,,hindi_female_009156.wav,u s a ee <wb> j a q g a l a ii <wb> j a aa n a <wb> w a r a o q <wb> s a ee <wb> dx a r a <wb> l a g a t a aa <wb> th a aa,C36 C30 C0 C11 <wb> C17 C0 C23 C13 C0 C21 C0 C16 <wb> C17 C0 C1 C24 C0 <wb> C37 C0 C29 C0 C26 C23 <wb> C30 C0 C11 <wb> C9 C0 C29 C0 <wb> C21 C0 C13 C0 C32 C0 C1 <wb> C33 C0 C1,train
9158,"उसके अंदर, जाने कहाँ से, एक अजीब सा गुस्सा पनपने लगा था",1,4.412,1,,hindi_female_009158.wav,u s a k a ee <wb> a q d a r a <wb> j a aa n a ee <wb> k a h a aa mq <wb> s a ee <wb> ee k a <wb> a j a ii b a <wb> s a aa <wb> g a u s a s a aa <wb> p a n a p a n a ee <wb> l a g a aa <wb> th a aa,C36 C30 C0 C19 C0 C11 <wb> C0 C23 C7 C0 C29 C0 <wb> C17 C0 C1 C24 C0 C11 <wb> C19 C0 C15 C0 C1 C23 <wb> C30 C0 C11 <wb> C11 C19 C0 <wb> C0 C17 C0 C16 C3 C0 <wb> C30 C0 C1 <wb> C13 C0 C36 C30 C0 C30 C0 C1 <wb> C28 C0 C24 C0 C28 C0 C24 C0 C11 <wb> C21 C0 C13 C0 C1 <wb> C33 C0 C1,test
9164,"जहाँ भी कोई नई ध्वनि सुनता, तुरंत उसे दोहराता",1,4.344,0,not_selected_by_random,,,,
9168,"अब, क्वैं का दिन, दो हिस्सों में बँट गया",1,2.694,1,,hindi_female_009168.wav,a b a <wb> k a w a ei q <wb> k a aa <wb> d a i n a <wb> d a o <wb> h a i s a s a o q <wb> m a ee q <wb> b a mq tx a <wb> g a y a aa,C0 C3 C0 <wb> C19 C0 C37 C0 C2 C23 <wb> C19 C0 C1 <wb> C7 C0 C16 C24 C0 <wb> C7 C0 C26 <wb> C15 C0 C16 C30 C0 C30 C0 C26 C23 <wb> C22 C0 C11 C23 <wb> C3 C0 C23 C34 C0 <wb> C13 C0 C38 C0 C1,train
9171,"कुछ लोगों को तो डर था, कि क्वैं, किसी काले देवता की आराधना करता है",1,5.951,0,not_selected_by_random,,,,
9172,"इस बीच, क्वैं ने अपने कबीले वालों के साथ, खाना बिल्कुल ही बंद कर दिया",1,5.132,1,,hindi_female_009172.wav,i s a <wb> b a ii c a <wb> k a w a ei q <wb> n a ee <wb> a p a n a ee <wb> k a b a ii l a ee <wb> w a aa l a o q <wb> k a ee <wb> s a aa th a <wb> kh a aa n a aa <wb> b a i l a k a u l a <wb> h a ii <wb> b a q d a <wb> k a r a <wb> d a i y a aa,C16 C30 C0 <wb> C3 C0 C16 C5 C0 <wb> C19 C0 C37 C0 C2 C23 <wb> C24 C0 C11 <wb> C0 C28 C0 C24 C0 C11 <wb> C19 C0 C3 C0 C16 C21 C0 C11 <wb> C37 C0 C1 C21 C0 C26 C23 <wb> C19 C0 C11 <wb> C30 C0 C1 C33 C0 <wb> C20 C0 C1 C24 C0 C1 <wb> C3 C0 C16 C21 C0 C19 C0 C36 C21 C0 <wb> C15 C0 C16 <wb> C3 C0 C23 C7 C0 <wb> C19 C0 C29 C0 <wb> C7 C0 C16 C38 C0 C1,train
9176,"कभी कभी, क्वैं गुस्से में पत्थर उठाकर, फेंक भी देता",1,4.091,0,not_selected_by_random,,,,
9180,"लेकिन इस बार, क्वैं के हाथ में, वो बारिश वाले पत्थर थे, काले गोल पत्थर, जो टप टप करते थे",1,7.808,0,not_selected_by_random,,,,
9182,"शायद, एक ही वार में खूँ, अंधा हो गया",1,3.845,0,not_selected_by_random,,,,
9183,"उसके बाद क्वैं ने, नुकीले पत्थर उठा कर, खूँ की एक एक नस काट डाली",1,5.341,1,,hindi_female_009183.wav,u s a k a ee <wb> b a aa d a <wb> k a w a ei q <wb> n a ee <wb> n a u k a ii l a ee <wb> p a t a th a r a <wb> u txh a aa <wb> k a r a <wb> kh a uu mq <wb> k a ii <wb> ee k a <wb> ee k a <wb> n a s a <wb> k a aa tx a <wb> dx a aa l a ii,C36 C30 C0 C19 C0 C11 <wb> C3 C0 C1 C7 C0 <wb> C19 C0 C37 C0 C2 C23 <wb> C24 C0 C11 <wb> C24 C0 C36 C19 C0 C16 C21 C0 C11 <wb> C28 C0 C32 C0 C33 C0 C29 C0 <wb> C36 C35 C0 C1 <wb> C19 C0 C29 C0 <wb> C20 C0 C36 C23 <wb> C19 C0 C16 <wb> C11 C19 C0 <wb> C11 C19 C0 <wb> C24 C0 C30 C0 <wb> C19 C0 C1 C34 C0 <wb> C9 C0 C1 C21 C0 C16,train
9184,"तीन कबीलेवाले, बीच में आए, लेकिन वो भी मारे गए",1,4.528,0,not_selected_by_random,,,,
9185,सुबह होते होते पूरा कबीला खाली हो गया,1,3.32,0,not_selected_by_random,,,,
9186,"मान लिया गया, कि क्वैं, सचमुच, रात की ही आराधना करता हैं",1,5.404,0,not_selected_by_random,,,,
9188,"जिन पत्थरों पे खून लग गया था, उन्हें वो, डैन्यूब में धो लाया",1,4.574,1,,hindi_female_009188.wav,j a i n a <wb> p a t a th a r a o q <wb> p a ee <wb> kh a uu n a <wb> l a g a <wb> g a y a aa <wb> th a aa <wb> u n a h a ee q <wb> w a o <wb> dx a ei n a y a uu b a <wb> m a ee q <wb> dh a o <wb> l a aa y a aa,C17 C0 C16 C24 C0 <wb> C28 C0 C32 C0 C33 C0 C29 C0 C26 C23 <wb> C28 C0 C11 <wb> C20 C0 C36 C24 C0 <wb> C21 C0 C13 C0 <wb> C13 C0 C38 C0 C1 <wb> C33 C0 C1 <wb> C36 C24 C0 C15 C0 C11 C23 <wb> C37 C0 C26 <wb> C9 C0 C2 C24 C0 C38 C0 C36 C3 C0 <wb> C22 C0 C11 C23 <wb> C8 C0 C26 <wb> C21 C0 C1 C38 C0 C1,train
9190,पर उसे ऐसे ही अच्छा लगता था,1,2.09,1,,hindi_female_009190.wav,p a r a <wb> u s a ee <wb> ei s a ee <wb> h a ii <wb> a c a ch a aa <wb> l a g a t a aa <wb> th a aa,C28 C0 C29 C0 <wb> C36 C30 C0 C11 <wb> C2 C30 C0 C11 <wb> C15 C0 C16 <wb> C0 C5 C0 C6 C0 C1 <wb> C21 C0 C13 C0 C32 C0 C1 <wb> C33 C0 C1,train
9193,"उनकी सांगीतिक प्रतिभा, अप्रतिम है",1,3.371,0,not_selected_by_random,,,,
9194,"वे, राग का विस्तार करने, उसकी संरचना के ब्यौरों को उभारने में, हमेशा बेहद सधे हुए, और जागरूक रहे हैं",1,9.334,1,,hindi_female_009194.wav,w a ee <wb> r a aa g a <wb> k a aa <wb> w a i s a t a aa r a <wb> k a r a n a ee <wb> u s a k a ii <wb> s a q r a c a n a aa <wb> k a ee <wb> b a y a ou r a o q <wb> k a o <wb> u bh a aa r a n a ee <wb> m a ee q <wb> h a m a ee sh a aa <wb> b a ee h a d a <wb> s a dh a ee <wb> h a u ee <wb> ou r a <wb> j a aa g a r a uu k a <wb> r a h a ee <wb> h a ei q,C37 C0 C11 <wb> C29 C0 C1 C13 C0 <wb> C19 C0 C1 <wb> C37 C0 C16 C30 C0 C32 C0 C1 C29 C0 <wb> C19 C0 C29 C0 C24 C0 C11 <wb> C36 C30 C0 C19 C0 C16 <wb> C30 C0 C23 C29 C0 C5 C0 C24 C0 C1 <wb> C19 C0 C11 <wb> C3 C0 C38 C0 C27 C29 C0 C26 C23 <wb> C19 C0 C26 <wb> C36 C4 C0 C1 C29 C0 C24 C0 C11 <wb> C22 C0 C11 C23 <wb> C15 C0 C22 C0 C11 C31 C0 C1 <wb> C3 C0 C11 C15 C0 C7 C0 <wb> C30 C0 C8 C0 C11 <wb> C15 C0 C36 C11 <wb> C27 C29 C0 <wb> C17 C0 C1 C13 C0 C29 C0 C36 C19 C0 <wb> C29 C0 C15 C0 C11 <wb> C15 C0 C2 C23,train
9204,"वे एक साधारण इन्सान हैं, जिनके भीतर, आपको अनायास ही, सहज मानवीयता के दर्शन होते हैं",1,8.407,0,not_selected_by_random,,,,
9206,"उनसे मिलना, मोमिन के उस शेर से मिलना है, जहाँ वे यह दर्ज करते हैं, तुम मेरे पास होते हो, जब कोई दूसरा नहीं होता",1,10.008,1,,hindi_female_009206.wav,u n a s a ee <wb> m a i l a n a aa <wb> m a o m a i n a <wb> k a ee <wb> u s a <wb> sh a ee r a <wb> s a ee <wb> m a i l a n a aa <wb> h a ei <wb> j a h a aa mq <wb> w a ee <wb> y a h a <wb> d a r a j a <wb> k a r a t a ee <wb> h a ei q <wb> t a u m a <wb> m a ee r a ee <wb> p a aa s a <wb> h a o t a ee <wb> h a o <wb> j a b a <wb> k a o ii <wb> d a uu s a r a aa <wb> n a h a ii q <wb> h a o t a aa,C36 C24 C0 C30 C0 C11 <wb> C22 C0 C16 C21 C0 C24 C0 C1 <wb> C22 C0 C26 C22 C0 C16 C24 C0 <wb> C19 C0 C11 <wb> C36 C30 C0 <wb> C31 C0 C11 C29 C0 <wb> C30 C0 C11 <wb> C22 C0 C16 C21 C0 C24 C0 C1 <wb> C15 C0 C2 <wb> C17 C0 C15 C0 C1 C23 <wb> C37 C0 C11 <wb> C38 C0 C15 C0 <wb> C7 C0 C29 C0 C17 C0 <wb> C19 C0 C29 C0 C32 C0 C11 <wb> C15 C0 C2 C23 <wb> C32 C0 C36 C22 C0 <wb> C22 C0 C11 C29 C0 C11 <wb> C28 C0 C1 C30 C0 <wb> C15 C0 C26 C32 C0 C11 <wb> C15 C0 C26 <wb> C17 C0 C3 C0 <wb> C19 C0 C26 C16 <wb> C7 C0 C36 C30 C0 C29 C0 C1 <wb> C24 C0 C15 C0 C16 C23 <wb> C15 C0 C26 C32 C0 C1,train
9208,"उन्हें काशी से, बेपनाह मुहब्बत है",1,3.019,1,,hindi_female_009208.wav,u n a h a ee q <wb> k a aa sh a ii <wb> s a ee <wb> b a ee p a n a aa h a <wb> m a u h a b a b a t a <wb> h a ei,C36 C24 C0 C15 C0 C11 C23 <wb> C19 C0 C1 C31 C0 C16 <wb> C30 C0 C11 <wb> C3 C0 C11 C28 C0 C24 C0 C1 C15 C0 <wb> C22 C0 C36 C15 C0 C3 C0 C3 C0 C32 C0 <wb> C15 C0 C2,train
9209,"वे शहनाई को, अपनी प्रस्तुति का एक वाद्य यन्त्र नहीं मानते, बल्कि, उसे सखी, और महबूबा कहते हैं",1,8.568,1,,hindi_female_009209.wav,w a ee <wb> sh a h a n a aa ii <wb> k a o <wb> a p a n a ii <wb> p a r a s a t a u t a i <wb> k a aa <wb> ee k a <wb> w a aa d a y a <wb> y a n a t a r a <wb> n a h a ii q <wb> m a aa n a t a ee <wb> b a l a k a i <wb> u s a ee <wb> s a kh a ii <wb> ou r a <wb> m a h a b a uu b a aa <wb> k a h a t a ee <wb> h a ei q,C37 C0 C11 <wb> C31 C0 C15 C0 C24 C0 C1 C16 <wb> C19 C0 C26 <wb> C0 C28 C0 C24 C0 C16 <wb> C28 C0 C29 C0 C30 C0 C32 C0 C36 C32 C0 C16 <wb> C19 C0 C1 <wb> C11 C19 C0 <wb> C37 C0 C1 C7 C0 C38 C0 <wb> C38 C0 C24 C0 C32 C0 C29 C0 <wb> C24 C0 C15 C0 C16 C23 <wb> C22 C0 C1 C24 C0 C32 C0 C11 <wb> C3 C0 C21 C0 C19 C0 C16 <wb> C36 C30 C0 C11 <wb> C30 C0 C20 C0 C16 <wb> C27 C29 C0 <wb> C22 C0 C15 C0 C3 C0 C36 C3 C0 C1 <wb> C19 C0 C15 C0 C32 C0 C11 <wb> C15 C0 C2 C23,train
9210,"अपनी पत्नी के गुजर जाने के बाद से, उनकी यह महबूबा ही, उनके सिरहाने बिस्तर पर, साथ सोती है, और अपने प्रेमी को दो एक क्षण, खुद की खुशी, बटोरने का बहाना देती है",1,13.653,1,,hindi_female_009210.wav,a p a n a ii <wb> p a t a n a ii <wb> k a ee <wb> g a u j a r a <wb> j a aa n a ee <wb> k a ee <wb> b a aa d a <wb> s a ee <wb> u n a k a ii <wb> y a h a <wb> m a h a b a uu b a aa <wb> h a ii <wb> u n a k a ee <wb> s a i r a h a aa n a ee <wb> b a i s a t a r a <wb> p a r a <wb> s a aa th a <wb> s a o t a ii <wb> h a ei <wb> ou r a <wb> a p a n a ee <wb> p a r a ee m a ii <wb> k a o <wb> d a o <wb> ee k a <wb> k a sx a nx a <wb> kh a u d a <wb> k a ii <wb> kh a u sh a ii <wb> b a tx a o r a n a ee <wb> k a aa <wb> b a h a aa n a aa <wb> d a ee t a ii <wb> h a ei,C0 C28 C0 C24 C0 C16 <wb> C28 C0 C32 C0 C24 C0 C16 <wb> C19 C0 C11 <wb> C13 C0 C36 C17 C0 C29 C0 <wb> C17 C0 C1 C24 C0 C11 <wb> C19 C0 C11 <wb> C3 C0 C1 C7 C0 <wb> C30 C0 C11 <wb> C36 C24 C0 C19 C0 C16 <wb> C38 C0 C15 C0 <wb> C22 C0 C15 C0 C3 C0 C36 C3 C0 C1 <wb> C15 C0 C16 <wb> C36 C24 C0 C19 C0 C11 <wb> C30 C0 C16 C29 C0 C15 C0 C1 C24 C0 C11 <wb> C3 C0 C16 C30 C0 C32 C0 C29 C0 <wb> C28 C0 C29 C0 <wb> C30 C0 C1 C33 C0 <wb> C30 C0 C26 C32 C0 C16 <wb> C15 C0 C2 <wb> C27 C29 C0 <wb> C0 C28 C0 C24 C0 C11 <wb> C28 C0 C29 C0 C11 C22 C0 C16 <wb> C19 C0 C26 <wb> C7 C0 C26 <wb> C11 C19 C0 <wb> C19 C0 C31 C0 C25 C0 <wb> C20 C0 C36 C7 C0 <wb> C19 C0 C16 <wb> C20 C0 C36 C31 C0 C16 <wb> C3 C0 C34 C0 C26 C29 C0 C24 C0 C11 <wb> C19 C0 C1 <wb> C3 C0 C15 C0 C1 C24 C0 C1 <wb> C7 C0 C11 C32 C0 C16 <wb> C15 C0 C2,train
9214,"अपने भरे पूरे कुनबे के साथ रहना, और पाँचों वक्त की नमाज़ में संगीत की शुद्धता को मिला देना, उन्हें बखूबी आता है",1,8.429,1,,hindi_female_009214.wav,a p a n a ee <wb> bh a r a ee <wb> p a uu r a ee <wb> k a u n a b a ee <wb> k a ee <wb> s a aa th a <wb> r a h a n a aa <wb> ou r a <wb> p a aa mq c a o q <wb> w a k a t a <wb> k a ii <wb> n a m a aa z a <wb> m a ee q <wb> s a q g a ii t a <wb> k a ii <wb> sh a u d a dh a t a aa <wb> k a o <wb> m a i l a aa <wb> d a ee n a aa <wb> u n a h a ee q <wb> b a kh a uu b a ii <wb> aa t a aa <wb> h a ei,C0 C28 C0 C24 C0 C11 <wb> C4 C0 C29 C0 C11 <wb> C28 C0 C36 C29 C0 C11 <wb> C19 C0 C36 C24 C0 C3 C0 C11 <wb> C19 C0 C11 <wb> C30 C0 C1 C33 C0 <wb> C29 C0 C15 C0 C24 C0 C1 <wb> C27 C29 C0 <wb> C28 C0 C1 C23 C5 C0 C26 C23 <wb> C37 C0 C19 C0 C32 C0 <wb> C19 C0 C16 <wb> C24 C0 C22 C0 C1 C17 C0 <wb> C22 C0 C11 C23 <wb> C30 C0 C23 C13 C0 C16 C32 C0 <wb> C19 C0 C16 <wb> C31 C0 C36 C7 C0 C8 C0 C32 C0 C1 <wb> C19 C0 C26 <wb> C22 C0 C16 C21 C0 C1 <wb> C7 C0 C11 C24 C0 C1 <wb> C36 C24 C0 C15 C0 C11 C23 <wb> C3 C0 C20 C0 C36 C3 C0 C16 <wb> C1 C32 C0 C1 <wb> C15 C0 C2,train
9215,"गंगा के पानी के लिये, उनकी श्रद्धा देखते बनती है",1,4.378,0,not_selected_by_random,,,,
9217,"वे प्रेम को इतने नज़दीक से महसूस करते हैं, कि प्रेम का वितान रचने वाले, रागों के पीछे पगलाये से घूमते हैं",1,8.15,1,,hindi_female_009217.wav,w a ee <wb> p a r a ee m a <wb> k a o <wb> i t a n a ee <wb> n a z a d a ii k a <wb> s a ee <wb> m a h a s a uu s a <wb> k a r a t a ee <wb> h a ei q <wb> k a i <wb> p a r a ee m a <wb> k a aa <wb> w a i t a aa n a <wb> r a c a n a ee <wb> w a aa l a ee <wb> r a aa g a o q <wb> k a ee <wb> p a ii ch a ee <wb> p a g a l a aa y a ee <wb> s a ee <wb> gh a uu m a t a ee <wb> h a ei q,C37 C0 C11 <wb> C28 C0 C29 C0 C11 C22 C0 <wb> C19 C0 C26 <wb> C16 C32 C0 C24 C0 C11 <wb> C24 C0 C17 C0 C7 C0 C16 C19 C0 <wb> C30 C0 C11 <wb> C22 C0 C15 C0 C30 C0 C36 C30 C0 <wb> C19 C0 C29 C0 C32 C0 C11 <wb> C15 C0 C2 C23 <wb> C19 C0 C16 <wb> C28 C0 C29 C0 C11 C22 C0 <wb> C19 C0 C1 <wb> C37 C0 C16 C32 C0 C1 C24 C0 <wb> C29 C0 C5 C0 C24 C0 C11 <wb> C37 C0 C1 C21 C0 C11 <wb> C29 C0 C1 C13 C0 C26 C23 <wb> C19 C0 C11 <wb> C28 C0 C16 C6 C0 C11 <wb> C28 C0 C13 C0 C21 C0 C1 C38 C0 C11 <wb> C30 C0 C11 <wb> C14 C0 C36 C22 C0 C32 C0 C11 <wb> C15 C0 C2 C23,val
9219,"लगता है, उनकी शहनाई के सात, सुरों ने ही, ऊपर सात आसमान रचा है",1,5.929,0,not_selected_by_random,,,,
9222,"इस बागीचे में आप शुरू से अन्त तक घूम आइये, तो दुनिया भर की सुन्दर चीज़ों के साथ, एक अनन्यता महसूस करेंगें",1,8.706,0,not_selected_by_random,,,,
9223,"कुल मिलाकर, किस्सा कोताह, यह कि, बिस्मिल्ला खान, सिर्फ़ एक कलाकार नहीं हैं, वह मानवीय गरिमा की सबसे सरलतम अभि व्यक्ति हैं",1,10.147,1,,hindi_female_009223.wav,k a u l a <wb> m a i l a aa k a r a <wb> k a i s a s a aa <wb> k a o t a aa h a <wb> y a h a <wb> k a i <wb> b a i s a m a i l a l a aa <wb> kh a aa n a <wb> s a i r a f a <wb> ee k a <wb> k a l a aa k a aa r a <wb> n a h a ii q <wb> h a ei q <wb> w a h a <wb> m a aa n a w a ii y a <wb> g a r a i m a aa <wb> k a ii <wb> s a b a s a ee <wb> s a r a l a t a m a <wb> a bh a i <wb> w a y a k a t a i <wb> h a ei q,C19 C0 C36 C21 C0 <wb> C22 C0 C16 C21 C0 C1 C19 C0 C29 C0 <wb> C19 C0 C16 C30 C0 C30 C0 C1 <wb> C19 C0 C26 C32 C0 C1 C15 C0 <wb> C38 C0 C15 C0 <wb> C19 C0 C16 <wb> C3 C0 C16 C30 C0 C22 C0 C16 C21 C0 C21 C0 C1 <wb> C20 C0 C1 C24 C0 <wb> C30 C0 C16 C29 C0 C12 C0 <wb> C11 C19 C0 <wb> C19 C0 C21 C0 C1 C19 C0 C1 C29 C0 <wb> C24 C0 C15 C0 C16 C23 <wb> C15 C0 C2 C23 <wb> C37 C0 C15 C0 <wb> C22 C0 C1 C24 C0 C37 C0 C16 C38 C0 <wb> C13 C0 C29 C0 C16 C22 C0 C1 <wb> C19 C0 C16 <wb> C30 C0 C3 C0 C30 C0 C11 <wb> C30 C0 C29 C0 C21 C0 C32 C0 C22 C0 <wb> C0 C4 C0 C16 <wb> C37 C0 C38 C0 C19 C0 C32 C0 C16 <wb> C15 C0 C2 C23,train
9225,आधा गाँव उपन्यास की पहली पंक्ति है,1,2.763,1,,hindi_female_009225.wav,aa dh a aa <wb> g a aa mq w a <wb> u p a n a y a aa s a <wb> k a ii <wb> p a h a l a ii <wb> p a q k a t a i <wb> h a ei,C1 C8 C0 C1 <wb> C13 C0 C1 C23 C37 C0 <wb> C36 C28 C0 C24 C0 C38 C0 C1 C30 C0 <wb> C19 C0 C16 <wb> C28 C0 C15 C0 C21 C0 C16 <wb> C28 C0 C23 C19 C0 C32 C0 C16 <wb> C15 C0 C2,test
9227,"अजीब सी पंक्ति नहीं है, गंगा की लहरें, जितनी मूर्त और यथार्थ हैं, इतिहास, उतना ही अमूर्त",1,7.825,1,,hindi_female_009227.wav,a j a ii b a <wb> s a ii <wb> p a q k a t a i <wb> n a h a ii q <wb> h a ei <wb> g a q g a aa <wb> k a ii <wb> l a h a r a ee q <wb> j a i t a n a ii <wb> m a uu r a t a <wb> ou r a <wb> y a th a aa r a th a <wb> h a ei q <wb> i t a i h a aa s a <wb> u t a n a aa <wb> h a ii <wb> a m a uu r a t a,C0 C17 C0 C16 C3 C0 <wb> C30 C0 C16 <wb> C28 C0 C23 C19 C0 C32 C0 C16 <wb> C24 C0 C15 C0 C16 C23 <wb> C15 C0 C2 <wb> C13 C0 C23 C13 C0 C1 <wb> C19 C0 C16 <wb> C21 C0 C15 C0 C29 C0 C11 C23 <wb> C17 C0 C16 C32 C0 C24 C0 C16 <wb> C22 C0 C36 C29 C0 C32 C0 <wb> C27 C29 C0 <wb> C38 C0 C33 C0 C1 C29 C0 C33 C0 <wb> C15 C0 C2 C23 <wb> C16 C32 C0 C16 C15 C0 C1 C30 C0 <wb> C36 C32 C0 C24 C0 C1 <wb> C15 C0 C16 <wb> C0 C22 C0 C36 C29 C0 C32 C0,train
9228,"गंगा की लहरों का क्या कोई इतिहास नहीं, बिलाशक है, राही मासूम रज़ा, तीसरी ही पंक्ति में बता देते हैं",1,8.259,0,not_selected_by_random,,,,
9230,"इस्लाम और अन्य किसी भी धार्मिक अस्मिता के संदर्भ में, यह देखा जा सकता है कि, वे इलाकाई आधार पर बदलती रहती हैं, और दूसरे, उनके भीतर के कई द्वंद देखे जा सकते हैं",1,13.815,0,not_selected_by_random,,,,
9231,"राष्ट्रवाद सामुदायिक पहचान की तलाश में, आसानी से धर्म की ओर मुड़ता है",1,6.277,0,not_selected_by_random,,,,
9233,"लौंडा ठिठोली और हँसी कर रहा था, तो फुन्नन मियाँ ने उठकर, एक ऐसा तमाचा मारा, कि उस्ताद जी के बायें की गमक दब गई",1,8.382,1,,hindi_female_009233.wav,l a ou q dx a aa <wb> txh a i txh a o l a ii <wb> ou r a <wb> h a mq s a ii <wb> k a r a <wb> r a h a aa <wb> th a aa <wb> t a o <wb> ph a u n a n a n a <wb> m a i y a aa mq <wb> n a ee <wb> u txh a k a r a <wb> ee k a <wb> ei s a aa <wb> t a m a aa c a aa <wb> m a aa r a aa <wb> k a i <wb> u s a t a aa d a <wb> j a ii <wb> k a ee <wb> b a aa y a ee q <wb> k a ii <wb> g a m a k a <wb> d a b a <wb> g a ii,C21 C0 C27 C23 C9 C0 C1 <wb> C35 C0 C16 C35 C0 C26 C21 C0 C16 <wb> C27 C29 C0 <wb> C15 C0 C23 C30 C0 C16 <wb> C19 C0 C29 C0 <wb> C29 C0 C15 C0 C1 <wb> C33 C0 C1 <wb> C32 C0 C26 <wb> C12 C0 C36 C24 C0 C24 C0 C24 C0 <wb> C22 C0 C16 C38 C0 C1 C23 <wb> C24 C0 C11 <wb> C36 C35 C0 C19 C0 C29 C0 <wb> C11 C19 C0 <wb> C2 C30 C0 C1 <wb> C32 C0 C22 C0 C1 C5 C0 C1 <wb> C22 C0 C1 C29 C0 C1 <wb> C19 C0 C16 <wb> C36 C30 C0 C32 C0 C1 C7 C0 <wb> C17 C0 C16 <wb> C19 C0 C11 <wb> C3 C0 C1 C38 C0 C11 C23 <wb> C19 C0 C16 <wb> C13 C0 C22 C0 C19 C0 <wb> C7 C0 C3 C0 <wb> C13 C0 C16,train
9235,"तब फुन्नन मियाँ, शांति से कहते हैं, वह गालिब की गज़ल गा रही थी",1,5.284,0,not_selected_by_random,,,,
9236,"इसके बाद, खान साहब को, लाख समझाया जाता है, कि फुन्नन मियाँ का थप्पड, उस लौंडे के मुँह पर नहीं पडा था",1,7.059,1,,hindi_female_009236.wav,i s a k a ee <wb> b a aa d a <wb> kh a aa n a <wb> s a aa h a b a <wb> k a o <wb> l a aa kh a <wb> s a m a jh a aa y a aa <wb> j a aa t a aa <wb> h a ei <wb> k a i <wb> ph a u n a n a n a <wb> m a i y a aa mq <wb> k a aa <wb> th a p a p a dx a <wb> u s a <wb> l a ou q dx a ee <wb> k a ee <wb> m a u mq h a <wb> p a r a <wb> n a h a ii q <wb> p a dx a aa <wb> th a aa,C16 C30 C0 C19 C0 C11 <wb> C3 C0 C1 C7 C0 <wb> C20 C0 C1 C24 C0 <wb> C30 C0 C1 C15 C0 C3 C0 <wb> C19 C0 C26 <wb> C21 C0 C1 C20 C0 <wb> C30 C0 C22 C0 C18 C0 C1 C38 C0 C1 <wb> C17 C0 C1 C32 C0 C1 <wb> C15 C0 C2 <wb> C19 C0 C16 <wb> C12 C0 C36 C24 C0 C24 C0 C24 C0 <wb> C22 C0 C16 C38 C0 C1 C23 <wb> C19 C0 C1 <wb> C33 C0 C28 C0 C28 C0 C9 C0 <wb> C36 C30 C0 <wb> C21 C0 C27 C23 C9 C0 C11 <wb> C19 C0 C11 <wb> C22 C0 C36 C23 C15 C0 <wb> C28 C0 C29 C0 <wb> C24 C0 C15 C0 C16 C23 <wb> C28 C0 C9 C0 C1 <wb> C33 C0 C1,train
9238,"वह कोई काम नहीं करता था, और आराम से था",1,3.088,1,,hindi_female_009238.wav,w a h a <wb> k a o ii <wb> k a aa m a <wb> n a h a ii q <wb> k a r a t a aa <wb> th a aa <wb> ou r a <wb> aa r a aa m a <wb> s a ee <wb> th a aa,C37 C0 C15 C0 <wb> C19 C0 C26 C16 <wb> C19 C0 C1 C22 C0 <wb> C24 C0 C15 C0 C16 C23 <wb> C19 C0 C29 C0 C32 C0 C1 <wb> C33 C0 C1 <wb> C27 C29 C0 <wb> C1 C29 C0 C1 C22 C0 <wb> C30 C0 C11 <wb> C33 C0 C1,train
9239,"पहले, वह दिन रात काम किया करता था, और बेआराम था",1,4.063,1,,hindi_female_009239.wav,p a h a l a ee <wb> w a h a <wb> d a i n a <wb> r a aa t a <wb> k a aa m a <wb> k a i y a aa <wb> k a r a t a aa <wb> th a aa <wb> ou r a <wb> b a ee aa r a aa m a <wb> th a aa,C28 C0 C15 C0 C21 C0 C11 <wb> C37 C0 C15 C0 <wb> C7 C0 C16 C24 C0 <wb> C29 C0 C1 C32 C0 <wb> C19 C0 C1 C22 C0 <wb> C19 C0 C16 C38 C0 C1 <wb> C19 C0 C29 C0 C32 C0 C1 <wb> C33 C0 C1 <wb> C27 C29 C0 <wb> C3 C0 C11 C1 C29 C0 C1 C22 C0 <wb> C33 C0 C1,train
9242,"वहाँ जब, राष्ट्रवादी आन्दोलन की लहर आई, तो लोग, आज़ादी के ख़याल से नहीं, अपने अपने, और बहुत वाजिब कारणों से उससे जुड़े",1,10.033,0,not_selected_by_random,,,,
9243,"भारत छोडो आन्दोलन के आसपास भीड़, थाने को घेर लेती है",1,4.505,1,,hindi_female_009243.wav,bh a aa r a t a <wb> ch a o dx a o <wb> aa n a d a o l a n a <wb> k a ee <wb> aa s a p a aa s a <wb> bh a ii dxq a <wb> th a aa n a ee <wb> k a o <wb> gh a ee r a <wb> l a ee t a ii <wb> h a ei,C4 C0 C1 C29 C0 C32 C0 <wb> C6 C0 C26 C9 C0 C26 <wb> C1 C24 C0 C7 C0 C26 C21 C0 C24 C0 <wb> C19 C0 C11 <wb> C1 C30 C0 C28 C0 C1 C30 C0 <wb> C4 C0 C16 C9 C0 <wb> C33 C0 C1 C24 C0 C11 <wb> C19 C0 C26 <wb> C14 C0 C11 C29 C0 <wb> C21 C0 C11 C32 C0 C16 <wb> C15 C0 C2,train
9244,"इस मज़मे में, ऐसे लोग कम थे, जिन्हें, हिन्दुस्तान छोड़ दो के नारे की खबर रही हो",1,6.327,0,not_selected_by_random,,,,
9246,"गोदान, छत्तीस में आया था, लेकिन, चूंकि रायसाहब, कांग्रेस की मेम्बरी में, जेल भी हो आए थे",1,7.036,1,,hindi_female_009246.wav,g a o d a aa n a <wb> ch a t a t a ii s a <wb> m a ee q <wb> aa y a aa <wb> th a aa <wb> l a ee k a i n a <wb> c a uu q k a i <wb> r a aa y a s a aa h a b a <wb> k a aa q g a r a ee s a <wb> k a ii <wb> m a ee m a b a r a ii <wb> m a ee q <wb> j a ee l a <wb> bh a ii <wb> h a o <wb> aa ee <wb> th a ee,C13 C0 C26 C7 C0 C1 C24 C0 <wb> C6 C0 C32 C0 C32 C0 C16 C30 C0 <wb> C22 C0 C11 C23 <wb> C1 C38 C0 C1 <wb> C33 C0 C1 <wb> C21 C0 C11 C19 C0 C16 C24 C0 <wb> C5 C0 C36 C23 C19 C0 C16 <wb> C29 C0 C1 C38 C0 C30 C0 C1 C15 C0 C3 C0 <wb> C19 C0 C1 C23 C13 C0 C29 C0 C11 C30 C0 <wb> C19 C0 C16 <wb> C22 C0 C11 C22 C0 C3 C0 C29 C0 C16 <wb> C22 C0 C11 C23 <wb> C17 C0 C11 C21 C0 <wb> C4 C0 C16 <wb> C15 C0 C26 <wb> C1 C11 <wb> C33 C0 C11,train
9247,"इसलिए, सैंतालीस के बाद भी, उनकी रियासत, बदले रूप में चलती रही होगी, ऐसा हम मान सकतें हैं",1,7.129,1,,hindi_female_009247.wav,i s a l a i ee <wb> s a ei q t a aa l a ii s a <wb> k a ee <wb> b a aa d a <wb> bh a ii <wb> u n a k a ii <wb> r a i y a aa s a t a <wb> b a d a l a ee <wb> r a uu p a <wb> m a ee q <wb> c a l a t a ii <wb> r a h a ii <wb> h a o g a ii <wb> ei s a aa <wb> h a m a <wb> m a aa n a <wb> s a k a t a ee q <wb> h a ei q,C16 C30 C0 C21 C0 C16 C11 <wb> C30 C0 C2 C23 C32 C0 C1 C21 C0 C16 C30 C0 <wb> C19 C0 C11 <wb> C3 C0 C1 C7 C0 <wb> C4 C0 C16 <wb> C36 C24 C0 C19 C0 C16 <wb> C29 C0 C16 C38 C0 C1 C30 C0 C32 C0 <wb> C3 C0 C7 C0 C21 C0 C11 <wb> C29 C0 C36 C28 C0 <wb> C22 C0 C11 C23 <wb> C5 C0 C21 C0 C32 C0 C16 <wb> C29 C0 C15 C0 C16 <wb> C15 C0 C26 C13 C0 C16 <wb> C2 C30 C0 C1 <wb> C15 C0 C22 C0 <wb> C22 C0 C1 C24 C0 <wb> C30 C0 C19 C0 C32 C0 C11 C23 <wb> C15 C0 C2 C23,train
9248,"फुन्नन मियाँ, इसे झेल नहीं पाते, और बीच तकरीर में, खड़े हो जाते हैं",1,5.204,0,not_selected_by_random,,,,
9249,"उनकी वह गूँजती आवाज़, इस उपन्यास से बाहर निकलकर आती है",1,5.061,0,not_selected_by_random,,,,
9251,"गुलज़ार की स्मृति दंश की यह कविताएँ, दरअसल, उनकी भाषा में, भरोसा करने की वजह से ही, लिखी गयी हैं",1,7.848,1,,hindi_female_009251.wav,g a u l a z a aa r a <wb> k a ii <wb> s a m a rq t a i <wb> d a q sh a <wb> k a ii <wb> y a h a <wb> k a w a i t a aa ee mq <wb> d a r a a s a l a <wb> u n a k a ii <wb> bh a aa sx a aa <wb> m a ee q <wb> bh a r a o s a aa <wb> k a r a n a ee <wb> k a ii <wb> w a j a h a <wb> s a ee <wb> h a ii <wb> l a i kh a ii <wb> g a y a ii <wb> h a ei q,C13 C0 C36 C21 C0 C17 C0 C1 C29 C0 <wb> C19 C0 C16 <wb> C30 C0 C22 C0 C29 C32 C0 C16 <wb> C7 C0 C23 C31 C0 <wb> C19 C0 C16 <wb> C38 C0 C15 C0 <wb> C19 C0 C37 C0 C16 C32 C0 C1 C11 C23 <wb> C7 C0 C29 C0 C0 C30 C0 C21 C0 <wb> C36 C24 C0 C19 C0 C16 <wb> C4 C0 C1 C31 C0 C1 <wb> C22 C0 C11 C23 <wb> C4 C0 C29 C0 C26 C30 C0 C1 <wb> C19 C0 C29 C0 C24 C0 C11 <wb> C19 C0 C16 <wb> C37 C0 C17 C0 C15 C0 <wb> C30 C0 C11 <wb> C15 C0 C16 <wb> C21 C0 C16 C20 C0 C16 <wb> C13 C0 C38 C0 C16 <wb> C15 C0 C2 C23,train
9252,"वे चाहते तो, आसानी से, ढेरों कविताओं को, किसी फ़िल्म की पटकथा की शक्ल देकर, चित्रित कर सकते थे",1,7.685,0,not_selected_by_random,,,,
9253,"इस बात से, गुलज़ार का कहानीकार भी, गहराई से भीगा हुआ है",1,4.481,1,,hindi_female_009253.wav,i s a <wb> b a aa t a <wb> s a ee <wb> g a u l a z a aa r a <wb> k a aa <wb> k a h a aa n a ii k a aa r a <wb> bh a ii <wb> g a h a r a aa ii <wb> s a ee <wb> bh a ii g a aa <wb> h a u aa <wb> h a ei,C16 C30 C0 <wb> C3 C0 C1 C32 C0 <wb> C30 C0 C11 <wb> C13 C0 C36 C21 C0 C17 C0 C1 C29 C0 <wb> C19 C0 C1 <wb> C19 C0 C15 C0 C1 C24 C0 C16 C19 C0 C1 C29 C0 <wb> C4 C0 C16 <wb> C13 C0 C15 C0 C29 C0 C1 C16 <wb> C30 C0 C11 <wb> C4 C0 C16 C13 C0 C1 <wb> C15 C0 C36 C1 <wb> C15 C0 C2,train
9254,"उनकी गज़लें भी, इस बात से, अछूती नहीं हैं",1,2.972,1,,hindi_female_009254.wav,u n a k a ii <wb> g a z a l a ee q <wb> bh a ii <wb> i s a <wb> b a aa t a <wb> s a ee <wb> a ch a uu t a ii <wb> n a h a ii q <wb> h a ei q,C36 C24 C0 C19 C0 C16 <wb> C13 C0 C17 C0 C21 C0 C11 C23 <wb> C4 C0 C16 <wb> C16 C30 C0 <wb> C3 C0 C1 C32 C0 <wb> C30 C0 C11 <wb> C0 C6 C0 C36 C32 C0 C16 <wb> C24 C0 C15 C0 C16 C23 <wb> C15 C0 C2 C23,train
9255,"कुछ गज़लों की पंक्तियाँ, इसी सन्दर्भ में, ध्यान देने योग्य हैं",1,4.272,1,,hindi_female_009255.wav,k a u ch a <wb> g a z a l a o q <wb> k a ii <wb> p a q k a t a i y a aa mq <wb> i s a ii <wb> s a n a d a r a bh a <wb> m a ee q <wb> dh a y a aa n a <wb> d a ee n a ee <wb> y a o g a y a <wb> h a ei q,C19 C0 C36 C6 C0 <wb> C13 C0 C17 C0 C21 C0 C26 C23 <wb> C19 C0 C16 <wb> C28 C0 C23 C19 C0 C32 C0 C16 C38 C0 C1 C23 <wb> C16 C30 C0 C16 <wb> C30 C0 C24 C0 C7 C0 C29 C0 C4 C0 <wb> C22 C0 C11 C23 <wb> C8 C0 C38 C0 C1 C24 C0 <wb> C7 C0 C11 C24 C0 C11 <wb> C38 C0 C26 C13 C0 C38 C0 <wb> C15 C0 C2 C23,train
9256,"वे अपने आरम्भिक जीवन की, नितान्त सहज, और आत्मीय चीज़ों को, शायरी के परिवार का सदस्य बनाते हैं",1,8.127,1,,hindi_female_009256.wav,w a ee <wb> a p a n a ee <wb> aa r a m a bh a i k a <wb> j a ii w a n a <wb> k a ii <wb> n a i t a aa n a t a <wb> s a h a j a <wb> ou r a <wb> aa t a m a ii y a <wb> c a ii z a o q <wb> k a o <wb> sh a aa y a r a ii <wb> k a ee <wb> p a r a i w a aa r a <wb> k a aa <wb> s a d a s a y a <wb> b a n a aa t a ee <wb> h a ei q,C37 C0 C11 <wb> C0 C28 C0 C24 C0 C11 <wb> C1 C29 C0 C22 C0 C4 C0 C16 C19 C0 <wb> C17 C0 C16 C37 C0 C24 C0 <wb> C19 C0 C16 <wb> C24 C0 C16 C32 C0 C1 C24 C0 C32 C0 <wb> C30 C0 C15 C0 C17 C0 <wb> C27 C29 C0 <wb> C1 C32 C0 C22 C0 C16 C38 C0 <wb> C5 C0 C16 C17 C0 C26 C23 <wb> C19 C0 C26 <wb> C31 C0 C1 C38 C0 C29 C0 C16 <wb> C19 C0 C11 <wb> C28 C0 C29 C0 C16 C37 C0 C1 C29 C0 <wb> C19 C0 C1 <wb> C30 C0 C7 C0 C30 C0 C38 C0 <wb> C3 C0 C24 C0 C1 C32 C0 C11 <wb> C15 C0 C2 C23,train
9261,"एक हद तक, हम यह आसानी से कह सकते हैं कि, निहायत साधारण जीवन जीने वाले समाज की चौखट पर जाकर, गुलज़ार की कविता, अपना शिखर पाती है",1,10.612,1,,hindi_female_009261.wav,ee k a <wb> h a d a <wb> t a k a <wb> h a m a <wb> y a h a <wb> aa s a aa n a ii <wb> s a ee <wb> k a h a <wb> s a k a t a ee <wb> h a ei q <wb> k a i <wb> n a i h a aa y a t a <wb> s a aa dh a aa r a nx a <wb> j a ii w a n a <wb> j a ii n a ee <wb> w a aa l a ee <wb> s a m a aa j a <wb> k a ii <wb> c a ou kh a tx a <wb> p a r a <wb> j a aa k a r a <wb> g a u l a z a aa r a <wb> k a ii <wb> k a w a i t a aa <wb> a p a n a aa <wb> sh a i kh a r a <wb> p a aa t a ii <wb> h a ei,C11 C19 C0 <wb> C15 C0 C7 C0 <wb> C32 C0 C19 C0 <wb> C15 C0 C22 C0 <wb> C38 C0 C15 C0 <wb> C1 C30 C0 C1 C24 C0 C16 <wb> C30 C0 C11 <wb> C19 C0 C15 C0 <wb> C30 C0 C19 C0 C32 C0 C11 <wb> C15 C0 C2 C23 <wb> C19 C0 C16 <wb> C24 C0 C16 C15 C0 C1 C38 C0 C32 C0 <wb> C30 C0 C1 C8 C0 C1 C29 C0 C25 C0 <wb> C17 C0 C16 C37 C0 C24 C0 <wb> C17 C0 C16 C24 C0 C11 <wb> C37 C0 C1 C21 C0 C11 <wb> C30 C0 C22 C0 C1 C17 C0 <wb> C19 C0 C16 <wb> C5 C0 C27 C20 C0 C34 C0 <wb> C28 C0 C29 C0 <wb> C17 C0 C1 C19 C0 C29 C0 <wb> C13 C0 C36 C21 C0 C17 C0 C1 C29 C0 <wb> C19 C0 C16 <wb> C19 C0 C37 C0 C16 C32 C0 C1 <wb> C0 C28 C0 C24 C0 C1 <wb> C31 C0 C16 C20 C0 C29 C0 <wb> C28 C0 C1 C32 C0 C16 <wb> C15 C0 C2,train
9262,"यह अपनत्व, और उत्कर्ष, गुलज़ार की पूरी ज़िदगी, और उनके अनेक अन्य कार्यों में, आसानी से, लक्षित हो जा सकती है",1,9.195,1,,hindi_female_009262.wav,y a h a <wb> a p a n a t a w a <wb> ou r a <wb> u t a k a r a sx a <wb> g a u l a z a aa r a <wb> k a ii <wb> p a uu r a ii <wb> z a i d a g a ii <wb> ou r a <wb> u n a k a ee <wb> a n a ee k a <wb> a n a y a <wb> k a aa r a y a o q <wb> m a ee q <wb> aa s a aa n a ii <wb> s a ee <wb> l a k a sx a i t a <wb> h a o <wb> j a aa <wb> s a k a t a ii <wb> h a ei,C38 C0 C15 C0 <wb> C0 C28 C0 C24 C0 C32 C0 C37 C0 <wb> C27 C29 C0 <wb> C36 C32 C0 C19 C0 C29 C0 C31 C0 <wb> C13 C0 C36 C21 C0 C17 C0 C1 C29 C0 <wb> C19 C0 C16 <wb> C28 C0 C36 C29 C0 C16 <wb> C17 C0 C16 C7 C0 C13 C0 C16 <wb> C27 C29 C0 <wb> C36 C24 C0 C19 C0 C11 <wb> C0 C24 C0 C11 C19 C0 <wb> C0 C24 C0 C38 C0 <wb> C19 C0 C1 C29 C0 C38 C0 C26 C23 <wb> C22 C0 C11 C23 <wb> C1 C30 C0 C1 C24 C0 C16 <wb> C30 C0 C11 <wb> C21 C0 C19 C0 C31 C0 C16 C32 C0 <wb> C15 C0 C26 <wb> C17 C0 C1 <wb> C30 C0 C19 C0 C32 C0 C16 <wb> C15 C0 C2,train
9265,"कभी ये नज़्में, सूफ़ी कवियों की बिरादरी में, बैठे हुए, उदासी का रंग ढूँढती हैं",1,5.712,1,,hindi_female_009265.wav,k a bh a ii <wb> y a ee <wb> n a z a m a ee q <wb> s a uu f a ii <wb> k a w a i y a o q <wb> k a ii <wb> b a i r a aa d a r a ii <wb> m a ee q <wb> b a ei txh a ee <wb> h a u ee <wb> u d a aa s a ii <wb> k a aa <wb> r a q g a <wb> dxh a uu mq dxh a t a ii <wb> h a ei q,C19 C0 C4 C0 C16 <wb> C38 C0 C11 <wb> C24 C0 C17 C0 C22 C0 C11 C23 <wb> C30 C0 C36 C12 C0 C16 <wb> C19 C0 C37 C0 C16 C38 C0 C26 C23 <wb> C19 C0 C16 <wb> C3 C0 C16 C29 C0 C1 C7 C0 C29 C0 C16 <wb> C22 C0 C11 C23 <wb> C3 C0 C2 C35 C0 C11 <wb> C15 C0 C36 C11 <wb> C36 C7 C0 C1 C30 C0 C16 <wb> C19 C0 C1 <wb> C29 C0 C23 C13 C0 <wb> C10 C0 C36 C23 C10 C0 C32 C0 C16 <wb> C15 C0 C2 C23,test
9266,"गुलज़ार की कविता की कई परतें हैं, और उन परतों के बीच में, जीवन, और उसकी विसंगतियों की अनगिनत रंगते हैं",1,7.941,1,,hindi_female_009266.wav,g a u l a z a aa r a <wb> k a ii <wb> k a w a i t a aa <wb> k a ii <wb> k a ii <wb> p a r a t a ee q <wb> h a ei q <wb> ou r a <wb> u n a <wb> p a r a t a o q <wb> k a ee <wb> b a ii c a <wb> m a ee q <wb> j a ii w a n a <wb> ou r a <wb> u s a k a ii <wb> w a i s a q g a t a i y a o q <wb> k a ii <wb> a n a g a i n a t a <wb> r a q g a t a ee <wb> h a ei q,C13 C0 C36 C21 C0 C17 C0 C1 C29 C0 <wb> C19 C0 C16 <wb> C19 C0 C37 C0 C16 C32 C0 C1 <wb> C19 C0 C16 <wb> C19 C0 C16 <wb> C28 C0 C29 C0 C32 C0 C11 C23 <wb> C15 C0 C2 C23 <wb> C27 C29 C0 <wb> C36 C24 C0 <wb> C28 C0 C29 C0 C32 C0 C26 C23 <wb> C19 C0 C11 <wb> C3 C0 C16 C5 C0 <wb> C22 C0 C11 C23 <wb> C17 C0 C16 C37 C0 C24 C0 <wb> C27 C29 C0 <wb> C36 C30 C0 C19 C0 C16 <wb> C37 C0 C16 C30 C0 C23 C13 C0 C32 C0 C16 C38 C0 C26 C23 <wb> C19 C0 C16 <wb> C0 C24 C0 C13 C0 C16 C24 C0 C32 C0 <wb> C29 C0 C23 C13 C0 C32 C0 C11 <wb> C15 C0 C2 C23,train
9267,"हम इन नज़्मों की परतों को, एक एक कर, अलग करते चलते हैं",1,4.528,1,,hindi_female_009267.wav,h a m a <wb> i n a <wb> n a z a m a o q <wb> k a ii <wb> p a r a t a o q <wb> k a o <wb> ee k a <wb> ee k a <wb> k a r a <wb> a l a g a <wb> k a r a t a ee <wb> c a l a t a ee <wb> h a ei q,C15 C0 C22 C0 <wb> C16 C24 C0 <wb> C24 C0 C17 C0 C22 C0 C26 C23 <wb> C19 C0 C16 <wb> C28 C0 C29 C0 C32 C0 C26 C23 <wb> C19 C0 C26 <wb> C11 C19 C0 <wb> C11 C19 C0 <wb> C19 C0 C29 C0 <wb> C0 C21 C0 C13 C0 <wb> C19 C0 C29 C0 C32 C0 C11 <wb> C5 C0 C21 C0 C32 C0 C11 <wb> C15 C0 C2 C23,test
9268,"इस शायर का अपना फ़ल सफ़ा, पूरी रूमानियत, और जज़्बात के साथ खिलता जाता है",1,5.689,1,,hindi_female_009268.wav,i s a <wb> sh a aa y a r a <wb> k a aa <wb> a p a n a aa <wb> f a l a <wb> s a f a aa <wb> p a uu r a ii <wb> r a uu m a aa n a i y a t a <wb> ou r a <wb> j a z a b a aa t a <wb> k a ee <wb> s a aa th a <wb> kh a i l a t a aa <wb> j a aa t a aa <wb> h a ei,C16 C30 C0 <wb> C31 C0 C1 C38 C0 C29 C0 <wb> C19 C0 C1 <wb> C0 C28 C0 C24 C0 C1 <wb> C12 C0 C21 C0 <wb> C30 C0 C12 C0 C1 <wb> C28 C0 C36 C29 C0 C16 <wb> C29 C0 C36 C22 C0 C1 C24 C0 C16 C38 C0 C32 C0 <wb> C27 C29 C0 <wb> C17 C0 C17 C0 C3 C0 C1 C32 C0 <wb> C19 C0 C11 <wb> C30 C0 C1 C33 C0 <wb> C20 C0 C16 C21 C0 C32 C0 C1 <wb> C17 C0 C1 C32 C0 C1 <wb> C15 C0 C2,train
9269,"अनगिनत नज़्मों, कविताओं, और ग़ज़लों की दुनिया है, गुलज़ार के यहाँ, जो अपना सूफ़ियाना रंग लिये हुए, शायर का जीवन दर्शन, व्यक्त करती हैं",1,11.193,0,not_selected_by_random,,,,
9270,"इस अभिव्यक्ति में जहाँ, एक ओर हमें, कवि के अन्तर्मन की महीन बुनावट की जानकारी मिलती है",1,6.385,1,,hindi_female_009270.wav,i s a <wb> a bh a i w a y a k a t a i <wb> m a ee q <wb> j a h a aa mq <wb> ee k a <wb> o r a <wb> h a m a ee q <wb> k a w a i <wb> k a ee <wb> a n a t a r a m a n a <wb> k a ii <wb> m a h a ii n a <wb> b a u n a aa w a tx a <wb> k a ii <wb> j a aa n a k a aa r a ii <wb> m a i l a t a ii <wb> h a ei,C16 C30 C0 <wb> C0 C4 C0 C16 C37 C0 C38 C0 C19 C0 C32 C0 C16 <wb> C22 C0 C11 C23 <wb> C17 C0 C15 C0 C1 C23 <wb> C11 C19 C0 <wb> C26 C29 C0 <wb> C15 C0 C22 C0 C11 C23 <wb> C19 C0 C37 C0 C16 <wb> C19 C0 C11 <wb> C0 C24 C0 C32 C0 C29 C0 C22 C0 C24 C0 <wb> C19 C0 C16 <wb> C22 C0 C15 C0 C16 C24 C0 <wb> C3 C0 C36 C24 C0 C1 C37 C0 C34 C0 <wb> C19 C0 C16 <wb> C17 C0 C1 C24 C0 C19 C0 C1 C29 C0 C16 <wb> C22 C0 C16 C21 C0 C32 C0 C16 <wb> C15 C0 C2,train
9275,"यह अकारण नहीं है, कि गुलज़ार के लिखे, फ़िल्म गीत भी, इसी कारण, अपना संवेदात्मक उत्कर्ष, गहरी मार्मिकता में पाते हैं",1,9.405,0,not_selected_by_random,,,,
9276,"एक दो गीतों के उदाहरण से, यह मार्मिकता, समझी जा सकती है",1,4.18,1,,hindi_female_009276.wav,ee k a <wb> d a o <wb> g a ii t a o q <wb> k a ee <wb> u d a aa h a r a nx a <wb> s a ee <wb> y a h a <wb> m a aa r a m a i k a t a aa <wb> s a m a jh a ii <wb> j a aa <wb> s a k a t a ii <wb> h a ei,C11 C19 C0 <wb> C7 C0 C26 <wb> C13 C0 C16 C32 C0 C26 C23 <wb> C19 C0 C11 <wb> C36 C7 C0 C1 C15 C0 C29 C0 C25 C0 <wb> C30 C0 C11 <wb> C38 C0 C15 C0 <wb> C22 C0 C1 C29 C0 C22 C0 C16 C19 C0 C32 C0 C1 <wb> C30 C0 C22 C0 C18 C0 C16 <wb> C17 C0 C1 <wb> C30 C0 C19 C0 C32 C0 C16 <wb> C15 C0 C2,train
9278,वह चाँद की उपस्थिति है,1,2.067,1,,hindi_female_009278.wav,w a h a <wb> c a aa mq d a <wb> k a ii <wb> u p a s a th a i t a i <wb> h a ei,C37 C0 C15 C0 <wb> C5 C0 C1 C23 C7 C0 <wb> C19 C0 C16 <wb> C36 C28 C0 C30 C0 C33 C0 C16 C32 C0 C16 <wb> C15 C0 C2,train
9279,"वह अकेले में ही कभी, पूरा का पूरा दृश्य बनता है, या किसी नज़्म में, अपने प्रवेश के साथ, सारी दृश्यावली को, एक विशिष्ट किस्म का, गुलज़ारटैप बना देता है",1,12.497,0,not_selected_by_random,,,,
9282,"हालाँकि, यह गुलज़ार ही हैं, जिनके यहाँ, सर्वाधिक प्राकृतिक प्रतीकों की, भरमार रही है",1,6.928,0,not_selected_by_random,,,,
9285,"आप उनकी ग़ज़लें लें, या कोई कविता, किसी गीत को टटोलें, या त्रिवेणियों की छोटी छोटी सार्थक उपस्थितियाँ, सभी जगह, चन्द्रमा पर आस्था, गहरायी ही है",1,10.983,1,,hindi_female_009285.wav,aa p a <wb> u n a k a ii <wb> gq a z a l a ee q <wb> l a ee q <wb> y a aa <wb> k a o ii <wb> k a w a i t a aa <wb> k a i s a ii <wb> g a ii t a <wb> k a o <wb> tx a tx a o l a ee q <wb> y a aa <wb> t a r a i w a ee nx a i y a o q <wb> k a ii <wb> ch a o tx a ii <wb> ch a o tx a ii <wb> s a aa r a th a k a <wb> u p a s a th a i t a i y a aa mq <wb> s a bh a ii <wb> j a g a h a <wb> c a n a d a r a m a aa <wb> p a r a <wb> aa s a th a aa <wb> g a h a r a aa y a ii <wb> h a ii <wb> h a ei,C1 C28 C0 <wb> C36 C24 C0 C19 C0 C16 <wb> C13 C0 C17 C0 C21 C0 C11 C23 <wb> C21 C0 C11 C23 <wb> C38 C0 C1 <wb> C19 C0 C26 C16 <wb> C19 C0 C37 C0 C16 C32 C0 C1 <wb> C19 C0 C16 C30 C0 C16 <wb> C13 C0 C16 C32 C0 <wb> C19 C0 C26 <wb> C34 C0 C34 C0 C26 C21 C0 C11 C23 <wb> C38 C0 C1 <wb> C32 C0 C29 C0 C16 C37 C0 C11 C25 C0 C16 C38 C0 C26 C23 <wb> C19 C0 C16 <wb> C6 C0 C26 C34 C0 C16 <wb> C6 C0 C26 C34 C0 C16 <wb> C30 C0 C1 C29 C0 C33 C0 C19 C0 <wb> C36 C28 C0 C30 C0 C33 C0 C16 C32 C0 C16 C38 C0 C1 C23 <wb> C30 C0 C4 C0 C16 <wb> C17 C0 C13 C0 C15 C0 <wb> C5 C0 C24 C0 C7 C0 C29 C0 C22 C0 C1 <wb> C28 C0 C29 C0 <wb> C1 C30 C0 C33 C0 C1 <wb> C13 C0 C15 C0 C29 C0 C1 C38 C0 C16 <wb> C15 C0 C16 <wb> C15 C0 C2,train
9286,"गुलज़ार का, बुखार की हद तक पहुँचा हुआ, यह चाँद प्रेम, उनके फ़िल्मी गीतों में भी, कुछ बहुत नये ढंग के दृश्य ले आया है",1,8.8,1,,hindi_female_009286.wav,g a u l a z a aa r a <wb> k a aa <wb> b a u kh a aa r a <wb> k a ii <wb> h a d a <wb> t a k a <wb> p a h a u mq c a aa <wb> h a u aa <wb> y a h a <wb> c a aa mq d a <wb> p a r a ee m a <wb> u n a k a ee <wb> f a i l a m a ii <wb> g a ii t a o q <wb> m a ee q <wb> bh a ii <wb> k a u ch a <wb> b a h a u t a <wb> n a y a ee <wb> dxh a q g a <wb> k a ee <wb> d a rq sh a y a <wb> l a ee <wb> aa y a aa <wb> h a ei,C13 C0 C36 C21 C0 C17 C0 C1 C29 C0 <wb> C19 C0 C1 <wb> C3 C0 C36 C20 C0 C1 C29 C0 <wb> C19 C0 C16 <wb> C15 C0 C7 C0 <wb> C32 C0 C19 C0 <wb> C28 C0 C15 C0 C36 C23 C5 C0 C1 <wb> C15 C0 C36 C1 <wb> C38 C0 C15 C0 <wb> C5 C0 C1 C23 C7 C0 <wb> C28 C0 C29 C0 C11 C22 C0 <wb> C36 C24 C0 C19 C0 C11 <wb> C12 C0 C16 C21 C0 C22 C0 C16 <wb> C13 C0 C16 C32 C0 C26 C23 <wb> C22 C0 C11 C23 <wb> C4 C0 C16 <wb> C19 C0 C36 C6 C0 <wb> C3 C0 C15 C0 C36 C32 C0 <wb> C24 C0 C38 C0 C11 <wb> C10 C0 C23 C13 C0 <wb> C19 C0 C11 <wb> C7 C0 C29 C31 C0 C38 C0 <wb> C21 C0 C11 <wb> C1 C38 C0 C1 <wb> C15 C0 C2,train
9287,"जैसे, बिम्ब और प्रतीकों, खासकर, प्राकृतिक रूपकों से सादृश्य रचने में, महारत पाये हुए गुलज़ार के यहाँ, एक अजीब बात",1,10.194,1,,hindi_female_009287.wav,j a ei s a ee <wb> b a i m a b a <wb> ou r a <wb> p a r a t a ii k a o q <wb> kh a aa s a k a r a <wb> p a r a aa k a rq t a i k a <wb> r a uu p a k a o q <wb> s a ee <wb> s a aa d a rq sh a y a <wb> r a c a n a ee <wb> m a ee q <wb> m a h a aa r a t a <wb> p a aa y a ee <wb> h a u ee <wb> g a u l a z a aa r a <wb> k a ee <wb> y a h a aa mq <wb> ee k a <wb> a j a ii b a <wb> b a aa t a,C17 C0 C2 C30 C0 C11 <wb> C3 C0 C16 C22 C0 C3 C0 <wb> C27 C29 C0 <wb> C28 C0 C29 C0 C32 C0 C16 C19 C0 C26 C23 <wb> C20 C0 C1 C30 C0 C19 C0 C29 C0 <wb> C28 C0 C29 C0 C1 C19 C0 C29 C32 C0 C16 C19 C0 <wb> C29 C0 C36 C28 C0 C19 C0 C26 C23 <wb> C30 C0 C11 <wb> C30 C0 C1 C7 C0 C29 C31 C0 C38 C0 <wb> C29 C0 C5 C0 C24 C0 C11 <wb> C22 C0 C11 C23 <wb> C22 C0 C15 C0 C1 C29 C0 C32 C0 <wb> C28 C0 C1 C38 C0 C11 <wb> C15 C0 C36 C11 <wb> C13 C0 C36 C21 C0 C17 C0 C1 C29 C0 <wb> C19 C0 C11 <wb> C38 C0 C15 C0 C1 C23 <wb> C11 C19 C0 <wb> C0 C17 C0 C16 C3 C0 <wb> C3 C0 C1 C32 C0,train
9290,"ज़ाहिर है, उदासी का यह आलम, कविता में ऐश्वर्य, और चकाचौंध रचने की जगह, संवेदना और करुणा से, धार पैदा करता है",1,9.938,1,,hindi_female_009290.wav,z a aa h a i r a <wb> h a ei <wb> u d a aa s a ii <wb> k a aa <wb> y a h a <wb> aa l a m a <wb> k a w a i t a aa <wb> m a ee q <wb> ei sh a w a r a y a <wb> ou r a <wb> c a k a aa c a ou q dh a <wb> r a c a n a ee <wb> k a ii <wb> j a g a h a <wb> s a q w a ee d a n a aa <wb> ou r a <wb> k a r a u nx a aa <wb> s a ee <wb> dh a aa r a <wb> p a ei d a aa <wb> k a r a t a aa <wb> h a ei,C17 C0 C1 C15 C0 C16 C29 C0 <wb> C15 C0 C2 <wb> C36 C7 C0 C1 C30 C0 C16 <wb> C19 C0 C1 <wb> C38 C0 C15 C0 <wb> C1 C21 C0 C22 C0 <wb> C19 C0 C37 C0 C16 C32 C0 C1 <wb> C22 C0 C11 C23 <wb> C2 C31 C0 C37 C0 C29 C0 C38 C0 <wb> C27 C29 C0 <wb> C5 C0 C19 C0 C1 C5 C0 C27 C23 C8 C0 <wb> C29 C0 C5 C0 C24 C0 C11 <wb> C19 C0 C16 <wb> C17 C0 C13 C0 C15 C0 <wb> C30 C0 C23 C37 C0 C11 C7 C0 C24 C0 C1 <wb> C27 C29 C0 <wb> C19 C0 C29 C0 C36 C25 C0 C1 <wb> C30 C0 C11 <wb> C8 C0 C1 C29 C0 <wb> C28 C0 C2 C7 C0 C1 <wb> C19 C0 C29 C0 C32 C0 C1 <wb> C15 C0 C2,train
9291,"गुलज़ार के रचना कर्म में, विशेषकर उनकी कविता, और गज़लों के सन्दर्भ में, प्रेम, बहुत गरिमा के साथ, प्रतिष्ठित हुआ है",1,9.311,1,,hindi_female_009291.wav,g a u l a z a aa r a <wb> k a ee <wb> r a c a n a aa <wb> k a r a m a <wb> m a ee q <wb> w a i sh a ee sx a k a r a <wb> u n a k a ii <wb> k a w a i t a aa <wb> ou r a <wb> g a z a l a o q <wb> k a ee <wb> s a n a d a r a bh a <wb> m a ee q <wb> p a r a ee m a <wb> b a h a u t a <wb> g a r a i m a aa <wb> k a ee <wb> s a aa th a <wb> p a r a t a i sx a txh a i t a <wb> h a u aa <wb> h a ei,C13 C0 C36 C21 C0 C17 C0 C1 C29 C0 <wb> C19 C0 C11 <wb> C29 C0 C5 C0 C24 C0 C1 <wb> C19 C0 C29 C0 C22 C0 <wb> C22 C0 C11 C23 <wb> C37 C0 C16 C31 C0 C11 C31 C0 C19 C0 C29 C0 <wb> C36 C24 C0 C19 C0 C16 <wb> C19 C0 C37 C0 C16 C32 C0 C1 <wb> C27 C29 C0 <wb> C13 C0 C17 C0 C21 C0 C26 C23 <wb> C19 C0 C11 <wb> C30 C0 C24 C0 C7 C0 C29 C0 C4 C0 <wb> C22 C0 C11 C23 <wb> C28 C0 C29 C0 C11 C22 C0 <wb> C3 C0 C15 C0 C36 C32 C0 <wb> C13 C0 C29 C0 C16 C22 C0 C1 <wb> C19 C0 C11 <wb> C30 C0 C1 C33 C0 <wb> C28 C0 C29 C0 C32 C0 C16 C31 C0 C35 C0 C16 C32 C0 <wb> C15 C0 C36 C1 <wb> C15 C0 C2,train
9292,"उनके स्वभाव में जो एक अजीब सा बेगानापन है, संकोच का ठहरा हुआ सा पर्दा है",1,6.456,0,not_selected_by_random,,,,
9294,"फिर बात जब गुलज़ार की हो रही हो, जो स्वयं अपनी अभिव्यक्ति की सहज छायाएँ, बाबा फ़रीद, कुतुब कुलीशाह, शम्स तबरेज़ी, एवं नानक में ढूँढते हों",1,11.749,1,,hindi_female_009294.wav,ph a i r a <wb> b a aa t a <wb> j a b a <wb> g a u l a z a aa r a <wb> k a ii <wb> h a o <wb> r a h a ii <wb> h a o <wb> j a o <wb> s a w a y a q <wb> a p a n a ii <wb> a bh a i w a y a k a t a i <wb> k a ii <wb> s a h a j a <wb> ch a aa y a aa ee mq <wb> b a aa b a aa <wb> f a r a ii d a <wb> k a u t a u b a <wb> k a u l a ii sh a aa h a <wb> sh a m a s a <wb> t a b a r a ee z a ii <wb> ee w a q <wb> n a aa n a k a <wb> m a ee q <wb> dxh a uu mq dxh a t a ee <wb> h a o q,C12 C0 C16 C29 C0 <wb> C3 C0 C1 C32 C0 <wb> C17 C0 C3 C0 <wb> C13 C0 C36 C21 C0 C17 C0 C1 C29 C0 <wb> C19 C0 C16 <wb> C15 C0 C26 <wb> C29 C0 C15 C0 C16 <wb> C15 C0 C26 <wb> C17 C0 C26 <wb> C30 C0 C37 C0 C38 C0 C23 <wb> C0 C28 C0 C24 C0 C16 <wb> C0 C4 C0 C16 C37 C0 C38 C0 C19 C0 C32 C0 C16 <wb> C19 C0 C16 <wb> C30 C0 C15 C0 C17 C0 <wb> C6 C0 C1 C38 C0 C1 C11 C23 <wb> C3 C0 C1 C3 C0 C1 <wb> C12 C0 C29 C0 C16 C7 C0 <wb> C19 C0 C36 C32 C0 C36 C3 C0 <wb> C19 C0 C36 C21 C0 C16 C31 C0 C1 C15 C0 <wb> C31 C0 C22 C0 C30 C0 <wb> C32 C0 C3 C0 C29 C0 C11 C17 C0 C16 <wb> C11 C37 C0 C23 <wb> C24 C0 C1 C24 C0 C19 C0 <wb> C22 C0 C11 C23 <wb> C10 C0 C36 C23 C10 C0 C32 C0 C11 <wb> C15 C0 C26 C23,train
9296,"प्रेम में, उस अनसुनी आवाज़ को, जो बोलना नहीं जानती, गुलज़ार, बखूबी सुन पाये हैं",1,7.377,0,not_selected_by_random,,,,
9299,"गुलज़ार, एक बहुत प्यारे शायर हैं, जो अक्षरों के अन्तराल में बसी हुई, ख़ामोशी की अज़मत को जानते हैं",1,7.972,0,not_selected_by_random,,,,
9300,"एक ऐसी ख़ामोशी, जो अक्षरों को पाकर भी, बोलना नहीं जानती",1,4.643,0,not_selected_by_random,,,,
9301,"इसी ख़ामोशी को, साधने के जतन में, उम्र भर लगे रहे गुलज़ार, शायद इन्हीं वजहों से, प्रेम की स्थापना में, उन अन्धेरे दायरों की ओर भी, चले गये हैं",1,11.593,0,not_selected_by_random,,,,
9303,"वे प्रेम को अपनी कविता में, इतनी पूर्णता बख़्शते हैं, कि उनके लिए फिर यह बात आसान हो जाती है, किस तरह, कायनात और सय्यारों में भटकते हुए, किसी रूह में उतरा जाये",1,12.516,1,,hindi_female_009303.wav,w a ee <wb> p a r a ee m a <wb> k a o <wb> a p a n a ii <wb> k a w a i t a aa <wb> m a ee q <wb> i t a n a ii <wb> p a uu r a nx a t a aa <wb> b a khq a sh a t a ee <wb> h a ei q <wb> k a i <wb> u n a k a ee <wb> l a i ee <wb> ph a i r a <wb> y a h a <wb> b a aa t a <wb> aa s a aa n a <wb> h a o <wb> j a aa t a ii <wb> h a ei <wb> k a i s a <wb> t a r a h a <wb> k a aa y a n a aa t a <wb> ou r a <wb> s a y a y a aa r a o q <wb> m a ee q <wb> bh a tx a k a t a ee <wb> h a u ee <wb> k a i s a ii <wb> r a uu h a <wb> m a ee q <wb> u t a r a aa <wb> j a aa y a ee,C37 C0 C11 <wb> C28 C0 C29 C0 C11 C22 C0 <wb> C19 C0 C26 <wb> C0 C28 C0 C24 C0 C16 <wb> C19 C0 C37 C0 C16 C32 C0 C1 <wb> C22 C0 C11 C23 <wb> C16 C32 C0 C24 C0 C16 <wb> C28 C0 C36 C29 C0 C25 C0 C32 C0 C1 <wb> C3 C0 C20 C0 C31 C0 C32 C0 C11 <wb> C15 C0 C2 C23 <wb> C19 C0 C16 <wb> C36 C24 C0 C19 C0 C11 <wb> C21 C0 C16 C11 <wb> C12 C0 C16 C29 C0 <wb> C38 C0 C15 C0 <wb> C3 C0 C1 C32 C0 <wb> C1 C30 C0 C1 C24 C0 <wb> C15 C0 C26 <wb> C17 C0 C1 C32 C0 C16 <wb> C15 C0 C2 <wb> C19 C0 C16 C30 C0 <wb> C32 C0 C29 C0 C15 C0 <wb> C19 C0 C1 C38 C0 C24 C0 C1 C32 C0 <wb> C27 C29 C0 <wb> C30 C0 C38 C0 C38 C0 C1 C29 C0 C26 C23 <wb> C22 C0 C11 C23 <wb> C4 C0 C34 C0 C19 C0 C32 C0 C11 <wb> C15 C0 C36 C11 <wb> C19 C0 C16 C30 C0 C16 <wb> C29 C0 C36 C15 C0 <wb> C22 C0 C11 C23 <wb> C36 C32 C0 C29 C0 C1 <wb> C17 C0 C1 C38 C0 C11,test
9305,"उन्होंने इतने दशकों में, फैले अपने समृद्ध रचनात्मक जीवन में, ढेरों ऐसे सृजन के क्षण जुटाये हैं",1,7.407,1,,hindi_female_009305.wav,u n a h a o q n a ee <wb> i t a n a ee <wb> d a sh a k a o q <wb> m a ee q <wb> ph a ei l a ee <wb> a p a n a ee <wb> s a m a rq d a dh a <wb> r a c a n a aa t a m a k a <wb> j a ii w a n a <wb> m a ee q <wb> dxh a ee r a o q <wb> ei s a ee <wb> s a rq j a n a <wb> k a ee <wb> k a sx a nx a <wb> j a u tx a aa y a ee <wb> h a ei q,C36 C24 C0 C15 C0 C26 C23 C24 C0 C11 <wb> C16 C32 C0 C24 C0 C11 <wb> C7 C0 C31 C0 C19 C0 C26 C23 <wb> C22 C0 C11 C23 <wb> C12 C0 C2 C21 C0 C11 <wb> C0 C28 C0 C24 C0 C11 <wb> C30 C0 C22 C0 C29 C7 C0 C8 C0 <wb> C29 C0 C5 C0 C24 C0 C1 C32 C0 C22 C0 C19 C0 <wb> C17 C0 C16 C37 C0 C24 C0 <wb> C22 C0 C11 C23 <wb> C10 C0 C11 C29 C0 C26 C23 <wb> C2 C30 C0 C11 <wb> C30 C0 C29 C17 C0 C24 C0 <wb> C19 C0 C11 <wb> C19 C0 C31 C0 C25 C0 <wb> C17 C0 C36 C34 C0 C1 C38 C0 C11 <wb> C15 C0 C2 C23,train
9307,"उन्होंने अपना फ़िल्मी कॅरियर, प्रेम गीत को लिखकर शुरू किया था",1,3.994,1,,hindi_female_009307.wav,u n a h a o q n a ee <wb> a p a n a aa <wb> f a i l a m a ii <wb> k a r a i y a r a <wb> p a r a ee m a <wb> g a ii t a <wb> k a o <wb> l a i kh a k a r a <wb> sh a u r a uu <wb> k a i y a aa <wb> th a aa,C36 C24 C0 C15 C0 C26 C23 C24 C0 C11 <wb> C0 C28 C0 C24 C0 C1 <wb> C12 C0 C16 C21 C0 C22 C0 C16 <wb> C19 C0 C29 C0 C16 C38 C0 C29 C0 <wb> C28 C0 C29 C0 C11 C22 C0 <wb> C13 C0 C16 C32 C0 <wb> C19 C0 C26 <wb> C21 C0 C16 C20 C0 C19 C0 C29 C0 <wb> C31 C0 C36 C29 C0 C36 <wb> C19 C0 C16 C38 C0 C1 <wb> C33 C0 C1,train
9308,"वह, विशुद्ध प्रेम में डूबा हुआ गीत था",1,2.902,1,,hindi_female_009308.wav,w a h a <wb> w a i sh a u d a dh a <wb> p a r a ee m a <wb> m a ee q <wb> dx a uu b a aa <wb> h a u aa <wb> g a ii t a <wb> th a aa,C37 C0 C15 C0 <wb> C37 C0 C16 C31 C0 C36 C7 C0 C8 C0 <wb> C28 C0 C29 C0 C11 C22 C0 <wb> C22 C0 C11 C23 <wb> C9 C0 C36 C3 C0 C1 <wb> C15 C0 C36 C1 <wb> C13 C0 C16 C32 C0 <wb> C33 C0 C1,train
9309,"बन्दिनी का वह प्रसिद्ध गाना, नायिका कल्याणी के झिझक, और उसकी मनोदशा का, मनोहारी चित्रण था, कि कैसे वह अपने प्रेम में भीगी हुई, चाँदनी रात को, घर के आँगन से बाहर पाँव रख देती है",1,14.303,1,,hindi_female_009309.wav,b a n a d a i n a ii <wb> k a aa <wb> w a h a <wb> p a r a s a i d a dh a <wb> g a aa n a aa <wb> n a aa y a i k a aa <wb> k a l a y a aa nx a ii <wb> k a ee <wb> jh a i jh a k a <wb> ou r a <wb> u s a k a ii <wb> m a n a o d a sh a aa <wb> k a aa <wb> m a n a o h a aa r a ii <wb> c a i t a r a nx a <wb> th a aa <wb> k a i <wb> k a ei s a ee <wb> w a h a <wb> a p a n a ee <wb> p a r a ee m a <wb> m a ee q <wb> bh a ii g a ii <wb> h a u ii <wb> c a aa mq d a n a ii <wb> r a aa t a <wb> k a o <wb> gh a r a <wb> k a ee <wb> aa mq g a n a <wb> s a ee <wb> b a aa h a r a <wb> p a aa mq w a <wb> r a kh a <wb> d a ee t a ii <wb> h a ei,C3 C0 C24 C0 C7 C0 C16 C24 C0 C16 <wb> C19 C0 C1 <wb> C37 C0 C15 C0 <wb> C28 C0 C29 C0 C30 C0 C16 C7 C0 C8 C0 <wb> C13 C0 C1 C24 C0 C1 <wb> C24 C0 C1 C38 C0 C16 C19 C0 C1 <wb> C19 C0 C21 C0 C38 C0 C1 C25 C0 C16 <wb> C19 C0 C11 <wb> C18 C0 C16 C18 C0 C19 C0 <wb> C27 C29 C0 <wb> C36 C30 C0 C19 C0 C16 <wb> C22 C0 C24 C0 C26 C7 C0 C31 C0 C1 <wb> C19 C0 C1 <wb> C22 C0 C24 C0 C26 C15 C0 C1 C29 C0 C16 <wb> C5 C0 C16 C32 C0 C29 C0 C25 C0 <wb> C33 C0 C1 <wb> C19 C0 C16 <wb> C19 C0 C2 C30 C0 C11 <wb> C37 C0 C15 C0 <wb> C0 C28 C0 C24 C0 C11 <wb> C28 C0 C29 C0 C11 C22 C0 <wb> C22 C0 C11 C23 <wb> C4 C0 C16 C13 C0 C16 <wb> C15 C0 C36 C16 <wb> C5 C0 C1 C23 C7 C0 C24 C0 C16 <wb> C29 C0 C1 C32 C0 <wb> C19 C0 C26 <wb> C14 C0 C29 C0 <wb> C19 C0 C11 <wb> C1 C23 C13 C0 C24 C0 <wb> C30 C0 C11 <wb> C3 C0 C1 C15 C0 C29 C0 <wb> C28 C0 C1 C23 C37 C0 <wb> C29 C0 C20 C0 <wb> C7 C0 C11 C32 C0 C16 <wb> C15 C0 C2,train
9310,"वह बरसों बीत जाने के बाद भी, आज उतनी ही नज़ाकत, और बेचैनी के साथ, उनकी रचनात्मक यात्रा में मौजूद है",1,7.709,1,,hindi_female_009310.wav,w a h a <wb> b a r a s a o q <wb> b a ii t a <wb> j a aa n a ee <wb> k a ee <wb> b a aa d a <wb> bh a ii <wb> aa j a <wb> u t a n a ii <wb> h a ii <wb> n a z a aa k a t a <wb> ou r a <wb> b a ee c a ei n a ii <wb> k a ee <wb> s a aa th a <wb> u n a k a ii <wb> r a c a n a aa t a m a k a <wb> y a aa t a r a aa <wb> m a ee q <wb> m a ou j a uu d a <wb> h a ei,C37 C0 C15 C0 <wb> C3 C0 C29 C0 C30 C0 C26 C23 <wb> C3 C0 C16 C32 C0 <wb> C17 C0 C1 C24 C0 C11 <wb> C19 C0 C11 <wb> C3 C0 C1 C7 C0 <wb> C4 C0 C16 <wb> C1 C17 C0 <wb> C36 C32 C0 C24 C0 C16 <wb> C15 C0 C16 <wb> C24 C0 C17 C0 C1 C19 C0 C32 C0 <wb> C27 C29 C0 <wb> C3 C0 C11 C5 C0 C2 C24 C0 C16 <wb> C19 C0 C11 <wb> C30 C0 C1 C33 C0 <wb> C36 C24 C0 C19 C0 C16 <wb> C29 C0 C5 C0 C24 C0 C1 C32 C0 C22 C0 C19 C0 <wb> C38 C0 C1 C32 C0 C29 C0 C1 <wb> C22 C0 C11 C23 <wb> C22 C0 C27 C17 C0 C36 C7 C0 <wb> C15 C0 C2,train
9312,"प्रेम से बिल्कुल अलग, मृत्यु भी, अपने में ऐसा, विशिष्ट, और विचार भरा शब्द है, जो, गुलज़ार के यहाँ, पूरी शिद्दत से, अपनी उपस्थिति को, व्यंजित करता है",1,12.989,0,not_selected_by_random,,,,
9316,"यह आलेख, वाणी प्रकाशन द्वारा, साल के आखिर तक, यतींद्र मिश्र के संपादन में प्रकाश्य, नज़्मों के दीवान, यार जुलाहे की भूमिका का, संक्षिप्त रूप है",1,12.517,0,not_selected_by_random,,,,
9317,"किस्सा, एक नाकाम संपादकीय मंसूबे का",1,4.003,0,not_selected_by_random,,,,
9318,"आन येदरलुण्ड की कविता ने, समकालीन स्वीडिश कविता को, अपने काव्य उद्यम से, प्रतिकृत, और समृद्ध किया है",1,8.707,1,,hindi_female_009318.wav,aa n a <wb> y a ee d a r a l a u nx a dx a <wb> k a ii <wb> k a w a i t a aa <wb> n a ee <wb> s a m a k a aa l a ii n a <wb> s a w a ii dx a i sh a <wb> k a w a i t a aa <wb> k a o <wb> a p a n a ee <wb> k a aa w a y a <wb> u d a y a m a <wb> s a ee <wb> p a r a t a i k a rq t a <wb> ou r a <wb> s a m a rq d a dh a <wb> k a i y a aa <wb> h a ei,C1 C24 C0 <wb> C38 C0 C11 C7 C0 C29 C0 C21 C0 C36 C25 C0 C9 C0 <wb> C19 C0 C16 <wb> C19 C0 C37 C0 C16 C32 C0 C1 <wb> C24 C0 C11 <wb> C30 C0 C22 C0 C19 C0 C1 C21 C0 C16 C24 C0 <wb> C30 C0 C37 C0 C16 C9 C0 C16 C31 C0 <wb> C19 C0 C37 C0 C16 C32 C0 C1 <wb> C19 C0 C26 <wb> C0 C28 C0 C24 C0 C11 <wb> C19 C0 C1 C37 C0 C38 C0 <wb> C36 C7 C0 C38 C0 C22 C0 <wb> C30 C0 C11 <wb> C28 C0 C29 C0 C32 C0 C16 C19 C0 C29 C32 C0 <wb> C27 C29 C0 <wb> C30 C0 C22 C0 C29 C7 C0 C8 C0 <wb> C19 C0 C16 C38 C0 C1 <wb> C15 C0 C2,train
9319,"वागीश शुक्ल पिछले कई वर्षों से, एक उपन्यास लिख रहे हैं",1,4.412,1,,hindi_female_009319.wav,w a aa g a ii sh a <wb> sh a u k a l a <wb> p a i ch a l a ee <wb> k a ii <wb> w a r a sx a o q <wb> s a ee <wb> ee k a <wb> u p a n a y a aa s a <wb> l a i kh a <wb> r a h a ee <wb> h a ei q,C37 C0 C1 C13 C0 C16 C31 C0 <wb> C31 C0 C36 C19 C0 C21 C0 <wb> C28 C0 C16 C6 C0 C21 C0 C11 <wb> C19 C0 C16 <wb> C37 C0 C29 C0 C31 C0 C26 C23 <wb> C30 C0 C11 <wb> C11 C19 C0 <wb> C36 C28 C0 C24 C0 C38 C0 C1 C30 C0 <wb> C21 C0 C16 C20 C0 <wb> C29 C0 C15 C0 C11 <wb> C15 C0 C2 C23,train
9320,"पिछले अंक में, सुधीर चंद्र ने, अपने आलेख में, बौद्धिक उत्तरजीवन को, विषय बनाया था",1,7.897,0,not_selected_by_random,,,,
9321,"इस बार, हिन्दी कवि और समाज विज्ञानी, बद्री नारायण, इसी क्रांति में, दलित जातियों के योगदान के विषय में बात कर रहे है",1,9.149,1,,hindi_female_009321.wav,i s a <wb> b a aa r a <wb> h a i n a d a ii <wb> k a w a i <wb> ou r a <wb> s a m a aa j a <wb> w a i j a nj a aa n a ii <wb> b a d a r a ii <wb> n a aa r a aa y a nx a <wb> i s a ii <wb> k a r a aa q t a i <wb> m a ee q <wb> d a l a i t a <wb> j a aa t a i y a o q <wb> k a ee <wb> y a o g a d a aa n a <wb> k a ee <wb> w a i sx a y a <wb> m a ee q <wb> b a aa t a <wb> k a r a <wb> r a h a ee <wb> h a ei,C16 C30 C0 <wb> C3 C0 C1 C29 C0 <wb> C15 C0 C16 C24 C0 C7 C0 C16 <wb> C19 C0 C37 C0 C16 <wb> C27 C29 C0 <wb> C30 C0 C22 C0 C1 C17 C0 <wb> C37 C0 C16 C17 C0 C24 C0 C1 C24 C0 C16 <wb> C3 C0 C7 C0 C29 C0 C16 <wb> C24 C0 C1 C29 C0 C1 C38 C0 C25 C0 <wb> C16 C30 C0 C16 <wb> C19 C0 C29 C0 C1 C23 C32 C0 C16 <wb> C22 C0 C11 C23 <wb> C7 C0 C21 C0 C16 C32 C0 <wb> C17 C0 C1 C32 C0 C16 C38 C0 C26 C23 <wb> C19 C0 C11 <wb> C38 C0 C26 C13 C0 C7 C0 C1 C24 C0 <wb> C19 C0 C11 <wb> C37 C0 C16 C31 C0 C38 C0 <wb> C22 C0 C11 C23 <wb> C3 C0 C1 C32 C0 <wb> C19 C0 C29 C0 <wb> C29 C0 C15 C0 C11 <wb> C15 C0 C2,train
9322,"पैंतीस बरस पुराने, इस संवाद के अंश उपलब्ध कराने के लिए, हम, कवि कथाकार, अनिरुद्ध उमट के कृतज्ञ हैं",1,8.824,1,,hindi_female_009322.wav,p a ei q t a ii s a <wb> b a r a s a <wb> p a u r a aa n a ee <wb> i s a <wb> s a q w a aa d a <wb> k a ee <wb> a q sh a <wb> u p a l a b a dh a <wb> k a r a aa n a ee <wb> k a ee <wb> l a i ee <wb> h a m a <wb> k a w a i <wb> k a th a aa k a aa r a <wb> a n a i r a u d a dh a <wb> u m a tx a <wb> k a ee <wb> k a rq t a j a nj a <wb> h a ei q,C28 C0 C2 C23 C32 C0 C16 C30 C0 <wb> C3 C0 C29 C0 C30 C0 <wb> C28 C0 C36 C29 C0 C1 C24 C0 C11 <wb> C16 C30 C0 <wb> C30 C0 C23 C37 C0 C1 C7 C0 <wb> C19 C0 C11 <wb> C0 C23 C31 C0 <wb> C36 C28 C0 C21 C0 C3 C0 C8 C0 <wb> C19 C0 C29 C0 C1 C24 C0 C11 <wb> C19 C0 C11 <wb> C21 C0 C16 C11 <wb> C15 C0 C22 C0 <wb> C19 C0 C37 C0 C16 <wb> C19 C0 C33 C0 C1 C19 C0 C1 C29 C0 <wb> C0 C24 C0 C16 C29 C0 C36 C7 C0 C8 C0 <wb> C36 C22 C0 C34 C0 <wb> C19 C0 C11 <wb> C19 C0 C29 C32 C0 C17 C0 C24 C0 <wb> C15 C0 C2 C23,val
9323,"कृष्ण बलदेव वैद की, सात हिन्दी कहानियाँ, जिन्हें शायद, एक कहानी भी कहा जा सकता है",1,7.136,0,not_selected_by_random,,,,
9325,"अपनी कुछ ही किताबों से, स्यदरग्रान ने, सन्निष्ठा, और मोहभंग के, आधुनिक अनुभव हेतु, एक नयी काव्य भाषा आविष्कृत की",1,9.985,1,,hindi_female_009325.wav,a p a n a ii <wb> k a u ch a <wb> h a ii <wb> k a i t a aa b a o q <wb> s a ee <wb> s a y a d a r a g a r a aa n a <wb> n a ee <wb> s a n a n a i sx a txh a aa <wb> ou r a <wb> m a o h a bh a q g a <wb> k a ee <wb> aa dh a u n a i k a <wb> a n a u bh a w a <wb> h a ee t a u <wb> ee k a <wb> n a y a ii <wb> k a aa w a y a <wb> bh a aa sx a aa <wb> aa w a i sx a k a rq t a <wb> k a ii,C0 C28 C0 C24 C0 C16 <wb> C19 C0 C36 C6 C0 <wb> C15 C0 C16 <wb> C19 C0 C16 C32 C0 C1 C3 C0 C26 C23 <wb> C30 C0 C11 <wb> C30 C0 C38 C0 C7 C0 C29 C0 C13 C0 C29 C0 C1 C24 C0 <wb> C24 C0 C11 <wb> C30 C0 C24 C0 C24 C0 C16 C31 C0 C35 C0 C1 <wb> C27 C29 C0 <wb> C22 C0 C26 C15 C0 C4 C0 C23 C13 C0 <wb> C19 C0 C11 <wb> C1 C8 C0 C36 C24 C0 C16 C19 C0 <wb> C0 C24 C0 C36 C4 C0 C37 C0 <wb> C15 C0 C11 C32 C0 C36 <wb> C11 C19 C0 <wb> C24 C0 C38 C0 C16 <wb> C19 C0 C1 C37 C0 C38 C0 <wb> C4 C0 C1 C31 C0 C1 <wb> C1 C37 C0 C16 C31 C0 C19 C0 C29 C32 C0 <wb> C19 C0 C16,train
9326,"यह भाषा, निडर रूप से, रूपकात्मक, रतिमयी, आध्यात्मिक, एवं दृष्टा भाषा थी",1,7.709,1,,hindi_female_009326.wav,y a h a <wb> bh a aa sx a aa <wb> n a i dx a r a <wb> r a uu p a <wb> s a ee <wb> r a uu p a k a aa t a m a k a <wb> r a t a i m a y a ii <wb> aa dh a y a aa t a m a i k a <wb> ee w a q <wb> d a rq sx a tx a aa <wb> bh a aa sx a aa <wb> th a ii,C38 C0 C15 C0 <wb> C4 C0 C1 C31 C0 C1 <wb> C24 C0 C16 C9 C0 C29 C0 <wb> C29 C0 C36 C28 C0 <wb> C30 C0 C11 <wb> C29 C0 C36 C28 C0 C19 C0 C1 C32 C0 C22 C0 C19 C0 <wb> C29 C0 C32 C0 C16 C22 C0 C38 C0 C16 <wb> C1 C8 C0 C38 C0 C1 C32 C0 C22 C0 C16 C19 C0 <wb> C11 C37 C0 C23 <wb> C7 C0 C29 C31 C0 C34 C0 C1 <wb> C4 C0 C1 C31 C0 C1 <wb> C33 C0 C16,train
9328,"लेकिन, एडिथ की कविता, उसके समकालीन पाठकों के लिए, प्रायः, एक बौद्धिक चुनौती लेकर उपस्थित हुई, और अभी तक, कवियों और विद्वानों की गहन जिज्ञासा का, विषय बनी हुई है",1,13.677,1,,hindi_female_009328.wav,l a ee k a i n a <wb> ee dx a i th a <wb> k a ii <wb> k a w a i t a aa <wb> u s a k a ee <wb> s a m a k a aa l a ii n a <wb> p a aa txh a k a o q <wb> k a ee <wb> l a i ee <wb> p a r a aa y a hq <wb> ee k a <wb> b a ou d a dh a i k a <wb> c a u n a ou t a ii <wb> l a ee k a r a <wb> u p a s a th a i t a <wb> h a u ii <wb> ou r a <wb> a bh a ii <wb> t a k a <wb> k a w a i y a o q <wb> ou r a <wb> w a i d a w a aa n a o q <wb> k a ii <wb> g a h a n a <wb> j a i j a nj a aa s a aa <wb> k a aa <wb> w a i sx a y a <wb> b a n a ii <wb> h a u ii <wb> h a ei,C21 C0 C11 C19 C0 C16 C24 C0 <wb> C11 C9 C0 C16 C33 C0 <wb> C19 C0 C16 <wb> C19 C0 C37 C0 C16 C32 C0 C1 <wb> C36 C30 C0 C19 C0 C11 <wb> C30 C0 C22 C0 C19 C0 C1 C21 C0 C16 C24 C0 <wb> C28 C0 C1 C35 C0 C19 C0 C26 C23 <wb> C19 C0 C11 <wb> C21 C0 C16 C11 <wb> C28 C0 C29 C0 C1 C38 C0 C15 <wb> C11 C19 C0 <wb> C3 C0 C27 C7 C0 C8 C0 C16 C19 C0 <wb> C5 C0 C36 C24 C0 C27 C32 C0 C16 <wb> C21 C0 C11 C19 C0 C29 C0 <wb> C36 C28 C0 C30 C0 C33 C0 C16 C32 C0 <wb> C15 C0 C36 C16 <wb> C27 C29 C0 <wb> C0 C4 C0 C16 <wb> C32 C0 C19 C0 <wb> C19 C0 C37 C0 C16 C38 C0 C26 C23 <wb> C27 C29 C0 <wb> C37 C0 C16 C7 C0 C37 C0 C1 C24 C0 C26 C23 <wb> C19 C0 C16 <wb> C13 C0 C15 C0 C24 C0 <wb> C17 C0 C16 C17 C0 C24 C0 C1 C30 C0 C1 <wb> C19 C0 C1 <wb> C37 C0 C16 C31 C0 C38 C0 <wb> C3 C0 C24 C0 C16 <wb> C15 C0 C36 C16 <wb> C15 C0 C2,train
9331,"लेकिन आठवें दशक में, एक अनपेक्षित बदलाव पैदा हुआ",1,3.971,1,,hindi_female_009331.wav,l a ee k a i n a <wb> aa txh a w a ee q <wb> d a sh a k a <wb> m a ee q <wb> ee k a <wb> a n a p a ee k a sx a i t a <wb> b a d a l a aa w a <wb> p a ei d a aa <wb> h a u aa,C21 C0 C11 C19 C0 C16 C24 C0 <wb> C1 C35 C0 C37 C0 C11 C23 <wb> C7 C0 C31 C0 C19 C0 <wb> C22 C0 C11 C23 <wb> C11 C19 C0 <wb> C0 C24 C0 C28 C0 C11 C19 C0 C31 C0 C16 C32 C0 <wb> C3 C0 C7 C0 C21 C0 C1 C37 C0 <wb> C28 C0 C2 C7 C0 C1 <wb> C15 C0 C36 C1,train
9332,"साहित्यिक परिदृश्य में, भाषा और काव्य रूप की एक बिलकुल अलग अवधारणा लिये, कुछ स्त्री कविताओ का प्रवेश हुआ",1,8.975,0,not_selected_by_random,,,,
9334,"उनकी कविता ने, अलग अलग, और व्यक्तिगत युक्तियों से, इन ढाँचों को गलाया, और क्षरित किया",1,7.624,0,not_selected_by_random,,,,
9335,"इसके परिणाम स्वरूप, बीसवीं सदी के स्कान्दिनेविया में, एक अलग सौन्दर्य शास्त्र प्रतिफलित हुई",1,7.338,1,,hindi_female_009335.wav,i s a k a ee <wb> p a r a i nx a aa m a <wb> s a w a r a uu p a <wb> b a ii s a w a ii q <wb> s a d a ii <wb> k a ee <wb> s a k a aa n a d a i n a ee w a i y a aa <wb> m a ee q <wb> ee k a <wb> a l a g a <wb> s a ou n a d a r a y a <wb> sh a aa s a t a r a <wb> p a r a t a i ph a l a i t a <wb> h a u ii,C16 C30 C0 C19 C0 C11 <wb> C28 C0 C29 C0 C16 C25 C0 C1 C22 C0 <wb> C30 C0 C37 C0 C29 C0 C36 C28 C0 <wb> C3 C0 C16 C30 C0 C37 C0 C16 C23 <wb> C30 C0 C7 C0 C16 <wb> C19 C0 C11 <wb> C30 C0 C19 C0 C1 C24 C0 C7 C0 C16 C24 C0 C11 C37 C0 C16 C38 C0 C1 <wb> C22 C0 C11 C23 <wb> C11 C19 C0 <wb> C0 C21 C0 C13 C0 <wb> C30 C0 C27 C24 C0 C7 C0 C29 C0 C38 C0 <wb> C31 C0 C1 C30 C0 C32 C0 C29 C0 <wb> C28 C0 C29 C0 C32 C0 C16 C12 C0 C21 C0 C16 C32 C0 <wb> C15 C0 C36 C16,train
9336,"यह वैकल्पिक परम्परा, कई दशक तक, स्त्रियों के माध्यम से ही, प्रतिफलित हुई",1,5.77,0,not_selected_by_random,,,,
9337,"नवें दशक तक आते आते, यह स्पष्ट होता चला गया, कि अब, स्वीड कविता की प्रथम पंक्ति, स्त्रियों की निर्मित बनती चली जा रही थी",1,10.229,0,not_selected_by_random,,,,
9338,"एक दहाके से, कुछ ही अधिक समय में, स्वीडी कविता का, भूदृश्य एकदम बदल चुका था",1,6.641,1,,hindi_female_009338.wav,ee k a <wb> d a h a aa k a ee <wb> s a ee <wb> k a u ch a <wb> h a ii <wb> a dh a i k a <wb> s a m a y a <wb> m a ee q <wb> s a w a ii dx a ii <wb> k a w a i t a aa <wb> k a aa <wb> bh a uu d a rq sh a y a <wb> ee k a d a m a <wb> b a d a l a <wb> c a u k a aa <wb> th a aa,C11 C19 C0 <wb> C7 C0 C15 C0 C1 C19 C0 C11 <wb> C30 C0 C11 <wb> C19 C0 C36 C6 C0 <wb> C15 C0 C16 <wb> C0 C8 C0 C16 C19 C0 <wb> C30 C0 C22 C0 C38 C0 <wb> C22 C0 C11 C23 <wb> C30 C0 C37 C0 C16 C9 C0 C16 <wb> C19 C0 C37 C0 C16 C32 C0 C1 <wb> C19 C0 C1 <wb> C4 C0 C36 C7 C0 C29 C31 C0 C38 C0 <wb> C11 C19 C0 C7 C0 C22 C0 <wb> C3 C0 C7 C0 C21 C0 <wb> C5 C0 C36 C19 C0 C1 <wb> C33 C0 C1,train
9339,"इस बदलाव का सौन्दर्य, और इसकी चुनौती, क्रमशः, समृद्ध, अधिक जटिल, और परिपक्व होती चली गयी",1,7.918,1,,hindi_female_009339.wav,i s a <wb> b a d a l a aa w a <wb> k a aa <wb> s a ou n a d a r a y a <wb> ou r a <wb> i s a k a ii <wb> c a u n a ou t a ii <wb> k a r a m a sh a hq <wb> s a m a rq d a dh a <wb> a dh a i k a <wb> j a tx a i l a <wb> ou r a <wb> p a r a i p a k a w a <wb> h a o t a ii <wb> c a l a ii <wb> g a y a ii,C16 C30 C0 <wb> C3 C0 C7 C0 C21 C0 C1 C37 C0 <wb> C19 C0 C1 <wb> C30 C0 C27 C24 C0 C7 C0 C29 C0 C38 C0 <wb> C27 C29 C0 <wb> C16 C30 C0 C19 C0 C16 <wb> C5 C0 C36 C24 C0 C27 C32 C0 C16 <wb> C19 C0 C29 C0 C22 C0 C31 C0 C15 <wb> C30 C0 C22 C0 C29 C7 C0 C8 C0 <wb> C0 C8 C0 C16 C19 C0 <wb> C17 C0 C34 C0 C16 C21 C0 <wb> C27 C29 C0 <wb> C28 C0 C29 C0 C16 C28 C0 C19 C0 C37 C0 <wb> C15 C0 C26 C32 C0 C16 <wb> C5 C0 C21 C0 C16 <wb> C13 C0 C38 C0 C16,train
9342,"जो भी हो, आन येदरलुण्ड के लेखन से, काव्यात्मक सोच के भीतर, एक नाटकीय उछाल पैदा हुई है",1,7.268,1,,hindi_female_009342.wav,j a o <wb> bh a ii <wb> h a o <wb> aa n a <wb> y a ee d a r a l a u nx a dx a <wb> k a ee <wb> l a ee kh a n a <wb> s a ee <wb> k a aa w a y a aa t a m a k a <wb> s a o c a <wb> k a ee <wb> bh a ii t a r a <wb> ee k a <wb> n a aa tx a k a ii y a <wb> u ch a aa l a <wb> p a ei d a aa <wb> h a u ii <wb> h a ei,C17 C0 C26 <wb> C4 C0 C16 <wb> C15 C0 C26 <wb> C1 C24 C0 <wb> C38 C0 C11 C7 C0 C29 C0 C21 C0 C36 C25 C0 C9 C0 <wb> C19 C0 C11 <wb> C21 C0 C11 C20 C0 C24 C0 <wb> C30 C0 C11 <wb> C19 C0 C1 C37 C0 C38 C0 C1 C32 C0 C22 C0 C19 C0 <wb> C30 C0 C26 C5 C0 <wb> C19 C0 C11 <wb> C4 C0 C16 C32 C0 C29 C0 <wb> C11 C19 C0 <wb> C24 C0 C1 C34 C0 C19 C0 C16 C38 C0 <wb> C36 C6 C0 C1 C21 C0 <wb> C28 C0 C2 C7 C0 C1 <wb> C15 C0 C36 C16 <wb> C15 C0 C2,train
9343,"निश्चित ही, आधुनिक कविता के कूट, कुछ हद तक, जान की कविता का वर्णन कर सकते हैं, कि वे, अपना काव्य संसार, स्वयं रचती हैं, अज्ञात एहसासों की ज़मीन को, टटोलती है",1,13.514,1,,hindi_female_009343.wav,n a i sh a c a i t a <wb> h a ii <wb> aa dh a u n a i k a <wb> k a w a i t a aa <wb> k a ee <wb> k a uu tx a <wb> k a u ch a <wb> h a d a <wb> t a k a <wb> j a aa n a <wb> k a ii <wb> k a w a i t a aa <wb> k a aa <wb> w a r a nx a n a <wb> k a r a <wb> s a k a t a ee <wb> h a ei q <wb> k a i <wb> w a ee <wb> a p a n a aa <wb> k a aa w a y a <wb> s a q s a aa r a <wb> s a w a y a q <wb> r a c a t a ii <wb> h a ei q <wb> a j a nj a aa t a <wb> ee h a s a aa s a o q <wb> k a ii <wb> z a m a ii n a <wb> k a o <wb> tx a tx a o l a t a ii <wb> h a ei,C24 C0 C16 C31 C0 C5 C0 C16 C32 C0 <wb> C15 C0 C16 <wb> C1 C8 C0 C36 C24 C0 C16 C19 C0 <wb> C19 C0 C37 C0 C16 C32 C0 C1 <wb> C19 C0 C11 <wb> C19 C0 C36 C34 C0 <wb> C19 C0 C36 C6 C0 <wb> C15 C0 C7 C0 <wb> C32 C0 C19 C0 <wb> C17 C0 C1 C24 C0 <wb> C19 C0 C16 <wb> C19 C0 C37 C0 C16 C32 C0 C1 <wb> C19 C0 C1 <wb> C37 C0 C29 C0 C25 C0 C24 C0 <wb> C19 C0 C29 C0 <wb> C30 C0 C19 C0 C32 C0 C11 <wb> C15 C0 C2 C23 <wb> C19 C0 C16 <wb> C37 C0 C11 <wb> C0 C28 C0 C24 C0 C1 <wb> C19 C0 C1 C37 C0 C38 C0 <wb> C30 C0 C23 C30 C0 C1 C29 C0 <wb> C30 C0 C37 C0 C38 C0 C23 <wb> C29 C0 C5 C0 C32 C0 C16 <wb> C15 C0 C2 C23 <wb> C0 C17 C0 C24 C0 C1 C32 C0 <wb> C11 C15 C0 C30 C0 C1 C30 C0 C26 C23 <wb> C19 C0 C16 <wb> C17 C0 C22 C0 C16 C24 C0 <wb> C19 C0 C26 <wb> C34 C0 C34 C0 C26 C21 C0 C32 C0 C16 <wb> C15 C0 C2,val
9344,"यह बात भी निश्चित है, कि उनकी कविता के, विचित्र सौन्दर्य में, कामुकता का गहन बोध है",1,6.688,0,not_selected_by_random,,,,
9345,"उनका सम्पूर्ण संवेदन, भाषा की सामान्य संरचनाओं की, सीमाओं से परे का सवंदेन है, उन संरचनाओं से परे का, जो मानवीय अभिव्यक्ति का, संचालन करती हैं",1,12.214,1,,hindi_female_009345.wav,u n a k a aa <wb> s a m a p a uu r a nx a <wb> s a q w a ee d a n a <wb> bh a aa sx a aa <wb> k a ii <wb> s a aa m a aa n a y a <wb> s a q r a c a n a aa o q <wb> k a ii <wb> s a ii m a aa o q <wb> s a ee <wb> p a r a ee <wb> k a aa <wb> s a w a q d a ee n a <wb> h a ei <wb> u n a <wb> s a q r a c a n a aa o q <wb> s a ee <wb> p a r a ee <wb> k a aa <wb> j a o <wb> m a aa n a w a ii y a <wb> a bh a i w a y a k a t a i <wb> k a aa <wb> s a q c a aa l a n a <wb> k a r a t a ii <wb> h a ei q,C36 C24 C0 C19 C0 C1 <wb> C30 C0 C22 C0 C28 C0 C36 C29 C0 C25 C0 <wb> C30 C0 C23 C37 C0 C11 C7 C0 C24 C0 <wb> C4 C0 C1 C31 C0 C1 <wb> C19 C0 C16 <wb> C30 C0 C1 C22 C0 C1 C24 C0 C38 C0 <wb> C30 C0 C23 C29 C0 C5 C0 C24 C0 C1 C26 C23 <wb> C19 C0 C16 <wb> C30 C0 C16 C22 C0 C1 C26 C23 <wb> C30 C0 C11 <wb> C28 C0 C29 C0 C11 <wb> C19 C0 C1 <wb> C30 C0 C37 C0 C23 C7 C0 C11 C24 C0 <wb> C15 C0 C2 <wb> C36 C24 C0 <wb> C30 C0 C23 C29 C0 C5 C0 C24 C0 C1 C26 C23 <wb> C30 C0 C11 <wb> C28 C0 C29 C0 C11 <wb> C19 C0 C1 <wb> C17 C0 C26 <wb> C22 C0 C1 C24 C0 C37 C0 C16 C38 C0 <wb> C0 C4 C0 C16 C37 C0 C38 C0 C19 C0 C32 C0 C16 <wb> C19 C0 C1 <wb> C30 C0 C23 C5 C0 C1 C21 C0 C24 C0 <wb> C19 C0 C29 C0 C32 C0 C16 <wb> C15 C0 C2 C23,train
9347,"शायद, कहा जा सकता है कि, उनकी कविताएँ, एक ऐसे मानवीय दृष्टान्त के भीतर, पठनीय हैं",1,6.548,1,,hindi_female_009347.wav,sh a aa y a d a <wb> k a h a aa <wb> j a aa <wb> s a k a t a aa <wb> h a ei <wb> k a i <wb> u n a k a ii <wb> k a w a i t a aa ee mq <wb> ee k a <wb> ei s a ee <wb> m a aa n a w a ii y a <wb> d a rq sx a tx a aa n a t a <wb> k a ee <wb> bh a ii t a r a <wb> p a txh a n a ii y a <wb> h a ei q,C31 C0 C1 C38 C0 C7 C0 <wb> C19 C0 C15 C0 C1 <wb> C17 C0 C1 <wb> C30 C0 C19 C0 C32 C0 C1 <wb> C15 C0 C2 <wb> C19 C0 C16 <wb> C36 C24 C0 C19 C0 C16 <wb> C19 C0 C37 C0 C16 C32 C0 C1 C11 C23 <wb> C11 C19 C0 <wb> C2 C30 C0 C11 <wb> C22 C0 C1 C24 C0 C37 C0 C16 C38 C0 <wb> C7 C0 C29 C31 C0 C34 C0 C1 C24 C0 C32 C0 <wb> C19 C0 C11 <wb> C4 C0 C16 C32 C0 C29 C0 <wb> C28 C0 C35 C0 C24 C0 C16 C38 C0 <wb> C15 C0 C2 C23,train
9349,"कविता को, भाषिक व्यवहार का सबसे, करूणामयी अवयय बन जाना होता है",1,5.294,1,,hindi_female_009349.wav,k a w a i t a aa <wb> k a o <wb> bh a aa sx a i k a <wb> w a y a w a h a aa r a <wb> k a aa <wb> s a b a s a ee <wb> k a r a uu nx a aa m a y a ii <wb> a w a y a y a <wb> b a n a <wb> j a aa n a aa <wb> h a o t a aa <wb> h a ei,C19 C0 C37 C0 C16 C32 C0 C1 <wb> C19 C0 C26 <wb> C4 C0 C1 C31 C0 C16 C19 C0 <wb> C37 C0 C38 C0 C37 C0 C15 C0 C1 C29 C0 <wb> C19 C0 C1 <wb> C30 C0 C3 C0 C30 C0 C11 <wb> C19 C0 C29 C0 C36 C25 C0 C1 C22 C0 C38 C0 C16 <wb> C0 C37 C0 C38 C0 C38 C0 <wb> C3 C0 C24 C0 <wb> C17 C0 C1 C24 C0 C1 <wb> C15 C0 C26 C32 C0 C1 <wb> C15 C0 C2,train
9350,"इस किताब की समीक्षा, एक रेडियो पत्रिका में हुई",1,3.204,1,,hindi_female_009350.wav,i s a <wb> k a i t a aa b a <wb> k a ii <wb> s a m a ii k a sx a aa <wb> ee k a <wb> r a ee dx a i y a o <wb> p a t a r a i k a aa <wb> m a ee q <wb> h a u ii,C16 C30 C0 <wb> C19 C0 C16 C32 C0 C1 C3 C0 <wb> C19 C0 C16 <wb> C30 C0 C22 C0 C16 C19 C0 C31 C0 C1 <wb> C11 C19 C0 <wb> C29 C0 C11 C9 C0 C16 C38 C0 C26 <wb> C28 C0 C32 C0 C29 C0 C16 C19 C0 C1 <wb> C22 C0 C11 C23 <wb> C15 C0 C36 C16,train
9351,"उन कविताओं से, मुझे एक झटका लगा",1,2.694,1,,hindi_female_009351.wav,u n a <wb> k a w a i t a aa o q <wb> s a ee <wb> m a u jh a ee <wb> ee k a <wb> jh a tx a k a aa <wb> l a g a aa,C36 C24 C0 <wb> C19 C0 C37 C0 C16 C32 C0 C1 C26 C23 <wb> C30 C0 C11 <wb> C22 C0 C36 C18 C0 C11 <wb> C11 C19 C0 <wb> C18 C0 C34 C0 C19 C0 C1 <wb> C21 C0 C13 C0 C1,train
9352,"मैं एकदम समझ गया, कि उन कविताओं के प्रकाश में, कविता को लेकर, मेरे अपने शिल्प गत प्रयासों की कोई भी प्रासंगिकता, नहीं रह जाती",1,10.719,0,not_selected_by_random,,,,
9354,"जिसमे वे मृत्यु के समय, अपने उस कमरे में अकेले बैठे हुए थे, जो उनका पुस्तकालय कहलाता था",1,7.105,1,,hindi_female_009354.wav,j a i s a m a ee <wb> w a ee <wb> m a rq t a y a u <wb> k a ee <wb> s a m a y a <wb> a p a n a ee <wb> u s a <wb> k a m a r a ee <wb> m a ee q <wb> a k a ee l a ee <wb> b a ei txh a ee <wb> h a u ee <wb> th a ee <wb> j a o <wb> u n a k a aa <wb> p a u s a t a k a aa l a y a <wb> k a h a l a aa t a aa <wb> th a aa,C17 C0 C16 C30 C0 C22 C0 C11 <wb> C37 C0 C11 <wb> C22 C0 C29 C32 C0 C38 C0 C36 <wb> C19 C0 C11 <wb> C30 C0 C22 C0 C38 C0 <wb> C0 C28 C0 C24 C0 C11 <wb> C36 C30 C0 <wb> C19 C0 C22 C0 C29 C0 C11 <wb> C22 C0 C11 C23 <wb> C0 C19 C0 C11 C21 C0 C11 <wb> C3 C0 C2 C35 C0 C11 <wb> C15 C0 C36 C11 <wb> C33 C0 C11 <wb> C17 C0 C26 <wb> C36 C24 C0 C19 C0 C1 <wb> C28 C0 C36 C30 C0 C32 C0 C19 C0 C1 C21 C0 C38 C0 <wb> C19 C0 C15 C0 C21 C0 C1 C32 C0 C1 <wb> C33 C0 C1,train
9355,"माउज़र से निकल कर गोली, उनके सीने में घुसी, और वे, एक चीख़ मार कर, उस कुरसी पर, लुढ़क गये, जिस पर वे बैठे थे",1,8.916,1,,hindi_female_009355.wav,m a aa u z a r a <wb> s a ee <wb> n a i k a l a <wb> k a r a <wb> g a o l a ii <wb> u n a k a ee <wb> s a ii n a ee <wb> m a ee q <wb> gh a u s a ii <wb> ou r a <wb> w a ee <wb> ee k a <wb> c a ii khq a <wb> m a aa r a <wb> k a r a <wb> u s a <wb> k a u r a s a ii <wb> p a r a <wb> l a u dxhq a k a <wb> g a y a ee <wb> j a i s a <wb> p a r a <wb> w a ee <wb> b a ei txh a ee <wb> th a ee,C22 C0 C1 C36 C17 C0 C29 C0 <wb> C30 C0 C11 <wb> C24 C0 C16 C19 C0 C21 C0 <wb> C19 C0 C29 C0 <wb> C13 C0 C26 C21 C0 C16 <wb> C36 C24 C0 C19 C0 C11 <wb> C30 C0 C16 C24 C0 C11 <wb> C22 C0 C11 C23 <wb> C14 C0 C36 C30 C0 C16 <wb> C27 C29 C0 <wb> C37 C0 C11 <wb> C11 C19 C0 <wb> C5 C0 C16 C20 C0 <wb> C22 C0 C1 C29 C0 <wb> C19 C0 C29 C0 <wb> C36 C30 C0 <wb> C19 C0 C36 C29 C0 C30 C0 C16 <wb> C28 C0 C29 C0 <wb> C21 C0 C36 C10 C0 C19 C0 <wb> C13 C0 C38 C0 C11 <wb> C17 C0 C16 C30 C0 <wb> C28 C0 C29 C0 <wb> C37 C0 C11 <wb> C3 C0 C2 C35 C0 C11 <wb> C33 C0 C11,val
9356,"एक पुस्तक पर उनकी मुट्ठी, कसी की कसी रह गयी",1,3.158,1,,hindi_female_009356.wav,ee k a <wb> p a u s a t a k a <wb> p a r a <wb> u n a k a ii <wb> m a u tx a txh a ii <wb> k a s a ii <wb> k a ii <wb> k a s a ii <wb> r a h a <wb> g a y a ii,C11 C19 C0 <wb> C28 C0 C36 C30 C0 C32 C0 C19 C0 <wb> C28 C0 C29 C0 <wb> C36 C24 C0 C19 C0 C16 <wb> C22 C0 C36 C34 C0 C35 C0 C16 <wb> C19 C0 C30 C0 C16 <wb> C19 C0 C16 <wb> C19 C0 C30 C0 C16 <wb> C29 C0 C15 C0 <wb> C13 C0 C38 C0 C16,train
9357,"इस किताब को, योँ तो, एक सबूत के तौर पर थाने में जमा कर लिया गया था",1,5.073,0,not_selected_by_random,,,,
9359,"क़त्ल की जाँच करने वाले पुलिस के, सभी छोटे बड़े हाकिमोँ का कहना वाजिब था",1,5.108,1,,hindi_female_009359.wav,kq a t a l a <wb> k a ii <wb> j a aa mq c a <wb> k a r a n a ee <wb> w a aa l a ee <wb> p a u l a i s a <wb> k a ee <wb> s a bh a ii <wb> ch a o tx a ee <wb> b a dxq a ee <wb> h a aa k a i m a o mq <wb> k a aa <wb> k a h a n a aa <wb> w a aa j a i b a <wb> th a aa,C19 C0 C32 C0 C21 C0 <wb> C19 C0 C16 <wb> C17 C0 C1 C23 C5 C0 <wb> C19 C0 C29 C0 C24 C0 C11 <wb> C37 C0 C1 C21 C0 C11 <wb> C28 C0 C36 C21 C0 C16 C30 C0 <wb> C19 C0 C11 <wb> C30 C0 C4 C0 C16 <wb> C6 C0 C26 C34 C0 C11 <wb> C3 C0 C9 C0 C11 <wb> C15 C0 C1 C19 C0 C16 C22 C0 C26 C23 <wb> C19 C0 C1 <wb> C19 C0 C15 C0 C24 C0 C1 <wb> C37 C0 C1 C17 C0 C16 C3 C0 <wb> C33 C0 C1,train
9361,"मक़तूल की उँगलियोँ के निशानोँ के अलावा, किसी और की उँगलियोँ के निशान उस पर नहीँ मिले",1,6.5,0,not_selected_by_random,,,,
9364,"जिनमेँ कुछ प्रमुख राजनीतिक, ऐतिहासिक, और सामाजिक कारणोँ को ही, गिना पाना, यहाँ सम्भव हो पायेगा",1,7.314,1,,hindi_female_009364.wav,j a i n a m a ee mq <wb> k a u ch a <wb> p a r a m a u kh a <wb> r a aa j a n a ii t a i k a <wb> ei t a i h a aa s a i k a <wb> ou r a <wb> s a aa m a aa j a i k a <wb> k a aa r a nx a o mq <wb> k a o <wb> h a ii <wb> g a i n a aa <wb> p a aa n a aa <wb> y a h a aa mq <wb> s a m a bh a w a <wb> h a o <wb> p a aa y a ee g a aa,C17 C0 C16 C24 C0 C22 C0 C11 C23 <wb> C19 C0 C36 C6 C0 <wb> C28 C0 C29 C0 C22 C0 C36 C20 C0 <wb> C29 C0 C1 C17 C0 C24 C0 C16 C32 C0 C16 C19 C0 <wb> C2 C32 C0 C16 C15 C0 C1 C30 C0 C16 C19 C0 <wb> C27 C29 C0 <wb> C30 C0 C1 C22 C0 C1 C17 C0 C16 C19 C0 <wb> C19 C0 C1 C29 C0 C25 C0 C26 C23 <wb> C19 C0 C26 <wb> C15 C0 C16 <wb> C13 C0 C16 C24 C0 C1 <wb> C28 C0 C1 C24 C0 C1 <wb> C38 C0 C15 C0 C1 C23 <wb> C30 C0 C22 C0 C4 C0 C37 C0 <wb> C15 C0 C26 <wb> C28 C0 C1 C38 C0 C11 C13 C0 C1,train
9365,"पहले, राजनीतिक कारणोँ की बात की जाये",1,2.113,1,,hindi_female_009365.wav,p a h a l a ee <wb> r a aa j a n a ii t a i k a <wb> k a aa r a nx a o mq <wb> k a ii <wb> b a aa t a <wb> k a ii <wb> j a aa y a ee,C28 C0 C15 C0 C21 C0 C11 <wb> C29 C0 C1 C17 C0 C24 C0 C16 C32 C0 C16 C19 C0 <wb> C19 C0 C1 C29 C0 C25 C0 C26 C23 <wb> C19 C0 C16 <wb> C3 C0 C1 C32 C0 <wb> C19 C0 C16 <wb> C17 C0 C1 C38 C0 C11,train
9366,"जब एक लंबे विचार विमर्श के बाद, केन्द्रीय सरकार, और केन्द्रीय विपक्ष के बीच, यह तय हुआ कि अयोध्या, मथुरा, और वाराणसी को, केन्द्रशासित प्रदेश का दर्जा दे दिया जाये, तथा पूर्वांचल, पश्चिमांचल, और मध्यांचल नाम से, तीन नये राज्य, बनाये जाये",1,19.017,1,,hindi_female_009366.wav,j a b a <wb> ee k a <wb> l a q b a ee <wb> w a i c a aa r a <wb> w a i m a r a sh a <wb> k a ee <wb> b a aa d a <wb> k a ee n a d a r a ii y a <wb> s a r a k a aa r a <wb> ou r a <wb> k a ee n a d a r a ii y a <wb> w a i p a k a sx a <wb> k a ee <wb> b a ii c a <wb> y a h a <wb> t a y a <wb> h a u aa <wb> k a i <wb> a y a o dh a y a aa <wb> m a th a u r a aa <wb> ou r a <wb> w a aa r a aa nx a s a ii <wb> k a o <wb> k a ee n a d a r a sh a aa s a i t a <wb> p a r a d a ee sh a <wb> k a aa <wb> d a r a j a aa <wb> d a ee <wb> d a i y a aa <wb> j a aa y a ee <wb> t a th a aa <wb> p a uu r a w a aa q c a l a <wb> p a sh a c a i m a aa q c a l a <wb> ou r a <wb> m a dh a y a aa q c a l a <wb> n a aa m a <wb> s a ee <wb> t a ii n a <wb> n a y a ee <wb> r a aa j a y a <wb> b a n a aa y a ee <wb> j a aa y a ee,C17 C0 C3 C0 <wb> C11 C19 C0 <wb> C21 C0 C23 C3 C0 C11 <wb> C37 C0 C16 C5 C0 C1 C29 C0 <wb> C37 C0 C16 C22 C0 C29 C0 C31 C0 <wb> C19 C0 C11 <wb> C3 C0 C1 C7 C0 <wb> C19 C0 C11 C24 C0 C7 C0 C29 C0 C16 C38 C0 <wb> C30 C0 C29 C0 C19 C0 C1 C29 C0 <wb> C27 C29 C0 <wb> C19 C0 C11 C24 C0 C7 C0 C29 C0 C16 C38 C0 <wb> C37 C0 C16 C28 C0 C19 C0 C31 C0 <wb> C19 C0 C11 <wb> C3 C0 C16 C5 C0 <wb> C38 C0 C15 C0 <wb> C32 C0 C38 C0 <wb> C15 C0 C36 C1 <wb> C19 C0 C16 <wb> C0 C38 C0 C26 C8 C0 C38 C0 C1 <wb> C22 C0 C33 C0 C36 C29 C0 C1 <wb> C27 C29 C0 <wb> C37 C0 C1 C29 C0 C1 C25 C0 C30 C0 C16 <wb> C19 C0 C26 <wb> C19 C0 C11 C24 C0 C7 C0 C29 C0 C31 C0 C1 C30 C0 C16 C32 C0 <wb> C28 C0 C29 C0 C7 C0 C11 C31 C0 <wb> C19 C0 C1 <wb> C7 C0 C29 C0 C17 C0 C1 <wb> C7 C0 C11 <wb> C7 C0 C16 C38 C0 C1 <wb> C17 C0 C1 C38 C0 C11 <wb> C32 C0 C33 C0 C1 <wb> C28 C0 C36 C29 C0 C37 C0 C1 C23 C5 C0 C21 C0 <wb> C28 C0 C31 C0 C5 C0 C16 C22 C0 C1 C23 C5 C0 C21 C0 <wb> C27 C29 C0 <wb> C22 C0 C8 C0 C38 C0 C1 C23 C5 C0 C21 C0 <wb> C24 C0 C1 C22 C0 <wb> C30 C0 C11 <wb> C32 C0 C16 C24 C0 <wb> C24 C0 C38 C0 C11 <wb> C29 C0 C1 C17 C0 C38 C0 <wb> C3 C0 C24 C0 C1 C38 C0 C11 <wb> C17 C0 C1 C38 C0 C11,train
9367,"तो पूर्वांचल वालोँ के सारे, स्वाभाविक, सांस्कृतिक, अधिकार के बावुजूद, मध्यांचल वाले इस बात पर अड़ गये, कि लखनऊ तो मध्यांचल की ही राजधानी होगी",1,12.64,0,not_selected_by_random,,,,
9368,"केन्द्रीय सरकार, और केन्द्रीय विपक्ष के बीच, यह तय हो गया",1,4.017,1,,hindi_female_009368.wav,k a ee n a d a r a ii y a <wb> s a r a k a aa r a <wb> ou r a <wb> k a ee n a d a r a ii y a <wb> w a i p a k a sx a <wb> k a ee <wb> b a ii c a <wb> y a h a <wb> t a y a <wb> h a o <wb> g a y a aa,C19 C0 C11 C24 C0 C7 C0 C29 C0 C16 C38 C0 <wb> C30 C0 C29 C0 C19 C0 C1 C29 C0 <wb> C27 C29 C0 <wb> C19 C0 C11 C24 C0 C7 C0 C29 C0 C16 C38 C0 <wb> C37 C0 C16 C28 C0 C19 C0 C31 C0 <wb> C19 C0 C11 <wb> C3 C0 C16 C5 C0 <wb> C38 C0 C15 C0 <wb> C32 C0 C38 C0 <wb> C15 C0 C26 <wb> C13 C0 C38 C0 C1,train
9369,"पूर्वांचल वाले, फिर इलाहाबाद को अपनी राजधानी बनाने को उध्वत हुए",1,4.923,1,,hindi_female_009369.wav,p a uu r a w a aa q c a l a <wb> w a aa l a ee <wb> ph a i r a <wb> i l a aa h a aa b a aa d a <wb> k a o <wb> a p a n a ii <wb> r a aa j a dh a aa n a ii <wb> b a n a aa n a ee <wb> k a o <wb> u dh a w a t a <wb> h a u ee,C28 C0 C36 C29 C0 C37 C0 C1 C23 C5 C0 C21 C0 <wb> C37 C0 C1 C21 C0 C11 <wb> C12 C0 C16 C29 C0 <wb> C16 C21 C0 C1 C15 C0 C1 C3 C0 C1 C7 C0 <wb> C19 C0 C26 <wb> C0 C28 C0 C24 C0 C16 <wb> C29 C0 C1 C17 C0 C8 C0 C1 C24 C0 C16 <wb> C3 C0 C24 C0 C1 C24 C0 C11 <wb> C19 C0 C26 <wb> C36 C8 C0 C37 C0 C32 C0 <wb> C15 C0 C36 C11,train
9370,"किन्तु पिछले माघ, मेले में प्रतिदिन, सत्तर तीर्थयात्रियोँ को, मौत के घाट उतारने की अपनी घोषणा को, जब आतंकवादियोँ ने, बिना किसी बाधा के, पूरे माघ महीने पूरा कर दिखाया",1,13.514,1,,hindi_female_009370.wav,k a i n a t a u <wb> p a i ch a l a ee <wb> m a aa gh a <wb> m a ee l a ee <wb> m a ee q <wb> p a r a t a i d a i n a <wb> s a t a t a r a <wb> t a ii r a th a y a aa t a r a i y a o mq <wb> k a o <wb> m a ou t a <wb> k a ee <wb> gh a aa tx a <wb> u t a aa r a n a ee <wb> k a ii <wb> a p a n a ii <wb> gh a o sx a nx a aa <wb> k a o <wb> j a b a <wb> aa t a q k a w a aa d a i y a o mq <wb> n a ee <wb> b a i n a aa <wb> k a i s a ii <wb> b a aa dh a aa <wb> k a ee <wb> p a uu r a ee <wb> m a aa gh a <wb> m a h a ii n a ee <wb> p a uu r a aa <wb> k a r a <wb> d a i kh a aa y a aa,C19 C0 C16 C24 C0 C32 C0 C36 <wb> C28 C0 C16 C6 C0 C21 C0 C11 <wb> C22 C0 C1 C14 C0 <wb> C22 C0 C11 C21 C0 C11 <wb> C22 C0 C11 C23 <wb> C28 C0 C29 C0 C32 C0 C16 C7 C0 C16 C24 C0 <wb> C30 C0 C32 C0 C32 C0 C29 C0 <wb> C32 C0 C16 C29 C0 C33 C0 C38 C0 C1 C32 C0 C29 C0 C16 C38 C0 C26 C23 <wb> C19 C0 C26 <wb> C22 C0 C27 C32 C0 <wb> C19 C0 C11 <wb> C14 C0 C1 C34 C0 <wb> C36 C32 C0 C1 C29 C0 C24 C0 C11 <wb> C19 C0 C16 <wb> C0 C28 C0 C24 C0 C16 <wb> C14 C0 C26 C31 C0 C25 C0 C1 <wb> C19 C0 C26 <wb> C17 C0 C3 C0 <wb> C1 C32 C0 C23 C19 C0 C37 C0 C1 C7 C0 C16 C38 C0 C26 C23 <wb> C24 C0 C11 <wb> C3 C0 C16 C24 C0 C1 <wb> C19 C0 C16 C30 C0 C16 <wb> C3 C0 C1 C8 C0 C1 <wb> C19 C0 C11 <wb> C28 C0 C36 C29 C0 C11 <wb> C22 C0 C1 C14 C0 <wb> C22 C0 C15 C0 C16 C24 C0 C11 <wb> C28 C0 C36 C29 C0 C1 <wb> C19 C0 C29 C0 <wb> C7 C0 C16 C20 C0 C1 C38 C0 C1,train
9371,"जो केन्द्रीय सरकार, और केन्द्रीय विपक्ष के बीच सहमति का एक और बिंदु बन चुकी थी, कि पण्डित, दुर्गाशङ्कर श्रीमुख, इस प्रस्ताव के मुखर विरोधी के रूप में सामने आये",1,11.378,1,,hindi_female_009371.wav,j a o <wb> k a ee n a d a r a ii y a <wb> s a r a k a aa r a <wb> ou r a <wb> k a ee n a d a r a ii y a <wb> w a i p a k a sx a <wb> k a ee <wb> b a ii c a <wb> s a h a m a t a i <wb> k a aa <wb> ee k a <wb> ou r a <wb> b a i q d a u <wb> b a n a <wb> c a u k a ii <wb> th a ii <wb> k a i <wb> p a nx a dx a i t a <wb> d a u r a g a aa sh a ng a k a r a <wb> sh a r a ii m a u kh a <wb> i s a <wb> p a r a s a t a aa w a <wb> k a ee <wb> m a u kh a r a <wb> w a i r a o dh a ii <wb> k a ee <wb> r a uu p a <wb> m a ee q <wb> s a aa m a n a ee <wb> aa y a ee,C17 C0 C26 <wb> C19 C0 C11 C24 C0 C7 C0 C29 C0 C16 C38 C0 <wb> C30 C0 C29 C0 C19 C0 C1 C29 C0 <wb> C27 C29 C0 <wb> C19 C0 C11 C24 C0 C7 C0 C29 C0 C16 C38 C0 <wb> C37 C0 C16 C28 C0 C19 C0 C31 C0 <wb> C19 C0 C11 <wb> C3 C0 C16 C5 C0 <wb> C30 C0 C15 C0 C22 C0 C32 C0 C16 <wb> C19 C0 C1 <wb> C11 C19 C0 <wb> C27 C29 C0 <wb> C3 C0 C16 C23 C7 C0 C36 <wb> C3 C0 C24 C0 <wb> C5 C0 C36 C19 C0 C16 <wb> C33 C0 C16 <wb> C19 C0 C16 <wb> C28 C0 C25 C0 C9 C0 C16 C32 C0 <wb> C7 C0 C36 C29 C0 C13 C0 C1 C31 C0 C24 C0 C19 C0 C29 C0 <wb> C31 C0 C29 C0 C16 C22 C0 C36 C20 C0 <wb> C16 C30 C0 <wb> C28 C0 C29 C0 C30 C0 C32 C0 C1 C37 C0 <wb> C19 C0 C11 <wb> C22 C0 C36 C20 C0 C29 C0 <wb> C37 C0 C16 C29 C0 C26 C8 C0 C16 <wb> C19 C0 C11 <wb> C29 C0 C36 C28 C0 <wb> C22 C0 C11 C23 <wb> C30 C0 C1 C22 C0 C24 C0 C11 <wb> C1 C38 C0 C11,train
9372,"ऐसी परिस्थिति में, इस हत्या के पीछे, राजनीतिक कारणोँ की सम्भावना से इन्कार नहीँ किया जा सकता",1,7.109,0,not_selected_by_random,,,,
9376,"जो, राजधानी बनने के बाद, पुनर्निर्माण के सिलसिले में, अवश्यम्भावी है",1,4.365,1,,hindi_female_009376.wav,j a o <wb> r a aa j a dh a aa n a ii <wb> b a n a n a ee <wb> k a ee <wb> b a aa d a <wb> p a u n a r a n a i r a m a aa nx a <wb> k a ee <wb> s a i l a s a i l a ee <wb> m a ee q <wb> a w a sh a y a m a bh a aa w a ii <wb> h a ei,C17 C0 C26 <wb> C29 C0 C1 C17 C0 C8 C0 C1 C24 C0 C16 <wb> C3 C0 C24 C0 C24 C0 C11 <wb> C19 C0 C11 <wb> C3 C0 C1 C7 C0 <wb> C28 C0 C36 C24 C0 C29 C0 C24 C0 C16 C29 C0 C22 C0 C1 C25 C0 <wb> C19 C0 C11 <wb> C30 C0 C16 C21 C0 C30 C0 C16 C21 C0 C11 <wb> C22 C0 C11 C23 <wb> C0 C37 C0 C31 C0 C38 C0 C22 C0 C4 C0 C1 C37 C0 C16 <wb> C15 C0 C2,train
9378,"अतः, वहाँ उस अंधाधुंध पेड़ कटाई की अनुमति, नहीँ मिलनी चाहिए, जो राजधानी बनने के बाद, पुनर्निर्माण के सिलसिले में, अवश्यम्भावी है",1,9.776,1,,hindi_female_009378.wav,a t a hq <wb> w a h a aa mq <wb> u s a <wb> a q dh a aa dh a u q dh a <wb> p a ee dxq a <wb> k a tx a aa ii <wb> k a ii <wb> a n a u m a t a i <wb> n a h a ii mq <wb> m a i l a n a ii <wb> c a aa h a i ee <wb> j a o <wb> r a aa j a dh a aa n a ii <wb> b a n a n a ee <wb> k a ee <wb> b a aa d a <wb> p a u n a r a n a i r a m a aa nx a <wb> k a ee <wb> s a i l a s a i l a ee <wb> m a ee q <wb> a w a sh a y a m a bh a aa w a ii <wb> h a ei,C0 C32 C0 C15 <wb> C37 C0 C15 C0 C1 C23 <wb> C36 C30 C0 <wb> C0 C23 C8 C0 C1 C8 C0 C36 C23 C8 C0 <wb> C28 C0 C11 C9 C0 <wb> C19 C0 C34 C0 C1 C16 <wb> C19 C0 C16 <wb> C0 C24 C0 C36 C22 C0 C32 C0 C16 <wb> C24 C0 C15 C0 C16 C23 <wb> C22 C0 C16 C21 C0 C24 C0 C16 <wb> C5 C0 C1 C15 C0 C16 C11 <wb> C17 C0 C26 <wb> C29 C0 C1 C17 C0 C8 C0 C1 C24 C0 C16 <wb> C3 C0 C24 C0 C24 C0 C11 <wb> C19 C0 C11 <wb> C3 C0 C1 C7 C0 <wb> C28 C0 C36 C24 C0 C29 C0 C24 C0 C16 C29 C0 C22 C0 C1 C25 C0 <wb> C19 C0 C11 <wb> C30 C0 C16 C21 C0 C30 C0 C16 C21 C0 C11 <wb> C22 C0 C11 C23 <wb> C0 C37 C0 C31 C0 C38 C0 C22 C0 C4 C0 C1 C37 C0 C16 <wb> C15 C0 C2,train
9382,"हत्या किसने की, यह तो नहीँ पता लगा, किन्तु बहुत सी संभावनाओँ में से, सी बी आई जाँच तक पहुँचते पहुँचते, एक ही स्वीकार्य रह गई थी",1,10.549,0,not_selected_by_random,,,,
9388,"जिस समय पण्डित दुर्गाशङ्कर श्रीमुख की हत्या हुई, वे उसकी प्रतीक्षा कर रहे थे, क्योँकि उसे एक इं टर व्यू देने के लिए, वे स्वीकृति दे चुके थे",1,9.892,1,,hindi_female_009388.wav,j a i s a <wb> s a m a y a <wb> p a nx a dx a i t a <wb> d a u r a g a aa sh a ng a k a r a <wb> sh a r a ii m a u kh a <wb> k a ii <wb> h a t a y a aa <wb> h a u ii <wb> w a ee <wb> u s a k a ii <wb> p a r a t a ii k a sx a aa <wb> k a r a <wb> r a h a ee <wb> th a ee <wb> k a y a o mq k a i <wb> u s a ee <wb> ee k a <wb> i q <wb> tx a r a <wb> w a y a uu <wb> d a ee n a ee <wb> k a ee <wb> l a i ee <wb> w a ee <wb> s a w a ii k a rq t a i <wb> d a ee <wb> c a u k a ee <wb> th a ee,C17 C0 C16 C30 C0 <wb> C30 C0 C22 C0 C38 C0 <wb> C28 C0 C25 C0 C9 C0 C16 C32 C0 <wb> C7 C0 C36 C29 C0 C13 C0 C1 C31 C0 C24 C0 C19 C0 C29 C0 <wb> C31 C0 C29 C0 C16 C22 C0 C36 C20 C0 <wb> C19 C0 C16 <wb> C15 C0 C32 C0 C38 C0 C1 <wb> C15 C0 C36 C16 <wb> C37 C0 C11 <wb> C36 C30 C0 C19 C0 C16 <wb> C28 C0 C29 C0 C32 C0 C16 C19 C0 C31 C0 C1 <wb> C19 C0 C29 C0 <wb> C29 C0 C15 C0 C11 <wb> C33 C0 C11 <wb> C19 C0 C38 C0 C26 C23 C19 C0 C16 <wb> C36 C30 C0 C11 <wb> C11 C19 C0 <wb> C16 C23 <wb> C34 C0 C29 C0 <wb> C37 C0 C38 C0 C36 <wb> C7 C0 C11 C24 C0 C11 <wb> C19 C0 C11 <wb> C21 C0 C16 C11 <wb> C37 C0 C11 <wb> C30 C0 C37 C0 C16 C19 C0 C29 C32 C0 C16 <wb> C7 C0 C11 <wb> C5 C0 C36 C19 C0 C11 <wb> C33 C0 C11,train
9389,"यह माना गया, कि यह पत्रकार उनसे, हार्वर्ड के दिनोँ के बारे में जानना चाहेगा",1,6.253,0,not_selected_by_random,,,,
9391,"स्थानीय पुलिस की कुछ, लानत मलामत भी, इस बात के लिए हुई, कि उसने मामूली पूछताछ के बाद, उसे जाने दिया था",1,7.779,1,,hindi_female_009391.wav,s a th a aa n a ii y a <wb> p a u l a i s a <wb> k a ii <wb> k a u ch a <wb> l a aa n a t a <wb> m a l a aa m a t a <wb> bh a ii <wb> i s a <wb> b a aa t a <wb> k a ee <wb> l a i ee <wb> h a u ii <wb> k a i <wb> u s a n a ee <wb> m a aa m a uu l a ii <wb> p a uu ch a t a aa ch a <wb> k a ee <wb> b a aa d a <wb> u s a ee <wb> j a aa n a ee <wb> d a i y a aa <wb> th a aa,C30 C0 C33 C0 C1 C24 C0 C16 C38 C0 <wb> C28 C0 C36 C21 C0 C16 C30 C0 <wb> C19 C0 C16 <wb> C19 C0 C36 C6 C0 <wb> C21 C0 C1 C24 C0 C32 C0 <wb> C22 C0 C21 C0 C1 C22 C0 C32 C0 <wb> C4 C0 C16 <wb> C16 C30 C0 <wb> C3 C0 C1 C32 C0 <wb> C19 C0 C11 <wb> C21 C0 C16 C11 <wb> C15 C0 C36 C16 <wb> C19 C0 C16 <wb> C36 C30 C0 C24 C0 C11 <wb> C22 C0 C1 C22 C0 C36 C21 C0 C16 <wb> C28 C0 C36 C6 C0 C32 C0 C1 C6 C0 <wb> C19 C0 C11 <wb> C3 C0 C1 C7 C0 <wb> C36 C30 C0 C11 <wb> C17 C0 C1 C24 C0 C11 <wb> C7 C0 C16 C38 C0 C1 <wb> C33 C0 C1,train
9392,"किन्तु, यह सच है, कि शक की सुई को, इस पत्रकार के चारोँ ओर घुमाया जाना, बंद नहीँ हुआ",1,6.618,1,,hindi_female_009392.wav,k a i n a t a u <wb> y a h a <wb> s a c a <wb> h a ei <wb> k a i <wb> sh a k a <wb> k a ii <wb> s a u ii <wb> k a o <wb> i s a <wb> p a t a r a k a aa r a <wb> k a ee <wb> c a aa r a o mq <wb> o r a <wb> gh a u m a aa y a aa <wb> j a aa n a aa <wb> b a q d a <wb> n a h a ii mq <wb> h a u aa,C19 C0 C16 C24 C0 C32 C0 C36 <wb> C38 C0 C15 C0 <wb> C30 C0 C5 C0 <wb> C15 C0 C2 <wb> C19 C0 C16 <wb> C31 C0 C19 C0 <wb> C19 C0 C16 <wb> C30 C0 C36 C16 <wb> C19 C0 C26 <wb> C16 C30 C0 <wb> C28 C0 C32 C0 C29 C0 C19 C0 C1 C29 C0 <wb> C19 C0 C11 <wb> C5 C0 C1 C29 C0 C26 C23 <wb> C26 C29 C0 <wb> C14 C0 C36 C22 C0 C1 C38 C0 C1 <wb> C17 C0 C1 C24 C0 C1 <wb> C3 C0 C23 C7 C0 <wb> C24 C0 C15 C0 C16 C23 <wb> C15 C0 C36 C1,train
9393,"सी.बी.आई. को भी, उसके विरुद्ध, कोई प्रमाण नहीँ मिल पाये थे",1,3.901,1,,hindi_female_009393.wav,s a ii <wb> b a ii <wb> aa ii <wb> k a o <wb> bh a ii <wb> u s a k a ee <wb> w a i r a u d a dh a <wb> k a o ii <wb> p a r a m a aa nx a <wb> n a h a ii mq <wb> m a i l a <wb> p a aa y a ee <wb> th a ee,C30 C0 C16 <wb> C3 C0 C16 <wb> C1 C16 <wb> C19 C0 C26 <wb> C4 C0 C16 <wb> C36 C30 C0 C19 C0 C11 <wb> C37 C0 C16 C29 C0 C36 C7 C0 C8 C0 <wb> C19 C0 C26 C16 <wb> C28 C0 C29 C0 C22 C0 C1 C25 C0 <wb> C24 C0 C15 C0 C16 C23 <wb> C22 C0 C16 C21 C0 <wb> C28 C0 C1 C38 C0 C11 <wb> C33 C0 C11,train
9394,"उस पत्रकार ने भी, अपने को छिपाने की कोई कोशिश नहीँ की थी",1,3.994,1,,hindi_female_009394.wav,u s a <wb> p a t a r a k a aa r a <wb> n a ee <wb> bh a ii <wb> a p a n a ee <wb> k a o <wb> ch a i p a aa n a ee <wb> k a ii <wb> k a o ii <wb> k a o sh a i sh a <wb> n a h a ii mq <wb> k a ii <wb> th a ii,C36 C30 C0 <wb> C28 C0 C32 C0 C29 C0 C19 C0 C1 C29 C0 <wb> C24 C0 C11 <wb> C4 C0 C16 <wb> C0 C28 C0 C24 C0 C11 <wb> C19 C0 C26 <wb> C6 C0 C16 C28 C0 C1 C24 C0 C11 <wb> C19 C0 C16 <wb> C19 C0 C26 C16 <wb> C19 C0 C26 C31 C0 C16 C31 C0 <wb> C24 C0 C15 C0 C16 C23 <wb> C19 C0 C16 <wb> C33 C0 C16,test
9396,"देवदत्त पण्डित की मौत, एक हादसा मानी गयी",1,3.158,1,,hindi_female_009396.wav,d a ee w a d a t a t a <wb> p a nx a dx a i t a <wb> k a ii <wb> m a ou t a <wb> ee k a <wb> h a aa d a s a aa <wb> m a aa n a ii <wb> g a y a ii,C7 C0 C11 C37 C0 C7 C0 C32 C0 C32 C0 <wb> C28 C0 C25 C0 C9 C0 C16 C32 C0 <wb> C19 C0 C16 <wb> C22 C0 C27 C32 C0 <wb> C11 C19 C0 <wb> C15 C0 C1 C7 C0 C30 C0 C1 <wb> C22 C0 C1 C24 C0 C16 <wb> C13 C0 C38 C0 C16,test
9397,"एक पंचनामे के बाद, लाश उनके पट्टीदार, हरिदत्त पण्डित को दे दी गयी",1,5.712,1,,hindi_female_009397.wav,ee k a <wb> p a q c a n a aa m a ee <wb> k a ee <wb> b a aa d a <wb> l a aa sh a <wb> u n a k a ee <wb> p a tx a tx a ii d a aa r a <wb> h a r a i d a t a t a <wb> p a nx a dx a i t a <wb> k a o <wb> d a ee <wb> d a ii <wb> g a y a ii,C11 C19 C0 <wb> C28 C0 C23 C5 C0 C24 C0 C1 C22 C0 C11 <wb> C19 C0 C11 <wb> C3 C0 C1 C7 C0 <wb> C21 C0 C1 C31 C0 <wb> C36 C24 C0 C19 C0 C11 <wb> C28 C0 C34 C0 C34 C0 C16 C7 C0 C1 C29 C0 <wb> C15 C0 C29 C0 C16 C7 C0 C32 C0 C32 C0 <wb> C28 C0 C25 C0 C9 C0 C16 C32 C0 <wb> C19 C0 C26 <wb> C7 C0 C11 <wb> C7 C0 C16 <wb> C13 C0 C38 C0 C16,train
9402,"जो देवदत्त पण्डित के मर जाने के नाते, अब हरिदत्त पण्डित की जोत में आने वाली थी",1,5.55,1,,hindi_female_009402.wav,j a o <wb> d a ee w a d a t a t a <wb> p a nx a dx a i t a <wb> k a ee <wb> m a r a <wb> j a aa n a ee <wb> k a ee <wb> n a aa t a ee <wb> a b a <wb> h a r a i d a t a t a <wb> p a nx a dx a i t a <wb> k a ii <wb> j a o t a <wb> m a ee q <wb> aa n a ee <wb> w a aa l a ii <wb> th a ii,C17 C0 C26 <wb> C7 C0 C11 C37 C0 C7 C0 C32 C0 C32 C0 <wb> C28 C0 C25 C0 C9 C0 C16 C32 C0 <wb> C19 C0 C11 <wb> C22 C0 C29 C0 <wb> C17 C0 C1 C24 C0 C11 <wb> C19 C0 C11 <wb> C24 C0 C1 C32 C0 C11 <wb> C0 C3 C0 <wb> C15 C0 C29 C0 C16 C7 C0 C32 C0 C32 C0 <wb> C28 C0 C25 C0 C9 C0 C16 C32 C0 <wb> C19 C0 C16 <wb> C17 C0 C26 C32 C0 <wb> C22 C0 C11 C23 <wb> C1 C24 C0 C11 <wb> C37 C0 C1 C21 C0 C16 <wb> C33 C0 C16,train
9403,"उनकी चेलाही, और उपरोहिती के कुछ घर ज़रूर, हरिदत्त पण्डित को मिलेँगे, लेकिन, ये घर भी, मामूली किसानोँ के थे",1,8.522,1,,hindi_female_009403.wav,u n a k a ii <wb> c a ee l a aa h a ii <wb> ou r a <wb> u p a r a o h a i t a ii <wb> k a ee <wb> k a u ch a <wb> gh a r a <wb> z a r a uu r a <wb> h a r a i d a t a t a <wb> p a nx a dx a i t a <wb> k a o <wb> m a i l a ee mq g a ee <wb> l a ee k a i n a <wb> y a ee <wb> gh a r a <wb> bh a ii <wb> m a aa m a uu l a ii <wb> k a i s a aa n a o mq <wb> k a ee <wb> th a ee,C36 C24 C0 C19 C0 C16 <wb> C5 C0 C11 C21 C0 C1 C15 C0 C16 <wb> C27 C29 C0 <wb> C36 C28 C0 C29 C0 C26 C15 C0 C16 C32 C0 C16 <wb> C19 C0 C11 <wb> C19 C0 C36 C6 C0 <wb> C14 C0 C29 C0 <wb> C17 C0 C29 C0 C36 C29 C0 <wb> C15 C0 C29 C0 C16 C7 C0 C32 C0 C32 C0 <wb> C28 C0 C25 C0 C9 C0 C16 C32 C0 <wb> C19 C0 C26 <wb> C22 C0 C16 C21 C0 C11 C23 C13 C0 C11 <wb> C21 C0 C11 C19 C0 C16 C24 C0 <wb> C38 C0 C11 <wb> C14 C0 C29 C0 <wb> C4 C0 C16 <wb> C22 C0 C1 C22 C0 C36 C21 C0 C16 <wb> C19 C0 C16 C30 C0 C1 C24 C0 C26 C23 <wb> C19 C0 C11 <wb> C33 C0 C11,train
9404,"यद्यपि, यह नहीँ कहा जा सकता, कि हरिदत्त पण्डित ने, देवदत्त पण्डित के प्रति, अपने बैर में, कोई कमी दिखायी थी",1,8.266,1,,hindi_female_009404.wav,y a d a y a p a i <wb> y a h a <wb> n a h a ii mq <wb> k a h a aa <wb> j a aa <wb> s a k a t a aa <wb> k a i <wb> h a r a i d a t a t a <wb> p a nx a dx a i t a <wb> n a ee <wb> d a ee w a d a t a t a <wb> p a nx a dx a i t a <wb> k a ee <wb> p a r a t a i <wb> a p a n a ee <wb> b a ei r a <wb> m a ee q <wb> k a o ii <wb> k a m a ii <wb> d a i kh a aa y a ii <wb> th a ii,C38 C0 C7 C0 C38 C0 C28 C0 C16 <wb> C38 C0 C15 C0 <wb> C24 C0 C15 C0 C16 C23 <wb> C19 C0 C15 C0 C1 <wb> C17 C0 C1 <wb> C30 C0 C19 C0 C32 C0 C1 <wb> C19 C0 C16 <wb> C15 C0 C29 C0 C16 C7 C0 C32 C0 C32 C0 <wb> C28 C0 C25 C0 C9 C0 C16 C32 C0 <wb> C24 C0 C11 <wb> C7 C0 C11 C37 C0 C7 C0 C32 C0 C32 C0 <wb> C28 C0 C25 C0 C9 C0 C16 C32 C0 <wb> C19 C0 C11 <wb> C28 C0 C29 C0 C32 C0 C16 <wb> C0 C28 C0 C24 C0 C11 <wb> C3 C0 C2 C29 C0 <wb> C22 C0 C11 C23 <wb> C19 C0 C26 C16 <wb> C19 C0 C22 C0 C16 <wb> C7 C0 C16 C20 C0 C1 C38 C0 C16 <wb> C33 C0 C16,train
9407,"उनके मुँह पर, गाँव में इस बात को अनुचित कहने वाला, कोई नहीँ था, यद्यपि, हरिदत्त पण्डित से भी, लोग वैसे ही डरते थे, जैसे वे, देवदत्त पण्डित से डरते थे",1,12.701,1,,hindi_female_009407.wav,u n a k a ee <wb> m a u mq h a <wb> p a r a <wb> g a aa mq w a <wb> m a ee q <wb> i s a <wb> b a aa t a <wb> k a o <wb> a n a u c a i t a <wb> k a h a n a ee <wb> w a aa l a aa <wb> k a o ii <wb> n a h a ii mq <wb> th a aa <wb> y a d a y a p a i <wb> h a r a i d a t a t a <wb> p a nx a dx a i t a <wb> s a ee <wb> bh a ii <wb> l a o g a <wb> w a ei s a ee <wb> h a ii <wb> dx a r a t a ee <wb> th a ee <wb> j a ei s a ee <wb> w a ee <wb> d a ee w a d a t a t a <wb> p a nx a dx a i t a <wb> s a ee <wb> dx a r a t a ee <wb> th a ee,C36 C24 C0 C19 C0 C11 <wb> C22 C0 C36 C23 C15 C0 <wb> C28 C0 C29 C0 <wb> C13 C0 C1 C23 C37 C0 <wb> C22 C0 C11 C23 <wb> C16 C30 C0 <wb> C3 C0 C1 C32 C0 <wb> C19 C0 C26 <wb> C0 C24 C0 C36 C5 C0 C16 C32 C0 <wb> C19 C0 C15 C0 C24 C0 C11 <wb> C37 C0 C1 C21 C0 C1 <wb> C19 C0 C26 C16 <wb> C24 C0 C15 C0 C16 C23 <wb> C33 C0 C1 <wb> C38 C0 C7 C0 C38 C0 C28 C0 C16 <wb> C15 C0 C29 C0 C16 C7 C0 C32 C0 C32 C0 <wb> C28 C0 C25 C0 C9 C0 C16 C32 C0 <wb> C30 C0 C11 <wb> C4 C0 C16 <wb> C21 C0 C26 C13 C0 <wb> C37 C0 C2 C30 C0 C11 <wb> C15 C0 C16 <wb> C9 C0 C29 C0 C32 C0 C11 <wb> C33 C0 C11 <wb> C17 C0 C2 C30 C0 C11 <wb> C37 C0 C11 <wb> C7 C0 C11 C37 C0 C7 C0 C32 C0 C32 C0 <wb> C28 C0 C25 C0 C9 C0 C16 C32 C0 <wb> C30 C0 C11 <wb> C9 C0 C29 C0 C32 C0 C11 <wb> C33 C0 C11,train
9408,"जो जानते थे, वे जानते थे, कि यह पोथी देवदत्त पण्डित के पिता, रविदत्त पण्डित के हाथोँ से लिखी गयी, मेघदूत की एक प्रति थी",1,10.774,1,,hindi_female_009408.wav,j a o <wb> j a aa n a t a ee <wb> th a ee <wb> w a ee <wb> j a aa n a t a ee <wb> th a ee <wb> k a i <wb> y a h a <wb> p a o th a ii <wb> d a ee w a d a t a t a <wb> p a nx a dx a i t a <wb> k a ee <wb> p a i t a aa <wb> r a w a i d a t a t a <wb> p a nx a dx a i t a <wb> k a ee <wb> h a aa th a o mq <wb> s a ee <wb> l a i kh a ii <wb> g a y a ii <wb> m a ee gh a d a uu t a <wb> k a ii <wb> ee k a <wb> p a r a t a i <wb> th a ii,C17 C0 C26 <wb> C17 C0 C1 C24 C0 C32 C0 C11 <wb> C33 C0 C11 <wb> C37 C0 C11 <wb> C17 C0 C1 C24 C0 C32 C0 C11 <wb> C33 C0 C11 <wb> C19 C0 C16 <wb> C38 C0 C15 C0 <wb> C28 C0 C26 C33 C0 C16 <wb> C7 C0 C11 C37 C0 C7 C0 C32 C0 C32 C0 <wb> C28 C0 C25 C0 C9 C0 C16 C32 C0 <wb> C19 C0 C11 <wb> C28 C0 C16 C32 C0 C1 <wb> C29 C0 C37 C0 C16 C7 C0 C32 C0 C32 C0 <wb> C28 C0 C25 C0 C9 C0 C16 C32 C0 <wb> C19 C0 C11 <wb> C15 C0 C1 C33 C0 C26 C23 <wb> C30 C0 C11 <wb> C21 C0 C16 C20 C0 C16 <wb> C13 C0 C38 C0 C16 <wb> C22 C0 C11 C14 C0 C7 C0 C36 C32 C0 <wb> C19 C0 C16 <wb> C11 C19 C0 <wb> C28 C0 C29 C0 C32 C0 C16 <wb> C33 C0 C16,train
9409,"जिसके पहले पन्ने पर, मोटे अक्षरोँ में, सिर्फ़, क्लीं लिखा हुआ था, क्योँकि, रविदत्त पण्डित की देवभक्ति को, भला कौन नहीँ जानता था",1,11.374,0,not_selected_by_random,,,,
9413,"रविदत्त पण्डित की मृत्यु के बाद, प्रतिवर्ष उनके श्राद्ध के अवसर पर, इस पुस्तक को, देवदत्त पण्डित, एक बार नियम से धूप दिखाते, और नया मोरपंख उसके पन्नोँ के बीच रखते",1,13.305,1,,hindi_female_009413.wav,r a w a i d a t a t a <wb> p a nx a dx a i t a <wb> k a ii <wb> m a rq t a y a u <wb> k a ee <wb> b a aa d a <wb> p a r a t a i w a r a sx a <wb> u n a k a ee <wb> sh a r a aa d a dh a <wb> k a ee <wb> a w a s a r a <wb> p a r a <wb> i s a <wb> p a u s a t a k a <wb> k a o <wb> d a ee w a d a t a t a <wb> p a nx a dx a i t a <wb> ee k a <wb> b a aa r a <wb> n a i y a m a <wb> s a ee <wb> dh a uu p a <wb> d a i kh a aa t a ee <wb> ou r a <wb> n a y a aa <wb> m a o r a p a q kh a <wb> u s a k a ee <wb> p a n a n a o mq <wb> k a ee <wb> b a ii c a <wb> r a kh a t a ee,C29 C0 C37 C0 C16 C7 C0 C32 C0 C32 C0 <wb> C28 C0 C25 C0 C9 C0 C16 C32 C0 <wb> C19 C0 C16 <wb> C22 C0 C29 C32 C0 C38 C0 C36 <wb> C19 C0 C11 <wb> C3 C0 C1 C7 C0 <wb> C28 C0 C29 C0 C32 C0 C16 C37 C0 C29 C0 C31 C0 <wb> C36 C24 C0 C19 C0 C11 <wb> C31 C0 C29 C0 C1 C7 C0 C8 C0 <wb> C19 C0 C11 <wb> C0 C37 C0 C30 C0 C29 C0 <wb> C28 C0 C29 C0 <wb> C16 C30 C0 <wb> C28 C0 C36 C30 C0 C32 C0 C19 C0 <wb> C19 C0 C26 <wb> C7 C0 C11 C37 C0 C7 C0 C32 C0 C32 C0 <wb> C28 C0 C25 C0 C9 C0 C16 C32 C0 <wb> C11 C19 C0 <wb> C3 C0 C1 C29 C0 <wb> C24 C0 C16 C38 C0 C22 C0 <wb> C30 C0 C11 <wb> C8 C0 C36 C28 C0 <wb> C7 C0 C16 C20 C0 C1 C32 C0 C11 <wb> C27 C29 C0 <wb> C24 C0 C38 C0 C1 <wb> C22 C0 C26 C29 C0 C28 C0 C23 C20 C0 <wb> C36 C30 C0 C19 C0 C11 <wb> C28 C0 C24 C0 C24 C0 C26 C23 <wb> C19 C0 C11 <wb> C3 C0 C16 C5 C0 <wb> C29 C0 C20 C0 C32 C0 C11,test
9416,"जब राज मती पंडिताइन ने, बच्चों को वापस चाहा, तो बुधिया ने, पारम्परिक मूल्य, ढाई सेर कोदो पर बच्चा वापस करने से इन्कार कर दिया",1,10.78,0,not_selected_by_random,,,,
9418,इसके पेटेंट के लिए आवेदन कर दिया है,1,2.531,1,,hindi_female_009418.wav,i s a k a ee <wb> p a ee tx a ee q tx a <wb> k a ee <wb> l a i ee <wb> aa w a ee d a n a <wb> k a r a <wb> d a i y a aa <wb> h a ei,C16 C30 C0 C19 C0 C11 <wb> C28 C0 C11 C34 C0 C11 C23 C34 C0 <wb> C19 C0 C11 <wb> C21 C0 C16 C11 <wb> C1 C37 C0 C11 C7 C0 C24 C0 <wb> C19 C0 C29 C0 <wb> C7 C0 C16 C38 C0 C1 <wb> C15 C0 C2,train
9419,"अस्तु, कोदई की व्यथा कथा पर लौटते हुए, अख़बार में छिपा था कि, कोदई के पितामह, पण्डित रविदत्त शुक्ल ने, यदि पाँच बरस की उम्र में ही, कोदई का जनेऊ कर दिया, तो इसके पीछे उनका, बुधिया का बेटा होना, प्रमुख कारण था",1,18.352,0,not_selected_by_random,,,,
9420,"किन्तु, कोदई ने, स्वीकार भाषण में, सगर्व कहा, कि वे बुधिया की बेटी, सिधिया को, जो कोदई से दस वर्ष बड़ी थी, अपनी बड़ी बहन मानते हैं",1,11.271,0,not_selected_by_random,,,,
9421,"उन्होंने यह भी बताया, कि छोटी बहन के नाम पर, उनके पास बुधिया की दूसरी बेटी, रिधिया है, जो उनसे तीन बरस छोटी है, और इस प्रकार, अब अठारह बरस की होगी",1,11.819,1,,hindi_female_009421.wav,u n a h a o q n a ee <wb> y a h a <wb> bh a ii <wb> b a t a aa y a aa <wb> k a i <wb> ch a o tx a ii <wb> b a h a n a <wb> k a ee <wb> n a aa m a <wb> p a r a <wb> u n a k a ee <wb> p a aa s a <wb> b a u dh a i y a aa <wb> k a ii <wb> d a uu s a r a ii <wb> b a ee tx a ii <wb> r a i dh a i y a aa <wb> h a ei <wb> j a o <wb> u n a s a ee <wb> t a ii n a <wb> b a r a s a <wb> ch a o tx a ii <wb> h a ei <wb> ou r a <wb> i s a <wb> p a r a k a aa r a <wb> a b a <wb> a txh a aa r a h a <wb> b a r a s a <wb> k a ii <wb> h a o g a ii,C36 C24 C0 C15 C0 C26 C23 C24 C0 C11 <wb> C38 C0 C15 C0 <wb> C4 C0 C16 <wb> C3 C0 C32 C0 C1 C38 C0 C1 <wb> C19 C0 C16 <wb> C6 C0 C26 C34 C0 C16 <wb> C3 C0 C15 C0 C24 C0 <wb> C19 C0 C11 <wb> C24 C0 C1 C22 C0 <wb> C28 C0 C29 C0 <wb> C36 C24 C0 C19 C0 C11 <wb> C28 C0 C1 C30 C0 <wb> C3 C0 C36 C8 C0 C16 C38 C0 C1 <wb> C19 C0 C16 <wb> C7 C0 C36 C30 C0 C29 C0 C16 <wb> C3 C0 C11 C34 C0 C16 <wb> C29 C0 C16 C8 C0 C16 C38 C0 C1 <wb> C15 C0 C2 <wb> C17 C0 C26 <wb> C36 C24 C0 C30 C0 C11 <wb> C32 C0 C16 C24 C0 <wb> C3 C0 C29 C0 C30 C0 <wb> C6 C0 C26 C34 C0 C16 <wb> C15 C0 C2 <wb> C27 C29 C0 <wb> C16 C30 C0 <wb> C28 C0 C29 C0 C19 C0 C1 C29 C0 <wb> C0 C3 C0 <wb> C0 C35 C0 C1 C29 C0 C15 C0 <wb> C3 C0 C29 C0 C30 C0 <wb> C19 C0 C16 <wb> C15 C0 C26 C13 C0 C16,train
9425,"इलाहाबाद का चुनाव इसलिए स्वाभाविक था, कि उनके बेहनोई थे",1,4.04,1,,hindi_female_009425.wav,i l a aa h a aa b a aa d a <wb> k a aa <wb> c a u n a aa w a <wb> i s a l a i ee <wb> s a w a aa bh a aa w a i k a <wb> th a aa <wb> k a i <wb> u n a k a ee <wb> b a ee h a n a o ii <wb> th a ee,C16 C21 C0 C1 C15 C0 C1 C3 C0 C1 C7 C0 <wb> C19 C0 C1 <wb> C5 C0 C36 C24 C0 C1 C37 C0 <wb> C16 C30 C0 C21 C0 C16 C11 <wb> C30 C0 C37 C0 C1 C4 C0 C1 C37 C0 C16 C19 C0 <wb> C33 C0 C1 <wb> C19 C0 C16 <wb> C36 C24 C0 C19 C0 C11 <wb> C3 C0 C11 C15 C0 C24 C0 C26 C16 <wb> C33 C0 C11,train
9426,"सिधिया के पति, सिवदीन मास्टर, वहाँ सन्त रैदास विद्यामन्दिर में, प्रिंसिपल थे",1,6.82,0,not_selected_by_random,,,,
9428,"वहाँ उनका स्वागत हुआ, किन्तु दो शर्तों पर",1,2.995,1,,hindi_female_009428.wav,w a h a aa mq <wb> u n a k a aa <wb> s a w a aa g a t a <wb> h a u aa <wb> k a i n a t a u <wb> d a o <wb> sh a r a t a o q <wb> p a r a,C37 C0 C15 C0 C1 C23 <wb> C36 C24 C0 C19 C0 C1 <wb> C30 C0 C37 C0 C1 C13 C0 C32 C0 <wb> C15 C0 C36 C1 <wb> C19 C0 C16 C24 C0 C32 C0 C36 <wb> C7 C0 C26 <wb> C31 C0 C29 C0 C32 C0 C26 C23 <wb> C28 C0 C29 C0,train
9430,"यह तय हुआ, कि कोदई, अपना भोजन स्वयं बनायेँगे",1,3.785,1,,hindi_female_009430.wav,y a h a <wb> t a y a <wb> h a u aa <wb> k a i <wb> k a o d a ii <wb> a p a n a aa <wb> bh a o j a n a <wb> s a w a y a q <wb> b a n a aa y a ee mq g a ee,C38 C0 C15 C0 <wb> C32 C0 C38 C0 <wb> C15 C0 C36 C1 <wb> C19 C0 C16 <wb> C19 C0 C26 C7 C0 C16 <wb> C0 C28 C0 C24 C0 C1 <wb> C4 C0 C26 C17 C0 C24 C0 <wb> C30 C0 C37 C0 C38 C0 C23 <wb> C3 C0 C24 C0 C1 C38 C0 C11 C23 C13 C0 C11,train
9431,"दूसरी शर्त यह थी, कि सिवदीन मास्टर ने साफ़ कर दिया, कि कोदई बाबू का नाम तो, वे सन्त रैदास विद्यामन्दिर में लिख लेंगे",1,9.218,1,,hindi_female_009431.wav,d a uu s a r a ii <wb> sh a r a t a <wb> y a h a <wb> th a ii <wb> k a i <wb> s a i w a d a ii n a <wb> m a aa s a tx a r a <wb> n a ee <wb> s a aa f a <wb> k a r a <wb> d a i y a aa <wb> k a i <wb> k a o d a ii <wb> b a aa b a uu <wb> k a aa <wb> n a aa m a <wb> t a o <wb> w a ee <wb> s a n a t a <wb> r a ei d a aa s a <wb> w a i d a y a aa m a n a d a i r a <wb> m a ee q <wb> l a i kh a <wb> l a ee q g a ee,C7 C0 C36 C30 C0 C29 C0 C16 <wb> C31 C0 C29 C0 C32 C0 <wb> C38 C0 C15 C0 <wb> C33 C0 C16 <wb> C19 C0 C16 <wb> C30 C0 C16 C37 C0 C7 C0 C16 C24 C0 <wb> C22 C0 C1 C30 C0 C34 C0 C29 C0 <wb> C24 C0 C11 <wb> C30 C0 C1 C12 C0 <wb> C19 C0 C29 C0 <wb> C7 C0 C16 C38 C0 C1 <wb> C19 C0 C16 <wb> C19 C0 C26 C7 C0 C16 <wb> C3 C0 C1 C3 C0 C36 <wb> C19 C0 C1 <wb> C24 C0 C1 C22 C0 <wb> C32 C0 C26 <wb> C37 C0 C11 <wb> C30 C0 C24 C0 C32 C0 <wb> C29 C0 C2 C7 C0 C1 C30 C0 <wb> C37 C0 C16 C7 C0 C38 C0 C1 C22 C0 C24 C0 C7 C0 C16 C29 C0 <wb> C22 C0 C11 C23 <wb> C21 C0 C16 C20 C0 <wb> C21 C0 C11 C23 C13 C0 C11,val
9433,"जो सन्त रैदास विद्यामन्दिर में, मशहूर थी",1,3.483,1,,hindi_female_009433.wav,j a o <wb> s a n a t a <wb> r a ei d a aa s a <wb> w a i d a y a aa m a n a d a i r a <wb> m a ee q <wb> m a sh a h a uu r a <wb> th a ii,C17 C0 C26 <wb> C30 C0 C24 C0 C32 C0 <wb> C29 C0 C2 C7 C0 C1 C30 C0 <wb> C37 C0 C16 C7 C0 C38 C0 C1 C22 C0 C24 C0 C7 C0 C16 C29 C0 <wb> C22 C0 C11 C23 <wb> C22 C0 C31 C0 C15 C0 C36 C29 C0 <wb> C33 C0 C16,train
9434,"नाम लिखने के लिए उन्होँने, कोदई जैसे गँवारू नाम से भरती करने से, अरुचि दिखायी",1,6.664,1,,hindi_female_009434.wav,n a aa m a <wb> l a i kh a n a ee <wb> k a ee <wb> l a i ee <wb> u n a h a o mq n a ee <wb> k a o d a ii <wb> j a ei s a ee <wb> g a mq w a aa r a uu <wb> n a aa m a <wb> s a ee <wb> bh a r a t a ii <wb> k a r a n a ee <wb> s a ee <wb> a r a u c a i <wb> d a i kh a aa y a ii,C24 C0 C1 C22 C0 <wb> C21 C0 C16 C20 C0 C24 C0 C11 <wb> C19 C0 C11 <wb> C21 C0 C16 C11 <wb> C36 C24 C0 C15 C0 C26 C23 C24 C0 C11 <wb> C19 C0 C26 C7 C0 C16 <wb> C17 C0 C2 C30 C0 C11 <wb> C13 C0 C23 C37 C0 C1 C29 C0 C36 <wb> C24 C0 C1 C22 C0 <wb> C30 C0 C11 <wb> C4 C0 C29 C0 C32 C0 C16 <wb> C19 C0 C29 C0 C24 C0 C11 <wb> C30 C0 C11 <wb> C0 C29 C0 C36 C5 C0 C16 <wb> C7 C0 C16 C20 C0 C1 C38 C0 C16,train
9436,"उस समय, डाक्टर लालता प्रसाद वर्मा के मित्र, श्रीनिवास सुब्र मनियन भी वहाँ मौजूद थे",1,6.784,0,not_selected_by_random,,,,
9443,"यहाँ लेखक अपना कर्तव्य समझता है, कि स्वीकार भाषण में, एक क्षेपक डालते हुए, पाठकोँ को यह बताये, कि इस घटनाचक्र का, एक दुष्परिणाम यह हुआ",1,11.958,1,,hindi_female_009443.wav,y a h a aa mq <wb> l a ee kh a k a <wb> a p a n a aa <wb> k a r a t a w a y a <wb> s a m a jh a t a aa <wb> h a ei <wb> k a i <wb> s a w a ii k a aa r a <wb> bh a aa sx a nx a <wb> m a ee q <wb> ee k a <wb> k a sx a ee p a k a <wb> dx a aa l a t a ee <wb> h a u ee <wb> p a aa txh a k a o mq <wb> k a o <wb> y a h a <wb> b a t a aa y a ee <wb> k a i <wb> i s a <wb> gh a tx a n a aa c a k a r a <wb> k a aa <wb> ee k a <wb> d a u sx a p a r a i nx a aa m a <wb> y a h a <wb> h a u aa,C38 C0 C15 C0 C1 C23 <wb> C21 C0 C11 C20 C0 C19 C0 <wb> C0 C28 C0 C24 C0 C1 <wb> C19 C0 C29 C0 C32 C0 C37 C0 C38 C0 <wb> C30 C0 C22 C0 C18 C0 C32 C0 C1 <wb> C15 C0 C2 <wb> C19 C0 C16 <wb> C30 C0 C37 C0 C16 C19 C0 C1 C29 C0 <wb> C4 C0 C1 C31 C0 C25 C0 <wb> C22 C0 C11 C23 <wb> C11 C19 C0 <wb> C19 C0 C31 C0 C11 C28 C0 C19 C0 <wb> C9 C0 C1 C21 C0 C32 C0 C11 <wb> C15 C0 C36 C11 <wb> C28 C0 C1 C35 C0 C19 C0 C26 C23 <wb> C19 C0 C26 <wb> C38 C0 C15 C0 <wb> C3 C0 C32 C0 C1 C38 C0 C11 <wb> C19 C0 C16 <wb> C16 C30 C0 <wb> C14 C0 C34 C0 C24 C0 C1 C5 C0 C19 C0 C29 C0 <wb> C19 C0 C1 <wb> C11 C19 C0 <wb> C7 C0 C36 C31 C0 C28 C0 C29 C0 C16 C25 C0 C1 C22 C0 <wb> C38 C0 C15 C0 <wb> C15 C0 C36 C1,train
9449,"क्षेपक, यहाँ समाप्त होता है",1,2.757,0,not_selected_by_random,,,,
9450,"अभी, कुछ वर्ष पहले तक, भारतीय मुख्यधारा में, एक प्रमुख युवा तिब्बती स्वर रहे, और भारत में ही जन्मे इस युवा कवि को, इन दिनों, साहित्यिक संपादक कम, और गुप्तकार संस्थाएं, और पुलिस ज़्यादा तलाश करते है",1,17.299,1,,hindi_female_009450.wav,a bh a ii <wb> k a u ch a <wb> w a r a sx a <wb> p a h a l a ee <wb> t a k a <wb> bh a aa r a t a ii y a <wb> m a u kh a y a dh a aa r a aa <wb> m a ee q <wb> ee k a <wb> p a r a m a u kh a <wb> y a u w a aa <wb> t a i b a b a t a ii <wb> s a w a r a <wb> r a h a ee <wb> ou r a <wb> bh a aa r a t a <wb> m a ee q <wb> h a ii <wb> j a n a m a ee <wb> i s a <wb> y a u w a aa <wb> k a w a i <wb> k a o <wb> i n a <wb> d a i n a o q <wb> s a aa h a i t a y a i k a <wb> s a q p a aa d a k a <wb> k a m a <wb> ou r a <wb> g a u p a t a k a aa r a <wb> s a q s a th a aa ee q <wb> ou r a <wb> p a u l a i s a <wb> z a y a aa d a aa <wb> t a l a aa sh a <wb> k a r a t a ee <wb> h a ei,C0 C4 C0 C16 <wb> C19 C0 C36 C6 C0 <wb> C37 C0 C29 C0 C31 C0 <wb> C28 C0 C15 C0 C21 C0 C11 <wb> C32 C0 C19 C0 <wb> C4 C0 C1 C29 C0 C32 C0 C16 C38 C0 <wb> C22 C0 C36 C20 C0 C38 C0 C8 C0 C1 C29 C0 C1 <wb> C22 C0 C11 C23 <wb> C11 C19 C0 <wb> C28 C0 C29 C0 C22 C0 C36 C20 C0 <wb> C38 C0 C36 C37 C0 C1 <wb> C32 C0 C16 C3 C0 C3 C0 C32 C0 C16 <wb> C30 C0 C37 C0 C29 C0 <wb> C29 C0 C15 C0 C11 <wb> C27 C29 C0 <wb> C4 C0 C1 C29 C0 C32 C0 <wb> C22 C0 C11 C23 <wb> C15 C0 C16 <wb> C17 C0 C24 C0 C22 C0 C11 <wb> C16 C30 C0 <wb> C38 C0 C36 C37 C0 C1 <wb> C19 C0 C37 C0 C16 <wb> C19 C0 C26 <wb> C16 C24 C0 <wb> C7 C0 C16 C24 C0 C26 C23 <wb> C30 C0 C1 C15 C0 C16 C32 C0 C38 C0 C16 C19 C0 <wb> C30 C0 C23 C28 C0 C1 C7 C0 C19 C0 <wb> C19 C0 C22 C0 <wb> C27 C29 C0 <wb> C13 C0 C36 C28 C0 C32 C0 C19 C0 C1 C29 C0 <wb> C30 C0 C23 C30 C0 C33 C0 C1 C11 C23 <wb> C27 C29 C0 <wb> C28 C0 C36 C21 C0 C16 C30 C0 <wb> C17 C0 C38 C0 C1 C7 C0 C1 <wb> C32 C0 C21 C0 C1 C31 C0 <wb> C19 C0 C29 C0 C32 C0 C11 <wb> C15 C0 C2,train
9452,"इसी कविता पर, उन्हें भारत भूषण अग्रवाल कविता पुरस्कार मिला था",1,4.899,1,,hindi_female_009452.wav,i s a ii <wb> k a w a i t a aa <wb> p a r a <wb> u n a h a ee q <wb> bh a aa r a t a <wb> bh a uu sx a nx a <wb> a g a r a w a aa l a <wb> k a w a i t a aa <wb> p a u r a s a k a aa r a <wb> m a i l a aa <wb> th a aa,C16 C30 C0 C16 <wb> C19 C0 C37 C0 C16 C32 C0 C1 <wb> C28 C0 C29 C0 <wb> C36 C24 C0 C15 C0 C11 C23 <wb> C4 C0 C1 C29 C0 C32 C0 <wb> C4 C0 C36 C31 C0 C25 C0 <wb> C0 C13 C0 C29 C0 C37 C0 C1 C21 C0 <wb> C19 C0 C37 C0 C16 C32 C0 C1 <wb> C28 C0 C36 C29 C0 C30 C0 C19 C0 C1 C29 C0 <wb> C22 C0 C16 C21 C0 C1 <wb> C33 C0 C1,train
9453,"उदय ने, इस कविता के नेपथ्य के बारे में, उन प्रक्रियाओं, और प्रेरणाओं के बारे में लिखना शुरू किया, जो तीन दशक पहले, उनके आस पास मंडरा रही थीं",1,11.61,1,,hindi_female_009453.wav,u d a y a <wb> n a ee <wb> i s a <wb> k a w a i t a aa <wb> k a ee <wb> n a ee p a th a y a <wb> k a ee <wb> b a aa r a ee <wb> m a ee q <wb> u n a <wb> p a r a k a r a i y a aa o q <wb> ou r a <wb> p a r a ee r a nx a aa o q <wb> k a ee <wb> b a aa r a ee <wb> m a ee q <wb> l a i kh a n a aa <wb> sh a u r a uu <wb> k a i y a aa <wb> j a o <wb> t a ii n a <wb> d a sh a k a <wb> p a h a l a ee <wb> u n a k a ee <wb> aa s a <wb> p a aa s a <wb> m a q dx a r a aa <wb> r a h a ii <wb> th a ii q,C36 C7 C0 C38 C0 <wb> C24 C0 C11 <wb> C16 C30 C0 <wb> C19 C0 C37 C0 C16 C32 C0 C1 <wb> C19 C0 C11 <wb> C24 C0 C11 C28 C0 C33 C0 C38 C0 <wb> C19 C0 C11 <wb> C3 C0 C1 C29 C0 C11 <wb> C22 C0 C11 C23 <wb> C36 C24 C0 <wb> C28 C0 C29 C0 C19 C0 C29 C0 C16 C38 C0 C1 C26 C23 <wb> C27 C29 C0 <wb> C28 C0 C29 C0 C11 C29 C0 C25 C0 C1 C26 C23 <wb> C19 C0 C11 <wb> C3 C0 C1 C29 C0 C11 <wb> C22 C0 C11 C23 <wb> C21 C0 C16 C20 C0 C24 C0 C1 <wb> C31 C0 C36 C29 C0 C36 <wb> C19 C0 C16 C38 C0 C1 <wb> C17 C0 C26 <wb> C32 C0 C16 C24 C0 <wb> C7 C0 C31 C0 C19 C0 <wb> C28 C0 C15 C0 C21 C0 C11 <wb> C36 C24 C0 C19 C0 C11 <wb> C1 C30 C0 <wb> C28 C0 C1 C30 C0 <wb> C22 C0 C23 C9 C0 C29 C0 C1 <wb> C29 C0 C15 C0 C16 <wb> C33 C0 C16 C23,train
9454,"यही गद्य, हमारी शीर्ष कथा, बनना था",1,3.413,1,,hindi_female_009454.wav,y a h a ii <wb> g a d a y a <wb> h a m a aa r a ii <wb> sh a ii r a sx a <wb> k a th a aa <wb> b a n a n a aa <wb> th a aa,C38 C0 C15 C0 C16 <wb> C13 C0 C7 C0 C38 C0 <wb> C15 C0 C22 C0 C1 C29 C0 C16 <wb> C31 C0 C16 C29 C0 C31 C0 <wb> C19 C0 C33 C0 C1 <wb> C3 C0 C24 C0 C24 C0 C1 <wb> C33 C0 C1,train
9456,"मध्य मई में, जयपुर में, सीरियल बम धमाके हुए, और अचानक ही, यह संसार हमारे लिए बदल गया",1,8.757,0,not_selected_by_random,,,,
9457,"वह शहर, जिसे हम दूसरी जगह से ज़्यादा प्रेम और घृणा करते हैं, उस शहर की ज्यामिति बिगड़ गयी थी",1,7.059,1,,hindi_female_009457.wav,w a h a <wb> sh a h a r a <wb> j a i s a ee <wb> h a m a <wb> d a uu s a r a ii <wb> j a g a h a <wb> s a ee <wb> z a y a aa d a aa <wb> p a r a ee m a <wb> ou r a <wb> gh a rq nx a aa <wb> k a r a t a ee <wb> h a ei q <wb> u s a <wb> sh a h a r a <wb> k a ii <wb> j a y a aa m a i t a i <wb> b a i g a dxq a <wb> g a y a ii <wb> th a ii,C37 C0 C15 C0 <wb> C31 C0 C15 C0 C29 C0 <wb> C17 C0 C16 C30 C0 C11 <wb> C15 C0 C22 C0 <wb> C7 C0 C36 C30 C0 C29 C0 C16 <wb> C17 C0 C13 C0 C15 C0 <wb> C30 C0 C11 <wb> C17 C0 C38 C0 C1 C7 C0 C1 <wb> C28 C0 C29 C0 C11 C22 C0 <wb> C27 C29 C0 <wb> C14 C0 C29 C25 C0 C1 <wb> C19 C0 C29 C0 C32 C0 C11 <wb> C15 C0 C2 C23 <wb> C36 C30 C0 <wb> C31 C0 C15 C0 C29 C0 <wb> C19 C0 C16 <wb> C17 C0 C38 C0 C1 C22 C0 C16 C32 C0 C16 <wb> C3 C0 C16 C13 C0 C9 C0 <wb> C13 C0 C38 C0 C16 <wb> C33 C0 C16,train
9458,"मुख्यधारा मीडिया में, हमारी शान्ति, और उनका हमला का मुहावरा, हर तरफ़ फैल गया है",1,7.384,0,not_selected_by_random,,,,
9459,यह बात आज से कई साल पुरानी है,1,2.345,1,,hindi_female_009459.wav,y a h a <wb> b a aa t a <wb> aa j a <wb> s a ee <wb> k a ii <wb> s a aa l a <wb> p a u r a aa n a ii <wb> h a ei,C38 C0 C15 C0 <wb> C3 C0 C1 C32 C0 <wb> C1 C17 C0 <wb> C30 C0 C11 <wb> C19 C0 C16 <wb> C30 C0 C1 C21 C0 <wb> C28 C0 C36 C29 C0 C1 C24 C0 C16 <wb> C15 C0 C2,train
9460,"मेरा जन्म, मध्य प्रदेश के एक बहुत छोटे से गांव, सीतापुर में, सन में हुआ था",1,6.999,0,not_selected_by_random,,,,
9461,तब तक हमारे यहां बिजली नहीं आई थी,1,2.776,0,not_selected_by_random,,,,
9463,"बल्कि आज तक मुझे लालटेनें, और ढिबरियां अच्छी लगती हैं",1,4.226,1,,hindi_female_009463.wav,b a l a k a i <wb> aa j a <wb> t a k a <wb> m a u jh a ee <wb> l a aa l a tx a ee n a ee q <wb> ou r a <wb> dxh a i b a r a i y a aa q <wb> a c a ch a ii <wb> l a g a t a ii <wb> h a ei q,C3 C0 C21 C0 C19 C0 C16 <wb> C1 C17 C0 <wb> C32 C0 C19 C0 <wb> C22 C0 C36 C18 C0 C11 <wb> C21 C0 C1 C21 C0 C34 C0 C11 C24 C0 C11 C23 <wb> C27 C29 C0 <wb> C10 C0 C16 C3 C0 C29 C0 C16 C38 C0 C1 C23 <wb> C0 C5 C0 C6 C0 C16 <wb> C21 C0 C13 C0 C32 C0 C16 <wb> C15 C0 C2 C23,train
9465,"दियों को मैं दीवाली, और पूजा त्यौहार के अलावा, कभी पसंद नहीं कर पाया",1,5.459,0,not_selected_by_random,,,,
9468,"हमारे घर में, भारत नाम का अखबार, इलाहाबाद से आता था, और कभी कभी, नव भारत भी",1,6.641,1,,hindi_female_009468.wav,h a m a aa r a ee <wb> gh a r a <wb> m a ee q <wb> bh a aa r a t a <wb> n a aa m a <wb> k a aa <wb> a kh a b a aa r a <wb> i l a aa h a aa b a aa d a <wb> s a ee <wb> aa t a aa <wb> th a aa <wb> ou r a <wb> k a bh a ii <wb> k a bh a ii <wb> n a w a <wb> bh a aa r a t a <wb> bh a ii,C15 C0 C22 C0 C1 C29 C0 C11 <wb> C14 C0 C29 C0 <wb> C22 C0 C11 C23 <wb> C4 C0 C1 C29 C0 C32 C0 <wb> C24 C0 C1 C22 C0 <wb> C19 C0 C1 <wb> C0 C20 C0 C3 C0 C1 C29 C0 <wb> C16 C21 C0 C1 C15 C0 C1 C3 C0 C1 C7 C0 <wb> C30 C0 C11 <wb> C1 C32 C0 C1 <wb> C33 C0 C1 <wb> C27 C29 C0 <wb> C19 C0 C4 C0 C16 <wb> C19 C0 C4 C0 C16 <wb> C24 C0 C37 C0 <wb> C4 C0 C1 C29 C0 C32 C0 <wb> C4 C0 C16,train
9471,"पिता जी को किताबें, और बेंत की कुर्सियां बहुत पसंद थीं, जिन्हें वे इलाहाबाद से मंगाते थे",1,6.478,1,,hindi_female_009471.wav,p a i t a aa <wb> j a ii <wb> k a o <wb> k a i t a aa b a ee q <wb> ou r a <wb> b a ee q t a <wb> k a ii <wb> k a u r a s a i y a aa q <wb> b a h a u t a <wb> p a s a q d a <wb> th a ii q <wb> j a i n a h a ee q <wb> w a ee <wb> i l a aa h a aa b a aa d a <wb> s a ee <wb> m a q g a aa t a ee <wb> th a ee,C28 C0 C16 C32 C0 C1 <wb> C17 C0 C16 <wb> C19 C0 C26 <wb> C19 C0 C16 C32 C0 C1 C3 C0 C11 C23 <wb> C27 C29 C0 <wb> C3 C0 C11 C23 C32 C0 <wb> C19 C0 C16 <wb> C19 C0 C36 C29 C0 C30 C0 C16 C38 C0 C1 C23 <wb> C3 C0 C15 C0 C36 C32 C0 <wb> C28 C0 C30 C0 C23 C7 C0 <wb> C33 C0 C16 C23 <wb> C17 C0 C16 C24 C0 C15 C0 C11 C23 <wb> C37 C0 C11 <wb> C16 C21 C0 C1 C15 C0 C1 C3 C0 C1 C7 C0 <wb> C30 C0 C11 <wb> C22 C0 C23 C13 C0 C1 C32 C0 C11 <wb> C33 C0 C11,val
9473,"एक हैंडिल से, उसमें चाभी भरने पर, रिकॉर्ड घूमता था",1,4.063,1,,hindi_female_009473.wav,ee k a <wb> h a ei q dx a i l a <wb> s a ee <wb> u s a m a ee q <wb> c a aa bh a ii <wb> bh a r a n a ee <wb> p a r a <wb> r a i k a r a dx a <wb> gh a uu m a t a aa <wb> th a aa,C11 C19 C0 <wb> C15 C0 C2 C23 C9 C0 C16 C21 C0 <wb> C30 C0 C11 <wb> C36 C30 C0 C22 C0 C11 C23 <wb> C5 C0 C1 C4 C0 C16 <wb> C4 C0 C29 C0 C24 C0 C11 <wb> C28 C0 C29 C0 <wb> C29 C0 C16 C19 C0 C29 C0 C9 C0 <wb> C14 C0 C36 C22 C0 C32 C0 C1 <wb> C33 C0 C1,train
9474,"लेकिन, चूंकि उसका स्प्रिंग टूटा हुआ था, और साउंड बॉक्स भी, जंग खाकर बेकार हो चुका था",1,6.385,1,,hindi_female_009474.wav,l a ee k a i n a <wb> c a uu q k a i <wb> u s a k a aa <wb> s a p a r a i q g a <wb> tx a uu tx a aa <wb> h a u aa <wb> th a aa <wb> ou r a <wb> s a aa u q dx a <wb> b a k a s a <wb> bh a ii <wb> j a q g a <wb> kh a aa k a r a <wb> b a ee k a aa r a <wb> h a o <wb> c a u k a aa <wb> th a aa,C21 C0 C11 C19 C0 C16 C24 C0 <wb> C5 C0 C36 C23 C19 C0 C16 <wb> C36 C30 C0 C19 C0 C1 <wb> C30 C0 C28 C0 C29 C0 C16 C23 C13 C0 <wb> C34 C0 C36 C34 C0 C1 <wb> C15 C0 C36 C1 <wb> C33 C0 C1 <wb> C27 C29 C0 <wb> C30 C0 C1 C36 C23 C9 C0 <wb> C3 C0 C19 C0 C30 C0 <wb> C4 C0 C16 <wb> C17 C0 C23 C13 C0 <wb> C20 C0 C1 C19 C0 C29 C0 <wb> C3 C0 C11 C19 C0 C1 C29 C0 <wb> C15 C0 C26 <wb> C5 C0 C36 C19 C0 C1 <wb> C33 C0 C1,train
9477,टेक्नॉलॉजी के साथ हमेशा यही होता है,1,2.801,0,not_selected_by_random,,,,
9478,"मैं और मेरे भाई, दोनों ऐसी त्यागी जा चुकी पुरानी चीज़ों को, दुबारा जीवित और ठीक करने में, दिन रात लगे रहते थे",1,8.661,1,,hindi_female_009478.wav,m a ei q <wb> ou r a <wb> m a ee r a ee <wb> bh a aa ii <wb> d a o n a o q <wb> ei s a ii <wb> t a y a aa g a ii <wb> j a aa <wb> c a u k a ii <wb> p a u r a aa n a ii <wb> c a ii z a o q <wb> k a o <wb> d a u b a aa r a aa <wb> j a ii w a i t a <wb> ou r a <wb> txh a ii k a <wb> k a r a n a ee <wb> m a ee q <wb> d a i n a <wb> r a aa t a <wb> l a g a ee <wb> r a h a t a ee <wb> th a ee,C22 C0 C2 C23 <wb> C27 C29 C0 <wb> C22 C0 C11 C29 C0 C11 <wb> C4 C0 C1 C16 <wb> C7 C0 C26 C24 C0 C26 C23 <wb> C2 C30 C0 C16 <wb> C32 C0 C38 C0 C1 C13 C0 C16 <wb> C17 C0 C1 <wb> C5 C0 C36 C19 C0 C16 <wb> C28 C0 C36 C29 C0 C1 C24 C0 C16 <wb> C5 C0 C16 C17 C0 C26 C23 <wb> C19 C0 C26 <wb> C7 C0 C36 C3 C0 C1 C29 C0 C1 <wb> C17 C0 C16 C37 C0 C16 C32 C0 <wb> C27 C29 C0 <wb> C35 C0 C16 C19 C0 <wb> C19 C0 C29 C0 C24 C0 C11 <wb> C22 C0 C11 C23 <wb> C7 C0 C16 C24 C0 <wb> C29 C0 C1 C32 C0 <wb> C21 C0 C13 C0 C11 <wb> C29 C0 C15 C0 C32 C0 C11 <wb> C33 C0 C11,train
9480,"मकांदो में किये जा रहे, वैज्ञानिक तकनीकी आविष्कारों से, कम रोमांचक, हमारे बचपन की उपलब्धियां नहीं थीं",1,7.593,1,,hindi_female_009480.wav,m a k a aa q d a o <wb> m a ee q <wb> k a i y a ee <wb> j a aa <wb> r a h a ee <wb> w a ei j a nj a aa n a i k a <wb> t a k a n a ii k a ii <wb> aa w a i sx a k a aa r a o q <wb> s a ee <wb> k a m a <wb> r a o m a aa q c a k a <wb> h a m a aa r a ee <wb> b a c a p a n a <wb> k a ii <wb> u p a l a b a dh a i y a aa q <wb> n a h a ii q <wb> th a ii q,C22 C0 C19 C0 C1 C23 C7 C0 C26 <wb> C22 C0 C11 C23 <wb> C19 C0 C16 C38 C0 C11 <wb> C17 C0 C1 <wb> C29 C0 C15 C0 C11 <wb> C37 C0 C2 C17 C0 C24 C0 C1 C24 C0 C16 C19 C0 <wb> C32 C0 C19 C0 C24 C0 C16 C19 C0 C16 <wb> C1 C37 C0 C16 C31 C0 C19 C0 C1 C29 C0 C26 C23 <wb> C30 C0 C11 <wb> C19 C0 C22 C0 <wb> C29 C0 C26 C22 C0 C1 C23 C5 C0 C19 C0 <wb> C15 C0 C22 C0 C1 C29 C0 C11 <wb> C3 C0 C5 C0 C28 C0 C24 C0 <wb> C19 C0 C16 <wb> C36 C28 C0 C21 C0 C3 C0 C8 C0 C16 C38 C0 C1 C23 <wb> C24 C0 C15 C0 C16 C23 <wb> C33 C0 C16 C23,train
9481,"बैटरी और चुंबक और टिन की पट्टी से, बार बार जलने बुझने वाला बल्ब, तांबे के तारों को, मोम में डुबाकर, इंसुलेट करके, और आर्मेचर बाइंडिंग करके, घूमने वाली छोटी सी पंखी बनायीं थी",1,15.24,0,not_selected_by_random,,,,
9484,"हमारे गांव से तीन किलोमीटर दूर, अनूपपुर रेल्वे जंक्शन था",1,5.041,0,not_selected_by_random,,,,
9488,"हम तो, तिब्बत के शरणार्थियों की बात कर रहे थे, जिन्हें हम सब, लामा ही कहते थे",1,5.619,1,,hindi_female_009488.wav,h a m a <wb> t a o <wb> t a i b a b a t a <wb> k a ee <wb> sh a r a nx a aa r a th a i y a o q <wb> k a ii <wb> b a aa t a <wb> k a r a <wb> r a h a ee <wb> th a ee <wb> j a i n a h a ee q <wb> h a m a <wb> s a b a <wb> l a aa m a aa <wb> h a ii <wb> k a h a t a ee <wb> th a ee,C15 C0 C22 C0 <wb> C32 C0 C26 <wb> C32 C0 C16 C3 C0 C3 C0 C32 C0 <wb> C19 C0 C11 <wb> C31 C0 C29 C0 C25 C0 C1 C29 C0 C33 C0 C16 C38 C0 C26 C23 <wb> C19 C0 C16 <wb> C3 C0 C1 C32 C0 <wb> C19 C0 C29 C0 <wb> C29 C0 C15 C0 C11 <wb> C33 C0 C11 <wb> C17 C0 C16 C24 C0 C15 C0 C11 C23 <wb> C15 C0 C22 C0 <wb> C30 C0 C3 C0 <wb> C21 C0 C1 C22 C0 C1 <wb> C15 C0 C16 <wb> C19 C0 C15 C0 C32 C0 C11 <wb> C33 C0 C11,train
9489,"तो लामा, अपने परिवारों के साथ, उसी अनूपपुर के प्लेटफ़ॉर्म पर उतरते थे",1,5.387,1,,hindi_female_009489.wav,t a o <wb> l a aa m a aa <wb> a p a n a ee <wb> p a r a i w a aa r a o q <wb> k a ee <wb> s a aa th a <wb> u s a ii <wb> a n a uu p a p a u r a <wb> k a ee <wb> p a l a ee tx a f a r a m a <wb> p a r a <wb> u t a r a t a ee <wb> th a ee,C32 C0 C26 <wb> C21 C0 C1 C22 C0 C1 <wb> C0 C28 C0 C24 C0 C11 <wb> C28 C0 C29 C0 C16 C37 C0 C1 C29 C0 C26 C23 <wb> C19 C0 C11 <wb> C30 C0 C1 C33 C0 <wb> C36 C30 C0 C16 <wb> C0 C24 C0 C36 C28 C0 C28 C0 C36 C29 C0 <wb> C19 C0 C11 <wb> C28 C0 C21 C0 C11 C34 C0 C12 C0 C29 C0 C22 C0 <wb> C28 C0 C29 C0 <wb> C36 C32 C0 C29 C0 C32 C0 C11 <wb> C33 C0 C11,train
9494,"उन्हें वहां देखना, हम बच्चों के लिए, एक बिल्कुल नया दृश्य बनता",1,5.256,0,not_selected_by_random,,,,
9496,"लेकिन, लामा लोग खूब गोरे और सुंदर होते थे",1,3.576,1,,hindi_female_009496.wav,l a ee k a i n a <wb> l a aa m a aa <wb> l a o g a <wb> kh a uu b a <wb> g a o r a ee <wb> ou r a <wb> s a u q d a r a <wb> h a o t a ee <wb> th a ee,C21 C0 C11 C19 C0 C16 C24 C0 <wb> C21 C0 C1 C22 C0 C1 <wb> C21 C0 C26 C13 C0 <wb> C20 C0 C36 C3 C0 <wb> C13 C0 C26 C29 C0 C11 <wb> C27 C29 C0 <wb> C30 C0 C36 C23 C7 C0 C29 C0 <wb> C15 C0 C26 C32 C0 C11 <wb> C33 C0 C11,train
9497,"उनके बच्चे और स्त्रियां तो, इतनी सुंदर होतीं, कि उन्हें देखते, हमारी आंखें पलक झपकना, बंद कर देतीं",1,8.15,1,,hindi_female_009497.wav,u n a k a ee <wb> b a c a c a ee <wb> ou r a <wb> s a t a r a i y a aa q <wb> t a o <wb> i t a n a ii <wb> s a u q d a r a <wb> h a o t a ii q <wb> k a i <wb> u n a h a ee q <wb> d a ee kh a t a ee <wb> h a m a aa r a ii <wb> aa q kh a ee q <wb> p a l a k a <wb> jh a p a k a n a aa <wb> b a q d a <wb> k a r a <wb> d a ee t a ii q,C36 C24 C0 C19 C0 C11 <wb> C3 C0 C5 C0 C5 C0 C11 <wb> C27 C29 C0 <wb> C30 C0 C32 C0 C29 C0 C16 C38 C0 C1 C23 <wb> C32 C0 C26 <wb> C16 C32 C0 C24 C0 C16 <wb> C30 C0 C36 C23 C7 C0 C29 C0 <wb> C15 C0 C26 C32 C0 C16 C23 <wb> C19 C0 C16 <wb> C36 C24 C0 C15 C0 C11 C23 <wb> C7 C0 C11 C20 C0 C32 C0 C11 <wb> C15 C0 C22 C0 C1 C29 C0 C16 <wb> C1 C23 C20 C0 C11 C23 <wb> C28 C0 C21 C0 C19 C0 <wb> C18 C0 C28 C0 C19 C0 C24 C0 C1 <wb> C3 C0 C23 C7 C0 <wb> C19 C0 C29 C0 <wb> C7 C0 C11 C32 C0 C16 C23,train
9498,"हम बच्चों को, लामा लोग प्यार करते थे",1,3.511,0,not_selected_by_random,,,,
9499,"अपने कंधे पर लटकते, गेरुआ झोले में से, लेमंचूस, और रंगीन मीठीगोलियां देते थे",1,7.751,0,not_selected_by_random,,,,
9500,"राक्षस जैसे त्रिपुंडधारी, राजमती सिंह, उर्फ़ राजमटा सिंह की तुलना में, तिब्बत से आये हुए लामा, देवदूत लगते थे",1,10.799,0,not_selected_by_random,,,,
9501,"हम बच्चों के लिए दया, वत्सलता, करुणा, और प्रेम से भरे देवदूत जैसे लगते थे",1,7.836,0,not_selected_by_random,,,,
9502,"हम इन चींटियों को, पतंगों के नाम से, उनके जीवन के कुछ पलों में जानते हैं",1,5.782,1,,hindi_female_009502.wav,h a m a <wb> i n a <wb> c a ii q tx a i y a o q <wb> k a o <wb> p a t a q g a o q <wb> k a ee <wb> n a aa m a <wb> s a ee <wb> u n a k a ee <wb> j a ii w a n a <wb> k a ee <wb> k a u ch a <wb> p a l a o q <wb> m a ee q <wb> j a aa n a t a ee <wb> h a ei q,C15 C0 C22 C0 <wb> C16 C24 C0 <wb> C5 C0 C16 C23 C34 C0 C16 C38 C0 C26 C23 <wb> C19 C0 C26 <wb> C28 C0 C32 C0 C23 C13 C0 C26 C23 <wb> C19 C0 C11 <wb> C24 C0 C1 C22 C0 <wb> C30 C0 C11 <wb> C36 C24 C0 C19 C0 C11 <wb> C17 C0 C16 C37 C0 C24 C0 <wb> C19 C0 C11 <wb> C19 C0 C36 C6 C0 <wb> C28 C0 C21 C0 C26 C23 <wb> C22 C0 C11 C23 <wb> C17 C0 C1 C24 C0 C32 C0 C11 <wb> C15 C0 C2 C23,train
9507,"उनकी सभ्यता के इतिहास में, किसी यूटोपिया के बनने, और फिर उसके टूटने का मार्मिक अध्याय होता है",1,8.481,0,not_selected_by_random,,,,
9508,ठीक मनुष्यों की सभ्यता के इतिहास के किसी खण्ड की तरह है,1,4.18,1,,hindi_female_009508.wav,txh a ii k a <wb> m a n a u sx a y a o q <wb> k a ii <wb> s a bh a y a t a aa <wb> k a ee <wb> i t a i h a aa s a <wb> k a ee <wb> k a i s a ii <wb> kh a nx a dx a <wb> k a ii <wb> t a r a h a <wb> h a ei,C35 C0 C16 C19 C0 <wb> C22 C0 C24 C0 C36 C31 C0 C38 C0 C26 C23 <wb> C19 C0 C16 <wb> C30 C0 C4 C0 C38 C0 C32 C0 C1 <wb> C19 C0 C11 <wb> C16 C32 C0 C16 C15 C0 C1 C30 C0 <wb> C19 C0 C11 <wb> C19 C0 C16 C30 C0 C16 <wb> C20 C0 C25 C0 C9 C0 <wb> C19 C0 C16 <wb> C32 C0 C29 C0 C15 C0 <wb> C15 C0 C2,train
9509,"रात में, घर में, हर ओर, नदी की धार के साथ, बह कर आने वाले, सांप, गोजर, कनखजूरे, और कछुए टहलने लगेंगे",1,12.005,1,,hindi_female_009509.wav,r a aa t a <wb> m a ee q <wb> gh a r a <wb> m a ee q <wb> h a r a <wb> o r a <wb> n a d a ii <wb> k a ii <wb> dh a aa r a <wb> k a ee <wb> s a aa th a <wb> b a h a <wb> k a r a <wb> aa n a ee <wb> w a aa l a ee <wb> s a aa q p a <wb> g a o j a r a <wb> k a n a kh a j a uu r a ee <wb> ou r a <wb> k a ch a u ee <wb> tx a h a l a n a ee <wb> l a g a ee q g a ee,C29 C0 C1 C32 C0 <wb> C22 C0 C11 C23 <wb> C14 C0 C29 C0 <wb> C22 C0 C11 C23 <wb> C15 C0 C29 C0 <wb> C26 C29 C0 <wb> C24 C0 C7 C0 C16 <wb> C19 C0 C16 <wb> C8 C0 C1 C29 C0 <wb> C19 C0 C11 <wb> C30 C0 C1 C33 C0 <wb> C3 C0 C15 C0 <wb> C19 C0 C29 C0 <wb> C1 C24 C0 C11 <wb> C37 C0 C1 C21 C0 C11 <wb> C30 C0 C1 C23 C28 C0 <wb> C13 C0 C26 C17 C0 C29 C0 <wb> C19 C0 C24 C0 C20 C0 C17 C0 C36 C29 C0 C11 <wb> C27 C29 C0 <wb> C19 C0 C6 C0 C36 C11 <wb> C34 C0 C15 C0 C21 C0 C24 C0 C11 <wb> C21 C0 C13 C0 C11 C23 C13 C0 C11,train
9510,"धरती की दरारों में, महीनों से, समाधि लगाए, या हाइबरनेट करते, ये तरह तरह के मेंढक भी, पहली बरसात के साथ ही, बाहर निकल आते हैं, और रात भर, हम उनकी आवाज़ सुनते हैं",1,16.575,0,not_selected_by_random,,,,
9511,"झींगुरों के गिटार, पहरुए पक्षी की टनक, किसी रात्रि पक्षी की, दूर तक जाती, मेंडोलिन या बांसुरी की संगत में, लगातार चलता संगीत, बहुत मनमोहक प्रतीत होता है",1,14.471,0,not_selected_by_random,,,,
9512,"हम जूतों के भीतर, रात में पांव डालते डरते हैं",1,4.496,0,not_selected_by_random,,,,
9513,"एक बार फूफा जी ने, आधी रात, अपने सिरहाने रखी टॉर्च उठानी चाही, तो वह अजीब सी आवाज़ निकालता भाग गया",1,8.522,1,,hindi_female_009513.wav,ee k a <wb> b a aa r a <wb> ph a uu ph a aa <wb> j a ii <wb> n a ee <wb> aa dh a ii <wb> r a aa t a <wb> a p a n a ee <wb> s a i r a h a aa n a ee <wb> r a kh a ii <wb> tx a r a c a <wb> u txh a aa n a ii <wb> c a aa h a ii <wb> t a o <wb> w a h a <wb> a j a ii b a <wb> s a ii <wb> aa w a aa z a <wb> n a i k a aa l a t a aa <wb> bh a aa g a <wb> g a y a aa,C11 C19 C0 <wb> C3 C0 C1 C29 C0 <wb> C12 C0 C36 C12 C0 C1 <wb> C17 C0 C16 <wb> C24 C0 C11 <wb> C1 C8 C0 C16 <wb> C29 C0 C1 C32 C0 <wb> C0 C28 C0 C24 C0 C11 <wb> C30 C0 C16 C29 C0 C15 C0 C1 C24 C0 C11 <wb> C29 C0 C20 C0 C16 <wb> C34 C0 C29 C0 C5 C0 <wb> C36 C35 C0 C1 C24 C0 C16 <wb> C5 C0 C1 C15 C0 C16 <wb> C32 C0 C26 <wb> C37 C0 C15 C0 <wb> C0 C17 C0 C16 C3 C0 <wb> C30 C0 C16 <wb> C1 C37 C0 C1 C17 C0 <wb> C24 C0 C16 C19 C0 C1 C21 C0 C32 C0 C1 <wb> C4 C0 C1 C13 C0 <wb> C13 C0 C38 C0 C1,train
9514,"इस पूरे इलाके में अब भी, बुद्ध की बहुत सी खंडित, टूटी फूटी प्रतिमाएं, यहां वहां मिलती हैं",1,8.222,0,not_selected_by_random,,,,
9515,"उस इलाके में जब कोई कुआं खोदता है, या अपने नये घर की नींव, तो ऐसी मूर्तियों का मिलना, एक सामान्य सी बात है",1,8.684,1,,hindi_female_009515.wav,u s a <wb> i l a aa k a ee <wb> m a ee q <wb> j a b a <wb> k a o ii <wb> k a u aa q <wb> kh a o d a t a aa <wb> h a ei <wb> y a aa <wb> a p a n a ee <wb> n a y a ee <wb> gh a r a <wb> k a ii <wb> n a ii q w a <wb> t a o <wb> ei s a ii <wb> m a uu r a t a i y a o q <wb> k a aa <wb> m a i l a n a aa <wb> ee k a <wb> s a aa m a aa n a y a <wb> s a ii <wb> b a aa t a <wb> h a ei,C36 C30 C0 <wb> C16 C21 C0 C1 C19 C0 C11 <wb> C22 C0 C11 C23 <wb> C17 C0 C3 C0 <wb> C19 C0 C26 C16 <wb> C19 C0 C36 C1 C23 <wb> C20 C0 C26 C7 C0 C32 C0 C1 <wb> C15 C0 C2 <wb> C38 C0 C1 <wb> C0 C28 C0 C24 C0 C11 <wb> C24 C0 C38 C0 C11 <wb> C14 C0 C29 C0 <wb> C19 C0 C16 <wb> C24 C0 C16 C23 C37 C0 <wb> C32 C0 C26 <wb> C2 C30 C0 C16 <wb> C22 C0 C36 C29 C0 C32 C0 C16 C38 C0 C26 C23 <wb> C19 C0 C1 <wb> C22 C0 C16 C21 C0 C24 C0 C1 <wb> C11 C19 C0 <wb> C30 C0 C1 C22 C0 C1 C24 C0 C38 C0 <wb> C30 C0 C16 <wb> C3 C0 C1 C32 C0 <wb> C15 C0 C2,train
9516,"कलिंग का वह क्षेत्र, जहां अतिक्रमणकारी, सम्राट् अशोक की सेना ने, निहत्थे गरीब, शांत लोगों के अहिंसक प्रतिरोध के उत्तर में, भयावह जनसंहार किया था",1,13.026,1,,hindi_female_009516.wav,k a l a i q g a <wb> k a aa <wb> w a h a <wb> k a sx a ee t a r a <wb> j a h a aa q <wb> a t a i k a r a m a nx a k a aa r a ii <wb> s a m a r a aa tx a <wb> a sh a o k a <wb> k a ii <wb> s a ee n a aa <wb> n a ee <wb> n a i h a t a th a ee <wb> g a r a ii b a <wb> sh a aa q t a <wb> l a o g a o q <wb> k a ee <wb> a h a i q s a k a <wb> p a r a t a i r a o dh a <wb> k a ee <wb> u t a t a r a <wb> m a ee q <wb> bh a y a aa w a h a <wb> j a n a s a q h a aa r a <wb> k a i y a aa <wb> th a aa,C19 C0 C21 C0 C16 C23 C13 C0 <wb> C19 C0 C1 <wb> C37 C0 C15 C0 <wb> C19 C0 C31 C0 C11 C32 C0 C29 C0 <wb> C17 C0 C15 C0 C1 C23 <wb> C0 C32 C0 C16 C19 C0 C29 C0 C22 C0 C25 C0 C19 C0 C1 C29 C0 C16 <wb> C30 C0 C22 C0 C29 C0 C1 C34 C0 <wb> C0 C31 C0 C26 C19 C0 <wb> C19 C0 C16 <wb> C30 C0 C11 C24 C0 C1 <wb> C24 C0 C11 <wb> C24 C0 C16 C15 C0 C32 C0 C33 C0 C11 <wb> C13 C0 C29 C0 C16 C3 C0 <wb> C31 C0 C1 C23 C32 C0 <wb> C21 C0 C26 C13 C0 C26 C23 <wb> C19 C0 C11 <wb> C0 C15 C0 C16 C23 C30 C0 C19 C0 <wb> C28 C0 C29 C0 C32 C0 C16 C29 C0 C26 C8 C0 <wb> C19 C0 C11 <wb> C36 C32 C0 C32 C0 C29 C0 <wb> C22 C0 C11 C23 <wb> C4 C0 C38 C0 C1 C37 C0 C15 C0 <wb> C17 C0 C24 C0 C30 C0 C23 C15 C0 C1 C29 C0 <wb> C19 C0 C16 C38 C0 C1 <wb> C33 C0 C1,train
9519,"जैसे कुछ लोग, अपने हाथों में, नन्हीं नन्हीं मशालें लिए, एक वृत्त में घूम रहे हों",1,6.966,1,,hindi_female_009519.wav,j a ei s a ee <wb> k a u ch a <wb> l a o g a <wb> a p a n a ee <wb> h a aa th a o q <wb> m a ee q <wb> n a n a h a ii q <wb> n a n a h a ii q <wb> m a sh a aa l a ee q <wb> l a i ee <wb> ee k a <wb> w a rq t a t a <wb> m a ee q <wb> gh a uu m a <wb> r a h a ee <wb> h a o q,C17 C0 C2 C30 C0 C11 <wb> C19 C0 C36 C6 C0 <wb> C21 C0 C26 C13 C0 <wb> C0 C28 C0 C24 C0 C11 <wb> C15 C0 C1 C33 C0 C26 C23 <wb> C22 C0 C11 C23 <wb> C24 C0 C24 C0 C15 C0 C16 C23 <wb> C24 C0 C24 C0 C15 C0 C16 C23 <wb> C22 C0 C31 C0 C1 C21 C0 C11 C23 <wb> C21 C0 C16 C11 <wb> C11 C19 C0 <wb> C37 C0 C29 C32 C0 C32 C0 <wb> C22 C0 C11 C23 <wb> C14 C0 C36 C22 C0 <wb> C29 C0 C15 C0 C11 <wb> C15 C0 C26 C23,train
9521,"क्योंकि, हर पदार्थ मैटर तो, असल में एक ही होता है, उसकी आंतरिक संरचना ही, उसे दूसरों से भिन्न बना डालती है",1,10.202,0,not_selected_by_random,,,,
9522,"पदार्थ की उसी आंतरिक संरचना को, बदलने वाले सूत्र को खोज निकालने के, शताब्दियों तक चलने वाले प्रयत्नों के बीच ही, उस विज्ञान का जन्म हुआ, जिसे हम केमिस्ट्री के नाम से आज जानते हैं",1,14.582,1,,hindi_female_009522.wav,p a d a aa r a th a <wb> k a ii <wb> u s a ii <wb> aa q t a r a i k a <wb> s a q r a c a n a aa <wb> k a o <wb> b a d a l a n a ee <wb> w a aa l a ee <wb> s a uu t a r a <wb> k a o <wb> kh a o j a <wb> n a i k a aa l a n a ee <wb> k a ee <wb> sh a t a aa b a d a i y a o q <wb> t a k a <wb> c a l a n a ee <wb> w a aa l a ee <wb> p a r a y a t a n a o q <wb> k a ee <wb> b a ii c a <wb> h a ii <wb> u s a <wb> w a i j a nj a aa n a <wb> k a aa <wb> j a n a m a <wb> h a u aa <wb> j a i s a ee <wb> h a m a <wb> k a ee m a i s a tx a r a ii <wb> k a ee <wb> n a aa m a <wb> s a ee <wb> aa j a <wb> j a aa n a t a ee <wb> h a ei q,C28 C0 C7 C0 C1 C29 C0 C33 C0 <wb> C19 C0 C16 <wb> C36 C30 C0 C16 <wb> C1 C23 C32 C0 C29 C0 C16 C19 C0 <wb> C30 C0 C23 C29 C0 C5 C0 C24 C0 C1 <wb> C19 C0 C26 <wb> C3 C0 C7 C0 C21 C0 C24 C0 C11 <wb> C37 C0 C1 C21 C0 C11 <wb> C30 C0 C36 C32 C0 C29 C0 <wb> C19 C0 C26 <wb> C20 C0 C26 C17 C0 <wb> C24 C0 C16 C19 C0 C1 C21 C0 C24 C0 C11 <wb> C19 C0 C11 <wb> C31 C0 C32 C0 C1 C3 C0 C7 C0 C16 C38 C0 C26 C23 <wb> C32 C0 C19 C0 <wb> C5 C0 C21 C0 C24 C0 C11 <wb> C37 C0 C1 C21 C0 C11 <wb> C28 C0 C29 C0 C38 C0 C32 C0 C24 C0 C26 C23 <wb> C19 C0 C11 <wb> C3 C0 C16 C5 C0 <wb> C15 C0 C16 <wb> C36 C30 C0 <wb> C37 C0 C16 C17 C0 C24 C0 C1 C24 C0 <wb> C19 C0 C1 <wb> C17 C0 C24 C0 C22 C0 <wb> C15 C0 C36 C1 <wb> C17 C0 C16 C30 C0 C11 <wb> C15 C0 C22 C0 <wb> C19 C0 C11 C22 C0 C16 C30 C0 C34 C0 C29 C0 C16 <wb> C19 C0 C11 <wb> C24 C0 C1 C22 C0 <wb> C30 C0 C11 <wb> C1 C17 C0 <wb> C17 C0 C1 C24 C0 C32 C0 C11 <wb> C15 C0 C2 C23,train
9523,"मेरी स्मृति में तो, यह दृश्य इसलिए भी अमिट रह गया",1,3.599,1,,hindi_female_009523.wav,m a ee r a ii <wb> s a m a rq t a i <wb> m a ee q <wb> t a o <wb> y a h a <wb> d a rq sh a y a <wb> i s a l a i ee <wb> bh a ii <wb> a m a i tx a <wb> r a h a <wb> g a y a aa,C22 C0 C11 C29 C0 C16 <wb> C30 C0 C22 C0 C29 C32 C0 C16 <wb> C22 C0 C11 C23 <wb> C32 C0 C26 <wb> C38 C0 C15 C0 <wb> C7 C0 C29 C31 C0 C38 C0 <wb> C16 C30 C0 C21 C0 C16 C11 <wb> C4 C0 C16 <wb> C0 C22 C0 C16 C34 C0 <wb> C29 C0 C15 C0 <wb> C13 C0 C38 C0 C1,train
9525,"इस घटना के वर्षों बाद में, मैं, जी एन यू में शोधछात्र था, जहां बाद में, कुछ समय के लिए अध्यापक भी हुआ",1,9.009,1,,hindi_female_009525.wav,i s a <wb> gh a tx a n a aa <wb> k a ee <wb> w a r a sx a o q <wb> b a aa d a <wb> m a ee q <wb> m a ei q <wb> j a ii <wb> ee n a <wb> y a uu <wb> m a ee q <wb> sh a o dh a ch a aa t a r a <wb> th a aa <wb> j a h a aa q <wb> b a aa d a <wb> m a ee q <wb> k a u ch a <wb> s a m a y a <wb> k a ee <wb> l a i ee <wb> a dh a y a aa p a k a <wb> bh a ii <wb> h a u aa,C16 C30 C0 <wb> C14 C0 C34 C0 C24 C0 C1 <wb> C19 C0 C11 <wb> C37 C0 C29 C0 C31 C0 C26 C23 <wb> C3 C0 C1 C7 C0 <wb> C22 C0 C11 C23 <wb> C22 C0 C2 C23 <wb> C17 C0 C16 <wb> C11 C24 C0 <wb> C38 C0 C36 <wb> C22 C0 C11 C23 <wb> C31 C0 C26 C8 C0 C6 C0 C1 C32 C0 C29 C0 <wb> C33 C0 C1 <wb> C17 C0 C15 C0 C1 C23 <wb> C3 C0 C1 C7 C0 <wb> C22 C0 C11 C23 <wb> C19 C0 C36 C6 C0 <wb> C30 C0 C22 C0 C38 C0 <wb> C19 C0 C11 <wb> C21 C0 C16 C11 <wb> C0 C8 C0 C38 C0 C1 C28 C0 C19 C0 <wb> C4 C0 C16 <wb> C15 C0 C36 C1,train
9527,"अमेरिका के दो, भाषा वैज्ञानिक को, कहीं से पता चलता है कि, लहासा के प्राचीन बौद्धमठ में, तिब्बत की प्राचीन लिपि में, लिखी गई एक ऐसी पांडुलिपि है",1,13.238,0,not_selected_by_random,,,,
9528,"जिसमें सृष्टि के निर्माण, और विनाश का सारा रहस्य बंद है",1,4.458,1,,hindi_female_009528.wav,j a i s a m a ee q <wb> s a rq sx a tx a i <wb> k a ee <wb> n a i r a m a aa nx a <wb> ou r a <wb> w a i n a aa sh a <wb> k a aa <wb> s a aa r a aa <wb> r a h a s a y a <wb> b a q d a <wb> h a ei,C17 C0 C16 C30 C0 C22 C0 C11 C23 <wb> C30 C0 C29 C31 C0 C34 C0 C16 <wb> C19 C0 C11 <wb> C24 C0 C16 C29 C0 C22 C0 C1 C25 C0 <wb> C27 C29 C0 <wb> C37 C0 C16 C24 C0 C1 C31 C0 <wb> C19 C0 C1 <wb> C30 C0 C1 C29 C0 C1 <wb> C29 C0 C15 C0 C30 C0 C38 C0 <wb> C3 C0 C23 C7 C0 <wb> C15 C0 C2,train
9532,"रहस्य भरी झुर्रियों में मुस्कुराता हुआ वह लामा कहता है, वह सांड अभी मरा नहीं है",1,6.339,1,,hindi_female_009532.wav,r a h a s a y a <wb> bh a r a ii <wb> jh a u r a r a i y a o q <wb> m a ee q <wb> m a u s a k a u r a aa t a aa <wb> h a u aa <wb> w a h a <wb> l a aa m a aa <wb> k a h a t a aa <wb> h a ei <wb> w a h a <wb> s a aa q dx a <wb> a bh a ii <wb> m a r a aa <wb> n a h a ii q <wb> h a ei,C29 C0 C15 C0 C30 C0 C38 C0 <wb> C4 C0 C29 C0 C16 <wb> C18 C0 C36 C29 C0 C29 C0 C16 C38 C0 C26 C23 <wb> C22 C0 C11 C23 <wb> C22 C0 C36 C30 C0 C19 C0 C36 C29 C0 C1 C32 C0 C1 <wb> C15 C0 C36 C1 <wb> C37 C0 C15 C0 <wb> C21 C0 C1 C22 C0 C1 <wb> C19 C0 C15 C0 C32 C0 C1 <wb> C15 C0 C2 <wb> C37 C0 C15 C0 <wb> C30 C0 C1 C23 C9 C0 <wb> C0 C4 C0 C16 <wb> C22 C0 C29 C0 C1 <wb> C24 C0 C15 C0 C16 C23 <wb> C15 C0 C2,train
9533,"उस आयोजन में, भारतीय भाषाओँ के अलावा, मुख्यतः फ़्रांं सीसी, और ब्रिटानी अनुवादकों, और साहितिक एजेंटो ने, हिस्से दारी की",1,11.588,0,not_selected_by_random,,,,
9535,"इसमें हिन्दी लेखकों, आलोचकों, और इतिहासकारों के साथ साथ, स्विस, फ्रांसीसी, जर्मन, और अमरिकन अकादमियों ने, हिस्सेदारी की",1,11.424,1,,hindi_female_009535.wav,i s a m a ee q <wb> h a i n a d a ii <wb> l a ee kh a k a o q <wb> aa l a o c a k a o q <wb> ou r a <wb> i t a i h a aa s a k a aa r a o q <wb> k a ee <wb> s a aa th a <wb> s a aa th a <wb> s a w a i s a <wb> ph a r a aa q s a ii s a ii <wb> j a r a m a n a <wb> ou r a <wb> a m a r a i k a n a <wb> a k a aa d a m a i y a o q <wb> n a ee <wb> h a i s a s a ee d a aa r a ii <wb> k a ii,C16 C30 C0 C22 C0 C11 C23 <wb> C15 C0 C16 C24 C0 C7 C0 C16 <wb> C21 C0 C11 C20 C0 C19 C0 C26 C23 <wb> C1 C21 C0 C26 C5 C0 C19 C0 C26 C23 <wb> C27 C29 C0 <wb> C16 C32 C0 C16 C15 C0 C1 C30 C0 C19 C0 C1 C29 C0 C26 C23 <wb> C19 C0 C11 <wb> C30 C0 C1 C33 C0 <wb> C30 C0 C1 C33 C0 <wb> C30 C0 C37 C0 C16 C30 C0 <wb> C12 C0 C29 C0 C1 C23 C30 C0 C16 C30 C0 C16 <wb> C17 C0 C29 C0 C22 C0 C24 C0 <wb> C27 C29 C0 <wb> C0 C22 C0 C29 C0 C16 C19 C0 C24 C0 <wb> C0 C19 C0 C1 C7 C0 C22 C0 C16 C38 C0 C26 C23 <wb> C24 C0 C11 <wb> C15 C0 C16 C30 C0 C30 C0 C11 C7 C0 C1 C29 C0 C16 <wb> C19 C0 C16,train
9536,"सियाही के आयोजन के उद्देश्यों में, आर्थिक महाशक्ति के तौर पर उभरे देश, और ग्लोबल हो रहे संसार में, भारत से अनुवाद की संभावनाओं का पता लगाना",1,11.308,1,,hindi_female_009536.wav,s a i y a aa h a ii <wb> k a ee <wb> aa y a o j a n a <wb> k a ee <wb> u d a d a ee sh a y a o q <wb> m a ee q <wb> aa r a th a i k a <wb> m a h a aa sh a k a t a i <wb> k a ee <wb> t a ou r a <wb> p a r a <wb> u bh a r a ee <wb> d a ee sh a <wb> ou r a <wb> g a l a o b a l a <wb> h a o <wb> r a h a ee <wb> s a q s a aa r a <wb> m a ee q <wb> bh a aa r a t a <wb> s a ee <wb> a n a u w a aa d a <wb> k a ii <wb> s a q bh a aa w a n a aa o q <wb> k a aa <wb> p a t a aa <wb> l a g a aa n a aa,C30 C0 C16 C38 C0 C1 C15 C0 C16 <wb> C19 C0 C11 <wb> C1 C38 C0 C26 C17 C0 C24 C0 <wb> C19 C0 C11 <wb> C36 C7 C0 C7 C0 C11 C31 C0 C38 C0 C26 C23 <wb> C22 C0 C11 C23 <wb> C1 C29 C0 C33 C0 C16 C19 C0 <wb> C22 C0 C15 C0 C1 C31 C0 C19 C0 C32 C0 C16 <wb> C19 C0 C11 <wb> C32 C0 C27 C29 C0 <wb> C28 C0 C29 C0 <wb> C36 C4 C0 C29 C0 C11 <wb> C7 C0 C11 C31 C0 <wb> C27 C29 C0 <wb> C13 C0 C21 C0 C26 C3 C0 C21 C0 <wb> C15 C0 C26 <wb> C29 C0 C15 C0 C11 <wb> C30 C0 C23 C30 C0 C1 C29 C0 <wb> C22 C0 C11 C23 <wb> C4 C0 C1 C29 C0 C32 C0 <wb> C30 C0 C11 <wb> C0 C24 C0 C36 C37 C0 C1 C7 C0 <wb> C19 C0 C16 <wb> C30 C0 C23 C4 C0 C1 C37 C0 C24 C0 C1 C26 C23 <wb> C19 C0 C1 <wb> C28 C0 C32 C0 C1 <wb> C21 C0 C13 C0 C1 C24 C0 C1,test
9538,"इसी क्रम में, इस बार प्रस्तुत है, नागार्जुन विष्णु खेर, विनोद कुमार शुक्ल, और अरुण कमल",1,8.477,0,not_selected_by_random,,,,
9539,"अन्तिम तीन, बहु अनूदित कवि हैं, और नागार्जुन, बहुत कम अनूदित",1,5.364,1,,hindi_female_009539.wav,a n a t a i m a <wb> t a ii n a <wb> b a h a u <wb> a n a uu d a i t a <wb> k a w a i <wb> h a ei q <wb> ou r a <wb> n a aa g a aa r a j a u n a <wb> b a h a u t a <wb> k a m a <wb> a n a uu d a i t a,C0 C24 C0 C32 C0 C16 C22 C0 <wb> C32 C0 C16 C24 C0 <wb> C3 C0 C15 C0 C36 <wb> C0 C24 C0 C36 C7 C0 C16 C32 C0 <wb> C19 C0 C37 C0 C16 <wb> C15 C0 C2 C23 <wb> C27 C29 C0 <wb> C24 C0 C1 C13 C0 C1 C29 C0 C17 C0 C36 C24 C0 <wb> C3 C0 C15 C0 C36 C32 C0 <wb> C19 C0 C22 C0 <wb> C0 C24 C0 C36 C7 C0 C16 C32 C0,train
9540,"नागार्जुन की कविता की महानता का स्वीकार, देर से हुआ, जब मानों, एक तरह से प्रगतिशीलता ने, सर्वहारा कवित्त को देखा",1,10.525,0,not_selected_by_random,,,,
9541,"हमें खुशी है, युवा शोधकर्ता और कवि, मनोज कुमार झा ने, यह अनुवाद हमारे लिए किया",1,8.07,0,not_selected_by_random,,,,
9542,"देवयानी, जो एक हिन्दी राजस्थानी लेखक की बेटी थी, उसे कविता लिखते लिखते, पत्रकारिता, प्रेम, गृहस्थी, अनुवाद, शोध की ओर चले जाना था",1,12.748,1,,hindi_female_009542.wav,d a ee w a y a aa n a ii <wb> j a o <wb> ee k a <wb> h a i n a d a ii <wb> r a aa j a s a th a aa n a ii <wb> l a ee kh a k a <wb> k a ii <wb> b a ee tx a ii <wb> th a ii <wb> u s a ee <wb> k a w a i t a aa <wb> l a i kh a t a ee <wb> l a i kh a t a ee <wb> p a t a r a k a aa r a i t a aa <wb> p a r a ee m a <wb> g a rq h a s a th a ii <wb> a n a u w a aa d a <wb> sh a o dh a <wb> k a ii <wb> o r a <wb> c a l a ee <wb> j a aa n a aa <wb> th a aa,C7 C0 C11 C37 C0 C38 C0 C1 C24 C0 C16 <wb> C17 C0 C26 <wb> C11 C19 C0 <wb> C15 C0 C16 C24 C0 C7 C0 C16 <wb> C29 C0 C1 C17 C0 C30 C0 C33 C0 C1 C24 C0 C16 <wb> C21 C0 C11 C20 C0 C19 C0 <wb> C19 C0 C16 <wb> C3 C0 C11 C34 C0 C16 <wb> C33 C0 C16 <wb> C36 C30 C0 C11 <wb> C19 C0 C37 C0 C16 C32 C0 C1 <wb> C21 C0 C16 C20 C0 C32 C0 C11 <wb> C21 C0 C16 C20 C0 C32 C0 C11 <wb> C28 C0 C32 C0 C29 C0 C19 C0 C1 C29 C0 C16 C32 C0 C1 <wb> C28 C0 C29 C0 C11 C22 C0 <wb> C13 C0 C29 C15 C0 C30 C0 C33 C0 C16 <wb> C0 C24 C0 C36 C37 C0 C1 C7 C0 <wb> C31 C0 C26 C8 C0 <wb> C19 C0 C16 <wb> C26 C29 C0 <wb> C5 C0 C21 C0 C11 <wb> C17 C0 C1 C24 C0 C1 <wb> C33 C0 C1,train
9543,"ग्रुप के आलोचक, मनोज कुमार मीणा को, बहुत सोच विचार के बाद, भारतीय प्रशासनिक सेवा में चले जाना था",1,9.348,0,not_selected_by_random,,,,
9544,"विशाल कपूर को, इतिहास की पढ़ाई पूरी करके, गाइड बन जाना था",1,5.178,1,,hindi_female_009544.wav,w a i sh a aa l a <wb> k a p a uu r a <wb> k a o <wb> i t a i h a aa s a <wb> k a ii <wb> p a dxhq a aa ii <wb> p a uu r a ii <wb> k a r a k a ee <wb> g a aa i dx a <wb> b a n a <wb> j a aa n a aa <wb> th a aa,C37 C0 C16 C31 C0 C1 C21 C0 <wb> C19 C0 C28 C0 C36 C29 C0 <wb> C19 C0 C26 <wb> C16 C32 C0 C16 C15 C0 C1 C30 C0 <wb> C19 C0 C16 <wb> C28 C0 C10 C0 C1 C16 <wb> C28 C0 C36 C29 C0 C16 <wb> C19 C0 C29 C0 C19 C0 C11 <wb> C13 C0 C1 C16 C9 C0 <wb> C3 C0 C24 C0 <wb> C17 C0 C1 C24 C0 C1 <wb> C33 C0 C1,train
9545,"शिवकुमार गाँधी को, एक पेंटर के रूप में, विख्यात होना था",1,5.36,0,not_selected_by_random,,,,
9546,"वे, प्रकाशन और चर्चा के रोज़मर्रा से परे, अपने ढंग से लिख रहे थे",1,5.41,1,,hindi_female_009546.wav,w a ee <wb> p a r a k a aa sh a n a <wb> ou r a <wb> c a r a c a aa <wb> k a ee <wb> r a o z a m a r a r a aa <wb> s a ee <wb> p a r a ee <wb> a p a n a ee <wb> dxh a q g a <wb> s a ee <wb> l a i kh a <wb> r a h a ee <wb> th a ee,C37 C0 C11 <wb> C28 C0 C29 C0 C19 C0 C1 C31 C0 C24 C0 <wb> C27 C29 C0 <wb> C5 C0 C29 C0 C5 C0 C1 <wb> C19 C0 C11 <wb> C29 C0 C26 C17 C0 C22 C0 C29 C0 C29 C0 C1 <wb> C30 C0 C11 <wb> C28 C0 C29 C0 C11 <wb> C0 C28 C0 C24 C0 C11 <wb> C10 C0 C23 C13 C0 <wb> C30 C0 C11 <wb> C21 C0 C16 C20 C0 <wb> C29 C0 C15 C0 C11 <wb> C33 C0 C11,train
9547,"हिमांशु पंड्या, जिन्हें जे एन यू से पढ़ाई करके, हिन्दी पढ़ना था, और संस्कृति कर्मी, आलोचक बनना था",1,8.886,0,not_selected_by_random,,,,
9548,"विश्वंभर, जिन्हें हिन्दी में शिक्षा की सबसे, महत्त्वपूर्ण पत्रिकाओं में से एक का, यशस्वी संपादक होना था",1,8.443,0,not_selected_by_random,,,,
9549,"इस बार से, हम एक, अन्यतकालिक स्तम्भ किताब शुरू कर रहे हैं, जिसे हम, इस समीक्षा सीमत स्पेस नहीं बनाना चाहते",1,10.054,1,,hindi_female_009549.wav,i s a <wb> b a aa r a <wb> s a ee <wb> h a m a <wb> ee k a <wb> a n a y a t a k a aa l a i k a <wb> s a t a m a bh a <wb> k a i t a aa b a <wb> sh a u r a uu <wb> k a r a <wb> r a h a ee <wb> h a ei q <wb> j a i s a ee <wb> h a m a <wb> i s a <wb> s a m a ii k a sx a aa <wb> s a ii m a t a <wb> s a p a ee s a <wb> n a h a ii q <wb> b a n a aa n a aa <wb> c a aa h a t a ee,C16 C30 C0 <wb> C3 C0 C1 C29 C0 <wb> C30 C0 C11 <wb> C15 C0 C22 C0 <wb> C11 C19 C0 <wb> C0 C24 C0 C38 C0 C32 C0 C19 C0 C1 C21 C0 C16 C19 C0 <wb> C30 C0 C32 C0 C22 C0 C4 C0 <wb> C19 C0 C16 C32 C0 C1 C3 C0 <wb> C31 C0 C36 C29 C0 C36 <wb> C19 C0 C29 C0 <wb> C29 C0 C15 C0 C11 <wb> C15 C0 C2 C23 <wb> C17 C0 C16 C30 C0 C11 <wb> C15 C0 C22 C0 <wb> C16 C30 C0 <wb> C30 C0 C22 C0 C16 C19 C0 C31 C0 C1 <wb> C30 C0 C16 C22 C0 C32 C0 <wb> C30 C0 C28 C0 C11 C30 C0 <wb> C24 C0 C15 C0 C16 C23 <wb> C3 C0 C24 C0 C1 C24 C0 C1 <wb> C5 C0 C1 C15 C0 C32 C0 C11,train
9550,"इस बार, दो हिन्दी पुस्तकों पर, समीक्षा लिखी गयी है",1,4.574,0,not_selected_by_random,,,,
9551,"युवा शोधकर्ता, गिरिराज किराडू, और गगन गिल के, कैलाश मान सरोवर यात्रा, वृतांत अवाक् पर लिखा गया है",1,9.595,0,not_selected_by_random,,,,
9553,"मणिपुर में, एक महिला की हत्या के विरोध में, जुलाई दो हज़ार चार में, बारह महिलाओं द्वारा किए गए, न्यूड प्रोटेस्ट को, मुख्यधारा मीडिया में, एक उत्तेजक ख़बर को देखना, सबको याद होगा",1,15.116,1,,hindi_female_009553.wav,m a nx a i p a u r a <wb> m a ee q <wb> ee k a <wb> m a h a i l a aa <wb> k a ii <wb> h a t a y a aa <wb> k a ee <wb> w a i r a o dh a <wb> m a ee q <wb> j a u l a aa ii <wb> d a o <wb> h a z a aa r a <wb> c a aa r a <wb> m a ee q <wb> b a aa r a h a <wb> m a h a i l a aa o q <wb> d a w a aa r a aa <wb> k a i ee <wb> g a ee <wb> n a y a uu dx a <wb> p a r a o tx a ee s a tx a <wb> k a o <wb> m a u kh a y a dh a aa r a aa <wb> m a ii dx a i y a aa <wb> m a ee q <wb> ee k a <wb> u t a t a ee j a k a <wb> khq a b a r a <wb> k a o <wb> d a ee kh a n a aa <wb> s a b a k a o <wb> y a aa d a <wb> h a o g a aa,C22 C0 C25 C0 C16 C28 C0 C36 C29 C0 <wb> C22 C0 C11 C23 <wb> C11 C19 C0 <wb> C22 C0 C15 C0 C16 C21 C0 C1 <wb> C19 C0 C16 <wb> C15 C0 C32 C0 C38 C0 C1 <wb> C19 C0 C11 <wb> C37 C0 C16 C29 C0 C26 C8 C0 <wb> C22 C0 C11 C23 <wb> C17 C0 C36 C21 C0 C1 C16 <wb> C7 C0 C26 <wb> C15 C0 C17 C0 C1 C29 C0 <wb> C5 C0 C1 C29 C0 <wb> C22 C0 C11 C23 <wb> C3 C0 C1 C29 C0 C15 C0 <wb> C22 C0 C15 C0 C16 C21 C0 C1 C26 C23 <wb> C7 C0 C37 C0 C1 C29 C0 C1 <wb> C19 C0 C16 C11 <wb> C13 C0 C11 <wb> C24 C0 C38 C0 C36 C9 C0 <wb> C28 C0 C29 C0 C26 C34 C0 C11 C30 C0 C34 C0 <wb> C19 C0 C26 <wb> C22 C0 C36 C20 C0 C38 C0 C8 C0 C1 C29 C0 C1 <wb> C22 C0 C16 C9 C0 C16 C38 C0 C1 <wb> C22 C0 C11 C23 <wb> C11 C19 C0 <wb> C36 C32 C0 C32 C0 C11 C17 C0 C19 C0 <wb> C20 C0 C3 C0 C29 C0 <wb> C19 C0 C26 <wb> C7 C0 C11 C20 C0 C24 C0 C1 <wb> C30 C0 C3 C0 C19 C0 C26 <wb> C38 C0 C1 C7 C0 <wb> C15 C0 C26 C13 C0 C1,train
9556,"फ़िल्म के स्क्रीनिंग इतिहास पर बात करते हुए, वे एक ऐसे बिन्दु पर पहुँचते है, जहाँ अब नहीं रुका जा सकता",1,7.941,1,,hindi_female_009556.wav,f a i l a m a <wb> k a ee <wb> s a k a r a ii n a i q g a <wb> i t a i h a aa s a <wb> p a r a <wb> b a aa t a <wb> k a r a t a ee <wb> h a u ee <wb> w a ee <wb> ee k a <wb> ei s a ee <wb> b a i n a d a u <wb> p a r a <wb> p a h a u mq c a t a ee <wb> h a ei <wb> j a h a aa mq <wb> a b a <wb> n a h a ii q <wb> r a u k a aa <wb> j a aa <wb> s a k a t a aa,C12 C0 C16 C21 C0 C22 C0 <wb> C19 C0 C11 <wb> C30 C0 C19 C0 C29 C0 C16 C24 C0 C16 C23 C13 C0 <wb> C16 C32 C0 C16 C15 C0 C1 C30 C0 <wb> C28 C0 C29 C0 <wb> C3 C0 C1 C32 C0 <wb> C19 C0 C29 C0 C32 C0 C11 <wb> C15 C0 C36 C11 <wb> C37 C0 C11 <wb> C11 C19 C0 <wb> C2 C30 C0 C11 <wb> C3 C0 C16 C24 C0 C7 C0 C36 <wb> C28 C0 C29 C0 <wb> C28 C0 C15 C0 C36 C23 C5 C0 C32 C0 C11 <wb> C15 C0 C2 <wb> C17 C0 C15 C0 C1 C23 <wb> C0 C3 C0 <wb> C24 C0 C15 C0 C16 C23 <wb> C29 C0 C36 C19 C0 C1 <wb> C17 C0 C1 <wb> C30 C0 C19 C0 C32 C0 C1,train
9557,"महमूद फ़ारूकी, अपनी रोड्स स्कालरशिप ख़त्म करके हिंदुस्तान लौटे",1,5.599,0,not_selected_by_random,,,,
9559,"महमूद ने अपने दम पर, इस दास्तानगोई को पुनर्जीवित कर दिया",1,4.76,1,,hindi_female_009559.wav,m a h a m a uu d a <wb> n a ee <wb> a p a n a ee <wb> d a m a <wb> p a r a <wb> i s a <wb> d a aa s a t a aa n a g a o ii <wb> k a o <wb> p a u n a r a j a ii w a i t a <wb> k a r a <wb> d a i y a aa,C22 C0 C15 C0 C22 C0 C36 C7 C0 <wb> C24 C0 C11 <wb> C0 C28 C0 C24 C0 C11 <wb> C7 C0 C22 C0 <wb> C28 C0 C29 C0 <wb> C16 C30 C0 <wb> C7 C0 C1 C30 C0 C32 C0 C1 C24 C0 C13 C0 C26 C16 <wb> C19 C0 C26 <wb> C28 C0 C36 C24 C0 C29 C0 C17 C0 C16 C37 C0 C16 C32 C0 <wb> C19 C0 C29 C0 <wb> C7 C0 C16 C38 C0 C1,train
9561,"अगर वही टुंडी बाँह के साथ बुलायेंगे, तो टुंडी बाँह लेकर जायेंगे",1,5.261,0,not_selected_by_random,,,,
9562,"घबराइये नहीं, अब आप काफ़ी ठीक हैं",1,2.647,1,,hindi_female_009562.wav,gh a b a r a aa i y a ee <wb> n a h a ii q <wb> a b a <wb> aa p a <wb> k a aa f a ii <wb> txh a ii k a <wb> h a ei q,C14 C0 C3 C0 C29 C0 C1 C16 C38 C0 C11 <wb> C24 C0 C15 C0 C16 C23 <wb> C0 C3 C0 <wb> C1 C28 C0 <wb> C19 C0 C1 C12 C0 C16 <wb> C35 C0 C16 C19 C0 <wb> C15 C0 C2 C23,train
9563,"इसके बाद, आपकी चोट को स्वस्थ होने का रास्ता, खुद तय करना हैं, अब नहीं रुका जा सकता",1,6.362,1,,hindi_female_009563.wav,i s a k a ee <wb> b a aa d a <wb> aa p a k a ii <wb> c a o tx a <wb> k a o <wb> s a w a s a th a <wb> h a o n a ee <wb> k a aa <wb> r a aa s a t a aa <wb> kh a u d a <wb> t a y a <wb> k a r a n a aa <wb> h a ei q <wb> a b a <wb> n a h a ii q <wb> r a u k a aa <wb> j a aa <wb> s a k a t a aa,C16 C30 C0 C19 C0 C11 <wb> C3 C0 C1 C7 C0 <wb> C1 C28 C0 C19 C0 C16 <wb> C5 C0 C26 C34 C0 <wb> C19 C0 C26 <wb> C30 C0 C37 C0 C30 C0 C33 C0 <wb> C15 C0 C26 C24 C0 C11 <wb> C19 C0 C1 <wb> C29 C0 C1 C30 C0 C32 C0 C1 <wb> C20 C0 C36 C7 C0 <wb> C32 C0 C38 C0 <wb> C19 C0 C29 C0 C24 C0 C1 <wb> C15 C0 C2 C23 <wb> C0 C3 C0 <wb> C24 C0 C15 C0 C16 C23 <wb> C29 C0 C36 C19 C0 C1 <wb> C17 C0 C1 <wb> C30 C0 C19 C0 C32 C0 C1,train
9564,"युधिष्ठिर, इसी स्वर्ग में, सशरीर गए थे",1,4.057,0,not_selected_by_random,,,,
9565,"रावण ने, यहीं शिव आराधना की थी",1,3.641,0,not_selected_by_random,,,,
9566,"बाद में, उसकी आसुरी शक्तियों का पता चलने पर, उससे वरदान वापस लेने का उपक्रम, पार्वती गणेश को करना पड़ा",1,8.847,1,,hindi_female_009566.wav,b a aa d a <wb> m a ee q <wb> u s a k a ii <wb> aa s a u r a ii <wb> sh a k a t a i y a o q <wb> k a aa <wb> p a t a aa <wb> c a l a n a ee <wb> p a r a <wb> u s a s a ee <wb> w a r a d a aa n a <wb> w a aa p a s a <wb> l a ee n a ee <wb> k a aa <wb> u p a k a r a m a <wb> p a aa r a w a t a ii <wb> g a nx a ee sh a <wb> k a o <wb> k a r a n a aa <wb> p a dxq a aa,C3 C0 C1 C7 C0 <wb> C22 C0 C11 C23 <wb> C36 C30 C0 C19 C0 C16 <wb> C1 C30 C0 C36 C29 C0 C16 <wb> C31 C0 C19 C0 C32 C0 C16 C38 C0 C26 C23 <wb> C19 C0 C1 <wb> C28 C0 C32 C0 C1 <wb> C5 C0 C21 C0 C24 C0 C11 <wb> C28 C0 C29 C0 <wb> C36 C30 C0 C30 C0 C11 <wb> C37 C0 C29 C0 C7 C0 C1 C24 C0 <wb> C37 C0 C1 C28 C0 C30 C0 <wb> C21 C0 C11 C24 C0 C11 <wb> C19 C0 C1 <wb> C36 C28 C0 C19 C0 C29 C0 C22 C0 <wb> C28 C0 C1 C29 C0 C37 C0 C32 C0 C16 <wb> C13 C0 C25 C0 C11 C31 C0 <wb> C19 C0 C26 <wb> C19 C0 C29 C0 C24 C0 C1 <wb> C28 C0 C9 C0 C1,train
9567,"भस्मासुर का काण्ड यही हुआ था, छू कर भस्म कर देने का वरदान लेकर, असुर, शिव पर ही, उसका प्रयोग करना चाहता था",1,10.079,0,not_selected_by_random,,,,
9568,"सागा, यानी शाक्य, दावा, यानी चाँद, शाक्य मुनि का चाँद, बुद्ध पूर्णिमा",1,7.964,1,,hindi_female_009568.wav,s a aa g a aa <wb> y a aa n a ii <wb> sh a aa k a y a <wb> d a aa w a aa <wb> y a aa n a ii <wb> c a aa mq d a <wb> sh a aa k a y a <wb> m a u n a i <wb> k a aa <wb> c a aa mq d a <wb> b a u d a dh a <wb> p a uu r a nx a i m a aa,C30 C0 C1 C13 C0 C1 <wb> C38 C0 C1 C24 C0 C16 <wb> C31 C0 C1 C19 C0 C38 C0 <wb> C7 C0 C1 C37 C0 C1 <wb> C38 C0 C1 C24 C0 C16 <wb> C5 C0 C1 C23 C7 C0 <wb> C31 C0 C1 C19 C0 C38 C0 <wb> C22 C0 C36 C24 C0 C16 <wb> C19 C0 C1 <wb> C5 C0 C1 C23 C7 C0 <wb> C3 C0 C36 C7 C0 C8 C0 <wb> C28 C0 C36 C29 C0 C25 C0 C16 C22 C0 C1,train
9569,"एक दिन नहीं, पूरे एक मास का, कृतज्ञता उत्सव, सारा माह पवित्र है",1,6.502,1,,hindi_female_009569.wav,ee k a <wb> d a i n a <wb> n a h a ii q <wb> p a uu r a ee <wb> ee k a <wb> m a aa s a <wb> k a aa <wb> k a rq t a j a nj a t a aa <wb> u t a s a w a <wb> s a aa r a aa <wb> m a aa h a <wb> p a w a i t a r a <wb> h a ei,C11 C19 C0 <wb> C7 C0 C16 C24 C0 <wb> C24 C0 C15 C0 C16 C23 <wb> C28 C0 C36 C29 C0 C11 <wb> C11 C19 C0 <wb> C22 C0 C1 C30 C0 <wb> C19 C0 C1 <wb> C19 C0 C29 C32 C0 C17 C0 C24 C0 C32 C0 C1 <wb> C36 C32 C0 C30 C0 C37 C0 <wb> C30 C0 C1 C29 C0 C1 <wb> C22 C0 C1 C15 C0 <wb> C28 C0 C37 C0 C16 C32 C0 C29 C0 <wb> C15 C0 C2,train
9570,"विशेषकर कैलाश पर्वत की हिन्दुओं, बौद्ध के लिए, कैलाश मानसरोवर के दर्शन ही, पुण्यकारी हैं",1,7.732,1,,hindi_female_009570.wav,w a i sh a ee sx a k a r a <wb> k a ei l a aa sh a <wb> p a r a w a t a <wb> k a ii <wb> h a i n a d a u o q <wb> b a ou d a dh a <wb> k a ee <wb> l a i ee <wb> k a ei l a aa sh a <wb> m a aa n a s a r a o w a r a <wb> k a ee <wb> d a r a sh a n a <wb> h a ii <wb> p a u nx a y a k a aa r a ii <wb> h a ei q,C37 C0 C16 C31 C0 C11 C31 C0 C19 C0 C29 C0 <wb> C19 C0 C2 C21 C0 C1 C31 C0 <wb> C28 C0 C29 C0 C37 C0 C32 C0 <wb> C19 C0 C16 <wb> C15 C0 C16 C24 C0 C7 C0 C36 C26 C23 <wb> C3 C0 C27 C7 C0 C8 C0 <wb> C19 C0 C11 <wb> C21 C0 C16 C11 <wb> C19 C0 C2 C21 C0 C1 C31 C0 <wb> C22 C0 C1 C24 C0 C30 C0 C29 C0 C26 C37 C0 C29 C0 <wb> C19 C0 C11 <wb> C7 C0 C29 C0 C31 C0 C24 C0 <wb> C15 C0 C16 <wb> C28 C0 C36 C25 C0 C38 C0 C19 C0 C1 C29 C0 C16 <wb> C15 C0 C2 C23,train
9571,"कई मेल, अलग अलग विदेश, संस्थाओं के नाम से आए",1,4.644,1,,hindi_female_009571.wav,k a ii <wb> m a ee l a <wb> a l a g a <wb> a l a g a <wb> w a i d a ee sh a <wb> s a q s a th a aa o q <wb> k a ee <wb> n a aa m a <wb> s a ee <wb> aa ee,C19 C0 C16 <wb> C22 C0 C11 C21 C0 <wb> C0 C21 C0 C13 C0 <wb> C0 C21 C0 C13 C0 <wb> C37 C0 C16 C7 C0 C11 C31 C0 <wb> C30 C0 C23 C30 C0 C33 C0 C1 C26 C23 <wb> C19 C0 C11 <wb> C24 C0 C1 C22 C0 <wb> C30 C0 C11 <wb> C1 C11,train
9573,"पुरस्कार की राशि, लाखों डॉलर या पाउंड में होती है",1,4.782,0,not_selected_by_random,,,,
9574,"पिछले महीने, एक मेल आया, जिसमें लंदन के पते वाली एक संस्था ने मुझे सूचित किया, कि उनकी पुरस्कार समिति ने, मुझे पाँच मिलियन पाउंड की पुरस्कार राशि के लिए चुना है",1,13.756,0,not_selected_by_random,,,,
9575,"अगला मेल आया, कि इतनी बड़ी पुरस्कार राशि, विदेश में आपके पास भेजने के लिए, कुछ कागज़ात बनवाने पड़ेंगे",1,9.32,0,not_selected_by_random,,,,
9576,"पुरस्कार की राशि, चूँकि आपको चेकस्वरूप दी जा रही है, इसलिए कागज़ात आदि बनवाने का खर्च, आपको वेहन करना पड़ेगा",1,9.172,1,,hindi_female_009576.wav,p a u r a s a k a aa r a <wb> k a ii <wb> r a aa sh a i <wb> c a uu mq k a i <wb> aa p a k a o <wb> c a ee k a s a w a r a uu p a <wb> d a ii <wb> j a aa <wb> r a h a ii <wb> h a ei <wb> i s a l a i ee <wb> k a aa g a z a aa t a <wb> aa d a i <wb> b a n a w a aa n a ee <wb> k a aa <wb> kh a r a c a <wb> aa p a k a o <wb> w a ee h a n a <wb> k a r a n a aa <wb> p a dxq a ee g a aa,C28 C0 C36 C29 C0 C30 C0 C19 C0 C1 C29 C0 <wb> C19 C0 C16 <wb> C29 C0 C1 C31 C0 C16 <wb> C5 C0 C36 C23 C19 C0 C16 <wb> C1 C28 C0 C19 C0 C26 <wb> C5 C0 C11 C19 C0 C30 C0 C37 C0 C29 C0 C36 C28 C0 <wb> C7 C0 C16 <wb> C17 C0 C1 <wb> C29 C0 C15 C0 C16 <wb> C15 C0 C2 <wb> C16 C30 C0 C21 C0 C16 C11 <wb> C19 C0 C1 C13 C0 C17 C0 C1 C32 C0 <wb> C1 C7 C0 C16 <wb> C3 C0 C24 C0 C37 C0 C1 C24 C0 C11 <wb> C19 C0 C1 <wb> C20 C0 C29 C0 C5 C0 <wb> C1 C28 C0 C19 C0 C26 <wb> C37 C0 C11 C15 C0 C24 C0 <wb> C19 C0 C29 C0 C24 C0 C1 <wb> C28 C0 C9 C0 C11 C13 C0 C1,train
9578,"तुम तो जानते हो, एल आई सी की नौकरी में, इतना पैसा बचता कहाँ है, कि नकद भिजवा सकूं",1,6.594,1,,hindi_female_009578.wav,t a u m a <wb> t a o <wb> j a aa n a t a ee <wb> h a o <wb> ee l a <wb> aa ii <wb> s a ii <wb> k a ii <wb> n a ou k a r a ii <wb> m a ee q <wb> i t a n a aa <wb> p a ei s a aa <wb> b a c a t a aa <wb> k a h a aa mq <wb> h a ei <wb> k a i <wb> n a k a d a <wb> bh a i j a w a aa <wb> s a k a uu q,C32 C0 C36 C22 C0 <wb> C32 C0 C26 <wb> C17 C0 C1 C24 C0 C32 C0 C11 <wb> C15 C0 C26 <wb> C11 C21 C0 <wb> C1 C16 <wb> C30 C0 C16 <wb> C19 C0 C16 <wb> C24 C0 C27 C19 C0 C29 C0 C16 <wb> C22 C0 C11 C23 <wb> C16 C32 C0 C24 C0 C1 <wb> C28 C0 C2 C30 C0 C1 <wb> C3 C0 C5 C0 C32 C0 C1 <wb> C19 C0 C15 C0 C1 C23 <wb> C15 C0 C2 <wb> C19 C0 C16 <wb> C24 C0 C19 C0 C7 C0 <wb> C4 C0 C16 C17 C0 C37 C0 C1 <wb> C30 C0 C19 C0 C36 C23,val
9581,"बरसों बाद, एक दिन, ट्रेन में उनसे भेंट हो गई",1,3.599,1,,hindi_female_009581.wav,b a r a s a o q <wb> b a aa d a <wb> ee k a <wb> d a i n a <wb> tx a r a ee n a <wb> m a ee q <wb> u n a s a ee <wb> bh a ee q tx a <wb> h a o <wb> g a ii,C3 C0 C29 C0 C30 C0 C26 C23 <wb> C3 C0 C1 C7 C0 <wb> C11 C19 C0 <wb> C7 C0 C16 C24 C0 <wb> C34 C0 C29 C0 C11 C24 C0 <wb> C22 C0 C11 C23 <wb> C36 C24 C0 C30 C0 C11 <wb> C4 C0 C11 C23 C34 C0 <wb> C15 C0 C26 <wb> C13 C0 C16,train
9586,"क्या करूं, वक्त ही ऐसा आन पड़ा है, कि कुछ भी सहज सरल नहीं रह गया है",1,6.179,0,not_selected_by_random,,,,
9588,"जिसने, यहाँ आने के बाद, एक मुस्लिम परिवार के साथ, साझेदारी में, व्यापार आरंभ किया",1,7.875,0,not_selected_by_random,,,,
9589,"धारावाहिक में, उनके व्यापार के, उत्थान पतन के साथ ही, देश में आज़ादी के बाद, हिंदू मुस्लिम संबंधों में आए बदलावों की कहानी भी, साथ साथ चलेगी",1,12.754,0,not_selected_by_random,,,,
9590,"जबकि उन्होंने जो भी कहानी, या उनके शब्दों में साहित्य लिखा, उसे मुझे पढ़वाए बिना, उन्होंने पूरा नहीं समझा, कुसुमाकर ने बड़े आश्चर्य के साथ बताया",1,11.61,1,,hindi_female_009590.wav,j a b a k a i <wb> u n a h a o q n a ee <wb> j a o <wb> bh a ii <wb> k a h a aa n a ii <wb> y a aa <wb> u n a k a ee <wb> sh a b a d a o q <wb> m a ee q <wb> s a aa h a i t a y a <wb> l a i kh a aa <wb> u s a ee <wb> m a u jh a ee <wb> p a dxhq a w a aa ee <wb> b a i n a aa <wb> u n a h a o q n a ee <wb> p a uu r a aa <wb> n a h a ii q <wb> s a m a jh a aa <wb> k a u s a u m a aa k a r a <wb> n a ee <wb> b a dxq a ee <wb> aa sh a c a r a y a <wb> k a ee <wb> s a aa th a <wb> b a t a aa y a aa,C17 C0 C3 C0 C19 C0 C16 <wb> C36 C24 C0 C15 C0 C26 C23 C24 C0 C11 <wb> C17 C0 C26 <wb> C4 C0 C16 <wb> C19 C0 C15 C0 C1 C24 C0 C16 <wb> C38 C0 C1 <wb> C36 C24 C0 C19 C0 C11 <wb> C31 C0 C3 C0 C7 C0 C26 C23 <wb> C22 C0 C11 C23 <wb> C30 C0 C1 C15 C0 C16 C32 C0 C38 C0 <wb> C21 C0 C16 C20 C0 C1 <wb> C36 C30 C0 C11 <wb> C22 C0 C36 C18 C0 C11 <wb> C28 C0 C10 C0 C37 C0 C1 C11 <wb> C3 C0 C16 C24 C0 C1 <wb> C36 C24 C0 C15 C0 C26 C23 C24 C0 C11 <wb> C28 C0 C36 C29 C0 C1 <wb> C24 C0 C15 C0 C16 C23 <wb> C30 C0 C22 C0 C18 C0 C1 <wb> C19 C0 C36 C30 C0 C36 C22 C0 C1 C19 C0 C29 C0 <wb> C24 C0 C11 <wb> C3 C0 C9 C0 C11 <wb> C1 C31 C0 C5 C0 C29 C0 C38 C0 <wb> C19 C0 C11 <wb> C30 C0 C1 C33 C0 <wb> C3 C0 C32 C0 C1 C38 C0 C1,train
9591,"मॉर्टेन की निगाहें, इंडीज़ को फिर, जीतदिलाने पर",1,5.033,0,not_selected_by_random,,,,
9592,"माइकल वॉन ने, क्रिकेट को अलविदा कहा",1,2.786,1,,hindi_female_009592.wav,m a aa i k a l a <wb> w a n a <wb> n a ee <wb> k a r a i k a ee tx a <wb> k a o <wb> a l a w a i d a aa <wb> k a h a aa,C22 C0 C1 C16 C19 C0 C21 C0 <wb> C37 C0 C24 C0 <wb> C24 C0 C11 <wb> C19 C0 C29 C0 C16 C19 C0 C11 C34 C0 <wb> C19 C0 C26 <wb> C0 C21 C0 C37 C0 C16 C7 C0 C1 <wb> C19 C0 C15 C0 C1,val
9596,अगले वर्ल्ड कप तक खेलना चाहते हैं जयसूर्या,1,3.135,1,,hindi_female_009596.wav,a g a l a ee <wb> w a r a l a dx a <wb> k a p a <wb> t a k a <wb> kh a ee l a n a aa <wb> c a aa h a t a ee <wb> h a ei q <wb> j a y a s a uu r a y a aa,C0 C13 C0 C21 C0 C11 <wb> C37 C0 C29 C0 C21 C0 C9 C0 <wb> C19 C0 C28 C0 <wb> C32 C0 C19 C0 <wb> C20 C0 C11 C21 C0 C24 C0 C1 <wb> C5 C0 C1 C15 C0 C32 C0 C11 <wb> C15 C0 C2 C23 <wb> C17 C0 C38 C0 C30 C0 C36 C29 C0 C38 C0 C1,train
9597,पॉन्टिंग करेंगे कैंसर पीड़ित बच्चों की मदद,1,3.215,0,not_selected_by_random,,,,
9601,"माँडणा कोरने वाली स्त्रियाँ, जो संसार बनाती है, वह लगभग, मनुष्येतर संसार है",1,7.464,0,not_selected_by_random,,,,
9603,"इसके बिल्कुल बगल में, देवी देवताओं, और बॉलीवुड की अभिनेत्रियों के पोस्टर भी, दृश्य का हिस्सा बन जाते हैं",1,8.011,1,,hindi_female_009603.wav,i s a k a ee <wb> b a i l a k a u l a <wb> b a g a l a <wb> m a ee q <wb> d a ee w a ii <wb> d a ee w a t a aa o q <wb> ou r a <wb> b a l a ii w a u dx a <wb> k a ii <wb> a bh a i n a ee t a r a i y a o q <wb> k a ee <wb> p a o s a tx a r a <wb> bh a ii <wb> d a rq sh a y a <wb> k a aa <wb> h a i s a s a aa <wb> b a n a <wb> j a aa t a ee <wb> h a ei q,C16 C30 C0 C19 C0 C11 <wb> C3 C0 C16 C21 C0 C19 C0 C36 C21 C0 <wb> C3 C0 C13 C0 C21 C0 <wb> C22 C0 C11 C23 <wb> C7 C0 C11 C37 C0 C16 <wb> C7 C0 C11 C37 C0 C32 C0 C1 C26 C23 <wb> C27 C29 C0 <wb> C3 C0 C21 C0 C16 C37 C0 C36 C9 C0 <wb> C19 C0 C16 <wb> C0 C4 C0 C16 C24 C0 C11 C32 C0 C29 C0 C16 C38 C0 C26 C23 <wb> C19 C0 C11 <wb> C28 C0 C26 C30 C0 C34 C0 C29 C0 <wb> C4 C0 C16 <wb> C7 C0 C29 C31 C0 C38 C0 <wb> C19 C0 C1 <wb> C15 C0 C16 C30 C0 C30 C0 C1 <wb> C3 C0 C24 C0 <wb> C17 C0 C1 C32 C0 C11 <wb> C15 C0 C2 C23,train
9604,"चित्रकार, हकु शाह एवं लेखक सम्पादक, पीयूष दरिया की, प्रकाशनाधीन वार्ता, रूप, मानुष के कुछ अंश",1,8.94,1,,hindi_female_009604.wav,c a i t a r a k a aa r a <wb> h a k a u <wb> sh a aa h a <wb> ee w a q <wb> l a ee kh a k a <wb> s a m a p a aa d a k a <wb> p a ii y a uu sx a <wb> d a r a i y a aa <wb> k a ii <wb> p a r a k a aa sh a n a aa dh a ii n a <wb> w a aa r a t a aa <wb> r a uu p a <wb> m a aa n a u sx a <wb> k a ee <wb> k a u ch a <wb> a q sh a,C5 C0 C16 C32 C0 C29 C0 C19 C0 C1 C29 C0 <wb> C15 C0 C19 C0 C36 <wb> C31 C0 C1 C15 C0 <wb> C11 C37 C0 C23 <wb> C21 C0 C11 C20 C0 C19 C0 <wb> C30 C0 C22 C0 C28 C0 C1 C7 C0 C19 C0 <wb> C28 C0 C16 C38 C0 C36 C31 C0 <wb> C7 C0 C29 C0 C16 C38 C0 C1 <wb> C19 C0 C16 <wb> C28 C0 C29 C0 C19 C0 C1 C31 C0 C24 C0 C1 C8 C0 C16 C24 C0 <wb> C37 C0 C1 C29 C0 C32 C0 C1 <wb> C29 C0 C36 C28 C0 <wb> C22 C0 C1 C24 C0 C36 C31 C0 <wb> C19 C0 C11 <wb> C19 C0 C36 C6 C0 <wb> C0 C23 C31 C0,train
9607,"गहरा आत्मानुशासन, उनका बीजकोष है",1,3.553,1,,hindi_female_009607.wav,g a h a r a aa <wb> aa t a m a aa n a u sh a aa s a n a <wb> u n a k a aa <wb> b a ii j a k a o sx a <wb> h a ei,C13 C0 C15 C0 C29 C0 C1 <wb> C1 C32 C0 C22 C0 C1 C24 C0 C36 C31 C0 C1 C30 C0 C24 C0 <wb> C36 C24 C0 C19 C0 C1 <wb> C3 C0 C16 C17 C0 C19 C0 C26 C31 C0 <wb> C15 C0 C2,train
9613,"जो राज कमल प्रकाशन, दिल्ली से शीध्र प्रकाश्य पुस्तक का एक सम्पादित हिस्सा है",1,6.269,1,,hindi_female_009613.wav,j a o <wb> r a aa j a <wb> k a m a l a <wb> p a r a k a aa sh a n a <wb> d a i l a l a ii <wb> s a ee <wb> sh a ii dh a r a <wb> p a r a k a aa sh a y a <wb> p a u s a t a k a <wb> k a aa <wb> ee k a <wb> s a m a p a aa d a i t a <wb> h a i s a s a aa <wb> h a ei,C17 C0 C26 <wb> C29 C0 C1 C17 C0 <wb> C19 C0 C22 C0 C21 C0 <wb> C28 C0 C29 C0 C19 C0 C1 C31 C0 C24 C0 <wb> C7 C0 C16 C21 C0 C21 C0 C16 <wb> C30 C0 C11 <wb> C31 C0 C16 C8 C0 C29 C0 <wb> C28 C0 C29 C0 C19 C0 C1 C31 C0 C38 C0 <wb> C28 C0 C36 C30 C0 C32 C0 C19 C0 <wb> C19 C0 C1 <wb> C11 C19 C0 <wb> C30 C0 C22 C0 C28 C0 C1 C7 C0 C16 C32 C0 <wb> C15 C0 C16 C30 C0 C30 C0 C1 <wb> C15 C0 C2,train
9614,"हालाकि, दुनिया की नज़रों में, वे कोई बहुत व्यावहारिक व्यक्ति नहीं थे",1,4.458,1,,hindi_female_009614.wav,h a aa l a aa k a i <wb> d a u n a i y a aa <wb> k a ii <wb> n a z a r a o q <wb> m a ee q <wb> w a ee <wb> k a o ii <wb> b a h a u t a <wb> w a y a aa w a h a aa r a i k a <wb> w a y a k a t a i <wb> n a h a ii q <wb> th a ee,C15 C0 C1 C21 C0 C1 C19 C0 C16 <wb> C7 C0 C36 C24 C0 C16 C38 C0 C1 <wb> C19 C0 C16 <wb> C24 C0 C17 C0 C29 C0 C26 C23 <wb> C22 C0 C11 C23 <wb> C37 C0 C11 <wb> C19 C0 C26 C16 <wb> C3 C0 C15 C0 C36 C32 C0 <wb> C37 C0 C38 C0 C1 C37 C0 C15 C0 C1 C29 C0 C16 C19 C0 <wb> C37 C0 C38 C0 C19 C0 C32 C0 C16 <wb> C24 C0 C15 C0 C16 C23 <wb> C33 C0 C11,train
9625,"ऐसी आशंकाओं का एक अर्थ, अपनी रूग्ण वास्तविकता का दोष गल्प, व्यवसायिक सिनेमा पर मढना भी हो सकता है",1,9.37,0,not_selected_by_random,,,,
9626,"हमारे पॉपुलर, सांस्कृतिक प्रतिबिम्नों ने, संभवतः, उस वास्तविकता को बहुत करीब से सामने रंगा है",1,8.545,1,,hindi_female_009626.wav,h a m a aa r a ee <wb> p a p a u l a r a <wb> s a aa q s a k a rq t a i k a <wb> p a r a t a i b a i m a n a o q <wb> n a ee <wb> s a q bh a w a t a hq <wb> u s a <wb> w a aa s a t a w a i k a t a aa <wb> k a o <wb> b a h a u t a <wb> k a r a ii b a <wb> s a ee <wb> s a aa m a n a ee <wb> r a q g a aa <wb> h a ei,C15 C0 C22 C0 C1 C29 C0 C11 <wb> C28 C0 C28 C0 C36 C21 C0 C29 C0 <wb> C30 C0 C1 C23 C30 C0 C19 C0 C29 C32 C0 C16 C19 C0 <wb> C28 C0 C29 C0 C32 C0 C16 C3 C0 C16 C22 C0 C24 C0 C26 C23 <wb> C24 C0 C11 <wb> C30 C0 C23 C4 C0 C37 C0 C32 C0 C15 <wb> C36 C30 C0 <wb> C37 C0 C1 C30 C0 C32 C0 C37 C0 C16 C19 C0 C32 C0 C1 <wb> C19 C0 C26 <wb> C3 C0 C15 C0 C36 C32 C0 <wb> C19 C0 C29 C0 C16 C3 C0 <wb> C30 C0 C11 <wb> C30 C0 C1 C22 C0 C24 C0 C11 <wb> C29 C0 C23 C13 C0 C1 <wb> C15 C0 C2,train
9627,जिसे हमने स्वयं निर्मित किया है,1,2.113,1,,hindi_female_009627.wav,j a i s a ee <wb> h a m a n a ee <wb> s a w a y a q <wb> n a i r a m a i t a <wb> k a i y a aa <wb> h a ei,C17 C0 C16 C30 C0 C11 <wb> C15 C0 C22 C0 C24 C0 C11 <wb> C30 C0 C37 C0 C38 C0 C23 <wb> C24 C0 C16 C29 C0 C22 C0 C16 C32 C0 <wb> C19 C0 C16 C38 C0 C1 <wb> C15 C0 C2,train
9630,"एक ऐतिहासिक व्यक्ति के रूप में, तेजाजी का जन्म, भाद्रपद की शुक्ल पक्षीय दशमी, तदानुसार उनतीस, जनवरी एक हजार चौहत्तर को, धुलिया गोत्र के जाट परिवार में हुआ था",1,14.565,0,not_selected_by_random,,,,
9632,उसमें वर्णित उनकी कथा इस प्रकार है,1,3.19,0,not_selected_by_random,,,,
9633,ज्येष्ठ मास में ही ऋतु की प्रथम वर्षा हो चुकी है,1,3.483,1,,hindi_female_009633.wav,j a y a ee sx a txh a <wb> m a aa s a <wb> m a ee q <wb> h a ii <wb> rq t a u <wb> k a ii <wb> p a r a th a m a <wb> w a r a sx a aa <wb> h a o <wb> c a u k a ii <wb> h a ei,C17 C0 C38 C0 C11 C31 C0 C35 C0 <wb> C22 C0 C1 C30 C0 <wb> C22 C0 C11 C23 <wb> C15 C0 C16 <wb> C29 C32 C0 C36 <wb> C19 C0 C16 <wb> C28 C0 C29 C0 C33 C0 C22 C0 <wb> C37 C0 C29 C0 C31 C0 C1 <wb> C15 C0 C26 <wb> C5 C0 C36 C19 C0 C16 <wb> C15 C0 C2,train
9634,बातें जो जीत लेंगी आपके वैलेंटाइन का दिल,1,3.646,1,,hindi_female_009634.wav,b a aa t a ee q <wb> j a o <wb> j a ii t a <wb> l a ee q g a ii <wb> aa p a k a ee <wb> w a ei l a ee q tx a aa i n a <wb> k a aa <wb> d a i l a,C3 C0 C1 C32 C0 C11 C23 <wb> C17 C0 C26 <wb> C17 C0 C16 C32 C0 <wb> C21 C0 C11 C23 C13 C0 C16 <wb> C1 C28 C0 C19 C0 C11 <wb> C37 C0 C2 C21 C0 C11 C23 C34 C0 C1 C16 C24 C0 <wb> C19 C0 C1 <wb> C7 C0 C16 C21 C0,train
9637,"रोमेंटिक कॉमेडी से टूटेगा, प्यार का रिश्ता",1,3.251,1,,hindi_female_009637.wav,r a o m a ee q tx a i k a <wb> k a m a ee dx a ii <wb> s a ee <wb> tx a uu tx a ee g a aa <wb> p a y a aa r a <wb> k a aa <wb> r a i sh a t a aa,C29 C0 C26 C22 C0 C11 C23 C34 C0 C16 C19 C0 <wb> C19 C0 C22 C0 C11 C9 C0 C16 <wb> C30 C0 C11 <wb> C34 C0 C36 C34 C0 C11 C13 C0 C1 <wb> C28 C0 C38 C0 C1 C29 C0 <wb> C19 C0 C1 <wb> C29 C0 C16 C31 C0 C32 C0 C1,train
9638,स्कूल में सिर्फ़ दस लंच टेबल्स हैं,1,3.111,1,,hindi_female_009638.wav,s a k a uu l a <wb> m a ee q <wb> s a i r a f a <wb> d a s a <wb> l a q c a <wb> tx a ee b a l a s a <wb> h a ei q,C30 C0 C19 C0 C36 C21 C0 <wb> C22 C0 C11 C23 <wb> C30 C0 C16 C29 C0 C12 C0 <wb> C7 C0 C30 C0 <wb> C21 C0 C23 C5 C0 <wb> C34 C0 C11 C3 C0 C21 C0 C30 C0 <wb> C15 C0 C2 C23,train
9639,"लेकिन इसे चलाने वाले विजेता को, यह लुत्फ़ सिर्फ़ आधे घंटे तक उठाने देते हैं",1,6.363,0,not_selected_by_random,,,,
9645,"ये शाखाएँ, किसी सुरक्षित मोहल्ले की गलियां जैसी नहीं, खतरनाक डंडों जैसी लग रही है",1,7.103,0,not_selected_by_random,,,,
9646,"मैं नीले कांटेक्ट लेंस निकाल देती हूँ, और डायरी में, नोट कर लेती हूँ, कि डाक्टर को, बिना रंगों वाले लेंस के लिये बोलना है",1,9.427,0,not_selected_by_random,,,,
9647,"मुझे, बेसमेंट से उसकी आवाज़ आती रहती है, जैसे कोई बच्चा, मैथ्स की टेबल्स सीखता है, और बीच में बार बार भूल जाता है",1,9.728,0,not_selected_by_random,,,,
9648,"वह भी, घेरे में उस बिंदु को भूल चुका है, जो घेरे को पूर्ण करता है",1,5.55,1,,hindi_female_009648.wav,w a h a <wb> bh a ii <wb> gh a ee r a ee <wb> m a ee q <wb> u s a <wb> b a i q d a u <wb> k a o <wb> bh a uu l a <wb> c a u k a aa <wb> h a ei <wb> j a o <wb> gh a ee r a ee <wb> k a o <wb> p a uu r a nx a <wb> k a r a t a aa <wb> h a ei,C37 C0 C15 C0 <wb> C4 C0 C16 <wb> C14 C0 C11 C29 C0 C11 <wb> C22 C0 C11 C23 <wb> C36 C30 C0 <wb> C3 C0 C16 C23 C7 C0 C36 <wb> C19 C0 C26 <wb> C4 C0 C36 C21 C0 <wb> C5 C0 C36 C19 C0 C1 <wb> C15 C0 C2 <wb> C17 C0 C26 <wb> C14 C0 C11 C29 C0 C11 <wb> C19 C0 C26 <wb> C28 C0 C36 C29 C0 C25 C0 <wb> C19 C0 C29 C0 C32 C0 C1 <wb> C15 C0 C2,train
9649,"तब संहार के देव, शिव ने, त्रिशूल अंधक के पार करके, उसे त्रिशूल की नोंक पे, बींध कर, तांडव किया ऐसा नृत्य, जिसकी लय आरंभ सी तरंगित, और अंत सी भयंकर होती है",1,15.313,0,not_selected_by_random,,,,
9650,"एक इन्टरव्यू में वह कहती है, कि उसने कम्प्यूटर से कहा, कि अंक ढूंढ निकाले, और उसने निकाले, बारह, सात, उन्नीस, छब्बीस, पॉवर बॉल, इक्कीस",1,13.375,1,,hindi_female_009650.wav,ee k a <wb> i n a tx a r a w a y a uu <wb> m a ee q <wb> w a h a <wb> k a h a t a ii <wb> h a ei <wb> k a i <wb> u s a n a ee <wb> k a m a p a y a uu tx a r a <wb> s a ee <wb> k a h a aa <wb> k a i <wb> a q k a <wb> dxh a uu q dxh a <wb> n a i k a aa l a ee <wb> ou r a <wb> u s a n a ee <wb> n a i k a aa l a ee <wb> b a aa r a h a <wb> s a aa t a <wb> u n a n a ii s a <wb> ch a b a b a ii s a <wb> p a w a r a <wb> b a l a <wb> i k a k a ii s a,C11 C19 C0 <wb> C16 C24 C0 C34 C0 C29 C0 C37 C0 C38 C0 C36 <wb> C22 C0 C11 C23 <wb> C37 C0 C15 C0 <wb> C19 C0 C15 C0 C32 C0 C16 <wb> C15 C0 C2 <wb> C19 C0 C16 <wb> C36 C30 C0 C24 C0 C11 <wb> C19 C0 C22 C0 C28 C0 C38 C0 C36 C34 C0 C29 C0 <wb> C30 C0 C11 <wb> C19 C0 C15 C0 C1 <wb> C19 C0 C16 <wb> C0 C23 C19 C0 <wb> C10 C0 C36 C23 C10 C0 <wb> C24 C0 C16 C19 C0 C1 C21 C0 C11 <wb> C27 C29 C0 <wb> C36 C30 C0 C24 C0 C11 <wb> C24 C0 C16 C19 C0 C1 C21 C0 C11 <wb> C3 C0 C1 C29 C0 C15 C0 <wb> C30 C0 C1 C32 C0 <wb> C36 C24 C0 C24 C0 C16 C30 C0 <wb> C6 C0 C3 C0 C3 C0 C16 C30 C0 <wb> C28 C0 C37 C0 C29 C0 <wb> C3 C0 C21 C0 <wb> C16 C19 C0 C19 C0 C16 C30 C0,train
9652,"ज़ाहिर है, बेंजामिन और ब्रेंता, कला के लिए कला जैसी धारणा, या आंदोलन से उपयुक्त कथनों द्वारा, अलगाते हुए दिखाई पड़ते हैं",1,10.19,0,not_selected_by_random,,,,
9655,"आज, एल के शेषन, प्रधानमंत्री के निजी सचिव ने, यह कार्यक्रम बनाया, कि हम चार लोग, चुपचाप किस्सा कुर्सी का देखें",1,10.154,0,not_selected_by_random,,,,
9656,कला मानव जाति की मातृभाषा है,1,2.67,1,,hindi_female_009656.wav,k a l a aa <wb> m a aa n a w a <wb> j a aa t a i <wb> k a ii <wb> m a aa t a rq bh a aa sx a aa <wb> h a ei,C19 C0 C21 C0 C1 <wb> C22 C0 C1 C24 C0 C37 C0 <wb> C17 C0 C1 C32 C0 C16 <wb> C19 C0 C16 <wb> C22 C0 C1 C32 C0 C29 C4 C0 C1 C31 C0 C1 <wb> C15 C0 C2,train
9657,"व्यक्ति, अपने भीतर की अनुभूति, संवेदना को, कला में पूर्ण सृजित करता है, और कला से वह अपनी संवेदना, अनुभूति को पगाता भी है",1,10.704,1,,hindi_female_009657.wav,w a y a k a t a i <wb> a p a n a ee <wb> bh a ii t a r a <wb> k a ii <wb> a n a u bh a uu t a i <wb> s a q w a ee d a n a aa <wb> k a o <wb> k a l a aa <wb> m a ee q <wb> p a uu r a nx a <wb> s a rq j a i t a <wb> k a r a t a aa <wb> h a ei <wb> ou r a <wb> k a l a aa <wb> s a ee <wb> w a h a <wb> a p a n a ii <wb> s a q w a ee d a n a aa <wb> a n a u bh a uu t a i <wb> k a o <wb> p a g a aa t a aa <wb> bh a ii <wb> h a ei,C37 C0 C38 C0 C19 C0 C32 C0 C16 <wb> C0 C28 C0 C24 C0 C11 <wb> C4 C0 C16 C32 C0 C29 C0 <wb> C19 C0 C16 <wb> C0 C24 C0 C36 C4 C0 C36 C32 C0 C16 <wb> C30 C0 C23 C37 C0 C11 C7 C0 C24 C0 C1 <wb> C19 C0 C26 <wb> C19 C0 C21 C0 C1 <wb> C22 C0 C11 C23 <wb> C28 C0 C36 C29 C0 C25 C0 <wb> C30 C0 C29 C17 C0 C16 C32 C0 <wb> C19 C0 C29 C0 C32 C0 C1 <wb> C15 C0 C2 <wb> C27 C29 C0 <wb> C19 C0 C21 C0 C1 <wb> C30 C0 C11 <wb> C37 C0 C15 C0 <wb> C0 C28 C0 C24 C0 C16 <wb> C30 C0 C23 C37 C0 C11 C7 C0 C24 C0 C1 <wb> C0 C24 C0 C36 C4 C0 C36 C32 C0 C16 <wb> C19 C0 C26 <wb> C28 C0 C13 C0 C1 C32 C0 C1 <wb> C4 C0 C16 <wb> C15 C0 C2,train
9659,"समाज के लिए, कलाकार सबसे बड़ा जादूगर है, और समाज को, इस सब को, यह मांगने का अधिकार है, कि कलाकार, अपने सामाजिक काम के प्रति संचेत हो",1,12.477,0,not_selected_by_random,,,,
9660,"कला, मनुष्य को, और अंततः, समाज को पूर्णता प्रदान करती है",1,6.014,1,,hindi_female_009660.wav,k a l a aa <wb> m a n a u sx a y a <wb> k a o <wb> ou r a <wb> a q t a t a hq <wb> s a m a aa j a <wb> k a o <wb> p a uu r a nx a t a aa <wb> p a r a d a aa n a <wb> k a r a t a ii <wb> h a ei,C19 C0 C21 C0 C1 <wb> C22 C0 C24 C0 C36 C31 C0 C38 C0 <wb> C19 C0 C26 <wb> C27 C29 C0 <wb> C0 C23 C32 C0 C32 C0 C15 <wb> C30 C0 C22 C0 C1 C17 C0 <wb> C19 C0 C26 <wb> C28 C0 C36 C29 C0 C25 C0 C32 C0 C1 <wb> C28 C0 C29 C0 C7 C0 C1 C24 C0 <wb> C19 C0 C29 C0 C32 C0 C16 <wb> C15 C0 C2,train
9661,"हिंसा की हर हालत में, निंदा की जानी चाहिए",1,3.929,0,not_selected_by_random,,,,
9662,"पत्रकार और समाचार पत्र, ऐसी जन अफ़वाहों, या गप्पों, या प्रमाणिक समाचारों को भी प्रसारित नहीं करेगें, जिन से किसी का निजी जीवन प्रभावित होता है",1,12.655,1,,hindi_female_009662.wav,p a t a r a k a aa r a <wb> ou r a <wb> s a m a aa c a aa r a <wb> p a t a r a <wb> ei s a ii <wb> j a n a <wb> a f a w a aa h a o q <wb> y a aa <wb> g a p a p a o q <wb> y a aa <wb> p a r a m a aa nx a i k a <wb> s a m a aa c a aa r a o q <wb> k a o <wb> bh a ii <wb> p a r a s a aa r a i t a <wb> n a h a ii q <wb> k a r a ee g a ee q <wb> j a i n a <wb> s a ee <wb> k a i s a ii <wb> k a aa <wb> n a i j a ii <wb> j a ii w a n a <wb> p a r a bh a aa w a i t a <wb> h a o t a aa <wb> h a ei,C28 C0 C32 C0 C29 C0 C19 C0 C1 C29 C0 <wb> C27 C29 C0 <wb> C30 C0 C22 C0 C1 C5 C0 C1 C29 C0 <wb> C28 C0 C32 C0 C29 C0 <wb> C2 C30 C0 C16 <wb> C17 C0 C24 C0 <wb> C0 C12 C0 C37 C0 C1 C15 C0 C26 C23 <wb> C38 C0 C1 <wb> C13 C0 C28 C0 C28 C0 C26 C23 <wb> C38 C0 C1 <wb> C28 C0 C29 C0 C22 C0 C1 C25 C0 C16 C19 C0 <wb> C30 C0 C22 C0 C1 C5 C0 C1 C29 C0 C26 C23 <wb> C19 C0 C26 <wb> C4 C0 C16 <wb> C28 C0 C29 C0 C30 C0 C1 C29 C0 C16 C32 C0 <wb> C24 C0 C15 C0 C16 C23 <wb> C19 C0 C29 C0 C11 C13 C0 C11 C23 <wb> C17 C0 C16 C24 C0 <wb> C30 C0 C11 <wb> C19 C0 C16 C30 C0 C16 <wb> C19 C0 C1 <wb> C24 C0 C16 C17 C0 C16 <wb> C17 C0 C16 C37 C0 C24 C0 <wb> C28 C0 C29 C0 C4 C0 C1 C37 C0 C16 C32 C0 <wb> C15 C0 C26 C32 C0 C1 <wb> C15 C0 C2,train
9663,"असल में, एक रचनाकार, कलाकार के लिए, इस बात से कोई फ़र्क नहीं पड़ता, कि सत्ता में कौन बैठा है",1,7.941,1,,hindi_female_009663.wav,a s a l a <wb> m a ee q <wb> ee k a <wb> r a c a n a aa k a aa r a <wb> k a l a aa k a aa r a <wb> k a ee <wb> l a i ee <wb> i s a <wb> b a aa t a <wb> s a ee <wb> k a o ii <wb> f a r a k a <wb> n a h a ii q <wb> p a dxq a t a aa <wb> k a i <wb> s a t a t a aa <wb> m a ee q <wb> k a ou n a <wb> b a ei txh a aa <wb> h a ei,C0 C30 C0 C21 C0 <wb> C22 C0 C11 C23 <wb> C11 C19 C0 <wb> C29 C0 C5 C0 C24 C0 C1 C19 C0 C1 C29 C0 <wb> C19 C0 C21 C0 C1 C19 C0 C1 C29 C0 <wb> C19 C0 C11 <wb> C21 C0 C16 C11 <wb> C16 C30 C0 <wb> C3 C0 C1 C32 C0 <wb> C30 C0 C11 <wb> C19 C0 C26 C16 <wb> C12 C0 C29 C0 C19 C0 <wb> C24 C0 C15 C0 C16 C23 <wb> C28 C0 C9 C0 C32 C0 C1 <wb> C19 C0 C16 <wb> C30 C0 C32 C0 C32 C0 C1 <wb> C22 C0 C11 C23 <wb> C19 C0 C27 C24 C0 <wb> C3 C0 C2 C35 C0 C1 <wb> C15 C0 C2,train
9664,"फ़्रंं टियर के संपादक, समर सेन को धमकी दी गई",1,4.221,0,not_selected_by_random,,,,
9665,"आपातकाल के दौरान, यह सिलसिला कभी, थमता हुआ दिखलाई नहीं पड़ता है",1,5.55,1,,hindi_female_009665.wav,aa p a aa t a k a aa l a <wb> k a ee <wb> d a ou r a aa n a <wb> y a h a <wb> s a i l a s a i l a aa <wb> k a bh a ii <wb> th a m a t a aa <wb> h a u aa <wb> d a i kh a l a aa ii <wb> n a h a ii q <wb> p a dxq a t a aa <wb> h a ei,C1 C28 C0 C1 C32 C0 C19 C0 C1 C21 C0 <wb> C19 C0 C11 <wb> C7 C0 C27 C29 C0 C1 C24 C0 <wb> C38 C0 C15 C0 <wb> C30 C0 C16 C21 C0 C30 C0 C16 C21 C0 C1 <wb> C19 C0 C4 C0 C16 <wb> C33 C0 C22 C0 C32 C0 C1 <wb> C15 C0 C36 C1 <wb> C7 C0 C16 C20 C0 C21 C0 C1 C16 <wb> C24 C0 C15 C0 C16 C23 <wb> C28 C0 C9 C0 C32 C0 C1 <wb> C15 C0 C2,train
9666,"श्रीमती इंदिरा गांधी के पुराने मित्र, कुलदीप नैयर, जिनकी मित्रता इस हद तक थी, कि जब श्रीमती गांधी ने अपने लंबे बालों को छोटा करवाया, तब उन्होंने कुलदीप नैयर से सवाल किया था, कि अब मैं कैसी दिख रही हूँ",1,17.722,0,not_selected_by_random,,,,
9668,"इस घोषणा के दो दिन के बाद, मेरे आहृवान पर, दिल्ली के प्रेस क्लब पर, एक सौ पाँच पत्रकारों ने एकत्र होकर, प्रेस पर लगाए गए प्रतिबंधों का, पुरज़ोर विरोध किया",1,12.841,1,,hindi_female_009668.wav,i s a <wb> gh a o sx a nx a aa <wb> k a ee <wb> d a o <wb> d a i n a <wb> k a ee <wb> b a aa d a <wb> m a ee r a ee <wb> aa h a rq w a aa n a <wb> p a r a <wb> d a i l a l a ii <wb> k a ee <wb> p a r a ee s a <wb> k a l a b a <wb> p a r a <wb> ee k a <wb> s a ou <wb> p a aa mq c a <wb> p a t a r a k a aa r a o q <wb> n a ee <wb> ee k a t a r a <wb> h a o k a r a <wb> p a r a ee s a <wb> p a r a <wb> l a g a aa ee <wb> g a ee <wb> p a r a t a i b a q dh a o q <wb> k a aa <wb> p a u r a z a o r a <wb> w a i r a o dh a <wb> k a i y a aa,C16 C30 C0 <wb> C14 C0 C26 C31 C0 C25 C0 C1 <wb> C19 C0 C11 <wb> C7 C0 C26 <wb> C7 C0 C16 C24 C0 <wb> C19 C0 C11 <wb> C3 C0 C1 C7 C0 <wb> C22 C0 C11 C29 C0 C11 <wb> C1 C15 C0 C29 C37 C0 C1 C24 C0 <wb> C28 C0 C29 C0 <wb> C7 C0 C16 C21 C0 C21 C0 C16 <wb> C19 C0 C11 <wb> C28 C0 C29 C0 C11 C30 C0 <wb> C19 C0 C21 C0 C3 C0 <wb> C28 C0 C29 C0 <wb> C11 C19 C0 <wb> C30 C0 C27 <wb> C28 C0 C1 C23 C5 C0 <wb> C28 C0 C32 C0 C29 C0 C19 C0 C1 C29 C0 C26 C23 <wb> C24 C0 C11 <wb> C11 C19 C0 C32 C0 C29 C0 <wb> C15 C0 C26 C19 C0 C29 C0 <wb> C28 C0 C29 C0 C11 C30 C0 <wb> C28 C0 C29 C0 <wb> C21 C0 C13 C0 C1 C11 <wb> C13 C0 C11 <wb> C28 C0 C29 C0 C32 C0 C16 C3 C0 C23 C8 C0 C26 C23 <wb> C19 C0 C1 <wb> C28 C0 C36 C29 C0 C17 C0 C26 C29 C0 <wb> C37 C0 C16 C29 C0 C26 C8 C0 <wb> C19 C0 C16 C38 C0 C1,train
9669,"असल में, किसी भी राष्ट्र राज्य में, प्रेस पर प्रतिबंध लगाए जाने के कारण, यह होता है, कि आम जनता के पास, सत्ता द्वारा उठाए गए, सत्तापोषी कदम की जानकारी, विचार तंत्र का हिस्सा है",1,15.534,1,,hindi_female_009669.wav,a s a l a <wb> m a ee q <wb> k a i s a ii <wb> bh a ii <wb> r a aa sx a tx a r a <wb> r a aa j a y a <wb> m a ee q <wb> p a r a ee s a <wb> p a r a <wb> p a r a t a i b a q dh a <wb> l a g a aa ee <wb> j a aa n a ee <wb> k a ee <wb> k a aa r a nx a <wb> y a h a <wb> h a o t a aa <wb> h a ei <wb> k a i <wb> aa m a <wb> j a n a t a aa <wb> k a ee <wb> p a aa s a <wb> s a t a t a aa <wb> d a w a aa r a aa <wb> u txh a aa ee <wb> g a ee <wb> s a t a t a aa p a o sx a ii <wb> k a d a m a <wb> k a ii <wb> j a aa n a k a aa r a ii <wb> w a i c a aa r a <wb> t a q t a r a <wb> k a aa <wb> h a i s a s a aa <wb> h a ei,C0 C30 C0 C21 C0 <wb> C22 C0 C11 C23 <wb> C19 C0 C16 C30 C0 C16 <wb> C4 C0 C16 <wb> C29 C0 C1 C31 C0 C34 C0 C29 C0 <wb> C29 C0 C1 C17 C0 C38 C0 <wb> C22 C0 C11 C23 <wb> C28 C0 C29 C0 C11 C30 C0 <wb> C28 C0 C29 C0 <wb> C28 C0 C29 C0 C32 C0 C16 C3 C0 C23 C8 C0 <wb> C21 C0 C13 C0 C1 C11 <wb> C17 C0 C1 C24 C0 C11 <wb> C19 C0 C11 <wb> C19 C0 C1 C29 C0 C25 C0 <wb> C38 C0 C15 C0 <wb> C15 C0 C26 C32 C0 C1 <wb> C15 C0 C2 <wb> C19 C0 C16 <wb> C1 C22 C0 <wb> C17 C0 C24 C0 C32 C0 C1 <wb> C19 C0 C11 <wb> C28 C0 C1 C30 C0 <wb> C30 C0 C32 C0 C32 C0 C1 <wb> C7 C0 C37 C0 C1 C29 C0 C1 <wb> C36 C35 C0 C1 C11 <wb> C13 C0 C11 <wb> C30 C0 C32 C0 C32 C0 C1 C28 C0 C26 C31 C0 C16 <wb> C19 C0 C7 C0 C22 C0 <wb> C19 C0 C16 <wb> C17 C0 C1 C24 C0 C19 C0 C1 C29 C0 C16 <wb> C37 C0 C16 C5 C0 C1 C29 C0 <wb> C32 C0 C23 C32 C0 C29 C0 <wb> C19 C0 C1 <wb> C15 C0 C16 C30 C0 C30 C0 C1 <wb> C15 C0 C2,train
9670,"अखबारों और पत्रिकाओं के साथ, इस तरह का लंबा खेल, आपातकाल के दौरान चलता रहा",1,6.677,0,not_selected_by_random,,,,
9671,"सबसे पहले अजीब लगने वाली बात यह है, कि पत्र पत्रिकाओं की स्वतंत्रता को, व्यवसाय की स्वतंत्रता में शामिल किया गया है",1,9.726,0,not_selected_by_random,,,,
9672,"पर, कुछ भी हो, हम वक्ता के विचार को, नहीं ठुकरा सकते",1,4.992,0,not_selected_by_random,,,,
9673,"रेम्ब्रॉ ने मैडोना को, नीदरलैंड की किसान महिना के रूप में चित्रित किया था",1,5.039,1,,hindi_female_009673.wav,r a ee m a b a r a <wb> n a ee <wb> m a ei dx a o n a aa <wb> k a o <wb> n a ii d a r a l a ei q dx a <wb> k a ii <wb> k a i s a aa n a <wb> m a h a i n a aa <wb> k a ee <wb> r a uu p a <wb> m a ee q <wb> c a i t a r a i t a <wb> k a i y a aa <wb> th a aa,C29 C0 C11 C22 C0 C3 C0 C29 C0 <wb> C24 C0 C11 <wb> C22 C0 C2 C9 C0 C26 C24 C0 C1 <wb> C19 C0 C26 <wb> C24 C0 C16 C7 C0 C29 C0 C21 C0 C2 C23 C9 C0 <wb> C19 C0 C16 <wb> C19 C0 C16 C30 C0 C1 C24 C0 <wb> C22 C0 C15 C0 C16 C24 C0 C1 <wb> C19 C0 C11 <wb> C29 C0 C36 C28 C0 <wb> C22 C0 C11 C23 <wb> C5 C0 C16 C32 C0 C29 C0 C16 C32 C0 <wb> C19 C0 C16 C38 C0 C1 <wb> C33 C0 C1,train
9674,"हमारा वक्त, स्वतंत्रता को क्यों, ऐसे रूप में व्यक्त नहीं करता, जो उसे प्रिय, और बोधगम्य है",1,7.291,1,,hindi_female_009674.wav,h a m a aa r a aa <wb> w a k a t a <wb> s a w a t a q t a r a t a aa <wb> k a o <wb> k a y a o q <wb> ei s a ee <wb> r a uu p a <wb> m a ee q <wb> w a y a k a t a <wb> n a h a ii q <wb> k a r a t a aa <wb> j a o <wb> u s a ee <wb> p a r a i y a <wb> ou r a <wb> b a o dh a g a m a y a <wb> h a ei,C15 C0 C22 C0 C1 C29 C0 C1 <wb> C37 C0 C19 C0 C32 C0 <wb> C30 C0 C37 C0 C32 C0 C23 C32 C0 C29 C0 C32 C0 C1 <wb> C19 C0 C26 <wb> C19 C0 C38 C0 C26 C23 <wb> C2 C30 C0 C11 <wb> C29 C0 C36 C28 C0 <wb> C22 C0 C11 C23 <wb> C37 C0 C38 C0 C19 C0 C32 C0 <wb> C24 C0 C15 C0 C16 C23 <wb> C19 C0 C29 C0 C32 C0 C1 <wb> C17 C0 C26 <wb> C36 C30 C0 C11 <wb> C28 C0 C29 C0 C16 C38 C0 <wb> C27 C29 C0 <wb> C3 C0 C26 C8 C0 C13 C0 C22 C0 C38 C0 <wb> C15 C0 C2,train
9675,"आंखे मूंदकर मुंह पर पट्टी बांधकर, इस तरह कार्यरत थे, मानो आसपास जो हो रहा है, वह सब नॉर्मल है",1,8.359,1,,hindi_female_009675.wav,aa q kh a ee <wb> m a uu q d a k a r a <wb> m a u q h a <wb> p a r a <wb> p a tx a tx a ii <wb> b a aa q dh a k a r a <wb> i s a <wb> t a r a h a <wb> k a aa r a y a r a t a <wb> th a ee <wb> m a aa n a o <wb> aa s a p a aa s a <wb> j a o <wb> h a o <wb> r a h a aa <wb> h a ei <wb> w a h a <wb> s a b a <wb> n a r a m a l a <wb> h a ei,C1 C23 C20 C0 C11 <wb> C22 C0 C36 C23 C7 C0 C19 C0 C29 C0 <wb> C22 C0 C36 C23 C15 C0 <wb> C28 C0 C29 C0 <wb> C28 C0 C34 C0 C34 C0 C16 <wb> C3 C0 C1 C23 C8 C0 C19 C0 C29 C0 <wb> C16 C30 C0 <wb> C32 C0 C29 C0 C15 C0 <wb> C19 C0 C1 C29 C0 C38 C0 C29 C0 C32 C0 <wb> C33 C0 C11 <wb> C22 C0 C1 C24 C0 C26 <wb> C1 C30 C0 C28 C0 C1 C30 C0 <wb> C17 C0 C26 <wb> C15 C0 C26 <wb> C29 C0 C15 C0 C1 <wb> C15 C0 C2 <wb> C37 C0 C15 C0 <wb> C30 C0 C3 C0 <wb> C24 C0 C29 C0 C22 C0 C21 C0 <wb> C15 C0 C2,train
9676,"यदि आज हम इन पत्रिकाओं के तत्कालीन अंकों को, उलट पलट कर देखें, तो शायद ही अनुमान लगा पाएं, कि हम उन दिनों कैसे संकट की घड़ी से गुज़र रहे थे",1,10.472,1,,hindi_female_009676.wav,y a d a i <wb> aa j a <wb> h a m a <wb> i n a <wb> p a t a r a i k a aa o q <wb> k a ee <wb> t a t a k a aa l a ii n a <wb> a q k a o q <wb> k a o <wb> u l a tx a <wb> p a l a tx a <wb> k a r a <wb> d a ee kh a ee q <wb> t a o <wb> sh a aa y a d a <wb> h a ii <wb> a n a u m a aa n a <wb> l a g a aa <wb> p a aa ee q <wb> k a i <wb> h a m a <wb> u n a <wb> d a i n a o q <wb> k a ei s a ee <wb> s a q k a tx a <wb> k a ii <wb> gh a dxq a ii <wb> s a ee <wb> g a u z a r a <wb> r a h a ee <wb> th a ee,C38 C0 C7 C0 C16 <wb> C1 C17 C0 <wb> C15 C0 C22 C0 <wb> C16 C24 C0 <wb> C28 C0 C32 C0 C29 C0 C16 C19 C0 C1 C26 C23 <wb> C19 C0 C11 <wb> C32 C0 C32 C0 C19 C0 C1 C21 C0 C16 C24 C0 <wb> C0 C23 C19 C0 C26 C23 <wb> C19 C0 C26 <wb> C36 C21 C0 C34 C0 <wb> C28 C0 C21 C0 C34 C0 <wb> C19 C0 C29 C0 <wb> C7 C0 C11 C20 C0 C11 C23 <wb> C32 C0 C26 <wb> C31 C0 C1 C38 C0 C7 C0 <wb> C15 C0 C16 <wb> C0 C24 C0 C36 C22 C0 C1 C24 C0 <wb> C21 C0 C13 C0 C1 <wb> C28 C0 C1 C11 C23 <wb> C19 C0 C16 <wb> C15 C0 C22 C0 <wb> C36 C24 C0 <wb> C7 C0 C16 C24 C0 C26 C23 <wb> C19 C0 C2 C30 C0 C11 <wb> C30 C0 C23 C19 C0 C34 C0 <wb> C19 C0 C16 <wb> C14 C0 C9 C0 C16 <wb> C30 C0 C11 <wb> C13 C0 C36 C17 C0 C29 C0 <wb> C29 C0 C15 C0 C11 <wb> C33 C0 C11,train
9679,"इसलिए, इन छवियों के प्रति, हमारा विवेकशील और आलोचनात्मक रवैया नहीं, बल्कि, उनसे सम्मोहित हो जानेवाला, एक रिश्ता बन गया है",1,10.854,0,not_selected_by_random,,,,
9684,"एक स्तर वो, जिसमें आतंकवाद, उसकी स्थिति, उससे बनने वाले हालात को, अधिक से अधिक असरदार तरीके से दिखाए जा सकें",1,9.172,1,,hindi_female_009684.wav,ee k a <wb> s a t a r a <wb> w a o <wb> j a i s a m a ee q <wb> aa t a q k a w a aa d a <wb> u s a k a ii <wb> s a th a i t a i <wb> u s a s a ee <wb> b a n a n a ee <wb> w a aa l a ee <wb> h a aa l a aa t a <wb> k a o <wb> a dh a i k a <wb> s a ee <wb> a dh a i k a <wb> a s a r a d a aa r a <wb> t a r a ii k a ee <wb> s a ee <wb> d a i kh a aa ee <wb> j a aa <wb> s a k a ee q,C11 C19 C0 <wb> C30 C0 C32 C0 C29 C0 <wb> C37 C0 C26 <wb> C17 C0 C16 C30 C0 C22 C0 C11 C23 <wb> C1 C32 C0 C23 C19 C0 C37 C0 C1 C7 C0 <wb> C36 C30 C0 C19 C0 C16 <wb> C30 C0 C33 C0 C16 C32 C0 C16 <wb> C36 C30 C0 C30 C0 C11 <wb> C3 C0 C24 C0 C24 C0 C11 <wb> C37 C0 C1 C21 C0 C11 <wb> C15 C0 C1 C21 C0 C1 C32 C0 <wb> C19 C0 C26 <wb> C0 C8 C0 C16 C19 C0 <wb> C30 C0 C11 <wb> C0 C8 C0 C16 C19 C0 <wb> C0 C30 C0 C29 C0 C7 C0 C1 C29 C0 <wb> C32 C0 C29 C0 C16 C19 C0 C11 <wb> C30 C0 C11 <wb> C7 C0 C16 C20 C0 C1 C11 <wb> C17 C0 C1 <wb> C30 C0 C19 C0 C11 C23,train
9689,"इस अर्थ में, आप कह सकते हैं, कि शब्दों के ज़रिए, टेलीविज़न चैनलों द्वारा प्रयुक्त छवि, यूनीइमैजिनरी होते हैं, जो दो विरोधी पक्षों, और विपरीत दशा में, एक ही साथ काम में लाए जा सकते हैं",1,14.489,1,,hindi_female_009689.wav,i s a <wb> a r a th a <wb> m a ee q <wb> aa p a <wb> k a h a <wb> s a k a t a ee <wb> h a ei q <wb> k a i <wb> sh a b a d a o q <wb> k a ee <wb> z a r a i ee <wb> tx a ee l a ii w a i z a n a <wb> c a ei n a l a o q <wb> d a w a aa r a aa <wb> p a r a y a u k a t a <wb> ch a w a i <wb> y a uu n a ii i m a ei j a i n a r a ii <wb> h a o t a ee <wb> h a ei q <wb> j a o <wb> d a o <wb> w a i r a o dh a ii <wb> p a k a sx a o q <wb> ou r a <wb> w a i p a r a ii t a <wb> d a sh a aa <wb> m a ee q <wb> ee k a <wb> h a ii <wb> s a aa th a <wb> k a aa m a <wb> m a ee q <wb> l a aa ee <wb> j a aa <wb> s a k a t a ee <wb> h a ei q,C16 C30 C0 <wb> C0 C29 C0 C33 C0 <wb> C22 C0 C11 C23 <wb> C1 C28 C0 <wb> C19 C0 C15 C0 <wb> C30 C0 C19 C0 C32 C0 C11 <wb> C15 C0 C2 C23 <wb> C19 C0 C16 <wb> C31 C0 C3 C0 C7 C0 C26 C23 <wb> C19 C0 C11 <wb> C17 C0 C29 C0 C16 C11 <wb> C34 C0 C11 C21 C0 C16 C37 C0 C16 C17 C0 C24 C0 <wb> C5 C0 C2 C24 C0 C21 C0 C26 C23 <wb> C7 C0 C37 C0 C1 C29 C0 C1 <wb> C28 C0 C29 C0 C38 C0 C36 C19 C0 C32 C0 <wb> C6 C0 C37 C0 C16 <wb> C38 C0 C36 C24 C0 C16 C16 C22 C0 C2 C17 C0 C16 C24 C0 C29 C0 C16 <wb> C15 C0 C26 C32 C0 C11 <wb> C15 C0 C2 C23 <wb> C17 C0 C26 <wb> C7 C0 C26 <wb> C37 C0 C16 C29 C0 C26 C8 C0 C16 <wb> C28 C0 C19 C0 C31 C0 C26 C23 <wb> C27 C29 C0 <wb> C37 C0 C16 C28 C0 C29 C0 C16 C32 C0 <wb> C7 C0 C31 C0 C1 <wb> C22 C0 C11 C23 <wb> C11 C19 C0 <wb> C15 C0 C16 <wb> C30 C0 C1 C33 C0 <wb> C19 C0 C1 C22 C0 <wb> C22 C0 C11 C23 <wb> C21 C0 C1 C11 <wb> C17 C0 C1 <wb> C30 C0 C19 C0 C32 C0 C11 <wb> C15 C0 C2 C23,train
9692,"इससे पैदा होनेवाले अर्थ, एक तो निर्माता, और उपभोक्ता के ज़रिए होता है, और दूसरा, स्वयं इस तकनीक के द्वारा, जो कि प्रसारण, और व्य वहार के दौरान पैदा होता है",1,12.074,1,,hindi_female_009692.wav,i s a s a ee <wb> p a ei d a aa <wb> h a o n a ee w a aa l a ee <wb> a r a th a <wb> ee k a <wb> t a o <wb> n a i r a m a aa t a aa <wb> ou r a <wb> u p a bh a o k a t a aa <wb> k a ee <wb> z a r a i ee <wb> h a o t a aa <wb> h a ei <wb> ou r a <wb> d a uu s a r a aa <wb> s a w a y a q <wb> i s a <wb> t a k a n a ii k a <wb> k a ee <wb> d a w a aa r a aa <wb> j a o <wb> k a i <wb> p a r a s a aa r a nx a <wb> ou r a <wb> w a y a <wb> w a h a aa r a <wb> k a ee <wb> d a ou r a aa n a <wb> p a ei d a aa <wb> h a o t a aa <wb> h a ei,C16 C30 C0 C30 C0 C11 <wb> C28 C0 C2 C7 C0 C1 <wb> C15 C0 C26 C24 C0 C11 C37 C0 C1 C21 C0 C11 <wb> C0 C29 C0 C33 C0 <wb> C11 C19 C0 <wb> C32 C0 C26 <wb> C24 C0 C16 C29 C0 C22 C0 C1 C32 C0 C1 <wb> C27 C29 C0 <wb> C36 C28 C0 C4 C0 C26 C19 C0 C32 C0 C1 <wb> C19 C0 C11 <wb> C17 C0 C29 C0 C16 C11 <wb> C15 C0 C26 C32 C0 C1 <wb> C15 C0 C2 <wb> C27 C29 C0 <wb> C7 C0 C36 C30 C0 C29 C0 C1 <wb> C30 C0 C37 C0 C38 C0 C23 <wb> C16 C30 C0 <wb> C32 C0 C19 C0 C24 C0 C16 C19 C0 <wb> C19 C0 C11 <wb> C7 C0 C37 C0 C1 C29 C0 C1 <wb> C17 C0 C26 <wb> C19 C0 C16 <wb> C28 C0 C29 C0 C30 C0 C1 C29 C0 C25 C0 <wb> C27 C29 C0 <wb> C37 C0 C38 C0 <wb> C37 C0 C15 C0 C1 C29 C0 <wb> C19 C0 C11 <wb> C7 C0 C27 C29 C0 C1 C24 C0 <wb> C28 C0 C2 C7 C0 C1 <wb> C15 C0 C26 C32 C0 C1 <wb> C15 C0 C2,train
9696,"सूज़न सोंटाग की मान्यता के आधार पर, जब लोग ड्राइंग रुम में बैठ कर आतंकवाद की खबरें, देख रहे होते हैं, तो इत्मिनान होते हैं, उनके भीतर एक निश्चिंतता का बोध होता है, कि हम सुरक्षित हैं",1,13.932,1,,hindi_female_009696.wav,s a uu z a n a <wb> s a o q tx a aa g a <wb> k a ii <wb> m a aa n a y a t a aa <wb> k a ee <wb> aa dh a aa r a <wb> p a r a <wb> j a b a <wb> l a o g a <wb> dx a r a aa i q g a <wb> r a u m a <wb> m a ee q <wb> b a ei txh a <wb> k a r a <wb> aa t a q k a w a aa d a <wb> k a ii <wb> kh a b a r a ee q <wb> d a ee kh a <wb> r a h a ee <wb> h a o t a ee <wb> h a ei q <wb> t a o <wb> i t a m a i n a aa n a <wb> h a o t a ee <wb> h a ei q <wb> u n a k a ee <wb> bh a ii t a r a <wb> ee k a <wb> n a i sh a c a i q t a t a aa <wb> k a aa <wb> b a o dh a <wb> h a o t a aa <wb> h a ei <wb> k a i <wb> h a m a <wb> s a u r a k a sx a i t a <wb> h a ei q,C30 C0 C36 C17 C0 C24 C0 <wb> C30 C0 C26 C23 C34 C0 C1 C13 C0 <wb> C19 C0 C16 <wb> C22 C0 C1 C24 C0 C38 C0 C32 C0 C1 <wb> C19 C0 C11 <wb> C1 C8 C0 C1 C29 C0 <wb> C28 C0 C29 C0 <wb> C17 C0 C3 C0 <wb> C21 C0 C26 C13 C0 <wb> C9 C0 C29 C0 C1 C16 C23 C13 C0 <wb> C29 C0 C36 C22 C0 <wb> C22 C0 C11 C23 <wb> C3 C0 C2 C35 C0 <wb> C19 C0 C29 C0 <wb> C1 C32 C0 C23 C19 C0 C37 C0 C1 C7 C0 <wb> C19 C0 C16 <wb> C20 C0 C3 C0 C29 C0 C11 C23 <wb> C7 C0 C11 C20 C0 <wb> C29 C0 C15 C0 C11 <wb> C15 C0 C26 C32 C0 C11 <wb> C15 C0 C2 C23 <wb> C32 C0 C26 <wb> C16 C32 C0 C22 C0 C16 C24 C0 C1 C24 C0 <wb> C15 C0 C26 C32 C0 C11 <wb> C15 C0 C2 C23 <wb> C36 C24 C0 C19 C0 C11 <wb> C4 C0 C16 C32 C0 C29 C0 <wb> C11 C19 C0 <wb> C24 C0 C16 C31 C0 C5 C0 C16 C23 C32 C0 C32 C0 C1 <wb> C19 C0 C1 <wb> C3 C0 C26 C8 C0 <wb> C15 C0 C26 C32 C0 C1 <wb> C15 C0 C2 <wb> C19 C0 C16 <wb> C15 C0 C22 C0 <wb> C30 C0 C36 C29 C0 C19 C0 C31 C0 C16 C32 C0 <wb> C15 C0 C2 C23,train
9697,"पिछली रात, मैं एक मित्र के घर थी, जब टीवी पर मैंने, घायलों को स्ट्रेचर पर डाल, लोगों को इधर से उधर भागते देखा",1,8.986,1,,hindi_female_009697.wav,p a i ch a l a ii <wb> r a aa t a <wb> m a ei q <wb> ee k a <wb> m a i t a r a <wb> k a ee <wb> gh a r a <wb> th a ii <wb> j a b a <wb> tx a ii w a ii <wb> p a r a <wb> m a ei q n a ee <wb> gh a aa y a l a o q <wb> k a o <wb> s a tx a r a ee c a r a <wb> p a r a <wb> dx a aa l a <wb> l a o g a o q <wb> k a o <wb> i dh a r a <wb> s a ee <wb> u dh a r a <wb> bh a aa g a t a ee <wb> d a ee kh a aa,C28 C0 C16 C6 C0 C21 C0 C16 <wb> C29 C0 C1 C32 C0 <wb> C22 C0 C2 C23 <wb> C11 C19 C0 <wb> C22 C0 C16 C32 C0 C29 C0 <wb> C19 C0 C11 <wb> C14 C0 C29 C0 <wb> C33 C0 C16 <wb> C17 C0 C3 C0 <wb> C34 C0 C16 C37 C0 C16 <wb> C28 C0 C29 C0 <wb> C22 C0 C2 C23 C24 C0 C11 <wb> C14 C0 C1 C38 C0 C21 C0 C26 C23 <wb> C19 C0 C26 <wb> C30 C0 C34 C0 C29 C0 C11 C5 C0 C29 C0 <wb> C28 C0 C29 C0 <wb> C9 C0 C1 C21 C0 <wb> C21 C0 C26 C13 C0 C26 C23 <wb> C19 C0 C26 <wb> C16 C8 C0 C29 C0 <wb> C30 C0 C11 <wb> C36 C8 C0 C29 C0 <wb> C4 C0 C1 C13 C0 C32 C0 C11 <wb> C7 C0 C11 C20 C0 C1,train
9700,"लेकिन क्या वे सभी असामान्य या बुरे लोग हैं, या वे ऐसे लोग हैं, जिनसे हम टकराते हैं, जिनमें से कोई, शायद हमारे साथ काम करता हो, या हमारे आस पास ही मौजूद हो",1,12.725,1,,hindi_female_009700.wav,l a ee k a i n a <wb> k a y a aa <wb> w a ee <wb> s a bh a ii <wb> a s a aa m a aa n a y a <wb> y a aa <wb> b a u r a ee <wb> l a o g a <wb> h a ei q <wb> y a aa <wb> w a ee <wb> ei s a ee <wb> l a o g a <wb> h a ei q <wb> j a i n a s a ee <wb> h a m a <wb> tx a k a r a aa t a ee <wb> h a ei q <wb> j a i n a m a ee q <wb> s a ee <wb> k a o ii <wb> sh a aa y a d a <wb> h a m a aa r a ee <wb> s a aa th a <wb> k a aa m a <wb> k a r a t a aa <wb> h a o <wb> y a aa <wb> h a m a aa r a ee <wb> aa s a <wb> p a aa s a <wb> h a ii <wb> m a ou j a uu d a <wb> h a o,C21 C0 C11 C19 C0 C16 C24 C0 <wb> C19 C0 C38 C0 C1 <wb> C37 C0 C11 <wb> C30 C0 C4 C0 C16 <wb> C0 C30 C0 C1 C22 C0 C1 C24 C0 C38 C0 <wb> C38 C0 C1 <wb> C3 C0 C36 C29 C0 C11 <wb> C21 C0 C26 C13 C0 <wb> C15 C0 C2 C23 <wb> C38 C0 C1 <wb> C37 C0 C11 <wb> C2 C30 C0 C11 <wb> C21 C0 C26 C13 C0 <wb> C15 C0 C2 C23 <wb> C17 C0 C16 C24 C0 C30 C0 C11 <wb> C15 C0 C22 C0 <wb> C34 C0 C19 C0 C29 C0 C1 C32 C0 C11 <wb> C15 C0 C2 C23 <wb> C17 C0 C16 C24 C0 C22 C0 C11 C23 <wb> C30 C0 C11 <wb> C19 C0 C26 C16 <wb> C31 C0 C1 C38 C0 C7 C0 <wb> C15 C0 C22 C0 C1 C29 C0 C11 <wb> C30 C0 C1 C33 C0 <wb> C19 C0 C1 C22 C0 <wb> C19 C0 C29 C0 C32 C0 C1 <wb> C15 C0 C26 <wb> C38 C0 C1 <wb> C15 C0 C22 C0 C1 C29 C0 C11 <wb> C1 C30 C0 <wb> C28 C0 C1 C30 C0 <wb> C15 C0 C16 <wb> C22 C0 C27 C17 C0 C36 C7 C0 <wb> C15 C0 C26,train
9702,"खैर, यहां हम घृणा की ताकत को समझने की, सैद्धांतिक कोशिश नही कर रहे है",1,5.526,1,,hindi_female_009702.wav,kh a ei r a <wb> y a h a aa q <wb> h a m a <wb> gh a rq nx a aa <wb> k a ii <wb> t a aa k a t a <wb> k a o <wb> s a m a jh a n a ee <wb> k a ii <wb> s a ei d a dh a aa q t a i k a <wb> k a o sh a i sh a <wb> n a h a ii <wb> k a r a <wb> r a h a ee <wb> h a ei,C20 C0 C2 C29 C0 <wb> C38 C0 C15 C0 C1 C23 <wb> C15 C0 C22 C0 <wb> C14 C0 C29 C25 C0 C1 <wb> C19 C0 C16 <wb> C32 C0 C1 C19 C0 C32 C0 <wb> C19 C0 C26 <wb> C30 C0 C22 C0 C18 C0 C24 C0 C11 <wb> C19 C0 C16 <wb> C30 C0 C2 C7 C0 C8 C0 C1 C23 C32 C0 C16 C19 C0 <wb> C19 C0 C26 C31 C0 C16 C31 C0 <wb> C24 C0 C15 C0 C16 <wb> C19 C0 C29 C0 <wb> C29 C0 C15 C0 C11 <wb> C15 C0 C2,train
9703,"मैं, अपने भीतर आक्रोश की इस बीज को, और सींचना नहीं चाहती",1,5.824,0,not_selected_by_random,,,,
9704,"क्योंकि, जो हुवा, उसके असर को मिटने में तो लंबा समय लगेगा, लेकिन हमारी एक एक सकारात्मक ऊर्जा, दुनिया को बदल सकती है",1,9.752,1,,hindi_female_009704.wav,k a y a o q k a i <wb> j a o <wb> h a u w a aa <wb> u s a k a ee <wb> a s a r a <wb> k a o <wb> m a i tx a n a ee <wb> m a ee q <wb> t a o <wb> l a q b a aa <wb> s a m a y a <wb> l a g a ee g a aa <wb> l a ee k a i n a <wb> h a m a aa r a ii <wb> ee k a <wb> ee k a <wb> s a k a aa r a aa t a m a k a <wb> uu r a j a aa <wb> d a u n a i y a aa <wb> k a o <wb> b a d a l a <wb> s a k a t a ii <wb> h a ei,C19 C0 C38 C0 C26 C23 C19 C0 C16 <wb> C17 C0 C26 <wb> C15 C0 C36 C37 C0 C1 <wb> C36 C30 C0 C19 C0 C11 <wb> C0 C30 C0 C29 C0 <wb> C19 C0 C26 <wb> C22 C0 C16 C34 C0 C24 C0 C11 <wb> C22 C0 C11 C23 <wb> C32 C0 C26 <wb> C21 C0 C23 C3 C0 C1 <wb> C30 C0 C22 C0 C38 C0 <wb> C21 C0 C13 C0 C11 C13 C0 C1 <wb> C21 C0 C11 C19 C0 C16 C24 C0 <wb> C15 C0 C22 C0 C1 C29 C0 C16 <wb> C11 C19 C0 <wb> C11 C19 C0 <wb> C30 C0 C19 C0 C1 C29 C0 C1 C32 C0 C22 C0 C19 C0 <wb> C36 C29 C0 C17 C0 C1 <wb> C7 C0 C36 C24 C0 C16 C38 C0 C1 <wb> C19 C0 C26 <wb> C3 C0 C7 C0 C21 C0 <wb> C30 C0 C19 C0 C32 C0 C16 <wb> C15 C0 C2,train
9706,"लेकिन, तब क्या जब ऐसा ही कोई यथार्थ, हमारी ठहरी हुई जिंदगी में, अचानक से घुसपैठ कर आता है, तब हम उसका मुकाबला करने में, स्वयं को असमर्थ पाते हैं",1,12.055,0,not_selected_by_random,,,,
9720,"तब फिर इस कोमल मस्तिष्क में, बाद में ऐसा क्या घटित होता है, कि जिसके लिए, उसे खुद अपने प्राणों का भी, मोह नहीं रह जाता है",1,9.729,1,,hindi_female_009720.wav,t a b a <wb> ph a i r a <wb> i s a <wb> k a o m a l a <wb> m a s a t a i sx a k a <wb> m a ee q <wb> b a aa d a <wb> m a ee q <wb> ei s a aa <wb> k a y a aa <wb> gh a tx a i t a <wb> h a o t a aa <wb> h a ei <wb> k a i <wb> j a i s a k a ee <wb> l a i ee <wb> u s a ee <wb> kh a u d a <wb> a p a n a ee <wb> p a r a aa nx a o q <wb> k a aa <wb> bh a ii <wb> m a o h a <wb> n a h a ii q <wb> r a h a <wb> j a aa t a aa <wb> h a ei,C32 C0 C3 C0 <wb> C12 C0 C16 C29 C0 <wb> C16 C30 C0 <wb> C19 C0 C26 C22 C0 C21 C0 <wb> C22 C0 C30 C0 C32 C0 C16 C31 C0 C19 C0 <wb> C22 C0 C11 C23 <wb> C3 C0 C1 C7 C0 <wb> C22 C0 C11 C23 <wb> C2 C30 C0 C1 <wb> C19 C0 C38 C0 C1 <wb> C14 C0 C34 C0 C16 C32 C0 <wb> C15 C0 C26 C32 C0 C1 <wb> C15 C0 C2 <wb> C19 C0 C16 <wb> C17 C0 C16 C30 C0 C19 C0 C11 <wb> C21 C0 C16 C11 <wb> C36 C30 C0 C11 <wb> C20 C0 C36 C7 C0 <wb> C0 C28 C0 C24 C0 C11 <wb> C28 C0 C29 C0 C1 C25 C0 C26 C23 <wb> C19 C0 C1 <wb> C4 C0 C16 <wb> C22 C0 C26 C15 C0 <wb> C24 C0 C15 C0 C16 C23 <wb> C29 C0 C15 C0 <wb> C17 C0 C1 C32 C0 C1 <wb> C15 C0 C2,train
9726,"साहित्यिक कृतियों को, जुनून की हद तक चाहने वाले लोगों का, लघुतम, समापवर्त्य आखिर क्या हो सकता है, और इन कृतियों के लेखकों का, कोरे तथ्य इस प्रकार हैं",1,12.748,1,,hindi_female_009726.wav,s a aa h a i t a y a i k a <wb> k a rq t a i y a o q <wb> k a o <wb> j a u n a uu n a <wb> k a ii <wb> h a d a <wb> t a k a <wb> c a aa h a n a ee <wb> w a aa l a ee <wb> l a o g a o q <wb> k a aa <wb> l a gh a u t a m a <wb> s a m a aa p a w a r a t a y a <wb> aa kh a i r a <wb> k a y a aa <wb> h a o <wb> s a k a t a aa <wb> h a ei <wb> ou r a <wb> i n a <wb> k a rq t a i y a o q <wb> k a ee <wb> l a ee kh a k a o q <wb> k a aa <wb> k a o r a ee <wb> t a th a y a <wb> i s a <wb> p a r a k a aa r a <wb> h a ei q,C30 C0 C1 C15 C0 C16 C32 C0 C38 C0 C16 C19 C0 <wb> C19 C0 C29 C32 C0 C16 C38 C0 C26 C23 <wb> C19 C0 C26 <wb> C17 C0 C36 C24 C0 C36 C24 C0 <wb> C19 C0 C16 <wb> C15 C0 C7 C0 <wb> C32 C0 C19 C0 <wb> C5 C0 C1 C15 C0 C24 C0 C11 <wb> C37 C0 C1 C21 C0 C11 <wb> C21 C0 C26 C13 C0 C26 C23 <wb> C19 C0 C1 <wb> C21 C0 C14 C0 C36 C32 C0 C22 C0 <wb> C30 C0 C22 C0 C1 C28 C0 C37 C0 C29 C0 C32 C0 C38 C0 <wb> C1 C20 C0 C16 C29 C0 <wb> C19 C0 C38 C0 C1 <wb> C15 C0 C26 <wb> C30 C0 C19 C0 C32 C0 C1 <wb> C15 C0 C2 <wb> C27 C29 C0 <wb> C16 C24 C0 <wb> C19 C0 C29 C32 C0 C16 C38 C0 C26 C23 <wb> C19 C0 C11 <wb> C21 C0 C11 C20 C0 C19 C0 C26 C23 <wb> C19 C0 C1 <wb> C19 C0 C26 C29 C0 C11 <wb> C32 C0 C33 C0 C38 C0 <wb> C16 C30 C0 <wb> C28 C0 C29 C0 C19 C0 C1 C29 C0 <wb> C15 C0 C2 C23,train
9727,"पुलिस की हिरासत में, हाम्सुन पर मुकदमा चलाया गया, और इस प्रसंग का इतिहास, अब नार्वे तक ही, महदूद नहीं रह गया है",1,9.358,1,,hindi_female_009727.wav,p a u l a i s a <wb> k a ii <wb> h a i r a aa s a t a <wb> m a ee q <wb> h a aa m a s a u n a <wb> p a r a <wb> m a u k a d a m a aa <wb> c a l a aa y a aa <wb> g a y a aa <wb> ou r a <wb> i s a <wb> p a r a s a q g a <wb> k a aa <wb> i t a i h a aa s a <wb> a b a <wb> n a aa r a w a ee <wb> t a k a <wb> h a ii <wb> m a h a d a uu d a <wb> n a h a ii q <wb> r a h a <wb> g a y a aa <wb> h a ei,C28 C0 C36 C21 C0 C16 C30 C0 <wb> C19 C0 C16 <wb> C15 C0 C16 C29 C0 C1 C30 C0 C32 C0 <wb> C22 C0 C11 C23 <wb> C15 C0 C1 C22 C0 C30 C0 C36 C24 C0 <wb> C28 C0 C29 C0 <wb> C22 C0 C36 C19 C0 C7 C0 C22 C0 C1 <wb> C5 C0 C21 C0 C1 C38 C0 C1 <wb> C13 C0 C38 C0 C1 <wb> C27 C29 C0 <wb> C16 C30 C0 <wb> C28 C0 C29 C0 C30 C0 C23 C13 C0 <wb> C19 C0 C1 <wb> C16 C32 C0 C16 C15 C0 C1 C30 C0 <wb> C0 C3 C0 <wb> C24 C0 C1 C29 C0 C37 C0 C11 <wb> C32 C0 C19 C0 <wb> C15 C0 C16 <wb> C22 C0 C15 C0 C7 C0 C36 C7 C0 <wb> C24 C0 C15 C0 C16 C23 <wb> C29 C0 C15 C0 <wb> C13 C0 C38 C0 C1 <wb> C15 C0 C2,train
9728,"जिस क्रूरता से, मनोचिकित्सीय जाँच के बहाने, वृद्ध हाम्सुन को यातना दी गयी, वह डेनमार्क के लेखक, थॉरकिल्ड हाम्सुन की पुस्तक, प्रोसेशन में, पैने, और मार्मिक विवरणों के साथ दर्ज है",1,15.232,1,,hindi_female_009728.wav,j a i s a <wb> k a r a uu r a t a aa <wb> s a ee <wb> m a n a o c a i k a i t a s a ii y a <wb> j a aa mq c a <wb> k a ee <wb> b a h a aa n a ee <wb> w a rq d a dh a <wb> h a aa m a s a u n a <wb> k a o <wb> y a aa t a n a aa <wb> d a ii <wb> g a y a ii <wb> w a h a <wb> dx a ee n a m a aa r a k a <wb> k a ee <wb> l a ee kh a k a <wb> th a r a k a i l a dx a <wb> h a aa m a s a u n a <wb> k a ii <wb> p a u s a t a k a <wb> p a r a o s a ee sh a n a <wb> m a ee q <wb> p a ei n a ee <wb> ou r a <wb> m a aa r a m a i k a <wb> w a i w a r a nx a o q <wb> k a ee <wb> s a aa th a <wb> d a r a j a <wb> h a ei,C17 C0 C16 C30 C0 <wb> C19 C0 C29 C0 C36 C29 C0 C32 C0 C1 <wb> C30 C0 C11 <wb> C22 C0 C24 C0 C26 C5 C0 C16 C19 C0 C16 C32 C0 C30 C0 C16 C38 C0 <wb> C17 C0 C1 C23 C5 C0 <wb> C19 C0 C11 <wb> C3 C0 C15 C0 C1 C24 C0 C11 <wb> C37 C0 C29 C7 C0 C8 C0 <wb> C15 C0 C1 C22 C0 C30 C0 C36 C24 C0 <wb> C19 C0 C26 <wb> C38 C0 C1 C32 C0 C24 C0 C1 <wb> C7 C0 C16 <wb> C13 C0 C38 C0 C16 <wb> C37 C0 C15 C0 <wb> C9 C0 C11 C24 C0 C22 C0 C1 C29 C0 C19 C0 <wb> C19 C0 C11 <wb> C21 C0 C11 C20 C0 C19 C0 <wb> C33 C0 C29 C0 C19 C0 C16 C21 C0 C9 C0 <wb> C15 C0 C1 C22 C0 C30 C0 C36 C24 C0 <wb> C19 C0 C16 <wb> C28 C0 C36 C30 C0 C32 C0 C19 C0 <wb> C28 C0 C29 C0 C26 C30 C0 C11 C31 C0 C24 C0 <wb> C22 C0 C11 C23 <wb> C28 C0 C2 C24 C0 C11 <wb> C27 C29 C0 <wb> C22 C0 C1 C29 C0 C22 C0 C16 C19 C0 <wb> C37 C0 C16 C37 C0 C29 C0 C25 C0 C26 C23 <wb> C19 C0 C11 <wb> C30 C0 C1 C33 C0 <wb> C7 C0 C29 C0 C17 C0 <wb> C15 C0 C2,train
9729,"इस पुस्तक से, और इस लेखक के प्रति हुई प्रति क्रिया से, इस बात का अनुमान सहज ही लगाया जा सकता है, कि केवल नात्सी ही, नात्सी नहीं थे",1,10.356,1,,hindi_female_009729.wav,i s a <wb> p a u s a t a k a <wb> s a ee <wb> ou r a <wb> i s a <wb> l a ee kh a k a <wb> k a ee <wb> p a r a t a i <wb> h a u ii <wb> p a r a t a i <wb> k a r a i y a aa <wb> s a ee <wb> i s a <wb> b a aa t a <wb> k a aa <wb> a n a u m a aa n a <wb> s a h a j a <wb> h a ii <wb> l a g a aa y a aa <wb> j a aa <wb> s a k a t a aa <wb> h a ei <wb> k a i <wb> k a ee w a l a <wb> n a aa t a s a ii <wb> h a ii <wb> n a aa t a s a ii <wb> n a h a ii q <wb> th a ee,C16 C30 C0 <wb> C28 C0 C36 C30 C0 C32 C0 C19 C0 <wb> C30 C0 C11 <wb> C27 C29 C0 <wb> C16 C30 C0 <wb> C21 C0 C11 C20 C0 C19 C0 <wb> C19 C0 C11 <wb> C28 C0 C29 C0 C32 C0 C16 <wb> C15 C0 C36 C16 <wb> C28 C0 C29 C0 C32 C0 C16 <wb> C19 C0 C29 C0 C16 C38 C0 C1 <wb> C30 C0 C11 <wb> C16 C30 C0 <wb> C3 C0 C1 C32 C0 <wb> C19 C0 C1 <wb> C0 C24 C0 C36 C22 C0 C1 C24 C0 <wb> C30 C0 C15 C0 C17 C0 <wb> C15 C0 C16 <wb> C21 C0 C13 C0 C1 C38 C0 C1 <wb> C17 C0 C1 <wb> C30 C0 C19 C0 C32 C0 C1 <wb> C15 C0 C2 <wb> C19 C0 C16 <wb> C19 C0 C11 C37 C0 C21 C0 <wb> C24 C0 C1 C32 C0 C30 C0 C16 <wb> C15 C0 C16 <wb> C24 C0 C1 C32 C0 C30 C0 C16 <wb> C24 C0 C15 C0 C16 C23 <wb> C33 C0 C11,train
9731,"हिटलर से ऐसी एक मुलाकात, जिसके बाद हाम्सुन, हिटलर की बॉल्कनी पर जाकर रोने लगे थे, हाम्सुन के पूरे जीवन में, ऐसा क्या हो सकता था, जिससे उनके नात्सी होने का आभास मिलता हो",1,14.818,0,not_selected_by_random,,,,
9736,"बड़ बड़ बड़, और ख़ड ख़ड ख़ड करके, ताला खोल कर चली गई",1,6.868,0,not_selected_by_random,,,,
9740,चीनी के कारण विस्फोट का ख़तरा हो सकता है,1,3.864,0,not_selected_by_random,,,,
9741,कई लोगों को गर्द और महीन चूर्ण से होने वाले विस्फोट के ख़तरे के बारे में जानकारी नही है,1,7.523,1,,hindi_female_009741.wav,k a ii <wb> l a o g a o q <wb> k a o <wb> g a r a d a <wb> ou r a <wb> m a h a ii n a <wb> c a uu r a nx a <wb> s a ee <wb> h a o n a ee <wb> w a aa l a ee <wb> w a i s a ph a o tx a <wb> k a ee <wb> khq a t a r a ee <wb> k a ee <wb> b a aa r a ee <wb> m a ee q <wb> j a aa n a k a aa r a ii <wb> n a h a ii <wb> h a ei,C19 C0 C16 <wb> C21 C0 C26 C13 C0 C26 C23 <wb> C19 C0 C26 <wb> C13 C0 C29 C0 C7 C0 <wb> C27 C29 C0 <wb> C22 C0 C15 C0 C16 C24 C0 <wb> C5 C0 C36 C29 C0 C25 C0 <wb> C30 C0 C11 <wb> C15 C0 C26 C24 C0 C11 <wb> C37 C0 C1 C21 C0 C11 <wb> C37 C0 C16 C30 C0 C12 C0 C26 C34 C0 <wb> C19 C0 C11 <wb> C20 C0 C32 C0 C29 C0 C11 <wb> C19 C0 C11 <wb> C3 C0 C1 C29 C0 C11 <wb> C22 C0 C11 C23 <wb> C17 C0 C1 C24 C0 C19 C0 C1 C29 C0 C16 <wb> C24 C0 C15 C0 C16 <wb> C15 C0 C2,train
9742,"जहाँ तक गर्द के ख़तरों का सवाल है, तो अच्छी साफ़ सफ़ाई, एक महत्त्वपूर्ण सुरक्षा कार्य प्रक्रिया है",1,7.895,1,,hindi_female_009742.wav,j a h a aa mq <wb> t a k a <wb> g a r a d a <wb> k a ee <wb> khq a t a r a o q <wb> k a aa <wb> s a w a aa l a <wb> h a ei <wb> t a o <wb> a c a ch a ii <wb> s a aa f a <wb> s a f a aa ii <wb> ee k a <wb> m a h a t a t a w a p a uu r a nx a <wb> s a u r a k a sx a aa <wb> k a aa r a y a <wb> p a r a k a r a i y a aa <wb> h a ei,C17 C0 C15 C0 C1 C23 <wb> C32 C0 C19 C0 <wb> C13 C0 C29 C0 C7 C0 <wb> C19 C0 C11 <wb> C20 C0 C32 C0 C29 C0 C26 C23 <wb> C19 C0 C1 <wb> C30 C0 C37 C0 C1 C21 C0 <wb> C15 C0 C2 <wb> C32 C0 C26 <wb> C0 C5 C0 C6 C0 C16 <wb> C30 C0 C1 C12 C0 <wb> C30 C0 C12 C0 C1 C16 <wb> C11 C19 C0 <wb> C22 C0 C15 C0 C32 C0 C32 C0 C37 C0 C28 C0 C36 C29 C0 C25 C0 <wb> C30 C0 C36 C29 C0 C19 C0 C31 C0 C1 <wb> C19 C0 C1 C29 C0 C38 C0 <wb> C28 C0 C29 C0 C19 C0 C29 C0 C16 C38 C0 C1 <wb> C15 C0 C2,train
9743,"अपने संयंत्र में मौजूद पदार्थों के कारण, संभावित ख़तरों के बारे में जानिए",1,5.41,1,,hindi_female_009743.wav,a p a n a ee <wb> s a q y a q t a r a <wb> m a ee q <wb> m a ou j a uu d a <wb> p a d a aa r a th a o q <wb> k a ee <wb> k a aa r a nx a <wb> s a q bh a aa w a i t a <wb> khq a t a r a o q <wb> k a ee <wb> b a aa r a ee <wb> m a ee q <wb> j a aa n a i ee,C0 C28 C0 C24 C0 C11 <wb> C30 C0 C23 C38 C0 C23 C32 C0 C29 C0 <wb> C22 C0 C11 C23 <wb> C22 C0 C27 C17 C0 C36 C7 C0 <wb> C28 C0 C7 C0 C1 C29 C0 C33 C0 C26 C23 <wb> C19 C0 C11 <wb> C19 C0 C1 C29 C0 C25 C0 <wb> C30 C0 C23 C4 C0 C1 C37 C0 C16 C32 C0 <wb> C20 C0 C32 C0 C29 C0 C26 C23 <wb> C19 C0 C11 <wb> C3 C0 C1 C29 C0 C11 <wb> C22 C0 C11 C23 <wb> C17 C0 C1 C24 C0 C16 C11,val
9744,"सरकार को कोई हक़ नही है, कि वह ग़रीब लोगों का अपमान करे",1,4.969,1,,hindi_female_009744.wav,s a r a k a aa r a <wb> k a o <wb> k a o ii <wb> h a kq a <wb> n a h a ii <wb> h a ei <wb> k a i <wb> w a h a <wb> gq a r a ii b a <wb> l a o g a o q <wb> k a aa <wb> a p a m a aa n a <wb> k a r a ee,C30 C0 C29 C0 C19 C0 C1 C29 C0 <wb> C19 C0 C26 <wb> C19 C0 C26 C16 <wb> C15 C0 C19 C0 <wb> C24 C0 C15 C0 C16 <wb> C15 C0 C2 <wb> C19 C0 C16 <wb> C37 C0 C15 C0 <wb> C13 C0 C29 C0 C16 C3 C0 <wb> C21 C0 C26 C13 C0 C26 C23 <wb> C19 C0 C1 <wb> C0 C28 C0 C22 C0 C1 C24 C0 <wb> C19 C0 C29 C0 C11,train
9745,उत्तरी ध्रुव पर ओज़ोन ग़ायब हो रही है,1,3.717,0,not_selected_by_random,,,,
9746,ग़ज़ल एक ही बहर और वज़न के अनुसार लिखे गए शेरों का समूह है,1,6.316,1,,hindi_female_009746.wav,gq a z a l a <wb> ee k a <wb> h a ii <wb> b a h a r a <wb> ou r a <wb> w a z a n a <wb> k a ee <wb> a n a u s a aa r a <wb> l a i kh a ee <wb> g a ee <wb> sh a ee r a o q <wb> k a aa <wb> s a m a uu h a <wb> h a ei,C13 C0 C17 C0 C21 C0 <wb> C11 C19 C0 <wb> C15 C0 C16 <wb> C3 C0 C15 C0 C29 C0 <wb> C27 C29 C0 <wb> C37 C0 C17 C0 C24 C0 <wb> C19 C0 C11 <wb> C0 C24 C0 C36 C30 C0 C1 C29 C0 <wb> C21 C0 C16 C20 C0 C11 <wb> C13 C0 C11 <wb> C31 C0 C11 C29 C0 C26 C23 <wb> C19 C0 C1 <wb> C30 C0 C22 C0 C36 C15 C0 <wb> C15 C0 C2,train
9747,"ग़ज़लों का आरंभ, अरबी साहित्य की काव्य विधा के रूप में हुआ",1,4.644,1,,hindi_female_009747.wav,gq a z a l a o q <wb> k a aa <wb> aa r a q bh a <wb> a r a b a ii <wb> s a aa h a i t a y a <wb> k a ii <wb> k a aa w a y a <wb> w a i dh a aa <wb> k a ee <wb> r a uu p a <wb> m a ee q <wb> h a u aa,C13 C0 C17 C0 C21 C0 C26 C23 <wb> C19 C0 C1 <wb> C1 C29 C0 C23 C4 C0 <wb> C0 C29 C0 C3 C0 C16 <wb> C30 C0 C1 C15 C0 C16 C32 C0 C38 C0 <wb> C19 C0 C16 <wb> C19 C0 C1 C37 C0 C38 C0 <wb> C37 C0 C16 C8 C0 C1 <wb> C19 C0 C11 <wb> C29 C0 C36 C28 C0 <wb> C22 C0 C11 C23 <wb> C15 C0 C36 C1,train
9750,"वैसे इस उपन्यास में व्यक्तिगत संबंधों के कारण, भारत में, अमेरिका के पूर्व राजदूत की एक कश्मीरी द्वारा, हत्या की जाती है, लेकिन, इसी विशेष संदर्भ के कारण, यह घटना, अपने आप में, आतंकवादी घटना प्रतीत होने लगती है",1,18.53,1,,hindi_female_009750.wav,w a ei s a ee <wb> i s a <wb> u p a n a y a aa s a <wb> m a ee q <wb> w a y a k a t a i g a t a <wb> s a q b a q dh a o q <wb> k a ee <wb> k a aa r a nx a <wb> bh a aa r a t a <wb> m a ee q <wb> a m a ee r a i k a aa <wb> k a ee <wb> p a uu r a w a <wb> r a aa j a d a uu t a <wb> k a ii <wb> ee k a <wb> k a sh a m a ii r a ii <wb> d a w a aa r a aa <wb> h a t a y a aa <wb> k a ii <wb> j a aa t a ii <wb> h a ei <wb> l a ee k a i n a <wb> i s a ii <wb> w a i sh a ee sx a <wb> s a q d a r a bh a <wb> k a ee <wb> k a aa r a nx a <wb> y a h a <wb> gh a tx a n a aa <wb> a p a n a ee <wb> aa p a <wb> m a ee q <wb> aa t a q k a w a aa d a ii <wb> gh a tx a n a aa <wb> p a r a t a ii t a <wb> h a o n a ee <wb> l a g a t a ii <wb> h a ei,C37 C0 C2 C30 C0 C11 <wb> C16 C30 C0 <wb> C36 C28 C0 C24 C0 C38 C0 C1 C30 C0 <wb> C22 C0 C11 C23 <wb> C37 C0 C38 C0 C19 C0 C32 C0 C16 C13 C0 C32 C0 <wb> C30 C0 C23 C3 C0 C23 C8 C0 C26 C23 <wb> C19 C0 C11 <wb> C19 C0 C1 C29 C0 C25 C0 <wb> C4 C0 C1 C29 C0 C32 C0 <wb> C22 C0 C11 C23 <wb> C0 C22 C0 C11 C29 C0 C16 C19 C0 C1 <wb> C19 C0 C11 <wb> C28 C0 C36 C29 C0 C37 C0 <wb> C29 C0 C1 C17 C0 C7 C0 C36 C32 C0 <wb> C19 C0 C16 <wb> C11 C19 C0 <wb> C19 C0 C31 C0 C22 C0 C16 C29 C0 C16 <wb> C7 C0 C37 C0 C1 C29 C0 C1 <wb> C15 C0 C32 C0 C38 C0 C1 <wb> C19 C0 C16 <wb> C17 C0 C1 C32 C0 C16 <wb> C15 C0 C2 <wb> C21 C0 C11 C19 C0 C16 C24 C0 <wb> C16 C30 C0 C16 <wb> C37 C0 C16 C31 C0 C11 C31 C0 <wb> C30 C0 C23 C7 C0 C29 C0 C4 C0 <wb> C19 C0 C11 <wb> C19 C0 C1 C29 C0 C25 C0 <wb> C38 C0 C15 C0 <wb> C14 C0 C34 C0 C24 C0 C1 <wb> C0 C28 C0 C24 C0 C11 <wb> C1 C28 C0 <wb> C22 C0 C11 C23 <wb> C1 C32 C0 C23 C19 C0 C37 C0 C1 C7 C0 C16 <wb> C14 C0 C34 C0 C24 C0 C1 <wb> C28 C0 C29 C0 C32 C0 C16 C32 C0 <wb> C15 C0 C26 C24 C0 C11 <wb> C21 C0 C13 C0 C32 C0 C16 <wb> C15 C0 C2,train
9751,"मुस्लिम, अन्य की छवि का निर्माण, किस तरह किया जा रहा है, इसकी एक झलक, इस उपन्यास में दिखाई देती है",1,7.802,1,,hindi_female_009751.wav,m a u s a l a i m a <wb> a n a y a <wb> k a ii <wb> ch a w a i <wb> k a aa <wb> n a i r a m a aa nx a <wb> k a i s a <wb> t a r a h a <wb> k a i y a aa <wb> j a aa <wb> r a h a aa <wb> h a ei <wb> i s a k a ii <wb> ee k a <wb> jh a l a k a <wb> i s a <wb> u p a n a y a aa s a <wb> m a ee q <wb> d a i kh a aa ii <wb> d a ee t a ii <wb> h a ei,C22 C0 C36 C30 C0 C21 C0 C16 C22 C0 <wb> C0 C24 C0 C38 C0 <wb> C19 C0 C16 <wb> C6 C0 C37 C0 C16 <wb> C19 C0 C1 <wb> C24 C0 C16 C29 C0 C22 C0 C1 C25 C0 <wb> C19 C0 C16 C30 C0 <wb> C32 C0 C29 C0 C15 C0 <wb> C19 C0 C16 C38 C0 C1 <wb> C17 C0 C1 <wb> C29 C0 C15 C0 C1 <wb> C15 C0 C2 <wb> C16 C30 C0 C19 C0 C16 <wb> C11 C19 C0 <wb> C18 C0 C21 C0 C19 C0 <wb> C16 C30 C0 <wb> C36 C28 C0 C24 C0 C38 C0 C1 C30 C0 <wb> C22 C0 C11 C23 <wb> C7 C0 C16 C20 C0 C1 C16 <wb> C7 C0 C11 C32 C0 C16 <wb> C15 C0 C2,train
10290,"अजीब दिखते हुए, उस बुढ्ढे, और उसकी बीवी को मार डाला",1,3.506,1,,hindi_female_010290.wav,a j a ii b a <wb> d a i kh a t a ee <wb> h a u ee <wb> u s a <wb> b a u dxh a dxh a ee <wb> ou r a <wb> u s a k a ii <wb> b a ii w a ii <wb> k a o <wb> m a aa r a <wb> dx a aa l a aa,C0 C17 C0 C16 C3 C0 <wb> C7 C0 C16 C20 C0 C32 C0 C11 <wb> C15 C0 C36 C11 <wb> C36 C30 C0 <wb> C3 C0 C36 C10 C0 C10 C0 C11 <wb> C27 C29 C0 <wb> C36 C30 C0 C19 C0 C16 <wb> C3 C0 C16 C37 C0 C16 <wb> C19 C0 C26 <wb> C22 C0 C1 C29 C0 <wb> C9 C0 C1 C21 C0 C1,test
10294,"इसकी समझ या परवाह होने के बदले, अपने प्रतिद्वंदियों, हिंदी के स्थापित प्रकाशकों, राजकमल, वाणी, यानपीठ के बारे में, क्या राय थी",1,9.613,1,,hindi_female_010294.wav,i s a k a ii <wb> s a m a jh a <wb> y a aa <wb> p a r a w a aa h a <wb> h a o n a ee <wb> k a ee <wb> b a d a l a ee <wb> a p a n a ee <wb> p a r a t a i d a w a q d a i y a o q <wb> h a i q d a ii <wb> k a ee <wb> s a th a aa p a i t a <wb> p a r a k a aa sh a k a o q <wb> r a aa j a k a m a l a <wb> w a aa nx a ii <wb> y a aa n a p a ii txh a <wb> k a ee <wb> b a aa r a ee <wb> m a ee q <wb> k a y a aa <wb> r a aa y a <wb> th a ii,C16 C30 C0 C19 C0 C16 <wb> C30 C0 C22 C0 C18 C0 <wb> C38 C0 C1 <wb> C28 C0 C29 C0 C37 C0 C1 C15 C0 <wb> C15 C0 C26 C24 C0 C11 <wb> C19 C0 C11 <wb> C3 C0 C7 C0 C21 C0 C11 <wb> C0 C28 C0 C24 C0 C11 <wb> C28 C0 C29 C0 C32 C0 C16 C7 C0 C37 C0 C23 C7 C0 C16 C38 C0 C26 C23 <wb> C15 C0 C16 C23 C7 C0 C16 <wb> C19 C0 C11 <wb> C30 C0 C33 C0 C1 C28 C0 C16 C32 C0 <wb> C28 C0 C29 C0 C19 C0 C1 C31 C0 C19 C0 C26 C23 <wb> C29 C0 C1 C17 C0 C19 C0 C22 C0 C21 C0 <wb> C37 C0 C1 C25 C0 C16 <wb> C38 C0 C1 C24 C0 C28 C0 C16 C35 C0 <wb> C19 C0 C11 <wb> C3 C0 C1 C29 C0 C11 <wb> C22 C0 C11 C23 <wb> C19 C0 C38 C0 C1 <wb> C29 C0 C1 C38 C0 <wb> C33 C0 C16,train
10298,"इसके अलावा, बिल्कुल नए और अलग या ज्वलंत मुद्दों पर भी, हमने किताबें छापी हैं",1,5.991,1,,hindi_female_010298.wav,i s a k a ee <wb> a l a aa w a aa <wb> b a i l a k a u l a <wb> n a ee <wb> ou r a <wb> a l a g a <wb> y a aa <wb> j a w a l a q t a <wb> m a u d a d a o q <wb> p a r a <wb> bh a ii <wb> h a m a n a ee <wb> k a i t a aa b a ee q <wb> ch a aa p a ii <wb> h a ei q,C16 C30 C0 C19 C0 C11 <wb> C0 C21 C0 C1 C37 C0 C1 <wb> C3 C0 C16 C21 C0 C19 C0 C36 C21 C0 <wb> C24 C0 C11 <wb> C27 C29 C0 <wb> C0 C21 C0 C13 C0 <wb> C38 C0 C1 <wb> C17 C0 C37 C0 C21 C0 C23 C32 C0 <wb> C22 C0 C36 C7 C0 C7 C0 C26 C23 <wb> C28 C0 C29 C0 <wb> C4 C0 C16 <wb> C15 C0 C22 C0 C24 C0 C11 <wb> C19 C0 C16 C32 C0 C1 C3 C0 C11 C23 <wb> C6 C0 C1 C28 C0 C16 <wb> C15 C0 C2 C23,test
10300,"इन चार बरसों में, हिंदी में दुर्भाग्य से मज़बूत लाइब्रेरी, संस्कृति है",1,5.559,0,not_selected_by_random,,,,
10302,"अपनी अभद्र टिप्पणियों और अशिक्षितों के बारे में, अपने जोक्स के लिये विख्यात, और भडकीले सूट पहनने वाला, यह प्रस्तोता, एक बार लाईव शो के दौरान, पैगंबर मुहम्मद के बारे में, एक आपत्तिजनक टिप्पणी कर बैठता है",1,15.302,1,,hindi_female_010302.wav,a p a n a ii <wb> a bh a d a r a <wb> tx a i p a p a nx a i y a o q <wb> ou r a <wb> a sh a i k a sx a i t a o q <wb> k a ee <wb> b a aa r a ee <wb> m a ee q <wb> a p a n a ee <wb> j a o k a s a <wb> k a ee <wb> l a i y a ee <wb> w a i kh a y a aa t a <wb> ou r a <wb> bh a dx a k a ii l a ee <wb> s a uu tx a <wb> p a h a n a n a ee <wb> w a aa l a aa <wb> y a h a <wb> p a r a s a t a o t a aa <wb> ee k a <wb> b a aa r a <wb> l a aa ii w a <wb> sh a o <wb> k a ee <wb> d a ou r a aa n a <wb> p a ei g a q b a r a <wb> m a u h a m a m a d a <wb> k a ee <wb> b a aa r a ee <wb> m a ee q <wb> ee k a <wb> aa p a t a t a i j a n a k a <wb> tx a i p a p a nx a ii <wb> k a r a <wb> b a ei txh a t a aa <wb> h a ei,C0 C28 C0 C24 C0 C16 <wb> C0 C4 C0 C7 C0 C29 C0 <wb> C34 C0 C16 C28 C0 C28 C0 C25 C0 C16 C38 C0 C26 C23 <wb> C27 C29 C0 <wb> C0 C31 C0 C16 C19 C0 C31 C0 C16 C32 C0 C26 C23 <wb> C19 C0 C11 <wb> C3 C0 C1 C29 C0 C11 <wb> C22 C0 C11 C23 <wb> C0 C28 C0 C24 C0 C11 <wb> C17 C0 C26 C19 C0 C30 C0 <wb> C19 C0 C11 <wb> C21 C0 C16 C38 C0 C11 <wb> C37 C0 C16 C20 C0 C38 C0 C1 C32 C0 <wb> C27 C29 C0 <wb> C4 C0 C9 C0 C19 C0 C16 C21 C0 C11 <wb> C30 C0 C36 C34 C0 <wb> C28 C0 C15 C0 C24 C0 C24 C0 C11 <wb> C37 C0 C1 C21 C0 C1 <wb> C38 C0 C15 C0 <wb> C28 C0 C29 C0 C30 C0 C32 C0 C26 C32 C0 C1 <wb> C11 C19 C0 <wb> C3 C0 C1 C29 C0 <wb> C21 C0 C1 C16 C37 C0 <wb> C31 C0 C26 <wb> C19 C0 C11 <wb> C7 C0 C27 C29 C0 C1 C24 C0 <wb> C28 C0 C2 C13 C0 C23 C3 C0 C29 C0 <wb> C22 C0 C36 C15 C0 C22 C0 C22 C0 C7 C0 <wb> C19 C0 C11 <wb> C3 C0 C1 C29 C0 C11 <wb> C22 C0 C11 C23 <wb> C11 C19 C0 <wb> C1 C28 C0 C32 C0 C32 C0 C16 C17 C0 C24 C0 C19 C0 <wb> C34 C0 C16 C28 C0 C28 C0 C25 C0 C16 <wb> C19 C0 C29 C0 <wb> C3 C0 C2 C35 C0 C32 C0 C1 <wb> C15 C0 C2,train
10303,"एक ऐसी भयंकर भूल, जिसे अधिकांश ऊंघते दर्शक तो शायद इग्नोर कर जाते हैं",1,5.908,0,not_selected_by_random,,,,
10304,रमेश इस्ताम्बुल प्रेस को एक ख़त भेजता है,1,3.042,1,,hindi_female_010304.wav,r a m a ee sh a <wb> i s a t a aa m a b a u l a <wb> p a r a ee s a <wb> k a o <wb> ee k a <wb> khq a t a <wb> bh a ee j a t a aa <wb> h a ei,C29 C0 C22 C0 C11 C31 C0 <wb> C16 C30 C0 C32 C0 C1 C22 C0 C3 C0 C36 C21 C0 <wb> C28 C0 C29 C0 C11 C30 C0 <wb> C19 C0 C26 <wb> C11 C19 C0 <wb> C20 C0 C32 C0 <wb> C4 C0 C11 C17 C0 C32 C0 C1 <wb> C15 C0 C2,train
10305,"शनिवार को, काम निपटाने में देरी हो जाने के कारण, मनीषा कार्यालय में, अकेली रह गई थी",1,7.37,0,not_selected_by_random,,,,
10309,"ये सैट आधे अधूरे रूप में, आज भी मौजूद है",1,3.274,1,,hindi_female_010309.wav,y a ee <wb> s a ei tx a <wb> aa dh a ee <wb> a dh a uu r a ee <wb> r a uu p a <wb> m a ee q <wb> aa j a <wb> bh a ii <wb> m a ou j a uu d a <wb> h a ei,C38 C0 C11 <wb> C30 C0 C2 C34 C0 <wb> C1 C8 C0 C11 <wb> C0 C8 C0 C36 C29 C0 C11 <wb> C29 C0 C36 C28 C0 <wb> C22 C0 C11 C23 <wb> C1 C17 C0 <wb> C4 C0 C16 <wb> C22 C0 C27 C17 C0 C36 C7 C0 <wb> C15 C0 C2,test
10310,"जहां तक लिनक्स का सवाल था, लिनक्स का प्रयोग भी खूब किया गया, लेकिन, इसका उपयोग, अधिकतर सर्वर पर ही किया, डेस्क टाप पर नहीं",1,9.334,1,,hindi_female_010310.wav,j a h a aa q <wb> t a k a <wb> l a i n a k a s a <wb> k a aa <wb> s a w a aa l a <wb> th a aa <wb> l a i n a k a s a <wb> k a aa <wb> p a r a y a o g a <wb> bh a ii <wb> kh a uu b a <wb> k a i y a aa <wb> g a y a aa <wb> l a ee k a i n a <wb> i s a k a aa <wb> u p a y a o g a <wb> a dh a i k a t a r a <wb> s a r a w a r a <wb> p a r a <wb> h a ii <wb> k a i y a aa <wb> dx a ee s a k a <wb> tx a aa p a <wb> p a r a <wb> n a h a ii q,C17 C0 C15 C0 C1 C23 <wb> C32 C0 C19 C0 <wb> C21 C0 C16 C24 C0 C19 C0 C30 C0 <wb> C19 C0 C1 <wb> C30 C0 C37 C0 C1 C21 C0 <wb> C33 C0 C1 <wb> C21 C0 C16 C24 C0 C19 C0 C30 C0 <wb> C19 C0 C1 <wb> C28 C0 C29 C0 C38 C0 C26 C13 C0 <wb> C4 C0 C16 <wb> C20 C0 C36 C3 C0 <wb> C19 C0 C16 C38 C0 C1 <wb> C13 C0 C38 C0 C1 <wb> C21 C0 C11 C19 C0 C16 C24 C0 <wb> C16 C30 C0 C19 C0 C1 <wb> C36 C28 C0 C38 C0 C26 C13 C0 <wb> C0 C8 C0 C16 C19 C0 C32 C0 C29 C0 <wb> C30 C0 C29 C0 C37 C0 C29 C0 <wb> C28 C0 C29 C0 <wb> C15 C0 C16 <wb> C19 C0 C16 C38 C0 C1 <wb> C9 C0 C11 C30 C0 C19 C0 <wb> C34 C0 C1 C28 C0 <wb> C28 C0 C29 C0 <wb> C24 C0 C15 C0 C16 C23,train
10311,"हम लोग, काम करते थे, तो युनिक्स पर, हाथ साफ़ था",1,4.14,0,not_selected_by_random,,,,
10313,पूरा का पूरा मेल सिस्टम लिनक्स पर बदला,1,3.659,0,not_selected_by_random,,,,
10315,"ये सम्पादकीय, ऐसी सामाजिक वैयक्तिक महात्वकांक्षाओं से लबरेज़ होते हैं, कि हमें अपने साथ गिरा लेते हैं",1,7.872,1,,hindi_female_010315.wav,y a ee <wb> s a m a p a aa d a k a ii y a <wb> ei s a ii <wb> s a aa m a aa j a i k a <wb> w a ei y a k a t a i k a <wb> m a h a aa t a w a k a aa q k a sx a aa o q <wb> s a ee <wb> l a b a r a ee z a <wb> h a o t a ee <wb> h a ei q <wb> k a i <wb> h a m a ee q <wb> a p a n a ee <wb> s a aa th a <wb> g a i r a aa <wb> l a ee t a ee <wb> h a ei q,C38 C0 C11 <wb> C30 C0 C22 C0 C28 C0 C1 C7 C0 C19 C0 C16 C38 C0 <wb> C2 C30 C0 C16 <wb> C30 C0 C1 C22 C0 C1 C17 C0 C16 C19 C0 <wb> C37 C0 C2 C38 C0 C19 C0 C32 C0 C16 C19 C0 <wb> C22 C0 C15 C0 C1 C32 C0 C37 C0 C19 C0 C1 C23 C19 C0 C31 C0 C1 C26 C23 <wb> C30 C0 C11 <wb> C21 C0 C3 C0 C29 C0 C11 C17 C0 <wb> C15 C0 C26 C32 C0 C11 <wb> C15 C0 C2 C23 <wb> C19 C0 C16 <wb> C15 C0 C22 C0 C11 C23 <wb> C0 C28 C0 C24 C0 C11 <wb> C30 C0 C1 C33 C0 <wb> C13 C0 C16 C29 C0 C1 <wb> C21 C0 C11 C32 C0 C11 <wb> C15 C0 C2 C23,train
10319,"वहाँ मेरे दोस्त, ब्रिगेडियर सिन्हा का घर, और बाग हैं, वहाँ तू बस उनके परिवार के साथ, छुट्टियाँ बिताने जा रहा है",1,8.197,1,,hindi_female_010319.wav,w a h a aa mq <wb> m a ee r a ee <wb> d a o s a t a <wb> b a r a i g a ee dx a i y a r a <wb> s a i n a h a aa <wb> k a aa <wb> gh a r a <wb> ou r a <wb> b a aa g a <wb> h a ei q <wb> w a h a aa mq <wb> t a uu <wb> b a s a <wb> u n a k a ee <wb> p a r a i w a aa r a <wb> k a ee <wb> s a aa th a <wb> ch a u tx a tx a i y a aa mq <wb> b a i t a aa n a ee <wb> j a aa <wb> r a h a aa <wb> h a ei,C37 C0 C15 C0 C1 C23 <wb> C22 C0 C11 C29 C0 C11 <wb> C7 C0 C26 C30 C0 C32 C0 <wb> C3 C0 C29 C0 C16 C13 C0 C11 C9 C0 C16 C38 C0 C29 C0 <wb> C30 C0 C16 C24 C0 C15 C0 C1 <wb> C19 C0 C1 <wb> C14 C0 C29 C0 <wb> C27 C29 C0 <wb> C3 C0 C1 C13 C0 <wb> C15 C0 C2 C23 <wb> C37 C0 C15 C0 C1 C23 <wb> C32 C0 C36 <wb> C3 C0 C30 C0 <wb> C36 C24 C0 C19 C0 C11 <wb> C28 C0 C29 C0 C16 C37 C0 C1 C29 C0 <wb> C19 C0 C11 <wb> C30 C0 C1 C33 C0 <wb> C6 C0 C36 C34 C0 C34 C0 C16 C38 C0 C1 C23 <wb> C3 C0 C16 C32 C0 C1 C24 C0 C11 <wb> C17 C0 C1 <wb> C29 C0 C15 C0 C1 <wb> C15 C0 C2,val
10320,"उन्होंने तुझे, बचपन में देखा था, बडा बुला रहे थे, मैं अगले सप्ताह पोहुँच जाऊंगा",1,6.54,0,not_selected_by_random,,,,
10321,"बस चलते ही, अच्छा मौसम होने के बावजूद, यह बात सोच, अविनाश का मन, कडवी स्मृतियों से भर गया, आँखे जलने लगीं, और उस अपमान को याद कर, पूरा ही वजूद, तिलमिला गया",1,14.118,1,,hindi_female_010321.wav,b a s a <wb> c a l a t a ee <wb> h a ii <wb> a c a ch a aa <wb> m a ou s a m a <wb> h a o n a ee <wb> k a ee <wb> b a aa w a j a uu d a <wb> y a h a <wb> b a aa t a <wb> s a o c a <wb> a w a i n a aa sh a <wb> k a aa <wb> m a n a <wb> k a dx a w a ii <wb> s a m a rq t a i y a o q <wb> s a ee <wb> bh a r a <wb> g a y a aa <wb> aa mq kh a ee <wb> j a l a n a ee <wb> l a g a ii q <wb> ou r a <wb> u s a <wb> a p a m a aa n a <wb> k a o <wb> y a aa d a <wb> k a r a <wb> p a uu r a aa <wb> h a ii <wb> w a j a uu d a <wb> t a i l a m a i l a aa <wb> g a y a aa,C3 C0 C30 C0 <wb> C5 C0 C21 C0 C32 C0 C11 <wb> C15 C0 C16 <wb> C0 C5 C0 C6 C0 C1 <wb> C22 C0 C27 C30 C0 C22 C0 <wb> C15 C0 C26 C24 C0 C11 <wb> C19 C0 C11 <wb> C3 C0 C1 C37 C0 C17 C0 C36 C7 C0 <wb> C38 C0 C15 C0 <wb> C3 C0 C1 C32 C0 <wb> C30 C0 C26 C5 C0 <wb> C0 C37 C0 C16 C24 C0 C1 C31 C0 <wb> C19 C0 C1 <wb> C22 C0 C24 C0 <wb> C19 C0 C9 C0 C37 C0 C16 <wb> C30 C0 C22 C0 C29 C32 C0 C16 C38 C0 C26 C23 <wb> C30 C0 C11 <wb> C4 C0 C29 C0 <wb> C13 C0 C38 C0 C1 <wb> C1 C23 C20 C0 C11 <wb> C17 C0 C21 C0 C24 C0 C11 <wb> C21 C0 C13 C0 C16 C23 <wb> C27 C29 C0 <wb> C36 C30 C0 <wb> C0 C28 C0 C22 C0 C1 C24 C0 <wb> C19 C0 C26 <wb> C38 C0 C1 C7 C0 <wb> C19 C0 C29 C0 <wb> C28 C0 C36 C29 C0 C1 <wb> C15 C0 C16 <wb> C37 C0 C17 C0 C36 C7 C0 <wb> C32 C0 C16 C21 C0 C22 C0 C16 C21 C0 C1 <wb> C13 C0 C38 C0 C1,test
10324,"हिन्दी में सब कवियों की पुस्तकें, तीन सौ, चार सौ छपती हैं, पर हिन्दी में हर वर्ष, चार सौ से हज़ार काव्य पुस्तकें छपती हैं",1,9.799,1,,hindi_female_010324.wav,h a i n a d a ii <wb> m a ee q <wb> s a b a <wb> k a w a i y a o q <wb> k a ii <wb> p a u s a t a k a ee q <wb> t a ii n a <wb> s a ou <wb> c a aa r a <wb> s a ou <wb> ch a p a t a ii <wb> h a ei q <wb> p a r a <wb> h a i n a d a ii <wb> m a ee q <wb> h a r a <wb> w a r a sx a <wb> c a aa r a <wb> s a ou <wb> s a ee <wb> h a z a aa r a <wb> k a aa w a y a <wb> p a u s a t a k a ee q <wb> ch a p a t a ii <wb> h a ei q,C15 C0 C16 C24 C0 C7 C0 C16 <wb> C22 C0 C11 C23 <wb> C30 C0 C3 C0 <wb> C19 C0 C37 C0 C16 C38 C0 C26 C23 <wb> C19 C0 C16 <wb> C28 C0 C36 C30 C0 C32 C0 C19 C0 C11 C23 <wb> C32 C0 C16 C24 C0 <wb> C30 C0 C27 <wb> C5 C0 C1 C29 C0 <wb> C30 C0 C27 <wb> C6 C0 C28 C0 C32 C0 C16 <wb> C15 C0 C2 C23 <wb> C28 C0 C29 C0 <wb> C15 C0 C16 C24 C0 C7 C0 C16 <wb> C22 C0 C11 C23 <wb> C15 C0 C29 C0 <wb> C37 C0 C29 C0 C31 C0 <wb> C5 C0 C1 C29 C0 <wb> C30 C0 C27 <wb> C30 C0 C11 <wb> C15 C0 C17 C0 C1 C29 C0 <wb> C19 C0 C1 C37 C0 C38 C0 <wb> C28 C0 C36 C30 C0 C32 C0 C19 C0 C11 C23 <wb> C6 C0 C28 C0 C32 C0 C16 <wb> C15 C0 C2 C23,train
10325,"पर मन मे छाले हैं कि, सूखते नहीं, बल्कि बार बार फूट कर, उसे आहत करते हैं, उसका क्या गुनाह था",1,7.872,1,,hindi_female_010325.wav,p a r a <wb> m a n a <wb> m a ee <wb> ch a aa l a ee <wb> h a ei q <wb> k a i <wb> s a uu kh a t a ee <wb> n a h a ii q <wb> b a l a k a i <wb> b a aa r a <wb> b a aa r a <wb> ph a uu tx a <wb> k a r a <wb> u s a ee <wb> aa h a t a <wb> k a r a t a ee <wb> h a ei q <wb> u s a k a aa <wb> k a y a aa <wb> g a u n a aa h a <wb> th a aa,C28 C0 C29 C0 <wb> C22 C0 C24 C0 <wb> C22 C0 C11 <wb> C6 C0 C1 C21 C0 C11 <wb> C15 C0 C2 C23 <wb> C19 C0 C16 <wb> C30 C0 C36 C20 C0 C32 C0 C11 <wb> C24 C0 C15 C0 C16 C23 <wb> C3 C0 C21 C0 C19 C0 C16 <wb> C3 C0 C1 C29 C0 <wb> C3 C0 C1 C29 C0 <wb> C12 C0 C36 C34 C0 <wb> C19 C0 C29 C0 <wb> C36 C30 C0 C11 <wb> C1 C15 C0 C32 C0 <wb> C19 C0 C29 C0 C32 C0 C11 <wb> C15 C0 C2 C23 <wb> C36 C30 C0 C19 C0 C1 <wb> C19 C0 C38 C0 C1 <wb> C13 C0 C36 C24 C0 C1 C15 C0 <wb> C33 C0 C1,train
10329,"देखने दिखाने की रस्म के बाद, सबके कहने पर, एकांत में उसने, एक संक्षिप्त बात की, और वह, अचानक उठ कर चली गई, तब उसे लगा था कि शर्मा रही होगी",1,11.61,1,,hindi_female_010329.wav,d a ee kh a n a ee <wb> d a i kh a aa n a ee <wb> k a ii <wb> r a s a m a <wb> k a ee <wb> b a aa d a <wb> s a b a k a ee <wb> k a h a n a ee <wb> p a r a <wb> ee k a aa q t a <wb> m a ee q <wb> u s a n a ee <wb> ee k a <wb> s a q k a sx a i p a t a <wb> b a aa t a <wb> k a ii <wb> ou r a <wb> w a h a <wb> a c a aa n a k a <wb> u txh a <wb> k a r a <wb> c a l a ii <wb> g a ii <wb> t a b a <wb> u s a ee <wb> l a g a aa <wb> th a aa <wb> k a i <wb> sh a r a m a aa <wb> r a h a ii <wb> h a o g a ii,C7 C0 C11 C20 C0 C24 C0 C11 <wb> C7 C0 C16 C20 C0 C1 C24 C0 C11 <wb> C19 C0 C16 <wb> C29 C0 C30 C0 C22 C0 <wb> C19 C0 C11 <wb> C3 C0 C1 C7 C0 <wb> C30 C0 C3 C0 C19 C0 C11 <wb> C19 C0 C15 C0 C24 C0 C11 <wb> C28 C0 C29 C0 <wb> C11 C19 C0 C1 C23 C32 C0 <wb> C22 C0 C11 C23 <wb> C36 C30 C0 C24 C0 C11 <wb> C11 C19 C0 <wb> C30 C0 C23 C19 C0 C31 C0 C16 C28 C0 C32 C0 <wb> C3 C0 C1 C32 C0 <wb> C19 C0 C16 <wb> C27 C29 C0 <wb> C37 C0 C15 C0 <wb> C0 C5 C0 C1 C24 C0 C19 C0 <wb> C36 C35 C0 <wb> C19 C0 C29 C0 <wb> C5 C0 C21 C0 C16 <wb> C13 C0 C16 <wb> C32 C0 C3 C0 <wb> C36 C30 C0 C11 <wb> C21 C0 C13 C0 C1 <wb> C33 C0 C1 <wb> C19 C0 C16 <wb> C31 C0 C29 C0 C22 C0 C1 <wb> C29 C0 C15 C0 C16 <wb> C15 C0 C26 C13 C0 C16,train
10330,"शादी के ताम झाम के बाद, जब अपनी जीवन संगिनी से मिलने की, एक दूसरे को जानने की रात आई, तो शादी के शानदार पलंग पर, फूलों की सजावट के बीच, उसे लाल जोडे में, अपनी दुल्हन नहीं मिली",1,15.277,0,not_selected_by_random,,,,
10331,"मुझे छूना मत, यह शादी नहीं है, अविनाश समझौता है",1,3.831,1,,hindi_female_010331.wav,m a u jh a ee <wb> ch a uu n a aa <wb> m a t a <wb> y a h a <wb> sh a aa d a ii <wb> n a h a ii q <wb> h a ei <wb> a w a i n a aa sh a <wb> s a m a jh a ou t a aa <wb> h a ei,C22 C0 C36 C18 C0 C11 <wb> C6 C0 C36 C24 C0 C1 <wb> C22 C0 C32 C0 <wb> C38 C0 C15 C0 <wb> C31 C0 C1 C7 C0 C16 <wb> C24 C0 C15 C0 C16 C23 <wb> C15 C0 C2 <wb> C0 C37 C0 C16 C24 C0 C1 C31 C0 <wb> C30 C0 C22 C0 C18 C0 C27 C32 C0 C1 <wb> C15 C0 C2,train
10332,"वह सुन्दर चेहरा, वितृष्णा से भर गया था",1,3.103,0,not_selected_by_random,,,,
10333,"उसके बाद जब वह अगले दिन मायके गई, तो उसकी जगह लौट कर, विवाह को शून्य साबित करने के लिये, उसके वकील का नोटिस आया, जिसमें आरोप था कि, वह नपुंसक है, और विवाह के योग्य नहीं",1,14.323,0,not_selected_by_random,,,,
10336,"पर अब माँ की अस्वस्थता की वजह से, उसे जोधपुर पोस्टिंग करवानी पडी",1,5.263,0,not_selected_by_random,,,,
10337,"पिछले कई दिनों से, यह माऊंट आबू प्रकरण, माँ और मामा चलाए जा रहे थे",1,5.573,1,,hindi_female_010337.wav,p a i ch a l a ee <wb> k a ii <wb> d a i n a o q <wb> s a ee <wb> y a h a <wb> m a aa uu q tx a <wb> aa b a uu <wb> p a r a k a r a nx a <wb> m a aa mq <wb> ou r a <wb> m a aa m a aa <wb> c a l a aa ee <wb> j a aa <wb> r a h a ee <wb> th a ee,C28 C0 C16 C6 C0 C21 C0 C11 <wb> C19 C0 C16 <wb> C7 C0 C16 C24 C0 C26 C23 <wb> C30 C0 C11 <wb> C38 C0 C15 C0 <wb> C22 C0 C1 C36 C23 C34 C0 <wb> C1 C3 C0 C36 <wb> C28 C0 C29 C0 C19 C0 C29 C0 C25 C0 <wb> C22 C0 C1 C23 <wb> C27 C29 C0 <wb> C22 C0 C1 C22 C0 C1 <wb> C5 C0 C21 C0 C1 C11 <wb> C17 C0 C1 <wb> C29 C0 C15 C0 C11 <wb> C33 C0 C11,train
10338,"इस बार, मामा, छाछ भी फूंक फूंक कर पीना चाहते थे, सो वह उसे, लड़की और उस के परिवार के साथ, पूरे पन्द्रह बीस दिन, छोडना चाह रहे थे",1,11.122,1,,hindi_female_010338.wav,i s a <wb> b a aa r a <wb> m a aa m a aa <wb> ch a aa ch a <wb> bh a ii <wb> ph a uu q k a <wb> ph a uu q k a <wb> k a r a <wb> p a ii n a aa <wb> c a aa h a t a ee <wb> th a ee <wb> s a o <wb> w a h a <wb> u s a ee <wb> l a dxq a k a ii <wb> ou r a <wb> u s a <wb> k a ee <wb> p a r a i w a aa r a <wb> k a ee <wb> s a aa th a <wb> p a uu r a ee <wb> p a n a d a r a h a <wb> b a ii s a <wb> d a i n a <wb> ch a o dx a n a aa <wb> c a aa h a <wb> r a h a ee <wb> th a ee,C16 C30 C0 <wb> C3 C0 C1 C29 C0 <wb> C22 C0 C1 C22 C0 C1 <wb> C6 C0 C1 C6 C0 <wb> C4 C0 C16 <wb> C12 C0 C36 C23 C19 C0 <wb> C12 C0 C36 C23 C19 C0 <wb> C19 C0 C29 C0 <wb> C28 C0 C16 C24 C0 C1 <wb> C5 C0 C1 C15 C0 C32 C0 C11 <wb> C33 C0 C11 <wb> C30 C0 C26 <wb> C37 C0 C15 C0 <wb> C36 C30 C0 C11 <wb> C21 C0 C9 C0 C19 C0 C16 <wb> C27 C29 C0 <wb> C36 C30 C0 <wb> C19 C0 C11 <wb> C28 C0 C29 C0 C16 C37 C0 C1 C29 C0 <wb> C19 C0 C11 <wb> C30 C0 C1 C33 C0 <wb> C28 C0 C36 C29 C0 C11 <wb> C28 C0 C24 C0 C7 C0 C29 C0 C15 C0 <wb> C3 C0 C16 C30 C0 <wb> C7 C0 C16 C24 C0 <wb> C6 C0 C26 C9 C0 C24 C0 C1 <wb> C5 C0 C1 C15 C0 <wb> C29 C0 C15 C0 C11 <wb> C33 C0 C11,train
10339,"ब्रिगेडियर सिन्हा, मामा के कलीग रह चुके हैं, उनकी एक बहन है, अविवाहित, उसने भी, किन्हीं कारणों से, शादी नहीं की",1,9.009,1,,hindi_female_010339.wav,b a r a i g a ee dx a i y a r a <wb> s a i n a h a aa <wb> m a aa m a aa <wb> k a ee <wb> k a l a ii g a <wb> r a h a <wb> c a u k a ee <wb> h a ei q <wb> u n a k a ii <wb> ee k a <wb> b a h a n a <wb> h a ei <wb> a w a i w a aa h a i t a <wb> u s a n a ee <wb> bh a ii <wb> k a i n a h a ii q <wb> k a aa r a nx a o q <wb> s a ee <wb> sh a aa d a ii <wb> n a h a ii q <wb> k a ii,C3 C0 C29 C0 C16 C13 C0 C11 C9 C0 C16 C38 C0 C29 C0 <wb> C30 C0 C16 C24 C0 C15 C0 C1 <wb> C22 C0 C1 C22 C0 C1 <wb> C19 C0 C11 <wb> C19 C0 C21 C0 C16 C13 C0 <wb> C29 C0 C15 C0 <wb> C5 C0 C36 C19 C0 C11 <wb> C15 C0 C2 C23 <wb> C36 C24 C0 C19 C0 C16 <wb> C11 C19 C0 <wb> C3 C0 C15 C0 C24 C0 <wb> C15 C0 C2 <wb> C0 C37 C0 C16 C37 C0 C1 C15 C0 C16 C32 C0 <wb> C36 C30 C0 C24 C0 C11 <wb> C4 C0 C16 <wb> C19 C0 C16 C24 C0 C15 C0 C16 C23 <wb> C19 C0 C1 C29 C0 C25 C0 C26 C23 <wb> C30 C0 C11 <wb> C31 C0 C1 C7 C0 C16 <wb> C24 C0 C15 C0 C16 C23 <wb> C19 C0 C16,train
10342,"बहुत सारे ख्यालों से, उसका मन भारी हो चला है, वह, सर झटक कर बस के बाहर झांकता है, शाम का झुटपुटा रास्तों, और पहाडियों पर उतर आया है",1,13.141,0,not_selected_by_random,,,,
10344,"सामने वाली सीट पर, एक विदेशी युवति बैठी है, उसे देख, मुस्कुरा देती है",1,5.642,1,,hindi_female_010344.wav,s a aa m a n a ee <wb> w a aa l a ii <wb> s a ii tx a <wb> p a r a <wb> ee k a <wb> w a i d a ee sh a ii <wb> y a u w a t a i <wb> b a ei txh a ii <wb> h a ei <wb> u s a ee <wb> d a ee kh a <wb> m a u s a k a u r a aa <wb> d a ee t a ii <wb> h a ei,C30 C0 C1 C22 C0 C24 C0 C11 <wb> C37 C0 C1 C21 C0 C16 <wb> C30 C0 C16 C34 C0 <wb> C28 C0 C29 C0 <wb> C11 C19 C0 <wb> C37 C0 C16 C7 C0 C11 C31 C0 C16 <wb> C38 C0 C36 C37 C0 C32 C0 C16 <wb> C3 C0 C2 C35 C0 C16 <wb> C15 C0 C2 <wb> C36 C30 C0 C11 <wb> C7 C0 C11 C20 C0 <wb> C22 C0 C36 C30 C0 C19 C0 C36 C29 C0 C1 <wb> C7 C0 C11 C32 C0 C16 <wb> C15 C0 C2,train
10345,"वह उस बेबाक निश्छल मुस्कान पर, जवाब में मुस्कुराए बिना, नहीं रह पाता",1,6.58,0,not_selected_by_random,,,,
10349,"वह बस अपनी नौकरी के बीस साल पूरे करते ही, अब्रोड चला जाएगा",1,5.155,1,,hindi_female_010349.wav,w a h a <wb> b a s a <wb> a p a n a ii <wb> n a ou k a r a ii <wb> k a ee <wb> b a ii s a <wb> s a aa l a <wb> p a uu r a ee <wb> k a r a t a ee <wb> h a ii <wb> a b a r a o dx a <wb> c a l a aa <wb> j a aa ee g a aa,C37 C0 C15 C0 <wb> C3 C0 C30 C0 <wb> C0 C28 C0 C24 C0 C16 <wb> C24 C0 C27 C19 C0 C29 C0 C16 <wb> C19 C0 C11 <wb> C3 C0 C16 C30 C0 <wb> C30 C0 C1 C21 C0 <wb> C28 C0 C36 C29 C0 C11 <wb> C19 C0 C29 C0 C32 C0 C11 <wb> C15 C0 C16 <wb> C0 C3 C0 C29 C0 C26 C9 C0 <wb> C5 C0 C21 C0 C1 <wb> C17 C0 C1 C11 C13 C0 C1,train
10350,"शाम ढलने लगी थी, लगता है, आबू रोड से उपर, माऊंट आबू पहुँचते पहुँचते, दो घंटे और लग जाएंगे, और वह रात आठ बजे से पहले, नहीं पहुँचेगा",1,11.889,1,,hindi_female_010350.wav,sh a aa m a <wb> dxh a l a n a ee <wb> l a g a ii <wb> th a ii <wb> l a g a t a aa <wb> h a ei <wb> aa b a uu <wb> r a o dx a <wb> s a ee <wb> u p a r a <wb> m a aa uu q tx a <wb> aa b a uu <wb> p a h a u mq c a t a ee <wb> p a h a u mq c a t a ee <wb> d a o <wb> gh a q tx a ee <wb> ou r a <wb> l a g a <wb> j a aa ee q g a ee <wb> ou r a <wb> w a h a <wb> r a aa t a <wb> aa txh a <wb> b a j a ee <wb> s a ee <wb> p a h a l a ee <wb> n a h a ii q <wb> p a h a u mq c a ee g a aa,C31 C0 C1 C22 C0 <wb> C10 C0 C21 C0 C24 C0 C11 <wb> C21 C0 C13 C0 C16 <wb> C33 C0 C16 <wb> C21 C0 C13 C0 C32 C0 C1 <wb> C15 C0 C2 <wb> C1 C3 C0 C36 <wb> C29 C0 C26 C9 C0 <wb> C30 C0 C11 <wb> C36 C28 C0 C29 C0 <wb> C22 C0 C1 C36 C23 C34 C0 <wb> C1 C3 C0 C36 <wb> C28 C0 C15 C0 C36 C23 C5 C0 C32 C0 C11 <wb> C28 C0 C15 C0 C36 C23 C5 C0 C32 C0 C11 <wb> C7 C0 C26 <wb> C14 C0 C23 C34 C0 C11 <wb> C27 C29 C0 <wb> C21 C0 C13 C0 <wb> C17 C0 C1 C11 C23 C13 C0 C11 <wb> C27 C29 C0 <wb> C37 C0 C15 C0 <wb> C29 C0 C1 C32 C0 <wb> C1 C35 C0 <wb> C3 C0 C17 C0 C11 <wb> C30 C0 C11 <wb> C28 C0 C15 C0 C21 C0 C11 <wb> C24 C0 C15 C0 C16 C23 <wb> C28 C0 C15 C0 C36 C23 C5 C0 C11 C13 C0 C1,train
10355,"बसस्टॉप पर उतर कर, वह अपना सामान डिक्की से, निकलवा रहा है",1,4.807,1,,hindi_female_010355.wav,b a s a s a tx a p a <wb> p a r a <wb> u t a r a <wb> k a r a <wb> w a h a <wb> a p a n a aa <wb> s a aa m a aa n a <wb> dx a i k a k a ii <wb> s a ee <wb> n a i k a l a w a aa <wb> r a h a aa <wb> h a ei,C3 C0 C30 C0 C30 C0 C34 C0 C28 C0 <wb> C28 C0 C29 C0 <wb> C36 C32 C0 C29 C0 <wb> C19 C0 C29 C0 <wb> C37 C0 C15 C0 <wb> C0 C28 C0 C24 C0 C1 <wb> C30 C0 C1 C22 C0 C1 C24 C0 <wb> C9 C0 C16 C19 C0 C19 C0 C16 <wb> C30 C0 C11 <wb> C24 C0 C16 C19 C0 C21 C0 C37 C0 C1 <wb> C29 C0 C15 C0 C1 <wb> C15 C0 C2,train
10357,"तुम हमारे मेहमान हो आखिर, रामसिंग, सामान गाडी में रखो",1,5.005,0,not_selected_by_random,,,,
10361,"उनके बंगले के गेट से, पोर्च तक, एक मिनट की ड्राईव से, लग रहा था कि, खूब बडी जगह लेकर, घर बनाया गया है",1,7.872,1,,hindi_female_010361.wav,u n a k a ee <wb> b a q g a l a ee <wb> k a ee <wb> g a ee tx a <wb> s a ee <wb> p a o r a c a <wb> t a k a <wb> ee k a <wb> m a i n a tx a <wb> k a ii <wb> dx a r a aa ii w a <wb> s a ee <wb> l a g a <wb> r a h a aa <wb> th a aa <wb> k a i <wb> kh a uu b a <wb> b a dx a ii <wb> j a g a h a <wb> l a ee k a r a <wb> gh a r a <wb> b a n a aa y a aa <wb> g a y a aa <wb> h a ei,C36 C24 C0 C19 C0 C11 <wb> C3 C0 C23 C13 C0 C21 C0 C11 <wb> C19 C0 C11 <wb> C13 C0 C11 C34 C0 <wb> C30 C0 C11 <wb> C28 C0 C26 C29 C0 C5 C0 <wb> C32 C0 C19 C0 <wb> C11 C19 C0 <wb> C22 C0 C16 C24 C0 C34 C0 <wb> C19 C0 C16 <wb> C9 C0 C29 C0 C1 C16 C37 C0 <wb> C30 C0 C11 <wb> C21 C0 C13 C0 <wb> C29 C0 C15 C0 C1 <wb> C33 C0 C1 <wb> C19 C0 C16 <wb> C20 C0 C36 C3 C0 <wb> C3 C0 C9 C0 C16 <wb> C17 C0 C13 C0 C15 C0 <wb> C21 C0 C11 C19 C0 C29 C0 <wb> C14 C0 C29 C0 <wb> C3 C0 C24 C0 C1 C38 C0 C1 <wb> C13 C0 C38 C0 C1 <wb> C15 C0 C2,val
10362,"अन्दर पोहंच कर, रामसिंग को उनका सामान, गेस्टरूम में रखने का आदेश देकर, उसे हालनुमा ड्रोईंग रूम में बिठा कर, वे अन्दर कहीं गायब हो गये",1,10.286,1,,hindi_female_010362.wav,a n a d a r a <wb> p a o h a q c a <wb> k a r a <wb> r a aa m a s a i q g a <wb> k a o <wb> u n a k a aa <wb> s a aa m a aa n a <wb> g a ee s a tx a r a uu m a <wb> m a ee q <wb> r a kh a n a ee <wb> k a aa <wb> aa d a ee sh a <wb> d a ee k a r a <wb> u s a ee <wb> h a aa l a n a u m a aa <wb> dx a r a o ii q g a <wb> r a uu m a <wb> m a ee q <wb> b a i txh a aa <wb> k a r a <wb> w a ee <wb> a n a d a r a <wb> k a h a ii q <wb> g a aa y a b a <wb> h a o <wb> g a y a ee,C0 C24 C0 C7 C0 C29 C0 <wb> C28 C0 C26 C15 C0 C23 C5 C0 <wb> C19 C0 C29 C0 <wb> C29 C0 C1 C22 C0 C30 C0 C16 C23 C13 C0 <wb> C19 C0 C26 <wb> C36 C24 C0 C19 C0 C1 <wb> C30 C0 C1 C22 C0 C1 C24 C0 <wb> C13 C0 C11 C30 C0 C34 C0 C29 C0 C36 C22 C0 <wb> C22 C0 C11 C23 <wb> C29 C0 C20 C0 C24 C0 C11 <wb> C19 C0 C1 <wb> C1 C7 C0 C11 C31 C0 <wb> C7 C0 C11 C19 C0 C29 C0 <wb> C36 C30 C0 C11 <wb> C15 C0 C1 C21 C0 C24 C0 C36 C22 C0 C1 <wb> C9 C0 C29 C0 C26 C16 C23 C13 C0 <wb> C29 C0 C36 C22 C0 <wb> C22 C0 C11 C23 <wb> C3 C0 C16 C35 C0 C1 <wb> C19 C0 C29 C0 <wb> C37 C0 C11 <wb> C0 C24 C0 C7 C0 C29 C0 <wb> C19 C0 C15 C0 C16 C23 <wb> C13 C0 C1 C38 C0 C3 C0 <wb> C15 C0 C26 <wb> C13 C0 C38 C0 C11,train
10364,अविनाश ये मेरी बेटी नीलांजना है,1,2.624,1,,hindi_female_010364.wav,a w a i n a aa sh a <wb> y a ee <wb> m a ee r a ii <wb> b a ee tx a ii <wb> n a ii l a aa q j a n a aa <wb> h a ei,C0 C37 C0 C16 C24 C0 C1 C31 C0 <wb> C38 C0 C11 <wb> C22 C0 C11 C29 C0 C16 <wb> C3 C0 C11 C34 C0 C16 <wb> C24 C0 C16 C21 C0 C1 C23 C17 C0 C24 C0 C1 <wb> C15 C0 C2,train
10366,"बेटा जाओ, मम्मी को भेजो, और किचन में चाय और स्नैक्स के लिये कहना",1,4.481,1,,hindi_female_010366.wav,b a ee tx a aa <wb> j a aa o <wb> m a m a m a ii <wb> k a o <wb> bh a ee j a o <wb> ou r a <wb> k a i c a n a <wb> m a ee q <wb> c a aa y a <wb> ou r a <wb> s a n a ei k a s a <wb> k a ee <wb> l a i y a ee <wb> k a h a n a aa,C3 C0 C11 C34 C0 C1 <wb> C17 C0 C1 C26 <wb> C22 C0 C22 C0 C22 C0 C16 <wb> C19 C0 C26 <wb> C4 C0 C11 C17 C0 C26 <wb> C27 C29 C0 <wb> C19 C0 C16 C5 C0 C24 C0 <wb> C22 C0 C11 C23 <wb> C5 C0 C1 C38 C0 <wb> C27 C29 C0 <wb> C30 C0 C24 C0 C2 C19 C0 C30 C0 <wb> C19 C0 C11 <wb> C21 C0 C16 C38 C0 C11 <wb> C19 C0 C15 C0 C24 C0 C1,val
10371,"पूरा घूमघाम कर देख कर, उसे याद आया, दस बजे डिनर के लिये, नीचे उतरना है",1,5.666,1,,hindi_female_010371.wav,p a uu r a aa <wb> gh a uu m a gh a aa m a <wb> k a r a <wb> d a ee kh a <wb> k a r a <wb> u s a ee <wb> y a aa d a <wb> aa y a aa <wb> d a s a <wb> b a j a ee <wb> dx a i n a r a <wb> k a ee <wb> l a i y a ee <wb> n a ii c a ee <wb> u t a r a n a aa <wb> h a ei,C28 C0 C36 C29 C0 C1 <wb> C14 C0 C36 C22 C0 C14 C0 C1 C22 C0 <wb> C19 C0 C29 C0 <wb> C7 C0 C11 C20 C0 <wb> C19 C0 C29 C0 <wb> C36 C30 C0 C11 <wb> C38 C0 C1 C7 C0 <wb> C1 C38 C0 C1 <wb> C7 C0 C30 C0 <wb> C3 C0 C17 C0 C11 <wb> C9 C0 C16 C24 C0 C29 C0 <wb> C19 C0 C11 <wb> C21 C0 C16 C38 C0 C11 <wb> C24 C0 C16 C5 C0 C11 <wb> C36 C32 C0 C29 C0 C24 C0 C1 <wb> C15 C0 C2,train
10372,"अविनाश, अंजना, मेरी वाईफ़ से तुम मिल चुके हो",1,3.274,1,,hindi_female_010372.wav,a w a i n a aa sh a <wb> a q j a n a aa <wb> m a ee r a ii <wb> w a aa ii f a <wb> s a ee <wb> t a u m a <wb> m a i l a <wb> c a u k a ee <wb> h a o,C0 C37 C0 C16 C24 C0 C1 C31 C0 <wb> C0 C23 C17 C0 C24 C0 C1 <wb> C22 C0 C11 C29 C0 C16 <wb> C37 C0 C1 C16 C12 C0 <wb> C30 C0 C11 <wb> C32 C0 C36 C22 C0 <wb> C22 C0 C16 C21 C0 <wb> C5 C0 C36 C19 C0 C11 <wb> C15 C0 C26,train
10374,"मयंक मेरा बेटा, आई आई टी बॉम्बे से, इलेक्ट्रानिक्स में इंजीनियरिंग कर रहा है",1,5.625,0,not_selected_by_random,,,,
10375,"यह सभी, लास्ट वीक यहाँ थे, कल जा रहे हैं",1,3.688,0,not_selected_by_random,,,,
10377,"औपचारिक अभिवादन के बाद, हल्के फुल्के ड्रिंक्स, सूप के साथ, औपचारिक बातचीत होने लगी",1,6.74,0,not_selected_by_random,,,,
10379,"भरे सानुपातिक जिस्म पर, बाटिक प्रिन्ट का भरा कुर्ता, और जीन्स, घने काले लम्बे बालों को, आकर्षक, मगर बेतरतीब जूडे में लपेटा हुआ",1,10.542,1,,hindi_female_010379.wav,bh a r a ee <wb> s a aa n a u p a aa t a i k a <wb> j a i s a m a <wb> p a r a <wb> b a aa tx a i k a <wb> p a r a i n a tx a <wb> k a aa <wb> bh a r a aa <wb> k a u r a t a aa <wb> ou r a <wb> j a ii n a s a <wb> gh a n a ee <wb> k a aa l a ee <wb> l a m a b a ee <wb> b a aa l a o q <wb> k a o <wb> aa k a r a sx a k a <wb> m a g a r a <wb> b a ee t a r a t a ii b a <wb> j a uu dx a ee <wb> m a ee q <wb> l a p a ee tx a aa <wb> h a u aa,C4 C0 C29 C0 C11 <wb> C30 C0 C1 C24 C0 C36 C28 C0 C1 C32 C0 C16 C19 C0 <wb> C17 C0 C16 C30 C0 C22 C0 <wb> C28 C0 C29 C0 <wb> C3 C0 C1 C34 C0 C16 C19 C0 <wb> C28 C0 C29 C0 C16 C24 C0 C34 C0 <wb> C19 C0 C1 <wb> C4 C0 C29 C0 C1 <wb> C19 C0 C36 C29 C0 C32 C0 C1 <wb> C27 C29 C0 <wb> C17 C0 C16 C24 C0 C30 C0 <wb> C14 C0 C24 C0 C11 <wb> C19 C0 C1 C21 C0 C11 <wb> C21 C0 C22 C0 C3 C0 C11 <wb> C3 C0 C1 C21 C0 C26 C23 <wb> C19 C0 C26 <wb> C1 C19 C0 C29 C0 C31 C0 C19 C0 <wb> C22 C0 C13 C0 C29 C0 <wb> C3 C0 C11 C32 C0 C29 C0 C32 C0 C16 C3 C0 <wb> C17 C0 C36 C9 C0 C11 <wb> C22 C0 C11 C23 <wb> C21 C0 C28 C0 C11 C34 C0 C1 <wb> C15 C0 C36 C1,train
10380,"बात करने के ढंग, और शब्दों के चयन से लगता है, कि बुध्दिजीवी और कलाकार बात कर रहा है",1,7.129,1,,hindi_female_010380.wav,b a aa t a <wb> k a r a n a ee <wb> k a ee <wb> dxh a q g a <wb> ou r a <wb> sh a b a d a o q <wb> k a ee <wb> c a y a n a <wb> s a ee <wb> l a g a t a aa <wb> h a ei <wb> k a i <wb> b a u dh a d a i j a ii w a ii <wb> ou r a <wb> k a l a aa k a aa r a <wb> b a aa t a <wb> k a r a <wb> r a h a aa <wb> h a ei,C3 C0 C1 C32 C0 <wb> C19 C0 C29 C0 C24 C0 C11 <wb> C19 C0 C11 <wb> C10 C0 C23 C13 C0 <wb> C27 C29 C0 <wb> C31 C0 C3 C0 C7 C0 C26 C23 <wb> C19 C0 C11 <wb> C5 C0 C38 C0 C24 C0 <wb> C30 C0 C11 <wb> C21 C0 C13 C0 C32 C0 C1 <wb> C15 C0 C2 <wb> C19 C0 C16 <wb> C3 C0 C36 C8 C0 C7 C0 C16 C17 C0 C16 C37 C0 C16 <wb> C27 C29 C0 <wb> C19 C0 C21 C0 C1 C19 C0 C1 C29 C0 <wb> C3 C0 C1 C32 C0 <wb> C19 C0 C29 C0 <wb> C29 C0 C15 C0 C1 <wb> C15 C0 C2,train
10381,"फिर नज़र घूमी, तो नीला पर जा टिकी, चम्पई रंग, बुआ की सी ही बडी बडी लम्बी आँखें, पर नाक और होंठ, मां जैसी सुघढ",1,8.8,1,,hindi_female_010381.wav,ph a i r a <wb> n a z a r a <wb> gh a uu m a ii <wb> t a o <wb> n a ii l a aa <wb> p a r a <wb> j a aa <wb> tx a i k a ii <wb> c a m a p a ii <wb> r a q g a <wb> b a u aa <wb> k a ii <wb> s a ii <wb> h a ii <wb> b a dx a ii <wb> b a dx a ii <wb> l a m a b a ii <wb> aa mq kh a ee q <wb> p a r a <wb> n a aa k a <wb> ou r a <wb> h a o q txh a <wb> m a aa q <wb> j a ei s a ii <wb> s a u gh a dxh a,C12 C0 C16 C29 C0 <wb> C24 C0 C17 C0 C29 C0 <wb> C14 C0 C36 C22 C0 C16 <wb> C32 C0 C26 <wb> C24 C0 C16 C21 C0 C1 <wb> C28 C0 C29 C0 <wb> C17 C0 C1 <wb> C34 C0 C16 C19 C0 C16 <wb> C5 C0 C22 C0 C28 C0 C16 <wb> C29 C0 C23 C13 C0 <wb> C3 C0 C36 C1 <wb> C19 C0 C16 <wb> C30 C0 C16 <wb> C15 C0 C16 <wb> C3 C0 C9 C0 C16 <wb> C3 C0 C9 C0 C16 <wb> C21 C0 C22 C0 C3 C0 C16 <wb> C1 C23 C20 C0 C11 C23 <wb> C28 C0 C29 C0 <wb> C24 C0 C1 C19 C0 <wb> C27 C29 C0 <wb> C15 C0 C26 C23 C35 C0 <wb> C22 C0 C1 C23 <wb> C17 C0 C2 C30 C0 C16 <wb> C30 C0 C36 C14 C0 C10 C0,train
10384,"मेरा मन नहीं कर रहा कॉलेज जाने का, पर आज मेरा, प्रेक्टिकल्स पीरीयड है, बाहर बुआ एक पेन्टिंग बना रही है, देखते रहियेगा, बोर नहीं होंगे",1,10.765,0,not_selected_by_random,,,,
10385,"सुधा, सचमुच एक पेन्टिंग में व्यस्त थी, वह पीछे जाकर, खडा हो गया",1,5.525,0,not_selected_by_random,,,,
10387,"यह अटकी हुई है, दरअसल बॉम्बे होती तो, पूरा हो जाती, इसे नीला, ले नहीं जाने देती है",1,7.198,1,,hindi_female_010387.wav,y a h a <wb> a tx a k a ii <wb> h a u ii <wb> h a ei <wb> d a r a a s a l a <wb> b a m a b a ee <wb> h a o t a ii <wb> t a o <wb> p a uu r a aa <wb> h a o <wb> j a aa t a ii <wb> i s a ee <wb> n a ii l a aa <wb> l a ee <wb> n a h a ii q <wb> j a aa n a ee <wb> d a ee t a ii <wb> h a ei,C38 C0 C15 C0 <wb> C0 C34 C0 C19 C0 C16 <wb> C15 C0 C36 C16 <wb> C15 C0 C2 <wb> C7 C0 C29 C0 C0 C30 C0 C21 C0 <wb> C3 C0 C22 C0 C3 C0 C11 <wb> C15 C0 C26 C32 C0 C16 <wb> C32 C0 C26 <wb> C28 C0 C36 C29 C0 C1 <wb> C15 C0 C26 <wb> C17 C0 C1 C32 C0 C16 <wb> C16 C30 C0 C11 <wb> C24 C0 C16 C21 C0 C1 <wb> C21 C0 C11 <wb> C24 C0 C15 C0 C16 C23 <wb> C17 C0 C1 C24 C0 C11 <wb> C7 C0 C11 C32 C0 C16 <wb> C15 C0 C2,train
10388,"हसी के चेहरे पर से, गंभीरता के मुखौटे को, खिसका जाती है",1,4.993,0,not_selected_by_random,,,,
10389,"उसने पेन्टिंग को ध्यान से देखा, उसे वह, नीला की पोर्ट्रेट लगी",1,5.587,0,not_selected_by_random,,,,
10392,"ब्रिगेडियर सिन्हा ने, कश्मीर मसले पर बात छेड दी, तो वह चर्चा, देर तक चलती रही",1,5.805,1,,hindi_female_010392.wav,b a r a i g a ee dx a i y a r a <wb> s a i n a h a aa <wb> n a ee <wb> k a sh a m a ii r a <wb> m a s a l a ee <wb> p a r a <wb> b a aa t a <wb> ch a ee dx a <wb> d a ii <wb> t a o <wb> w a h a <wb> c a r a c a aa <wb> d a ee r a <wb> t a k a <wb> c a l a t a ii <wb> r a h a ii,C3 C0 C29 C0 C16 C13 C0 C11 C9 C0 C16 C38 C0 C29 C0 <wb> C30 C0 C16 C24 C0 C15 C0 C1 <wb> C24 C0 C11 <wb> C19 C0 C31 C0 C22 C0 C16 C29 C0 <wb> C22 C0 C30 C0 C21 C0 C11 <wb> C28 C0 C29 C0 <wb> C3 C0 C1 C32 C0 <wb> C6 C0 C11 C9 C0 <wb> C7 C0 C16 <wb> C32 C0 C26 <wb> C37 C0 C15 C0 <wb> C5 C0 C29 C0 C5 C0 C1 <wb> C7 C0 C11 C29 C0 <wb> C32 C0 C19 C0 <wb> C5 C0 C21 C0 C32 C0 C16 <wb> C29 C0 C15 C0 C16,train
10393,"अब, तुम दोनों को ही, विवाह को लेकर निर्णय ले लेना चाहिये",1,4.87,0,not_selected_by_random,,,,
10394,"यह समझ लो, यह आखरी गाडी है, उसके बाद या तो सफ़र टाल दो, या इसी में चढ जाओ जी",1,7.628,0,not_selected_by_random,,,,
10395,"लंच के बाद, वह अपने कमरे में आने के बाद, देर तक इस विषय पर, सोच सोच कर, उलझता रहा",1,7.407,1,,hindi_female_010395.wav,l a q c a <wb> k a ee <wb> b a aa d a <wb> w a h a <wb> a p a n a ee <wb> k a m a r a ee <wb> m a ee q <wb> aa n a ee <wb> k a ee <wb> b a aa d a <wb> d a ee r a <wb> t a k a <wb> i s a <wb> w a i sx a y a <wb> p a r a <wb> s a o c a <wb> s a o c a <wb> k a r a <wb> u l a jh a t a aa <wb> r a h a aa,C21 C0 C23 C5 C0 <wb> C19 C0 C11 <wb> C3 C0 C1 C7 C0 <wb> C37 C0 C15 C0 <wb> C0 C28 C0 C24 C0 C11 <wb> C19 C0 C22 C0 C29 C0 C11 <wb> C22 C0 C11 C23 <wb> C1 C24 C0 C11 <wb> C19 C0 C11 <wb> C3 C0 C1 C7 C0 <wb> C7 C0 C11 C29 C0 <wb> C32 C0 C19 C0 <wb> C16 C30 C0 <wb> C37 C0 C16 C31 C0 C38 C0 <wb> C28 C0 C29 C0 <wb> C30 C0 C26 C5 C0 <wb> C30 C0 C26 C5 C0 <wb> C19 C0 C29 C0 <wb> C36 C21 C0 C18 C0 C32 C0 C1 <wb> C29 C0 C15 C0 C1,train
10396,"सलवार कुर्ते में नीला, बडी बडी लगी",1,2.601,1,,hindi_female_010396.wav,s a l a w a aa r a <wb> k a u r a t a ee <wb> m a ee q <wb> n a ii l a aa <wb> b a dx a ii <wb> b a dx a ii <wb> l a g a ii,C30 C0 C21 C0 C37 C0 C1 C29 C0 <wb> C19 C0 C36 C29 C0 C32 C0 C11 <wb> C22 C0 C11 C23 <wb> C24 C0 C16 C21 C0 C1 <wb> C3 C0 C9 C0 C16 <wb> C3 C0 C9 C0 C16 <wb> C21 C0 C13 C0 C16,train
10398,"प्लीज अविनाश अंकल, आप कहिये ना मम्मी को, कि मैं भी चलूंगी",1,3.831,1,,hindi_female_010398.wav,p a l a ii j a <wb> a w a i n a aa sh a <wb> a q k a l a <wb> aa p a <wb> k a h a i y a ee <wb> n a aa <wb> m a m a m a ii <wb> k a o <wb> k a i <wb> m a ei q <wb> bh a ii <wb> c a l a uu q g a ii,C28 C0 C21 C0 C16 C17 C0 <wb> C0 C37 C0 C16 C24 C0 C1 C31 C0 <wb> C0 C23 C19 C0 C21 C0 <wb> C1 C28 C0 <wb> C19 C0 C15 C0 C16 C38 C0 C11 <wb> C24 C0 C1 <wb> C22 C0 C22 C0 C22 C0 C16 <wb> C19 C0 C26 <wb> C19 C0 C16 <wb> C22 C0 C2 C23 <wb> C4 C0 C16 <wb> C5 C0 C21 C0 C36 C23 C13 C0 C16,train
10399,"उसने, नीला को साथ ले ही लिया, सुधा ने भी पैरवी की, क्योंकि दोनों ही टाल रहे थे, एकान्त का साथ",1,8.081,1,,hindi_female_010399.wav,u s a n a ee <wb> n a ii l a aa <wb> k a o <wb> s a aa th a <wb> l a ee <wb> h a ii <wb> l a i y a aa <wb> s a u dh a aa <wb> n a ee <wb> bh a ii <wb> p a ei r a w a ii <wb> k a ii <wb> k a y a o q k a i <wb> d a o n a o q <wb> h a ii <wb> tx a aa l a <wb> r a h a ee <wb> th a ee <wb> ee k a aa n a t a <wb> k a aa <wb> s a aa th a,C36 C30 C0 C24 C0 C11 <wb> C24 C0 C16 C21 C0 C1 <wb> C19 C0 C26 <wb> C30 C0 C1 C33 C0 <wb> C21 C0 C11 <wb> C15 C0 C16 <wb> C21 C0 C16 C38 C0 C1 <wb> C30 C0 C36 C8 C0 C1 <wb> C24 C0 C11 <wb> C4 C0 C16 <wb> C28 C0 C2 C29 C0 C37 C0 C16 <wb> C19 C0 C16 <wb> C19 C0 C38 C0 C26 C23 C19 C0 C16 <wb> C7 C0 C26 C24 C0 C26 C23 <wb> C15 C0 C16 <wb> C34 C0 C1 C21 C0 <wb> C29 C0 C15 C0 C11 <wb> C33 C0 C11 <wb> C11 C19 C0 C1 C24 C0 C32 C0 <wb> C19 C0 C1 <wb> C30 C0 C1 C33 C0,train
10401,"वह भी शायद, यही सोच रही होगी, अपनी अपनी आज़ादियों की, लत लग गई है हमें",1,6.541,0,not_selected_by_random,,,,
10402,"उम्र कोई मायने नहीं रखती, क्या उसके कई अच्छे दोस्त, उससे बडे नही, पर फिर भी, अभी वह हाँ नहीं कर सकेगा",1,9.604,0,not_selected_by_random,,,,
10403,"नीला ने आकर हाथ पकड लिया, एक उष्ण और उत्साह से भरा स्पर्श",1,5.457,1,,hindi_female_010403.wav,n a ii l a aa <wb> n a ee <wb> aa k a r a <wb> h a aa th a <wb> p a k a dx a <wb> l a i y a aa <wb> ee k a <wb> u sx a nx a <wb> ou r a <wb> u t a s a aa h a <wb> s a ee <wb> bh a r a aa <wb> s a p a r a sh a,C24 C0 C16 C21 C0 C1 <wb> C24 C0 C11 <wb> C1 C19 C0 C29 C0 <wb> C15 C0 C1 C33 C0 <wb> C28 C0 C19 C0 C9 C0 <wb> C21 C0 C16 C38 C0 C1 <wb> C11 C19 C0 <wb> C36 C31 C0 C25 C0 <wb> C27 C29 C0 <wb> C36 C32 C0 C30 C0 C1 C15 C0 <wb> C30 C0 C11 <wb> C4 C0 C29 C0 C1 <wb> C30 C0 C28 C0 C29 C0 C31 C0,train
10404,"नीला ही बोलती रही, सारे रास्ते, दोनों खामोश थे, अपने अपने दायरों मे",1,6.165,0,not_selected_by_random,,,,
10407,"गलत फ़हमी में मत रहियेगा, मेरी बुआ ही, सबको रिजेक्ट करती है, वरना कब से शादी हो जाती",1,7.382,0,not_selected_by_random,,,,
10411,"अविनाश जी, सन सेट के वक्त, सबकी आँखों का रंग, बदल जाता है, देखो, आपकी और मेरी",1,7.286,0,not_selected_by_random,,,,
10412,"नीलांजना की आँखों में समुद्र उफान पर था, उसके खुले सीधे सीधे भूरे बाल, सोने के तार, लग रहे थे",1,7.361,1,,hindi_female_010412.wav,n a ii l a aa q j a n a aa <wb> k a ii <wb> aa mq kh a o q <wb> m a ee q <wb> s a m a u d a r a <wb> u ph a aa n a <wb> p a r a <wb> th a aa <wb> u s a k a ee <wb> kh a u l a ee <wb> s a ii dh a ee <wb> s a ii dh a ee <wb> bh a uu r a ee <wb> b a aa l a <wb> s a o n a ee <wb> k a ee <wb> t a aa r a <wb> l a g a <wb> r a h a ee <wb> th a ee,C24 C0 C16 C21 C0 C1 C23 C17 C0 C24 C0 C1 <wb> C19 C0 C16 <wb> C1 C23 C20 C0 C26 C23 <wb> C22 C0 C11 C23 <wb> C30 C0 C22 C0 C36 C7 C0 C29 C0 <wb> C36 C12 C0 C1 C24 C0 <wb> C28 C0 C29 C0 <wb> C33 C0 C1 <wb> C36 C30 C0 C19 C0 C11 <wb> C20 C0 C36 C21 C0 C11 <wb> C30 C0 C16 C8 C0 C11 <wb> C30 C0 C16 C8 C0 C11 <wb> C4 C0 C36 C29 C0 C11 <wb> C3 C0 C1 C21 C0 <wb> C30 C0 C26 C24 C0 C11 <wb> C19 C0 C11 <wb> C32 C0 C1 C29 C0 <wb> C21 C0 C13 C0 <wb> C29 C0 C15 C0 C11 <wb> C33 C0 C11,val
10413,"हवा में उडता उसका लैस वाला कॉलर, अविनाशजी, क्या देख रहे थे, यही कि, तुम बहुत सुन्दर हो",1,6.943,1,,hindi_female_010413.wav,h a w a aa <wb> m a ee q <wb> u dx a t a aa <wb> u s a k a aa <wb> l a ei s a <wb> w a aa l a aa <wb> k a l a r a <wb> a w a i n a aa sh a j a ii <wb> k a y a aa <wb> d a ee kh a <wb> r a h a ee <wb> th a ee <wb> y a h a ii <wb> k a i <wb> t a u m a <wb> b a h a u t a <wb> s a u n a d a r a <wb> h a o,C15 C0 C37 C0 C1 <wb> C22 C0 C11 C23 <wb> C36 C9 C0 C32 C0 C1 <wb> C36 C30 C0 C19 C0 C1 <wb> C21 C0 C2 C30 C0 <wb> C37 C0 C1 C21 C0 C1 <wb> C19 C0 C21 C0 C29 C0 <wb> C0 C37 C0 C16 C24 C0 C1 C31 C0 C17 C0 C16 <wb> C19 C0 C38 C0 C1 <wb> C7 C0 C11 C20 C0 <wb> C29 C0 C15 C0 C11 <wb> C33 C0 C11 <wb> C38 C0 C15 C0 C16 <wb> C19 C0 C16 <wb> C32 C0 C36 C22 C0 <wb> C3 C0 C15 C0 C36 C32 C0 <wb> C30 C0 C36 C24 C0 C7 C0 C29 C0 <wb> C15 C0 C26,train
10414,"प्रकृति में, हर चीज़ सुन्दर है, मुझे तो, हर चीज़ सुन्दर लगती है",1,4.923,1,,hindi_female_010414.wav,p a r a k a rq t a i <wb> m a ee q <wb> h a r a <wb> c a ii z a <wb> s a u n a d a r a <wb> h a ei <wb> m a u jh a ee <wb> t a o <wb> h a r a <wb> c a ii z a <wb> s a u n a d a r a <wb> l a g a t a ii <wb> h a ei,C28 C0 C29 C0 C19 C0 C29 C32 C0 C16 <wb> C22 C0 C11 C23 <wb> C15 C0 C29 C0 <wb> C5 C0 C16 C17 C0 <wb> C30 C0 C36 C24 C0 C7 C0 C29 C0 <wb> C15 C0 C2 <wb> C22 C0 C36 C18 C0 C11 <wb> C32 C0 C26 <wb> C15 C0 C29 C0 <wb> C5 C0 C16 C17 C0 <wb> C30 C0 C36 C24 C0 C7 C0 C29 C0 <wb> C21 C0 C13 C0 C32 C0 C16 <wb> C15 C0 C2,train
10415,"सबका सोचने का ढंग है, अपना अपना, क्या ये झील रियल नहीं, वो जलपांखियों का झुण्ड रियल नहीं",1,7.268,1,,hindi_female_010415.wav,s a b a k a aa <wb> s a o c a n a ee <wb> k a aa <wb> dxh a q g a <wb> h a ei <wb> a p a n a aa <wb> a p a n a aa <wb> k a y a aa <wb> y a ee <wb> jh a ii l a <wb> r a i y a l a <wb> n a h a ii q <wb> w a o <wb> j a l a p a aa q kh a i y a o q <wb> k a aa <wb> jh a u nx a dx a <wb> r a i y a l a <wb> n a h a ii q,C30 C0 C3 C0 C19 C0 C1 <wb> C30 C0 C26 C5 C0 C24 C0 C11 <wb> C19 C0 C1 <wb> C10 C0 C23 C13 C0 <wb> C15 C0 C2 <wb> C0 C28 C0 C24 C0 C1 <wb> C0 C28 C0 C24 C0 C1 <wb> C19 C0 C38 C0 C1 <wb> C38 C0 C11 <wb> C18 C0 C16 C21 C0 <wb> C29 C0 C16 C38 C0 C21 C0 <wb> C24 C0 C15 C0 C16 C23 <wb> C37 C0 C26 <wb> C17 C0 C21 C0 C28 C0 C1 C23 C20 C0 C16 C38 C0 C26 C23 <wb> C19 C0 C1 <wb> C18 C0 C36 C25 C0 C9 C0 <wb> C29 C0 C16 C38 C0 C21 C0 <wb> C24 C0 C15 C0 C16 C23,train
10416,"तुम्हें क्या मालूम, ज़िन्दगी कितनी बडी ग्रिम रियेलिटी है, जिसे तुम्हें बता कर डराना नहीं चाहता",1,6.966,1,,hindi_female_010416.wav,t a u m a h a ee q <wb> k a y a aa <wb> m a aa l a uu m a <wb> z a i n a d a g a ii <wb> k a i t a n a ii <wb> b a dx a ii <wb> g a r a i m a <wb> r a i y a ee l a i tx a ii <wb> h a ei <wb> j a i s a ee <wb> t a u m a h a ee q <wb> b a t a aa <wb> k a r a <wb> dx a r a aa n a aa <wb> n a h a ii q <wb> c a aa h a t a aa,C32 C0 C36 C22 C0 C15 C0 C11 C23 <wb> C19 C0 C38 C0 C1 <wb> C22 C0 C1 C21 C0 C36 C22 C0 <wb> C17 C0 C16 C24 C0 C7 C0 C13 C0 C16 <wb> C19 C0 C16 C32 C0 C24 C0 C16 <wb> C3 C0 C9 C0 C16 <wb> C13 C0 C29 C0 C16 C22 C0 <wb> C29 C0 C16 C38 C0 C11 C21 C0 C16 C34 C0 C16 <wb> C15 C0 C2 <wb> C17 C0 C16 C30 C0 C11 <wb> C32 C0 C36 C22 C0 C15 C0 C11 C23 <wb> C3 C0 C32 C0 C1 <wb> C19 C0 C29 C0 <wb> C9 C0 C29 C0 C1 C24 C0 C1 <wb> C24 C0 C15 C0 C16 C23 <wb> C5 C0 C1 C15 C0 C32 C0 C1,train
10417,"ईश्वर करे, तुम्हें ज़िन्दगी उन्हीं सुन्दर सत्यों के रूप में मिले, डरावने मुखौटे पहन कर नहीं",1,6.788,0,not_selected_by_random,,,,
10421,"मेरा बस चले, तो कानों में, बबूल के गोल फूल पहनूं, बालों में रंगबिरंगे पंख लगा लूं",1,6.409,1,,hindi_female_010421.wav,m a ee r a aa <wb> b a s a <wb> c a l a ee <wb> t a o <wb> k a aa n a o q <wb> m a ee q <wb> b a b a uu l a <wb> k a ee <wb> g a o l a <wb> ph a uu l a <wb> p a h a n a uu q <wb> b a aa l a o q <wb> m a ee q <wb> r a q g a b a i r a q g a ee <wb> p a q kh a <wb> l a g a aa <wb> l a uu q,C22 C0 C11 C29 C0 C1 <wb> C3 C0 C30 C0 <wb> C5 C0 C21 C0 C11 <wb> C32 C0 C26 <wb> C19 C0 C1 C24 C0 C26 C23 <wb> C22 C0 C11 C23 <wb> C3 C0 C3 C0 C36 C21 C0 <wb> C19 C0 C11 <wb> C13 C0 C26 C21 C0 <wb> C12 C0 C36 C21 C0 <wb> C28 C0 C15 C0 C24 C0 C36 C23 <wb> C3 C0 C1 C21 C0 C26 C23 <wb> C22 C0 C11 C23 <wb> C29 C0 C23 C13 C0 C3 C0 C16 C29 C0 C23 C13 C0 C11 <wb> C28 C0 C23 C20 C0 <wb> C21 C0 C13 C0 C1 <wb> C21 C0 C36 C23,train
10424,"एक समय की बात है, राजा रणतूर्य, कीर्ति नगर के राजा थे",1,4.868,0,not_selected_by_random,,,,
10425,"शासन का कामकाज, सुचारू रूप से चल रहा था",1,3.088,1,,hindi_female_010425.wav,sh a aa s a n a <wb> k a aa <wb> k a aa m a k a aa j a <wb> s a u c a aa r a uu <wb> r a uu p a <wb> s a ee <wb> c a l a <wb> r a h a aa <wb> th a aa,C31 C0 C1 C30 C0 C24 C0 <wb> C19 C0 C1 <wb> C19 C0 C1 C22 C0 C19 C0 C1 C17 C0 <wb> C30 C0 C36 C5 C0 C1 C29 C0 C36 <wb> C29 C0 C36 C28 C0 <wb> C30 C0 C11 <wb> C5 C0 C21 C0 <wb> C29 C0 C15 C0 C1 <wb> C33 C0 C1,train
10426,"नगर सेठ, श्रीधर, राजा के घनिष्ठ मित्र थे",1,3.32,1,,hindi_female_010426.wav,n a g a r a <wb> s a ee txh a <wb> sh a r a ii dh a r a <wb> r a aa j a aa <wb> k a ee <wb> gh a n a i sx a txh a <wb> m a i t a r a <wb> th a ee,C24 C0 C13 C0 C29 C0 <wb> C30 C0 C11 C35 C0 <wb> C31 C0 C29 C0 C16 C8 C0 C29 C0 <wb> C29 C0 C1 C17 C0 C1 <wb> C19 C0 C11 <wb> C14 C0 C24 C0 C16 C31 C0 C35 C0 <wb> C22 C0 C16 C32 C0 C29 C0 <wb> C33 C0 C11,train
10427,"सेठ का बडा बेटा, बहुत ही होनहार था",1,2.81,1,,hindi_female_010427.wav,s a ee txh a <wb> k a aa <wb> b a dx a aa <wb> b a ee tx a aa <wb> b a h a u t a <wb> h a ii <wb> h a o n a h a aa r a <wb> th a aa,C30 C0 C11 C35 C0 <wb> C19 C0 C1 <wb> C3 C0 C9 C0 C1 <wb> C3 C0 C11 C34 C0 C1 <wb> C3 C0 C15 C0 C36 C32 C0 <wb> C15 C0 C16 <wb> C15 C0 C26 C24 C0 C15 C0 C1 C29 C0 <wb> C33 C0 C1,train
10428,"यहाँ तक कि, राज काज के कामों में भी, सेठ का सलाह मशविरा लिया करते थे",1,5.706,0,not_selected_by_random,,,,
10429,"फिर दोनों, खुब हँसते, राज्य में, इस दोस्ती की चर्चा, सर्वत्र थी, समय गुज़रता रहा",1,6.966,1,,hindi_female_010429.wav,ph a i r a <wb> d a o n a o q <wb> kh a u b a <wb> h a mq s a t a ee <wb> r a aa j a y a <wb> m a ee q <wb> i s a <wb> d a o s a t a ii <wb> k a ii <wb> c a r a c a aa <wb> s a r a w a t a r a <wb> th a ii <wb> s a m a y a <wb> g a u z a r a t a aa <wb> r a h a aa,C12 C0 C16 C29 C0 <wb> C7 C0 C26 C24 C0 C26 C23 <wb> C20 C0 C36 C3 C0 <wb> C15 C0 C23 C30 C0 C32 C0 C11 <wb> C29 C0 C1 C17 C0 C38 C0 <wb> C22 C0 C11 C23 <wb> C16 C30 C0 <wb> C7 C0 C26 C30 C0 C32 C0 C16 <wb> C19 C0 C16 <wb> C5 C0 C29 C0 C5 C0 C1 <wb> C30 C0 C29 C0 C37 C0 C32 C0 C29 C0 <wb> C33 C0 C16 <wb> C30 C0 C22 C0 C38 C0 <wb> C13 C0 C36 C17 C0 C29 C0 C32 C0 C1 <wb> C29 C0 C15 C0 C1,train
10430,"राजा, और सेठ श्रीधर, दोनों ही उम्र के तीसरे पडाव पर थे",1,4.481,1,,hindi_female_010430.wav,r a aa j a aa <wb> ou r a <wb> s a ee txh a <wb> sh a r a ii dh a r a <wb> d a o n a o q <wb> h a ii <wb> u m a r a <wb> k a ee <wb> t a ii s a r a ee <wb> p a dx a aa w a <wb> p a r a <wb> th a ee,C29 C0 C1 C17 C0 C1 <wb> C27 C29 C0 <wb> C30 C0 C11 C35 C0 <wb> C31 C0 C29 C0 C16 C8 C0 C29 C0 <wb> C7 C0 C26 C24 C0 C26 C23 <wb> C15 C0 C16 <wb> C36 C22 C0 C29 C0 <wb> C19 C0 C11 <wb> C32 C0 C16 C30 C0 C29 C0 C11 <wb> C28 C0 C9 C0 C1 C37 C0 <wb> C28 C0 C29 C0 <wb> C33 C0 C11,test
10431,"प्रत्येक दिन की भांति, आज भी वे, राजा के बगल में, विराजमान हो गए",1,4.783,1,,hindi_female_010431.wav,p a r a t a y a ee k a <wb> d a i n a <wb> k a ii <wb> bh a aa q t a i <wb> aa j a <wb> bh a ii <wb> w a ee <wb> r a aa j a aa <wb> k a ee <wb> b a g a l a <wb> m a ee q <wb> w a i r a aa j a m a aa n a <wb> h a o <wb> g a ee,C28 C0 C29 C0 C32 C0 C38 C0 C11 C19 C0 <wb> C7 C0 C16 C24 C0 <wb> C19 C0 C16 <wb> C4 C0 C1 C23 C32 C0 C16 <wb> C1 C17 C0 <wb> C4 C0 C16 <wb> C37 C0 C11 <wb> C29 C0 C1 C17 C0 C1 <wb> C19 C0 C11 <wb> C3 C0 C13 C0 C21 C0 <wb> C22 C0 C11 C23 <wb> C37 C0 C16 C29 C0 C1 C17 C0 C22 C0 C1 C24 C0 <wb> C15 C0 C26 <wb> C13 C0 C11,train
10432,"थोडी बहुत बातें हुयीं, पर एक चुभन सी, दोनों को ही, टीस रही थी, जो, अव्यक्त होते हुए भी, स्पष्ट था",1,8.127,1,,hindi_female_010432.wav,th a o dx a ii <wb> b a h a u t a <wb> b a aa t a ee q <wb> h a u y a ii q <wb> p a r a <wb> ee k a <wb> c a u bh a n a <wb> s a ii <wb> d a o n a o q <wb> k a o <wb> h a ii <wb> tx a ii s a <wb> r a h a ii <wb> th a ii <wb> j a o <wb> a w a y a k a t a <wb> h a o t a ee <wb> h a u ee <wb> bh a ii <wb> s a p a sx a tx a <wb> th a aa,C33 C0 C26 C9 C0 C16 <wb> C3 C0 C15 C0 C36 C32 C0 <wb> C3 C0 C1 C32 C0 C11 C23 <wb> C15 C0 C36 C38 C0 C16 C23 <wb> C28 C0 C29 C0 <wb> C11 C19 C0 <wb> C5 C0 C36 C4 C0 C24 C0 <wb> C30 C0 C16 <wb> C7 C0 C26 C24 C0 C26 C23 <wb> C19 C0 C26 <wb> C15 C0 C16 <wb> C34 C0 C16 C30 C0 <wb> C29 C0 C15 C0 C16 <wb> C33 C0 C16 <wb> C17 C0 C26 <wb> C0 C37 C0 C38 C0 C19 C0 C32 C0 <wb> C15 C0 C26 C32 C0 C11 <wb> C15 C0 C36 C11 <wb> C4 C0 C16 <wb> C30 C0 C28 C0 C31 C0 C34 C0 <wb> C33 C0 C1,train
10433,"जब अलग होते तो, एक दूसरे से मिलने की इच्छा होती, पर मिलने पर, एक अव्यक्त दूरी दीवार बनकर, पहले से ही खडी मिलती",1,9.706,1,,hindi_female_010433.wav,j a b a <wb> a l a g a <wb> h a o t a ee <wb> t a o <wb> ee k a <wb> d a uu s a r a ee <wb> s a ee <wb> m a i l a n a ee <wb> k a ii <wb> i c a ch a aa <wb> h a o t a ii <wb> p a r a <wb> m a i l a n a ee <wb> p a r a <wb> ee k a <wb> a w a y a k a t a <wb> d a uu r a ii <wb> d a ii w a aa r a <wb> b a n a k a r a <wb> p a h a l a ee <wb> s a ee <wb> h a ii <wb> kh a dx a ii <wb> m a i l a t a ii,C17 C0 C3 C0 <wb> C0 C21 C0 C13 C0 <wb> C15 C0 C26 C32 C0 C11 <wb> C32 C0 C26 <wb> C11 C19 C0 <wb> C7 C0 C36 C30 C0 C29 C0 C11 <wb> C30 C0 C11 <wb> C22 C0 C16 C21 C0 C24 C0 C11 <wb> C19 C0 C16 <wb> C16 C5 C0 C6 C0 C1 <wb> C15 C0 C26 C32 C0 C16 <wb> C28 C0 C29 C0 <wb> C22 C0 C16 C21 C0 C24 C0 C11 <wb> C28 C0 C29 C0 <wb> C11 C19 C0 <wb> C0 C37 C0 C38 C0 C19 C0 C32 C0 <wb> C7 C0 C36 C29 C0 C16 <wb> C7 C0 C16 C37 C0 C1 C29 C0 <wb> C3 C0 C24 C0 C19 C0 C29 C0 <wb> C28 C0 C15 C0 C21 C0 C11 <wb> C30 C0 C11 <wb> C15 C0 C16 <wb> C20 C0 C9 C0 C16 <wb> C22 C0 C16 C21 C0 C32 C0 C16,test
10434,घुटन सीमाएं लांघने को बेताब थी,1,3.055,0,not_selected_by_random,,,,
10437,"अतः, आप लोगों के इस प्रेम में, ऐसी ही दमित दुर्भावना, समाविष्ट हो गयी है, जिस कारण, आपके इस प्रगाढ प्रेम में भी, अन्तर्वेदना अंकुरित हो जाती है",1,12.121,1,,hindi_female_010437.wav,a t a hq <wb> aa p a <wb> l a o g a o q <wb> k a ee <wb> i s a <wb> p a r a ee m a <wb> m a ee q <wb> ei s a ii <wb> h a ii <wb> d a m a i t a <wb> d a u r a bh a aa w a n a aa <wb> s a m a aa w a i sx a tx a <wb> h a o <wb> g a y a ii <wb> h a ei <wb> j a i s a <wb> k a aa r a nx a <wb> aa p a k a ee <wb> i s a <wb> p a r a g a aa dxh a <wb> p a r a ee m a <wb> m a ee q <wb> bh a ii <wb> a n a t a r a w a ee d a n a aa <wb> a q k a u r a i t a <wb> h a o <wb> j a aa t a ii <wb> h a ei,C0 C32 C0 C15 <wb> C1 C28 C0 <wb> C21 C0 C26 C13 C0 C26 C23 <wb> C19 C0 C11 <wb> C16 C30 C0 <wb> C28 C0 C29 C0 C11 C22 C0 <wb> C22 C0 C11 C23 <wb> C2 C30 C0 C16 <wb> C15 C0 C16 <wb> C7 C0 C22 C0 C16 C32 C0 <wb> C7 C0 C36 C29 C0 C4 C0 C1 C37 C0 C24 C0 C1 <wb> C30 C0 C22 C0 C1 C37 C0 C16 C31 C0 C34 C0 <wb> C15 C0 C26 <wb> C13 C0 C38 C0 C16 <wb> C15 C0 C2 <wb> C17 C0 C16 C30 C0 <wb> C19 C0 C1 C29 C0 C25 C0 <wb> C1 C28 C0 C19 C0 C11 <wb> C16 C30 C0 <wb> C28 C0 C29 C0 C13 C0 C1 C10 C0 <wb> C28 C0 C29 C0 C11 C22 C0 <wb> C22 C0 C11 C23 <wb> C4 C0 C16 <wb> C0 C24 C0 C32 C0 C29 C0 C37 C0 C11 C7 C0 C24 C0 C1 <wb> C0 C23 C19 C0 C36 C29 C0 C16 C32 C0 <wb> C15 C0 C26 <wb> C17 C0 C1 C32 C0 C16 <wb> C15 C0 C2,train
10438,"अब आप दोनों ही, अपने अपने मन में, अपने घुटन का कारण ढूंढो",1,4.481,1,,hindi_female_010438.wav,a b a <wb> aa p a <wb> d a o n a o q <wb> h a ii <wb> a p a n a ee <wb> a p a n a ee <wb> m a n a <wb> m a ee q <wb> a p a n a ee <wb> gh a u tx a n a <wb> k a aa <wb> k a aa r a nx a <wb> dxh a uu q dxh a o,C0 C3 C0 <wb> C1 C28 C0 <wb> C7 C0 C26 C24 C0 C26 C23 <wb> C15 C0 C16 <wb> C0 C28 C0 C24 C0 C11 <wb> C0 C28 C0 C24 C0 C11 <wb> C22 C0 C24 C0 <wb> C22 C0 C11 C23 <wb> C0 C28 C0 C24 C0 C11 <wb> C14 C0 C36 C34 C0 C24 C0 <wb> C19 C0 C1 <wb> C19 C0 C1 C29 C0 C25 C0 <wb> C10 C0 C36 C23 C10 C0 C26,train
10439,"कुछ देर बाद, सेठ ने, चुप्पी तोडी, और कहा, हे राजगुरू, सारा कुसूर, मेरा है",1,6.85,1,,hindi_female_010439.wav,k a u ch a <wb> d a ee r a <wb> b a aa d a <wb> s a ee txh a <wb> n a ee <wb> c a u p a p a ii <wb> t a o dx a ii <wb> ou r a <wb> k a h a aa <wb> h a ee <wb> r a aa j a g a u r a uu <wb> s a aa r a aa <wb> k a u s a uu r a <wb> m a ee r a aa <wb> h a ei,C19 C0 C36 C6 C0 <wb> C7 C0 C11 C29 C0 <wb> C3 C0 C1 C7 C0 <wb> C30 C0 C11 C35 C0 <wb> C24 C0 C11 <wb> C5 C0 C36 C28 C0 C28 C0 C16 <wb> C32 C0 C26 C9 C0 C16 <wb> C27 C29 C0 <wb> C19 C0 C15 C0 C1 <wb> C15 C0 C11 <wb> C29 C0 C1 C17 C0 C13 C0 C36 C29 C0 C36 <wb> C30 C0 C1 C29 C0 C1 <wb> C19 C0 C36 C30 C0 C36 C29 C0 <wb> C22 C0 C11 C29 C0 C1 <wb> C15 C0 C2,train
10441,उसमें मेरी बहुत सी पूंजी लगी है,1,3.299,0,not_selected_by_random,,,,
10443,मेरी सारी पूंजी नष्ट होने के कगार पर है,1,2.995,1,,hindi_female_010443.wav,m a ee r a ii <wb> s a aa r a ii <wb> p a uu q j a ii <wb> n a sx a tx a <wb> h a o n a ee <wb> k a ee <wb> k a g a aa r a <wb> p a r a <wb> h a ei,C22 C0 C11 C29 C0 C16 <wb> C30 C0 C1 C29 C0 C16 <wb> C28 C0 C36 C23 C17 C0 C16 <wb> C24 C0 C31 C0 C34 C0 <wb> C15 C0 C26 C24 C0 C11 <wb> C19 C0 C11 <wb> C19 C0 C13 C0 C1 C29 C0 <wb> C28 C0 C29 C0 <wb> C15 C0 C2,train
10445,"सेठ इतना कहकर, राजा से लिपटकर रोने लगे",1,3.367,1,,hindi_female_010445.wav,s a ee txh a <wb> i t a n a aa <wb> k a h a k a r a <wb> r a aa j a aa <wb> s a ee <wb> l a i p a tx a k a r a <wb> r a o n a ee <wb> l a g a ee,C30 C0 C11 C35 C0 <wb> C16 C32 C0 C24 C0 C1 <wb> C19 C0 C15 C0 C19 C0 C29 C0 <wb> C29 C0 C1 C17 C0 C1 <wb> C30 C0 C11 <wb> C21 C0 C16 C28 C0 C34 C0 C19 C0 C29 C0 <wb> C29 C0 C26 C24 C0 C11 <wb> C21 C0 C13 C0 C11,val
10446,"अब तुम दोनों के बीच का मैल, धुल चुका है",1,2.67,1,,hindi_female_010446.wav,a b a <wb> t a u m a <wb> d a o n a o q <wb> k a ee <wb> b a ii c a <wb> k a aa <wb> m a ei l a <wb> dh a u l a <wb> c a u k a aa <wb> h a ei,C0 C3 C0 <wb> C32 C0 C36 C22 C0 <wb> C7 C0 C26 C24 C0 C26 C23 <wb> C19 C0 C11 <wb> C3 C0 C16 C5 C0 <wb> C19 C0 C1 <wb> C22 C0 C2 C21 C0 <wb> C8 C0 C36 C21 C0 <wb> C5 C0 C36 C19 C0 C1 <wb> C15 C0 C2,train
10447,"राजा ने कहा, हे मित्र, पहले ही यह बात बता देते, तो हम दोनों को इतना कष्ट तो नहीं सहना पडता",1,7.105,1,,hindi_female_010447.wav,r a aa j a aa <wb> n a ee <wb> k a h a aa <wb> h a ee <wb> m a i t a r a <wb> p a h a l a ee <wb> h a ii <wb> y a h a <wb> b a aa t a <wb> b a t a aa <wb> d a ee t a ee <wb> t a o <wb> h a m a <wb> d a o n a o q <wb> k a o <wb> i t a n a aa <wb> k a sx a tx a <wb> t a o <wb> n a h a ii q <wb> s a h a n a aa <wb> p a dx a t a aa,C29 C0 C1 C17 C0 C1 <wb> C24 C0 C11 <wb> C19 C0 C15 C0 C1 <wb> C15 C0 C11 <wb> C22 C0 C16 C32 C0 C29 C0 <wb> C28 C0 C15 C0 C21 C0 C11 <wb> C15 C0 C16 <wb> C38 C0 C15 C0 <wb> C3 C0 C1 C32 C0 <wb> C3 C0 C32 C0 C1 <wb> C7 C0 C11 C32 C0 C11 <wb> C32 C0 C26 <wb> C15 C0 C22 C0 <wb> C7 C0 C26 C24 C0 C26 C23 <wb> C19 C0 C26 <wb> C16 C32 C0 C24 C0 C1 <wb> C19 C0 C31 C0 C34 C0 <wb> C32 C0 C26 <wb> C24 C0 C15 C0 C16 C23 <wb> C30 C0 C15 C0 C24 C0 C1 <wb> C28 C0 C9 C0 C32 C0 C1,train
10448,"उन्होंने मंत्री को बुलवाकर, एक चंदन का महल तैयार करवाने का हुक्म दिया",1,5.248,1,,hindi_female_010448.wav,u n a h a o q n a ee <wb> m a q t a r a ii <wb> k a o <wb> b a u l a w a aa k a r a <wb> ee k a <wb> c a q d a n a <wb> k a aa <wb> m a h a l a <wb> t a ei y a aa r a <wb> k a r a w a aa n a ee <wb> k a aa <wb> h a u k a m a <wb> d a i y a aa,C36 C24 C0 C15 C0 C26 C23 C24 C0 C11 <wb> C22 C0 C23 C32 C0 C29 C0 C16 <wb> C19 C0 C26 <wb> C3 C0 C36 C21 C0 C37 C0 C1 C19 C0 C29 C0 <wb> C11 C19 C0 <wb> C5 C0 C23 C7 C0 C24 C0 <wb> C19 C0 C1 <wb> C22 C0 C15 C0 C21 C0 <wb> C32 C0 C2 C38 C0 C1 C29 C0 <wb> C19 C0 C29 C0 C37 C0 C1 C24 C0 C11 <wb> C19 C0 C1 <wb> C15 C0 C36 C19 C0 C22 C0 <wb> C7 C0 C16 C38 C0 C1,train
10449,"इस प्रकार, सेठ की पूंजी, और उन दोनों की मित्रता, दीर्घायु हो गयी",1,6.027,0,not_selected_by_random,,,,
10450,"अव्यक्त रखने पर भी, अन्तर्सम्बंधों में, दरार, डाल ही देती हैं",1,5.831,0,not_selected_by_random,,,,
10451,"ये, विकास पथ के, अवरोधक हैं",1,2.508,1,,hindi_female_010451.wav,y a ee <wb> w a i k a aa s a <wb> p a th a <wb> k a ee <wb> a w a r a o dh a k a <wb> h a ei q,C38 C0 C11 <wb> C37 C0 C16 C19 C0 C1 C30 C0 <wb> C28 C0 C33 C0 <wb> C19 C0 C11 <wb> C0 C37 C0 C29 C0 C26 C8 C0 C19 C0 <wb> C15 C0 C2 C23,train
10453,"तीन बार, गर्भपात की वह शिकार हुई थी, इसलिये, तीन गुडियां थीं उसके पास",1,5.875,1,,hindi_female_010453.wav,t a ii n a <wb> b a aa r a <wb> g a r a bh a p a aa t a <wb> k a ii <wb> w a h a <wb> sh a i k a aa r a <wb> h a u ii <wb> th a ii <wb> i s a l a i y a ee <wb> t a ii n a <wb> g a u dx a i y a aa q <wb> th a ii q <wb> u s a k a ee <wb> p a aa s a,C32 C0 C16 C24 C0 <wb> C3 C0 C1 C29 C0 <wb> C13 C0 C29 C0 C4 C0 C28 C0 C1 C32 C0 <wb> C19 C0 C16 <wb> C37 C0 C15 C0 <wb> C31 C0 C16 C19 C0 C1 C29 C0 <wb> C15 C0 C36 C16 <wb> C33 C0 C16 <wb> C16 C30 C0 C21 C0 C16 C38 C0 C11 <wb> C32 C0 C16 C24 C0 <wb> C13 C0 C36 C9 C0 C16 C38 C0 C1 C23 <wb> C33 C0 C16 C23 <wb> C36 C30 C0 C19 C0 C11 <wb> C28 C0 C1 C30 C0,train
10455,"चाहती थी, तुम सबको, और तुम्हारे जैसी अनेकों की मां बन कर, मैं फलों से लदा एक विशाल, छतनार पेड बन जाऊं",1,9.125,1,,hindi_female_010455.wav,c a aa h a t a ii <wb> th a ii <wb> t a u m a <wb> s a b a k a o <wb> ou r a <wb> t a u m a h a aa r a ee <wb> j a ei s a ii <wb> a n a ee k a o q <wb> k a ii <wb> m a aa q <wb> b a n a <wb> k a r a <wb> m a ei q <wb> ph a l a o q <wb> s a ee <wb> l a d a aa <wb> ee k a <wb> w a i sh a aa l a <wb> ch a t a n a aa r a <wb> p a ee dx a <wb> b a n a <wb> j a aa uu q,C5 C0 C1 C15 C0 C32 C0 C16 <wb> C33 C0 C16 <wb> C32 C0 C36 C22 C0 <wb> C30 C0 C3 C0 C19 C0 C26 <wb> C27 C29 C0 <wb> C32 C0 C36 C22 C0 C15 C0 C1 C29 C0 C11 <wb> C17 C0 C2 C30 C0 C16 <wb> C0 C24 C0 C11 C19 C0 C26 C23 <wb> C19 C0 C16 <wb> C22 C0 C1 C23 <wb> C3 C0 C24 C0 <wb> C19 C0 C29 C0 <wb> C22 C0 C2 C23 <wb> C12 C0 C21 C0 C26 C23 <wb> C30 C0 C11 <wb> C21 C0 C7 C0 C1 <wb> C11 C19 C0 <wb> C37 C0 C16 C31 C0 C1 C21 C0 <wb> C6 C0 C32 C0 C24 C0 C1 C29 C0 <wb> C28 C0 C11 C9 C0 <wb> C3 C0 C24 C0 <wb> C17 C0 C1 C36 C23,train
10459,"शाखा को, इन स्थितियों से सख्त ऐतराज़ था, और इस ऐतराज़ की प्रति क्रिया में, वह दर्जनों बेटियों की मां बनना चाहती थी",1,9.242,1,,hindi_female_010459.wav,sh a aa kh a aa <wb> k a o <wb> i n a <wb> s a th a i t a i y a o q <wb> s a ee <wb> s a kh a t a <wb> ei t a r a aa z a <wb> th a aa <wb> ou r a <wb> i s a <wb> ei t a r a aa z a <wb> k a ii <wb> p a r a t a i <wb> k a r a i y a aa <wb> m a ee q <wb> w a h a <wb> d a r a j a n a o q <wb> b a ee tx a i y a o q <wb> k a ii <wb> m a aa q <wb> b a n a n a aa <wb> c a aa h a t a ii <wb> th a ii,C31 C0 C1 C20 C0 C1 <wb> C19 C0 C26 <wb> C16 C24 C0 <wb> C30 C0 C33 C0 C16 C32 C0 C16 C38 C0 C26 C23 <wb> C30 C0 C11 <wb> C30 C0 C20 C0 C32 C0 <wb> C2 C32 C0 C29 C0 C1 C17 C0 <wb> C33 C0 C1 <wb> C27 C29 C0 <wb> C16 C30 C0 <wb> C2 C32 C0 C29 C0 C1 C17 C0 <wb> C19 C0 C16 <wb> C28 C0 C29 C0 C32 C0 C16 <wb> C19 C0 C29 C0 C16 C38 C0 C1 <wb> C22 C0 C11 C23 <wb> C37 C0 C15 C0 <wb> C7 C0 C29 C0 C17 C0 C24 C0 C26 C23 <wb> C3 C0 C11 C34 C0 C16 C38 C0 C26 C23 <wb> C19 C0 C16 <wb> C22 C0 C1 C23 <wb> C3 C0 C24 C0 C24 C0 C1 <wb> C5 C0 C1 C15 C0 C32 C0 C16 <wb> C33 C0 C16,train
10461,"आज भी, उसकी ससुराल के कुत्ते, मेरे जिस्म को नोंच रहे हैं, जैसे मैं उनका, जनम जात कर्ज़ दार हूं",1,8.173,1,,hindi_female_010461.wav,aa j a <wb> bh a ii <wb> u s a k a ii <wb> s a s a u r a aa l a <wb> k a ee <wb> k a u t a t a ee <wb> m a ee r a ee <wb> j a i s a m a <wb> k a o <wb> n a o q c a <wb> r a h a ee <wb> h a ei q <wb> j a ei s a ee <wb> m a ei q <wb> u n a k a aa <wb> j a n a m a <wb> j a aa t a <wb> k a r a z a <wb> d a aa r a <wb> h a uu q,C1 C17 C0 <wb> C4 C0 C16 <wb> C36 C30 C0 C19 C0 C16 <wb> C30 C0 C30 C0 C36 C29 C0 C1 C21 C0 <wb> C19 C0 C11 <wb> C19 C0 C36 C32 C0 C32 C0 C11 <wb> C22 C0 C11 C29 C0 C11 <wb> C17 C0 C16 C30 C0 C22 C0 <wb> C19 C0 C26 <wb> C24 C0 C26 C23 C5 C0 <wb> C29 C0 C15 C0 C11 <wb> C15 C0 C2 C23 <wb> C17 C0 C2 C30 C0 C11 <wb> C22 C0 C2 C23 <wb> C36 C24 C0 C19 C0 C1 <wb> C17 C0 C24 C0 C22 C0 <wb> C17 C0 C1 C32 C0 <wb> C19 C0 C29 C0 C17 C0 <wb> C7 C0 C1 C29 C0 <wb> C15 C0 C36 C23,train
10462,"अब और साहस नहीं है कि, बेटी ब्याहने के नाम पर, कोई दोबारा मेरी खाल उतार ले",1,5.387,1,,hindi_female_010462.wav,a b a <wb> ou r a <wb> s a aa h a s a <wb> n a h a ii q <wb> h a ei <wb> k a i <wb> b a ee tx a ii <wb> b a y a aa h a n a ee <wb> k a ee <wb> n a aa m a <wb> p a r a <wb> k a o ii <wb> d a o b a aa r a aa <wb> m a ee r a ii <wb> kh a aa l a <wb> u t a aa r a <wb> l a ee,C0 C3 C0 <wb> C27 C29 C0 <wb> C30 C0 C1 C15 C0 C30 C0 <wb> C24 C0 C15 C0 C16 C23 <wb> C15 C0 C2 <wb> C19 C0 C16 <wb> C3 C0 C11 C34 C0 C16 <wb> C3 C0 C38 C0 C1 C15 C0 C24 C0 C11 <wb> C19 C0 C11 <wb> C24 C0 C1 C22 C0 <wb> C28 C0 C29 C0 <wb> C19 C0 C26 C16 <wb> C7 C0 C26 C3 C0 C1 C29 C0 C1 <wb> C22 C0 C11 C29 C0 C16 <wb> C20 C0 C1 C21 C0 <wb> C36 C32 C0 C1 C29 C0 <wb> C21 C0 C11,train
10465,"वह एक अच्छे घर में जाकर, सुख से रहे, यह उसकी दिली ख्वाहिश थी",1,5.759,1,,hindi_female_010465.wav,w a h a <wb> ee k a <wb> a c a ch a ee <wb> gh a r a <wb> m a ee q <wb> j a aa k a r a <wb> s a u kh a <wb> s a ee <wb> r a h a ee <wb> y a h a <wb> u s a k a ii <wb> d a i l a ii <wb> kh a w a aa h a i sh a <wb> th a ii,C37 C0 C15 C0 <wb> C11 C19 C0 <wb> C0 C5 C0 C6 C0 C11 <wb> C14 C0 C29 C0 <wb> C22 C0 C11 C23 <wb> C17 C0 C1 C19 C0 C29 C0 <wb> C30 C0 C36 C20 C0 <wb> C30 C0 C11 <wb> C29 C0 C15 C0 C11 <wb> C38 C0 C15 C0 <wb> C36 C30 C0 C19 C0 C16 <wb> C7 C0 C16 C21 C0 C16 <wb> C20 C0 C37 C0 C1 C15 C0 C16 C31 C0 <wb> C33 C0 C16,train
10467,"मुझ पर कृपा कर के, थोडी सी रियायत, जैसे उसके उबल पडने का कोई, स्विच ऑन हो गया हो, वह फन फना उठा, तो तुम भाड में जाओ, मेरा घर, कोई राहत केन्द्र नहीं है",1,12.851,0,not_selected_by_random,,,,
10468,"कई लोग, पहले ही क्यू में हैं, तुम अपनी बराबरी की कोई दूसरी जगह ढूंढ लो",1,5.883,0,not_selected_by_random,,,,
10469,"ऐसा बेमुर वत सलूक तो, कोई सूदखोर महाजन भी नहीं करता होगा",1,4.969,1,,hindi_female_010469.wav,ei s a aa <wb> b a ee m a u r a <wb> w a t a <wb> s a l a uu k a <wb> t a o <wb> k a o ii <wb> s a uu d a kh a o r a <wb> m a h a aa j a n a <wb> bh a ii <wb> n a h a ii q <wb> k a r a t a aa <wb> h a o g a aa,C2 C30 C0 C1 <wb> C3 C0 C11 C22 C0 C36 C29 C0 <wb> C37 C0 C32 C0 <wb> C30 C0 C21 C0 C36 C19 C0 <wb> C32 C0 C26 <wb> C19 C0 C26 C16 <wb> C30 C0 C36 C7 C0 C20 C0 C26 C29 C0 <wb> C22 C0 C15 C0 C1 C17 C0 C24 C0 <wb> C4 C0 C16 <wb> C24 C0 C15 C0 C16 C23 <wb> C19 C0 C29 C0 C32 C0 C1 <wb> C15 C0 C26 C13 C0 C1,train
10474,"अंततः, उसने ऐसा ही किया",1,2.02,1,,hindi_female_010474.wav,a q t a t a hq <wb> u s a n a ee <wb> ei s a aa <wb> h a ii <wb> k a i y a aa,C0 C23 C32 C0 C32 C0 C15 <wb> C36 C30 C0 C24 C0 C11 <wb> C2 C30 C0 C1 <wb> C15 C0 C16 <wb> C19 C0 C16 C38 C0 C1,train
10476,"खुद को यह समझाकर, शादी कर दी, कि चेहरे की स्थूल सुन्दरता से, कहीं बडी होती है, आंतरिक सुन्दरता",1,8.963,1,,hindi_female_010476.wav,kh a u d a <wb> k a o <wb> y a h a <wb> s a m a jh a aa k a r a <wb> sh a aa d a ii <wb> k a r a <wb> d a ii <wb> k a i <wb> c a ee h a r a ee <wb> k a ii <wb> s a th a uu l a <wb> s a u n a d a r a t a aa <wb> s a ee <wb> k a h a ii q <wb> b a dx a ii <wb> h a o t a ii <wb> h a ei <wb> aa q t a r a i k a <wb> s a u n a d a r a t a aa,C20 C0 C36 C7 C0 <wb> C19 C0 C26 <wb> C38 C0 C15 C0 <wb> C30 C0 C22 C0 C18 C0 C1 C19 C0 C29 C0 <wb> C31 C0 C1 C7 C0 C16 <wb> C19 C0 C29 C0 <wb> C7 C0 C16 <wb> C19 C0 C16 <wb> C5 C0 C11 C15 C0 C29 C0 C11 <wb> C19 C0 C16 <wb> C30 C0 C33 C0 C36 C21 C0 <wb> C30 C0 C36 C24 C0 C7 C0 C29 C0 C32 C0 C1 <wb> C30 C0 C11 <wb> C19 C0 C15 C0 C16 C23 <wb> C3 C0 C9 C0 C16 <wb> C15 C0 C26 C32 C0 C16 <wb> C15 C0 C2 <wb> C1 C23 C32 C0 C29 C0 C16 C19 C0 <wb> C30 C0 C36 C24 C0 C7 C0 C29 C0 C32 C0 C1,train
10478,"अंबर से आये दिन, थुथुरमुंहा, और उसके परिवार की, रार तकरार मचने लगी",1,6.916,0,not_selected_by_random,,,,
10479,"अगर वह बेटी के बाप होने को, अभिशाप मानकर, इससे बचने के लिये, सख्त एहतियात बरतना चाहता है, तो शाखा, इस मानसिकता को, समझ सकती है",1,11.842,1,,hindi_female_010479.wav,a g a r a <wb> w a h a <wb> b a ee tx a ii <wb> k a ee <wb> b a aa p a <wb> h a o n a ee <wb> k a o <wb> a bh a i sh a aa p a <wb> m a aa n a k a r a <wb> i s a s a ee <wb> b a c a n a ee <wb> k a ee <wb> l a i y a ee <wb> s a kh a t a <wb> ee h a t a i y a aa t a <wb> b a r a t a n a aa <wb> c a aa h a t a aa <wb> h a ei <wb> t a o <wb> sh a aa kh a aa <wb> i s a <wb> m a aa n a s a i k a t a aa <wb> k a o <wb> s a m a jh a <wb> s a k a t a ii <wb> h a ei,C0 C13 C0 C29 C0 <wb> C37 C0 C15 C0 <wb> C3 C0 C11 C34 C0 C16 <wb> C19 C0 C11 <wb> C3 C0 C1 C28 C0 <wb> C15 C0 C26 C24 C0 C11 <wb> C19 C0 C26 <wb> C0 C4 C0 C16 C31 C0 C1 C28 C0 <wb> C22 C0 C1 C24 C0 C19 C0 C29 C0 <wb> C16 C30 C0 C30 C0 C11 <wb> C3 C0 C5 C0 C24 C0 C11 <wb> C19 C0 C11 <wb> C21 C0 C16 C38 C0 C11 <wb> C30 C0 C20 C0 C32 C0 <wb> C11 C15 C0 C32 C0 C16 C38 C0 C1 C32 C0 <wb> C3 C0 C29 C0 C32 C0 C24 C0 C1 <wb> C5 C0 C1 C15 C0 C32 C0 C1 <wb> C15 C0 C2 <wb> C32 C0 C26 <wb> C31 C0 C1 C20 C0 C1 <wb> C16 C30 C0 <wb> C22 C0 C1 C24 C0 C30 C0 C16 C19 C0 C32 C0 C1 <wb> C19 C0 C26 <wb> C30 C0 C22 C0 C18 C0 <wb> C30 C0 C19 C0 C32 C0 C16 <wb> C15 C0 C2,train
10481,"तुम्हारी तो, एक ही बहन थी, मेरे पिता ने तो, चार बेटियों को ब्याया है",1,6.162,0,not_selected_by_random,,,,
10482,"मेरी यह पहली प्रेगनेन्सी है, इसे प्लीज़, क्रूरता से सम्पन्न होने दो",1,5.619,1,,hindi_female_010482.wav,m a ee r a ii <wb> y a h a <wb> p a h a l a ii <wb> p a r a ee g a n a ee n a s a ii <wb> h a ei <wb> i s a ee <wb> p a l a ii z a <wb> k a r a uu r a t a aa <wb> s a ee <wb> s a m a p a n a n a <wb> h a o n a ee <wb> d a o,C22 C0 C11 C29 C0 C16 <wb> C38 C0 C15 C0 <wb> C28 C0 C15 C0 C21 C0 C16 <wb> C28 C0 C29 C0 C11 C13 C0 C24 C0 C11 C24 C0 C30 C0 C16 <wb> C15 C0 C2 <wb> C16 C30 C0 C11 <wb> C28 C0 C21 C0 C16 C17 C0 <wb> C19 C0 C29 C0 C36 C29 C0 C32 C0 C1 <wb> C30 C0 C11 <wb> C30 C0 C22 C0 C28 C0 C24 C0 C24 C0 <wb> C15 C0 C26 C24 C0 C11 <wb> C7 C0 C26,train
10483,"पहले इशू में, कोई वर्जना, कोई रुकावट, कोई संशय, उचित नहीं",1,4.992,1,,hindi_female_010483.wav,p a h a l a ee <wb> i sh a uu <wb> m a ee q <wb> k a o ii <wb> w a r a j a n a aa <wb> k a o ii <wb> r a u k a aa w a tx a <wb> k a o ii <wb> s a q sh a y a <wb> u c a i t a <wb> n a h a ii q,C28 C0 C15 C0 C21 C0 C11 <wb> C16 C31 C0 C36 <wb> C22 C0 C11 C23 <wb> C19 C0 C26 C16 <wb> C37 C0 C29 C0 C17 C0 C24 C0 C1 <wb> C19 C0 C26 C16 <wb> C29 C0 C36 C19 C0 C1 C37 C0 C34 C0 <wb> C19 C0 C26 C16 <wb> C30 C0 C23 C31 C0 C38 C0 <wb> C36 C5 C0 C16 C32 C0 <wb> C24 C0 C15 C0 C16 C23,train
10484,"आखिर, बेटी के रूप में, कम से कम, एक संतान घर में, ज़रूरी भी है, और उसकी परवरिश, हमारा दायित्व भी है",1,10.19,0,not_selected_by_random,,,,
10486,"मैं उससे कई साल बडा था, लेकिन, घर को संवारने संभालने, और रसोई सीधी करने के मामले में, मैं किसी काम का, नहीं था",1,10.217,1,,hindi_female_010486.wav,m a ei q <wb> u s a s a ee <wb> k a ii <wb> s a aa l a <wb> b a dx a aa <wb> th a aa <wb> l a ee k a i n a <wb> gh a r a <wb> k a o <wb> s a q w a aa r a n a ee <wb> s a q bh a aa l a n a ee <wb> ou r a <wb> r a s a o ii <wb> s a ii dh a ii <wb> k a r a n a ee <wb> k a ee <wb> m a aa m a l a ee <wb> m a ee q <wb> m a ei q <wb> k a i s a ii <wb> k a aa m a <wb> k a aa <wb> n a h a ii q <wb> th a aa,C22 C0 C2 C23 <wb> C36 C30 C0 C30 C0 C11 <wb> C19 C0 C16 <wb> C30 C0 C1 C21 C0 <wb> C3 C0 C9 C0 C1 <wb> C33 C0 C1 <wb> C21 C0 C11 C19 C0 C16 C24 C0 <wb> C14 C0 C29 C0 <wb> C19 C0 C26 <wb> C30 C0 C23 C37 C0 C1 C29 C0 C24 C0 C11 <wb> C30 C0 C23 C4 C0 C1 C21 C0 C24 C0 C11 <wb> C27 C29 C0 <wb> C29 C0 C30 C0 C26 C16 <wb> C30 C0 C16 C8 C0 C16 <wb> C19 C0 C29 C0 C24 C0 C11 <wb> C19 C0 C11 <wb> C22 C0 C1 C22 C0 C21 C0 C11 <wb> C22 C0 C11 C23 <wb> C22 C0 C2 C23 <wb> C19 C0 C16 C30 C0 C16 <wb> C19 C0 C1 C22 C0 <wb> C19 C0 C1 <wb> C24 C0 C15 C0 C16 C23 <wb> C33 C0 C1,train
10487,"दमा और हृदय रोग के मरीज़, बाऊजी को, परिधि ने अपनी, सुश्रुषा से, हमेशा संतुष्ट रखा",1,7.268,1,,hindi_female_010487.wav,d a m a aa <wb> ou r a <wb> h a rq d a y a <wb> r a o g a <wb> k a ee <wb> m a r a ii z a <wb> b a aa uu j a ii <wb> k a o <wb> p a r a i dh a i <wb> n a ee <wb> a p a n a ii <wb> s a u sh a r a u sx a aa <wb> s a ee <wb> h a m a ee sh a aa <wb> s a q t a u sx a tx a <wb> r a kh a aa,C7 C0 C22 C0 C1 <wb> C27 C29 C0 <wb> C15 C0 C29 C7 C0 C38 C0 <wb> C29 C0 C26 C13 C0 <wb> C19 C0 C11 <wb> C22 C0 C29 C0 C16 C17 C0 <wb> C3 C0 C1 C36 C17 C0 C16 <wb> C19 C0 C26 <wb> C28 C0 C29 C0 C16 C8 C0 C16 <wb> C24 C0 C11 <wb> C0 C28 C0 C24 C0 C16 <wb> C30 C0 C36 C31 C0 C29 C0 C36 C31 C0 C1 <wb> C30 C0 C11 <wb> C15 C0 C22 C0 C11 C31 C0 C1 <wb> C30 C0 C23 C32 C0 C36 C31 C0 C34 C0 <wb> C29 C0 C20 C0 C1,val
10488,"वे कहते थे मुझे, अपनी परिधि की, सुघडता देखो अंबर",1,3.669,1,,hindi_female_010488.wav,w a ee <wb> k a h a t a ee <wb> th a ee <wb> m a u jh a ee <wb> a p a n a ii <wb> p a r a i dh a i <wb> k a ii <wb> s a u gh a dx a t a aa <wb> d a ee kh a o <wb> a q b a r a,C37 C0 C11 <wb> C19 C0 C15 C0 C32 C0 C11 <wb> C33 C0 C11 <wb> C22 C0 C36 C18 C0 C11 <wb> C0 C28 C0 C24 C0 C16 <wb> C28 C0 C29 C0 C16 C8 C0 C16 <wb> C19 C0 C16 <wb> C30 C0 C36 C14 C0 C9 C0 C32 C0 C1 <wb> C7 C0 C11 C20 C0 C26 <wb> C0 C23 C3 C0 C29 C0,train
10489,"इसने घुट्टी में ही, कब सीख लिया, यह सब, हमें पता ही नहीं चला",1,5.062,1,,hindi_female_010489.wav,i s a n a ee <wb> gh a u tx a tx a ii <wb> m a ee q <wb> h a ii <wb> k a b a <wb> s a ii kh a <wb> l a i y a aa <wb> y a h a <wb> s a b a <wb> h a m a ee q <wb> p a t a aa <wb> h a ii <wb> n a h a ii q <wb> c a l a aa,C16 C30 C0 C24 C0 C11 <wb> C14 C0 C36 C34 C0 C34 C0 C16 <wb> C22 C0 C11 C23 <wb> C15 C0 C16 <wb> C19 C0 C3 C0 <wb> C30 C0 C16 C20 C0 <wb> C21 C0 C16 C38 C0 C1 <wb> C38 C0 C15 C0 <wb> C30 C0 C3 C0 <wb> C15 C0 C22 C0 C11 C23 <wb> C28 C0 C32 C0 C1 <wb> C15 C0 C16 <wb> C24 C0 C15 C0 C16 C23 <wb> C5 C0 C21 C0 C1,train
10490,"कहकर, एक दीर्घ निःश्वास भरी, अम्बर ने",1,3.111,1,,hindi_female_010490.wav,k a h a k a r a <wb> ee k a <wb> d a ii r a gh a <wb> n a i hq sh a w a aa s a <wb> bh a r a ii <wb> a m a b a r a <wb> n a ee,C19 C0 C15 C0 C19 C0 C29 C0 <wb> C11 C19 C0 <wb> C7 C0 C16 C29 C0 C14 C0 <wb> C24 C0 C16 C15 C31 C0 C37 C0 C1 C30 C0 <wb> C4 C0 C29 C0 C16 <wb> C0 C22 C0 C3 C0 C29 C0 <wb> C24 C0 C11,train
10491,"एक मायूसी उतर आई, अम्बर के चेहरे पर, परिधि की हालत देखता हूं, तो घर में, दूसरी बेटी की उपस्थिति की कल्पना मात्र से, हृदय थर्रा जाता है",1,11.684,0,not_selected_by_random,,,,
10492,"लेकिन, तुम चाहती हो, कि मातृत्व के, तुम्हारे पहले अवसर को, स्वछंद रहने दिया जाये, तो चलो, मैं तुम्हारी भावना को, आहत नहीं करता",1,9.822,1,,hindi_female_010492.wav,l a ee k a i n a <wb> t a u m a <wb> c a aa h a t a ii <wb> h a o <wb> k a i <wb> m a aa t a rq t a w a <wb> k a ee <wb> t a u m a h a aa r a ee <wb> p a h a l a ee <wb> a w a s a r a <wb> k a o <wb> s a w a ch a q d a <wb> r a h a n a ee <wb> d a i y a aa <wb> j a aa y a ee <wb> t a o <wb> c a l a o <wb> m a ei q <wb> t a u m a h a aa r a ii <wb> bh a aa w a n a aa <wb> k a o <wb> aa h a t a <wb> n a h a ii q <wb> k a r a t a aa,C21 C0 C11 C19 C0 C16 C24 C0 <wb> C32 C0 C36 C22 C0 <wb> C5 C0 C1 C15 C0 C32 C0 C16 <wb> C15 C0 C26 <wb> C19 C0 C16 <wb> C22 C0 C1 C32 C0 C29 C32 C0 C37 C0 <wb> C19 C0 C11 <wb> C32 C0 C36 C22 C0 C15 C0 C1 C29 C0 C11 <wb> C28 C0 C15 C0 C21 C0 C11 <wb> C0 C37 C0 C30 C0 C29 C0 <wb> C19 C0 C26 <wb> C30 C0 C37 C0 C6 C0 C23 C7 C0 <wb> C29 C0 C15 C0 C24 C0 C11 <wb> C7 C0 C16 C38 C0 C1 <wb> C17 C0 C1 C38 C0 C11 <wb> C32 C0 C26 <wb> C5 C0 C21 C0 C26 <wb> C22 C0 C2 C23 <wb> C32 C0 C36 C22 C0 C15 C0 C1 C29 C0 C16 <wb> C4 C0 C1 C37 C0 C24 C0 C1 <wb> C19 C0 C26 <wb> C1 C15 C0 C32 C0 <wb> C24 C0 C15 C0 C16 C23 <wb> C19 C0 C29 C0 C32 C0 C1,train
10493,"शाखा ने, हंसी में, अनुराग घोलते हुए कहा, अगर बेटा हो गया इस बार, तो अगली बार भी, मेरा यह सवाल कायम रहेगा",1,9.149,1,,hindi_female_010493.wav,sh a aa kh a aa <wb> n a ee <wb> h a q s a ii <wb> m a ee q <wb> a n a u r a aa g a <wb> gh a o l a t a ee <wb> h a u ee <wb> k a h a aa <wb> a g a r a <wb> b a ee tx a aa <wb> h a o <wb> g a y a aa <wb> i s a <wb> b a aa r a <wb> t a o <wb> a g a l a ii <wb> b a aa r a <wb> bh a ii <wb> m a ee r a aa <wb> y a h a <wb> s a w a aa l a <wb> k a aa y a m a <wb> r a h a ee g a aa,C31 C0 C1 C20 C0 C1 <wb> C24 C0 C11 <wb> C15 C0 C23 C30 C0 C16 <wb> C22 C0 C11 C23 <wb> C0 C24 C0 C36 C29 C0 C1 C13 C0 <wb> C14 C0 C26 C21 C0 C32 C0 C11 <wb> C15 C0 C36 C11 <wb> C19 C0 C15 C0 C1 <wb> C0 C13 C0 C29 C0 <wb> C3 C0 C11 C34 C0 C1 <wb> C15 C0 C26 <wb> C13 C0 C38 C0 C1 <wb> C16 C30 C0 <wb> C3 C0 C1 C29 C0 <wb> C32 C0 C26 <wb> C0 C13 C0 C21 C0 C16 <wb> C3 C0 C1 C29 C0 <wb> C4 C0 C16 <wb> C22 C0 C11 C29 C0 C1 <wb> C38 C0 C15 C0 <wb> C30 C0 C37 C0 C1 C21 C0 <wb> C19 C0 C1 C38 C0 C22 C0 <wb> C29 C0 C15 C0 C11 C13 C0 C1,train
10494,"शाखा ने, बालिका शिशु को जन्म दिया, आशंका ऐसी ही थी, हालांकि, दोनों ने मन ही मन, पुत्र प्राप्ति की, घनघोर कामना की थी",1,10.356,1,,hindi_female_010494.wav,sh a aa kh a aa <wb> n a ee <wb> b a aa l a i k a aa <wb> sh a i sh a u <wb> k a o <wb> j a n a m a <wb> d a i y a aa <wb> aa sh a q k a aa <wb> ei s a ii <wb> h a ii <wb> th a ii <wb> h a aa l a aa q k a i <wb> d a o n a o q <wb> n a ee <wb> m a n a <wb> h a ii <wb> m a n a <wb> p a u t a r a <wb> p a r a aa p a t a i <wb> k a ii <wb> gh a n a gh a o r a <wb> k a aa m a n a aa <wb> k a ii <wb> th a ii,C31 C0 C1 C20 C0 C1 <wb> C24 C0 C11 <wb> C3 C0 C1 C21 C0 C16 C19 C0 C1 <wb> C31 C0 C16 C31 C0 C36 <wb> C19 C0 C26 <wb> C17 C0 C24 C0 C22 C0 <wb> C7 C0 C16 C38 C0 C1 <wb> C1 C31 C0 C23 C19 C0 C1 <wb> C2 C30 C0 C16 <wb> C15 C0 C16 <wb> C33 C0 C16 <wb> C15 C0 C1 C21 C0 C1 C23 C19 C0 C16 <wb> C7 C0 C26 C24 C0 C26 C23 <wb> C24 C0 C11 <wb> C22 C0 C24 C0 <wb> C15 C0 C16 <wb> C22 C0 C24 C0 <wb> C28 C0 C36 C32 C0 C29 C0 <wb> C28 C0 C29 C0 C1 C28 C0 C32 C0 C16 <wb> C19 C0 C16 <wb> C14 C0 C24 C0 C14 C0 C26 C29 C0 <wb> C19 C0 C1 C22 C0 C24 C0 C1 <wb> C19 C0 C16 <wb> C33 C0 C16,train
10495,"नियति प्रायः, ऐसा ही विधान रचती है, जिससे आप भागना चाहते हैं, वह आपके पीछे लग जाती है",1,7.593,1,,hindi_female_010495.wav,n a i y a t a i <wb> p a r a aa y a hq <wb> ei s a aa <wb> h a ii <wb> w a i dh a aa n a <wb> r a c a t a ii <wb> h a ei <wb> j a i s a s a ee <wb> aa p a <wb> bh a aa g a n a aa <wb> c a aa h a t a ee <wb> h a ei q <wb> w a h a <wb> aa p a k a ee <wb> p a ii ch a ee <wb> l a g a <wb> j a aa t a ii <wb> h a ei,C24 C0 C16 C38 C0 C32 C0 C16 <wb> C28 C0 C29 C0 C1 C38 C0 C15 <wb> C2 C30 C0 C1 <wb> C15 C0 C16 <wb> C37 C0 C16 C8 C0 C1 C24 C0 <wb> C29 C0 C5 C0 C32 C0 C16 <wb> C15 C0 C2 <wb> C17 C0 C16 C30 C0 C30 C0 C11 <wb> C1 C28 C0 <wb> C4 C0 C1 C13 C0 C24 C0 C1 <wb> C5 C0 C1 C15 C0 C32 C0 C11 <wb> C15 C0 C2 C23 <wb> C37 C0 C15 C0 <wb> C1 C28 C0 C19 C0 C11 <wb> C28 C0 C16 C6 C0 C11 <wb> C21 C0 C13 C0 <wb> C17 C0 C1 C32 C0 C16 <wb> C15 C0 C2,train
10496,"मुन्नी घर में पलने लगी, लाड प्यार के सहज, और स्वाभाविक परिवेश में पलने लगी",1,5.875,1,,hindi_female_010496.wav,m a u n a n a ii <wb> gh a r a <wb> m a ee q <wb> p a l a n a ee <wb> l a g a ii <wb> l a aa dx a <wb> p a y a aa r a <wb> k a ee <wb> s a h a j a <wb> ou r a <wb> s a w a aa bh a aa w a i k a <wb> p a r a i w a ee sh a <wb> m a ee q <wb> p a l a n a ee <wb> l a g a ii,C22 C0 C36 C24 C0 C24 C0 C16 <wb> C14 C0 C29 C0 <wb> C22 C0 C11 C23 <wb> C28 C0 C21 C0 C24 C0 C11 <wb> C21 C0 C13 C0 C16 <wb> C21 C0 C1 C9 C0 <wb> C28 C0 C38 C0 C1 C29 C0 <wb> C19 C0 C11 <wb> C30 C0 C15 C0 C17 C0 <wb> C27 C29 C0 <wb> C30 C0 C37 C0 C1 C4 C0 C1 C37 C0 C16 C19 C0 <wb> C28 C0 C29 C0 C16 C37 C0 C11 C31 C0 <wb> C22 C0 C11 C23 <wb> C28 C0 C21 C0 C24 C0 C11 <wb> C21 C0 C13 C0 C16,train
10497,"बर्ताव में ऐसी शालीनता, और सीमा, बस यहीं तक रही",1,5.224,1,,hindi_female_010497.wav,b a r a t a aa w a <wb> m a ee q <wb> ei s a ii <wb> sh a aa l a ii n a t a aa <wb> ou r a <wb> s a ii m a aa <wb> b a s a <wb> y a h a ii q <wb> t a k a <wb> r a h a ii,C3 C0 C29 C0 C32 C0 C1 C37 C0 <wb> C22 C0 C11 C23 <wb> C2 C30 C0 C16 <wb> C31 C0 C1 C21 C0 C16 C24 C0 C32 C0 C1 <wb> C27 C29 C0 <wb> C30 C0 C16 C22 C0 C1 <wb> C3 C0 C30 C0 <wb> C38 C0 C15 C0 C16 C23 <wb> C32 C0 C19 C0 <wb> C29 C0 C15 C0 C16,train
10498,"अगले इशू से, उनकी प्राथमिकता बदल गई",1,2.902,1,,hindi_female_010498.wav,a g a l a ee <wb> i sh a uu <wb> s a ee <wb> u n a k a ii <wb> p a r a aa th a m a i k a t a aa <wb> b a d a l a <wb> g a ii,C0 C13 C0 C21 C0 C11 <wb> C16 C31 C0 C36 <wb> C30 C0 C11 <wb> C36 C24 C0 C19 C0 C16 <wb> C28 C0 C29 C0 C1 C33 C0 C22 C0 C16 C19 C0 C32 C0 C1 <wb> C3 C0 C7 C0 C21 C0 <wb> C13 C0 C16,train
10499,"दूसरे, तीसरे, और चौथे गर्भ का हश्र, गुडियों में परवरित हो गया",1,6.06,1,,hindi_female_010499.wav,d a uu s a r a ee <wb> t a ii s a r a ee <wb> ou r a <wb> c a ou th a ee <wb> g a r a bh a <wb> k a aa <wb> h a sh a r a <wb> g a u dx a i y a o q <wb> m a ee q <wb> p a r a w a r a i t a <wb> h a o <wb> g a y a aa,C7 C0 C36 C30 C0 C29 C0 C11 <wb> C32 C0 C16 C30 C0 C29 C0 C11 <wb> C27 C29 C0 <wb> C5 C0 C27 C33 C0 C11 <wb> C13 C0 C29 C0 C4 C0 <wb> C19 C0 C1 <wb> C15 C0 C31 C0 C29 C0 <wb> C13 C0 C36 C9 C0 C16 C38 C0 C26 C23 <wb> C22 C0 C11 C23 <wb> C28 C0 C29 C0 C37 C0 C29 C0 C16 C32 C0 <wb> C15 C0 C26 <wb> C13 C0 C38 C0 C1,train
10500,"हर बार, शाखा का शरीर ही नहीं, अंतस भी, लहूलुहान हुआ",1,4.858,0,not_selected_by_random,,,,
10501,"वह सोचती थी, कि एक देवकी थी, जिसके जन्मे बच्चे को, उसका भाई कंस, नष्ट कर देता था, एक वह है, जिसके बिनजन्मे बच्चे को ही, उसका पति नष्ट करवा देता है",1,15.364,0,not_selected_by_random,,,,
10502,"शाखा के मन में आता, कि जब गर्भपात ही उसकी नियति है, तो फिर वह गर्भ धारण ही क्यों करे, क्यों नहीं ऑपरेशन करवा कर, इस झंझट से ही मुक्त हो जाये",1,10.96,1,,hindi_female_010502.wav,sh a aa kh a aa <wb> k a ee <wb> m a n a <wb> m a ee q <wb> aa t a aa <wb> k a i <wb> j a b a <wb> g a r a bh a p a aa t a <wb> h a ii <wb> u s a k a ii <wb> n a i y a t a i <wb> h a ei <wb> t a o <wb> ph a i r a <wb> w a h a <wb> g a r a bh a <wb> dh a aa r a nx a <wb> h a ii <wb> k a y a o q <wb> k a r a ee <wb> k a y a o q <wb> n a h a ii q <wb> ax p a r a ee sh a n a <wb> k a r a w a aa <wb> k a r a <wb> i s a <wb> jh a q jh a tx a <wb> s a ee <wb> h a ii <wb> m a u k a t a <wb> h a o <wb> j a aa y a ee,C31 C0 C1 C20 C0 C1 <wb> C19 C0 C11 <wb> C22 C0 C24 C0 <wb> C22 C0 C11 C23 <wb> C1 C32 C0 C1 <wb> C19 C0 C16 <wb> C17 C0 C3 C0 <wb> C13 C0 C29 C0 C4 C0 C28 C0 C1 C32 C0 <wb> C15 C0 C16 <wb> C36 C30 C0 C19 C0 C16 <wb> C24 C0 C16 C38 C0 C32 C0 C16 <wb> C15 C0 C2 <wb> C32 C0 C26 <wb> C12 C0 C16 C29 C0 <wb> C37 C0 C15 C0 <wb> C13 C0 C29 C0 C4 C0 <wb> C8 C0 C1 C29 C0 C25 C0 <wb> C15 C0 C16 <wb> C19 C0 C38 C0 C26 C23 <wb> C19 C0 C29 C0 C11 <wb> C19 C0 C38 C0 C26 C23 <wb> C24 C0 C15 C0 C16 C23 <wb> C0 C28 C0 C29 C0 C11 C31 C0 C24 C0 <wb> C19 C0 C29 C0 C37 C0 C1 <wb> C19 C0 C29 C0 <wb> C16 C30 C0 <wb> C18 C0 C23 C18 C0 C34 C0 <wb> C30 C0 C11 <wb> C15 C0 C16 <wb> C22 C0 C36 C19 C0 C32 C0 <wb> C15 C0 C26 <wb> C17 C0 C1 C38 C0 C11,train
10504,"प्यार के नाम पर भी, कभी कभी, कितना कुछ बर्दाश्त करना होता है",1,4.781,0,not_selected_by_random,,,,
10507,"शाखा को लगा, कि दोनों के मन के बीच, जैसे कोई, टेलीपैथी हो गयी",1,4.644,1,,hindi_female_010507.wav,sh a aa kh a aa <wb> k a o <wb> l a g a aa <wb> k a i <wb> d a o n a o q <wb> k a ee <wb> m a n a <wb> k a ee <wb> b a ii c a <wb> j a ei s a ee <wb> k a o ii <wb> tx a ee l a ii p a ei th a ii <wb> h a o <wb> g a y a ii,C31 C0 C1 C20 C0 C1 <wb> C19 C0 C26 <wb> C21 C0 C13 C0 C1 <wb> C19 C0 C16 <wb> C7 C0 C26 C24 C0 C26 C23 <wb> C19 C0 C11 <wb> C22 C0 C24 C0 <wb> C19 C0 C11 <wb> C3 C0 C16 C5 C0 <wb> C17 C0 C2 C30 C0 C11 <wb> C19 C0 C26 C16 <wb> C34 C0 C11 C21 C0 C16 C28 C0 C2 C33 C0 C16 <wb> C15 C0 C26 <wb> C13 C0 C38 C0 C16,train
10508,"अब भला, ऐसे आत्मीय, और मीठे संभाषण करने वाले पति को, कोई खलनायक कैसे करार दे, क्या प्यार और विश्वास भी, खलनायकी का अस्त्र हो सकता है",1,11.355,1,,hindi_female_010508.wav,a b a <wb> bh a l a aa <wb> ei s a ee <wb> aa t a m a ii y a <wb> ou r a <wb> m a ii txh a ee <wb> s a q bh a aa sx a nx a <wb> k a r a n a ee <wb> w a aa l a ee <wb> p a t a i <wb> k a o <wb> k a o ii <wb> kh a l a n a aa y a k a <wb> k a ei s a ee <wb> k a r a aa r a <wb> d a ee <wb> k a y a aa <wb> p a y a aa r a <wb> ou r a <wb> w a i sh a w a aa s a <wb> bh a ii <wb> kh a l a n a aa y a k a ii <wb> k a aa <wb> a s a t a r a <wb> h a o <wb> s a k a t a aa <wb> h a ei,C0 C3 C0 <wb> C4 C0 C21 C0 C1 <wb> C2 C30 C0 C11 <wb> C1 C32 C0 C22 C0 C16 C38 C0 <wb> C27 C29 C0 <wb> C22 C0 C16 C35 C0 C11 <wb> C30 C0 C23 C4 C0 C1 C31 C0 C25 C0 <wb> C19 C0 C29 C0 C24 C0 C11 <wb> C37 C0 C1 C21 C0 C11 <wb> C28 C0 C32 C0 C16 <wb> C19 C0 C26 <wb> C19 C0 C26 C16 <wb> C20 C0 C21 C0 C24 C0 C1 C38 C0 C19 C0 <wb> C19 C0 C2 C30 C0 C11 <wb> C19 C0 C29 C0 C1 C29 C0 <wb> C7 C0 C11 <wb> C19 C0 C38 C0 C1 <wb> C28 C0 C38 C0 C1 C29 C0 <wb> C27 C29 C0 <wb> C37 C0 C16 C31 C0 C37 C0 C1 C30 C0 <wb> C4 C0 C16 <wb> C20 C0 C21 C0 C24 C0 C1 C38 C0 C19 C0 C16 <wb> C19 C0 C1 <wb> C0 C30 C0 C32 C0 C29 C0 <wb> C15 C0 C26 <wb> C30 C0 C19 C0 C32 C0 C1 <wb> C15 C0 C2,train
10510,"परीक्षण पर वैधानिक प्रतिबंध लगने के बाद, डॉक्टर ने, यों यह धंधा बन्द कर दिया था, फिर भी, कुछ खास परिस्थितियां, और कुछ खास लोग, नियम कानून के दायरे से हमेशा, कई जगह, कई बार, बाहर तो होते ही हैं",1,16.881,1,,hindi_female_010510.wav,p a r a ii k a sx a nx a <wb> p a r a <wb> w a ei dh a aa n a i k a <wb> p a r a t a i b a q dh a <wb> l a g a n a ee <wb> k a ee <wb> b a aa d a <wb> dx a k a tx a r a <wb> n a ee <wb> y a o q <wb> y a h a <wb> dh a q dh a aa <wb> b a n a d a <wb> k a r a <wb> d a i y a aa <wb> th a aa <wb> ph a i r a <wb> bh a ii <wb> k a u ch a <wb> kh a aa s a <wb> p a r a i s a th a i t a i y a aa q <wb> ou r a <wb> k a u ch a <wb> kh a aa s a <wb> l a o g a <wb> n a i y a m a <wb> k a aa n a uu n a <wb> k a ee <wb> d a aa y a r a ee <wb> s a ee <wb> h a m a ee sh a aa <wb> k a ii <wb> j a g a h a <wb> k a ii <wb> b a aa r a <wb> b a aa h a r a <wb> t a o <wb> h a o t a ee <wb> h a ii <wb> h a ei q,C28 C0 C29 C0 C16 C19 C0 C31 C0 C25 C0 <wb> C28 C0 C29 C0 <wb> C37 C0 C2 C8 C0 C1 C24 C0 C16 C19 C0 <wb> C28 C0 C29 C0 C32 C0 C16 C3 C0 C23 C8 C0 <wb> C21 C0 C13 C0 C24 C0 C11 <wb> C19 C0 C11 <wb> C3 C0 C1 C7 C0 <wb> C9 C0 C19 C0 C34 C0 C29 C0 <wb> C24 C0 C11 <wb> C38 C0 C26 C23 <wb> C38 C0 C15 C0 <wb> C8 C0 C23 C8 C0 C1 <wb> C3 C0 C24 C0 C7 C0 <wb> C19 C0 C29 C0 <wb> C7 C0 C16 C38 C0 C1 <wb> C33 C0 C1 <wb> C12 C0 C16 C29 C0 <wb> C4 C0 C16 <wb> C19 C0 C36 C6 C0 <wb> C20 C0 C1 C30 C0 <wb> C28 C0 C29 C0 C16 C30 C0 C33 C0 C16 C32 C0 C16 C38 C0 C1 C23 <wb> C27 C29 C0 <wb> C19 C0 C36 C6 C0 <wb> C20 C0 C1 C30 C0 <wb> C21 C0 C26 C13 C0 <wb> C24 C0 C16 C38 C0 C22 C0 <wb> C19 C0 C1 C24 C0 C36 C24 C0 <wb> C19 C0 C11 <wb> C7 C0 C1 C38 C0 C29 C0 C11 <wb> C30 C0 C11 <wb> C15 C0 C22 C0 C11 C31 C0 C1 <wb> C19 C0 C16 <wb> C17 C0 C13 C0 C15 C0 <wb> C19 C0 C16 <wb> C3 C0 C1 C29 C0 <wb> C3 C0 C1 C15 C0 C29 C0 <wb> C32 C0 C26 <wb> C15 C0 C26 C32 C0 C11 <wb> C15 C0 C16 <wb> C15 C0 C2 C23,train
10511,"डॉक्टर से, बहुत नज़दीकी से, जान पहचान हो जाने के बाद, अंबर भी, खुद को इस खास श्रेणी में, मानता था",1,8.615,1,,hindi_female_010511.wav,dx a k a tx a r a <wb> s a ee <wb> b a h a u t a <wb> n a z a d a ii k a ii <wb> s a ee <wb> j a aa n a <wb> p a h a c a aa n a <wb> h a o <wb> j a aa n a ee <wb> k a ee <wb> b a aa d a <wb> a q b a r a <wb> bh a ii <wb> kh a u d a <wb> k a o <wb> i s a <wb> kh a aa s a <wb> sh a r a ee nx a ii <wb> m a ee q <wb> m a aa n a t a aa <wb> th a aa,C9 C0 C19 C0 C34 C0 C29 C0 <wb> C30 C0 C11 <wb> C3 C0 C15 C0 C36 C32 C0 <wb> C24 C0 C17 C0 C7 C0 C16 C19 C0 C16 <wb> C30 C0 C11 <wb> C17 C0 C1 C24 C0 <wb> C28 C0 C15 C0 C5 C0 C1 C24 C0 <wb> C15 C0 C26 <wb> C17 C0 C1 C24 C0 C11 <wb> C19 C0 C11 <wb> C3 C0 C1 C7 C0 <wb> C0 C23 C3 C0 C29 C0 <wb> C4 C0 C16 <wb> C20 C0 C36 C7 C0 <wb> C19 C0 C26 <wb> C16 C30 C0 <wb> C20 C0 C1 C30 C0 <wb> C31 C0 C29 C0 C11 C25 C0 C16 <wb> C22 C0 C11 C23 <wb> C22 C0 C1 C24 C0 C32 C0 C1 <wb> C33 C0 C1,train
10513,"दुनिया को असंतुलित करने का अपराध, अब और मुझसे नहीं होगा",1,4.714,1,,hindi_female_010513.wav,d a u n a i y a aa <wb> k a o <wb> a s a q t a u l a i t a <wb> k a r a n a ee <wb> k a aa <wb> a p a r a aa dh a <wb> a b a <wb> ou r a <wb> m a u jh a s a ee <wb> n a h a ii q <wb> h a o g a aa,C7 C0 C36 C24 C0 C16 C38 C0 C1 <wb> C19 C0 C26 <wb> C0 C30 C0 C23 C32 C0 C36 C21 C0 C16 C32 C0 <wb> C19 C0 C29 C0 C24 C0 C11 <wb> C19 C0 C1 <wb> C0 C28 C0 C29 C0 C1 C8 C0 <wb> C0 C3 C0 <wb> C27 C29 C0 <wb> C22 C0 C36 C18 C0 C30 C0 C11 <wb> C24 C0 C15 C0 C16 C23 <wb> C15 C0 C26 C13 C0 C1,train
10515,"परिधि ने अपने भाई का समर्थन करते हुए कहा था, भैया, ठीक कहते हैं डॉक्टर, बेटी वही पैदा करे, जिसके घर में, लाखों करोडों जमा हों",1,10.612,1,,hindi_female_010515.wav,p a r a i dh a i <wb> n a ee <wb> a p a n a ee <wb> bh a aa ii <wb> k a aa <wb> s a m a r a th a n a <wb> k a r a t a ee <wb> h a u ee <wb> k a h a aa <wb> th a aa <wb> bh a ei y a aa <wb> txh a ii k a <wb> k a h a t a ee <wb> h a ei q <wb> dx a k a tx a r a <wb> b a ee tx a ii <wb> w a h a ii <wb> p a ei d a aa <wb> k a r a ee <wb> j a i s a k a ee <wb> gh a r a <wb> m a ee q <wb> l a aa kh a o q <wb> k a r a o dx a o q <wb> j a m a aa <wb> h a o q,C28 C0 C29 C0 C16 C8 C0 C16 <wb> C24 C0 C11 <wb> C0 C28 C0 C24 C0 C11 <wb> C4 C0 C1 C16 <wb> C19 C0 C1 <wb> C30 C0 C22 C0 C29 C0 C33 C0 C24 C0 <wb> C19 C0 C29 C0 C32 C0 C11 <wb> C15 C0 C36 C11 <wb> C19 C0 C15 C0 C1 <wb> C33 C0 C1 <wb> C4 C0 C2 C38 C0 C1 <wb> C35 C0 C16 C19 C0 <wb> C19 C0 C15 C0 C32 C0 C11 <wb> C15 C0 C2 C23 <wb> C9 C0 C19 C0 C34 C0 C29 C0 <wb> C3 C0 C11 C34 C0 C16 <wb> C37 C0 C15 C0 C16 <wb> C28 C0 C2 C7 C0 C1 <wb> C19 C0 C29 C0 C11 <wb> C17 C0 C16 C30 C0 C19 C0 C11 <wb> C14 C0 C29 C0 <wb> C22 C0 C11 C23 <wb> C21 C0 C1 C20 C0 C26 C23 <wb> C19 C0 C29 C0 C26 C9 C0 C26 C23 <wb> C17 C0 C22 C0 C1 <wb> C15 C0 C26 C23,train
10516,"मैं, आज भी अपने घर में, रौरव भोग रही हूं",1,3.692,1,,hindi_female_010516.wav,m a ei q <wb> aa j a <wb> bh a ii <wb> a p a n a ee <wb> gh a r a <wb> m a ee q <wb> r a ou r a w a <wb> bh a o g a <wb> r a h a ii <wb> h a uu q,C22 C0 C2 C23 <wb> C1 C17 C0 <wb> C4 C0 C16 <wb> C0 C28 C0 C24 C0 C11 <wb> C14 C0 C29 C0 <wb> C22 C0 C11 C23 <wb> C29 C0 C27 C29 C0 C37 C0 <wb> C4 C0 C26 C13 C0 <wb> C29 C0 C15 C0 C16 <wb> C15 C0 C36 C23,train
10520,"अंबर को लगा जैसे, आसमान से चारों खाने चित्त गिर गया हो धरती पर",1,4.899,1,,hindi_female_010520.wav,a q b a r a <wb> k a o <wb> l a g a aa <wb> j a ei s a ee <wb> aa s a m a aa n a <wb> s a ee <wb> c a aa r a o q <wb> kh a aa n a ee <wb> c a i t a t a <wb> g a i r a <wb> g a y a aa <wb> h a o <wb> dh a r a t a ii <wb> p a r a,C0 C23 C3 C0 C29 C0 <wb> C19 C0 C26 <wb> C21 C0 C13 C0 C1 <wb> C17 C0 C2 C30 C0 C11 <wb> C1 C30 C0 C22 C0 C1 C24 C0 <wb> C30 C0 C11 <wb> C5 C0 C1 C29 C0 C26 C23 <wb> C20 C0 C1 C24 C0 C11 <wb> C5 C0 C16 C32 C0 C32 C0 <wb> C13 C0 C16 C29 C0 <wb> C13 C0 C38 C0 C1 <wb> C15 C0 C26 <wb> C8 C0 C29 C0 C32 C0 C16 <wb> C28 C0 C29 C0,test
10522,"मुन्नी के लिये, अभी से ही उसे, एक चौथाई तनख्वाह की सेविंग करनी पड रही थी, फलस्वरूप, वह स्थायी तौर पर, तंगी और अभाव का शिकार था",1,10.908,0,not_selected_by_random,,,,
10524,"अंबर आपे से बाहर हो गया, और चट्टान जैसी कठोरता, उसके चेहरे पर उतर आयी",1,5.805,1,,hindi_female_010524.wav,a q b a r a <wb> aa p a ee <wb> s a ee <wb> b a aa h a r a <wb> h a o <wb> g a y a aa <wb> ou r a <wb> c a tx a tx a aa n a <wb> j a ei s a ii <wb> k a txh a o r a t a aa <wb> u s a k a ee <wb> c a ee h a r a ee <wb> p a r a <wb> u t a r a <wb> aa y a ii,C0 C23 C3 C0 C29 C0 <wb> C1 C28 C0 C11 <wb> C30 C0 C11 <wb> C3 C0 C1 C15 C0 C29 C0 <wb> C15 C0 C26 <wb> C13 C0 C38 C0 C1 <wb> C27 C29 C0 <wb> C5 C0 C34 C0 C34 C0 C1 C24 C0 <wb> C17 C0 C2 C30 C0 C16 <wb> C19 C0 C35 C0 C26 C29 C0 C32 C0 C1 <wb> C36 C30 C0 C19 C0 C11 <wb> C5 C0 C11 C15 C0 C29 C0 C11 <wb> C28 C0 C29 C0 <wb> C36 C32 C0 C29 C0 <wb> C1 C38 C0 C16,train
10526,"डॉक्टर स्तब्ध रह गया, हमेशा शिष्ट और शालीन आचरण करने वाला व्यक्ति, क्या इतना प्रचण्ड रूप धारण कर सकता है",1,9.82,0,not_selected_by_random,,,,
10528,"डॉक्टर की जिह्वा, तालू से चिपक गयी थी, अपने नवजात शिशु के प्रति, एक पिता क्या, इतना असहिष्णु, और निर्मम हो सकता है",1,10.016,0,not_selected_by_random,,,,
10529,"शाखा ने, ज़ुल्म ढहाने के लिये, इस दुधमुंही को, इसके हवाले कैसे कर दिया",1,5.805,1,,hindi_female_010529.wav,sh a aa kh a aa <wb> n a ee <wb> z a u l a m a <wb> dxh a h a aa n a ee <wb> k a ee <wb> l a i y a ee <wb> i s a <wb> d a u dh a m a u q h a ii <wb> k a o <wb> i s a k a ee <wb> h a w a aa l a ee <wb> k a ei s a ee <wb> k a r a <wb> d a i y a aa,C31 C0 C1 C20 C0 C1 <wb> C24 C0 C11 <wb> C17 C0 C36 C21 C0 C22 C0 <wb> C10 C0 C15 C0 C1 C24 C0 C11 <wb> C19 C0 C11 <wb> C21 C0 C16 C38 C0 C11 <wb> C16 C30 C0 <wb> C7 C0 C36 C8 C0 C22 C0 C36 C23 C15 C0 C16 <wb> C19 C0 C26 <wb> C16 C30 C0 C19 C0 C11 <wb> C15 C0 C37 C0 C1 C21 C0 C11 <wb> C19 C0 C2 C30 C0 C11 <wb> C19 C0 C29 C0 <wb> C7 C0 C16 C38 C0 C1,train
10530,"लेकिन यह एक नैतिकता है, मनुष्य में नहीं, जान वरों तक में, कि वे अपने नवजात बच्चे के लिये, उदार, शुभेच्छु, और पालनहार होते हैं",1,11.773,1,,hindi_female_010530.wav,l a ee k a i n a <wb> y a h a <wb> ee k a <wb> n a ei t a i k a t a aa <wb> h a ei <wb> m a n a u sx a y a <wb> m a ee q <wb> n a h a ii q <wb> j a aa n a <wb> w a r a o q <wb> t a k a <wb> m a ee q <wb> k a i <wb> w a ee <wb> a p a n a ee <wb> n a w a j a aa t a <wb> b a c a c a ee <wb> k a ee <wb> l a i y a ee <wb> u d a aa r a <wb> sh a u bh a ee c a ch a u <wb> ou r a <wb> p a aa l a n a h a aa r a <wb> h a o t a ee <wb> h a ei q,C21 C0 C11 C19 C0 C16 C24 C0 <wb> C38 C0 C15 C0 <wb> C11 C19 C0 <wb> C24 C0 C2 C32 C0 C16 C19 C0 C32 C0 C1 <wb> C15 C0 C2 <wb> C22 C0 C24 C0 C36 C31 C0 C38 C0 <wb> C22 C0 C11 C23 <wb> C24 C0 C15 C0 C16 C23 <wb> C17 C0 C1 C24 C0 <wb> C37 C0 C29 C0 C26 C23 <wb> C32 C0 C19 C0 <wb> C22 C0 C11 C23 <wb> C19 C0 C16 <wb> C37 C0 C11 <wb> C0 C28 C0 C24 C0 C11 <wb> C24 C0 C37 C0 C17 C0 C1 C32 C0 <wb> C3 C0 C5 C0 C5 C0 C11 <wb> C19 C0 C11 <wb> C21 C0 C16 C38 C0 C11 <wb> C36 C7 C0 C1 C29 C0 <wb> C31 C0 C36 C4 C0 C11 C5 C0 C6 C0 C36 <wb> C27 C29 C0 <wb> C28 C0 C1 C21 C0 C24 C0 C15 C0 C1 C29 C0 <wb> C15 C0 C26 C32 C0 C11 <wb> C15 C0 C2 C23,train
10531,"डॉक्टर ने, अत्यन्त दुखी होकर कहा, माना कि मुझसे गलती हो गई, हालांकि हुई नहीं",1,7.407,1,,hindi_female_010531.wav,dx a k a tx a r a <wb> n a ee <wb> a t a y a n a t a <wb> d a u kh a ii <wb> h a o k a r a <wb> k a h a aa <wb> m a aa n a aa <wb> k a i <wb> m a u jh a s a ee <wb> g a l a t a ii <wb> h a o <wb> g a ii <wb> h a aa l a aa q k a i <wb> h a u ii <wb> n a h a ii q,C9 C0 C19 C0 C34 C0 C29 C0 <wb> C24 C0 C11 <wb> C0 C32 C0 C38 C0 C24 C0 C32 C0 <wb> C7 C0 C36 C20 C0 C16 <wb> C15 C0 C26 C19 C0 C29 C0 <wb> C19 C0 C15 C0 C1 <wb> C22 C0 C1 C24 C0 C1 <wb> C19 C0 C16 <wb> C22 C0 C36 C18 C0 C30 C0 C11 <wb> C13 C0 C21 C0 C32 C0 C16 <wb> C15 C0 C26 <wb> C13 C0 C16 <wb> C15 C0 C1 C21 C0 C1 C23 C19 C0 C16 <wb> C15 C0 C36 C16 <wb> C24 C0 C15 C0 C16 C23,train
10535,"डॉक्टर को लगा, कि इस नन्हीं सी जान को, ज़िन्दगी से बेदखल करना, सरासर अन्याय होगा",1,7.866,0,not_selected_by_random,,,,
10536,"भ्रूण की बात कुछ और होती है, मगर, अब यह पूरी तरह, प्राण धारण किया हुआ, एक मानवीय शरीर है",1,8.8,1,,hindi_female_010536.wav,bh a r a uu nx a <wb> k a ii <wb> b a aa t a <wb> k a u ch a <wb> ou r a <wb> h a o t a ii <wb> h a ei <wb> m a g a r a <wb> a b a <wb> y a h a <wb> p a uu r a ii <wb> t a r a h a <wb> p a r a aa nx a <wb> dh a aa r a nx a <wb> k a i y a aa <wb> h a u aa <wb> ee k a <wb> m a aa n a w a ii y a <wb> sh a r a ii r a <wb> h a ei,C4 C0 C29 C0 C36 C25 C0 <wb> C19 C0 C16 <wb> C3 C0 C1 C32 C0 <wb> C19 C0 C36 C6 C0 <wb> C27 C29 C0 <wb> C15 C0 C26 C32 C0 C16 <wb> C15 C0 C2 <wb> C22 C0 C13 C0 C29 C0 <wb> C0 C3 C0 <wb> C38 C0 C15 C0 <wb> C28 C0 C36 C29 C0 C16 <wb> C32 C0 C29 C0 C15 C0 <wb> C28 C0 C29 C0 C1 C25 C0 <wb> C8 C0 C1 C29 C0 C25 C0 <wb> C19 C0 C16 C38 C0 C1 <wb> C15 C0 C36 C1 <wb> C11 C19 C0 <wb> C22 C0 C1 C24 C0 C37 C0 C16 C38 C0 <wb> C31 C0 C29 C0 C16 C29 C0 <wb> C15 C0 C2,train
10538,"तुम, एक से, पिण्ड छुडुवाना चाहते हो, मैं दोनों से छुडुवा रहा हूं",1,5.178,1,,hindi_female_010538.wav,t a u m a <wb> ee k a <wb> s a ee <wb> p a i nx a dx a <wb> ch a u dx a u w a aa n a aa <wb> c a aa h a t a ee <wb> h a o <wb> m a ei q <wb> d a o n a o q <wb> s a ee <wb> ch a u dx a u w a aa <wb> r a h a aa <wb> h a uu q,C32 C0 C36 C22 C0 <wb> C11 C19 C0 <wb> C30 C0 C11 <wb> C28 C0 C16 C25 C0 C9 C0 <wb> C6 C0 C36 C9 C0 C36 C37 C0 C1 C24 C0 C1 <wb> C5 C0 C1 C15 C0 C32 C0 C11 <wb> C15 C0 C26 <wb> C22 C0 C2 C23 <wb> C7 C0 C26 C24 C0 C26 C23 <wb> C30 C0 C11 <wb> C6 C0 C36 C9 C0 C36 C37 C0 C1 <wb> C29 C0 C15 C0 C1 <wb> C15 C0 C36 C23,train
10539,"तुमने मेरी यह नस ठीक पकडी है, कि मुन्नी को हमने, आठ साल तक पाला है, और उससे हठात् मोह, झटक देना, हमारे लिये आसान नहीं",1,11.401,1,,hindi_female_010539.wav,t a u m a n a ee <wb> m a ee r a ii <wb> y a h a <wb> n a s a <wb> txh a ii k a <wb> p a k a dx a ii <wb> h a ei <wb> k a i <wb> m a u n a n a ii <wb> k a o <wb> h a m a n a ee <wb> aa txh a <wb> s a aa l a <wb> t a k a <wb> p a aa l a aa <wb> h a ei <wb> ou r a <wb> u s a s a ee <wb> h a txh a aa t a <wb> m a o h a <wb> jh a tx a k a <wb> d a ee n a aa <wb> h a m a aa r a ee <wb> l a i y a ee <wb> aa s a aa n a <wb> n a h a ii q,C32 C0 C36 C22 C0 C24 C0 C11 <wb> C22 C0 C11 C29 C0 C16 <wb> C38 C0 C15 C0 <wb> C24 C0 C30 C0 <wb> C35 C0 C16 C19 C0 <wb> C28 C0 C19 C0 C9 C0 C16 <wb> C15 C0 C2 <wb> C19 C0 C16 <wb> C22 C0 C36 C24 C0 C24 C0 C16 <wb> C19 C0 C26 <wb> C15 C0 C22 C0 C24 C0 C11 <wb> C1 C35 C0 <wb> C30 C0 C1 C21 C0 <wb> C32 C0 C19 C0 <wb> C28 C0 C1 C21 C0 C1 <wb> C15 C0 C2 <wb> C27 C29 C0 <wb> C36 C30 C0 C30 C0 C11 <wb> C15 C0 C35 C0 C1 C32 C0 <wb> C22 C0 C26 C15 C0 <wb> C18 C0 C34 C0 C19 C0 <wb> C7 C0 C11 C24 C0 C1 <wb> C15 C0 C22 C0 C1 C29 C0 C11 <wb> C21 C0 C16 C38 C0 C11 <wb> C1 C30 C0 C1 C24 C0 <wb> C24 C0 C15 C0 C16 C23,train
10540,"लेकिन इस अवांछित नन्ही के विवाह की पर्वतनुमा जिम्मेवारी से बचने के लिये, मैं, यह करने को भी तैयार हूं",1,9.606,0,not_selected_by_random,,,,
10541,"वह, प्रसूति अवस्था में पडी, नन्ही से बिछुडने के सदमे से, उबर भी नहीं पायी थी, कि एक और, आघात पर्वत टूटने की तरह, बरस बडा छाती पर",1,12.559,0,not_selected_by_random,,,,
10547,"शाखा, घर का कोई काम, शुरु करती, और उसे लेकर, बदहवास सी, शून्य में ताकती हुई, बैठी रह जाती",1,8.968,0,not_selected_by_random,,,,
10548,"घर में, हर जगह, मुन्नी का अस्तित्व, बिखरा पडा था, छोटे छोटे रंग बिरंगे चॉक, जूते, मोज़े, खिलौने, स्कूल बैग, और किताबें",1,11.401,1,,hindi_female_010548.wav,gh a r a <wb> m a ee q <wb> h a r a <wb> j a g a h a <wb> m a u n a n a ii <wb> k a aa <wb> a s a t a i t a w a <wb> b a i kh a r a aa <wb> p a dx a aa <wb> th a aa <wb> ch a o tx a ee <wb> ch a o tx a ee <wb> r a q g a <wb> b a i r a q g a ee <wb> c a k a <wb> j a uu t a ee <wb> m a o z a ee <wb> kh a i l a ou n a ee <wb> s a k a uu l a <wb> b a ei g a <wb> ou r a <wb> k a i t a aa b a ee q,C14 C0 C29 C0 <wb> C22 C0 C11 C23 <wb> C15 C0 C29 C0 <wb> C17 C0 C13 C0 C15 C0 <wb> C22 C0 C36 C24 C0 C24 C0 C16 <wb> C19 C0 C1 <wb> C0 C30 C0 C32 C0 C16 C32 C0 C37 C0 <wb> C3 C0 C16 C20 C0 C29 C0 C1 <wb> C28 C0 C9 C0 C1 <wb> C33 C0 C1 <wb> C6 C0 C26 C34 C0 C11 <wb> C6 C0 C26 C34 C0 C11 <wb> C29 C0 C23 C13 C0 <wb> C3 C0 C16 C29 C0 C23 C13 C0 C11 <wb> C5 C0 C19 C0 <wb> C17 C0 C36 C32 C0 C11 <wb> C22 C0 C26 C17 C0 C11 <wb> C20 C0 C16 C21 C0 C27 C24 C0 C11 <wb> C30 C0 C19 C0 C36 C21 C0 <wb> C3 C0 C2 C13 C0 <wb> C27 C29 C0 <wb> C19 C0 C16 C32 C0 C1 C3 C0 C11 C23,train
10549,"अब मुन्नी के बिना, जैसे उसके पास, कोई व्य वस्था नहीं बची",1,4.714,1,,hindi_female_010549.wav,a b a <wb> m a u n a n a ii <wb> k a ee <wb> b a i n a aa <wb> j a ei s a ee <wb> u s a k a ee <wb> p a aa s a <wb> k a o ii <wb> w a y a <wb> w a s a th a aa <wb> n a h a ii q <wb> b a c a ii,C0 C3 C0 <wb> C22 C0 C36 C24 C0 C24 C0 C16 <wb> C19 C0 C11 <wb> C3 C0 C16 C24 C0 C1 <wb> C17 C0 C2 C30 C0 C11 <wb> C36 C30 C0 C19 C0 C11 <wb> C28 C0 C1 C30 C0 <wb> C19 C0 C26 C16 <wb> C37 C0 C38 C0 <wb> C37 C0 C30 C0 C33 C0 C1 <wb> C24 C0 C15 C0 C16 C23 <wb> C3 C0 C5 C0 C16,train
10550,"उसकी हालत देख कर, अंबर बहुत चिंतित हो उठा, और आसक्ति जताते हुए पूछा, तुम मुझसे बोलती क्यों नहीं, शाखा",1,7.918,1,,hindi_female_010550.wav,u s a k a ii <wb> h a aa l a t a <wb> d a ee kh a <wb> k a r a <wb> a q b a r a <wb> b a h a u t a <wb> c a i q t a i t a <wb> h a o <wb> u txh a aa <wb> ou r a <wb> aa s a k a t a i <wb> j a t a aa t a ee <wb> h a u ee <wb> p a uu ch a aa <wb> t a u m a <wb> m a u jh a s a ee <wb> b a o l a t a ii <wb> k a y a o q <wb> n a h a ii q <wb> sh a aa kh a aa,C36 C30 C0 C19 C0 C16 <wb> C15 C0 C1 C21 C0 C32 C0 <wb> C7 C0 C11 C20 C0 <wb> C19 C0 C29 C0 <wb> C0 C23 C3 C0 C29 C0 <wb> C3 C0 C15 C0 C36 C32 C0 <wb> C5 C0 C16 C23 C32 C0 C16 C32 C0 <wb> C15 C0 C26 <wb> C36 C35 C0 C1 <wb> C27 C29 C0 <wb> C1 C30 C0 C19 C0 C32 C0 C16 <wb> C17 C0 C32 C0 C1 C32 C0 C11 <wb> C15 C0 C36 C11 <wb> C28 C0 C36 C6 C0 C1 <wb> C32 C0 C36 C22 C0 <wb> C22 C0 C36 C18 C0 C30 C0 C11 <wb> C3 C0 C26 C21 C0 C32 C0 C16 <wb> C19 C0 C38 C0 C26 C23 <wb> C24 C0 C15 C0 C16 C23 <wb> C31 C0 C1 C20 C0 C1,train
10551,"शाखा पागलों की तरह, पाँच गुडियों को, बारी बारी से, बिलख बिलख कर, अपने सीने से, चिपका रही थी, चूम रही थी, और आत्मालाप कर रही थी",1,11.238,1,,hindi_female_010551.wav,sh a aa kh a aa <wb> p a aa g a l a o q <wb> k a ii <wb> t a r a h a <wb> p a aa mq c a <wb> g a u dx a i y a o q <wb> k a o <wb> b a aa r a ii <wb> b a aa r a ii <wb> s a ee <wb> b a i l a kh a <wb> b a i l a kh a <wb> k a r a <wb> a p a n a ee <wb> s a ii n a ee <wb> s a ee <wb> c a i p a k a aa <wb> r a h a ii <wb> th a ii <wb> c a uu m a <wb> r a h a ii <wb> th a ii <wb> ou r a <wb> aa t a m a aa l a aa p a <wb> k a r a <wb> r a h a ii <wb> th a ii,C31 C0 C1 C20 C0 C1 <wb> C28 C0 C1 C13 C0 C21 C0 C26 C23 <wb> C19 C0 C16 <wb> C32 C0 C29 C0 C15 C0 <wb> C28 C0 C1 C23 C5 C0 <wb> C13 C0 C36 C9 C0 C16 C38 C0 C26 C23 <wb> C19 C0 C26 <wb> C3 C0 C1 C29 C0 C16 <wb> C3 C0 C1 C29 C0 C16 <wb> C30 C0 C11 <wb> C3 C0 C16 C21 C0 C20 C0 <wb> C3 C0 C16 C21 C0 C20 C0 <wb> C19 C0 C29 C0 <wb> C0 C28 C0 C24 C0 C11 <wb> C30 C0 C16 C24 C0 C11 <wb> C30 C0 C11 <wb> C5 C0 C16 C28 C0 C19 C0 C1 <wb> C29 C0 C15 C0 C16 <wb> C33 C0 C16 <wb> C5 C0 C36 C22 C0 <wb> C29 C0 C15 C0 C16 <wb> C33 C0 C16 <wb> C27 C29 C0 <wb> C1 C32 C0 C22 C0 C1 C21 C0 C1 C28 C0 <wb> C19 C0 C29 C0 <wb> C29 C0 C15 C0 C16 <wb> C33 C0 C16,train
10553,"शाखा ने, अपनी अजन्मी बच्चियों को भी, अपनी गिनती, और स्मृति से अलग नहीं किया, और अपने वजूद में उन्हें शामिल रखा",1,10.283,0,not_selected_by_random,,,,
10556,"मैं अभी अभी जहां से गुज़रा हूँ, वहां मुझे एक अजीब सी दुर्गंध का एहसास हुआ, सच में, मुझे अपनी नाक, भौं सिकोड़ लेनी पड़ी थी वहां",1,11.549,0,not_selected_by_random,,,,
10557,"इस बात के लिये, मुझे अवश्य ही, कमेटी वालों से, शिकायत करनी होगी, लेकिन यह कॉलोनी तो, बिल्कुल नयी नयी बनी है",1,9.877,0,not_selected_by_random,,,,
10558,"जगह जगह पर, कूड़ा कचरा फेंकने के लिये, ड्रम लगे हुए हैं",1,4.18,1,,hindi_female_010558.wav,j a g a h a <wb> j a g a h a <wb> p a r a <wb> k a uu dxq a aa <wb> k a c a r a aa <wb> ph a ee q k a n a ee <wb> k a ee <wb> l a i y a ee <wb> dx a r a m a <wb> l a g a ee <wb> h a u ee <wb> h a ei q,C17 C0 C13 C0 C15 C0 <wb> C17 C0 C13 C0 C15 C0 <wb> C28 C0 C29 C0 <wb> C19 C0 C36 C9 C0 C1 <wb> C19 C0 C5 C0 C29 C0 C1 <wb> C12 C0 C11 C23 C19 C0 C24 C0 C11 <wb> C19 C0 C11 <wb> C21 C0 C16 C38 C0 C11 <wb> C9 C0 C29 C0 C22 C0 <wb> C21 C0 C13 C0 C11 <wb> C15 C0 C36 C11 <wb> C15 C0 C2 C23,train
10561,"मुझे वापिस चल कर देखना चाहिए, लेकिन, यह क्या, मैं तो ये सब सोचता, सोचता इतनी दूर निकल आया हूं",1,9.208,0,not_selected_by_random,,,,
10564,"इस वक्त दिन के ग्यारह बजे हैं, सभी घरों के दरवाज़े बन्द पड़े हैं",1,5.369,0,not_selected_by_random,,,,
10566,यहां मेरी जान पहचान का भी तो कोई नहीं है,1,2.926,1,,hindi_female_010566.wav,y a h a aa q <wb> m a ee r a ii <wb> j a aa n a <wb> p a h a c a aa n a <wb> k a aa <wb> bh a ii <wb> t a o <wb> k a o ii <wb> n a h a ii q <wb> h a ei,C38 C0 C15 C0 C1 C23 <wb> C22 C0 C11 C29 C0 C16 <wb> C17 C0 C1 C24 C0 <wb> C28 C0 C15 C0 C5 C0 C1 C24 C0 <wb> C19 C0 C1 <wb> C4 C0 C16 <wb> C32 C0 C26 <wb> C19 C0 C26 C16 <wb> C24 C0 C15 C0 C16 C23 <wb> C15 C0 C2,train
10568,"हमारा घर, इस कॉलोनी से, थोड़ी दूर ही है, लेकिन, लाजवन्ती के तन्दूर की वजह से, हमारा इस कॉलोनी से, कुछ सम्बन्ध सा, हो गया है",1,10.449,1,,hindi_female_010568.wav,h a m a aa r a aa <wb> gh a r a <wb> i s a <wb> k a l a o n a ii <wb> s a ee <wb> th a o dxq a ii <wb> d a uu r a <wb> h a ii <wb> h a ei <wb> l a ee k a i n a <wb> l a aa j a w a n a t a ii <wb> k a ee <wb> t a n a d a uu r a <wb> k a ii <wb> w a j a h a <wb> s a ee <wb> h a m a aa r a aa <wb> i s a <wb> k a l a o n a ii <wb> s a ee <wb> k a u ch a <wb> s a m a b a n a dh a <wb> s a aa <wb> h a o <wb> g a y a aa <wb> h a ei,C15 C0 C22 C0 C1 C29 C0 C1 <wb> C14 C0 C29 C0 <wb> C16 C30 C0 <wb> C19 C0 C21 C0 C26 C24 C0 C16 <wb> C30 C0 C11 <wb> C33 C0 C26 C9 C0 C16 <wb> C7 C0 C36 C29 C0 <wb> C15 C0 C16 <wb> C15 C0 C2 <wb> C21 C0 C11 C19 C0 C16 C24 C0 <wb> C21 C0 C1 C17 C0 C37 C0 C24 C0 C32 C0 C16 <wb> C19 C0 C11 <wb> C32 C0 C24 C0 C7 C0 C36 C29 C0 <wb> C19 C0 C16 <wb> C37 C0 C17 C0 C15 C0 <wb> C30 C0 C11 <wb> C15 C0 C22 C0 C1 C29 C0 C1 <wb> C16 C30 C0 <wb> C19 C0 C21 C0 C26 C24 C0 C16 <wb> C30 C0 C11 <wb> C19 C0 C36 C6 C0 <wb> C30 C0 C22 C0 C3 C0 C24 C0 C8 C0 <wb> C30 C0 C1 <wb> C15 C0 C26 <wb> C13 C0 C38 C0 C1 <wb> C15 C0 C2,train
10570,"शेहरों में तो, जहां तहां गली मोहल्लों में, तन्दूर मिल ही जाते हैं",1,5.157,0,not_selected_by_random,,,,
10572,"आपको नहीं पता क्या, बढ़िया रहना सहना है उन लोगों का",1,3.878,1,,hindi_female_010572.wav,aa p a k a o <wb> n a h a ii q <wb> p a t a aa <wb> k a y a aa <wb> b a dxhq a i y a aa <wb> r a h a n a aa <wb> s a h a n a aa <wb> h a ei <wb> u n a <wb> l a o g a o q <wb> k a aa,C1 C28 C0 C19 C0 C26 <wb> C24 C0 C15 C0 C16 C23 <wb> C28 C0 C32 C0 C1 <wb> C19 C0 C38 C0 C1 <wb> C3 C0 C10 C0 C16 C38 C0 C1 <wb> C29 C0 C15 C0 C24 C0 C1 <wb> C30 C0 C15 C0 C24 C0 C1 <wb> C15 C0 C2 <wb> C36 C24 C0 <wb> C21 C0 C26 C13 C0 C26 C23 <wb> C19 C0 C1,val
10573,"घर में, सभी तरह की चीज़ें, ऐशो आराम, पता नहीं, अपनी ज़िन्दगी भी कभी ऐसी होगी कि नहीं",1,7.5,1,,hindi_female_010573.wav,gh a r a <wb> m a ee q <wb> s a bh a ii <wb> t a r a h a <wb> k a ii <wb> c a ii z a ee q <wb> ei sh a o <wb> aa r a aa m a <wb> p a t a aa <wb> n a h a ii q <wb> a p a n a ii <wb> z a i n a d a g a ii <wb> bh a ii <wb> k a bh a ii <wb> ei s a ii <wb> h a o g a ii <wb> k a i <wb> n a h a ii q,C14 C0 C29 C0 <wb> C22 C0 C11 C23 <wb> C30 C0 C4 C0 C16 <wb> C32 C0 C29 C0 C15 C0 <wb> C19 C0 C16 <wb> C5 C0 C16 C17 C0 C11 C23 <wb> C2 C31 C0 C26 <wb> C1 C29 C0 C1 C22 C0 <wb> C28 C0 C32 C0 C1 <wb> C24 C0 C15 C0 C16 C23 <wb> C0 C28 C0 C24 C0 C16 <wb> C17 C0 C16 C24 C0 C7 C0 C13 C0 C16 <wb> C4 C0 C16 <wb> C19 C0 C4 C0 C16 <wb> C2 C30 C0 C16 <wb> C15 C0 C26 C13 C0 C16 <wb> C19 C0 C16 <wb> C24 C0 C15 C0 C16 C23,val
10574,"ये बड़े लोगों की बातें सुनना, मेरे को पसन्द नहीं, वहां पर जो सुनती हो, वहीं छोड़ आया करो, नहीं तो, उस कॉलोनी में जाना, बंद कर दो",1,10.427,0,not_selected_by_random,,,,
10575,"हम जैसे भी हैं अच्छे हैं, मैने स्वयं को कठोर बनाते हुए कहा था, पत्नी मुँह बिचका कर, रह गई थी",1,7.895,1,,hindi_female_010575.wav,h a m a <wb> j a ei s a ee <wb> bh a ii <wb> h a ei q <wb> a c a ch a ee <wb> h a ei q <wb> m a ei n a ee <wb> s a w a y a q <wb> k a o <wb> k a txh a o r a <wb> b a n a aa t a ee <wb> h a u ee <wb> k a h a aa <wb> th a aa <wb> p a t a n a ii <wb> m a u mq h a <wb> b a i c a k a aa <wb> k a r a <wb> r a h a <wb> g a ii <wb> th a ii,C15 C0 C22 C0 <wb> C17 C0 C2 C30 C0 C11 <wb> C4 C0 C16 <wb> C15 C0 C2 C23 <wb> C0 C5 C0 C6 C0 C11 <wb> C15 C0 C2 C23 <wb> C22 C0 C2 C24 C0 C11 <wb> C30 C0 C37 C0 C38 C0 C23 <wb> C19 C0 C26 <wb> C19 C0 C35 C0 C26 C29 C0 <wb> C3 C0 C24 C0 C1 C32 C0 C11 <wb> C15 C0 C36 C11 <wb> C19 C0 C15 C0 C1 <wb> C33 C0 C1 <wb> C28 C0 C32 C0 C24 C0 C16 <wb> C22 C0 C36 C23 C15 C0 <wb> C3 C0 C16 C5 C0 C19 C0 C1 <wb> C19 C0 C29 C0 <wb> C29 C0 C15 C0 <wb> C13 C0 C16 <wb> C33 C0 C16,train
10576,"अगले रोज़ खाना खाती हुई, वह बोली, एक बात कहूँ जी, क्या, रोटी का कोर मुँह में डालते हुए, मैं रूक गया था",1,8.011,1,,hindi_female_010576.wav,a g a l a ee <wb> r a o z a <wb> kh a aa n a aa <wb> kh a aa t a ii <wb> h a u ii <wb> w a h a <wb> b a o l a ii <wb> ee k a <wb> b a aa t a <wb> k a h a uu mq <wb> j a ii <wb> k a y a aa <wb> r a o tx a ii <wb> k a aa <wb> k a o r a <wb> m a u mq h a <wb> m a ee q <wb> dx a aa l a t a ee <wb> h a u ee <wb> m a ei q <wb> r a uu k a <wb> g a y a aa <wb> th a aa,C0 C13 C0 C21 C0 C11 <wb> C29 C0 C26 C17 C0 <wb> C20 C0 C1 C24 C0 C1 <wb> C20 C0 C1 C32 C0 C16 <wb> C15 C0 C36 C16 <wb> C37 C0 C15 C0 <wb> C3 C0 C26 C21 C0 C16 <wb> C11 C19 C0 <wb> C3 C0 C1 C32 C0 <wb> C19 C0 C15 C0 C36 C23 <wb> C17 C0 C16 <wb> C19 C0 C38 C0 C1 <wb> C29 C0 C26 C34 C0 C16 <wb> C19 C0 C1 <wb> C19 C0 C26 C29 C0 <wb> C22 C0 C36 C23 C15 C0 <wb> C22 C0 C11 C23 <wb> C9 C0 C1 C21 C0 C32 C0 C11 <wb> C15 C0 C36 C11 <wb> C22 C0 C2 C23 <wb> C29 C0 C36 C19 C0 <wb> C13 C0 C38 C0 C1 <wb> C33 C0 C1,train
10578,"पत्नी ने, आंखें तरेरीं तो, मैं उसी रो में बोला, भई, और क्या कोई बात थी, जो तुम बताने चली",1,7.338,1,,hindi_female_010578.wav,p a t a n a ii <wb> n a ee <wb> aa q kh a ee q <wb> t a r a ee r a ii q <wb> t a o <wb> m a ei q <wb> u s a ii <wb> r a o <wb> m a ee q <wb> b a o l a aa <wb> bh a ii <wb> ou r a <wb> k a y a aa <wb> k a o ii <wb> b a aa t a <wb> th a ii <wb> j a o <wb> t a u m a <wb> b a t a aa n a ee <wb> c a l a ii,C28 C0 C32 C0 C24 C0 C16 <wb> C24 C0 C11 <wb> C1 C23 C20 C0 C11 C23 <wb> C32 C0 C29 C0 C11 C29 C0 C16 C23 <wb> C32 C0 C26 <wb> C22 C0 C2 C23 <wb> C36 C30 C0 C16 <wb> C29 C0 C26 <wb> C22 C0 C11 C23 <wb> C3 C0 C26 C21 C0 C1 <wb> C4 C0 C16 <wb> C27 C29 C0 <wb> C19 C0 C38 C0 C1 <wb> C19 C0 C26 C16 <wb> C3 C0 C1 C32 C0 <wb> C33 C0 C16 <wb> C17 C0 C26 <wb> C32 C0 C36 C22 C0 <wb> C3 C0 C32 C0 C1 C24 C0 C11 <wb> C5 C0 C21 C0 C16,train
10580,"चेहरे पर गम्भीरता लाती बोली, पूरी बात तो सुनी होती",1,4.499,0,not_selected_by_random,,,,
10581,"अच्छे भले घर से नाता रखती थी वह तो, लेकिन पति ने धक्के मार कर, घर से निकाल दिया बेचारी को",1,6.478,1,,hindi_female_010581.wav,a c a ch a ee <wb> bh a l a ee <wb> gh a r a <wb> s a ee <wb> n a aa t a aa <wb> r a kh a t a ii <wb> th a ii <wb> w a h a <wb> t a o <wb> l a ee k a i n a <wb> p a t a i <wb> n a ee <wb> dh a k a k a ee <wb> m a aa r a <wb> k a r a <wb> gh a r a <wb> s a ee <wb> n a i k a aa l a <wb> d a i y a aa <wb> b a ee c a aa r a ii <wb> k a o,C0 C5 C0 C6 C0 C11 <wb> C4 C0 C21 C0 C11 <wb> C14 C0 C29 C0 <wb> C30 C0 C11 <wb> C24 C0 C1 C32 C0 C1 <wb> C29 C0 C20 C0 C32 C0 C16 <wb> C33 C0 C16 <wb> C37 C0 C15 C0 <wb> C32 C0 C26 <wb> C21 C0 C11 C19 C0 C16 C24 C0 <wb> C28 C0 C32 C0 C16 <wb> C24 C0 C11 <wb> C8 C0 C19 C0 C19 C0 C11 <wb> C22 C0 C1 C29 C0 <wb> C19 C0 C29 C0 <wb> C14 C0 C29 C0 <wb> C30 C0 C11 <wb> C24 C0 C16 C19 C0 C1 C21 C0 <wb> C7 C0 C16 C38 C0 C1 <wb> C3 C0 C11 C5 C0 C1 C29 C0 C16 <wb> C19 C0 C26,train
10584,"किसी पर बोझ नहीं बनना चाहती थी, मिसेस शर्मा ने, सुझाव दिया, तन्दूर लगा लिया",1,6.803,0,not_selected_by_random,,,,
10586,"कल मुझे भी ले गयी थी अपने घर, चाय वाय भी पिलाई",1,3.801,0,not_selected_by_random,,,,
10590,"मुझे कुछ नहीं कहा, लाजवन्ती से, केह रहे थे",1,3.135,1,,hindi_female_010590.wav,m a u jh a ee <wb> k a u ch a <wb> n a h a ii q <wb> k a h a aa <wb> l a aa j a w a n a t a ii <wb> s a ee <wb> k a ee h a <wb> r a h a ee <wb> th a ee,C22 C0 C36 C18 C0 C11 <wb> C19 C0 C36 C6 C0 <wb> C24 C0 C15 C0 C16 C23 <wb> C19 C0 C15 C0 C1 <wb> C21 C0 C1 C17 C0 C37 C0 C24 C0 C32 C0 C16 <wb> C30 C0 C11 <wb> C19 C0 C11 C15 C0 <wb> C29 C0 C15 C0 C11 <wb> C33 C0 C11,train
10591,"क्या केह रहे थे, बता रहे थे, कि चार साल पेहले, उनकी शादी हुई थी",1,5.604,0,not_selected_by_random,,,,
10592,"अगले रोज़ ऑफिस से लौटते ही, मैंने खुद ही पूछ लिया, लाजवन्ती का क्या हाल है, पत्नी रोटी लगा रही थी",1,8.382,1,,hindi_female_010592.wav,a g a l a ee <wb> r a o z a <wb> ax ph a i s a <wb> s a ee <wb> l a ou tx a t a ee <wb> h a ii <wb> m a ei q n a ee <wb> kh a u d a <wb> h a ii <wb> p a uu ch a <wb> l a i y a aa <wb> l a aa j a w a n a t a ii <wb> k a aa <wb> k a y a aa <wb> h a aa l a <wb> h a ei <wb> p a t a n a ii <wb> r a o tx a ii <wb> l a g a aa <wb> r a h a ii <wb> th a ii,C0 C13 C0 C21 C0 C11 <wb> C29 C0 C26 C17 C0 <wb> C0 C12 C0 C16 C30 C0 <wb> C30 C0 C11 <wb> C21 C0 C27 C34 C0 C32 C0 C11 <wb> C15 C0 C16 <wb> C22 C0 C2 C23 C24 C0 C11 <wb> C20 C0 C36 C7 C0 <wb> C15 C0 C16 <wb> C28 C0 C36 C6 C0 <wb> C21 C0 C16 C38 C0 C1 <wb> C21 C0 C1 C17 C0 C37 C0 C24 C0 C32 C0 C16 <wb> C19 C0 C1 <wb> C19 C0 C38 C0 C1 <wb> C15 C0 C1 C21 C0 <wb> C15 C0 C2 <wb> C28 C0 C32 C0 C24 C0 C16 <wb> C29 C0 C26 C34 C0 C16 <wb> C21 C0 C13 C0 C1 <wb> C29 C0 C15 C0 C16 <wb> C33 C0 C16,train
10594,"तो इसमें ऐसी कौन सी बात हो गई, लो, जिस घर में मर्द अकेला रहता हो, वहां पराई औरत चली जाए, तो कुछ नहीं होगा भला",1,10.059,0,not_selected_by_random,,,,
10595,"हुआ क्या, वही हुआ जो अकेले में एक मर्द पराई औरत के साथ कर सकता है",1,5.689,1,,hindi_female_010595.wav,h a u aa <wb> k a y a aa <wb> w a h a ii <wb> h a u aa <wb> j a o <wb> a k a ee l a ee <wb> m a ee q <wb> ee k a <wb> m a r a d a <wb> p a r a aa ii <wb> ou r a t a <wb> k a ee <wb> s a aa th a <wb> k a r a <wb> s a k a t a aa <wb> h a ei,C15 C0 C36 C1 <wb> C19 C0 C38 C0 C1 <wb> C37 C0 C15 C0 C16 <wb> C15 C0 C36 C1 <wb> C17 C0 C26 <wb> C0 C19 C0 C11 C21 C0 C11 <wb> C22 C0 C11 C23 <wb> C11 C19 C0 <wb> C22 C0 C29 C0 C7 C0 <wb> C28 C0 C29 C0 C1 C16 <wb> C27 C29 C0 C32 C0 <wb> C19 C0 C11 <wb> C30 C0 C1 C33 C0 <wb> C19 C0 C29 C0 <wb> C30 C0 C19 C0 C32 C0 C1 <wb> C15 C0 C2,train
10597,"सारी उम्र अकेले गुज़ारना मुश्किल है, और फिर मेरे पास ढेर ज़मीन जायदाद है, तू कहेगी तो मैं यह नौकरी छोड़ छाड़ कर तुझे अपने गांव ले जाऊंगा",1,12.416,0,not_selected_by_random,,,,
10598,"लाजवन्ती ने क्या कहा, बस यही तो गलती कर आई लाजवन्ती, कुछ नही कहा, चुपचाप चली आयी",1,6.455,1,,hindi_female_010598.wav,l a aa j a w a n a t a ii <wb> n a ee <wb> k a y a aa <wb> k a h a aa <wb> b a s a <wb> y a h a ii <wb> t a o <wb> g a l a t a ii <wb> k a r a <wb> aa ii <wb> l a aa j a w a n a t a ii <wb> k a u ch a <wb> n a h a ii <wb> k a h a aa <wb> c a u p a c a aa p a <wb> c a l a ii <wb> aa y a ii,C21 C0 C1 C17 C0 C37 C0 C24 C0 C32 C0 C16 <wb> C24 C0 C11 <wb> C19 C0 C38 C0 C1 <wb> C19 C0 C15 C0 C1 <wb> C3 C0 C30 C0 <wb> C38 C0 C15 C0 C16 <wb> C32 C0 C26 <wb> C13 C0 C21 C0 C32 C0 C16 <wb> C19 C0 C29 C0 <wb> C1 C16 <wb> C21 C0 C1 C17 C0 C37 C0 C24 C0 C32 C0 C16 <wb> C19 C0 C36 C6 C0 <wb> C24 C0 C15 C0 C16 <wb> C19 C0 C15 C0 C1 <wb> C5 C0 C36 C28 C0 C5 C0 C1 C28 C0 <wb> C5 C0 C21 C0 C16 <wb> C1 C38 C0 C16,train
10599,"वहां, एक दिन में रानी बन जाएगी, भला उसे और क्या चाहिए, लेकिन उसे तो दुनियाँ भर की चिन्ता खा गई",1,8.255,0,not_selected_by_random,,,,
10600,"मैंने झिड़क दिया, दूसरों के लिए इतना दिमाग खराब करने की क्या ज़रूरत",1,5.277,0,not_selected_by_random,,,,
10601,"पत्नी, कुछ दिन के लिए तन्दूर पर नही गई थी, तबीयत खराब हो आई थी",1,4.876,1,,hindi_female_010601.wav,p a t a n a ii <wb> k a u ch a <wb> d a i n a <wb> k a ee <wb> l a i ee <wb> t a n a d a uu r a <wb> p a r a <wb> n a h a ii <wb> g a ii <wb> th a ii <wb> t a b a ii y a t a <wb> kh a r a aa b a <wb> h a o <wb> aa ii <wb> th a ii,C28 C0 C32 C0 C24 C0 C16 <wb> C19 C0 C36 C6 C0 <wb> C7 C0 C16 C24 C0 <wb> C19 C0 C11 <wb> C21 C0 C16 C11 <wb> C32 C0 C24 C0 C7 C0 C36 C29 C0 <wb> C28 C0 C29 C0 <wb> C24 C0 C15 C0 C16 <wb> C13 C0 C16 <wb> C33 C0 C16 <wb> C32 C0 C3 C0 C16 C38 C0 C32 C0 <wb> C20 C0 C29 C0 C1 C3 C0 <wb> C15 C0 C26 <wb> C1 C16 <wb> C33 C0 C16,val
10609,"मैं जड़ सा बना, पत्नी के चेहरे की ओर देख रहा था, वह ही बोली, चार घंटे बाद, धक्के मारकर, बाहर निकाल दिया",1,8.615,1,,hindi_female_010609.wav,m a ei q <wb> j a dxq a <wb> s a aa <wb> b a n a aa <wb> p a t a n a ii <wb> k a ee <wb> c a ee h a r a ee <wb> k a ii <wb> o r a <wb> d a ee kh a <wb> r a h a aa <wb> th a aa <wb> w a h a <wb> h a ii <wb> b a o l a ii <wb> c a aa r a <wb> gh a q tx a ee <wb> b a aa d a <wb> dh a k a k a ee <wb> m a aa r a k a r a <wb> b a aa h a r a <wb> n a i k a aa l a <wb> d a i y a aa,C22 C0 C2 C23 <wb> C17 C0 C9 C0 <wb> C30 C0 C1 <wb> C3 C0 C24 C0 C1 <wb> C28 C0 C32 C0 C24 C0 C16 <wb> C19 C0 C11 <wb> C5 C0 C11 C15 C0 C29 C0 C11 <wb> C19 C0 C16 <wb> C26 C29 C0 <wb> C7 C0 C11 C20 C0 <wb> C29 C0 C15 C0 C1 <wb> C33 C0 C1 <wb> C37 C0 C15 C0 <wb> C15 C0 C16 <wb> C3 C0 C26 C21 C0 C16 <wb> C5 C0 C1 C29 C0 <wb> C14 C0 C23 C34 C0 C11 <wb> C3 C0 C1 C7 C0 <wb> C8 C0 C19 C0 C19 C0 C11 <wb> C22 C0 C1 C29 C0 C19 C0 C29 C0 <wb> C3 C0 C1 C15 C0 C29 C0 <wb> C24 C0 C16 C19 C0 C1 C21 C0 <wb> C7 C0 C16 C38 C0 C1,train
10610,"यह अनुभव भी हो जाता, कि आदमी की कल्पना शक्ति, कितनी तेज़ होती है",1,5.748,0,not_selected_by_random,,,,
10611,"मेरे घर के बाहर, इतनी भीड़ और ये पुलिस की जीप क्यों है",1,3.855,1,,hindi_female_010611.wav,m a ee r a ee <wb> gh a r a <wb> k a ee <wb> b a aa h a r a <wb> i t a n a ii <wb> bh a ii dxq a <wb> ou r a <wb> y a ee <wb> p a u l a i s a <wb> k a ii <wb> j a ii p a <wb> k a y a o q <wb> h a ei,C22 C0 C11 C29 C0 C11 <wb> C14 C0 C29 C0 <wb> C19 C0 C11 <wb> C3 C0 C1 C15 C0 C29 C0 <wb> C16 C32 C0 C24 C0 C16 <wb> C4 C0 C16 C9 C0 <wb> C27 C29 C0 <wb> C38 C0 C11 <wb> C28 C0 C36 C21 C0 C16 C30 C0 <wb> C19 C0 C16 <wb> C17 C0 C16 C28 C0 <wb> C19 C0 C38 C0 C26 C23 <wb> C15 C0 C2,train
10612,"आप इन्हें पहचान सकते हैं, मेरे करीब पहुंचते ही, एक पुलिस वाले ने, ज़मीन पे पड़ा सफेद कपड़ा, एक और सरका दिया है",1,8.661,1,,hindi_female_010612.wav,aa p a <wb> i n a h a ee q <wb> p a h a c a aa n a <wb> s a k a t a ee <wb> h a ei q <wb> m a ee r a ee <wb> k a r a ii b a <wb> p a h a u q c a t a ee <wb> h a ii <wb> ee k a <wb> p a u l a i s a <wb> w a aa l a ee <wb> n a ee <wb> z a m a ii n a <wb> p a ee <wb> p a dxq a aa <wb> s a ph a ee d a <wb> k a p a dxq a aa <wb> ee k a <wb> ou r a <wb> s a r a k a aa <wb> d a i y a aa <wb> h a ei,C1 C28 C0 <wb> C16 C24 C0 C15 C0 C11 C23 <wb> C28 C0 C15 C0 C5 C0 C1 C24 C0 <wb> C30 C0 C19 C0 C32 C0 C11 <wb> C15 C0 C2 C23 <wb> C22 C0 C11 C29 C0 C11 <wb> C19 C0 C29 C0 C16 C3 C0 <wb> C28 C0 C15 C0 C36 C23 C5 C0 C32 C0 C11 <wb> C15 C0 C16 <wb> C11 C19 C0 <wb> C28 C0 C36 C21 C0 C16 C30 C0 <wb> C37 C0 C1 C21 C0 C11 <wb> C24 C0 C11 <wb> C17 C0 C22 C0 C16 C24 C0 <wb> C28 C0 C11 <wb> C28 C0 C9 C0 C1 <wb> C30 C0 C12 C0 C11 C7 C0 <wb> C19 C0 C28 C0 C9 C0 C1 <wb> C11 C19 C0 <wb> C27 C29 C0 <wb> C30 C0 C29 C0 C19 C0 C1 <wb> C7 C0 C16 C38 C0 C1 <wb> C15 C0 C2,train
10656,"सब दान दहेज समेटकर, तुम यहां आई, और चालीस दिन मेरी इन दोनों की, और मेरे ससुराल वालों की सेवा, टहल करके लौट गईं",1,10.888,0,not_selected_by_random,,,,
10683,"चाय का प्याला उठा कर, पहला घूंट लेते हुए, उसी ने बात शुरू की थी",1,5.317,1,,hindi_female_010683.wav,c a aa y a <wb> k a aa <wb> p a y a aa l a aa <wb> u txh a aa <wb> k a r a <wb> p a h a l a aa <wb> gh a uu q tx a <wb> l a ee t a ee <wb> h a u ee <wb> u s a ii <wb> n a ee <wb> b a aa t a <wb> sh a u r a uu <wb> k a ii <wb> th a ii,C5 C0 C1 C38 C0 <wb> C19 C0 C1 <wb> C28 C0 C38 C0 C1 C21 C0 C1 <wb> C36 C35 C0 C1 <wb> C19 C0 C29 C0 <wb> C28 C0 C15 C0 C21 C0 C1 <wb> C14 C0 C36 C23 C34 C0 <wb> C21 C0 C11 C32 C0 C11 <wb> C15 C0 C36 C11 <wb> C36 C30 C0 C16 <wb> C24 C0 C11 <wb> C3 C0 C1 C32 C0 <wb> C31 C0 C36 C29 C0 C36 <wb> C19 C0 C16 <wb> C33 C0 C16,train
10687,"इतना कहते हुए, रोहित अपनी जगह से, उठ गए थे",1,4.102,0,not_selected_by_random,,,,
10699,"अच्छा गोपाल, ये बर्तन रसोई में रखकर, तुम अभी घर चले जाओ, मैं थोडी देर आराम करूंगी",1,6.85,1,,hindi_female_010699.wav,a c a ch a aa <wb> g a o p a aa l a <wb> y a ee <wb> b a r a t a n a <wb> r a s a o ii <wb> m a ee q <wb> r a kh a k a r a <wb> t a u m a <wb> a bh a ii <wb> gh a r a <wb> c a l a ee <wb> j a aa o <wb> m a ei q <wb> th a o dx a ii <wb> d a ee r a <wb> aa r a aa m a <wb> k a r a uu q g a ii,C0 C5 C0 C6 C0 C1 <wb> C13 C0 C26 C28 C0 C1 C21 C0 <wb> C38 C0 C11 <wb> C3 C0 C29 C0 C32 C0 C24 C0 <wb> C29 C0 C30 C0 C26 C16 <wb> C22 C0 C11 C23 <wb> C29 C0 C20 C0 C19 C0 C29 C0 <wb> C32 C0 C36 C22 C0 <wb> C0 C4 C0 C16 <wb> C14 C0 C29 C0 <wb> C5 C0 C21 C0 C11 <wb> C17 C0 C1 C26 <wb> C22 C0 C2 C23 <wb> C33 C0 C26 C9 C0 C16 <wb> C7 C0 C11 C29 C0 <wb> C1 C29 C0 C1 C22 C0 <wb> C19 C0 C29 C0 C36 C23 C13 C0 C16,train
10713,"इस आखिरी मुलाकात के बाद, अगले सात सालों तक, उनके बीच, कोई सम्पर्क नहीं रहा",1,6.933,0,not_selected_by_random,,,,
10720,"जो कुछ वह अपने पत्रों में, बयान कर चुकी थी, क्या उसे फिर से दोहराने, या उसे और खोलकर समझाने की आवश्यकता",1,9.427,1,,hindi_female_010720.wav,j a o <wb> k a u ch a <wb> w a h a <wb> a p a n a ee <wb> p a t a r a o q <wb> m a ee q <wb> b a y a aa n a <wb> k a r a <wb> c a u k a ii <wb> th a ii <wb> k a y a aa <wb> u s a ee <wb> ph a i r a <wb> s a ee <wb> d a o h a r a aa n a ee <wb> y a aa <wb> u s a ee <wb> ou r a <wb> kh a o l a k a r a <wb> s a m a jh a aa n a ee <wb> k a ii <wb> aa w a sh a y a k a t a aa,C17 C0 C26 <wb> C19 C0 C36 C6 C0 <wb> C37 C0 C15 C0 <wb> C0 C28 C0 C24 C0 C11 <wb> C28 C0 C32 C0 C29 C0 C26 C23 <wb> C22 C0 C11 C23 <wb> C3 C0 C38 C0 C1 C24 C0 <wb> C19 C0 C29 C0 <wb> C5 C0 C36 C19 C0 C16 <wb> C33 C0 C16 <wb> C19 C0 C38 C0 C1 <wb> C36 C30 C0 C11 <wb> C12 C0 C16 C29 C0 <wb> C30 C0 C11 <wb> C7 C0 C26 C15 C0 C29 C0 C1 C24 C0 C11 <wb> C38 C0 C1 <wb> C36 C30 C0 C11 <wb> C27 C29 C0 <wb> C20 C0 C26 C21 C0 C19 C0 C29 C0 <wb> C30 C0 C22 C0 C18 C0 C1 C24 C0 C11 <wb> C19 C0 C16 <wb> C1 C37 C0 C31 C0 C38 C0 C19 C0 C32 C0 C1,train
10740,"भई, लोग तो इस पर विश्वास भी करते हैं, ये विश्वास तो, व्यक्तिगत है",1,6.662,0,not_selected_by_random,,,,
10745,"अजीब बात है, वो तो काफी मस्त आदमी था",1,3.32,1,,hindi_female_010745.wav,a j a ii b a <wb> b a aa t a <wb> h a ei <wb> w a o <wb> t a o <wb> k a aa ph a ii <wb> m a s a t a <wb> aa d a m a ii <wb> th a aa,C0 C17 C0 C16 C3 C0 <wb> C3 C0 C1 C32 C0 <wb> C15 C0 C2 <wb> C37 C0 C26 <wb> C32 C0 C26 <wb> C19 C0 C1 C12 C0 C16 <wb> C22 C0 C30 C0 C32 C0 <wb> C1 C7 C0 C22 C0 C16 <wb> C33 C0 C1,train
10749,पत्रिकाओं को सिर्फ़ एक अंक की योजना ठीक ठीक मालूम होनी चाहिए,1,6.182,0,not_selected_by_random,,,,
10838,"इसके बाद, उसने एक श्लोक लिखकर, अपने पिता के द्वारा, कंठस्थ करवाया",1,5.689,1,,hindi_female_010838.wav,i s a k a ee <wb> b a aa d a <wb> u s a n a ee <wb> ee k a <wb> sh a l a o k a <wb> l a i kh a k a r a <wb> a p a n a ee <wb> p a i t a aa <wb> k a ee <wb> d a w a aa r a aa <wb> k a q txh a s a th a <wb> k a r a w a aa y a aa,C16 C30 C0 C19 C0 C11 <wb> C3 C0 C1 C7 C0 <wb> C36 C30 C0 C24 C0 C11 <wb> C11 C19 C0 <wb> C31 C0 C21 C0 C26 C19 C0 <wb> C21 C0 C16 C20 C0 C19 C0 C29 C0 <wb> C0 C28 C0 C24 C0 C11 <wb> C28 C0 C16 C32 C0 C1 <wb> C19 C0 C11 <wb> C7 C0 C37 C0 C1 C29 C0 C1 <wb> C19 C0 C23 C35 C0 C30 C0 C33 C0 <wb> C19 C0 C29 C0 C37 C0 C1 C38 C0 C1,train
